bare_soil,dry_vegetation,pc_missing,green_vegetation,water,wetness,date,ard_product,nwi_id,norm_pv,norm_npv,norm_bs
,,1.0,,,,1986-08-25T01:27:32Z,ls5,q9fd4n00vn0u,,,
0.1748177966101695,0.2252514124293785,0.9511441110712413,0.38689406779661023,0.006779661016949152,0.1980225988700565,1987-05-24T01:30:18Z,ls5,q9fd4n00vn0u,0.3909423697785085,0.22760835148651237,0.17664701884797357
0.14536875647867317,0.26367163204975624,0.6405227856137349,0.37944676930164706,0.04459246746266365,0.15690866510538642,1987-09-29T01:33:25Z,ls5,q9fd4n00vn0u,0.3842647436033108,0.2670195671227877,0.14721455670585148
0.051012172568936504,0.40157801761020184,0.0,0.5215840900935714,0.0015526235888376715,0.012131165640785006,1987-12-02T01:34:36Z,ls5,q9fd4n00vn0u,0.5280850190329317,0.40658321275644327,0.05164797898100238
0.18190671277155535,0.33003589415921214,0.6328079715145325,0.4531487258513118,0.002630985491994287,0.023453356385777644,1987-12-18T01:34:50Z,ls5,q9fd4n00vn0u,0.4572920972075322,0.3330535817138111,0.18356997920088478
0.0320231030390019,0.3670613320820338,0.0,0.5791675177344118,0.0014629164481492728,0.008687791548207237,1988-01-03T01:35:06Z,ls5,q9fd4n00vn0u,0.5860336447144592,0.3714129050524923,0.03240274223669212
0.032554100306384386,0.362251580225786,0.0,0.5853843605951033,0.0014077120538794887,0.006169091059648348,1988-02-20T01:35:56Z,ls5,q9fd4n00vn0u,0.592690186773385,0.36677262187993437,0.03296038823315272
,,1.0,,,,1988-02-29T01:29:51Z,ls5,q9fd4n00vn0u,,,
,,1.0,,,,1988-03-16T01:30:00Z,ls5,q9fd4n00vn0u,,,
0.052378343316127986,0.34004609566921523,0.0,0.5866480581854315,0.0015595241381213944,0.007756217394904634,1988-04-08T01:36:20Z,ls5,q9fd4n00vn0u,0.5936056810746585,0.3440790289852113,0.05299954840710417
0.07160628491177681,0.32021794452129293,0.34649728118358225,0.5514925609537185,0.0010348141030379185,0.044085192654931736,1988-05-10T01:36:36Z,ls5,q9fd4n00vn0u,0.5582527717550656,0.32414318478853144,0.07248403669843338
,,1.0,,,,1988-05-19T01:30:30Z,ls5,q9fd4n00vn0u,,,
,,1.0,,,,1988-06-20T01:30:41Z,ls5,q9fd4n00vn0u,,,
0.12638821796759941,0.11963298969072164,0.8828631759088024,0.24582916053019144,0.03646539027982327,0.4668041237113402,1988-06-27T01:36:54Z,ls5,q9fd4n00vn0u,0.2482682666987546,0.12081998297698987,0.12764223633309196
,,1.0,,,,1988-07-06T01:30:44Z,ls5,q9fd4n00vn0u,,,
,,1.0,,,,1988-07-22T01:30:47Z,ls5,q9fd4n00vn0u,,,
0.06500031408514848,0.2984784144981704,0.12118744652074309,0.5225748700472698,0.0021122226235532455,0.09961995697033466,1988-07-29T01:36:59Z,ls5,q9fd4n00vn0u,0.5297785486587415,0.30259293031924683,0.0658963414281238
,,1.0,,,,1988-08-07T01:30:47Z,ls5,q9fd4n00vn0u,,,
,,1.0,,,,1988-08-23T01:30:51Z,ls5,q9fd4n00vn0u,,,
,,1.0,,,,1988-09-08T01:30:52Z,ls5,q9fd4n00vn0u,,,
0.06939511476964673,0.33221229730399265,0.025069695547765614,0.5022568886561016,0.0012174146924966202,0.08224627166750423,1988-09-15T01:37:00Z,ls5,q9fd4n00vn0u,0.5092984387783684,0.3368698532191714,0.0703680216424592
0.13760270488960813,0.3072155820136401,0.40303348146512463,0.4419909837013062,0.007201479597734366,0.09534157900820714,1988-10-17T01:36:49Z,ls5,q9fd4n00vn0u,0.4472978457768146,0.31090423355024066,0.13925486206700324
,,1.0,,,,1988-11-27T01:30:40Z,ls5,q9fd4n00vn0u,,,
,,1.0,,,,1988-12-04T01:36:47Z,ls5,q9fd4n00vn0u,,,
0.0,0.7980438506337786,0.9194291865632505,0.17952038369304557,0.0,0.0,1988-12-20T01:36:35Z,ls5,q9fd4n00vn0u,0.1836404988943442,0.8163595011056558,0.0
0.10136993997457053,0.19564032052987965,0.7666303237737724,0.31583370294804697,0.0036370087820455956,0.3758833791655578,1989-01-05T01:36:34Z,ls5,q9fd4n00vn0u,0.31976879134824987,0.19807787532135088,0.1026329453827958
0.11329666149304604,0.2559647280805868,0.5465097021722929,0.42057579354210417,0.0029367905292309567,0.19906266167564443,1989-01-21T01:36:14Z,ls5,q9fd4n00vn0u,0.424922655973249,0.25861025232919127,0.1144676394926844
0.044951140301804006,0.3314937626690109,0.05021529713765216,0.5749104541590683,0.0016201803267969109,0.03429987140272742,1989-02-22T01:36:10Z,ls5,q9fd4n00vn0u,0.5826000103451988,0.33592756604648416,0.04555237187879272
0.05163802705463931,0.33570451909264787,0.10167959369565815,0.5714301626197372,0.0007912060899824091,0.028667777939945155,1989-03-26T01:35:12Z,ls5,q9fd4n00vn0u,0.5784440936977764,0.33982507224774794,0.0522718500245482
0.13281941031941033,0.1116953316953317,0.988765905766099,0.18310196560196554,0.007985257985257985,0.5608108108108109,1989-04-11T01:35:24Z,ls5,q9fd4n00vn0u,0.18463798530880807,0.11263232999615444,0.1339336158989687
,,1.0,,,,1989-05-06T01:28:49Z,ls5,q9fd4n00vn0u,,,
0.044998412873664746,0.26230126418062877,0.0,0.5421584918159486,0.0011178889839631235,0.13986033288249744,1989-05-13T01:34:50Z,ls5,q9fd4n00vn0u,0.5482623732835931,0.2652543781676645,0.04550502668228184
0.08503797920824521,0.24604410552758826,0.30502497998840705,0.4653485647334505,0.0011815753676288065,0.19223933355177583,1989-05-29T01:34:36Z,ls5,q9fd4n00vn0u,0.4712782244486461,0.24917929908200256,0.08612156754994688
0.14369462025316454,0.1161392405063291,0.9912777057053741,0.20699367088607593,0.0,0.5300632911392406,1989-06-14T01:34:11Z,ls5,q9fd4n00vn0u,0.20837229567056298,0.11691275418299436,0.1446516590072021
0.05593877795458824,0.1449653508546789,0.5967111982113776,0.2826307684410451,0.054822647708023205,0.4554523210649693,1989-06-30T01:33:57Z,ls5,q9fd4n00vn0u,0.2862489609076804,0.14682117335864298,0.05665489696068399
0.156483258030575,0.08442965897134369,0.8885078252228877,0.1879878690350931,0.024633285882280125,0.5426131088692208,1989-07-16T01:33:37Z,ls5,q9fd4n00vn0u,0.18967656557500215,0.08518809127712185,0.15788894839637513
0.044191463599212964,0.14783797487513242,0.08816141764884489,0.2979180414711669,0.005872559406689875,0.4974118359315877,1989-08-01T01:33:18Z,ls5,q9fd4n00vn0u,0.3020334753542234,0.14988020571150312,0.04480192359599588
0.06509939942553747,0.22904369396814345,0.20719589279306638,0.3758122552006266,0.043276177212986336,0.2777961528418487,1989-09-02T01:32:36Z,ls5,q9fd4n00vn0u,0.3808452896085545,0.23211114261226806,0.06597123772434242
0.28128713796325133,0.25062690750545,0.7784233624996549,0.25771722204920583,0.009685456244160697,0.1915291186546247,1989-11-05T01:30:54Z,ls5,q9fd4n00vn0u,0.2607049254996865,0.25353241327795273,0.2845480863235754
0.0,0.7602153110047848,0.985577851997019,0.21873684210526312,0.0,0.0,1989-11-21T01:30:12Z,ls5,q9fd4n00vn0u,0.22343976813407554,0.7765602318659245,0.0
0.14848555886153939,0.3864863402758994,0.7703980236826852,0.44934421302557637,9.01631953836444e-05,0.002855167853815406,1990-01-08T01:28:56Z,ls5,q9fd4n00vn0u,0.45515941477241234,0.3914880649581147,0.15040718922027374
0.10397155392630866,0.37688096234611546,0.04373568136023631,0.4465293913896867,0.00155147281675302,0.058934318578706575,1990-01-24T01:28:28Z,ls5,q9fd4n00vn0u,0.4523710289191881,0.3818114372851645,0.10533174240018778
0.053034171520053006,0.367776436004306,0.0,0.531816155565983,0.0018286455601865907,0.032943222280493525,1990-02-25T01:27:27Z,ls5,q9fd4n00vn0u,0.538851032091383,0.3726413912885027,0.053735708779434295
0.022666303237737728,0.35692711639846536,0.0,0.5820155124347899,0.0003243258163349803,0.028388859753236358,1990-03-29T01:26:22Z,ls5,q9fd4n00vn0u,0.5878730679054733,0.360519323717045,0.02289442280791028
,,1.0,,,,1990-04-23T01:20:19Z,ls5,q9fd4n00vn0u,,,
0.12866767635399845,0.1801456577005401,0.10697921554555745,0.283586115768895,0.024974307063432576,0.3772032176056501,1990-04-30T01:26:21Z,ls5,q9fd4n00vn0u,0.28618215926596663,0.18179477215711776,0.1298455439078329
,,1.0,,,,1990-05-09T01:20:18Z,ls5,q9fd4n00vn0u,,,
,,1.0,,,,1990-05-25T01:20:14Z,ls5,q9fd4n00vn0u,,,
0.08919096545615592,0.1602209034543844,0.6104639929338376,0.3548028343666962,0.025403011514614705,0.3624092116917626,1990-06-01T01:26:26Z,ls5,q9fd4n00vn0u,0.3594847281817329,0.16233514038899519,0.09036790822289477
0.035223439785806956,0.14851651991498524,0.0,0.33734501366308756,0.0008487675618979271,0.4718595600209777,1990-06-17T01:26:25Z,ls5,q9fd4n00vn0u,0.34136316633289665,0.1502855161260961,0.035642989958131574
0.08619727265501698,0.05182352874385439,0.392261724033233,0.09867618171702379,0.37106425497609885,0.3905598891803204,1990-07-03T01:26:24Z,ls5,q9fd4n00vn0u,0.09937608396409105,0.05219110887907684,0.08680866300041284
,,1.0,,,,1990-07-28T01:20:08Z,ls5,q9fd4n00vn0u,,,
0.015051550765836478,0.02474457974457974,0.674721907863866,0.055942763799906654,0.16632016632016633,0.7366880224023081,1990-08-04T01:26:15Z,ls5,q9fd4n00vn0u,0.056674876265399764,0.025068407422261005,0.015248527589864782
,,1.0,,,,1990-08-13T01:20:03Z,ls5,q9fd4n00vn0u,,,
0.0,0.0,0.9302630489386955,0.0,0.7588561250742133,0.24114387492578665,1990-08-20T01:26:12Z,ls5,q9fd4n00vn0u,0.0,0.0,0.0
,,1.0,,,,1990-08-29T01:19:57Z,ls5,q9fd4n00vn0u,,,
,,1.0,,,,1990-09-14T01:19:56Z,ls5,q9fd4n00vn0u,,,
0.1464189252467737,0.22438929367472701,0.6315865742913136,0.30298282417726496,0.03603738597838506,0.28515237221150425,1990-09-21T01:26:02Z,ls5,q9fd4n00vn0u,0.3052398013458488,0.22606081256057056,0.14750962790369132
,,1.0,,,,1990-10-16T01:19:39Z,ls5,q9fd4n00vn0u,,,
0.15527702141311772,0.3004859288752149,0.16116232852135026,0.4508439384342018,0.002607744260083415,0.07893979154498565,1990-10-23T01:25:48Z,ls5,q9fd4n00vn0u,0.45673459067325545,0.3044120282609145,0.15730584526076108
0.10543661971830988,0.31304430665626415,0.1597546164674708,0.48454079579517917,0.001798546380322753,0.08287274668418676,1990-11-08T01:25:45Z,ls5,q9fd4n00vn0u,0.49114444224778186,0.31731068410703295,0.10687358058067566
0.38,0.23,0.9999930994507162,0.38,0.0,0.0,1990-11-17T01:19:33Z,ls5,q9fd4n00vn0u,0.38383838383838387,0.23232323232323235,0.38383838383838387
0.0,0.0,0.9999723978028651,0.0,0.0,1.0,1990-12-03T01:19:15Z,ls5,q9fd4n00vn0u,0.0,0.0,0.0
,,1.0,,,,1990-12-19T01:19:35Z,ls5,q9fd4n00vn0u,,,
0.10103478254462939,0.295110035438263,0.063395346269563,0.5094413868812118,0.0038090607018396953,0.07866410273412462,1990-12-26T01:25:54Z,ls5,q9fd4n00vn0u,0.5161586402368586,0.29900121689089,0.10236697943628713
,,1.0,,,,1991-01-04T01:20:00Z,ls5,q9fd4n00vn0u,,,
0.028434004474272932,0.33891871737509327,0.9907463634105275,0.6157419835943326,0.0,0.002982848620432513,1991-01-20T01:20:28Z,ls5,q9fd4n00vn0u,0.6244620330764092,0.3437184355438317,0.028836682759326503
0.09169776960699295,0.27554008116826806,0.2042562587982003,0.4844233237365153,0.00992923792014985,0.12678205973152035,1991-01-27T01:26:48Z,ls5,q9fd4n00vn0u,0.49103704037641144,0.2793019644849601,0.09294969748695812
0.14638413296451736,0.23444641835177416,0.42123713047558586,0.46726416444105306,0.004888401373521556,0.13606447920640977,1991-02-12T01:27:00Z,ls5,q9fd4n00vn0u,0.473298473641428,0.23747408939294498,0.1482745563856957
0.42437500000000006,0.24375000000000002,0.9998895912114605,0.33187500000000003,0.0,0.0,1991-02-28T01:27:18Z,ls5,q9fd4n00vn0u,0.33187500000000003,0.24375000000000002,0.42437500000000006
0.12963198846396495,0.3155368462162406,0.08120566397085205,0.48478167152341756,0.0011566076846817076,0.05688406885570944,1991-03-16T01:27:37Z,ls5,q9fd4n00vn0u,0.4910418482355547,0.31961149782238885,0.1313059774016654
,,1.0,,,,1991-03-25T01:21:40Z,ls5,q9fd4n00vn0u,,,
,,1.0,,,,1991-04-10T01:21:54Z,ls5,q9fd4n00vn0u,,,
0.1385440402825793,0.29888290996542916,0.08181291230781973,0.5214421313693072,0.0019615211182924994,0.02723583345859011,1991-04-17T01:28:12Z,ls5,q9fd4n00vn0u,0.5279317169290305,0.30260264433262785,0.1402682841614591
,,1.0,,,,1991-04-26T01:22:07Z,ls5,q9fd4n00vn0u,,,
0.9854054054054054,0.0,0.9997446796765023,0.0,0.0,0.0,1991-05-03T01:28:30Z,ls5,q9fd4n00vn0u,0.0,0.0,1.0
,,1.0,,,,1991-05-12T01:22:27Z,ls5,q9fd4n00vn0u,,,
0.05009930121368151,0.011944342282701975,0.9437122194926716,0.023094274855951943,0.2629643251195292,0.6512198112050999,1991-06-04T01:29:01Z,ls5,q9fd4n00vn0u,0.02327817241805458,0.012039453969057532,0.050498237288258765
,,1.0,,,,1991-06-13T01:22:51Z,ls5,q9fd4n00vn0u,,,
0.0,0.8350000000000001,0.9999723978028651,0.16,0.0,0.0,1991-06-29T01:23:11Z,ls5,q9fd4n00vn0u,0.1608040201005025,0.8391959798994975,0.0
,,1.0,,,,1991-07-31T01:23:33Z,ls5,q9fd4n00vn0u,,,
,,1.0,,,,1991-08-07T01:29:46Z,ls5,q9fd4n00vn0u,,,
,,1.0,,,,1991-09-01T01:23:48Z,ls5,q9fd4n00vn0u,,,
0.24562499999999998,0.546875,0.9997791824229209,0.21031249999999999,0.0,0.0,1991-10-26T01:30:23Z,ls5,q9fd4n00vn0u,0.20972265503272045,0.5453412277968214,0.24493611717045805
,,1.0,,,,1991-11-04T01:24:14Z,ls5,q9fd4n00vn0u,,,
0.057303756760707494,0.19680236807484286,0.9055866847001022,0.17394094430638793,0.21853530185645373,0.3511182575646835,1991-11-11T01:30:28Z,ls5,q9fd4n00vn0u,0.17487531547227753,0.19785954560622396,0.05761157950036127
,,1.0,,,,1991-11-20T01:24:16Z,ls5,q9fd4n00vn0u,,,
0.11048434955422451,0.33543459659388886,0.0,0.49706257418090477,0.003664191669656905,0.039850672113500234,1991-11-27T01:30:35Z,ls5,q9fd4n00vn0u,0.5041805737697094,0.340238062886962,0.11206649956017144
0.18720342832026957,0.22819998534905866,0.5290030086394877,0.401776866163651,0.009391253388030181,0.1638854296388543,1991-12-13T01:30:43Z,ls5,q9fd4n00vn0u,0.40646881927420686,0.23086490640663693,0.18938959129227168
,,1.0,,,,1991-12-22T01:24:24Z,ls5,q9fd4n00vn0u,,,
0.1861870152788743,0.48753169553708264,0.702820944547186,0.22096061858542704,0.01383922351739191,0.08231551572005759,1991-12-29T01:30:35Z,ls5,q9fd4n00vn0u,0.2232243457074452,0.4925264259514715,0.1880944891036339
,,1.0,,,,1992-01-07T01:24:20Z,ls5,q9fd4n00vn0u,,,
0.16720594112161982,0.1405987744771547,0.8963951530541832,0.279334621020381,0.02504329292660184,0.383175702677501,1992-01-14T01:30:31Z,ls5,q9fd4n00vn0u,0.28154291882714105,0.1417102871288156,0.16852779843994053
0.066307447072787,0.327672099699136,0.0,0.5536377625659002,0.0020632642358331724,0.03674542493582489,1992-01-30T01:30:36Z,ls5,q9fd4n00vn0u,0.5615682633495218,0.3323657893625567,0.06725725811626346
,,1.0,,,,1992-02-08T01:24:16Z,ls5,q9fd4n00vn0u,,,
0.10659701558090763,0.2419225236897873,0.3715462750834967,0.4442913926191077,0.05375907239247636,0.14292929847484984,1992-02-15T01:30:23Z,ls5,q9fd4n00vn0u,0.4501759852929072,0.24512676202116654,0.10800888181860013
,,1.0,,,,1992-02-24T01:24:16Z,ls5,q9fd4n00vn0u,,,
0.05104495017803419,0.3285742085069972,0.0,0.5756627977587015,0.0017113362223633,0.02934113555439013,1992-03-02T01:30:26Z,ls5,q9fd4n00vn0u,0.5838978128037392,0.33327455315494275,0.051775162264564585
,,1.0,,,,1992-03-11T01:24:15Z,ls5,q9fd4n00vn0u,,,
0.07716108497480213,0.1740907123811651,0.5056929531590715,0.2708010274594112,0.21773484287967837,0.25545488811022854,1992-03-18T01:30:27Z,ls5,q9fd4n00vn0u,0.2732688251893922,0.17567719330723694,0.077864250513464
,,1.0,,,,1992-03-27T01:24:08Z,ls5,q9fd4n00vn0u,,,
0.2011555787949481,0.14288432145442845,0.8284385437080791,0.2356688922854155,0.03519427238355723,0.3807819161772987,1992-04-19T01:30:12Z,ls5,q9fd4n00vn0u,0.2374230760039904,0.1439478701812219,0.20265286525393167
,,1.0,,,,1992-04-28T01:23:55Z,ls5,q9fd4n00vn0u,,,
0.21181200970907943,0.1245070531536919,0.019190427558033574,0.10392429732296761,0.06182854328631231,0.4942062124037007,1992-05-05T01:30:02Z,ls5,q9fd4n00vn0u,0.10480288909131774,0.1255596546609449,0.21360270055772437
,,1.0,,,,1992-05-14T01:23:47Z,ls5,q9fd4n00vn0u,,,
0.1698786000703968,0.2322634633833243,0.00015871263352562615,0.2504658610146798,0.008682268984699053,0.3297743852360017,1992-06-06T01:29:45Z,ls5,q9fd4n00vn0u,0.25389520642752644,0.23544358397739912,0.17220455537437362
0.2158216766581026,0.2173015510514797,0.6374106378867758,0.3928088305262157,0.008526025311637644,0.15638024550385385,1992-06-22T01:29:32Z,ls5,q9fd4n00vn0u,0.3971660717970244,0.21971197366133766,0.21821568372614647
0.126780386261131,0.17440653791295635,0.8209928510309421,0.07193284761574342,0.16599205890289503,0.45827069118384023,1992-07-08T01:29:21Z,ls5,q9fd4n00vn0u,0.07243746481704406,0.1756300198404382,0.12766976525578244
,,1.0,,,,1992-07-17T01:23:04Z,ls5,q9fd4n00vn0u,,,
,,1.0,,,,1992-08-18T01:22:35Z,ls5,q9fd4n00vn0u,,,
,,1.0,,,,1992-09-03T01:22:21Z,ls5,q9fd4n00vn0u,,,
0.16301652173913042,0.2230970186335404,0.4445057826602997,0.3167575155279503,0.08407453416149069,0.2051801242236025,1992-10-12T01:27:46Z,ls5,q9fd4n00vn0u,0.3203061595622652,0.22559638128616072,0.1648428007664809
0.03616649159663866,0.25056039915966394,0.8686135416379144,0.17857037815126048,0.27778361344537816,0.245640756302521,1992-10-28T01:27:38Z,ls5,q9fd4n00vn0u,0.18289875354651938,0.25663374389901533,0.03704313280656614
,,1.0,,,,1992-11-06T01:21:16Z,ls5,q9fd4n00vn0u,,,
,,1.0,,,,1992-12-08T01:21:18Z,ls5,q9fd4n00vn0u,,,
0.089916917386624,0.35433630516989156,0.0,0.5094324988269066,0.002649810924949626,0.030272709707692733,1992-12-15T01:27:33Z,ls5,q9fd4n00vn0u,0.5165860050401957,0.3593119338674396,0.09117954045972239
,,1.0,,,,1993-01-09T01:21:39Z,ls5,q9fd4n00vn0u,,,
0.0017924528301886792,0.49382749326145553,0.9948797924314775,0.08951482479784367,0.1078167115902965,0.26549865229110514,1993-01-16T01:27:54Z,ls5,q9fd4n00vn0u,0.09587118762465696,0.5288937152879675,0.00191973320597401
0.3933281004709576,0.11193877551020412,0.9912087002125369,0.25655416012558874,0.006279434850863423,0.22841444270015698,1993-02-01T01:28:05Z,ls5,q9fd4n00vn0u,0.2577278129352631,0.11245085942388824,0.3951274500898281
0.0701123069723912,0.17343004211511467,0.985253526180684,0.12509592887225085,0.015910154422087038,0.615348619560131,1993-03-05T01:28:21Z,ls5,q9fd4n00vn0u,0.12513086388501063,0.17347847519194493,0.07013188694082645
,,1.0,,,,1993-03-14T01:22:15Z,ls5,q9fd4n00vn0u,,,
0.4753495440729483,0.044072948328267476,0.9931891578569654,0.26974670719351573,0.0,0.2066869300911854,1993-03-21T01:28:25Z,ls5,q9fd4n00vn0u,0.271163127617469,0.04430437218810059,0.47784557010324497
0.10414469894998006,0.18754818129458156,0.6884954042341771,0.2684590846661645,0.07565017057285899,0.3592663151831997,1993-04-06T01:28:30Z,ls5,q9fd4n00vn0u,0.2708225847570586,0.18919934591837512,0.1050615835685077
,,1.0,,,,1993-04-15T01:22:24Z,ls5,q9fd4n00vn0u,,,
0.04902515940268845,0.2850307074443126,0.0,0.513650597587568,0.002111568080819233,0.13870104060283198,1993-05-08T01:28:43Z,ls5,q9fd4n00vn0u,0.5206072331696959,0.28889102566591873,0.04968913248073415
,,1.0,,,,1993-05-17T01:22:34Z,ls5,q9fd4n00vn0u,,,
0.188506389090061,0.11295653454773098,0.43783295150293966,0.2584054893392416,0.030294475063522654,0.40578393705426735,1993-05-24T01:28:47Z,ls5,q9fd4n00vn0u,0.2602762193544972,0.11377428489869305,0.18987108362901972
,,1.0,,,,1993-06-02T01:22:38Z,ls5,q9fd4n00vn0u,,,
,,1.0,,,,1993-06-18T01:22:35Z,ls5,q9fd4n00vn0u,,,
0.0,0.0,0.9998550884650418,0.0,0.047619047619047616,0.9523809523809523,1993-08-12T01:28:39Z,ls5,q9fd4n00vn0u,0.0,0.0,0.0
0.041249751794173554,0.2647535670723059,0.026939744403654542,0.46899696479732217,0.0026522565455422233,0.21204578333758828,1993-08-28T01:28:37Z,ls5,q9fd4n00vn0u,0.4752310979849544,0.26827279880068766,0.041798063331227486
0.014075067024128687,0.016005361930294906,0.9974260951171713,0.025924932975871312,0.06166219839142091,0.8820375335120644,1993-09-29T01:28:33Z,ls5,q9fd4n00vn0u,0.02606144530843929,0.01608964100221123,0.014149181785864148
0.07650001396141068,0.29246886605422606,0.011482514008115063,0.49942346354675676,0.0072738949543461875,0.11192862926870131,1993-10-15T01:28:28Z,ls5,q9fd4n00vn0u,0.5065578126025478,0.2966468335120704,0.07759282966233437
0.1151109530256787,0.1661071207288249,0.6992947638632034,0.3061401656837323,0.05899901324092985,0.34690318287169836,1993-12-02T01:28:08Z,ls5,q9fd4n00vn0u,0.30965293053243526,0.16801309492045796,0.11643177843447863
0.0,0.0,0.9998688895636093,0.0,0.0,1.0,1993-12-18T01:28:02Z,ls5,q9fd4n00vn0u,0.0,0.0,0.0
0.043232562311960036,0.3426145491181098,0.0,0.5730698473598498,0.0018217450109028678,0.026049573546054267,1994-01-19T01:27:34Z,ls5,q9fd4n00vn0u,0.5809654631530466,0.34733500833867204,0.04382820995132421
0.20546791701458028,0.14363414477487313,0.8925653482017168,0.2852366882908343,0.010919134176889974,0.3494765238615197,1994-03-24T01:26:44Z,ls5,q9fd4n00vn0u,0.28760441372132994,0.14482643956453986,0.20717348867572066
0.2835105067985167,0.1333930778739184,0.9776698225178724,0.2565142150803461,0.0203955500618047,0.30129789864029666,1994-04-09T01:26:26Z,ls5,q9fd4n00vn0u,0.25837640860386,0.13436145978452946,0.2855686829095091
0.22723525681674062,0.13249207355738743,0.9891178337795689,0.1258211794546608,0.11984781230183894,0.39315155358275206,1994-04-25T01:26:09Z,ls5,q9fd4n00vn0u,0.12619747139410414,0.13288831606231283,0.22791484665899203
,,1.0,,,,1994-06-05T01:19:13Z,ls5,q9fd4n00vn0u,,,
0.13546992423070972,0.04394680686562549,0.7768707389108173,0.0844904901809185,0.2060615432194217,0.5276016700170094,1994-06-12T01:25:15Z,ls5,q9fd4n00vn0u,0.08526832103326093,0.04435138709907924,0.13671707863122867
0.05284573562979872,0.09589724009130528,0.1686563250434735,0.23128765304004975,0.017779622328283878,0.5967628138617971,1994-06-28T01:24:52Z,ls5,q9fd4n00vn0u,0.23459050016771793,0.09726667732595104,0.05360038631625006
0.0701919624916276,0.09421272605492298,0.4848739959700792,0.19731319490957802,0.10028131279303416,0.5328734092431346,1994-07-14T01:24:26Z,ls5,q9fd4n00vn0u,0.20011013318149876,0.09554820277925331,0.07118694200307905
0.058911069764839195,0.27619252129877025,0.013456071103259859,0.5053997453940099,0.0033504469594169244,0.1444189527579984,1994-08-15T01:23:35Z,ls5,q9fd4n00vn0u,0.5124514201396279,0.2800461437928867,0.05973303635007005
0.05406033449037552,0.13352161565162513,0.45330398299704655,0.22747705900915113,0.17128431681918585,0.408204480908804,1994-08-31T01:23:12Z,ls5,q9fd4n00vn0u,0.23046518558618712,0.13527554851006496,0.05477046817575804
0.26103729238483236,0.12878721403948606,0.97798034723564,0.3480758382952053,0.0015669069257286117,0.25321215919774365,1994-09-16T01:22:47Z,ls5,q9fd4n00vn0u,0.3515290420047218,0.1300648910176918,0.2636270008541141
0.06604249062433114,0.16221824137578053,0.2584738745204118,0.27672284313086853,0.05243860449101518,0.4361291283187076,1994-10-02T01:22:20Z,ls5,q9fd4n00vn0u,0.2802566222258842,0.16428978495967192,0.0668858600047211
0.08733743986003789,0.228297492345823,0.8106765298517762,0.34493585070710014,0.0706006706516985,0.26159061087622104,1994-10-18T01:21:49Z,ls5,q9fd4n00vn0u,0.34871534493244044,0.2307989692210504,0.08829440431858966
0.09169145896955963,0.2291525465471382,0.719810096883712,0.3600189636489017,0.037804157225889076,0.2734705940301448,1994-11-03T01:21:15Z,ls5,q9fd4n00vn0u,0.3641762902680749,0.2317986904389939,0.09275026803689734
0.24212785230556874,0.20614803951171118,0.84002456595545,0.41996808005866365,0.0002156752792994867,0.12228788336280895,1994-12-05T01:20:13Z,ls5,q9fd4n00vn0u,0.4244434832517771,0.20834486264683116,0.24470809545928338
0.07056726038079596,0.3453048506973438,6.210494355352036e-05,0.4988719661576046,0.0033676771998592202,0.07019674687903275,1994-12-21T01:19:44Z,ls5,q9fd4n00vn0u,0.505248133089586,0.3497182503666562,0.07146919246486581
0.21817679558011052,0.1500138121546961,0.9950040023185845,0.24272099447513815,0.008287292817679558,0.3784530386740331,1995-01-22T01:18:35Z,ls5,q9fd4n00vn0u,0.24365390356536587,0.15059039700810553,0.2190153679348159
0.06659049962648855,0.34642842495349413,0.05778519970189622,0.5281592477040031,0.0017137584040075582,0.04403773197990362,1995-02-07T01:17:57Z,ls5,q9fd4n00vn0u,0.5354939051959091,0.3512393486541397,0.06751525576604006
0.030302175053134234,0.345539277926523,0.0,0.6054821413784538,0.0010350823925584477,0.0054790361312760496,1995-02-23T01:17:18Z,ls5,q9fd4n00vn0u,0.6129863404934419,0.3498218081060368,0.030677732876686646
0.19454564358494486,0.21500311915159073,0.9336305169891523,0.2630609274277396,0.015907673112913287,0.30546891245581204,1995-04-28T01:14:40Z,ls5,q9fd4n00vn0u,0.26541292429324,0.21692543679587964,0.19628505334215496
0.2064950495049505,0.2693366336633663,0.9930304452234398,0.5132178217821781,0.0,0.0,1995-05-30T01:13:11Z,ls5,q9fd4n00vn0u,0.5189000340360783,0.2723186577772439,0.20878130818667795
0.26220234330291253,0.2593177916327821,0.7708948632311132,0.23584982380048797,0.020451191229179842,0.2190295473027921,1995-06-15T01:12:27Z,ls5,q9fd4n00vn0u,0.23683053670813958,0.26039608926022967,0.2632926354996588
0.3528442378530082,0.10663246214114482,0.7639598112009716,0.1800996901128457,0.05484417938373385,0.3031631877448401,1995-07-01T01:11:44Z,ls5,q9fd4n00vn0u,0.18078008510528432,0.10703530677250857,0.3541772409936332
0.259186622625929,0.2631975410588127,0.8495818267134063,0.4166542802091936,0.004174694926140013,0.04683915955592256,1995-07-17T01:11:00Z,ls5,q9fd4n00vn0u,0.42106810638088615,0.265985723612625,0.2619323155244264
0.07189689199260263,0.2777760219713488,0.0,0.5128149410693091,0.0013111043639073671,0.12562449971017692,1995-08-02T01:10:18Z,ls5,q9fd4n00vn0u,0.519103502888391,0.28118234176847307,0.0727785512690515
0.17360598249610357,0.2652628581704831,0.5395401473957326,0.39304130200215803,0.007313271789953243,0.14951744395156455,1995-08-18T01:09:34Z,ls5,q9fd4n00vn0u,0.3983607559225788,0.2688529479235169,0.1759555804123865
0.11716454962969094,0.3243839629277173,0.16610312180849596,0.4765689933385743,0.001489511357524101,0.06817824485911705,1995-10-21T01:06:18Z,ls5,q9fd4n00vn0u,0.48290932047698415,0.32869960341663684,0.11872331988973793
0.07801029561953132,0.37768707389108164,0.0,0.507734066631704,0.0020080598415633884,0.021750531342294845,1995-11-22T01:05:55Z,ls5,q9fd4n00vn0u,0.514484998016261,0.3827088750429873,0.0790475357568934
0.0,0.7566666666666667,0.9999792983521488,0.24333333333333332,0.0,0.0,1995-12-17T01:01:15Z,ls5,q9fd4n00vn0u,0.24333333333333332,0.7566666666666667,0.0
0.09632661901667751,0.3428200129954516,0.9681401639570509,0.5343794671864847,0.0,0.01364522417153996,1996-01-02T01:02:25Z,ls5,q9fd4n00vn0u,0.5414212726273538,0.3473375365549932,0.09759596664611302
0.1349176877396076,0.3114771104262196,0.9082019928786331,0.4787882432534014,0.001202736224911674,0.061640231526723294,1996-02-03T01:04:41Z,ls5,q9fd4n00vn0u,0.4849848614112745,0.31550833873106215,0.13666383210602853
,,1.0,,,,1996-02-10T01:11:20Z,ls5,q9fd4n00vn0u,,,
0.17149203908257227,0.24288205839881472,0.6320420105440393,0.4228070438647489,0.013090036194512687,0.1401646569022748,1996-02-26T01:12:25Z,ls5,q9fd4n00vn0u,0.4276372966816225,0.24565680343623233,0.17345120678535766
0.04134098374230588,0.3346209528278451,0.0,0.5848447376411162,0.001324905462474813,0.02483507687211902,1996-03-13T01:13:28Z,ls5,q9fd4n00vn0u,0.5927781570662881,0.33916008637282874,0.04190177422628931
0.0,0.019528875379939213,0.9954594385713103,0.0026747720364741646,0.0,0.9772036474164134,1996-03-22T01:07:52Z,ls5,q9fd4n00vn0u,0.002746172522047392,0.020050180061539198,0.0
0.0831676567956102,0.15312060677520295,0.39134395097849783,0.31119937871298353,0.05330823998911614,0.392329146070473,1996-03-29T01:14:29Z,ls5,q9fd4n00vn0u,0.3151072055623404,0.15504338959315267,0.08421201878491781
0.04666944046866159,0.33868954498552073,0.7926867978691103,0.5570322537695969,0.00019971374363412443,0.045967446659787636,1996-04-07T01:08:52Z,ls5,q9fd4n00vn0u,0.5637951991123834,0.34280158493546903,0.047236055548725765
0.17805757126247845,0.268307073460824,0.48363879764829276,0.3923537665878203,0.0004810969009341298,0.15302890590546445,1996-04-14T01:15:29Z,ls5,q9fd4n00vn0u,0.3959893264518092,0.2707932135480765,0.17970745719371575
0.08508474576271186,0.6113559322033899,0.9995928675922603,0.09169491525423729,0.0,0.2033898305084746,1996-04-23T01:09:51Z,ls5,q9fd4n00vn0u,0.092680882084928,0.6179296519045016,0.08599963550209586
0.09478707976268952,0.21475719622061087,0.8429780010488834,0.4558088332234673,0.00026367831245880025,0.22417051197539004,1996-05-09T01:10:48Z,ls5,q9fd4n00vn0u,0.461891044225712,0.21762286815686277,0.09605189732957643
0.024312369163556932,0.2651219623191044,0.8483673300394712,0.5756767088377173,0.00045508328024028395,0.1262856102666788,1996-05-25T01:11:43Z,ls5,q9fd4n00vn0u,0.5810988648516675,0.26761908026803305,0.024541361333380363
0.3564372469635627,0.12279352226720647,0.9982955643269205,0.25161943319838054,0.004048582995951417,0.2591093117408907,1996-06-10T01:12:36Z,ls5,q9fd4n00vn0u,0.25368234457182176,0.12380024957141358,0.3593595111199226
0.07503061118605375,0.04479635778769327,0.7339976262110464,0.05638943654664314,0.26268548303413924,0.5590173290443083,1996-07-03T01:20:00Z,ls5,q9fd4n00vn0u,0.057055289120534945,0.04532531803203338,0.07591658076898414
,,1.0,,,,1996-07-28T01:15:08Z,ls5,q9fd4n00vn0u,,,
0.2465628476084539,0.0656952169076752,0.9813892185817991,0.17872080088987763,0.012977382276603633,0.4920281794586578,1996-08-04T01:21:41Z,ls5,q9fd4n00vn0u,0.1801825061646062,0.06623251891505348,0.24857941318507887
,,1.0,,,,1996-08-13T01:15:59Z,ls5,q9fd4n00vn0u,,,
,,1.0,,,,1996-08-29T01:16:51Z,ls5,q9fd4n00vn0u,,,
0.08733480085014769,0.3459913329100997,0.0,0.4696546275083498,0.0037124955146429655,0.08119876342156836,1996-09-05T01:23:25Z,ls5,q9fd4n00vn0u,0.4759521799972868,0.3506306965021893,0.08850586456431261
,,1.0,,,,1996-09-14T01:17:44Z,ls5,q9fd4n00vn0u,,,
0.18090761487254425,0.20493813930832927,0.7874975848077507,0.27585874330248417,0.08400714401688586,0.24825458678356876,1996-09-21T01:24:18Z,ls5,q9fd4n00vn0u,0.278374169280896,0.2068068736954003,0.18255722622324896
,,1.0,,,,1996-09-30T01:18:36Z,ls5,q9fd4n00vn0u,,,
0.06847656573463248,0.37584352314444236,0.0,0.5057820392503244,0.0020563636865494495,0.0356068343040106,1996-10-07T01:25:08Z,ls5,q9fd4n00vn0u,0.5122951057106564,0.38068334278009686,0.06935835351868669
0.1990572034793782,0.3410467721074922,0.1836857213834221,0.3778084820409647,0.003169987404583379,0.06673034819141652,1996-11-08T01:26:43Z,ls5,q9fd4n00vn0u,0.3828246794508152,0.34557488096741446,0.20170010398577043
,,1.0,,,,1996-11-17T01:20:57Z,ls5,q9fd4n00vn0u,,,
0.15751417615142985,0.2996773140782442,0.6616936708161969,0.32449863337820745,0.044629380328805125,0.16372944967976175,1996-11-24T01:27:27Z,ls5,q9fd4n00vn0u,0.3286295554080801,0.30349225655023926,0.1595193580331138
,,1.0,,,,1996-12-03T01:21:43Z,ls5,q9fd4n00vn0u,,,
0.14701075105578407,0.3988106213254576,0.0,0.4057389798227938,0.0031811532197962957,0.03267410085842833,1996-12-10T01:28:14Z,ls5,q9fd4n00vn0u,0.41110488126761285,0.40408489517046525,0.14895496948369724
,,1.0,,,,1996-12-19T01:22:28Z,ls5,q9fd4n00vn0u,,,
0.11000289823069916,0.41185990504844183,0.0,0.4346929255568743,0.001345607110325982,0.02990008004637169,1996-12-26T01:29:00Z,ls5,q9fd4n00vn0u,0.4402363957488635,0.4171121945905057,0.1114057225039332
0.13169416332595107,0.3641999803762159,0.01540202600126972,0.4364975750609739,0.0026071598777718595,0.05191191724369936,1997-01-11T01:29:45Z,ls5,q9fd4n00vn0u,0.44262526339289526,0.36931273265193143,0.13354292683370217
,,1.0,,,,1997-01-20T01:23:59Z,ls5,q9fd4n00vn0u,,,
0.29908413998510797,0.19022635889798953,0.9536628115598001,0.37176023827252425,0.0007446016381236039,0.12851824274013404,1997-01-27T01:30:29Z,ls5,q9fd4n00vn0u,0.37593363527365525,0.1923618484797962,0.3024416718682909
0.245807150595883,0.12283856988082338,0.9936307930111237,0.18068255687974002,0.015167930660888408,0.4312026002166847,1997-02-12T01:31:10Z,ls5,q9fd4n00vn0u,0.1820972852997794,0.12380038500503075,0.24773179881761673
,,1.0,,,,1997-02-21T01:25:22Z,ls5,q9fd4n00vn0u,,,
0.28971123237835383,0.14543428831286948,0.9696513842501863,0.2285106866757617,0.008185538881309686,0.3226466575716235,1997-02-28T01:31:50Z,ls5,q9fd4n00vn0u,0.23040844430058197,0.14664210503939168,0.2921172542070932
,,1.0,,,,1997-03-09T01:26:00Z,ls5,q9fd4n00vn0u,,,
0.09685691510561976,0.026213630928656837,0.9134326092356951,0.07327859705061777,0.13280191311279393,0.6704663212435233,1997-03-16T01:32:28Z,ls5,q9fd4n00vn0u,0.07342139392697491,0.026264713028550282,0.09704565868815748
,,1.0,,,,1997-03-25T01:26:37Z,ls5,q9fd4n00vn0u,,,
0.15309026088165487,0.2506366624626354,0.3051353887769467,0.4199141980396636,0.003783628112058949,0.16261656255896403,1997-04-17T01:33:37Z,ls5,q9fd4n00vn0u,0.4249914026053306,0.25366712347805126,0.1549412832455952
,,1.0,,,,1997-05-28T01:28:54Z,ls5,q9fd4n00vn0u,,,
0.040204393181239924,0.08537030362140616,0.3490849871649784,0.1805792553642609,0.08514969044186244,0.6047727079976253,1997-06-20T01:35:50Z,ls5,q9fd4n00vn0u,0.182893547506475,0.08646440395120823,0.040719650102828964
,,1.0,,,,1997-06-29T01:30:00Z,ls5,q9fd4n00vn0u,,,
0.09138620575890322,0.0861203467805495,0.6235129316293577,0.2056300518704522,0.12593705896369067,0.48723400355578367,1997-07-06T01:36:24Z,ls5,q9fd4n00vn0u,0.2076117331613957,0.0869502988154403,0.09226690550368966
0.026958147879791606,0.2813131145844116,6.900549283761492e-06,0.5395541524341855,0.0004554393955077114,0.14521616119794362,1997-07-22T01:36:57Z,ls5,q9fd4n00vn0u,0.5436926368826771,0.2834708404486498,0.027164922075221903
,,1.0,,,,1997-07-31T01:31:04Z,ls5,q9fd4n00vn0u,,,
,,1.0,,,,1997-08-16T01:31:36Z,ls5,q9fd4n00vn0u,,,
0.16528262979136343,0.18842511725699504,0.6586712302299262,0.38231865599223674,0.006752385573346272,0.24844331230794112,1997-08-23T01:37:59Z,ls5,q9fd4n00vn0u,0.38687821331805766,0.19067228754359294,0.16725380125706207
0.022490962214628832,0.03253008468281087,0.5819716249413454,0.06743508476534772,0.18437082157183182,0.6916423182951188,1997-09-08T01:38:28Z,ls5,q9fd4n00vn0u,0.06827803809682402,0.03293671786718365,0.022772104169041723
0.08455622518872001,0.218074438982249,0.3290319909464794,0.37037085793035357,0.023438303474093425,0.2937655552584487,1997-09-24T01:38:55Z,ls5,q9fd4n00vn0u,0.3757611005739897,0.22124821498357303,0.08578682570989506
0.04026949187409998,0.03231742439827197,0.9329128598636451,0.08692347253651513,0.1398889117465542,0.6993416992388397,1997-10-10T01:39:22Z,ls5,q9fd4n00vn0u,0.0876095511714083,0.03257250273059602,0.04058733511260173
0.08717961602439699,0.26892171472137516,0.20351099947555829,0.45616180343775986,0.03523530634876629,0.14135708344884945,1997-10-26T01:39:48Z,ls5,q9fd4n00vn0u,0.4624204701987948,0.2726113954104704,0.08837574459311905
0.07565810331379111,0.15897566867121254,0.7257514698169975,0.29038975417054574,0.07759857081750245,0.3915406486676899,1997-11-11T01:40:11Z,ls5,q9fd4n00vn0u,0.2936183311275215,0.16074317311384606,0.07649927627344016
0.11844442928293651,0.2760421641536468,0.2920105440393055,0.4874216122964162,0.0077681069016267215,0.09857795884950146,1997-11-27T01:40:33Z,ls5,q9fd4n00vn0u,0.4939133558742458,0.27971864238347316,0.12002193599115282
0.15248310014148714,0.1701996541424304,0.9122112120124762,0.36217654456846404,0.002436723785568307,0.3060839490646125,1997-12-13T01:40:59Z,ls5,q9fd4n00vn0u,0.36567743734706704,0.17184484831373686,0.1539570414890153
0.07812663888045489,0.3420883822352259,0.0,0.5305808192332109,0.0019597559965773277,0.03390239863093102,1997-12-29T01:41:21Z,ls5,q9fd4n00vn0u,0.5380261735934464,0.3468887239285834,0.07922294785046209
0.12181150988171265,0.27400949230811517,0.2468671506251897,0.4990590154020945,0.0014476686121622489,0.09196360671058539,1998-01-14T01:41:43Z,ls5,q9fd4n00vn0u,0.5055887576186661,0.27759466218671974,0.12340530487186645
0.36384803400637616,0.13079702444208288,0.9350658312401667,0.2673528161530287,0.005844845908607864,0.2283740701381509,1998-03-03T01:42:39Z,ls5,q9fd4n00vn0u,0.2686801842573252,0.1314464127705078,0.3656544869254082
,,1.0,,,,1998-04-04T01:43:06Z,ls5,q9fd4n00vn0u,,,
0.08583417348119937,0.16346757029237144,0.6303927792652295,0.36784418057578133,0.009073596953063739,0.3663231395392256,1998-04-20T01:43:18Z,ls5,q9fd4n00vn0u,0.3722890593374359,0.16544284561214,0.08687135855813483
,,1.0,,,,1998-05-06T01:43:33Z,ls5,q9fd4n00vn0u,,,
0.18860699631406916,0.11064121287989431,0.9007770018493472,0.2310404061478545,0.01578691146811322,0.44822310313651853,1998-05-22T01:43:48Z,ls5,q9fd4n00vn0u,0.2335244248777727,0.11183076603934747,0.19063479447824802
,,1.0,,,,1998-06-07T01:44:03Z,ls5,q9fd4n00vn0u,,,
0.023618026994948804,0.19771053575864636,0.0,0.5135982224185045,0.0010143807447072788,0.2564313119324298,1998-07-09T01:44:26Z,ls5,q9fd4n00vn0u,0.5189286606296691,0.19976249728918874,0.023863149404004975
0.17177595016970643,0.17285964715974786,0.629978746308206,0.32466301145052406,0.00343142739920182,0.318488680019395,1998-08-26T01:44:52Z,ls5,q9fd4n00vn0u,0.3289226319038956,0.17512758795569666,0.1740296727218109
0.2140359864250496,0.0927351604021259,0.7844682436721964,0.2781974771082794,0.006723442402510085,0.40251008516360376,1998-09-11T01:44:58Z,ls5,q9fd4n00vn0u,0.28095479905499904,0.09365429416159497,0.21615737921729214
0.10363220782496296,0.211755887638324,0.5622429545391814,0.3692972666225291,0.05157791859768593,0.2559349285916958,1998-09-27T01:45:05Z,ls5,q9fd4n00vn0u,0.37350530165434753,0.2141687844396607,0.10481306671660993
0.1447845838218054,0.15954498827667055,0.9058213033757487,0.2810353165298945,0.01795134818288394,0.3909730363423212,1998-10-29T01:45:08Z,ls5,q9fd4n00vn0u,0.28377705242502366,0.16110148383262882,0.14619707921714248
0.04793746204383593,0.35048790923646006,8.280659140469382e-05,0.5613982360735383,0.001801192513664219,0.02493374924087672,1998-11-30T01:45:15Z,ls5,q9fd4n00vn0u,0.569260104403315,0.3553961715296726,0.048608782312471295
0.0675877587758776,0.13374437443744372,0.9923334897457837,0.2917191719171917,0.081008100810081,0.42034203420342037,1998-12-16T01:45:13Z,ls5,q9fd4n00vn0u,0.295031620800548,0.13526303157899855,0.06835521260695203
0.023572542901716072,0.0858845553822153,0.9778837395456679,0.20489235569422776,0.15288611544461778,0.5297971918876755,1999-01-17T01:45:14Z,ls5,q9fd4n00vn0u,0.20682639603472955,0.08669524543540183,0.023795051197575415
0.03919035468612442,0.31491061969351064,0.07509177730547356,0.5696656818419207,0.0018875807630899623,0.06188728233134876,1999-02-02T01:45:20Z,ls5,q9fd4n00vn0u,0.5773485407606412,0.3191576964268138,0.03971889971810629
,,1.0,,,,1999-02-11T01:39:17Z,ls5,q9fd4n00vn0u,,,
,,1.0,,,,1999-02-27T01:39:18Z,ls5,q9fd4n00vn0u,,,
0.09407407407407406,0.016790123456790127,0.9994410555080184,0.06012345679012346,0.06172839506172839,0.7654320987654321,1999-03-06T01:45:24Z,ls5,q9fd4n00vn0u,0.06077461336185765,0.01697196594910193,0.09509292686187991
0.01899141571669105,0.30861443870932126,0.0,0.6298886941400537,0.0006969554776560214,0.03026580915840901,1999-03-22T01:45:10Z,ls5,q9fd4n00vn0u,0.6374820615643024,0.3123348147810771,0.019220359018555466
,,1.0,,,,1999-05-02T01:38:46Z,ls5,q9fd4n00vn0u,,,
0.16499204929437492,0.21576525541641828,0.6528333655358967,0.4404617372291791,0.0027628702047306697,0.16601073345259393,1999-06-26T01:44:07Z,ls5,q9fd4n00vn0u,0.44582919278022176,0.21839456534284307,0.16700263821961048
0.025621049435535066,0.23638038587871596,0.0,0.6286343812967511,0.00037953021060476414,0.10143807447072788,1999-07-12T01:44:00Z,ls5,q9fd4n00vn0u,0.63396095670313,0.23838329565812486,0.025838142957412477
0.018277622898782743,0.2712457561621905,0.0,0.6001567804797262,0.0002139170277954125,0.10128626238648597,1999-08-05T01:59:10Z,ls7,q9fd4n00vn0u,0.6061063111295204,0.2739346951068169,0.018458814349381313
0.019551303291362936,0.26289837364700686,0.0003588285627535992,0.5662716755025402,0.0002830240777556881,0.14174674177159266,1999-08-21T01:59:07Z,ls7,q9fd4n00vn0u,0.5724425815687509,0.2657632903273185,0.019764362254582186
,,1.0,,,,1999-08-22T01:37:33Z,ls5,q9fd4n00vn0u,,,
0.15238794256895846,0.08925290757513378,0.4636341052747799,0.2320917815973651,0.060943289419514206,0.46117229312474267,1999-08-29T01:43:34Z,ls5,q9fd4n00vn0u,0.23412583050739452,0.09003511872505336,0.15372346822329527
0.09725568229589979,0.2366033743448894,0.5075630020149604,0.4621187746980186,0.000994927272217707,0.1916145847930271,1999-09-06T01:59:11Z,ls7,q9fd4n00vn0u,0.4687445909890299,0.23999577166366756,0.09865012528205781
0.08864952299211037,0.1827907437361766,0.7909616605481796,0.3757960584953619,0.014227709371802066,0.32994421153401776,1999-10-08T01:59:18Z,ls7,q9fd4n00vn0u,0.3807845721406556,0.18521720377679607,0.08982630317672845
0.08776995828179382,0.26314891786199957,0.10183140577990013,0.4711598890587666,0.009296322190551556,0.1564624805046136,1999-10-16T01:42:52Z,ls5,q9fd4n00vn0u,0.4781305716777012,0.26704213464578924,0.08906849098134458
,,1.0,,,,1999-10-17T01:53:01Z,ls7,q9fd4n00vn0u,,,
0.054813326876086914,0.2552894754221057,0.373057495376632,0.4732697514693905,0.003533141083496599,0.2016201818301891,1999-10-24T01:59:07Z,ls7,q9fd4n00vn0u,0.4802017731049049,0.2590287217218127,0.05561618225959673
,,1.0,,,,1999-11-02T01:52:57Z,ls7,q9fd4n00vn0u,,,
0.06571922057070571,0.2922522927968472,0.4326782411879986,0.512012917507967,0.0022258982655022257,0.11532099155861532,1999-11-09T01:59:10Z,ls7,q9fd4n00vn0u,0.5193511233878412,0.2964408736315782,0.06666111315646299
0.07163950309699299,0.24700612477940415,0.8005810262496895,0.38861171666839683,0.02096958372262016,0.2636769438388872,1999-11-17T01:41:53Z,ls5,q9fd4n00vn0u,0.3930602390957774,0.24983365734893595,0.07245957599377936
0.05355840624913744,0.3371412404427393,0.0,0.5645736840652515,0.0019321537994424357,0.02869248392172017,1999-11-25T01:59:01Z,ls7,q9fd4n00vn0u,0.5729080901798925,0.3421182205874937,0.05434905151145123
0.08566421873975479,0.25171300242607036,0.7895194457478816,0.4222319847878827,0.0016720215067864402,0.22906694642974232,1999-12-03T01:41:24Z,ls5,q9fd4n00vn0u,0.4275969930884814,0.25491134456034265,0.08675269441464704
,,1.0,,,,1999-12-04T01:52:55Z,ls7,q9fd4n00vn0u,,,
0.08831238681637091,0.3011866171676929,0.2379033371056336,0.5346833574791743,0.0019739224918507788,0.06116443317638537,1999-12-11T01:59:12Z,ls7,q9fd4n00vn0u,0.5420189243729613,0.30531873489090644,0.08952398506789627
0.041684210526315796,0.048052631578947375,0.9973777912721853,0.0745,0.042105263157894736,0.7921052631578948,1999-12-19T01:41:22Z,ls5,q9fd4n00vn0u,0.07520429418362438,0.048506902571281575,0.042078276929304506
,,1.0,,,,1999-12-20T01:53:00Z,ls7,q9fd4n00vn0u,,,
0.053836715166183546,0.27334646666479046,0.7548027823014711,0.5031846452593365,0.0034334280809388456,0.15467312076098275,2000-01-12T01:59:06Z,ls7,q9fd4n00vn0u,0.5101689200213468,0.277140554672837,0.054583976463894505
0.026559110105164378,0.32699246460018216,0.0,0.6017766844240802,0.00131800491319109,0.030555632228325375,2000-01-28T01:59:04Z,ls7,q9fd4n00vn0u,0.6098384164574292,0.3313730358232994,0.026914910577754903
0.01473074056694913,0.32334179800712143,0.0,0.6170035054790363,0.0003657291120373182,0.03368158105385188,2000-02-13T01:58:59Z,ls7,q9fd4n00vn0u,0.6240300963107502,0.327024095584382,0.014898497938978517
0.09205702764976958,0.2741461213517666,0.28123878660741397,0.534009024577573,0.0004320276497695853,0.0874615975422427,2000-02-29T01:58:54Z,ls7,q9fd4n00vn0u,0.5410647065409814,0.27776832201642787,0.09327334625057838
0.17485920668584506,0.2773863469332045,0.6713751414612603,0.48909539508220806,0.0005879512000503958,0.045587216261050334,2000-03-16T01:58:49Z,ls7,q9fd4n00vn0u,0.4955816847800648,0.28106499167721516,0.17717815608161921
,,1.0,,,,2000-03-25T01:52:40Z,ls7,q9fd4n00vn0u,,,
0.019265850561704715,0.2500093847470259,0.0,0.597449556984736,0.000890170857600265,0.12193270584338513,2000-05-19T01:58:20Z,ls7,q9fd4n00vn0u,0.6046545436013044,0.2530243912024827,0.01949818849522742
0.018306053161831683,0.22664550498219663,0.0,0.6146570427005988,0.00015181208424190566,0.13280797151453255,2000-06-04T01:58:08Z,ls7,q9fd4n00vn0u,0.6199709667772291,0.22860493426082862,0.0184643153631681
0.07274073331327918,0.0737802065577058,0.7935424659802921,0.08939336207760956,0.20197867575787962,0.5610147397974531,2000-06-20T01:58:04Z,ls7,q9fd4n00vn0u,0.08980725307046569,0.07412180868828444,0.07307752268591715
0.02320675425763891,0.2851536752325486,0.0,0.5877616688288387,0.00022771812636285848,0.09317811697811146,2000-08-23T01:57:15Z,ls7,q9fd4n00vn0u,0.5946302410230027,0.28848597590582764,0.023477947966695212
0.08276891047883414,0.1046564885496183,0.9900563084821552,0.23882026370575993,0.09021512838306732,0.47883414295628035,2000-09-24T01:56:42Z,ls7,q9fd4n00vn0u,0.24145645495307366,0.10581172770231018,0.08368254600526846
0.04591674527969813,0.31333413119693615,0.019804576444285016,0.5752537206257129,0.0019430325387550511,0.049695169170550384,2000-10-10T01:56:37Z,ls7,q9fd4n00vn0u,0.5837838087234848,0.31798037275490726,0.04659761681230246
,,1.0,,,,2000-11-04T01:50:26Z,ls7,q9fd4n00vn0u,,,
0.05717642969252,0.292023216373653,0.3449101548483259,0.525246858310598,0.0017170004108160491,0.11082552958402242,2000-11-11T01:56:35Z,ls7,q9fd4n00vn0u,0.5330620520196402,0.296368255220412,0.058027162765109344
0.11164930910081002,0.30826356272547817,0.8986240304728257,0.5012259206316793,0.0,0.06609488802668301,2000-11-27T01:56:37Z,ls7,q9fd4n00vn0u,0.5081725505039102,0.31253587344446576,0.11319668802494105
0.06874999999999999,0.1665625,0.9993375472687626,0.30031250000000004,0.0,0.4583333333333333,2000-12-13T01:56:39Z,ls7,q9fd4n00vn0u,0.3036999222092572,0.16844126798910933,0.06952547646830026
0.041391009795843633,0.21421843815801517,0.6231265008694692,0.4247990478806189,0.014117000823949465,0.2955232079099149,2000-12-29T01:56:42Z,ls7,q9fd4n00vn0u,0.4310119344780482,0.21735148393576417,0.04199637285232329
,,1.0,,,,2001-01-07T01:50:31Z,ls7,q9fd4n00vn0u,,,
0.04738376383763838,0.14822140221402214,0.9812995114411107,0.24323247232472328,0.05719557195571956,0.4981549815498155,2001-01-14T01:56:44Z,ls7,q9fd4n00vn0u,0.24645375585561616,0.15018439324607666,0.048011297392772115
,,1.0,,,,2001-01-23T01:50:36Z,ls7,q9fd4n00vn0u,,,
0.028197576527091556,0.3207360125866019,0.0,0.6057539540147395,0.0016009274338237324,0.03052112948190676,2001-01-30T01:56:45Z,ls7,q9fd4n00vn0u,0.614123327833215,0.3251674481036026,0.028587167147451843
0.022979243147754565,0.32743672196306833,0.0,0.6101948025062798,0.0012697010682050291,0.02562173949046344,2001-02-15T01:56:41Z,ls7,q9fd4n00vn0u,0.6181335929831628,0.33169675747865346,0.02327820897951531
0.07467780837121941,0.18627820110563276,0.6767023655082944,0.34213378583167914,0.006509999786557384,0.3819769055089539,2001-03-19T01:56:29Z,ls7,q9fd4n00vn0u,0.346912336777079,0.18887993151304314,0.07572082641436656
0.02469106240856772,0.3129640619393303,0.0,0.6249267851720998,0.0005382428441303927,0.025373319716249412,2001-04-04T01:56:18Z,ls7,q9fd4n00vn0u,0.6323970455522148,0.3167051770391758,0.024986214848229712
0.027377806357042605,0.31083476805852295,0.001994258742995969,0.6084953708505327,0.0004978323549544691,0.041140312666376265,2001-04-20T01:56:22Z,ls7,q9fd4n00vn0u,0.615985907026836,0.314661122680976,0.027714825270857196
,,1.0,,,,2001-04-29T01:50:09Z,ls7,q9fd4n00vn0u,,,
0.11927868558337243,0.22697314306218772,0.0,0.499131772889122,0.00038643075988848715,0.14776146181236027,2001-05-22T01:56:06Z,ls7,q9fd4n00vn0u,0.5029509110986757,0.2287098423674509,0.12019135396162452
0.11339792008757525,0.19018015482054892,0.5587443760523338,0.30278332942372355,0.01085307686292908,0.3749941355852686,2001-06-07T01:55:54Z,ls7,q9fd4n00vn0u,0.30667391503042696,0.19262385664004375,0.11485501588133153
0.08057971514532557,0.30909616605481793,0.0,0.5530330674321675,0.00018631483066052057,0.05001518120842419,2001-07-25T01:55:30Z,ls7,q9fd4n00vn0u,0.5571921013904176,0.3114206951412176,0.08118570742927998
0.0,0.0,0.9969775594137293,0.0,0.7123287671232876,0.2876712328767123,2001-08-10T01:55:13Z,ls7,q9fd4n00vn0u,0.0,0.0,0.0
0.0,0.0,0.9999861989014326,0.0,1.0,0.0,2001-08-26T01:55:01Z,ls7,q9fd4n00vn0u,0.0,0.0,0.0
0.15503623745285589,0.3333340821224624,0.4163446410334263,0.4513492391908349,0.0023527742637235315,0.0449509937219943,2001-09-11T01:54:50Z,ls7,q9fd4n00vn0u,0.45758196207409735,0.33793712291885447,0.15717714702133034
0.16319306226897926,0.27996303667898775,0.9757307681691463,0.18801251066249644,0.13249928916690362,0.2325845891384703,2001-09-27T01:54:41Z,ls7,q9fd4n00vn0u,0.18912881959318975,0.2816252943500733,0.16416200775136303
0.06753577199941237,0.3272645805788159,0.5302796102569765,0.4588456001175261,0.0026737182312325546,0.13186425738210666,2001-10-29T01:54:33Z,ls7,q9fd4n00vn0u,0.46519688953549165,0.3317945402580038,0.06847059459316533
0.0555392378947662,0.36636149465745693,0.009971293714979734,0.5459610653023956,0.0012615789950582348,0.017836357173226645,2001-12-16T01:54:55Z,ls7,q9fd4n00vn0u,0.5533169476406213,0.3712975829964012,0.05628753319469266
0.04583098066555764,0.3378753511744932,0.0003105247177674908,0.5660156276963644,0.0016014247157816264,0.035224441054455345,2002-01-17T01:55:03Z,ls7,q9fd4n00vn0u,0.5740328595045591,0.34266112895180617,0.046480145773397694
0.12802723592197277,0.14919396393080603,0.9812512075961246,0.3329517850570482,0.002576370997423629,0.3805668016194332,2002-02-02T01:55:05Z,ls7,q9fd4n00vn0u,0.3365989430557912,0.15082823646915922,0.12942964785819283
,,1.0,,,,2002-02-11T01:48:59Z,ls7,q9fd4n00vn0u,,,
0.08691754362594911,0.27781248612406195,0.6891854591625494,0.4471815194707162,0.00188712756982372,0.17510323697881977,2002-02-18T01:55:06Z,ls7,q9fd4n00vn0u,0.45329408070795096,0.2816099280127869,0.08810562673061872
0.19429386343993085,0.23055661192739843,0.9201606447873251,0.391895419187554,0.0002592912705272256,0.17260155574762318,2002-03-06T01:55:10Z,ls7,q9fd4n00vn0u,0.39688236848857295,0.23349049193314142,0.19676629256013528
0.09026550871166705,0.1429262127742312,0.36116784896077725,0.30553550017823,0.004774404009635223,0.4489344005530531,2002-03-22T01:55:03Z,ls7,q9fd4n00vn0u,0.3098253567460599,0.14493296142447618,0.0915328772667756
0.07994096812278631,0.25627081382567274,0.6610036158878247,0.4720712046574116,0.002279851809632374,0.17811342262752922,2002-04-07T01:55:03Z,ls7,q9fd4n00vn0u,0.4786847437015637,0.25986107100804573,0.08106091085322895
0.12855139829373735,0.252398905849497,0.6392530845455298,0.48241841692490156,0.0008607827384368186,0.12416312789318643,2002-05-09T01:55:05Z,ls7,q9fd4n00vn0u,0.4889041837860623,0.2557922266720864,0.13027967891022796
0.025061966932567833,0.2848192746142592,0.0,0.6212750834966463,0.0002208175770791355,0.05891688978442684,2002-05-25T01:54:55Z,ls7,q9fd4n00vn0u,0.6277509841223877,0.28778810656598786,0.02532320195011832
0.12069611578311575,0.17901070947358638,0.40591791106572084,0.28550120801003576,0.00816568322259908,0.3984342331459369,2002-06-26T01:54:41Z,ls7,q9fd4n00vn0u,0.2894978043351965,0.1815165956960412,0.12238568360022642
,,1.0,,,,2002-07-05T01:48:30Z,ls7,q9fd4n00vn0u,,,
,,1.0,,,,2002-07-28T01:54:30Z,ls7,q9fd4n00vn0u,,,
0.11100495598066316,0.2131780378213168,0.4333061911728173,0.37149178671017863,0.0032999281565456694,0.29156265601597603,2002-08-13T01:54:26Z,ls7,q9fd4n00vn0u,0.37654485374487406,0.21607770600772636,0.11251485607487792
,,1.0,,,,2002-09-07T01:48:03Z,ls7,q9fd4n00vn0u,,,
0.08483444311028636,0.291953935159917,0.2414088161417649,0.4692790088418295,0.006285703889677255,0.13541098133391552,2002-09-30T01:53:59Z,ls7,q9fd4n00vn0u,0.4760657779503728,0.29617620786107857,0.08606132896495587
,,1.0,,,,2002-10-25T01:47:52Z,ls7,q9fd4n00vn0u,,,
0.06466932973170955,0.2917414842963099,0.39711281017969036,0.47641882611482467,0.005642798278545921,0.149219393828404,2002-11-01T01:54:04Z,ls7,q9fd4n00vn0u,0.4834596932364268,0.29605305410042637,0.06562506055619695
,,1.0,,,,2002-11-10T01:47:57Z,ls7,q9fd4n00vn0u,,,
,,1.0,,,,2002-11-26T01:48:16Z,ls7,q9fd4n00vn0u,,,
,,1.0,,,,2002-12-12T01:48:19Z,ls7,q9fd4n00vn0u,,,
0.10486215928103977,0.3558086537850602,0.022544094509923007,0.5167097543929007,0.0005577166093654032,0.008408107363977155,2002-12-19T01:54:31Z,ls7,q9fd4n00vn0u,0.5239279792732174,0.3607791558039372,0.10632704094950271
,,1.0,,,,2002-12-28T01:48:25Z,ls7,q9fd4n00vn0u,,,
0.05647131244915151,0.35647296840013537,0.04156200833586354,0.554376606452449,0.0015407543936699474,0.017250689379594362,2003-01-04T01:54:35Z,ls7,q9fd4n00vn0u,0.5623357013828316,0.36159079293058893,0.057282061913314995
0.09425700076026357,0.29728585909782057,0.5643269204228656,0.46207282691332996,0.0009028129751647237,0.13402812975164724,2003-01-20T01:54:44Z,ls7,q9fd4n00vn0u,0.4682726793380871,0.30127468585200523,0.09552169208309581
,,1.0,,,,2003-02-14T01:48:45Z,ls7,q9fd4n00vn0u,,,
,,1.0,,,,2003-03-02T01:48:46Z,ls7,q9fd4n00vn0u,,,
0.01844344309807061,0.33583262027657396,0.0,0.6299436915178449,0.0003933313091722101,0.005741257004057523,2003-03-09T01:55:00Z,ls7,q9fd4n00vn0u,0.6361173337536351,0.3391238834110613,0.018624194522073746
0.11934012745050346,0.2378887970034538,0.7162908167490132,0.3442545118451136,0.002578197207763779,0.28703118159264485,2003-04-10T01:55:01Z,ls7,q9fd4n00vn0u,0.34862573207808223,0.24090942356571635,0.12085546555579285
0.012734545454545455,0.007432727272727273,0.9905117447348809,0.008872727272727272,0.46254545454545454,0.5083636363636364,2003-05-04T01:41:16Z,ls5,q9fd4n00vn0u,0.00888828176581744,0.007445757348086415,0.012756869977005198
,,1.0,,,,2003-05-05T01:48:50Z,ls7,q9fd4n00vn0u,,,
0.0255170126952332,0.08973337303413366,0.49014601562284354,0.17109032834366455,0.07267953333513792,0.6369136236905503,2003-05-12T01:54:59Z,ls7,q9fd4n00vn0u,0.17351986523666227,0.09100761537401415,0.025879362363635455
,,1.0,,,,2003-05-13T01:35:14Z,ls5,q9fd4n00vn0u,,,
0.02762648706837064,0.3124335477103977,0.0,0.622377101217257,0.0007521598719258053,0.028312953711115404,2003-05-20T01:41:35Z,ls5,q9fd4n00vn0u,0.6278723227502196,0.3151921510646024,0.027870412602136754
0.03266690385500816,0.3226350229514602,0.010833862375445036,0.611697570912338,0.0009696817490547347,0.021451592649951865,2003-05-28T01:54:57Z,ls7,q9fd4n00vn0u,0.6183897026176056,0.32616473464069073,0.03302428834269702
0.05090155844155844,0.09725493506493506,0.46865770515333016,0.21355610389610388,0.10776623376623376,0.5255844155844156,2003-07-07T01:42:32Z,ls5,q9fd4n00vn0u,0.21647077647550433,0.09858229723006917,0.05159627694377712
0.08552022305943272,0.10919622259472557,0.584221204007839,0.24328016862230928,0.01497020895225134,0.5409191243589531,2003-07-15T01:54:49Z,ls7,q9fd4n00vn0u,0.24667614853026795,0.11072050704444733,0.08671401111408036
,,1.0,,,,2003-07-16T01:36:29Z,ls5,q9fd4n00vn0u,,,
0.06789541439161895,0.09132478063361003,0.533653978856717,0.1326261819150353,0.18450452050132435,0.5212411772539619,2003-07-23T01:42:48Z,ls5,q9fd4n00vn0u,0.13372043548368967,0.09207827037200063,0.06845559638902343
0.07644905460862561,0.07335506936226996,0.7259170829998067,0.17760064452780783,0.038545784133538104,0.6297238097635892,2003-07-31T01:54:42Z,ls7,q9fd4n00vn0u,0.17994708569302628,0.0743242288767904,0.07745909153305597
0.18999999999999997,0.2977777777777778,0.9999378950564465,0.5033333333333334,0.0,0.0,2003-08-01T01:36:48Z,ls5,q9fd4n00vn0u,0.5078475336322871,0.3004484304932736,0.19170403587443943
0.03942414916227332,0.2708662259515857,0.0,0.5546955477656021,0.0006141488862513457,0.125672803555163,2003-08-08T01:43:06Z,ls5,q9fd4n00vn0u,0.5602920517967784,0.27359908351922596,0.03982191224258128
0.06843271051409383,0.10346557822157121,0.61369344999862,0.2080041799149727,0.04079882819477689,0.5740773820156478,2003-08-16T01:54:40Z,ls7,q9fd4n00vn0u,0.21086295739392655,0.10488759322621043,0.06937323916943831
,,1.0,,,,2003-08-24T01:43:23Z,ls5,q9fd4n00vn0u,,,
,,1.0,,,,2003-08-25T01:48:28Z,ls7,q9fd4n00vn0u,,,
0.02642107510634454,0.32479478377978876,0.15969251152391728,0.6038851478969239,0.00012317900372821786,0.036411713502061197,2003-09-01T01:54:36Z,ls7,q9fd4n00vn0u,0.6091735479290756,0.32763910732535956,0.026652452239775422
,,1.0,,,,2003-09-02T01:37:21Z,ls5,q9fd4n00vn0u,,,
0.07141405841488012,0.18676626578023453,0.9076223467388004,0.35067976395010086,0.09822962575633076,0.2844550683498917,2003-09-09T01:43:39Z,ls5,q9fd4n00vn0u,0.3555496409907277,0.18935988207403412,0.07240578282901566
,,1.0,,,,2003-09-18T01:37:37Z,ls5,q9fd4n00vn0u,,,
0.04150510183072958,0.3384362621163333,0.1620870021253692,0.5780413746530838,0.0006423612540868176,0.029029787444308102,2003-10-03T01:54:25Z,ls7,q9fd4n00vn0u,0.5854903459431362,0.3427975450807755,0.042039960277693446
,,1.0,,,,2003-10-04T01:37:49Z,ls5,q9fd4n00vn0u,,,
0.047432022084196016,0.36755141476880604,0.00011040878853951774,0.5542430641821947,0.002587991718426501,0.014630779848171153,2003-10-11T01:44:06Z,ls5,q9fd4n00vn0u,0.5619942076345372,0.3726916572474163,0.04809536355144877
,,1.0,,,,2003-10-12T01:48:10Z,ls7,q9fd4n00vn0u,,,
,,1.0,,,,2003-11-05T01:38:06Z,ls5,q9fd4n00vn0u,,,
,,1.0,,,,2003-11-13T01:48:37Z,ls7,q9fd4n00vn0u,,,
0.02858823529411765,0.3697647058823529,0.9994134533108835,0.5416470588235294,0.03529411764705882,0.011764705882352941,2003-11-21T01:38:29Z,ls5,q9fd4n00vn0u,0.5491040270926894,0.3748553338732239,0.028981815504674966
0.05994941365831226,0.24739020464474593,0.9699895111650887,0.34373189238905494,0.008507702920211543,0.33340997930558747,2003-11-28T01:44:45Z,ls5,q9fd4n00vn0u,0.3474332338637247,0.2500541286074437,0.06059495530303254
,,1.0,,,,2003-11-29T01:48:45Z,ls7,q9fd4n00vn0u,,,
0.12957317073170732,0.07634146341463414,0.9988683099174694,0.20597560975609758,0.0,0.5853658536585366,2003-12-06T01:54:57Z,ls7,q9fd4n00vn0u,0.20734776407719668,0.07685002978823274,0.130436352476034
0.0,0.0,0.9999516961550139,0.0,0.0,1.0,2003-12-14T01:44:49Z,ls5,q9fd4n00vn0u,0.0,0.0,0.0
0.06943780603300623,0.2104549942571584,0.6575464406966794,0.31423317951921326,0.007636971809700365,0.38988856872267114,2003-12-22T01:55:06Z,ls7,q9fd4n00vn0u,0.3186486896909874,0.21341224456810573,0.07041352520853547
,,1.0,,,,2003-12-23T01:38:45Z,ls5,q9fd4n00vn0u,,,
0.05189533696037354,0.3287879640631189,0.33791989842391457,0.5260244304087717,0.002657744981552123,0.0779709419882017,2003-12-30T01:44:59Z,ls5,q9fd4n00vn0u,0.533371178501998,0.3333799985931109,0.05262013593513728
,,1.0,,,,2003-12-31T01:48:59Z,ls7,q9fd4n00vn0u,,,
0.14091430169159794,0.2339577799524675,0.9506403709735295,0.3847392702362645,0.0001398014818957081,0.23207045994687545,2004-01-07T01:55:10Z,ls7,q9fd4n00vn0u,0.38888158132650485,0.23647669596005363,0.14243146128467027
0.049574468085106384,0.43198581560283683,0.9990270225509951,0.2593617021276596,0.0,0.2553191489361702,2004-01-15T01:45:01Z,ls5,q9fd4n00vn0u,0.2606775028563632,0.43417737760407654,0.04982597060339017
,,1.0,,,,2004-01-24T01:38:54Z,ls5,q9fd4n00vn0u,,,
0.20433070866141728,0.18503937007874016,0.9991236302409672,0.25811023622047247,0.0,0.3464566929133858,2004-01-31T01:45:06Z,ls5,q9fd4n00vn0u,0.2605271750735646,0.18677207486970004,0.20624405714334956
,,1.0,,,,2004-02-09T01:38:58Z,ls5,q9fd4n00vn0u,,,
0.010661210632366335,0.31380944823207935,0.0,0.6448901432554032,1.3801098567445969e-05,0.021764332440862292,2004-02-16T01:45:11Z,ls5,q9fd4n00vn0u,0.6507851753627327,0.3166780248295958,0.010758666268241844
0.00718341214514373,0.3021708997546272,0.1506941952579426,0.6593359495604414,0.0,0.024139163782316904,2004-02-24T01:55:21Z,ls7,q9fd4n00vn0u,0.6642165784928354,0.30440767151999687,0.007236586204850732
,,1.0,,,,2004-02-25T01:39:04Z,ls5,q9fd4n00vn0u,,,
0.0,0.0,0.9978056253277761,0.0,0.16037735849056603,0.839622641509434,2004-03-03T01:45:16Z,ls5,q9fd4n00vn0u,0.0,0.0,0.0
,,1.0,,,,2004-03-04T01:49:15Z,ls7,q9fd4n00vn0u,,,
0.035062694884893525,0.32176806209779074,0.1679041651715476,0.5838610429244344,0.0007297817289192596,0.046183573276719965,2004-03-11T01:55:29Z,ls7,q9fd4n00vn0u,0.5915541759784682,0.3260077772564835,0.035524691759409074
,,1.0,,,,2004-03-12T01:39:09Z,ls5,q9fd4n00vn0u,,,
0.30459016393442623,0.13131147540983606,0.9995790664936929,0.2963934426229508,0.0,0.26229508196721313,2004-03-19T01:45:22Z,ls5,q9fd4n00vn0u,0.29858305166851995,0.13228154003677237,0.3068403263274945
0.05392468760962393,0.27909603357969737,0.42953849126390464,0.5042429447555916,0.01467297294027991,0.1361695436015919,2004-03-27T01:55:32Z,ls7,q9fd4n00vn0u,0.5114060091655118,0.2830607551209251,0.054690719171691264
,,1.0,,,,2004-03-28T01:39:10Z,ls5,q9fd4n00vn0u,,,
0.0,0.0048746683617068316,0.0012420988710701852,0.0015947656422728277,0.0,0.9935399624143267,2004-04-04T01:45:35Z,ls5,q9fd4n00vn0u,0.0015924493523058463,0.004867588233367416,0.0
0.12572762228544937,0.31094519539310417,0.24087747384691827,0.5048574207564835,0.000290885291203447,0.04555990873473988,2004-04-12T01:55:27Z,ls7,q9fd4n00vn0u,0.5116238305267619,0.315112674213117,0.12741270123417786
0.09393673625828562,0.2540952338007846,0.6939330370697507,0.4214134012715877,0.00660594309419669,0.21461423997835596,2004-04-20T01:46:05Z,ls5,q9fd4n00vn0u,0.4265257336274571,0.25717776340547266,0.0950763198945177
0.0467662504083017,0.288850138613198,0.17609511717132686,0.5880038861947955,0.0024372471670142466,0.0614923323031567,2004-04-28T01:55:24Z,ls7,q9fd4n00vn0u,0.5959300156058606,0.29274375842218997,0.04739664650177867
0.032826528482993673,0.30576664116296853,0.007908029479146594,0.615812756486054,0.001098977533560548,0.03198163733741392,2004-05-06T01:46:31Z,ls5,q9fd4n00vn0u,0.6238868342627437,0.30977562541388654,0.033256925452395225
0.0023076923076923075,0.003021316033364226,0.9925543073228629,0.0020481927710843373,0.3809082483781279,0.6116774791473587,2004-05-14T01:55:27Z,ls7,q9fd4n00vn0u,0.002058485197069683,0.003036498525994193,0.0023192887514495524
,,1.0,,,,2004-05-15T01:40:37Z,ls5,q9fd4n00vn0u,,,
0.06542751773049645,0.1368536170212766,0.7567556377487648,0.22970326241134756,0.025390070921985815,0.5373333333333333,2004-05-22T01:46:59Z,ls5,q9fd4n00vn0u,0.23251733460352922,0.13853019729278093,0.06622906384837067
,,1.0,,,,2004-05-23T01:49:15Z,ls7,q9fd4n00vn0u,,,
0.16946290441085418,0.29986618014909233,0.16411576361478375,0.48449794853590683,0.003120536930481372,0.030181701105396547,2004-05-30T01:55:24Z,ls7,q9fd4n00vn0u,0.49103565560067547,0.3039125073840581,0.17174959897938843
,,1.0,,,,2004-05-31T01:41:05Z,ls5,q9fd4n00vn0u,,,
0.049457590570458114,0.2528612887797207,0.1487689420077838,0.5118683982262863,0.003591202769198343,0.17074831586371264,2004-06-07T01:47:28Z,ls5,q9fd4n00vn0u,0.519081444424099,0.25642450964650354,0.050154527296486506
0.20899785254115966,0.33507292412312095,0.8457589224102239,0.28660925196850395,0.00022369362920544023,0.15765926986399428,2004-06-15T01:55:16Z,ls7,q9fd4n00vn0u,0.2905553589634256,0.3396862909304018,0.21187538661297287
0.08473674252197398,0.11209677141923388,0.5988227662921969,0.24471782169702594,0.033317852658375904,0.5193766448217142,2004-06-23T01:47:56Z,ls5,q9fd4n00vn0u,0.2479069122314924,0.11355758350965826,0.08584100677875914
0.15438607558639675,0.0999122555485462,0.8796751221397223,0.17144692320926763,0.05935654068933876,0.5108676951310431,2004-07-09T01:48:24Z,ls5,q9fd4n00vn0u,0.1730700029810192,0.100858120063904,0.1558476411346949
,,1.0,,,,2004-07-10T01:49:04Z,ls7,q9fd4n00vn0u,,,
0.02981543200319429,0.22798417522958955,0.15317149245079908,0.6034261198347445,0.0001303791588914512,0.1312021773319535,2004-07-17T01:55:13Z,ls7,q9fd4n00vn0u,0.608640230300965,0.22995415073300796,0.030073062475182013
0.03777777777777778,0.29851851851851846,0.9998136851693394,0.6137037037037038,0.0,0.037037037037037035,2004-07-18T01:42:28Z,ls5,q9fd4n00vn0u,0.6220778283156451,0.30259187062305964,0.03829326402425817
0.27809413324494525,0.12882863771958897,0.8959052140550388,0.19791249585681142,0.03745442492542261,0.35094464700033146,2004-07-25T01:48:48Z,ls5,q9fd4n00vn0u,0.20012633651415312,0.13026970931427956,0.2812048822458132
0.05213086947528097,0.06056043577190925,0.4996066686908278,0.12775012066469008,0.030986692408467215,0.7253120044128801,2004-08-02T01:55:04Z,ls7,q9fd4n00vn0u,0.1294821421439458,0.061381507212032164,0.052837653822674704
,,1.0,,,,2004-08-03T01:42:47Z,ls5,q9fd4n00vn0u,,,
0.030130144359491018,0.29205091225261537,0.0,0.5850153882249026,0.0005244417455629468,0.08279279030610837,2004-08-10T01:49:06Z,ls5,q9fd4n00vn0u,0.5911327457491516,0.2951048145626953,0.03044520763648191
,,1.0,,,,2004-08-19T01:43:11Z,ls5,q9fd4n00vn0u,,,
0.0,0.0,0.7913549918573518,0.0,0.4508532874718878,0.5491467125281122,2004-08-26T01:49:33Z,ls5,q9fd4n00vn0u,0.0,0.0,0.0
0.06602072859211534,0.31820536600445815,0.15177068094620327,0.5456246237451392,0.0011226631522428857,0.05674330062966759,2004-09-03T01:54:59Z,ls7,q9fd4n00vn0u,0.5528323190906808,0.32240885542862313,0.06689286169878562
0.10187025587236746,0.35133891357752073,0.0,0.49108152308923786,0.0016147285323911784,0.04182422920864501,2004-09-11T01:49:59Z,ls5,q9fd4n00vn0u,0.49746275937258266,0.355904299399753,0.10319398348662806
0.12102125549375754,0.3280103846602622,0.29031990946479336,0.4346560810548016,0.002168332620279258,0.10167827000116682,2004-09-19T01:54:53Z,ls7,q9fd4n00vn0u,0.44078752525346304,0.3326374391472149,0.122728432977876
,,1.0,,,,2004-09-20T01:44:02Z,ls5,q9fd4n00vn0u,,,
,,1.0,,,,2004-09-28T01:48:40Z,ls7,q9fd4n00vn0u,,,
,,1.0,,,,2004-10-14T01:48:39Z,ls7,q9fd4n00vn0u,,,
0.1404800256698219,0.3602990534253169,0.7849443815727732,0.35597946414246745,0.005358575324883683,0.12674474570832664,2004-10-29T01:51:02Z,ls5,q9fd4n00vn0u,0.3606073112993078,0.3649830566276457,0.14230631103983624
0.21624033688352007,0.30704274055973074,0.5510019597559965,0.4435388138380439,0.0003534817956875221,0.02056341924477846,2004-11-06T01:55:10Z,ls7,q9fd4n00vn0u,0.44916376043769213,0.31093664784715197,0.21898269067468995
,,1.0,,,,2004-11-07T01:45:02Z,ls5,q9fd4n00vn0u,,,
0.0888804638098269,0.41209482364987343,0.0025808054321123652,0.46836587289507553,0.0015635593806644435,0.016597252009796462,2004-11-14T01:51:17Z,ls5,q9fd4n00vn0u,0.47440466517215896,0.4174080951380384,0.09002642829934174
,,1.0,,,,2004-11-15T01:49:01Z,ls7,q9fd4n00vn0u,,,
0.07805263549670406,0.39844516860066,0.16567528775290508,0.4981441107628178,0.0012158104989785537,0.012249084006715906,2004-11-22T01:55:16Z,ls7,q9fd4n00vn0u,0.50422277697062,0.40330724591865946,0.07900508260502614
,,1.0,,,,2004-11-23T01:45:16Z,ls5,q9fd4n00vn0u,,,
,,1.0,,,,2004-12-01T01:49:11Z,ls7,q9fd4n00vn0u,,,
0.0698164926982461,0.39790967308149594,0.15842971100499603,0.5008864599817967,0.0015907245996539764,0.017735759325007993,2004-12-08T01:55:25Z,ls7,q9fd4n00vn0u,0.5071233564384767,0.4028643317285092,0.07068582790835208
,,1.0,,,,2004-12-09T01:45:39Z,ls5,q9fd4n00vn0u,,,
,,1.0,,,,2004-12-17T01:49:17Z,ls7,q9fd4n00vn0u,,,
0.11347988439967954,0.34391610392583266,0.5176792072648984,0.45245836671626416,0.0014306970355957422,0.0762418450268971,2004-12-24T01:55:33Z,ls7,q9fd4n00vn0u,0.45866107348225765,0.34863081560248205,0.11503556885276747
,,1.0,,,,2004-12-25T01:45:55Z,ls5,q9fd4n00vn0u,,,
0.0679425832678445,0.35891288529266235,0.28875348477738827,0.5149693900321138,0.0019307079585916503,0.043212930892297545,2005-01-09T01:55:39Z,ls7,q9fd4n00vn0u,0.5220947327765662,0.36387896167042727,0.06888266670211754
,,1.0,,,,2005-01-10T01:46:07Z,ls5,q9fd4n00vn0u,,,
0.07820697323151801,0.3887239517775727,0.013193850230478366,0.4799016810718582,0.0026782467623283263,0.037873066487650695,2005-01-17T01:52:24Z,ls5,q9fd4n00vn0u,0.48629613589179316,0.3939035080181687,0.0792490428400592
,,1.0,,,,2005-01-18T01:49:29Z,ls7,q9fd4n00vn0u,,,
,,1.0,,,,2005-01-26T01:46:20Z,ls5,q9fd4n00vn0u,,,
0.042139446299925484,0.378241049987579,0.0,0.5555906180131939,0.0010074801954235556,0.010958072262552099,2005-02-02T01:52:36Z,ls5,q9fd4n00vn0u,0.5624579060636704,0.3829162373621752,0.042660304116178785
,,1.0,,,,2005-02-03T01:49:34Z,ls7,q9fd4n00vn0u,,,
0.027966595663876093,0.3689905219530722,0.16419166965690468,0.572251036145374,8.256138438929344e-06,0.02075593203546837,2005-02-10T01:55:49Z,ls7,q9fd4n00vn0u,0.5781716814627177,0.37280818564951795,0.028255944713857208
,,1.0,,,,2005-02-19T01:49:42Z,ls7,q9fd4n00vn0u,,,
0.043394035165199144,0.36422817356261555,0.0,0.5646363410527477,0.0015871263352562864,0.013352562864003974,2005-03-06T01:53:06Z,ls5,q9fd4n00vn0u,0.5720709267430418,0.36902397817221927,0.04396540588547867
,,1.0,,,,2005-03-07T01:49:46Z,ls7,q9fd4n00vn0u,,,
0.2505411739059349,0.27639707885988335,0.8733818211929669,0.41619434301596814,0.0014169709520954821,0.04332661180445801,2005-03-22T01:53:16Z,ls5,q9fd4n00vn0u,0.42154445595941475,0.2799501199185946,0.2537618413654371
,,1.0,,,,2005-03-23T01:49:46Z,ls7,q9fd4n00vn0u,,,
0.21065376088249607,0.09022062401989944,0.8723881420961108,0.19952468501595194,0.04693667874330828,0.4486562483101714,2005-03-30T01:55:55Z,ls7,q9fd4n00vn0u,0.20112280057973514,0.0909432563268188,0.21234101603996627
0.5592844974446338,0.14432708688245316,0.9837975102818184,0.29191226575809204,0.0,0.0,2005-04-07T01:53:21Z,ls5,q9fd4n00vn0u,0.29322478384934264,0.14497602128779158,0.5617991948628657
,,1.0,,,,2005-04-16T01:47:11Z,ls5,q9fd4n00vn0u,,,
0.1649505771601479,0.19386977473943742,0.692131993706699,0.34138249467667825,0.00419141544323658,0.2864955732377003,2005-05-01T01:55:50Z,ls7,q9fd4n00vn0u,0.34582413724071437,0.19639216606526777,0.16709670801308088
0.030459852604267305,0.3191473681305032,0.0,0.6052057743796406,0.0008970714068839879,0.033936901377349636,2005-05-09T01:53:31Z,ls5,q9fd4n00vn0u,0.611768017292272,0.322607881303475,0.030790128620019206
0.06127657377218478,0.2630386675125031,0.5322600679014049,0.49929274301816096,0.0008261658527949486,0.16362509773837097,2005-05-17T01:55:52Z,ls7,q9fd4n00vn0u,0.5065315398563726,0.26685222879762605,0.06216496775483556
0.04465311014471628,0.21217187791031966,0.14789947279803473,0.4265783954066552,0.024724051083954875,0.2825895062478236,2005-06-10T01:53:47Z,ls5,q9fd4n00vn0u,0.4323728538430886,0.21505392993444847,0.0452596588906845
0.040571871226447336,0.0816632111366795,0.6971279913881145,0.1727748285525506,0.10537467818003692,0.5956118566448703,2005-06-18T01:55:41Z,ls7,q9fd4n00vn0u,0.1751195409678872,0.08277145558775234,0.0411224686194533
,,1.0,,,,2005-06-19T01:47:39Z,ls5,q9fd4n00vn0u,,,
0.04301222137044463,0.24259088630734754,0.06384388197300506,0.501774752329284,0.001555313126547942,0.20110714706922986,2005-06-26T01:53:51Z,ls5,q9fd4n00vn0u,0.5081217886346318,0.24565946071367556,0.04355629045591491
0.01301136183814919,0.009225242902807226,0.7819633442822049,0.011580846282874958,0.5265373294933063,0.43921891318796086,2005-07-04T01:55:40Z,ls7,q9fd4n00vn0u,0.011726835632196298,0.009341537271613735,0.013175384414922772
,,1.0,,,,2005-07-05T01:47:42Z,ls5,q9fd4n00vn0u,,,
0.03431656959894007,0.32587581771509017,0.0,0.5765133594634132,0.0003933313091722101,0.0566535096193657,2005-07-12T01:53:58Z,ls5,q9fd4n00vn0u,0.5803584481286305,0.3280492650297039,0.03454544591312789
0.04559392673944495,0.3036931967644351,0.16056198073366645,0.5964510719452849,0.00021373142180718138,0.04410265684598185,2005-07-20T01:55:41Z,ls7,q9fd4n00vn0u,0.6027233724947489,0.30688684515326525,0.04607339408419687
,,1.0,,,,2005-07-21T01:47:53Z,ls5,q9fd4n00vn0u,,,
0.10594976999026123,0.2639614723790371,0.12846752601507083,0.426176454287049,0.007054687685571541,0.18555966397200294,2005-07-28T01:54:08Z,ls5,q9fd4n00vn0u,0.43222468365989625,0.2677075721799134,0.10745339250261593
0.04889191842076564,0.28001375873553863,0.1774752270280714,0.5455000545315738,0.0007047157227111421,0.11334177873604201,2005-08-05T01:55:38Z,ls7,q9fd4n00vn0u,0.5527041601754964,0.2837117394835239,0.04953760588222647
,,1.0,,,,2005-08-06T01:48:02Z,ls5,q9fd4n00vn0u,,,
0.08785654093774228,0.17533555802743792,0.3858442131993707,0.3406942618622263,0.023179514836911944,0.3644341074819384,2005-08-13T01:54:16Z,ls5,q9fd4n00vn0u,0.34548971205890683,0.17780349785017494,0.08909316777206784
0.14159620808292603,0.18777003381421375,0.5326741008584284,0.3357559470194764,0.0031894629594081776,0.3226378039956883,2005-08-21T01:55:33Z,ls7,q9fd4n00vn0u,0.34032469253040937,0.1903250846083748,0.14352295590611935
0.10258241758241757,0.31097527472527475,0.9949764001214497,0.49659340659340656,0.017857142857142856,0.059065934065934064,2005-08-22T01:48:09Z,ls5,q9fd4n00vn0u,0.5036459488232077,0.3153916971511562,0.10403927710255906
0.03287315897874325,0.07230404538918897,0.6448563305639129,0.1249407375743209,0.30017875879221234,0.4667936113162088,2005-08-29T01:54:22Z,ls5,q9fd4n00vn0u,0.12652052989921098,0.07321828183585952,0.033288818156508374
0.10074868518063408,0.2628818874416318,0.2980416241132794,0.45661115753256326,0.0033521749815679527,0.1639911526173507,2005-09-06T01:55:24Z,ls7,q9fd4n00vn0u,0.4635222923131493,0.26686079186723033,0.10227358822070169
0.0779727013963079,0.31869461274681926,0.0763407767258274,0.5007127221653606,0.002973411130120356,0.08662487953202394,2005-09-14T01:54:23Z,ls5,q9fd4n00vn0u,0.5079784480405468,0.3233191161628765,0.07910414513443251
0.06571641473280816,0.1417521822439855,0.9675881200143531,0.17229934000425803,0.0048967426016606344,0.6112412177985949,2005-09-22T01:55:20Z,ls7,q9fd4n00vn0u,0.17415681956063692,0.14328034700993172,0.06642487302917592
,,1.0,,,,2005-10-25T01:48:07Z,ls5,q9fd4n00vn0u,,,
,,1.0,,,,2005-11-02T01:49:26Z,ls7,q9fd4n00vn0u,,,
0.10297554112554114,0.2789463203463204,0.6811946230919981,0.42190995670995685,0.005909090909090909,0.178982683982684,2005-11-09T01:55:41Z,ls7,q9fd4n00vn0u,0.42782864299551027,0.28285946753420327,0.10442011457851175
,,1.0,,,,2005-11-10T01:48:20Z,ls5,q9fd4n00vn0u,,,
0.12938779583689763,0.2884630738522956,0.7579977366198349,0.4090025662959794,0.0106928999144568,0.15255203877958368,2005-11-17T01:54:41Z,ls5,q9fd4n00vn0u,0.4139003994432504,0.29191743849766316,0.13093722336504593
,,1.0,,,,2005-11-18T01:49:35Z,ls7,q9fd4n00vn0u,,,
,,1.0,,,,2005-11-26T01:48:43Z,ls5,q9fd4n00vn0u,,,
0.043930213842262596,0.16145033340997927,0.879958044660355,0.2844659691883192,0.1454357323522649,0.3577259140032191,2005-12-11T01:55:52Z,ls7,q9fd4n00vn0u,0.2885263017208081,0.163754799012653,0.04455725291105487
0.12567307692307694,0.07543447293447292,0.9806232576113059,0.17781695156695157,0.002849002849002849,0.61502849002849,2005-12-27T01:55:58Z,ls7,q9fd4n00vn0u,0.1793176716897606,0.07607111657552439,0.12673371885722223
0.032965687886360645,0.3471881987373405,0.16056198073366645,0.5760236091016704,0.0015783243456530317,0.030004603446008155,2006-01-12T01:56:07Z,ls7,q9fd4n00vn0u,0.5833970152434309,0.35163239087889014,0.03338766608601765
0.0975,0.055,0.9999723978028651,0.0975,0.0,0.75,2006-01-20T01:56:10Z,ls5,q9fd4n00vn0u,0.0975,0.055,0.0975
,,1.0,,,,2006-01-21T01:50:00Z,ls7,q9fd4n00vn0u,,,
,,1.0,,,,2006-01-29T01:50:13Z,ls5,q9fd4n00vn0u,,,
0.050971677455061724,0.3094802319705465,0.13970162024897181,0.5507191728629753,0.0011630611770179111,0.0763208765470719,2006-02-05T01:56:34Z,ls5,q9fd4n00vn0u,0.5575761705401565,0.31333356654890077,0.05160632518685288
,,1.0,,,,2006-02-06T01:50:06Z,ls7,q9fd4n00vn0u,,,
0.03976636211385079,0.3126840167808049,0.16769714869303598,0.568153116553634,0.0014426186014890477,0.06505049165105212,2006-02-13T01:56:18Z,ls7,q9fd4n00vn0u,0.5761164837594291,0.31706666922511917,0.04032373676291042
,,1.0,,,,2006-02-14T01:50:35Z,ls5,q9fd4n00vn0u,,,
0.07355451437254655,0.28991983323754883,0.2915827099837147,0.5414806012020144,0.0008084861826789141,0.08181295720867711,2006-02-21T01:56:55Z,ls5,q9fd4n00vn0u,0.5489142780138775,0.293899976453858,0.07456430214090848
,,1.0,,,,2006-03-01T01:56:21Z,ls7,q9fd4n00vn0u,,,
,,1.0,,,,2006-03-02T01:50:55Z,ls5,q9fd4n00vn0u,,,
0.06080236697332532,0.2921073459386991,0.2536710922189406,0.5159143821367481,0.010531182099764226,0.10903795478711109,2006-03-09T01:57:15Z,ls5,q9fd4n00vn0u,0.5228065696447255,0.29600965738876733,0.06161463607963205
0.01760793809204391,0.32140070022741035,0.15643545226200006,0.6099406115537525,0.00015542430836182778,0.04000948906303683,2006-03-17T01:56:21Z,ls7,q9fd4n00vn0u,0.6169375230627157,0.32508763665337054,0.017809926912515286
0.14745830937320303,0.05209890741805635,0.9759998895912114,0.1702875215641173,0.01926394479585969,0.6081081081081081,2006-04-18T01:56:15Z,ls7,q9fd4n00vn0u,0.17156899367738665,0.05249096959839,0.14856798382025554
0.07642225458536482,0.2034808670508031,0.6730588754864888,0.4047050380970472,0.04081977247303658,0.26549737225353004,2006-04-26T01:58:07Z,ls5,q9fd4n00vn0u,0.4100695301091703,0.20617806966297358,0.07743525550128946
0.08039000523496961,0.2803328232593726,0.3145546385492285,0.47702230902428217,0.0034631337333387024,0.14961945797930173,2006-05-12T01:58:20Z,ls5,q9fd4n00vn0u,0.48224511198086834,0.28340212016739763,0.08127017613909353
,,1.0,,,,2006-05-13T01:50:09Z,ls7,q9fd4n00vn0u,,,
0.015342131629518916,0.25161703595420726,0.15974771591818704,0.5593631227107732,0.00021352430070791518,0.16579340702659198,2006-05-20T01:56:19Z,ls7,q9fd4n00vn0u,0.5645557099102828,0.2539528055947632,0.015484553167654215
,,1.0,,,,2006-05-21T01:52:16Z,ls5,q9fd4n00vn0u,,,
0.06656252172099812,0.20354773406547577,0.2057743796406194,0.3770566309863071,0.006568429832487663,0.33735316605268645,2006-05-28T01:58:32Z,ls5,q9fd4n00vn0u,0.38224871787246334,0.20635059558254734,0.06747909065981526
0.019992995813968815,0.24721933814562114,0.16257694112451349,0.5159123570322028,0.0007498599162793763,0.20814792840897856,2006-06-05T01:56:18Z,ls7,q9fd4n00vn0u,0.5211678438610003,0.24973770770537032,0.02019666010837136
,,1.0,,,,2006-06-06T01:52:31Z,ls5,q9fd4n00vn0u,,,
,,1.0,,,,2006-06-14T01:50:05Z,ls7,q9fd4n00vn0u,,,
,,1.0,,,,2006-06-22T01:52:46Z,ls5,q9fd4n00vn0u,,,
,,1.0,,,,2006-06-30T01:49:59Z,ls7,q9fd4n00vn0u,,,
0.04962006460720379,0.266973940606407,0.2032142758563582,0.5494900707561468,0.0004590056033325539,0.1232300137701681,2006-07-07T01:56:07Z,ls7,q9fd4n00vn0u,0.5559785661798239,0.2701264255812164,0.05020598886545902
,,1.0,,,,2006-07-08T01:53:00Z,ls5,q9fd4n00vn0u,,,
0.02808744376052334,0.2649231968864722,0.0,0.5373788263545778,0.000869469209749096,0.15968561097463357,2006-07-15T01:59:16Z,ls5,q9fd4n00vn0u,0.543238978486434,0.2678122021112297,0.028393739217953618
,,1.0,,,,2006-08-09T01:53:25Z,ls5,q9fd4n00vn0u,,,
0.09616810212242388,0.16425407566902492,0.8205305142289326,0.3352449246385728,0.026799446324207936,0.3693863426637958,2006-09-01T01:59:54Z,ls5,q9fd4n00vn0u,0.3398301649371291,0.16650062543490632,0.09748342063996089
,,1.0,,,,2006-09-02T01:49:41Z,ls7,q9fd4n00vn0u,,,
0.24368951612903225,0.21870812655086846,0.9555052582185541,0.3503923697270473,0.0013957816377171215,0.17478287841191067,2006-09-09T01:55:50Z,ls7,q9fd4n00vn0u,0.35514795596724874,0.2216764713183523,0.24699691266477114
0.09434980055231665,0.23639889536667688,0.6626666482652019,0.45822419965224503,0.014912549861920834,0.18525109951927995,2006-09-17T02:00:05Z,ls5,q9fd4n00vn0u,0.4645335393299059,0.23965389789911432,0.09564891338977895
,,1.0,,,,2006-09-18T01:49:36Z,ls7,q9fd4n00vn0u,,,
,,1.0,,,,2006-10-03T02:00:16Z,ls5,q9fd4n00vn0u,,,
0.21171817290236422,0.23238486739144043,0.6693049766761434,0.401741126390251,0.002274481981512009,0.14360536694280407,2006-10-19T02:00:26Z,ls5,q9fd4n00vn0u,0.4056718779665313,0.23465858826241565,0.21378968484673694
,,1.0,,,,2006-10-28T01:54:20Z,ls5,q9fd4n00vn0u,,,
0.06922831393165603,0.3366724558768307,0.11794418835739329,0.5052774126924521,0.0014003629991237952,0.07432094129427963,2006-11-04T02:00:35Z,ls5,q9fd4n00vn0u,0.5125420658027028,0.34151298217443116,0.07022364772946252
,,1.0,,,,2006-11-05T01:49:53Z,ls7,q9fd4n00vn0u,,,
0.039572098475967175,0.37646541617819457,0.9882276629219686,0.5558440797186401,0.011723329425556858,0.0029308323563892145,2006-11-13T01:54:29Z,ls5,q9fd4n00vn0u,0.5635446270616539,0.38168088912477155,0.04012032203162839
0.06195987383914491,0.20900823550026282,0.9212371304755859,0.34111091641843344,0.029262309444541793,0.3514981601541966,2006-11-20T02:00:43Z,ls5,q9fd4n00vn0u,0.34510145717893637,0.2114533518624184,0.06268472135990683
,,1.0,,,,2006-11-21T01:50:04Z,ls7,q9fd4n00vn0u,,,
0.1023647469458988,0.16012216404886562,0.9920919705208534,0.2753926701570681,0.13612565445026178,0.32111692844677137,2006-11-29T01:54:37Z,ls5,q9fd4n00vn0u,0.27789010697051686,0.16157425421131127,0.10329305592113858
0.04746798145132353,0.3783155069143504,0.0,0.5503871208148168,0.0016561318280935162,0.009053520660244556,2006-12-06T02:00:52Z,ls5,q9fd4n00vn0u,0.5577843267315152,0.3834000693982665,0.048105951381880105
,,1.0,,,,2006-12-07T01:50:12Z,ls7,q9fd4n00vn0u,,,
0.04896877451225823,0.3541903236035314,0.17305197493720503,0.5652621038401843,0.0014436155476560022,0.016497271316276974,2006-12-14T01:56:25Z,ls7,q9fd4n00vn0u,0.5732224772294436,0.35917825257947406,0.04965838332714923
0.03850345959055568,0.38875454739995724,0.9032611995914874,0.5542278336543263,0.003209929381553606,0.002211284685070262,2006-12-15T01:54:45Z,ls5,q9fd4n00vn0u,0.5616211901378523,0.39394050302865335,0.039017092766870605
0.08598252027876158,0.24365474694390496,0.8791989842391454,0.3464840626071061,0.014566434365360448,0.30229635553524503,2006-12-22T02:00:59Z,ls5,q9fd4n00vn0u,0.35007940946474136,0.24618306909004087,0.08687473154461237
,,1.0,,,,2006-12-23T01:50:16Z,ls7,q9fd4n00vn0u,,,
,,1.0,,,,2006-12-30T01:56:28Z,ls7,q9fd4n00vn0u,,,
0.03288278023073637,0.3840483311968855,0.8546537304369428,0.5632407539286901,0.0028011204481792717,0.003988035892323031,2006-12-31T01:54:52Z,ls5,q9fd4n00vn0u,0.5707334031563606,0.3891572289676153,0.033320211535522025
0.04231754947693836,0.3636955891688978,0.0,0.5679775180104337,0.001773441165916807,0.010944271163984652,2007-01-07T02:01:06Z,ls5,q9fd4n00vn0u,0.5757284625825941,0.36865878623814446,0.042895038849359926
0.06354081632653062,0.30984640171858224,0.871511772337078,0.4315392051557464,0.0028464017185821696,0.1822234156820623,2007-01-16T01:54:58Z,ls5,q9fd4n00vn0u,0.4369024461364927,0.31369722430800173,0.06433051215486106
0.07689096267190569,0.1753634577603143,0.98595048165834,0.24312868369351665,0.04616895874263261,0.4538310412573674,2007-01-23T02:01:11Z,ls5,q9fd4n00vn0u,0.24539460638508823,0.1769978187586754,0.07760757485623637
0.051482506834619496,0.3433695539329342,0.8005948273482569,0.5562317887670001,0.0023877911201854863,0.032702356646018615,2007-02-17T01:55:03Z,ls5,q9fd4n00vn0u,0.5643177868802688,0.3483611520783949,0.05223091327513212
0.15202247191011237,0.21168539325842692,0.9993858511137487,0.2504494382022472,0.0,0.38202247191011235,2007-02-24T02:01:13Z,ls5,q9fd4n00vn0u,0.252007301520739,0.2130021337214321,0.1529680928477164
0.013222711674255922,0.33654622846961,0.1634878136299649,0.6277780802481358,4.124595789612618e-05,0.012736751798323764,2007-03-04T01:56:45Z,ls7,q9fd4n00vn0u,0.6339913276998127,0.33987709500063606,0.013353579543331339
0.025983190334442303,0.3544521099632289,0.8029548152032902,0.6005239012432149,0.0019261075118192962,0.005358080896515497,2007-03-05T01:55:02Z,ls5,q9fd4n00vn0u,0.6077210663465128,0.35870015130069516,0.02629459394445725
0.019730119517513595,0.34570820337298847,0.0,0.6165255734356455,0.00011040878853956775,0.006576223467388004,2007-03-12T02:01:12Z,ls5,q9fd4n00vn0u,0.6236513337617702,0.3497038750955472,0.01995815888675522
,,1.0,,,,2007-03-13T01:50:36Z,ls7,q9fd4n00vn0u,,,
0.02629482611234776,0.322220463643981,0.18469320157884572,0.6011991434689506,3.385498218381563e-05,0.04039745749083799,2007-03-20T01:56:47Z,ls7,q9fd4n00vn0u,0.6074371967599668,0.3255638290587571,0.02656766170825426
0.32988372093023255,0.23209302325581394,0.9994065527615998,0.3062790697674418,0.0,0.12790697674418605,2007-03-21T01:54:59Z,ls5,q9fd4n00vn0u,0.3076326534425892,0.23311874573705701,0.33134162407616774
,,1.0,,,,2007-03-29T01:50:37Z,ls7,q9fd4n00vn0u,,,
0.067865623561896,0.2157524160147262,0.9250255320323497,0.34217303267372295,0.09443166129774505,0.2724344224574321,2007-04-06T01:54:56Z,ls5,q9fd4n00vn0u,0.346187987998997,0.21828398989373804,0.06866193835208784
0.03732635483206264,0.2901789408613229,0.16279085815230887,0.5837971563981041,0.0016402225427570574,0.07432103853286627,2007-04-21T01:56:45Z,ls7,q9fd4n00vn0u,0.5919562566167477,0.2942344574630736,0.03784802484455542
0.043532273374466066,0.34796116120866954,0.8255265119103481,0.5489479512735327,0.005695301376364499,0.0416468913146654,2007-04-22T01:54:50Z,ls5,q9fd4n00vn0u,0.5560788364397851,0.3524812091970779,0.04409776167210713
0.07060374149659863,0.2189625850340136,0.9431946782963924,0.3573760932944607,0.026117589893100097,0.3204567541302235,2007-04-29T02:00:57Z,ls5,q9fd4n00vn0u,0.3609574840593327,0.22115688564507097,0.07131128627227278
,,1.0,,,,2007-04-30T01:50:32Z,ls7,q9fd4n00vn0u,,,
0.14533085829922554,0.23733883115499899,0.5464751994258743,0.40498303485842096,0.0016736910974848988,0.20021910138003438,2007-05-07T01:56:41Z,ls7,q9fd4n00vn0u,0.41035835853535,0.2404890199993493,0.1472598289877813
0.24866666666666665,0.3533333333333334,0.9998964917607441,0.31466666666666665,0.0,0.13333333333333333,2007-05-08T01:54:41Z,ls5,q9fd4n00vn0u,0.29750303030303027,0.3340606060606061,0.23510303030303026
0.0,0.0,0.9999378950564465,0.0,0.6666666666666666,0.3333333333333333,2007-05-15T02:00:47Z,ls5,q9fd4n00vn0u,0.0,0.0,0.0
0.06999999999999999,0.21,0.9999792983521488,0.4766666666666666,0.0,0.3333333333333333,2007-05-24T01:54:29Z,ls5,q9fd4n00vn0u,0.41997063142437596,0.18502202643171808,0.061674008810572695
0.0391527505589445,0.2866223881420961,0.0,0.614290692539126,0.0005658450412652847,0.04995997681415441,2007-05-31T02:00:34Z,ls5,q9fd4n00vn0u,0.6204386236132041,0.2894909562450925,0.03954459828628352
,,1.0,,,,2007-06-01T01:50:20Z,ls7,q9fd4n00vn0u,,,
,,1.0,,,,2007-06-09T01:54:14Z,ls5,q9fd4n00vn0u,,,
0.06529065113583042,0.266533854094786,0.0,0.5262768086339674,0.0007728615197769743,0.13300808744376053,2007-06-16T02:00:17Z,ls5,q9fd4n00vn0u,0.5312554478029312,0.26905529502488434,0.06590830820864681
,,1.0,,,,2007-06-17T01:50:20Z,ls7,q9fd4n00vn0u,,,
0.07297799582497382,0.24081396765573093,0.15045267603301227,0.4877108834972748,0.0004792345243800411,0.1901830026073607,2007-07-10T01:56:28Z,ls7,q9fd4n00vn0u,0.49247839463635884,0.24316799196007505,0.07369137627182526
0.05525249109829144,0.3254364597421955,0.0,0.5546227469706589,0.0006624527312374065,0.054369427806453395,2007-07-18T01:59:54Z,ls5,q9fd4n00vn0u,0.5603488285695619,0.32879635749958136,0.055822933393165824
,,1.0,,,,2007-08-04T01:50:11Z,ls7,q9fd4n00vn0u,,,
0.08038703313079161,0.13250627039847201,0.34245355930332055,0.264732655395691,0.003253261131924986,0.5122102236354669,2007-08-11T01:56:19Z,ls7,q9fd4n00vn0u,0.26856295374401423,0.13442344434095796,0.0815501171476359
,,1.0,,,,2007-08-19T01:59:36Z,ls5,q9fd4n00vn0u,,,
,,1.0,,,,2007-09-05T01:49:57Z,ls7,q9fd4n00vn0u,,,
0.10052449714961816,0.25181335377003333,0.4867647464738193,0.4394546627944498,0.03522641712380338,0.16132892330859416,2007-09-12T01:56:05Z,ls7,q9fd4n00vn0u,0.44592174822174524,0.2555190795443581,0.10200383180149913
0.13635920703255913,0.2814286819107525,0.7323207927351016,0.42726096259441626,0.00706349410945838,0.13732566832512696,2007-09-20T01:59:19Z,ls5,q9fd4n00vn0u,0.43260115601505283,0.284946165900847,0.13806351564951494
,,1.0,,,,2007-09-21T01:49:52Z,ls7,q9fd4n00vn0u,,,
0.07823065960364624,0.21281965097206162,0.7433754726876259,0.31388528866062543,0.16451101132055176,0.22466320686224422,2007-10-06T01:59:09Z,ls5,q9fd4n00vn0u,0.31694155061974033,0.21489184940542394,0.07899238179203971
0.07181420262039521,0.3236002036779538,0.2953021060476414,0.4969467891345645,0.002800571865024187,0.09250700142966256,2007-10-14T01:56:01Z,ls7,q9fd4n00vn0u,0.5038139252429673,0.32807192316975964,0.07280657829258641
,,1.0,,,,2007-10-23T01:49:57Z,ls7,q9fd4n00vn0u,,,
0.005267968425425842,0.035220191109264644,0.9667807557481576,0.04254258412962193,0.5928541753219776,0.3234316576651433,2007-10-30T01:56:13Z,ls7,q9fd4n00vn0u,0.042892750754891386,0.03551008735591716,0.005311328902070535
0.08308614872891423,0.3672994060346876,0.27388970162024895,0.489688572107389,0.001083392729864576,0.04644333570919458,2007-11-15T01:56:22Z,ls7,q9fd4n00vn0u,0.49614733879931366,0.3721439160044655,0.08418201675716164
0.03272727272727273,0.3633333333333334,0.9988614093681857,0.5835757575757575,0.0,0.006060606060606061,2007-11-24T01:50:16Z,ls7,q9fd4n00vn0u,0.5920961658155421,0.3686381258764333,0.03320510224741851
0.18935866983372926,0.34085510688836107,0.9970948687515526,0.455938242280285,0.0,0.0,2007-12-10T01:50:21Z,ls7,q9fd4n00vn0u,0.46234072789459735,0.3456415444275839,0.19201772767781874
0.026054054054054056,0.360918918918919,0.9987233983825112,0.5991351351351352,0.0,0.0,2007-12-26T01:50:25Z,ls7,q9fd4n00vn0u,0.6075755084141863,0.36600339856383274,0.026421093021981035
,,1.0,,,,2008-01-11T01:50:26Z,ls7,q9fd4n00vn0u,,,
0.11701970443349755,0.3282019704433498,0.9971983769908085,0.38812807881773403,0.0,0.15763546798029557,2008-01-26T01:57:10Z,ls5,q9fd4n00vn0u,0.3923266623977804,0.3317523020973743,0.11828556752454973
,,1.0,,,,2008-01-27T01:50:25Z,ls7,q9fd4n00vn0u,,,
,,1.0,,,,2008-02-03T01:56:35Z,ls7,q9fd4n00vn0u,,,
0.3164282086444207,0.2787436301149542,0.184810510916669,0.36528636971574646,0.00016083430680413768,0.031802867929639225,2008-02-11T01:56:55Z,ls5,q9fd4n00vn0u,0.36816850732582446,0.28094293883963817,0.3189248515980939
,,1.0,,,,2008-02-12T01:50:22Z,ls7,q9fd4n00vn0u,,,
,,1.0,,,,2008-02-28T01:50:17Z,ls7,q9fd4n00vn0u,,,
,,1.0,,,,2008-03-15T01:50:12Z,ls7,q9fd4n00vn0u,,,
0.059141637685741384,0.07415112235219729,0.9563471252311684,0.11844293392349035,0.021340499525766676,0.7244704394562125,2008-03-22T01:56:24Z,ls7,q9fd4n00vn0u,0.1195972556948737,0.07487378475229406,0.0597180205708531
,,1.0,,,,2008-03-31T01:50:13Z,ls7,q9fd4n00vn0u,,,
,,1.0,,,,2008-04-16T01:50:12Z,ls7,q9fd4n00vn0u,,,
0.09435320781032079,0.19515769620895146,0.5646029423942146,0.37463595156586793,0.013202104729301382,0.3138233802459744,2008-04-23T01:56:21Z,ls7,q9fd4n00vn0u,0.37961551077997313,0.19775167924848355,0.09560732499626755
,,1.0,,,,2008-05-02T01:50:08Z,ls7,q9fd4n00vn0u,,,
0.06485258583224685,0.251535245545415,0.20609180490767065,0.5262357235984354,0.0032768361581920905,0.14299000434593656,2008-05-09T01:56:17Z,ls7,q9fd4n00vn0u,0.5331738998917882,0.25485162221716984,0.0657076373869134
,,1.0,,,,2008-05-18T01:50:03Z,ls7,q9fd4n00vn0u,,,
0.15168210252660658,0.2304594199366317,0.6602445554666152,0.4492213014867171,0.0012795515476480624,0.1564708749695345,2008-05-25T01:56:11Z,ls7,q9fd4n00vn0u,0.45510388325874807,0.23347730083058157,0.15366838939348781
,,1.0,,,,2008-06-03T01:49:56Z,ls7,q9fd4n00vn0u,,,
0.023638449309921237,0.03956824915095022,0.6180131938502305,0.0878934532841968,0.18971746513476406,0.6571464701206735,2008-06-10T01:56:03Z,ls7,q9fd4n00vn0u,0.08907772359792647,0.04010138900477087,0.023956952141865107
,,1.0,,,,2008-06-19T01:49:46Z,ls7,q9fd4n00vn0u,,,
0.07233170767303553,0.1715279179791543,0.43261613624444506,0.3402663488318353,0.003758072558773093,0.40444887683494885,2008-07-12T01:55:41Z,ls7,q9fd4n00vn0u,0.34473259089655295,0.17377934603009726,0.07328111367962782
,,1.0,,,,2008-08-06T01:49:18Z,ls7,q9fd4n00vn0u,,,
0.039380878656212016,0.30624082305348854,0.17098181015208813,0.5613018362216784,0.000249712830245218,0.08178927566631707,2008-08-13T01:55:26Z,ls7,q9fd4n00vn0u,0.5681330120861575,0.30996784617039674,0.0398601532468835
,,1.0,,,,2008-08-22T01:49:11Z,ls7,q9fd4n00vn0u,,,
,,1.0,,,,2008-09-07T01:49:03Z,ls7,q9fd4n00vn0u,,,
,,1.0,,,,2008-09-23T01:48:54Z,ls7,q9fd4n00vn0u,,,
0.08640833310331503,0.35451903171492444,0.0,0.5076841066548897,0.00309834662839162,0.034537249165033534,2008-10-08T01:50:35Z,ls5,q9fd4n00vn0u,0.5150444913631006,0.3596588350406528,0.08766107780282158
,,1.0,,,,2008-10-17T01:44:06Z,ls5,q9fd4n00vn0u,,,
0.07794233165905057,0.2404975641074059,0.6345607110325981,0.41136579931266287,0.0048529022999357985,0.2552966501756109,2008-11-01T01:55:12Z,ls7,q9fd4n00vn0u,0.4170276729407176,0.24380767597889905,0.07901509860483659
,,1.0,,,,2008-11-02T01:43:33Z,ls5,q9fd4n00vn0u,,,
0.07155032467532467,0.1419886363636364,0.9149852328245328,0.23118425324675326,0.058522727272727275,0.49318181818181817,2008-11-25T01:49:52Z,ls5,q9fd4n00vn0u,0.23304124130210468,0.1431291604175886,0.07212505282576134
0.15460767946577628,0.18471410684474124,0.9669325678323994,0.3153735392320534,0.00041736227045075126,0.3370200333889816,2008-12-03T01:55:37Z,ls7,q9fd4n00vn0u,0.31916328915365755,0.1869337612698988,0.15646555391701136
,,1.0,,,,2008-12-04T01:43:58Z,ls5,q9fd4n00vn0u,,,
0.09221622819982264,0.2640289683712681,0.7198653012779817,0.36491600157651005,0.04446250862153907,0.22608138732880087,2008-12-11T01:50:22Z,ls5,q9fd4n00vn0u,0.36911332098721594,0.2670658697654127,0.09327691329703136
,,1.0,,,,2008-12-12T01:49:32Z,ls7,q9fd4n00vn0u,,,
0.07721448869783477,0.30458678937726297,0.5216332220044715,0.4677418749909842,0.002856194913665017,0.13598661338949555,2008-12-19T01:55:47Z,ls7,q9fd4n00vn0u,0.474136337927637,0.3087507717782496,0.07827008199095273
,,1.0,,,,2008-12-20T01:44:27Z,ls5,q9fd4n00vn0u,,,
0.0867795514922337,0.3022568987387215,0.7116743492782025,0.4777076801570016,0.0040925735346911424,0.11868463250604312,2008-12-27T01:50:49Z,ls5,q9fd4n00vn0u,0.48348301556487455,0.3059110894542359,0.08782868894015523
,,1.0,,,,2008-12-28T01:49:40Z,ls7,q9fd4n00vn0u,,,
,,1.0,,,,2009-01-05T01:44:52Z,ls5,q9fd4n00vn0u,,,
,,1.0,,,,2009-01-13T01:49:46Z,ls7,q9fd4n00vn0u,,,
0.202,0.062,0.9999654972535814,0.13599999999999998,0.0,0.6,2009-01-20T01:55:59Z,ls7,q9fd4n00vn0u,0.13599999999999998,0.062,0.202
,,1.0,,,,2009-01-21T01:45:18Z,ls5,q9fd4n00vn0u,,,
0.06937670125054243,0.18504083001301824,0.825077976206906,0.357644877509961,0.021736557655134325,0.35855457808986546,2009-02-05T01:56:03Z,ls7,q9fd4n00vn0u,0.36211291147979546,0.18735253295158893,0.07024341982361594
,,1.0,,,,2009-02-06T01:45:43Z,ls5,q9fd4n00vn0u,,,
0.05703910352588147,0.21331895473868467,0.5584752546302686,0.4370619217304326,0.005657664416104026,0.2770223805951488,2009-02-21T01:56:13Z,ls7,q9fd4n00vn0u,0.443178376196253,0.2163042426543871,0.057837336138107175
,,1.0,,,,2009-02-22T01:46:07Z,ls5,q9fd4n00vn0u,,,
0.011517751648047197,0.3177337212050097,0.15315769135223167,0.6248681969671044,0.0003585368437349761,0.035617375999217736,2009-03-09T01:56:22Z,ls7,q9fd4n00vn0u,0.6313547579290811,0.32103201540893206,0.011637313819033952
,,1.0,,,,2009-03-10T01:46:30Z,ls5,q9fd4n00vn0u,,,
0.17552392984542212,0.10342040725326991,0.814292417676447,0.20132877526753865,0.0054994054696789535,0.5108501783590963,2009-03-25T01:56:29Z,ls7,q9fd4n00vn0u,0.2027445289736244,0.10414766456986138,0.17675822262773888
0.00421832884097035,0.0010107816711590297,0.9948797924314775,0.00284366576819407,0.13746630727762804,0.8544474393530997,2009-04-02T01:53:11Z,ls5,q9fd4n00vn0u,0.002848413123399708,0.0010124691196918396,0.00422537112618061
,,1.0,,,,2009-04-03T01:50:21Z,ls7,q9fd4n00vn0u,,,
0.032438718257761526,0.2980849507501766,0.1698294184217064,0.5871031960433897,0.0010307136029258967,0.06914924566726237,2009-04-10T01:56:34Z,ls7,q9fd4n00vn0u,0.5949044632941648,0.30204582233102967,0.03286975510461715
,,1.0,,,,2009-04-19T01:50:26Z,ls7,q9fd4n00vn0u,,,
0.21035419218640042,0.16337277489640073,0.7352328245328328,0.3000669811566629,0.0015376997054914123,0.31692251557246737,2009-04-26T01:56:39Z,ls7,q9fd4n00vn0u,0.30351650719638634,0.1652508843738736,0.2127723931517813
,,1.0,,,,2009-04-27T01:47:29Z,ls5,q9fd4n00vn0u,,,
0.04223070234759928,0.29831996908511255,1.3801098567411962e-05,0.5617305436327753,0.002325517203306789,0.08329768000331231,2009-05-04T01:53:48Z,ls5,q9fd4n00vn0u,0.569260857859094,0.3023191162432296,0.04279682869105738
,,1.0,,,,2009-05-05T01:50:29Z,ls7,q9fd4n00vn0u,,,
0.02072550035239074,0.2684335170293885,0.18734301250379526,0.5929982932400418,0.0005859026722256659,0.10630312396511757,2009-05-12T01:56:41Z,ls7,q9fd4n00vn0u,0.600361496187897,0.2717666302717463,0.02098284690301348
,,1.0,,,,2009-05-13T01:47:47Z,ls5,q9fd4n00vn0u,,,
,,1.0,,,,2009-05-21T01:50:31Z,ls7,q9fd4n00vn0u,,,
0.017680927166541377,0.25362895165087523,0.16464020536034674,0.6445428186721956,9.912685759600849e-05,0.07653419463558489,2009-05-28T01:56:42Z,ls7,q9fd4n00vn0u,0.6498308770221409,0.255709813707997,0.01782598777668116
,,1.0,,,,2009-05-29T01:48:04Z,ls5,q9fd4n00vn0u,,,
,,1.0,,,,2009-06-06T01:50:31Z,ls7,q9fd4n00vn0u,,,
0.0621864267176403,0.06347351080858471,0.555970355240277,0.16120161002066918,0.016613051113494023,0.6931170062318368,2009-06-13T01:56:41Z,ls7,q9fd4n00vn0u,0.16311695484000258,0.06422768230895953,0.06292530550570709
0.05764795914053053,0.2263557107704276,0.1839479422562036,0.4767803718955851,0.014755747976898164,0.21414860602575703,2009-06-21T01:54:41Z,ls5,q9fd4n00vn0u,0.4832426137549912,0.229423717415585,0.058429314826768504
,,1.0,,,,2009-06-22T01:50:29Z,ls7,q9fd4n00vn0u,,,
,,1.0,,,,2009-06-30T01:48:40Z,ls5,q9fd4n00vn0u,,,
0.05132865716239143,0.057067306474893026,0.45498081647299127,0.13399951887771896,0.1634043199716391,0.5914132333949508,2009-07-07T01:54:58Z,ls5,q9fd4n00vn0u,0.13554019054008318,0.057723443024260454,0.05191881306906651
,,1.0,,,,2009-07-08T01:50:26Z,ls7,q9fd4n00vn0u,,,
0.018300142189721712,0.23765923217550275,0.15071489690579365,0.6307599431241112,8.125126955108673e-05,0.10584602884420069,2009-07-15T01:56:35Z,ls7,q9fd4n00vn0u,0.6359907208754948,0.23963009706257424,0.018451901948179167
,,1.0,,,,2009-07-24T01:50:21Z,ls7,q9fd4n00vn0u,,,
0.13385574298401196,0.25075914814395517,0.45142703359187386,0.5019068644099777,0.0002012654565581091,0.10195353283771715,2009-07-31T01:56:30Z,ls7,q9fd4n00vn0u,0.508317666316285,0.25396206752788325,0.1355654678615565
,,1.0,,,,2009-08-01T01:49:11Z,ls5,q9fd4n00vn0u,,,
0.1596939066059226,0.08871156036446469,0.9515305418311297,0.17901480637813214,0.042568337129840546,0.5271924829157175,2009-08-08T01:55:28Z,ls5,q9fd4n00vn0u,0.18019543830348253,0.08929662761355416,0.16074711403740527
,,1.0,,,,2009-08-09T01:50:15Z,ls7,q9fd4n00vn0u,,,
,,1.0,,,,2009-08-17T01:49:25Z,ls5,q9fd4n00vn0u,,,
0.04232216390795317,0.039938635446104154,0.8290733942421817,0.0964743641501817,0.12006459426725878,0.6997577714977796,2009-08-24T01:55:42Z,ls5,q9fd4n00vn0u,0.09725295434935315,0.04026095765470883,0.042663722230899606
0.0495719403675026,0.036194383450826303,0.701447735239725,0.10457598520744252,0.08482607188258408,0.7226395469779268,2009-09-01T01:56:26Z,ls7,q9fd4n00vn0u,0.10578033174558796,0.036611215100299584,0.050142834293601654
,,1.0,,,,2009-09-02T01:49:39Z,ls5,q9fd4n00vn0u,,,
0.09426914046314626,0.20692854840937344,0.7002263380165061,0.3684528797016712,0.05048110123843285,0.2713963445513558,2009-09-09T01:55:56Z,ls5,q9fd4n00vn0u,0.37311430709510895,0.20954647449213543,0.09546177262296691
0.15042713567839194,0.00278894472361809,0.9972535813850782,0.09773869346733666,0.2562814070351759,0.49246231155778897,2009-09-17T01:56:25Z,ls7,q9fd4n00vn0u,0.09785612081231145,0.002792295478191921,0.15060786511653182
,,1.0,,,,2009-09-18T01:49:52Z,ls5,q9fd4n00vn0u,,,
,,1.0,,,,2009-09-26T01:50:12Z,ls7,q9fd4n00vn0u,,,
0.052857142857142846,0.002142857142857143,0.9998067846200558,0.05178571428571428,0.0,0.8928571428571429,2009-10-03T01:56:22Z,ls7,q9fd4n00vn0u,0.05195891065456281,0.0021500238891543236,0.053033922599139964
0.07810568963898094,0.2553449871879151,0.4856399569405725,0.4239426340573391,0.06993654328606501,0.16202256536846482,2009-10-11T01:56:19Z,ls5,q9fd4n00vn0u,0.42990250093522786,0.2589346760026766,0.0792037144075657
0.0784404077614405,0.26539728159039666,0.5654172072096939,0.45264441551017803,0.0016037346374924576,0.19062212201086093,2009-10-19T01:56:27Z,ls7,q9fd4n00vn0u,0.45906173252314864,0.26915992270997524,0.07955248811852274
,,1.0,,,,2009-10-28T01:50:26Z,ls7,q9fd4n00vn0u,,,
0.1272638392096747,0.33461403508771925,0.5948687515526236,0.5056038153636517,0.0,0.02003065917220235,2009-11-04T01:56:43Z,ls7,q9fd4n00vn0u,0.5121298345558621,0.338933024677216,0.12890648159471957
,,1.0,,,,2009-11-13T01:50:39Z,ls7,q9fd4n00vn0u,,,
0.10487317570803001,0.396238922392555,0.005651549863369132,0.4717788711770544,0.0015545084214105777,0.01336599651623559,2009-11-28T01:56:43Z,ls5,q9fd4n00vn0u,0.4776893885090166,0.40120306377632686,0.1061870427770103
,,1.0,,,,2009-11-29T01:50:51Z,ls7,q9fd4n00vn0u,,,
,,1.0,,,,2009-12-06T01:57:06Z,ls7,q9fd4n00vn0u,,,
0.1957043299440192,0.29353021821089914,0.8791989842391454,0.2468342282645949,0.006340683194333371,0.24900034273963212,2009-12-14T01:56:52Z,ls5,q9fd4n00vn0u,0.24971487593590838,0.2969558255324371,0.19798827259768914
0.0957231293043411,0.37386434178510325,0.19741781445803086,0.4837321055482473,0.001384267498946753,0.03243140997532393,2009-12-22T01:57:22Z,ls7,q9fd4n00vn0u,0.4902599171743466,0.37890952272078404,0.09701488263059858
,,1.0,,,,2009-12-31T01:51:21Z,ls7,q9fd4n00vn0u,,,
0.13231685012511082,0.36251702741216996,0.38501614728532396,0.4372319655300098,0.0012903804939352118,0.05393790464649185,2010-01-15T01:57:03Z,ls5,q9fd4n00vn0u,0.4431922883321306,0.36745884016829494,0.13412058635914736
0.02081081081081081,0.3381081081081081,0.9997446796765023,0.627027027027027,0.0,0.0,2010-01-16T01:51:36Z,ls7,q9fd4n00vn0u,0.6359649122807017,0.3429276315789474,0.021107456140350877
0.13122231184463615,0.36050434767193473,0.2214869303596566,0.45087715721642635,0.001382745814091598,0.04303353158599172,2010-01-23T01:57:53Z,ls7,q9fd4n00vn0u,0.4570858558810438,0.3654685886545515,0.1330292780643214
,,1.0,,,,2010-01-24T01:50:54Z,ls5,q9fd4n00vn0u,,,
0.10210715970052468,0.374948417143194,0.06356786000165615,0.4736847845310382,0.0009358604020515239,0.0353268879325591,2010-01-31T01:57:07Z,ls5,q9fd4n00vn0u,0.4801601898330596,0.380074068309628,0.10350299352270184
0.01804733727810651,0.3388520710059172,0.9941690358552541,0.6269112426035505,0.0,0.0035502958579881655,2010-02-01T01:51:49Z,ls7,q9fd4n00vn0u,0.6349651954388075,0.3432053165892583,0.01827919211394611
0.06548918640576726,0.36702181443685056,0.18924756410610288,0.5163437199445063,0.0014979870798614361,0.036921977002493805,2010-02-08T01:58:05Z,ls7,q9fd4n00vn0u,0.5232685277238347,0.3719440308164139,0.06636747737739616
,,1.0,,,,2010-02-09T01:50:58Z,ls5,q9fd4n00vn0u,,,
0.03316063721388749,0.36900193019807315,0.16701399431394737,0.564701482027619,0.0004059214831873949,0.022035737658744295,2010-02-24T01:58:15Z,ls7,q9fd4n00vn0u,0.5709475330797356,0.37308338733551694,0.03352742044281574
0.17931523190093443,0.32160001704109753,0.5140771205387948,0.41570109915078524,0.0005822374960947485,0.07030872788207561,2010-03-12T01:58:22Z,ls7,q9fd4n00vn0u,0.42136674490569903,0.32598314659031286,0.1817591431258177
0.1330643824602635,0.2597087018368483,0.4421250931574153,0.37981050157709195,0.004910631455253881,0.21253015028758737,2010-03-20T01:57:13Z,ls5,q9fd4n00vn0u,0.38471463105666354,0.2630620717291782,0.13478251547131692
0.08611068867013295,0.30145399617748,0.32845234480664665,0.4727571466737912,0.026952876138021744,0.10146118909143222,2010-04-05T01:57:10Z,ls5,q9fd4n00vn0u,0.4789469062693209,0.3054009016416883,0.08723812685953679
0.23501633986928105,0.15787581699346404,0.9957768638383615,0.2942156862745098,0.0,0.30392156862745096,2010-04-06T01:52:17Z,ls7,q9fd4n00vn0u,0.2980568413425155,0.15993697662175854,0.23808461340827505
0.02432437547312642,0.32529942731132544,0.16136244445057824,0.5822083072770956,0.0002468485666326564,0.057630912023170854,2010-04-13T01:58:28Z,ls7,q9fd4n00vn0u,0.588637575731199,0.32889167654585105,0.024592987133146425
,,1.0,,,,2010-04-14T01:50:58Z,ls5,q9fd4n00vn0u,,,
,,1.0,,,,2010-04-22T01:52:17Z,ls7,q9fd4n00vn0u,,,
0.04475924903823183,0.33182369368404585,0.16233542189958317,0.5546426011813066,0.001301579194503711,0.0547816559712005,2010-04-29T01:58:27Z,ls7,q9fd4n00vn0u,0.5622015559750824,0.3363459577415114,0.045369251117702014
,,1.0,,,,2010-04-30T01:50:53Z,ls5,q9fd4n00vn0u,,,
,,1.0,,,,2010-05-08T01:52:14Z,ls7,q9fd4n00vn0u,,,
,,1.0,,,,2010-05-15T01:58:22Z,ls7,q9fd4n00vn0u,,,
,,1.0,,,,2010-05-24T01:52:11Z,ls7,q9fd4n00vn0u,,,
0.030444275241704146,0.0848705599036725,0.6102983797510282,0.19512200304564928,0.0831001876969933,0.6021177887169317,2010-05-31T01:58:23Z,ls7,q9fd4n00vn0u,0.19785312633252208,0.08605849339607635,0.03087040385747656
,,1.0,,,,2010-06-09T01:52:13Z,ls7,q9fd4n00vn0u,,,
0.09330438066465256,0.13986518126888217,0.8172734549670153,0.2698413897280967,0.06076283987915408,0.42972054380664654,2010-06-16T01:58:24Z,ls7,q9fd4n00vn0u,0.2733313685946697,0.14167411994685764,0.094511127772672
,,1.0,,,,2010-06-25T01:52:15Z,ls7,q9fd4n00vn0u,,,
0.03748324393710172,0.23926722596616692,0.2473915923707527,0.431304359785449,0.004015953789024893,0.27904460642735984,2010-07-02T01:58:27Z,ls7,q9fd4n00vn0u,0.43671632918138953,0.24226953019750977,0.037953580404716095
0.03735460718432255,0.11454315167294092,0.6077313754174832,0.23886817014389752,0.03486612954297576,0.5689406466593956,2010-07-18T01:58:29Z,ls7,q9fd4n00vn0u,0.24218577764406393,0.1161340259148038,0.037873420238760995
,,1.0,,,,2010-07-27T01:52:18Z,ls7,q9fd4n00vn0u,,,
0.12255425709515858,0.05797996661101836,0.9875997129371498,0.1593099610461881,0.05008347245409015,0.6060100166944908,2010-08-03T01:58:28Z,ls7,q9fd4n00vn0u,0.16121427202643562,0.058673029909299734,0.12401920891568362
0.13273289365210222,0.0521166529266282,0.9665185348753761,0.10975061830173122,0.04905193734542457,0.6547815333882935,2010-08-19T01:58:29Z,ls7,q9fd4n00vn0u,0.11033415314088972,0.05239375280226999,0.13343862332312223
,,1.0,,,,2010-08-28T01:52:20Z,ls7,q9fd4n00vn0u,,,
0.05599862731640356,0.13191250634120139,0.768755692953159,0.20292023514666827,0.3127629733520337,0.2922025603533168,2010-09-04T01:58:32Z,ls7,q9fd4n00vn0u,0.205102489692154,0.13333112615682222,0.056600850445673326
,,1.0,,,,2010-09-21T01:50:14Z,ls5,q9fd4n00vn0u,,,
0.12474700156151367,0.30713943984849995,0.5846007342184438,0.4297775673610419,0.005000166118475697,0.12199740855177912,2010-10-06T01:58:32Z,ls7,q9fd4n00vn0u,0.4354329005729628,0.3111810092713331,0.12638851548544938
,,1.0,,,,2010-10-07T01:50:07Z,ls5,q9fd4n00vn0u,,,
0.022523696682464452,0.27978672985781994,0.9941759364045378,0.3056753554502369,0.017772511848341232,0.3696682464454976,2010-10-14T01:56:14Z,ls5,q9fd4n00vn0u,0.30797474133330577,0.28189137338054515,0.022693126992310332
,,1.0,,,,2010-10-15T01:52:27Z,ls7,q9fd4n00vn0u,,,
0.05677578630326372,0.24408038315311315,0.8602431753567584,0.31019453908063005,0.030118994716832076,0.3516022317681331,2010-10-22T01:58:42Z,ls7,q9fd4n00vn0u,0.313863802945281,0.24696758849408493,0.05744738207566886
,,1.0,,,,2010-10-31T01:52:36Z,ls7,q9fd4n00vn0u,,,
0.28186813186813187,0.1732967032967033,0.9993720500151813,0.29637362637362635,0.02197802197802198,0.21978021978021978,2010-11-15T01:56:03Z,ls5,q9fd4n00vn0u,0.29901711097792394,0.17484241157292774,0.28438223569090654
,,1.0,,,,2010-11-16T01:52:49Z,ls7,q9fd4n00vn0u,,,
,,1.0,,,,2010-11-24T01:49:53Z,ls5,q9fd4n00vn0u,,,
0.07873293329854769,0.321362727193669,0.8413011675729388,0.3680802678493783,0.0037829376467518913,0.22067136272719368,2010-12-01T01:56:04Z,ls5,q9fd4n00vn0u,0.3716115779155878,0.3244458357777671,0.07948828593269959
,,1.0,,,,2010-12-02T01:52:59Z,ls7,q9fd4n00vn0u,,,
,,1.0,,,,2010-12-10T01:49:53Z,ls5,q9fd4n00vn0u,,,
0.10571608412322275,0.31504220971563973,0.9068149824726048,0.4073555983412322,0.0016291469194312795,0.1617298578199052,2010-12-17T01:56:06Z,ls5,q9fd4n00vn0u,0.4115501459877618,0.3182862048017543,0.10680464447114742
,,1.0,,,,2010-12-18T01:53:07Z,ls7,q9fd4n00vn0u,,,
0.0,0.0,0.9999792983521488,0.0,0.0,1.0,2010-12-25T01:59:21Z,ls7,q9fd4n00vn0u,0.0,0.0,0.0
,,1.0,,,,2010-12-26T01:49:58Z,ls5,q9fd4n00vn0u,,,
0.05501882635360663,0.37576415264966545,0.16063098622650362,0.532381657047962,0.0019319620513326427,0.022312106414114012,2011-01-02T01:56:10Z,ls5,q9fd4n00vn0u,0.5393413963312401,0.3806764566327608,0.05573807857055248
,,1.0,,,,2011-01-03T01:53:16Z,ls7,q9fd4n00vn0u,,,
0.04675282335048377,0.36145171989774455,0.1470093019404345,0.5621394363006827,0.0014642591334174675,0.014836747241368152,2011-01-10T01:59:31Z,ls7,q9fd4n00vn0u,0.5698762597806725,0.3664264432008998,0.0473962906436419
,,1.0,,,,2011-01-11T01:50:00Z,ls5,q9fd4n00vn0u,,,
0.0,0.0,0.9999792983521488,0.0,0.0,1.0,2011-01-18T01:56:11Z,ls5,q9fd4n00vn0u,0.0,0.0,0.0
,,1.0,,,,2011-01-19T01:53:24Z,ls7,q9fd4n00vn0u,,,
0.05728587071133102,0.2205182902100738,0.6596925115239173,0.36988340498012817,0.01950685375942899,0.32443831616513913,2011-01-26T01:59:37Z,ls7,q9fd4n00vn0u,0.3746618079107171,0.223367093995269,0.058025928169445615
,,1.0,,,,2011-01-27T01:50:00Z,ls5,q9fd4n00vn0u,,,
0.03001414612603163,0.36645132352535265,0.0,0.5799403792541887,0.0011040878853956775,0.010461232714124044,2011-02-03T01:56:13Z,ls5,q9fd4n00vn0u,0.5870849539482261,0.3709658200948495,0.030383905357404616
0.1251264,0.20976960000000003,0.9784357834883657,0.307568,0.00864,0.34272,2011-02-11T01:59:41Z,ls7,q9fd4n00vn0u,0.3105246481047965,0.2117861130647009,0.12632923883050257
0.33599999999999997,0.246,0.9999309945071627,0.40800000000000003,0.0,0.0,2011-02-27T01:59:46Z,ls7,q9fd4n00vn0u,0.41212121212121217,0.24848484848484848,0.33939393939393936
,,1.0,,,,2011-03-08T01:53:38Z,ls7,q9fd4n00vn0u,,,
0.03498666153756094,0.3359533028374547,0.17483921720168927,0.5868599837764157,0.0013045768905911572,0.028474899438864682,2011-03-15T01:59:49Z,ls7,q9fd4n00vn0u,0.5944702773055691,0.34030988416411007,0.03544036220086502
0.06363550741700023,0.27746700092799076,0.5017872422644842,0.42468732253909336,0.05815870025900636,0.16669205944680673,2011-03-23T01:56:05Z,ls5,q9fd4n00vn0u,0.42987781001048586,0.28085817583622935,0.06441325444747167
,,1.0,,,,2011-03-24T01:53:38Z,ls7,q9fd4n00vn0u,,,
0.018726951777260695,0.3374762095803579,0.13998454276960448,0.6228080718928029,0.00019257000722137528,0.01085613415710503,2011-03-31T01:59:52Z,ls7,q9fd4n00vn0u,0.6291315450082857,0.3409026612188391,0.018917089608548845
,,1.0,,,,2011-04-01T01:49:54Z,ls5,q9fd4n00vn0u,,,
0.07709682526378528,0.27702465100252377,0.25902591846310963,0.44617616107432556,0.017098315313050037,0.17242663835573063,2011-04-08T01:56:03Z,ls5,q9fd4n00vn0u,0.4518501966596257,0.28054758177499917,0.07807726789659442
,,1.0,,,,2011-04-09T01:53:42Z,ls7,q9fd4n00vn0u,,,
0.01720874469951159,0.3313600630828526,0.1423928344696238,0.6295669490911724,0.0005391009084252621,0.0113050265124999,2011-04-16T01:59:52Z,ls7,q9fd4n00vn0u,0.6360162927839538,0.3347545470785071,0.01738503271661397
0.08377433198188586,0.19741849823363442,0.41791106572083137,0.3792642909642696,0.012494961708988311,0.3180643478673211,2011-05-02T01:59:52Z,ls7,q9fd4n00vn0u,0.3844230619281289,0.20010379405683734,0.08491383443872426
,,1.0,,,,2011-05-11T01:53:40Z,ls7,q9fd4n00vn0u,,,
0.12810146661842875,0.1246027328639412,0.752042562587982,0.21839868644421562,0.018339687752205493,0.5042718392563939,2011-05-18T01:59:49Z,ls7,q9fd4n00vn0u,0.2213126230799175,0.12626521753412054,0.1298106323773626
,,1.0,,,,2011-05-27T01:53:40Z,ls7,q9fd4n00vn0u,,,
0.1252697785306481,0.0638179936006023,0.7800242899334787,0.13535573122529643,0.050944224857268336,0.6208670556496644,2011-06-03T01:59:52Z,ls7,q9fd4n00vn0u,0.1369182111748438,0.0645546771124021,0.1267158312058214
0.23775001304189056,0.1295946580416297,0.8677233707803141,0.23132662110699567,0.020658354635087903,0.3726328968647295,2011-06-19T01:59:49Z,ls7,q9fd4n00vn0u,0.23443229467889393,0.13133453001405143,0.2409419238072371
,,1.0,,,,2011-07-14T01:53:36Z,ls7,q9fd4n00vn0u,,,
0.0410112593327625,0.16554756207837523,0.13768665985812467,0.41455030689083966,0.0003841136976545057,0.37053367796867875,2011-07-21T01:59:46Z,ls7,q9fd4n00vn0u,0.41987182387294897,0.16767267005273465,0.041537714407983206
,,1.0,,,,2011-07-30T01:53:33Z,ls7,q9fd4n00vn0u,,,
0.023468542914806045,0.3008704530646623,0.1315382704463275,0.5981988653519157,0.00015891429751934783,0.06849206223083891,2011-08-06T01:59:41Z,ls7,q9fd4n00vn0u,0.6039122646774753,0.303744067748985,0.023692691045181447
,,1.0,,,,2011-08-15T01:53:29Z,ls7,q9fd4n00vn0u,,,
0.05153841199505358,0.15323178586150044,0.4642965580060173,0.3009812963726298,0.02511850783182193,0.4615622423742787,2011-08-22T01:59:39Z,ls7,q9fd4n00vn0u,0.3054849961273301,0.15552465244395522,0.05230960122261408
0.20470736657341893,0.1466104437496572,0.7483921720168926,0.23764028303439197,0.2264549393889529,0.1798859086171905,2011-08-30T01:54:58Z,ls5,q9fd4n00vn0u,0.23953712581066494,0.14778068710066544,0.20634133908252617
,,1.0,,,,2011-08-31T01:53:26Z,ls7,q9fd4n00vn0u,,,
0.1413138432592807,0.22826847094579925,0.5232065472411604,0.3543191258412331,0.008437658296548231,0.25829654823069687,2011-09-07T01:59:35Z,ls7,q9fd4n00vn0u,0.35890258062744396,0.23122134065954533,0.14314187218576555
,,1.0,,,,2011-09-16T01:53:21Z,ls7,q9fd4n00vn0u,,,
0.042340588865610054,0.34482071745006154,0.13705870987330593,0.5702513314248245,0.0009515889135893294,0.028891518863850815,2011-09-23T01:59:31Z,ls7,q9fd4n00vn0u,0.5778420272229966,0.3494106745914697,0.04290419040809359
0.04623733749206437,0.3770077838195921,0.0,0.5534691131414061,0.0011937950260840762,0.00920533274448646,2011-10-01T01:54:28Z,ls5,q9fd4n00vn0u,0.5607715110484606,0.381981974404287,0.04684738677668192
0.04998606089044688,0.3792940738082752,0.0,0.5471139142675757,0.0014905186452841646,0.008929310773137541,2011-11-02T01:54:04Z,ls5,q9fd4n00vn0u,0.5545026428434844,0.3844164091917058,0.05066111854638821
,,1.0,,,,2011-11-03T01:53:28Z,ls7,q9fd4n00vn0u,,,
,,1.0,,,,2011-12-05T01:53:50Z,ls7,q9fd4n00vn0u,,,
,,1.0,,,,2011-12-21T01:53:58Z,ls7,q9fd4n00vn0u,,,
0.03001801831315828,0.3447179314976494,0.1574567335559911,0.5859643892610854,0.0015643171878327246,0.025340300414421202,2011-12-28T02:00:14Z,ls7,q9fd4n00vn0u,0.5935245552118072,0.3491655136648834,0.03040531352105557
,,1.0,,,,2012-01-06T01:54:06Z,ls7,q9fd4n00vn0u,,,
0.024737775259067354,0.33658630181347143,0.147644152474537,0.5955386172279793,0.0013196243523316063,0.029598445595854922,2012-01-13T02:00:17Z,ls7,q9fd4n00vn0u,0.6031437070765587,0.3408845437629311,0.025053679212323758
,,1.0,,,,2012-01-22T01:54:04Z,ls7,q9fd4n00vn0u,,,
0.07074279379157428,0.2390624010136205,0.8257197272902923,0.4304014887551473,0.0016233766233766235,0.24893094710167882,2012-01-29T02:00:17Z,ls7,q9fd4n00vn0u,0.43577360482391375,0.24204629163546215,0.07162577981556861
,,1.0,,,,2012-02-07T01:54:10Z,ls7,q9fd4n00vn0u,,,
0.11161509665411785,0.21635284040438224,0.34745645753401966,0.32135707034389405,0.0077513641554925765,0.33824711306628313,2012-02-14T02:00:23Z,ls7,q9fd4n00vn0u,0.3236715219104631,0.21791103910799173,0.11241896175976944
,,1.0,,,,2012-02-23T01:54:13Z,ls7,q9fd4n00vn0u,,,
0.381562129264364,0.2522500217015982,0.2845579508128847,0.32151737574629385,0.0013117410468850973,0.032571687612727745,2012-03-01T02:00:22Z,ls7,q9fd4n00vn0u,0.3251477694313196,0.25509828731619355,0.38587051459287386
,,1.0,,,,2012-03-10T01:54:09Z,ls7,q9fd4n00vn0u,,,
0.3919606094925982,0.2791628713944913,0.14090231582433965,0.3107882920873595,5.6226254447898346e-05,0.010201049021261557,2012-03-17T02:00:23Z,ls7,q9fd4n00vn0u,0.3132668937160774,0.28138925367893547,0.3950865773292776
,,1.0,,,,2012-03-26T01:54:12Z,ls7,q9fd4n00vn0u,,,
,,1.0,,,,2012-04-02T02:00:22Z,ls7,q9fd4n00vn0u,,,
,,1.0,,,,2012-04-11T01:54:07Z,ls7,q9fd4n00vn0u,,,
0.0,0.1442857142857143,0.9998067846200558,0.13714285714285715,0.0,0.6785714285714286,2012-05-13T01:54:47Z,ls7,q9fd4n00vn0u,0.15663524292965914,0.16479332849891223,0.0
,,1.0,,,,2012-05-20T02:00:56Z,ls7,q9fd4n00vn0u,,,
0.12313492063492064,0.5119767783656672,0.9060973253470976,0.343099647266314,0.0,0.015726043503821282,2012-05-29T01:54:34Z,ls7,q9fd4n00vn0u,0.34522605833189424,0.5151498305547646,0.12389806760952014
,,1.0,,,,2012-06-14T01:54:29Z,ls7,q9fd4n00vn0u,,,
0.09520633767648795,0.21682813516744598,0.5440048027823015,0.20727107640622874,0.02751169019839288,0.44643694859339295,2012-06-21T02:00:43Z,ls7,q9fd4n00vn0u,0.20996354080950402,0.21964474636901432,0.09644307402969603
,,1.0,,,,2012-06-30T01:54:38Z,ls7,q9fd4n00vn0u,,,
,,1.0,,,,2012-07-16T01:54:52Z,ls7,q9fd4n00vn0u,,,
,,1.0,,,,2012-08-01T01:55:01Z,ls7,q9fd4n00vn0u,,,
0.016451299826689775,0.016732755632582322,0.9004595765822959,0.04222114384748701,0.3758752166377816,0.5478682842287695,2012-08-08T02:01:18Z,ls7,q9fd4n00vn0u,0.042697806634276886,0.01692166292413538,0.016637029575036526
,,1.0,,,,2012-08-17T01:55:14Z,ls7,q9fd4n00vn0u,,,
,,1.0,,,,2012-09-02T01:55:23Z,ls7,q9fd4n00vn0u,,,
,,1.0,,,,2012-09-09T02:01:39Z,ls7,q9fd4n00vn0u,,,
,,1.0,,,,2012-09-18T01:55:31Z,ls7,q9fd4n00vn0u,,,
,,1.0,,,,2012-10-04T01:55:42Z,ls7,q9fd4n00vn0u,,,
0.09771662650602411,0.4394183935742972,0.14088161417648848,0.4331175100401607,0.001389558232931727,0.016353413654618475,2012-10-11T02:01:55Z,ls7,q9fd4n00vn0u,0.43847627811151796,0.4448551196425522,0.09892563035837972
,,1.0,,,,2012-10-20T01:55:52Z,ls7,q9fd4n00vn0u,,,
0.07974533271049114,0.4308306889386447,0.14321399983438676,0.4555704643932926,0.0006282115300977755,0.02162497382451958,2012-10-27T02:02:05Z,ls7,q9fd4n00vn0u,0.461040408304604,0.4360035872890777,0.0807028190517011
,,1.0,,,,2012-11-05T01:55:55Z,ls7,q9fd4n00vn0u,,,
0.23680181017915816,0.27103434381005526,0.3321234370255872,0.3959814435972145,0.001177856301531213,0.08409274068563635,2012-11-12T02:02:10Z,ls7,q9fd4n00vn0u,0.40076213438763303,0.27430654611218597,0.23966072251301354
0.17083759590792838,0.1411084631481051,0.7625659002456595,0.2676572308765403,0.0030516159032783073,0.4094977912113462,2012-11-28T02:02:15Z,ls7,q9fd4n00vn0u,0.2712810670670501,0.14301894377987695,0.1731505820384484
0.08714069396565612,0.3780918360771933,0.1432554031300891,0.4985777570153677,0.0020135957988337253,0.021787106543380907,2012-12-30T02:02:25Z,ls7,q9fd4n00vn0u,0.5049865754304789,0.38295190431641896,0.08826081791088751
,,1.0,,,,2013-01-08T01:56:14Z,ls7,q9fd4n00vn0u,,,
,,1.0,,,,2013-01-24T01:56:16Z,ls7,q9fd4n00vn0u,,,
0.06296540442094915,0.38199587399569673,0.14370393883353116,0.5140513010613179,0.001039559677978258,0.02803587689679348,2013-01-31T02:02:28Z,ls7,q9fd4n00vn0u,0.5204363798155988,0.3867406800767963,0.0637475035328332
,,1.0,,,,2013-02-09T01:56:17Z,ls7,q9fd4n00vn0u,,,
0.1288731200161502,0.2982956495407288,0.3163625824615639,0.4808039769859695,0.0015241748258806903,0.07878267891389926,2013-02-16T02:02:27Z,ls7,q9fd4n00vn0u,0.4870103469650618,0.30214614423881536,0.13053665505634296
,,1.0,,,,2013-02-25T01:56:13Z,ls7,q9fd4n00vn0u,,,
0.11212668802322082,0.16125891577140225,0.6101120649203677,0.33472575706624663,0.002407037043592149,0.3814622750039822,2013-03-04T02:02:24Z,ls7,q9fd4n00vn0u,0.33913987511213045,0.1633854802055379,0.11360533263475732
0.09693682410462678,0.31967280040463397,0.42699218857821086,0.469616561092512,0.0006743900382957201,0.10214600544329103,2013-03-20T02:02:21Z,ls7,q9fd4n00vn0u,0.47542084334845275,0.3236238347522706,0.09813492641769
0.07587722932019361,0.26814830157415076,0.3669988131055232,0.47591026032355116,0.0019513365019840404,0.1684581171237954,2013-04-05T02:02:18Z,ls7,q9fd4n00vn0u,0.4815141101481598,0.27130575149280517,0.07677068473325548
,,1.0,,,,2013-04-14T01:56:05Z,ls7,q9fd4n00vn0u,,,
0.02042003539764182,0.3220848047728652,0.16953959535178997,0.5415289953218609,0.00019942333419196157,0.10782154935312056,2013-05-07T02:02:09Z,ls7,q9fd4n00vn0u,0.5463959490190582,0.3249795192663498,0.02060355902727938
,,1.0,,,,2013-05-16T01:55:57Z,ls7,q9fd4n00vn0u,,,
0.034695995681617436,0.30861836294042594,0.1562836401777582,0.5382250466189027,0.0007688029574377597,0.10777963162888082,2013-05-23T02:02:06Z,ls7,q9fd4n00vn0u,0.5442769290864894,0.31208851371023383,0.03508612261695815
0.07348546042003232,0.05367662897145935,0.9487427199205056,0.12776252019386106,0.1362412493268713,0.6059504577275175,2013-05-31T02:08:19Z,ls8,q9fd4n00vn0u,0.12920775788255257,0.054283813982163226,0.07431672108089538
,,1.0,,,,2013-06-08T02:01:56Z,ls7,q9fd4n00vn0u,,,
0.15748614201381297,0.07987897573083998,0.46346159154268685,0.23554242280040644,0.020346481807775905,0.5019613391123172,2013-06-24T02:01:52Z,ls7,q9fd4n00vn0u,0.23792552151653867,0.08068715067549286,0.15907950688787542
0.03959811200971597,0.21457216594440917,0.0,0.4810302520080598,0.0005037400977117778,0.25028292252063267,2013-07-02T02:08:14Z,ls8,q9fd4n00vn0u,0.4901986135769436,0.2186618779568751,0.04035284584783672
,,1.0,,,,2013-07-03T01:55:35Z,ls7,q9fd4n00vn0u,,,
0.022810480349344978,0.1233559348947995,0.13087581771509016,0.22768209606986897,0.000889241762604208,0.6201905518062724,2013-07-10T02:01:40Z,ls7,q9fd4n00vn0u,0.23077087171012026,0.12502940335525567,0.023119931365747543
0.05485426603073661,0.053368662780427484,0.7656159430290651,0.1675699228640405,0.051993169640228466,0.6681092857563445,2013-07-18T02:08:13Z,ls8,q9fd4n00vn0u,0.17006390729179074,0.05416296173115406,0.055670675580482165
0.0013825306720380885,0.0038857352133308916,0.9623161003615888,0.008798754806811939,0.40102545321369715,0.5846914484526643,2013-07-26T02:01:33Z,ls7,q9fd4n00vn0u,0.008933908811915255,0.003945422372296394,0.0014037671494268509
,,1.0,,,,2013-08-04T01:55:20Z,ls7,q9fd4n00vn0u,,,
0.029350357917434528,0.07155390073589332,0.4495638852852687,0.17459362894430028,0.05780585956598593,0.663006004989532,2013-08-11T02:01:28Z,ls7,q9fd4n00vn0u,0.1769322812254645,0.07251235319600904,0.029743501023008517
0.05785952039826916,0.19140132273983707,0.046357890088051024,0.43551281494667077,0.0021273824512655754,0.30010564552309005,2013-08-19T02:08:17Z,ls8,q9fd4n00vn0u,0.443776501294799,0.19503308842722,0.058957382303625426
,,1.0,,,,2013-08-20T01:55:25Z,ls7,q9fd4n00vn0u,,,
0.09128154703375944,0.06188462799082268,0.9789464241353611,0.1965290068829892,0.12323828253031793,0.5214683710258932,2013-09-04T02:08:18Z,ls8,q9fd4n00vn0u,0.19967518038949522,0.0628753203071006,0.09274284574719305
,,1.0,,,,2013-09-05T01:55:36Z,ls7,q9fd4n00vn0u,,,
0.12773774843011587,0.06645497507606656,0.7868144304286622,0.21190619537774324,0.07778209361040979,0.5124619667249304,2013-09-12T02:01:52Z,ls7,q9fd4n00vn0u,0.21381446285649566,0.06705341849350843,0.12888805831465572
,,1.0,,,,2013-09-21T01:55:46Z,ls7,q9fd4n00vn0u,,,
0.13537684025488902,0.15995165897604924,0.9057868006293301,0.40019629385483046,0.004248150589614004,0.2920237310481213,2013-09-28T02:02:01Z,ls7,q9fd4n00vn0u,0.4049163849365217,0.1618381991830119,0.136973534242731
0.10223511896295032,0.23946563872056745,0.2723163763835601,0.5186147383194409,0.001906062416431965,0.12176040510938523,2013-10-06T02:08:09Z,ls8,q9fd4n00vn0u,0.5282707189817799,0.24392419997216883,0.10413861352023401
0.02864182810100944,0.3460474175949822,0.15506914350382295,0.5566890170200255,0.000824866877919702,0.05641762765019111,2013-10-14T02:02:15Z,ls7,q9fd4n00vn0u,0.5634904420884245,0.35027529978580435,0.0289917635976603
0.10114625703158808,0.15372479446127216,0.6810566121063237,0.3807563825183903,0.011337083513630462,0.3419082648204241,2013-10-22T02:08:03Z,ls8,q9fd4n00vn0u,0.38742185810203444,0.15641588228311015,0.1029169112808008
0.041350985152148134,0.3379679170262357,0.14439399376190343,0.5546004145462171,0.002080796186820011,0.05145534756554911,2013-10-30T02:02:19Z,ls7,q9fd4n00vn0u,0.5620498876379225,0.342507551036078,0.04190641757363033
0.11460430540498685,0.1861695833978628,0.5544315327500069,0.47202292086108094,0.002617314542357132,0.2108099736719839,2013-11-07T02:08:00Z,ls8,q9fd4n00vn0u,0.4804372174467803,0.18948824870142064,0.11664724563745796
,,1.0,,,,2013-11-08T01:56:14Z,ls7,q9fd4n00vn0u,,,
0.03751399002834136,0.35433012452530244,0.14051588506445112,0.5584386566361308,0.001517426316507832,0.03598468122004287,2013-11-15T02:02:26Z,ls7,q9fd4n00vn0u,0.5656169367455111,0.3588847534980805,0.03799620221985767
0.0824365001108334,0.2696797297194004,0.0972218388583731,0.5527764910912886,0.002124943627844405,0.07597820021860931,2013-11-23T02:07:50Z,ls8,q9fd4n00vn0u,0.5631638950235777,0.2747473697693882,0.08398559136058048
0.11303953147877012,0.08714202049780381,0.976434624196086,0.217502196193265,0.0014641288433382138,0.5751098096632503,2013-12-09T02:07:52Z,ls8,q9fd4n00vn0u,0.22049241490438184,0.08834004840178657,0.11459359818724306
,,1.0,,,,2013-12-10T01:56:26Z,ls7,q9fd4n00vn0u,,,
,,1.0,,,,2013-12-17T02:02:34Z,ls7,q9fd4n00vn0u,,,
,,1.0,,,,2013-12-26T01:56:29Z,ls7,q9fd4n00vn0u,,,
0.039836601307189544,0.11254901960784312,0.9978884319191808,0.08673202614379084,0.0,0.7581699346405228,2014-01-02T02:02:42Z,ls7,q9fd4n00vn0u,0.08771586626541647,0.1138257134205329,0.04028848567352777
0.0,0.0,0.9999861989014326,0.0,0.0,1.0,2014-01-10T02:07:31Z,ls8,q9fd4n00vn0u,0.0,0.0,0.0
,,1.0,,,,2014-01-11T01:56:33Z,ls7,q9fd4n00vn0u,,,
0.026898485283855342,0.34676441853782686,0.1594785944961219,0.5630313205533435,0.0005008004597512418,0.05142646032593079,2014-01-18T02:02:53Z,ls7,q9fd4n00vn0u,0.569870756592545,0.35097674736338763,0.02722523525838523
0.1618236683285227,0.18488323274731042,0.9211060200391952,0.4551298871687221,0.0,0.18542814659319515,2014-01-26T02:07:22Z,ls8,q9fd4n00vn0u,0.4623584265115855,0.187819615875352,0.16439381101986736
0.0436954683588812,0.3375229595894482,0.17573628860857327,0.5585378697184572,0.0007953185041314703,0.047082855444583044,2014-02-03T02:03:09Z,ls7,q9fd4n00vn0u,0.5658872388037922,0.34196416391825735,0.04427042332923597
0.11711068669155308,0.19477524090632867,0.6025628640039747,0.44939196110773505,0.0027432936886882544,0.22295338136991058,2014-02-11T02:07:09Z,ls8,q9fd4n00vn0u,0.45708104077381523,0.19810783800178425,0.11911444616580152
0.02325309580005819,0.3430928901678037,0.1462916448149273,0.5771959164538135,0.0005496459633353811,0.04474764783859808,2014-02-19T02:02:57Z,ls7,q9fd4n00vn0u,0.5840233507707648,0.3471512074660708,0.02352814796123088
0.057484731586465804,0.29567743449246753,6.210494355352036e-05,0.5996291414493434,0.0013387897065014111,0.028390622951272194,2014-02-27T02:06:56Z,ls8,q9fd4n00vn0u,0.6106295415004117,0.3011017373501122,0.05853930849170254
,,1.0,,,,2014-02-28T01:56:47Z,ls7,q9fd4n00vn0u,,,
0.033824313372354795,0.3328778027915353,0.23369400204256263,0.5751709140027015,0.0006933813597478614,0.04574515983791085,2014-03-07T02:03:03Z,ls7,q9fd4n00vn0u,0.582308653343736,0.33700874010233806,0.034244065356267187
,,1.0,,,,2014-03-16T01:56:57Z,ls7,q9fd4n00vn0u,,,
0.03833296798759448,0.31595830187300583,0.15005244417455632,0.5692749916782358,0.00044653368081772494,0.06404916741765514,2014-03-23T02:03:10Z,ls7,q9fd4n00vn0u,0.5766334524658537,0.3200423856793238,0.03882846075634965
,,1.0,,,,2014-04-01T01:57:03Z,ls7,q9fd4n00vn0u,,,
0.328970736629667,0.20303913795588865,0.6170471169505092,0.4543795949257604,0.0,0.0026488395560040363,2014-04-08T02:03:14Z,ls7,q9fd4n00vn0u,0.4594290899169834,0.20529550052493845,0.33262657000207413
,,1.0,,,,2014-04-17T01:57:11Z,ls7,q9fd4n00vn0u,,,
,,1.0,,,,2014-04-24T02:03:27Z,ls7,q9fd4n00vn0u,,,
0.05098067801482516,0.2030601014352888,0.3278726986668139,0.46801965052052313,0.0017864109566538674,0.2660622985154309,2014-05-10T02:03:31Z,ls7,q9fd4n00vn0u,0.4745602679473231,0.20589788492719624,0.051693137653395886
,,1.0,,,,2014-05-19T01:57:25Z,ls7,q9fd4n00vn0u,,,
,,1.0,,,,2014-06-03T02:05:53Z,ls8,q9fd4n00vn0u,,,
,,1.0,,,,2014-06-04T01:57:28Z,ls7,q9fd4n00vn0u,,,
0.02324795607445622,0.05487223579811145,0.5425349857848685,0.11899025552840378,0.15201979062961957,0.6486861556098591,2014-06-11T02:03:40Z,ls7,q9fd4n00vn0u,0.1203084397348844,0.05548011510959074,0.023505498916046204
0.0002552058869578832,0.0002677313292625646,0.9559261917248613,0.0004055111946140598,0.08579927978706749,0.9132613120400814,2014-06-19T02:05:58Z,ls8,q9fd4n00vn0u,0.0004102980046685231,0.00027089173281203647,0.0002582184353705377
,,1.0,,,,2014-06-20T01:57:29Z,ls7,q9fd4n00vn0u,,,
0.06781727357183108,0.14137722544585066,0.5469030334814651,0.31737576339074947,0.02421528761365194,0.4423935060385922,2014-06-27T02:03:44Z,ls7,q9fd4n00vn0u,0.3214869000126454,0.1432085596435943,0.06869574669151611
0.43357884865098834,0.05346053960467465,0.904344585829032,0.34755302265185406,0.020487664117731928,0.13987880536719088,2014-07-05T02:06:04Z,ls8,q9fd4n00vn0u,0.34965231846890066,0.053783452886546956,0.4361977591596294
0.02390147378792233,0.24885151278788134,0.15954759998895907,0.573256619729874,0.00022989449484790017,0.14484995278952337,2014-07-13T02:03:47Z,ls7,q9fd4n00vn0u,0.579294411354038,0.25147252670705633,0.024153214654534384
0.1076656697055962,0.1941450758531224,0.8085028568274035,0.46965766999387415,0.0003963821123563115,0.21397427119743434,2014-07-21T02:06:08Z,ls8,q9fd4n00vn0u,0.47827861906833863,0.1977087668538669,0.10964196076800375
,,1.0,,,,2014-07-22T01:57:38Z,ls7,q9fd4n00vn0u,,,
0.14449021627188466,0.0270442842430484,0.9798986999365149,0.08534157226227257,0.11912118091314795,0.6237555784414692,2014-07-29T02:03:53Z,ls7,q9fd4n00vn0u,0.08542368849153013,0.02707030643347845,0.14462924572037422
0.02933002567004334,0.2587394766623423,0.0,0.5741298407353226,0.00012420988710701373,0.12162908167490132,2014-08-06T02:06:16Z,ls8,q9fd4n00vn0u,0.5848156193761198,0.26355516917138944,0.029875919890482352
0.05393403659317679,0.23048037225956305,0.10577851997018961,0.519898755276378,0.0020449582134010355,0.17795766550657088,2014-08-22T02:06:20Z,ls8,q9fd4n00vn0u,0.5300368491661852,0.23497476973601597,0.054985757377826974
,,1.0,,,,2014-08-30T02:03:53Z,ls7,q9fd4n00vn0u,,,
0.07550962693216595,0.03961879673032969,0.8218761213392586,0.16146476581567426,0.030023631503505985,0.6892650989811335,2014-09-07T02:06:23Z,ls8,q9fd4n00vn0u,0.16386874702023557,0.04020866438477373,0.07663385811035123
,,1.0,,,,2014-09-08T01:57:43Z,ls7,q9fd4n00vn0u,,,
0.1077434702716892,0.150320252001575,0.7896988600292583,0.3160342564641029,0.06290195563722273,0.3554928468302927,2014-09-15T02:03:55Z,ls7,q9fd4n00vn0u,0.32016689304862156,0.1522859217355025,0.10915238274836041
,,1.0,,,,2014-09-24T01:57:49Z,ls7,q9fd4n00vn0u,,,
0.02337640968013806,0.3108887907854075,0.14029506748737197,0.5793731990207489,0.0008187181442388731,0.073636473090661,2014-10-01T02:04:07Z,ls7,q9fd4n00vn0u,0.5869235104312486,0.31494025051538965,0.02368104781846199
0.07860225751600884,0.19294146376759164,0.6185238344972259,0.45566893383017976,0.00577041351615354,0.25355450236966826,2014-10-09T02:06:27Z,ls8,q9fd4n00vn0u,0.4641044452672243,0.19651326733693086,0.08005737151002301
,,1.0,,,,2014-10-10T01:58:01Z,ls7,q9fd4n00vn0u,,,
0.1983286810886252,0.1883949755757153,0.9802230257528499,0.3419678995115142,0.0,0.26517794836008374,2014-11-02T02:04:26Z,ls7,q9fd4n00vn0u,0.344844881739512,0.18997994597015774,0.1999972239302465
0.06173149630437004,0.20302053884669097,0.5948135471583538,0.3357629687659661,0.006658946149392009,0.38199529956742395,2014-11-10T02:06:29Z,ls8,q9fd4n00vn0u,0.34181871237467437,0.20668217054799481,0.06284487136051495
,,1.0,,,,2014-11-11T01:58:20Z,ls7,q9fd4n00vn0u,,,
0.011340206185567012,0.004536082474226804,0.9993306467194789,0.014948453608247422,0.0,0.9690721649484536,2014-11-18T02:04:29Z,ls7,q9fd4n00vn0u,0.01499844843636865,0.004551253318622211,0.01137813329655553
0.17919903548776014,0.2596263388722895,0.21014932788649976,0.5132123324771539,0.00041935314776956543,0.031049605982771573,2014-11-26T02:06:27Z,ls8,q9fd4n00vn0u,0.522103348419305,0.26412416905258546,0.1823035233975683
0.13298140770252326,0.19869853917662683,0.9896077727787131,0.39054448871181935,0.0013280212483399733,0.2656042496679947,2014-12-12T02:06:19Z,ls8,q9fd4n00vn0u,0.39640802406782255,0.2016817483712854,0.13497795664455733
,,1.0,,,,2014-12-13T01:58:31Z,ls7,q9fd4n00vn0u,,,
,,1.0,,,,2014-12-20T02:04:47Z,ls7,q9fd4n00vn0u,,,
0.0811846230913375,0.23713798029648045,0.6280672941566149,0.5099831165698807,0.0025232379079389226,0.15408449136347613,2014-12-28T02:06:19Z,ls8,q9fd4n00vn0u,0.5192718199979087,0.24145715145906882,0.08266329927160737
,,1.0,,,,2014-12-29T01:58:35Z,ls7,q9fd4n00vn0u,,,
0.038208539008910816,0.33579323995127897,0.13886665378564134,0.5793734373998333,0.0015225334957369061,0.03169273671389192,2015-01-05T02:04:48Z,ls7,q9fd4n00vn0u,0.5875225016472367,0.34051627437012877,0.03874595377300563
0.05896429655800604,0.3039286207182092,0.0,0.5936045709238454,0.0018700488558889288,0.023758591183858237,2015-01-13T02:06:18Z,ls8,q9fd4n00vn0u,0.6046971374050419,0.30960807231948,0.0600661502357308
,,1.0,,,,2015-01-14T01:58:39Z,ls7,q9fd4n00vn0u,,,
0.0635989932885906,0.1435934004474273,0.9753236357614066,0.23704977628635351,0.03495525727069351,0.5164988814317674,2015-01-21T02:04:48Z,ls7,q9fd4n00vn0u,0.23934624682163086,0.14498449230312876,0.06421512217277954
0.08016272762495157,0.1726346377373111,0.982189682298711,0.3253893839597055,0.010461061604029445,0.40294459511817127,2015-01-29T02:06:13Z,ls8,q9fd4n00vn0u,0.33012097253567924,0.1751449718785023,0.08132839886361769
,,1.0,,,,2015-01-30T01:58:44Z,ls7,q9fd4n00vn0u,,,
0.22097971212060466,0.2227450783849886,0.6557868006293301,0.33822741670342005,0.0369471953810994,0.17208612325087205,2015-02-06T02:04:57Z,ls7,q9fd4n00vn0u,0.34212655821057936,0.22531292042781134,0.22352720272963797
0.4142397633792401,0.16636010721878178,0.925342957299401,0.21230058230890106,0.0008318698585821241,0.19511969682965155,2015-02-14T02:06:03Z,ls8,q9fd4n00vn0u,0.2152854749556887,0.1686990883716155,0.4200638699844621
,,1.0,,,,2015-02-15T01:58:46Z,ls7,q9fd4n00vn0u,,,
,,1.0,,,,2015-03-03T01:58:57Z,ls7,q9fd4n00vn0u,,,
0.7322659688354943,0.10917211847270131,0.9419870821717409,0.10836921612941597,0.0,0.04210776733674319,2015-03-10T02:05:08Z,ls7,q9fd4n00vn0u,0.10929167423167938,0.11010141102295967,0.7384991474086179
0.6132153614457831,0.215035140562249,0.9725082116536476,0.13296937751004015,0.0,0.024849397590361446,2015-03-18T02:05:50Z,ls8,q9fd4n00vn0u,0.1348964699377219,0.21815159187474537,0.6221025405971713
0.32496691397633837,0.32190246641267295,0.13967401805183688,0.33404419490675763,0.0007379185883296571,0.008662522558652496,2015-03-26T02:05:18Z,ls7,q9fd4n00vn0u,0.3373426981192203,0.3250810767155948,0.32817578401820285
0.33961508736095397,0.2829750338126915,0.0,0.3476794142813768,0.0017113362223633,0.010509536559110105,2015-04-03T02:05:38Z,ls8,q9fd4n00vn0u,0.35395367559350405,0.28808163269090986,0.34574381893411255
,,1.0,,,,2015-04-04T01:59:11Z,ls7,q9fd4n00vn0u,,,
0.2958758177150901,0.30656145629192083,0.0,0.3473900052444175,0.0020149603908471113,0.030976565734632477,2015-04-19T02:05:38Z,ls8,q9fd4n00vn0u,0.35367385855185796,0.31210677190829383,0.3012278434143686
,,1.0,,,,2015-04-20T01:59:18Z,ls7,q9fd4n00vn0u,,,
0.22955013070581137,0.384635672632214,0.14208921030113997,0.3573057711642871,0.0005228232455258395,0.017888598431530265,2015-04-27T02:05:32Z,ls7,q9fd4n00vn0u,0.3610193573973202,0.38863330674253366,0.23193591418309
0.2471963807589327,0.2668691718216231,0.6263007535399818,0.10473474286769459,0.0628196842396824,0.3102391284276613,2015-05-05T02:05:25Z,ls8,q9fd4n00vn0u,0.10611262556183473,0.27038008332418956,0.250448478446632
,,1.0,,,,2015-05-06T01:59:25Z,ls7,q9fd4n00vn0u,,,
0.17436110954365544,0.40541116153839957,0.14397996080488007,0.37343237861847134,0.0005965288470064731,0.03619479085214952,2015-05-13T02:05:41Z,ls7,q9fd4n00vn0u,0.377351609335634,0.40966601454086304,0.1761910564243469
0.18555629166494142,0.3521090224007288,6.900549283728186e-05,0.358262873863056,0.002084109698701227,0.08677349454128884,2015-05-21T02:05:18Z,ls8,q9fd4n00vn0u,0.3643467161783501,0.35808836306469394,0.18870731651696598
,,1.0,,,,2015-05-22T01:59:32Z,ls7,q9fd4n00vn0u,,,
0.12543781761546552,0.3686429139136647,0.14046068067018136,0.2928927995118858,0.0004495789211711531,0.20569841282584436,2015-05-29T02:05:44Z,ls7,q9fd4n00vn0u,0.29545280485835174,0.3718650068846374,0.12653419650999542
0.17223822194396618,0.2819057308320103,0.07416020315217087,0.3211100179624205,0.014832040188120952,0.19702017604662775,2015-06-06T02:05:27Z,ls8,q9fd4n00vn0u,0.3264506323790275,0.2865943102159826,0.17510284117024127
,,1.0,,,,2015-06-07T01:59:39Z,ls7,q9fd4n00vn0u,,,
0.1805837401248249,0.23150401805746304,0.4925129040271605,0.36731490420570284,0.03958228519369621,0.17131474103585656,2015-06-14T02:05:52Z,ls7,q9fd4n00vn0u,0.37188644227986806,0.2343852772188916,0.1828312542716875
0.10575378769346183,0.20229120798473504,0.1537580391399156,0.24092886149028822,0.06841495833129475,0.3732977803871683,2015-06-22T02:05:34Z,ls8,q9fd4n00vn0u,0.24501624711030673,0.20572310140530106,0.10754791276592922
,,1.0,,,,2015-06-23T01:59:41Z,ls7,q9fd4n00vn0u,,,
0.002050799623706491,0.002253057384760113,0.9706588644456099,0.0018603010348071493,0.0,0.9938852304797742,2015-06-30T02:05:54Z,ls7,q9fd4n00vn0u,0.0018453959139636128,0.0022350054179230607,0.0020343681883391532
0.12904351688210747,0.23715359062855665,0.2542369372602059,0.3251083989525599,0.015508036234767241,0.2814764094639734,2015-07-08T02:05:44Z,ls8,q9fd4n00vn0u,0.33061542134524796,0.24117074348682044,0.1312293894691909
,,1.0,,,,2015-07-09T01:59:47Z,ls7,q9fd4n00vn0u,,,
0.08362069793500881,0.43056050904434123,0.1378453724916503,0.4106701616776052,0.00044021130142468386,0.06652793340803585,2015-07-16T02:06:00Z,ls7,q9fd4n00vn0u,0.4143026175318838,0.43436889881220336,0.0843603389464523
0.204339641813794,0.04647072272323129,0.7283598774462448,0.12273745713197001,0.2782928997840721,0.34665311825225453,2015-07-24T02:05:51Z,ls8,q9fd4n00vn0u,0.12323233964467203,0.046658094602735234,0.20516354771626605
,,1.0,,,,2015-07-25T01:59:50Z,ls7,q9fd4n00vn0u,,,
0.32820754716981115,0.23877358490566042,0.9985370835518508,0.2911320754716981,0.0047169811320754715,0.1320754716981132,2015-08-01T02:06:02Z,ls7,q9fd4n00vn0u,0.2928604321202768,0.2401911061880819,0.3301560088614526
0.16307246536784586,0.034470445388818355,0.8749689475282232,0.06533749103151387,0.20034218223963796,0.5346321540923892,2015-08-09T02:05:54Z,ls8,q9fd4n00vn0u,0.06587068417896,0.034751744915025584,0.1644032345739873
,,1.0,,,,2015-08-10T01:59:54Z,ls7,q9fd4n00vn0u,,,
0.10757908029479145,0.35942739242043664,0.0,0.416091252863728,0.0020563636865494495,0.09977504209335063,2015-08-25T02:06:02Z,ls8,q9fd4n00vn0u,0.42319222983717336,0.36556134890146585,0.10941501548146054
,,1.0,,,,2015-08-26T01:59:55Z,ls7,q9fd4n00vn0u,,,
0.2224719101123596,0.010337078651685394,0.9993858511137487,0.07123595505617977,0.20224719101123595,0.4943820224719101,2015-09-02T02:06:05Z,ls7,q9fd4n00vn0u,0.07107800393632127,0.010314158299907821,0.22197862428062484
,,1.0,,,,2015-09-11T01:59:59Z,ls7,q9fd4n00vn0u,,,
0.23594246363940774,0.2197551210563862,0.5260219713489194,0.2957647007439544,0.047126821669311515,0.1921761031927439,2015-09-18T02:06:12Z,ls7,q9fd4n00vn0u,0.2993993805734578,0.22245571211382004,0.23884198245066676
0.21683494558645702,0.12540205562273277,0.9771729829694443,0.17489419588875454,0.23458282950423218,0.2430471584038694,2015-09-26T02:06:15Z,ls8,q9fd4n00vn0u,0.1766659674254929,0.12667244536706804,0.21903159929933758
,,1.0,,,,2015-09-27T02:00:03Z,ls7,q9fd4n00vn0u,,,
0.10949052132701423,0.07581753554502371,0.9475834276408402,0.1527975250131648,0.0924170616113744,0.5666140073723012,2015-10-04T02:06:13Z,ls7,q9fd4n00vn0u,0.15409153695477343,0.0764596192199402,0.11041777484161079
0.15524759818668296,0.33208794865040964,0.00448535703441999,0.45940900835955806,0.00337570876020684,0.03315403490773987,2015-10-12T02:06:16Z,ls8,q9fd4n00vn0u,0.46752517626414936,0.33795479388264016,0.1579902861852637
,,1.0,,,,2015-10-13T02:00:14Z,ls7,q9fd4n00vn0u,,,
0.20533563926652992,0.26594965124669284,0.39750614148886254,0.3739274547307899,0.021955996380753857,0.12197775767085477,2015-10-20T02:06:33Z,ls7,q9fd4n00vn0u,0.37872911196578046,0.26936474968596436,0.20797238429664647
0.24615079365079368,0.14545634920634923,0.9965221231610036,0.19720238095238096,0.07142857142857142,0.3353174603174603,2015-10-28T02:06:21Z,ls8,q9fd4n00vn0u,0.1986909014178525,0.1465542809431811,0.24800878589293474
,,1.0,,,,2015-10-29T02:00:30Z,ls7,q9fd4n00vn0u,,,
0.28047404135458676,0.17425260866781897,0.7844130392779265,0.28659240765636007,0.04692401254721209,0.202963958773446,2015-11-05T02:06:46Z,ls7,q9fd4n00vn0u,0.28999175197835597,0.1763194624994047,0.2838008142015812
0.14630565292997322,0.3255461784758067,0.0,0.47985805570123374,0.0024772971928565513,0.029327334455822685,2015-11-13T02:06:21Z,ls8,q9fd4n00vn0u,0.48817013807461235,0.33118527657925567,0.14883995369745276
,,1.0,,,,2015-11-14T02:00:46Z,ls7,q9fd4n00vn0u,,,
0.17321518475049577,0.32620470273989227,0.14747163874244384,0.43904601562183815,0.003739528107167429,0.044898619936055685,2015-11-21T02:07:03Z,ls7,q9fd4n00vn0u,0.44507917563232596,0.3306872514882643,0.17559542483618662
,,1.0,,,,2015-12-07T02:07:17Z,ls7,q9fd4n00vn0u,,,
0.12194236661238235,0.34367205829584024,0.0,0.49574926164122657,0.0019804576444284964,0.020294515443429296,2015-12-15T02:06:23Z,ls8,q9fd4n00vn0u,0.504186362519645,0.34952097436953505,0.12401769002296228
,,1.0,,,,2015-12-16T02:01:16Z,ls7,q9fd4n00vn0u,,,
0.10512331911568391,0.3698699247875492,0.1522537193960639,0.48979536352684533,0.001546576368313092,0.020577605574186825,2015-12-23T02:07:32Z,ls7,q9fd4n00vn0u,0.4964393630905269,0.3748871540263325,0.10654930094064065
0.2023384397703464,0.22912138445212377,0.7463979132738966,0.4225316317923322,0.002394492666866208,0.1296019155941335,2015-12-31T02:06:22Z,ls8,q9fd4n00vn0u,0.429464453579648,0.23288076625114215,0.20565837190821007
0.17907228131462516,0.15801850493931932,0.1624596317866902,0.23623927891705734,0.006871379960946833,0.4204641889052755,2016-01-08T02:07:47Z,ls7,q9fd4n00vn0u,0.23596500600773493,0.15783504605273974,0.17886437907330308
0.27183452832313526,0.22492323285408614,0.8161762676309035,0.4037617778445137,0.0,0.08543864259168887,2016-01-16T02:06:20Z,ls8,q9fd4n00vn0u,0.4100576429648783,0.228430465123682,0.27607324931975086
,,1.0,,,,2016-01-17T02:01:44Z,ls7,q9fd4n00vn0u,,,
0.3975,0.31500000000000006,0.9998619890143255,0.294,0.0,0.0,2016-01-24T02:07:59Z,ls7,q9fd4n00vn0u,0.29210134128166915,0.31296572280178847,0.3949329359165425
0.2576521130982116,0.21533369967029675,0.8618648044384333,0.4030022979318613,0.007493256069537416,0.10380657408332501,2016-02-01T02:06:18Z,ls8,q9fd4n00vn0u,0.4088505383189337,0.21845855341324605,0.2613910781149577
0.3397366271947734,0.09974071049407919,0.9662011096083248,0.3157513270722743,0.0002041649652919559,0.23907717435688036,2016-02-09T02:08:07Z,ls7,q9fd4n00vn0u,0.31804662328811373,0.10046575724997071,0.3422062801397433
0.10121822297054844,0.32415040437218806,0.0,0.5369124872339839,0.0017113362223633,0.01947335007866626,2016-02-17T02:06:10Z,ls8,q9fd4n00vn0u,0.5461378766141486,0.3297200526280463,0.10295738445677535
0.2772914317925592,0.1040586245772266,0.9755168511413509,0.424695603156708,0.002818489289740699,0.1798196166854566,2016-03-04T02:06:09Z,ls8,q9fd4n00vn0u,0.43065798875970873,0.10551952419670861,0.2811843810683853
0.36006197706848464,0.164747443445925,0.9554638549228519,0.41190579485590334,0.0,0.05376510691044314,2016-03-12T02:08:20Z,ls7,q9fd4n00vn0u,0.4160919235248681,0.1664217437465287,0.3637212258181601
0.2107044959238034,0.16780886270078293,0.5725454746197798,0.3850988780369683,0.006457341189765114,0.21845185244975382,2016-03-20T02:06:03Z,ls8,q9fd4n00vn0u,0.3908876594371345,0.17033135465956784,0.21387179226377873
,,1.0,,,,2016-03-21T02:02:12Z,ls7,q9fd4n00vn0u,,,
0.18273886049546859,0.2276398765597746,0.4342722680725386,0.4384480928973081,0.003952038837319932,0.13697961772562606,2016-04-13T02:08:30Z,ls7,q9fd4n00vn0u,0.4437381849363559,0.23038646371174737,0.18494369478895056
0.13623801269104152,0.12126210658566455,0.5661003615887825,0.2930116573100718,0.006250099397255045,0.4347874489098109,2016-04-21T02:05:48Z,ls8,q9fd4n00vn0u,0.2975095562171508,0.12312355026230495,0.13832934521347828
,,1.0,,,,2016-04-22T02:02:24Z,ls7,q9fd4n00vn0u,,,
0.11959934461483321,0.12955159878139322,0.46091528885699307,0.20372071887560486,0.09437802411612606,0.44779959550446735,2016-05-07T02:05:51Z,ls8,q9fd4n00vn0u,0.20594776007921264,0.13096783543160648,0.12090678486858747
,,1.0,,,,2016-05-08T02:02:28Z,ls7,q9fd4n00vn0u,,,
0.2184536082474227,0.15582474226804122,0.9986612934389577,0.308659793814433,0.0,0.31443298969072164,2016-05-15T02:08:39Z,ls7,q9fd4n00vn0u,0.30984793250297826,0.1564245657909992,0.21929451201530092
0.1411195266969726,0.16008178181201974,0.06340914736813053,0.4068000471534773,0.0012893528922027304,0.27891281764129466,2016-05-23T02:05:52Z,ls8,q9fd4n00vn0u,0.4135780088923149,0.16274900911398085,0.14347081146020688
,,1.0,,,,2016-05-24T02:02:31Z,ls7,q9fd4n00vn0u,,,
,,1.0,,,,2016-05-31T02:08:45Z,ls7,q9fd4n00vn0u,,,
0.1328368102944044,0.04130044843049328,0.9646070827237848,0.07918892571651394,0.12692532657438096,0.6184441411581205,2016-06-08T02:05:56Z,ls8,q9fd4n00vn0u,0.07959666052425302,0.041513099760814756,0.13352077198243076
0.27279778473672,0.04540303873811181,0.7620138563029617,0.19787781257248901,0.015657620041753653,0.4630596149385293,2016-06-24T02:06:02Z,ls8,q9fd4n00vn0u,0.19987320936955474,0.04586088227750252,0.27554867337265976
,,1.0,,,,2016-06-25T02:02:38Z,ls7,q9fd4n00vn0u,,,
0.01858604381816427,0.19563877360615128,0.14204090645615386,0.40816008750764077,0.0003136762860727729,0.37099057362545446,2016-07-02T02:08:49Z,ls7,q9fd4n00vn0u,0.4122987404391614,0.19762250746128737,0.01877450218802381
0.04412687862338909,0.09181843358812453,0.25250489938999143,0.2028998190613345,0.0055666334330342305,0.6495513459621136,2016-07-10T02:06:10Z,ls8,q9fd4n00vn0u,0.2065146968922649,0.09345427743255956,0.04491304628002769
,,1.0,,,,2016-07-11T02:02:38Z,ls7,q9fd4n00vn0u,,,
0.015340241315762022,0.06451568784264637,0.40464130944823207,0.10305910033960385,0.0603637122292152,0.7543841348215631,2016-07-18T02:08:50Z,ls7,q9fd4n00vn0u,0.10437589667353687,0.06534001117704792,0.015536245098636894
0.09734552580013063,0.05936969301110386,0.7887051809324022,0.19901045068582626,0.10169823644676682,0.5377531025473546,2016-07-26T02:06:15Z,ls8,q9fd4n00vn0u,0.201708669555386,0.060174637803754094,0.09866535364673847
,,1.0,,,,2016-07-27T02:02:41Z,ls7,q9fd4n00vn0u,,,
0.0,0.0,0.9832178641419858,0.0,0.05797697368421053,0.9420230263157895,2016-08-11T02:06:17Z,ls8,q9fd4n00vn0u,0.0,0.0,0.0
,,1.0,,,,2016-08-12T02:02:42Z,ls7,q9fd4n00vn0u,,,
0.0673040362315234,0.013529089732742751,0.861347263242154,0.07826456975065944,0.0380231921564724,0.8017717613099089,2016-08-19T02:08:53Z,ls7,q9fd4n00vn0u,0.07880930633530077,0.013623254821208701,0.06777248537710918
0.0016984041599426214,9.324009324009324e-06,0.8075781832233846,0.001278465124618971,0.6675632060247445,0.3294602833064372,2016-08-27T02:06:25Z,ls8,q9fd4n00vn0u,0.001274319747128296,9.293776556896406e-06,0.00169289714513313
0.1210953995157385,0.15182248356969905,0.5012628005189212,0.2967274991352473,0.015565548253199585,0.40716707021791765,2016-09-04T02:08:57Z,ls7,q9fd4n00vn0u,0.3006977881320885,0.15385390680396804,0.12271568659282629
,,1.0,,,,2016-09-12T02:06:29Z,ls8,q9fd4n00vn0u,,,
0.10418304259326193,0.1272191679190367,0.6372588258025339,0.3298150931192573,0.018167291266383855,0.4110563661612799,2016-09-28T02:06:29Z,ls8,q9fd4n00vn0u,0.3354327305263424,0.12938605224758926,0.10595755979840459
,,1.0,,,,2016-09-29T02:02:50Z,ls7,q9fd4n00vn0u,,,
0.0,0.0,0.9997929835214883,0.0,0.0,1.0,2016-10-14T02:06:35Z,ls8,q9fd4n00vn0u,0.0,0.0,0.0
,,1.0,,,,2016-10-15T02:02:49Z,ls7,q9fd4n00vn0u,,,
0.0387323158464559,0.3412892565989868,0.14592591570288993,0.5301454322164678,0.0016563113542163224,0.07619840186153237,2016-10-22T02:08:59Z,ls7,q9fd4n00vn0u,0.5371224282187763,0.34578080483126444,0.03924205373421069
0.0,0.0,0.9997308785779349,0.0,0.02564102564102564,0.9743589743589743,2016-10-30T02:06:36Z,ls8,q9fd4n00vn0u,0.0,0.0,0.0
,,1.0,,,,2016-10-31T02:02:45Z,ls7,q9fd4n00vn0u,,,
0.08054341825609321,0.3153065914046758,0.0,0.5550073835877336,0.002208175770791355,0.029768969609980954,2016-11-15T02:06:35Z,ls8,q9fd4n00vn0u,0.5650267175815459,0.3209986995516201,0.08199743748606178
0.058325372318183286,0.3426910643636013,0.14187529327334458,0.5344554343980187,0.0017771559072340699,0.049760365402553956,2016-11-23T02:08:47Z,ls7,q9fd4n00vn0u,0.5418772511817784,0.34744990884238,0.05913531866605363
0.11277726699309372,0.23438816309948896,0.6772682105495598,0.49075178002523034,0.0017319164403771729,0.14580170625841904,2016-12-01T02:06:35Z,ls8,q9fd4n00vn0u,0.4992729436997773,0.23845795964927322,0.11473547395215321
,,1.0,,,,2016-12-02T02:02:35Z,ls7,q9fd4n00vn0u,,,
0.0490550449158179,0.3613370569521352,0.1388873554334925,0.5418383030555577,0.001546610678825858,0.03357667743150438,2016-12-09T02:08:44Z,ls7,q9fd4n00vn0u,0.5490343067444062,0.3661358738317876,0.04970653131347602
0.08017154765519337,0.30837705981396124,0.0,0.551506251897651,0.0018769494051726517,0.041334290209500676,2016-12-17T02:06:31Z,ls8,q9fd4n00vn0u,0.561323605574826,0.31386647476021795,0.08159868005028284
,,1.0,,,,2016-12-18T02:02:30Z,ls7,q9fd4n00vn0u,,,
0.09703183406220224,0.2763960079157607,0.4351072345358691,0.49990630573404016,0.0018445676870831398,0.11286066795338497,2016-12-25T02:08:37Z,ls7,q9fd4n00vn0u,0.5067526974596261,0.28018134792822735,0.0983607189716783
0.06158857545060588,0.303863410527478,0.0,0.5700263600982637,0.0016009274338237324,0.0460542659195672,2017-01-02T02:06:28Z,ls8,q9fd4n00vn0u,0.5803038049658356,0.309341998304419,0.06269900337635441
,,1.0,,,,2017-01-03T02:02:21Z,ls7,q9fd4n00vn0u,,,
0.04842410815356254,0.3415751641385556,0.1465676667862762,0.5444702286619878,0.001229017756072318,0.05197451405284776,2017-01-10T02:08:27Z,ls7,q9fd4n00vn0u,0.5516525568849756,0.3460810210477441,0.04906289025836016
0.06959742195478762,0.29465290237102876,0.0,0.5711825471307516,0.0017941428137679758,0.04580584614535317,2017-01-18T02:06:24Z,ls8,q9fd4n00vn0u,0.5815428138062205,0.2999973980328788,0.07085979920177951
,,1.0,,,,2017-01-19T02:02:10Z,ls7,q9fd4n00vn0u,,,
0.032742766139511305,0.34639915380470954,0.12906787380275475,0.5570093968877762,0.000538776027636041,0.05142141793173391,2017-01-26T02:08:17Z,ls7,q9fd4n00vn0u,0.5640830398821767,0.3507981890117774,0.033158577146675895
0.1299351220585001,0.17815482735869806,0.9372464048138232,0.43705740048383546,0.0,0.24290741148009676,2017-02-03T02:06:17Z,ls8,q9fd4n00vn0u,0.4440637394845924,0.18101077514430827,0.1320180738910026
0.054776353197714546,0.2941784896077728,0.0,0.5942841370173064,0.001380109856744597,0.038208341383974165,2017-02-19T02:06:10Z,ls8,q9fd4n00vn0u,0.6051036488579938,0.2995342907361044,0.055773609165183
,,1.0,,,,2017-02-20T02:02:05Z,ls7,q9fd4n00vn0u,,,
0.09300096912640177,0.06340689464211546,0.7507866626183444,0.13508597535650005,0.008112972449120863,0.6974941160182749,2017-02-27T02:08:19Z,ls7,q9fd4n00vn0u,0.13642948239247563,0.06403751235691693,0.09392591678321162
0.26,0.0,0.9999861989014326,0.24,0.0,0.5,2017-03-07T02:06:04Z,ls8,q9fd4n00vn0u,0.24,0.0,0.26
0.11429280079075983,0.1762825135911845,0.6230160920809296,0.35625505665281615,0.0017389394299939594,0.3428273324669144,2017-03-15T02:08:26Z,ls7,q9fd4n00vn0u,0.36099353152510694,0.1786272108676926,0.1158129857102922
0.06537818397718535,0.29021773196679024,0.2910306660410169,0.5256420513718963,0.001313983706602038,0.10607255136702971,2017-03-31T02:08:30Z,ls7,q9fd4n00vn0u,0.5324273240463929,0.29396401984697246,0.06622212103300273
0.410990099009901,0.05673267326732673,0.998606089044688,0.33826732673267323,0.0,0.18811881188118812,2017-04-08T02:05:47Z,ls8,q9fd4n00vn0u,0.34073976773022796,0.05714733994129098,0.4139940804472931
,,1.0,,,,2017-04-09T02:02:22Z,ls7,q9fd4n00vn0u,,,
0.17080944288458702,0.19352445692330422,0.8132159319881862,0.4306709029111867,0.0007019358652283139,0.1946209546327767,2017-04-16T02:08:36Z,ls7,q9fd4n00vn0u,0.4359105959057268,0.19587894322446564,0.17288757037180255
0.09741978189957554,0.12350352809510161,0.4944036545309006,0.34827375834254587,0.019121320067149818,0.40238026996410486,2017-04-24T02:05:37Z,ls8,q9fd4n00vn0u,0.3539649563262274,0.12552171928302647,0.0990117343594914
,,1.0,,,,2017-04-25T02:02:29Z,ls7,q9fd4n00vn0u,,,
0.054159797904555246,0.28779864945832595,0.1477407601645091,0.5620860524994736,0.0016760319336712385,0.08201220993312065,2017-05-02T02:08:42Z,ls7,q9fd4n00vn0u,0.5697131712723938,0.291703877976884,0.054894708883930214
0.12676701989296604,0.09921814033815912,0.6763573380441084,0.3285254045755954,0.011492292275218013,0.4249802776060212,2017-05-10T02:05:37Z,ls8,q9fd4n00vn0u,0.33386753782363227,0.10083152097456255,0.12882837132056602
0.1484266675108424,0.18679065497483296,0.5640370973529493,0.4025168571338124,0.0009813542688910696,0.2521130773370477,2017-05-18T02:08:45Z,ls7,q9fd4n00vn0u,0.4075208798388438,0.18911280536932196,0.15027188318589543
0.05793014147550156,0.06331500279753817,0.5683361395567087,0.19860938374230677,0.003820637838701942,0.6709135960354887,2017-05-26T02:05:48Z,ls8,q9fd4n00vn0u,0.20196941954692837,0.0643861539806337,0.058910192598247264
,,1.0,,,,2017-05-27T02:02:36Z,ls7,q9fd4n00vn0u,,,
,,1.0,,,,2017-06-11T02:05:56Z,ls8,q9fd4n00vn0u,,,
,,1.0,,,,2017-06-12T02:02:41Z,ls7,q9fd4n00vn0u,,,
0.220746855345912,0.020201781970649896,0.9736675039333131,0.14166928721174007,0.01650943396226415,0.5987945492662474,2017-06-19T02:08:53Z,ls7,q9fd4n00vn0u,0.1424387280245703,0.020311502827202833,0.2219457859197153
0.030577798092705326,0.021599592778043256,0.667869662425129,0.05908333506471921,0.25135567513660634,0.6359311046934408,2017-06-27T02:06:01Z,ls8,q9fd4n00vn0u,0.059854660281358774,0.021881572638533544,0.030976987250060463
,,1.0,,,,2017-06-28T02:02:43Z,ls7,q9fd4n00vn0u,,,
0.033911212679066424,0.1440684314098902,0.3477738828010709,0.3330079984764806,0.026016208552868236,0.45582851943545144,2017-07-05T02:08:55Z,ls7,q9fd4n00vn0u,0.33767910544049856,0.14608928092801796,0.03438688564316392
0.13768496316937764,0.06728079839284556,0.6805528720086118,0.18612641220054868,0.04948912362560214,0.5551163242822889,2017-07-13T02:06:04Z,ls8,q9fd4n00vn0u,0.18817397616651713,0.06802094986711534,0.13919962605847663
,,1.0,,,,2017-07-14T02:02:44Z,ls7,q9fd4n00vn0u,,,
0.06229721586115463,0.011227753003093489,0.6564768555577024,0.04819231850869793,0.2520991523040456,0.6254469486963159,2017-07-21T02:08:55Z,ls7,q9fd4n00vn0u,0.04848396994866142,0.011295701390559338,0.06267422766041768
0.04614232443619754,0.0966096916928347,0.2264760274917883,0.2719222809020839,0.0054596060519554665,0.5719294176420211,2017-07-29T02:06:12Z,ls8,q9fd4n00vn0u,0.2771267508841217,0.09845875767860561,0.04702546774329606
,,1.0,,,,2017-07-30T02:02:43Z,ls7,q9fd4n00vn0u,,,
0.026164149768262007,0.2035463597317825,0.1468781915040437,0.45162952657504996,0.0018037547217121918,0.3075280471726347,2017-08-06T02:08:53Z,ls7,q9fd4n00vn0u,0.457812743733321,0.20633309370274672,0.026522360669585368
,,1.0,,,,2017-08-15T02:02:41Z,ls7,q9fd4n00vn0u,,,
0.0,0.0,0.9996963758315162,0.0,0.29545454545454547,0.7045454545454546,2017-08-30T02:06:21Z,ls8,q9fd4n00vn0u,0.0,0.0,0.0
,,1.0,,,,2017-08-31T02:02:41Z,ls7,q9fd4n00vn0u,,,
0.11942852342549923,0.19756300403225804,0.42499102928593113,0.37460049443164367,0.00022801459293394778,0.2985071044546851,2017-09-07T02:08:52Z,ls7,q9fd4n00vn0u,0.37983979400838075,0.2003261924924751,0.12109889445152504
0.06934949285800024,0.21783789461049097,0.08018438267686112,0.48958978513983925,0.002940823430560557,0.2053850078021846,2017-09-15T02:06:22Z,ls8,q9fd4n00vn0u,0.4989791150607821,0.22201557952929962,0.07067947417717307
,,1.0,,,,2017-09-16T02:02:39Z,ls7,q9fd4n00vn0u,,,
0.08123151339931058,0.17648379295007227,0.5035468823318336,0.37620996886467245,0.02287890581563438,0.3340236850884021,2017-09-23T02:08:50Z,ls7,q9fd4n00vn0u,0.3816532732051882,0.17903730050090855,0.08240683538986682
0.06575869350978458,0.21596226946360692,0.7549269921885782,0.46995917218076866,0.0042235675066873155,0.22948050119667746,2017-10-01T02:06:29Z,ls8,q9fd4n00vn0u,0.47909713809824206,0.22016147648974313,0.06703731670865017
,,1.0,,,,2017-10-02T02:02:40Z,ls7,q9fd4n00vn0u,,,
0.09538461538461537,0.08153156973970203,0.8698349388611333,0.23855590309070673,0.1153581084663097,0.4651434024280337,2017-10-09T02:08:52Z,ls7,q9fd4n00vn0u,0.24086778330580544,0.08232170412977616,0.09630900167007503
0.10026239067055394,0.11525776861267156,0.9029575754230037,0.35984142786034284,0.003057669060655621,0.4123586716916732,2017-10-17T02:06:33Z,ls8,q9fd4n00vn0u,0.3656090767057346,0.11710515550198579,0.10186942703995072
,,1.0,,,,2017-10-18T02:02:43Z,ls7,q9fd4n00vn0u,,,
0.1030834144150887,0.18180581543297658,0.6312070440807088,0.37616926128283806,0.004864905321457975,0.3254621660055385,2017-10-25T02:08:54Z,ls7,q9fd4n00vn0u,0.3810712278259729,0.18417497771263905,0.10442672313439134
0.04269014870498638,0.3018164658766372,0.15915426867978688,0.5566895085841841,0.0017480221908544793,0.0839296851918721,2017-11-10T02:08:52Z,ls7,q9fd4n00vn0u,0.5647978444210714,0.30621250573133857,0.04331194246486347
0.10550000000000001,0.11699999999999999,0.9998619890143255,0.7024999999999999,0.0,0.05,2017-11-19T02:02:39Z,ls7,q9fd4n00vn0u,0.7214864864864864,0.12016216216216216,0.10835135135135136
0.18297417852009712,0.15735143975814045,0.8607676171023213,0.4189557416860783,0.002577191852108837,0.2304604252366556,2017-11-26T02:08:47Z,ls7,q9fd4n00vn0u,0.4231939711953418,0.15894323442510017,0.1848251772907935
0.18482051889586545,0.22626702997275205,0.9417524634960943,0.4576507522805355,0.0,0.12036488567705249,2017-12-12T02:08:39Z,ls7,q9fd4n00vn0u,0.4633911861256311,0.2291051568859329,0.1871387713113834
0.08130293055255214,0.2751760013455393,0.1384181180821994,0.5417699448168705,0.0016979424461584052,0.08359963798585582,2017-12-20T02:06:27Z,ls8,q9fd4n00vn0u,0.5516937368021438,0.28021649763518774,0.08279218513065426
0.03666666666666667,0.18666666666666668,0.9999792983521488,0.43,0.0,0.3333333333333333,2017-12-21T02:02:23Z,ls7,q9fd4n00vn0u,0.4387755102040817,0.19047619047619052,0.037414965986394565
0.116875,0.013125000000000001,0.9997791824229209,0.14968749999999997,0.0,0.71875,2017-12-28T02:08:28Z,ls7,q9fd4n00vn0u,0.15052374301675975,0.01319832402234637,0.11752793296089387
0.05037735849056604,0.0799056603773585,0.9985370835518508,0.145,0.04716981132075472,0.6745283018867925,2018-01-05T02:06:23Z,ls8,q9fd4n00vn0u,0.1465901302261823,0.0807819390381109,0.05092981752815964
,,1.0,,,,2018-01-06T02:02:10Z,ls7,q9fd4n00vn0u,,,
0.024048499067943693,0.33227060165841754,0.1411852383449722,0.582957109339847,0.0008758115317863341,0.04769557112553834,2018-01-13T02:08:15Z,ls7,q9fd4n00vn0u,0.5904994404896059,0.3365695369812501,0.02435963987181947
0.0687554182651587,0.23260525135768023,0.861499075326396,0.5159115141248568,0.0008469931742314783,0.16750535598624883,2018-01-21T02:06:15Z,ls8,q9fd4n00vn0u,0.5249861763256255,0.2366966779384117,0.06996479657548244
,,1.0,,,,2018-01-22T02:01:56Z,ls7,q9fd4n00vn0u,,,
,,1.0,,,,2018-01-29T02:08:00Z,ls7,q9fd4n00vn0u,,,
,,1.0,,,,2018-02-06T02:06:07Z,ls8,q9fd4n00vn0u,,,
0.13078338754957444,0.15557773717748763,0.8451447735239725,0.4076734548371284,0.003119290584198565,0.2945501537364645,2018-02-14T02:07:47Z,ls7,q9fd4n00vn0u,0.41254648183562714,0.15743739839564108,0.13234667544806863
0.14331245105716525,0.2053377945468783,0.9030679842115432,0.5193870577347477,0.0023492560689115116,0.11497116822097245,2018-02-22T02:06:01Z,ls8,q9fd4n00vn0u,0.5281482097454292,0.20880148430343368,0.1457298816612532
0.13580168594899147,0.18308029762160768,0.6791106572083138,0.4469029289062837,0.0020429228850372028,0.21872177540750937,2018-03-10T02:05:52Z,ls8,q9fd4n00vn0u,0.454752415418925,0.18629595416346162,0.13818693212506677
,,1.0,,,,2018-03-11T02:01:20Z,ls7,q9fd4n00vn0u,,,
0.47970588235294126,0.09352941176470587,0.9997653813243534,0.33352941176470585,0.0,0.08823529411764706,2018-03-18T02:07:25Z,ls7,q9fd4n00vn0u,0.3353685295071645,0.09404514319513078,0.4823510331800577
0.014711524004716274,0.3035846831947204,0.12797068646664278,0.6323178577363479,0.0006172302189584635,0.03775391505962602,2018-04-03T02:07:12Z,ls7,q9fd4n00vn0u,0.6396445411271905,0.3071023267799256,0.014881986814299428
0.1569012126361319,0.09888391133081023,0.9106585884236386,0.3387549239205994,7.72379701861435e-05,0.39584459720398546,2018-04-11T02:05:37Z,ls8,q9fd4n00vn0u,0.3441895184264792,0.10047029110949733,0.15941835528985185
0.01740607482521887,0.27051025067708007,0.12351983217864138,0.5662856647981357,0.0008266675064558796,0.13493575612521258,2018-05-05T02:06:38Z,ls7,q9fd4n00vn0u,0.5729386679433276,0.27368833845227175,0.017610569972732283
0.1842843733662849,0.20261097381303173,0.4192221700847387,0.46905648495793933,0.005275414666603299,0.12542179554203697,2018-05-13T02:05:18Z,ls8,q9fd4n00vn0u,0.4763727299064659,0.20577125740618693,0.18715880247870695
0.04856555115938145,0.24049094405649524,0.12447210797979524,0.48568065385646053,0.002380239284982424,0.2119831649300903,2018-05-21T02:06:23Z,ls7,q9fd4n00vn0u,0.4925134879504277,0.24387430863729903,0.04924879919720057
0.20142037908026938,0.17365548385080554,0.5583855474895802,0.4156087004078316,0.00014063159210587995,0.19632170257980844,2018-05-29T02:05:05Z,ls8,q9fd4n00vn0u,0.4223646957432897,0.17647836902554204,0.20469460105925388
0.008892861056322594,0.030857440280517207,0.4962046978939524,0.0710613905325444,0.15921542844619768,0.7284270216962525,2018-06-06T02:06:08Z,ls7,q9fd4n00vn0u,0.07205271930256597,0.03128791128720669,0.009016919267777092
0.05531651997291808,0.07312203791469195,0.5923155483176461,0.1518803317535545,0.18121191604603926,0.5343432633716994,2018-06-14T02:05:08Z,ls8,q9fd4n00vn0u,0.15411581349696546,0.07419829959329123,0.05613070749200474
,,1.0,,,,2018-06-15T01:59:47Z,ls7,q9fd4n00vn0u,,,
0.24753290583867704,0.06419654910563617,0.6728587595572608,0.243298177522781,0.03005821802227472,0.41075345933175833,2018-06-22T02:05:50Z,ls7,q9fd4n00vn0u,0.24512202966732569,0.06467778992277184,0.24938850305586943
0.019287633141672166,0.1921951487730543,0.12150487178779434,0.4399142237722689,0.00037703836365350174,0.3408976655041317,2018-07-08T02:05:30Z,ls7,q9fd4n00vn0u,0.44486330885347286,0.19435736606922635,0.019504621209515592
0.0005969103712716144,0.011549976035099361,0.8128364017775815,0.004026840688714375,0.12388010175865502,0.8599712421192346,2018-07-16T02:05:26Z,ls8,q9fd4n00vn0u,0.004020598663392209,0.011532072361114054,0.0005959850976041004
0.036945889937830996,0.046028244684933606,0.5504637169118662,0.12300038375930619,0.221352367794919,0.5702509785862308,2018-07-24T02:05:14Z,ls7,q9fd4n00vn0u,0.1244467935675728,0.04656950888700197,0.03738035116427554
0.05655343455379751,0.12691542589504065,0.20146153633829256,0.33441605240189765,0.0023936882674708997,0.4695344838015572,2018-08-01T02:05:33Z,ls8,q9fd4n00vn0u,0.3409940928945887,0.129411881447005,0.057665853589378244
0.048956741844139534,0.22110426208014272,0.24211957271798834,0.5208558759526173,0.001520545575394477,0.1917708437662184,2018-08-17T02:05:42Z,ls8,q9fd4n00vn0u,0.531255471634884,0.2255189092703159,0.04993422975318728
0.16115254237288135,0.032305084745762706,0.9959286759226035,0.1531864406779661,0.03728813559322034,0.6152542372881356,2018-08-25T02:04:38Z,ls7,q9fd4n00vn0u,0.1535459629326377,0.032380903446515535,0.16153076073949094
0.04355741849449222,0.2011658031088083,0.006472715228132198,0.4828387670338524,0.002187834252455236,0.2555807137201517,2018-09-02T02:05:49Z,ls8,q9fd4n00vn0u,0.492574000219494,0.205221807174662,0.044435644633237056
0.04067612129416116,0.303832036076592,0.12319550636230647,0.562865035454853,0.0026050069650488342,0.07678867963136397,2018-10-28T02:03:10Z,ls7,q9fd4n00vn0u,0.5710738528876326,0.3082631191200909,0.04126934139586376
0.07090893962087172,0.17860013010786852,0.5438805928951944,0.4167421594880406,0.005113541808499373,0.3162528933871919,2018-11-05T02:06:11Z,ls8,q9fd4n00vn0u,0.4244873478583768,0.1819194286697211,0.07222678827621086
,,1.0,,,,2018-11-21T02:06:11Z,ls8,q9fd4n00vn0u,,,
,,1.0,,,,2018-12-07T02:06:09Z,ls8,q9fd4n00vn0u,,,
,,1.0,,,,2018-12-08T01:56:00Z,ls7,q9fd4n00vn0u,,,
0.05950581842057472,0.28849992316611484,0.012075961246515221,0.5780086053951357,0.002067530000139698,0.054223768213123226,2018-12-23T02:06:08Z,ls8,q9fd4n00vn0u,0.5890532391823858,0.29401260233607507,0.06064286026827622
0.1142743058515929,0.2512373888083667,0.7571903723536393,0.485147639753318,0.004774490578906982,0.1335720578622787,2018-12-31T02:01:31Z,ls7,q9fd4n00vn0u,0.4914177995794104,0.2544844386815137,0.11575121329789023
0.07150045164096216,0.2687581546284835,0.3812070440807088,0.5429987844724722,0.0023418420260279014,0.09817893903404593,2019-01-08T02:06:07Z,ls8,q9fd4n00vn0u,0.5529714527861116,0.27369414345449816,0.07281362269931631
0.060471761497622095,0.24173396392954535,0.4762000055204394,0.4859987879905675,0.002002450366896334,0.1988617650546063,2019-01-16T02:01:01Z,ls7,q9fd4n00vn0u,0.49273889724506914,0.24508646884863272,0.06131041848479558
0.024143292020004353,0.3227755257354083,0.11140246763642381,0.5982351753486782,0.0008231603143540521,0.04129779765787594,2019-02-01T02:00:30Z,ls7,q9fd4n00vn0u,0.6062894944646314,0.3271212031449276,0.024468344418211167
0.0494148334207403,0.2842035386016727,0.0,0.602647119710729,0.0017941428137679758,0.043921996190896796,2019-02-09T02:06:01Z,ls8,q9fd4n00vn0u,0.6142450248280524,0.289673017450741,0.050365818716541895
0.27791168831168833,0.055615584415584424,0.9867164426288333,0.28639480519480515,0.007792207792207792,0.3683116883116883,2019-02-17T02:00:02Z,ls7,q9fd4n00vn0u,0.2882307462512767,0.05597210950946235,0.27969324813536495
0.04678943154523619,0.0500400320256205,0.99138121394463,0.07190552441953563,0.0016012810248198558,0.8270616493194556,2019-02-25T02:05:57Z,ls8,q9fd4n00vn0u,0.07301438778543595,0.050811705117356054,0.0475109767529326
0.02631617693126997,0.323763392018044,0.11888266305997952,0.6028780308251364,0.0008301484869369087,0.03311979199298289,2019-03-05T01:59:32Z,ls7,q9fd4n00vn0u,0.6111608299255066,0.3282115009140832,0.026677728680490585
0.1785513078470825,0.1705261569416499,0.9314085401197936,0.30794567404426565,0.0018108651911468814,0.3312877263581489,2019-03-29T02:05:49Z,ls8,q9fd4n00vn0u,0.31257560290981307,0.17308999869330094,0.18123580684759003
0.2550354531353866,0.1815577221360514,0.9377156421651164,0.43516064701972096,0.00044316419233325947,0.11799246620873033,2019-04-06T01:58:28Z,ls7,q9fd4n00vn0u,0.4400578599769865,0.1836009372921682,0.25790557232978173
0.11423227667513249,0.1426639074405042,0.7799207816942229,0.29092245947386575,0.056501426645345375,0.38632301759006676,2019-04-14T02:05:43Z,ls8,q9fd4n00vn0u,0.2958915052245186,0.14510065118425236,0.11618339935581695
0.010994240348692404,0.27428907222914073,0.11341742802727095,0.6226400217932753,0.0003346824408468244,0.08238636363636363,2019-04-22T01:57:53Z,ls7,q9fd4n00vn0u,0.6290559634714162,0.27711546087872524,0.011107529572648031
0.22960345867685503,0.0910223205308667,0.828417842060228,0.22012909712447212,0.001769555600241303,0.45248341041624773,2019-04-30T02:05:40Z,ls8,q9fd4n00vn0u,0.22216129175569055,0.09186262321470169,0.23172311901311873
0.027123383348185256,0.2147071762883039,0.14044687957161395,0.49334232476738693,0.0014049115708516975,0.25369491743134,2019-05-08T01:57:17Z,ls7,q9fd4n00vn0u,0.49986988078003886,0.21754802948329596,0.02748226073447355
0.02823448499069504,0.038483696091916826,0.8294322228049353,0.08237195565984302,0.1386034468808156,0.7098066186584675,2019-05-16T02:05:50Z,ls8,q9fd4n00vn0u,0.0837530881163982,0.039128953100749306,0.02870789324356938
0.06410065013243438,0.16623842567256966,0.3695244141433658,0.3857313442637305,0.004432721143532605,0.37100234222796225,2019-05-24T01:56:39Z,ls7,q9fd4n00vn0u,0.39104989419687813,0.16853055821739835,0.06498448421422857
0.05262407132243685,0.21782795026198484,0.11762676309034203,0.4721521076092907,0.0034800969734886996,0.23982951435051225,2019-06-01T02:05:59Z,ls8,q9fd4n00vn0u,0.4811082348935737,0.2219598704995096,0.053622283282915774
0.007096949891067537,0.00238562091503268,0.9873305915150846,0.0040522875816993474,0.04738562091503268,0.9389978213507625,2019-06-09T01:56:05Z,ls7,q9fd4n00vn0u,0.004076748070120064,0.0024000210412803602,0.007139788622804357
0.015545359119536866,0.08154319613206946,0.5661210632366336,0.17723710159679365,0.303184044786564,0.4177905719193333,2019-06-17T02:06:05Z,ls8,q9fd4n00vn0u,0.18027351424263838,0.08294018801293022,0.015811681038534066
0.05518743603445309,0.22512938022479642,0.23810345303486158,0.536881832426117,0.0012045901223609967,0.17057177274003496,2019-06-25T01:55:30Z,ls7,q9fd4n00vn0u,0.544125011318099,0.22816664518017862,0.0559319806393264
0.023069157304921473,0.19301202075685223,0.0,0.5552669822517872,3.450274641861492e-05,0.2128957465014215,2019-07-03T02:06:10Z,ls8,q9fd4n00vn0u,0.5665844138970391,0.19694598481639194,0.02353935203872904
0.06327951552739203,0.09310435486045573,0.3858235115515195,0.23782931104220034,0.03859377106646892,0.5620084490584693,2019-07-11T01:54:53Z,ls7,q9fd4n00vn0u,0.2409571858426702,0.0943288412961514,0.0641117527362403
0.02305651653522651,0.08663917627190898,0.5791285986364514,0.2422798445672312,0.0045744454099785215,0.6361594333590201,2019-07-19T02:06:13Z,ls8,q9fd4n00vn0u,0.24729826583811368,0.08843376172688698,0.023534093666000698
0.15878343575490225,0.17644057424076295,0.45876231748047147,0.3965341561057704,0.003455134253002524,0.2556799347221868,2019-07-27T01:54:15Z,ls7,q9fd4n00vn0u,0.4014690423988516,0.17863638551693423,0.16075950310902495
0.003672316384180791,0.0,0.9963358083303431,0.0019774011299435027,0.5725047080979284,0.4218455743879473,2019-08-04T02:06:20Z,ls8,q9fd4n00vn0u,0.001977401129943504,0.0,0.003672316384180793
0.021159584895679373,0.2736989871330107,0.11296199177454525,0.5697505951177011,0.00031117265414715357,0.1253948003049492,2019-08-12T01:53:36Z,ls7,q9fd4n00vn0u,0.5761326170742134,0.27676480744162696,0.021396602525063355
0.03959190151536063,0.23458451792762705,0.0,0.5380038091032047,0.0019459548980098817,0.16952579425322256,2019-08-20T02:06:25Z,ls8,q9fd4n00vn0u,0.5488330535996303,0.23930636758134782,0.04038882966778938
0.21391304347826087,0.16304347826086957,0.9998412873664744,0.2682608695652174,0.0,0.34782608695652173,2019-08-28T01:52:55Z,ls7,q9fd4n00vn0u,0.2711531700457049,0.16480135942810265,0.2162193835696707
0.2401730769230769,0.1515576923076923,0.996411714372464,0.31692307692307686,0.0,0.28076923076923077,2019-09-05T02:06:28Z,ls8,q9fd4n00vn0u,0.3216532721010333,0.15381974741676235,0.2437577497129736
0.11195883120590516,0.21145008360181064,0.32316652405531476,0.44359681497491954,0.0010195342767423841,0.2214326495656784,2019-09-13T01:52:14Z,ls7,q9fd4n00vn0u,0.4496938175884995,0.21435635269311337,0.11349764587596621
0.18226950354609925,0.05865248226950356,0.9990270225509951,0.165886524822695,0.0,0.5886524822695035,2019-09-21T02:06:34Z,ls8,q9fd4n00vn0u,0.16773742049714632,0.05930690327111588,0.1843031939622343
0.05537249804640656,0.28749429395972115,0.108110905628088,0.5143789120225302,0.003744709823673684,0.12607447639827002,2019-09-29T01:51:32Z,ls7,q9fd4n00vn0u,0.5221404530235745,0.29183233873173725,0.05620802202274446
0.08551383115952416,0.1677139171563709,0.9037097352949295,0.42809230328221304,0.0017916009746309302,0.3050738139601548,2019-10-07T02:06:38Z,ls8,q9fd4n00vn0u,0.4355157026556424,0.17062218571898796,0.08699669669058387
0.06164642298392831,0.20630379746835445,0.7574111899307185,0.4222833167401507,0.05404636609301664,0.24602474754657944,2019-10-15T01:50:52Z,ls7,q9fd4n00vn0u,0.42821490943015206,0.20920163891383078,0.06251233801642109
0.05408885147257723,0.30261171989290353,0.0,0.587016685528168,0.0020080598415633884,0.03630378978166662,2019-11-08T02:06:38Z,ls8,q9fd4n00vn0u,0.5981950488052851,0.30837425411087466,0.05511884746061032
0.037897767058274336,0.32536396172099896,0.11307240056308487,0.5889277989574419,0.0017894654944370964,0.03221815918462616,2019-11-16T01:49:27Z,ls7,q9fd4n00vn0u,0.5974648395468741,0.33008040633860375,0.03844712943545891
,,1.0,,,,2019-11-24T02:06:34Z,ls8,q9fd4n00vn0u,,,
0.03143993672652833,0.3275039545919792,0.11007756217394904,0.5868325269067336,0.0013104432244657423,0.03965447721844856,2019-12-02T01:48:41Z,ls7,q9fd4n00vn0u,0.5950592214857413,0.33209517079815526,0.03188068727318912
0.04664667807557482,0.30433844434016943,0.0,0.6012627315134285,0.0019252532501587126,0.027705705374147783,2019-12-10T02:06:34Z,ls8,q9fd4n00vn0u,0.6127047049633075,0.31012997642324514,0.04753435998914086
0.04359237026908013,0.32986642563020996,0.10678600016561324,0.5791763815174481,0.0018154989531910292,0.031396543599014226,2019-12-18T01:47:53Z,ls7,q9fd4n00vn0u,0.587780888385468,0.33476707077984097,0.0442399982824857
0.0564340031776803,0.3083861780899943,0.30944133152998976,0.5868153248128867,0.0024981763312781667,0.02779970621446344,2019-12-26T02:06:30Z,ls8,q9fd4n00vn0u,0.5979558973890288,0.31424082852807916,0.05750539153715038
0.05698516783762686,0.2281786104605777,0.5580198183775429,0.4166476190476191,0.011865729898516784,0.2766900858704137,2020-01-03T01:47:03Z,ls7,q9fd4n00vn0u,0.42236636020187984,0.2313105002170719,0.05776732381211773
0.04568591459880207,0.3078465455850286,0.0,0.6040805708134368,0.0018838499544563748,0.022419884622815977,2020-01-11T02:06:27Z,ls8,q9fd4n00vn0u,0.6154878201096469,0.31365981364914924,0.04654863166393153
0.04644739516843791,0.3088047941585423,0.15134974743989626,0.569522373010904,0.0017319466918191944,0.060260361188131696,2020-01-19T01:46:15Z,ls7,q9fd4n00vn0u,0.5776719953976259,0.3132236591283182,0.04711203759410496
0.03621070137182921,0.2956581743906815,0.0,0.6234513787297468,0.0018217450109028678,0.024600458196472438,2020-01-27T02:06:22Z,ls8,q9fd4n00vn0u,0.6353664301126261,0.3013086267913334,0.03690273988866513
0.10705284835666379,0.2034110706036234,0.752042562587982,0.4184359780702975,0.0034786964628614366,0.25811927754431857,2020-02-04T01:45:27Z,ls7,q9fd4n00vn0u,0.42389081849798954,0.20606279031588573,0.10844841717894467
0.0,0.0,0.9989580170581578,0.0,0.0,1.0,2020-02-12T02:06:18Z,ls8,q9fd4n00vn0u,0.0,0.0,0.0
0.03247964150506065,0.32022583635942203,0.10686190620773417,0.6017013057251025,0.001321177470447346,0.03069612918179711,2020-02-20T01:44:37Z,ls7,q9fd4n00vn0u,0.6102601747192797,0.3247808721485637,0.03294164647991217
0.07166152422091948,0.10664686825053996,0.9105412790858152,0.18946852823202717,0.03247454489355137,0.5944153039185437,2020-02-28T02:06:14Z,ls8,q9fd4n00vn0u,0.19221606151571466,0.10819338271842328,0.07270070695376699
0.1777951502668289,0.2787006834566052,0.6314761655027741,0.48134444340417565,0.00022469806197921542,0.051268607808257656,2020-03-07T01:43:46Z,ls7,q9fd4n00vn0u,0.48681895828718247,0.2818704531722311,0.17981728267034952
0.08351320676050249,0.3483345815607217,0.10626155842005025,0.5444822687369226,0.0006871684798134608,0.008910027255109369,2020-03-23T01:42:53Z,ls7,q9fd4n00vn0u,0.552330394758648,0.3533554497336289,0.08471695977280032
0.012085182103900907,0.308849602514328,0.10419829418421711,0.6528050471436496,0.00036205090281629383,0.01606119430578665,2020-04-08T01:41:59Z,ls7,q9fd4n00vn0u,0.6593998199901235,0.31196966566521467,0.012207269136058857
0.15666572478101157,0.09827352359423565,0.926736868254713,0.29324197042479044,0.0018837713101629461,0.44268625788829236,2020-04-16T02:05:51Z,ls8,q9fd4n00vn0u,0.297119590173777,0.09957302160040268,0.15873735902736494
0.03604329311568489,0.05795599716110717,0.9416627563554059,0.17519753962621246,0.03891648923586468,0.689022947717057,2020-04-24T01:41:03Z,ls7,q9fd4n00vn0u,0.17706130229076,0.058572536776480486,0.036426723979837886
0.15214440433212997,0.1496534296028881,0.9904427392420436,0.3768592057761733,0.0,0.3097472924187726,2020-05-02T02:05:43Z,ls8,q9fd4n00vn0u,0.3832982964040489,0.1522104375815063,0.15474397359567232
0.1347808373138522,0.2617112953076707,0.5088189019845979,0.5347868783366113,0.0018544534981736443,0.05504355155942681,2020-05-10T01:40:05Z,ls7,q9fd4n00vn0u,0.5415762256999369,0.2650338317511158,0.13649193749134692
0.05713497746537564,0.2045604377528977,0.37071820916944986,0.42111982279341625,0.047701029684295945,0.2566973342252147,2020-05-18T02:05:41Z,ls8,q9fd4n00vn0u,0.42900571255297965,0.2083910364898247,0.058204887047684985
0.028994847152033845,0.1613727028127203,0.3049697755941373,0.4243416963691782,0.021683660805591684,0.35497066153036605,2020-05-26T01:39:05Z,ls7,q9fd4n00vn0u,0.43030353595927917,0.16363992796787796,0.029402213736885154
0.03109324691616141,0.21255306990034153,0.009840183278588932,0.5958990870443933,0.0012195971844727856,0.1423374451181267,2020-06-03T02:05:47Z,ls8,q9fd4n00vn0u,0.6078927646443778,0.21683113148609748,0.03171906156692521
0.03505426907094805,0.16054681727013617,0.2809420629882139,0.454294694010729,0.0020440870224465706,0.33456810264579717,2020-06-19T02:05:56Z,ls8,q9fd4n00vn0u,0.46372598717592506,0.16387981701760418,0.035782006138227046
0.066395808831391,0.16310862824762107,0.8709183250986778,0.2962365016572223,0.02352186464236074,0.44477707687373036,2020-06-27T01:37:13Z,ls7,q9fd4n00vn0u,0.2995948192114028,0.16495772708053977,0.06714851219196633
0.06302327753262825,0.13149315526915864,0.1133277208865826,0.3050787202415696,0.009603635995735176,0.4843221031495879,2020-07-13T01:36:15Z,ls7,q9fd4n00vn0u,0.309035199617608,0.1331984526969854,0.06384060854008344
,,1.0,,,,2020-07-21T02:06:09Z,ls8,q9fd4n00vn0u,,,
0.17614454520472658,0.02950810662269854,0.974888901156532,0.08238801868645233,0.08573784006595218,0.6254465512503435,2020-07-29T01:35:16Z,ls7,q9fd4n00vn0u,0.08260967356700318,0.029587494571978252,0.17661844054472287
,,1.0,,,,2020-08-06T02:06:13Z,ls8,q9fd4n00vn0u,,,
0.03449597657962302,0.21642502661406474,0.11844102790582134,0.5328198384369717,0.0005557642933183043,0.2050300582378358,2020-08-14T01:34:16Z,ls7,q9fd4n00vn0u,0.540076019019642,0.2193724001208916,0.0349657583283124
0.13144646972996976,0.22258897041720413,0.34733224764691273,0.5129662092152841,0.000708380030026855,0.11653380135755217,2020-08-22T02:06:20Z,ls8,q9fd4n00vn0u,0.5222884318637083,0.2266341178441409,0.13383526890457167
0.03674423236006005,0.2836290174331322,0.09909188771426203,0.5819528018628022,0.0014629737430681088,0.08331290787095193,2020-08-30T01:33:14Z,ls7,q9fd4n00vn0u,0.5902713759063566,0.2876832791788713,0.037269463300752016
0.03249569037424233,0.07446458692468812,0.6277222666924287,0.18149122319227415,0.13366327457413482,0.5726148770134757,2020-09-07T02:06:27Z,ls8,q9fd4n00vn0u,0.18480728114044165,0.07582514244349148,0.03308942482845634
0.03032328929565046,0.2973191997202669,0.09220513952910647,0.5991908265807195,0.0007449412408592669,0.05990695835930492,2020-09-15T01:32:10Z,ls7,q9fd4n00vn0u,0.6072815416257236,0.3013338221337515,0.030732736640360893
0.09912792114598283,0.19299060359067396,0.49033923100278787,0.399707276124455,0.004522191231823228,0.29113975466435593,2020-09-23T02:06:32Z,ls8,q9fd4n00vn0u,0.4069363194119381,0.19648100146624348,0.10092073322563934
0.03877818530241033,0.31955790994840055,0.12137376135140354,0.585756516685385,0.0011230925098368767,0.04171935253324118,2020-10-17T01:30:06Z,ls7,q9fd4n00vn0u,0.5938625810881331,0.323980151826489,0.03931482204229977
0.05066169367081621,0.3083990035606834,0.0,0.60294046206078,0.002139170277954125,0.017513594082088933,2020-10-25T02:06:35Z,ls8,q9fd4n00vn0u,0.6144389843268121,0.3142804015301352,0.05162784978300968
0.09694988066825776,0.15253937947494034,0.9855433492506004,0.3306205250596659,0.005250596658711217,0.4062052505966587,2020-11-10T02:06:32Z,ls8,q9fd4n00vn0u,0.3354275031461151,0.15475718931697682,0.0983594602815382
0.09325912291465802,0.3004189674818126,0.5276297993320268,0.5376468869605866,0.002249685920472142,0.04937622344932363,2020-11-26T02:06:35Z,ls8,q9fd4n00vn0u,0.5474892114977837,0.3059185268520921,0.09496635228032849
0.04373892461839963,0.29845262082861795,0.0,0.6127134339893456,0.0018493472080377599,0.024641861492174778,2020-12-12T02:06:36Z,ls8,q9fd4n00vn0u,0.6246505436469564,0.3042671851335594,0.04459106251927171
0.055807059345043514,0.21366191980199847,0.6263973612299539,0.4193140134094309,0.008588685100016624,0.2932158622855138,2020-12-20T01:25:35Z,ls7,q9fd4n00vn0u,0.42504408579162745,0.21658168452874774,0.05656968229409434
0.0487331281570013,0.301686494244942,0.0,0.6059389577410362,0.0018079439123354218,0.02367578459245356,2020-12-28T02:06:33Z,ls8,q9fd4n00vn0u,0.6174434841826871,0.3074143983610084,0.04965838895151551
0.019445061212075128,0.3113422553417991,0.09250876369759031,0.620414493194434,0.0009581020454718272,0.03503155653562467,2021-01-05T01:24:28Z,ls7,q9fd4n00vn0u,0.6287687652359054,0.31553467497039,0.019706901212608173
0.06673913043478262,0.18217391304347824,0.9996825747329487,0.2665217391304348,0.0,0.4782608695652174,2021-01-13T02:06:27Z,ls8,q9fd4n00vn0u,0.2697816001320302,0.18440210514734195,0.06755542515541049
,,1.0,,,,2021-01-21T01:23:20Z,ls7,q9fd4n00vn0u,,,
0.0,0.007671811492176499,0.7402426233128157,0.004000212522912627,0.0,0.9883112398055416,2021-02-06T01:22:10Z,ls7,q9fd4n00vn0u,0.004005948312541931,0.007682811881916483,0.0
0.033668262993734314,0.2823022992630213,0.0,0.6372831157360126,0.0016078279831074553,0.02670512572800795,2021-02-14T02:06:20Z,ls8,q9fd4n00vn0u,0.649606461192171,0.2877612682376946,0.03431931685901897
0.03960015445030479,0.291305680156422,0.16005134008667088,0.5927194755261991,0.0012651780286225991,0.06240449548972248,2021-02-22T01:20:57Z,ls7,q9fd4n00vn0u,0.600872684997783,0.2953127633191087,0.04014487816476311
0.1632381361391454,0.24890057977238564,0.967864141985702,0.40759501825209365,0.00021473051320592657,0.16684560876100493,2021-03-02T02:06:14Z,ls8,q9fd4n00vn0u,0.4141613820038955,0.25291037300251046,0.16586790571938306
0.014398793673693337,0.25980331969949283,0.10076872119020674,0.6379550773905904,0.0005985588544504386,0.07592488853759793,2021-03-10T01:19:43Z,ls7,q9fd4n00vn0u,0.6458717439853756,0.2630273339524901,0.014577474670085723
0.26628272251308904,0.13476439790575914,0.9973639901736178,0.3406544502617801,0.0,0.2486910994764398,2021-03-18T02:06:04Z,ls8,q9fd4n00vn0u,0.34506697922962937,0.13651001376117206,0.26973190753275883
0.25466401062417,0.12240371845949537,0.948038863893566,0.232148738379814,0.01301460823373174,0.37144754316069056,2021-03-26T01:18:26Z,ls7,q9fd4n00vn0u,0.2345575712583246,0.12367380979634678,0.25730646755090647
,,1.0,,,,2021-04-03T02:06:01Z,ls8,q9fd4n00vn0u,,,
0.28262195121951217,0.2870121951219512,0.9988683099174694,0.31890243902439025,0.0,0.10365853658536585,2021-04-19T02:05:55Z,ls8,q9fd4n00vn0u,0.3217036682444782,0.28953330142003036,0.2851044937501255
0.16493809632852457,0.14282924967559724,0.5479795191697259,0.255174108846653,0.007281886878864208,0.42273108922982977,2021-04-27T01:15:46Z,ls7,q9fd4n00vn0u,0.25836777452137527,0.14461684824544047,0.16700240112449038
0.06772683023882103,0.26480590906184054,0.02886499765381323,0.5651427881165042,0.0008455728222946999,0.08440806349612387,2021-05-05T02:05:45Z,ls8,q9fd4n00vn0u,0.5758899453100509,0.2698416465609466,0.06901477181058398
0.20224564619615035,0.13378551787351056,0.9924715007314582,0.1742621448212649,0.06966086159486709,0.41979835013748856,2021-05-13T01:14:26Z,ls7,q9fd4n00vn0u,0.17434665756371048,0.13385040047338095,0.20234373023055294
0.05450141032022565,0.2667654927824788,0.33456623147202513,0.5782594989215197,0.0008503401360544217,0.08232744317239091,2021-05-21T02:05:54Z,ls8,q9fd4n00vn0u,0.5893780932178777,0.2718947769395886,0.055549346534088294
0.10143453239424786,0.13901802091938895,0.5071834718043556,0.3339580211994343,0.05624711203214921,0.36222468039822453,2021-05-29T01:13:04Z,ls7,q9fd4n00vn0u,0.33809615993966524,0.1407406202325919,0.10269142739736918
0.1305243339922809,0.1051548526781512,0.8533909299180215,0.2556372964322696,0.026263767297373623,0.47561894003577143,2021-06-06T02:06:02Z,ls8,q9fd4n00vn0u,0.2591758314302241,0.1066104076053837,0.13233105363124703
0.04066920125926817,0.018331813724646904,0.5988779706864666,0.0295387844277383,0.28395465258304803,0.6268471847098694,2021-06-14T01:11:45Z,ls7,q9fd4n00vn0u,0.029758428605701683,0.018468125229474667,0.040971608871906116
0.030999228029307803,0.13054918265910045,0.49048414253774597,0.30371493966439594,0.040724839849939735,0.4858946056854964,2021-06-22T02:06:07Z,ls8,q9fd4n00vn0u,0.3090136939186849,0.1328268053462598,0.031540055199619124
0.10664675978480824,0.21531497293651186,0.5805639128874658,0.4168413865719034,0.011318954312883536,0.24167941694223713,2021-06-30T01:10:25Z,ls7,q9fd4n00vn0u,0.42146708177865944,0.217704326466031,0.1078302205001889
0.06328649492583918,0.12335675253708041,0.9911603963675508,0.2655815768930524,0.00702576112412178,0.5323965651834505,2021-07-08T02:06:10Z,ls8,q9fd4n00vn0u,0.27048701944916426,0.125635221814047,0.06445543242921647
0.040890145026835675,0.20456255403840196,0.15400645891412956,0.5349010587448408,0.006639586290151552,0.2020750746341702,2021-07-16T01:09:04Z,ls7,q9fd4n00vn0u,0.5423942172440502,0.20742816743615747,0.041462954395470514
2.0711437891575622e-05,0.0005410863149174132,0.866729691683458,0.00011287733650908715,0.04846476466628696,0.9508621136022368,2021-08-01T01:07:40Z,ls7,q9fd4n00vn0u,0.00011261745008582215,0.0005398405290811198,2.0663752309325162e-05
0.05685906356534354,0.23464859770419616,0.06281570012973037,0.5792878443153453,0.0019438492633253076,0.10938569945439686,2021-08-09T02:06:22Z,ls8,q9fd4n00vn0u,0.5911789699514861,0.23946526351727326,0.05802621781351858
0.2751968123641632,0.18788325173980813,0.6856730795771344,0.36748633399925357,0.005202959320322276,0.1539373449540076,2021-08-17T01:06:15Z,ls7,q9fd4n00vn0u,0.3720406311832886,0.19021170884191002,0.2786073557004715
0.09228357253862328,0.21912789103208702,0.9245148913853543,0.462781789925953,0.0,0.21126245543468325,2021-08-25T02:06:27Z,ls8,q9fd4n00vn0u,0.47147578593218975,0.22324451154516484,0.09401724708796202
0.0,0.0,0.9767520494631373,0.0,0.0,1.0,2021-09-02T01:04:52Z,ls7,q9fd4n00vn0u,0.0,0.0,0.0
0.07576153514445882,0.13190944372574387,0.679952524220928,0.3158712807244502,0.052436394997843895,0.4147692971108236,2021-09-10T02:06:31Z,ls8,q9fd4n00vn0u,0.3214533637201177,0.13424054980509575,0.07710039436611903
,,1.0,,,,2021-09-18T01:03:28Z,ls7,q9fd4n00vn0u,,,
0.1458928300742762,0.1365635895103835,0.9089541527505589,0.2509383052902834,0.003941185387297257,0.45497953615279674,2021-09-26T02:06:35Z,ls8,q9fd4n00vn0u,0.2545535432437054,0.13853104470333363,0.147994690512867
0.06329506301438859,0.30990762468378336,0.39716111402467635,0.570611027804169,0.0020031821980059754,0.04005219720470233,2021-10-04T01:02:02Z,ls7,q9fd4n00vn0u,0.5791542923780912,0.31454760306159,0.06424272515761058
0.06847686781780647,0.2606009474827269,0.42172706947473015,0.5053992195797187,0.003615708643094951,0.14639443443395664,2021-10-12T02:06:40Z,ls8,q9fd4n00vn0u,0.5147945268513956,0.2654454859822648,0.06974984408928807
0.06193378480060196,0.10063957863054929,0.9908291700019322,0.14492099322799096,0.011286681715575621,0.6772009029345373,2021-10-28T02:06:41Z,ls8,q9fd4n00vn0u,0.1468146899534778,0.10195464580102627,0.06274307959538297
0.06511735036462156,0.2492838738893487,0.5580957244196638,0.4868712815627977,0.007620356345352051,0.1763612798450944,2021-11-13T02:06:37Z,ls8,q9fd4n00vn0u,0.49583119810376575,0.25387145748616363,0.06631570821962421
,,1.0,,,,2021-11-29T02:06:37Z,ls8,q9fd4n00vn0u,,,
0.054718739001111114,0.30701720485020806,0.00010350823925586727,0.5973207914369122,0.001801229805177328,0.020800408554806384,2021-12-07T02:06:38Z,ls9,q9fd4n00vn0u,0.6087443437311314,0.3128888020641514,0.055765215844733505
0.05110225664705446,0.2085149325984956,0.9073463247674515,0.4514366574811946,0.0026066880166828034,0.2731809041483578,2021-12-15T02:06:36Z,ls8,q9fd4n00vn0u,0.45979081641205455,0.21237365088713597,0.05204794053576894
0.1080461527848043,0.33883169295865345,0.3998454276960446,0.5904387619003816,0.0008623465023225866,0.09091431725152922,2021-12-23T00:54:32Z,ls7,q9fd4n00vn0u,0.5169591021975908,0.296664343689462,0.09459989035909543
0.10020610513087849,0.3388375946806233,0.0006003477876839192,0.646913532510754,0.0016916501529389831,0.06761076856154499,2022-01-08T00:52:56Z,ls7,q9fd4n00vn0u,0.5544240989316985,0.29039387595724125,0.08587960639657635
0.07154328732747804,0.2776913425345044,0.9945002622208727,0.4011041405269762,0.00878293601003764,0.22961104140526975,2022-01-16T02:06:28Z,ls8,q9fd4n00vn0u,0.4071272086215754,0.28186121687977683,0.0726175970833403
0.16741043557256483,0.3178155654131996,0.2859794639653317,0.3861648932571783,0.0023967605075720234,0.2864515380823983,2022-01-24T00:51:25Z,ls7,q9fd4n00vn0u,0.3151534204442818,0.2593727815741608,0.136625499391587
0.07583716944995131,0.2296633177648601,0.7946327527671202,0.5368549443903095,0.00026880817176842174,0.14196431571519774,2022-02-01T02:06:24Z,ls8,q9fd4n00vn0u,0.5466770573296232,0.23386515863207197,0.07722466015133851
0.1724085070285991,0.3096898731620617,0.31668000772861515,0.46397459201809665,0.0005857165939570205,0.1990022620778801,2022-02-09T00:49:48Z,ls7,q9fd4n00vn0u,0.3925393198529817,0.26200885623420167,0.14586384524097962
0.03260481934361976,0.28318218830218883,0.0,0.6363080681222225,0.0015871263352562864,0.02809213613403627,2022-02-17T02:06:19Z,ls8,q9fd4n00vn0u,0.6484887168007197,0.28860305740714326,0.03322896332284433
0.10154714008384211,0.23498536983372256,0.5094675536172679,0.5675796922038094,0.0018850406549812903,0.0771881945812115,2022-03-05T02:06:16Z,ls8,q9fd4n00vn0u,0.5781354664392871,0.23935559756856958,0.10343570075595045
0.2049596839119611,0.14956178703692233,0.44287035248005746,0.2710654346829831,0.06911329378104215,0.30371452989335745,2022-03-13T00:46:39Z,ls7,q9fd4n00vn0u,0.27175232899905444,0.14994078460825516,0.20547906271829083
0.08553766349489228,0.21925404958151676,0.5663280797151453,0.47697832797632306,0.0019730770454762436,0.20181077554657417,2022-03-21T02:06:07Z,ls8,q9fd4n00vn0u,0.48579227490859617,0.2233055828364897,0.08711828966286367
,,1.0,,,,2022-03-29T00:45:07Z,ls7,q9fd4n00vn0u,,,
0.02850610008556682,0.2787109773938005,0.0,0.6488113803858787,0.001304203814623644,0.024303734577272352,2022-04-06T02:06:02Z,ls8,q9fd4n00vn0u,0.6612738913030406,0.28406451881355377,0.029053651491509788
,,1.0,,,,2022-04-15T01:59:55Z,ls8,q9fd4n00vn0u,,,
0.027228187363714157,0.2667397664854123,0.0,0.6474051864528417,0.0008349664633304811,0.039533246846448974,2022-04-22T02:06:04Z,ls8,q9fd4n00vn0u,0.6599621013076369,0.2719133866636765,0.02775629871890713
0.04134496919917865,0.239247196335492,0.12625244969499572,0.5749429789922603,0.002092876322855789,0.12534354762280842,2022-05-08T02:06:08Z,ls8,q9fd4n00vn0u,0.5863865499695174,0.244009133383882,0.04216789270093634
0.040154268427063086,0.117032236090798,0.6555728836015347,0.23525574499629354,0.106926051329313,0.4943000821429287,2022-05-24T02:06:12Z,ls8,q9fd4n00vn0u,0.2390513334667261,0.11892042039839981,0.04080211266263241
0.02716351987574625,0.07232902975294861,0.7156559662149107,0.16321773528126973,0.170727563946998,0.5619084599330194,2022-06-25T02:06:29Z,ls8,q9fd4n00vn0u,0.16610899985531483,0.0736102775354851,0.027644698729182574
0.036985743380855404,0.01820264765784114,0.986447321206768,0.037097759674134416,0.0829938900203666,0.8238289205702648,2022-07-11T02:06:29Z,ls8,q9fd4n00vn0u,0.03745594493995363,0.018378397359365115,0.03734284711004985
0.08663727959697734,0.09713042261404982,0.7534433740925778,0.12426196473551637,0.010383431290232299,0.6759865659109991,2022-07-27T02:06:38Z,ls8,q9fd4n00vn0u,0.12652119107262433,0.09889636611390637,0.0882124456122378
0.0696498661293439,0.2807654779320434,0.0,0.5610368075298793,0.0016906345745121311,0.06973005051202076,2022-08-12T02:06:46Z,ls8,q9fd4n00vn0u,0.571579290770008,0.28604136234065713,0.07095866180280194
0.067181626558932,0.14333626090520515,0.7642910375665903,0.22831079102991986,0.06695356871011184,0.48749926810703204,2022-08-28T02:06:47Z,ls8,q9fd4n00vn0u,0.23180623840835027,0.1455307448152953,0.06821017995921054
0.12055756346337909,0.15677904601362838,0.5169546495901074,0.2530486707332753,0.10879844573648947,0.35188068741875117,2022-09-13T02:06:52Z,ls8,q9fd4n00vn0u,0.25731187034390524,0.15942035752885358,0.12258863897200055
0.06323670264153027,0.3225333296530404,0.0,0.5756442352811283,0.0020632642358331724,0.01854177592536366,2022-09-29T02:06:54Z,ls8,q9fd4n00vn0u,0.5864101269437513,0.3285654562197798,0.06441937667527219
0.04873219373219375,0.2946581196581196,0.7723232769328439,0.40150239437473473,0.03567315269442929,0.20724980299448384,2022-10-15T02:06:46Z,ls8,q9fd4n00vn0u,0.4080698372374526,0.2994778925710663,0.049529314502567964
0.0799412965798877,0.30733962906244683,0.9188909437191201,0.5425872043559639,0.00017015484090522376,0.053258465203335034,2022-11-16T02:06:47Z,ls8,q9fd4n00vn0u,0.552333715076892,0.3128603803178672,0.08137728456100053
0.0695424430641822,0.3065830745341615,0.4667255513538878,0.5137954192546584,0.0016174948240165632,0.09241718426501035,2022-12-02T02:06:49Z,ls8,q9fd4n00vn0u,0.5230586365724792,0.3121104606083608,0.07079622373013322
0.052872629661321044,0.32556501697535123,0.0,0.5800091087250544,0.0018631483066052059,0.021812636285848355,2022-12-18T02:06:42Z,ls8,q9fd4n00vn0u,0.5908277479550764,0.3316376293043448,0.053858838148125254
0.09267331670822943,0.23271072319201994,0.9723287973722708,0.48325685785536165,0.005735660847880299,0.171571072319202,2023-01-03T02:06:40Z,ls8,q9fd4n00vn0u,0.49165478052359585,0.23675471475813725,0.09428377155118463
0.04688592011924151,0.3066827679483287,0.0,0.5968269204228657,0.0018769494051726517,0.029755168511413507,2023-01-19T02:06:33Z,ls8,q9fd4n00vn0u,0.6081131012571095,0.31248223352095883,0.04777254730534556
0.04509895387672859,0.29952634629716524,0.0,0.6085512986833751,0.001766540616633084,0.026994948797924315,2023-02-04T02:06:38Z,ls8,q9fd4n00vn0u,0.6200828447285277,0.30520212393749724,0.045953541919417654
,,1.0,,,,2023-02-20T02:06:26Z,ls8,q9fd4n00vn0u,,,
0.05953700490754969,0.2591788033510138,0.3039760964972812,0.4989860704902592,0.0024091607594309227,0.16454667129331285,2023-03-08T02:06:14Z,ls8,q9fd4n00vn0u,0.5083483928701045,0.2640416956329779,0.06065407944417403
0.037246479607802245,0.26963367059559823,0.007666510254216274,0.624198254580856,0.0009248635304752964,0.05017210806300198,2023-04-09T02:05:52Z,ls8,q9fd4n00vn0u,0.636147945279737,0.2747955545675182,0.037959528559267645
0.052365856865294436,0.2555418316216967,0.055273399762621134,0.5364377748236018,0.0017822447518735483,0.13771492849108147,2023-05-11T02:05:34Z,ls8,q9fd4n00vn0u,0.546703028171736,0.260431870626697,0.053367927958612095
0.11580820060996273,0.22404100304981364,0.06327803693173972,0.39620681272376346,0.0035875826912026873,0.2472338043109926,2023-06-12T02:05:42Z,ls8,q9fd4n00vn0u,0.40327049003020404,0.22803526387050913,0.1178728590970914
0.07305101293629483,0.12039895045154991,0.4345689916917387,0.13161679277520136,0.02943617280937271,0.6416768367097877,2023-06-28T02:05:49Z,ls8,q9fd4n00vn0u,0.13316357348723928,0.1218138973620566,0.07390951963154371
0.026197903926844412,0.05098331044085273,0.6332565072179746,0.11384612489886543,0.29693115321655034,0.508608199898395,2023-07-14T02:05:58Z,ls8,q9fd4n00vn0u,0.1158922653594497,0.0518996263400564,0.02666875518554852
,,1.0,,,,2023-07-30T02:06:05Z,ls8,q9fd4n00vn0u,,,
0.043531995950096956,0.14498086592418447,0.5978842915896105,0.27057779760781153,0.0076021485078852985,0.5251831894702521,2023-08-15T02:06:10Z,ls8,q9fd4n00vn0u,0.27536590355065715,0.14754642655727335,0.044302331913932055
0.08945306246377213,0.3204766899445196,0.0,0.5174908912749456,0.0025256010378426124,0.05283750586546689,2023-08-31T02:06:15Z,ls8,q9fd4n00vn0u,0.5270973760066168,0.3264258853423818,0.09111363174769192
0.0,0.0,0.9999102928593117,0.0,0.0,1.0,2023-09-16T02:06:19Z,ls8,q9fd4n00vn0u,0.0,0.0,0.0
0.1052715705946735,0.41275629332360453,0.6973695106130449,0.22821141919007662,0.03475009120758847,0.20856895293688435,2023-10-02T02:06:23Z,ls8,q9fd4n00vn0u,0.23140464287889786,0.4185317412754584,0.10674457170117092
0.10314616743492781,0.38052920312456867,0.0,0.48534557950812873,0.0018976510530238208,0.012427889259985095,2023-11-03T02:06:28Z,ls8,q9fd4n00vn0u,0.49368668635054663,0.3870689448548609,0.10491882848158364
,,1.0,,,,2023-11-19T02:06:29Z,ls8,q9fd4n00vn0u,,,
,,1.0,,,,2023-12-21T02:06:29Z,ls8,q9fd4n00vn0u,,,
0.09581647058823531,0.3303962895927602,0.23748930414861025,0.5191772850678733,0.0021266968325791857,0.03573755656108597,2024-01-06T02:06:20Z,ls8,q9fd4n00vn0u,0.528373476429332,0.3362486016865255,0.09751366849047749
0.06983794176890679,0.315296648965391,0.7738966021695327,0.5781300738570468,0.0,0.019257767197704938,2024-01-14T02:06:32Z,ls9,q9fd4n00vn0u,0.5886197224158103,0.3210174221770966,0.0711050882093882
0.08317557336741356,0.2798641421367748,0.5032501587126335,0.44622417936571884,0.006306694264242155,0.1704196591051162,2024-01-22T02:06:20Z,ls8,q9fd4n00vn0u,0.4539490884122989,0.2847090724282682,0.08461548579007458
0.0759558640867813,0.3513054459134948,0.0,0.5434960252836126,0.0016285296309586244,0.01061304479836595,2024-01-30T02:06:32Z,ls9,q9fd4n00vn0u,0.5530143927071812,0.3574579367442424,0.07728609611925173
0.06477504209335064,0.34969113141406066,0.0,0.5597130751607828,0.001345607110325982,0.00770101300063485,2024-02-07T02:06:21Z,ls8,q9fd4n00vn0u,0.5693506244943424,0.3557123692233492,0.06589038617134763
0.18421756414889773,0.2969560896277557,0.770874161583262,0.41956541380556556,0.0006926876279966269,0.08297193109263944,2024-02-15T02:06:30Z,ls9,q9fd4n00vn0u,0.4268301967440349,0.30209788983915736,0.18740729469617176
0.07626011209586128,0.3444183991827494,0.0002760219713489054,0.5559722107181313,0.0014909301747701483,0.004666059250669538,2024-02-23T02:06:18Z,ls8,q9fd4n00vn0u,0.5657591636918328,0.35048130414651574,0.07760254273621173
0.1412766991148879,0.30811087751532595,0.2188164177868558,0.5005624260198223,0.0007066763245764359,0.0329046163630903,2024-03-02T02:06:25Z,ls9,q9fd4n00vn0u,0.509224563883318,0.313442677825433,0.14372146560358218
0.16399936197362827,0.2780996266364196,0.4159651108228215,0.4383647620397938,0.0002126754572522331,0.10445909542038849,2024-03-10T02:06:07Z,ls8,q9fd4n00vn0u,0.44576547963167823,0.28279465912390267,0.16676809036677834
0.11096496086694761,0.2689773630343167,0.42690938198680617,0.39657953040337146,0.0009632751354605659,0.2093437688139675,2024-03-26T02:05:53Z,ls8,q9fd4n00vn0u,0.40330617861854096,0.2735396663310488,0.11284711110098214
0.06842166376378868,0.33980205136711733,0.0016009274338237844,0.5626871665146113,0.0013477647839429377,0.010775206657266872,2024-04-03T02:06:16Z,ls9,q9fd4n00vn0u,0.5725198229548403,0.34573990996352655,0.06961729564042352
0.06611639037247695,0.33522570576402866,0.0051478097656573185,0.5741865852812651,0.0012485260456405632,0.005916626205174447,2024-04-11T02:05:50Z,ls8,q9fd4n00vn0u,0.5843728245374012,0.341172708587243,0.06728931462454082
0.062215904385989125,0.34121918904744825,0.0,0.5743372712467912,0.0010143807447072788,0.004471555935852494,2024-04-19T02:06:03Z,ls9,q9fd4n00vn0u,0.584171238599331,0.3470616417893161,0.06328118293079325
0.12098634521203168,0.2882617182348131,0.2151798283143338,0.4349813158889681,0.0018728073646171297,0.1395461299710726,2024-04-27T02:05:41Z,ls8,q9fd4n00vn0u,0.4423758869051568,0.293162093650662,0.1230430821084915
0.009211451531893521,0.0009542943244600704,0.9862610063761076,0.002245102963335008,0.29884480160723254,0.688598694123556,2024-05-13T02:05:27Z,ls8,q9fd4n00vn0u,0.002271451804264486,0.0009654940555039202,0.009319558409443103
0.21096026158619996,0.27333322211471095,0.7931836374175385,0.3775109272296553,3.3365586733842714e-05,0.12712288545594075,2024-05-21T02:05:43Z,ls9,q9fd4n00vn0u,0.38234667729269284,0.2768345012850153,0.21366257037961742
0.19825658847379088,0.22899411140071432,0.9285172099699136,0.32211217298967076,0.010522251182546578,0.22724201177719858,2024-06-06T02:05:37Z,ls9,q9fd4n00vn0u,0.32764554861116246,0.23292786659453155,0.20166232183456073
0.056061787518286464,0.3339132324933065,0.0,0.548918545916255,0.0009177730547351569,0.04358386927599437,2024-06-14T02:05:21Z,ls8,q9fd4n00vn0u,0.5586264387687706,0.33981865126116995,0.05705326763932988
0.0,0.0,0.8701109608324823,0.0,0.9023003771981087,0.0976996228018913,2024-06-22T02:05:18Z,ls9,q9fd4n00vn0u,0.0,0.0,0.0
0.05612040941686395,0.32646619136028265,0.0001863148306605611,0.5693986430992001,0.0009800605981130383,0.02986424090165575,2024-06-30T02:05:33Z,ls8,q9fd4n00vn0u,0.5796685854403507,0.3323544894836433,0.05713262357623725
0.12169708456174831,0.20912092283214,0.7050843247122471,0.25838668164163037,0.002082455894052132,0.40058027984463473,2024-07-08T02:05:36Z,ls9,q9fd4n00vn0u,0.2619530978037857,0.2120073418777926,0.12337682457973487
0.05544325836874288,0.33526209969945076,0.0012489994203538357,0.5774113379624833,0.00048364251908660655,0.014460911320689536,2024-07-16T02:05:45Z,ls8,q9fd4n00vn0u,0.5875140729073665,0.34112804639575306,0.05641332685710442
,,1.0,,,,2024-07-17T01:59:32Z,ls9,q9fd4n00vn0u,,,
0.09958753225115992,0.19337367379759576,0.4035786248585388,0.33549131677291716,0.02877439807476484,0.33231132348347237,2024-07-24T02:05:41Z,ls9,q9fd4n00vn0u,0.3410761907948747,0.19659273656712098,0.10124535107976712
0.05884329489594341,0.18244241282675613,0.24897871870600896,0.33960766297606465,0.05088436624247714,0.3573023384021684,2024-08-01T02:05:52Z,ls8,q9fd4n00vn0u,0.345991777995381,0.18587205672136314,0.05994946063861021
0.13275993971306474,0.23802235958485957,0.2766016174887521,0.4120571962759463,0.017275259462759464,0.18640300671550672,2024-08-09T02:05:47Z,ls9,q9fd4n00vn0u,0.4191537381895174,0.2421216343128026,0.1350463613194138
0.10073846726190475,0.17906932043650794,0.8887079411521157,0.32361173115079367,0.053633432539682536,0.3333333333333333,2024-08-25T02:06:01Z,ls9,q9fd4n00vn0u,0.32876753229187344,0.18192226338562717,0.10234343844948364
0.060216470231030404,0.3358550470617461,0.0,0.5604568853680753,0.0022771812636285848,0.023489469761793037,2024-09-02T02:06:06Z,ls8,q9fd4n00vn0u,0.5708307112147485,0.3420715854947723,0.06133105226505759
0.007436651953572013,0.029221840771620076,0.9577893400314665,0.04586235082556809,0.41000490436488474,0.5061304561059343,2024-09-10T02:06:03Z,ls9,q9fd4n00vn0u,0.046609188108713506,0.029697698632753046,0.007557752787714328
0.07616281155980016,0.3718595600209777,0.0,0.5213512655607387,0.003063843881973005,0.010516437108393829,2024-09-26T02:06:05Z,ls9,q9fd4n00vn0u,0.5305190374231967,0.3783985747627558,0.07750210682368071
0.10552402645517166,0.2974502593375229,0.4971017693008364,0.3714569554598095,0.038735969702790966,0.17420895194708966,2024-10-04T02:06:07Z,ls8,q9fd4n00vn0u,0.37751199539714064,0.30229893203885577,0.10724415091412308
0.12894736235890347,0.3327095139368809,0.40089431118717045,0.42994609536973044,0.007728633955309837,0.08606311909698226,2024-10-12T02:06:13Z,ls9,q9fd4n00vn0u,0.4369890071577529,0.33815960124533345,0.1310596385446215
0.0,0.0,0.9880137458941731,0.0,0.4985607369027058,0.5014392630972941,2024-10-20T02:06:20Z,ls8,q9fd4n00vn0u,0.0,0.0,0.0
0.10461674349278204,0.37697742140274376,0.0,0.4914710590963041,0.002049463137265726,0.008432471224709488,2024-10-28T02:06:25Z,ls9,q9fd4n00vn0u,0.4997809804763195,0.38335145437155765,0.10638563079014761
0.14823958991643849,0.3033257495962363,0.508646388252505,0.4355372515975002,0.0024998244505301595,0.09570957095709572,2024-11-05T02:06:15Z,ls8,q9fd4n00vn0u,0.442748567501175,0.3083480015253983,0.1506940355658007
0.15523671846765452,0.28588114383809177,0.6944988821110161,0.4330746295627033,0.0026201662450307194,0.10900795084929527,2024-11-13T02:06:16Z,ls9,q9fd4n00vn0u,0.44009909451520574,0.29051813233473894,0.15775465605572936
0.18155488380880408,0.20229926317778196,0.9634753926412543,0.33629699603249574,0.0001889287738522577,0.27149064802569434,2024-11-21T02:06:23Z,ls8,q9fd4n00vn0u,0.34011189573983436,0.204594113887115,0.183614413573504
0.18924009654976578,0.32188925173931565,0.7569971569736951,0.45986880590657386,0.003010080931421269,0.009882152491835865,2024-11-29T02:06:31Z,ls9,q9fd4n00vn0u,0.46749838602194005,0.3272296440487677,0.19237973650603493
0.12382726104712523,0.3338202633873263,0.39846531783930006,0.4859989446152434,0.0020763547928233836,0.03808562382416372,2024-12-07T02:06:21Z,ls8,q9fd4n00vn0u,0.49433795461927554,0.3395481163935491,0.1259519503701882
0.06073181277699709,0.26863258026159326,0.9361630185762787,0.4769603286131229,0.0006485785320505892,0.17954815695600476,2024-12-15T02:06:24Z,ls9,q9fd4n00vn0u,0.4849332085946186,0.27312304874095905,0.06174700717636697
0.10210128626238649,0.34600451295923146,0.0,0.518403902950675,0.002297882911479754,0.01417372822876701,2024-12-23T02:06:18Z,ls8,q9fd4n00vn0u,0.5275321647591648,0.35209709783992704,0.10389912626066156
0.12226290712094508,0.32922948893675347,0.5771067376963206,0.5089259839436068,0.0033287644409633835,0.019173030481039098,2024-12-31T02:06:23Z,ls9,q9fd4n00vn0u,0.5179765883091005,0.3350844186197119,0.12443719814918505
0.11507519970308137,0.3093060370642171,0.18193298186535645,0.5166084638678711,0.0012484078582213562,0.041450514968241516,2025-01-08T02:06:20Z,ls8,q9fd4n00vn0u,0.5255634983080659,0.31466763372434975,0.11706994514112158
0.07735771067376965,0.3367931767368682,0.0,0.5521323387341632,0.0017458389687819151,0.014953490297827707,2025-01-16T02:06:27Z,ls9,q9fd4n00vn0u,0.5618560731691113,0.34272452177925417,0.07872007578502507
0.09620821053258313,0.2627025096007859,0.7682036490104612,0.46536482986514244,0.0015480336995028431,0.1595963204429758,2025-01-24T02:06:14Z,ls8,q9fd4n00vn0u,0.4735963779546835,0.26734929036771377,0.09790997753512422
0.10584119496855346,0.1280110062893082,0.9912225013111043,0.3218081761006289,0.018867924528301886,0.41745283018867924,2025-02-01T02:06:22Z,ls9,q9fd4n00vn0u,0.3264522669272084,0.12985836376546966,0.10736861459034072
0.12603394389407688,0.23549201598696798,0.6356993016644125,0.4818871820127669,0.002083609569450495,0.13988596973083553,2025-02-09T02:06:18Z,ls8,q9fd4n00vn0u,0.49023881769709443,0.23957335202889424,0.12821825097372527
0.03159241706161137,0.07675829383886255,0.9927199205056723,0.07615165876777251,0.06066350710900474,0.7535545023696683,2025-02-17T02:06:27Z,ls9,q9fd4n00vn0u,0.07667981052393227,0.07729065292790682,0.031811527069487956
0.3725335601800942,0.18628130381559016,0.6674142261724033,0.24470153744008963,0.0014731207336556218,0.1839326099134801,2025-02-25T02:06:07Z,ls8,q9fd4n00vn0u,0.2480751727585803,0.18884951483829623,0.37766958175598775
0.19566089693154995,0.3053705467445167,0.00015181208424186465,0.4734771626154292,0.0015114497494720278,0.007695280687951192,2025-03-05T02:06:20Z,ls9,q9fd4n00vn0u,0.48138926940438936,0.31047348426044546,0.19893051589774188
0.3508748374103135,0.24842781017916332,0.17769604460515054,0.3087368774388453,0.002836403306339949,0.07467796752402131,2025-03-13T02:06:04Z,ls8,q9fd4n00vn0u,0.3136486075572092,0.25238007648313887,0.3564569451292906
0.3737720472549615,0.27960811780617745,0.0,0.32802609787739107,0.0009039719561677109,0.004002318584559331,2025-03-21T02:06:06Z,ls9,q9fd4n00vn0u,0.33260100211598975,0.28350774765750775,0.37898495968577534
0.27194936708860756,0.0003037974683544304,0.9918228490987883,0.01628691983122363,0.0,0.7097046413502109,2025-03-29T02:05:55Z,ls8,q9fd4n00vn0u,0.016385997958414042,0.00030564555777352616,0.2736037151336015
0.4162826651154466,0.22099315374977627,0.38314609842943503,0.269001141041704,0.0017786826561661,0.07784812958654018,2025-04-06T02:06:06Z,ls9,q9fd4n00vn0u,0.2731851836069281,0.22443048029170656,0.42275752385865895
0.36924095414900693,0.20349364250936985,0.8029962184989925,0.17829100844162668,0.012014431328592945,0.22746856282181513,2025-04-14T02:05:49Z,ls8,q9fd4n00vn0u,0.18054423576127632,0.20606537867646463,0.373907391411851
0.22337618781442148,0.36901289774962215,4.83038449861084e-05,0.36602260729147257,0.001773526834082079,0.023387091208965628,2025-05-16T02:05:40Z,ls8,q9fd4n00vn0u,0.3722964305779627,0.37533797621416953,0.22720497516482008
0.0,0.0,0.9941345331088355,0.0,0.009411764705882352,0.9905882352941177,2025-05-24T02:05:45Z,ls9,q9fd4n00vn0u,0.0,0.0,0.0
0.4552666119770304,0.16571780147662019,0.9915882304231417,0.12479081214109927,0.009023789991796555,0.2387202625102543,2025-06-01T02:05:44Z,ls8,q9fd4n00vn0u,0.12587523345439228,0.16715787477071906,0.45922283927283775
0.28881269226780965,0.2261629394075559,0.6007204173452207,0.32882720956759187,0.0007085824893712626,0.1423732328644015,2025-06-09T02:05:44Z,ls9,q9fd4n00vn0u,0.3339382160290837,0.2296782210236425,0.293301747593501
0.10878396842265067,0.36157900547911176,1.3801098567411962e-05,0.3581074292338905,0.00037953544861090024,0.15822487820362421,2025-06-25T02:05:56Z,ls9,q9fd4n00vn0u,0.3636943567993748,0.36722009401260947,0.11048113553578062
0.030808080808080812,0.00010101010101010101,0.9993168456209114,0.009292929292929292,0.010101010101010102,0.9494949494949495,2025-07-03T02:06:01Z,ls8,q9fd4n00vn0u,0.009339627430079699,0.00010151768945738804,0.030962895284503356
0.1580548066081671,0.36394942329105767,0.014649866129343936,0.41098149068931955,0.0020379150238457066,0.0490710328937693,2025-07-11T02:05:59Z,ls9,q9fd4n00vn0u,0.4179878110466374,0.37015395150268426,0.16074928953306325
0.04883875480937391,0.1181601958726828,0.980271329597836,0.23769150052465898,0.14935292060160896,0.43966421825813223,2025-07-19T02:06:07Z,ls8,q9fd4n00vn0u,0.24138729407392698,0.11999743316860031,0.04959813389773151
0.11178619902708549,0.2017719055912558,0.42549476938364295,0.22356855444117468,0.011723019638460152,0.4427722058735211,2025-08-04T02:06:12Z,ls8,q9fd4n00vn0u,0.22705578249753547,0.20491914895883034,0.11352984303165302
,,1.0,,,,2025-08-20T02:06:19Z,ls8,q9fd4n00vn0u,,,
0.014282678002125397,0.005472901168969182,0.9935065831240166,0.010871413390010628,0.361317747077577,0.6078639744952179,2025-08-28T02:06:22Z,ls9,q9fd4n00vn0u,0.010939312571488828,0.005507083063848237,0.014371882791868016
0.13662895768630817,0.3491208420579266,0.017927627039112326,0.40976383872735705,0.006148203319327141,0.08292696637108447,2025-09-21T02:06:29Z,ls8,q9fd4n00vn0u,0.41681560081741204,0.35512897866294857,0.13898025082922774
0.1900444382238707,0.25284684558591974,0.8027892020204808,0.3355229364218482,0.020084677560446483,0.18975471500052485,2025-10-15T02:06:38Z,ls9,q9fd4n00vn0u,0.340586027801395,0.256662342368,0.19291223726963347
0.1531684013754587,0.17135468832937162,0.7009922989869994,0.24505065657381553,0.04107913503034779,0.3817359396275184,2025-10-23T02:06:28Z,ls8,q9fd4n00vn0u,0.24832525347894774,0.17364449052753153,0.15521518133565454
0.16266205154760932,0.30474930273545736,0.24043583869275997,0.423080319424382,0.006286736983638131,0.088423137372471,2025-10-31T02:06:32Z,ls9,q9fd4n00vn0u,0.43011119231979017,0.30981371607288805,0.16536521725121273
0.14837060573556496,0.2326508267389852,0.6590369593419636,0.4012719839711806,0.007973932929914392,0.1965958996984477,2025-11-08T02:06:33Z,ls8,q9fd4n00vn0u,0.4080103892755792,0.23655764213500668,0.15086213596105205
,,1.0,,,,2025-11-16T02:06:37Z,ls9,q9fd4n00vn0u,,,
0.16481252471857002,0.3280078520647844,0.2846407574042894,0.4769053797254671,0.002208996112552693,0.011922791245044228,2025-12-02T02:06:37Z,ls9,q9fd4n00vn0u,0.48484414397960335,0.33346800647224134,0.16755606219055855
0.12638876988349756,0.3509007172570102,0.001366308758177115,0.4890084854682902,0.001948617310908111,0.015609668458657527,2025-12-10T02:06:32Z,ls8,q9fd4n00vn0u,0.49717824972731534,0.3567631434183217,0.12850032108479734
0.1752968092696007,0.25208516814681786,0.7194995721659444,0.457842751359197,0.001254643410662009,0.09879701837683584,2025-12-18T02:06:38Z,ls9,q9fd4n00vn0u,0.46545787736663036,0.2562780057845094,0.17821245506136238
0.12588236108994696,0.3330565752836383,0.0037400977117778567,0.5069440480973029,0.0018216576391871112,0.016090154737002507,2026-01-03T02:06:38Z,ls9,q9fd4n00vn0u,0.5154493550740915,0.3386444669337273,0.1279943656159917
0.11876618178807034,0.3371702227497309,0.0,0.5138783847194237,0.001773441165916807,0.012193270584338514,2026-01-11T02:06:22Z,ls8,q9fd4n00vn0u,0.5224721246346842,0.34280881991132134,0.12075234370373933
0.10939213061359686,0.33893220900383675,0.0,0.5170090259184631,0.0015595241381213944,0.017058157829363218,2026-01-19T02:06:36Z,ls9,q9fd4n00vn0u,0.5256044537711844,0.344567057146537,0.11121080711479381
0.21715492957746482,0.15881690140845073,0.9828521350299484,0.38255130784708247,0.0,0.23098591549295774,2026-02-12T02:06:15Z,ls8,q9fd4n00vn0u,0.38784228024158696,0.16101345863854324,0.220158345626912
0.3191154825926974,0.1404189074440985,0.9512407187612134,0.45899518822530433,0.0002830455703368242,0.06835550523634305,2026-02-20T02:06:23Z,ls9,q9fd4n00vn0u,0.46540735736252664,0.1423805615260876,0.3235735303047058
,,1.0,,,,2026-03-08T02:06:21Z,ls9,q9fd4n00vn0u,,,
0.2882372143634385,0.1892709466811752,0.9936583952082586,0.40517954298150166,0.0,0.1044613710554951,2026-03-16T02:06:03Z,ls8,q9fd4n00vn0u,0.41107849440177496,0.19202651551252747,0.29243361903020243
