bare_soil,dry_vegetation,pc_missing,green_vegetation,water,wetness,date,ard_product,nwi_id,norm_pv,norm_npv,norm_bs
0.1328301886792453,0.42996226415094346,0.0,0.3793962264150943,0.03773584905660377,0.007547169811320755,1986-08-16T01:32:51Z,ls5,qd9f75weyyw9,0.3844410656961665,0.43567948105650706,0.13459643437940186
,,1.0,,,,1987-05-31T01:35:27Z,ls5,qd9f75weyyw9,,,
0.08603773584905659,0.47490566037735854,0.0,0.40079245283018866,0.022641509433962263,0.0037735849056603774,1987-09-04T01:37:49Z,ls5,qd9f75weyyw9,0.40573041210934896,0.48075673066530056,0.08709776288572786
0.17655963302752292,0.45440366972477064,0.1773584905660377,0.35279816513761464,0.0,0.0045871559633027525,1987-10-22T01:38:48Z,ls5,qd9f75weyyw9,0.35697660092727024,0.459785490675535,0.17865075243389197
0.06902834008097168,0.539676113360324,0.06792452830188678,0.379919028340081,0.0,0.0,1987-11-07T01:39:08Z,ls5,qd9f75weyyw9,0.38429092100413614,0.5458863999344773,0.06982267906138664
,,1.0,,,,1987-11-23T01:39:27Z,ls5,qd9f75weyyw9,,,
0.10418326693227092,0.5240637450199203,0.05283018867924527,0.35940239043824707,0.0,0.0,1987-12-09T01:39:40Z,ls5,qd9f75weyyw9,0.363896732553449,0.5306171843485276,0.1054860830980234
0.04309433962264152,0.5956603773584906,0.0,0.3503396226415095,0.0,0.0,1987-12-25T01:39:56Z,ls5,qd9f75weyyw9,0.35420243409255653,0.6022280721834344,0.043569493724009006
0.07977011494252874,0.5180459770114942,0.6716981132075472,0.39149425287356326,0.0,0.0,1988-01-10T01:40:12Z,ls5,qd9f75weyyw9,0.3957244103636576,0.5236435459509702,0.08063204368537237
0.12728682170542638,0.5084883720930232,0.026415094339622636,0.35217054263565895,0.0,0.0,1988-01-26T01:40:30Z,ls5,qd9f75weyyw9,0.3564674957824944,0.5146926124995096,0.128839891717996
0.08962264150943396,0.5430188679245284,0.0,0.35558490566037737,0.0,0.0,1988-02-11T01:40:48Z,ls5,qd9f75weyyw9,0.3598212921948984,0.5494883152588972,0.09069039254620435
0.09026415094339624,0.549811320754717,0.0,0.3481132075471698,0.0,0.0,1988-02-27T01:41:00Z,ls5,qd9f75weyyw9,0.3522740290984076,0.5563829380990568,0.09134303280253563
0.1099245283018868,0.5201132075471698,0.0,0.35773584905660377,0.0,0.0,1988-03-14T01:41:09Z,ls5,qd9f75weyyw9,0.3621638141809291,0.5265510391198044,0.11128514669926651
0.0787924528301887,0.5584150943396227,0.0,0.35094339622641507,0.0,0.0,1988-03-30T01:41:16Z,ls5,qd9f75weyyw9,0.35515160772932103,0.5651111280837089,0.07973726418697016
,,1.0,,,,1988-05-17T01:41:38Z,ls5,qd9f75weyyw9,,,
0.0,0.0,0.5169811320754717,0.0,0.0,1.0,1988-06-02T01:41:44Z,ls5,qd9f75weyyw9,0.0,0.0,0.0
0.07916981132075472,0.4385283018867925,0.0,0.4436981132075472,0.018867924528301886,0.007547169811320755,1988-07-20T01:41:56Z,ls5,qd9f75weyyw9,0.4493233630629476,0.444088008347892,0.08017353424953767
0.09256603773584907,0.45237735849056604,0.0,0.4129056603773585,0.022641509433962263,0.007547169811320755,1988-08-05T01:41:58Z,ls5,qd9f75weyyw9,0.4180623043650519,0.4580269516293404,0.09372206476032466
0.08249056603773586,0.442,0.0,0.43313207547169813,0.026415094339622643,0.0037735849056603774,1988-08-21T01:41:59Z,ls5,qd9f75weyyw9,0.4386450068811381,0.44762580289238285,0.08354051098119603
,,1.0,,,,1988-09-06T01:42:02Z,ls5,qd9f75weyyw9,,,
,,1.0,,,,1988-09-22T01:41:57Z,ls5,qd9f75weyyw9,,,
,,1.0,,,,1988-10-08T01:41:52Z,ls5,qd9f75weyyw9,,,
0.07460377358490568,0.5064528301886791,0.0,0.40732075471698115,0.0,0.0,1988-10-24T01:41:47Z,ls5,qd9f75weyyw9,0.41211056811240077,0.5124083689676237,0.07548106291997558
0.08,0.5113740458015268,0.01132075471698113,0.39675572519083974,0.0,0.0,1988-11-09T01:41:50Z,ls5,qd9f75weyyw9,0.4015218818803353,0.517517092201321,0.08096102591834368
0.08152941176470588,0.5151764705882353,0.037735849056603765,0.3909019607843138,0.0,0.0,1988-11-25T01:41:50Z,ls5,qd9f75weyyw9,0.39580686149936467,0.5216407242693774,0.08255241423125792
0.08267924528301888,0.5356603773584906,0.0,0.3702264150943397,0.0,0.0,1988-12-11T01:41:39Z,ls5,qd9f75weyyw9,0.3745085315112418,0.5418559377027904,0.08363553078596787
0.06773584905660378,0.5521886792452829,0.0,0.3686037735849057,0.0,0.0,1989-01-12T01:41:26Z,ls5,qd9f75weyyw9,0.37288135593220345,0.5585967323255459,0.06852191174225074
0.06464150943396227,0.5595849056603773,0.0,0.36400000000000005,0.0,0.0,1989-01-28T01:41:13Z,ls5,qd9f75weyyw9,0.36833664273713157,0.5662517183442798,0.06541163891858867
0.0689811320754717,0.5498490566037735,0.0,0.3699622641509434,0.0,0.0,1989-02-13T01:41:14Z,ls5,qd9f75weyyw9,0.37415563103461436,0.5560813647292294,0.06976300423615617
0.13132075471698113,0.5079245283018867,0.0,0.34837735849056606,0.0,0.0,1989-03-17T01:40:22Z,ls5,qd9f75weyyw9,0.352743389882317,0.5142900810025982,0.13296652911508483
0.09572972972972973,0.4708108108108108,0.30188679245283023,0.4212432432432433,0.0,0.0,1989-06-05T01:39:27Z,ls5,qd9f75weyyw9,0.4264528838787349,0.4766334683156397,0.09691364780562549
0.07950943396226415,0.476188679245283,0.0,0.43309433962264154,0.0,0.0,1989-06-21T01:39:02Z,ls5,qd9f75weyyw9,0.4380032820669389,0.48158607793000796,0.08041064000305308
,,1.0,,,,1989-07-23T01:38:27Z,ls5,qd9f75weyyw9,,,
0.09905660377358491,0.4788301886792453,0.0,0.4030188679245283,0.0037735849056603774,0.0037735849056603774,1989-08-08T01:38:07Z,ls5,qd9f75weyyw9,0.4077631848278485,0.4844669524607276,0.10022269290010322
,,1.0,,,,1989-09-09T01:37:22Z,ls5,qd9f75weyyw9,,,
0.07230188679245284,0.4970188679245283,0.0,0.4184905660377359,0.0,0.0,1989-09-25T01:36:58Z,ls5,qd9f75weyyw9,0.423654353058028,0.5031516216525957,0.07319402528937617
0.07872340425531915,0.5468794326241134,0.4679245283018868,0.2948936170212766,0.0,0.07092198581560284,1989-10-11T01:36:37Z,ls5,qd9f75weyyw9,0.29764283711986467,0.551977854023876,0.07945732304065652
0.062,0.5640377358490565,0.0,0.3627169811320755,0.0,0.0,1989-11-12T01:35:35Z,ls5,qd9f75weyyw9,0.3668422257842914,0.5704526372032669,0.0627051370124418
0.0739622641509434,0.5774716981132074,0.0,0.3370943396226415,0.0,0.0,1989-12-14T01:34:45Z,ls5,qd9f75weyyw9,0.341006260497786,0.5841731562070545,0.07482058329515957
,,1.0,,,,1990-01-15T01:33:44Z,ls5,qd9f75weyyw9,,,
0.11671698113207547,0.5354716981132076,0.0,0.33516981132075474,0.0,0.0,1990-01-31T01:33:14Z,ls5,qd9f75weyyw9,0.3394611121727498,0.5423275367857825,0.1182113510414676
0.18123711340206183,0.49556701030927836,0.26792452830188684,0.3115979381443299,0.0,0.0,1990-02-16T01:32:42Z,ls5,qd9f75weyyw9,0.31525423728813556,0.5013820078226858,0.18336375488917858
0.09335164835164836,0.5365384615384615,0.31320754716981136,0.35780219780219785,0.0,0.0,1990-04-05T01:31:16Z,ls5,qd9f75weyyw9,0.3622607921673343,0.5432242990654206,0.09451490876724522
0.052716981132075465,0.4635849056603774,0.0,0.33852830188679245,0.03018867924528302,0.10566037735849057,1990-04-21T01:31:29Z,ls5,qd9f75weyyw9,0.3422194902753519,0.4686396653698249,0.05329178775104967
0.07909433962264151,0.5410943396226414,0.0,0.36818867924528303,0.0,0.0,1990-05-07T01:31:25Z,ls5,qd9f75weyyw9,0.3725183262064753,0.5474572388515577,0.08002443494196702
0.08633962264150945,0.5228301886792454,0.0,0.3795094339622641,0.0,0.0,1990-05-23T01:31:27Z,ls5,qd9f75weyyw9,0.383854961832061,0.5288167938931299,0.08732824427480917
,,1.0,,,,1990-06-08T01:31:25Z,ls5,qd9f75weyyw9,,,
0.10935849056603773,0.49260377358490576,0.0,0.3857358490566038,0.0,0.0,1990-06-24T01:31:24Z,ls5,qd9f75weyyw9,0.3905402307633529,0.4987392068464889,0.11072056239015815
0.09264150943396227,0.514188679245283,0.0,0.3816981132075472,0.0,0.0,1990-07-10T01:31:22Z,ls5,qd9f75weyyw9,0.38612765307680563,0.5201557489693083,0.09371659795388608
0.10313207547169811,0.49313207547169813,0.0,0.3919245283018868,0.0,0.0,1990-07-26T01:31:18Z,ls5,qd9f75weyyw9,0.3966090044678657,0.4990262343911101,0.10436476114102416
0.14071999999999998,0.52328,0.05660377358490565,0.32544000000000006,0.0,0.0,1990-08-11T01:31:13Z,ls5,qd9f75weyyw9,0.3289133247089263,0.5288648124191462,0.14222186287192753
0.05188976377952756,0.39807086614173226,0.04150943396226414,0.29500000000000004,0.015748031496062992,0.23228346456692914,1990-08-27T01:31:08Z,ls5,qd9f75weyyw9,0.29777507663037733,0.40181553447347457,0.05237789283315592
0.08241509433962266,0.5365660377358491,0.0,0.36939622641509434,0.0,0.0,1990-09-12T01:31:05Z,ls5,qd9f75weyyw9,0.37374007330482584,0.5428756872327428,0.08338423946243129
0.08202290076335879,0.5304961832061069,0.01132075471698113,0.37599236641221373,0.0,0.0,1990-09-28T01:30:56Z,ls5,qd9f75weyyw9,0.3803621761457971,0.5366616471678444,0.08297617668635855
0.08332075471698115,0.547320754716981,0.0,0.35735849056603775,0.0,0.0,1990-10-30T01:30:41Z,ls5,qd9f75weyyw9,0.3616988770911313,0.5539683752196165,0.08433274768925218
0.0930188679245283,0.544188679245283,0.0,0.35083018867924526,0.0,0.0,1990-11-15T01:30:43Z,ls5,qd9f75weyyw9,0.3550777221861513,0.5507772218615132,0.0941450559523355
0.0798490566037736,0.5847924528301887,0.0,0.32373584905660374,0.0,0.0,1990-12-17T01:30:41Z,ls5,qd9f75weyyw9,0.3275427611484422,0.5916692119731215,0.08078802687843618
0.09053191489361702,0.5734574468085106,0.2905660377358491,0.323563829787234,0.0,0.0,1991-01-02T01:31:07Z,ls5,qd9f75weyyw9,0.32764192610147586,0.5806851233437467,0.09167295055477756
0.08641509433962265,0.5821886792452831,0.0,0.3193207547169811,0.0,0.0,1991-01-18T01:31:34Z,ls5,qd9f75weyyw9,0.3232238349885408,0.5893048128342245,0.08747135217723452
,,1.0,,,,1991-02-03T01:31:46Z,ls5,qd9f75weyyw9,,,
0.112,0.5486415094339622,0.0,0.32705660377358486,0.0,0.0,1991-02-19T01:32:08Z,ls5,qd9f75weyyw9,0.3311301291357836,0.5554748987544892,0.11339497210972724
0.08769811320754718,0.5983773584905661,0.0,0.3023018867924529,0.0,0.0,1991-03-07T01:32:25Z,ls5,qd9f75weyyw9,0.3058567501527184,0.6054138668295662,0.08872938301771534
0.17555555555555558,0.47748792270531404,0.21886792452830184,0.1797584541062802,0.0,0.15942028985507245,1991-03-23T01:32:48Z,ls5,qd9f75weyyw9,0.18143727022734932,0.48194732032440757,0.17719511959317052
0.07747169811320755,0.5961509433962264,0.0,0.3153962264150944,0.0,0.0,1991-04-08T01:33:01Z,ls5,qd9f75weyyw9,0.3188980884429013,0.6027700408256705,0.07833187073142812
0.06532075471698114,0.578566037735849,0.0,0.34513207547169816,0.0,0.0,1991-04-24T01:33:16Z,ls5,qd9f75weyyw9,0.34896409630279673,0.5849898889694379,0.06604601472776526
0.17090566037735852,0.15252830188679245,0.0,0.08747169811320754,0.07924528301886792,0.5056603773584906,1991-05-10T01:33:35Z,ls5,qd9f75weyyw9,0.08836336479431378,0.15408314085358774,0.17264783397473998
0.09830188679245284,0.5566037735849056,0.0,0.3345283018867925,0.0,0.0,1991-05-26T01:33:52Z,ls5,qd9f75weyyw9,0.33810068649885583,0.5625476735316551,0.09935163996948894
0.08498054474708172,0.1854863813229572,0.030188679245283012,0.08785992217898832,0.05058365758754864,0.5875486381322957,1991-06-27T01:34:18Z,ls5,qd9f75weyyw9,0.0887281220832437,0.18731929050966464,0.08582029168724724
,,1.0,,,,1991-07-13T01:34:28Z,ls5,qd9f75weyyw9,,,
0.12596226415094341,0.48041509433962265,0.0,0.37026415094339626,0.007547169811320755,0.0037735849056603774,1991-08-14T01:34:45Z,ls5,qd9f75weyyw9,0.3748278951631305,0.4863365199064222,0.12751483021346613
0.12543396226415096,0.4621509433962264,0.0,0.3888679245283019,0.0037735849056603774,0.007547169811320755,1991-08-30T01:34:54Z,ls5,qd9f75weyyw9,0.3937370390570996,0.46793765330735554,0.12700455291856372
0.01803846153846154,0.16123076923076923,0.018867924528301883,0.11157692307692309,0.12692307692307692,0.5807692307692308,1991-09-15T01:35:08Z,ls5,qd9f75weyyw9,0.112137611132586,0.16204097410127558,0.01812910707383069
,,1.0,,,,1991-10-01T01:35:13Z,ls5,qd9f75weyyw9,,,
0.09350943396226416,0.516,0.0,0.37909433962264155,0.0,0.0,1991-10-17T01:35:24Z,ls5,qd9f75weyyw9,0.3834643865943965,0.5219482403236888,0.09458737308191464
,,1.0,,,,1991-11-02T01:35:23Z,ls5,qd9f75weyyw9,,,
0.087811320754717,0.49,0.0,0.3246037735849057,0.0,0.08679245283018867,1991-11-18T01:35:27Z,ls5,qd9f75weyyw9,0.3284858794327473,0.4958601655933763,0.08886150214368785
0.0,0.88,0.9962264150943396,0.11,0.0,0.0,1991-12-04T01:35:41Z,ls5,qd9f75weyyw9,0.11111111111111112,0.888888888888889,0.0
0.11269961977186313,0.5427376425855513,0.007547169811320753,0.3328136882129278,0.0,0.0,1991-12-20T01:35:33Z,ls5,qd9f75weyyw9,0.3367704205301835,0.5491901042668615,0.11403947520295488
0.08113207547169811,0.5389056603773585,0.0,0.36932075471698117,0.0,0.0,1992-01-05T01:35:30Z,ls5,qd9f75weyyw9,0.3732931573727973,0.5447021130521016,0.08200472957510106
,,1.0,,,,1992-01-21T01:35:30Z,ls5,qd9f75weyyw9,,,
0.10169811320754718,0.511622641509434,0.0,0.3745283018867924,0.0,0.0,1992-02-22T01:35:25Z,ls5,qd9f75weyyw9,0.3791351516540606,0.5179158071663229,0.10294904117961648
,,1.0,,,,1992-03-09T01:35:25Z,ls5,qd9f75weyyw9,,,
0.0618867924528302,0.5443018867924528,0.0,0.3828301886792453,0.0,0.0,1992-04-10T01:35:13Z,ls5,qd9f75weyyw9,0.3870807737799992,0.5503453012324011,0.06257392498759969
,,1.0,,,,1992-04-26T01:35:05Z,ls5,qd9f75weyyw9,,,
0.08626415094339622,0.5126792452830189,0.0,0.3888679245283019,0.0,0.0,1992-05-12T01:34:58Z,ls5,qd9f75weyyw9,0.39366619551514687,0.519005233602017,0.08732857088283606
0.0,0.0,0.9924528301886792,0.0,0.0,1.0,1992-05-28T01:34:49Z,ls5,qd9f75weyyw9,0.0,0.0,0.0
0.33675471698113213,0.4116603773584906,0.0,0.24422641509433962,0.0,0.0,1992-06-13T01:34:38Z,ls5,qd9f75weyyw9,0.24603687511879868,0.4147120319330926,0.33925109294810873
0.07704918032786885,0.06852459016393442,0.539622641509434,0.041803278688524584,0.05737704918032787,0.7540983606557377,1992-06-29T01:34:27Z,ls5,qd9f75weyyw9,0.04205929176885678,0.06894425082110642,0.07752104757397134
0.10381132075471698,0.469622641509434,0.0,0.4146415094339623,0.0,0.0,1992-07-15T01:34:15Z,ls5,qd9f75weyyw9,0.41964558509013133,0.4752902535899786,0.10506416131989
0.10754716981132077,0.4700754716981132,0.0,0.4092452830188679,0.0,0.0,1992-07-31T01:34:02Z,ls5,qd9f75weyyw9,0.4146910370143775,0.47633068216579993,0.1089782808198226
0.129,0.492,0.5094339622641509,0.31584615384615383,0.0,0.05384615384615385,1992-09-01T01:33:32Z,ls5,qd9f75weyyw9,0.31898412778616403,0.49688808604975776,0.13028163231792428
0.10226415094339623,0.4770188679245283,0.0,0.4082641509433963,0.0,0.0,1992-09-17T01:33:18Z,ls5,qd9f75weyyw9,0.4134123041650746,0.48303400840657235,0.10355368742835308
0.10200000000000001,0.28200000000000003,0.9811320754716981,0.21400000000000002,0.2,0.2,1992-10-03T01:32:56Z,ls5,qd9f75weyyw9,0.21471571906354517,0.2829431438127091,0.10234113712374583
0.10329545454545455,0.46882575757575756,0.0037735849056603765,0.41583333333333333,0.0,0.0,1992-10-19T01:32:43Z,ls5,qd9f75weyyw9,0.420903304961276,0.47454182961429336,0.10455486542443065
0.10426415094339624,0.5240754716981132,0.0,0.35988679245283023,0.0,0.0,1992-12-06T01:32:27Z,ls5,qd9f75weyyw9,0.3641744310371162,0.5303192301817625,0.10550633878112112
0.12230188679245284,0.537320754716981,0.0,0.3284150943396226,0.0,0.0,1993-01-07T01:32:47Z,ls5,qd9f75weyyw9,0.3323912462284689,0.543826146736432,0.12378260703509915
,,1.0,,,,1993-01-23T01:32:58Z,ls5,qd9f75weyyw9,,,
0.07060377358490566,0.5691698113207546,0.0,0.3488679245283019,0.0,0.0,1993-02-08T01:33:09Z,ls5,qd9f75weyyw9,0.35287606397190735,0.5757089965265849,0.0714149395015077
0.11162264150943398,0.5399245283018868,0.0,0.3355849056603774,0.0,0.0,1993-02-24T01:33:12Z,ls5,qd9f75weyyw9,0.33995947857333997,0.5469628043885468,0.11307771703811308
0.46499999999999997,0.34500000000000003,0.9471698113207547,0.17714285714285713,0.0,0.0,1993-03-12T01:33:24Z,ls5,qd9f75weyyw9,0.17945007235890015,0.349493487698987,0.4710564399421129
0.11177358490566038,0.5432830188679245,0.0,0.3328301886792453,0.0,0.0,1993-04-13T01:33:33Z,ls5,qd9f75weyyw9,0.3369112647541923,0.5499446120936629,0.11314412315214485
0.036808510638297876,0.6760425531914894,0.1132075471698113,0.2814042553191489,0.0,0.0,1993-04-29T01:33:40Z,ls5,qd9f75weyyw9,0.2830301733361866,0.6799486411298952,0.037021185533918255
0.1548679245283019,0.5570188679245284,0.0,0.2761509433962264,0.0,0.0,1993-05-15T01:33:43Z,ls5,qd9f75weyyw9,0.27949432838101057,0.563762746820456,0.15674292479853338
0.09584905660377357,0.5337735849056603,0.0,0.3590188679245283,0.0,0.0,1993-05-31T01:33:47Z,ls5,qd9f75weyyw9,0.3631436314363144,0.5399061032863849,0.09695026527730065
0.15877394636015324,0.5132567049808429,0.015094339622641506,0.3162452107279693,0.0,0.0,1993-07-02T01:33:37Z,ls5,qd9f75weyyw9,0.31999689850352797,0.5193455842443979,0.16065751725207414
0.10369811320754717,0.5109056603773584,0.0,0.37366037735849056,0.0,0.0,1993-07-18T01:33:38Z,ls5,qd9f75weyyw9,0.3780976745962045,0.5169727748291267,0.10492955057466877
0.12252830188679245,0.4975849056603774,0.0,0.3681132075471698,0.0,0.0,1993-08-03T01:33:37Z,ls5,qd9f75weyyw9,0.3724988544371468,0.5035130594165267,0.12398808614632656
0.1089811320754717,0.5039622641509435,0.0,0.3747547169811321,0.0,0.0,1993-08-19T01:33:37Z,ls5,qd9f75weyyw9,0.3794223275005731,0.5102391686406358,0.11033850385879117
0.18442307692307694,0.4515384615384615,0.41132075471698115,0.35307692307692307,0.0,0.0,1993-09-04T01:33:36Z,ls5,qd9f75weyyw9,0.3569900836087887,0.4565428738090609,0.18646704258215052
0.09486792452830191,0.5128679245283019,0.0,0.37966037735849056,0.0,0.0,1993-09-20T01:33:34Z,ls5,qd9f75weyyw9,0.3845066116334174,0.519414507375984,0.0960788809905985
,,1.0,,,,1993-10-06T01:33:30Z,ls5,qd9f75weyyw9,,,
0.08441988950276244,0.5645303867403315,0.31698113207547174,0.3191160220994475,0.0,0.022099447513812154,1993-10-22T01:33:22Z,ls5,qd9f75weyyw9,0.32235781253054563,0.5702652576934064,0.08527748226223576
0.06656603773584906,0.5964528301886792,0.0,0.32558490566037734,0.0,0.0,1993-11-07T01:33:16Z,ls5,qd9f75weyyw9,0.329338117413543,0.6033284983586533,0.06733338422780366
0.09520754716981132,0.5850188679245284,0.0,0.3083018867924528,0.0,0.0,1993-11-23T01:33:08Z,ls5,qd9f75weyyw9,0.3118796762864559,0.5918079096045198,0.09631241410902427
,,1.0,,,,1993-12-09T01:33:05Z,ls5,qd9f75weyyw9,,,
0.08818867924528302,0.5932075471698113,0.0,0.3070566037735849,0.0,0.0,1993-12-25T01:32:56Z,ls5,qd9f75weyyw9,0.31064365885317247,0.6001374360540581,0.08921890509276934
0.08283018867924528,0.617622641509434,0.0,0.288,0.0,0.0,1994-01-10T01:32:43Z,ls5,qd9f75weyyw9,0.29136443460334427,0.6248377491028481,0.08379781629380774
0.08701886792452831,0.6211320754716981,0.0,0.2802641509433962,0.0,0.0,1994-01-26T01:32:30Z,ls5,qd9f75weyyw9,0.2835490398197992,0.6284121711907762,0.08803878898942467
0.10267924528301887,0.5761132075471699,0.0,0.30981132075471696,0.0,0.0,1994-02-27T01:32:05Z,ls5,qd9f75weyyw9,0.31338270096953963,0.5827544087334912,0.10386289029696924
0.09622641509433964,0.5839245283018868,0.0,0.3085660377358491,0.0,0.0,1994-03-15T01:31:51Z,ls5,qd9f75weyyw9,0.31208732491126295,0.5905881454906301,0.09732452959810696
0.09328301886792452,0.5757358490566038,0.0,0.3196603773584906,0.0,0.0,1994-03-31T01:31:35Z,ls5,qd9f75weyyw9,0.32332061068702295,0.5823282442748091,0.09435114503816792
0.21481481481481482,0.5301481481481481,0.49056603773584906,0.24392592592592593,0.0,0.0,1994-05-02T01:31:01Z,ls5,qd9f75weyyw9,0.24666666666666667,0.5361048689138577,0.21722846441947566
0.12533333333333335,0.6244444444444445,0.8301886792452831,0.2251111111111111,0.0,0.022222222222222223,1994-06-03T01:30:25Z,ls5,qd9f75weyyw9,0.225778183015475,0.6262948610794519,0.12570473368285084
0.09660377358490567,0.5064905660377359,0.0,0.38615094339622646,0.0,0.0,1994-07-05T01:29:39Z,ls5,qd9f75weyyw9,0.3903490368109861,0.5119969483120351,0.09765401487697882
0.08845283018867925,0.504867924528302,0.0,0.3954339622641509,0.0,0.0,1994-07-21T01:29:13Z,ls5,qd9f75weyyw9,0.39993130295397294,0.5106098771086178,0.08945881993740937
0.08350943396226417,0.49543396226415104,0.0,0.4094716981132075,0.0,0.0,1994-08-22T01:28:24Z,ls5,qd9f75weyyw9,0.41427098843202376,0.5012407895239187,0.08448822204405758
0.06762264150943396,0.5218867924528301,0.0,0.398377358490566,0.0,0.0,1994-09-07T01:28:00Z,ls5,qd9f75weyyw9,0.4032621566904771,0.5282860307880362,0.0684518125214867
0.06245283018867925,0.5371698113207547,0.0,0.389811320754717,0.0,0.0,1994-09-23T01:27:35Z,ls5,qd9f75weyyw9,0.39397406559877957,0.5429061784897025,0.06311975591151793
0.05842105263157894,0.5273684210526316,0.9283018867924528,0.4005263157894737,0.0,0.0,1994-10-25T01:26:34Z,ls5,qd9f75weyyw9,0.4060832443970117,0.5346851654215582,0.05923159018143009
0.25554716981132075,0.44535849056603777,0.0,0.2882264150943396,0.0,0.0,1994-11-10T01:26:00Z,ls5,qd9f75weyyw9,0.29139325499771096,0.4502517930718755,0.2583549519304135
,,1.0,,,,1994-11-26T01:25:28Z,ls5,qd9f75weyyw9,,,
,,1.0,,,,1994-12-12T01:25:00Z,ls5,qd9f75weyyw9,,,
0.1217358490566038,0.5233584905660378,0.0,0.3425283018867925,0.0,0.0,1994-12-28T01:24:28Z,ls5,qd9f75weyyw9,0.3468210301085129,0.5299174690508941,0.12326150084059301
0.08118811881188118,0.6477227722772277,0.6188679245283019,0.2615841584158416,0.0,0.0,1995-01-13T01:23:54Z,ls5,qd9f75weyyw9,0.26409436225509797,0.653938424630148,0.08196721311475409
0.013451327433628318,0.104070796460177,0.5735849056603773,0.04008849557522124,0.02654867256637168,0.8141592920353983,1995-01-29T01:23:17Z,ls5,qd9f75weyyw9,0.0405161662186402,0.10518104077951627,0.013594828400073531
0.09022641509433962,0.5557735849056603,0.0,0.34169811320754717,0.0,0.0,1995-03-18T01:21:20Z,ls5,qd9f75weyyw9,0.34595400015282346,0.5626958049973255,0.091350194849851
0.0789433962264151,0.533622641509434,0.0,0.37615094339622646,0.0,0.0,1995-04-19T01:20:02Z,ls5,qd9f75weyyw9,0.3804434945231098,0.5397122247242472,0.07984428075264302
0.09324528301886793,0.5324528301886792,0.0,0.3624528301886793,0.0,0.0,1995-05-05T01:19:19Z,ls5,qd9f75weyyw9,0.36679905292904613,0.5388375467807225,0.09436340029023144
,,1.0,,,,1995-05-21T01:18:36Z,ls5,qd9f75weyyw9,,,
0.004871794871794871,0.0247008547008547,0.5584905660377358,0.004871794871794872,0.03418803418803419,0.9316239316239316,1995-07-24T01:15:40Z,ls5,qd9f75weyyw9,0.0048355284087294,0.024516977370575375,0.004835528408729399
0.02566037735849057,0.0077735849056603775,0.0,0.011433962264150945,0.3584905660377358,0.5962264150943396,1995-08-25T01:14:13Z,ls5,qd9f75weyyw9,0.011539743243886597,0.007845502007394848,0.025897773616643183
0.09286792452830188,0.43603773584905664,0.0,0.4438490566037736,0.011320754716981131,0.0037735849056603774,1995-09-10T01:13:27Z,ls5,qd9f75weyyw9,0.4493932957311852,0.4414844016471557,0.09402796299901774
0.07294339622641509,0.56,0.0,0.3558490566037736,0.0,0.0,1995-12-15T01:12:16Z,ls5,qd9f75weyyw9,0.3598824562073045,0.5663473648055567,0.07377017898713888
0.11064150943396227,0.5184905660377359,0.0,0.3583396226415095,0.0,0.0,1996-01-16T01:14:35Z,ls5,qd9f75weyyw9,0.362885967594008,0.5250687863038827,0.11204524610210945
0.08841509433962264,0.5444150943396227,0.0,0.35528301886792457,0.0,0.0,1996-02-17T01:16:48Z,ls5,qd9f75weyyw9,0.3595569982814589,0.5509642925338935,0.08947870918464769
0.08513307984790874,0.5029657794676806,0.007547169811320753,0.19414448669201523,0.0,0.20912547528517111,1996-03-04T01:17:52Z,ls5,qd9f75weyyw9,0.1962866535358925,0.5085154431987438,0.08607242798019257
0.10320754716981133,0.5226792452830188,0.0,0.3622641509433962,0.0,0.0,1996-03-20T01:18:54Z,ls5,qd9f75weyyw9,0.3666081112044604,0.5289467654471854,0.1044451233483541
0.06781132075471698,0.5346415094339623,0.0,0.3858867924528302,0.0,0.0,1996-04-21T01:20:54Z,ls5,qd9f75weyyw9,0.390439463937994,0.5409491810163797,0.06861135504562636
,,1.0,,,,1996-05-07T01:21:51Z,ls5,qd9f75weyyw9,,,
0.0660377358490566,0.5358867924528301,0.0,0.38732075471698113,0.0,0.0,1996-05-23T01:22:46Z,ls5,qd9f75weyyw9,0.391531565897387,0.5417127598703032,0.06675567423230976
0.116,0.452566037735849,0.0,0.41879245283018873,0.0,0.0,1996-06-24T01:24:31Z,ls5,qd9f75weyyw9,0.4241544047391554,0.4583604051213453,0.11748519013949933
0.08532075471698113,0.4719622641509434,0.0,0.4317358490566038,0.0,0.0,1996-07-10T01:25:20Z,ls5,qd9f75weyyw9,0.4365294364531268,0.47720248769506657,0.08626807585180662
0.11283018867924528,0.4653584905660378,0.0,0.4096603773584906,0.0,0.0,1996-07-26T01:26:12Z,ls5,qd9f75weyyw9,0.4146993658797464,0.4710825884330354,0.11421804568721827
0.04105660377358491,0.4229811320754717,0.0,0.43913207547169814,0.011320754716981131,0.07547169811320754,1996-08-27T01:27:54Z,ls5,qd9f75weyyw9,0.44401254392976913,0.4276821006194709,0.041512902620571356
,,1.0,,,,1996-09-12T01:28:47Z,ls5,qd9f75weyyw9,,,
,,1.0,,,,1996-10-14T01:30:29Z,ls5,qd9f75weyyw9,,,
,,1.0,,,,1996-10-30T01:31:16Z,ls5,qd9f75weyyw9,,,
0.04977099236641221,0.6034351145038169,0.5056603773584906,0.3385496183206107,0.0,0.0,1996-11-15T01:32:01Z,ls5,qd9f75weyyw9,0.3413639162561576,0.6084513546798029,0.050184729064039396
0.04124528301886792,0.5506792452830189,0.0,0.3967924528301887,0.0,0.0,1996-12-01T01:32:47Z,ls5,qd9f75weyyw9,0.4013205602839586,0.5569634746765391,0.041715965039502305
0.06996226415094339,0.5410943396226414,0.0,0.3771698113207547,0.0,0.0,1996-12-17T01:33:32Z,ls5,qd9f75weyyw9,0.3816633572628685,0.5475408584084313,0.07079578432870016
0.06732075471698115,0.5641132075471698,0.0,0.35630188679245284,0.0,0.0,1997-01-02T01:34:18Z,ls5,qd9f75weyyw9,0.36072588347659984,0.5711174785100286,0.06815663801337156
,,1.0,,,,1997-01-18T01:35:03Z,ls5,qd9f75weyyw9,,,
0.04656603773584906,0.5956226415094339,0.0,0.34758490566037736,0.0,0.0,1997-02-03T01:35:46Z,ls5,qd9f75weyyw9,0.35117617903846887,0.6017766594227762,0.047047161538754816
0.09818867924528303,0.5546037735849058,0.0,0.33479245283018866,0.0,0.0,1997-03-07T01:37:06Z,ls5,qd9f75weyyw9,0.33900118451721367,0.5615757899965611,0.09942302548622521
0.07633962264150945,0.5517735849056605,0.0,0.35981132075471695,0.0,0.0,1997-03-23T01:37:42Z,ls5,qd9f75weyyw9,0.36420932009167295,0.5585179526355998,0.07727272727272728
0.043471698113207544,0.557622641509434,0.0,0.38909433962264156,0.0,0.0,1997-04-08T01:38:18Z,ls5,qd9f75weyyw9,0.39294969512195127,0.5631478658536586,0.04390243902439024
0.0710188679245283,0.5547169811320755,0.0,0.36275471698113204,0.0,0.0,1997-04-24T01:38:52Z,ls5,qd9f75weyyw9,0.3669784309982821,0.5611757969078068,0.07184577209391106
,,1.0,,,,1997-05-10T01:39:25Z,ls5,qd9f75weyyw9,,,
,,1.0,,,,1997-05-26T01:39:59Z,ls5,qd9f75weyyw9,,,
0.06509433962264151,0.4981132075471698,0.0,0.4255094339622641,0.0,0.0,1997-07-29T01:42:10Z,ls5,qd9f75weyyw9,0.4303652532346093,0.5037975649784359,0.06583718178695469
0.06666666666666667,0.4558333333333333,0.909433962264151,0.46625000000000005,0.0,0.0,1997-08-14T01:42:41Z,ls5,qd9f75weyyw9,0.47155499367888754,0.4610198061525495,0.067425200168563
0.06501886792452831,0.49849056603773595,0.0,0.4249811320754717,0.0,0.0,1997-08-30T01:43:11Z,ls5,qd9f75weyyw9,0.42992937583508306,0.5042947127314373,0.06577591143347968
0.066,0.5007169811320755,0.0,0.4210566037735849,0.0,0.0,1997-09-15T01:43:38Z,ls5,qd9f75weyyw9,0.42626833740831294,0.5069147310513448,0.06681693154034231
0.08162264150943398,0.49792452830188677,0.0,0.4087924528301887,0.0,0.0,1997-10-17T01:44:31Z,ls5,qd9f75weyyw9,0.4136153640563553,0.5037990149287923,0.08258562101485245
0.09158490566037737,0.519433962264151,0.0,0.3771320754716981,0.0,0.0,1997-11-02T01:44:57Z,ls5,qd9f75weyyw9,0.3816543191018101,0.5256625677843122,0.09268311311387765
0.09428571428571429,0.5820918367346939,0.2603773584905661,0.3120918367346939,0.0,0.0,1997-12-20T01:46:07Z,ls5,qd9f75weyyw9,0.3157324248993496,0.5888820068132549,0.09538556828739549
0.08728301886792454,0.5683396226415095,0.0,0.3327547169811321,0.0,0.0,1998-01-05T01:46:30Z,ls5,qd9f75weyyw9,0.33666768478924863,0.5750229077580941,0.08830940745265731
,,1.0,,,,1998-01-21T01:46:50Z,ls5,qd9f75weyyw9,,,
0.10671698113207548,0.5574716981132076,0.0,0.3232830188679246,0.0,0.0,1998-02-06T01:47:11Z,ls5,qd9f75weyyw9,0.3273845918679303,0.5645444818098441,0.1080709263222256
0.09645283018867926,0.5858490566037736,0.0,0.30592452830188677,0.0,0.0,1998-02-22T01:47:29Z,ls5,qd9f75weyyw9,0.30956926836719106,0.5928287765388728,0.09760195509393617
0.09260377358490565,0.5647924528301888,0.0,0.33116981132075474,0.0,0.0,1998-03-26T01:47:59Z,ls5,qd9f75weyyw9,0.33500019086154903,0.5713249608733825,0.0936748482650685
0.15549180327868853,0.5808196721311475,0.539622641509434,0.15524590163934424,0.0,0.09836065573770492,1998-04-11T01:48:10Z,ls5,qd9f75weyyw9,0.1570014634580111,0.5873877349859908,0.15725014581829308
,,1.0,,,,1998-05-13T01:48:38Z,ls5,qd9f75weyyw9,,,
,,1.0,,,,1998-05-29T01:48:54Z,ls5,qd9f75weyyw9,,,
0.0909056603773585,0.38486792452830193,0.0,0.3852075471698113,0.052830188679245285,0.07547169811320754,1998-07-16T01:49:29Z,ls5,qd9f75weyyw9,0.39000238164545237,0.389658531583265,0.09203719997882984
,,1.0,,,,1998-08-01T01:49:35Z,ls5,qd9f75weyyw9,,,
0.08988461538461537,0.3941153846153846,0.018867924528301883,0.37507692307692314,0.06153846153846154,0.06923076923076923,1998-08-17T01:49:43Z,ls5,qd9f75weyyw9,0.3795101388582765,0.3987736251928587,0.09094700517963411
0.0859245283018868,0.33192452830188685,0.0,0.3462264150943396,0.12075471698113208,0.10566037735849057,1998-09-02T01:49:54Z,ls5,qd9f75weyyw9,0.35053543606449833,0.33605555265649345,0.08699391693938557
,,1.0,,,,1998-09-18T01:50:01Z,ls5,qd9f75weyyw9,,,
0.06958490566037737,0.4421132075471698,0.0,0.39411320754716983,0.045283018867924525,0.03773584905660377,1998-10-20T01:50:04Z,ls5,qd9f75weyyw9,0.3989731271203227,0.44756502847009777,0.07044297648505124
,,1.0,,,,1998-11-05T01:50:09Z,ls5,qd9f75weyyw9,,,
0.02595330739299611,0.4939299610894942,0.030188679245283012,0.3809727626459144,0.0311284046692607,0.058365758754863814,1998-12-07T01:50:12Z,ls5,qd9f75weyyw9,0.3850536733722528,0.49922084871692146,0.026231314486701324
,,1.0,,,,1998-12-23T01:50:17Z,ls5,qd9f75weyyw9,,,
0.1053658536585366,0.43878048780487805,0.07169811320754715,0.27195121951219514,0.07723577235772358,0.0975609756097561,1999-01-08T01:50:17Z,ls5,qd9f75weyyw9,0.2749855427424568,0.44367622546518354,0.10654148382488011
0.14500000000000002,0.5349999999999999,0.9320754716981132,0.3083333333333333,0.0,0.0,1999-02-09T01:50:25Z,ls5,qd9f75weyyw9,0.311973018549747,0.5413153456998313,0.14671163575042162
0.068125,0.487109375,0.03396226415094339,0.35484375,0.046875,0.03125,1999-02-25T01:50:28Z,ls5,qd9f75weyyw9,0.3594434071594128,0.4934235234784102,0.06900806936217702
,,1.0,,,,1999-03-13T01:50:17Z,ls5,qd9f75weyyw9,,,
0.0660377358490566,0.3955849056603774,0.0,0.3994339622641509,0.09056603773584905,0.03773584905660377,1999-03-29T01:49:59Z,ls5,qd9f75weyyw9,0.40437043247882754,0.40047380667695326,0.06685387405176649
0.14199203187250997,0.2735458167330677,0.05283018867924527,0.2049800796812749,0.14342629482071714,0.22709163346613545,1999-04-14T01:49:58Z,ls5,qd9f75weyyw9,0.20794126863333184,0.2774975219507204,0.14404328112909517
0.06716981132075472,0.355622641509434,0.0,0.40007547169811314,0.13584905660377358,0.03018867924528302,1999-04-30T01:49:56Z,ls5,qd9f75weyyw9,0.40546950034523993,0.3604173336402134,0.06807543016549021
0.19233333333333336,0.18973333333333334,0.4339622641509434,0.24400000000000002,0.14666666666666667,0.22,1999-05-16T01:49:42Z,ls5,qd9f75weyyw9,0.24683207326163348,0.19193554112093134,0.19456571895076846
0.06132075471698113,0.2922641509433962,0.0,0.40637735849056605,0.1471698113207547,0.0830188679245283,1999-06-01T01:49:20Z,ls5,qd9f75weyyw9,0.4116439799993817,0.2960518734418433,0.06211546731349199
0.0,0.0,0.939622641509434,0.0,0.25,0.75,1999-06-17T01:49:11Z,ls5,qd9f75weyyw9,0.0,0.0,0.0
0.08249056603773584,0.29641509433962265,0.0,0.4101132075471698,0.1320754716981132,0.06792452830188679,1999-07-03T01:49:02Z,ls5,qd9f75weyyw9,0.41582093835190587,0.30054043713233536,0.08363862451575876
,,1.0,,,,1999-07-19T01:48:58Z,ls5,qd9f75weyyw9,,,
0.07728301886792453,0.28071698113207555,0.0,0.38611320754716977,0.16226415094339622,0.0830188679245283,1999-07-27T02:04:05Z,ls7,qd9f75weyyw9,0.3916154039729902,0.2847172586156251,0.07838431854346013
0.08694339622641509,0.2819622641509434,0.0,0.39030188679245287,0.1509433962264151,0.07924528301886792,1999-08-04T01:48:57Z,ls5,qd9f75weyyw9,0.39575319302977485,0.2859004020418135,0.08815772568312878
,,1.0,,,,1999-08-12T02:04:08Z,ls7,qd9f75weyyw9,,,
0.0750188679245283,0.2576226415094339,0.0,0.3513962264150944,0.19622641509433963,0.10943396226415095,1999-08-20T01:48:45Z,ls5,qd9f75weyyw9,0.3566883966479692,0.2615025433758253,0.07614868261771507
0.07267924528301886,0.27962264150943394,0.0,0.3506415094339623,0.20754716981132076,0.07924528301886792,1999-09-05T01:48:17Z,ls5,qd9f75weyyw9,0.3557614627604621,0.28370560041487564,0.07374048399447375
,,1.0,,,,1999-09-13T02:04:05Z,ls7,qd9f75weyyw9,,,
0.06509433962264151,0.30033962264150943,0.0,0.37120754716981136,0.17358490566037735,0.07924528301886792,1999-09-29T02:04:15Z,ls7,qd9f75weyyw9,0.37651295701871135,0.3046321668101986,0.06602468749184477
,,1.0,,,,1999-10-15T02:04:13Z,ls7,qd9f75weyyw9,,,
,,1.0,,,,1999-10-23T01:47:44Z,ls5,qd9f75weyyw9,,,
0.0413953488372093,0.4864341085271317,0.026415094339622636,0.3839922480620155,0.03875968992248062,0.03875968992248062,1999-11-24T01:46:37Z,ls5,qd9f75weyyw9,0.38848099910206035,0.49212037334519604,0.041879247707782424
0.04492063492063492,0.32,0.049056603773584895,0.2463095238095238,0.12698412698412698,0.25396825396825395,1999-12-02T02:04:02Z,ls7,qd9f75weyyw9,0.24945975273833484,0.32409270921249106,0.04549515709679315
0.05143396226415095,0.4616603773584906,0.0,0.3746037735849057,0.07169811320754717,0.03018867924528302,1999-12-10T01:46:18Z,ls5,qd9f75weyyw9,0.37899888672507887,0.4670768993849717,0.052037421437119216
0.053396226415094346,0.41505660377358494,0.0,0.36683018867924533,0.12830188679245283,0.026415094339622643,1999-12-26T01:46:20Z,ls5,qd9f75weyyw9,0.37122187605218404,0.4200256573087103,0.05403548550703019
0.02335570469798658,0.18818791946308724,0.4377358490566038,0.17865771812080536,0.28187919463087246,0.3221476510067114,2000-01-03T02:04:03Z,ls7,qd9f75weyyw9,0.1813004019457777,0.19097157289855773,0.023701179518080637
0.05298113207547169,0.37935849056603776,0.0,0.36803773584905664,0.1471698113207547,0.04150943396226415,2000-01-19T02:04:00Z,ls7,qd9f75weyyw9,0.37306984067679005,0.3845453817618959,0.05370553227829521
0.07076923076923076,0.5043589743589744,0.8528301886792453,0.41256410256410264,0.0,0.0,2000-02-04T02:04:01Z,ls7,qd9f75weyyw9,0.41770508826583597,0.5106438213914849,0.07165109034267912
0.05775665399239544,0.44072243346007606,0.007547169811320753,0.3806083650190114,0.07604562737642585,0.034220532319391636,2000-02-20T02:03:53Z,ls7,qd9f75weyyw9,0.3852178088860237,0.44605990237741266,0.058456129040746256
0.07384,0.44551999999999997,0.05660377358490565,0.35756000000000004,0.04,0.072,2000-03-07T02:03:49Z,ls7,qd9f75weyyw9,0.3620778178169047,0.4511492040322948,0.07477297815080053
0.05226415094339623,0.3737735849056604,0.0,0.3996603773584905,0.11320754716981132,0.04905660377358491,2000-03-23T02:03:51Z,ls7,qd9f75weyyw9,0.4054869693962109,0.37922277706255025,0.05302610259784271
0.05230188679245283,0.34320754716981133,0.0,0.37524528301886795,0.1660377358490566,0.052830188679245285,2000-04-08T02:03:39Z,ls7,qd9f75weyyw9,0.38029754509133745,0.3478284566176301,0.05300607376273066
0.06871698113207547,0.33373584905660375,0.0,0.4006792452830189,0.1509433962264151,0.033962264150943396,2000-04-24T02:03:33Z,ls7,qd9f75weyyw9,0.4066471690134478,0.3387066832506057,0.0697404873585881
0.057962264150943396,0.33437735849056605,0.0,0.41105660377358494,0.1320754716981132,0.052830188679245285,2000-05-26T02:03:12Z,ls7,qd9f75weyyw9,0.4170419277364694,0.3392461692529932,0.058806242633178823
0.06758490566037736,0.30154716981132074,0.0,0.3927547169811321,0.15471698113207547,0.07169811320754717,2000-06-27T02:02:56Z,ls7,qd9f75weyyw9,0.3987851262066968,0.3061771659797957,0.06862261347388489
0.42596774193548387,0.14306451612903223,0.7660377358490567,0.4208064516129032,0.0,0.0,2000-07-29T02:02:26Z,ls7,qd9f75weyyw9,0.42512628320026075,0.14453315952419749,0.4303405572755418
0.05558490566037736,0.28535849056603774,0.0,0.395622641509434,0.17358490566037735,0.07924528301886792,2000-08-14T02:02:19Z,ls7,qd9f75weyyw9,0.4013181157788203,0.28946657683321625,0.05638511870871826
0.09321428571428572,0.3039285714285714,0.6830188679245284,0.4244047619047619,0.05952380952380952,0.10714285714285714,2000-08-30T02:02:09Z,ls7,qd9f75weyyw9,0.43049316524175246,0.3082886538182872,0.09455151427329374
0.09398437500000001,0.3226953125,0.03396226415094339,0.4158984375,0.1015625,0.0546875,2000-09-15T02:01:50Z,ls7,qd9f75weyyw9,0.4214791334334241,0.32702537064840015,0.09524549591817585
0.04486792452830189,0.3836226415094339,0.0,0.43241509433962266,0.07547169811320754,0.052830188679245285,2000-10-01T02:01:41Z,ls7,qd9f75weyyw9,0.4378359200160114,0.3884317970924837,0.045430396099052056
0.07064150943396227,0.434377358490566,0.0,0.41562264150943395,0.03018867924528302,0.03773584905660377,2000-10-17T02:01:23Z,ls7,qd9f75weyyw9,0.42078449175238836,0.43977213406226096,0.07151884588346387
0.07128301886792453,0.48671698113207545,0.0,0.38192452830188683,0.022641509433962263,0.026415094339622643,2000-11-02T02:01:36Z,ls7,qd9f75weyyw9,0.3864018834594326,0.49242283300659623,0.07211867976038613
0.10838709677419356,0.4953225806451613,0.0641509433962264,0.38310483870967743,0.0,0.0,2000-12-04T02:01:34Z,ls7,qd9f75weyyw9,0.3882237567932007,0.5019409144771789,0.1098353287296204
0.14333333333333334,0.49333333333333335,0.9886792452830189,0.35666666666666663,0.0,0.0,2000-12-20T02:01:39Z,ls7,qd9f75weyyw9,0.35906040268456374,0.4966442953020135,0.14429530201342283
0.11147169811320756,0.5131698113207548,0.0,0.36218867924528303,0.0,0.0,2001-01-05T02:01:39Z,ls7,qd9f75weyyw9,0.3670222936025391,0.5200183549386257,0.11295935145883522
0.1286818181818182,0.3765,0.16981132075471694,0.2392272727272727,0.004545454545454545,0.2409090909090909,2001-02-06T02:01:39Z,ls7,qd9f75weyyw9,0.24248474856644853,0.3816266715515662,0.13043403442743984
,,1.0,,,,2001-02-22T02:01:38Z,ls7,qd9f75weyyw9,,,
0.11912878787878789,0.46098484848484844,0.0037735849056603765,0.40628787878787875,0.0,0.0,2001-03-10T02:01:34Z,ls7,qd9f75weyyw9,0.41188894435697554,0.4673399639030759,0.12077109173994856
0.1200378787878788,0.47549242424242427,0.0037735849056603765,0.3912878787878788,0.0,0.0,2001-03-26T02:01:25Z,ls7,qd9f75weyyw9,0.3965146629817289,0.48184400429909413,0.12164133271917704
0.09452830188679247,0.5019245283018868,0.0,0.39064150943396225,0.0,0.0,2001-04-27T02:01:19Z,ls7,qd9f75weyyw9,0.39574891046716104,0.5084868873767108,0.09576420215612814
0.009344262295081968,0.02180327868852459,0.539622641509434,0.009836065573770491,0.12295081967213115,0.8360655737704918,2001-05-13T02:01:10Z,ls7,qd9f75weyyw9,0.009836065573770475,0.021803278688524552,0.009344262295081953
0.0,0.0,0.5132075471698113,0.0,0.0,1.0,2001-05-29T02:01:01Z,ls7,qd9f75weyyw9,0.0,0.0,0.0
0.1416666666666667,0.41,0.9773584905660377,0.43166666666666664,0.0,0.0,2001-06-14T02:00:50Z,ls7,qd9f75weyyw9,0.43898305084745765,0.41694915254237286,0.14406779661016952
0.07588679245283018,0.49154716981132074,0.0,0.416566037735849,0.0,0.0037735849056603774,2001-06-30T02:00:35Z,ls7,qd9f75weyyw9,0.42174196181264056,0.49765475084441135,0.07682970243728782
0.0819622641509434,0.4656603773584906,0.0,0.42822641509433956,0.0037735849056603774,0.007547169811320755,2001-07-16T02:00:35Z,ls7,qd9f75weyyw9,0.43385661544747467,0.4717827489092209,0.08303988092632317
0.08384905660377358,0.4235094339622641,0.0,0.43098113207547173,0.01509433962264151,0.033962264150943396,2001-08-01T02:00:23Z,ls7,qd9f75weyyw9,0.4367700687003092,0.4291980107716985,0.08497531675440739
0.07837735849056605,0.43524528301886795,0.0,0.4246792452830188,0.026415094339622643,0.022641509433962263,2001-08-17T02:00:04Z,ls7,qd9f75weyyw9,0.4304008438018127,0.4411092351528442,0.07943331727175806
0.49375,0.195,0.969811320754717,0.3075,0.0,0.0,2001-09-02T01:59:53Z,ls7,qd9f75weyyw9,0.3086574654956085,0.1957340025094103,0.4956085319949812
,,1.0,,,,2001-09-18T01:59:42Z,ls7,qd9f75weyyw9,,,
0.06109433962264151,0.4326415094339623,0.0,0.45249056603773585,0.01509433962264151,0.026415094339622643,2001-10-04T01:59:30Z,ls7,qd9f75weyyw9,0.45835534904719805,0.4382490265053895,0.061886190485148325
,,1.0,,,,2001-10-20T01:59:32Z,ls7,qd9f75weyyw9,,,
0.08101960784313728,0.4810196078431373,0.037735849056603765,0.42513725490196075,0.0,0.0,2001-11-05T01:59:37Z,ls7,qd9f75weyyw9,0.43065983394907237,0.4872681047153697,0.08207206133555796
0.07419607843137256,0.5085490196078432,0.037735849056603765,0.4045490196078431,0.0,0.0,2001-11-21T01:59:46Z,ls7,qd9f75weyyw9,0.40975532252939306,0.5150937400699079,0.0751509374006991
0.07969465648854963,0.5181297709923665,0.01132075471698113,0.3898854961832061,0.0,0.0,2001-12-07T01:59:47Z,ls7,qd9f75weyyw9,0.3947368421052631,0.5245768606538372,0.08068629724089961
0.09958490566037737,0.516566037735849,0.0,0.37143396226415093,0.0,0.0,2001-12-23T01:59:56Z,ls7,qd9f75weyyw9,0.3761033204692217,0.5230598754346414,0.10083680409613696
0.10788461538461537,0.5198076923076923,0.6075471698113207,0.3603846153846154,0.0,0.0,2002-01-08T01:59:59Z,ls7,qd9f75weyyw9,0.36473335928376804,0.5260801868431296,0.10918645387310236
0.0998062015503876,0.5232558139534884,0.026415094339622636,0.3643798449612403,0.0,0.0,2002-01-24T02:00:06Z,ls7,qd9f75weyyw9,0.36901397393625374,0.5299105040037683,0.10107552205997801
0.09709433962264152,0.5137735849056603,0.0,0.37615094339622646,0.0,0.0,2002-02-09T02:00:08Z,ls7,qd9f75weyyw9,0.3810980272212877,0.5205306621807615,0.09837131059795078
0.08758490566037737,0.5367924528301887,0.0,0.36290566037735855,0.0,0.0,2002-02-25T02:00:10Z,ls7,qd9f75weyyw9,0.3675801704697474,0.5437067614570195,0.0887130680732332
0.0743846153846154,0.44661538461538464,0.5094339622641509,0.24692307692307694,0.0,0.2230769230769231,2002-03-13T02:00:08Z,ls7,qd9f75weyyw9,0.2498169965865048,0.4518496829225067,0.07525639741406547
0.1079245283018868,0.511132075471698,0.0,0.3686792452830189,0.0,0.0,2002-03-29T02:00:03Z,ls7,qd9f75weyyw9,0.37325692454632287,0.5174785100286532,0.10926456542502389
0.09482758620689656,0.5231417624521072,0.015094339622641506,0.3686973180076628,0.0,0.0,2002-04-14T02:00:02Z,ls7,qd9f75weyyw9,0.37367971419695556,0.5302112457284871,0.09610904007455734
0.06916981132075471,0.5455849056603773,0.0,0.3737735849056604,0.0,0.0,2002-04-30T02:00:04Z,ls7,qd9f75weyyw9,0.37811116200946715,0.5519163231027637,0.06997251488776912
0.08652830188679246,0.4791320754716981,0.0,0.4220377358490566,0.0,0.0,2002-06-17T01:59:45Z,ls7,qd9f75weyyw9,0.42729426148085886,0.48509971727668677,0.08760602124245435
0.07245283018867925,0.47916981132075476,0.0,0.435433962264151,0.0,0.0,2002-07-03T01:59:40Z,ls7,qd9f75weyyw9,0.4411438620636923,0.4854532247581909,0.07340291317811676
0.0625221238938053,0.3963716814159292,0.14716981132075468,0.4617256637168141,0.0,0.06637168141592921,2002-07-19T01:59:33Z,ls7,qd9f75weyyw9,0.4682500963387859,0.4019726270247095,0.06340559522057541
0.07732075471698113,0.46196226415094344,0.0,0.42954716981132074,0.0037735849056603774,0.01509433962264151,2002-08-20T01:59:22Z,ls7,qd9f75weyyw9,0.4350014183646622,0.4678281089010099,0.0783025482060259
0.04777358490566038,0.44543396226415094,0.0,0.4172830188679245,0.0037735849056603774,0.07547169811320754,2002-09-05T01:59:13Z,ls7,qd9f75weyyw9,0.42198713778089186,0.450455432661028,0.04831214653921225
,,1.0,,,,2002-09-21T01:59:01Z,ls7,qd9f75weyyw9,,,
0.08912213740458015,0.4865648854961832,0.01132075471698113,0.4122137404580153,0.0,0.0,2002-10-23T01:59:02Z,ls7,qd9f75weyyw9,0.41726229571533435,0.4925240505351002,0.09021365374956535
0.0769056603773585,0.5377358490566038,0.0,0.3739245283018868,0.0,0.0,2002-11-08T01:59:07Z,ls7,qd9f75weyyw9,0.3782494178722755,0.543955414742146,0.07779516738557851
0.07906250000000001,0.546328125,0.03396226415094339,0.36296875000000006,0.0,0.0,2002-11-24T01:59:24Z,ls7,qd9f75weyyw9,0.36724369615050195,0.5527626274602798,0.07999367638921824
0.10724528301886793,0.5331698113207547,0.0,0.34788679245283016,0.0,0.0,2002-12-10T01:59:29Z,ls7,qd9f75weyyw9,0.3520045819014891,0.5394807178312333,0.1085147002672776
,,1.0,,,,2002-12-26T01:59:35Z,ls7,qd9f75weyyw9,,,
0.4226605504587156,0.4307339449541285,0.5886792452830188,0.13605504587155964,0.0,0.0,2003-01-11T01:59:37Z,ls7,qd9f75weyyw9,0.13750579508576727,0.43532684283727396,0.4271673620769587
0.3177358490566038,0.49124528301886794,0.0,0.1780754716981132,0.0,0.0,2003-01-27T01:59:44Z,ls7,qd9f75weyyw9,0.18041059754559008,0.49768704362121036,0.3219023588331995
0.35615094339622644,0.4569433962264151,0.0,0.17377358490566036,0.0,0.0,2003-02-28T01:59:55Z,ls7,qd9f75weyyw9,0.1760859590088712,0.4630238605078006,0.36089018048332827
0.448139534883721,0.4322093023255814,0.6754716981132076,0.10848837209302326,0.0,0.0,2003-03-16T01:59:58Z,ls7,qd9f75weyyw9,0.10971307619943554,0.43708842897460015,0.4531984948259643
0.20400778210116732,0.5300389105058367,0.030188679245283012,0.19957198443579768,0.019455252918287938,0.03501945525291829,2003-04-17T01:59:59Z,ls7,qd9f75weyyw9,0.20211716353212814,0.5367985965362937,0.20660953176037195
0.2670188679245283,0.5118490566037737,0.0,0.20060377358490566,0.0,0.007547169811320755,2003-05-03T02:00:00Z,ls7,qd9f75weyyw9,0.20326241505944745,0.5186326933533382,0.27055772177589354
0.20286792452830188,0.5512830188679244,0.0,0.2078490566037736,0.018867924528301886,0.007547169811320755,2003-05-11T01:46:22Z,ls5,qd9f75weyyw9,0.21035208333179142,0.5579218564622621,0.20531096586632364
0.32815217391304347,0.42619565217391303,0.6528301886792454,0.15804347826086956,0.0,0.07608695652173914,2003-05-19T01:59:55Z,ls7,qd9f75weyyw9,0.1600392619987362,0.431577679709109,0.33229610177041574
0.2329056603773585,0.43162264150943397,0.0,0.1847547169811321,0.09433962264150944,0.045283018867924525,2003-05-27T01:46:41Z,ls5,qd9f75weyyw9,0.1871682016870973,0.43726100712765903,0.23594814967580974
,,1.0,,,,2003-06-12T01:46:58Z,ls5,qd9f75weyyw9,,,
0.06306122448979591,0.03540816326530612,0.6301886792452831,0.014081632653061225,0.6530612244897959,0.23469387755102042,2003-06-28T01:47:21Z,ls5,qd9f75weyyw9,0.014043332654911473,0.03531185819749478,0.06288970710677745
,,1.0,,,,2003-07-22T01:59:46Z,ls7,qd9f75weyyw9,,,
0.0,0.0,0.8528301886792453,0.0,0.0,1.0,2003-07-30T01:47:55Z,ls5,qd9f75weyyw9,0.0,0.0,0.0
,,1.0,,,,2003-08-07T01:59:37Z,ls7,qd9f75weyyw9,,,
0.15630188679245283,0.37003773584905664,0.0,0.24456603773584906,0.21132075471698114,0.007547169811320755,2003-08-31T01:48:29Z,ls5,qd9f75weyyw9,0.24781031774105808,0.3749464551409992,0.1583753025896409
0.1300754716981132,0.38124528301886795,0.0,0.2676603773584906,0.19245283018867926,0.018867924528301886,2003-09-16T01:48:45Z,ls5,qd9f75weyyw9,0.2709926796876642,0.38599168798596817,0.13169487760938653
0.10528301886792453,0.3945660377358491,0.0,0.2904905660377358,0.1660377358490566,0.033962264150943396,2003-10-02T01:48:57Z,ls5,qd9f75weyyw9,0.2940412528647822,0.39938884644767003,0.10656990068754775
0.24634285714285714,0.34405714285714284,0.339622641509434,0.3171428571428571,0.005714285714285714,0.08,2003-10-10T01:59:17Z,ls7,qd9f75weyyw9,0.319499163473474,0.34661341680608776,0.2481731340061525
0.1663076923076923,0.40430769230769226,0.7547169811320755,0.23753846153846156,0.07692307692307693,0.1076923076923077,2003-10-18T01:49:10Z,ls5,qd9f75weyyw9,0.23966378186823648,0.4079251416772832,0.1677956918390956
,,1.0,,,,2003-10-26T01:59:37Z,ls7,qd9f75weyyw9,,,
0.125852534562212,0.5429493087557603,0.18113207547169807,0.31576036866359447,0.004608294930875576,0.0,2003-11-03T01:49:15Z,ls5,qd9f75weyyw9,0.3192335110289558,0.5489213699566778,0.1272368240834907
0.18,0.58,0.9962264150943396,0.23,0.0,0.0,2003-11-11T01:59:45Z,ls7,qd9f75weyyw9,0.23232323232323235,0.5858585858585859,0.18181818181818182
0.14995884773662552,0.5662962962962963,0.08301886792452828,0.27296296296296296,0.0,0.0,2003-11-27T01:59:55Z,ls7,qd9f75weyyw9,0.27593809801148184,0.5724685913969548,0.15159331059156336
0.10935849056603772,0.6143396226415093,0.0,0.2660377358490566,0.0,0.0,2003-12-05T01:49:45Z,ls5,qd9f75weyyw9,0.2687967058105841,0.6207106908647247,0.11049260332469117
0.17298642533936653,0.5404072398190045,0.16603773584905657,0.2752036199095023,0.0,0.0,2003-12-13T02:00:00Z,ls7,qd9f75weyyw9,0.2783778835591359,0.5466404247528378,0.17498169168802638
0.14449056603773586,0.5812830188679246,0.0,0.26230188679245287,0.0,0.0,2003-12-21T01:49:53Z,ls5,qd9f75weyyw9,0.2654674610449129,0.5882981973724412,0.1462343415826459
0.1933333333333333,0.5502380952380952,0.8415094339622642,0.24523809523809526,0.0,0.0,2003-12-29T02:00:08Z,ls7,qd9f75weyyw9,0.24801348422826874,0.5564652058752708,0.19552130989646035
0.17597457627118646,0.5252542372881356,0.10943396226415092,0.2867796610169492,0.0,0.0,2004-01-14T02:00:09Z,ls7,qd9f75weyyw9,0.2902603250847022,0.5316292833554918,0.17811039155980618
0.17689839572192512,0.549572192513369,0.2943396226415095,0.2618181818181818,0.0,0.0,2004-01-22T01:50:03Z,ls5,qd9f75weyyw9,0.26492072939775985,0.5560846274552244,0.17899464314701585
0.20252830188679247,0.5026792452830189,0.0,0.28271698113207555,0.0,0.0,2004-02-07T01:50:08Z,ls5,qd9f75weyyw9,0.2861726508785333,0.5088235294117647,0.20500381970970205
0.19903846153846155,0.49139423076923083,0.21509433962264146,0.2971153846153846,0.0,0.0,2004-02-15T02:00:21Z,ls7,qd9f75weyyw9,0.3008616912516431,0.49759018548269324,0.20154812326566382
0.23932075471698114,0.4596981132075472,0.0,0.2892452830188679,0.0,0.0,2004-02-23T01:50:13Z,ls5,qd9f75weyyw9,0.2926801328802169,0.46515712703806944,0.2421627400817137
0.2663800904977376,0.4288235294117647,0.16603773584905657,0.2918552036199095,0.0,0.0,2004-03-02T02:00:23Z,ls7,qd9f75weyyw9,0.2956816723205281,0.43444576877234803,0.2698725589071239
0.26958490566037735,0.41822641509433967,0.0,0.2999245283018868,0.0,0.0,2004-03-10T01:50:18Z,ls5,qd9f75weyyw9,0.30364851957975164,0.4234192932187201,0.2729321872015281
0.20177489177489177,0.4681818181818182,0.1283018867924528,0.3173593073593074,0.0,0.0,2004-03-18T02:00:30Z,ls7,qd9f75weyyw9,0.32143640110492394,0.4741965186127066,0.20436708028236944
0.22720754716981129,0.4549056603773585,0.0,0.3055471698113207,0.0,0.0,2004-03-26T01:50:20Z,ls5,qd9f75weyyw9,0.3093646123868108,0.46058915676460477,0.2300462308485844
0.36451754385964913,0.3857456140350877,0.13962264150943393,0.23864035087719299,0.0,0.0,2004-04-03T02:00:30Z,ls7,qd9f75weyyw9,0.24131813545039252,0.39007406750343726,0.36860779704617025
0.09671698113207547,0.5603018867924529,0.0,0.3311698113207547,0.0,0.0,2004-04-11T01:50:47Z,ls5,qd9f75weyyw9,0.33512811700462053,0.5669988925802879,0.09787299041509145
,,1.0,,,,2004-04-27T01:51:15Z,ls5,qd9f75weyyw9,,,
0.2018884120171674,0.45175965665236056,0.12075471698113205,0.33274678111587985,0.0,0.0,2004-05-05T02:00:25Z,ls7,qd9f75weyyw9,0.33733629204194404,0.4579906887699604,0.20467301918809555
0.14743396226415095,0.4929056603773585,0.0,0.34683018867924525,0.0,0.0,2004-05-13T01:51:43Z,ls5,qd9f75weyyw9,0.3513379204892966,0.49931192660550455,0.1493501529051988
,,1.0,,,,2004-05-21T02:00:25Z,ls7,qd9f75weyyw9,,,
0.15735849056603773,0.4671698113207547,0.0,0.36388679245283023,0.0,0.0,2004-05-29T01:52:10Z,ls5,qd9f75weyyw9,0.3681517962814493,0.47264536326499446,0.1592028404535563
0.08176991150442477,0.034646017699115045,0.14716981132075468,0.028008849557522125,0.3407079646017699,0.5132743362831859,2004-06-06T02:00:20Z,ls7,qd9f75weyyw9,0.028317770692347737,0.035028142894325875,0.08267178552837064
0.1352452830188679,0.4284905660377358,0.0,0.40437735849056605,0.0,0.018867924528301886,2004-06-14T01:52:39Z,ls5,qd9f75weyyw9,0.4098152921751985,0.43425276620468256,0.137064017091817
0.0,0.0,0.8754716981132076,0.0,0.0,1.0,2004-06-30T01:53:08Z,ls5,qd9f75weyyw9,0.0,0.0,0.0
0.12616279069767444,0.21837209302325583,0.6754716981132076,0.23139534883720927,0.0,0.4186046511627907,2004-07-08T02:00:14Z,ls7,qd9f75weyyw9,0.2335911052263368,0.2204442691532968,0.12735997445757563
0.14482758620689656,0.3995019157088123,0.015094339622641506,0.4346743295019157,0.0,0.007662835249042145,2004-07-16T01:53:34Z,ls5,qd9f75weyyw9,0.4405942835824834,0.4049428466209392,0.14680003454753526
0.13482758620689655,0.40512931034482763,0.12452830188679243,0.4464655172413793,0.0,0.0,2004-07-24T02:00:09Z,ls7,qd9f75weyyw9,0.4526108804894035,0.41070570242516935,0.13668341708542714
0.18793522267206478,0.3412955465587044,0.06792452830188678,0.3948582995951417,0.004048582995951417,0.06072874493927125,2004-08-01T01:53:55Z,ls5,qd9f75weyyw9,0.3996156285059265,0.34540754109555627,0.19019950246329448
0.14422413793103453,0.38142241379310343,0.12452830188679243,0.425948275862069,0.01293103448275862,0.021551724137931036,2004-08-09T02:00:02Z,ls7,qd9f75weyyw9,0.4321801594107145,0.3870028567724562,0.14633422519613956
0.3587058823529412,0.20117647058823532,0.679245283018868,0.4288235294117647,0.0,0.0,2004-08-17T01:54:17Z,ls5,qd9f75weyyw9,0.4337220371251785,0.20347453593526893,0.3628034269395526
0.18333333333333332,0.3364,0.15094339622641506,0.4378222222222222,0.0,0.03111111111111111,2004-08-25T02:00:01Z,ls7,qd9f75weyyw9,0.4430041515174957,0.34038152703643537,0.18550321033495784
0.14671698113207549,0.38184905660377355,0.0,0.43588679245283013,0.007547169811320755,0.01509433962264151,2004-09-02T01:54:43Z,ls5,qd9f75weyyw9,0.44171953691714144,0.38695870436019,0.14868024928870627
0.14562770562770563,0.38519480519480515,0.1283018867924528,0.43428571428571433,0.017316017316017316,0.004329004329004329,2004-09-10T01:59:55Z,ls7,qd9f75weyyw9,0.44024657499134945,0.3904818604737865,0.14762654288984245
0.07947169811320756,0.18143396226415093,0.0,0.23460377358490564,0.3320754716981132,0.1660377358490566,2004-09-18T01:55:08Z,ls5,qd9f75weyyw9,0.23762319615255853,0.18376907304190146,0.08049452325837034
,,1.0,,,,2004-09-26T01:59:50Z,ls7,qd9f75weyyw9,,,
0.14167315175097275,0.4141245136186771,0.030188679245283012,0.4320233463035019,0.0,0.0,2004-10-04T01:55:29Z,ls5,qd9f75weyyw9,0.437349824713436,0.4192303147280104,0.14341986055855357
0.1429433962264151,0.4399245283018868,0.0,0.40603773584905656,0.0,0.0,2004-10-20T01:55:50Z,ls5,qd9f75weyyw9,0.4105929939708463,0.4448599557353278,0.14454705029382586
,,1.0,,,,2004-10-28T02:00:03Z,ls7,qd9f75weyyw9,,,
,,1.0,,,,2004-11-05T01:56:09Z,ls5,qd9f75weyyw9,,,
0.10635071090047392,0.484739336492891,0.20377358490566033,0.3962559241706161,0.0,0.0,2004-11-13T02:00:10Z,ls7,qd9f75weyyw9,0.4013344213507416,0.4909518552296837,0.10771372341957469
0.14037735849056604,0.46626415094339624,0.0,0.3812830188679245,0.0,0.0,2004-11-21T01:56:23Z,ls5,qd9f75weyyw9,0.38594346829640946,0.47196333078686026,0.14209320091673033
,,1.0,,,,2004-11-29T02:00:20Z,ls7,qd9f75weyyw9,,,
0.1666037735849057,0.48562264150943396,0.0,0.3359245283018868,0.0,0.0,2004-12-07T01:56:46Z,ls5,qd9f75weyyw9,0.3399526464523027,0.4914458107385625,0.16860154280913467
0.14225531914893616,0.5282127659574468,0.1132075471698113,0.31757446808510637,0.0,0.0,2004-12-15T02:00:26Z,ls7,qd9f75weyyw9,0.32141780438434037,0.5346052801584908,0.14397691545716867
0.17483018867924527,0.5066792452830189,0.0,0.3070943396226415,0.0,0.0,2004-12-23T01:57:03Z,ls5,qd9f75weyyw9,0.3106343995724864,0.5125200396976869,0.17684556072982668
0.14827868852459017,0.5189754098360656,0.0792452830188679,0.3204508196721311,0.0,0.0,2004-12-31T02:00:35Z,ls7,qd9f75weyyw9,0.3244398340248963,0.525435684647303,0.15012448132780085
0.15837735849056603,0.5181509433962265,0.0,0.31154716981132075,0.0,0.0,2005-01-08T01:57:15Z,ls5,qd9f75weyyw9,0.3153070577451879,0.5244042163153071,0.16028872593950505
0.19034632034632035,0.46220779220779223,0.1283018867924528,0.335064935064935,0.0,0.0,2005-01-16T02:00:38Z,ls7,qd9f75weyyw9,0.33926536337336716,0.46800210397124575,0.19273253265538703
0.15988679245283022,0.5090188679245282,0.0,0.31894339622641515,0.0,0.0,2005-01-24T01:57:28Z,ls5,qd9f75weyyw9,0.3228665291466117,0.5152800061120023,0.16185346474138593
0.17066079295154185,0.49766519823788546,0.1433962264150943,0.3190308370044052,0.0,0.0,2005-02-01T02:00:42Z,ls7,qd9f75weyyw9,0.32311604872172395,0.5040378351849374,0.1728461160933387
0.16264150943396227,0.5174716981132075,0.0,0.30732075471698117,0.0,0.0,2005-02-09T01:57:41Z,ls5,qd9f75weyyw9,0.31123170405472544,0.5240570183819314,0.16471127756334317
,,1.0,,,,2005-02-17T02:00:51Z,ls7,qd9f75weyyw9,,,
0.1439607843137255,0.5450196078431372,0.037735849056603765,0.29937254901960786,0.0,0.0,2005-02-25T01:57:58Z,ls5,qd9f75weyyw9,0.30290044835932234,0.5514422886164345,0.14565726302424317
,,1.0,,,,2005-03-13T01:58:10Z,ls5,qd9f75weyyw9,,,
0.12554502369668247,0.531563981042654,0.20377358490566033,0.3305687203791469,0.0,0.0,2005-03-21T02:00:56Z,ls7,qd9f75weyyw9,0.3346928982725528,0.5381957773512476,0.12711132437619962
0.10932075471698115,0.5626792452830189,0.0,0.3160377358490566,0.0,0.0,2005-03-29T01:58:17Z,ls5,qd9f75weyyw9,0.31986403391513574,0.569491654890578,0.11064431119428639
0.12568464730290457,0.5212033195020747,0.09056603773584904,0.3404564315352697,0.0,0.0,2005-04-06T02:00:52Z,ls7,qd9f75weyyw9,0.34482034040764864,0.5278840092456398,0.1272956503467115
0.14675471698113207,0.509811320754717,0.0,0.33052830188679244,0.0,0.0,2005-04-14T01:58:21Z,ls5,qd9f75weyyw9,0.33484975915589876,0.5164767948619926,0.14867344598210872
0.14401785714285714,0.5230357142857143,0.15471698113207544,0.3201785714285714,0.0,0.0,2005-04-22T02:00:46Z,ls7,qd9f75weyyw9,0.3243194356516234,0.5298001266166229,0.14588043773175363
0.11901709401709402,0.49688034188034197,0.11698113207547167,0.3707692307692308,0.0,0.0,2005-05-08T02:00:51Z,ls7,qd9f75weyyw9,0.37577962577962576,0.5035949410949411,0.12062543312543311
0.12784140969162994,0.4382819383259912,0.1433962264150943,0.4211013215859031,0.0,0.0,2005-05-24T02:00:50Z,ls7,qd9f75weyyw9,0.4265506470325748,0.44395359214636326,0.129495760821062
,,1.0,,,,2005-06-01T01:58:41Z,ls5,qd9f75weyyw9,,,
0.0,0.0,0.6867924528301887,0.0,0.8433734939759037,0.1566265060240964,2005-06-17T01:58:48Z,ls5,qd9f75weyyw9,0.0,0.0,0.0
0.10881057268722466,0.3976651982378855,0.1433962264150943,0.44030837004405293,0.013215859030837005,0.02643171806167401,2005-06-25T02:00:39Z,ls7,qd9f75weyyw9,0.44661839135307807,0.4033641039263867,0.11036992762802425
0.3267647058823529,0.27397058823529413,0.7433962264150944,0.3739705882352941,0.0,0.014705882352941176,2005-07-03T01:58:51Z,ls5,qd9f75weyyw9,0.3780330327665164,0.2769467322233662,0.33031435265717635
0.12167400881057269,0.41176211453744493,0.1433962264150943,0.4222466960352423,0.022026431718061675,0.00881057268722467,2005-07-11T02:00:40Z,ls7,qd9f75weyyw9,0.42820260499563617,0.41757013551321975,0.12339025508585781
0.14079245283018868,0.40124528301886797,0.0,0.4185283018867925,0.01509433962264151,0.011320754716981131,2005-07-19T01:59:02Z,ls5,qd9f75weyyw9,0.42420075382750916,0.4066834925117577,0.1427006593211105
0.12088541666666668,0.40765625,0.2754716981132076,0.4157291666666667,0.03125,0.010416666666666666,2005-07-27T02:00:39Z,ls7,qd9f75weyyw9,0.4219203897775327,0.41372724765581903,0.12268569589998163
,,1.0,,,,2005-08-04T01:59:11Z,ls5,qd9f75weyyw9,,,
,,1.0,,,,2005-08-12T02:00:35Z,ls7,qd9f75weyyw9,,,
0.18554716981132074,0.3588301886792453,0.0,0.4164905660377359,0.0037735849056603774,0.022641509433962263,2005-08-20T01:59:17Z,ls5,qd9f75weyyw9,0.42200277279871135,0.36357926669773905,0.1880028661639271
,,1.0,,,,2005-08-28T02:00:28Z,ls7,qd9f75weyyw9,,,
,,1.0,,,,2005-09-05T01:59:21Z,ls5,qd9f75weyyw9,,,
0.054166666666666675,0.4725,0.9547169811320755,0.38666666666666666,0.0,0.08333333333333333,2005-10-07T01:59:18Z,ls5,qd9f75weyyw9,0.38807785888077856,0.4742244525547445,0.05436435523114356
0.121255230125523,0.42870292887029293,0.09811320754716979,0.42439330543933057,0.0041841004184100415,0.008368200836820083,2005-10-15T02:00:21Z,ls7,qd9f75weyyw9,0.4300975655244643,0.43446511449903,0.12288501872127551
0.1328270042194093,0.46084388185654007,0.10566037735849054,0.39354430379746835,0.0,0.0,2005-10-23T01:59:17Z,ls5,qd9f75weyyw9,0.398640851391204,0.46681198444244987,0.13454716416634613
0.1093723849372385,0.48129707112970704,0.09811320754716979,0.3969037656903765,0.0,0.0,2005-10-31T02:00:34Z,ls7,qd9f75weyyw9,0.4018980638054484,0.48735330254628645,0.11074863364826507
0.08966037735849057,0.5145660377358491,0.0,0.3847924528301887,0.0,0.0,2005-11-08T01:59:26Z,ls5,qd9f75weyyw9,0.3890648250600939,0.5202792933725057,0.09065588156740051
0.1124888888888889,0.4986666666666666,0.15094339622641506,0.3763555555555555,0.0,0.0,2005-11-16T02:00:44Z,ls7,qd9f75weyyw9,0.38111526171294835,0.504973221117062,0.11391151716998968
0.11987951807228917,0.5251807228915661,0.060377358490566024,0.3435341365461847,0.0,0.0,2005-11-24T01:59:50Z,ls5,qd9f75weyyw9,0.347497562560936,0.5312398440038999,0.12126259343516416
0.12039473684210528,0.5037280701754387,0.13962264150943393,0.3627631578947369,0.0,0.0,2005-12-02T02:00:50Z,ls7,qd9f75weyyw9,0.36758366294831335,0.5104217590329319,0.1219945780187547
0.11860986547085203,0.5291928251121076,0.1584905660377358,0.3400896860986547,0.0,0.0,2005-12-18T02:00:52Z,ls7,qd9f75weyyw9,0.34425783023150247,0.5356786200635497,0.12006354970494781
0.1408173076923077,0.5308173076923077,0.21509433962264146,0.31625000000000003,0.0,0.0,2006-01-19T02:01:09Z,ls7,qd9f75weyyw9,0.3201284796573876,0.5373272337940432,0.1425442865485692
0.11739622641509434,0.5585283018867924,0.0,0.31245283018867925,0.0,0.0,2006-01-27T02:01:20Z,ls5,qd9f75weyyw9,0.3161270616982285,0.5650962125839951,0.11877672571777644
0.13333333333333336,0.5346090534979424,0.08301886792452828,0.3196707818930041,0.0,0.0,2006-02-04T02:01:15Z,ls7,qd9f75weyyw9,0.3236801533397225,0.5413142214258928,0.1350056252343848
0.07622641509433964,0.581622641509434,0.0,0.3313584905660377,0.0,0.0,2006-02-12T02:01:42Z,ls5,qd9f75weyyw9,0.3349736781872282,0.5879682612344549,0.07705806057831693
0.121356783919598,0.5432160804020101,0.24905660377358485,0.32301507537688445,0.0,0.0,2006-02-20T02:01:19Z,ls7,qd9f75weyyw9,0.32707474685798604,0.5500432503943418,0.12288200274767211
0.09962264150943395,0.5598113207547171,0.0,0.3295094339622641,0.0,0.0,2006-02-28T02:02:02Z,ls5,qd9f75weyyw9,0.33319342160491466,0.5660701339336819,0.10073644446140342
0.11470046082949309,0.5353917050691245,0.18113207547169807,0.33792626728110603,0.0,0.0,2006-03-08T02:01:20Z,ls7,qd9f75weyyw9,0.3420242537313433,0.541884328358209,0.11609141791044776
0.13048192771084338,0.5447590361445783,0.3735849056603774,0.31349397590361444,0.0,0.0,2006-04-09T02:01:17Z,ls7,qd9f75weyyw9,0.31706574057149817,0.5509656979223786,0.1319685615061232
0.14939622641509434,0.5175094339622642,0.0,0.32037735849056603,0.0,0.0,2006-04-17T02:02:57Z,ls5,qd9f75weyyw9,0.3245040706341016,0.5241753621526584,0.15132056721324005
,,1.0,,,,2006-04-25T02:01:16Z,ls7,qd9f75weyyw9,,,
0.11713207547169811,0.5509433962264151,0.0,0.31973584905660374,0.0,0.0,2006-05-03T02:03:12Z,ls5,qd9f75weyyw9,0.3236810940902319,0.5577415288230126,0.11857737708675556
0.13607758620689656,0.5182327586206896,0.12452830188679243,0.3335344827586207,0.0,0.0,2006-05-11T02:01:18Z,ls7,qd9f75weyyw9,0.337638537394188,0.5246094772667772,0.13775198533903482
0.10607547169811321,0.554566037735849,0.0,0.3270188679245283,0.0,0.0,2006-05-19T02:03:24Z,ls5,qd9f75weyyw9,0.3311045734153517,0.5614946700798533,0.10740075650479504
0.11930434782608698,0.5111739130434783,0.13207547169811318,0.35782608695652174,0.0,0.0,2006-05-27T02:01:18Z,ls7,qd9f75weyyw9,0.36206062205798245,0.5172231753992345,0.12071620254278301
0.1150188679245283,0.5439245283018869,0.0,0.3290566037735849,0.0,0.0,2006-06-04T02:03:39Z,ls5,qd9f75weyyw9,0.33305324268581465,0.5505308990909785,0.11641585822320677
0.14875000000000002,0.5108333333333334,0.2754716981132076,0.3276041666666667,0.0,0.0,2006-06-12T02:01:15Z,ls7,qd9f75weyyw9,0.3318560725968133,0.5174633322781471,0.15068059512503956
0.1451320754716981,0.5327924528301887,0.0,0.285622641509434,0.0,0.026415094339622643,2006-06-20T02:03:53Z,ls5,qd9f75weyyw9,0.2885981103996004,0.538342808922177,0.14664398633859996
0.10981132075471699,0.5369433962264151,0.0,0.3410566037735849,0.0,0.0,2006-07-06T02:04:08Z,ls5,qd9f75weyyw9,0.34526492722619095,0.5435687817549758,0.11116629101883334
0.13932432432432432,0.5373423423423423,0.1622641509433962,0.31130630630630624,0.0,0.0,2006-07-14T02:01:02Z,ls7,qd9f75weyyw9,0.3150959741029498,0.5438836456481102,0.14102038024893995
0.10611320754716981,0.5418490566037736,0.0,0.33999999999999997,0.0,0.0,2006-07-22T02:04:21Z,ls5,qd9f75weyyw9,0.3441426989037852,0.5484511668767427,0.10740613421947214
,,1.0,,,,2006-07-30T02:00:56Z,ls7,qd9f75weyyw9,,,
0.11022641509433963,0.5415849056603773,0.0,0.336188679245283,0.0,0.0,2006-08-23T02:04:45Z,ls5,qd9f75weyyw9,0.3402719425559545,0.548162859980139,0.11156519746390652
0.1556218905472637,0.44139303482587067,0.2415094339622641,0.2929850746268657,0.04477611940298507,0.05472636815920398,2006-09-16T02:00:46Z,ls7,qd9f75weyyw9,0.29644082121674037,0.44659924704277815,0.15745744417829238
0.23348,0.44444,0.05660377358490565,0.31072000000000005,0.0,0.0,2006-09-24T02:05:09Z,ls5,qd9f75weyyw9,0.3142903382424341,0.449546852241463,0.2361628095161029
0.15983122362869198,0.5100843881856539,0.10566037735849054,0.3172995780590717,0.0,0.0,2006-10-02T02:00:39Z,ls7,qd9f75weyyw9,0.3214087276146515,0.5166901739539257,0.16190109843142286
0.17486381322957198,0.5105058365758754,0.030188679245283012,0.3017120622568093,0.0,0.0,2006-10-10T02:05:19Z,ls5,qd9f75weyyw9,0.30566067486597287,0.5171870072532324,0.17715231788079472
0.16204166666666667,0.5227083333333333,0.09433962264150941,0.3034166666666667,0.0,0.0,2006-10-18T02:00:46Z,ls7,qd9f75weyyw9,0.30705009276437856,0.528967785461292,0.16398212177432958
0.17166037735849055,0.5289433962264152,0.0,0.28762264150943395,0.0,0.0,2006-10-26T02:05:29Z,ls5,qd9f75weyyw9,0.2910493355735451,0.5352451504505882,0.17370551397586678
0.16939655172413792,0.5201293103448276,0.12452830188679243,0.29801724137931035,0.0,0.0,2006-11-03T02:01:01Z,ls7,qd9f75weyyw9,0.3017764392649819,0.526690236131116,0.17153332460390205
,,1.0,,,,2006-11-11T02:05:37Z,ls5,qd9f75weyyw9,,,
,,1.0,,,,2006-11-19T02:01:13Z,ls7,qd9f75weyyw9,,,
0.17518987341772152,0.5739240506329114,0.4037735849056604,0.2389240506329114,0.0,0.0,2006-11-27T02:05:46Z,ls5,qd9f75weyyw9,0.2418166677342899,0.5808724617257062,0.17731087054000383
0.16838297872340427,0.5547659574468086,0.1132075471698113,0.2646382978723404,0.0,0.0,2006-12-05T02:01:21Z,ls7,qd9f75weyyw9,0.2679102227200275,0.5616249515357774,0.17046482574419508
0.17339622641509436,0.5708301886792452,0.0,0.2435849056603774,0.0,0.0,2006-12-13T02:05:54Z,ls5,qd9f75weyyw9,0.24659051839401008,0.5778737059250486,0.17553577568094134
,,1.0,,,,2006-12-21T02:01:26Z,ls7,qd9f75weyyw9,,,
0.18932075471698115,0.570566037735849,0.0,0.22811320754716982,0.0,0.0,2006-12-29T02:06:01Z,ls5,qd9f75weyyw9,0.23088381330685204,0.5774959896111832,0.19162019708196473
0.15139303482587066,0.5636815920398011,0.2415094339622641,0.2725870646766169,0.0,0.0,2007-01-06T02:01:27Z,ls7,qd9f75weyyw9,0.27599234334072137,0.5707233528108,0.15328430384847874
0.15229571984435797,0.5893385214007782,0.030188679245283012,0.24610894941634243,0.0,0.0,2007-01-14T02:06:07Z,ls5,qd9f75weyyw9,0.24916289147134135,0.5966515658853654,0.15418554264329326
0.17065502183406112,0.5559825327510918,0.13584905660377355,0.2607860262008734,0.0,0.0,2007-01-22T02:01:30Z,ls7,qd9f75weyyw9,0.2641075535114099,0.5630638598973997,0.1728285865911905
0.17339622641509436,0.5749056603773586,0.0,0.23932075471698114,0.0,0.0,2007-01-30T02:06:11Z,ls5,qd9f75weyyw9,0.24232003668042182,0.5821106526058384,0.17556931071373988
0.18729257641921399,0.5648471615720524,0.13584905660377355,0.23558951965065503,0.0,0.0,2007-02-07T02:01:37Z,ls7,qd9f75weyyw9,0.2385162916132455,0.571864361819709,0.1896193465670454
0.1785660377358491,0.5544528301886793,0.0,0.25513207547169814,0.0,0.0,2007-02-15T02:06:13Z,ls5,qd9f75weyyw9,0.2581913999847247,0.5611013518674101,0.1807072481478653
0.17629464285714286,0.5491517857142857,0.15471698113207544,0.26258928571428575,0.0,0.0,2007-02-23T02:01:42Z,ls7,qd9f75weyyw9,0.26576902223025484,0.5558015543105006,0.17842942345924453
0.1556981132075472,0.5729811320754716,0.0,0.259622641509434,0.0,0.0,2007-03-03T02:06:12Z,ls5,qd9f75weyyw9,0.2626956853760978,0.5797632684230621,0.15754104620084003
0.20790123456790124,0.5274074074074074,0.08301886792452828,0.2521399176954733,0.0,0.0,2007-03-11T02:01:45Z,ls7,qd9f75weyyw9,0.25534486351323193,0.5341112731819129,0.21054386330485517
,,1.0,,,,2007-03-19T02:06:09Z,ls5,qd9f75weyyw9,,,
,,1.0,,,,2007-03-27T02:01:46Z,ls7,qd9f75weyyw9,,,
0.18041509433962266,0.5529811320754716,0.0,0.25418867924528304,0.0,0.0,2007-04-04T02:06:06Z,ls5,qd9f75weyyw9,0.25738412746933637,0.5599327499904474,0.18268312254021632
0.20133333333333336,0.5106153846153846,0.26415094339622647,0.2752307692307692,0.0,0.0,2007-04-12T02:01:45Z,ls7,qd9f75weyyw9,0.2788051948051948,0.5172467532467532,0.20394805194805196
0.13935849056603775,0.573811320754717,0.0,0.27516981132075474,0.0,0.0,2007-04-20T02:06:00Z,ls5,qd9f75weyyw9,0.27841624985682106,0.5805811156504143,0.1410026344927647
0.16291845493562232,0.5345922746781115,0.12075471698113205,0.29068669527897,0.0,0.0,2007-04-28T02:01:42Z,ls7,qd9f75weyyw9,0.2941585233441912,0.5409771986970684,0.1648642779587405
0.13819383259911894,0.5407929515418501,0.1433962264150943,0.30911894273127755,0.0,0.0,2007-05-14T02:01:37Z,ls7,qd9f75weyyw9,0.31283994650022295,0.5473027195720017,0.1398573339277753
0.12211320754716981,0.5826415094339623,0.0,0.283622641509434,0.0,0.0,2007-05-22T02:05:41Z,ls5,qd9f75weyyw9,0.2869578497251069,0.5894929749541844,0.1235491753207086
0.36705128205128207,0.33108974358974363,0.41132075471698115,0.29000000000000004,0.0,0.0,2007-05-30T02:01:29Z,ls7,qd9f75weyyw9,0.29348037625689266,0.3350632500810899,0.3714563736620175
0.11297413793103449,0.5386206896551724,0.12452830188679243,0.33732758620689657,0.0,0.0,2007-06-15T02:01:30Z,ls7,qd9f75weyyw9,0.34110621976201894,0.5446541428758227,0.1142396373621584
0.13033492822966508,0.3529186602870814,0.21132075471698109,0.17416267942583735,0.0430622009569378,0.291866028708134,2007-06-23T02:05:08Z,ls5,qd9f75weyyw9,0.176190774673882,0.3570283390094927,0.13185265665155343
,,1.0,,,,2007-07-01T02:01:29Z,ls7,qd9f75weyyw9,,,
0.15249056603773586,0.5135471698113208,0.0,0.3218867924528302,0.0,0.0,2007-07-09T02:04:57Z,ls5,qd9f75weyyw9,0.3258212375859435,0.5198242933537052,0.15435446906035144
0.1456779661016949,0.515635593220339,0.10943396226415092,0.3266525423728814,0.0,0.0,2007-07-17T02:01:26Z,ls7,qd9f75weyyw9,0.3306313261279808,0.5219162806656373,0.14745239320638187
0.15,0.4278947368421053,0.9283018867924528,0.41052631578947374,0.0,0.0,2007-07-25T02:04:49Z,ls5,qd9f75weyyw9,0.41533546325878595,0.4329073482428115,0.15175718849840253
0.13128205128205128,0.5015811965811966,0.11698113207547167,0.35371794871794876,0.0,0.0,2007-08-02T02:01:21Z,ls7,qd9f75weyyw9,0.35852897860175,0.5084033613445378,0.13306766005371218
,,1.0,,,,2007-08-10T02:04:40Z,ls5,qd9f75weyyw9,,,
0.16069565217391307,0.46604347826086956,0.13207547169811318,0.356,0.0,0.004347826086956522,2007-08-18T02:01:15Z,ls7,qd9f75weyyw9,0.3606777861345839,0.47216721904941444,0.16280716872904524
,,1.0,,,,2007-08-26T02:04:30Z,ls5,qd9f75weyyw9,,,
0.1622222222222222,0.4641452991452991,0.11698113207547167,0.36162393162393164,0.0,0.0,2007-09-03T02:01:08Z,ls7,qd9f75weyyw9,0.36601929149184653,0.4697867554825035,0.16419395302564987
0.06714285714285714,0.3971428571428572,0.9735849056603774,0.24714285714285714,0.0,0.2857142857142857,2007-09-11T02:04:22Z,ls5,qd9f75weyyw9,0.24813539873780832,0.3987378083763626,0.06741250717154332
0.18350210970464134,0.4281856540084388,0.10566037735849054,0.3763291139240506,0.0,0.0,2007-09-19T02:01:02Z,ls7,qd9f75weyyw9,0.38089340621797063,0.4333788862316365,0.18572770755039292
0.1737019230769231,0.4489903846153846,0.21509433962264146,0.3651442307692308,0.0,0.0,2007-10-05T02:00:53Z,ls7,qd9f75weyyw9,0.36964033678882563,0.45451890786976196,0.17584075534141239
0.07837962962962963,0.38171296296296303,0.18490566037735845,0.31745370370370374,0.07407407407407407,0.1388888888888889,2007-10-21T02:01:06Z,ls7,qd9f75weyyw9,0.3213285479584973,0.3863721566162769,0.07933633246226279
0.43,0.28,0.9962264150943396,0.28,0.0,0.0,2007-11-06T02:01:16Z,ls7,qd9f75weyyw9,0.2828282828282829,0.2828282828282829,0.43434343434343436
0.2092369477911647,0.4808835341365462,0.060377358490566024,0.2977911646586346,0.0,0.0,2007-11-22T02:01:25Z,ls7,qd9f75weyyw9,0.30143501768364567,0.4867677547867799,0.21179722752957436
0.1725862068965517,0.510948275862069,0.12452830188679243,0.3042241379310345,0.0,0.0,2007-12-08T02:01:31Z,ls7,qd9f75weyyw9,0.3079944143829638,0.5172805027055333,0.17472508291150285
0.19315126050420167,0.4766806722689076,0.10188679245283017,0.3176890756302521,0.0,0.0,2007-12-24T02:01:34Z,ls7,qd9f75weyyw9,0.32170361230481215,0.48270433561672976,0.19559205207845803
0.19370044052863436,0.46854625550660794,0.1433962264150943,0.3254185022026432,0.0,0.0,2008-01-09T02:01:36Z,ls7,qd9f75weyyw9,0.3294826048171276,0.4743978590544157,0.19611953612845673
0.15728301886792453,0.534377358490566,0.0,0.29656603773584905,0.0,0.0,2008-01-17T02:02:20Z,ls5,qd9f75weyyw9,0.3000992821139454,0.540743852146021,0.15915686574003363
0.16773504273504272,0.49346153846153845,0.11698113207547167,0.32628205128205134,0.0,0.0,2008-01-25T02:01:35Z,ls7,qd9f75weyyw9,0.33041935344267975,0.4997186999610507,0.1698619465962695
0.14962264150943397,0.5235094339622642,0.0,0.31460377358490565,0.0,0.0,2008-02-02T02:02:03Z,ls5,qd9f75weyyw9,0.3185100286532951,0.5300095510983763,0.15148042024832856
0.15579185520361988,0.5,0.16603773584905657,0.3317647058823529,0.0,0.0,2008-02-10T02:01:32Z,ls7,qd9f75weyyw9,0.33594501718213055,0.5063001145475372,0.15775486827033214
0.14064327485380115,0.5289473684210526,0.3547169811320755,0.3186549707602339,0.0,0.0,2008-02-18T02:01:46Z,ls5,qd9f75weyyw9,0.3224451150955678,0.5352387715249423,0.1423161133794899
0.1708658008658009,0.48173160173160173,0.1283018867924528,0.3353246753246753,0.0,0.0,2008-02-26T02:01:28Z,ls7,qd9f75weyyw9,0.33942421453924015,0.48762105078655626,0.1729547346742036
,,1.0,,,,2008-03-13T02:01:22Z,ls7,qd9f75weyyw9,,,
0.26291005291005287,0.38962962962962966,0.2867924528301887,0.3350793650793651,0.0,0.0,2008-03-29T02:01:23Z,ls7,qd9f75weyyw9,0.3392799742847959,0.39451408978892105,0.26620593592628305
0.15308333333333332,0.45933333333333337,0.09433962264150941,0.37095833333333333,0.004166666666666667,0.0,2008-04-14T02:01:22Z,ls7,qd9f75weyyw9,0.3756579876558903,0.465152606527972,0.15502273914947104
,,1.0,,,,2008-04-30T02:01:19Z,ls7,qd9f75weyyw9,,,
0.1801826484018265,0.417351598173516,0.17358490566037732,0.3343835616438356,0.0228310502283105,0.0319634703196347,2008-05-16T02:01:14Z,ls7,qd9f75weyyw9,0.3391513413703462,0.42330237063020143,0.1827517674515071
0.12540084388185654,0.4081434599156118,0.10566037735849054,0.42375527426160337,0.02531645569620253,0.004219409282700422,2008-06-01T02:01:06Z,ls7,qd9f75weyyw9,0.4295826563829724,0.4137561520653681,0.12712532657275655
0.10165137614678897,0.06582568807339449,0.1773584905660377,0.06412844036697248,0.06880733944954129,0.6972477064220184,2008-06-17T02:00:57Z,ls7,qd9f75weyyw9,0.06477620239088126,0.06649059401352977,0.10267815772402925
0.12379166666666667,0.3655416666666666,0.09433962264150941,0.35674999999999996,0.07083333333333333,0.07083333333333333,2008-07-03T02:00:47Z,ls7,qd9f75weyyw9,0.3619151974785778,0.370834154108802,0.12558398174595362
0.13502242152466368,0.27816143497757845,0.1584905660377358,0.3163228699551569,0.13452914798206278,0.12556053811659193,2008-07-19T02:00:35Z,ls7,qd9f75weyyw9,0.32083399030366916,0.2821283302882988,0.13694799330937737
0.11442786069651742,0.30024875621890545,0.2415094339622641,0.31676616915422884,0.19900497512437812,0.05970149253731343,2008-08-04T02:00:28Z,ls7,qd9f75weyyw9,0.3210322350971303,0.3042923729874637,0.11596892425371444
0.13,0.3606222222222222,0.15094339622641506,0.3465333333333333,0.10222222222222223,0.04888888888888889,2008-08-20T02:00:22Z,ls7,qd9f75weyyw9,0.3513902456289375,0.36567660036337035,0.13182204289658103
0.13017391304347825,0.4243478260869565,0.13207547169811318,0.3219130434782609,0.030434782608695653,0.08260869565217391,2008-09-05T02:00:14Z,ls7,qd9f75weyyw9,0.32577766082729054,0.429442189313122,0.13173667159871796
0.12411504424778762,0.4392920353982301,0.14716981132075468,0.380929203539823,0.03982300884955752,0.004424778761061947,2008-10-07T01:59:55Z,ls7,qd9f75weyyw9,0.38553419531722316,0.4446025660482508,0.1256154510239065
0.2504150943396226,0.38430188679245286,0.0,0.35071698113207544,0.0,0.0037735849056603774,2008-10-15T01:55:20Z,ls5,qd9f75weyyw9,0.35455802641827344,0.38851075328638873,0.25315763538967745
,,1.0,,,,2008-10-23T02:00:03Z,ls7,qd9f75weyyw9,,,
0.16724528301886793,0.4523018867924528,0.0,0.35298113207547166,0.011320754716981131,0.0037735849056603774,2008-10-31T01:54:47Z,ls5,qd9f75weyyw9,0.35747351960149815,0.4580583286234292,0.16937381215243102
0.12342857142857144,0.5019591836734694,0.07547169811320753,0.3546122448979592,0.00816326530612245,0.0,2008-11-08T02:00:18Z,ls7,qd9f75weyyw9,0.3588953582265893,0.508021997637039,0.12491937883024931
0.3042,0.3848666666666667,0.4339622641509434,0.3006666666666667,0.0,0.0,2008-11-16T01:54:32Z,ls5,qd9f75weyyw9,0.30378553145628456,0.38885895190623737,0.3073555166374781
,,1.0,,,,2008-11-24T02:00:30Z,ls7,qd9f75weyyw9,,,
,,1.0,,,,2008-12-02T01:55:04Z,ls5,qd9f75weyyw9,,,
,,1.0,,,,2008-12-10T02:00:41Z,ls7,qd9f75weyyw9,,,
0.1640377358490566,0.49535849056603776,0.0,0.3175094339622641,0.0,0.011320754716981131,2008-12-18T01:55:33Z,ls5,qd9f75weyyw9,0.3213360309723161,0.5013285094572848,0.1660147048534179
0.14721030042918454,0.4988841201716738,0.12075471698113205,0.3414163090128755,0.0,0.0,2008-12-26T02:00:49Z,ls7,qd9f75weyyw9,0.34573427789126,0.50519361988787,0.1490721022208701
0.17289940828402367,0.4735502958579882,0.36226415094339626,0.3301775147928994,0.005917159763313609,0.005917159763313609,2009-01-03T01:55:59Z,ls5,qd9f75weyyw9,0.33407843059929837,0.4791451039580977,0.17494214591597668
0.15046218487394955,0.5044957983193277,0.10188679245283017,0.33306722689075635,0.0,0.0,2009-01-11T02:00:55Z,ls7,qd9f75weyyw9,0.3371039761854136,0.510610248777376,0.15228577503721025
0.20248484848484846,0.5086060606060607,0.37735849056603776,0.27830303030303033,0.0,0.0,2009-02-12T02:01:07Z,ls7,qd9f75weyyw9,0.2812863705972435,0.5140581929555896,0.20465543644716688
0.14962264150943397,0.5273962264150943,0.0,0.31139622641509435,0.0,0.0,2009-02-20T01:57:14Z,ls5,qd9f75weyyw9,0.315046004657733,0.5335776734241973,0.1513763219180697
0.10830917874396136,0.5370048309178744,0.21886792452830184,0.3431400966183575,0.0,0.0,2009-02-28T02:01:16Z,ls7,qd9f75weyyw9,0.3471482332241826,0.5432774546698598,0.10957431210595768
0.14776041666666667,0.513125,0.2754716981132076,0.32671875,0.0,0.0,2009-03-16T02:01:24Z,ls7,qd9f75weyyw9,0.330819533804451,0.5195654466828394,0.14961501951270964
0.12566037735849056,0.5193207547169811,0.0,0.3424528301886792,0.0,0.0,2009-03-24T01:57:59Z,ls5,qd9f75weyyw9,0.34681086865135474,0.5259296059922803,0.1272595253563649
0.12637931034482758,0.5002155172413792,0.12452830188679243,0.3613793103448276,0.0,0.0,2009-04-01T02:01:30Z,ls7,qd9f75weyyw9,0.36577810741241656,0.5063042624667335,0.12791763012084986
0.10280851063829789,0.5309787234042553,0.1132075471698113,0.3534468085106383,0.0,0.0,2009-04-17T02:01:35Z,ls7,qd9f75weyyw9,0.35801724137931035,0.5378448275862069,0.10413793103448277
0.10690721649484537,0.5781443298969072,0.6339622641509435,0.3029896907216495,0.0,0.0,2009-04-25T01:58:37Z,ls5,qd9f75weyyw9,0.3066569282136895,0.5851419031719532,0.10820116861435727
,,1.0,,,,2009-05-03T02:01:39Z,ls7,qd9f75weyyw9,,,
0.1119245283018868,0.519056603773585,0.0,0.3568679245283019,0.0,0.0,2009-05-11T01:58:55Z,ls5,qd9f75weyyw9,0.3612575445030178,0.5254412101764842,0.11330124532049814
0.10723849372384939,0.5108368200836819,0.09811320754716979,0.3694979079497908,0.0,0.0,2009-05-19T02:01:41Z,ls7,qd9f75weyyw9,0.3741473541498962,0.5172647544803626,0.10858789136974115
,,1.0,,,,2009-06-04T02:01:41Z,ls7,qd9f75weyyw9,,,
0.016782178217821787,0.042178217821782174,0.23773584905660372,0.015247524752475247,0.3910891089108911,0.5346534653465347,2009-06-20T02:01:39Z,ls7,qd9f75weyyw9,0.015257696550175356,0.04220635539204352,0.01679337380035535
,,1.0,,,,2009-06-28T01:59:47Z,ls5,qd9f75weyyw9,,,
0.14339622641509434,0.4515094339622642,0.0,0.3704905660377359,0.018867924528301886,0.0037735849056603774,2009-07-14T02:00:04Z,ls5,qd9f75weyyw9,0.3750813298040636,0.4571041058367917,0.14517305492518248
0.04254545454545455,0.21363636363636362,0.7924528301886793,0.1061818181818182,0.0,0.6363636363636364,2009-07-22T02:01:32Z,ls7,qd9f75weyyw9,0.10655475984126261,0.21438671714637594,0.04269488664872509
0.1175742574257426,0.47346534653465344,0.23773584905660372,0.3561881188118811,0.024752475247524754,0.01485148514851485,2009-08-07T02:01:26Z,ls7,qd9f75weyyw9,0.3611398298813888,0.48004744030376695,0.11920876941880455
,,1.0,,,,2009-08-15T02:00:33Z,ls5,qd9f75weyyw9,,,
0.2705785123966942,0.3377685950413223,0.5433962264150943,0.3717355371900827,0.0,0.008264462809917356,2009-08-23T02:01:25Z,ls7,qd9f75weyyw9,0.37615536270182914,0.3417845636643787,0.27379561082387477
0.13426415094339622,0.44233962264150944,0.0,0.380566037735849,0.022641509433962263,0.007547169811320755,2009-08-31T02:00:47Z,ls5,qd9f75weyyw9,0.38559224008717996,0.4481816795539836,0.13603740111355342
,,1.0,,,,2009-09-08T02:01:24Z,ls7,qd9f75weyyw9,,,
0.04964705882352941,0.1967843137254902,0.037735849056603765,0.20301960784313727,0.18823529411764706,0.3568627450980392,2009-09-16T02:01:00Z,ls5,qd9f75weyyw9,0.20548184721929952,0.1991709309149015,0.050249182650112655
,,1.0,,,,2009-09-24T02:01:23Z,ls7,qd9f75weyyw9,,,
0.11743396226415095,0.44071698113207547,0.0,0.4106037735849057,0.01509433962264151,0.0037735849056603774,2009-10-02T02:01:12Z,ls5,qd9f75weyyw9,0.4158498797603438,0.44634783068845285,0.11893436502290139
0.13800970873786408,0.4387864077669903,0.22264150943396221,0.39203883495145636,0.009708737864077669,0.009708737864077669,2009-10-10T02:01:17Z,ls7,qd9f75weyyw9,0.396792487524773,0.4441068963269468,0.139683140420125
0.13399999999999998,0.4515849056603773,0.0,0.388,0.0037735849056603774,0.011320754716981131,2009-10-18T02:01:22Z,ls5,qd9f75weyyw9,0.3925116279069768,0.45683589293549803,0.13555813953488371
0.14750943396226415,0.4934339622641509,0.0,0.347811320754717,0.0,0.0,2009-11-03T02:01:30Z,ls5,qd9f75weyyw9,0.3517670406839173,0.49904587436073583,0.14918708495534694
0.1201219512195122,0.5501219512195122,0.07169811320754715,0.31808943089430897,0.0,0.0,2009-11-11T02:01:48Z,ls7,qd9f75weyyw9,0.32184428083741207,0.5566158022457122,0.12153991691687575
0.06766037735849056,0.5708301886792452,0.0,0.3503396226415095,0.0,0.0,2009-11-19T02:01:37Z,ls5,qd9f75weyyw9,0.3542970538849031,0.5772782781254769,0.06842466798961991
,,1.0,,,,2009-11-27T02:01:59Z,ls7,qd9f75weyyw9,,,
0.12607547169811323,0.5505283018867924,0.0,0.3119622641509434,0.0,0.0,2009-12-05T02:01:46Z,ls5,qd9f75weyyw9,0.3155704851700577,0.5568958277665381,0.12753368706340423
0.1705777777777778,0.5132,0.15094339622641506,0.30395555555555565,0.0,0.0,2009-12-13T02:02:11Z,ls7,qd9f75weyyw9,0.30773038156947446,0.5195734341252699,0.17269618430525557
0.15162037037037038,0.5330555555555555,0.18490566037735845,0.30296296296296293,0.0,0.0,2009-12-29T02:02:29Z,ls7,qd9f75weyyw9,0.3067547930436413,0.539727183237238,0.15351802371912063
0.16570093457943927,0.5264485981308411,0.1924528301886792,0.29560747663551407,0.0,0.0,2010-01-14T02:02:44Z,ls7,qd9f75weyyw9,0.2992714542530041,0.5329737912763742,0.16775475447062163
0.16384905660377358,0.5306415094339623,0.0,0.2930943396226416,0.0,0.0,2010-01-22T02:02:03Z,ls5,qd9f75weyyw9,0.29677887738336334,0.5373122922318597,0.16590883038477702
0.14666666666666664,0.5533333333333333,0.9886792452830189,0.2933333333333334,0.0,0.0,2010-01-30T02:02:58Z,ls7,qd9f75weyyw9,0.29530201342281887,0.5570469798657719,0.14765100671140938
0.12084745762711865,0.575084745762712,0.10943396226415092,0.2915677966101695,0.0,0.0,2010-02-15T02:03:09Z,ls7,qd9f75weyyw9,0.29525852821282983,0.5823642995065437,0.12237717228062646
0.16132075471698112,0.5444905660377359,0.0,0.2822641509433963,0.0,0.0,2010-02-23T02:02:10Z,ls5,qd9f75weyyw9,0.285670638557898,0.5510617170791323,0.16326764436296973
0.1407725321888412,0.5707296137339055,0.12075471698113205,0.276137339055794,0.0,0.0,2010-03-03T02:03:17Z,ls7,qd9f75weyyw9,0.2795932556926821,0.5778724143924908,0.14253432991482706
,,1.0,,,,2010-03-19T02:03:23Z,ls7,qd9f75weyyw9,,,
,,1.0,,,,2010-04-04T02:03:27Z,ls7,qd9f75weyyw9,,,
0.09195918367346939,0.47293877551020413,0.07547169811320753,0.2893469387755102,0.0,0.1346938775510204,2010-04-20T02:03:27Z,ls7,qd9f75weyyw9,0.293093559273774,0.4790626423057158,0.09314992086948974
0.14966037735849058,0.4916226415094341,0.0,0.3460377358490566,0.0,0.0,2010-04-28T02:02:03Z,ls5,qd9f75weyyw9,0.3504815777404066,0.4979360953982572,0.1515823268613362
0.13362139917695473,0.5009053497942387,0.08301886792452828,0.3526748971193416,0.0,0.0,2010-05-06T02:03:24Z,ls7,qd9f75weyyw9,0.35724707157447166,0.5073992246446288,0.1353537037808996
0.14290566037735847,0.48437735849056607,0.0,0.3590188679245283,0.0,0.0,2010-05-14T02:02:01Z,ls5,qd9f75weyyw9,0.36400505031181846,0.4911045644106056,0.1448903852775758
0.13518691588785048,0.43252336448598133,0.1924528301886792,0.3857943925233645,0.028037383177570093,0.004672897196261682,2010-07-25T02:03:28Z,ls7,qd9f75weyyw9,0.391371914983271,0.438776458949268,0.13714134569362926
0.1619396551724138,0.43745689655172415,0.12452830188679243,0.3747413793103448,0.008620689655172414,0.004310344827586207,2010-08-10T02:03:26Z,ls7,qd9f75weyyw9,0.37971582239853524,0.4432638465059506,0.16408929661275556
0.17469565217391303,0.43191304347826087,0.13207547169811318,0.3635217391304348,0.004347826086956522,0.013043478260869565,2010-08-26T02:03:30Z,ls7,qd9f75weyyw9,0.36819752181902154,0.43746850636887447,0.17694266746427798
0.08833333333333333,0.5233333333333333,0.9773584905660377,0.38666666666666666,0.0,0.0,2010-09-11T02:03:32Z,ls7,qd9f75weyyw9,0.38731218697829717,0.5242070116861436,0.08848080133555927
0.11669565217391305,0.4837826086956522,0.13207547169811318,0.3783043478260869,0.0,0.008695652173913044,2010-09-27T02:03:31Z,ls7,qd9f75weyyw9,0.3831440622972096,0.4899717252248077,0.11818856030406973
0.12794642857142854,0.4953571428571429,0.15471698113207544,0.36433035714285716,0.0,0.0,2010-10-13T02:03:36Z,ls7,qd9f75weyyw9,0.36889210324097094,0.5015594630023053,0.12954843375672373
0.13934210526315788,0.51,0.13962264150943393,0.32592105263157894,0.0,0.013157894736842105,2010-10-29T02:03:45Z,ls7,qd9f75weyyw9,0.32979059562018914,0.5160550458715596,0.14099646377140906
0.14777777777777779,0.4961111111111111,0.9320754716981132,0.345,0.0,0.0,2010-11-14T02:03:57Z,ls7,qd9f75weyyw9,0.348876404494382,0.501685393258427,0.149438202247191
0.16929203539823012,0.5294690265486726,0.14716981132075468,0.2893362831858407,0.0,0.0,2010-11-30T02:04:08Z,ls7,qd9f75weyyw9,0.2928216380815906,0.5358470287940531,0.1713313331243563
0.051875000000000004,0.6839999999999999,0.6981132075471699,0.25512499999999994,0.0,0.0,2010-12-08T02:01:02Z,ls5,qd9f75weyyw9,0.2574419778002018,0.6902119071644803,0.05234611503531787
0.035020080321285146,0.6443775100401606,0.060377358490566024,0.31080321285140566,0.0,0.0,2010-12-24T02:01:07Z,ls5,qd9f75weyyw9,0.3138789746917586,0.6507543802725503,0.03536664503569111
0.15057142857142858,0.541795918367347,0.07547169811320753,0.2950204081632653,0.0,0.0,2011-01-01T02:04:25Z,ls7,qd9f75weyyw9,0.2987888057542061,0.548716464800959,0.15249472944483486
0.07049056603773585,0.6135849056603774,0.0,0.30460377358490565,0.0,0.0,2011-01-09T02:01:10Z,ls5,qd9f75weyyw9,0.3080916030534351,0.6206106870229008,0.07129770992366412
0.09871698113207547,0.6040754716981132,0.0,0.2858867924528302,0.0,0.0,2011-01-25T02:01:10Z,ls5,qd9f75weyyw9,0.2891603053435115,0.6109923664122137,0.09984732824427481
0.12295774647887324,0.5299530516431925,0.19622641509433958,0.3304694835680751,0.0,0.004694835680751174,2011-02-02T02:04:38Z,ls7,qd9f75weyyw9,0.3344768954283965,0.5363794850967097,0.1244487837941427
0.09679245283018867,0.5783396226415094,0.0,0.30924528301886794,0.0,0.0037735849056603774,2011-02-10T02:01:13Z,ls5,qd9f75weyyw9,0.3129677018974973,0.5853011591557099,0.09795755404113245
0.15115,0.5143000000000001,0.24528301886792447,0.32215000000000005,0.0,0.0,2011-02-18T02:04:42Z,ls7,qd9f75weyyw9,0.3261948157148643,0.5207573916565411,0.15304779262859455
0.09958490566037737,0.5779622641509434,0.0,0.3110188679245283,0.0,0.0,2011-02-26T02:01:12Z,ls5,qd9f75weyyw9,0.314616177424896,0.5846470969958393,0.1007367255792648
0.17173913043478262,0.5317391304347826,0.739622641509434,0.28376811594202894,0.0,0.0,2011-03-06T02:04:47Z,ls7,qd9f75weyyw9,0.2874339401056958,0.5386083382266589,0.17395772166764534
0.14358649789029537,0.5274683544303798,0.10566037735849054,0.31257383966244723,0.0,0.004219409282700422,2011-03-22T02:04:47Z,ls7,qd9f75weyyw9,0.31643542450385015,0.5339847788502472,0.14536038736320225
0.15350943396226416,0.5261509433962264,0.0,0.300377358490566,0.0037735849056603774,0.0037735849056603774,2011-03-30T02:01:03Z,ls5,qd9f75weyyw9,0.30418253160455455,0.53281621082441,0.1554540877597146
0.19816326530612247,0.44984693877551013,0.2603773584905661,0.34,0.0,0.0,2011-04-07T02:04:52Z,ls7,qd9f75weyyw9,0.3441260005163956,0.45530596436870635,0.20056803511489804
0.11475471698113206,0.5429056603773585,0.0,0.3222264150943397,0.0,0.007547169811320755,2011-04-15T02:00:58Z,ls5,qd9f75weyyw9,0.32635863661497794,0.5498678656727588,0.11622632790094245
0.05568720379146919,0.3086255924170616,0.20377358490566033,0.18341232227488152,0.08530805687203792,0.36018957345971564,2011-04-23T02:04:50Z,ls7,qd9f75weyyw9,0.18568176608255726,0.31244435677767773,0.056376246808011565
0.11249056603773586,0.5298490566037737,0.0,0.3335849056603774,0.0,0.011320754716981131,2011-05-01T02:00:52Z,ls5,qd9f75weyyw9,0.33794464961340526,0.5367738490069935,0.11396074666262002
0.12220264317180618,0.5266960352422908,0.1433962264150943,0.32581497797356834,0.004405286343612335,0.00881057268722467,2011-05-09T02:04:50Z,ls7,qd9f75weyyw9,0.32984974720274474,0.5332184393666869,0.12371595439973146
0.3061363636363636,0.35780303030303034,0.5018867924528302,0.3245454545454545,0.0,0.0,2011-05-25T02:04:49Z,ls7,qd9f75weyyw9,0.3283261802575107,0.3619711833231147,0.30970263641937457
0.14142201834862383,0.4646330275229357,0.1773584905660377,0.34940366972477066,0.01834862385321101,0.013761467889908258,2011-06-10T02:04:50Z,ls7,qd9f75weyyw9,0.3539496582261587,0.4706782313473495,0.14326201868337235
0.15473958333333335,0.46317708333333335,0.2754716981132076,0.33270833333333333,0.03125,0.005208333333333333,2011-06-26T02:04:46Z,ls7,qd9f75weyyw9,0.33722902512966607,0.46947052606107087,0.15684211547592958
0.14392561983471075,0.45855371900826447,0.08679245283018866,0.34822314049586783,0.024793388429752067,0.012396694214876033,2011-07-12T02:04:46Z,ls7,qd9f75weyyw9,0.35265785080861134,0.4643935173161456,0.14575854923061504
0.05427083333333333,0.02739583333333333,0.6377358490566039,0.031875,0.10416666666666667,0.78125,2011-07-28T02:04:43Z,ls7,qd9f75weyyw9,0.032167431192660564,0.02764717125382264,0.05476873088685018
0.14237735849056604,0.40720754716981133,0.0,0.34396226415094344,0.04150943396226415,0.052830188679245285,2011-08-05T02:00:09Z,ls5,qd9f75weyyw9,0.3486251252005001,0.4127277812439491,0.14430747091404134
0.1088495575221239,0.4467699115044248,0.14716981132075468,0.36606194690265487,0.03982300884955752,0.02654867256637168,2011-08-13T02:04:39Z,ls7,qd9f75weyyw9,0.37080686892203635,0.4525609761278619,0.11026047353417255
0.16560975609756098,0.3786585365853658,0.6905660377358491,0.34670731707317076,0.0,0.0975609756097561,2011-08-29T02:04:37Z,ls7,qd9f75weyyw9,0.35116810105960355,0.38353040935282057,0.16774051397781978
0.13239543726235742,0.37593155893536123,0.007547169811320753,0.34391634980988595,0.08745247148288973,0.049429657794676805,2011-09-06T01:59:52Z,ls5,qd9f75weyyw9,0.348304681925779,0.38072840134883107,0.1340847874478234
,,1.0,,,,2011-09-14T02:04:31Z,ls7,qd9f75weyyw9,,,
,,1.0,,,,2011-09-30T02:04:29Z,ls7,qd9f75weyyw9,,,
,,1.0,,,,2011-10-08T01:59:19Z,ls5,qd9f75weyyw9,,,
0.2033478260869565,0.4176521739130435,0.13207547169811318,0.32430434782608697,0.004347826086956522,0.0391304347826087,2011-10-16T02:04:31Z,ls7,qd9f75weyyw9,0.3281526838457324,0.4226082157155256,0.20576083956917685
0.12441176470588235,0.45264705882352935,0.10188679245283017,0.3642016806722689,0.025210084033613446,0.02100840336134454,2011-11-01T02:04:36Z,ls7,qd9f75weyyw9,0.36904643117848873,0.45866834368780096,0.12606673773875232
,,1.0,,,,2011-11-17T02:04:50Z,ls7,qd9f75weyyw9,,,
0.14120603015075378,0.5163316582914573,0.24905660377358485,0.33035175879396983,0.0,0.0,2011-12-03T02:04:59Z,ls7,qd9f75weyyw9,0.33440154636553227,0.522661376468793,0.14293707716567475
0.12524444444444444,0.4912,0.15094339622641506,0.3580444444444444,0.0044444444444444444,0.008888888888888889,2011-12-19T02:05:06Z,ls7,qd9f75weyyw9,0.3625187752744078,0.49733831980297366,0.12680957158928516
0.11098360655737705,0.5500409836065573,0.0792452830188679,0.3270081967213115,0.0,0.0,2012-01-04T02:05:15Z,ls7,qd9f75weyyw9,0.3309689729550357,0.5567031690725069,0.11232785797245727
0.05177215189873418,0.5848523206751055,0.10566037735849054,0.3394092827004219,0.004219409282700422,0.008438818565400843,2012-01-20T02:05:15Z,ls7,qd9f75weyyw9,0.3433415707759758,0.5916282337799355,0.05237196759598737
0.12663755458515283,0.4739301310043668,0.13584905660377355,0.36545851528384277,0.0,0.021834061135371178,2012-02-05T02:05:19Z,ls7,qd9f75weyyw9,0.3700511139299375,0.4798858572686835,0.12822896766600775
0.12783673469387755,0.494,0.07547169811320753,0.35375510204081634,0.0,0.012244897959183673,2012-02-21T02:05:23Z,ls7,qd9f75weyyw9,0.358165570637928,0.5001589825119237,0.12943054889096461
0.12812227074235807,0.4802183406113537,0.13584905660377355,0.36550218340611357,0.0,0.013100436681222707,2012-03-08T02:05:19Z,ls7,qd9f75weyyw9,0.3704026431540364,0.4866568538548314,0.12984006630990955
0.16594017094017094,0.4593162393162393,0.11698113207547167,0.34927350427350423,0.0,0.01282051282051282,2012-03-24T02:05:22Z,ls7,qd9f75weyyw9,0.3538071368495856,0.46527824628157916,0.16809410404832265
0.14655813953488372,0.5012558139534884,0.18867924528301883,0.33069767441860465,0.0,0.009302325581395349,2012-04-09T02:05:17Z,ls7,qd9f75weyyw9,0.33481606926115975,0.5074982810727875,0.14838332408465746
0.39,0.2825,0.9849056603773585,0.315,0.0,0.0,2012-04-25T02:05:32Z,ls7,qd9f75weyyw9,0.31898734177215193,0.2860759493670886,0.39493670886075954
0.10459016393442624,0.49401639344262294,0.0792452830188679,0.3722540983606557,0.004098360655737705,0.012295081967213115,2012-05-11T02:05:55Z,ls7,qd9f75weyyw9,0.37714122000319716,0.5005020660485014,0.10596327132535059
0.1343111111111111,0.4822666666666666,0.15094339622641506,0.3479555555555555,0.008888888888888889,0.013333333333333334,2012-05-27T02:05:47Z,ls7,qd9f75weyyw9,0.35273349102489276,0.48888888888888893,0.13615539786399616
0.10925925925925926,0.43851851851851853,0.5924528301886792,0.225,0.018518518518518517,0.2037037037037037,2012-06-12T02:05:37Z,ls7,qd9f75weyyw9,0.22645578720345078,0.4413558058417872,0.10996618473253988
,,1.0,,,,2012-06-28T02:05:45Z,ls7,qd9f75weyyw9,,,
0.14214285714285713,0.4439047619047619,0.2075471698113207,0.3628571428571429,0.01904761904761905,0.01904761904761905,2012-07-14T02:06:00Z,ls7,qd9f75weyyw9,0.3678282875352178,0.44998625937051184,0.14409021499903216
0.18084112149532708,0.43116822429906543,0.1924528301886792,0.3377102803738318,0.018691588785046728,0.018691588785046728,2012-07-30T02:06:10Z,ls7,qd9f75weyyw9,0.3422963873106148,0.43702349048222533,0.18329694463706642
0.5583333333333333,0.11916666666666668,0.9547169811320755,0.31333333333333335,0.0,0.0,2012-08-15T02:06:22Z,ls7,qd9f75weyyw9,0.3162321278385197,0.12026913372582002,0.5634987384356601
,,1.0,,,,2012-08-31T02:06:32Z,ls7,qd9f75weyyw9,,,
0.1491549295774648,0.46610328638497656,0.19622641509433958,0.3584507042253521,0.014084507042253521,0.0,2012-09-16T02:06:41Z,ls7,qd9f75weyyw9,0.36294430032460917,0.47194643269452785,0.15102475993860948
0.0827906976744186,0.4210465116279069,0.3509433962264151,0.31866279069767445,0.005813953488372093,0.16279069767441862,2012-10-02T02:06:51Z,ls7,qd9f75weyyw9,0.32210913317146705,0.4256001354548009,0.08368608021094125
0.09175355450236966,0.5463507109004739,0.20377358490566033,0.3501421800947867,0.0,0.0,2012-10-18T02:07:00Z,ls7,qd9f75weyyw9,0.3543065413389603,0.5528486476117399,0.09284481104929983
0.1288942307692308,0.5465865384615385,0.21509433962264146,0.31206730769230767,0.0,0.0,2012-11-19T02:07:13Z,ls7,qd9f75weyyw9,0.31600214205734867,0.5534784090355873,0.13051944890706393
0.14540983606557378,0.5511475409836066,0.0792452830188679,0.29114754098360657,0.0,0.0,2012-12-21T02:07:22Z,ls7,qd9f75weyyw9,0.2947717842323651,0.5580082987551868,0.14721991701244813
0.1414746543778802,0.5505069124423964,0.18113207547169807,0.29497695852534567,0.0,0.0,2013-01-22T02:07:25Z,ls7,qd9f75weyyw9,0.29887472568520335,0.5577812018489985,0.1433440724657982
0.1833606557377049,0.5124590163934427,0.0792452830188679,0.29135245901639345,0.0,0.0,2013-02-07T02:07:27Z,ls7,qd9f75weyyw9,0.295138456428779,0.5191181965375514,0.18574334703366957
0.20860986547085203,0.49946188340807174,0.1584905660377358,0.2800448430493274,0.0,0.0,2013-02-23T02:07:24Z,ls7,qd9f75weyyw9,0.28341275243930114,0.5054685727252098,0.211118674835489
0.03878048780487805,0.5687804878048781,0.8452830188679246,0.3824390243902439,0.0,0.0,2013-03-11T02:07:23Z,ls7,qd9f75weyyw9,0.3863020448386302,0.5745257452574526,0.03917220990391722
0.10878306878306877,0.5488359788359788,0.2867924528301887,0.33005291005291004,0.0,0.0,2013-03-27T02:07:16Z,ls7,qd9f75weyyw9,0.3341726040606418,0.5556865055981143,0.1101408903412439
0.16409756097560976,0.4940975609756098,0.2264150943396226,0.32795121951219514,0.0,0.0,2013-04-06T02:17:40Z,ls8,qd9f75weyyw9,0.3325583696082311,0.5010387811634349,0.16640284922833398
0.11880208333333335,0.5146354166666667,0.2754716981132076,0.35317708333333336,0.0,0.0,2013-04-20T02:13:02Z,ls8,qd9f75weyyw9,0.3579686427704165,0.5216174840310405,0.120413873198543
0.10679425837320575,0.5575119617224881,0.21132075471698109,0.3240191387559809,0.0,0.0,2013-04-28T02:07:09Z,ls7,qd9f75weyyw9,0.3278466305189775,0.5640975987606507,0.1080557707203718
,,1.0,,,,2013-05-06T02:13:04Z,ls8,qd9f75weyyw9,,,
0.30855721393034824,0.44298507462686565,0.2415094339622641,0.23532338308457715,0.0,0.0,2013-05-14T02:07:07Z,ls7,qd9f75weyyw9,0.23845533373664052,0.44888082274652147,0.31266384351683807
0.13479245283018867,0.47030188679245283,0.0,0.3654716981132075,0.007547169811320755,0.007547169811320755,2013-05-22T02:13:16Z,ls8,qd9f75weyyw9,0.37087135772763286,0.4772503594589043,0.13678394319082132
0.14449056603773588,0.4615094339622642,0.0,0.36781132075471695,0.0037735849056603774,0.007547169811320755,2013-06-07T02:13:16Z,ls8,qd9f75weyyw9,0.37342697836834776,0.46855565255410836,0.14669661436056264
0.1176984126984127,0.4584126984126984,0.5245283018867924,0.39476190476190476,0.007936507936507936,0.007936507936507936,2013-06-15T02:06:54Z,ls7,qd9f75weyyw9,0.40015103564519083,0.4646707643519546,0.11930518412983876
,,1.0,,,,2013-06-23T02:13:09Z,ls8,qd9f75weyyw9,,,
0.1353846153846154,0.47576923076923083,0.21509433962264146,0.36625,0.004807692307692308,0.004807692307692308,2013-07-01T02:06:46Z,ls7,qd9f75weyyw9,0.37111411706837183,0.48208785803473453,0.13718264028150895
,,1.0,,,,2013-07-09T02:13:14Z,ls8,qd9f75weyyw9,,,
0.13298076923076924,0.4661057692307692,0.21509433962264146,0.35562499999999997,0.004807692307692308,0.028846153846153848,2013-07-17T02:06:37Z,ls7,qd9f75weyyw9,0.35995883271225704,0.47178597852444665,0.1346013426094502
0.16856603773584905,0.41516981132075476,0.0,0.3815849056603774,0.007547169811320755,0.011320754716981131,2013-07-25T02:13:13Z,ls8,qd9f75weyyw9,0.3878350161123416,0.42197002049722926,0.17132703886212716
0.13360869565217393,0.44926086956521744,0.13207547169811318,0.36947826086956526,0.017391304347826087,0.017391304347826087,2013-08-02T02:06:29Z,ls7,qd9f75weyyw9,0.3744712103407756,0.45533196239717977,0.1354142185663925
0.27155555555555555,0.2821111111111111,0.6603773584905661,0.4335555555555555,0.0,0.0,2013-08-10T02:13:15Z,ls8,qd9f75weyyw9,0.4391671356218345,0.28576252110298256,0.27507034327518287
,,1.0,,,,2013-08-18T02:06:33Z,ls7,qd9f75weyyw9,,,
0.17245283018867927,0.3914716981132076,0.0,0.4017358490566038,0.01509433962264151,0.0037735849056603774,2013-08-26T02:13:17Z,ls8,qd9f75weyyw9,0.4081724140473504,0.39774381207281734,0.1752158493515303
0.176188679245283,0.3844905660377358,0.0,0.4095471698113208,0.011320754716981131,0.0037735849056603774,2013-09-11T02:13:15Z,ls8,qd9f75weyyw9,0.4157435001390639,0.3903077971912763,0.17885436304701824
0.11282608695652176,0.4431739130434783,0.13207547169811318,0.40269565217391307,0.013043478260869565,0.017391304347826087,2013-09-19T02:06:55Z,ls7,qd9f75weyyw9,0.4072613625160209,0.44819856058365376,0.1141052942916297
0.17865284974093265,0.40958549222797924,0.2716981132075472,0.3884974093264249,0.010362694300518135,0.0,2013-09-27T02:13:06Z,ls8,qd9f75weyyw9,0.3936290126855188,0.41499564487583696,0.181012648138126
0.12483146067415729,0.39370786516853934,0.32830188679245287,0.36264044943820223,0.028089887640449437,0.07865168539325842,2013-10-05T02:07:07Z,ls7,qd9f75weyyw9,0.3676112939794336,0.3991045620771295,0.12654257090972912
0.1720754716981132,0.3712452830188679,0.0,0.422566037735849,0.011320754716981131,0.007547169811320755,2013-10-13T02:13:07Z,ls8,qd9f75weyyw9,0.4292357001536207,0.37710491320872663,0.17479146210935084
0.12392712550607289,0.40133603238866394,0.06792452830188678,0.39769230769230773,0.012145748987854251,0.05263157894736842,2013-10-21T02:07:17Z,ls7,qd9f75weyyw9,0.40297812465202915,0.4066702789041601,0.12557426850858813
0.1785660377358491,0.39188679245283015,0.0,0.403622641509434,0.0037735849056603774,0.007547169811320755,2013-10-29T02:12:57Z,ls8,qd9f75weyyw9,0.4096739320321997,0.39776213389625964,0.18124317935455955
0.2268965517241379,0.3806896551724138,0.8905660377358491,0.2813793103448276,0.0,0.10344827586206896,2013-11-06T02:07:22Z,ls7,qd9f75weyyw9,0.2837805302158851,0.3839383644097269,0.2288328295123191
0.14981132075471695,0.45460377358490567,0.0,0.38098113207547174,0.0,0.0,2013-11-14T02:12:57Z,ls8,qd9f75weyyw9,0.3866273503618887,0.4613410944740168,0.15203155516409447
0.13379912663755458,0.5063755458515284,0.13584905660377355,0.3430131004366812,0.0,0.004366812227074236,2013-11-22T02:07:27Z,ls7,qd9f75weyyw9,0.34735503841689236,0.5127853628876238,0.1354927864684097
0.08958490566037737,0.4980377358490566,0.0,0.3833207547169811,0.0,0.01509433962264151,2013-11-30T02:12:52Z,ls8,qd9f75weyyw9,0.3888329459041278,0.5051995688169599,0.09087314565627087
0.12729064039408866,0.4979310344827586,0.23396226415094334,0.36280788177339907,0.0,0.0,2013-12-08T02:07:35Z,ls7,qd9f75weyyw9,0.36720347011018606,0.5039637034451813,0.1288328264446328
,,1.0,,,,2013-12-16T02:12:46Z,ls8,qd9f75weyyw9,,,
0.14457894736842106,0.5141052631578947,0.28301886792452835,0.32852631578947367,0.0,0.0,2013-12-24T02:07:37Z,ls7,qd9f75weyyw9,0.3327824278935864,0.5207655808498161,0.14645199125659755
0.1393013100436681,0.5141484716157205,0.13584905660377355,0.33371179039301313,0.0,0.0,2014-01-09T02:07:40Z,ls7,qd9f75weyyw9,0.3380518446430152,0.5208351765018137,0.14111297885517118
0.17535849056603772,0.4755094339622642,0.0,0.3346037735849057,0.0,0.0,2014-01-17T02:12:23Z,ls8,qd9f75weyyw9,0.33953666475205824,0.48251962473674137,0.17794371051120045
0.10608108108108108,0.5696621621621621,0.44150943396226416,0.3110810810810811,0.0,0.0,2014-01-25T02:08:00Z,ls7,qd9f75weyyw9,0.31523450872988706,0.5772680588839438,0.10749743238616911
0.11588679245283019,0.5148679245283019,0.0,0.35483018867924526,0.0,0.0,2014-02-02T02:12:17Z,ls8,qd9f75weyyw9,0.36001990964086067,0.5223983459682977,0.11758174439084157
0.13273170731707318,0.5318536585365854,0.2264150943396226,0.3231707317073171,0.0,0.0,2014-02-10T02:08:05Z,ls7,qd9f75weyyw9,0.3271766506987999,0.5384463430292854,0.13437700627191465
0.15267924528301888,0.49056603773584906,0.0,0.34196226415094344,0.0,0.0,2014-02-18T02:12:04Z,ls8,qd9f75weyyw9,0.3470966753485522,0.49793166845411363,0.15497165619733413
0.14241379310344832,0.5150862068965517,0.12452830188679243,0.33,0.0,0.0,2014-02-26T02:07:57Z,ls7,qd9f75weyyw9,0.3341772151898734,0.5216062854648624,0.14421649934526412
0.17271698113207548,0.4738490566037736,0.0,0.3392830188679245,0.0,0.0,2014-03-06T02:11:48Z,ls8,qd9f75weyyw9,0.3441531100478469,0.4806507177033493,0.17519617224880385
,,1.0,,,,2014-03-14T02:08:05Z,ls7,qd9f75weyyw9,,,
0.16022641509433963,0.48037735849056606,0.0,0.345245283018868,0.0,0.0,2014-03-22T02:11:38Z,ls8,qd9f75weyyw9,0.350200956937799,0.4872727272727272,0.16252631578947366
0.10656603773584906,0.5089433962264152,0.0,0.3696981132075472,0.0,0.0,2014-04-07T02:11:23Z,ls8,qd9f75weyyw9,0.37524896583422707,0.5165849548031255,0.10816607936264747
0.10701754385964914,0.4868421052631579,0.7849056603773585,0.1526315789473684,0.0,0.24561403508771928,2014-04-15T02:08:18Z,ls7,qd9f75weyyw9,0.15424577895973776,0.4919908466819222,0.10814933927062076
,,1.0,,,,2014-04-23T02:11:07Z,ls8,qd9f75weyyw9,,,
0.08225108225108226,0.5574025974025973,0.1283018867924528,0.34809523809523807,0.0,0.0,2014-05-01T02:08:27Z,ls7,qd9f75weyyw9,0.35241267476004734,0.5643160801157032,0.08327124512424948
0.05519047619047619,0.30328571428571427,0.2075471698113207,0.1726666666666667,0.0,0.46190476190476193,2014-05-09T02:10:51Z,ls8,qd9f75weyyw9,0.1749267826190903,0.3072555649478726,0.055912890528275146
0.10448559670781893,0.5254320987654322,0.08301886792452828,0.35814814814814816,0.0,0.0,2014-05-17T02:08:34Z,ls7,qd9f75weyyw9,0.3624739691795086,0.5317784256559768,0.10574760516451479
0.1686666666666667,0.49235294117647066,0.037735849056603765,0.3140392156862745,0.0,0.011764705882352941,2014-05-25T02:10:45Z,ls8,qd9f75weyyw9,0.31828298887122414,0.49900635930047693,0.17094594594594592
,,1.0,,,,2014-06-02T02:08:38Z,ls7,qd9f75weyyw9,,,
,,1.0,,,,2014-06-10T02:10:55Z,ls8,qd9f75weyyw9,,,
,,1.0,,,,2014-06-18T02:08:38Z,ls7,qd9f75weyyw9,,,
0.2595934959349594,0.3360975609756097,0.07169811320754715,0.3897967479674796,0.0,0.0,2014-06-26T02:10:57Z,ls8,qd9f75weyyw9,0.3955368559996699,0.3410469001361217,0.26341624386420825
,,1.0,,,,2014-07-04T02:08:45Z,ls7,qd9f75weyyw9,,,
0.166,0.4164905660377359,0.0,0.3908679245283019,0.0037735849056603774,0.007547169811320755,2014-07-12T02:11:06Z,ls8,qd9f75weyyw9,0.3970202226347797,0.42304616694536246,0.16861285570287662
0.054729729729729726,0.026621621621621624,0.7207547169811321,0.03986486486486487,0.05405405405405406,0.8243243243243243,2014-07-20T02:08:47Z,ls7,qd9f75weyyw9,0.039998192172105214,0.026710657145439753,0.05491277230407664
0.06249056603773585,0.1656603773584906,0.0,0.17301886792452828,0.44528301886792454,0.1471698113207547,2014-07-28T02:11:09Z,ls8,qd9f75weyyw9,0.17576933247906176,0.16829386468551394,0.0634839726467451
0.15203252032520329,0.43841463414634146,0.07169811320754715,0.384349593495935,0.0,0.012195121951219513,2014-08-05T02:08:53Z,ls7,qd9f75weyyw9,0.38947852885534695,0.4442650379381191,0.15406131125531441
0.18392452830188677,0.402377358490566,0.0,0.3949811320754717,0.0,0.0037735849056603774,2014-08-13T02:11:18Z,ls8,qd9f75weyyw9,0.40099607317306774,0.408504932477732,0.18672540944353988
0.3068780487804878,0.2959512195121951,0.2264150943396226,0.27760975609756094,0.00975609756097561,0.0975609756097561,2014-08-21T02:08:52Z,ls7,qd9f75weyyw9,0.28147036049561563,0.30006689107835177,0.311145675255301
0.15232044198895028,0.3980662983425414,0.31698113207547174,0.43464088397790046,0.0,0.0,2014-08-29T02:11:19Z,ls8,qd9f75weyyw9,0.44124740591171674,0.40411688821582814,0.15463570587245498
0.15784905660377357,0.40354716981132077,0.0,0.4197358490566037,0.0,0.0037735849056603774,2014-09-14T02:11:23Z,ls8,qd9f75weyyw9,0.42619332365747453,0.40975558780841803,0.160277503628447
,,1.0,,,,2014-09-22T02:08:58Z,ls7,qd9f75weyyw9,,,
0.15267924528301888,0.40845283018867923,0.0,0.4239622641509434,0.0,0.0,2014-09-30T02:11:23Z,ls8,qd9f75weyyw9,0.4303773223520398,0.414633212028347,0.1549894656196131
0.08908695652173912,0.32573913043478264,0.13207547169811318,0.2765217391304348,0.09565217391304348,0.20434782608695654,2014-10-08T02:09:11Z,ls7,qd9f75weyyw9,0.2799823910445884,0.3298157348594428,0.09020187409596878
0.09999999999999999,0.4964705882352942,0.9358490566037736,0.3941176470588235,0.0,0.0,2014-10-16T02:11:28Z,ls8,qd9f75weyyw9,0.3978622327790974,0.5011876484560571,0.1009501187648456
0.1105761316872428,0.5032098765432098,0.08301886792452828,0.37358024691358027,0.0,0.0,2014-10-24T02:09:20Z,ls7,qd9f75weyyw9,0.3783603551035719,0.509648647522194,0.11199099737423415
0.1448301886792453,0.46211320754716984,0.0,0.3786415094339623,0.0,0.0,2014-11-01T02:11:25Z,ls8,qd9f75weyyw9,0.3841794930699135,0.4688720422696991,0.1469484646603875
0.1243220338983051,0.5155084745762712,0.10943396226415092,0.34775423728813565,0.0,0.0,2014-11-09T02:09:29Z,ls7,qd9f75weyyw9,0.35212597073840474,0.5219891019865276,0.12588492727506756
0.14966037735849058,0.48554716981132073,0.0,0.35086792452830184,0.0,0.0,2014-11-17T02:11:26Z,ls8,qd9f75weyyw9,0.3558225862002985,0.4924036584899162,0.15177375530978535
0.13695067264573993,0.5141255605381166,0.1584905660377358,0.3365022421524663,0.0,0.0,2014-11-25T02:09:32Z,ls7,qd9f75weyyw9,0.3407346864641511,0.5205921082504655,0.1386732052853835
0.14883018867924527,0.49562264150943397,0.0,0.34173584905660376,0.0,0.0,2014-12-03T02:11:25Z,ls8,qd9f75weyyw9,0.3465217724037652,0.502563710109436,0.1509145174867988
0.15042918454935625,0.5158369098712446,0.12075471698113205,0.3215450643776825,0.0,0.0,2014-12-11T02:09:39Z,ls7,qd9f75weyyw9,0.3255126868265555,0.5222019464720193,0.1522853667014251
0.162,0.501245283018868,0.0,0.3225660377358491,0.0,0.0,2014-12-19T02:11:22Z,ls8,qd9f75weyyw9,0.3272086969836166,0.5084596539580462,0.16433164905833714
0.17227467811158798,0.532274678111588,0.12075471698113205,0.2824463519313305,0.0,0.0,2014-12-27T02:09:46Z,ls7,qd9f75weyyw9,0.28616776101230595,0.539287733182589,0.174544505805105
0.1702264150943396,0.4976981132075472,0.0,0.3180754716981132,0.0,0.0,2015-01-04T02:11:17Z,ls8,qd9f75weyyw9,0.32259175628611886,0.5047648206973095,0.17264342301657162
0.15689655172413797,0.5280603448275862,0.12452830188679243,0.30232758620689654,0.0,0.0,2015-01-12T02:09:49Z,ls7,qd9f75weyyw9,0.30622134905042564,0.5348613839772975,0.15891726697227682
0.18124528301886794,0.49437735849056613,0.0,0.3101509433962264,0.0,0.0,2015-01-20T02:11:13Z,ls8,qd9f75weyyw9,0.31462695708762384,0.5015120774796157,0.18386096543276037
0.15168831168831168,0.5434199134199135,0.1283018867924528,0.29285714285714287,0.0,0.0,2015-01-28T02:09:53Z,ls7,qd9f75weyyw9,0.2964245026728595,0.5500394356322847,0.15353606169485584
0.108,0.5312830188679245,0.0,0.3472830188679245,0.0,0.0,2015-02-05T02:11:10Z,ls8,qd9f75weyyw9,0.35201193390452873,0.5385174418604651,0.10947062423500611
0.16343396226415094,0.49562264150943386,0.0,0.3262641509433962,0.0,0.0,2015-02-21T02:11:03Z,ls8,qd9f75weyyw9,0.3311248132970779,0.5030063957718968,0.16586879093102525
0.16486792452830187,0.49120754716981135,0.0,0.33000000000000007,0.0,0.0,2015-03-09T02:10:54Z,ls8,qd9f75weyyw9,0.33465998239638745,0.4981439669358233,0.16719605066778917
0.07013333333333334,0.6062666666666666,0.15094339622641506,0.3114222222222222,0.0,0.0,2015-03-17T02:10:13Z,ls7,qd9f75weyyw9,0.31526140556105464,0.6137406640871051,0.0709979303518402
0.16256603773584904,0.48618867924528303,0.0,0.3370188679245283,0.0,0.0,2015-03-25T02:10:46Z,ls8,qd9f75weyyw9,0.3418826321632278,0.49320522145236,0.1649121463844122
0.13169811320754718,0.527311320754717,0.19999999999999996,0.32849056603773585,0.0,0.0,2015-04-02T02:10:19Z,ls7,qd9f75weyyw9,0.33264867446859325,0.5339861475997134,0.13336517793169334
,,1.0,,,,2015-04-10T02:10:36Z,ls8,qd9f75weyyw9,,,
0.11888429752066117,0.5623140495867769,0.08679245283018866,0.30595041322314054,0.0,0.0,2015-04-18T02:10:28Z,ls7,qd9f75weyyw9,0.30993344217003643,0.5696345598392565,0.12043199799070702
0.18852830188679245,0.4850566037735849,0.0,0.31215094339622645,0.0,0.0,2015-04-26T02:10:33Z,ls8,qd9f75weyyw9,0.3166679427302657,0.4920756450501493,0.191256412219585
,,1.0,,,,2015-05-04T02:10:34Z,ls7,qd9f75weyyw9,,,
0.13833962264150942,0.5124528301886792,0.0,0.33577358490566034,0.0,0.0,2015-05-12T02:10:17Z,ls8,qd9f75weyyw9,0.3403457772337821,0.5194308445532435,0.14022337821297431
0.11702325581395351,0.5291627906976745,0.18867924528301883,0.34144186046511626,0.0,0.0,2015-05-20T02:10:42Z,ls7,qd9f75weyyw9,0.34571912969765467,0.535791654893096,0.11848921540924934
0.14754716981132077,0.4915849056603774,0.0,0.34649056603773587,0.0,0.0,2015-05-28T02:10:19Z,ls8,qd9f75weyyw9,0.3515448524062943,0.49875569508786705,0.14969945250583866
0.0761139896373057,0.5627979274611399,0.2716981132075472,0.3501036269430051,0.0,0.0,2015-06-05T02:10:48Z,ls7,qd9f75weyyw9,0.3539920368818105,0.569048616932104,0.0769593461860855
0.12769811320754718,0.494,0.0,0.3637358490566037,0.0,0.0,2015-06-13T02:10:31Z,ls8,qd9f75weyyw9,0.3691123535268438,0.501301983610324,0.1295856628628322
0.1600754716981132,0.46894339622641507,0.0,0.356188679245283,0.0,0.0,2015-06-29T02:10:37Z,ls8,qd9f75weyyw9,0.3615366937337215,0.4759843726060977,0.1624789336601808
0.08971014492753622,0.5357971014492754,0.739622641509434,0.3640579710144927,0.0,0.0,2015-07-07T02:10:56Z,ls7,qd9f75weyyw9,0.3678968951376684,0.5414469830111306,0.09065612185120092
0.1651698113207547,0.46479245283018866,0.0,0.35528301886792457,0.0,0.0,2015-07-15T02:10:47Z,ls8,qd9f75weyyw9,0.36060362327166884,0.47175303535179436,0.1676433413765368
,,1.0,,,,2015-08-08T02:11:03Z,ls7,qd9f75weyyw9,,,
,,1.0,,,,2015-08-16T02:10:57Z,ls8,qd9f75weyyw9,,,
0.12412280701754384,0.49096491228070177,0.13962264150943393,0.3723684210526316,0.0,0.0,2015-08-24T02:11:05Z,ls7,qd9f75weyyw9,0.37709869414586483,0.4972017411388469,0.12569956471528823
,,1.0,,,,2015-09-01T02:11:03Z,ls8,qd9f75weyyw9,,,
0.16768472906403942,0.47970443349753694,0.23396226415094334,0.3399014778325123,0.0,0.0,2015-09-09T02:11:08Z,ls7,qd9f75weyyw9,0.3442770182616505,0.48587965272926853,0.16984332900908095
0.18150943396226416,0.42630188679245284,0.0,0.37773584905660373,0.0,0.0,2015-09-17T02:11:11Z,ls8,qd9f75weyyw9,0.38327526132404177,0.4325535092085615,0.18417122946739672
0.13321888412017166,0.5050214592274678,0.12075471698113205,0.332274678111588,0.0,0.017167381974248927,2015-09-25T02:11:12Z,ls7,qd9f75weyyw9,0.3364918466702943,0.5114310978777258,0.134909673477731
,,1.0,,,,2015-10-03T02:11:15Z,ls8,qd9f75weyyw9,,,
0.32,0.34,0.9962264150943396,0.32,0.0,0.0,2015-10-11T02:11:21Z,ls7,qd9f75weyyw9,0.326530612244898,0.34693877551020413,0.326530612244898
0.12283018867924528,0.4887924528301887,0.0,0.37426415094339627,0.0,0.0,2015-10-19T02:11:17Z,ls8,qd9f75weyyw9,0.3796218326571232,0.495789634846513,0.12458853249636376
,,1.0,,,,2015-10-27T02:11:38Z,ls7,qd9f75weyyw9,,,
0.15467924528301888,0.48671698113207545,0.0,0.34483018867924525,0.0,0.0,2015-11-04T02:11:21Z,ls8,qd9f75weyyw9,0.3496460684905299,0.49351444423187296,0.1568394872775971
,,1.0,,,,2015-11-12T02:11:54Z,ls7,qd9f75weyyw9,,,
0.20456603773584908,0.4555094339622642,0.0,0.32516981132075473,0.0,0.0,2015-11-20T02:11:23Z,ls8,qd9f75weyyw9,0.33003944999808493,0.4623309969742234,0.2076295530276916
0.13743589743589743,0.5388461538461539,0.7056603773584906,0.3125641025641026,0.0,0.0,2015-11-28T02:12:07Z,ls7,qd9f75weyyw9,0.3160897186568132,0.544924154025671,0.13898612731751586
0.12525641025641027,0.5288034188034187,0.11698113207547167,0.3327777777777778,0.0,0.0,2015-12-06T02:11:22Z,ls8,qd9f75weyyw9,0.3372163519833709,0.5358565737051793,0.12692707431144987
0.1646818181818182,0.5495454545454546,0.16981132075471694,0.26436363636363636,0.0,0.00909090909090909,2015-12-14T02:12:24Z,ls7,qd9f75weyyw9,0.26769135922371096,0.5564629527191653,0.16675477896621474
0.17139622641509433,0.5072075471698113,0.0,0.30739622641509434,0.0,0.0,2015-12-22T02:11:23Z,ls8,qd9f75weyyw9,0.3117608787171342,0.5144092770484902,0.17382984423437559
,,1.0,,,,2015-12-30T02:12:36Z,ls7,qd9f75weyyw9,,,
0.15924528301886792,0.5157735849056604,0.0,0.3113584905660377,0.0,0.0,2016-01-07T02:11:18Z,ls8,qd9f75weyyw9,0.31565859443743066,0.5228968208424194,0.16144458472014997
0.16291497975708502,0.5471255060728746,0.06792452830188678,0.27777327935222673,0.0,0.0,2016-01-15T02:12:52Z,ls7,qd9f75weyyw9,0.28120004918234354,0.5538751588179843,0.1649247919996721
0.16353711790393013,0.5162008733624455,0.13584905660377355,0.2804803493449782,0.0,0.026200873362445413,2016-01-23T02:11:19Z,ls8,qd9f75weyyw9,0.28444730503401766,0.5235017270445466,0.16585009455899052
0.1757358490566038,0.49309433962264154,0.0,0.3170943396226415,0.0,0.0,2016-02-08T02:11:15Z,ls8,qd9f75weyyw9,0.3216213112871742,0.5001339610364757,0.17824472767635016
0.19668122270742358,0.49986899563318776,0.13584905660377355,0.29122270742358075,0.0,0.0,2016-02-16T02:13:07Z,ls7,qd9f75weyyw9,0.29482758620689653,0.5060565870910698,0.1991158267020336
0.18484375,0.47625000000000006,0.5169811320754717,0.324609375,0.0,0.0,2016-02-24T02:11:08Z,ls8,qd9f75weyyw9,0.3293175873821035,0.4831576444479671,0.18752476816992947
0.22083682008368202,0.5048117154811715,0.09811320754716979,0.2628033472803347,0.0,0.0,2016-03-03T02:13:13Z,ls7,qd9f75weyyw9,0.2658736877751439,0.5107094480189638,0.22341686420589232
0.1839245283018868,0.483056603773585,0.0,0.31879245283018864,0.0,0.0,2016-03-11T02:11:06Z,ls8,qd9f75weyyw9,0.32339317842514254,0.49002794472304106,0.1865788768518164
,,1.0,,,,2016-03-19T02:13:21Z,ls7,qd9f75weyyw9,,,
,,1.0,,,,2016-04-04T02:13:24Z,ls7,qd9f75weyyw9,,,
0.10745,0.5536,0.24528301886792447,0.3263,0.0,0.0,2016-04-20T02:13:33Z,ls7,qd9f75weyyw9,0.3304805793285056,0.5606927634577404,0.108826657213754
,,1.0,,,,2016-04-28T02:10:48Z,ls8,qd9f75weyyw9,,,
0.10142259414225942,0.5651464435146443,0.09811320754716979,0.3175313807531381,0.0,0.0041841004184100415,2016-05-06T02:13:38Z,ls7,qd9f75weyyw9,0.3213115162382945,0.5718743773660091,0.10263000597728632
0.5275,0.23615853658536587,0.38113207547169814,0.21097560975609758,0.0,0.018292682926829267,2016-05-14T02:10:47Z,ls8,qd9f75weyyw9,0.2125067140311043,0.23787239983886327,0.5313282032032032
0.16291666666666665,0.5,0.09433962264150941,0.3169166666666667,0.004166666666666667,0.004166666666666667,2016-05-22T02:13:40Z,ls7,qd9f75weyyw9,0.32074403243181954,0.5060384419118897,0.16488419232295742
0.14158490566037737,0.4661509433962264,0.0,0.3776981132075472,0.0,0.0,2016-05-30T02:10:54Z,ls8,qd9f75weyyw9,0.3832809986980164,0.4730412805391744,0.1436777207628092
0.14433962264150943,0.43788679245283013,0.0,0.402754716981132,0.0,0.0,2016-06-15T02:10:56Z,ls8,qd9f75weyyw9,0.40889587004827216,0.44456363497050033,0.1465404949812275
0.1416666666666667,0.26833333333333337,0.9773584905660377,0.25333333333333335,0.0,0.3333333333333333,2016-06-23T02:13:48Z,ls7,qd9f75weyyw9,0.254606365159129,0.2696817420435511,0.14237855946398661
0.15184905660377357,0.43373584905660384,0.0,0.39898113207547165,0.0,0.0,2016-07-01T02:11:05Z,ls8,qd9f75weyyw9,0.40523552182745004,0.4405350504005213,0.15422942777202867
,,1.0,,,,2016-07-09T02:13:48Z,ls7,qd9f75weyyw9,,,
0.20513307984790877,0.31927756653992395,0.007547169811320753,0.3809125475285171,0.0076045627376425855,0.07224334600760456,2016-07-17T02:11:12Z,ls8,qd9f75weyyw9,0.3871517702725794,0.324507228486609,0.20849309249556458
0.1447340425531915,0.4340425531914893,0.2905660377358491,0.36611702127659573,0.031914893617021274,0.010638297872340425,2016-07-25T02:13:50Z,ls7,qd9f75weyyw9,0.3709809943131459,0.4398089370325833,0.14665687716490922
0.18200000000000002,0.39720754716981127,0.0,0.39815094339622636,0.007547169811320755,0.0,2016-08-02T02:11:16Z,ls8,qd9f75weyyw9,0.40429999271508704,0.40334202666278135,0.18481081081081085
0.18076335877862598,0.36778625954198474,0.5056603773584906,0.250763358778626,0.022900763358778626,0.16793893129770993,2016-08-10T02:13:52Z,ls7,qd9f75weyyw9,0.25385269821921835,0.3723172907215202,0.18299031640277294
0.1597358490566038,0.4181509433962265,0.0,0.39977358490566034,0.0037735849056603774,0.0037735849056603774,2016-08-18T02:11:20Z,ls8,qd9f75weyyw9,0.4058223437941511,0.42447776020228334,0.16215272619224486
0.23219780219780223,0.42736263736263735,0.31320754716981136,0.3219230769230769,0.0,0.005494505494505495,2016-08-26T02:13:54Z,ls7,qd9f75weyyw9,0.32619423905881945,0.43303273449385526,0.23527852095281981
0.13679245283018868,0.4398490566037736,0.0,0.3965660377358491,0.011320754716981131,0.0,2016-09-03T02:11:26Z,ls8,qd9f75weyyw9,0.4028704997549145,0.44684161624733876,0.13896712928076554
,,1.0,,,,2016-09-19T02:11:28Z,ls8,qd9f75weyyw9,,,
,,1.0,,,,2016-09-27T02:13:59Z,ls7,qd9f75weyyw9,,,
0.14267924528301887,0.4267924528301887,0.0,0.4119245283018868,0.0,0.0037735849056603774,2016-10-05T02:11:31Z,ls8,qd9f75weyyw9,0.4181492500930446,0.43324184852989506,0.1448353164713999
0.09418103448275862,0.4969396551724139,0.12452830188679243,0.39706896551724136,0.0,0.0,2016-10-13T02:13:59Z,ls7,qd9f75weyyw9,0.40181453371717696,0.5028788275320597,0.09530663875076333
0.14347169811320754,0.44026415094339627,0.0,0.4013207547169811,0.0,0.0,2016-10-21T02:11:35Z,ls8,qd9f75weyyw9,0.4074088262335274,0.4469429972418021,0.14564817652467055
0.10578260869565219,0.5006086956521739,0.13207547169811318,0.38139130434782614,0.0,0.0,2016-10-29T02:13:55Z,ls7,qd9f75weyyw9,0.3861085435098376,0.5068004753730357,0.10709098111712664
0.12754716981132078,0.48603773584905663,0.0,0.3726792452830189,0.0,0.0,2016-11-06T02:11:35Z,ls8,qd9f75weyyw9,0.3778696051423324,0.4928068564432201,0.12932353841444752
0.12165938864628821,0.5241048034934498,0.13584905660377355,0.3419650655021834,0.0,0.0,2016-11-14T02:13:47Z,ls7,qd9f75weyyw9,0.3462133604491799,0.5306158539281135,0.12317078562270657
0.13656603773584905,0.4855849056603774,0.0,0.36407547169811316,0.0,0.0,2016-11-22T02:11:35Z,ls8,qd9f75weyyw9,0.369160130093744,0.49236655825521336,0.13847331165104265
0.11231707317073172,0.5443089430894309,0.07169811320754715,0.3309349593495935,0.0,0.0,2016-11-30T02:13:45Z,ls7,qd9f75weyyw9,0.3351033176916111,0.5511648966823084,0.11373178562608054
0.1600754716981132,0.47966037735849054,0.0,0.34671698113207544,0.0,0.0,2016-12-08T02:11:33Z,ls8,qd9f75weyyw9,0.3514785203320454,0.48624765693737804,0.16227382273057647
0.09425742574257426,0.5712871287128714,0.23773584905660372,0.3226732673267327,0.0,0.0,2016-12-16T02:13:40Z,ls7,qd9f75weyyw9,0.32652038873860334,0.5780983869351768,0.0953812243262198
0.14769811320754717,0.5037358490566038,0.0,0.3343773584905661,0.0,0.0,2016-12-24T02:11:28Z,ls8,qd9f75weyyw9,0.33919001684274996,0.5109860664523044,0.1498239167049456
0.12714285714285717,0.5443749999999999,0.15471698113207544,0.3162053571428572,0.0,0.0,2017-01-01T02:13:32Z,ls7,qd9f75weyyw9,0.32013559322033897,0.5511412429378529,0.12872316384180793
0.15543396226415093,0.5013962264150944,0.0,0.32947169811320753,0.0,0.0,2017-01-09T02:11:25Z,ls8,qd9f75weyyw9,0.3340475188430194,0.5083597964571298,0.15759268469985077
0.14948275862068966,0.5123706896551724,0.12452830188679243,0.3252586206896552,0.0,0.0,2017-01-17T02:13:22Z,ls7,qd9f75weyyw9,0.32950526177896167,0.5190603030435352,0.15143443517750316
0.17233962264150943,0.501622641509434,0.0,0.3116981132075472,0.0,0.0,2017-01-25T02:11:20Z,ls8,qd9f75weyyw9,0.31623277182235837,0.5089203675344564,0.17484686064318528
0.09826446280991737,0.534710743801653,0.08679245283018866,0.3466942148760331,0.0,0.008264462809917356,2017-02-02T02:13:14Z,ls7,qd9f75weyyw9,0.3509642802861816,0.541296518105267,0.09947473879863408
,,1.0,,,,2017-02-10T02:11:12Z,ls8,qd9f75weyyw9,,,
0.13280952380952382,0.5399047619047619,0.2075471698113207,0.3159047619047619,0.0,0.0,2017-02-18T02:13:13Z,ls7,qd9f75weyyw9,0.31954144790713357,0.5461201290881942,0.13433842300467225
0.18353488372093027,0.4497674418604651,0.18867924528301883,0.3530232558139535,0.0,0.0,2017-02-26T02:11:07Z,ls8,qd9f75weyyw9,0.35791757049891537,0.45600301801376963,0.18607941148731494
0.11327510917030569,0.5243668122270743,0.13584905660377355,0.35013100436681227,0.0,0.0,2017-03-06T02:13:21Z,ls7,qd9f75weyyw9,0.3544650751547303,0.5308576480990274,0.11467727674624226
0.10428571428571429,0.61,0.9735849056603774,0.27571428571428575,0.0,0.0,2017-03-14T02:10:58Z,ls8,qd9f75weyyw9,0.2784992784992785,0.6161616161616161,0.10533910533910534
0.10565217391304349,0.5634161490683229,0.39245283018867927,0.21614906832298134,0.0,0.10559006211180125,2017-03-22T02:13:27Z,ls7,qd9f75weyyw9,0.21839366993060144,0.5692669482587603,0.10674931969883711
0.17871698113207546,0.45649056603773586,0.0,0.3502264150943396,0.0,0.0,2017-03-30T02:10:50Z,ls8,qd9f75weyyw9,0.35540323198284446,0.46323810982614694,0.18135865819100866
,,1.0,,,,2017-04-07T02:13:31Z,ls7,qd9f75weyyw9,,,
0.2194392523364486,0.4981308411214953,0.5962264150943396,0.26953271028037384,0.0,0.0,2017-04-15T02:10:42Z,ls8,qd9f75weyyw9,0.27305434576784704,0.5046392728649877,0.22230638136716532
0.11116379310344827,0.5152155172413793,0.12452830188679243,0.3614655172413793,0.0,0.0,2017-04-23T02:13:38Z,ls7,qd9f75weyyw9,0.36591325595601715,0.5215551095209006,0.1125316345230823
0.14698113207547173,0.4743396226415094,0.0,0.3636603773584906,0.0,0.0,2017-05-01T02:10:31Z,ls8,qd9f75weyyw9,0.36920542487165736,0.4815722933108573,0.14922228181748526
0.11271698113207548,0.4900000000000001,0.0,0.3830943396226415,0.0,0.0,2017-05-17T02:10:42Z,ls8,qd9f75weyyw9,0.3886081763895268,0.49705251875669887,0.1143393048537743
0.1026068376068376,0.5200854700854701,0.11698113207547167,0.36529914529914526,0.0,0.0,2017-05-25T02:13:45Z,ls7,qd9f75weyyw9,0.3697391755698775,0.5264068515074182,0.10385397292270425
0.13529411764705881,0.4733823529411764,0.4867924528301887,0.3755147058823529,0.0,0.0,2017-06-02T02:10:51Z,ls8,qd9f75weyyw9,0.3815465072842734,0.4809861785580874,0.13746731415763916
,,1.0,,,,2017-06-10T02:13:50Z,ls7,qd9f75weyyw9,,,
0.13154716981132075,0.4784905660377359,0.0,0.37577358490566043,0.0,0.0,2017-06-18T02:10:58Z,ls8,qd9f75weyyw9,0.38118205481549533,0.48537743071505124,0.13344051446945335
0.13465306122448978,0.49930612244897954,0.07547169811320753,0.3537142857142857,0.0,0.0,2017-06-26T02:13:53Z,ls7,qd9f75weyyw9,0.35812877097280765,0.5055376477394825,0.1363335812877097
0.1339622641509434,0.46332075471698114,0.0,0.38724528301886796,0.0,0.0,2017-07-04T02:11:02Z,ls8,qd9f75weyyw9,0.3933307780758912,0.47060176312763513,0.13606745879647375
0.03131979695431472,0.17192893401015227,0.2566037735849057,0.13289340101522842,0.03553299492385787,0.6243654822335025,2017-07-12T02:13:54Z,ls7,qd9f75weyyw9,0.13445874158895055,0.17395407095560558,0.031688710298083456
,,1.0,,,,2017-07-20T02:11:06Z,ls8,qd9f75weyyw9,,,
,,1.0,,,,2017-08-05T02:11:14Z,ls8,qd9f75weyyw9,,,
,,1.0,,,,2017-08-13T02:13:50Z,ls7,qd9f75weyyw9,,,
,,1.0,,,,2017-08-21T02:11:19Z,ls8,qd9f75weyyw9,,,
0.69,0.04,0.9962264150943396,0.27,0.0,0.0,2017-08-29T02:13:51Z,ls7,qd9f75weyyw9,0.27,0.04,0.69
,,1.0,,,,2017-09-06T02:11:21Z,ls8,qd9f75weyyw9,,,
0.1393913043478261,0.48447826086956525,0.13207547169811318,0.3633478260869565,0.0,0.0,2017-09-14T02:13:49Z,ls7,qd9f75weyyw9,0.36805249713732047,0.49075134325728886,0.14119615960539064
0.10008474576271187,0.484364406779661,0.10943396226415092,0.4029237288135593,0.0,0.0,2017-09-30T02:13:50Z,ls7,qd9f75weyyw9,0.4080765599519355,0.4905587503218608,0.10136468972620377
0.166,0.4646666666666667,0.9433962264150944,0.3573333333333333,0.0,0.0,2017-10-08T02:11:30Z,ls8,qd9f75weyyw9,0.3616734143049932,0.47031039136302294,0.1680161943319838
0.15020746887966807,0.4395850622406639,0.09056603773584904,0.3921161825726141,0.0,0.004149377593360996,2017-10-24T02:11:33Z,ls8,qd9f75weyyw9,0.39768375514463905,0.4458266351325192,0.1523402321294808
0.1493801652892562,0.49107438016528926,0.08679245283018866,0.34801652892561985,0.0,0.0,2017-11-01T02:13:52Z,ls7,qd9f75weyyw9,0.35207558212449314,0.4968019731616571,0.15112244471384975
0.1418867924528302,0.49377358490566037,0.0,0.35037735849056606,0.0,0.0,2017-11-09T02:11:31Z,ls8,qd9f75weyyw9,0.3553386911595867,0.5007654037504784,0.14389590508993494
0.16350943396226414,0.4793584905660378,0.0,0.3432075471698113,0.0,0.0,2017-11-25T02:11:25Z,ls8,qd9f75weyyw9,0.34805403543683744,0.48612758792239114,0.16581837664077148
,,1.0,,,,2017-12-03T02:13:43Z,ls7,qd9f75weyyw9,,,
0.13332075471698113,0.5284150943396226,0.0,0.3249811320754717,0.0,0.0,2017-12-11T02:11:23Z,ls8,qd9f75weyyw9,0.3293559736882362,0.5355285299066851,0.13511549640507878
,,1.0,,,,2017-12-19T02:13:34Z,ls7,qd9f75weyyw9,,,
0.1801132075471698,0.4910566037735849,0.0,0.3144528301886793,0.0,0.0,2017-12-27T02:11:25Z,ls8,qd9f75weyyw9,0.3190397794708833,0.49821968681802514,0.18274053371109153
0.17864197530864195,0.5086008230452675,0.08301886792452828,0.2998353909465021,0.0,0.0,2018-01-04T02:13:22Z,ls7,qd9f75weyyw9,0.30376052697406825,0.5152589010255983,0.18098057200033352
0.19777358490566038,0.48015094339622644,0.0,0.30826415094339626,0.0,0.0,2018-01-12T02:11:19Z,ls8,qd9f75weyyw9,0.31258131170123216,0.4868753348128875,0.20054335348588048
0.13455026455026456,0.5555026455026455,0.2867924528301887,0.297989417989418,0.0,0.0,2018-01-20T02:13:08Z,ls7,qd9f75weyyw9,0.30159580164935207,0.562225554246546,0.13617864410410196
0.1868301886792453,0.47879245283018873,0.0,0.3199622641509434,0.0,0.0,2018-01-28T02:11:10Z,ls8,qd9f75weyyw9,0.3246420093422161,0.4857952370013018,0.18956275365648212
0.15730769230769232,0.5361538461538461,0.9018867924528302,0.29346153846153844,0.0,0.0,2018-02-13T02:11:03Z,ls8,qd9f75weyyw9,0.2973499610288387,0.5432579890880749,0.15939204988308656
0.19669724770642202,0.5079357798165138,0.1773584905660377,0.2828899082568807,0.0,0.0,2018-02-21T02:12:42Z,ls7,qd9f75weyyw9,0.2864641397250092,0.5143534002229655,0.19918246005202525
0.17547169811320754,0.49026415094339626,0.0,0.3198867924528302,0.0,0.0,2018-03-01T02:10:57Z,ls8,qd9f75weyyw9,0.3245530073892569,0.49741567441326245,0.17803131819748075
0.1262608695652174,0.5513043478260871,0.13207547169811318,0.31073913043478263,0.0,0.0,2018-03-09T02:12:31Z,ls7,qd9f75weyyw9,0.3144164357045444,0.5578285161233558,0.12775504817209976
,,1.0,,,,2018-03-17T02:10:47Z,ls8,qd9f75weyyw9,,,
0.14849056603773586,0.5023018867924529,0.0,0.3350566037735849,0.0,0.0,2018-04-02T02:10:41Z,ls8,qd9f75weyyw9,0.339866028708134,0.5095119617224881,0.150622009569378
,,1.0,,,,2018-04-18T02:10:31Z,ls8,qd9f75weyyw9,,,
,,1.0,,,,2018-04-26T02:11:47Z,ls7,qd9f75weyyw9,,,
0.14471698113207548,0.4935849056603774,0.0,0.3476603773584906,0.0,0.0,2018-05-04T02:10:23Z,ls8,qd9f75weyyw9,0.3526102265768525,0.5006123698714023,0.14677740355174526
0.10883928571428572,0.5451339285714286,0.15471698113207544,0.3338839285714286,0.0,0.0,2018-05-12T02:11:30Z,ls7,qd9f75weyyw9,0.3379880694143167,0.5518347794649313,0.11017715112075198
0.15547169811320755,0.48120754716981123,0.0,0.34913207547169817,0.0,0.0,2018-05-20T02:10:11Z,ls8,qd9f75weyyw9,0.3541570969223703,0.48813351707242375,0.15770938600520593
0.0982532751091703,0.538995633187773,0.13584905660377355,0.35039301310043675,0.0,0.0,2018-05-28T02:11:16Z,ls7,qd9f75weyyw9,0.3547773798470178,0.5457399301410444,0.09948269001193791
0.1298237885462555,0.48066079295154185,0.1433962264150943,0.371453744493392,0.0,0.004405286343612335,2018-06-13T02:10:59Z,ls7,qd9f75weyyw9,0.3766197678578133,0.48734562228375256,0.13162932351482165
,,1.0,,,,2018-06-21T02:10:12Z,ls8,qd9f75weyyw9,,,
0.12639130434782608,0.46591304347826085,0.13207547169811318,0.3859565217391304,0.0,0.008695652173913044,2018-06-29T02:10:41Z,ls7,qd9f75weyyw9,0.39110260869565217,0.4721252173913043,0.12807652173913042
0.182890625,0.4141796875,0.03396226415094339,0.3873046875,0.0,0.0,2018-07-07T02:10:21Z,ls8,qd9f75weyyw9,0.393452380952381,0.42075396825396827,0.1857936507936508
,,1.0,,,,2018-07-15T02:10:22Z,ls7,qd9f75weyyw9,,,
,,1.0,,,,2018-07-23T02:10:27Z,ls8,qd9f75weyyw9,,,
0.36709677419354836,0.23290322580645165,0.8830188679245283,0.38741935483870965,0.0,0.0,2018-07-31T02:10:05Z,ls7,qd9f75weyyw9,0.3923554393988892,0.2358706305129043,0.3717739300882064
0.18866666666666668,0.1256,0.7169811320754718,0.10893333333333333,0.013333333333333334,0.56,2018-08-08T02:10:36Z,ls8,qd9f75weyyw9,0.10982566687670657,0.1266288594833018,0.19021214030665826
0.12025751072961373,0.42158798283261806,0.12075471698113205,0.41502145922746775,0.02145922746781116,0.008583690987124463,2018-08-16T02:09:47Z,ls7,qd9f75weyyw9,0.42069903469570624,0.42735538963970254,0.12190265720965555
0.14381132075471698,0.3969433962264151,0.0,0.4212830188679245,0.018867924528301886,0.0037735849056603774,2018-08-24T02:10:44Z,ls8,qd9f75weyyw9,0.42799208396796284,0.4032648451503943,0.1461015614476806
0.3527272727272727,0.2787272727272727,0.7924528301886793,0.3578181818181818,0.0,0.0,2018-09-01T02:09:28Z,ls7,qd9f75weyyw9,0.36169821723947804,0.28174967836794707,0.3565521043925749
0.12826415094339624,0.39633962264150946,0.0,0.43713207547169813,0.01509433962264151,0.007547169811320755,2018-09-09T02:10:50Z,ls8,qd9f75weyyw9,0.44423294180008555,0.40277784769736696,0.1303477010685852
0.12859728506787332,0.4023076923076923,0.16603773584905657,0.4200904977375566,0.013574660633484163,0.02262443438914027,2018-09-17T02:09:07Z,ls7,qd9f75weyyw9,0.4257471381172363,0.4077248820551861,0.13032888480495322
0.15426415094339624,0.3869056603773585,0.0,0.4361132075471698,0.0037735849056603774,0.0037735849056603774,2018-09-25T02:10:55Z,ls8,qd9f75weyyw9,0.4428827460997207,0.3929113780185547,0.15665870607040394
,,1.0,,,,2018-10-03T02:08:44Z,ls7,qd9f75weyyw9,,,
,,1.0,,,,2018-10-11T02:11:03Z,ls8,qd9f75weyyw9,,,
0.12082125603864735,0.45652173913043476,0.21886792452830184,0.3869082125603865,0.0,0.024154589371980676,2018-10-19T02:08:21Z,ls7,qd9f75weyyw9,0.3915604155170244,0.46201097847869654,0.12227401663229844
0.15196226415094338,0.42720754716981135,0.0,0.4063396226415094,0.0,0.0,2018-10-27T02:11:08Z,ls8,qd9f75weyyw9,0.412314290090366,0.4334890488589371,0.15419666105069688
0.13942148760330578,0.4490082644628099,0.5433962264150943,0.3989256198347107,0.0,0.0,2018-11-04T02:08:00Z,ls7,qd9f75weyyw9,0.4040344856449318,0.4547585167824559,0.14120699757261237
0.10766283524904215,0.47099616858237553,0.015094339622641506,0.4064367816091954,0.0,0.0,2018-11-12T02:11:10Z,ls8,qd9f75weyyw9,0.41258605266228454,0.4781222045039088,0.10929174283380653
0.12165919282511212,0.5091031390134528,0.1584905660377358,0.35686098654708526,0.0,0.0,2018-11-20T02:07:38Z,ls7,qd9f75weyyw9,0.36133309117326556,0.5154831093352705,0.12318379949146387
0.14339622641509434,0.47758490566037737,0.0,0.3646037735849057,0.0,0.0,2018-11-28T02:11:10Z,ls8,qd9f75weyyw9,0.3699364423003293,0.48457002833295043,0.14549352936672028
0.14271698113207545,0.49766037735849056,0.0,0.34566037735849053,0.0,0.0,2018-12-14T02:11:06Z,ls8,qd9f75weyyw9,0.3505549177190968,0.5047072330654421,0.14473784921546115
0.16518518518518518,0.5074074074074074,0.8981132075471698,0.31555555555555553,0.0,0.0,2018-12-22T02:06:46Z,ls7,qd9f75weyyw9,0.3193403298350824,0.5134932533733134,0.1671664167916042
0.13030188679245283,0.5123018867924529,0.0,0.34369811320754723,0.0,0.0,2018-12-30T02:11:07Z,ls8,qd9f75weyyw9,0.34847151547614497,0.519416918544592,0.1321115659792631
0.1264705882352941,0.5253361344537815,0.10188679245283017,0.33592436974789924,0.0,0.0,2019-01-07T02:06:17Z,ls7,qd9f75weyyw9,0.34009698825931606,0.5318614939595031,0.12804151778118086
0.15966037735849056,0.49630188679245274,0.0,0.33022641509433964,0.0,0.0,2019-01-15T02:11:05Z,ls8,qd9f75weyyw9,0.3348511517563328,0.5032524680492844,0.1618963801943828
,,1.0,,,,2019-01-23T02:05:46Z,ls7,qd9f75weyyw9,,,
0.15275471698113208,0.5069811320754717,0.0,0.3266792452830189,0.0,0.0,2019-01-31T02:11:01Z,ls8,qd9f75weyyw9,0.3311782708492732,0.5139632746748278,0.15485845447589902
0.11161434977578476,0.5527354260089686,0.1584905660377358,0.3232286995515695,0.0,0.0,2019-02-08T02:05:17Z,ls7,qd9f75weyyw9,0.3272941924351814,0.5596875993279753,0.1130182082368433
,,1.0,,,,2019-02-16T02:10:59Z,ls8,qd9f75weyyw9,,,
,,1.0,,,,2019-02-24T02:04:48Z,ls7,qd9f75weyyw9,,,
,,1.0,,,,2019-03-04T02:10:54Z,ls8,qd9f75weyyw9,,,
0.10462616822429907,0.5460747663551401,0.1924528301886792,0.33733644859813083,0.0,0.0,2019-03-12T02:04:17Z,ls7,qd9f75weyyw9,0.34142073401437767,0.5526863412788497,0.10589292470677263
0.08121212121212122,0.6092929292929293,0.6264150943396227,0.29868686868686867,0.0,0.0,2019-03-20T02:10:49Z,ls8,qd9f75weyyw9,0.3019503727152047,0.6159501684876953,0.08209945879709998
0.1271551724137931,0.5290517241379311,0.12452830188679243,0.33107758620689653,0.0,0.0,2019-03-28T02:03:45Z,ls7,qd9f75weyyw9,0.33534162846540055,0.5358655315433313,0.12879283999126828
0.15120754716981133,0.49747169811320746,0.0,0.3372075471698113,0.0,0.0,2019-04-05T02:10:46Z,ls8,qd9f75weyyw9,0.3420347546505397,0.5045931256219858,0.15337211972747458
0.11857142857142858,0.5314285714285715,0.9735849056603774,0.34142857142857136,0.0,0.0,2019-04-13T02:03:12Z,ls7,qd9f75weyyw9,0.34438040345821325,0.5360230547550433,0.11959654178674353
0.11981132075471698,0.5047547169811321,0.0,0.3605283018867924,0.0,0.0,2019-04-21T02:10:39Z,ls8,qd9f75weyyw9,0.36598352805975864,0.5123922620187703,0.121624209921471
0.12388679245283019,0.5023018867924529,0.0,0.3595849056603774,0.0,0.0,2019-05-07T02:10:43Z,ls8,qd9f75weyyw9,0.3647743367913333,0.5095509704092179,0.12567469279944873
0.17389121338912134,0.5166527196652719,0.09811320754716979,0.2965271966527197,0.0,0.0,2019-05-15T02:01:59Z,ls7,qd9f75weyyw9,0.3004111737527024,0.5234199482853631,0.17616887796193464
,,1.0,,,,2019-05-23T02:10:53Z,ls8,qd9f75weyyw9,,,
,,1.0,,,,2019-05-31T02:01:24Z,ls7,qd9f75weyyw9,,,
0.1731063829787234,0.4429787234042553,0.1132075471698113,0.3695744680851064,0.0,0.0,2019-06-08T02:11:01Z,ls8,qd9f75weyyw9,0.3749514311617666,0.44942364978629706,0.17562491905193628
,,1.0,,,,2019-06-24T02:11:07Z,ls8,qd9f75weyyw9,,,
0.1293956043956044,0.48109890109890113,0.31320754716981136,0.37692307692307697,0.0,0.0,2019-07-02T02:00:13Z,ls7,qd9f75weyyw9,0.3817261142952535,0.4872294251850203,0.13104446051972624
0.063739837398374,0.5981300813008129,0.5358490566037736,0.32943089430894307,0.0,0.0,2019-07-10T02:11:10Z,ls8,qd9f75weyyw9,0.33232182399737553,0.6033789879439022,0.06429918805872223
0.11669642857142858,0.4888839285714286,0.15471698113207544,0.3824553571428571,0.0,0.0,2019-07-18T01:59:36Z,ls7,qd9f75weyyw9,0.38708657148020964,0.4948039038496295,0.11810952467016086
,,1.0,,,,2019-07-26T02:11:15Z,ls8,qd9f75weyyw9,,,
0.04857142857142858,0.5371428571428571,0.9735849056603774,0.27,0.0,0.14285714285714285,2019-08-03T01:58:57Z,ls7,qd9f75weyyw9,0.27045075125208684,0.5380395897925113,0.04865251609825901
0.15366037735849056,0.4489811320754717,0.0,0.3824905660377358,0.0,0.0,2019-08-11T02:11:21Z,ls8,qd9f75weyyw9,0.3882632345054776,0.4557572971730636,0.15597946832145865
0.13283842794759826,0.4831441048034934,0.13584905660377355,0.37131004366812226,0.0,0.0,2019-08-19T01:58:17Z,ls7,qd9f75weyyw9,0.37608916803043035,0.4893626431951877,0.13454818877438188
0.16418867924528302,0.441622641509434,0.0,0.3794716981132076,0.0,0.0,2019-08-27T02:11:25Z,ls8,qd9f75weyyw9,0.38513979318268865,0.448219073152049,0.16664113366526234
0.1128828828828829,0.46603603603603605,0.5811320754716981,0.4095495495495495,0.0,0.0,2019-09-04T01:57:36Z,ls7,qd9f75weyyw9,0.41432737878235504,0.47147283995625233,0.11419978126139266
0.1326792452830189,0.4649056603773584,0.0,0.3878490566037736,0.0,0.0,2019-09-12T02:11:30Z,ls8,qd9f75weyyw9,0.39358198667381483,0.4717775905644481,0.13464042276173702
,,1.0,,,,2019-09-20T01:56:54Z,ls7,qd9f75weyyw9,,,
0.15047244094488188,0.46035433070866144,0.04150943396226414,0.37492125984251967,0.0,0.0,2019-09-28T02:11:35Z,ls8,qd9f75weyyw9,0.3803418803418803,0.4670101445802381,0.1526479750778816
0.11294117647058823,0.6158823529411765,0.9358490566037736,0.2635294117647059,0.0,0.0,2019-10-06T01:56:13Z,ls7,qd9f75weyyw9,0.26556016597510373,0.6206283343212804,0.11381149970361587
,,1.0,,,,2019-10-14T02:11:38Z,ls8,qd9f75weyyw9,,,
0.13224066390041495,0.5279668049792531,0.09056603773584904,0.3278423236514523,0.0,0.0,2019-10-22T01:55:33Z,ls7,qd9f75weyyw9,0.3318074920208298,0.5343524273475557,0.1338400806316143
0.12905263157894736,0.5724210526315789,0.6415094339622642,0.28757894736842105,0.0,0.0,2019-10-30T02:11:38Z,ls8,qd9f75weyyw9,0.2907620263942103,0.5787569178373776,0.13048105576841207
0.1465106382978723,0.536595744680851,0.1132075471698113,0.30472340425531913,0.0,0.0,2019-11-07T01:54:50Z,ls7,qd9f75weyyw9,0.30847764280175755,0.5432066856207461,0.1483156715774963
0.18252830188679248,0.5061132075471698,0.0,0.29815094339622644,0.0,0.0,2019-11-15T02:11:35Z,ls8,qd9f75weyyw9,0.3021414913957935,0.512887189292543,0.1849713193116635
0.1489473684210526,0.5446929824561404,0.13962264150943393,0.2944298245614035,0.0,0.0,2019-11-23T01:54:06Z,ls7,qd9f75weyyw9,0.29798473011363635,0.5512695312500001,0.15074573863636362
0.18849056603773587,0.5090188679245283,0.0,0.2891320754716981,0.0,0.0,2019-12-01T02:11:33Z,ls8,qd9f75weyyw9,0.293046737550677,0.5159106555496061,0.191042606899717
0.1653804347826087,0.5476630434782609,0.3056603773584906,0.275,0.0,0.0,2019-12-09T01:53:19Z,ls7,qd9f75weyyw9,0.27832783278327833,0.5542904290429043,0.16738173817381738
0.18195652173913046,0.5175,0.6528301886792454,0.286304347826087,0.0,0.0,2019-12-17T02:11:32Z,ls8,qd9f75weyyw9,0.29043996030433344,0.5249751902084022,0.1845848494872643
0.2445,0.5294166666666666,0.09433962264150941,0.21504166666666666,0.0,0.0,2019-12-25T01:52:30Z,ls7,qd9f75weyyw9,0.2174425953233621,0.5353275753107225,0.2472298293659153
0.14976331360946746,0.5018343195266273,0.36226415094339626,0.334792899408284,0.0,0.0,2020-01-02T02:11:27Z,ls8,qd9f75weyyw9,0.33941211757648465,0.5087582483503299,0.15182963407318534
0.16932203389830508,0.5268644067796611,0.10943396226415092,0.2911864406779662,0.0,0.0,2020-01-10T01:51:40Z,ls7,qd9f75weyyw9,0.2949103081280577,0.5336022658999227,0.17148742597201955
0.17784905660377356,0.5112075471698114,0.0,0.2970566037735849,0.0,0.0,2020-01-18T02:11:24Z,ls8,qd9f75weyyw9,0.30123985917648854,0.518406551354661,0.1803535894688504
0.1522680412371134,0.5506185567010309,0.26792452830188684,0.2844845360824742,0.0,0.0,2020-01-26T01:50:53Z,ls7,qd9f75weyyw9,0.28812320542939185,0.5576611850691726,0.15421560950143567
0.18724528301886795,0.5156981132075471,0.0,0.2827169811320755,0.0,0.0,2020-02-03T02:11:19Z,ls8,qd9f75weyyw9,0.2868300153139357,0.5232006125574271,0.18996937212863707
0.2574074074074074,0.534074074074074,0.8981132075471698,0.19888888888888892,0.0,0.0,2020-02-11T01:50:04Z,ls7,qd9f75weyyw9,0.20082273747195217,0.5392670157068062,0.2599102468212416
0.18610526315789475,0.5277894736842106,0.28301886792452835,0.2726842105263158,0.0,0.0,2020-02-19T02:11:15Z,ls8,qd9f75weyyw9,0.27639370498799676,0.5349693251533743,0.18863696985862893
0.14788679245283018,0.5385283018867923,0.0,0.3006415094339623,0.0,0.0,2020-03-06T02:11:10Z,ls8,qd9f75weyyw9,0.30458385900523766,0.5455900906067209,0.14982605038804145
,,1.0,,,,2020-03-14T01:48:22Z,ls7,qd9f75weyyw9,,,
0.15215094339622645,0.5176226415094339,0.0,0.31611320754716987,0.0,0.0,2020-03-22T02:11:02Z,ls8,qd9f75weyyw9,0.32063844446145606,0.5250325346398224,0.1543290208987216
0.14815068493150685,0.52986301369863,0.4490566037735849,0.30972602739726024,0.0,0.0,2020-03-30T01:47:28Z,ls7,qd9f75weyyw9,0.313570487483531,0.5364399140142847,0.14998959850218435
0.1448301886792453,0.5196981132075472,0.0,0.32173584905660374,0.0,0.0,2020-04-07T02:10:53Z,ls8,qd9f75weyyw9,0.3262167125803489,0.5269360269360269,0.14684726048362412
0.32875,0.46499999999999997,0.969811320754717,0.19375000000000003,0.0,0.0,2020-04-15T01:46:33Z,ls7,qd9f75weyyw9,0.19620253164556967,0.4708860759493671,0.3329113924050633
0.10703125000000002,0.5840625,0.5169811320754717,0.29640625000000004,0.0,0.0,2020-04-23T02:10:47Z,ls8,qd9f75weyyw9,0.30015822784810126,0.5914556962025316,0.1083860759493671
0.13882352941176473,0.5262184873949579,0.10188679245283017,0.322436974789916,0.0,0.0,2020-05-01T01:45:36Z,ls7,qd9f75weyyw9,0.3265254020934389,0.5328908178027402,0.14058378010382097
0.14611320754716983,0.49366037735849055,0.0,0.34550943396226413,0.0,0.0,2020-05-09T02:10:38Z,ls8,qd9f75weyyw9,0.35067024128686325,0.5010340865568748,0.148295672156262
0.23572519083969468,0.49832061068702294,0.5056603773584906,0.19916030534351145,0.0,0.05343511450381679,2020-05-17T01:44:38Z,ls7,qd9f75weyyw9,0.20201127085967624,0.5054540345618883,0.2390995800746187
0.08747169811320755,0.4837358490566038,0.0,0.2784528301886793,0.0,0.13962264150943396,2020-05-25T02:10:41Z,ls8,qd9f75weyyw9,0.28196502612817054,0.48983733160821485,0.08857500075418069
0.0,0.0,0.4679245283018868,0.0,0.0,1.0,2020-06-02T01:43:40Z,ls7,qd9f75weyyw9,0.0,0.0,0.0
0.29,0.45,0.9962264150943396,0.24,0.0,0.0,2020-06-10T02:10:50Z,ls8,qd9f75weyyw9,0.24489795918367346,0.45918367346938777,0.29591836734693877
,,1.0,,,,2020-06-18T01:42:44Z,ls7,qd9f75weyyw9,,,
0.1391698113207547,0.45732075471698114,0.0,0.3887924528301887,0.0,0.0,2020-06-26T02:10:59Z,ls8,qd9f75weyyw9,0.3945997702029874,0.4641516660283417,0.141248563768671
0.13141552511415525,0.46767123287671225,0.17358490566037732,0.38844748858447486,0.0,0.0,2020-07-04T01:41:47Z,ls7,qd9f75weyyw9,0.3933509039626393,0.4735746982937994,0.1330743977435613
0.1738867924528302,0.42037735849056607,0.0,0.3899622641509434,0.0,0.0,2020-07-12T02:11:05Z,ls8,qd9f75weyyw9,0.3962119469365846,0.42711448508549954,0.1766735679779158
0.14060869565217393,0.44834782608695656,0.13207547169811318,0.39808695652173914,0.0,0.0,2020-07-20T01:40:49Z,ls7,qd9f75weyyw9,0.4033124834816315,0.4542331072152233,0.1424544093031451
,,1.0,,,,2020-07-28T02:11:10Z,ls8,qd9f75weyyw9,,,
0.1366497461928934,0.44817258883248734,0.2566037735849057,0.4010152284263959,0.0,0.0,2020-08-05T01:39:49Z,ls7,qd9f75weyyw9,0.4067761701251223,0.45461098810565886,0.1386128417692189
0.4698387096774194,0.2285483870967742,0.7660377358490567,0.2896774193548387,0.0,0.0,2020-08-13T02:11:14Z,ls8,qd9f75weyyw9,0.2931766242246164,0.23130917401240614,0.47551420176297754
,,1.0,,,,2020-08-21T01:38:48Z,ls7,qd9f75weyyw9,,,
,,1.0,,,,2020-08-29T02:11:22Z,ls8,qd9f75weyyw9,,,
0.34375,0.39375000000000004,0.879245283018868,0.24812500000000004,0.0,0.0,2020-09-22T01:36:41Z,ls7,qd9f75weyyw9,0.2517438173747622,0.39949270767279643,0.3487634749524413
0.11303278688524591,0.509672131147541,0.539622641509434,0.3674590163934426,0.0,0.0,2020-09-30T02:11:33Z,ls8,qd9f75weyyw9,0.3711092715231788,0.5147350993377484,0.11415562913907287
0.13772972972972974,0.47378378378378383,0.30188679245283023,0.3767027027027027,0.0,0.0,2020-10-08T01:35:40Z,ls7,qd9f75weyyw9,0.3811946176567115,0.47943332239361125,0.1393720599496773
0.17377358490566036,0.4307924528301887,0.0,0.38105660377358486,0.0,0.0,2020-10-16T02:11:34Z,ls8,qd9f75weyyw9,0.38661510777594854,0.4370764577510625,0.17630843447298902
0.14979166666666668,0.49244791666666665,0.2754716981132076,0.3459895833333333,0.0,0.0,2020-10-24T01:34:38Z,ls7,qd9f75weyyw9,0.3501106777695794,0.4983134816064088,0.15157584062401183
,,1.0,,,,2020-11-09T01:33:33Z,ls7,qd9f75weyyw9,,,
0.17539748953974896,0.47280334728033474,0.09811320754716979,0.3379079497907949,0.0,0.0,2020-11-17T02:11:32Z,ls8,qd9f75weyyw9,0.34266802443991845,0.47946367956551256,0.1778682959945689
0.16522727272727272,0.4871818181818182,0.16981132075471694,0.3352727272727272,0.0,0.0,2020-11-25T01:32:26Z,ls7,qd9f75weyyw9,0.3394541856505131,0.49325785816190354,0.1672879561875834
0.1978490566037736,0.4628301886792453,0.0,0.32475471698113206,0.0,0.0,2020-12-03T02:11:35Z,ls8,qd9f75weyyw9,0.32955502795435393,0.4696714406065712,0.20077353143907484
0.13964912280701755,0.5351754385964913,0.13962264150943393,0.31214912280701756,0.0,0.0,2020-12-11T01:31:15Z,ls7,qd9f75weyyw9,0.31626894191885524,0.5422388126027641,0.14149224547838066
0.20735849056603775,0.47320754716981134,0.0,0.3054339622641509,0.0,0.0,2020-12-19T02:11:35Z,ls8,qd9f75weyyw9,0.3097707528033985,0.47992651842780054,0.21030272876880096
0.1884375,0.4877678571428571,0.15471698113207544,0.3115178571428571,0.0,0.0,2020-12-27T01:30:04Z,ls7,qd9f75weyyw9,0.3153898305084746,0.49383050847457627,0.19077966101694918
,,1.0,,,,2021-01-04T02:11:30Z,ls8,qd9f75weyyw9,,,
0.21113861386138613,0.49485148514851485,0.23773584905660372,0.28237623762376235,0.0,0.0,2021-01-12T01:28:57Z,ls7,qd9f75weyyw9,0.2856999749561733,0.5006761833208114,0.21362384172301527
0.161811320754717,0.5098867924528302,0.0,0.3150943396226415,0.0,0.0,2021-01-20T02:11:23Z,ls8,qd9f75weyyw9,0.3193116634799235,0.5167112810707457,0.1639770554493308
0.1922872340425532,0.4848936170212766,0.2905660377358491,0.3093085106382979,0.0,0.0,2021-01-28T01:27:48Z,ls7,qd9f75weyyw9,0.3135446996656961,0.49153456270893986,0.19492073762536397
0.30841059602649,0.4116556291390729,0.43018867924528303,0.266158940397351,0.0,0.0,2021-02-05T02:11:21Z,ls8,qd9f75weyyw9,0.2698764437281762,0.41740531829170024,0.3127182379801235
0.21682926829268295,0.4158536585365853,0.8452830188679246,0.3531707317073171,0.0,0.0,2021-02-13T01:26:37Z,ls7,qd9f75weyyw9,0.35823849579416134,0.42182088075210283,0.2199406234537358
0.17811320754716983,0.4558490566037736,0.0,0.3512075471698113,0.0,0.0,2021-02-21T02:11:17Z,ls8,qd9f75weyyw9,0.35649442678208904,0.4627111502662121,0.18079442295169879
0.15192513368983956,0.4939572192513369,0.2943396226415095,0.3419251336898396,0.0,0.0,2021-03-01T01:25:24Z,ls7,qd9f75weyyw9,0.3461455175400607,0.5000541359896059,0.15380034647033347
,,1.0,,,,2021-03-09T02:11:09Z,ls8,qd9f75weyyw9,,,
0.09627777777777778,0.5157222222222222,0.3207547169811321,0.37516666666666665,0.0,0.0,2021-03-17T01:24:08Z,ls7,qd9f75weyyw9,0.38004389667398275,0.5224266981822274,0.09752940514378976
,,1.0,,,,2021-03-25T02:11:02Z,ls8,qd9f75weyyw9,,,
0.10796019900497512,0.5040796019900498,0.2415094339622641,0.3759701492537313,0.0,0.0,2021-04-02T01:22:51Z,ls7,qd9f75weyyw9,0.3805327559293015,0.5101968880608289,0.10927035600986959
,,1.0,,,,2021-04-10T02:10:58Z,ls8,qd9f75weyyw9,,,
0.13785388127853884,0.46776255707762554,0.17358490566037732,0.3778995433789954,0.0,0.0045662100456621,2021-04-18T01:21:31Z,ls7,qd9f75weyyw9,0.382478761579558,0.4734306952176163,0.13952433315716362
0.15132075471698114,0.4549056603773585,0.0,0.3788679245283019,0.0,0.0,2021-04-26T02:10:50Z,ls8,qd9f75weyyw9,0.3846006512162421,0.4617889293238843,0.15361041945987358
0.12407547169811318,0.45441509433962257,0.0,0.3913584905660378,0.007547169811320755,0.007547169811320755,2021-05-12T02:10:47Z,ls8,qd9f75weyyw9,0.39743420893247683,0.46146974679055874,0.12600170465432298
0.10842342342342343,0.45918918918918916,0.1622641509433962,0.41144144144144146,0.009009009009009009,0.0,2021-05-20T01:18:49Z,ls7,qd9f75weyyw9,0.4164578657332281,0.4647877691355952,0.10974535612216772
0.13019047619047622,0.39928571428571424,0.2075471698113207,0.4290952380952381,0.014285714285714285,0.014285714285714285,2021-06-05T01:17:27Z,ls7,qd9f75weyyw9,0.4348506138670074,0.4046412603789653,0.13193669718259887
,,1.0,,,,2021-06-12T01:23:04Z,ls7,qd9f75weyyw9,,,
0.0,0.0,0.9320754716981132,0.0,1.0,0.0,2021-06-13T02:11:04Z,ls8,qd9f75weyyw9,0.0,0.0,0.0
,,1.0,,,,2021-06-21T01:16:09Z,ls7,qd9f75weyyw9,,,
,,1.0,,,,2021-06-29T02:11:08Z,ls8,qd9f75weyyw9,,,
0.16748878923766816,0.24914798206278027,0.1584905660377358,0.3256053811659193,0.1210762331838565,0.12556053811659193,2021-07-07T01:14:49Z,ls7,qd9f75weyyw9,0.33048395381751106,0.2528809871106034,0.16999828777143697
0.16313131313131313,0.04767676767676767,0.6264150943396227,0.10989898989898989,0.08080808080808081,0.5959595959595959,2021-07-15T02:11:09Z,ls8,qd9f75weyyw9,0.1107643362761473,0.04805217529626978,0.16441581165990618
,,1.0,,,,2021-07-23T01:13:27Z,ls7,qd9f75weyyw9,,,
0.0,0.0,0.2943396226415095,0.0,0.5133689839572193,0.48663101604278075,2021-07-31T02:11:17Z,ls8,qd9f75weyyw9,0.0,0.0,0.0
,,1.0,,,,2021-08-15T01:17:35Z,ls7,qd9f75weyyw9,,,
0.13845283018867924,0.2810188679245283,0.0,0.3231320754716981,0.19622641509433963,0.04905660377358491,2021-08-16T02:11:23Z,ls8,qd9f75weyyw9,0.32840294270206627,0.2856027927481359,0.14071124568187332
0.11867816091954023,0.27356321839080466,0.3433962264150944,0.32701149425287357,0.22413793103448276,0.04597701149425287,2021-08-24T01:10:38Z,ls7,qd9f75weyyw9,0.331845463604594,0.27760710136342137,0.12043249250324896
,,1.0,,,,2021-09-16T01:14:48Z,ls7,qd9f75weyyw9,,,
,,1.0,,,,2021-09-17T02:11:32Z,ls8,qd9f75weyyw9,,,
0.12454935622317596,0.31871244635193136,0.12075471698113205,0.3561802575107296,0.15450643776824036,0.034334763948497854,2021-09-25T01:07:49Z,ls7,qd9f75weyyw9,0.36140048676398717,0.3233835419579912,0.12637476956128338
0.21064150943396226,0.297245283018868,0.0,0.377622641509434,0.033962264150943396,0.06792452830188679,2021-10-03T02:11:36Z,ls8,qd9f75weyyw9,0.3829974800956502,0.3014760818140739,0.21363964563744575
0.1270566037735849,0.40339622641509437,0.0,0.37966037735849056,0.06415094339622641,0.011320754716981131,2021-11-04T02:11:39Z,ls8,qd9f75weyyw9,0.38567373933506177,0.40978553558213,0.1290690269696007
0.10781512605042017,0.4236134453781512,0.5509433962264151,0.40310924369747897,0.025210084033613446,0.025210084033613446,2021-11-08T02:08:29Z,ls9,qd9f75weyyw9,0.40959755901281475,0.43043178965678525,0.10955048326317308
0.13360975609756098,0.43980487804878055,0.2264150943396226,0.3896585365853658,0.024390243902439025,0.0,2021-11-12T01:03:26Z,ls7,qd9f75weyyw9,0.3947308277215882,0.44552993774885324,0.13534899062711944
0.11238461538461537,0.3618076923076923,0.018867924528301883,0.3215,0.011538461538461539,0.18076923076923077,2021-11-18T02:13:25Z,ls9,qd9f75weyyw9,0.3263486078886311,0.36726418882741385,0.1140795109762627
,,1.0,,,,2021-11-19T01:08:56Z,ls7,qd9f75weyyw9,,,
0.14354545454545456,0.3247272727272727,0.5849056603773585,0.34700000000000003,0.07272727272727272,0.1,2021-11-20T02:11:34Z,ls8,qd9f75weyyw9,0.3521074933095451,0.32950693374422185,0.14565830021896034
0.10561946902654866,0.47672566371681413,0.14716981132075468,0.3913716814159292,0.0,0.01327433628318584,2021-11-28T01:01:54Z,ls7,qd9f75weyyw9,0.39660040423408255,0.48309471511792035,0.1070305443648112
,,1.0,,,,2021-12-05T01:07:25Z,ls7,qd9f75weyyw9,,,
0.12411320754716981,0.49233962264150943,0.0,0.3695849056603773,0.0,0.0,2021-12-06T02:11:36Z,ls8,qd9f75weyyw9,0.37481821660926135,0.49931113662456944,0.12587064676616916
0.1418867924528302,0.48577358490566036,0.0,0.357622641509434,0.0,0.0,2021-12-14T02:11:32Z,ls9,qd9f75weyyw9,0.362964381463041,0.49302949061662193,0.14400612792033704
0.11716981132075473,0.5086415094339624,0.0,0.36000000000000004,0.0,0.0,2021-12-22T02:11:33Z,ls8,qd9f75weyyw9,0.36518144235186034,0.5159623334864493,0.1188562241616904
0.11305660377358491,0.48094339622641513,0.0,0.33883018867924525,0.0,0.1320754716981132,2021-12-30T00:58:48Z,ls7,qd9f75weyyw9,0.31525462538926535,0.4474796971362276,0.10519020577639372
,,1.0,,,,2022-01-06T01:04:17Z,ls7,qd9f75weyyw9,,,
0.1317358490566038,0.5032075471698114,0.0,0.35060377358490563,0.0,0.0,2022-01-07T02:11:29Z,ls8,qd9f75weyyw9,0.355745299996171,0.5105869740016081,0.13366772600222077
0.08645283018867926,0.39969811320754717,0.0,0.28064150943396227,0.0,0.22264150943396227,2022-01-15T00:57:16Z,ls7,qd9f75weyyw9,0.2845086168474224,0.4052057643737929,0.08764410934482249
,,1.0,,,,2022-01-22T01:02:46Z,ls7,qd9f75weyyw9,,,
0.14645283018867924,0.5001132075471697,0.0,0.33894339622641506,0.0,0.0,2022-01-23T02:11:25Z,ls8,qd9f75weyyw9,0.3439270945014551,0.507466687088375,0.14860621841017005
0.12313207547169809,0.42656603773584906,0.0,0.3453584905660378,0.0,0.14339622641509434,2022-01-31T00:55:42Z,ls7,qd9f75weyyw9,0.33052142737253076,0.4082401895781345,0.11784215663424034
,,1.0,,,,2022-02-07T01:01:11Z,ls7,qd9f75weyyw9,,,
0.150625,0.47671874999999997,0.03396226415094339,0.3575390625,0.0,0.0,2022-02-08T02:11:21Z,ls8,qd9f75weyyw9,0.3630270098758577,0.48403601316781025,0.15293697695633207
0.12166037735849057,0.4300754716981133,0.0,0.3318867924528302,0.0,0.15471698113207547,2022-02-16T00:54:03Z,ls7,qd9f75weyyw9,0.3174865114000426,0.4114148687238528,0.11638163874402925
,,1.0,,,,2022-02-23T00:59:35Z,ls7,qd9f75weyyw9,,,
0.1490566037735849,0.4780754716981132,0.0,0.358377358490566,0.0,0.0,2022-02-24T02:11:16Z,ls8,qd9f75weyyw9,0.36364680655536835,0.48510491652626747,0.15124827691836423
0.12449056603773585,0.4311698113207547,0.0,0.35343396226415097,0.0,0.15471698113207547,2022-03-04T00:52:32Z,ls7,qd9f75weyyw9,0.328625659155576,0.4009050588844343,0.11575230082791428
0.11450216450216451,0.48813852813852815,0.1283018867924528,0.36108225108225106,0.0,0.021645021645021644,2022-03-12T02:11:12Z,ls8,qd9f75weyyw9,0.36656449889762255,0.4955498488873747,0.11624063056998103
,,1.0,,,,2022-03-20T00:50:56Z,ls7,qd9f75weyyw9,,,
0.04524528301886792,0.41766037735849054,0.0,0.2961132075471698,0.0,0.23018867924528302,2022-03-28T02:11:00Z,ls8,qd9f75weyyw9,0.30032362702407606,0.42359907020548915,0.04588862352515192
0.08539622641509435,0.42452830188679247,0.0,0.3855094339622641,0.0,0.14339622641509434,2022-04-05T00:49:24Z,ls7,qd9f75weyyw9,0.36879194871016036,0.4061187767217409,0.08169304815300442
0.12324528301886792,0.4752830188679245,0.0,0.38615094339622646,0.0,0.0,2022-04-13T02:11:04Z,ls8,qd9f75weyyw9,0.3921591170383997,0.4826780102705603,0.12516287269104007
0.12875471698113208,0.4548301886792453,0.0,0.40090566037735853,0.0,0.0,2022-04-29T02:11:00Z,ls8,qd9f75weyyw9,0.40722143432097824,0.46199547702096666,0.13078308865805513
0.4802469135802469,0.21839506172839507,0.6943396226415095,0.28950617283950614,0.0,0.0,2022-05-15T02:11:10Z,ls8,qd9f75weyyw9,0.2929785107446276,0.22101449275362317,0.48600699650174906
0.1772037914691943,0.39526066350710903,0.20377358490566033,0.4129857819905214,0.0,0.0,2022-05-31T02:11:13Z,ls8,qd9f75weyyw9,0.41908334535661046,0.401096522868273,0.1798201317751166
0.14464150943396226,0.3887924528301887,0.0,0.43920754716981125,0.0,0.011320754716981131,2022-06-16T02:11:25Z,ls8,qd9f75weyyw9,0.4464495726808557,0.3952031916256429,0.14702648097652032
0.16528301886792454,0.37716981132075467,0.0,0.4298490566037736,0.0,0.011320754716981131,2022-07-02T02:11:29Z,ls8,qd9f75weyyw9,0.4370893923394733,0.3835228229683992,0.16806702997514644
,,1.0,,,,2022-07-18T02:11:29Z,ls8,qd9f75weyyw9,,,
0.28500000000000003,0.19,0.9924528301886792,0.515,0.0,0.0,2022-08-03T02:11:41Z,ls8,qd9f75weyyw9,0.5202020202020201,0.1919191919191919,0.2878787878787879
,,1.0,,,,2022-08-19T02:11:46Z,ls8,qd9f75weyyw9,,,
,,1.0,,,,2022-10-06T02:11:50Z,ls8,qd9f75weyyw9,,,
,,1.0,,,,2022-10-22T02:11:50Z,ls8,qd9f75weyyw9,,,
,,1.0,,,,2022-11-07T02:11:52Z,ls8,qd9f75weyyw9,,,
0.11532075471698114,0.4793584905660377,0.0,0.39094339622641505,0.0,0.0,2022-11-23T02:11:47Z,ls8,qd9f75weyyw9,0.39664611968298935,0.4863509322715264,0.11700294804548414
,,1.0,,,,2022-12-09T02:11:47Z,ls8,qd9f75weyyw9,,,
0.12724528301886795,0.4926792452830189,0.0,0.3655471698113208,0.0,0.0,2022-12-25T02:11:38Z,ls8,qd9f75weyyw9,0.37093624353819643,0.49994256174612284,0.12912119471568065
,,1.0,,,,2023-01-10T02:11:37Z,ls8,qd9f75weyyw9,,,
0.1658490566037736,0.47007547169811326,0.0,0.3487924528301887,0.0,0.0,2023-01-26T02:11:36Z,ls8,qd9f75weyyw9,0.35420578654914736,0.47737114389729834,0.16842306955355435
0.15637735849056603,0.4784528301886793,0.0,0.3504150943396227,0.0,0.0,2023-02-11T02:11:33Z,ls8,qd9f75weyyw9,0.35566279826879627,0.48561798613504925,0.15871921559615457
0.10777777777777778,0.5555555555555556,0.5245283018867924,0.3237301587301587,0.0,0.0,2023-02-27T02:11:18Z,ls8,qd9f75weyyw9,0.3279729838385463,0.5628366969526414,0.10919031920881242
0.13275471698113211,0.48377358490566036,0.0,0.36807547169811317,0.0,0.0,2023-03-15T02:11:12Z,ls8,qd9f75weyyw9,0.3738310593285298,0.49133834125402426,0.13483059941744602
0.08776470588235294,0.2731176470588235,0.3584905660377359,0.20258823529411762,0.0,0.4294117647058823,2023-03-31T02:11:02Z,ls8,qd9f75weyyw9,0.20514728910668556,0.2765676142050933,0.08887333198233882
0.09365591397849463,0.477258064516129,0.29811320754716986,0.3608602150537635,0.010752688172043012,0.043010752688172046,2023-04-16T02:10:47Z,ls8,qd9f75weyyw9,0.3664612419910125,0.48466573974288096,0.0951095774058915
0.1250566037735849,0.48935849056603775,0.0,0.37120754716981136,0.0,0.0,2023-05-02T02:10:42Z,ls8,qd9f75weyyw9,0.37662238217389643,0.49649680309353345,0.12688081473257015
0.13754716981132076,0.48430188679245284,0.0,0.36335849056603775,0.0,0.0,2023-05-18T02:10:30Z,ls8,qd9f75weyyw9,0.36881415658035854,0.491573464072315,0.1396123793473265
0.15075471698113208,0.4613584905660378,0.0,0.3726792452830188,0.0,0.0,2023-06-03T02:10:34Z,ls8,qd9f75weyyw9,0.3784343027934245,0.4684829673908879,0.15308272981568763
,,1.0,,,,2023-06-19T02:10:42Z,ls8,qd9f75weyyw9,,,
0.10660714285714287,0.3845535714285714,0.15471698113207544,0.2787946428571428,0.0,0.21875,2023-07-05T02:10:53Z,ls8,qd9f75weyyw9,0.28288434220444136,0.39019467153707893,0.10817098625847978
0.13162264150943398,0.460188679245283,0.0,0.39294339622641505,0.0,0.0,2023-07-21T02:10:56Z,ls8,qd9f75weyyw9,0.39902667075413856,0.4673129981606377,0.13366033108522382
0.13316981132075473,0.46018867924528295,0.0,0.3921509433962264,0.0,0.0,2023-08-06T02:11:06Z,ls8,qd9f75weyyw9,0.3979169857558585,0.4669551232960637,0.13512789094807784
0.153515625,0.45328124999999997,0.03396226415094339,0.37824218749999994,0.0,0.0,2023-08-22T02:11:13Z,ls8,qd9f75weyyw9,0.383986992901614,0.46016576119284613,0.15584724590553992
0.13350943396226417,0.4595849056603774,0.0,0.39199999999999996,0.0,0.0,2023-09-07T02:11:12Z,ls8,qd9f75weyyw9,0.3979314307603907,0.4665389772074316,0.13552959203217776
,,1.0,,,,2023-09-23T02:11:18Z,ls8,qd9f75weyyw9,,,
0.11467924528301887,0.5031698113207548,0.0,0.36796226415094335,0.0,0.0,2023-10-09T02:11:23Z,ls8,qd9f75weyyw9,0.37325830653804926,0.5104118817945185,0.11632981166743225
0.15841509433962267,0.48739622641509445,0.0,0.3399622641509434,0.0,0.0,2023-10-25T02:11:26Z,ls8,qd9f75weyyw9,0.3448685066799372,0.49443019561306134,0.1607012977070015
0.18853211009174312,0.4743119266055046,0.1773584905660377,0.3228440366972477,0.0,0.0,2023-11-10T02:11:22Z,ls8,qd9f75weyyw9,0.3275316455696203,0.481198808637379,0.19126954579300076
,,1.0,,,,2023-11-26T02:11:29Z,ls8,qd9f75weyyw9,,,
0.1556981132075472,0.5243773584905661,0.0,0.30554716981132074,0.0,0.0,2023-12-12T02:11:24Z,ls8,qd9f75weyyw9,0.31000421149354873,0.5320264941230523,0.15796929438339907
0.15356481481481482,0.5233333333333333,0.18490566037735845,0.3093518518518518,0.0,0.0,2023-12-28T02:11:25Z,ls8,qd9f75weyyw9,0.31366474205510964,0.5306294888043939,0.15570576914049666
0.20193675889328064,0.5148221343873518,0.04528301886792452,0.2694466403162055,0.0,0.0,2024-01-05T02:11:28Z,ls9,qd9f75weyyw9,0.27321550238467396,0.5220231654041922,0.20476133221113382
0.16407547169811323,0.5148679245283019,0.0,0.3068301886792453,0.0,0.0,2024-01-13T02:11:22Z,ls8,qd9f75weyyw9,0.31125827814569534,0.5222983577690158,0.16644336408528887
0.1428085106382979,0.5298297872340426,0.1132075471698113,0.3014468085106383,0.0,0.01276595744680851,2024-01-21T02:11:29Z,ls9,qd9f75weyyw9,0.3055159651149713,0.5369818297072992,0.14473624773092092
0.17056603773584908,0.5082641509433963,0.0,0.30784905660377365,0.0,0.0,2024-01-29T02:11:16Z,ls8,qd9f75weyyw9,0.31200520136153287,0.5151260182812559,0.17286878035721115
0.18475471698113208,0.4934339622641509,0.0,0.3073207547169811,0.0,0.0,2024-02-06T02:11:33Z,ls9,qd9f75weyyw9,0.3118394853729515,0.5006892326543115,0.18747128197273702
0.16407547169811323,0.5213207547169811,0.0,0.3001132075471698,0.0,0.0,2024-02-14T02:11:19Z,ls8,qd9f75weyyw9,0.30452596109664576,0.5289860621841017,0.1664879767192526
0.18558490566037736,0.4978490566037736,0.0,0.30241509433962266,0.0,0.0,2024-02-22T02:11:20Z,ls9,qd9f75weyyw9,0.306755980861244,0.5049952153110048,0.1882488038277512
0.14301886792452834,0.527245283018868,0.0,0.31569811320754715,0.0,0.0,2024-03-01T02:11:13Z,ls8,qd9f75weyyw9,0.3201928965094917,0.5347519902020821,0.14505511328842624
0.18622641509433963,0.48652830188679247,0.0,0.3126792452830189,0.0,0.0,2024-03-09T02:11:25Z,ls9,qd9f75weyyw9,0.3173010645630696,0.49371984376196676,0.1889790916749636
,,1.0,,,,2024-03-17T02:11:03Z,ls8,qd9f75weyyw9,,,
0.1949056603773585,0.4789811320754717,0.0,0.3110188679245283,0.0,0.0,2024-03-25T02:11:20Z,ls9,qd9f75weyyw9,0.3157854406130268,0.4863218390804598,0.1978927203065134
0.17147169811320753,0.4969811320754717,0.0,0.3170943396226415,0.0,0.0,2024-04-02T02:10:51Z,ls8,qd9f75weyyw9,0.3217444576329594,0.5042692499138492,0.17398629245319142
0.1776981132075472,0.48803773584905663,0.0,0.320188679245283,0.0,0.0,2024-04-10T02:11:12Z,ls9,qd9f75weyyw9,0.32475982699888994,0.49500516706854975,0.18023500593256017
0.1380377358490566,0.4932830188679245,0.0,0.35411320754716985,0.0,0.0,2024-04-18T02:10:43Z,ls8,qd9f75weyyw9,0.3593474764494141,0.5005744045339664,0.14007811901661943
0.10033962264150943,0.5097735849056604,0.0,0.37528301886792453,0.0,0.0,2024-05-04T02:10:34Z,ls8,qd9f75weyyw9,0.3808447899513652,0.5173285336805422,0.10182667636809252
,,1.0,,,,2024-05-20T02:10:21Z,ls8,qd9f75weyyw9,,,
,,1.0,,,,2024-05-28T02:10:36Z,ls9,qd9f75weyyw9,,,
0.16630188679245284,0.45569811320754716,0.0,0.36256603773584906,0.0,0.0,2024-06-05T02:10:19Z,ls8,qd9f75weyyw9,0.3682495879805297,0.46284159288643595,0.16890881913303438
0.16452830188679246,0.4370188679245283,0.0,0.3827169811320754,0.0,0.0,2024-06-13T02:10:30Z,ls9,qd9f75weyyw9,0.38883564007207755,0.4440056741939194,0.167158685734003
0.2517543859649123,0.44947368421052625,0.7849056603773585,0.28175438596491226,0.0,0.0,2024-06-21T02:10:28Z,ls8,qd9f75weyyw9,0.28663216134213815,0.4572550419418168,0.256112796716045
,,1.0,,,,2024-06-29T02:10:21Z,ls9,qd9f75weyyw9,,,
0.15875471698113208,0.42241509433962265,0.0,0.4032075471698113,0.0,0.0,2024-07-15T02:10:41Z,ls9,qd9f75weyyw9,0.4096066855784712,0.42911906769914904,0.16127424672237983
0.14758490566037735,0.3929811320754717,0.0,0.4138490566037735,0.007547169811320755,0.022641509433962263,2024-07-31T02:10:43Z,ls9,qd9f75weyyw9,0.42052509705507596,0.39932053986792754,0.14996568383171352
,,1.0,,,,2024-08-08T02:10:46Z,ls8,qd9f75weyyw9,,,
0.4104326923076923,0.22716346153846154,0.21509433962264146,0.3403846153846154,0.0,0.009615384615384616,2024-08-16T02:10:50Z,ls9,qd9f75weyyw9,0.34470175385522944,0.23004460267880777,0.4156382588505782
0.13395209580838324,0.07473053892215568,0.369811320754717,0.082874251497006,0.023952095808383235,0.6826347305389222,2024-08-24T02:11:00Z,ls8,qd9f75weyyw9,0.08340189614609353,0.0752063340970554,0.13480494340954566
0.13516129032258065,0.28078341013824887,0.18113207547169807,0.36221198156682033,0.0,0.2119815668202765,2024-09-01T02:11:00Z,ls9,qd9f75weyyw9,0.36680237384772163,0.28434184018500863,0.1368742191469933
,,1.0,,,,2024-09-09T02:11:08Z,ls8,qd9f75weyyw9,,,
0.1632075471698113,0.3794716981132076,0.0,0.442,0.0,0.0,2024-09-17T02:11:04Z,ls9,qd9f75weyyw9,0.4488771365064766,0.38537594849390666,0.16574691499961677
0.1470566037735849,0.3978867924528302,0.0,0.4402641509433962,0.0,0.0,2024-09-25T02:11:07Z,ls8,qd9f75weyyw9,0.44687452121954957,0.40386088555232114,0.1492645932281293
0.13645283018867926,0.42347169811320756,0.0,0.4255471698113208,0.0,0.0,2024-10-11T02:11:13Z,ls8,qd9f75weyyw9,0.4318207926479035,0.4297147233390772,0.13846448401301936
,,1.0,,,,2024-10-19T02:11:21Z,ls9,qd9f75weyyw9,,,
0.15373584905660378,0.4336603773584905,0.0,0.398754716981132,0.0,0.0,2024-10-27T02:11:16Z,ls8,qd9f75weyyw9,0.4043546473807064,0.43975050702177326,0.15589484559752043
,,1.0,,,,2024-11-04T02:11:20Z,ls9,qd9f75weyyw9,,,
0.14603112840466925,0.4595719844357977,0.030188679245283012,0.38,0.0,0.0,2024-11-12T02:11:14Z,ls8,qd9f75weyyw9,0.3855507303592578,0.4662850375049349,0.14816423213580732
0.16091836734693882,0.4862244897959184,0.6301886792452831,0.3397959183673469,0.0,0.0,2024-11-20T02:11:26Z,ls9,qd9f75weyyw9,0.34429280397022327,0.4926592224979322,0.16304797353184453
0.15547169811320755,0.604566037735849,0.0,0.23030188679245284,0.0,0.0,2024-11-28T02:11:26Z,ls8,qd9f75weyyw9,0.23254839201341257,0.6104633440024386,0.15698826398414875
0.20143396226415092,0.4739245283018868,0.0,0.3104150943396226,0.0,0.0,2024-12-06T02:11:24Z,ls9,qd9f75weyyw9,0.31489492018527737,0.4807640776327375,0.20434100218198523
0.2269811320754717,0.4569433962264151,0.0,0.3011698113207547,0.0,0.0,2024-12-14T02:11:14Z,ls8,qd9f75weyyw9,0.30572687224669604,0.4638574985634936,0.23041562918981037
0.21030188679245285,0.4850188679245283,0.0,0.29060377358490563,0.0,0.0,2024-12-22T02:11:25Z,ls9,qd9f75weyyw9,0.29475255482833845,0.4919432005205343,0.2133042446511272
0.2181132075471698,0.47867924528301886,0.0,0.2891320754716981,0.0,0.0,2024-12-30T02:11:17Z,ls8,qd9f75weyyw9,0.29325984613618095,0.48551307076970185,0.2212270830941172
0.18920152091254752,0.5198098859315589,0.007547169811320753,0.27756653992395436,0.0,0.0,2025-01-07T02:11:21Z,ls9,qd9f75weyyw9,0.2813427371179713,0.5268817204301075,0.19177554245192124
0.21120754716981133,0.48452830188679247,0.0,0.2900377358490566,0.0,0.0,2025-01-15T02:11:20Z,ls8,qd9f75weyyw9,0.29422348122344294,0.4915208819813957,0.21425563679516135
0.20241509433962265,0.48815094339622633,0.0,0.2947924528301887,0.0,0.0,2025-01-31T02:11:18Z,ls8,qd9f75weyyw9,0.2991727941176471,0.49540441176470584,0.20542279411764708
0.19962264150943398,0.48015094339622644,0.0,0.2872830188679245,0.011320754716981131,0.007547169811320755,2025-02-08T02:11:22Z,ls9,qd9f75weyyw9,0.29146441216553,0.48713952192226506,0.20252814138390307
0.20079245283018868,0.44996226415094337,0.0,0.2788301886792453,0.03773584905660377,0.018867924528301886,2025-02-16T02:11:14Z,ls8,qd9f75weyyw9,0.2829729121125734,0.4566475847923027,0.20377572951021827
0.18894339622641512,0.43132075471698117,0.0,0.26516981132075473,0.06792452830188679,0.033962264150943396,2025-02-24T02:11:22Z,ls9,qd9f75weyyw9,0.268966992389787,0.437497185572117,0.19164902958526595
,,1.0,,,,2025-03-04T02:11:06Z,ls8,qd9f75weyyw9,,,
,,1.0,,,,2025-03-12T02:11:17Z,ls9,qd9f75weyyw9,,,
0.16924528301886793,0.41709433962264153,0.0,0.28705660377358494,0.06415094339622641,0.04905660377358491,2025-03-20T02:10:55Z,ls8,qd9f75weyyw9,0.2914595026433029,0.4234917684654169,0.1718411817214688
0.18566037735849059,0.46701886792452835,0.0,0.2915471698113207,0.03018867924528302,0.011320754716981131,2025-03-28T02:11:06Z,ls9,qd9f75weyyw9,0.29595148721954867,0.47407398470478057,0.18846509411340662
0.008377358490566039,0.10720754716981132,0.0,0.018867924528301886,0.045283018867924525,0.8188679245283019,2025-04-13T02:11:07Z,ls9,qd9f75weyyw9,0.019063858630897216,0.108320844740758,0.008464353232118365
0.12388679245283021,0.4909433962264151,0.0,0.3484528301886793,0.0,0.022641509433962263,2025-04-21T02:10:41Z,ls8,qd9f75weyyw9,0.35354441579060575,0.4981170510543405,0.12569702372109148
0.16369811320754718,0.4907547169811321,0.0,0.33079245283018865,0.0,0.0,2025-04-29T02:10:58Z,ls9,qd9f75weyyw9,0.33574629438124776,0.4981041020337814,0.1661496035849707
0.13981132075471697,0.5121132075471697,0.0,0.3343396226415094,0.0,0.0,2025-05-07T02:10:37Z,ls8,qd9f75weyyw9,0.33899602081420266,0.519245485154576,0.14175849403122132
0.15132075471698117,0.5078490566037736,0.0,0.3264905660377358,0.0,0.0,2025-05-15T02:10:47Z,ls9,qd9f75weyyw9,0.33124042879019905,0.5152373660030628,0.15352220520673818
,,1.0,,,,2025-05-23T02:10:42Z,ls8,qd9f75weyyw9,,,
0.19344827586206895,0.3298275862068966,0.3433962264150944,0.2868965517241379,0.0,0.1781609195402299,2025-05-31T02:10:41Z,ls9,qd9f75weyyw9,0.2910279271940961,0.3345771783186935,0.19623397494698064
0.19150943396226416,0.44513207547169814,0.0,0.3444905660377358,0.0,0.0037735849056603774,2025-06-08T02:10:46Z,ls8,qd9f75weyyw9,0.3497904208998548,0.4519802612481858,0.19445573294629898
,,1.0,,,,2025-06-16T02:10:50Z,ls9,qd9f75weyyw9,,,
0.35065843621399173,0.31378600823045266,0.08301886792452828,0.30576131687242797,0.00823045267489712,0.00823045267489712,2025-06-24T02:10:58Z,ls8,qd9f75weyyw9,0.3099633302193345,0.3180983032197073,0.355477461211164
,,1.0,,,,2025-07-02T02:10:57Z,ls9,qd9f75weyyw9,,,
0.18875471698113208,0.3723018867924528,0.0,0.37792452830188683,0.04150943396226415,0.0037735849056603774,2025-07-10T02:11:00Z,ls8,qd9f75weyyw9,0.38425794984679246,0.3785410816963009,0.1919179495889821
0.21271186440677967,0.35559322033898305,0.7773584905660378,0.28576271186440677,0.03389830508474576,0.1016949152542373,2025-07-18T02:11:03Z,ls9,qd9f75weyyw9,0.28922203423466447,0.3598978812718423,0.21528686415451004
0.16637735849056606,0.3384528301886793,0.0,0.36724528301886794,0.05660377358490566,0.05660377358490566,2025-07-26T02:11:07Z,ls8,qd9f75weyyw9,0.37344284512952813,0.34416449629744533,0.16918511140321513
0.16086792452830187,0.29969811320754713,0.0,0.3196226415094339,0.06415094339622641,0.14339622641509434,2025-08-03T02:11:10Z,ls9,qd9f75weyyw9,0.3246469393808036,0.3044092080947275,0.16339668271314825
0.12932075471698115,0.2936981132075472,0.0,0.33109433962264156,0.16981132075471697,0.06415094339622641,2025-08-11T02:11:15Z,ls8,qd9f75weyyw9,0.3363298185718387,0.2983422587126305,0.13136565856458754
0.4452777777777777,0.12388888888888888,0.8641509433962264,0.4177777777777778,0.0,0.0,2025-08-19T02:11:20Z,ls9,qd9f75weyyw9,0.42330424992963694,0.12552772305094287,0.45116802701942016
,,1.0,,,,2025-08-27T02:11:17Z,ls8,qd9f75weyyw9,,,
0.12430188679245283,0.27422641509433965,0.0,0.32860377358490567,0.19622641509433963,0.06415094339622641,2025-09-04T02:11:25Z,ls9,qd9f75weyyw9,0.33424848005937785,0.2789370354377008,0.12643712601235535
0.17558139534883724,0.22162790697674417,0.8377358490566038,0.3362790697674418,0.13953488372093023,0.11627906976744186,2025-09-12T02:11:23Z,ls8,qd9f75weyyw9,0.34118358378434177,0.22486027340696935,0.1781421893203168
0.1129811320754717,0.26649056603773585,0.0,0.3404905660377358,0.20754716981132076,0.06037735849056604,2025-09-20T02:11:28Z,ls9,qd9f75weyyw9,0.34621924530279763,0.2709742114959943,0.11488201489932132
,,1.0,,,,2025-09-28T02:11:28Z,ls8,qd9f75weyyw9,,,
0.12792452830188678,0.2633584905660378,0.0,0.35875471698113204,0.17358490566037735,0.06415094339622641,2025-10-06T02:11:32Z,ls9,qd9f75weyyw9,0.36460280152036967,0.2676515148638541,0.1300098345591725
0.10833333333333332,0.27253623188405796,0.47924528301886793,0.2763768115942029,0.036231884057971016,0.2971014492753623,2025-10-14T02:11:31Z,ls8,qd9f75weyyw9,0.28033811098860717,0.27644248438074237,0.10988607129731716
,,1.0,,,,2025-10-30T02:11:31Z,ls8,qd9f75weyyw9,,,
0.10196808510638299,0.3329255319148936,0.2905660377358491,0.24707446808510639,0.05319148936170213,0.2553191489361702,2025-11-07T02:11:36Z,ls9,qd9f75weyyw9,0.2505239907266502,0.33757366156256274,0.10339170941291465
0.13305019305019306,0.4621235521235521,0.02264150943396226,0.36320463320463325,0.007722007722007722,0.019305019305019305,2025-11-15T02:11:31Z,ls8,qd9f75weyyw9,0.3687356682280541,0.4691609666228956,0.13507633812202344
0.11162264150943396,0.5061132075471698,0.0,0.3607169811320755,0.0,0.007547169811320755,2025-11-23T02:11:34Z,ls9,qd9f75weyyw9,0.3658782291555242,0.5133548288977812,0.11321977213537403
0.11754716981132075,0.5289056603773585,0.0,0.33939622641509437,0.0,0.0,2025-12-01T02:11:30Z,ls8,qd9f75weyyw9,0.34426794258373206,0.5364976076555024,0.11923444976076554
0.10859315589353613,0.541977186311787,0.007547169811320753,0.33547528517110264,0.0,0.0,2025-12-09T02:11:34Z,ls9,qd9f75weyyw9,0.3402228820421856,0.5496471677013843,0.11012995025643003
0.1722222222222222,0.39444444444444443,0.9660377358490566,0.31,0.0,0.1111111111111111,2025-12-17T02:11:30Z,ls8,qd9f75weyyw9,0.31432192648922685,0.39994366990564706,0.1746232924940149
0.13826415094339622,0.517056603773585,0.0,0.3303773584905661,0.0,0.0,2025-12-25T02:11:40Z,ls9,qd9f75weyyw9,0.3351709352628154,0.5245587841200566,0.14027028061712796
0.13003861003861003,0.5238223938223939,0.02264150943396226,0.33193050193050194,0.0,0.0,2026-01-02T02:11:26Z,ls8,qd9f75weyyw9,0.33671471095096345,0.5313723954253485,0.13191289362368788
0.13969811320754716,0.5268301886792454,0.0,0.3194716981132075,0.0,0.0,2026-01-10T02:11:32Z,ls9,qd9f75weyyw9,0.32400780741704616,0.5343105361858472,0.14168165639710664
0.08220532319391637,0.5393916349809886,0.007547169811320753,0.3634600760456274,0.0,0.0,2026-02-11T02:11:28Z,ls9,qd9f75weyyw9,0.368973636468908,0.5475740147450495,0.08345234878604238
0.13924528301886793,0.5031698113207548,0.0,0.3428679245283019,0.0,0.0,2026-02-19T02:11:16Z,ls8,qd9f75weyyw9,0.34798927613941016,0.5106855610877058,0.14132516277288393
0.13807843137254902,0.5033333333333333,0.037735849056603765,0.3446666666666666,0.0,0.0,2026-02-27T02:11:23Z,ls9,qd9f75weyyw9,0.3495327102803738,0.5104394511831378,0.1400278385364884
0.10298113207547172,0.5410943396226414,0.0,0.3412830188679245,0.0,0.0,2026-03-07T02:11:08Z,ls8,qd9f75weyyw9,0.34635416666666674,0.5491344975490197,0.10451133578431376
0.14686792452830189,0.49754716981132086,0.0,0.3406037735849056,0.0,0.0,2026-03-15T02:11:13Z,ls9,qd9f75weyyw9,0.3457840095008236,0.5051143546718769,0.14910163582729954
