bare_soil,dry_vegetation,pc_missing,green_vegetation,water,wetness,date,ard_product,nwi_id,norm_pv,norm_npv,norm_bs
0.25666666666666665,0.47333333333333333,0.0,0.26,0.0,0.0,1986-08-16T01:32:51Z,ls5,qd9g4n30k1bn,0.26262626262626265,0.4781144781144781,0.25925925925925924
0.2066666666666667,0.56,0.0,0.21999999999999997,0.0,0.0,1987-05-31T01:35:27Z,ls5,qd9g4n30k1bn,0.22297297297297294,0.5675675675675677,0.20945945945945948
0.21333333333333335,0.5066666666666667,0.0,0.26666666666666666,0.0,0.0,1987-09-04T01:37:49Z,ls5,qd9g4n30k1bn,0.27027027027027023,0.5135135135135135,0.2162162162162162
0.20333333333333334,0.5233333333333333,0.0,0.26333333333333336,0.0,0.0,1987-10-22T01:38:48Z,ls5,qd9g4n30k1bn,0.265993265993266,0.5286195286195287,0.2053872053872054
0.25,0.47,0.6666666666666667,0.27,0.0,0.0,1987-11-07T01:39:08Z,ls5,qd9g4n30k1bn,0.27272727272727276,0.47474747474747475,0.25252525252525254
,,1.0,,,,1987-11-23T01:39:27Z,ls5,qd9g4n30k1bn,,,
0.19999999999999998,0.5666666666666668,0.0,0.22333333333333336,0.0,0.0,1987-12-09T01:39:40Z,ls5,qd9g4n30k1bn,0.2255892255892256,0.5723905723905724,0.202020202020202
0.08,0.6966666666666667,0.0,0.21333333333333335,0.0,0.0,1987-12-25T01:39:56Z,ls5,qd9g4n30k1bn,0.2154882154882155,0.7037037037037037,0.08080808080808081
,,1.0,,,,1988-01-10T01:40:12Z,ls5,qd9g4n30k1bn,,,
,,1.0,,,,1988-01-26T01:40:30Z,ls5,qd9g4n30k1bn,,,
0.24666666666666667,0.49666666666666676,0.0,0.24666666666666667,0.0,0.0,1988-02-11T01:40:48Z,ls5,qd9g4n30k1bn,0.24915824915824913,0.5016835016835017,0.24915824915824913
0.1366666666666667,0.6466666666666666,0.0,0.20333333333333337,0.0,0.0,1988-02-27T01:41:00Z,ls5,qd9g4n30k1bn,0.2060810810810811,0.6554054054054054,0.13851351351351354
0.10333333333333335,0.6499999999999999,0.0,0.2333333333333333,0.0,0.0,1988-03-14T01:41:09Z,ls5,qd9g4n30k1bn,0.23648648648648649,0.6587837837837838,0.10472972972972976
0.04,0.7233333333333333,0.0,0.22666666666666668,0.0,0.0,1988-03-30T01:41:16Z,ls5,qd9g4n30k1bn,0.22895622895622897,0.7306397306397305,0.04040404040404041
,,1.0,,,,1988-05-17T01:41:38Z,ls5,qd9g4n30k1bn,,,
0.10333333333333333,0.5933333333333333,0.0,0.3033333333333334,0.0,0.0,1988-06-02T01:41:44Z,ls5,qd9g4n30k1bn,0.3033333333333334,0.5933333333333333,0.10333333333333333
0.25666666666666665,0.39999999999999997,0.0,0.32666666666666666,0.0,0.0,1988-07-20T01:41:56Z,ls5,qd9g4n30k1bn,0.3322033898305085,0.4067796610169492,0.2610169491525424
0.31,0.36999999999999994,0.0,0.3033333333333333,0.0,0.0,1988-08-05T01:41:58Z,ls5,qd9g4n30k1bn,0.30847457627118646,0.376271186440678,0.3152542372881356
0.10333333333333333,0.5966666666666667,0.0,0.29000000000000004,0.0,0.0,1988-08-21T01:41:59Z,ls5,qd9g4n30k1bn,0.292929292929293,0.6026936026936027,0.10437710437710437
,,1.0,,,,1988-09-06T01:42:02Z,ls5,qd9g4n30k1bn,,,
0.016666666666666666,0.7533333333333333,0.0,0.2233333333333333,0.0,0.0,1988-09-22T01:41:57Z,ls5,qd9g4n30k1bn,0.22483221476510065,0.7583892617449665,0.016778523489932886
0.15333333333333335,0.5266666666666667,0.0,0.3133333333333333,0.0,0.0,1988-10-08T01:41:52Z,ls5,qd9g4n30k1bn,0.3154362416107382,0.5302013422818792,0.15436241610738255
0.0,0.7833333333333333,0.0,0.2066666666666667,0.0,0.0,1988-10-24T01:41:47Z,ls5,qd9g4n30k1bn,0.20875420875420878,0.7912457912457912,0.0
0.06666666666666667,0.7200000000000001,0.0,0.20666666666666667,0.0,0.0,1988-11-09T01:41:50Z,ls5,qd9g4n30k1bn,0.20805369127516776,0.7248322147651007,0.06711409395973154
0.11333333333333334,0.6633333333333332,0.0,0.21,0.0,0.0,1988-11-25T01:41:50Z,ls5,qd9g4n30k1bn,0.21283783783783786,0.6722972972972973,0.11486486486486489
0.10333333333333335,0.66,0.0,0.22,0.0,0.0,1988-12-11T01:41:39Z,ls5,qd9g4n30k1bn,0.22372881355932203,0.6711864406779661,0.10508474576271187
0.013333333333333334,0.7833333333333332,0.0,0.19333333333333336,0.0,0.0,1989-01-12T01:41:26Z,ls5,qd9g4n30k1bn,0.19528619528619534,0.7912457912457912,0.013468013468013471
0.07666666666666667,0.6966666666666668,0.0,0.21,0.0,0.0,1989-01-28T01:41:13Z,ls5,qd9g4n30k1bn,0.2135593220338983,0.7084745762711865,0.07796610169491526
0.11666666666666665,0.62,0.0,0.25333333333333335,0.0,0.0,1989-02-13T01:41:14Z,ls5,qd9g4n30k1bn,0.2558922558922559,0.6262626262626263,0.11784511784511784
0.2333333333333333,0.52,0.0,0.22999999999999998,0.0,0.0,1989-03-17T01:40:22Z,ls5,qd9g4n30k1bn,0.23389830508474577,0.528813559322034,0.23728813559322032
,,1.0,,,,1989-03-24T01:46:19Z,ls5,qd9g4n30k1bn,,,
0.34,0.20333333333333334,0.0,0.11333333333333333,0.3333333333333333,0.0,1989-06-05T01:39:27Z,ls5,qd9g4n30k1bn,0.11505922165820642,0.20642978003384096,0.3451776649746193
0.30000000000000004,0.38999999999999996,0.0,0.30000000000000004,0.0,0.0,1989-06-21T01:39:02Z,ls5,qd9g4n30k1bn,0.3030303030303031,0.3939393939393939,0.3030303030303031
0.24333333333333332,0.42333333333333334,0.0,0.32,0.0,0.0,1989-07-23T01:38:27Z,ls5,qd9g4n30k1bn,0.32432432432432434,0.42905405405405406,0.2466216216216216
0.16333333333333333,0.52,0.0,0.3066666666666667,0.0,0.0,1989-08-08T01:38:07Z,ls5,qd9g4n30k1bn,0.3097643097643098,0.5252525252525253,0.16498316498316498
,,1.0,,,,1989-09-09T01:37:22Z,ls5,qd9g4n30k1bn,,,
0.09666666666666668,0.63,0.0,0.26666666666666666,0.0,0.0,1989-09-25T01:36:58Z,ls5,qd9g4n30k1bn,0.2684563758389262,0.634228187919463,0.09731543624161074
,,1.0,,,,1989-10-11T01:36:37Z,ls5,qd9g4n30k1bn,,,
0.03,0.7133333333333334,0.0,0.24666666666666667,0.0,0.0,1989-11-12T01:35:35Z,ls5,qd9g4n30k1bn,0.24915824915824913,0.7205387205387205,0.0303030303030303
0.16666666666666666,0.59,0.0,0.22999999999999998,0.0,0.0,1989-12-14T01:34:45Z,ls5,qd9g4n30k1bn,0.23310810810810811,0.597972972972973,0.16891891891891891
,,1.0,,,,1990-01-15T01:33:44Z,ls5,qd9g4n30k1bn,,,
0.12666666666666668,0.6433333333333334,0.0,0.22333333333333336,0.0,0.0,1990-01-31T01:33:14Z,ls5,qd9g4n30k1bn,0.22483221476510065,0.6476510067114094,0.12751677852348992
0.07666666666666667,0.68,0.0,0.22999999999999998,0.0,0.0,1990-02-16T01:32:42Z,ls5,qd9g4n30k1bn,0.2331081081081081,0.6891891891891893,0.07770270270270271
0.15666666666666665,0.6133333333333333,0.0,0.22333333333333336,0.0,0.0,1990-04-05T01:31:16Z,ls5,qd9g4n30k1bn,0.2248322147651007,0.6174496644295302,0.15771812080536912
0.03333333333333333,0.68,0.0,0.27666666666666667,0.0,0.0,1990-04-21T01:31:29Z,ls5,qd9g4n30k1bn,0.2794612794612794,0.6868686868686869,0.03367003367003367
0.08,0.66,0.0,0.25333333333333335,0.0,0.0,1990-05-07T01:31:25Z,ls5,qd9g4n30k1bn,0.2550335570469799,0.6644295302013423,0.08053691275167786
0.07333333333333333,0.6766666666666666,0.0,0.24,0.0,0.0,1990-05-23T01:31:27Z,ls5,qd9g4n30k1bn,0.24242424242424243,0.6835016835016835,0.07407407407407407
,,1.0,,,,1990-06-08T01:31:25Z,ls5,qd9g4n30k1bn,,,
0.036666666666666674,0.6566666666666666,0.0,0.30000000000000004,0.0,0.0,1990-06-24T01:31:24Z,ls5,qd9g4n30k1bn,0.302013422818792,0.6610738255033557,0.03691275167785236
0.07666666666666667,0.6633333333333334,0.0,0.24666666666666667,0.0,0.0,1990-07-10T01:31:22Z,ls5,qd9g4n30k1bn,0.24999999999999997,0.6722972972972974,0.0777027027027027
0.05666666666666667,0.6966666666666667,0.0,0.2333333333333333,0.0,0.0,1990-07-26T01:31:18Z,ls5,qd9g4n30k1bn,0.23648648648648649,0.7060810810810811,0.05743243243243244
,,1.0,,,,1990-08-11T01:31:13Z,ls5,qd9g4n30k1bn,,,
,,1.0,,,,1990-08-27T01:31:08Z,ls5,qd9g4n30k1bn,,,
0.15,0.6933333333333334,0.0,0.14333333333333334,0.0,0.0,1990-09-12T01:31:05Z,ls5,qd9g4n30k1bn,0.14527027027027029,0.7027027027027027,0.15202702702702703
0.08,0.7000000000000001,0.0,0.20666666666666667,0.0,0.0,1990-09-28T01:30:56Z,ls5,qd9g4n30k1bn,0.20945945945945946,0.7094594594594595,0.08108108108108109
0.08,0.7266666666666666,0.0,0.18000000000000002,0.0,0.0,1990-10-30T01:30:41Z,ls5,qd9g4n30k1bn,0.18243243243243246,0.7364864864864864,0.08108108108108109
0.18666666666666668,0.59,0.0,0.21,0.0,0.0,1990-11-15T01:30:43Z,ls5,qd9g4n30k1bn,0.21283783783783786,0.597972972972973,0.18918918918918923
0.023333333333333334,0.7999999999999999,0.0,0.17333333333333334,0.0,0.0,1990-12-17T01:30:41Z,ls5,qd9g4n30k1bn,0.1739130434782609,0.802675585284281,0.023411371237458196
,,1.0,,,,1991-01-02T01:31:07Z,ls5,qd9g4n30k1bn,,,
0.04,0.7733333333333334,0.0,0.17666666666666667,0.0,0.0,1991-01-18T01:31:34Z,ls5,qd9g4n30k1bn,0.17845117845117844,0.7811447811447811,0.0404040404040404
,,1.0,,,,1991-02-03T01:31:46Z,ls5,qd9g4n30k1bn,,,
0.16333333333333333,0.6699999999999999,0.0,0.15666666666666668,0.0,0.0,1991-02-19T01:32:08Z,ls5,qd9g4n30k1bn,0.15824915824915825,0.6767676767676767,0.16498316498316498
0.10333333333333333,0.6966666666666667,0.0,0.18999999999999997,0.0,0.0,1991-03-07T01:32:25Z,ls5,qd9g4n30k1bn,0.1919191919191919,0.7037037037037037,0.10437710437710437
0.10000000000000002,0.73,0.0,0.15666666666666668,0.0,0.0,1991-03-23T01:32:48Z,ls5,qd9g4n30k1bn,0.1587837837837838,0.7398648648648648,0.10135135135135137
0.01,0.8466666666666667,0.0,0.13,0.0,0.0,1991-04-08T01:33:01Z,ls5,qd9g4n30k1bn,0.13175675675675677,0.8581081081081081,0.010135135135135136
0.06,0.73,0.0,0.2066666666666667,0.0,0.0,1991-04-24T01:33:16Z,ls5,qd9g4n30k1bn,0.20735785953177263,0.7324414715719064,0.06020066889632107
0.0,0.7966666666666667,0.0,0.19666666666666668,0.0,0.0,1991-05-10T01:33:35Z,ls5,qd9g4n30k1bn,0.19798657718120805,0.802013422818792,0.0
0.1366666666666667,0.5933333333333333,0.0,0.26,0.0,0.0,1991-05-26T01:33:52Z,ls5,qd9g4n30k1bn,0.26262626262626265,0.5993265993265993,0.13804713804713806
,,1.0,,,,1991-06-27T01:34:18Z,ls5,qd9g4n30k1bn,,,
0.08666666666666667,0.6133333333333333,0.0,0.29000000000000004,0.0,0.0,1991-07-13T01:34:28Z,ls5,qd9g4n30k1bn,0.292929292929293,0.6195286195286195,0.08754208754208755
0.17333333333333334,0.5766666666666667,0.0,0.24,0.0,0.0,1991-08-14T01:34:45Z,ls5,qd9g4n30k1bn,0.24242424242424243,0.5824915824915825,0.1750841750841751
0.17666666666666667,0.58,0.0,0.22999999999999998,0.0,0.0,1991-08-30T01:34:54Z,ls5,qd9g4n30k1bn,0.23310810810810811,0.5878378378378378,0.17905405405405406
0.02666666666666667,0.7166666666666667,0.0,0.25333333333333335,0.0,0.0,1991-09-15T01:35:08Z,ls5,qd9g4n30k1bn,0.254180602006689,0.7190635451505017,0.026755852842809368
,,1.0,,,,1991-10-01T01:35:13Z,ls5,qd9g4n30k1bn,,,
0.11,0.66,0.0,0.22,0.0,0.0,1991-10-17T01:35:24Z,ls5,qd9g4n30k1bn,0.22222222222222224,0.6666666666666667,0.11111111111111112
0.03333333333333333,0.7633333333333333,0.0,0.19666666666666666,0.0,0.0,1991-11-02T01:35:23Z,ls5,qd9g4n30k1bn,0.19798657718120805,0.7684563758389262,0.03355704697986577
0.16,0.6333333333333333,0.0,0.19333333333333333,0.0,0.0,1991-11-18T01:35:27Z,ls5,qd9g4n30k1bn,0.19594594594594594,0.6418918918918919,0.16216216216216217
,,1.0,,,,1991-12-04T01:35:41Z,ls5,qd9g4n30k1bn,,,
0.13,0.7,0.33333333333333337,0.155,0.0,0.0,1991-12-20T01:35:33Z,ls5,qd9g4n30k1bn,0.15736040609137056,0.7106598984771573,0.1319796954314721
0.049999999999999996,0.7266666666666667,0.0,0.21666666666666667,0.0,0.0,1992-01-05T01:35:30Z,ls5,qd9g4n30k1bn,0.2181208053691275,0.7315436241610738,0.05033557046979865
,,1.0,,,,1992-01-21T01:35:30Z,ls5,qd9g4n30k1bn,,,
0.10000000000000002,0.68,0.0,0.21,0.0,0.0,1992-02-22T01:35:25Z,ls5,qd9g4n30k1bn,0.21212121212121213,0.686868686868687,0.10101010101010104
,,1.0,,,,1992-03-09T01:35:25Z,ls5,qd9g4n30k1bn,,,
0.09666666666666668,0.6566666666666667,0.0,0.2333333333333333,0.0,0.0,1992-04-10T01:35:13Z,ls5,qd9g4n30k1bn,0.23648648648648646,0.6655405405405406,0.09797297297297299
,,1.0,,,,1992-04-26T01:35:05Z,ls5,qd9g4n30k1bn,,,
0.10000000000000002,0.6233333333333333,0.0,0.26333333333333336,0.0,0.0,1992-05-12T01:34:58Z,ls5,qd9g4n30k1bn,0.26689189189189194,0.6317567567567567,0.10135135135135137
0.04,0.6866666666666666,0.0,0.26666666666666666,0.0,0.0,1992-05-28T01:34:49Z,ls5,qd9g4n30k1bn,0.2684563758389262,0.6912751677852348,0.040268456375838924
,,1.0,,,,1992-06-13T01:34:38Z,ls5,qd9g4n30k1bn,,,
0.21,0.5,0.0,0.29000000000000004,0.0,0.0,1992-06-29T01:34:27Z,ls5,qd9g4n30k1bn,0.29000000000000004,0.5,0.21
0.16333333333333333,0.5333333333333333,0.0,0.2933333333333334,0.0,0.0,1992-07-15T01:34:15Z,ls5,qd9g4n30k1bn,0.29629629629629634,0.5387205387205387,0.16498316498316498
0.08333333333333333,0.5933333333333334,0.0,0.3133333333333333,0.0,0.0,1992-07-31T01:34:02Z,ls5,qd9g4n30k1bn,0.31649831649831645,0.5993265993265993,0.08417508417508417
,,1.0,,,,1992-09-01T01:33:32Z,ls5,qd9g4n30k1bn,,,
0.056666666666666664,0.7166666666666667,0.0,0.22,0.0,0.0,1992-09-17T01:33:18Z,ls5,qd9g4n30k1bn,0.2214765100671141,0.7214765100671141,0.05704697986577181
,,1.0,,,,1992-10-03T01:32:56Z,ls5,qd9g4n30k1bn,,,
0.12333333333333334,0.6566666666666667,0.0,0.21,0.0,0.0,1992-10-19T01:32:43Z,ls5,qd9g4n30k1bn,0.21212121212121213,0.6632996632996634,0.12457912457912458
0.08666666666666667,0.68,0.0,0.22,0.0,0.0,1992-12-06T01:32:27Z,ls5,qd9g4n30k1bn,0.22297297297297297,0.6891891891891893,0.08783783783783784
0.06,0.7999999999999999,0.0,0.13,0.0,0.0,1993-01-07T01:32:47Z,ls5,qd9g4n30k1bn,0.13131313131313133,0.8080808080808081,0.06060606060606061
,,1.0,,,,1993-01-23T01:32:58Z,ls5,qd9g4n30k1bn,,,
0.036666666666666674,0.7866666666666666,0.0,0.16333333333333333,0.0,0.0,1993-02-08T01:33:09Z,ls5,qd9g4n30k1bn,0.16554054054054054,0.7972972972972974,0.03716216216216217
0.18666666666666668,0.6333333333333333,0.0,0.17,0.0,0.0,1993-02-24T01:33:12Z,ls5,qd9g4n30k1bn,0.17171717171717174,0.6397306397306397,0.18855218855218855
,,1.0,,,,1993-03-12T01:33:24Z,ls5,qd9g4n30k1bn,,,
0.17666666666666667,0.65,0.0,0.16666666666666666,0.0,0.0,1993-04-13T01:33:33Z,ls5,qd9g4n30k1bn,0.16778523489932887,0.6543624161073825,0.1778523489932886
0.07,0.7166666666666668,0.0,0.20666666666666667,0.0,0.0,1993-04-29T01:33:40Z,ls5,qd9g4n30k1bn,0.20805369127516776,0.7214765100671142,0.07046979865771812
,,1.0,,,,1993-05-15T01:33:43Z,ls5,qd9g4n30k1bn,,,
0.17,0.6133333333333334,0.0,0.20666666666666667,0.0,0.0,1993-05-31T01:33:47Z,ls5,qd9g4n30k1bn,0.20875420875420872,0.6195286195286195,0.1717171717171717
,,1.0,,,,1993-07-02T01:33:37Z,ls5,qd9g4n30k1bn,,,
0.20000000000000004,0.5566666666666666,0.0,0.23,0.0,0.0,1993-07-18T01:33:38Z,ls5,qd9g4n30k1bn,0.23310810810810811,0.5641891891891891,0.20270270270270274
0.12,0.62,0.0,0.25,0.0,0.0,1993-08-03T01:33:37Z,ls5,qd9g4n30k1bn,0.25252525252525254,0.6262626262626263,0.12121212121212122
0.20666666666666667,0.5466666666666667,0.0,0.2333333333333333,0.0,0.0,1993-08-19T01:33:37Z,ls5,qd9g4n30k1bn,0.23648648648648646,0.5540540540540542,0.20945945945945946
0.04666666666666667,0.68,0.0,0.26,0.0,0.0,1993-09-04T01:33:36Z,ls5,qd9g4n30k1bn,0.26351351351351354,0.6891891891891893,0.0472972972972973
0.16,0.57,0.0,0.25666666666666665,0.0,0.0,1993-09-20T01:33:34Z,ls5,qd9g4n30k1bn,0.26013513513513514,0.5777027027027026,0.16216216216216217
,,1.0,,,,1993-10-06T01:33:30Z,ls5,qd9g4n30k1bn,,,
0.07333333333333333,0.68,0.0,0.2366666666666667,0.0,0.0,1993-10-22T01:33:22Z,ls5,qd9g4n30k1bn,0.23905723905723905,0.6868686868686869,0.07407407407407407
,,1.0,,,,1993-11-07T01:33:16Z,ls5,qd9g4n30k1bn,,,
0.043333333333333335,0.7333333333333334,0.0,0.21333333333333335,0.0,0.0,1993-11-23T01:33:08Z,ls5,qd9g4n30k1bn,0.21548821548821548,0.7407407407407407,0.043771043771043766
,,1.0,,,,1993-12-09T01:33:05Z,ls5,qd9g4n30k1bn,,,
0.08333333333333333,0.7066666666666667,0.0,0.19999999999999998,0.0,0.0,1993-12-25T01:32:56Z,ls5,qd9g4n30k1bn,0.20202020202020202,0.7138047138047138,0.08417508417508417
0.023333333333333334,0.7600000000000001,0.0,0.21,0.0,0.0,1994-01-10T01:32:43Z,ls5,qd9g4n30k1bn,0.21140939597315433,0.7651006711409397,0.02348993288590604
0.1466666666666667,0.6766666666666666,0.0,0.16666666666666666,0.0,0.0,1994-01-26T01:32:30Z,ls5,qd9g4n30k1bn,0.16835016835016833,0.6835016835016835,0.14814814814814817
0.12333333333333334,0.6533333333333333,0.0,0.20666666666666667,0.0,0.0,1994-02-27T01:32:05Z,ls5,qd9g4n30k1bn,0.21016949152542375,0.664406779661017,0.12542372881355934
0.01,0.7866666666666666,0.0,0.19333333333333336,0.0,0.0,1994-03-15T01:31:51Z,ls5,qd9g4n30k1bn,0.1952861952861953,0.7946127946127945,0.010101010101010102
0.15000000000000002,0.6366666666666666,0.0,0.19999999999999998,0.0,0.0,1994-03-31T01:31:35Z,ls5,qd9g4n30k1bn,0.20270270270270271,0.6452702702702703,0.15202702702702706
0.04,0.7766666666666667,0.0,0.17,0.0,0.0,1994-05-02T01:31:01Z,ls5,qd9g4n30k1bn,0.17229729729729729,0.7871621621621621,0.040540540540540536
,,1.0,,,,1994-06-03T01:30:25Z,ls5,qd9g4n30k1bn,,,
0.36000000000000004,0.3033333333333333,0.0,0.33666666666666667,0.0,0.0,1994-07-05T01:29:39Z,ls5,qd9g4n30k1bn,0.33666666666666667,0.3033333333333333,0.36000000000000004
0.13999999999999999,0.5499999999999999,0.0,0.2966666666666667,0.0,0.0,1994-07-21T01:29:13Z,ls5,qd9g4n30k1bn,0.3006756756756757,0.5574324324324323,0.14189189189189189
0.14,0.5700000000000001,0.0,0.28,0.0,0.0,1994-08-22T01:28:24Z,ls5,qd9g4n30k1bn,0.2828282828282828,0.5757575757575758,0.1414141414141414
0.12,0.6266666666666667,0.0,0.2333333333333333,0.0,0.0,1994-09-07T01:28:00Z,ls5,qd9g4n30k1bn,0.23809523809523808,0.6394557823129252,0.12244897959183673
0.12666666666666668,0.6266666666666667,0.0,0.23666666666666666,0.0,0.0,1994-09-23T01:27:35Z,ls5,qd9g4n30k1bn,0.23905723905723902,0.632996632996633,0.12794612794612795
0.09000000000000001,0.6733333333333333,0.0,0.22999999999999998,0.0,0.0,1994-10-25T01:26:34Z,ls5,qd9g4n30k1bn,0.23154362416107382,0.6778523489932886,0.09060402684563759
0.10333333333333333,0.6366666666666666,0.0,0.25,0.0,0.0,1994-11-10T01:26:00Z,ls5,qd9g4n30k1bn,0.25252525252525254,0.6430976430976431,0.10437710437710437
,,1.0,,,,1994-11-26T01:25:28Z,ls5,qd9g4n30k1bn,,,
,,1.0,,,,1994-12-12T01:25:00Z,ls5,qd9g4n30k1bn,,,
0.21333333333333335,0.5966666666666667,0.0,0.18000000000000002,0.0,0.0,1994-12-28T01:24:28Z,ls5,qd9g4n30k1bn,0.18181818181818182,0.6026936026936026,0.21548821548821548
,,1.0,,,,1995-01-13T01:23:54Z,ls5,qd9g4n30k1bn,,,
0.16,0.6066666666666668,0.0,0.22333333333333336,0.0,0.0,1995-01-29T01:23:17Z,ls5,qd9g4n30k1bn,0.22558922558922556,0.6127946127946128,0.16161616161616157
0.02,0.7666666666666666,0.0,0.20333333333333334,0.0,0.0,1995-03-18T01:21:20Z,ls5,qd9g4n30k1bn,0.2053872053872054,0.7744107744107743,0.020202020202020204
0.06666666666666667,0.65,0.0,0.27,0.0,0.0,1995-04-19T01:20:02Z,ls5,qd9g4n30k1bn,0.2736486486486487,0.6587837837837838,0.06756756756756757
0.14,0.6033333333333334,0.0,0.24333333333333332,0.0,0.0,1995-05-05T01:19:19Z,ls5,qd9g4n30k1bn,0.2466216216216216,0.6114864864864865,0.1418918918918919
,,1.0,,,,1995-05-21T01:18:36Z,ls5,qd9g4n30k1bn,,,
,,1.0,,,,1995-07-24T01:15:40Z,ls5,qd9g4n30k1bn,,,
0.15666666666666665,0.5266666666666666,0.0,0.3033333333333334,0.0,0.0,1995-08-25T01:14:13Z,ls5,qd9g4n30k1bn,0.3074324324324325,0.5337837837837838,0.15878378378378377
0.07666666666666666,0.6266666666666667,0.0,0.29000000000000004,0.0,0.0,1995-09-10T01:13:27Z,ls5,qd9g4n30k1bn,0.29194630872483224,0.6308724832214765,0.07718120805369126
0.0,0.745,0.33333333333333337,0.255,0.0,0.0,1995-12-15T01:12:16Z,ls5,qd9g4n30k1bn,0.255,0.745,0.0
0.24666666666666667,0.45999999999999996,0.0,0.2833333333333333,0.0,0.0,1996-01-16T01:14:35Z,ls5,qd9g4n30k1bn,0.28619528619528617,0.46464646464646464,0.24915824915824916
0.08666666666666667,0.63,0.0,0.2733333333333333,0.0,0.0,1996-02-17T01:16:48Z,ls5,qd9g4n30k1bn,0.27609427609427606,0.6363636363636364,0.08754208754208755
0.06,0.4766666666666666,0.0,0.12666666666666668,0.0,0.3333333333333333,1996-03-04T01:17:52Z,ls5,qd9g4n30k1bn,0.12730318257956452,0.47906197654941374,0.060301507537688454
0.09333333333333334,0.64,0.0,0.25,0.0,0.0,1996-03-20T01:18:54Z,ls5,qd9g4n30k1bn,0.2542372881355932,0.6508474576271186,0.09491525423728814
0.05333333333333334,0.6433333333333334,0.0,0.29333333333333333,0.0,0.0,1996-04-21T01:20:54Z,ls5,qd9g4n30k1bn,0.2962962962962963,0.6498316498316499,0.05387205387205387
,,1.0,,,,1996-05-07T01:21:51Z,ls5,qd9g4n30k1bn,,,
0.03666666666666667,0.6766666666666666,0.0,0.27666666666666667,0.0,0.0,1996-05-23T01:22:46Z,ls5,qd9g4n30k1bn,0.27946127946127947,0.6835016835016835,0.037037037037037035
0.11333333333333334,0.5,0.0,0.3733333333333333,0.0,0.0,1996-06-24T01:24:31Z,ls5,qd9g4n30k1bn,0.3783783783783784,0.5067567567567568,0.11486486486486489
0.14666666666666664,0.5133333333333333,0.0,0.33,0.0,0.0,1996-07-10T01:25:20Z,ls5,qd9g4n30k1bn,0.33333333333333337,0.5185185185185186,0.14814814814814814
0.25333333333333335,0.44,0.0,0.29,0.0,0.0,1996-07-26T01:26:12Z,ls5,qd9g4n30k1bn,0.2949152542372881,0.44745762711864406,0.2576271186440678
,,1.0,,,,1996-08-27T01:27:54Z,ls5,qd9g4n30k1bn,,,
,,1.0,,,,1996-09-12T01:28:47Z,ls5,qd9g4n30k1bn,,,
,,1.0,,,,1996-10-14T01:30:29Z,ls5,qd9g4n30k1bn,,,
,,1.0,,,,1996-10-30T01:31:16Z,ls5,qd9g4n30k1bn,,,
,,1.0,,,,1996-11-15T01:32:01Z,ls5,qd9g4n30k1bn,,,
0.04666666666666667,0.6666666666666666,0.0,0.2733333333333334,0.0,0.0,1996-12-01T01:32:47Z,ls5,qd9g4n30k1bn,0.2770270270270271,0.6756756756756757,0.04729729729729731
0.05000000000000001,0.6499999999999999,0.0,0.2866666666666667,0.0,0.0,1996-12-17T01:33:32Z,ls5,qd9g4n30k1bn,0.29054054054054057,0.6587837837837838,0.05067567567567569
0.02666666666666667,0.7066666666666667,0.0,0.25333333333333335,0.0,0.0,1997-01-02T01:34:18Z,ls5,qd9g4n30k1bn,0.2567567567567568,0.7162162162162162,0.027027027027027032
,,1.0,,,,1997-01-18T01:35:03Z,ls5,qd9g4n30k1bn,,,
0.03333333333333333,0.71,0.0,0.24666666666666667,0.0,0.0,1997-02-03T01:35:46Z,ls5,qd9g4n30k1bn,0.24915824915824916,0.7171717171717171,0.03367003367003367
0.14333333333333334,0.5766666666666667,0.0,0.27,0.0,0.0,1997-03-07T01:37:06Z,ls5,qd9g4n30k1bn,0.27272727272727276,0.5824915824915825,0.1447811447811448
0.1366666666666667,0.5766666666666667,0.0,0.27666666666666667,0.0,0.0,1997-03-23T01:37:42Z,ls5,qd9g4n30k1bn,0.27946127946127947,0.5824915824915825,0.13804713804713806
0.023333333333333334,0.6999999999999998,0.0,0.27,0.0,0.0,1997-04-08T01:38:18Z,ls5,qd9g4n30k1bn,0.2718120805369128,0.7046979865771812,0.023489932885906045
0.04,0.6666666666666666,0.0,0.2833333333333334,0.0,0.0,1997-04-24T01:38:52Z,ls5,qd9g4n30k1bn,0.2861952861952862,0.6734006734006733,0.04040404040404041
,,1.0,,,,1997-05-10T01:39:25Z,ls5,qd9g4n30k1bn,,,
0.01,0.6166666666666667,0.0,0.36999999999999994,0.0,0.0,1997-05-26T01:39:59Z,ls5,qd9g4n30k1bn,0.3712374581939799,0.6187290969899666,0.010033444816053512
0.17,0.5066666666666667,0.0,0.31333333333333335,0.0,0.0,1997-07-29T01:42:10Z,ls5,qd9g4n30k1bn,0.3164983164983165,0.5117845117845118,0.1717171717171717
0.0,0.6733333333333333,0.0,0.32,0.0,0.0,1997-08-14T01:42:41Z,ls5,qd9g4n30k1bn,0.3221476510067114,0.6778523489932885,0.0
0.07666666666666667,0.6033333333333334,0.0,0.3066666666666667,0.0,0.0,1997-08-30T01:43:11Z,ls5,qd9g4n30k1bn,0.3108108108108108,0.6114864864864864,0.0777027027027027
0.12,0.57,0.0,0.30000000000000004,0.0,0.0,1997-09-15T01:43:38Z,ls5,qd9g4n30k1bn,0.3030303030303031,0.5757575757575757,0.12121212121212122
0.07333333333333333,0.5966666666666667,0.0,0.3133333333333333,0.0,0.0,1997-10-17T01:44:31Z,ls5,qd9g4n30k1bn,0.31864406779661014,0.6067796610169492,0.07457627118644068
0.13333333333333333,0.5833333333333334,0.0,0.27666666666666667,0.0,0.0,1997-11-02T01:44:57Z,ls5,qd9g4n30k1bn,0.2785234899328859,0.587248322147651,0.1342281879194631
0.16666666666666666,0.5666666666666667,0.0,0.25666666666666665,0.0,0.0,1997-12-20T01:46:07Z,ls5,qd9g4n30k1bn,0.2592592592592593,0.5723905723905724,0.16835016835016836
0.05666666666666667,0.66,0.0,0.27,0.0,0.0,1998-01-05T01:46:30Z,ls5,qd9g4n30k1bn,0.2736486486486487,0.668918918918919,0.057432432432432436
,,1.0,,,,1998-01-21T01:46:50Z,ls5,qd9g4n30k1bn,,,
0.12666666666666668,0.64,0.0,0.22,0.0,0.0,1998-02-06T01:47:11Z,ls5,qd9g4n30k1bn,0.22297297297297297,0.6486486486486487,0.1283783783783784
0.13999999999999999,0.63,0.0,0.21666666666666667,0.0,0.0,1998-02-22T01:47:29Z,ls5,qd9g4n30k1bn,0.2195945945945946,0.6385135135135135,0.14189189189189189
0.2233333333333333,0.5366666666666666,0.0,0.22666666666666668,0.0,0.0,1998-03-26T01:47:59Z,ls5,qd9g4n30k1bn,0.22972972972972977,0.543918918918919,0.22635135135135134
0.18666666666666668,0.5466666666666667,0.0,0.25333333333333335,0.0,0.0,1998-04-11T01:48:10Z,ls5,qd9g4n30k1bn,0.2567567567567568,0.5540540540540542,0.1891891891891892
,,1.0,,,,1998-05-13T01:48:38Z,ls5,qd9g4n30k1bn,,,
,,1.0,,,,1998-05-29T01:48:54Z,ls5,qd9g4n30k1bn,,,
0.09333333333333334,0.55,0.0,0.3433333333333333,0.0,0.0,1998-07-16T01:49:29Z,ls5,qd9g4n30k1bn,0.34797297297297297,0.5574324324324325,0.0945945945945946
,,1.0,,,,1998-08-01T01:49:35Z,ls5,qd9g4n30k1bn,,,
,,1.0,,,,1998-08-17T01:49:43Z,ls5,qd9g4n30k1bn,,,
0.09333333333333334,0.5766666666666667,0.0,0.3233333333333333,0.0,0.0,1998-09-02T01:49:54Z,ls5,qd9g4n30k1bn,0.32550335570469796,0.5805369127516778,0.09395973154362416
,,1.0,,,,1998-09-18T01:50:01Z,ls5,qd9g4n30k1bn,,,
0.056666666666666664,0.5866666666666667,0.0,0.3433333333333333,0.0,0.0,1998-10-20T01:50:04Z,ls5,qd9g4n30k1bn,0.34797297297297297,0.5945945945945946,0.057432432432432436
,,1.0,,,,1998-11-05T01:50:09Z,ls5,qd9g4n30k1bn,,,
,,1.0,,,,1998-12-07T01:50:12Z,ls5,qd9g4n30k1bn,,,
0.023333333333333334,0.71,0.0,0.26333333333333336,0.0,0.0,1998-12-23T01:50:17Z,ls5,qd9g4n30k1bn,0.2642140468227425,0.7123745819397993,0.023411371237458196
,,1.0,,,,1999-01-08T01:50:17Z,ls5,qd9g4n30k1bn,,,
0.13333333333333333,0.58,0.0,0.2733333333333334,0.0,0.0,1999-02-09T01:50:25Z,ls5,qd9g4n30k1bn,0.2770270270270271,0.5878378378378378,0.13513513513513514
,,1.0,,,,1999-02-25T01:50:28Z,ls5,qd9g4n30k1bn,,,
,,1.0,,,,1999-03-13T01:50:17Z,ls5,qd9g4n30k1bn,,,
0.043333333333333335,0.65,0.0,0.30000000000000004,0.0,0.0,1999-03-29T01:49:59Z,ls5,qd9g4n30k1bn,0.30201342281879195,0.6543624161073825,0.0436241610738255
0.049999999999999996,0.5866666666666666,0.0,0.3499999999999999,0.0,0.0,1999-04-14T01:49:58Z,ls5,qd9g4n30k1bn,0.35472972972972966,0.5945945945945945,0.05067567567567568
0.08333333333333333,0.5666666666666668,0.0,0.34333333333333327,0.0,0.0,1999-04-30T01:49:56Z,ls5,qd9g4n30k1bn,0.34563758389261734,0.5704697986577182,0.08389261744966442
0.25,0.49,0.33333333333333337,0.25,0.0,0.0,1999-05-16T01:49:42Z,ls5,qd9g4n30k1bn,0.25252525252525254,0.494949494949495,0.25252525252525254
0.19666666666666668,0.43333333333333335,0.0,0.35666666666666663,0.0,0.0,1999-06-01T01:49:20Z,ls5,qd9g4n30k1bn,0.36148648648648646,0.4391891891891892,0.19932432432432434
,,1.0,,,,1999-06-17T01:49:11Z,ls5,qd9g4n30k1bn,,,
0.14333333333333334,0.26333333333333336,0.0,0.25333333333333335,0.3333333333333333,0.0,1999-07-03T01:49:02Z,ls5,qd9g4n30k1bn,0.25589225589225595,0.26599326599326606,0.14478114478114482
,,1.0,,,,1999-07-19T01:48:58Z,ls5,qd9g4n30k1bn,,,
0.23,0.3566666666666667,0.0,0.4033333333333333,0.0,0.0,1999-07-27T02:04:05Z,ls7,qd9g4n30k1bn,0.4074074074074074,0.3602693602693603,0.23232323232323235
0.21333333333333335,0.3433333333333333,0.0,0.43333333333333335,0.0,0.0,1999-08-04T01:48:57Z,ls5,qd9g4n30k1bn,0.4377104377104377,0.3468013468013468,0.2154882154882155
0.02,0.5433333333333333,0.0,0.4266666666666667,0.0,0.0,1999-08-12T02:04:08Z,ls7,qd9g4n30k1bn,0.430976430976431,0.5488215488215489,0.020202020202020204
0.20666666666666667,0.4033333333333333,0.0,0.37333333333333335,0.0,0.0,1999-08-20T01:48:45Z,ls5,qd9g4n30k1bn,0.37966101694915255,0.41016949152542376,0.21016949152542375
0.12,0.47,0.0,0.4000000000000001,0.0,0.0,1999-09-05T01:48:17Z,ls5,qd9g4n30k1bn,0.4040404040404041,0.4747474747474747,0.1212121212121212
,,1.0,,,,1999-09-13T02:04:05Z,ls7,qd9g4n30k1bn,,,
0.10666666666666667,0.5466666666666666,0.0,0.33666666666666667,0.0,0.0,1999-09-29T02:04:15Z,ls7,qd9g4n30k1bn,0.3400673400673401,0.5521885521885521,0.10774410774410775
,,1.0,,,,1999-10-15T02:04:13Z,ls7,qd9g4n30k1bn,,,
,,1.0,,,,1999-10-23T01:47:44Z,ls5,qd9g4n30k1bn,,,
0.06,0.61,0.0,0.3233333333333333,0.0,0.0,1999-11-24T01:46:37Z,ls5,qd9g4n30k1bn,0.32550335570469796,0.6140939597315436,0.060402684563758385
0.05666666666666667,0.62,0.0,0.31000000000000005,0.0,0.0,1999-12-02T02:04:02Z,ls7,qd9g4n30k1bn,0.31418918918918926,0.6283783783783784,0.057432432432432436
0.06666666666666667,0.62,0.0,0.3033333333333334,0.0,0.0,1999-12-10T01:46:18Z,ls5,qd9g4n30k1bn,0.30639730639730645,0.6262626262626263,0.06734006734006734
0.04666666666666667,0.6366666666666667,0.0,0.3033333333333334,0.0,0.0,1999-12-26T01:46:20Z,ls5,qd9g4n30k1bn,0.30743243243243246,0.6452702702702702,0.04729729729729729
0.049999999999999996,0.5866666666666666,0.0,0.3499999999999999,0.0,0.0,2000-01-03T02:04:03Z,ls7,qd9g4n30k1bn,0.35472972972972966,0.5945945945945945,0.05067567567567568
0.056666666666666664,0.6033333333333333,0.0,0.32666666666666666,0.0,0.0,2000-01-19T02:04:00Z,ls7,qd9g4n30k1bn,0.3310810810810811,0.6114864864864865,0.057432432432432436
0.006666666666666667,0.6433333333333334,0.0,0.33666666666666667,0.0,0.0,2000-02-04T02:04:01Z,ls7,qd9g4n30k1bn,0.3412162162162162,0.6520270270270271,0.006756756756756756
0.10000000000000002,0.6699999999999999,0.0,0.22333333333333336,0.0,0.0,2000-02-20T02:03:53Z,ls7,qd9g4n30k1bn,0.2248322147651007,0.674496644295302,0.10067114093959734
,,1.0,,,,2000-03-07T02:03:49Z,ls7,qd9g4n30k1bn,,,
0.05666666666666667,0.59,0.0,0.3433333333333333,0.0,0.0,2000-03-23T02:03:51Z,ls7,qd9g4n30k1bn,0.3468013468013468,0.5959595959595959,0.05723905723905724
0.08333333333333333,0.5466666666666666,0.0,0.36000000000000004,0.0,0.0,2000-04-08T02:03:39Z,ls7,qd9g4n30k1bn,0.36363636363636365,0.5521885521885521,0.08417508417508417
0.08333333333333333,0.5533333333333333,0.0,0.35333333333333333,0.0,0.0,2000-04-24T02:03:33Z,ls7,qd9g4n30k1bn,0.3569023569023569,0.5589225589225588,0.08417508417508417
0.12,0.47000000000000003,0.0,0.39666666666666667,0.0,0.0,2000-05-26T02:03:12Z,ls7,qd9g4n30k1bn,0.40202702702702703,0.47635135135135137,0.12162162162162161
0.22333333333333336,0.37333333333333335,0.0,0.3866666666666667,0.0,0.0,2000-06-27T02:02:56Z,ls7,qd9g4n30k1bn,0.39322033898305087,0.37966101694915255,0.2271186440677966
,,1.0,,,,2000-07-29T02:02:26Z,ls7,qd9g4n30k1bn,,,
0.09999999999999999,0.5066666666666667,0.0,0.38000000000000006,0.0,0.0,2000-08-14T02:02:19Z,ls7,qd9g4n30k1bn,0.3851351351351352,0.5135135135135136,0.10135135135135134
0.04666666666666667,0.55,0.0,0.39666666666666667,0.0,0.0,2000-08-30T02:02:09Z,ls7,qd9g4n30k1bn,0.39932885906040266,0.5536912751677853,0.04697986577181208
0.09999999999999999,0.5133333333333333,0.0,0.38000000000000006,0.0,0.0,2000-09-15T02:01:50Z,ls7,qd9g4n30k1bn,0.38255033557046986,0.5167785234899329,0.10067114093959731
0.08333333333333333,0.5366666666666667,0.0,0.36999999999999994,0.0,0.0,2000-10-01T02:01:41Z,ls7,qd9g4n30k1bn,0.37373737373737365,0.5420875420875421,0.08417508417508417
0.11666666666666665,0.5133333333333333,0.0,0.36000000000000004,0.0,0.0,2000-10-17T02:01:23Z,ls7,qd9g4n30k1bn,0.3636363636363637,0.5185185185185185,0.11784511784511784
0.05333333333333334,0.6133333333333334,0.0,0.32333333333333336,0.0,0.0,2000-11-02T02:01:36Z,ls7,qd9g4n30k1bn,0.3265993265993266,0.6195286195286195,0.05387205387205387
0.049999999999999996,0.6633333333333334,0.0,0.2733333333333334,0.0,0.0,2000-12-04T02:01:34Z,ls7,qd9g4n30k1bn,0.27702702702702703,0.6722972972972974,0.050675675675675665
0.06333333333333334,0.69,0.0,0.24,0.0,0.0,2000-12-20T02:01:39Z,ls7,qd9g4n30k1bn,0.24161073825503357,0.6946308724832214,0.06375838926174497
0.07,0.6566666666666667,0.0,0.25666666666666665,0.0,0.0,2001-01-05T02:01:39Z,ls7,qd9g4n30k1bn,0.26101694915254237,0.6677966101694915,0.0711864406779661
0.04,0.6666666666666666,0.0,0.28,0.0,0.0,2001-02-06T02:01:39Z,ls7,qd9g4n30k1bn,0.2837837837837838,0.6756756756756757,0.04054054054054054
,,1.0,,,,2001-02-22T02:01:38Z,ls7,qd9g4n30k1bn,,,
0.09000000000000001,0.6333333333333333,0.0,0.26333333333333336,0.0,0.0,2001-03-10T02:01:34Z,ls7,qd9g4n30k1bn,0.26689189189189194,0.6418918918918919,0.09121621621621623
0.10333333333333333,0.6233333333333333,0.0,0.26,0.0,0.0,2001-03-26T02:01:25Z,ls7,qd9g4n30k1bn,0.26351351351351354,0.6317567567567568,0.10472972972972974
0.07333333333333333,0.6266666666666666,0.0,0.2866666666666667,0.0,0.0,2001-04-27T02:01:19Z,ls7,qd9g4n30k1bn,0.29054054054054057,0.6351351351351351,0.07432432432432433
0.09666666666666666,0.61,0.0,0.2833333333333334,0.0,0.0,2001-05-13T02:01:10Z,ls7,qd9g4n30k1bn,0.2861952861952862,0.6161616161616161,0.09764309764309764
0.6466666666666666,0.21666666666666667,0.0,0.1366666666666667,0.0,0.0,2001-05-29T02:01:01Z,ls7,qd9g4n30k1bn,0.1366666666666667,0.21666666666666667,0.6466666666666666
0.17500000000000002,0.5249999999999999,0.33333333333333337,0.29000000000000004,0.0,0.0,2001-06-14T02:00:50Z,ls7,qd9g4n30k1bn,0.292929292929293,0.5303030303030302,0.1767676767676768
0.3633333333333333,0.36000000000000004,0.0,0.26333333333333336,0.0,0.0,2001-06-30T02:00:35Z,ls7,qd9g4n30k1bn,0.26689189189189194,0.3648648648648649,0.3682432432432432
0.12666666666666668,0.49666666666666665,0.0,0.3666666666666667,0.0,0.0,2001-07-16T02:00:35Z,ls7,qd9g4n30k1bn,0.3703703703703704,0.5016835016835016,0.12794612794612795
0.26,0.42,0.0,0.3066666666666667,0.0,0.0,2001-08-01T02:00:23Z,ls7,qd9g4n30k1bn,0.31081081081081086,0.42567567567567566,0.26351351351351354
0.1366666666666667,0.5133333333333333,0.0,0.34,0.0,0.0,2001-08-17T02:00:04Z,ls7,qd9g4n30k1bn,0.3434343434343435,0.5185185185185185,0.13804713804713806
0.09999999999999999,0.5566666666666666,0.0,0.33,0.0,0.0,2001-09-02T01:59:53Z,ls7,qd9g4n30k1bn,0.3344594594594595,0.5641891891891891,0.10135135135135134
,,1.0,,,,2001-09-18T01:59:42Z,ls7,qd9g4n30k1bn,,,
0.10666666666666669,0.5266666666666666,0.0,0.35666666666666663,0.0,0.0,2001-10-04T01:59:30Z,ls7,qd9g4n30k1bn,0.36026936026936024,0.5319865319865319,0.10774410774410777
,,1.0,,,,2001-10-20T01:59:32Z,ls7,qd9g4n30k1bn,,,
0.09666666666666668,0.5766666666666667,0.0,0.31333333333333335,0.0,0.0,2001-11-05T01:59:37Z,ls7,qd9g4n30k1bn,0.3175675675675676,0.5844594594594594,0.09797297297297299
0.04666666666666667,0.6466666666666666,0.0,0.30000000000000004,0.0,0.0,2001-11-21T01:59:46Z,ls7,qd9g4n30k1bn,0.302013422818792,0.6510067114093959,0.04697986577181208
0.0,0.0,0.0,0.0,1.0,0.0,2001-12-07T01:59:47Z,ls7,qd9g4n30k1bn,0.0,0.0,0.0
0.10666666666666665,0.5833333333333334,0.0,0.2966666666666667,0.0,0.0,2001-12-23T01:59:56Z,ls7,qd9g4n30k1bn,0.30067567567567566,0.5912162162162161,0.10810810810810807
,,1.0,,,,2002-01-08T01:59:59Z,ls7,qd9g4n30k1bn,,,
0.12666666666666668,0.5933333333333334,0.0,0.27,0.0,0.0,2002-01-24T02:00:06Z,ls7,qd9g4n30k1bn,0.2727272727272727,0.5993265993265993,0.12794612794612795
0.10666666666666667,0.63,0.0,0.25,0.0,0.0,2002-02-09T02:00:08Z,ls7,qd9g4n30k1bn,0.2533783783783784,0.6385135135135135,0.10810810810810811
0.13,0.6066666666666667,0.0,0.25333333333333335,0.0,0.0,2002-02-25T02:00:10Z,ls7,qd9g4n30k1bn,0.2558922558922559,0.6127946127946128,0.1313131313131313
,,1.0,,,,2002-03-13T02:00:08Z,ls7,qd9g4n30k1bn,,,
0.11333333333333333,0.6033333333333334,0.0,0.27,0.0,0.0,2002-03-29T02:00:03Z,ls7,qd9g4n30k1bn,0.2736486486486487,0.6114864864864865,0.11486486486486486
0.08666666666666667,0.6133333333333333,0.0,0.2866666666666667,0.0,0.0,2002-04-14T02:00:02Z,ls7,qd9g4n30k1bn,0.29054054054054057,0.6216216216216216,0.08783783783783784
0.12333333333333334,0.58,0.0,0.2833333333333334,0.0,0.0,2002-04-30T02:00:04Z,ls7,qd9g4n30k1bn,0.2871621621621622,0.5878378378378378,0.12500000000000003
0.1466666666666667,0.4766666666666666,0.0,0.3633333333333333,0.0,0.0,2002-06-17T01:59:45Z,ls7,qd9g4n30k1bn,0.3682432432432432,0.4831081081081081,0.14864864864864868
0.5966666666666667,0.18000000000000002,0.0,0.21666666666666667,0.0,0.0,2002-07-03T01:59:40Z,ls7,qd9g4n30k1bn,0.2181208053691275,0.18120805369127518,0.6006711409395973
,,1.0,,,,2002-07-19T01:59:33Z,ls7,qd9g4n30k1bn,,,
0.14666666666666667,0.5,0.0,0.34333333333333327,0.0,0.0,2002-08-20T01:59:22Z,ls7,qd9g4n30k1bn,0.3468013468013467,0.5050505050505051,0.14814814814814814
0.27,0.37,0.6666666666666667,0.34,0.0,0.0,2002-09-05T01:59:13Z,ls7,qd9g4n30k1bn,0.34693877551020413,0.37755102040816324,0.2755102040816327
,,1.0,,,,2002-09-21T01:59:01Z,ls7,qd9g4n30k1bn,,,
0.14666666666666667,0.54,0.0,0.30000000000000004,0.0,0.0,2002-10-23T01:59:02Z,ls7,qd9g4n30k1bn,0.30405405405405406,0.5472972972972973,0.14864864864864863
0.09333333333333334,0.61,0.0,0.2833333333333334,0.0,0.0,2002-11-08T01:59:07Z,ls7,qd9g4n30k1bn,0.2871621621621622,0.6182432432432432,0.0945945945945946
0.10333333333333333,0.6366666666666667,0.0,0.24666666666666667,0.0,0.0,2002-11-24T01:59:24Z,ls7,qd9g4n30k1bn,0.24999999999999997,0.6452702702702702,0.10472972972972971
0.1366666666666667,0.61,0.0,0.24,0.0,0.0,2002-12-10T01:59:29Z,ls7,qd9g4n30k1bn,0.24324324324324323,0.6182432432432432,0.13851351351351354
,,1.0,,,,2002-12-26T01:59:35Z,ls7,qd9g4n30k1bn,,,
,,1.0,,,,2003-01-11T01:59:37Z,ls7,qd9g4n30k1bn,,,
0.14333333333333334,0.64,0.0,0.19999999999999998,0.0,0.0,2003-01-27T01:59:44Z,ls7,qd9g4n30k1bn,0.20338983050847456,0.6508474576271187,0.14576271186440679
0.17333333333333334,0.61,0.0,0.20666666666666667,0.0,0.0,2003-02-28T01:59:55Z,ls7,qd9g4n30k1bn,0.20875420875420875,0.6161616161616161,0.1750841750841751
0.09666666666666666,0.6900000000000001,0.0,0.20666666666666667,0.0,0.0,2003-03-16T01:59:58Z,ls7,qd9g4n30k1bn,0.20805369127516776,0.6946308724832215,0.09731543624161072
0.06,0.6866666666666666,0.0,0.24666666666666667,0.0,0.0,2003-04-17T01:59:59Z,ls7,qd9g4n30k1bn,0.2483221476510067,0.6912751677852348,0.060402684563758385
0.15333333333333335,0.6133333333333333,0.0,0.21999999999999997,0.0,0.0,2003-05-03T02:00:00Z,ls7,qd9g4n30k1bn,0.22297297297297297,0.6216216216216216,0.15540540540540543
0.20666666666666667,0.5599999999999999,0.0,0.22333333333333336,0.0,0.0,2003-05-11T01:46:22Z,ls5,qd9g4n30k1bn,0.22558922558922562,0.5656565656565656,0.20875420875420875
,,1.0,,,,2003-05-19T01:59:55Z,ls7,qd9g4n30k1bn,,,
0.15666666666666665,0.54,0.0,0.2966666666666667,0.0,0.0,2003-05-27T01:46:41Z,ls5,qd9g4n30k1bn,0.2986577181208054,0.5436241610738256,0.15771812080536912
,,1.0,,,,2003-06-12T01:46:58Z,ls5,qd9g4n30k1bn,,,
0.0,0.0,0.6666666666666667,0.0,0.0,1.0,2003-06-28T01:47:21Z,ls5,qd9g4n30k1bn,0.0,0.0,0.0
,,1.0,,,,2003-07-22T01:59:46Z,ls7,qd9g4n30k1bn,,,
,,1.0,,,,2003-07-30T01:47:55Z,ls5,qd9g4n30k1bn,,,
,,1.0,,,,2003-08-07T01:59:37Z,ls7,qd9g4n30k1bn,,,
0.20333333333333334,0.53,0.0,0.25333333333333335,0.0,0.0,2003-08-31T01:48:29Z,ls5,qd9g4n30k1bn,0.25675675675675674,0.5371621621621621,0.20608108108108106
0.15333333333333335,0.5966666666666667,0.0,0.23666666666666666,0.0,0.0,2003-09-16T01:48:45Z,ls5,qd9g4n30k1bn,0.23986486486486486,0.6047297297297297,0.15540540540540543
0.08666666666666667,0.6033333333333334,0.0,0.3,0.0,0.0,2003-10-02T01:48:57Z,ls5,qd9g4n30k1bn,0.30303030303030304,0.6094276094276095,0.08754208754208755
,,1.0,,,,2003-10-10T01:59:17Z,ls7,qd9g4n30k1bn,,,
0.07666666666666667,0.5666666666666667,0.0,0.3499999999999999,0.0,0.0,2003-10-18T01:49:10Z,ls5,qd9g4n30k1bn,0.3523489932885906,0.5704697986577182,0.07718120805369129
,,1.0,,,,2003-10-26T01:59:37Z,ls7,qd9g4n30k1bn,,,
,,1.0,,,,2003-11-03T01:49:15Z,ls5,qd9g4n30k1bn,,,
,,1.0,,,,2003-11-11T01:59:45Z,ls7,qd9g4n30k1bn,,,
0.13999999999999999,0.5700000000000001,0.0,0.28,0.0,0.0,2003-11-27T01:59:55Z,ls7,qd9g4n30k1bn,0.2828282828282828,0.5757575757575758,0.14141414141414138
0.05333333333333334,0.6533333333333333,0.0,0.28,0.0,0.0,2003-12-05T01:49:45Z,ls5,qd9g4n30k1bn,0.2837837837837838,0.6621621621621622,0.05405405405405406
0.15000000000000002,0.595,0.33333333333333337,0.245,0.0,0.0,2003-12-13T02:00:00Z,ls7,qd9g4n30k1bn,0.2474747474747475,0.601010101010101,0.15151515151515155
0.09000000000000001,0.6433333333333334,0.0,0.25,0.0,0.0,2003-12-21T01:49:53Z,ls5,qd9g4n30k1bn,0.2542372881355932,0.6542372881355932,0.09152542372881356
0.07333333333333333,0.65,0.0,0.26666666666666666,0.0,0.0,2003-12-29T02:00:08Z,ls7,qd9g4n30k1bn,0.26936026936026936,0.6565656565656566,0.07407407407407407
0.11333333333333334,0.6433333333333334,0.0,0.2333333333333333,0.0,0.0,2004-01-14T02:00:09Z,ls7,qd9g4n30k1bn,0.23569023569023567,0.64983164983165,0.11447811447811448
0.08666666666666667,0.6933333333333334,0.0,0.21,0.0,0.0,2004-01-22T01:50:03Z,ls5,qd9g4n30k1bn,0.21212121212121213,0.7003367003367004,0.08754208754208755
0.12,0.6666666666666666,0.0,0.20000000000000004,0.0,0.0,2004-02-07T01:50:08Z,ls5,qd9g4n30k1bn,0.20270270270270274,0.6756756756756757,0.12162162162162161
,,1.0,,,,2004-02-15T02:00:21Z,ls7,qd9g4n30k1bn,,,
0.12666666666666668,0.64,0.0,0.2233333333333333,0.0,0.0,2004-02-23T01:50:13Z,ls5,qd9g4n30k1bn,0.22558922558922556,0.6464646464646465,0.12794612794612795
0.1366666666666667,0.62,0.0,0.23333333333333336,0.0,0.0,2004-03-02T02:00:23Z,ls7,qd9g4n30k1bn,0.2356902356902357,0.6262626262626262,0.13804713804713806
0.21333333333333335,0.5633333333333334,0.0,0.21,0.0,0.0,2004-03-10T01:50:18Z,ls5,qd9g4n30k1bn,0.21283783783783783,0.5709459459459459,0.21621621621621623
0.09666666666666668,0.6533333333333333,0.0,0.23666666666666666,0.0,0.0,2004-03-18T02:00:30Z,ls7,qd9g4n30k1bn,0.23986486486486486,0.6621621621621622,0.09797297297297299
0.14666666666666664,0.6066666666666666,0.0,0.2333333333333333,0.0,0.0,2004-03-26T01:50:20Z,ls5,qd9g4n30k1bn,0.2364864864864865,0.6148648648648649,0.14864864864864866
0.06666666666666667,0.7000000000000001,0.0,0.22,0.0,0.0,2004-04-03T02:00:30Z,ls7,qd9g4n30k1bn,0.22297297297297297,0.7094594594594595,0.06756756756756757
0.09666666666666668,0.66,0.0,0.2333333333333333,0.0,0.0,2004-04-11T01:50:47Z,ls5,qd9g4n30k1bn,0.23569023569023567,0.6666666666666667,0.09764309764309766
,,1.0,,,,2004-04-27T01:51:15Z,ls5,qd9g4n30k1bn,,,
0.11333333333333334,0.6033333333333334,0.0,0.2733333333333334,0.0,0.0,2004-05-05T02:00:25Z,ls7,qd9g4n30k1bn,0.2760942760942761,0.6094276094276095,0.11447811447811448
0.32666666666666666,0.42,0.0,0.24,0.0,0.0,2004-05-13T01:51:43Z,ls5,qd9g4n30k1bn,0.24324324324324326,0.4256756756756757,0.3310810810810811
,,1.0,,,,2004-05-21T02:00:25Z,ls7,qd9g4n30k1bn,,,
0.15,0.5233333333333333,0.0,0.3166666666666667,0.0,0.0,2004-05-29T01:52:10Z,ls5,qd9g4n30k1bn,0.31986531986531985,0.5286195286195285,0.1515151515151515
,,1.0,,,,2004-06-06T02:00:20Z,ls7,qd9g4n30k1bn,,,
0.13999999999999999,0.5133333333333333,0.0,0.33,0.0,0.0,2004-06-14T01:52:39Z,ls5,qd9g4n30k1bn,0.3355932203389831,0.5220338983050847,0.1423728813559322
0.02666666666666667,0.42333333333333334,0.0,0.21,0.0,0.3333333333333333,2004-06-30T01:53:08Z,ls5,qd9g4n30k1bn,0.21212121212121218,0.4276094276094278,0.026936026936026945
,,1.0,,,,2004-07-08T02:00:14Z,ls7,qd9g4n30k1bn,,,
0.18000000000000002,0.4666666666666666,0.0,0.34333333333333327,0.0,0.0,2004-07-16T01:53:34Z,ls5,qd9g4n30k1bn,0.3468013468013468,0.4713804713804714,0.18181818181818185
0.4533333333333333,0.22999999999999998,0.0,0.30666666666666664,0.0,0.0,2004-07-24T02:00:09Z,ls7,qd9g4n30k1bn,0.30976430976430974,0.23232323232323232,0.4579124579124579
0.15,0.52,0.0,0.31,0.0,0.0,2004-08-01T01:53:55Z,ls5,qd9g4n30k1bn,0.31632653061224486,0.5306122448979591,0.1530612244897959
0.19666666666666666,0.4766666666666666,0.0,0.3066666666666667,0.0,0.0,2004-08-09T02:00:02Z,ls7,qd9g4n30k1bn,0.3129251700680272,0.48639455782312924,0.20068027210884354
0.11666666666666668,0.5433333333333333,0.0,0.3333333333333333,0.0,0.0,2004-08-17T01:54:17Z,ls5,qd9g4n30k1bn,0.3355704697986577,0.546979865771812,0.11744966442953021
,,1.0,,,,2004-08-25T02:00:01Z,ls7,qd9g4n30k1bn,,,
0.16333333333333333,0.47333333333333333,0.0,0.3466666666666667,0.0,0.0,2004-09-02T01:54:43Z,ls5,qd9g4n30k1bn,0.3525423728813559,0.4813559322033898,0.16610169491525423
0.15,0.4833333333333334,0.0,0.35666666666666663,0.0,0.0,2004-09-10T01:59:55Z,ls7,qd9g4n30k1bn,0.3602693602693602,0.4882154882154882,0.1515151515151515
0.13,0.54,0.0,0.32,0.0,0.0,2004-09-18T01:55:08Z,ls5,qd9g4n30k1bn,0.3232323232323232,0.5454545454545454,0.1313131313131313
,,1.0,,,,2004-09-26T01:59:50Z,ls7,qd9g4n30k1bn,,,
0.18333333333333335,0.4633333333333334,0.0,0.34333333333333327,0.0,0.0,2004-10-04T01:55:29Z,ls5,qd9g4n30k1bn,0.3468013468013467,0.46801346801346805,0.1851851851851852
0.06,0.66,0.0,0.27,0.0,0.0,2004-10-20T01:55:50Z,ls5,qd9g4n30k1bn,0.27272727272727276,0.6666666666666667,0.06060606060606061
,,1.0,,,,2004-10-28T02:00:03Z,ls7,qd9g4n30k1bn,,,
,,1.0,,,,2004-11-05T01:56:09Z,ls5,qd9g4n30k1bn,,,
0.11666666666666668,0.5633333333333334,0.0,0.3066666666666667,0.0,0.0,2004-11-13T02:00:10Z,ls7,qd9g4n30k1bn,0.3108108108108108,0.5709459459459458,0.11824324324324324
0.15666666666666665,0.5599999999999999,0.0,0.2733333333333334,0.0,0.0,2004-11-21T01:56:23Z,ls5,qd9g4n30k1bn,0.27609427609427617,0.5656565656565656,0.15824915824915825
,,1.0,,,,2004-11-29T02:00:20Z,ls7,qd9g4n30k1bn,,,
0.12,0.6266666666666667,0.0,0.24333333333333332,0.0,0.0,2004-12-07T01:56:46Z,ls5,qd9g4n30k1bn,0.24579124579124578,0.632996632996633,0.12121212121212122
0.08,0.6633333333333334,0.0,0.24333333333333332,0.0,0.0,2004-12-15T02:00:26Z,ls7,qd9g4n30k1bn,0.2466216216216216,0.6722972972972974,0.08108108108108109
0.12,0.6566666666666667,0.0,0.2133333333333333,0.0,0.0,2004-12-23T01:57:03Z,ls5,qd9g4n30k1bn,0.21548821548821545,0.6632996632996634,0.12121212121212122
0.09000000000000001,0.6766666666666667,0.0,0.22333333333333336,0.0,0.0,2004-12-31T02:00:35Z,ls7,qd9g4n30k1bn,0.2255892255892256,0.6835016835016835,0.09090909090909091
0.03333333333333333,0.7166666666666667,0.0,0.23666666666666666,0.0,0.0,2005-01-08T01:57:15Z,ls5,qd9g4n30k1bn,0.23986486486486486,0.7263513513513513,0.033783783783783786
0.16666666666666666,0.5566666666666666,0.0,0.26666666666666666,0.0,0.0,2005-01-16T02:00:38Z,ls7,qd9g4n30k1bn,0.2693602693602694,0.5622895622895623,0.16835016835016836
0.10333333333333333,0.6566666666666666,0.0,0.22666666666666666,0.0,0.0,2005-01-24T01:57:28Z,ls5,qd9g4n30k1bn,0.22972972972972974,0.6655405405405406,0.10472972972972974
0.10666666666666667,0.64,0.0,0.24,0.0,0.0,2005-02-01T02:00:42Z,ls7,qd9g4n30k1bn,0.24324324324324323,0.6486486486486487,0.10810810810810811
0.12333333333333334,0.64,0.0,0.22666666666666666,0.0,0.0,2005-02-09T01:57:41Z,ls5,qd9g4n30k1bn,0.22895622895622894,0.6464646464646465,0.12457912457912458
,,1.0,,,,2005-02-17T02:00:51Z,ls7,qd9g4n30k1bn,,,
0.06999999999999999,0.6733333333333333,0.0,0.24,0.0,0.0,2005-02-25T01:57:58Z,ls5,qd9g4n30k1bn,0.2440677966101695,0.6847457627118645,0.0711864406779661
,,1.0,,,,2005-03-13T01:58:10Z,ls5,qd9g4n30k1bn,,,
,,1.0,,,,2005-03-21T02:00:56Z,ls7,qd9g4n30k1bn,,,
0.03,0.6966666666666667,0.0,0.26666666666666666,0.0,0.0,2005-03-29T01:58:17Z,ls5,qd9g4n30k1bn,0.2684563758389262,0.7013422818791946,0.030201342281879193
0.12666666666666668,0.5966666666666667,0.0,0.26,0.0,0.0,2005-04-06T02:00:52Z,ls7,qd9g4n30k1bn,0.26440677966101694,0.6067796610169491,0.1288135593220339
0.13,0.62,0.0,0.23666666666666666,0.0,0.0,2005-04-14T01:58:21Z,ls5,qd9g4n30k1bn,0.23986486486486486,0.6283783783783784,0.13175675675675677
0.11666666666666665,0.5866666666666667,0.0,0.2833333333333334,0.0,0.0,2005-04-22T02:00:46Z,ls7,qd9g4n30k1bn,0.28716216216216217,0.5945945945945945,0.11824324324324322
0.11499999999999999,0.615,0.33333333333333337,0.26,0.0,0.0,2005-05-08T02:00:51Z,ls7,qd9g4n30k1bn,0.26262626262626265,0.6212121212121212,0.11616161616161616
0.42000000000000004,0.22999999999999998,0.33333333333333337,0.33999999999999997,0.0,0.0,2005-05-24T02:00:50Z,ls7,qd9g4n30k1bn,0.3434343434343434,0.23232323232323232,0.4242424242424243
,,1.0,,,,2005-06-01T01:58:41Z,ls5,qd9g4n30k1bn,,,
,,1.0,,,,2005-06-17T01:58:48Z,ls5,qd9g4n30k1bn,,,
,,1.0,,,,2005-06-25T02:00:39Z,ls7,qd9g4n30k1bn,,,
,,1.0,,,,2005-07-03T01:58:51Z,ls5,qd9g4n30k1bn,,,
0.15333333333333332,0.45,0.0,0.38666666666666666,0.0,0.0,2005-07-11T02:00:40Z,ls7,qd9g4n30k1bn,0.39057239057239057,0.4545454545454546,0.15488215488215487
0.2233333333333333,0.37333333333333335,0.0,0.38999999999999996,0.0,0.0,2005-07-19T01:59:02Z,ls5,qd9g4n30k1bn,0.3952702702702703,0.37837837837837845,0.22635135135135134
0.18666666666666668,0.43,0.0,0.3666666666666667,0.0,0.0,2005-07-27T02:00:39Z,ls7,qd9g4n30k1bn,0.37288135593220345,0.43728813559322033,0.18983050847457628
,,1.0,,,,2005-08-04T01:59:11Z,ls5,qd9g4n30k1bn,,,
,,1.0,,,,2005-08-12T02:00:35Z,ls7,qd9g4n30k1bn,,,
0.20666666666666667,0.41333333333333333,0.0,0.36999999999999994,0.0,0.0,2005-08-20T01:59:17Z,ls5,qd9g4n30k1bn,0.3737373737373737,0.41750841750841755,0.20875420875420878
,,1.0,,,,2005-08-28T02:00:28Z,ls7,qd9g4n30k1bn,,,
,,1.0,,,,2005-09-05T01:59:21Z,ls5,qd9g4n30k1bn,,,
,,1.0,,,,2005-10-07T01:59:18Z,ls5,qd9g4n30k1bn,,,
0.15666666666666668,0.4466666666666666,0.0,0.38666666666666666,0.0,0.0,2005-10-15T02:00:21Z,ls7,qd9g4n30k1bn,0.39057239057239057,0.4511784511784511,0.15824915824915825
0.11,0.5266666666666666,0.0,0.35000000000000003,0.0,0.0,2005-10-23T01:59:17Z,ls5,qd9g4n30k1bn,0.35472972972972977,0.5337837837837838,0.11148648648648649
0.08333333333333333,0.5433333333333333,0.0,0.36000000000000004,0.0,0.0,2005-10-31T02:00:34Z,ls7,qd9g4n30k1bn,0.3648648648648649,0.5506756756756757,0.08445945945945946
0.02,0.6166666666666667,0.0,0.35666666666666663,0.0,0.0,2005-11-08T01:59:26Z,ls5,qd9g4n30k1bn,0.3590604026845637,0.6208053691275167,0.020134228187919462
,,1.0,,,,2005-11-16T02:00:44Z,ls7,qd9g4n30k1bn,,,
0.12666666666666668,0.5133333333333333,0.0,0.3499999999999999,0.0,0.0,2005-11-24T01:59:50Z,ls5,qd9g4n30k1bn,0.3535353535353535,0.5185185185185185,0.12794612794612795
0.11333333333333333,0.5633333333333334,0.0,0.3133333333333334,0.0,0.0,2005-12-02T02:00:50Z,ls7,qd9g4n30k1bn,0.31649831649831656,0.5690235690235691,0.11447811447811447
0.14,0.55,0.6666666666666667,0.3,0.0,0.0,2005-12-18T02:00:52Z,ls7,qd9g4n30k1bn,0.303030303030303,0.5555555555555556,0.1414141414141414
0.10666666666666667,0.5833333333333334,0.0,0.30000000000000004,0.0,0.0,2006-01-19T02:01:09Z,ls7,qd9g4n30k1bn,0.30303030303030304,0.5892255892255892,0.10774410774410774
0.09666666666666666,0.64,0.0,0.25333333333333335,0.0,0.0,2006-01-27T02:01:20Z,ls5,qd9g4n30k1bn,0.2558922558922559,0.6464646464646465,0.09764309764309764
0.13333333333333333,0.5933333333333333,0.0,0.26333333333333336,0.0,0.0,2006-02-04T02:01:15Z,ls7,qd9g4n30k1bn,0.265993265993266,0.5993265993265993,0.13468013468013468
0.04666666666666667,0.6333333333333334,0.0,0.3066666666666667,0.0,0.0,2006-02-12T02:01:42Z,ls5,qd9g4n30k1bn,0.3108108108108108,0.6418918918918919,0.04729729729729729
0.12,0.6066666666666667,0.0,0.26,0.0,0.0,2006-02-20T02:01:19Z,ls7,qd9g4n30k1bn,0.26351351351351354,0.6148648648648649,0.12162162162162161
0.06333333333333334,0.6166666666666667,0.0,0.31333333333333335,0.0,0.0,2006-02-28T02:02:02Z,ls5,qd9g4n30k1bn,0.31543624161073824,0.6208053691275167,0.06375838926174497
,,1.0,,,,2006-03-08T02:01:20Z,ls7,qd9g4n30k1bn,,,
,,1.0,,,,2006-04-09T02:01:17Z,ls7,qd9g4n30k1bn,,,
0.14333333333333334,0.52,0.0,0.32,0.0,0.0,2006-04-17T02:02:57Z,ls5,qd9g4n30k1bn,0.3254237288135593,0.5288135593220339,0.14576271186440679
0.12,0.5933333333333333,0.0,0.27,0.0,0.0,2006-04-25T02:01:16Z,ls7,qd9g4n30k1bn,0.27457627118644073,0.6033898305084745,0.12203389830508475
0.12666666666666668,0.5533333333333333,0.0,0.3066666666666667,0.0,0.0,2006-05-03T02:03:12Z,ls5,qd9g4n30k1bn,0.3108108108108108,0.5608108108108107,0.12837837837837837
0.13,0.5499999999999999,0.0,0.3033333333333334,0.0,0.0,2006-05-11T02:01:18Z,ls7,qd9g4n30k1bn,0.3084745762711865,0.559322033898305,0.1322033898305085
0.13333333333333333,0.56,0.0,0.29333333333333333,0.0,0.0,2006-05-19T02:03:24Z,ls5,qd9g4n30k1bn,0.2972972972972973,0.5675675675675677,0.13513513513513514
,,1.0,,,,2006-05-27T02:01:18Z,ls7,qd9g4n30k1bn,,,
0.14333333333333334,0.5433333333333333,0.0,0.3033333333333334,0.0,0.0,2006-06-04T02:03:39Z,ls5,qd9g4n30k1bn,0.30639730639730645,0.5488215488215489,0.1447811447811448
0.17,0.4966666666666666,0.0,0.3166666666666667,0.0,0.0,2006-06-12T02:01:15Z,ls7,qd9g4n30k1bn,0.32203389830508483,0.5050847457627118,0.1728813559322034
,,1.0,,,,2006-06-20T02:03:53Z,ls5,qd9g4n30k1bn,,,
0.10999999999999999,0.5466666666666666,0.0,0.3333333333333333,0.0,0.0,2006-07-06T02:04:08Z,ls5,qd9g4n30k1bn,0.3367003367003367,0.5521885521885522,0.1111111111111111
0.17666666666666667,0.5433333333333333,0.0,0.26666666666666666,0.0,0.0,2006-07-14T02:01:02Z,ls7,qd9g4n30k1bn,0.2702702702702703,0.5506756756756757,0.17905405405405406
0.07666666666666667,0.5733333333333334,0.0,0.3333333333333333,0.0,0.0,2006-07-22T02:04:21Z,ls5,qd9g4n30k1bn,0.3389830508474576,0.5830508474576271,0.07796610169491526
,,1.0,,,,2006-07-30T02:00:56Z,ls7,qd9g4n30k1bn,,,
0.16333333333333333,0.51,0.0,0.31666666666666665,0.0,0.0,2006-08-23T02:04:45Z,ls5,qd9g4n30k1bn,0.31986531986531985,0.5151515151515151,0.16498316498316498
0.185,0.505,0.33333333333333337,0.3,0.0,0.0,2006-09-16T02:00:46Z,ls7,qd9g4n30k1bn,0.30303030303030304,0.51010101010101,0.18686868686868688
0.26666666666666666,0.4566666666666667,0.0,0.26333333333333336,0.0,0.0,2006-09-24T02:05:09Z,ls5,qd9g4n30k1bn,0.2668918918918919,0.46283783783783783,0.27027027027027023
0.10333333333333333,0.5866666666666668,0.0,0.30000000000000004,0.0,0.0,2006-10-02T02:00:39Z,ls7,qd9g4n30k1bn,0.303030303030303,0.5925925925925926,0.10437710437710436
0.06333333333333334,0.6166666666666667,0.0,0.31,0.0,0.0,2006-10-10T02:05:19Z,ls5,qd9g4n30k1bn,0.3131313131313131,0.6228956228956228,0.06397306397306397
0.12666666666666668,0.57,0.0,0.2933333333333334,0.0,0.0,2006-10-18T02:00:46Z,ls7,qd9g4n30k1bn,0.29629629629629634,0.5757575757575757,0.12794612794612795
0.13,0.5766666666666667,0.0,0.28,0.0,0.0,2006-10-26T02:05:29Z,ls5,qd9g4n30k1bn,0.2837837837837838,0.5844594594594594,0.13175675675675677
0.09666666666666668,0.6266666666666666,0.0,0.26666666666666666,0.0,0.0,2006-11-03T02:01:01Z,ls7,qd9g4n30k1bn,0.26936026936026936,0.6329966329966329,0.09764309764309766
,,1.0,,,,2006-11-11T02:05:37Z,ls5,qd9g4n30k1bn,,,
,,1.0,,,,2006-11-19T02:01:13Z,ls7,qd9g4n30k1bn,,,
0.06,0.7166666666666667,0.0,0.21,0.0,0.0,2006-11-27T02:05:46Z,ls5,qd9g4n30k1bn,0.21283783783783786,0.7263513513513514,0.060810810810810814
0.12333333333333335,0.6433333333333334,0.0,0.22333333333333336,0.0,0.0,2006-12-05T02:01:21Z,ls7,qd9g4n30k1bn,0.22558922558922556,0.6498316498316498,0.12457912457912457
0.15000000000000002,0.6133333333333334,0.0,0.2233333333333333,0.0,0.0,2006-12-13T02:05:54Z,ls5,qd9g4n30k1bn,0.22635135135135132,0.6216216216216217,0.15202702702702706
,,1.0,,,,2006-12-21T02:01:26Z,ls7,qd9g4n30k1bn,,,
0.18333333333333335,0.6366666666666667,0.0,0.17,0.0,0.0,2006-12-29T02:06:01Z,ls5,qd9g4n30k1bn,0.1717171717171717,0.6430976430976431,0.18518518518518517
0.12333333333333334,0.63,0.0,0.2333333333333333,0.0,0.0,2007-01-06T02:01:27Z,ls7,qd9g4n30k1bn,0.23648648648648649,0.6385135135135136,0.12500000000000003
,,1.0,,,,2007-01-14T02:06:07Z,ls5,qd9g4n30k1bn,,,
0.12,0.6466666666666666,0.0,0.2233333333333333,0.0,0.0,2007-01-22T02:01:30Z,ls7,qd9g4n30k1bn,0.2255892255892256,0.6531986531986532,0.12121212121212122
0.16666666666666666,0.6266666666666666,0.0,0.19666666666666668,0.0,0.0,2007-01-30T02:06:11Z,ls5,qd9g4n30k1bn,0.1986531986531987,0.632996632996633,0.16835016835016836
0.08666666666666667,0.67,0.0,0.22999999999999998,0.0,0.0,2007-02-07T02:01:37Z,ls7,qd9g4n30k1bn,0.2331081081081081,0.6790540540540541,0.08783783783783784
0.06999999999999999,0.73,0.0,0.18999999999999997,0.0,0.0,2007-02-15T02:06:13Z,ls5,qd9g4n30k1bn,0.1919191919191919,0.7373737373737375,0.0707070707070707
0.18,0.54,0.6666666666666667,0.26,0.0,0.0,2007-02-23T02:01:42Z,ls7,qd9g4n30k1bn,0.2653061224489796,0.5510204081632654,0.1836734693877551
0.036666666666666674,0.6933333333333334,0.0,0.25333333333333335,0.0,0.0,2007-03-03T02:06:12Z,ls5,qd9g4n30k1bn,0.2576271186440678,0.7050847457627119,0.03728813559322034
0.12666666666666668,0.63,0.0,0.23666666666666666,0.0,0.0,2007-03-11T02:01:45Z,ls7,qd9g4n30k1bn,0.23825503355704697,0.634228187919463,0.12751677852348994
,,1.0,,,,2007-03-19T02:06:09Z,ls5,qd9g4n30k1bn,,,
,,1.0,,,,2007-03-27T02:01:46Z,ls7,qd9g4n30k1bn,,,
0.043333333333333335,0.7633333333333333,0.0,0.18333333333333335,0.0,0.0,2007-04-04T02:06:06Z,ls5,qd9g4n30k1bn,0.1851851851851852,0.771043771043771,0.04377104377104377
0.33,0.44,0.6666666666666667,0.22,0.0,0.0,2007-04-12T02:01:45Z,ls7,qd9g4n30k1bn,0.22222222222222224,0.4444444444444445,0.33333333333333337
0.11666666666666665,0.6466666666666666,0.0,0.22,0.0,0.0,2007-04-20T02:06:00Z,ls5,qd9g4n30k1bn,0.22372881355932206,0.6576271186440678,0.11864406779661016
0.1366666666666667,0.6499999999999999,0.0,0.20333333333333334,0.0,0.0,2007-04-28T02:01:42Z,ls7,qd9g4n30k1bn,0.2053872053872054,0.6565656565656565,0.13804713804713806
0.11666666666666668,0.62,0.0,0.25333333333333335,0.0,0.0,2007-05-14T02:01:37Z,ls7,qd9g4n30k1bn,0.2558922558922559,0.6262626262626263,0.11784511784511786
0.07333333333333333,0.6533333333333333,0.0,0.26666666666666666,0.0,0.0,2007-05-22T02:05:41Z,ls5,qd9g4n30k1bn,0.2684563758389262,0.6577181208053692,0.0738255033557047
0.23333333333333336,0.5033333333333333,0.0,0.25,0.0,0.0,2007-05-30T02:01:29Z,ls7,qd9g4n30k1bn,0.2533783783783784,0.5101351351351351,0.2364864864864865
0.12,0.5333333333333333,0.0,0.33,0.0,0.0,2007-06-15T02:01:30Z,ls7,qd9g4n30k1bn,0.3355932203389831,0.5423728813559322,0.12203389830508475
0.16666666666666666,0.5466666666666666,0.0,0.2733333333333334,0.0,0.0,2007-06-23T02:05:08Z,ls5,qd9g4n30k1bn,0.2770270270270271,0.5540540540540541,0.16891891891891891
,,1.0,,,,2007-07-01T02:01:29Z,ls7,qd9g4n30k1bn,,,
0.19000000000000003,0.5466666666666666,0.0,0.25,0.0,0.0,2007-07-09T02:04:57Z,ls5,qd9g4n30k1bn,0.2533783783783784,0.5540540540540541,0.1925675675675676
0.20333333333333334,0.53,0.0,0.25666666666666665,0.0,0.0,2007-07-17T02:01:26Z,ls7,qd9g4n30k1bn,0.25925925925925924,0.5353535353535354,0.2053872053872054
,,1.0,,,,2007-07-25T02:04:49Z,ls5,qd9g4n30k1bn,,,
,,1.0,,,,2007-08-02T02:01:21Z,ls7,qd9g4n30k1bn,,,
,,1.0,,,,2007-08-10T02:04:40Z,ls5,qd9g4n30k1bn,,,
0.18666666666666665,0.4766666666666666,0.0,0.32,0.0,0.0,2007-08-18T02:01:15Z,ls7,qd9g4n30k1bn,0.32542372881355935,0.48474576271186437,0.18983050847457625
,,1.0,,,,2007-08-26T02:04:30Z,ls5,qd9g4n30k1bn,,,
0.19666666666666668,0.49,0.0,0.31000000000000005,0.0,0.0,2007-09-03T02:01:08Z,ls7,qd9g4n30k1bn,0.31103678929765893,0.491638795986622,0.19732441471571907
,,1.0,,,,2007-09-11T02:04:22Z,ls5,qd9g4n30k1bn,,,
0.13333333333333333,0.5833333333333334,0.0,0.2733333333333334,0.0,0.0,2007-09-19T02:01:02Z,ls7,qd9g4n30k1bn,0.2760942760942761,0.5892255892255893,0.13468013468013468
,,1.0,,,,2007-10-05T02:00:53Z,ls7,qd9g4n30k1bn,,,
,,1.0,,,,2007-10-21T02:01:06Z,ls7,qd9g4n30k1bn,,,
0.07333333333333333,0.6033333333333334,0.0,0.30666666666666664,0.0,0.0,2007-11-06T02:01:16Z,ls7,qd9g4n30k1bn,0.311864406779661,0.6135593220338983,0.07457627118644067
,,1.0,,,,2007-11-22T02:01:25Z,ls7,qd9g4n30k1bn,,,
0.1433333333333333,0.53,0.0,0.3133333333333334,0.0,0.0,2007-12-08T02:01:31Z,ls7,qd9g4n30k1bn,0.3175675675675676,0.5371621621621621,0.14527027027027023
0.2333333333333333,0.49333333333333335,0.0,0.25666666666666665,0.0,0.0,2007-12-24T02:01:34Z,ls7,qd9g4n30k1bn,0.26101694915254237,0.5016949152542374,0.23728813559322032
0.07666666666666667,0.62,0.0,0.2933333333333334,0.0,0.0,2008-01-09T02:01:36Z,ls7,qd9g4n30k1bn,0.29629629629629634,0.6262626262626263,0.07744107744107745
0.06666666666666667,0.6433333333333332,0.0,0.27666666666666667,0.0,0.0,2008-01-17T02:02:20Z,ls5,qd9g4n30k1bn,0.28040540540540543,0.652027027027027,0.06756756756756757
,,1.0,,,,2008-01-24T02:08:22Z,ls5,qd9g4n30k1bn,,,
0.18000000000000002,0.5566666666666666,0.0,0.25333333333333335,0.0,0.0,2008-01-25T02:01:35Z,ls7,qd9g4n30k1bn,0.2558922558922559,0.5622895622895622,0.18181818181818182
0.08666666666666667,0.63,0.0,0.26666666666666666,0.0,0.0,2008-02-02T02:02:03Z,ls5,qd9g4n30k1bn,0.2711864406779661,0.6406779661016949,0.08813559322033898
,,1.0,,,,2008-02-09T02:08:07Z,ls5,qd9g4n30k1bn,,,
0.12,0.51,0.6666666666666667,0.36,0.0,0.0,2008-02-10T02:01:32Z,ls7,qd9g4n30k1bn,0.36363636363636365,0.5151515151515151,0.12121212121212122
0.03333333333333333,0.66,0.0,0.29000000000000004,0.0,0.0,2008-02-18T02:01:46Z,ls5,qd9g4n30k1bn,0.29491525423728815,0.6711864406779661,0.03389830508474576
0.12666666666666668,0.6,0.0,0.25666666666666665,0.0,0.0,2008-02-26T02:01:28Z,ls7,qd9g4n30k1bn,0.26101694915254237,0.6101694915254237,0.1288135593220339
,,1.0,,,,2008-03-13T02:01:22Z,ls7,qd9g4n30k1bn,,,
0.28,0.45,0.6666666666666667,0.25,0.0,0.0,2008-03-29T02:01:23Z,ls7,qd9g4n30k1bn,0.25510204081632654,0.45918367346938777,0.28571428571428575
0.18000000000000002,0.5066666666666667,0.0,0.2966666666666667,0.0,0.0,2008-04-14T02:01:22Z,ls7,qd9g4n30k1bn,0.30169491525423725,0.5152542372881356,0.18305084745762712
,,1.0,,,,2008-04-30T02:01:19Z,ls7,qd9g4n30k1bn,,,
0.30333333333333334,0.3333333333333333,0.0,0.3466666666666667,0.0,0.0,2008-05-16T02:01:14Z,ls7,qd9g4n30k1bn,0.352542372881356,0.3389830508474576,0.30847457627118646
0.17666666666666667,0.42,0.0,0.38666666666666666,0.0,0.0,2008-06-01T02:01:06Z,ls7,qd9g4n30k1bn,0.39322033898305087,0.4271186440677966,0.17966101694915254
0.08333333333333333,0.12,0.0,0.12333333333333334,0.0,0.6666666666666666,2008-06-17T02:00:57Z,ls7,qd9g4n30k1bn,0.12585034013605445,0.12244897959183676,0.08503401360544219
0.14333333333333334,0.4033333333333333,0.0,0.43999999999999995,0.0,0.0,2008-07-03T02:00:47Z,ls7,qd9g4n30k1bn,0.44594594594594594,0.4087837837837838,0.14527027027027029
0.5349999999999999,0.155,0.33333333333333337,0.31,0.0,0.0,2008-07-19T02:00:35Z,ls7,qd9g4n30k1bn,0.31000000000000005,0.15500000000000003,0.535
0.15666666666666668,0.47333333333333333,0.0,0.35999999999999993,0.0,0.0,2008-08-04T02:00:28Z,ls7,qd9g4n30k1bn,0.3636363636363636,0.4781144781144781,0.15824915824915825
0.12666666666666668,0.51,0.0,0.3499999999999999,0.0,0.0,2008-08-20T02:00:22Z,ls7,qd9g4n30k1bn,0.35472972972972966,0.516891891891892,0.1283783783783784
0.2933333333333333,0.41,0.0,0.2833333333333334,0.0,0.0,2008-09-05T02:00:14Z,ls7,qd9g4n30k1bn,0.2871621621621622,0.41554054054054057,0.29729729729729726
0.17333333333333334,0.5,0.0,0.32,0.0,0.0,2008-10-07T01:59:55Z,ls7,qd9g4n30k1bn,0.3221476510067114,0.5033557046979865,0.174496644295302
0.2233333333333333,0.4633333333333333,0.0,0.3033333333333334,0.0,0.0,2008-10-15T01:55:20Z,ls5,qd9g4n30k1bn,0.30639730639730645,0.468013468013468,0.22558922558922556
,,1.0,,,,2008-10-23T02:00:03Z,ls7,qd9g4n30k1bn,,,
0.19666666666666668,0.5033333333333333,0.0,0.2833333333333334,0.0,0.0,2008-10-31T01:54:47Z,ls5,qd9g4n30k1bn,0.28813559322033905,0.511864406779661,0.20000000000000004
0.05000000000000001,0.6066666666666667,0.0,0.33,0.0,0.0,2008-11-08T02:00:18Z,ls7,qd9g4n30k1bn,0.33445945945945943,0.6148648648648648,0.05067567567567568
,,1.0,,,,2008-11-16T01:54:32Z,ls5,qd9g4n30k1bn,,,
0.09666666666666668,0.54,0.0,0.3466666666666667,0.0,0.0,2008-11-24T02:00:30Z,ls7,qd9g4n30k1bn,0.3525423728813559,0.5491525423728814,0.09830508474576272
0.16,0.5133333333333333,0.0,0.32,0.0,0.0,2008-12-02T01:55:04Z,ls5,qd9g4n30k1bn,0.32214765100671144,0.5167785234899329,0.16107382550335572
0.049999999999999996,0.5966666666666667,0.0,0.3466666666666667,0.0,0.0,2008-12-10T02:00:41Z,ls7,qd9g4n30k1bn,0.348993288590604,0.6006711409395973,0.05033557046979865
0.13,0.5866666666666667,0.0,0.2733333333333334,0.0,0.0,2008-12-18T01:55:33Z,ls5,qd9g4n30k1bn,0.2760942760942761,0.5925925925925926,0.1313131313131313
0.05666666666666667,0.59,0.0,0.34333333333333327,0.0,0.0,2008-12-26T02:00:49Z,ls7,qd9g4n30k1bn,0.3468013468013468,0.595959595959596,0.05723905723905725
0.10000000000000002,0.5933333333333334,0.0,0.30000000000000004,0.0,0.0,2009-01-03T01:55:59Z,ls5,qd9g4n30k1bn,0.30201342281879195,0.5973154362416108,0.10067114093959732
0.07,0.5866666666666667,0.0,0.3333333333333333,0.0,0.0,2009-01-11T02:00:55Z,ls7,qd9g4n30k1bn,0.33670033670033667,0.5925925925925926,0.07070707070707072
0.15666666666666665,0.5566666666666666,0.0,0.2733333333333333,0.0,0.0,2009-02-12T02:01:07Z,ls7,qd9g4n30k1bn,0.27702702702702703,0.5641891891891893,0.15878378378378377
0.10666666666666667,0.6133333333333333,0.0,0.26666666666666666,0.0,0.0,2009-02-20T01:57:14Z,ls5,qd9g4n30k1bn,0.2702702702702703,0.6216216216216216,0.10810810810810813
0.09000000000000001,0.6433333333333334,0.0,0.25666666666666665,0.0,0.0,2009-02-28T02:01:16Z,ls7,qd9g4n30k1bn,0.25925925925925924,0.6498316498316499,0.09090909090909091
,,1.0,,,,2009-03-16T02:01:24Z,ls7,qd9g4n30k1bn,,,
0.07666666666666667,0.6133333333333334,0.0,0.2966666666666667,0.0,0.0,2009-03-24T01:57:59Z,ls5,qd9g4n30k1bn,0.30067567567567566,0.6216216216216216,0.0777027027027027
0.1366666666666667,0.5700000000000001,0.0,0.28,0.0,0.0,2009-04-01T02:01:30Z,ls7,qd9g4n30k1bn,0.28378378378378377,0.5777027027027026,0.13851351351351351
0.03666666666666667,0.65,0.0,0.3066666666666667,0.0,0.0,2009-04-17T02:01:35Z,ls7,qd9g4n30k1bn,0.3087248322147651,0.6543624161073825,0.036912751677852344
0.013333333333333334,0.6933333333333334,0.0,0.2866666666666667,0.0,0.0,2009-04-25T01:58:37Z,ls5,qd9g4n30k1bn,0.28859060402684567,0.6979865771812082,0.01342281879194631
,,1.0,,,,2009-05-03T02:01:39Z,ls7,qd9g4n30k1bn,,,
0.10666666666666667,0.6066666666666667,0.0,0.27666666666666667,0.0,0.0,2009-05-11T01:58:55Z,ls5,qd9g4n30k1bn,0.27946127946127947,0.6127946127946128,0.10774410774410775
0.030000000000000002,0.6166666666666667,0.0,0.3433333333333333,0.0,0.0,2009-05-19T02:01:41Z,ls7,qd9g4n30k1bn,0.3468013468013468,0.622895622895623,0.030303030303030307
,,1.0,,,,2009-06-04T02:01:41Z,ls7,qd9g4n30k1bn,,,
,,1.0,,,,2009-06-20T02:01:39Z,ls7,qd9g4n30k1bn,,,
0.18333333333333332,0.47333333333333333,0.0,0.33,0.0,0.0,2009-06-28T01:59:47Z,ls5,qd9g4n30k1bn,0.3344594594594595,0.4797297297297297,0.1858108108108108
0.2333333333333333,0.43,0.0,0.32666666666666666,0.0,0.0,2009-07-14T02:00:04Z,ls5,qd9g4n30k1bn,0.32996632996633,0.43434343434343436,0.2356902356902357
0.08,0.5433333333333333,0.0,0.36333333333333334,0.0,0.0,2009-07-22T02:01:32Z,ls7,qd9g4n30k1bn,0.36824324324324326,0.5506756756756757,0.08108108108108109
0.03333333333333333,0.6433333333333332,0.0,0.3066666666666667,0.0,0.0,2009-08-07T02:01:26Z,ls7,qd9g4n30k1bn,0.31186440677966104,0.6542372881355931,0.03389830508474576
0.84,0.0,0.6666666666666667,0.15,0.0,0.0,2009-08-15T02:00:33Z,ls5,qd9g4n30k1bn,0.15151515151515152,0.0,0.8484848484848485
,,1.0,,,,2009-08-23T02:01:25Z,ls7,qd9g4n30k1bn,,,
0.16666666666666666,0.5566666666666666,0.0,0.26,0.0,0.0,2009-08-31T02:00:47Z,ls5,qd9g4n30k1bn,0.264406779661017,0.5661016949152542,0.1694915254237288
0.25,0.48,0.6666666666666667,0.26,0.0,0.0,2009-09-08T02:01:24Z,ls7,qd9g4n30k1bn,0.26262626262626265,0.48484848484848486,0.25252525252525254
,,1.0,,,,2009-09-16T02:01:00Z,ls5,qd9g4n30k1bn,,,
,,1.0,,,,2009-09-24T02:01:23Z,ls7,qd9g4n30k1bn,,,
0.10000000000000002,0.6,0.0,0.2866666666666667,0.0,0.0,2009-10-02T02:01:12Z,ls5,qd9g4n30k1bn,0.29054054054054057,0.6081081081081081,0.10135135135135137
0.13999999999999999,0.5733333333333334,0.0,0.27666666666666667,0.0,0.0,2009-10-10T02:01:17Z,ls7,qd9g4n30k1bn,0.2794612794612794,0.579124579124579,0.14141414141414138
0.08333333333333333,0.62,0.0,0.2833333333333334,0.0,0.0,2009-10-18T02:01:22Z,ls5,qd9g4n30k1bn,0.2871621621621622,0.6283783783783784,0.08445945945945946
0.15333333333333332,0.5566666666666666,0.0,0.27666666666666667,0.0,0.0,2009-11-03T02:01:30Z,ls5,qd9g4n30k1bn,0.28040540540540543,0.5641891891891893,0.1554054054054054
,,1.0,,,,2009-11-11T02:01:48Z,ls7,qd9g4n30k1bn,,,
,,1.0,,,,2009-11-19T02:01:37Z,ls5,qd9g4n30k1bn,,,
,,1.0,,,,2009-11-27T02:01:59Z,ls7,qd9g4n30k1bn,,,
0.11,0.6266666666666666,0.0,0.25,0.0,0.0,2009-12-05T02:01:46Z,ls5,qd9g4n30k1bn,0.2533783783783784,0.6351351351351351,0.1114864864864865
0.175,0.545,0.33333333333333337,0.27,0.0,0.0,2009-12-13T02:02:11Z,ls7,qd9g4n30k1bn,0.27272727272727276,0.5505050505050505,0.17676767676767677
0.16666666666666666,0.5833333333333334,0.0,0.23666666666666666,0.0,0.0,2009-12-29T02:02:29Z,ls7,qd9g4n30k1bn,0.23986486486486486,0.5912162162162162,0.16891891891891891
0.1,0.67,0.6666666666666667,0.22,0.0,0.0,2010-01-14T02:02:44Z,ls7,qd9g4n30k1bn,0.22222222222222224,0.6767676767676768,0.10101010101010102
0.12,0.6266666666666666,0.0,0.24333333333333332,0.0,0.0,2010-01-22T02:02:03Z,ls5,qd9g4n30k1bn,0.2457912457912458,0.632996632996633,0.12121212121212122
,,1.0,,,,2010-01-30T02:02:58Z,ls7,qd9g4n30k1bn,,,
0.09666666666666668,0.66,0.0,0.22999999999999998,0.0,0.0,2010-02-15T02:03:09Z,ls7,qd9g4n30k1bn,0.2331081081081081,0.668918918918919,0.09797297297297299
0.08333333333333333,0.6766666666666667,0.0,0.22999999999999998,0.0,0.0,2010-02-23T02:02:10Z,ls5,qd9g4n30k1bn,0.2323232323232323,0.6835016835016835,0.08417508417508417
0.11333333333333334,0.6133333333333333,0.0,0.26333333333333336,0.0,0.0,2010-03-03T02:03:17Z,ls7,qd9g4n30k1bn,0.265993265993266,0.6195286195286195,0.11447811447811448
0.28,0.505,0.33333333333333337,0.20500000000000002,0.0,0.0,2010-03-19T02:03:23Z,ls7,qd9g4n30k1bn,0.2070707070707071,0.51010101010101,0.2828282828282829
,,1.0,,,,2010-04-04T02:03:27Z,ls7,qd9g4n30k1bn,,,
,,1.0,,,,2010-04-20T02:03:27Z,ls7,qd9g4n30k1bn,,,
0.27,0.49333333333333335,0.0,0.22999999999999998,0.0,0.0,2010-04-28T02:02:03Z,ls5,qd9g4n30k1bn,0.2315436241610738,0.4966442953020134,0.27181208053691275
0.17333333333333334,0.5233333333333333,0.0,0.29333333333333333,0.0,0.0,2010-05-06T02:03:24Z,ls7,qd9g4n30k1bn,0.2962962962962963,0.5286195286195287,0.1750841750841751
,,1.0,,,,2010-05-14T02:02:01Z,ls5,qd9g4n30k1bn,,,
0.16,0.5033333333333333,0.0,0.3233333333333333,0.0,0.0,2010-07-25T02:03:28Z,ls7,qd9g4n30k1bn,0.3277027027027027,0.5101351351351351,0.16216216216216217
0.19666666666666666,0.4633333333333334,0.0,0.32333333333333336,0.0,0.0,2010-08-10T02:03:26Z,ls7,qd9g4n30k1bn,0.32881355932203393,0.4711864406779661,0.19999999999999998
0.20666666666666667,0.4666666666666666,0.0,0.32,0.0,0.0,2010-08-26T02:03:30Z,ls7,qd9g4n30k1bn,0.32214765100671144,0.4697986577181208,0.2080536912751678
0.18333333333333332,0.53,0.0,0.27666666666666667,0.0,0.0,2010-09-11T02:03:32Z,ls7,qd9g4n30k1bn,0.27946127946127947,0.5353535353535354,0.18518518518518517
0.13333333333333333,0.5266666666666667,0.0,0.32000000000000006,0.0,0.0,2010-09-27T02:03:31Z,ls7,qd9g4n30k1bn,0.326530612244898,0.5374149659863946,0.13605442176870747
0.17333333333333334,0.5166666666666667,0.0,0.2966666666666667,0.0,0.0,2010-10-13T02:03:36Z,ls7,qd9g4n30k1bn,0.30067567567567566,0.5236486486486486,0.17567567567567566
0.09666666666666668,0.6,0.0,0.29000000000000004,0.0,0.0,2010-10-29T02:03:45Z,ls7,qd9g4n30k1bn,0.29391891891891897,0.6081081081081081,0.09797297297297299
,,1.0,,,,2010-11-14T02:03:57Z,ls7,qd9g4n30k1bn,,,
,,1.0,,,,2010-11-30T02:04:08Z,ls7,qd9g4n30k1bn,,,
,,1.0,,,,2010-12-08T02:01:02Z,ls5,qd9g4n30k1bn,,,
0.0,0.7633333333333333,0.0,0.2333333333333333,0.0,0.0,2010-12-24T02:01:07Z,ls5,qd9g4n30k1bn,0.23411371237458192,0.7658862876254181,0.0
0.09666666666666668,0.6466666666666666,0.0,0.24333333333333332,0.0,0.0,2011-01-01T02:04:25Z,ls7,qd9g4n30k1bn,0.24662162162162163,0.6554054054054054,0.097972972972973
0.043333333333333335,0.6933333333333334,0.0,0.25666666666666665,0.0,0.0,2011-01-09T02:01:10Z,ls5,qd9g4n30k1bn,0.25838926174496646,0.6979865771812082,0.04362416107382551
0.023333333333333334,0.7366666666666667,0.0,0.22666666666666666,0.0,0.0,2011-01-25T02:01:10Z,ls5,qd9g4n30k1bn,0.22972972972972971,0.7466216216216216,0.02364864864864865
0.13,0.5966666666666667,0.0,0.26333333333333336,0.0,0.0,2011-02-02T02:04:38Z,ls7,qd9g4n30k1bn,0.265993265993266,0.6026936026936026,0.1313131313131313
0.02333333333333333,0.7133333333333334,0.0,0.25333333333333335,0.0,0.0,2011-02-10T02:01:13Z,ls5,qd9g4n30k1bn,0.2558922558922559,0.7205387205387205,0.023569023569023566
0.07666666666666667,0.6666666666666666,0.0,0.25,0.0,0.0,2011-02-18T02:04:42Z,ls7,qd9g4n30k1bn,0.2516778523489933,0.6711409395973155,0.07718120805369129
0.02,0.7200000000000001,0.0,0.24666666666666667,0.0,0.0,2011-02-26T02:01:12Z,ls5,qd9g4n30k1bn,0.24999999999999997,0.7297297297297297,0.020270270270270268
0.08,0.6366666666666667,0.0,0.27,0.0,0.0,2011-03-06T02:04:47Z,ls7,qd9g4n30k1bn,0.2736486486486487,0.6452702702702703,0.08108108108108109
0.05666666666666667,0.6833333333333332,0.0,0.25,0.0,0.0,2011-03-22T02:04:47Z,ls7,qd9g4n30k1bn,0.25252525252525254,0.6902356902356902,0.05723905723905725
0.12666666666666668,0.5966666666666667,0.0,0.26333333333333336,0.0,0.0,2011-03-30T02:01:03Z,ls5,qd9g4n30k1bn,0.2668918918918919,0.6047297297297296,0.12837837837837837
,,1.0,,,,2011-04-07T02:04:52Z,ls7,qd9g4n30k1bn,,,
0.08333333333333333,0.6433333333333334,0.0,0.26333333333333336,0.0,0.0,2011-04-15T02:00:58Z,ls5,qd9g4n30k1bn,0.265993265993266,0.6498316498316499,0.08417508417508417
,,1.0,,,,2011-04-23T02:04:50Z,ls7,qd9g4n30k1bn,,,
0.17666666666666667,0.49666666666666665,0.0,0.31,0.0,0.0,2011-05-01T02:00:52Z,ls5,qd9g4n30k1bn,0.3152542372881356,0.5050847457627119,0.17966101694915254
0.07333333333333333,0.5566666666666666,0.0,0.36000000000000004,0.0,0.0,2011-05-09T02:04:50Z,ls7,qd9g4n30k1bn,0.36363636363636365,0.5622895622895622,0.07407407407407407
0.19666666666666666,0.4933333333333334,0.0,0.2966666666666667,0.0,0.0,2011-05-25T02:04:49Z,ls7,qd9g4n30k1bn,0.3006756756756757,0.5000000000000001,0.19932432432432431
0.24333333333333337,0.41,0.0,0.33,0.0,0.0,2011-06-10T02:04:50Z,ls7,qd9g4n30k1bn,0.33559322033898303,0.41694915254237286,0.24745762711864408
,,1.0,,,,2011-06-26T02:04:46Z,ls7,qd9g4n30k1bn,,,
0.19666666666666666,0.41,0.0,0.37999999999999995,0.0,0.0,2011-07-12T02:04:46Z,ls7,qd9g4n30k1bn,0.38513513513513514,0.41554054054054057,0.19932432432432434
0.16333333333333336,0.5433333333333333,0.0,0.27999999999999997,0.0,0.0,2011-07-28T02:04:43Z,ls7,qd9g4n30k1bn,0.28378378378378377,0.5506756756756758,0.16554054054054057
0.34,0.3233333333333333,0.0,0.32666666666666666,0.0,0.0,2011-08-05T02:00:09Z,ls5,qd9g4n30k1bn,0.32996632996632996,0.32659932659932656,0.3434343434343435
0.1366666666666667,0.49666666666666665,0.0,0.35666666666666663,0.0,0.0,2011-08-13T02:04:39Z,ls7,qd9g4n30k1bn,0.36026936026936024,0.5016835016835016,0.13804713804713806
,,1.0,,,,2011-08-29T02:04:37Z,ls7,qd9g4n30k1bn,,,
0.12,0.5566666666666668,0.0,0.31,0.0,0.0,2011-09-06T01:59:52Z,ls5,qd9g4n30k1bn,0.3141891891891892,0.5641891891891893,0.12162162162162161
,,1.0,,,,2011-09-14T02:04:31Z,ls7,qd9g4n30k1bn,,,
,,1.0,,,,2011-09-30T02:04:29Z,ls7,qd9g4n30k1bn,,,
,,1.0,,,,2011-10-08T01:59:19Z,ls5,qd9g4n30k1bn,,,
,,1.0,,,,2011-10-16T02:04:31Z,ls7,qd9g4n30k1bn,,,
0.12333333333333334,0.5033333333333333,0.0,0.35666666666666663,0.0,0.0,2011-11-01T02:04:36Z,ls7,qd9g4n30k1bn,0.36271186440677966,0.511864406779661,0.12542372881355934
,,1.0,,,,2011-11-17T02:04:50Z,ls7,qd9g4n30k1bn,,,
,,1.0,,,,2011-12-03T02:04:59Z,ls7,qd9g4n30k1bn,,,
0.12,0.48,0.0,0.38999999999999996,0.0,0.0,2011-12-19T02:05:06Z,ls7,qd9g4n30k1bn,0.3939393939393939,0.48484848484848486,0.12121212121212122
0.14333333333333334,0.5466666666666667,0.0,0.2966666666666667,0.0,0.0,2012-01-04T02:05:15Z,ls7,qd9g4n30k1bn,0.30067567567567566,0.5540540540540541,0.14527027027027026
0.08333333333333333,0.55,0.0,0.35333333333333333,0.0,0.0,2012-01-20T02:05:15Z,ls7,qd9g4n30k1bn,0.3581081081081081,0.5574324324324325,0.08445945945945946
0.15333333333333335,0.5033333333333333,0.0,0.33,0.0,0.0,2012-02-05T02:05:19Z,ls7,qd9g4n30k1bn,0.3344594594594595,0.5101351351351352,0.15540540540540543
0.04,0.5966666666666666,0.0,0.35333333333333333,0.0,0.0,2012-02-21T02:05:23Z,ls7,qd9g4n30k1bn,0.3569023569023569,0.6026936026936026,0.04040404040404041
0.11666666666666665,0.4966666666666666,0.0,0.3733333333333333,0.0,0.0,2012-03-08T02:05:19Z,ls7,qd9g4n30k1bn,0.3783783783783784,0.5033783783783784,0.11824324324324324
0.18000000000000002,0.47333333333333333,0.0,0.3333333333333333,0.0,0.0,2012-03-24T02:05:22Z,ls7,qd9g4n30k1bn,0.33783783783783783,0.4797297297297297,0.18243243243243246
0.135,0.46499999999999997,0.33333333333333337,0.39,0.0,0.0,2012-04-09T02:05:17Z,ls7,qd9g4n30k1bn,0.393939393939394,0.46969696969696967,0.13636363636363638
0.38000000000000006,0.26,0.0,0.35333333333333333,0.0,0.0,2012-04-25T02:05:32Z,ls7,qd9g4n30k1bn,0.35570469798657717,0.26174496644295303,0.38255033557046986
0.26666666666666666,0.3333333333333333,0.0,0.3833333333333333,0.0,0.0,2012-05-11T02:05:55Z,ls7,qd9g4n30k1bn,0.3898305084745763,0.33898305084745767,0.27118644067796616
0.17666666666666667,0.4166666666666667,0.0,0.3933333333333333,0.0,0.0,2012-05-27T02:05:47Z,ls7,qd9g4n30k1bn,0.39864864864864863,0.4222972972972973,0.17905405405405406
,,1.0,,,,2012-06-12T02:05:37Z,ls7,qd9g4n30k1bn,,,
,,1.0,,,,2012-06-28T02:05:45Z,ls7,qd9g4n30k1bn,,,
,,1.0,,,,2012-07-14T02:06:00Z,ls7,qd9g4n30k1bn,,,
0.17666666666666667,0.43,0.0,0.37999999999999995,0.0,0.0,2012-07-30T02:06:10Z,ls7,qd9g4n30k1bn,0.38513513513513514,0.43581081081081086,0.17905405405405406
0.05333333333333334,0.5499999999999999,0.0,0.37999999999999995,0.0,0.0,2012-08-15T02:06:22Z,ls7,qd9g4n30k1bn,0.38644067796610165,0.559322033898305,0.054237288135593226
,,1.0,,,,2012-08-31T02:06:32Z,ls7,qd9g4n30k1bn,,,
,,1.0,,,,2012-09-16T02:06:41Z,ls7,qd9g4n30k1bn,,,
,,1.0,,,,2012-10-02T02:06:51Z,ls7,qd9g4n30k1bn,,,
0.08333333333333333,0.5599999999999999,0.0,0.3466666666666667,0.0,0.0,2012-10-18T02:07:00Z,ls7,qd9g4n30k1bn,0.3501683501683502,0.5656565656565656,0.08417508417508417
0.08,0.6166666666666666,0.0,0.29000000000000004,0.0,0.0,2012-11-19T02:07:13Z,ls7,qd9g4n30k1bn,0.29391891891891897,0.625,0.08108108108108109
0.08,0.66,0.0,0.25,0.0,0.0,2012-12-21T02:07:22Z,ls7,qd9g4n30k1bn,0.25252525252525254,0.6666666666666667,0.08080808080808081
0.14,0.55,0.6666666666666667,0.3,0.0,0.0,2013-01-22T02:07:25Z,ls7,qd9g4n30k1bn,0.303030303030303,0.5555555555555556,0.1414141414141414
0.08666666666666667,0.62,0.0,0.2833333333333334,0.0,0.0,2013-02-07T02:07:27Z,ls7,qd9g4n30k1bn,0.2861952861952862,0.6262626262626263,0.08754208754208755
,,1.0,,,,2013-02-23T02:07:24Z,ls7,qd9g4n30k1bn,,,
,,1.0,,,,2013-03-11T02:07:23Z,ls7,qd9g4n30k1bn,,,
,,1.0,,,,2013-03-27T02:07:16Z,ls7,qd9g4n30k1bn,,,
0.14333333333333334,0.5666666666666667,0.0,0.27666666666666667,0.0,0.0,2013-04-06T02:17:40Z,ls8,qd9g4n30k1bn,0.28040540540540543,0.5743243243243243,0.14527027027027029
0.0,0.0,0.0,0.0,0.3333333333333333,0.6666666666666666,2013-04-20T02:13:02Z,ls8,qd9g4n30k1bn,0.0,0.0,0.0
,,1.0,,,,2013-04-28T02:07:09Z,ls7,qd9g4n30k1bn,,,
,,1.0,,,,2013-05-06T02:13:04Z,ls8,qd9g4n30k1bn,,,
0.58,0.17666666666666667,0.0,0.22,0.0,0.0,2013-05-14T02:07:07Z,ls7,qd9g4n30k1bn,0.22525597269624575,0.1808873720136519,0.5938566552901025
0.21333333333333335,0.4266666666666667,0.0,0.35000000000000003,0.0,0.0,2013-05-22T02:13:16Z,ls8,qd9g4n30k1bn,0.35353535353535354,0.43097643097643096,0.21548821548821548
0.17666666666666667,0.45999999999999996,0.0,0.3499999999999999,0.0,0.0,2013-06-07T02:13:16Z,ls8,qd9g4n30k1bn,0.3547297297297297,0.4662162162162163,0.17905405405405408
,,1.0,,,,2013-06-15T02:06:54Z,ls7,qd9g4n30k1bn,,,
,,1.0,,,,2013-06-23T02:13:09Z,ls8,qd9g4n30k1bn,,,
,,1.0,,,,2013-07-01T02:06:46Z,ls7,qd9g4n30k1bn,,,
,,1.0,,,,2013-07-09T02:13:14Z,ls8,qd9g4n30k1bn,,,
,,1.0,,,,2013-07-17T02:06:37Z,ls7,qd9g4n30k1bn,,,
0.24,0.39666666666666667,0.0,0.35000000000000003,0.0,0.0,2013-07-25T02:13:13Z,ls8,qd9g4n30k1bn,0.35472972972972977,0.40202702702702703,0.24324324324324323
0.13333333333333333,0.48,0.0,0.36999999999999994,0.0,0.0,2013-08-02T02:06:29Z,ls7,qd9g4n30k1bn,0.376271186440678,0.48813559322033906,0.13559322033898308
,,1.0,,,,2013-08-10T02:13:15Z,ls8,qd9g4n30k1bn,,,
,,1.0,,,,2013-08-18T02:06:33Z,ls7,qd9g4n30k1bn,,,
0.0,0.0,0.0,0.0,0.0,1.0,2013-08-26T02:13:17Z,ls8,qd9g4n30k1bn,0.0,0.0,0.0
0.14666666666666667,0.48333333333333334,0.0,0.35666666666666663,0.0,0.0,2013-09-11T02:13:15Z,ls8,qd9g4n30k1bn,0.36148648648648646,0.4898648648648649,0.14864864864864866
,,1.0,,,,2013-09-19T02:06:55Z,ls7,qd9g4n30k1bn,,,
0.17333333333333334,0.49666666666666665,0.0,0.32,0.0,0.0,2013-09-27T02:13:06Z,ls8,qd9g4n30k1bn,0.32323232323232326,0.5016835016835016,0.1750841750841751
,,1.0,,,,2013-10-05T02:07:07Z,ls7,qd9g4n30k1bn,,,
0.13333333333333333,0.51,0.0,0.34333333333333327,0.0,0.0,2013-10-13T02:13:07Z,ls8,qd9g4n30k1bn,0.3479729729729729,0.516891891891892,0.13513513513513514
0.07333333333333333,0.5433333333333333,0.0,0.37333333333333335,0.0,0.0,2013-10-21T02:07:17Z,ls7,qd9g4n30k1bn,0.3771043771043771,0.5488215488215488,0.07407407407407407
0.15333333333333335,0.5066666666666667,0.0,0.3233333333333333,0.0,0.0,2013-10-29T02:12:57Z,ls8,qd9g4n30k1bn,0.3288135593220339,0.5152542372881356,0.15593220338983052
0.19333333333333336,0.5266666666666667,0.0,0.27,0.0,0.0,2013-11-06T02:07:22Z,ls7,qd9g4n30k1bn,0.2727272727272727,0.531986531986532,0.19528619528619529
0.10666666666666665,0.5933333333333334,0.0,0.2866666666666667,0.0,0.0,2013-11-14T02:12:57Z,ls8,qd9g4n30k1bn,0.2905405405405405,0.6013513513513513,0.10810810810810807
0.03666666666666667,0.6533333333333333,0.0,0.2966666666666667,0.0,0.0,2013-11-22T02:07:27Z,ls7,qd9g4n30k1bn,0.3006756756756757,0.6621621621621622,0.037162162162162164
0.07333333333333333,0.5866666666666667,0.0,0.32666666666666666,0.0,0.0,2013-11-30T02:12:52Z,ls8,qd9g4n30k1bn,0.3310810810810811,0.5945945945945946,0.07432432432432433
0.10999999999999999,0.5566666666666666,0.0,0.32,0.0,0.0,2013-12-08T02:07:35Z,ls7,qd9g4n30k1bn,0.32432432432432434,0.5641891891891891,0.11148648648648647
,,1.0,,,,2013-12-16T02:12:46Z,ls8,qd9g4n30k1bn,,,
,,1.0,,,,2013-12-24T02:07:37Z,ls7,qd9g4n30k1bn,,,
0.10333333333333333,0.5833333333333333,0.0,0.3,0.0,0.0,2014-01-09T02:07:40Z,ls7,qd9g4n30k1bn,0.30405405405405406,0.5912162162162162,0.10472972972972974
0.09333333333333334,0.6133333333333334,0.0,0.2833333333333334,0.0,0.0,2014-01-17T02:12:23Z,ls8,qd9g4n30k1bn,0.2861952861952862,0.6195286195286195,0.09427609427609428
0.24666666666666667,0.5499999999999999,0.0,0.18666666666666668,0.0,0.0,2014-01-25T02:08:00Z,ls7,qd9g4n30k1bn,0.18983050847457628,0.559322033898305,0.2508474576271187
0.09000000000000001,0.6033333333333334,0.0,0.2933333333333334,0.0,0.0,2014-02-02T02:12:17Z,ls8,qd9g4n30k1bn,0.29729729729729737,0.6114864864864865,0.09121621621621623
0.06,0.6499999999999999,0.0,0.27666666666666667,0.0,0.0,2014-02-10T02:08:05Z,ls7,qd9g4n30k1bn,0.28040540540540543,0.6587837837837838,0.060810810810810814
0.09666666666666666,0.5933333333333334,0.0,0.2933333333333334,0.0,0.0,2014-02-18T02:12:04Z,ls8,qd9g4n30k1bn,0.2983050847457627,0.6033898305084746,0.0983050847457627
0.043333333333333335,0.7100000000000001,0.0,0.23,0.0,0.0,2014-02-26T02:07:57Z,ls7,qd9g4n30k1bn,0.23389830508474577,0.7220338983050848,0.04406779661016949
0.11666666666666668,0.5866666666666667,0.0,0.2833333333333334,0.0,0.0,2014-03-06T02:11:48Z,ls8,qd9g4n30k1bn,0.28716216216216217,0.5945945945945945,0.11824324324324324
0.16666666666666666,0.55,0.0,0.27,0.0,0.0,2014-03-14T02:08:05Z,ls7,qd9g4n30k1bn,0.2736486486486487,0.5574324324324325,0.16891891891891891
0.11666666666666668,0.5766666666666667,0.0,0.2933333333333334,0.0,0.0,2014-03-22T02:11:38Z,ls8,qd9g4n30k1bn,0.2972972972972973,0.5844594594594593,0.11824324324324324
0.13333333333333333,0.5333333333333333,0.0,0.32333333333333336,0.0,0.0,2014-04-07T02:11:23Z,ls8,qd9g4n30k1bn,0.3265993265993266,0.5387205387205387,0.13468013468013468
,,1.0,,,,2014-04-15T02:08:18Z,ls7,qd9g4n30k1bn,,,
0.17333333333333334,0.5333333333333333,0.0,0.2833333333333334,0.0,0.0,2014-04-23T02:11:07Z,ls8,qd9g4n30k1bn,0.2861952861952862,0.5387205387205387,0.1750841750841751
0.04666666666666666,0.64,0.0,0.3066666666666667,0.0,0.0,2014-05-01T02:08:27Z,ls7,qd9g4n30k1bn,0.3087248322147651,0.6442953020134228,0.046979865771812075
,,1.0,,,,2014-05-09T02:10:51Z,ls8,qd9g4n30k1bn,,,
0.16333333333333333,0.5133333333333333,0.0,0.3166666666666667,0.0,0.0,2014-05-17T02:08:34Z,ls7,qd9g4n30k1bn,0.31879194630872487,0.5167785234899328,0.16442953020134227
,,1.0,,,,2014-05-25T02:10:45Z,ls8,qd9g4n30k1bn,,,
,,1.0,,,,2014-06-02T02:08:38Z,ls7,qd9g4n30k1bn,,,
,,1.0,,,,2014-06-10T02:10:55Z,ls8,qd9g4n30k1bn,,,
,,1.0,,,,2014-06-18T02:08:38Z,ls7,qd9g4n30k1bn,,,
,,1.0,,,,2014-06-26T02:10:57Z,ls8,qd9g4n30k1bn,,,
,,1.0,,,,2014-07-04T02:08:45Z,ls7,qd9g4n30k1bn,,,
0.25333333333333335,0.3933333333333333,0.0,0.3333333333333333,0.0,0.0,2014-07-12T02:11:06Z,ls8,qd9g4n30k1bn,0.3401360544217687,0.4013605442176871,0.2585034013605442
,,1.0,,,,2014-07-20T02:08:47Z,ls7,qd9g4n30k1bn,,,
0.17,0.4566666666666667,0.0,0.35999999999999993,0.0,0.0,2014-07-28T02:11:09Z,ls8,qd9g4n30k1bn,0.3648648648648648,0.4628378378378379,0.1722972972972973
0.21999999999999997,0.42333333333333334,0.0,0.3466666666666667,0.0,0.0,2014-08-05T02:08:53Z,ls7,qd9g4n30k1bn,0.3501683501683502,0.4276094276094276,0.2222222222222222
0.22333333333333336,0.4366666666666667,0.0,0.32666666666666666,0.0,0.0,2014-08-13T02:11:18Z,ls8,qd9g4n30k1bn,0.33108108108108103,0.44256756756756754,0.22635135135135134
0.13999999999999999,0.4633333333333334,0.0,0.38666666666666666,0.0,0.0,2014-08-21T02:08:52Z,ls7,qd9g4n30k1bn,0.3905723905723905,0.468013468013468,0.14141414141414138
0.20333333333333334,0.42333333333333334,0.0,0.35333333333333333,0.0,0.0,2014-08-29T02:11:19Z,ls8,qd9g4n30k1bn,0.36054421768707484,0.4319727891156463,0.20748299319727892
0.13333333333333333,0.5033333333333333,0.0,0.3466666666666667,0.0,0.0,2014-09-14T02:11:23Z,ls8,qd9g4n30k1bn,0.352542372881356,0.511864406779661,0.13559322033898305
,,1.0,,,,2014-09-22T02:08:58Z,ls7,qd9g4n30k1bn,,,
0.20333333333333337,0.44,0.0,0.34,0.0,0.0,2014-09-30T02:11:23Z,ls8,qd9g4n30k1bn,0.34576271186440677,0.44745762711864406,0.20677966101694917
0.07,0.5533333333333333,0.0,0.36000000000000004,0.0,0.0,2014-10-08T02:09:11Z,ls7,qd9g4n30k1bn,0.36610169491525424,0.5627118644067797,0.0711864406779661
,,1.0,,,,2014-10-16T02:11:28Z,ls8,qd9g4n30k1bn,,,
0.08,0.5866666666666667,0.0,0.32,0.0,0.0,2014-10-24T02:09:20Z,ls7,qd9g4n30k1bn,0.32432432432432434,0.5945945945945946,0.08108108108108109
0.16333333333333333,0.5133333333333333,0.0,0.31333333333333335,0.0,0.0,2014-11-01T02:11:25Z,ls8,qd9g4n30k1bn,0.3164983164983165,0.5185185185185185,0.16498316498316498
0.07666666666666666,0.5933333333333334,0.0,0.3166666666666667,0.0,0.0,2014-11-09T02:09:29Z,ls7,qd9g4n30k1bn,0.32094594594594594,0.6013513513513513,0.07770270270270269
0.11666666666666665,0.5833333333333334,0.0,0.2866666666666667,0.0,0.0,2014-11-17T02:11:26Z,ls8,qd9g4n30k1bn,0.2905405405405405,0.5912162162162161,0.11824324324324322
0.08666666666666667,0.6,0.0,0.30333333333333334,0.0,0.0,2014-11-25T02:09:32Z,ls7,qd9g4n30k1bn,0.3063973063973064,0.6060606060606061,0.08754208754208755
0.17,0.5233333333333333,0.0,0.29333333333333333,0.0,0.0,2014-12-03T02:11:25Z,ls8,qd9g4n30k1bn,0.2972972972972973,0.5304054054054054,0.1722972972972973
0.15,0.54,0.0,0.29333333333333333,0.0,0.0,2014-12-11T02:09:39Z,ls7,qd9g4n30k1bn,0.29830508474576267,0.5491525423728814,0.15254237288135591
0.11666666666666665,0.59,0.0,0.2833333333333333,0.0,0.0,2014-12-19T02:11:22Z,ls8,qd9g4n30k1bn,0.28619528619528617,0.5959595959595959,0.11784511784511784
0.10666666666666667,0.65,0.0,0.2333333333333333,0.0,0.0,2014-12-27T02:09:46Z,ls7,qd9g4n30k1bn,0.23569023569023567,0.6565656565656566,0.10774410774410775
0.1366666666666667,0.5966666666666667,0.0,0.25333333333333335,0.0,0.0,2015-01-04T02:11:17Z,ls8,qd9g4n30k1bn,0.25675675675675674,0.6047297297297296,0.13851351351351351
0.12,0.6266666666666667,0.0,0.24333333333333332,0.0,0.0,2015-01-12T02:09:49Z,ls7,qd9g4n30k1bn,0.24579124579124578,0.632996632996633,0.12121212121212122
0.10666666666666665,0.6466666666666666,0.0,0.23666666666666666,0.0,0.0,2015-01-20T02:11:13Z,ls8,qd9g4n30k1bn,0.23905723905723905,0.6531986531986531,0.10774410774410773
0.12333333333333334,0.6433333333333334,0.0,0.21666666666666667,0.0,0.0,2015-01-28T02:09:53Z,ls7,qd9g4n30k1bn,0.22033898305084745,0.6542372881355932,0.12542372881355932
0.09666666666666666,0.6033333333333334,0.0,0.2866666666666667,0.0,0.0,2015-02-05T02:11:10Z,ls8,qd9g4n30k1bn,0.2905405405405405,0.6114864864864864,0.09797297297297296
0.13333333333333333,0.63,0.0,0.22666666666666666,0.0,0.0,2015-02-21T02:11:03Z,ls8,qd9g4n30k1bn,0.22895622895622894,0.6363636363636364,0.13468013468013468
0.13333333333333333,0.6000000000000001,0.0,0.25,0.0,0.0,2015-03-09T02:10:54Z,ls8,qd9g4n30k1bn,0.2542372881355932,0.6101694915254238,0.13559322033898305
0.06666666666666667,0.68,0.0,0.24,0.0,0.0,2015-03-17T02:10:13Z,ls7,qd9g4n30k1bn,0.24324324324324323,0.6891891891891893,0.06756756756756757
0.16333333333333333,0.59,0.0,0.2333333333333333,0.0,0.0,2015-03-25T02:10:46Z,ls8,qd9g4n30k1bn,0.23648648648648649,0.597972972972973,0.16554054054054054
0.10333333333333333,0.5966666666666667,0.0,0.2833333333333334,0.0,0.0,2015-04-02T02:10:19Z,ls7,qd9g4n30k1bn,0.288135593220339,0.6067796610169491,0.10508474576271186
0.11,0.6133333333333334,0.0,0.26,0.0,0.0,2015-04-10T02:10:36Z,ls8,qd9g4n30k1bn,0.26440677966101694,0.6237288135593221,0.11186440677966102
0.15333333333333332,0.6133333333333334,0.0,0.22333333333333336,0.0,0.0,2015-04-18T02:10:28Z,ls7,qd9g4n30k1bn,0.2255892255892256,0.6195286195286195,0.15488215488215484
0.21666666666666667,0.48,0.0,0.2933333333333334,0.0,0.0,2015-04-26T02:10:33Z,ls8,qd9g4n30k1bn,0.29629629629629634,0.4848484848484848,0.21885521885521883
0.155,0.5800000000000001,0.33333333333333337,0.25,0.0,0.0,2015-05-04T02:10:34Z,ls7,qd9g4n30k1bn,0.25380710659898476,0.5888324873096447,0.15736040609137053
0.11333333333333333,0.6033333333333334,0.0,0.2733333333333334,0.0,0.0,2015-05-12T02:10:17Z,ls8,qd9g4n30k1bn,0.2760942760942761,0.6094276094276095,0.11447811447811447
0.13333333333333333,0.5566666666666666,0.0,0.2966666666666667,0.0,0.0,2015-05-20T02:10:42Z,ls7,qd9g4n30k1bn,0.3006756756756757,0.5641891891891893,0.13513513513513514
0.14,0.5266666666666667,0.0,0.32333333333333336,0.0,0.0,2015-05-28T02:10:19Z,ls8,qd9g4n30k1bn,0.3265993265993266,0.531986531986532,0.1414141414141414
,,1.0,,,,2015-06-05T02:10:48Z,ls7,qd9g4n30k1bn,,,
0.17333333333333334,0.4533333333333333,0.0,0.3566666666666667,0.0,0.0,2015-06-13T02:10:31Z,ls8,qd9g4n30k1bn,0.36271186440677966,0.4610169491525423,0.17627118644067796
0.2866666666666667,0.3833333333333333,0.0,0.3233333333333333,0.0,0.0,2015-06-29T02:10:37Z,ls8,qd9g4n30k1bn,0.325503355704698,0.38590604026845643,0.2885906040268457
0.16666666666666666,0.49999999999999994,0.0,0.32333333333333336,0.0,0.0,2015-07-07T02:10:56Z,ls7,qd9g4n30k1bn,0.32659932659932667,0.5050505050505051,0.16835016835016836
0.23666666666666666,0.4466666666666667,0.0,0.3,0.0,0.0,2015-07-15T02:10:47Z,ls8,qd9g4n30k1bn,0.30508474576271183,0.4542372881355932,0.2406779661016949
0.0,0.0,0.6666666666666667,0.0,0.0,1.0,2015-08-08T02:11:03Z,ls7,qd9g4n30k1bn,0.0,0.0,0.0
,,1.0,,,,2015-08-16T02:10:57Z,ls8,qd9g4n30k1bn,,,
0.18333333333333335,0.5166666666666666,0.0,0.2866666666666667,0.0,0.0,2015-08-24T02:11:05Z,ls7,qd9g4n30k1bn,0.29054054054054057,0.5236486486486487,0.18581081081081086
,,1.0,,,,2015-09-01T02:11:03Z,ls8,qd9g4n30k1bn,,,
,,1.0,,,,2015-09-09T02:11:08Z,ls7,qd9g4n30k1bn,,,
0.16666666666666666,0.5266666666666666,0.0,0.29333333333333333,0.0,0.0,2015-09-17T02:11:11Z,ls8,qd9g4n30k1bn,0.2972972972972973,0.5337837837837838,0.16891891891891891
0.12333333333333334,0.5566666666666666,0.0,0.3066666666666667,0.0,0.0,2015-09-25T02:11:12Z,ls7,qd9g4n30k1bn,0.31081081081081086,0.5641891891891893,0.12500000000000003
,,1.0,,,,2015-10-03T02:11:15Z,ls8,qd9g4n30k1bn,,,
,,1.0,,,,2015-10-11T02:11:21Z,ls7,qd9g4n30k1bn,,,
0.1366666666666667,0.5399999999999999,0.0,0.31,0.0,0.0,2015-10-19T02:11:17Z,ls8,qd9g4n30k1bn,0.3141891891891892,0.5472972972972973,0.13851351351351354
,,1.0,,,,2015-10-27T02:11:38Z,ls7,qd9g4n30k1bn,,,
0.1466666666666667,0.59,0.0,0.25,0.0,0.0,2015-11-04T02:11:21Z,ls8,qd9g4n30k1bn,0.2533783783783784,0.5979729729729729,0.14864864864864868
0.23,0.53,0.6666666666666667,0.24,0.0,0.0,2015-11-12T02:11:54Z,ls7,qd9g4n30k1bn,0.24,0.53,0.23
0.21,0.5199999999999999,0.0,0.26,0.0,0.0,2015-11-20T02:11:23Z,ls8,qd9g4n30k1bn,0.26262626262626265,0.5252525252525252,0.21212121212121213
0.08333333333333333,0.6433333333333334,0.0,0.26333333333333336,0.0,0.0,2015-11-28T02:12:07Z,ls7,qd9g4n30k1bn,0.265993265993266,0.6498316498316499,0.08417508417508417
0.14333333333333334,0.5533333333333333,0.0,0.2866666666666667,0.0,0.0,2015-12-06T02:11:22Z,ls8,qd9g4n30k1bn,0.29152542372881357,0.5627118644067797,0.14576271186440679
0.12,0.6233333333333334,0.0,0.24666666666666667,0.0,0.0,2015-12-14T02:12:24Z,ls7,qd9g4n30k1bn,0.24915824915824913,0.6296296296296297,0.1212121212121212
0.11333333333333333,0.6633333333333332,0.0,0.21333333333333335,0.0,0.0,2015-12-22T02:11:23Z,ls8,qd9g4n30k1bn,0.21548821548821553,0.67003367003367,0.11447811447811448
,,1.0,,,,2015-12-30T02:12:36Z,ls7,qd9g4n30k1bn,,,
0.10333333333333333,0.6466666666666666,0.0,0.23333333333333336,0.0,0.0,2016-01-07T02:11:18Z,ls8,qd9g4n30k1bn,0.23728813559322035,0.6576271186440678,0.10508474576271186
0.10000000000000002,0.6766666666666667,0.0,0.2066666666666667,0.0,0.0,2016-01-15T02:12:52Z,ls7,qd9g4n30k1bn,0.21016949152542375,0.688135593220339,0.10169491525423731
0.19000000000000003,0.5533333333333333,0.0,0.24333333333333332,0.0,0.0,2016-01-23T02:11:19Z,ls8,qd9g4n30k1bn,0.2466216216216216,0.5608108108108109,0.1925675675675676
0.16333333333333333,0.5499999999999999,0.0,0.27666666666666667,0.0,0.0,2016-02-08T02:11:15Z,ls8,qd9g4n30k1bn,0.27946127946127947,0.5555555555555555,0.16498316498316498
,,1.0,,,,2016-02-16T02:13:07Z,ls7,qd9g4n30k1bn,,,
0.13333333333333333,0.6499999999999999,0.0,0.2066666666666667,0.0,0.0,2016-02-24T02:11:08Z,ls8,qd9g4n30k1bn,0.2087542087542088,0.6565656565656566,0.1346801346801347
,,1.0,,,,2016-03-03T02:13:13Z,ls7,qd9g4n30k1bn,,,
0.1366666666666667,0.63,0.0,0.21666666666666667,0.0,0.0,2016-03-11T02:11:06Z,ls8,qd9g4n30k1bn,0.22033898305084745,0.6406779661016949,0.13898305084745763
,,1.0,,,,2016-03-19T02:13:21Z,ls7,qd9g4n30k1bn,,,
,,1.0,,,,2016-04-04T02:13:24Z,ls7,qd9g4n30k1bn,,,
,,1.0,,,,2016-04-20T02:13:33Z,ls7,qd9g4n30k1bn,,,
0.2833333333333333,0.4666666666666666,0.0,0.24333333333333332,0.0,0.0,2016-04-28T02:10:48Z,ls8,qd9g4n30k1bn,0.24496644295302014,0.4697986577181208,0.2852348993288591
,,1.0,,,,2016-05-06T02:13:38Z,ls7,qd9g4n30k1bn,,,
,,1.0,,,,2016-05-14T02:10:47Z,ls8,qd9g4n30k1bn,,,
0.2333333333333333,0.5133333333333333,0.0,0.24,0.0,0.0,2016-05-22T02:13:40Z,ls7,qd9g4n30k1bn,0.24324324324324326,0.5202702702702703,0.23648648648648649
0.16666666666666666,0.5266666666666666,0.0,0.2966666666666667,0.0,0.0,2016-05-30T02:10:54Z,ls8,qd9g4n30k1bn,0.29966329966329974,0.531986531986532,0.16835016835016836
0.1466666666666667,0.48666666666666664,0.0,0.35333333333333333,0.0,0.0,2016-06-15T02:10:56Z,ls8,qd9g4n30k1bn,0.3581081081081081,0.4932432432432432,0.14864864864864868
,,1.0,,,,2016-06-23T02:13:48Z,ls7,qd9g4n30k1bn,,,
0.20333333333333337,0.49333333333333335,0.0,0.29,0.0,0.0,2016-07-01T02:11:05Z,ls8,qd9g4n30k1bn,0.2939189189189189,0.5,0.2060810810810811
,,1.0,,,,2016-07-09T02:13:48Z,ls7,qd9g4n30k1bn,,,
0.0,0.0,0.0,0.0,0.6666666666666666,0.3333333333333333,2016-07-17T02:11:12Z,ls8,qd9g4n30k1bn,0.0,0.0,0.0
0.33,0.36,0.6666666666666667,0.29,0.0,0.0,2016-07-25T02:13:50Z,ls7,qd9g4n30k1bn,0.29591836734693877,0.3673469387755102,0.33673469387755106
0.2333333333333333,0.4666666666666666,0.0,0.2866666666666667,0.0,0.0,2016-08-02T02:11:16Z,ls8,qd9g4n30k1bn,0.29054054054054057,0.47297297297297297,0.23648648648648649
0.2733333333333334,0.4366666666666667,0.0,0.27666666666666667,0.0,0.0,2016-08-10T02:13:52Z,ls7,qd9g4n30k1bn,0.2804054054054054,0.44256756756756754,0.27702702702702703
0.17,0.5266666666666667,0.0,0.29000000000000004,0.0,0.0,2016-08-18T02:11:20Z,ls8,qd9g4n30k1bn,0.2939189189189189,0.5337837837837838,0.17229729729729729
,,1.0,,,,2016-08-26T02:13:54Z,ls7,qd9g4n30k1bn,,,
0.16333333333333336,0.5199999999999999,0.0,0.3066666666666667,0.0,0.0,2016-09-03T02:11:26Z,ls8,qd9g4n30k1bn,0.3097643097643098,0.5252525252525252,0.164983164983165
0.0,0.0,0.0,0.0,0.0,1.0,2016-09-19T02:11:28Z,ls8,qd9g4n30k1bn,0.0,0.0,0.0
,,1.0,,,,2016-09-27T02:13:59Z,ls7,qd9g4n30k1bn,,,
0.14,0.5666666666666667,0.0,0.27666666666666667,0.0,0.0,2016-10-05T02:11:31Z,ls8,qd9g4n30k1bn,0.28135593220338984,0.576271186440678,0.14237288135593223
,,1.0,,,,2016-10-13T02:13:59Z,ls7,qd9g4n30k1bn,,,
0.16333333333333333,0.55,0.0,0.27,0.0,0.0,2016-10-21T02:11:35Z,ls8,qd9g4n30k1bn,0.2745762711864407,0.5593220338983051,0.16610169491525423
0.08333333333333333,0.6499999999999999,0.0,0.25333333333333335,0.0,0.0,2016-10-29T02:13:55Z,ls7,qd9g4n30k1bn,0.2567567567567568,0.6587837837837837,0.08445945945945946
0.13999999999999999,0.5933333333333334,0.0,0.25666666666666665,0.0,0.0,2016-11-06T02:11:35Z,ls8,qd9g4n30k1bn,0.25925925925925924,0.5993265993265993,0.14141414141414138
0.13333333333333333,0.5833333333333334,0.0,0.27,0.0,0.0,2016-11-14T02:13:47Z,ls7,qd9g4n30k1bn,0.2736486486486487,0.5912162162162162,0.13513513513513514
0.12666666666666668,0.59,0.0,0.2733333333333334,0.0,0.0,2016-11-22T02:11:35Z,ls8,qd9g4n30k1bn,0.2760942760942761,0.5959595959595959,0.12794612794612795
0.04,0.7766666666666667,0.0,0.17666666666666667,0.0,0.0,2016-11-30T02:13:45Z,ls7,qd9g4n30k1bn,0.17785234899328858,0.7818791946308725,0.040268456375838924
0.05666666666666667,0.8000000000000002,0.0,0.13333333333333333,0.0,0.0,2016-12-08T02:11:33Z,ls8,qd9g4n30k1bn,0.13468013468013468,0.8080808080808082,0.057239057239057235
0.10666666666666667,0.7133333333333334,0.0,0.16666666666666666,0.0,0.0,2016-12-16T02:13:40Z,ls7,qd9g4n30k1bn,0.16891891891891891,0.722972972972973,0.10810810810810811
0.08666666666666667,0.7266666666666666,0.0,0.17,0.0,0.0,2016-12-24T02:11:28Z,ls8,qd9g4n30k1bn,0.1728813559322034,0.7389830508474575,0.088135593220339
0.12333333333333334,0.6900000000000001,0.0,0.17333333333333334,0.0,0.0,2017-01-01T02:13:32Z,ls7,qd9g4n30k1bn,0.17567567567567569,0.6993243243243243,0.125
0.09666666666666668,0.7533333333333333,0.0,0.1366666666666667,0.0,0.0,2017-01-09T02:11:25Z,ls8,qd9g4n30k1bn,0.13851351351351354,0.7635135135135135,0.09797297297297299
0.16333333333333336,0.66,0.0,0.17,0.0,0.0,2017-01-17T02:13:22Z,ls7,qd9g4n30k1bn,0.17114093959731544,0.6644295302013423,0.1644295302013423
0.13666666666666666,0.68,0.0,0.16333333333333336,0.0,0.0,2017-01-25T02:11:20Z,ls8,qd9g4n30k1bn,0.16666666666666669,0.6938775510204083,0.13945578231292516
0.06,0.7333333333333333,0.0,0.19666666666666666,0.0,0.0,2017-02-02T02:13:14Z,ls7,qd9g4n30k1bn,0.19865319865319864,0.7407407407407407,0.06060606060606061
,,1.0,,,,2017-02-10T02:11:12Z,ls8,qd9g4n30k1bn,,,
,,1.0,,,,2017-02-18T02:13:13Z,ls7,qd9g4n30k1bn,,,
0.07666666666666667,0.8066666666666666,0.0,0.10666666666666669,0.0,0.0,2017-02-26T02:11:07Z,ls8,qd9g4n30k1bn,0.10774410774410777,0.8148148148148148,0.07744107744107745
0.07666666666666667,0.7433333333333333,0.0,0.17,0.0,0.0,2017-03-06T02:13:21Z,ls7,qd9g4n30k1bn,0.17171717171717174,0.7508417508417508,0.07744107744107745
,,1.0,,,,2017-03-14T02:10:58Z,ls8,qd9g4n30k1bn,,,
0.03333333333333333,0.7733333333333333,0.0,0.18000000000000002,0.0,0.0,2017-03-22T02:13:27Z,ls7,qd9g4n30k1bn,0.18243243243243246,0.7837837837837838,0.033783783783783786
0.12666666666666668,0.7266666666666666,0.0,0.13333333333333333,0.0,0.0,2017-03-30T02:10:50Z,ls8,qd9g4n30k1bn,0.13513513513513514,0.7364864864864864,0.1283783783783784
,,1.0,,,,2017-04-07T02:13:31Z,ls7,qd9g4n30k1bn,,,
0.08333333333333333,0.7666666666666666,0.0,0.14,0.0,0.0,2017-04-15T02:10:42Z,ls8,qd9g4n30k1bn,0.14141414141414144,0.7744107744107743,0.08417508417508417
0.08666666666666667,0.7066666666666667,0.0,0.19666666666666666,0.0,0.0,2017-04-23T02:13:38Z,ls7,qd9g4n30k1bn,0.19865319865319864,0.7138047138047138,0.08754208754208755
0.07,0.81,0.0,0.10666666666666667,0.0,0.0,2017-05-01T02:10:31Z,ls8,qd9g4n30k1bn,0.1081081081081081,0.8209459459459458,0.07094594594594594
0.09000000000000001,0.71,0.0,0.19000000000000003,0.0,0.0,2017-05-17T02:10:42Z,ls8,qd9g4n30k1bn,0.19191919191919196,0.7171717171717171,0.09090909090909093
0.11333333333333334,0.6499999999999999,0.0,0.22333333333333336,0.0,0.0,2017-05-25T02:13:45Z,ls7,qd9g4n30k1bn,0.2263513513513514,0.6587837837837838,0.11486486486486489
,,1.0,,,,2017-06-02T02:10:51Z,ls8,qd9g4n30k1bn,,,
,,1.0,,,,2017-06-10T02:13:50Z,ls7,qd9g4n30k1bn,,,
0.10999999999999999,0.7333333333333334,0.0,0.14,0.0,0.0,2017-06-18T02:10:58Z,ls8,qd9g4n30k1bn,0.1423728813559322,0.7457627118644068,0.111864406779661
0.17333333333333334,0.5766666666666668,0.0,0.23666666666666666,0.0,0.0,2017-06-26T02:13:53Z,ls7,qd9g4n30k1bn,0.23986486486486483,0.5844594594594595,0.17567567567567566
0.06666666666666667,0.7400000000000001,0.0,0.18666666666666665,0.0,0.0,2017-07-04T02:11:02Z,ls8,qd9g4n30k1bn,0.1879194630872483,0.7449664429530202,0.06711409395973154
0.015,0.78,0.33333333333333337,0.19,0.0,0.0,2017-07-12T02:13:54Z,ls7,qd9g4n30k1bn,0.19289340101522842,0.7918781725888325,0.015228426395939085
0.02,0.7666666666666666,0.0,0.20333333333333334,0.0,0.0,2017-07-20T02:11:06Z,ls8,qd9g4n30k1bn,0.2053872053872054,0.7744107744107743,0.020202020202020204
,,1.0,,,,2017-08-05T02:11:14Z,ls8,qd9g4n30k1bn,,,
0.045,0.73,0.33333333333333337,0.21500000000000002,0.0,0.0,2017-08-13T02:13:50Z,ls7,qd9g4n30k1bn,0.21717171717171718,0.7373737373737372,0.04545454545454545
,,1.0,,,,2017-08-21T02:11:19Z,ls8,qd9g4n30k1bn,,,
0.14500000000000002,0.6,0.33333333333333337,0.245,0.0,0.0,2017-08-29T02:13:51Z,ls7,qd9g4n30k1bn,0.2474747474747475,0.6060606060606061,0.1464646464646465
,,1.0,,,,2017-09-06T02:11:21Z,ls8,qd9g4n30k1bn,,,
0.07,0.7133333333333334,0.0,0.20666666666666667,0.0,0.0,2017-09-14T02:13:49Z,ls7,qd9g4n30k1bn,0.20875420875420875,0.7205387205387206,0.07070707070707072
0.09666666666666668,0.6766666666666666,0.0,0.22,0.0,0.0,2017-09-30T02:13:50Z,ls7,qd9g4n30k1bn,0.2214765100671141,0.6812080536912751,0.09731543624161075
,,1.0,,,,2017-10-08T02:11:30Z,ls8,qd9g4n30k1bn,,,
0.05666666666666667,0.7766666666666667,0.0,0.1566666666666667,0.0,0.0,2017-10-24T02:11:33Z,ls8,qd9g4n30k1bn,0.15824915824915828,0.7845117845117845,0.057239057239057235
0.14666666666666667,0.6066666666666666,0.0,0.24,0.0,0.0,2017-11-01T02:13:52Z,ls7,qd9g4n30k1bn,0.2416107382550336,0.610738255033557,0.14765100671140943
0.08,0.7733333333333334,0.0,0.1366666666666667,0.0,0.0,2017-11-09T02:11:31Z,ls8,qd9g4n30k1bn,0.13804713804713806,0.7811447811447811,0.0808080808080808
0.07666666666666667,0.7233333333333333,0.0,0.19000000000000003,0.0,0.0,2017-11-25T02:11:25Z,ls8,qd9g4n30k1bn,0.19191919191919196,0.7306397306397305,0.07744107744107745
,,1.0,,,,2017-12-03T02:13:43Z,ls7,qd9g4n30k1bn,,,
0.036666666666666674,0.79,0.0,0.16,0.0,0.0,2017-12-11T02:11:23Z,ls8,qd9g4n30k1bn,0.16216216216216217,0.8006756756756757,0.03716216216216217
,,1.0,,,,2017-12-19T02:13:34Z,ls7,qd9g4n30k1bn,,,
0.06,0.7766666666666667,0.0,0.15333333333333332,0.0,0.0,2017-12-27T02:11:25Z,ls8,qd9g4n30k1bn,0.15488215488215487,0.7845117845117846,0.06060606060606061
0.17,0.6233333333333333,0.0,0.19000000000000003,0.0,0.0,2018-01-04T02:13:22Z,ls7,qd9g4n30k1bn,0.19322033898305085,0.6338983050847457,0.17288135593220338
0.10333333333333333,0.7566666666666667,0.0,0.13,0.0,0.0,2018-01-12T02:11:19Z,ls8,qd9g4n30k1bn,0.13131313131313133,0.7643097643097644,0.10437710437710437
,,1.0,,,,2018-01-20T02:13:08Z,ls7,qd9g4n30k1bn,,,
0.08333333333333333,0.7566666666666667,0.0,0.14666666666666667,0.0,0.0,2018-01-28T02:11:10Z,ls8,qd9g4n30k1bn,0.14864864864864866,0.7668918918918919,0.08445945945945946
0.13,0.65,0.33333333333333337,0.21000000000000002,0.0,0.0,2018-02-13T02:11:03Z,ls8,qd9g4n30k1bn,0.21212121212121213,0.6565656565656566,0.1313131313131313
0.09,0.69,0.6666666666666667,0.21,0.0,0.0,2018-02-21T02:12:42Z,ls7,qd9g4n30k1bn,0.21212121212121213,0.696969696969697,0.09090909090909091
0.04666666666666667,0.7633333333333333,0.0,0.18333333333333335,0.0,0.0,2018-03-01T02:10:57Z,ls8,qd9g4n30k1bn,0.18456375838926176,0.7684563758389262,0.04697986577181208
0.03666666666666667,0.7866666666666667,0.0,0.16,0.0,0.0,2018-03-09T02:12:31Z,ls7,qd9g4n30k1bn,0.16271186440677965,0.8,0.037288135593220334
,,1.0,,,,2018-03-17T02:10:47Z,ls8,qd9g4n30k1bn,,,
0.06666666666666667,0.7566666666666667,0.0,0.16,0.0,0.0,2018-04-02T02:10:41Z,ls8,qd9g4n30k1bn,0.16271186440677965,0.7694915254237288,0.06779661016949153
,,1.0,,,,2018-04-18T02:10:31Z,ls8,qd9g4n30k1bn,,,
,,1.0,,,,2018-04-26T02:11:47Z,ls7,qd9g4n30k1bn,,,
0.10666666666666665,0.71,0.0,0.17333333333333334,0.0,0.0,2018-05-04T02:10:23Z,ls8,qd9g4n30k1bn,0.1750841750841751,0.7171717171717171,0.10774410774410773
0.16,0.64,0.0,0.19000000000000003,0.0,0.0,2018-05-12T02:11:30Z,ls7,qd9g4n30k1bn,0.19191919191919193,0.6464646464646464,0.1616161616161616
0.15,0.6566666666666666,0.0,0.18333333333333335,0.0,0.0,2018-05-20T02:10:11Z,ls8,qd9g4n30k1bn,0.1851851851851852,0.6632996632996633,0.15151515151515152
,,1.0,,,,2018-05-28T02:11:16Z,ls7,qd9g4n30k1bn,,,
0.10333333333333333,0.6666666666666666,0.0,0.22,0.0,0.0,2018-06-13T02:10:59Z,ls7,qd9g4n30k1bn,0.22222222222222224,0.6734006734006733,0.10437710437710437
,,1.0,,,,2018-06-21T02:10:12Z,ls8,qd9g4n30k1bn,,,
0.11666666666666665,0.6,0.0,0.26666666666666666,0.0,0.0,2018-06-29T02:10:41Z,ls7,qd9g4n30k1bn,0.2711864406779661,0.6101694915254237,0.11864406779661014
0.20333333333333334,0.5933333333333333,0.0,0.19000000000000003,0.0,0.0,2018-07-07T02:10:21Z,ls8,qd9g4n30k1bn,0.1925675675675676,0.6013513513513513,0.20608108108108109
0.049999999999999996,0.4566666666666667,0.0,0.15666666666666665,0.0,0.3333333333333333,2018-07-15T02:10:22Z,ls7,qd9g4n30k1bn,0.15745393634840868,0.45896147403685095,0.050251256281407024
,,1.0,,,,2018-07-23T02:10:27Z,ls8,qd9g4n30k1bn,,,
0.16,0.5833333333333334,0.0,0.24,0.0,0.0,2018-07-31T02:10:05Z,ls7,qd9g4n30k1bn,0.24406779661016947,0.5932203389830508,0.16271186440677965
,,1.0,,,,2018-08-08T02:10:36Z,ls8,qd9g4n30k1bn,,,
0.16,0.5666666666666668,0.0,0.26333333333333336,0.0,0.0,2018-08-16T02:09:47Z,ls7,qd9g4n30k1bn,0.265993265993266,0.5723905723905724,0.1616161616161616
0.15,0.63,0.0,0.20666666666666667,0.0,0.0,2018-08-24T02:10:44Z,ls8,qd9g4n30k1bn,0.20945945945945946,0.6385135135135135,0.15202702702702703
,,1.0,,,,2018-09-01T02:09:28Z,ls7,qd9g4n30k1bn,,,
0.12333333333333334,0.6233333333333334,0.0,0.23666666666666666,0.0,0.0,2018-09-09T02:10:50Z,ls8,qd9g4n30k1bn,0.2406779661016949,0.6338983050847458,0.12542372881355932
0.10333333333333333,0.62,0.0,0.26333333333333336,0.0,0.0,2018-09-17T02:09:07Z,ls7,qd9g4n30k1bn,0.26689189189189194,0.6283783783783784,0.10472972972972974
0.11,0.6433333333333333,0.0,0.2333333333333333,0.0,0.0,2018-09-25T02:10:55Z,ls8,qd9g4n30k1bn,0.23648648648648649,0.6520270270270271,0.1114864864864865
,,1.0,,,,2018-10-03T02:08:44Z,ls7,qd9g4n30k1bn,,,
,,1.0,,,,2018-10-11T02:11:03Z,ls8,qd9g4n30k1bn,,,
0.10666666666666667,0.65,0.0,0.2333333333333333,0.0,0.0,2018-10-19T02:08:21Z,ls7,qd9g4n30k1bn,0.23569023569023567,0.6565656565656566,0.10774410774410775
0.13333333333333333,0.6266666666666667,0.0,0.22666666666666666,0.0,0.0,2018-10-27T02:11:08Z,ls8,qd9g4n30k1bn,0.22972972972972971,0.6351351351351352,0.13513513513513514
,,1.0,,,,2018-11-04T02:08:00Z,ls7,qd9g4n30k1bn,,,
0.06333333333333334,0.7533333333333334,0.0,0.17333333333333334,0.0,0.0,2018-11-12T02:11:10Z,ls8,qd9g4n30k1bn,0.17508417508417506,0.7609427609427609,0.06397306397306397
0.13,0.6766666666666667,0.0,0.18000000000000002,0.0,0.0,2018-11-20T02:07:38Z,ls7,qd9g4n30k1bn,0.18243243243243243,0.6858108108108107,0.13175675675675674
0.07333333333333335,0.7466666666666667,0.0,0.17,0.0,0.0,2018-11-28T02:11:10Z,ls8,qd9g4n30k1bn,0.1717171717171717,0.7542087542087542,0.07407407407407408
0.11,0.7266666666666667,0.0,0.15,0.0,0.0,2018-12-14T02:11:06Z,ls8,qd9g4n30k1bn,0.15202702702702703,0.7364864864864865,0.11148648648648649
0.24,0.54,0.6666666666666667,0.21,0.0,0.0,2018-12-22T02:06:46Z,ls7,qd9g4n30k1bn,0.21212121212121213,0.5454545454545455,0.24242424242424243
0.06666666666666667,0.7333333333333334,0.0,0.18666666666666668,0.0,0.0,2018-12-30T02:11:07Z,ls8,qd9g4n30k1bn,0.1891891891891892,0.7432432432432433,0.06756756756756757
0.08,0.7033333333333333,0.0,0.20666666666666667,0.0,0.0,2019-01-07T02:06:17Z,ls7,qd9g4n30k1bn,0.20875420875420878,0.7104377104377104,0.08080808080808081
0.10333333333333333,0.75,0.0,0.13333333333333333,0.0,0.0,2019-01-15T02:11:05Z,ls8,qd9g4n30k1bn,0.13513513513513514,0.7601351351351352,0.10472972972972974
,,1.0,,,,2019-01-23T02:05:46Z,ls7,qd9g4n30k1bn,,,
,,1.0,,,,2019-01-30T02:11:43Z,ls7,qd9g4n30k1bn,,,
0.11333333333333334,0.7366666666666667,0.0,0.14,0.0,0.0,2019-01-31T02:11:01Z,ls8,qd9g4n30k1bn,0.14141414141414144,0.7441077441077442,0.11447811447811448
0.04666666666666667,0.79,0.0,0.14666666666666667,0.0,0.0,2019-02-08T02:05:17Z,ls7,qd9g4n30k1bn,0.14915254237288134,0.8033898305084746,0.04745762711864407
,,1.0,,,,2019-02-15T02:11:15Z,ls7,qd9g4n30k1bn,,,
,,1.0,,,,2019-02-16T02:10:59Z,ls8,qd9g4n30k1bn,,,
,,1.0,,,,2019-02-24T02:04:48Z,ls7,qd9g4n30k1bn,,,
,,1.0,,,,2019-03-03T02:10:45Z,ls7,qd9g4n30k1bn,,,
,,1.0,,,,2019-03-04T02:10:54Z,ls8,qd9g4n30k1bn,,,
0.1466666666666667,0.6433333333333334,0.0,0.19000000000000003,0.0,0.0,2019-03-12T02:04:17Z,ls7,qd9g4n30k1bn,0.19387755102040816,0.6564625850340136,0.14965986394557823
,,1.0,,,,2019-03-19T02:10:14Z,ls7,qd9g4n30k1bn,,,
0.05666666666666667,0.7566666666666667,0.0,0.16666666666666666,0.0,0.0,2019-03-20T02:10:49Z,ls8,qd9g4n30k1bn,0.17006802721088435,0.772108843537415,0.05782312925170068
0.15333333333333335,0.6866666666666666,0.0,0.15,0.0,0.0,2019-03-28T02:03:45Z,ls7,qd9g4n30k1bn,0.15151515151515152,0.6936026936026936,0.1548821548821549
0.17333333333333334,0.6633333333333332,0.0,0.15000000000000002,0.0,0.0,2019-04-05T02:10:46Z,ls8,qd9g4n30k1bn,0.15202702702702706,0.6722972972972973,0.17567567567567569
,,1.0,,,,2019-04-13T02:03:12Z,ls7,qd9g4n30k1bn,,,
0.1466666666666667,0.6666666666666666,0.0,0.17666666666666667,0.0,0.0,2019-04-21T02:10:39Z,ls8,qd9g4n30k1bn,0.17845117845117844,0.6734006734006733,0.14814814814814817
0.13,0.6733333333333333,0.0,0.17666666666666667,0.0,0.0,2019-05-07T02:10:43Z,ls8,qd9g4n30k1bn,0.18027210884353742,0.6870748299319728,0.1326530612244898
0.17333333333333334,0.6433333333333334,0.0,0.17333333333333334,0.0,0.0,2019-05-15T02:01:59Z,ls7,qd9g4n30k1bn,0.17508417508417506,0.6498316498316499,0.17508417508417506
,,1.0,,,,2019-05-22T02:07:53Z,ls7,qd9g4n30k1bn,,,
,,1.0,,,,2019-05-23T02:10:53Z,ls8,qd9g4n30k1bn,,,
,,1.0,,,,2019-05-31T02:01:24Z,ls7,qd9g4n30k1bn,,,
0.02,0.8000000000000002,0.0,0.17333333333333334,0.0,0.0,2019-06-08T02:11:01Z,ls8,qd9g4n30k1bn,0.17449664429530198,0.8053691275167786,0.02013422818791946
0.13333333333333333,0.6666666666666666,0.0,0.19333333333333333,0.0,0.0,2019-06-24T02:11:07Z,ls8,qd9g4n30k1bn,0.19463087248322147,0.6711409395973155,0.1342281879194631
,,1.0,,,,2019-07-02T02:00:13Z,ls7,qd9g4n30k1bn,,,
,,1.0,,,,2019-07-10T02:11:10Z,ls8,qd9g4n30k1bn,,,
0.11666666666666665,0.6333333333333333,0.0,0.24,0.0,0.0,2019-07-18T01:59:36Z,ls7,qd9g4n30k1bn,0.24242424242424243,0.6397306397306397,0.11784511784511784
,,1.0,,,,2019-07-26T02:11:15Z,ls8,qd9g4n30k1bn,,,
,,1.0,,,,2019-08-03T01:58:57Z,ls7,qd9g4n30k1bn,,,
,,1.0,,,,2019-08-10T02:04:51Z,ls7,qd9g4n30k1bn,,,
0.21333333333333335,0.5599999999999999,0.0,0.21,0.0,0.0,2019-08-11T02:11:21Z,ls8,qd9g4n30k1bn,0.2135593220338983,0.5694915254237288,0.2169491525423729
0.22,0.5333333333333333,0.0,0.2333333333333333,0.0,0.0,2019-08-19T01:58:17Z,ls7,qd9g4n30k1bn,0.23648648648648649,0.5405405405405406,0.222972972972973
,,1.0,,,,2019-08-26T02:04:10Z,ls7,qd9g4n30k1bn,,,
0.18333333333333335,0.5666666666666667,0.0,0.2333333333333333,0.0,0.0,2019-08-27T02:11:25Z,ls8,qd9g4n30k1bn,0.23728813559322032,0.576271186440678,0.18644067796610173
,,1.0,,,,2019-09-04T01:57:36Z,ls7,qd9g4n30k1bn,,,
0.11666666666666665,0.6666666666666666,0.0,0.20666666666666664,0.0,0.0,2019-09-12T02:11:30Z,ls8,qd9g4n30k1bn,0.20875420875420872,0.6734006734006733,0.11784511784511784
0.06666666666666667,0.6699999999999999,0.0,0.25333333333333335,0.0,0.0,2019-09-20T01:56:54Z,ls7,qd9g4n30k1bn,0.2558922558922559,0.6767676767676767,0.06734006734006734
,,1.0,,,,2019-09-27T02:02:46Z,ls7,qd9g4n30k1bn,,,
0.12333333333333334,0.63,0.0,0.2333333333333333,0.0,0.0,2019-09-28T02:11:35Z,ls8,qd9g4n30k1bn,0.23648648648648649,0.6385135135135136,0.12500000000000003
,,1.0,,,,2019-10-06T01:56:13Z,ls7,qd9g4n30k1bn,,,
,,1.0,,,,2019-10-14T02:11:38Z,ls8,qd9g4n30k1bn,,,
0.12,0.66,0.0,0.21,0.0,0.0,2019-10-22T01:55:33Z,ls7,qd9g4n30k1bn,0.21212121212121213,0.6666666666666667,0.12121212121212122
,,1.0,,,,2019-10-29T02:01:25Z,ls7,qd9g4n30k1bn,,,
0.08,0.7266666666666666,0.0,0.18333333333333335,0.0,0.0,2019-10-30T02:11:38Z,ls8,qd9g4n30k1bn,0.18518518518518523,0.734006734006734,0.08080808080808081
0.18666666666666668,0.59,0.0,0.21,0.0,0.0,2019-11-07T01:54:50Z,ls7,qd9g4n30k1bn,0.21283783783783786,0.597972972972973,0.18918918918918923
,,1.0,,,,2019-11-14T02:00:42Z,ls7,qd9g4n30k1bn,,,
0.14,0.6466666666666667,0.0,0.19999999999999998,0.0,0.0,2019-11-15T02:11:35Z,ls8,qd9g4n30k1bn,0.2027027027027027,0.6554054054054055,0.1418918918918919
0.10333333333333333,0.6766666666666667,0.0,0.21,0.0,0.0,2019-11-23T01:54:06Z,ls7,qd9g4n30k1bn,0.21212121212121213,0.6835016835016836,0.10437710437710437
,,1.0,,,,2019-11-30T01:59:56Z,ls7,qd9g4n30k1bn,,,
0.11666666666666665,0.7000000000000001,0.0,0.17333333333333334,0.0,0.0,2019-12-01T02:11:33Z,ls8,qd9g4n30k1bn,0.17508417508417506,0.7070707070707071,0.11784511784511782
,,1.0,,,,2019-12-09T01:53:19Z,ls7,qd9g4n30k1bn,,,
,,1.0,,,,2019-12-16T01:59:09Z,ls7,qd9g4n30k1bn,,,
,,1.0,,,,2019-12-17T02:11:32Z,ls8,qd9g4n30k1bn,,,
0.13999999999999999,0.6366666666666667,0.0,0.21,0.0,0.0,2019-12-25T01:52:30Z,ls7,qd9g4n30k1bn,0.21283783783783783,0.6452702702702703,0.14189189189189189
,,1.0,,,,2020-01-01T01:58:19Z,ls7,qd9g4n30k1bn,,,
0.08,0.75,0.0,0.16,0.0,0.0,2020-01-02T02:11:27Z,ls8,qd9g4n30k1bn,0.16161616161616163,0.7575757575757576,0.08080808080808081
0.14,0.6766666666666666,0.0,0.17,0.0,0.0,2020-01-10T01:51:40Z,ls7,qd9g4n30k1bn,0.1722972972972973,0.6858108108108107,0.1418918918918919
,,1.0,,,,2020-01-17T01:57:30Z,ls7,qd9g4n30k1bn,,,
0.12666666666666668,0.6833333333333332,0.0,0.17333333333333334,0.0,0.0,2020-01-18T02:11:24Z,ls8,qd9g4n30k1bn,0.176271186440678,0.6949152542372881,0.12881355932203392
0.10333333333333333,0.7066666666666667,0.0,0.17666666666666667,0.0,0.0,2020-01-26T01:50:53Z,ls7,qd9g4n30k1bn,0.17905405405405406,0.7162162162162162,0.10472972972972974
,,1.0,,,,2020-02-02T01:56:43Z,ls7,qd9g4n30k1bn,,,
0.13,0.6966666666666667,0.0,0.16,0.0,0.0,2020-02-03T02:11:19Z,ls8,qd9g4n30k1bn,0.16216216216216217,0.706081081081081,0.13175675675675677
,,1.0,,,,2020-02-11T01:50:04Z,ls7,qd9g4n30k1bn,,,
,,1.0,,,,2020-02-18T01:55:53Z,ls7,qd9g4n30k1bn,,,
,,1.0,,,,2020-02-19T02:11:15Z,ls8,qd9g4n30k1bn,,,
,,1.0,,,,2020-03-05T01:55:02Z,ls7,qd9g4n30k1bn,,,
0.12,0.68,0.0,0.18666666666666668,0.0,0.0,2020-03-06T02:11:10Z,ls8,qd9g4n30k1bn,0.1891891891891892,0.6891891891891893,0.12162162162162161
,,1.0,,,,2020-03-14T01:48:22Z,ls7,qd9g4n30k1bn,,,
,,1.0,,,,2020-03-21T01:54:09Z,ls7,qd9g4n30k1bn,,,
0.1466666666666667,0.6233333333333334,0.0,0.21333333333333335,0.0,0.0,2020-03-22T02:11:02Z,ls8,qd9g4n30k1bn,0.21694915254237285,0.6338983050847458,0.14915254237288136
,,1.0,,,,2020-03-30T01:47:28Z,ls7,qd9g4n30k1bn,,,
,,1.0,,,,2020-04-06T01:53:15Z,ls7,qd9g4n30k1bn,,,
0.10666666666666667,0.6633333333333334,0.0,0.21333333333333335,0.0,0.0,2020-04-07T02:10:53Z,ls8,qd9g4n30k1bn,0.21694915254237285,0.6745762711864407,0.10847457627118642
0.3333333333333333,0.47333333333333333,0.0,0.18333333333333335,0.0,0.0,2020-04-15T01:46:33Z,ls7,qd9g4n30k1bn,0.1851851851851852,0.4781144781144781,0.33670033670033667
,,1.0,,,,2020-04-22T01:52:19Z,ls7,qd9g4n30k1bn,,,
0.0,0.0,0.0,0.0,0.0,1.0,2020-04-23T02:10:47Z,ls8,qd9g4n30k1bn,0.0,0.0,0.0
0.09999999999999999,0.62,0.0,0.26333333333333336,0.0,0.0,2020-05-01T01:45:36Z,ls7,qd9g4n30k1bn,0.2677966101694916,0.6305084745762712,0.10169491525423728
,,1.0,,,,2020-05-08T01:51:22Z,ls7,qd9g4n30k1bn,,,
0.17333333333333334,0.5933333333333334,0.0,0.22333333333333336,0.0,0.0,2020-05-09T02:10:38Z,ls8,qd9g4n30k1bn,0.2255892255892256,0.5993265993265993,0.17508417508417506
0.19666666666666666,0.5766666666666667,0.0,0.21333333333333335,0.0,0.0,2020-05-17T01:44:38Z,ls7,qd9g4n30k1bn,0.21621621621621623,0.5844594594594594,0.19932432432432431
,,1.0,,,,2020-05-25T02:10:41Z,ls8,qd9g4n30k1bn,,,
0.45333333333333337,0.39333333333333337,0.0,0.14333333333333334,0.0,0.0,2020-06-02T01:43:40Z,ls7,qd9g4n30k1bn,0.14478114478114476,0.3973063973063973,0.4579124579124579
,,1.0,,,,2020-06-09T01:49:27Z,ls7,qd9g4n30k1bn,,,
,,1.0,,,,2020-06-10T02:10:50Z,ls8,qd9g4n30k1bn,,,
,,1.0,,,,2020-06-18T01:42:44Z,ls7,qd9g4n30k1bn,,,
,,1.0,,,,2020-06-25T01:48:30Z,ls7,qd9g4n30k1bn,,,
0.15,0.5366666666666666,0.0,0.2966666666666667,0.0,0.0,2020-06-26T02:10:59Z,ls8,qd9g4n30k1bn,0.3016949152542373,0.5457627118644067,0.15254237288135594
0.22,0.36,0.6666666666666667,0.42,0.0,0.0,2020-07-04T01:41:47Z,ls7,qd9g4n30k1bn,0.42,0.36,0.22
,,1.0,,,,2020-07-11T01:47:32Z,ls7,qd9g4n30k1bn,,,
0.27,0.42,0.0,0.29333333333333333,0.0,0.0,2020-07-12T02:11:05Z,ls8,qd9g4n30k1bn,0.29830508474576267,0.4271186440677966,0.2745762711864407
0.12,0.5800000000000001,0.0,0.29,0.0,0.0,2020-07-20T01:40:49Z,ls7,qd9g4n30k1bn,0.2929292929292929,0.5858585858585859,0.1212121212121212
,,1.0,,,,2020-07-27T01:46:33Z,ls7,qd9g4n30k1bn,,,
0.17,0.5466666666666667,0.0,0.2733333333333334,0.0,0.0,2020-07-28T02:11:10Z,ls8,qd9g4n30k1bn,0.2760942760942761,0.5521885521885522,0.1717171717171717
0.20333333333333334,0.4566666666666667,0.0,0.32,0.0,0.0,2020-08-05T01:39:49Z,ls7,qd9g4n30k1bn,0.32653061224489793,0.46598639455782315,0.2074829931972789
,,1.0,,,,2020-08-13T02:11:14Z,ls8,qd9g4n30k1bn,,,
,,1.0,,,,2020-08-21T01:38:48Z,ls7,qd9g4n30k1bn,,,
,,1.0,,,,2020-08-28T01:44:31Z,ls7,qd9g4n30k1bn,,,
,,1.0,,,,2020-08-29T02:11:22Z,ls8,qd9g4n30k1bn,,,
0.0,0.0,0.0,0.0,0.6666666666666666,0.3333333333333333,2020-09-22T01:36:41Z,ls7,qd9g4n30k1bn,0.0,0.0,0.0
,,1.0,,,,2020-09-30T02:11:33Z,ls8,qd9g4n30k1bn,,,
,,1.0,,,,2020-10-08T01:35:40Z,ls7,qd9g4n30k1bn,,,
,,1.0,,,,2020-10-16T02:11:34Z,ls8,qd9g4n30k1bn,,,
0.10333333333333333,0.61,0.0,0.2733333333333333,0.0,0.0,2020-10-24T01:34:38Z,ls7,qd9g4n30k1bn,0.27702702702702703,0.6182432432432433,0.10472972972972974
,,1.0,,,,2020-11-09T01:33:33Z,ls7,qd9g4n30k1bn,,,
,,1.0,,,,2020-11-16T01:39:15Z,ls7,qd9g4n30k1bn,,,
,,1.0,,,,2020-11-17T02:11:32Z,ls8,qd9g4n30k1bn,,,
0.08333333333333333,0.65,0.0,0.25666666666666665,0.0,0.0,2020-11-25T01:32:26Z,ls7,qd9g4n30k1bn,0.25925925925925924,0.6565656565656566,0.08417508417508417
,,1.0,,,,2020-12-02T01:38:06Z,ls7,qd9g4n30k1bn,,,
0.11666666666666665,0.6433333333333333,0.0,0.2233333333333333,0.0,0.0,2020-12-03T02:11:35Z,ls8,qd9g4n30k1bn,0.22711864406779658,0.6542372881355932,0.11864406779661016
0.06666666666666667,0.6966666666666667,0.0,0.22333333333333336,0.0,0.0,2020-12-11T01:31:15Z,ls7,qd9g4n30k1bn,0.22635135135135137,0.706081081081081,0.06756756756756757
0.08666666666666667,0.6433333333333333,0.0,0.25333333333333335,0.0,0.0,2020-12-18T01:36:54Z,ls7,qd9g4n30k1bn,0.2576271186440678,0.6542372881355931,0.08813559322033898
0.11,0.65,0.0,0.22666666666666668,0.0,0.0,2020-12-19T02:11:35Z,ls8,qd9g4n30k1bn,0.22972972972972974,0.6587837837837838,0.11148648648648649
0.12666666666666668,0.59,0.0,0.27,0.0,0.0,2020-12-27T01:30:04Z,ls7,qd9g4n30k1bn,0.2736486486486487,0.5979729729729729,0.1283783783783784
,,1.0,,,,2021-01-03T01:35:46Z,ls7,qd9g4n30k1bn,,,
0.24,0.48,0.6666666666666667,0.27,0.0,0.0,2021-01-04T02:11:30Z,ls8,qd9g4n30k1bn,0.27272727272727276,0.48484848484848486,0.24242424242424243
,,1.0,,,,2021-01-12T01:28:57Z,ls7,qd9g4n30k1bn,,,
0.049999999999999996,0.7400000000000001,0.0,0.19333333333333333,0.0,0.0,2021-01-20T02:11:23Z,ls8,qd9g4n30k1bn,0.19661016949152538,0.752542372881356,0.050847457627118633
,,1.0,,,,2021-01-28T01:27:48Z,ls7,qd9g4n30k1bn,,,
,,1.0,,,,2021-02-04T01:33:28Z,ls7,qd9g4n30k1bn,,,
0.16333333333333333,0.63,0.0,0.19666666666666666,0.0,0.0,2021-02-05T02:11:21Z,ls8,qd9g4n30k1bn,0.19865319865319864,0.6363636363636364,0.16498316498316498
,,1.0,,,,2021-02-13T01:26:37Z,ls7,qd9g4n30k1bn,,,
,,1.0,,,,2021-02-20T01:32:16Z,ls7,qd9g4n30k1bn,,,
0.22,0.5,0.6666666666666667,0.27,0.0,0.0,2021-02-21T02:11:17Z,ls8,qd9g4n30k1bn,0.27272727272727276,0.5050505050505051,0.22222222222222224
,,1.0,,,,2021-03-01T01:25:24Z,ls7,qd9g4n30k1bn,,,
,,1.0,,,,2021-03-08T01:31:02Z,ls7,qd9g4n30k1bn,,,
,,1.0,,,,2021-03-09T02:11:09Z,ls8,qd9g4n30k1bn,,,
,,1.0,,,,2021-03-17T01:24:08Z,ls7,qd9g4n30k1bn,,,
,,1.0,,,,2021-03-24T01:29:46Z,ls7,qd9g4n30k1bn,,,
,,1.0,,,,2021-03-25T02:11:02Z,ls8,qd9g4n30k1bn,,,
0.16333333333333333,0.48333333333333334,0.0,0.3433333333333333,0.0,0.0,2021-04-02T01:22:51Z,ls7,qd9g4n30k1bn,0.3468013468013468,0.4882154882154882,0.16498316498316498
,,1.0,,,,2021-04-09T01:28:27Z,ls7,qd9g4n30k1bn,,,
,,1.0,,,,2021-04-10T02:10:58Z,ls8,qd9g4n30k1bn,,,
0.22,0.38,0.6666666666666667,0.38,0.0,0.0,2021-04-18T01:21:31Z,ls7,qd9g4n30k1bn,0.3877551020408163,0.3877551020408163,0.22448979591836735
0.18000000000000002,0.5166666666666667,0.0,0.29000000000000004,0.0,0.0,2021-04-25T01:27:06Z,ls7,qd9g4n30k1bn,0.2939189189189189,0.5236486486486486,0.18243243243243243
0.16666666666666666,0.51,0.0,0.31,0.0,0.0,2021-04-26T02:10:50Z,ls8,qd9g4n30k1bn,0.3141891891891892,0.5168918918918919,0.16891891891891891
0.11333333333333333,0.5333333333333333,0.0,0.34333333333333327,0.0,0.0,2021-05-12T02:10:47Z,ls8,qd9g4n30k1bn,0.3468013468013468,0.5387205387205388,0.11447811447811448
0.24,0.3833333333333333,0.0,0.35666666666666663,0.0,0.0,2021-05-20T01:18:49Z,ls7,qd9g4n30k1bn,0.3639455782312925,0.391156462585034,0.24489795918367346
0.21333333333333335,0.3433333333333333,0.0,0.4266666666666667,0.0,0.0,2021-06-05T01:17:27Z,ls7,qd9g4n30k1bn,0.43389830508474575,0.34915254237288135,0.21694915254237288
0.1466666666666667,0.4533333333333333,0.0,0.38999999999999996,0.0,0.0,2021-06-12T01:23:04Z,ls7,qd9g4n30k1bn,0.3939393939393939,0.4579124579124579,0.14814814814814817
,,1.0,,,,2021-06-13T02:11:04Z,ls8,qd9g4n30k1bn,,,
,,1.0,,,,2021-06-21T01:16:09Z,ls7,qd9g4n30k1bn,,,
,,1.0,,,,2021-06-29T02:11:08Z,ls8,qd9g4n30k1bn,,,
,,1.0,,,,2021-07-07T01:14:49Z,ls7,qd9g4n30k1bn,,,
0.0,0.0,0.0,0.0,1.0,0.0,2021-07-15T02:11:09Z,ls8,qd9g4n30k1bn,0.0,0.0,0.0
,,1.0,,,,2021-07-23T01:13:27Z,ls7,qd9g4n30k1bn,,,
0.06999999999999999,0.5233333333333333,0.0,0.38666666666666666,0.0,0.0,2021-07-31T02:11:17Z,ls8,qd9g4n30k1bn,0.39455782312925175,0.5340136054421769,0.07142857142857142
,,1.0,,,,2021-08-15T01:17:35Z,ls7,qd9g4n30k1bn,,,
0.19666666666666668,0.4833333333333334,0.0,0.3066666666666667,0.0,0.0,2021-08-16T02:11:23Z,ls8,qd9g4n30k1bn,0.31081081081081086,0.4898648648648649,0.19932432432432434
,,1.0,,,,2021-08-24T01:10:38Z,ls7,qd9g4n30k1bn,,,
0.21,0.4166666666666667,0.0,0.3633333333333333,0.0,0.0,2021-09-16T01:14:48Z,ls7,qd9g4n30k1bn,0.36700336700336694,0.4208754208754209,0.21212121212121213
,,1.0,,,,2021-09-17T02:11:32Z,ls8,qd9g4n30k1bn,,,
0.21999999999999997,0.44333333333333336,0.0,0.3233333333333333,0.0,0.0,2021-09-25T01:07:49Z,ls7,qd9g4n30k1bn,0.3277027027027027,0.4493243243243244,0.22297297297297297
0.13,0.5233333333333333,0.0,0.3366666666666667,0.0,0.0,2021-10-03T02:11:36Z,ls8,qd9g4n30k1bn,0.3400673400673401,0.5286195286195285,0.1313131313131313
0.13333333333333333,0.52,0.0,0.32666666666666666,0.0,0.0,2021-11-03T01:10:29Z,ls7,qd9g4n30k1bn,0.3333333333333333,0.5306122448979592,0.1360544217687075
0.11666666666666665,0.5866666666666667,0.0,0.2833333333333333,0.0,0.0,2021-11-04T02:11:39Z,ls8,qd9g4n30k1bn,0.28716216216216217,0.5945945945945946,0.11824324324324323
,,1.0,,,,2021-11-12T01:03:26Z,ls7,qd9g4n30k1bn,,,
0.10000000000000002,0.56,0.0,0.32333333333333336,0.0,0.0,2021-11-18T02:13:25Z,ls9,qd9g4n30k1bn,0.32881355932203393,0.5694915254237288,0.10169491525423731
,,1.0,,,,2021-11-19T01:08:56Z,ls7,qd9g4n30k1bn,,,
0.10333333333333333,0.5766666666666667,0.0,0.31,0.0,0.0,2021-11-20T02:11:34Z,ls8,qd9g4n30k1bn,0.31313131313131315,0.5824915824915825,0.10437710437710437
0.15,0.5166666666666667,0.0,0.31666666666666665,0.0,0.0,2021-11-28T01:01:54Z,ls7,qd9g4n30k1bn,0.3220338983050847,0.5254237288135594,0.15254237288135591
,,1.0,,,,2021-12-05T01:07:25Z,ls7,qd9g4n30k1bn,,,
0.10666666666666665,0.61,0.0,0.2733333333333334,0.0,0.0,2021-12-06T02:11:36Z,ls8,qd9g4n30k1bn,0.2760942760942761,0.6161616161616161,0.10774410774410773
0.09000000000000001,0.6266666666666667,0.0,0.2733333333333334,0.0,0.0,2021-12-14T02:11:32Z,ls9,qd9g4n30k1bn,0.2760942760942761,0.632996632996633,0.09090909090909091
0.09333333333333334,0.61,0.0,0.28,0.0,0.0,2021-12-22T02:11:33Z,ls8,qd9g4n30k1bn,0.2847457627118644,0.6203389830508474,0.09491525423728814
0.11,0.58,0.0,0.2933333333333334,0.0,0.0,2021-12-30T00:58:48Z,ls7,qd9g4n30k1bn,0.2983050847457628,0.5898305084745763,0.11186440677966103
,,1.0,,,,2022-01-06T01:04:17Z,ls7,qd9g4n30k1bn,,,
0.11666666666666665,0.6333333333333334,0.0,0.23333333333333336,0.0,0.0,2022-01-07T02:11:29Z,ls8,qd9g4n30k1bn,0.23728813559322032,0.6440677966101694,0.11864406779661013
0.0,0.0,0.0,0.0,0.0,1.0,2022-01-15T00:57:16Z,ls7,qd9g4n30k1bn,0.0,0.0,0.0
,,1.0,,,,2022-01-22T01:02:46Z,ls7,qd9g4n30k1bn,,,
0.09666666666666668,0.6633333333333334,0.0,0.22999999999999998,0.0,0.0,2022-01-23T02:11:25Z,ls8,qd9g4n30k1bn,0.2323232323232323,0.6700336700336701,0.09764309764309764
0.13333333333333333,0.53,0.0,0.32666666666666666,0.0,0.0,2022-01-31T00:55:42Z,ls7,qd9g4n30k1bn,0.32996632996632996,0.5353535353535354,0.13468013468013468
,,1.0,,,,2022-02-07T01:01:11Z,ls7,qd9g4n30k1bn,,,
0.11333333333333333,0.6066666666666666,0.0,0.27,0.0,0.0,2022-02-08T02:11:21Z,ls8,qd9g4n30k1bn,0.27272727272727276,0.6127946127946128,0.11447811447811448
0.09000000000000001,0.5866666666666667,0.0,0.31,0.0,0.0,2022-02-16T00:54:03Z,ls7,qd9g4n30k1bn,0.3141891891891892,0.5945945945945946,0.09121621621621623
,,1.0,,,,2022-02-23T00:59:35Z,ls7,qd9g4n30k1bn,,,
0.10666666666666665,0.6066666666666667,0.0,0.27,0.0,0.0,2022-02-24T02:11:16Z,ls8,qd9g4n30k1bn,0.2745762711864407,0.6169491525423728,0.10847457627118641
0.17666666666666667,0.5,0.0,0.3033333333333334,0.0,0.0,2022-03-04T00:52:32Z,ls7,qd9g4n30k1bn,0.30952380952380953,0.510204081632653,0.1802721088435374
0.03,0.71,0.6666666666666667,0.24,0.0,0.0,2022-03-12T02:11:12Z,ls8,qd9g4n30k1bn,0.24489795918367346,0.7244897959183674,0.030612244897959183
0.04666666666666667,0.39999999999999997,0.0,0.21,0.0,0.3333333333333333,2022-03-20T00:50:56Z,ls7,qd9g4n30k1bn,0.21319796954314724,0.40609137055837563,0.04737732656514383
,,1.0,,,,2022-03-27T00:56:28Z,ls7,qd9g4n30k1bn,,,
0.06999999999999999,0.6366666666666666,0.0,0.27666666666666667,0.0,0.0,2022-03-28T02:11:00Z,ls8,qd9g4n30k1bn,0.28135593220338984,0.6474576271186441,0.0711864406779661
0.15666666666666668,0.45999999999999996,0.0,0.36999999999999994,0.0,0.0,2022-04-05T00:49:24Z,ls7,qd9g4n30k1bn,0.37499999999999994,0.46621621621621623,0.1587837837837838
0.18000000000000002,0.52,0.0,0.2833333333333333,0.0,0.0,2022-04-13T02:11:04Z,ls8,qd9g4n30k1bn,0.28813559322033894,0.5288135593220339,0.18305084745762712
0.21999999999999997,0.47333333333333333,0.0,0.29333333333333333,0.0,0.0,2022-04-29T02:11:00Z,ls8,qd9g4n30k1bn,0.2972972972972973,0.47972972972972977,0.22297297297297297
,,1.0,,,,2022-05-15T02:11:10Z,ls8,qd9g4n30k1bn,,,
0.18666666666666665,0.4366666666666667,0.0,0.36333333333333334,0.0,0.0,2022-05-31T02:11:13Z,ls8,qd9g4n30k1bn,0.36824324324324326,0.4425675675675676,0.18918918918918917
0.25,0.39999999999999997,0.0,0.33666666666666667,0.0,0.0,2022-06-16T02:11:25Z,ls8,qd9g4n30k1bn,0.34121621621621623,0.40540540540540543,0.2533783783783784
0.24,0.41,0.0,0.33666666666666667,0.0,0.0,2022-07-02T02:11:29Z,ls8,qd9g4n30k1bn,0.34121621621621623,0.41554054054054057,0.24324324324324326
,,1.0,,,,2022-07-18T02:11:29Z,ls8,qd9g4n30k1bn,,,
,,1.0,,,,2022-08-03T02:11:41Z,ls8,qd9g4n30k1bn,,,
,,1.0,,,,2022-08-19T02:11:46Z,ls8,qd9g4n30k1bn,,,
,,1.0,,,,2022-10-06T02:11:50Z,ls8,qd9g4n30k1bn,,,
,,1.0,,,,2022-10-22T02:11:50Z,ls8,qd9g4n30k1bn,,,
,,1.0,,,,2022-11-07T02:11:52Z,ls8,qd9g4n30k1bn,,,
0.11666666666666665,0.57,0.0,0.30000000000000004,0.0,0.0,2022-11-23T02:11:47Z,ls8,qd9g4n30k1bn,0.3040540540540541,0.5777027027027026,0.11824324324324323
0.09333333333333334,0.5833333333333334,0.0,0.31,0.0,0.0,2022-12-09T02:11:47Z,ls8,qd9g4n30k1bn,0.3141891891891892,0.5912162162162162,0.0945945945945946
0.07,0.65,0.0,0.26999999999999996,0.0,0.0,2022-12-25T02:11:38Z,ls8,qd9g4n30k1bn,0.2727272727272727,0.6565656565656566,0.07070707070707072
,,1.0,,,,2023-01-10T02:11:37Z,ls8,qd9g4n30k1bn,,,
0.13333333333333333,0.6,0.0,0.25666666666666665,0.0,0.0,2023-01-26T02:11:36Z,ls8,qd9g4n30k1bn,0.25925925925925924,0.6060606060606061,0.13468013468013468
0.09000000000000001,0.6233333333333333,0.0,0.2733333333333334,0.0,0.0,2023-02-11T02:11:33Z,ls8,qd9g4n30k1bn,0.2770270270270271,0.6317567567567567,0.09121621621621623
,,1.0,,,,2023-02-27T02:11:18Z,ls8,qd9g4n30k1bn,,,
0.11333333333333333,0.5633333333333334,0.0,0.31,0.0,0.0,2023-03-15T02:11:12Z,ls8,qd9g4n30k1bn,0.3141891891891892,0.570945945945946,0.11486486486486487
0.0,0.0,0.0,0.0,0.0,1.0,2023-03-31T02:11:02Z,ls8,qd9g4n30k1bn,0.0,0.0,0.0
0.02,0.7433333333333333,0.0,0.22666666666666666,0.0,0.0,2023-04-16T02:10:47Z,ls8,qd9g4n30k1bn,0.22895622895622894,0.7508417508417508,0.020202020202020204
0.19000000000000003,0.5199999999999999,0.0,0.27666666666666667,0.0,0.0,2023-05-02T02:10:42Z,ls8,qd9g4n30k1bn,0.28040540540540543,0.527027027027027,0.1925675675675676
0.18333333333333335,0.5033333333333333,0.0,0.3033333333333334,0.0,0.0,2023-05-18T02:10:30Z,ls8,qd9g4n30k1bn,0.30639730639730645,0.5084175084175084,0.1851851851851852
0.22666666666666668,0.4566666666666667,0.0,0.30333333333333334,0.0,0.0,2023-06-03T02:10:34Z,ls8,qd9g4n30k1bn,0.30743243243243246,0.4628378378378379,0.22972972972972974
,,1.0,,,,2023-06-19T02:10:42Z,ls8,qd9g4n30k1bn,,,
,,1.0,,,,2023-07-05T02:10:53Z,ls8,qd9g4n30k1bn,,,
0.24,0.48666666666666664,0.0,0.25666666666666665,0.0,0.0,2023-07-21T02:10:56Z,ls8,qd9g4n30k1bn,0.26101694915254237,0.4949152542372881,0.2440677966101695
0.22333333333333336,0.44333333333333336,0.0,0.3233333333333333,0.0,0.0,2023-08-06T02:11:06Z,ls8,qd9g4n30k1bn,0.32659932659932656,0.4478114478114478,0.22558922558922562
0.23333333333333336,0.4333333333333333,0.0,0.32,0.0,0.0,2023-08-22T02:11:13Z,ls8,qd9g4n30k1bn,0.32432432432432434,0.43918918918918914,0.2364864864864865
0.18666666666666668,0.46,0.0,0.3433333333333333,0.0,0.0,2023-09-07T02:11:12Z,ls8,qd9g4n30k1bn,0.3468013468013468,0.4646464646464647,0.18855218855218855
,,1.0,,,,2023-09-23T02:11:18Z,ls8,qd9g4n30k1bn,,,
0.13,0.5366666666666667,0.0,0.3166666666666667,0.0,0.0,2023-10-09T02:11:23Z,ls8,qd9g4n30k1bn,0.3220338983050847,0.5457627118644067,0.13220338983050844
0.1366666666666667,0.5766666666666667,0.0,0.28,0.0,0.0,2023-10-25T02:11:26Z,ls8,qd9g4n30k1bn,0.28187919463087246,0.5805369127516778,0.1375838926174497
,,1.0,,,,2023-11-10T02:11:22Z,ls8,qd9g4n30k1bn,,,
,,1.0,,,,2023-11-26T02:11:29Z,ls8,qd9g4n30k1bn,,,
0.09000000000000001,0.6766666666666667,0.0,0.22333333333333336,0.0,0.0,2023-12-12T02:11:24Z,ls8,qd9g4n30k1bn,0.2255892255892256,0.6835016835016835,0.09090909090909091
0.08,0.6633333333333334,0.0,0.24,0.0,0.0,2023-12-28T02:11:25Z,ls8,qd9g4n30k1bn,0.24406779661016947,0.6745762711864407,0.08135593220338982
0.13,0.6333333333333333,0.0,0.22333333333333336,0.0,0.0,2024-01-05T02:11:28Z,ls9,qd9g4n30k1bn,0.22635135135135137,0.6418918918918919,0.13175675675675677
0.10666666666666667,0.6666666666666666,0.0,0.21666666666666667,0.0,0.0,2024-01-13T02:11:22Z,ls8,qd9g4n30k1bn,0.21885521885521886,0.6734006734006733,0.10774410774410775
0.09333333333333334,0.65,0.0,0.24333333333333332,0.0,0.0,2024-01-21T02:11:29Z,ls9,qd9g4n30k1bn,0.2466216216216216,0.6587837837837838,0.0945945945945946
0.08333333333333333,0.6766666666666667,0.0,0.22999999999999998,0.0,0.0,2024-01-29T02:11:16Z,ls8,qd9g4n30k1bn,0.2323232323232323,0.6835016835016835,0.08417508417508417
0.13999999999999999,0.6166666666666667,0.0,0.2333333333333333,0.0,0.0,2024-02-06T02:11:33Z,ls9,qd9g4n30k1bn,0.23569023569023567,0.622895622895623,0.1414141414141414
0.09666666666666668,0.68,0.0,0.21,0.0,0.0,2024-02-14T02:11:19Z,ls8,qd9g4n30k1bn,0.21283783783783783,0.6891891891891893,0.09797297297297299
0.12333333333333334,0.6633333333333333,0.0,0.19666666666666668,0.0,0.0,2024-02-22T02:11:20Z,ls9,qd9g4n30k1bn,0.20000000000000004,0.6745762711864407,0.12542372881355934
0.09333333333333334,0.69,0.0,0.20333333333333337,0.0,0.0,2024-03-01T02:11:13Z,ls8,qd9g4n30k1bn,0.2060810810810811,0.6993243243243242,0.0945945945945946
0.17333333333333334,0.62,0.0,0.19666666666666668,0.0,0.0,2024-03-09T02:11:25Z,ls9,qd9g4n30k1bn,0.19865319865319866,0.6262626262626263,0.1750841750841751
,,1.0,,,,2024-03-17T02:11:03Z,ls8,qd9g4n30k1bn,,,
0.18666666666666668,0.61,0.0,0.19000000000000003,0.0,0.0,2024-03-25T02:11:20Z,ls9,qd9g4n30k1bn,0.1925675675675676,0.6182432432432432,0.1891891891891892
0.15,0.6533333333333333,0.0,0.18666666666666668,0.0,0.0,2024-04-02T02:10:51Z,ls8,qd9g4n30k1bn,0.18855218855218855,0.6599326599326599,0.15151515151515152
0.13333333333333333,0.6699999999999999,0.0,0.18333333333333335,0.0,0.0,2024-04-10T02:11:12Z,ls9,qd9g4n30k1bn,0.18581081081081086,0.6790540540540541,0.13513513513513514
0.12,0.6666666666666666,0.0,0.19999999999999998,0.0,0.0,2024-04-18T02:10:43Z,ls8,qd9g4n30k1bn,0.20270270270270271,0.6756756756756757,0.12162162162162163
0.14333333333333334,0.6166666666666667,0.0,0.2333333333333333,0.0,0.0,2024-05-04T02:10:34Z,ls8,qd9g4n30k1bn,0.2348993288590604,0.6208053691275168,0.14429530201342283
,,1.0,,,,2024-05-20T02:10:21Z,ls8,qd9g4n30k1bn,,,
0.11,0.62,0.0,0.25333333333333335,0.0,0.0,2024-05-28T02:10:36Z,ls9,qd9g4n30k1bn,0.25762711864406784,0.6305084745762712,0.11186440677966103
0.25333333333333335,0.49666666666666665,0.0,0.2333333333333333,0.0,0.0,2024-06-05T02:10:19Z,ls8,qd9g4n30k1bn,0.2372881355932203,0.5050847457627118,0.2576271186440678
0.24,0.5166666666666667,0.0,0.2333333333333333,0.0,0.0,2024-06-13T02:10:30Z,ls9,qd9g4n30k1bn,0.23569023569023567,0.521885521885522,0.24242424242424243
0.30000000000000004,0.4566666666666667,0.0,0.22666666666666666,0.0,0.0,2024-06-21T02:10:28Z,ls8,qd9g4n30k1bn,0.23050847457627116,0.46440677966101696,0.3050847457627119
,,1.0,,,,2024-06-29T02:10:21Z,ls9,qd9g4n30k1bn,,,
0.22999999999999998,0.49666666666666665,0.0,0.26,0.0,0.0,2024-07-15T02:10:41Z,ls9,qd9g4n30k1bn,0.26351351351351354,0.5033783783783784,0.23310810810810811
0.17666666666666667,0.5566666666666668,0.0,0.24666666666666667,0.0,0.0,2024-07-31T02:10:43Z,ls9,qd9g4n30k1bn,0.25170068027210885,0.5680272108843538,0.1802721088435374
,,1.0,,,,2024-08-08T02:10:46Z,ls8,qd9g4n30k1bn,,,
0.19333333333333333,0.53,0.0,0.26333333333333336,0.0,0.0,2024-08-16T02:10:50Z,ls9,qd9g4n30k1bn,0.2668918918918919,0.5371621621621621,0.19594594594594592
0.17,0.5166666666666666,0.0,0.30000000000000004,0.0,0.0,2024-08-24T02:11:00Z,ls8,qd9g4n30k1bn,0.3040540540540541,0.5236486486486486,0.1722972972972973
,,1.0,,,,2024-09-01T02:11:00Z,ls9,qd9g4n30k1bn,,,
,,1.0,,,,2024-09-09T02:11:08Z,ls8,qd9g4n30k1bn,,,
0.19000000000000003,0.52,0.0,0.28,0.0,0.0,2024-09-17T02:11:04Z,ls9,qd9g4n30k1bn,0.2828282828282828,0.5252525252525252,0.19191919191919193
0.13333333333333333,0.5566666666666666,0.0,0.29666666666666663,0.0,0.0,2024-09-25T02:11:07Z,ls8,qd9g4n30k1bn,0.30067567567567566,0.5641891891891893,0.13513513513513514
0.12,0.5766666666666667,0.0,0.2933333333333334,0.0,0.0,2024-10-11T02:11:13Z,ls8,qd9g4n30k1bn,0.29629629629629634,0.5824915824915824,0.1212121212121212
,,1.0,,,,2024-10-19T02:11:21Z,ls9,qd9g4n30k1bn,,,
0.11666666666666665,0.59,0.0,0.2833333333333334,0.0,0.0,2024-10-27T02:11:16Z,ls8,qd9g4n30k1bn,0.2861952861952862,0.5959595959595959,0.11784511784511784
,,1.0,,,,2024-11-04T02:11:20Z,ls9,qd9g4n30k1bn,,,
0.13333333333333333,0.6066666666666667,0.0,0.24666666666666667,0.0,0.0,2024-11-12T02:11:14Z,ls8,qd9g4n30k1bn,0.25,0.6148648648648649,0.13513513513513514
0.09000000000000001,0.66,0.0,0.24,0.0,0.0,2024-11-20T02:11:26Z,ls9,qd9g4n30k1bn,0.24242424242424243,0.6666666666666667,0.09090909090909093
0.09666666666666668,0.64,0.0,0.25333333333333335,0.0,0.0,2024-11-28T02:11:26Z,ls8,qd9g4n30k1bn,0.2558922558922559,0.6464646464646465,0.09764309764309766
0.14,0.5766666666666667,0.0,0.2733333333333334,0.0,0.0,2024-12-06T02:11:24Z,ls9,qd9g4n30k1bn,0.2760942760942761,0.5824915824915824,0.1414141414141414
0.15666666666666668,0.5833333333333334,0.0,0.24666666666666667,0.0,0.0,2024-12-14T02:11:14Z,ls8,qd9g4n30k1bn,0.24999999999999997,0.5912162162162161,0.15878378378378377
0.13,0.5833333333333334,0.0,0.2733333333333334,0.0,0.0,2024-12-22T02:11:25Z,ls9,qd9g4n30k1bn,0.2770270270270271,0.5912162162162162,0.13175675675675677
0.11333333333333334,0.63,0.0,0.24666666666666667,0.0,0.0,2024-12-30T02:11:17Z,ls8,qd9g4n30k1bn,0.24915824915824916,0.6363636363636364,0.11447811447811448
0.05666666666666667,0.6866666666666666,0.0,0.24333333333333332,0.0,0.0,2025-01-07T02:11:21Z,ls9,qd9g4n30k1bn,0.24662162162162163,0.6959459459459459,0.05743243243243244
0.11,0.6133333333333334,0.0,0.26333333333333336,0.0,0.0,2025-01-15T02:11:20Z,ls8,qd9g4n30k1bn,0.26689189189189194,0.6216216216216217,0.11148648648648649
0.10333333333333333,0.6433333333333334,0.0,0.24,0.0,0.0,2025-01-31T02:11:18Z,ls8,qd9g4n30k1bn,0.2432432432432432,0.6520270270270271,0.10472972972972971
0.11,0.6233333333333333,0.0,0.25333333333333335,0.0,0.0,2025-02-08T02:11:22Z,ls9,qd9g4n30k1bn,0.2567567567567568,0.6317567567567567,0.11148648648648649
0.11,0.6266666666666667,0.0,0.24333333333333332,0.0,0.0,2025-02-16T02:11:14Z,ls8,qd9g4n30k1bn,0.24829931972789115,0.6394557823129252,0.11224489795918367
0.06333333333333334,0.6733333333333333,0.0,0.25,0.0,0.0,2025-02-24T02:11:22Z,ls9,qd9g4n30k1bn,0.2533783783783784,0.6824324324324325,0.0641891891891892
,,1.0,,,,2025-03-04T02:11:06Z,ls8,qd9g4n30k1bn,,,
,,1.0,,,,2025-03-12T02:11:17Z,ls9,qd9g4n30k1bn,,,
0.12666666666666668,0.6166666666666667,0.0,0.24333333333333332,0.0,0.0,2025-03-20T02:10:55Z,ls8,qd9g4n30k1bn,0.2466216216216216,0.625,0.1283783783783784
0.14,0.6133333333333334,0.0,0.2333333333333333,0.0,0.0,2025-03-28T02:11:06Z,ls9,qd9g4n30k1bn,0.23648648648648646,0.6216216216216217,0.1418918918918919
,,1.0,,,,2025-04-13T02:11:07Z,ls9,qd9g4n30k1bn,,,
0.15333333333333335,0.5833333333333334,0.0,0.24666666666666667,0.0,0.0,2025-04-21T02:10:41Z,ls8,qd9g4n30k1bn,0.25084745762711863,0.5932203389830508,0.15593220338983052
0.16333333333333333,0.5533333333333333,0.0,0.2733333333333334,0.0,0.0,2025-04-29T02:10:58Z,ls9,qd9g4n30k1bn,0.2760942760942761,0.5589225589225589,0.16498316498316498
0.19999999999999998,0.5466666666666667,0.0,0.23666666666666666,0.0,0.0,2025-05-07T02:10:37Z,ls8,qd9g4n30k1bn,0.2406779661016949,0.5559322033898305,0.20338983050847453
0.16,0.5766666666666667,0.0,0.25333333333333335,0.0,0.0,2025-05-15T02:10:47Z,ls9,qd9g4n30k1bn,0.2558922558922559,0.5824915824915824,0.1616161616161616
0.18333333333333335,0.5066666666666667,0.0,0.2966666666666667,0.0,0.0,2025-05-23T02:10:42Z,ls8,qd9g4n30k1bn,0.30067567567567566,0.5135135135135135,0.1858108108108108
0.25333333333333335,0.5466666666666667,0.0,0.19666666666666666,0.0,0.0,2025-05-31T02:10:41Z,ls9,qd9g4n30k1bn,0.19732441471571902,0.5484949832775919,0.25418060200668896
0.29666666666666663,0.4466666666666667,0.0,0.24,0.0,0.0,2025-06-08T02:10:46Z,ls8,qd9g4n30k1bn,0.24406779661016947,0.4542372881355932,0.30169491525423725
,,1.0,,,,2025-06-16T02:10:50Z,ls9,qd9g4n30k1bn,,,
0.27666666666666667,0.4666666666666666,0.0,0.24333333333333332,0.0,0.0,2025-06-24T02:10:58Z,ls8,qd9g4n30k1bn,0.24662162162162163,0.47297297297297297,0.28040540540540543
,,1.0,,,,2025-07-02T02:10:57Z,ls9,qd9g4n30k1bn,,,
0.2366666666666667,0.4666666666666666,0.0,0.28,0.0,0.0,2025-07-10T02:11:00Z,ls8,qd9g4n30k1bn,0.28474576271186447,0.47457627118644063,0.24067796610169495
0.15666666666666665,0.5499999999999999,0.0,0.27999999999999997,0.0,0.0,2025-07-18T02:11:03Z,ls9,qd9g4n30k1bn,0.2837837837837838,0.5574324324324325,0.1587837837837838
0.24333333333333332,0.49333333333333335,0.0,0.24666666666666667,0.0,0.0,2025-07-26T02:11:07Z,ls8,qd9g4n30k1bn,0.2508474576271187,0.5016949152542374,0.24745762711864405
0.24333333333333332,0.49,0.0,0.25666666666666665,0.0,0.0,2025-08-03T02:11:10Z,ls9,qd9g4n30k1bn,0.2592592592592593,0.49494949494949503,0.2457912457912458
0.2833333333333334,0.45,0.0,0.25333333333333335,0.0,0.0,2025-08-11T02:11:15Z,ls8,qd9g4n30k1bn,0.25675675675675674,0.45608108108108103,0.28716216216216217
,,1.0,,,,2025-08-19T02:11:20Z,ls9,qd9g4n30k1bn,,,
,,1.0,,,,2025-08-27T02:11:17Z,ls8,qd9g4n30k1bn,,,
0.19999999999999998,0.5066666666666666,0.0,0.28,0.0,0.0,2025-09-04T02:11:25Z,ls9,qd9g4n30k1bn,0.2837837837837838,0.5135135135135135,0.20270270270270271
,,1.0,,,,2025-09-12T02:11:23Z,ls8,qd9g4n30k1bn,,,
0.11666666666666665,0.5766666666666667,0.0,0.29333333333333333,0.0,0.0,2025-09-20T02:11:28Z,ls9,qd9g4n30k1bn,0.2972972972972973,0.5844594594594594,0.11824324324324323
,,1.0,,,,2025-09-28T02:11:28Z,ls8,qd9g4n30k1bn,,,
0.20333333333333334,0.49,0.0,0.2933333333333334,0.0,0.0,2025-10-06T02:11:32Z,ls9,qd9g4n30k1bn,0.2972972972972973,0.49662162162162155,0.20608108108108106
0.14,0.5433333333333333,0.0,0.3033333333333333,0.0,0.0,2025-10-14T02:11:31Z,ls8,qd9g4n30k1bn,0.3074324324324324,0.5506756756756757,0.1418918918918919
,,1.0,,,,2025-10-30T02:11:31Z,ls8,qd9g4n30k1bn,,,
0.1466666666666667,0.5566666666666666,0.0,0.2833333333333334,0.0,0.0,2025-11-07T02:11:36Z,ls9,qd9g4n30k1bn,0.28716216216216217,0.564189189189189,0.14864864864864866
0.12666666666666668,0.6,0.0,0.26333333333333336,0.0,0.0,2025-11-15T02:11:31Z,ls8,qd9g4n30k1bn,0.265993265993266,0.6060606060606061,0.12794612794612795
0.12666666666666668,0.6033333333333334,0.0,0.25666666666666665,0.0,0.0,2025-11-23T02:11:34Z,ls9,qd9g4n30k1bn,0.2601351351351351,0.6114864864864864,0.12837837837837837
0.12333333333333334,0.6166666666666666,0.0,0.24666666666666667,0.0,0.0,2025-12-01T02:11:30Z,ls8,qd9g4n30k1bn,0.25000000000000006,0.625,0.12500000000000003
0.11666666666666665,0.6133333333333333,0.0,0.25666666666666665,0.0,0.0,2025-12-09T02:11:34Z,ls9,qd9g4n30k1bn,0.26013513513513514,0.6216216216216216,0.11824324324324324
,,1.0,,,,2025-12-17T02:11:30Z,ls8,qd9g4n30k1bn,,,
0.10999999999999999,0.64,0.0,0.23666666666666666,0.0,0.0,2025-12-25T02:11:40Z,ls9,qd9g4n30k1bn,0.23986486486486486,0.6486486486486487,0.11148648648648647
0.10666666666666667,0.64,0.0,0.24333333333333332,0.0,0.0,2026-01-02T02:11:26Z,ls8,qd9g4n30k1bn,0.24579124579124578,0.6464646464646465,0.10774410774410775
0.10000000000000002,0.65,0.0,0.2333333333333333,0.0,0.0,2026-01-10T02:11:32Z,ls9,qd9g4n30k1bn,0.23728813559322032,0.6610169491525424,0.10169491525423731
0.10333333333333335,0.6133333333333334,0.0,0.2733333333333334,0.0,0.0,2026-02-11T02:11:28Z,ls9,qd9g4n30k1bn,0.2760942760942761,0.6195286195286195,0.10437710437710437
0.13333333333333333,0.61,0.0,0.24333333333333332,0.0,0.0,2026-02-19T02:11:16Z,ls8,qd9g4n30k1bn,0.24662162162162163,0.6182432432432433,0.13513513513513514
0.12666666666666668,0.6033333333333334,0.0,0.25666666666666665,0.0,0.0,2026-02-27T02:11:23Z,ls9,qd9g4n30k1bn,0.2601351351351351,0.6114864864864864,0.12837837837837837
0.06,0.6933333333333334,0.0,0.23666666666666666,0.0,0.0,2026-03-07T02:11:08Z,ls8,qd9g4n30k1bn,0.23905723905723905,0.7003367003367004,0.06060606060606061
0.09333333333333334,0.64,0.0,0.25333333333333335,0.0,0.0,2026-03-15T02:11:13Z,ls9,qd9g4n30k1bn,0.2567567567567568,0.6486486486486487,0.0945945945945946
