bare_soil,dry_vegetation,pc_missing,green_vegetation,water,wetness,date,ard_product,nwi_id,norm_pv,norm_npv,norm_bs
0.38296296296296295,0.31148148148148147,0.0,0.292962962962963,0.0,0.0,1986-08-16T01:32:51Z,ls5,qd9g45ggdymh,0.29669917479369845,0.31545386346586646,0.3878469617404351
0.3433333333333334,0.2740740740740741,0.0,0.3737037037037037,0.0,0.0,1987-05-31T01:35:27Z,ls5,qd9g45ggdymh,0.37705530642750373,0.2765321375186846,0.34641255605381166
0.18370370370370367,0.2162962962962963,0.0,0.40592592592592597,0.1111111111111111,0.07407407407407407,1987-09-04T01:37:49Z,ls5,qd9g45ggdymh,0.4104030501089325,0.21868191721132896,0.18572984749455335
0.2718518518518519,0.3022222222222222,0.0,0.4111111111111111,0.0,0.0,1987-10-22T01:38:48Z,ls5,qd9g45ggdymh,0.4172932330827067,0.3067669172932331,0.27593984962406015
0.1948148148148148,0.3937037037037037,0.0,0.39925925925925926,0.0,0.0,1987-11-07T01:39:08Z,ls5,qd9g45ggdymh,0.4041994750656168,0.3985751781027372,0.19722534683164603
,,1.0,,,,1987-11-23T01:39:27Z,ls5,qd9g45ggdymh,,,
0.17037037037037042,0.41777777777777775,0.0,0.39740740740740743,0.0,0.0,1987-12-09T01:39:40Z,ls5,qd9g45ggdymh,0.4032318677189027,0.4239007891770011,0.17286734310409624
0.11333333333333331,0.46851851851851856,0.0,0.405925925925926,0.0,0.0,1987-12-25T01:39:56Z,ls5,qd9g45ggdymh,0.4109486314210724,0.474315710536183,0.11473565804274463
,,1.0,,,,1988-01-10T01:40:12Z,ls5,qd9g45ggdymh,,,
0.20350000000000001,0.35650000000000004,0.2592592592592593,0.42449999999999993,0.0,0.0,1988-01-26T01:40:30Z,ls5,qd9g45ggdymh,0.4311833417978669,0.362112747587608,0.20670391061452517
0.1562962962962963,0.41148148148148145,0.0,0.41814814814814816,0.0,0.0,1988-02-11T01:40:48Z,ls5,qd9g45ggdymh,0.4241172051089407,0.41735537190082644,0.15852742299023292
0.1274074074074074,0.46222222222222226,0.0,0.397037037037037,0.0,0.0,1988-02-27T01:41:00Z,ls5,qd9g45ggdymh,0.4024024024024024,0.4684684684684685,0.12912912912912913
0.14,0.4122222222222222,0.0,0.432962962962963,0.0,0.0,1988-03-14T01:41:09Z,ls5,qd9g45ggdymh,0.4394736842105263,0.4184210526315789,0.14210526315789473
0.13814814814814816,0.4118518518518518,0.0,0.4385185185185185,0.0,0.0,1988-03-30T01:41:16Z,ls5,qd9g45ggdymh,0.44361183964031475,0.4166354439865118,0.13975271637317352
,,1.0,,,,1988-05-17T01:41:38Z,ls5,qd9g45ggdymh,,,
0.025555555555555557,0.019629629629629632,0.0,0.06481481481481481,0.25925925925925924,0.6296296296296297,1988-06-02T01:41:44Z,ls5,qd9g45ggdymh,0.06546950991395432,0.019827908716797595,0.025813692480359137
0.11555555555555556,0.31703703703703706,0.0,0.44518518518518524,0.0,0.1111111111111111,1988-07-20T01:41:56Z,ls5,qd9g45ggdymh,0.4508204406938584,0.32105016408813875,0.1170182841068917
0.17148148148148148,0.33555555555555555,0.0,0.4785185185185185,0.0,0.0,1988-08-05T01:41:58Z,ls5,qd9g45ggdymh,0.4855317549793311,0.34047350620067646,0.1739947388199925
0.13555555555555557,0.31222222222222223,0.0,0.46629629629629626,0.037037037037037035,0.037037037037037035,1988-08-21T01:41:59Z,ls5,qd9g45ggdymh,0.4723422774476259,0.31627048442283456,0.13731316405546554
0.22772727272727272,0.08818181818181818,0.18518518518518523,0.3618181818181818,0.0,0.3181818181818182,1988-09-06T01:42:02Z,ls5,qd9g45ggdymh,0.3640021949881105,0.08871410279860986,0.2291018840314615
0.382,0.020999999999999998,0.6296296296296297,0.195,0.0,0.4,1988-09-22T01:41:57Z,ls5,qd9g45ggdymh,0.1956521739130435,0.021070234113712373,0.3832775919732441
0.1374074074074074,0.14037037037037037,0.0,0.27111111111111114,0.18518518518518517,0.25925925925925924,1988-10-08T01:41:52Z,ls5,qd9g45ggdymh,0.27440395861448497,0.14207527365422104,0.1390763232868496
0.15148148148148147,0.2714814814814815,0.0,0.3818518518518519,0.0,0.18518518518518517,1988-10-24T01:41:47Z,ls5,qd9g45ggdymh,0.3865964445807981,0.27485469823251696,0.1533636720014999
0.15777777777777777,0.31370370370370365,0.0,0.4044444444444444,0.037037037037037035,0.07407407407407407,1988-11-09T01:41:50Z,ls5,qd9g45ggdymh,0.4104298801973221,0.3183462532299742,0.1601127554615927
0.16999999999999998,0.36666666666666664,0.0,0.4492592592592593,0.0,0.0,1988-11-25T01:41:50Z,ls5,qd9g45ggdymh,0.45567242674680697,0.371900826446281,0.17242674680691208
0.1488888888888889,0.38111111111111107,0.0,0.4555555555555555,0.0,0.0,1988-12-11T01:41:39Z,ls5,qd9g45ggdymh,0.4622322435174746,0.3866967305524239,0.1510710259301015
0.14925925925925923,0.3603703703703704,0.0,0.47740740740740745,0.0,0.0,1989-01-12T01:41:26Z,ls5,qd9g45ggdymh,0.4836772983114447,0.3651031894934334,0.15121951219512192
0.1322222222222222,0.37703703703703717,0.0,0.4751851851851852,0.0,0.0,1989-01-28T01:41:13Z,ls5,qd9g45ggdymh,0.482693754702784,0.3829947328818661,0.13431151241534986
0.09555555555555555,0.3966666666666666,0.0,0.4948148148148147,0.0,0.0,1989-02-13T01:41:14Z,ls5,qd9g45ggdymh,0.5013133208255159,0.40187617260787994,0.09681050656660414
0.1325925925925926,0.3718518518518519,0.0,0.4822222222222223,0.0,0.0,1989-03-17T01:40:22Z,ls5,qd9g45ggdymh,0.48873873873873874,0.3768768768768769,0.13438438438438438
0.0,0.0,0.0,0.0,0.1111111111111111,0.8888888888888888,1989-06-05T01:39:27Z,ls5,qd9g45ggdymh,0.0,0.0,0.0
0.04259259259259259,0.24296296296296294,0.0,0.3374074074074074,0.0,0.37037037037037035,1989-06-21T01:39:02Z,ls5,qd9g45ggdymh,0.34101818822389574,0.24556304223367242,0.043048399172061484
0.23272727272727273,0.2509090909090909,0.5925925925925926,0.5054545454545455,0.0,0.0,1989-07-23T01:38:27Z,ls5,qd9g45ggdymh,0.511029411764706,0.25367647058823534,0.23529411764705885
0.20333333333333334,0.3381481481481482,0.0,0.4474074074074074,0.0,0.0,1989-08-08T01:38:07Z,ls5,qd9g45ggdymh,0.45243445692883894,0.3419475655430712,0.20561797752808988
0.11045454545454546,0.10363636363636365,0.18518518518518523,0.23636363636363633,0.18181818181818182,0.36363636363636365,1989-09-09T01:37:22Z,ls5,qd9g45ggdymh,0.238510228419411,0.10457756169158793,0.11145766443445554
0.10962962962962963,0.21222222222222223,0.0,0.3348148148148148,0.037037037037037035,0.2962962962962963,1989-09-25T01:36:58Z,ls5,qd9g45ggdymh,0.33991351757849225,0.215454032712916,0.11129911637525854
,,1.0,,,,1989-10-11T01:36:37Z,ls5,qd9g45ggdymh,,,
0.16555555555555554,0.3370370370370371,0.0,0.44851851851851854,0.037037037037037035,0.0,1989-11-12T01:35:35Z,ls5,qd9g45ggdymh,0.4541075343256029,0.3412368755047883,0.16761855313257182
0.12740740740740739,0.3844444444444445,0.0,0.4744444444444444,0.0,0.0,1989-12-14T01:34:45Z,ls5,qd9g45ggdymh,0.4810364250844912,0.38978595568907254,0.12917761922643634
,,1.0,,,,1990-01-15T01:33:44Z,ls5,qd9g45ggdymh,,,
0.15666666666666668,0.37518518518518523,0.0,0.4555555555555555,0.0,0.0,1990-01-31T01:33:14Z,ls5,qd9g45ggdymh,0.46136534133533375,0.3799699924981245,0.15866466616654162
0.1259259259259259,0.3625925925925926,0.0,0.4607407407407408,0.037037037037037035,0.0,1990-02-16T01:32:42Z,ls5,qd9g45ggdymh,0.4673920897096864,0.3678270545223335,0.12774381873094318
0.10592592592592592,0.37074074074074076,0.0,0.508888888888889,0.0,0.0,1990-04-05T01:31:16Z,ls5,qd9g45ggdymh,0.516347237880496,0.3761743705373919,0.10747839158211196
0.10407407407407408,0.3407407407407408,0.0,0.5048148148148148,0.037037037037037035,0.0,1990-04-21T01:31:29Z,ls5,qd9g45ggdymh,0.5119026983301554,0.34552493210839547,0.10553533252441209
0.0985185185185185,0.3262962962962963,0.0,0.4885185185185185,0.07407407407407407,0.0,1990-05-07T01:31:25Z,ls5,qd9g45ggdymh,0.4952539725451323,0.33079510978943255,0.09987684359136102
0.12444444444444444,0.33851851851851855,0.0,0.522222222222222,0.0,0.0,1990-05-23T01:31:27Z,ls5,qd9g45ggdymh,0.5300751879699247,0.34360902255639103,0.12631578947368421
,,1.0,,,,1990-06-08T01:31:25Z,ls5,qd9g45ggdymh,,,
0.1488888888888889,0.2759259259259259,0.0,0.4874074074074074,0.0,0.07407407407407407,1990-06-24T01:31:24Z,ls5,qd9g45ggdymh,0.4947294025653749,0.2800709763762951,0.15112554698425587
0.1551851851851852,0.32148148148148153,0.0,0.5118518518518519,0.0,0.0,1990-07-10T01:31:22Z,ls5,qd9g45ggdymh,0.5177969276882727,0.32521543649306855,0.15698763581865866
0.13333333333333333,0.2677777777777778,0.0,0.435925925925926,0.0,0.14814814814814814,1990-07-26T01:31:18Z,ls5,qd9g45ggdymh,0.4436414290396592,0.2725172074729597,0.13569321533923304
,,1.0,,,,1990-08-11T01:31:13Z,ls5,qd9g45ggdymh,,,
0.12083333333333335,0.2929166666666667,0.11111111111111116,0.36749999999999994,0.0,0.20833333333333334,1990-08-27T01:31:08Z,ls5,qd9g45ggdymh,0.37239999999999995,0.29682222222222227,0.12244444444444444
0.18222222222222226,0.3711111111111111,0.0,0.4333333333333333,0.0,0.0,1990-09-12T01:31:05Z,ls5,qd9g45ggdymh,0.43918918918918914,0.3761261261261261,0.1846846846846847
0.17777777777777778,0.36629629629629634,0.0,0.4437037037037037,0.0,0.0,1990-09-28T01:30:56Z,ls5,qd9g45ggdymh,0.44919385076865387,0.3708286464191976,0.17997750281214847
0.15777777777777777,0.41222222222222227,0.0,0.4166666666666667,0.0,0.0,1990-10-30T01:30:41Z,ls5,qd9g45ggdymh,0.42229729729729726,0.4177927927927928,0.1599099099099099
0.14962962962962958,0.43185185185185193,0.0,0.40629629629629627,0.0,0.0,1990-11-15T01:30:43Z,ls5,qd9g45ggdymh,0.41132358455193097,0.4371953505811774,0.15148106486689158
0.13037037037037036,0.41074074074074074,0.0,0.41148148148148145,0.037037037037037035,0.0,1990-12-17T01:30:41Z,ls5,qd9g45ggdymh,0.41596106215079776,0.41521225735844713,0.1317896434537181
,,1.0,,,,1991-01-02T01:31:07Z,ls5,qd9g45ggdymh,,,
0.09555555555555555,0.4692592592592593,0.0,0.42407407407407405,0.0,0.0,1991-01-18T01:31:34Z,ls5,qd9g45ggdymh,0.4288389513108614,0.4745318352059926,0.09662921348314607
,,1.0,,,,1991-02-03T01:31:46Z,ls5,qd9g45ggdymh,,,
0.11074074074074074,0.45962962962962955,0.0,0.4166666666666667,0.0,0.0,1991-02-19T01:32:08Z,ls5,qd9g45ggdymh,0.4221388367729832,0.46566604127579736,0.11219512195121951
0.1174074074074074,0.4362962962962963,0.0,0.3985185185185185,0.037037037037037035,0.0,1991-03-07T01:32:25Z,ls5,qd9g45ggdymh,0.40301367100278035,0.4412175691833413,0.11873172277684141
0.05863636363636364,0.5263636363636364,0.18518518518518523,0.4054545454545455,0.0,0.0,1991-03-23T01:32:48Z,ls5,qd9g45ggdymh,0.40936209270307483,0.5314364387333639,0.05920146856356127
0.09999999999999999,0.48037037037037034,0.0,0.4085185185185185,0.0,0.0,1991-04-08T01:33:01Z,ls5,qd9g45ggdymh,0.41310861423220974,0.48576779026217226,0.10112359550561797
0.10074074074074073,0.46074074074074073,0.0,0.4262962962962963,0.0,0.0,1991-04-24T01:33:16Z,ls5,qd9g45ggdymh,0.43157105361829773,0.4664416947881515,0.10198725159355079
0.1474074074074074,0.40333333333333343,0.0,0.43629629629629635,0.0,0.0,1991-05-10T01:33:35Z,ls5,qd9g45ggdymh,0.4420262664165103,0.40863039399624773,0.149343339587242
0.09296296296296297,0.4566666666666667,0.0,0.4381481481481482,0.0,0.0,1991-05-26T01:33:52Z,ls5,qd9g45ggdymh,0.4435695538057743,0.46231721034870643,0.09411323584551931
,,1.0,,,,1991-06-27T01:34:18Z,ls5,qd9g45ggdymh,,,
0.13333333333333333,0.42037037037037034,0.0,0.43444444444444447,0.0,0.0,1991-07-13T01:34:28Z,ls5,qd9g45ggdymh,0.43965517241379315,0.42541229385307344,0.13493253373313344
0.16925925925925928,0.37925925925925924,0.0,0.43851851851851853,0.0,0.0,1991-08-14T01:34:45Z,ls5,qd9g45ggdymh,0.4442776735459663,0.38424015009380863,0.17148217636022517
0.21962962962962967,0.3337037037037038,0.0,0.3970370370370371,0.037037037037037035,0.0,1991-08-30T01:34:54Z,ls5,qd9g45ggdymh,0.40229785514274996,0.3381253428018822,0.2225397650183309
0.19777777777777777,0.38962962962962966,0.0,0.3655555555555555,0.0,0.037037037037037035,1991-09-15T01:35:08Z,ls5,qd9g45ggdymh,0.3693915446733169,0.3937182421442041,0.19985317614544199
,,1.0,,,,1991-10-01T01:35:13Z,ls5,qd9g45ggdymh,,,
0.13259259259259257,0.45444444444444443,0.0,0.39962962962962967,0.0,0.0,1991-10-17T01:35:24Z,ls5,qd9g45ggdymh,0.4050300300300301,0.46058558558558554,0.13438438438438435
0.16962962962962963,0.44407407407407407,0.0,0.3740740740740741,0.0,0.0,1991-11-02T01:35:23Z,ls5,qd9g45ggdymh,0.3787026621672291,0.44956880389951254,0.17172853393325832
0.11259259259259258,0.3348148148148148,0.0,0.3214814814814815,0.0,0.2222222222222222,1991-11-18T01:35:27Z,ls5,qd9g45ggdymh,0.32519803040034256,0.3386855063155641,0.11389424106187113
,,1.0,,,,1991-12-04T01:35:41Z,ls5,qd9g45ggdymh,,,
0.13777777777777778,0.4103703703703704,0.0,0.43999999999999995,0.0,0.0,1991-12-20T01:35:33Z,ls5,qd9g45ggdymh,0.4452773613193403,0.4152923538230885,0.13943028485757122
0.12259259259259257,0.3781481481481482,0.0,0.4911111111111111,0.0,0.0,1992-01-05T01:35:30Z,ls5,qd9g45ggdymh,0.49514563106796117,0.38125466766243465,0.12359970126960416
,,1.0,,,,1992-01-21T01:35:30Z,ls5,qd9g45ggdymh,,,
0.10888888888888888,0.38185185185185194,0.0,0.4951851851851851,0.0,0.0,1992-02-22T01:35:25Z,ls5,qd9g45ggdymh,0.5022539444027047,0.3873027798647634,0.11044327573253192
,,1.0,,,,1992-03-09T01:35:25Z,ls5,qd9g45ggdymh,,,
0.17407407407407408,0.38925925925925925,0.0,0.42592592592592593,0.0,0.0,1992-04-10T01:35:13Z,ls5,qd9g45ggdymh,0.4305503556720329,0.3934855859228753,0.17596405840509172
,,1.0,,,,1992-04-26T01:35:05Z,ls5,qd9g45ggdymh,,,
0.23296296296296293,0.3040740740740741,0.0,0.44962962962962966,0.0,0.0,1992-05-12T01:34:58Z,ls5,qd9g45ggdymh,0.45570570570570573,0.3081831831831832,0.23611111111111108
0.1037037037037037,0.35259259259259257,0.0,0.49444444444444435,0.0,0.037037037037037035,1992-05-28T01:34:49Z,ls5,qd9g45ggdymh,0.5008007618058261,0.3571253372577876,0.1050368638993493
,,1.0,,,,1992-06-13T01:34:38Z,ls5,qd9g45ggdymh,,,
0.0,0.0,0.11111111111111116,0.0,0.8333333333333334,0.16666666666666666,1992-06-29T01:34:27Z,ls5,qd9g45ggdymh,0.0,0.0,0.0
0.14148148148148149,0.2525925925925926,0.0,0.40962962962962957,0.14814814814814814,0.037037037037037035,1992-07-15T01:34:15Z,ls5,qd9g45ggdymh,0.4152927120669056,0.25608465608465614,0.14343744666325314
0.16925925925925928,0.30296296296296293,0.0,0.47962962962962963,0.0,0.037037037037037035,1992-07-31T01:34:02Z,ls5,qd9g45ggdymh,0.4852284190805593,0.30649949560455403,0.17123504827784988
,,1.0,,,,1992-09-01T01:33:32Z,ls5,qd9g45ggdymh,,,
0.1807407407407407,0.34518518518518515,0.0,0.461111111111111,0.0,0.0,1992-09-17T01:33:18Z,ls5,qd9g45ggdymh,0.4671669793621013,0.349718574108818,0.18311444652908065
,,1.0,,,,1992-10-03T01:32:56Z,ls5,qd9g45ggdymh,,,
0.1611111111111111,0.32518518518518524,0.0,0.4281481481481481,0.0,0.07407407407407407,1992-10-19T01:32:43Z,ls5,qd9g45ggdymh,0.43352384381140957,0.3292681097460361,0.16313397236848023
0.10444444444444445,0.40851851851851856,0.0,0.47444444444444445,0.0,0.0,1992-12-06T01:32:27Z,ls5,qd9g45ggdymh,0.4804951237809452,0.41372843210802707,0.10577644411102777
0.11555555555555556,0.3844444444444444,0.0,0.48629629629629634,0.0,0.0,1993-01-07T01:32:47Z,ls5,qd9g45ggdymh,0.49305294780322945,0.3897859556890724,0.11716109650769808
,,1.0,,,,1993-01-23T01:32:58Z,ls5,qd9g45ggdymh,,,
0.05814814814814816,0.45037037037037037,0.0,0.477037037037037,0.0,0.0,1993-02-08T01:33:09Z,ls5,qd9g45ggdymh,0.4840285606914693,0.4569710635099587,0.05900037579857198
0.11074074074074074,0.4074074074074074,0.0,0.43333333333333335,0.037037037037037035,0.0,1993-02-24T01:33:12Z,ls5,qd9g45ggdymh,0.4385623459192942,0.41232357308651585,0.11207704395715296
,,1.0,,,,1993-03-12T01:33:24Z,ls5,qd9g45ggdymh,,,
0.11740740740740742,0.4233333333333334,0.0,0.44814814814814813,0.0,0.0,1993-04-13T01:33:33Z,ls5,qd9g45ggdymh,0.4531835205992509,0.4280898876404495,0.11872659176029964
0.092,0.396,0.2592592592592593,0.40099999999999997,0.0,0.1,1993-04-29T01:33:40Z,ls5,qd9g45ggdymh,0.40596175478065244,0.4008998875140608,0.09313835770528685
0.36962962962962964,0.33,0.0,0.29518518518518516,0.0,0.0,1993-05-15T01:33:43Z,ls5,qd9g45ggdymh,0.2967237527922561,0.33172002978406556,0.37155621742367834
0.1051851851851852,0.3807407407407407,0.0,0.5014814814814815,0.0,0.0,1993-05-31T01:33:47Z,ls5,qd9g45ggdymh,0.5078769692423106,0.38559639909977494,0.1065266316579145
,,1.0,,,,1993-07-02T01:33:37Z,ls5,qd9g45ggdymh,,,
0.04703703703703704,0.17407407407407408,0.0,0.25222222222222224,0.07407407407407407,0.4444444444444444,1993-07-18T01:33:38Z,ls5,qd9g45ggdymh,0.25656407581290214,0.17707065437894862,0.04784675128963079
0.1788888888888889,0.33592592592592596,0.0,0.4707407407407407,0.0,0.0,1993-08-03T01:33:37Z,ls5,qd9g45ggdymh,0.4776399849680571,0.3408493047726419,0.18151071025930104
0.19148148148148147,0.3285185185185185,0.0,0.46888888888888886,0.0,0.0,1993-08-19T01:33:37Z,ls5,qd9g45ggdymh,0.47415730337078654,0.33220973782771535,0.19363295880149814
0.49592592592592594,0.13259259259259257,0.0,0.29000000000000004,0.0,0.07407407407407407,1993-09-04T01:33:36Z,ls5,qd9g45ggdymh,0.29233870967741943,0.13366188769414572,0.49992532855436084
0.15185185185185185,0.3862962962962963,0.0,0.44703703703703707,0.0,0.0,1993-09-20T01:33:34Z,ls5,qd9g45ggdymh,0.45375939849624064,0.39210526315789473,0.15413533834586465
,,1.0,,,,1993-10-06T01:33:30Z,ls5,qd9g45ggdymh,,,
0.10148148148148149,0.44074074074074077,0.0,0.4444444444444444,0.0,0.0,1993-10-22T01:33:22Z,ls5,qd9g45ggdymh,0.4504504504504504,0.4466966966966967,0.10285285285285287
0.10592592592592594,0.48259259259259263,0.0,0.4014814814814815,0.0,0.0,1993-11-07T01:33:16Z,ls5,qd9g45ggdymh,0.4055368499812944,0.487467265245043,0.10699588477366255
0.18444444444444444,0.3888888888888889,0.0,0.41111111111111115,0.0,0.0,1993-11-23T01:33:08Z,ls5,qd9g45ggdymh,0.41760722347629803,0.39503386004514673,0.1873589164785553
0.01,0.028000000000000004,0.2592592592592593,0.0115,0.15,0.8,1993-12-09T01:33:05Z,ls5,qd9g45ggdymh,0.011616161616161597,0.028282828282828243,0.010101010101010086
0.15037037037037038,0.37444444444444447,0.0,0.4611111111111111,0.0,0.0,1993-12-25T01:32:56Z,ls5,qd9g45ggdymh,0.4676934635612321,0.37978963185574754,0.15251690458302028
0.11925925925925927,0.41777777777777775,0.0,0.4485185185185185,0.0,0.0,1994-01-10T01:32:43Z,ls5,qd9g45ggdymh,0.4550920706501315,0.42390078917700114,0.12100714017286736
0.08222222222222222,0.4725925925925925,0.0,0.43185185185185176,0.0,0.0,1994-01-26T01:32:30Z,ls5,qd9g45ggdymh,0.4376876876876877,0.478978978978979,0.08333333333333336
0.06888888888888889,0.41740740740740745,0.0,0.4644444444444445,0.037037037037037035,0.0,1994-02-27T01:32:05Z,ls5,qd9g45ggdymh,0.4704150976063715,0.42277337719488095,0.0697744881617106
0.10333333333333333,0.397037037037037,0.0,0.4496296296296296,0.037037037037037035,0.0,1994-03-15T01:31:51Z,ls5,qd9g45ggdymh,0.45576492672009244,0.4024546964118115,0.10474333983105914
0.10814814814814815,0.3937037037037036,0.0,0.44888888888888884,0.037037037037037035,0.0,1994-03-31T01:31:35Z,ls5,qd9g45ggdymh,0.4546595680214691,0.3987649511607439,0.10953844378075
0.1259259259259259,0.3966666666666667,0.0,0.42814814814814817,0.037037037037037035,0.0,1994-05-02T01:31:01Z,ls5,qd9g45ggdymh,0.43365219524159926,0.4017660044150111,0.1275447633063527
,,1.0,,,,1994-06-03T01:30:25Z,ls5,qd9g45ggdymh,,,
0.1774074074074074,0.30518518518518517,0.0,0.3925925925925926,0.0,0.1111111111111111,1994-07-05T01:29:39Z,ls5,qd9g45ggdymh,0.39873983166408045,0.3099637936709455,0.18018526355386277
0.1362962962962963,0.40703703703703703,0.0,0.44296296296296295,0.0,0.0,1994-07-21T01:29:13Z,ls5,qd9g45ggdymh,0.44911753661284265,0.41269245212166733,0.13819001126549008
0.2,0.3444444444444444,0.0,0.44185185185185183,0.0,0.0,1994-08-22T01:28:24Z,ls5,qd9g45ggdymh,0.44799098760796097,0.3492301915133308,0.20277882087870824
0.1722222222222222,0.41407407407407404,0.0,0.3992592592592593,0.0,0.0,1994-09-07T01:28:00Z,ls5,qd9g45ggdymh,0.40511086057872986,0.42014280345734684,0.1747463359639233
0.17629629629629628,0.3962962962962963,0.0,0.4125925925925926,0.0,0.0,1994-09-23T01:27:35Z,ls5,qd9g45ggdymh,0.418796992481203,0.40225563909774437,0.1789473684210526
0.14111111111111113,0.39148148148148143,0.0,0.4551851851851853,0.0,0.0,1994-10-25T01:26:34Z,ls5,qd9g45ggdymh,0.4608173978252719,0.3963254593175852,0.14285714285714288
0.17833333333333332,0.39375,0.11111111111111116,0.4183333333333333,0.0,0.0,1994-11-10T01:26:00Z,ls5,qd9g45ggdymh,0.4223811527135044,0.3975599495161969,0.18005889777029868
,,1.0,,,,1994-11-26T01:25:28Z,ls5,qd9g45ggdymh,,,
,,1.0,,,,1994-12-12T01:25:00Z,ls5,qd9g45ggdymh,,,
0.1537037037037037,0.3611111111111111,0.0,0.47185185185185186,0.0,0.0,1994-12-28T01:24:28Z,ls5,qd9g45ggdymh,0.47822822822822825,0.365990990990991,0.15578078078078078
0.05925925925925927,0.4122222222222222,0.0,0.33555555555555566,0.0,0.18518518518518517,1995-01-13T01:23:54Z,ls5,qd9g45ggdymh,0.3387894548977616,0.4161949926061904,0.05983036731086296
0.11481481481481481,0.4137037037037037,0.0,0.4592592592592593,0.0,0.0,1995-01-29T01:23:17Z,ls5,qd9g45ggdymh,0.464941882264717,0.41882264716910383,0.11623547056617924
0.06925925925925926,0.4462962962962963,0.0,0.47259259259259256,0.0,0.0,1995-03-18T01:21:20Z,ls5,qd9g45ggdymh,0.4782608695652174,0.4516491754122939,0.07008995502248876
0.09481481481481481,0.4048148148148148,0.0,0.4866666666666667,0.0,0.0,1995-04-19T01:20:02Z,ls5,qd9g45ggdymh,0.49342846413819,0.41043935411190385,0.0961321817499061
0.08925925925925926,0.34925925925925927,0.0,0.47555555555555556,0.07407407407407407,0.0,1995-05-05T01:19:19Z,ls5,qd9g45ggdymh,0.48172159193228886,0.3537877423614863,0.09041659163215078
,,1.0,,,,1995-05-21T01:18:36Z,ls5,qd9g45ggdymh,,,
0.49142857142857144,0.10071428571428571,0.4814814814814815,0.1957142857142857,0.07142857142857142,0.14285714285714285,1995-07-24T01:15:40Z,ls5,qd9g45ggdymh,0.1951819712472478,0.10044035746664942,0.49009195700038866
0.0,0.0,0.0,0.0,0.8518518518518519,0.14814814814814814,1995-08-25T01:14:13Z,ls5,qd9g45ggdymh,0.0,0.0,0.0
0.15814814814814818,0.33851851851851855,0.0,0.45296296296296307,0.037037037037037035,0.0,1995-09-10T01:13:27Z,ls5,qd9g45ggdymh,0.45932281735713876,0.3432715086381233,0.16036863696770093
0.15962962962962965,0.3529629629629629,0.0,0.47555555555555556,0.0,0.0,1995-12-15T01:12:16Z,ls5,qd9g45ggdymh,0.4812593703148426,0.35719640179910045,0.161544227886057
0.11407407407407406,0.35407407407407404,0.0,0.5170370370370372,0.0,0.0,1996-01-16T01:14:35Z,ls5,qd9g45ggdymh,0.5248120300751881,0.35939849624060144,0.11578947368421051
0.08666666666666668,0.4166666666666667,0.0,0.48333333333333334,0.0,0.0,1996-02-17T01:16:48Z,ls5,qd9g45ggdymh,0.48986486486486486,0.4222972972972973,0.08783783783783786
0.13296296296296295,0.3825925925925926,0.0,0.47185185185185186,0.0,0.0,1996-03-04T01:17:52Z,ls5,qd9g45ggdymh,0.4778694673668417,0.38747186796699173,0.13465866466616652
0.08703703703703702,0.4018518518518519,0.0,0.49703703703703705,0.0,0.0,1996-03-20T01:18:54Z,ls5,qd9g45ggdymh,0.5041322314049587,0.407588279489106,0.08827948910593537
0.11444444444444445,0.36962962962962964,0.0,0.502962962962963,0.0,0.0,1996-04-21T01:20:54Z,ls5,qd9g45ggdymh,0.5095684803001876,0.374484052532833,0.11594746716697936
,,1.0,,,,1996-05-07T01:21:51Z,ls5,qd9g45ggdymh,,,
0.1051851851851852,0.34111111111111114,0.0,0.5037037037037038,0.037037037037037035,0.0,1996-05-23T01:22:46Z,ls5,qd9g45ggdymh,0.5105768536567757,0.34576564868962534,0.106620460616562
0.027407407407407408,0.07592592592592592,0.0,0.18888888888888888,0.037037037037037035,0.6666666666666666,1996-06-24T01:24:31Z,ls5,qd9g45ggdymh,0.19152232079988735,0.07698446228230765,0.027789513214101304
0.12592592592592594,0.358888888888889,0.0,0.5003703703703704,0.0,0.0,1996-07-10T01:25:20Z,ls5,qd9g45ggdymh,0.5078947368421052,0.3642857142857143,0.12781954887218044
0.16703703703703704,0.3137037037037037,0.0,0.4677777777777778,0.0,0.037037037037037035,1996-07-26T01:26:12Z,ls5,qd9g45ggdymh,0.4749012972363227,0.3184809174656891,0.16958074826095132
,,1.0,,,,1996-08-27T01:27:54Z,ls5,qd9g45ggdymh,,,
,,1.0,,,,1996-09-12T01:28:47Z,ls5,qd9g45ggdymh,,,
0.0,0.0,0.962962962962963,0.0,1.0,0.0,1996-10-14T01:30:29Z,ls5,qd9g45ggdymh,0.0,0.0,0.0
,,1.0,,,,1996-10-30T01:31:16Z,ls5,qd9g45ggdymh,,,
,,1.0,,,,1996-11-15T01:32:01Z,ls5,qd9g45ggdymh,,,
0.16518518518518518,0.35814814814814816,0.0,0.46444444444444444,0.0,0.0,1996-12-01T01:32:47Z,ls5,qd9g45ggdymh,0.4701912260967379,0.36257967754030745,0.16722909636295463
0.11222222222222224,0.36296296296296293,0.0,0.5103703703703704,0.0,0.0,1996-12-17T01:33:32Z,ls5,qd9g45ggdymh,0.5178504321683578,0.368282600526118,0.11386696730552426
0.1174074074074074,0.3688888888888889,0.0,0.49962962962962965,0.0,0.0,1997-01-02T01:34:18Z,ls5,qd9g45ggdymh,0.5067618332081143,0.37415477084898574,0.11908339594290007
0.16777777777777775,0.3348148148148148,0.0,0.485925925925926,0.0,0.0,1997-01-18T01:35:03Z,ls5,qd9g45ggdymh,0.4915698763581866,0.33870363431996997,0.16972648932184334
0.08074074074074075,0.3540740740740741,0.0,0.4437037037037037,0.0,0.1111111111111111,1997-02-03T01:35:46Z,ls5,qd9g45ggdymh,0.4489413528199363,0.35825370058085065,0.08169383548810194
0.10296296296296295,0.34370370370370373,0.0,0.3951851851851852,0.07407407407407407,0.07407407407407407,1997-03-07T01:37:06Z,ls5,qd9g45ggdymh,0.3998794218767822,0.3477864137784948,0.10418601619657492
0.08814814814814816,0.387037037037037,0.0,0.47370370370370374,0.037037037037037035,0.0,1997-03-23T01:37:42Z,ls5,qd9g45ggdymh,0.4807297539537977,0.3927776332147916,0.0894555757943736
0.10962962962962963,0.3511111111111112,0.0,0.4881481481481482,0.037037037037037035,0.0,1997-04-08T01:38:18Z,ls5,qd9g45ggdymh,0.49538844074363203,0.3563188481221269,0.11125567409720415
0.07185185185185185,0.3581481481481481,0.0,0.48518518518518516,0.07407407407407407,0.0,1997-04-24T01:38:52Z,ls5,qd9g45ggdymh,0.49087938606352205,0.3623514246743708,0.07269511518803304
,,1.0,,,,1997-05-10T01:39:25Z,ls5,qd9g45ggdymh,,,
0.05888888888888889,0.3151851851851852,0.0,0.575925925925926,0.0,0.037037037037037035,1997-05-26T01:39:59Z,ls5,qd9g45ggdymh,0.5837845642913869,0.31948595769258537,0.05969244097899069
0.06407407407407407,0.24185185185185187,0.0,0.3514814814814815,0.037037037037037035,0.2962962962962963,1997-07-29T01:42:10Z,ls5,qd9g45ggdymh,0.35643192488262915,0.24525821596244135,0.06497652582159626
,,1.0,,,,1997-08-14T01:42:41Z,ls5,qd9g45ggdymh,,,
0.16333333333333333,0.3496296296296297,0.0,0.472962962962963,0.0,0.0,1997-08-30T01:43:11Z,ls5,qd9g45ggdymh,0.4797145003756574,0.35462058602554475,0.1656649135987979
0.1674074074074074,0.35444444444444445,0.0,0.4262962962962963,0.0,0.037037037037037035,1997-09-15T01:43:38Z,ls5,qd9g45ggdymh,0.4329571759259259,0.35998263888888893,0.17002314814814815
0.14703703703703705,0.3829629629629629,0.0,0.45851851851851855,0.0,0.0,1997-10-17T01:44:31Z,ls5,qd9g45ggdymh,0.4638441363806669,0.38741101536155853,0.14874484825777445
0.14074074074074078,0.39629629629629626,0.0,0.44962962962962966,0.0,0.0,1997-11-02T01:44:57Z,ls5,qd9g45ggdymh,0.4557057057057057,0.40165165165165156,0.14264264264264265
0.13074074074074074,0.3848148148148148,0.0,0.47148148148148156,0.0,0.0,1997-12-20T01:46:07Z,ls5,qd9g45ggdymh,0.47767354596622896,0.38986866791744834,0.1324577861163227
0.13074074074074074,0.37148148148148147,0.0,0.48370370370370375,0.0,0.0,1998-01-05T01:46:30Z,ls5,qd9g45ggdymh,0.4906085649887303,0.3767843726521412,0.13260706235912847
,,1.0,,,,1998-01-21T01:46:50Z,ls5,qd9g45ggdymh,,,
0.13925925925925928,0.39518518518518525,0.0,0.4518518518518518,0.0,0.0,1998-02-06T01:47:11Z,ls5,qd9g45ggdymh,0.4581299286518963,0.40067592940292907,0.14119414194517463
0.13592592592592592,0.4214814814814815,0.0,0.43074074074074076,0.0,0.0,1998-02-22T01:47:29Z,ls5,qd9g45ggdymh,0.43590704647676165,0.42653673163418293,0.13755622188905547
0.1237037037037037,0.40592592592592597,0.0,0.4562962962962963,0.0,0.0,1998-03-26T01:47:59Z,ls5,qd9g45ggdymh,0.4628099173553719,0.4117205108940647,0.1254695717505635
0.10074074074074073,0.3822222222222223,0.0,0.4670370370370371,0.037037037037037035,0.0,1998-04-11T01:48:10Z,ls5,qd9g45ggdymh,0.47340986210381925,0.3874377301277887,0.10211537073135513
,,1.0,,,,1998-05-13T01:48:38Z,ls5,qd9g45ggdymh,,,
,,1.0,,,,1998-05-29T01:48:54Z,ls5,qd9g45ggdymh,,,
0.10444444444444445,0.36629629629629634,0.0,0.5162962962962963,0.0,0.0,1998-07-16T01:49:29Z,ls5,qd9g45ggdymh,0.523076923076923,0.3711069418386492,0.10581613508442778
0.0,0.0,0.8518518518518519,0.0,1.0,0.0,1998-08-01T01:49:35Z,ls5,qd9g45ggdymh,0.0,0.0,0.0
,,1.0,,,,1998-08-17T01:49:43Z,ls5,qd9g45ggdymh,,,
0.07407407407407407,0.18592592592592594,0.0,0.3255555555555556,0.0,0.4074074074074074,1998-09-02T01:49:54Z,ls5,qd9g45ggdymh,0.3294679879120107,0.18816032984280925,0.07496427483777261
,,1.0,,,,1998-09-18T01:50:01Z,ls5,qd9g45ggdymh,,,
0.1362962962962963,0.4003703703703704,0.0,0.44925925925925925,0.0,0.0,1998-10-20T01:50:04Z,ls5,qd9g45ggdymh,0.4556724267468069,0.40608564988730284,0.13824192336589033
,,1.0,,,,1998-11-05T01:50:09Z,ls5,qd9g45ggdymh,,,
,,1.0,,,,1998-12-07T01:50:12Z,ls5,qd9g45ggdymh,,,
0.10869565217391304,0.3652173913043478,0.14814814814814814,0.5117391304347826,0.0,0.0,1998-12-23T01:50:17Z,ls5,qd9g45ggdymh,0.5191883546537274,0.3705337450374945,0.11027790030877811
0.09703703703703702,0.3588888888888888,0.0,0.49629629629629624,0.0,0.037037037037037035,1999-01-08T01:50:17Z,ls5,qd9g45ggdymh,0.5018943486465851,0.3629370327153291,0.09813158160104873
0.09481481481481484,0.4255555555555555,0.0,0.46518518518518515,0.0,0.0,1999-02-09T01:50:25Z,ls5,qd9g45ggdymh,0.47200300638857573,0.43179255918827514,0.09620443442314923
,,1.0,,,,1999-02-25T01:50:28Z,ls5,qd9g45ggdymh,,,
0.2875,0.37999999999999995,0.7037037037037037,0.32375,0.0,0.0,1999-03-13T01:50:17Z,ls5,qd9g45ggdymh,0.32660781841109715,0.3833543505674653,0.2900378310214376
0.09962962962962964,0.38666666666666666,0.0,0.5007407407407407,0.0,0.0,1999-03-29T01:49:59Z,ls5,qd9g45ggdymh,0.5073170731707317,0.3917448405253283,0.10093808630393997
0.10629629629629628,0.3618518518518518,0.0,0.5185185185185185,0.0,0.0,1999-04-14T01:49:58Z,ls5,qd9g45ggdymh,0.5255255255255256,0.36674174174174173,0.10773273273273272
0.08148148148148149,0.38962962962962966,0.0,0.5174074074074073,0.0,0.0,1999-04-30T01:49:56Z,ls5,qd9g45ggdymh,0.5234170101161483,0.39415511427500943,0.08242787560884228
0.5311111111111111,0.19666666666666666,0.6666666666666667,0.26222222222222225,0.0,0.0,1999-05-16T01:49:42Z,ls5,qd9g45ggdymh,0.2648709315375982,0.19865319865319864,0.5364758698092031
0.11888888888888889,0.3062962962962963,0.0,0.4866666666666667,0.0,0.07407407407407407,1999-06-01T01:49:20Z,ls5,qd9g45ggdymh,0.49417817492553484,0.31102385895237233,0.12072389204801875
,,1.0,,,,1999-06-17T01:49:11Z,ls5,qd9g45ggdymh,,,
0.10111111111111111,0.3722222222222222,0.0,0.5159259259259259,0.0,0.0,1999-07-03T01:49:02Z,ls5,qd9g45ggdymh,0.5215275177836016,0.37626357169599395,0.10220891052040434
,,1.0,,,,1999-07-19T01:48:58Z,ls5,qd9g45ggdymh,,,
0.09111111111111111,0.2525925925925926,0.0,0.4222222222222222,0.14814814814814814,0.07407407407407407,1999-07-27T02:04:05Z,ls7,qd9g45ggdymh,0.42875564152159895,0.25650118203309696,0.09252095422308189
0.16481481481481478,0.3118518518518518,0.0,0.5092592592592593,0.0,0.0,1999-08-04T01:48:57Z,ls5,qd9g45ggdymh,0.5165289256198348,0.3163035311795642,0.167167543200601
0.08259259259259259,0.22666666666666668,0.0,0.4188888888888889,0.0,0.25925925925925924,1999-08-12T02:04:08Z,ls7,qd9g45ggdymh,0.426133152481067,0.2305866395388267,0.08402094872084698
0.14592592592592593,0.3185185185185185,0.0,0.4477777777777778,0.037037037037037035,0.037037037037037035,1999-08-20T01:48:45Z,ls5,qd9g45ggdymh,0.4545044435422025,0.32330340897129367,0.1481180734124299
0.152962962962963,0.3140740740740741,0.0,0.4803703703703704,0.037037037037037035,0.0,1999-09-05T01:48:17Z,ls5,qd9g45ggdymh,0.48825760866417633,0.3192308806069557,0.15547447369183104
,,1.0,,,,1999-09-13T02:04:05Z,ls7,qd9g45ggdymh,,,
0.1425925925925926,0.32111111111111107,0.0,0.5218518518518519,0.0,0.0,1999-09-29T02:04:15Z,ls7,qd9g45ggdymh,0.5295001878992861,0.32581736189402477,0.14468245020668924
,,1.0,,,,1999-10-15T02:04:13Z,ls7,qd9g45ggdymh,,,
,,1.0,,,,1999-10-23T01:47:44Z,ls5,qd9g45ggdymh,,,
0.09222222222222222,0.3577777777777778,0.0,0.5003703703703704,0.037037037037037035,0.0,1999-11-24T01:46:37Z,ls5,qd9g45ggdymh,0.5070003752778499,0.36251840304841093,0.09344418463670219
0.10111111111111111,0.324074074074074,0.0,0.4874074074074074,0.07407407407407407,0.0,1999-12-02T02:04:02Z,ls7,qd9g45ggdymh,0.4945286195286195,0.3288089225589225,0.10258838383838384
0.12666666666666668,0.33185185185185184,0.0,0.527037037037037,0.0,0.0,1999-12-10T01:46:18Z,ls5,qd9g45ggdymh,0.534761367906802,0.33671552048102216,0.1285231116121759
0.11333333333333334,0.32037037037037036,0.0,0.5529629629629629,0.0,0.0,1999-12-26T01:46:20Z,ls5,qd9g45ggdymh,0.5604354354354354,0.3246996996996997,0.11486486486486489
0.08333333333333333,0.2914814814814815,0.0,0.5388888888888889,0.037037037037037035,0.037037037037037035,2000-01-03T02:04:03Z,ls7,qd9g45ggdymh,0.5460973742287077,0.29538050413607775,0.08444804756114038
0.08555555555555555,0.31962962962962965,0.0,0.5448148148148148,0.037037037037037035,0.0,2000-01-19T02:04:00Z,ls7,qd9g45ggdymh,0.552248935094939,0.3239910475777923,0.08672298029023176
0.04409090909090909,0.19545454545454544,0.18518518518518523,0.2981818181818182,0.045454545454545456,0.4090909090909091,2000-02-04T02:04:01Z,ls7,qd9g45ggdymh,0.3024667640052256,0.1982632751863521,0.0447245062629678
0.08185185185185186,0.24074074074074073,0.0,0.40703703703703703,0.0,0.25925925925925924,2000-02-20T02:03:53Z,ls7,qd9g45ggdymh,0.41323557059597665,0.24440684339161495,0.08309832675314908
,,1.0,,,,2000-03-07T02:03:49Z,ls7,qd9g45ggdymh,,,
0.09592592592592591,0.27259259259259255,0.0,0.4718518518518519,0.0,0.14814814814814814,2000-03-23T02:03:51Z,ls7,qd9g45ggdymh,0.47829848358715704,0.27631686335961336,0.09723650490508134
0.06925925925925926,0.3111111111111111,0.0,0.4951851851851852,0.0,0.1111111111111111,2000-04-08T02:03:39Z,ls7,qd9g45ggdymh,0.5027260763301372,0.3158488437676255,0.07031396879112616
0.09185185185185184,0.3222222222222222,0.0,0.572962962962963,0.0,0.0,2000-04-24T02:03:33Z,ls7,qd9g45ggdymh,0.5804878048780489,0.3264540337711069,0.09305816135084426
0.06703703703703703,0.2696296296296296,0.0,0.5025925925925926,0.0,0.14814814814814814,2000-05-26T02:03:12Z,ls7,qd9g45ggdymh,0.5101336994540878,0.27367526396652614,0.06804288843123796
0.035925925925925924,0.14814814814814814,0.0,0.3274074074074074,0.037037037037037035,0.4444444444444444,2000-06-27T02:02:56Z,ls7,qd9g45ggdymh,0.33191192640866796,0.1501863920401212,0.036420200069729396
,,1.0,,,,2000-07-29T02:02:26Z,ls7,qd9g45ggdymh,,,
0.09962962962962962,0.28592592592592597,0.0,0.5262962962962964,0.0,0.07407407407407407,2000-08-14T02:02:19Z,ls7,qd9g45ggdymh,0.5344194722748743,0.2903390799410296,0.10116737371002195
0.36000000000000004,0.18370370370370367,0.0,0.29703703703703704,0.037037037037037035,0.1111111111111111,2000-08-30T02:02:09Z,ls7,qd9g45ggdymh,0.300962636645456,0.18613150595529449,0.36475770925110135
0.13518518518518519,0.22518518518518518,0.0,0.40518518518518515,0.037037037037037035,0.18518518518518517,2000-09-15T02:01:50Z,ls7,qd9g45ggdymh,0.41165403429554376,0.2287803042520024,0.1373434392302317
0.09703703703703705,0.327037037037037,0.0,0.4862962962962963,0.0,0.07407407407407407,2000-10-01T02:01:41Z,ls7,qd9g45ggdymh,0.49460567157882057,0.3326251393785975,0.098695114968508
0.1259259259259259,0.3344444444444445,0.0,0.48888888888888893,0.0,0.037037037037037035,2000-10-17T02:01:23Z,ls7,qd9g45ggdymh,0.49594659036719124,0.3392725538648286,0.12774381873094318
0.12111111111111111,0.3496296296296296,0.0,0.4770370370370371,0.037037037037037035,0.0,2000-11-02T02:01:36Z,ls7,qd9g45ggdymh,0.484680068892652,0.35523135484057716,0.12305153922973384
0.1551851851851852,0.3422222222222222,0.0,0.48703703703703705,0.0,0.0,2000-12-04T02:01:34Z,ls7,qd9g45ggdymh,0.49473288186606473,0.3476297968397291,0.15763732129420618
0.18749999999999997,0.35500000000000004,0.40740740740740744,0.4475,0.0,0.0,2000-12-20T02:01:39Z,ls7,qd9g45ggdymh,0.45202020202020204,0.3585858585858586,0.18939393939393936
0.1174074074074074,0.41555555555555557,0.0,0.4544444444444445,0.0,0.0,2001-01-05T02:01:39Z,ls7,qd9g45ggdymh,0.4602400600150037,0.4208552138034508,0.11890472618154536
0.0,0.0,0.0,0.0,0.2962962962962963,0.7037037037037037,2001-02-06T02:01:39Z,ls7,qd9g45ggdymh,0.0,0.0,0.0
,,1.0,,,,2001-02-22T02:01:38Z,ls7,qd9g45ggdymh,,,
0.08851851851851852,0.3688888888888889,0.0,0.4918518518518518,0.037037037037037035,0.0,2001-03-10T02:01:34Z,ls7,qd9g45ggdymh,0.4989523272785076,0.37421424545888066,0.08979639022557478
0.10222222222222223,0.37925925925925924,0.0,0.4681481481481481,0.037037037037037035,0.0,2001-03-26T02:01:25Z,ls7,qd9g45ggdymh,0.474721211070665,0.3845842722597793,0.10365747963251865
0.10666666666666666,0.36888888888888893,0.0,0.4759259259259259,0.037037037037037035,0.0,2001-04-27T02:01:19Z,ls7,qd9g45ggdymh,0.48166890128742984,0.37334025344924526,0.10795380822628778
0.0837037037037037,0.3362962962962963,0.0,0.42296296296296304,0.0,0.14814814814814814,2001-05-13T02:01:10Z,ls7,qd9g45ggdymh,0.4274230293562456,0.33984247868254897,0.08458634381305734
0.691923076923077,0.18384615384615383,0.03703703703703709,0.12692307692307694,0.0,0.0,2001-05-29T02:01:01Z,ls7,qd9g45ggdymh,0.12658227848101267,0.1833525124664365,0.6900652090525509
,,1.0,,,,2001-06-14T02:00:50Z,ls7,qd9g45ggdymh,,,
0.07370370370370372,0.29518518518518516,0.0,0.3618518518518519,0.0,0.25925925925925924,2001-06-30T02:00:35Z,ls7,qd9g45ggdymh,0.36680370182650973,0.29922471889020286,0.07471232002402808
0.10740740740740738,0.40555555555555567,0.0,0.4718518518518518,0.0,0.0,2001-07-16T02:00:35Z,ls7,qd9g45ggdymh,0.4791274915381722,0.41180895073335855,0.10906355772846932
0.17444444444444443,0.342962962962963,0.0,0.4677777777777778,0.0,0.0,2001-08-01T02:00:23Z,ls7,qd9g45ggdymh,0.474812030075188,0.3481203007518798,0.17706766917293232
0.1311111111111111,0.3574074074074074,0.0,0.4607407407407408,0.037037037037037035,0.0,2001-08-17T02:00:04Z,ls7,qd9g45ggdymh,0.4673920897096864,0.36256701492752996,0.13300385832574674
0.13962962962962963,0.30074074074074075,0.0,0.40111111111111114,0.0,0.14814814814814814,2001-09-02T01:59:53Z,ls7,qd9g45ggdymh,0.40605438184663534,0.3044470526864893,0.14135041731872716
,,1.0,,,,2001-09-18T01:59:42Z,ls7,qd9g45ggdymh,,,
0.1385185185185185,0.3774074074074074,0.0,0.4699999999999999,0.0,0.0,2001-10-04T01:59:30Z,ls7,qd9g45ggdymh,0.47670924117205105,0.3827948910593539,0.14049586776859505
,,1.0,,,,2001-10-20T01:59:32Z,ls7,qd9g45ggdymh,,,
0.13592592592592592,0.37555555555555553,0.0,0.47333333333333333,0.0,0.0,2001-11-05T01:59:37Z,ls7,qd9g45ggdymh,0.4806318164723581,0.3813463708160963,0.1380218127115457
0.13,0.37925925925925924,0.0,0.4785185185185185,0.0,0.0,2001-11-21T01:59:46Z,ls7,qd9g45ggdymh,0.4844394450693663,0.38395200599925006,0.13160854893138357
0.11814814814814814,0.36333333333333334,0.0,0.5044444444444445,0.0,0.0,2001-12-07T01:59:47Z,ls7,qd9g45ggdymh,0.5116453794139745,0.36851990984222394,0.11983471074380166
0.1214814814814815,0.35814814814814816,0.0,0.5059259259259259,0.0,0.0,2001-12-23T01:59:56Z,ls7,qd9g45ggdymh,0.5133408493047726,0.3633972190905675,0.12326193160465992
,,1.0,,,,2002-01-08T01:59:59Z,ls7,qd9g45ggdymh,,,
0.11592592592592592,0.39296296296296307,0.0,0.47777777777777786,0.0,0.0,2002-01-24T02:00:06Z,ls7,qd9g45ggdymh,0.48423423423423423,0.39827327327327333,0.11749249249249247
0.09740740740740741,0.38296296296296295,0.0,0.5051851851851852,0.0,0.0,2002-02-09T02:00:08Z,ls7,qd9g45ggdymh,0.5125892521608418,0.38857572341225105,0.09883502442690718
0.10444444444444445,0.3951851851851852,0.0,0.4862962962962963,0.0,0.0,2002-02-25T02:00:10Z,ls7,qd9g45ggdymh,0.49323816679188576,0.40082644628099173,0.10593538692712247
,,1.0,,,,2002-03-13T02:00:08Z,ls7,qd9g45ggdymh,,,
0.09962962962962962,0.3659259259259259,0.0,0.48185185185185186,0.0,0.037037037037037035,2002-03-29T02:00:03Z,ls7,qd9g45ggdymh,0.4897634147047752,0.3719340920279153,0.10126545623027249
0.08703703703703704,0.37592592592592594,0.0,0.4862962962962963,0.037037037037037035,0.0,2002-04-14T02:00:02Z,ls7,qd9g45ggdymh,0.49331657056978945,0.38135287062325696,0.08829352176991663
0.07777777777777778,0.36259259259259263,0.0,0.51,0.0,0.037037037037037035,2002-04-30T02:00:04Z,ls7,qd9g45ggdymh,0.5167575993764615,0.36739701509771666,0.07880834848878498
0.09000000000000001,0.3388888888888889,0.0,0.5211111111111111,0.0,0.037037037037037035,2002-06-17T01:59:45Z,ls7,qd9g45ggdymh,0.5282217890405025,0.34351310374702193,0.09122807017543862
0.6014285714285714,0.1042857142857143,0.7407407407407407,0.2842857142857143,0.0,0.0,2002-07-03T01:59:40Z,ls7,qd9g45ggdymh,0.28715728715728717,0.10533910533910536,0.6075036075036075
,,1.0,,,,2002-07-19T01:59:33Z,ls7,qd9g45ggdymh,,,
0.14481481481481484,0.3396296296296296,0.0,0.5018518518518518,0.0,0.0,2002-08-20T01:59:22Z,ls7,qd9g45ggdymh,0.5088246338715734,0.3443484791588434,0.1468268869695832
0.3195,0.28150000000000003,0.2592592592592593,0.3905,0.0,0.0,2002-09-05T01:59:13Z,ls7,qd9g45ggdymh,0.39384770549672216,0.2839132627332325,0.32223903177004537
,,1.0,,,,2002-09-21T01:59:01Z,ls7,qd9g45ggdymh,,,
0.14222222222222222,0.3951851851851852,0.0,0.44999999999999996,0.0,0.0,2002-10-23T01:59:02Z,ls7,qd9g45ggdymh,0.4557389347336834,0.400225056264066,0.14403600900225055
0.12666666666666668,0.4274074074074074,0.0,0.43185185185185176,0.0,0.0,2002-11-08T01:59:07Z,ls7,qd9g45ggdymh,0.43801652892561976,0.4335086401202104,0.1284748309541698
0.12370370370370373,0.42296296296296304,0.0,0.43962962962962965,0.0,0.0,2002-11-24T01:59:24Z,ls7,qd9g45ggdymh,0.4457378895981975,0.42883965452497186,0.12542245587683065
0.12037037037037036,0.4181481481481481,0.0,0.4485185185185185,0.0,0.0,2002-12-10T01:59:29Z,ls7,qd9g45ggdymh,0.4544090056285178,0.42363977485928705,0.12195121951219513
,,1.0,,,,2002-12-26T01:59:35Z,ls7,qd9g45ggdymh,,,
,,1.0,,,,2003-01-11T01:59:37Z,ls7,qd9g45ggdymh,,,
0.061111111111111116,0.44518518518518524,0.0,0.4433333333333333,0.037037037037037035,0.0,2003-01-27T01:59:44Z,ls7,qd9g45ggdymh,0.4495579823192928,0.45143583521118635,0.06196914543248397
0.11444444444444446,0.44518518518518524,0.0,0.42629629629629634,0.0,0.0,2003-02-28T01:59:55Z,ls7,qd9g45ggdymh,0.432381667918858,0.45154019534184825,0.11607813673929378
,,1.0,,,,2003-03-16T01:59:58Z,ls7,qd9g45ggdymh,,,
0.06592592592592593,0.41888888888888887,0.0,0.5014814814814815,0.0,0.0,2003-04-17T01:59:59Z,ls7,qd9g45ggdymh,0.5084491175366128,0.42470897484040554,0.0668419076229816
0.09518518518518519,0.4218518518518518,0.0,0.4696296296296296,0.0,0.0,2003-05-03T02:00:00Z,ls7,qd9g45ggdymh,0.475975975975976,0.42755255255255253,0.09647147147147149
0.08962962962962964,0.4325925925925926,0.0,0.4651851851851852,0.0,0.0,2003-05-11T01:46:22Z,ls5,qd9g45ggdymh,0.4711177794448612,0.43810952738184544,0.09077269317329334
,,1.0,,,,2003-05-19T01:59:55Z,ls7,qd9g45ggdymh,,,
0.1151851851851852,0.41000000000000003,0.0,0.4618518518518519,0.0,0.0,2003-05-27T01:46:41Z,ls5,qd9g45ggdymh,0.46791744840525334,0.4153846153846154,0.11669793621013134
,,1.0,,,,2003-06-12T01:46:58Z,ls5,qd9g45ggdymh,,,
0.0,0.0,0.962962962962963,0.0,0.0,1.0,2003-06-28T01:47:21Z,ls5,qd9g45ggdymh,0.0,0.0,0.0
,,1.0,,,,2003-07-22T01:59:46Z,ls7,qd9g45ggdymh,,,
0.0,0.0,0.0,0.0,0.07407407407407407,0.9259259259259259,2003-07-30T01:47:55Z,ls5,qd9g45ggdymh,0.0,0.0,0.0
,,1.0,,,,2003-08-07T01:59:37Z,ls7,qd9g45ggdymh,,,
0.1685185185185185,0.39703703703703713,0.0,0.42037037037037034,0.0,0.0,2003-08-31T01:48:29Z,ls5,qd9g45ggdymh,0.42637114951164534,0.40270473328324574,0.17092411720510892
0.12074074074074073,0.4303703703703704,0.0,0.4359259259259259,0.0,0.0,2003-09-16T01:48:45Z,ls5,qd9g45ggdymh,0.44165103189493427,0.4360225140712946,0.1223264540337711
0.12814814814814818,0.425925925925926,0.0,0.43111111111111106,0.0,0.0,2003-10-02T01:48:57Z,ls5,qd9g45ggdymh,0.437593984962406,0.43233082706766923,0.13007518796992484
0.26470588235294124,0.2152941176470588,0.37037037037037035,0.2776470588235294,0.0,0.23529411764705882,2003-10-10T01:59:17Z,ls7,qd9g45ggdymh,0.28023383266350016,0.21729996346364627,0.2671720862257947
0.15000000000000002,0.425,0.33333333333333337,0.4122222222222222,0.0,0.0,2003-10-18T01:49:10Z,ls5,qd9g45ggdymh,0.41755768148565,0.4305008441193022,0.15194147439504785
,,1.0,,,,2003-10-26T01:59:37Z,ls7,qd9g45ggdymh,,,
,,1.0,,,,2003-11-03T01:49:15Z,ls5,qd9g45ggdymh,,,
,,1.0,,,,2003-11-11T01:59:45Z,ls7,qd9g45ggdymh,,,
0.15769230769230771,0.41000000000000003,0.5185185185185186,0.4169230769230769,0.0,0.0,2003-11-27T01:59:55Z,ls7,qd9g45ggdymh,0.4234375,0.41640625000000003,0.16015625000000003
0.06777777777777778,0.45925925925925926,0.0,0.4603703703703704,0.0,0.0,2003-12-05T01:49:45Z,ls5,qd9g45ggdymh,0.4662415603900975,0.46511627906976744,0.06864216054013504
0.1319047619047619,0.41809523809523813,0.2222222222222222,0.4361904761904762,0.0,0.0,2003-12-13T02:00:00Z,ls7,qd9g45ggdymh,0.44229840656687586,0.4239497827136649,0.13375181071945919
0.1111111111111111,0.44148148148148153,0.0,0.4351851851851852,0.0,0.0,2003-12-21T01:49:53Z,ls5,qd9g45ggdymh,0.4405699287589051,0.4469441319835021,0.11248593925759279
0.10407407407407408,0.43370370370370365,0.0,0.4485185185185185,0.0,0.0,2003-12-29T02:00:08Z,ls7,qd9g45ggdymh,0.45475028163725123,0.4397296282388284,0.10552009012392041
0.11,0.43818181818181823,0.18518518518518523,0.4390909090909092,0.0,0.0,2004-01-14T02:00:09Z,ls7,qd9g45ggdymh,0.44475138121546964,0.4438305709023941,0.11141804788213626
0.10222222222222224,0.4837037037037038,0.0,0.36518518518518517,0.037037037037037035,0.0,2004-01-22T01:50:03Z,ls5,qd9g45ggdymh,0.3697357793931002,0.4897311641859929,0.10349601938386987
0.10407407407407408,0.4655555555555556,0.0,0.41777777777777775,0.0,0.0,2004-02-07T01:50:08Z,ls5,qd9g45ggdymh,0.423105776444111,0.47149287321830463,0.10540135033758441
0.09148148148148148,0.4674074074074074,0.0,0.4277777777777778,0.0,0.0,2004-02-15T02:00:21Z,ls7,qd9g45ggdymh,0.43355855855855857,0.4737237237237237,0.09271771771771772
0.0888888888888889,0.47444444444444445,0.0,0.42444444444444446,0.0,0.0,2004-02-23T01:50:13Z,ls5,qd9g45ggdymh,0.4296962879640045,0.4803149606299213,0.08998875140607426
0.09518518518518518,0.4366666666666667,0.0,0.4188888888888889,0.037037037037037035,0.0,2004-03-02T02:00:23Z,ls7,qd9g45ggdymh,0.4242739038220145,0.44228022334761724,0.09640883579333132
0.11962962962962964,0.44037037037037047,0.0,0.3925925925925926,0.037037037037037035,0.0,2004-03-10T01:50:18Z,ls5,qd9g45ggdymh,0.39686653994585563,0.445164449052474,0.12093197396463336
0.07529411764705883,0.4717647058823529,0.37037037037037035,0.44176470588235306,0.0,0.0,2004-03-18T02:00:30Z,ls7,qd9g45ggdymh,0.4467578822129686,0.47709696609161206,0.0761451516954194
0.10074074074074073,0.46111111111111114,0.0,0.4262962962962963,0.0,0.0,2004-03-26T01:50:20Z,ls5,qd9g45ggdymh,0.43140929535232386,0.4666416791604198,0.10194902548725636
0.08999999999999998,0.47583333333333333,0.5555555555555556,0.42250000000000004,0.0,0.0,2004-04-03T02:00:30Z,ls7,qd9g45ggdymh,0.4274873524451939,0.4814502529510961,0.09106239460370992
0.07333333333333335,0.4407407407407407,0.0,0.43666666666666665,0.037037037037037035,0.0,2004-04-11T01:50:47Z,ls5,qd9g45ggdymh,0.4422802233476172,0.44640667157223446,0.0742760680431113
,,1.0,,,,2004-04-27T01:51:15Z,ls5,qd9g45ggdymh,,,
0.08875,0.42062499999999997,0.40740740740740744,0.41375,0.0625,0.0,2004-05-05T02:00:25Z,ls7,qd9g45ggdymh,0.42019295870006773,0.42717501692620174,0.09013202437373054
0.11777777777777777,0.4040740740740741,0.0,0.4651851851851852,0.0,0.0,2004-05-13T01:51:43Z,ls5,qd9g45ggdymh,0.4712945590994372,0.40938086303939963,0.11932457786116323
,,1.0,,,,2004-05-21T02:00:25Z,ls7,qd9g45ggdymh,,,
0.10740740740740742,0.372962962962963,0.0,0.5059259259259259,0.0,0.0,2004-05-29T01:52:10Z,ls5,qd9g45ggdymh,0.5129553135561397,0.37814494930529485,0.10889973713856556
0.0,0.0,0.962962962962963,0.0,0.0,1.0,2004-06-06T02:00:20Z,ls7,qd9g45ggdymh,0.0,0.0,0.0
0.15962962962962965,0.3707407407407408,0.0,0.4551851851851852,0.0,0.0,2004-06-14T01:52:39Z,ls5,qd9g45ggdymh,0.4618564449455092,0.376174370537392,0.16196918451709885
0.1884,0.2984,0.07407407407407407,0.38800000000000007,0.0,0.12,2004-06-30T01:53:08Z,ls5,qd9g45ggdymh,0.3903063557384545,0.30017375400091445,0.18951989026063099
,,1.0,,,,2004-07-08T02:00:14Z,ls7,qd9g45ggdymh,,,
0.1451851851851852,0.4003703703703703,0.0,0.4403703703703704,0.0,0.0,2004-07-16T01:53:34Z,ls5,qd9g45ggdymh,0.446656649135988,0.4060856498873027,0.14725770097670923
0.09428571428571428,0.28952380952380946,0.2222222222222222,0.41428571428571426,0.0,0.19047619047619047,2004-07-24T02:00:09Z,ls7,qd9g45ggdymh,0.4202182066143881,0.2936697351971815,0.09563586771224003
0.1348148148148148,0.28259259259259256,0.0,0.3862962962962963,0.0,0.18518518518518517,2004-08-01T01:53:55Z,ls5,qd9g45ggdymh,0.391636798088411,0.2864994026284349,0.13667861409796894
0.124,0.3795,0.2592592592592593,0.484,0.0,0.0,2004-08-09T02:00:02Z,ls7,qd9g45ggdymh,0.49012658227848105,0.38430379746835447,0.12556962025316457
0.28777777777777785,0.3096296296296296,0.0,0.38888888888888895,0.0,0.0,2004-08-17T01:54:17Z,ls5,qd9g45ggdymh,0.3942921517085993,0.3139316560270371,0.2917761922643635
,,1.0,,,,2004-08-25T02:00:01Z,ls7,qd9g45ggdymh,,,
0.12962962962962962,0.3951851851851852,0.0,0.4607407407407407,0.0,0.0,2004-09-02T01:54:43Z,ls5,qd9g45ggdymh,0.46749342352499057,0.40097707628711016,0.13152950018789927
0.15391304347826087,0.36869565217391304,0.14814814814814814,0.46391304347826084,0.0,0.0,2004-09-10T01:59:55Z,ls7,qd9g45ggdymh,0.4702512119876598,0.373732921992067,0.15601586602027326
0.18481481481481485,0.37370370370370365,0.0,0.4288888888888889,0.0,0.0,2004-09-18T01:55:08Z,ls5,qd9g45ggdymh,0.43435858964741186,0.37846961740435103,0.1871717929482371
,,1.0,,,,2004-09-26T01:59:50Z,ls7,qd9g45ggdymh,,,
0.13444444444444445,0.4103703703703704,0.0,0.4418518518518519,0.0,0.0,2004-10-04T01:55:29Z,ls5,qd9g45ggdymh,0.4478228228228228,0.4159159159159159,0.13626126126126126
0.1362962962962963,0.3248148148148149,0.0,0.3825925925925926,0.0,0.14814814814814814,2004-10-20T01:55:50Z,ls5,qd9g45ggdymh,0.38628751666504074,0.3279517445452476,0.13761259064156342
0.1525,0.40249999999999997,0.8518518518518519,0.4325,0.0,0.0,2004-10-28T02:00:03Z,ls7,qd9g45ggdymh,0.4379746835443038,0.40759493670886077,0.15443037974683546
,,1.0,,,,2004-11-05T01:56:09Z,ls5,qd9g45ggdymh,,,
0.04259259259259259,0.43740740740740736,0.0,0.5107407407407407,0.0,0.0,2004-11-13T02:00:10Z,ls7,qd9g45ggdymh,0.5155140186915887,0.4414953271028037,0.04299065420560748
0.06222222222222223,0.44333333333333336,0.0,0.4822222222222222,0.0,0.0,2004-11-21T01:56:23Z,ls5,qd9g45ggdymh,0.4881889763779528,0.4488188976377953,0.06299212598425198
,,1.0,,,,2004-11-29T02:00:20Z,ls7,qd9g45ggdymh,,,
0.14074074074074072,0.39481481481481484,0.0,0.45037037037037037,0.0,0.0,2004-12-07T01:56:46Z,ls5,qd9g45ggdymh,0.45679939894815924,0.400450788880541,0.14274981217129976
0.1422727272727273,0.3995454545454546,0.18518518518518523,0.44727272727272727,0.0,0.0,2004-12-15T02:00:26Z,ls7,qd9g45ggdymh,0.4522058823529411,0.4039522058823529,0.1438419117647059
0.1292592592592593,0.39370370370370367,0.0,0.4274074074074074,0.037037037037037035,0.0,2004-12-23T01:57:03Z,ls5,qd9g45ggdymh,0.4330706388383707,0.3989203544932305,0.13097196963136173
0.11076923076923076,0.43923076923076915,0.5185185185185186,0.43846153846153846,0.0,0.0,2004-12-31T02:00:35Z,ls7,qd9g45ggdymh,0.44357976653696507,0.4443579766536965,0.11206225680933853
0.1051851851851852,0.4407407407407407,0.0,0.4418518518518519,0.0,0.0,2005-01-08T01:57:15Z,ls5,qd9g45ggdymh,0.44731908511436075,0.44619422572178474,0.10648668916385454
0.13523809523809524,0.38047619047619047,0.2222222222222222,0.47095238095238096,0.0,0.0,2005-01-16T02:00:38Z,ls7,qd9g45ggdymh,0.47731660231660233,0.3856177606177606,0.13706563706563707
0.11407407407407408,0.43814814814814806,0.0,0.4355555555555555,0.0,0.0,2005-01-24T01:57:28Z,ls5,qd9g45ggdymh,0.4409448818897638,0.44356955380577423,0.11548556430446197
0.12411764705882353,0.37529411764705883,0.37037037037037035,0.4288235294117647,0.058823529411764705,0.0,2005-02-01T02:00:42Z,ls7,qd9g45ggdymh,0.4348020577052113,0.3805263550287034,0.12584805785432043
0.07962962962962962,0.43481481481481477,0.0,0.4,0.07407407407407407,0.0,2005-02-09T01:57:41Z,ls5,qd9g45ggdymh,0.40502227622519243,0.44027421508182946,0.08062943461890404
,,1.0,,,,2005-02-17T02:00:51Z,ls7,qd9g45ggdymh,,,
0.06666666666666667,0.49148148148148146,0.0,0.43037037037037035,0.0,0.0,2005-02-25T01:57:58Z,ls5,qd9g45ggdymh,0.4353690520794305,0.4971899587860622,0.06744098913450731
,,1.0,,,,2005-03-13T01:58:10Z,ls5,qd9g45ggdymh,,,
0.08444444444444445,0.46370370370370384,0.0,0.43962962962962965,0.0,0.0,2005-03-21T02:00:56Z,ls7,qd9g45ggdymh,0.4450693663292088,0.4694413198350207,0.08548931383577052
0.06444444444444443,0.4314814814814815,0.0,0.38296296296296295,0.1111111111111111,0.0,2005-03-29T01:58:17Z,ls5,qd9g45ggdymh,0.3873203165238563,0.43639087886875494,0.06517769349627754
0.10066666666666667,0.4366666666666667,0.4444444444444444,0.45066666666666666,0.0,0.0,2005-04-06T02:00:52Z,ls7,qd9g45ggdymh,0.45614035087719296,0.4419703103913631,0.101889338731444
0.09888888888888889,0.39888888888888885,0.0,0.4525925925925926,0.037037037037037035,0.0,2005-04-14T01:58:21Z,ls5,qd9g45ggdymh,0.4585895326347392,0.40417424439248284,0.10019918593574088
0.07652173913043478,0.3860869565217391,0.14814814814814814,0.48217391304347823,0.043478260869565216,0.0,2005-04-22T02:00:46Z,ls7,qd9g45ggdymh,0.48816502931231115,0.3908841713519678,0.07747253846615579
0.11304347826086956,0.3934782608695652,0.14814814814814814,0.48000000000000004,0.0,0.0,2005-05-08T02:00:51Z,ls7,qd9g45ggdymh,0.4865579550462759,0.39885412075804316,0.11458792419568091
0.06875,0.041249999999999995,0.40740740740740744,0.075,0.0,0.8125,2005-05-24T02:00:50Z,ls7,qd9g45ggdymh,0.07601351351351351,0.04180743243243243,0.06967905405405406
0.6071428571428571,0.13285714285714287,0.7407407407407407,0.2557142857142857,0.0,0.0,2005-06-01T01:58:41Z,ls5,qd9g45ggdymh,0.2568149210903874,0.13342898134863704,0.6097560975609756
,,1.0,,,,2005-06-17T01:58:48Z,ls5,qd9g45ggdymh,,,
,,1.0,,,,2005-06-25T02:00:39Z,ls7,qd9g45ggdymh,,,
,,1.0,,,,2005-07-03T01:58:51Z,ls5,qd9g45ggdymh,,,
0.12526315789473683,0.3263157894736842,0.2962962962962963,0.48210526315789465,0.0,0.05263157894736842,2005-07-11T02:00:40Z,ls7,qd9g45ggdymh,0.4891710674657331,0.3310983207737495,0.127099032813149
0.13925925925925928,0.3674074074074074,0.0,0.47962962962962963,0.0,0.0,2005-07-19T01:59:02Z,ls5,qd9g45ggdymh,0.4862936537739391,0.3725122042808862,0.14119414194517463
0.10851851851851851,0.3725925925925926,0.0,0.5048148148148148,0.0,0.0,2005-07-27T02:00:39Z,ls7,qd9g45ggdymh,0.5120210368144252,0.37791134485349365,0.11006761833208115
0.7126315789473685,0.02526315789473684,0.2962962962962963,0.25315789473684214,0.0,0.0,2005-08-04T01:59:11Z,ls5,qd9g45ggdymh,0.25544344131704727,0.025491237387148168,0.7190653212958046
,,1.0,,,,2005-08-12T02:00:35Z,ls7,qd9g45ggdymh,,,
0.15962962962962962,0.28888888888888886,0.0,0.42777777777777776,0.037037037037037035,0.07407407407407407,2005-08-20T01:59:17Z,ls5,qd9g45ggdymh,0.43392504930966475,0.2930402930402931,0.1619235465389312
,,1.0,,,,2005-08-28T02:00:28Z,ls7,qd9g45ggdymh,,,
,,1.0,,,,2005-09-05T01:59:21Z,ls5,qd9g45ggdymh,,,
,,1.0,,,,2005-10-07T01:59:18Z,ls5,qd9g45ggdymh,,,
0.14400000000000002,0.354,0.4444444444444444,0.48466666666666663,0.0,0.0,2005-10-15T02:00:21Z,ls7,qd9g45ggdymh,0.4932157394843962,0.3602442333785617,0.1465400271370421
0.14370370370370372,0.40703703703703703,0.0,0.4351851851851851,0.0,0.0,2005-10-23T01:59:17Z,ls5,qd9g45ggdymh,0.4413974455296769,0.412847483095417,0.14575507137490612
0.13266666666666665,0.35866666666666674,0.4444444444444444,0.49466666666666664,0.0,0.0,2005-10-31T02:00:34Z,ls7,qd9g45ggdymh,0.5016903313049358,0.3637592968221772,0.13455037187288707
0.15148148148148147,0.3803703703703704,0.0,0.45333333333333337,0.0,0.0,2005-11-08T01:59:26Z,ls5,qd9g45ggdymh,0.46015037593984964,0.38609022556390976,0.15375939849624057
0.15296296296296297,0.38,0.0,0.45296296296296307,0.0,0.0,2005-11-16T02:00:44Z,ls7,qd9g45ggdymh,0.4594290007513148,0.38542449286250935,0.15514650638617578
0.10777777777777776,0.42666666666666664,0.0,0.4522222222222222,0.0,0.0,2005-11-24T01:59:50Z,ls5,qd9g45ggdymh,0.45833333333333337,0.43243243243243246,0.10923423423423423
0.13111111111111112,0.3727777777777777,0.33333333333333337,0.4783333333333334,0.0,0.0,2005-12-02T02:00:50Z,ls7,qd9g45ggdymh,0.48699095022624433,0.3795248868778279,0.1334841628959276
0.10071428571428573,0.3871428571428571,0.4814814814814815,0.5007142857142857,0.0,0.0,2005-12-18T02:00:52Z,ls7,qd9g45ggdymh,0.5065028901734103,0.3916184971098266,0.10187861271676302
0.11333333333333334,0.38851851851851854,0.0,0.4855555555555556,0.0,0.0,2006-01-19T02:01:09Z,ls7,qd9g45ggdymh,0.491747936984246,0.3934733683420855,0.11477869467366841
0.09074074074074075,0.40888888888888886,0.0,0.4859259259259259,0.0,0.0,2006-01-27T02:01:20Z,ls5,qd9g45ggdymh,0.4930477264186396,0.41488162344983087,0.09207065013152951
0.12833333333333333,0.3908333333333333,0.5555555555555556,0.4683333333333333,0.0,0.0,2006-02-04T02:01:15Z,ls7,qd9g45ggdymh,0.4742616033755275,0.3957805907172996,0.12995780590717299
0.07777777777777778,0.4177777777777778,0.0,0.492962962962963,0.0,0.0,2006-02-12T02:01:42Z,ls5,qd9g45ggdymh,0.49868864743349567,0.4226301985762458,0.07868115399025852
0.10962962962962965,0.38703703703703707,0.0,0.4903703703703703,0.0,0.0,2006-02-20T02:01:19Z,ls7,qd9g45ggdymh,0.496810506566604,0.3921200750469043,0.11106941838649158
0.07407407407407407,0.42185185185185187,0.0,0.48962962962962964,0.0,0.0,2006-02-28T02:02:02Z,ls5,qd9g45ggdymh,0.49680571213829383,0.4280345734686208,0.0751597143930853
0.08333333333333333,0.3977777777777778,0.0,0.5051851851851852,0.0,0.0,2006-03-08T02:01:20Z,ls7,qd9g45ggdymh,0.5122042808862185,0.403304543747653,0.08449117536612842
0.16499999999999998,0.51,0.9259259259259259,0.32999999999999996,0.0,0.0,2006-04-09T02:01:17Z,ls7,qd9g45ggdymh,0.3283582089552239,0.5074626865671642,0.16417910447761194
0.13925925925925922,0.3681481481481481,0.0,0.4422222222222223,0.037037037037037035,0.0,2006-04-17T02:02:57Z,ls5,qd9g45ggdymh,0.4484312705841568,0.3733171549084186,0.14121453747038767
0.0,0.0,0.962962962962963,0.0,0.0,1.0,2006-04-25T02:01:16Z,ls7,qd9g45ggdymh,0.0,0.0,0.0
0.10740740740740742,0.3581481481481482,0.0,0.4122222222222222,0.037037037037037035,0.07407407407407407,2006-05-03T02:03:12Z,ls5,qd9g45ggdymh,0.41744022503516176,0.362681669010783,0.10876699484294423
0.08181818181818183,0.3686363636363636,0.18518518518518523,0.49090909090909096,0.045454545454545456,0.0,2006-05-11T02:01:18Z,ls7,qd9g45ggdymh,0.49778324041964805,0.3737983407225319,0.08296387340327467
0.09814814814814815,0.3651851851851852,0.0,0.4511111111111112,0.037037037037037035,0.037037037037037035,2006-05-19T02:03:24Z,ls5,qd9g45ggdymh,0.4567751226317448,0.3697703373685553,0.0993804659256259
0.09037037037037038,0.34518518518518515,0.0,0.4785185185185185,0.0,0.07407407407407407,2006-05-27T02:01:18Z,ls7,qd9g45ggdymh,0.48472297256738106,0.3496608439882346,0.09154210937031035
0.07999999999999999,0.33370370370370367,0.0,0.4644444444444445,0.07407407407407407,0.037037037037037035,2006-06-04T02:03:39Z,ls5,qd9g45ggdymh,0.47012512301419934,0.3377852757861193,0.0809784900885702
0.10888888888888888,0.35444444444444445,0.0,0.48740740740740746,0.0,0.037037037037037035,2006-06-12T02:01:15Z,ls7,qd9g45ggdymh,0.49367326032694175,0.35900099554170456,0.11028870709431675
0.3214285714285715,0.43571428571428567,0.7407407407407407,0.24571428571428572,0.0,0.0,2006-06-20T02:03:53Z,ls5,qd9g45ggdymh,0.245014245014245,0.4344729344729344,0.3205128205128206
0.09592592592592591,0.35814814814814816,0.0,0.5318518518518518,0.0,0.0,2006-07-06T02:04:08Z,ls5,qd9g45ggdymh,0.5394440270473329,0.3632607062359129,0.09729526671675431
0.0912,0.35919999999999996,0.07407407407407407,0.5344000000000001,0.0,0.0,2006-07-14T02:01:02Z,ls7,qd9g45ggdymh,0.5426482534524777,0.36474411047928507,0.0926076360682372
0.10481481481481482,0.3225925925925926,0.0,0.48407407407407405,0.0,0.07407407407407407,2006-07-22T02:04:21Z,ls5,qd9g45ggdymh,0.491745300766024,0.32770478727406804,0.10647583788583384
,,1.0,,,,2006-07-30T02:00:56Z,ls7,qd9g45ggdymh,,,
0.3466666666666667,0.2575,0.11111111111111116,0.38375000000000004,0.0,0.0,2006-08-23T02:04:45Z,ls5,qd9g45ggdymh,0.3884436946436103,0.26064951497258537,0.3509067903838043
0.14296296296296296,0.38888888888888895,0.0,0.4548148148148148,0.0,0.0,2006-09-16T02:00:46Z,ls7,qd9g45ggdymh,0.4609609609609609,0.39414414414414417,0.14489489489489488
0.1818518518518519,0.36518518518518517,0.0,0.40333333333333327,0.037037037037037035,0.0,2006-09-24T02:05:09Z,ls5,qd9g45ggdymh,0.408677578591842,0.3700239600473428,0.18426142432377826
0.11692307692307692,0.42,0.5185185185185186,0.4507692307692307,0.0,0.0,2006-10-02T02:00:39Z,ls7,qd9g45ggdymh,0.4563862928348909,0.4252336448598131,0.11838006230529595
0.1625925925925926,0.4107407407407408,0.0,0.4114814814814815,0.0,0.0,2006-10-10T02:05:19Z,ls5,qd9g45ggdymh,0.4178262504701015,0.41707408800300866,0.1650996615268898
0.11538461538461539,0.43,0.5185185185185186,0.4407692307692308,0.0,0.0,2006-10-18T02:00:46Z,ls7,qd9g45ggdymh,0.4469578783151326,0.4360374414976599,0.1170046801872075
0.1277777777777778,0.45222222222222225,0.0,0.4077777777777778,0.0,0.0,2006-10-26T02:05:29Z,ls5,qd9g45ggdymh,0.4128233970753656,0.4578177727784027,0.12935883014623173
0.12105263157894736,0.4321052631578947,0.2962962962962963,0.4342105263157895,0.0,0.0,2006-11-03T02:01:01Z,ls7,qd9g45ggdymh,0.4397654584221749,0.43763326226012794,0.12260127931769724
,,1.0,,,,2006-11-11T02:05:37Z,ls5,qd9g45ggdymh,,,
0.18210526315789474,0.3847368421052632,0.2962962962962963,0.4205263157894737,0.0,0.0,2006-11-19T02:01:13Z,ls7,qd9g45ggdymh,0.42590618336886993,0.3896588486140725,0.18443496801705755
0.15000000000000002,0.4637037037037036,0.0,0.37481481481481477,0.0,0.0,2006-11-27T02:05:46Z,ls5,qd9g45ggdymh,0.3791682278006744,0.46908954664668406,0.15174222555264147
0.13789473684210526,0.4368421052631579,0.2962962962962963,0.41157894736842104,0.0,0.0,2006-12-05T02:01:21Z,ls7,qd9g45ggdymh,0.41728922091782283,0.4429028815368196,0.13980789754535752
0.11952380952380953,0.4766666666666667,0.2222222222222222,0.3938095238095238,0.0,0.0,2006-12-13T02:05:54Z,ls5,qd9g45ggdymh,0.39778739778739775,0.4814814814814815,0.12073112073112074
,,1.0,,,,2006-12-21T02:01:26Z,ls7,qd9g45ggdymh,,,
0.15074074074074076,0.4611111111111111,0.0,0.37666666666666665,0.0,0.0,2006-12-29T02:06:01Z,ls5,qd9g45ggdymh,0.3810415886099663,0.4664668415136755,0.1524915698763582
0.09814814814814815,0.4555555555555555,0.0,0.3974074074074074,0.037037037037037035,0.0,2007-01-06T02:01:27Z,ls7,qd9g45ggdymh,0.402359524633668,0.46123226029768083,0.09937117803161419
,,1.0,,,,2007-01-14T02:06:07Z,ls5,qd9g45ggdymh,,,
0.1225,0.433125,0.40740740740740744,0.433125,0.0,0.0,2007-01-22T02:01:30Z,ls7,qd9g45ggdymh,0.4380530973451327,0.4380530973451327,0.12389380530973451
0.07999999999999999,0.512962962962963,0.0,0.3940740740740741,0.0,0.0,2007-01-30T02:06:11Z,ls5,qd9g45ggdymh,0.399249530956848,0.5196998123827392,0.08105065666041275
0.10950000000000001,0.4715,0.2592592592592593,0.4065,0.0,0.0,2007-02-07T02:01:37Z,ls7,qd9g45ggdymh,0.41164556962025317,0.47746835443037977,0.11088607594936711
0.0625925925925926,0.40222222222222226,0.0,0.33888888888888885,0.037037037037037035,0.14814814814814814,2007-02-15T02:06:13Z,ls5,qd9g45ggdymh,0.34357398873527906,0.4077828981054788,0.06345792797405703
0.08962962962962964,0.48777777777777775,0.0,0.40851851851851856,0.0,0.0,2007-02-23T02:01:42Z,ls7,qd9g45ggdymh,0.41435011269722016,0.4947407963936889,0.09090909090909091
0.07074074074074074,0.492962962962963,0.0,0.3885185185185186,0.037037037037037035,0.0,2007-03-03T02:06:12Z,ls5,qd9g45ggdymh,0.3929008744255731,0.49852341645418274,0.07153867208320727
0.08230769230769232,0.4892307692307692,0.5185185185185186,0.3415384615384615,0.07692307692307693,0.0,2007-03-11T02:01:45Z,ls7,qd9g45ggdymh,0.34527898386365113,0.4945888147236083,0.08320912448966368
,,1.0,,,,2007-03-19T02:06:09Z,ls5,qd9g45ggdymh,,,
,,1.0,,,,2007-03-27T02:01:46Z,ls7,qd9g45ggdymh,,,
0.09444444444444444,0.4974074074074074,0.0,0.3974074074074075,0.0,0.0,2007-04-04T02:06:06Z,ls5,qd9g45ggdymh,0.40172220142268816,0.5028079371022088,0.09546986147510295
0.19444444444444448,0.4325925925925926,0.0,0.3592592592592593,0.0,0.0,2007-04-12T02:01:45Z,ls7,qd9g45ggdymh,0.3642508449117537,0.4386030792339467,0.19714607585429972
0.12925925925925927,0.45,0.0,0.3718518518518519,0.037037037037037035,0.0,2007-04-20T02:06:00Z,ls5,qd9g45ggdymh,0.37648551978770056,0.45560747663551404,0.13086996653974847
0.13058823529411767,0.4552941176470588,0.37037037037037035,0.4011764705882353,0.0,0.0,2007-04-28T02:01:42Z,ls7,qd9g45ggdymh,0.4064362336114422,0.4612634088200238,0.132300357568534
0.10307692307692308,0.43230769230769234,0.5185185185185186,0.4530769230769231,0.0,0.0,2007-05-14T02:01:37Z,ls7,qd9g45ggdymh,0.4583657587548638,0.43735408560311284,0.10428015564202335
0.09851851851851852,0.4648148148148148,0.0,0.3874074074074074,0.037037037037037035,0.0,2007-05-22T02:05:41Z,ls5,qd9g45ggdymh,0.3923877129954263,0.47079022926315484,0.09978502070438183
0.09749999999999999,0.38499999999999995,0.5555555555555556,0.34,0.16666666666666666,0.0,2007-05-30T02:01:29Z,ls7,qd9g45ggdymh,0.3444782168186424,0.39007092198581556,0.09878419452887538
0.09714285714285713,0.3935714285714286,0.4814814814814815,0.49500000000000005,0.0,0.0,2007-06-15T02:01:30Z,ls7,qd9g45ggdymh,0.5021739130434782,0.39927536231884064,0.09855072463768114
0.09000000000000001,0.2911111111111111,0.0,0.35074074074074074,0.2222222222222222,0.037037037037037035,2007-06-23T02:05:08Z,ls5,qd9g45ggdymh,0.3550007497375918,0.29464687359424196,0.09109311740890688
,,1.0,,,,2007-07-01T02:01:29Z,ls7,qd9g45ggdymh,,,
0.3533333333333332,0.3540740740740741,0.0,0.2792592592592592,0.0,0.0,2007-07-09T02:04:57Z,ls5,qd9g45ggdymh,0.283033033033033,0.35885885885885893,0.358108108108108
0.07826086956521738,0.43260869565217386,0.14814814814814814,0.47652173913043483,0.0,0.0,2007-07-17T02:01:26Z,ls7,qd9g45ggdymh,0.48260678115367683,0.43813298106560983,0.07926023778071334
,,1.0,,,,2007-07-25T02:04:49Z,ls5,qd9g45ggdymh,,,
,,1.0,,,,2007-08-02T02:01:21Z,ls7,qd9g45ggdymh,,,
,,1.0,,,,2007-08-10T02:04:40Z,ls5,qd9g45ggdymh,,,
0.13416666666666666,0.43083333333333335,0.5555555555555556,0.41916666666666663,0.0,0.0,2007-08-18T02:01:15Z,ls7,qd9g45ggdymh,0.4259102455546147,0.4377646062658764,0.1363251481795089
,,1.0,,,,2007-08-26T02:04:30Z,ls5,qd9g45ggdymh,,,
0.17400000000000002,0.409,0.2592592592592593,0.4035,0.0,0.0,2007-09-03T02:01:08Z,ls7,qd9g45ggdymh,0.40902179422199697,0.4145970603142422,0.17638114546376077
,,1.0,,,,2007-09-11T02:04:22Z,ls5,qd9g45ggdymh,,,
0.1408695652173913,0.4221739130434783,0.14814814814814814,0.42478260869565215,0.0,0.0,2007-09-19T02:01:02Z,ls7,qd9g45ggdymh,0.43001760563380287,0.42737676056338036,0.1426056338028169
0.15888888888888889,0.4170370370370371,0.0,0.4111111111111111,0.0,0.0,2007-10-05T02:00:53Z,ls7,qd9g45ggdymh,0.4165103189493433,0.42251407129455915,0.16097560975609757
,,1.0,,,,2007-10-21T02:01:06Z,ls7,qd9g45ggdymh,,,
0.14411764705882352,0.3941176470588235,0.37037037037037035,0.44999999999999996,0.0,0.0,2007-11-06T02:01:16Z,ls7,qd9g45ggdymh,0.4553571428571429,0.3988095238095239,0.14583333333333334
,,1.0,,,,2007-11-22T02:01:25Z,ls7,qd9g45ggdymh,,,
0.11473684210526316,0.4257894736842105,0.2962962962962963,0.44789473684210535,0.0,0.0,2007-12-08T02:01:31Z,ls7,qd9g45ggdymh,0.4531416400425986,0.4307774227902023,0.11608093716719915
0.09533333333333334,0.4113333333333334,0.4444444444444444,0.4133333333333334,0.06666666666666667,0.0,2007-12-24T02:01:34Z,ls7,qd9g45ggdymh,0.41932367149758454,0.4172946859903382,0.09671497584541063
0.19727272727272727,0.4,0.5925925925925926,0.39,0.0,0.0,2008-01-09T02:01:36Z,ls7,qd9g45ggdymh,0.39502762430939226,0.40515653775322286,0.1998158379373849
0.09823529411764706,0.4747058823529412,0.37037037037037035,0.4129411764705882,0.0,0.0,2008-01-17T02:02:20Z,ls5,qd9g45ggdymh,0.41885441527446293,0.4815035799522673,0.09964200477326968
,,1.0,,,,2008-01-24T02:08:22Z,ls5,qd9g45ggdymh,,,
0.07571428571428572,0.46785714285714286,0.4814814814814815,0.4442857142857143,0.0,0.0,2008-01-25T02:01:35Z,ls7,qd9g45ggdymh,0.4497469269703543,0.47360809833694867,0.07664497469269704
0.05777777777777778,0.4737037037037037,0.0,0.4566666666666667,0.0,0.0,2008-02-02T02:02:03Z,ls5,qd9g45ggdymh,0.46214392803598203,0.4793853073463268,0.05847076461769116
,,1.0,,,,2008-02-09T02:08:07Z,ls5,qd9g45ggdymh,,,
0.10407407407407408,0.42185185185185187,0.0,0.4611111111111111,0.0,0.0,2008-02-10T02:01:32Z,ls7,qd9g45ggdymh,0.4671669793621013,0.4273921200750469,0.1054409005628518
0.57,0.28,0.962962962962963,0.14,0.0,0.0,2008-02-18T02:01:46Z,ls5,qd9g45ggdymh,0.14141414141414144,0.2828282828282829,0.5757575757575757
0.12571428571428572,0.40857142857142853,0.7407407407407407,0.45285714285714285,0.0,0.0,2008-02-26T02:01:28Z,ls7,qd9g45ggdymh,0.45875542691751087,0.4138929088277858,0.12735166425470335
0.1188888888888889,0.4077777777777778,0.0,0.3507407407407407,0.037037037037037035,0.07407407407407407,2008-03-13T02:01:22Z,ls7,qd9g45ggdymh,0.3553304254021856,0.4131138314337977,0.12044463205290559
0.2634782608695652,0.33347826086956517,0.14814814814814814,0.3926086956521739,0.0,0.0,2008-03-29T02:01:23Z,ls7,qd9g45ggdymh,0.3967486818980668,0.3369947275922671,0.2662565905096661
0.0973913043478261,0.3947826086956522,0.14814814814814814,0.4947826086956521,0.0,0.0,2008-04-14T02:01:22Z,ls7,qd9g45ggdymh,0.5013215859030837,0.4000000000000001,0.09867841409691633
0.01925925925925926,0.1766666666666667,0.0,0.17074074074074072,0.07407407407407407,0.5555555555555556,2008-04-30T02:01:19Z,ls7,qd9g45ggdymh,0.1724653946876169,0.17845117845117847,0.01945379723157501
0.08619047619047619,0.3433333333333333,0.2222222222222222,0.51,0.047619047619047616,0.0,2008-05-16T02:01:14Z,ls7,qd9g45ggdymh,0.5169792194627472,0.34803176212198006,0.08736997079622524
0.07238095238095238,0.34619047619047616,0.2222222222222222,0.5671428571428572,0.0,0.0,2008-06-01T02:01:06Z,ls7,qd9g45ggdymh,0.5753623188405798,0.35120772946859896,0.07342995169082125
0.05185185185185185,0.1825925925925926,0.0,0.2774074074074073,0.037037037037037035,0.4444444444444444,2008-06-17T02:00:57Z,ls7,qd9g45ggdymh,0.281020528487967,0.18497078844401574,0.0525272015865359
0.06333333333333334,0.28740740740740744,0.0,0.45185185185185184,0.0,0.18518518518518517,2008-07-03T02:00:47Z,ls7,qd9g45ggdymh,0.4587328445196466,0.2917841699567588,0.06429780033840948
0.07703703703703704,0.06777777777777778,0.0,0.11148148148148147,0.1111111111111111,0.6296296296296297,2008-07-19T02:00:35Z,ls7,qd9g45ggdymh,0.11277028473560262,0.06856133590237636,0.07792763862128023
0.14045454545454547,0.3531818181818182,0.18518518518518523,0.4927272727272726,0.0,0.0,2008-08-04T02:00:28Z,ls7,qd9g45ggdymh,0.4995391705069124,0.3580645161290323,0.1423963133640553
0.16529411764705884,0.34882352941176464,0.37037037037037035,0.4711764705882353,0.0,0.0,2008-08-20T02:00:22Z,ls7,qd9g45ggdymh,0.4782089552238806,0.35402985074626864,0.16776119402985076
0.157037037037037,0.3581481481481482,0.0,0.47185185185185186,0.0,0.0,2008-09-05T02:00:14Z,ls7,qd9g45ggdymh,0.47804878048780486,0.3628517823639775,0.1590994371482176
0.1368421052631579,0.4010526315789474,0.2962962962962963,0.44789473684210523,0.0,0.0,2008-10-07T01:59:55Z,ls7,qd9g45ggdymh,0.4543513080619327,0.406833956219968,0.13881473571809932
,,1.0,,,,2008-10-15T01:55:20Z,ls5,qd9g45ggdymh,,,
,,1.0,,,,2008-10-23T02:00:03Z,ls7,qd9g45ggdymh,,,
0.19111111111111112,0.3714814814814815,0.0,0.3496296296296297,0.0,0.07407407407407407,2008-10-31T01:54:47Z,ls5,qd9g45ggdymh,0.35488188147546657,0.3770619990676832,0.19398204538277616
0.11333333333333334,0.42851851851851847,0.0,0.44407407407407407,0.0,0.0,2008-11-08T02:00:18Z,ls7,qd9g45ggdymh,0.45041322314049587,0.4346356123215627,0.11495116453794141
,,1.0,,,,2008-11-16T01:54:32Z,ls5,qd9g45ggdymh,,,
0.1176,0.34,0.07407407407407407,0.4096,0.0,0.12,2008-11-24T02:00:30Z,ls7,qd9g45ggdymh,0.4156457564575646,0.3450184501845019,0.11933579335793358
0.2096296296296296,0.3659259259259259,0.0,0.41333333333333333,0.0,0.0,2008-12-02T01:55:04Z,ls5,qd9g45ggdymh,0.41797752808988764,0.3700374531835206,0.21198501872659176
0.12454545454545456,0.3972727272727273,0.5925925925925926,0.46636363636363626,0.0,0.0,2008-12-10T02:00:41Z,ls7,qd9g45ggdymh,0.47194112235510577,0.4020239190432383,0.12603495860165595
0.1703703703703704,0.3825925925925926,0.0,0.4351851851851852,0.0,0.0,2008-12-18T01:55:33Z,ls5,qd9g45ggdymh,0.4404047976011994,0.38718140929535233,0.17241379310344832
0.09066666666666667,0.3926666666666667,0.4444444444444444,0.43599999999999994,0.06666666666666667,0.0,2008-12-26T02:00:49Z,ls7,qd9g45ggdymh,0.4426395939086294,0.3986463620981388,0.09204737732656515
0.1462962962962963,0.4018518518518519,0.0,0.4385185185185185,0.0,0.0,2009-01-03T01:55:59Z,ls5,qd9g45ggdymh,0.44444444444444436,0.4072822822822823,0.14827327327327328
0.12478260869565218,0.3973913043478261,0.14814814814814814,0.4652173913043478,0.0,0.0,2009-01-11T02:00:55Z,ls7,qd9g45ggdymh,0.4711580801409071,0.4024658740642889,0.12637604579480405
0.09529411764705883,0.3935294117647059,0.37037037037037035,0.4964705882352941,0.0,0.0,2009-02-12T02:01:07Z,ls7,qd9g45ggdymh,0.5038805970149254,0.39940298507462685,0.09671641791044777
0.10925925925925925,0.3966666666666667,0.0,0.44851851851851854,0.037037037037037035,0.0,2009-02-20T01:57:14Z,ls5,qd9g45ggdymh,0.4525215941591572,0.40020695899624886,0.11023440980755686
0.2857142857142857,0.29000000000000004,0.7407407407407407,0.41428571428571426,0.0,0.0,2009-02-28T02:01:16Z,ls7,qd9g45ggdymh,0.41847041847041844,0.292929292929293,0.2886002886002886
,,1.0,,,,2009-03-16T02:01:24Z,ls7,qd9g45ggdymh,,,
0.09666666666666666,0.4003703703703703,0.0,0.4892592592592592,0.0,0.0,2009-03-24T01:57:59Z,ls5,qd9g45ggdymh,0.496057078482914,0.405933158092377,0.09800976342470898
0.08384615384615383,0.38230769230769235,0.5185185185185186,0.4461538461538461,0.07692307692307693,0.0,2009-04-01T02:01:30Z,ls7,qd9g45ggdymh,0.45142041769360486,0.3868205992995201,0.08483590608379817
0.1037037037037037,0.3611111111111111,0.0,0.4481481481481482,0.07407407407407407,0.0,2009-04-17T02:01:35Z,ls7,qd9g45ggdymh,0.4545113064382841,0.3662384494027495,0.10517617008489218
,,1.0,,,,2009-04-25T01:58:37Z,ls5,qd9g45ggdymh,,,
,,1.0,,,,2009-05-03T02:01:39Z,ls7,qd9g45ggdymh,,,
0.0737037037037037,0.3959259259259259,0.0,0.4822222222222223,0.037037037037037035,0.0,2009-05-11T01:58:55Z,ls5,qd9g45ggdymh,0.48785127539991363,0.40054762934140364,0.07456405822164577
0.06764705882352941,0.3470588235294118,0.37037037037037035,0.5129411764705881,0.058823529411764705,0.0,2009-05-19T02:01:41Z,ls7,qd9g45ggdymh,0.5204222462605841,0.35212055652952373,0.0686336677981275
,,1.0,,,,2009-06-04T02:01:41Z,ls7,qd9g45ggdymh,,,
,,1.0,,,,2009-06-20T02:01:39Z,ls7,qd9g45ggdymh,,,
0.05185185185185185,0.24222222222222226,0.0,0.3277777777777778,0.07407407407407407,0.2962962962962963,2009-06-28T01:59:47Z,ls5,qd9g45ggdymh,0.3318774402752961,0.2452518033220833,0.05250038603225023
0.11259259259259259,0.37851851851851853,0.0,0.4955555555555555,0.0,0.0,2009-07-14T02:00:04Z,ls5,qd9g45ggdymh,0.5022522522522522,0.3836336336336337,0.11411411411411412
0.12333333333333334,0.3366666666666666,0.5555555555555556,0.445,0.08333333333333333,0.0,2009-07-22T02:01:32Z,ls7,qd9g45ggdymh,0.45073664825046045,0.3410067526089625,0.12492326580724371
0.0926086956521739,0.2708695652173913,0.14814814814814814,0.36304347826086963,0.0,0.2608695652173913,2009-08-07T02:01:26Z,ls7,qd9g45ggdymh,0.3693440532875394,0.275570473291182,0.09421590820388727
0.17444444444444449,0.2788888888888889,0.0,0.422962962962963,0.037037037037037035,0.07407407407407407,2009-08-15T02:00:33Z,ls5,qd9g45ggdymh,0.4290410444256598,0.28289659058889827,0.1769512538743308
0.6442857142857142,0.12714285714285714,0.7407407407407407,0.22428571428571425,0.0,0.0,2009-08-23T02:01:25Z,ls7,qd9g45ggdymh,0.22525107604017214,0.12769010043041606,0.6470588235294118
0.15000000000000002,0.4103703703703704,0.0,0.42481481481481476,0.0,0.0,2009-08-31T02:00:47Z,ls5,qd9g45ggdymh,0.4312030075187969,0.41654135338345866,0.1522556390977444
0.38083333333333336,0.215,0.5555555555555556,0.3933333333333333,0.0,0.0,2009-09-08T02:01:24Z,ls7,qd9g45ggdymh,0.3976411120471777,0.21735467565290648,0.38500421229991577
0.012962962962962964,0.05407407407407408,0.0,0.0425925925925926,0.18518518518518517,0.7037037037037037,2009-09-16T02:01:00Z,ls5,qd9g45ggdymh,0.04316816816816819,0.054804804804804826,0.013138138138138144
0.14037037037037037,0.30185185185185187,0.0,0.4359259259259259,0.0,0.1111111111111111,2009-09-24T02:01:23Z,ls7,qd9g45ggdymh,0.44125779089929235,0.30554383991752193,0.1420872580720746
0.15888888888888889,0.41037037037037033,0.0,0.41703703703703704,0.0,0.0,2009-10-02T02:01:12Z,ls5,qd9g45ggdymh,0.42283139316560275,0.41607209913631243,0.16109650769808487
0.10705882352941176,0.4470588235294118,0.37037037037037035,0.4305882352941177,0.0,0.0,2009-10-10T02:01:17Z,ls7,qd9g45ggdymh,0.4372759856630825,0.4540023894862605,0.1087216248506571
0.13370370370370369,0.4081481481481482,0.0,0.44481481481481483,0.0,0.0,2009-10-18T02:01:22Z,ls5,qd9g45ggdymh,0.4508258258258258,0.4136636636636637,0.1355105105105105
0.1462962962962963,0.4207407407407407,0.0,0.42037037037037034,0.0,0.0,2009-11-03T02:01:30Z,ls5,qd9g45ggdymh,0.4257314328582146,0.42610652663165793,0.14816204051012757
,,1.0,,,,2009-11-11T02:01:48Z,ls7,qd9g45ggdymh,,,
,,1.0,,,,2009-11-19T02:01:37Z,ls5,qd9g45ggdymh,,,
,,1.0,,,,2009-11-27T02:01:59Z,ls7,qd9g45ggdymh,,,
0.09740740740740741,0.45925925925925926,0.0,0.4303703703703703,0.0,0.0,2009-12-05T02:01:46Z,ls5,qd9g45ggdymh,0.4360225140712945,0.4652908067542214,0.09868667917448407
0.2075,0.4375,0.8518518518518519,0.345,0.0,0.0,2009-12-13T02:02:11Z,ls7,qd9g45ggdymh,0.34848484848484845,0.44191919191919193,0.20959595959595959
0.0890909090909091,0.450909090909091,0.5925925925925926,0.44909090909090915,0.0,0.0,2009-12-29T02:02:29Z,ls7,qd9g45ggdymh,0.4540441176470588,0.45588235294117646,0.09007352941176469
0.08,0.495,0.9259259259259259,0.415,0.0,0.0,2010-01-14T02:02:44Z,ls7,qd9g45ggdymh,0.4191919191919192,0.5000000000000001,0.08080808080808081
0.0851851851851852,0.47740740740740734,0.0,0.4233333333333334,0.0,0.0,2010-01-22T02:02:03Z,ls5,qd9g45ggdymh,0.4293764087152518,0.4842223891810668,0.08640120210368146
0.0852,0.47800000000000004,0.07407407407407407,0.42480000000000007,0.0,0.0,2010-01-30T02:02:58Z,ls7,qd9g45ggdymh,0.4299595141700406,0.4838056680161944,0.08623481781376519
0.04928571428571428,0.5135714285714286,0.4814814814814815,0.42499999999999993,0.0,0.0,2010-02-15T02:03:09Z,ls7,qd9g45ggdymh,0.43022415039768613,0.519884309472162,0.049891540130151846
0.11703703703703704,0.4703703703703704,0.0,0.3992592592592593,0.0,0.0,2010-02-23T02:02:10Z,ls5,qd9g45ggdymh,0.40465465465465467,0.47672672672672667,0.1186186186186186
0.10185185185185187,0.47185185185185186,0.0,0.4129629629629629,0.0,0.0,2010-03-03T02:03:17Z,ls7,qd9g45ggdymh,0.41854354354354356,0.47822822822822825,0.10322822822822826
0.40705882352941175,0.1711764705882353,0.37037037037037035,0.23588235294117646,0.0,0.17647058823529413,2010-03-19T02:03:23Z,ls7,qd9g45ggdymh,0.23860931655899353,0.1731553893233594,0.4117647058823529
,,1.0,,,,2010-04-04T02:03:27Z,ls7,qd9g45ggdymh,,,
0.0,0.0,0.0,0.0,0.48148148148148145,0.5185185185185185,2010-04-20T02:03:27Z,ls7,qd9g45ggdymh,0.0,0.0,0.0
0.08473684210526317,0.22894736842105262,0.2962962962962963,0.1531578947368421,0.15789473684210525,0.3684210526315789,2010-04-28T02:02:03Z,ls5,qd9g45ggdymh,0.1554025989438082,0.2323028540912597,0.08597875749124786
0.10148148148148149,0.35185185185185186,0.0,0.4229629629629629,0.1111111111111111,0.0,2010-05-06T02:03:24Z,ls7,qd9g45ggdymh,0.4290410444256597,0.35690804921574154,0.10293979524748756
0.6124999999999999,0.10500000000000002,0.5555555555555556,0.275,0.0,0.0,2010-05-14T02:02:01Z,ls5,qd9g45ggdymh,0.2770780856423174,0.10579345088161213,0.6171284634760705
0.0976190476190476,0.3961904761904762,0.2222222222222222,0.49190476190476184,0.0,0.0,2010-07-25T02:03:28Z,ls7,qd9g45ggdymh,0.49903381642512074,0.4019323671497585,0.09903381642512077
0.12470588235294118,0.4194117647058824,0.37037037037037035,0.4435294117647059,0.0,0.0,2010-08-10T02:03:26Z,ls7,qd9g45ggdymh,0.44907683144729,0.4246575342465753,0.12626563430613458
0.27529411764705886,0.27647058823529413,0.37037037037037035,0.3758823529411765,0.0,0.058823529411764705,2010-08-26T02:03:30Z,ls7,qd9g45ggdymh,0.38136446715655187,0.2805028162184341,0.2793091872132493
,,1.0,,,,2010-09-11T02:03:32Z,ls7,qd9g45ggdymh,,,
0.1877777777777778,0.37222222222222223,0.33333333333333337,0.42500000000000004,0.0,0.0,2010-09-27T02:03:31Z,ls7,qd9g45ggdymh,0.43147208121827413,0.3778905809362662,0.19063733784545966
0.14578947368421052,0.40736842105263155,0.2962962962962963,0.43210526315789477,0.0,0.0,2010-10-13T02:03:36Z,ls7,qd9g45ggdymh,0.4385683760683761,0.41346153846153844,0.14797008547008547
0.12518518518518518,0.43740740740740736,0.0,0.42370370370370375,0.0,0.0,2010-10-29T02:03:45Z,ls7,qd9g45ggdymh,0.429590687194893,0.443484791588434,0.12692452121667291
0.1614814814814815,0.40629629629629627,0.0,0.41851851851851857,0.0,0.0,2010-11-14T02:03:57Z,ls7,qd9g45ggdymh,0.42433345850544496,0.41194141945174606,0.16372512204280887
,,1.0,,,,2010-11-30T02:04:08Z,ls7,qd9g45ggdymh,,,
0.05296296296296297,0.4740740740740741,0.0,0.38851851851851854,0.0,0.07407407407407407,2010-12-08T02:01:02Z,ls5,qd9g45ggdymh,0.392919213712094,0.47944384513963806,0.05356286707419394
0.05851851851851852,0.5148148148148147,0.0,0.41703703703703704,0.0,0.0,2010-12-24T02:01:07Z,ls5,qd9g45ggdymh,0.4210919970082274,0.5198204936424832,0.05908750934928946
0.11407407407407408,0.4451851851851852,0.0,0.4285185185185185,0.0,0.0,2011-01-01T02:04:25Z,ls7,qd9g45ggdymh,0.4338207724034496,0.4506936632920885,0.11548556430446195
0.08259259259259259,0.48370370370370375,0.0,0.42037037037037045,0.0,0.0,2011-01-09T02:01:10Z,ls5,qd9g45ggdymh,0.42605105105105107,0.4902402402402402,0.0837087087087087
0.08148148148148149,0.49962962962962965,0.0,0.4066666666666667,0.0,0.0,2011-01-25T02:01:10Z,ls5,qd9g45ggdymh,0.41169853768278963,0.505811773528309,0.08248968878890138
0.12095238095238094,0.4480952380952382,0.2222222222222222,0.4152380952380953,0.0,0.0,2011-02-02T02:04:38Z,ls7,qd9g45ggdymh,0.42186744073536525,0.45524915336236094,0.1228834059022738
0.03518518518518519,0.5311111111111112,0.0,0.42333333333333334,0.0,0.0,2011-02-10T02:01:13Z,ls5,qd9g45ggdymh,0.42776946107784425,0.5366766467065869,0.03555389221556886
0.11041666666666666,0.44749999999999995,0.11111111111111116,0.4283333333333333,0.0,0.0,2011-02-18T02:04:42Z,ls7,qd9g45ggdymh,0.43430502746092103,0.4537389100126743,0.11195606252640475
0.08148148148148149,0.4937037037037037,0.0,0.41370370370370374,0.0,0.0,2011-02-26T02:01:12Z,ls5,qd9g45ggdymh,0.41835205992509367,0.499250936329588,0.08239700374531836
0.11318181818181819,0.4445454545454545,0.18518518518518523,0.4304545454545454,0.0,0.0,2011-03-06T02:04:47Z,ls7,qd9g45ggdymh,0.4356025758969641,0.4498620055197792,0.11453541858325668
0.03703703703703704,0.4274074074074074,0.0,0.41259259259259257,0.1111111111111111,0.0,2011-03-22T02:04:47Z,ls7,qd9g45ggdymh,0.4181681681681681,0.43318318318318316,0.03753753753753754
0.08555555555555554,0.49222222222222217,0.0,0.40851851851851845,0.0,0.0,2011-03-30T02:01:03Z,ls5,qd9g45ggdymh,0.4141945174615096,0.4990612091625986,0.08674427337589184
,,1.0,,,,2011-04-07T02:04:52Z,ls7,qd9g45ggdymh,,,
0.08999999999999998,0.46555555555555556,0.0,0.43185185185185193,0.0,0.0,2011-04-15T02:00:58Z,ls5,qd9g45ggdymh,0.43735933983495884,0.4714928732183046,0.09114778694673667
0.16454545454545455,0.38727272727272727,0.18518518518518523,0.43499999999999994,0.0,0.0,2011-04-23T02:04:50Z,ls7,qd9g45ggdymh,0.4408106863196683,0.3924458774758176,0.16674343620451407
0.11,0.4477777777777777,0.0,0.42962962962962953,0.0,0.0,2011-05-01T02:00:52Z,ls5,qd9g45ggdymh,0.4351087771942986,0.4534883720930233,0.11140285071267819
0.1025925925925926,0.42592592592592593,0.0,0.4562962962962963,0.0,0.0,2011-05-09T02:04:50Z,ls7,qd9g45ggdymh,0.4633320797292215,0.43249341857841295,0.10417450169236556
0.29375,0.35375,0.7037037037037037,0.3425,0.0,0.0,2011-05-25T02:04:49Z,ls7,qd9g45ggdymh,0.34595959595959597,0.3573232323232323,0.2967171717171717
0.11900000000000002,0.3795,0.2592592592592593,0.48749999999999993,0.0,0.0,2011-06-10T02:04:50Z,ls7,qd9g45ggdymh,0.4944219066937119,0.38488843813387424,0.12068965517241381
0.12962962962962962,0.3977777777777778,0.0,0.4592592592592592,0.0,0.0,2011-06-26T02:04:46Z,ls7,qd9g45ggdymh,0.4654654654654654,0.40315315315315314,0.13138138138138136
0.08999999999999998,0.30925925925925923,0.0,0.36703703703703705,0.0,0.2222222222222222,2011-07-12T02:04:46Z,ls7,qd9g45ggdymh,0.37253638365286507,0.3138929165995381,0.09134847752537457
0.22000000000000003,0.3445,0.2592592592592593,0.42400000000000004,0.0,0.0,2011-07-28T02:04:43Z,ls7,qd9g45ggdymh,0.4289327263530603,0.3485078401618614,0.22255943348507845
0.18296296296296297,0.38296296296296295,0.0,0.4192592592592593,0.0,0.0,2011-08-05T02:00:09Z,ls5,qd9g45ggdymh,0.4255639097744361,0.3887218045112782,0.18571428571428572
0.10823529411764707,0.42352941176470593,0.37037037037037035,0.4547058823529411,0.0,0.0,2011-08-13T02:04:39Z,ls7,qd9g45ggdymh,0.46094215861657717,0.42933810375670844,0.10971973762671439
0.20333333333333334,0.36777777777777776,0.0,0.4166666666666667,0.0,0.0,2011-08-29T02:04:37Z,ls7,qd9g45ggdymh,0.42182227221597296,0.3723284589426321,0.20584926884139482
0.16777777777777775,0.40111111111111114,0.0,0.41703703703703704,0.0,0.0,2011-09-06T01:59:52Z,ls5,qd9g45ggdymh,0.4229902329075883,0.4068369646882044,0.17017280240420735
,,1.0,,,,2011-09-14T02:04:31Z,ls7,qd9g45ggdymh,,,
,,1.0,,,,2011-09-30T02:04:29Z,ls7,qd9g45ggdymh,,,
0.2011111111111111,0.3718518518518519,0.0,0.4137037037037037,0.0,0.0,2011-10-08T01:59:19Z,ls5,qd9g45ggdymh,0.41929429429429427,0.3768768768768769,0.2038288288288288
,,1.0,,,,2011-10-16T02:04:31Z,ls7,qd9g45ggdymh,,,
0.09863636363636363,0.40954545454545455,0.18518518518518523,0.4777272727272726,0.0,0.0,2011-11-01T02:04:36Z,ls7,qd9g45ggdymh,0.4845550945136006,0.4153988012909175,0.1000461041954818
,,1.0,,,,2011-11-17T02:04:50Z,ls7,qd9g45ggdymh,,,
0.1433333333333333,0.3588888888888888,0.0,0.48407407407407416,0.0,0.0,2011-12-03T02:04:59Z,ls7,qd9g45ggdymh,0.49079984979346614,0.36387532857679306,0.1453248216297409
0.12388888888888888,0.33444444444444443,0.33333333333333337,0.5272222222222223,0.0,0.0,2011-12-19T02:05:06Z,ls7,qd9g45ggdymh,0.5349492671927847,0.33934611048478014,0.12570462232243518
0.17857142857142858,0.39142857142857146,0.7407407407407407,0.41714285714285715,0.0,0.0,2012-01-04T02:05:15Z,ls7,qd9g45ggdymh,0.4225759768451519,0.39652677279305354,0.1808972503617945
0.08481481481481482,0.38851851851851854,0.0,0.5118518518518519,0.0,0.0,2012-01-20T02:05:15Z,ls7,qd9g45ggdymh,0.5195488721804511,0.3943609022556391,0.08609022556390977
0.12076923076923075,0.37307692307692314,0.5185185185185186,0.49076923076923085,0.0,0.0,2012-02-05T02:05:19Z,ls7,qd9g45ggdymh,0.49843750000000003,0.37890625000000006,0.12265624999999998
0.08740740740740742,0.3896296296296296,0.0,0.5081481481481481,0.0,0.0,2012-02-21T02:05:23Z,ls7,qd9g45ggdymh,0.5157894736842105,0.3954887218045113,0.08872180451127822
0.10266666666666667,0.352,0.4444444444444444,0.46799999999999997,0.06666666666666667,0.0,2012-03-08T02:05:19Z,ls7,qd9g45ggdymh,0.47341040462427747,0.3560693641618497,0.10385356454720618
0.19666666666666666,0.3526666666666667,0.4444444444444444,0.43866666666666665,0.0,0.0,2012-03-24T02:05:22Z,ls7,qd9g45ggdymh,0.4439946018893387,0.3569500674763833,0.199055330634278
0.1625925925925926,0.3488888888888888,0.0,0.4748148148148148,0.0,0.0,2012-04-09T02:05:17Z,ls7,qd9g45ggdymh,0.48141194141945176,0.35373638753285763,0.16485167104769058
0.2594736842105263,0.25999999999999995,0.2962962962962963,0.4678947368421053,0.0,0.0,2012-04-25T02:05:32Z,ls7,qd9g45ggdymh,0.4738805970149254,0.26332622601279315,0.26279317697228144
0.07952380952380952,0.34666666666666673,0.2222222222222222,0.5119047619047621,0.0,0.047619047619047616,2012-05-11T02:05:55Z,ls7,qd9g45ggdymh,0.5197002658931593,0.3519458544839255,0.08073483200386752
0.12208333333333332,0.34708333333333335,0.11111111111111116,0.4770833333333333,0.0,0.041666666666666664,2012-05-27T02:05:47Z,ls7,qd9g45ggdymh,0.48317554674886243,0.3515154851020109,0.12364230148245998
,,1.0,,,,2012-06-12T02:05:37Z,ls7,qd9g45ggdymh,,,
0.0,0.0,0.37037037037037035,0.0,0.0,1.0,2012-06-28T02:05:45Z,ls7,qd9g45ggdymh,0.0,0.0,0.0
0.08666666666666666,0.3225925925925926,0.0,0.46629629629629626,0.0,0.1111111111111111,2012-07-14T02:06:00Z,ls7,qd9g45ggdymh,0.4733972551231434,0.32750517014476405,0.08798646362098138
0.08,0.4128571428571429,0.2222222222222222,0.49333333333333323,0.0,0.0,2012-07-30T02:06:10Z,ls7,qd9g45ggdymh,0.5002414292612264,0.41863833896668284,0.08112023177209078
0.17714285714285713,0.33999999999999997,0.4814814814814815,0.46785714285714286,0.0,0.0,2012-08-15T02:06:22Z,ls7,qd9g45ggdymh,0.4749818709209572,0.34517766497461927,0.17984046410442348
,,1.0,,,,2012-08-31T02:06:32Z,ls7,qd9g45ggdymh,,,
0.16777777777777778,0.3537037037037038,0.0,0.4651851851851852,0.0,0.0,2012-09-16T02:06:41Z,ls7,qd9g45ggdymh,0.47147147147147145,0.3584834834834835,0.17004504504504503
,,1.0,,,,2012-10-02T02:06:51Z,ls7,qd9g45ggdymh,,,
0.13882352941176473,0.3782352941176471,0.37037037037037035,0.4682352941176471,0.0,0.0,2012-10-18T02:07:00Z,ls7,qd9g45ggdymh,0.4752238805970149,0.3838805970149254,0.14089552238805972
0.12954545454545452,0.3981818181818182,0.18518518518518523,0.45999999999999996,0.0,0.0,2012-11-19T02:07:13Z,ls7,qd9g45ggdymh,0.46571560055223193,0.4031293143120111,0.131155085135757
0.13518518518518519,0.40222222222222215,0.0,0.44888888888888884,0.0,0.0,2012-12-21T02:07:22Z,ls7,qd9g45ggdymh,0.4551257979722118,0.40781073976717985,0.13706346226060837
0.10851851851851851,0.4148148148148148,0.0,0.4651851851851852,0.0,0.0,2013-01-22T02:07:25Z,ls7,qd9g45ggdymh,0.47058823529411764,0.41963282128137874,0.10977894342450355
0.11703703703703704,0.39296296296296296,0.0,0.47629629629629633,0.0,0.0,2013-02-07T02:07:27Z,ls7,qd9g45ggdymh,0.482914006759294,0.3984228313931656,0.11866316184754036
0.12814814814814815,0.38222222222222224,0.0,0.4766666666666666,0.0,0.0,2013-02-23T02:07:24Z,ls7,qd9g45ggdymh,0.48292682926829267,0.3872420262664166,0.12983114446529082
0.0851851851851852,0.36518518518518517,0.0,0.4633333333333333,0.0,0.07407407407407407,2013-03-11T02:07:23Z,ls7,qd9g45ggdymh,0.46953114443994054,0.3700701106457085,0.08632467084027685
0.13296296296296295,0.3711111111111111,0.0,0.4477777777777777,0.037037037037037035,0.0,2013-03-27T02:07:16Z,ls7,qd9g45ggdymh,0.45300475572849114,0.3754431474275833,0.1345150598068886
0.09185185185185185,0.41222222222222227,0.0,0.47851851851851857,0.0,0.0,2013-04-06T02:17:40Z,ls8,qd9g45ggdymh,0.48699585375047116,0.4195250659630607,0.09347908028646813
,,1.0,,,,2013-04-20T02:13:02Z,ls8,qd9g45ggdymh,,,
0.1174074074074074,0.385925925925926,0.0,0.48185185185185186,0.0,0.0,2013-04-28T02:07:09Z,ls7,qd9g45ggdymh,0.4890977443609022,0.3917293233082707,0.11917293233082706
,,1.0,,,,2013-05-06T02:13:04Z,ls8,qd9g45ggdymh,,,
0.0,0.0,0.11111111111111116,0.0,0.25,0.75,2013-05-14T02:07:07Z,ls7,qd9g45ggdymh,0.0,0.0,0.0
0.09888888888888889,0.34814814814814815,0.0,0.49999999999999994,0.0,0.037037037037037035,2013-05-22T02:13:16Z,ls8,qd9g45ggdymh,0.5084082909659757,0.3540028100059387,0.10055186199104854
0.11148148148148149,0.34407407407407403,0.0,0.5262962962962964,0.0,0.0,2013-06-07T02:13:16Z,ls8,qd9g45ggdymh,0.5360241418332705,0.3504337985665786,0.11354205960015087
0.1211111111111111,0.3618518518518519,0.0,0.5033333333333333,0.0,0.0,2013-06-15T02:06:54Z,ls7,qd9g45ggdymh,0.5103266992114156,0.3668794592564777,0.12279384153210662
,,1.0,,,,2013-06-23T02:13:09Z,ls8,qd9g45ggdymh,,,
0.09814814814814815,0.36000000000000004,0.0,0.49148148148148146,0.0,0.037037037037037035,2013-07-01T02:06:46Z,ls7,qd9g45ggdymh,0.49838215750852255,0.3650546021840875,0.09952620327035305
,,1.0,,,,2013-07-09T02:13:14Z,ls8,qd9g45ggdymh,,,
,,1.0,,,,2013-07-17T02:06:37Z,ls7,qd9g45ggdymh,,,
0.1111111111111111,0.3025925925925926,0.0,0.45962962962962955,0.0,0.1111111111111111,2013-07-25T02:13:13Z,ls8,qd9g45ggdymh,0.46781641692583165,0.3079822825369899,0.11309018942606729
0.19333333333333333,0.3458333333333334,0.5555555555555556,0.44500000000000006,0.0,0.0,2013-08-02T02:06:29Z,ls7,qd9g45ggdymh,0.4521591871295512,0.35139712108382726,0.19644369178662147
,,1.0,,,,2013-08-10T02:13:15Z,ls8,qd9g45ggdymh,,,
,,1.0,,,,2013-08-18T02:06:33Z,ls7,qd9g45ggdymh,,,
0.15925925925925924,0.3185185185185185,0.0,0.5051851851851852,0.0,0.0,2013-08-26T02:13:17Z,ls8,qd9g45ggdymh,0.5139412207987943,0.3240391861341372,0.1620195930670686
0.16777777777777775,0.34629629629629627,0.0,0.4696296296296296,0.0,0.0,2013-09-11T02:13:15Z,ls8,qd9g45ggdymh,0.4774096385542168,0.3520331325301204,0.1705572289156626
0.19363636363636363,0.20545454545454545,0.5925925925925926,0.23090909090909092,0.0,0.36363636363636365,2013-09-19T02:06:55Z,ls7,qd9g45ggdymh,0.23324150596877868,0.20752984389348023,0.1955922865013774
0.13407407407407407,0.32666666666666666,0.0,0.4503703703703704,0.0,0.07407407407407407,2013-09-27T02:13:06Z,ls8,qd9g45ggdymh,0.45769346582354714,0.33197831978319775,0.13625414031918096
0.11888888888888889,0.39629629629629626,0.0,0.4692592592592592,0.0,0.0,2013-10-05T02:07:07Z,ls7,qd9g45ggdymh,0.47667419112114373,0.40255831452219715,0.12076749435665916
0.12333333333333332,0.3666666666666667,0.0,0.45814814814814814,0.0,0.037037037037037035,2013-10-13T02:13:07Z,ls8,qd9g45ggdymh,0.46530671296296294,0.37239583333333337,0.12526041666666665
0.09222222222222222,0.23555555555555557,0.0,0.25666666666666665,0.0,0.4074074074074074,2013-10-21T02:07:17Z,ls7,qd9g45ggdymh,0.26024503591043513,0.23883960005633012,0.09350795662582734
0.14777777777777776,0.351111111111111,0.0,0.4833333333333333,0.0,0.0,2013-10-29T02:12:57Z,ls8,qd9g45ggdymh,0.49208144796380093,0.3574660633484162,0.1504524886877828
0.32,0.39,0.962962962962963,0.29,0.0,0.0,2013-11-06T02:07:22Z,ls7,qd9g45ggdymh,0.29,0.39,0.32
0.1259259259259259,0.3603703703703704,0.0,0.4970370370370371,0.0,0.0,2013-11-14T02:12:57Z,ls8,qd9g45ggdymh,0.5054613935969868,0.3664783427495292,0.12806026365348397
0.1325925925925926,0.3677777777777777,0.0,0.4862962962962963,0.0,0.0,2013-11-22T02:07:27Z,ls7,qd9g45ggdymh,0.4928678678678679,0.3727477477477477,0.1343843843843844
0.18136363636363637,0.29409090909090907,0.18518518518518523,0.4209090909090909,0.0,0.09090909090909091,2013-11-30T02:12:52Z,ls8,qd9g45ggdymh,0.4268854877374147,0.29826664208002945,0.1839387792734649
0.09421052631578948,0.3778947368421053,0.2962962962962963,0.5147368421052633,0.0,0.0,2013-12-08T02:07:35Z,ls7,qd9g45ggdymh,0.5216000000000001,0.3829333333333333,0.09546666666666666
,,1.0,,,,2013-12-16T02:12:46Z,ls8,qd9g45ggdymh,,,
0.11041666666666666,0.38250000000000006,0.11111111111111116,0.4925,0.0,0.0,2013-12-24T02:07:37Z,ls7,qd9g45ggdymh,0.4997885835095138,0.38816067653276964,0.11205073995771671
0.15076923076923077,0.38153846153846155,0.5185185185185186,0.45153846153846156,0.0,0.0,2014-01-09T02:07:40Z,ls7,qd9g45ggdymh,0.4589523064894449,0.38780297107114936,0.1532447224394058
0.10296296296296295,0.3844444444444445,0.0,0.4966666666666666,0.0,0.0,2014-01-17T02:12:23Z,ls8,qd9g45ggdymh,0.50470455400828,0.3906661648475725,0.10462928114414753
,,1.0,,,,2014-01-25T02:08:00Z,ls7,qd9g45ggdymh,,,
0.10740740740740742,0.3877777777777778,0.0,0.4888888888888889,0.0,0.0,2014-02-02T02:12:17Z,ls8,qd9g45ggdymh,0.49680090327436954,0.39405344373353407,0.10914565299209636
0.13370370370370369,0.40296296296296286,0.0,0.4511111111111111,0.0,0.0,2014-02-10T02:08:05Z,ls7,qd9g45ggdymh,0.4566929133858268,0.40794900637420317,0.13535808023997
0.09296296296296296,0.37444444444444436,0.0,0.4803703703703704,0.037037037037037035,0.0,2014-02-18T02:12:04Z,ls8,qd9g45ggdymh,0.4880668085044796,0.38044374972862666,0.09445240472985687
0.10200000000000001,0.4106666666666667,0.4444444444444444,0.47333333333333333,0.0,0.0,2014-02-26T02:07:57Z,ls7,qd9g45ggdymh,0.48005409060175797,0.4164976335361731,0.10344827586206898
0.10407407407407405,0.3877777777777778,0.0,0.4918518518518519,0.0,0.0,2014-03-06T02:11:48Z,ls8,qd9g45ggdymh,0.5,0.3942018072289156,0.1057981927710843
0.225,0.33849999999999997,0.2592592592592593,0.426,0.0,0.0,2014-03-14T02:08:05Z,ls7,qd9g45ggdymh,0.4305204648812532,0.34209196563921174,0.22738756947953515
0.09259259259259262,0.38000000000000006,0.0,0.47555555555555556,0.0,0.037037037037037035,2014-03-22T02:11:38Z,ls8,qd9g45ggdymh,0.48298611111111117,0.38593750000000004,0.09403935185185187
0.06444444444444444,0.35333333333333344,0.0,0.4192592592592593,0.07407407407407407,0.07407407407407407,2014-04-07T02:11:23Z,ls8,qd9g45ggdymh,0.42667977712225497,0.3595870206489676,0.0655850540806293
0.03125,0.06375,0.7037037037037037,0.0275,0.25,0.625,2014-04-15T02:08:18Z,ls7,qd9g45ggdymh,0.02806122448979592,0.06505102040816327,0.03188775510204082
0.10296296296296298,0.34814814814814815,0.0,0.38851851851851854,0.0,0.14814814814814814,2014-04-23T02:11:07Z,ls8,qd9g45ggdymh,0.394174059370354,0.3532160303223382,0.1044617621591596
0.12388888888888891,0.3138888888888889,0.33333333333333337,0.4405555555555556,0.1111111111111111,0.0,2014-05-01T02:08:27Z,ls7,qd9g45ggdymh,0.44585002459765266,0.3176611146250614,0.1253777496661747
,,1.0,,,,2014-05-09T02:10:51Z,ls8,qd9g45ggdymh,,,
0.0796,0.366,0.07407407407407407,0.4996000000000001,0.04,0.0,2014-05-17T02:08:34Z,ls7,qd9g45ggdymh,0.5074227676682184,0.37173085061362665,0.08084638171815488
,,1.0,,,,2014-05-25T02:10:45Z,ls8,qd9g45ggdymh,,,
,,1.0,,,,2014-06-02T02:08:38Z,ls7,qd9g45ggdymh,,,
,,1.0,,,,2014-06-10T02:10:55Z,ls8,qd9g45ggdymh,,,
,,1.0,,,,2014-06-18T02:08:38Z,ls7,qd9g45ggdymh,,,
,,1.0,,,,2014-06-26T02:10:57Z,ls8,qd9g45ggdymh,,,
,,1.0,,,,2014-07-04T02:08:45Z,ls7,qd9g45ggdymh,,,
0.12296296296296297,0.32407407407407407,0.0,0.4614814814814815,0.0,0.07407407407407407,2014-07-12T02:11:06Z,ls8,qd9g45ggdymh,0.4703235644939681,0.33028340203228096,0.12531895939967688
0.13454545454545455,0.29818181818181816,0.5925925925925926,0.4636363636363637,0.0,0.09090909090909091,2014-07-20T02:08:47Z,ls7,qd9g45ggdymh,0.4702194357366771,0.3024156371012355,0.13645583625299648
0.0,0.0,0.0,0.0,0.14814814814814814,0.8518518518518519,2014-07-28T02:11:09Z,ls8,qd9g45ggdymh,0.0,0.0,0.0
0.10740740740740738,0.36148148148148146,0.0,0.4814814814814814,0.0,0.037037037037037035,2014-08-05T02:08:53Z,ls7,qd9g45ggdymh,0.48786120493057356,0.36627118154787686,0.10883057648451255
0.0,0.0,0.0,0.0,0.2222222222222222,0.7777777777777778,2014-08-13T02:11:18Z,ls8,qd9g45ggdymh,0.0,0.0,0.0
0.16,0.3129411764705883,0.37037037037037035,0.5135294117647059,0.0,0.0,2014-08-21T02:08:52Z,ls7,qd9g45ggdymh,0.5205724508050089,0.31723315444245676,0.16219439475253428
0.05407407407407407,0.14037037037037037,0.0,0.16962962962962963,0.0,0.6296296296296297,2014-08-29T02:11:19Z,ls8,qd9g45ggdymh,0.17256320409931802,0.14279793526995968,0.055009231001092646
0.1448148148148148,0.3603703703703704,0.0,0.47740740740740745,0.0,0.0,2014-09-14T02:11:23Z,ls8,qd9g45ggdymh,0.4858650584244252,0.36675461741424803,0.1473803241613268
,,1.0,,,,2014-09-22T02:08:58Z,ls7,qd9g45ggdymh,,,
0.13703703703703704,0.3577777777777778,0.0,0.48703703703703705,0.0,0.0,2014-09-30T02:11:23Z,ls8,qd9g45ggdymh,0.49603923047906445,0.3643907959260656,0.13956997359486983
0.12851851851851853,0.382962962962963,0.0,0.47592592592592586,0.0,0.0,2014-10-08T02:09:11Z,ls7,qd9g45ggdymh,0.48199549887471865,0.3878469617404352,0.13015753938484623
,,1.0,,,,2014-10-16T02:11:28Z,ls8,qd9g45ggdymh,,,
0.11037037037037037,0.4044444444444445,0.0,0.4737037037037037,0.0,0.0,2014-10-24T02:09:20Z,ls7,qd9g45ggdymh,0.4792056950168603,0.4091420007493444,0.11165230423379544
0.1262962962962963,0.36851851851851863,0.0,0.48666666666666664,0.0,0.0,2014-11-01T02:11:25Z,ls8,qd9g45ggdymh,0.4958490566037735,0.37547169811320763,0.12867924528301886
0.12944444444444445,0.39611111111111114,0.33333333333333337,0.4605555555555555,0.0,0.0,2014-11-09T02:09:29Z,ls7,qd9g45ggdymh,0.46704225352112666,0.40169014084507043,0.1312676056338028
0.1340740740740741,0.37074074074074076,0.0,0.4785185185185185,0.0,0.0,2014-11-17T02:11:26Z,ls8,qd9g45ggdymh,0.48662900188323915,0.37702448210922784,0.13634651600753298
0.12578947368421056,0.3773684210526316,0.2962962962962963,0.4836842105263159,0.0,0.0,2014-11-25T02:09:32Z,ls7,qd9g45ggdymh,0.49013333333333337,0.3823999999999999,0.12746666666666667
0.13296296296296295,0.3611111111111111,0.0,0.48777777777777775,0.0,0.0,2014-12-03T02:11:25Z,ls8,qd9g45ggdymh,0.4967936627687665,0.3677857412297247,0.13542059600150885
0.12312500000000001,0.3825,0.40740740740740744,0.48125,0.0,0.0,2014-12-11T02:09:39Z,ls7,qd9g45ggdymh,0.48765041165294487,0.3875870804306523,0.1247625079164028
0.11851851851851852,0.36888888888888893,0.0,0.49629629629629624,0.0,0.0,2014-12-19T02:11:22Z,ls8,qd9g45ggdymh,0.5045180722891566,0.37500000000000006,0.12048192771084337
0.12333333333333336,0.3840740740740741,0.0,0.4788888888888889,0.0,0.0,2014-12-27T02:09:46Z,ls7,qd9g45ggdymh,0.48554262110401797,0.3894104393541119,0.12504693954187007
0.1111111111111111,0.3922222222222222,0.0,0.4822222222222222,0.0,0.0,2015-01-04T02:11:17Z,ls8,qd9g45ggdymh,0.48928974069898534,0.39797068771138666,0.11273957158962795
0.11294117647058823,0.4005882352941177,0.37037037037037035,0.4729411764705882,0.0,0.0,2015-01-12T02:09:49Z,ls7,qd9g45ggdymh,0.47942754919499103,0.4060822898032201,0.1144901610017889
0.09680000000000001,0.4036,0.07407407407407407,0.48480000000000006,0.0,0.0,2015-01-20T02:11:13Z,ls8,qd9g45ggdymh,0.4920828258221681,0.40966301258627685,0.09825416159155502
0.09250000000000001,0.44749999999999995,0.5555555555555556,0.4475,0.0,0.0,2015-01-28T02:09:53Z,ls7,qd9g45ggdymh,0.4531645569620253,0.45316455696202523,0.09367088607594938
0.08703703703703704,0.39925925925925926,0.0,0.49666666666666665,0.0,0.0,2015-02-05T02:11:10Z,ls8,qd9g45ggdymh,0.5052750565184627,0.40617935192162774,0.08854559155990957
0.09703703703703705,0.4111111111111111,0.0,0.4766666666666666,0.0,0.0,2015-02-21T02:11:03Z,ls8,qd9g45ggdymh,0.484016547574276,0.4174501692365551,0.09853328318916887
0.08962962962962964,0.40370370370370373,0.0,0.4896296296296297,0.0,0.0,2015-03-09T02:10:54Z,ls8,qd9g45ggdymh,0.4981160512434062,0.4107008289374529,0.09118311981914093
0.07230769230769232,0.413076923076923,0.03703703703703709,0.5015384615384615,0.0,0.0,2015-03-17T02:10:13Z,ls7,qd9g45ggdymh,0.5081839438815277,0.4185502727981294,0.07326578332034298
0.09370370370370369,0.3755555555555556,0.0,0.47888888888888886,0.037037037037037035,0.0,2015-03-25T02:10:46Z,ls8,qd9g45ggdymh,0.48637152777777776,0.38142361111111117,0.09516782407407406
0.13818181818181816,0.36272727272727273,0.18518518518518523,0.485,0.0,0.0,2015-04-02T02:10:19Z,ls7,qd9g45ggdymh,0.491931765790687,0.367911479944675,0.14015675426463806
,,1.0,,,,2015-04-10T02:10:36Z,ls8,qd9g45ggdymh,,,
0.1048148148148148,0.4044444444444445,0.0,0.4766666666666667,0.0,0.0,2015-04-18T02:10:28Z,ls7,qd9g45ggdymh,0.4834710743801653,0.4102178812922615,0.10631104432757324
0.12037037037037039,0.36555555555555563,0.0,0.49666666666666665,0.0,0.0,2015-04-26T02:10:33Z,ls8,qd9g45ggdymh,0.5054655107425556,0.37203166226912937,0.12250282698831513
0.16333333333333333,0.3533333333333333,0.0,0.4707407407407408,0.0,0.0,2015-05-04T02:10:34Z,ls7,qd9g45ggdymh,0.4767441860465117,0.3578394598649662,0.16541635408852212
0.10444444444444444,0.34777777777777774,0.0,0.4944444444444445,0.037037037037037035,0.0,2015-05-12T02:10:17Z,ls8,qd9g45ggdymh,0.5029560076508434,0.3537645626847505,0.10624239262736916
0.10666666666666667,0.34285714285714286,0.2222222222222222,0.4919047619047619,0.047619047619047616,0.0,2015-05-20T02:10:42Z,ls7,qd9g45ggdymh,0.4976274779006189,0.3468458703663559,0.1079076041139774
0.12037037037037039,0.35111111111111104,0.0,0.5107407407407408,0.0,0.0,2015-05-28T02:10:19Z,ls8,qd9g45ggdymh,0.5199849170437406,0.35746606334841624,0.12254901960784316
0.09148148148148148,0.31666666666666665,0.0,0.5051851851851852,0.07407407407407407,0.0,2015-06-05T02:10:48Z,ls7,qd9g45ggdymh,0.5121504310474303,0.3210327115436604,0.09274278333483525
0.10925925925925926,0.3255555555555556,0.0,0.5118518518518518,0.0,0.037037037037037035,2015-06-13T02:10:31Z,ls8,qd9g45ggdymh,0.5206630730887382,0.33115979829594855,0.11114009157827624
0.11777777777777779,0.3444444444444445,0.0,0.52,0.0,0.0,2015-06-29T02:10:37Z,ls8,qd9g45ggdymh,0.5294117647058824,0.35067873303167424,0.11990950226244343
0.14521739130434783,0.3178260869565217,0.14814814814814814,0.4808695652173913,0.0,0.043478260869565216,2015-07-07T02:10:56Z,ls7,qd9g45ggdymh,0.48729297258326165,0.3220715759117217,0.14715719063545152
0.11296296296296297,0.3592592592592592,0.0,0.51,0.0,0.0,2015-07-15T02:10:47Z,ls8,qd9g45ggdymh,0.5192307692307693,0.3657616892911011,0.11500754147812974
,,1.0,,,,2015-08-08T02:11:03Z,ls7,qd9g45ggdymh,,,
,,1.0,,,,2015-08-16T02:10:57Z,ls8,qd9g45ggdymh,,,
0.14692307692307693,0.3761538461538461,0.5185185185185186,0.46307692307692305,0.0,0.0,2015-08-24T02:11:05Z,ls7,qd9g45ggdymh,0.469578783151326,0.3814352574102964,0.14898595943837756
,,1.0,,,,2015-09-01T02:11:03Z,ls8,qd9g45ggdymh,,,
0.1477777777777778,0.3925925925925926,0.0,0.44518518518518524,0.0,0.0,2015-09-09T02:11:08Z,ls7,qd9g45ggdymh,0.45170988350244273,0.3983464862833521,0.1499436302142052
0.13777777777777778,0.37962962962962965,0.0,0.4674074074074074,0.0,0.0,2015-09-17T02:11:11Z,ls8,qd9g45ggdymh,0.4746145167356149,0.3854832643851072,0.13990221887927792
0.16,0.38722222222222213,0.33333333333333337,0.43944444444444447,0.0,0.0,2015-09-25T02:11:12Z,ls7,qd9g45ggdymh,0.4453828828828829,0.39245495495495486,0.16216216216216217
,,1.0,,,,2015-10-03T02:11:15Z,ls8,qd9g45ggdymh,,,
,,1.0,,,,2015-10-11T02:11:21Z,ls7,qd9g45ggdymh,,,
0.12111111111111113,0.40777777777777785,0.0,0.45481481481481484,0.0,0.0,2015-10-19T02:11:17Z,ls8,qd9g45ggdymh,0.4623493975903614,0.4145331325301205,0.12311746987951808
,,1.0,,,,2015-10-27T02:11:38Z,ls7,qd9g45ggdymh,,,
0.11333333333333334,0.4348148148148149,0.0,0.435925925925926,0.0,0.0,2015-11-04T02:11:21Z,ls8,qd9g45ggdymh,0.4429808054196463,0.4418517124576591,0.11516748212269477
,,1.0,,,,2015-11-12T02:11:54Z,ls7,qd9g45ggdymh,,,
0.12555555555555556,0.4137037037037037,0.0,0.4444444444444444,0.0,0.0,2015-11-20T02:11:23Z,ls8,qd9g45ggdymh,0.45180722891566266,0.42055722891566266,0.1276355421686747
0.1174074074074074,0.4496296296296296,0.0,0.42111111111111116,0.0,0.0,2015-11-28T02:12:07Z,ls7,qd9g45ggdymh,0.4261619190404798,0.4550224887556221,0.11881559220389803
0.08888888888888889,0.4437037037037037,0.0,0.45259259259259255,0.0,0.0,2015-12-06T02:11:22Z,ls8,qd9g45ggdymh,0.4593984962406015,0.4503759398496241,0.09022556390977444
0.10705882352941176,0.45647058823529413,0.37037037037037035,0.4223529411764706,0.0,0.0,2015-12-14T02:12:24Z,ls7,qd9g45ggdymh,0.4284009546539379,0.46300715990453456,0.10859188544152744
0.07740740740740742,0.4707407407407408,0.0,0.435925925925926,0.0,0.0,2015-12-22T02:11:23Z,ls8,qd9g45ggdymh,0.4429808054196463,0.478359051561912,0.07866014301844186
0.10857142857142857,0.48999999999999994,0.7407407407407407,0.39,0.0,0.0,2015-12-30T02:12:36Z,ls7,qd9g45ggdymh,0.3945086705202313,0.4956647398843931,0.10982658959537574
0.07407407407407407,0.47592592592592586,0.0,0.4333333333333333,0.0,0.0,2016-01-07T02:11:18Z,ls8,qd9g45ggdymh,0.4406779661016949,0.48399246704331444,0.07532956685499058
0.07923076923076923,0.4888461538461539,0.03703703703703709,0.41807692307692307,0.0,0.0,2016-01-15T02:12:52Z,ls7,qd9g45ggdymh,0.4239469578783151,0.49570982839313577,0.08034321372854913
0.07814814814814816,0.44333333333333336,0.0,0.3911111111111112,0.0,0.07407407407407407,2016-01-23T02:11:19Z,ls8,qd9g45ggdymh,0.39682539682539686,0.449810606060606,0.07928992303992304
0.06851851851851853,0.44074074074074077,0.0,0.4385185185185185,0.037037037037037035,0.0,2016-02-08T02:11:15Z,ls8,qd9g45ggdymh,0.4455444111559782,0.4478022375638633,0.06961631424312162
,,1.0,,,,2016-02-16T02:13:07Z,ls7,qd9g45ggdymh,,,
0.08444444444444445,0.46222222222222226,0.0,0.43962962962962965,0.0,0.0,2016-02-24T02:11:08Z,ls8,qd9g45ggdymh,0.44573788959819755,0.46864438603079234,0.08561772437101013
0.6433333333333334,0.11333333333333333,0.8888888888888888,0.2333333333333333,0.0,0.0,2016-03-03T02:13:13Z,ls7,qd9g45ggdymh,0.23569023569023567,0.11447811447811447,0.64983164983165
0.08925925925925926,0.4607407407407408,0.0,0.43518518518518523,0.0,0.0,2016-03-11T02:11:06Z,ls8,qd9g45ggdymh,0.4417293233082707,0.46766917293233085,0.09060150375939849
0.09259259259259259,0.45925925925925926,0.0,0.43370370370370365,0.0,0.0,2016-03-19T02:13:21Z,ls7,qd9g45ggdymh,0.44006012777151443,0.4659902292371289,0.09394964299135664
,,1.0,,,,2016-04-04T02:13:24Z,ls7,qd9g45ggdymh,,,
0.12851851851851853,0.4255555555555555,0.0,0.4318518518518519,0.0,0.0,2016-04-20T02:13:33Z,ls7,qd9g45ggdymh,0.4380165289256199,0.4316303531179564,0.13035311795642376
,,1.0,,,,2016-04-28T02:10:48Z,ls8,qd9g45ggdymh,,,
,,1.0,,,,2016-05-06T02:13:38Z,ls7,qd9g45ggdymh,,,
,,1.0,,,,2016-05-14T02:10:47Z,ls8,qd9g45ggdymh,,,
0.1325925925925926,0.42629629629629634,0.0,0.4274074074074075,0.0,0.0,2016-05-22T02:13:40Z,ls7,qd9g45ggdymh,0.4333458505444987,0.43221930153961696,0.1344348479158843
0.11407407407407408,0.3777777777777778,0.0,0.4533333333333334,0.0,0.037037037037037035,2016-05-30T02:10:54Z,ls8,qd9g45ggdymh,0.46185997910135845,0.3848833159177987,0.11621966794380587
0.17703703703703702,0.3577777777777778,0.0,0.44888888888888895,0.0,0.0,2016-06-15T02:10:56Z,ls8,qd9g45ggdymh,0.45632530120481934,0.36370481927710846,0.17996987951807225
,,1.0,,,,2016-06-23T02:13:48Z,ls7,qd9g45ggdymh,,,
0.15222222222222223,0.37962962962962965,0.0,0.44925925925925925,0.0,0.0,2016-07-01T02:11:05Z,ls8,qd9g45ggdymh,0.4579086447716119,0.3869384673461684,0.1551528878822197
,,1.0,,,,2016-07-09T02:13:48Z,ls7,qd9g45ggdymh,,,
0.0,0.0,0.0,0.0,0.0,1.0,2016-07-17T02:11:12Z,ls8,qd9g45ggdymh,0.0,0.0,0.0
0.11592592592592593,0.41407407407407404,0.0,0.4562962962962963,0.0,0.0,2016-07-25T02:13:50Z,ls7,qd9g45ggdymh,0.46263612467142323,0.4198272624859181,0.11753661284265866
0.14407407407407408,0.38592592592592584,0.0,0.4537037037037037,0.0,0.0,2016-08-02T02:11:16Z,ls8,qd9g45ggdymh,0.46121987951807236,0.39231927710843373,0.146460843373494
0.37592592592592594,0.25851851851851854,0.0,0.3540740740740741,0.0,0.0,2016-08-10T02:13:52Z,ls7,qd9g45ggdymh,0.3581865867366055,0.261521168977145,0.3802922442862495
0.1733333333333333,0.35999999999999993,0.0,0.45185185185185184,0.0,0.0,2016-08-18T02:11:20Z,ls8,qd9g45ggdymh,0.45864661654135336,0.3654135338345864,0.17593984962406012
0.7266666666666667,0.05666666666666667,0.6666666666666667,0.20777777777777776,0.0,0.0,2016-08-26T02:13:54Z,ls7,qd9g45ggdymh,0.20964125560538116,0.05717488789237669,0.7331838565022422
0.15037037037037038,0.3829629629629629,0.0,0.45222222222222225,0.0,0.0,2016-09-03T02:11:26Z,ls8,qd9g45ggdymh,0.4588500563697858,0.388575723412251,0.15257422021796319
0.569,0.14,0.6296296296296297,0.19,0.0,0.1,2016-09-19T02:11:28Z,ls8,qd9g45ggdymh,0.19021134593993327,0.14015572858731926,0.5696329254727475
,,1.0,,,,2016-09-27T02:13:59Z,ls7,qd9g45ggdymh,,,
0.1303703703703704,0.4059259259259259,0.0,0.4485185185185185,0.0,0.0,2016-10-05T02:11:31Z,ls8,qd9g45ggdymh,0.45543437382474616,0.41218503196690487,0.13238059420834902
,,1.0,,,,2016-10-13T02:13:59Z,ls7,qd9g45ggdymh,,,
0.14333333333333334,0.3851851851851852,0.0,0.4562962962962963,0.0,0.0,2016-10-21T02:11:35Z,ls8,qd9g45ggdymh,0.4633320797292215,0.39112448288830387,0.14554343738247463
0.16692307692307692,0.38384615384615384,0.5185185185185186,0.43769230769230766,0.0,0.0,2016-10-29T02:13:55Z,ls7,qd9g45ggdymh,0.4428015564202334,0.3883268482490272,0.16887159533073928
0.1385185185185185,0.37740740740740747,0.0,0.4688888888888889,0.0,0.0,2016-11-06T02:11:35Z,ls8,qd9g45ggdymh,0.4761188416698007,0.38322677698382857,0.14065438134637082
0.13111111111111112,0.3988888888888888,0.0,0.4581481481481482,0.0,0.0,2016-11-14T02:13:47Z,ls7,qd9g45ggdymh,0.4636431784107946,0.40367316341829074,0.13268365817091454
0.12481481481481484,0.38740740740740737,0.0,0.47111111111111115,0.0,0.0,2016-11-22T02:11:35Z,ls8,qd9g45ggdymh,0.4790960451977402,0.39397363465160073,0.12693032015065916
0.13296296296296298,0.3962962962962963,0.0,0.4562962962962963,0.0,0.0,2016-11-30T02:13:45Z,ls7,qd9g45ggdymh,0.4629838406614055,0.4021044720030064,0.13491168733558814
0.13703703703703704,0.3622222222222223,0.0,0.48370370370370364,0.0,0.0,2016-12-08T02:11:33Z,ls8,qd9g45ggdymh,0.49208741522230587,0.36850037678975134,0.1394122079879427
0.13999999999999999,0.3904347826086956,0.14814814814814814,0.45304347826086966,0.0,0.0,2016-12-16T02:13:40Z,ls7,qd9g45ggdymh,0.4606542882404952,0.39699381078691415,0.14235190097259062
0.1237037037037037,0.3866666666666667,0.0,0.47370370370370374,0.0,0.0,2016-12-24T02:11:28Z,ls8,qd9g45ggdymh,0.48136996612721117,0.3929243507715469,0.125705683101242
0.13999999999999999,0.3747368421052632,0.2962962962962963,0.47105263157894733,0.0,0.0,2017-01-01T02:13:32Z,ls7,qd9g45ggdymh,0.4778430325680726,0.38013881473571814,0.14201815269620927
0.1051851851851852,0.36592592592592593,0.0,0.4751851851851852,0.037037037037037035,0.0,2017-01-09T02:11:25Z,ls8,qd9g45ggdymh,0.483554395883163,0.3723708052475176,0.1070377618322824
0.1335,0.37100000000000005,0.2592592592592593,0.481,0.0,0.0,2017-01-17T02:13:22Z,ls7,qd9g45ggdymh,0.4880771182141045,0.3764586504312532,0.1354642313546423
0.08407407407407408,0.3959259259259259,0.0,0.4681481481481481,0.037037037037037035,0.0,2017-01-25T02:11:20Z,ls8,qd9g45ggdymh,0.475462962962963,0.40211226851851856,0.0853877314814815
0.10592592592592592,0.3940740740740741,0.0,0.48629629629629634,0.0,0.0,2017-02-02T02:13:14Z,ls7,qd9g45ggdymh,0.4930529478032294,0.39954938039804727,0.10739767179872323
,,1.0,,,,2017-02-10T02:11:12Z,ls8,qd9g45ggdymh,,,
0.08814814814814814,0.4159259259259259,0.0,0.48185185185185186,0.0,0.0,2017-02-18T02:13:13Z,ls7,qd9g45ggdymh,0.4887302779864764,0.4218632607062359,0.08940646130728776
0.12481481481481482,0.3596296296296297,0.0,0.49999999999999994,0.0,0.0,2017-02-26T02:11:07Z,ls8,qd9g45ggdymh,0.5079006772009029,0.36531226486079765,0.12678705793829947
0.08,0.42076923076923084,0.5185185185185186,0.48615384615384616,0.0,0.0,2017-03-06T02:13:21Z,ls7,qd9g45ggdymh,0.4925954793452845,0.42634450506625104,0.08106001558846454
,,1.0,,,,2017-03-14T02:10:58Z,ls8,qd9g45ggdymh,,,
0.10962962962962963,0.3855555555555555,0.0,0.4551851851851852,0.0,0.037037037037037035,2017-03-22T02:13:27Z,ls7,qd9g45ggdymh,0.46121647758436546,0.39066424179440545,0.11108224358419215
0.12037037037037036,0.35851851851851857,0.0,0.5037037037037038,0.0,0.0,2017-03-30T02:10:50Z,ls8,qd9g45ggdymh,0.5126272144741801,0.36486995853750476,0.12250282698831509
,,1.0,,,,2017-04-07T02:13:31Z,ls7,qd9g45ggdymh,,,
0.11148148148148149,0.35259259259259257,0.0,0.48370370370370364,0.0,0.037037037037037035,2017-04-15T02:10:42Z,ls8,qd9g45ggdymh,0.491453548116307,0.3582417900510906,0.11326762479556542
0.08266666666666668,0.3893333333333333,0.4444444444444444,0.5146666666666667,0.0,0.0,2017-04-23T02:13:38Z,ls7,qd9g45ggdymh,0.5216216216216216,0.39459459459459456,0.08378378378378379
0.10555555555555556,0.36888888888888893,0.0,0.5092592592592593,0.0,0.0,2017-05-01T02:10:31Z,ls8,qd9g45ggdymh,0.5176957831325302,0.37500000000000006,0.10730421686746987
0.10481481481481482,0.3577777777777777,0.0,0.52,0.0,0.0,2017-05-17T02:10:42Z,ls8,qd9g45ggdymh,0.5292122125895213,0.3641160949868073,0.10667169242367132
0.10687500000000001,0.39,0.40740740740740744,0.48812500000000003,0.0,0.0,2017-05-25T02:13:45Z,ls7,qd9g45ggdymh,0.49555837563451777,0.3959390862944162,0.108502538071066
,,1.0,,,,2017-06-02T02:10:51Z,ls8,qd9g45ggdymh,,,
,,1.0,,,,2017-06-10T02:13:50Z,ls7,qd9g45ggdymh,,,
0.10777777777777776,0.34777777777777785,0.0,0.5270370370370371,0.0,0.0,2017-06-18T02:10:58Z,ls8,qd9g45ggdymh,0.5363739163211458,0.35393893705239354,0.10968714662646059
0.10407407407407408,0.37259259259259253,0.0,0.51,0.0,0.0,2017-06-26T02:13:53Z,ls7,qd9g45ggdymh,0.5168918918918919,0.3776276276276276,0.10548048048048049
0.4527272727272727,0.2095454545454545,0.18518518518518523,0.33136363636363636,0.0,0.0,2017-07-04T02:11:02Z,ls8,qd9g45ggdymh,0.3334858188472095,0.21088746569075933,0.4556267154620311
0.22666666666666668,0.29962962962962963,0.0,0.46185185185185174,0.0,0.0,2017-07-12T02:13:54Z,ls7,qd9g45ggdymh,0.467391304347826,0.3032233883058471,0.22938530734632687
0.0,0.0,0.37037037037037035,0.0,0.058823529411764705,0.9411764705882353,2017-07-20T02:11:06Z,ls8,qd9g45ggdymh,0.0,0.0,0.0
,,1.0,,,,2017-08-05T02:11:14Z,ls8,qd9g45ggdymh,,,
0.42,0.16999999999999998,0.7407407407407407,0.26142857142857145,0.14285714285714285,0.0,2017-08-13T02:13:50Z,ls7,qd9g45ggdymh,0.263183125599233,0.17114093959731544,0.4228187919463088
,,1.0,,,,2017-08-21T02:11:19Z,ls8,qd9g45ggdymh,,,
0.09111111111111111,0.19333333333333333,0.0,0.26407407407407407,0.07407407407407407,0.37037037037037035,2017-08-29T02:13:51Z,ls7,qd9g45ggdymh,0.26746192512566586,0.19581363943281568,0.09227999099707405
,,1.0,,,,2017-09-06T02:11:21Z,ls8,qd9g45ggdymh,,,
0.2729629629629629,0.2696296296296296,0.0,0.4455555555555556,0.0,0.0,2017-09-14T02:13:49Z,ls7,qd9g45ggdymh,0.45089955022488765,0.2728635682158921,0.2762368815592204
0.14529411764705882,0.39647058823529413,0.37037037037037035,0.44411764705882356,0.0,0.0,2017-09-30T02:13:50Z,ls7,qd9g45ggdymh,0.4504773269689738,0.4021479713603819,0.1473747016706444
,,1.0,,,,2017-10-08T02:11:30Z,ls8,qd9g45ggdymh,,,
0.14407407407407408,0.3825925925925926,0.0,0.4581481481481482,0.0,0.0,2017-10-24T02:11:33Z,ls8,qd9g45ggdymh,0.4652124858969538,0.38849191425347873,0.1462955998495675
0.1433333333333333,0.4107407407407408,0.0,0.4322222222222223,0.0,0.0,2017-11-01T02:13:52Z,ls7,qd9g45ggdymh,0.4382275628989861,0.416447615471273,0.14532482162974086
0.1062962962962963,0.43296296296296294,0.0,0.4437037037037036,0.0,0.0,2017-11-09T02:11:31Z,ls8,qd9g45ggdymh,0.4513941220798794,0.4404672192916353,0.10813865862848533
0.13037037037037036,0.4125925925925927,0.0,0.4422222222222221,0.0,0.0,2017-11-25T02:11:25Z,ls8,qd9g45ggdymh,0.44887218045112776,0.4187969924812031,0.13233082706766916
,,1.0,,,,2017-12-03T02:13:43Z,ls7,qd9g45ggdymh,,,
0.09888888888888887,0.4274074074074074,0.0,0.4588888888888889,0.0,0.0,2017-12-11T02:11:23Z,ls8,qd9g45ggdymh,0.4657894736842105,0.43383458646616535,0.10037593984962404
,,1.0,,,,2017-12-19T02:13:34Z,ls7,qd9g45ggdymh,,,
0.11913043478260868,0.4139130434782609,0.14814814814814814,0.45260869565217393,0.0,0.0,2017-12-27T02:11:25Z,ls8,qd9g45ggdymh,0.4591971768857521,0.4199382443758271,0.1208645787384208
0.14,0.4014814814814814,0.0,0.44407407407407407,0.0,0.0,2018-01-04T02:13:22Z,ls7,qd9g45ggdymh,0.45058248778654647,0.40736565201052233,0.14205186020293126
0.12333333333333332,0.40370370370370373,0.0,0.4577777777777778,0.0,0.0,2018-01-12T02:11:19Z,ls8,qd9g45ggdymh,0.4648364046634073,0.4099285445656262,0.12523505077096653
0.18,0.45999999999999996,0.9259259259259259,0.345,0.0,0.0,2018-01-20T02:13:08Z,ls7,qd9g45ggdymh,0.350253807106599,0.467005076142132,0.18274111675126906
0.19833333333333333,0.5750000000000001,0.7777777777777778,0.21666666666666665,0.0,0.0,2018-01-28T02:11:10Z,ls8,qd9g45ggdymh,0.2188552188552188,0.5808080808080808,0.2003367003367003
0.1174074074074074,0.39592592592592596,0.0,0.4722222222222222,0.0,0.0,2018-02-13T02:11:03Z,ls8,qd9g45ggdymh,0.4791431792559188,0.401728673431041,0.11912814731304021
0.10925925925925928,0.4325925925925926,0.0,0.44518518518518524,0.0,0.0,2018-02-21T02:12:42Z,ls7,qd9g45ggdymh,0.451031894934334,0.4382739212007505,0.11069418386491559
0.0788888888888889,0.43222222222222223,0.0,0.4725925925925927,0.0,0.0,2018-03-01T02:10:57Z,ls8,qd9g45ggdymh,0.480421686746988,0.43938253012048184,0.08019578313253012
0.09333333333333334,0.45799999999999996,0.4444444444444444,0.4373333333333333,0.0,0.0,2018-03-09T02:12:31Z,ls7,qd9g45ggdymh,0.44234659474039106,0.4632501685772083,0.09440323668240054
,,1.0,,,,2018-03-17T02:10:47Z,ls8,qd9g45ggdymh,,,
0.09111111111111111,0.41740740740740745,0.0,0.47333333333333333,0.0,0.0,2018-04-02T02:10:41Z,ls8,qd9g45ggdymh,0.48208223311957743,0.4251225952470766,0.0927951716333459
,,1.0,,,,2018-04-18T02:10:31Z,ls8,qd9g45ggdymh,,,
,,1.0,,,,2018-04-26T02:11:47Z,ls7,qd9g45ggdymh,,,
0.13111111111111112,0.39962962962962956,0.0,0.45518518518518514,0.0,0.0,2018-05-04T02:10:23Z,ls8,qd9g45ggdymh,0.46168294515401953,0.40533433508640115,0.1329827197595793
0.08384615384615385,0.46307692307692305,0.5185185185185186,0.44153846153846155,0.0,0.0,2018-05-12T02:11:30Z,ls7,qd9g45ggdymh,0.446692607003891,0.4684824902723735,0.08482490272373541
0.09925925925925927,0.39000000000000007,0.0,0.4948148148148148,0.0,0.0,2018-05-20T02:10:11Z,ls8,qd9g45ggdymh,0.5028227324049679,0.3963116296575085,0.10086563793752353
0.13407407407407407,0.3407407407407408,0.0,0.4748148148148149,0.037037037037037035,0.0,2018-05-28T02:11:16Z,ls7,qd9g45ggdymh,0.4814814814814815,0.34552493210839547,0.13595654937308602
0.13384615384615384,0.31923076923076926,0.5185185185185186,0.3823076923076923,0.07692307692307693,0.07692307692307693,2018-06-13T02:10:59Z,ls7,qd9g45ggdymh,0.38723615242952264,0.32334608301459133,0.13557161070973225
0.24285714285714288,0.3728571428571429,0.7407407407407407,0.3728571428571429,0.0,0.0,2018-06-21T02:10:12Z,ls8,qd9g45ggdymh,0.37716763005780346,0.37716763005780346,0.24566473988439308
0.08470588235294119,0.39,0.37037037037037035,0.5123529411764707,0.0,0.0,2018-06-29T02:10:41Z,ls7,qd9g45ggdymh,0.5190703218116806,0.3951132300357568,0.08581644815256258
0.0,0.0,0.33333333333333337,0.0,0.0,1.0,2018-07-07T02:10:21Z,ls8,qd9g45ggdymh,0.0,0.0,0.0
,,1.0,,,,2018-07-15T02:10:22Z,ls7,qd9g45ggdymh,,,
,,1.0,,,,2018-07-23T02:10:27Z,ls8,qd9g45ggdymh,,,
0.12370370370370372,0.39555555555555555,0.0,0.4666666666666667,0.0,0.0,2018-07-31T02:10:05Z,ls7,qd9g45ggdymh,0.47332832456799395,0.4012021036814425,0.1254695717505635
,,1.0,,,,2018-08-08T02:10:36Z,ls8,qd9g45ggdymh,,,
0.0,0.0,0.962962962962963,0.0,1.0,0.0,2018-08-16T02:09:47Z,ls7,qd9g45ggdymh,0.0,0.0,0.0
0.16185185185185186,0.3548148148148148,0.0,0.4666666666666667,0.0,0.0,2018-08-24T02:10:44Z,ls8,qd9g45ggdymh,0.47457627118644063,0.3608286252354049,0.16459510357815443
,,1.0,,,,2018-09-01T02:09:28Z,ls7,qd9g45ggdymh,,,
0.15185185185185185,0.3755555555555556,0.0,0.4559259259259259,0.0,0.0,2018-09-09T02:10:50Z,ls8,qd9g45ggdymh,0.463653483992467,0.38192090395480227,0.15442561205273067
,,1.0,,,,2018-09-17T02:09:07Z,ls7,qd9g45ggdymh,,,
0.13407407407407407,0.4129629629629629,0.0,0.43740740740740736,0.0,0.0,2018-09-25T02:10:55Z,ls8,qd9g45ggdymh,0.444319036869827,0.4194883370955606,0.13619262603461252
,,1.0,,,,2018-10-03T02:08:44Z,ls7,qd9g45ggdymh,,,
,,1.0,,,,2018-10-11T02:11:03Z,ls8,qd9g45ggdymh,,,
0.284,0.382,0.8148148148148149,0.322,0.0,0.0,2018-10-19T02:08:21Z,ls7,qd9g45ggdymh,0.3259109311740891,0.3866396761133603,0.2874493927125506
0.1437037037037037,0.4,0.0,0.4403703703703704,0.0,0.0,2018-10-27T02:11:08Z,ls8,qd9g45ggdymh,0.4474971772675951,0.40647346631539333,0.14602935641701165
,,1.0,,,,2018-11-04T02:08:00Z,ls7,qd9g45ggdymh,,,
0.11925925925925927,0.39740740740740743,0.0,0.4670370370370371,0.0,0.0,2018-11-12T02:11:10Z,ls8,qd9g45ggdymh,0.47477409638554213,0.40399096385542166,0.12123493975903614
0.14375,0.39375000000000004,0.40740740740740744,0.449375,0.0,0.0,2018-11-20T02:07:38Z,ls7,qd9g45ggdymh,0.45535148828372385,0.3989867004433185,0.14566181127295752
0.1425925925925926,0.37629629629629624,0.0,0.4637037037037037,0.0,0.0,2018-11-28T02:11:10Z,ls8,qd9g45ggdymh,0.4719185827365247,0.3829626837542405,0.14511873350923485
0.14111111111111113,0.37555555555555553,0.0,0.4659259259259259,0.0,0.0,2018-12-14T02:11:06Z,ls8,qd9g45ggdymh,0.4741801733886166,0.3822088202035431,0.1436110064078402
,,1.0,,,,2018-12-22T02:06:46Z,ls7,qd9g45ggdymh,,,
0.11851851851851851,0.4055555555555556,0.0,0.4614814814814815,0.0,0.0,2018-12-30T02:11:07Z,ls8,qd9g45ggdymh,0.4682450206689215,0.41149943630214214,0.12025554302893648
0.14565217391304347,0.3760869565217391,0.14814814814814814,0.4630434782608695,0.0,0.0,2019-01-07T02:06:17Z,ls7,qd9g45ggdymh,0.4701986754966887,0.3818984547461369,0.1479028697571744
0.13333333333333336,0.3903703703703704,0.0,0.46,0.0,0.0,2019-01-15T02:11:05Z,ls8,qd9g45ggdymh,0.46762048192771083,0.3968373493975904,0.13554216867469882
0.031999999999999994,0.522,0.8148148148148149,0.43,0.0,0.0,2019-01-23T02:05:46Z,ls7,qd9g45ggdymh,0.4369918699186992,0.5304878048780488,0.03252032520325203
,,1.0,,,,2019-01-30T02:11:43Z,ls7,qd9g45ggdymh,,,
0.11037037037037038,0.39888888888888885,0.0,0.4755555555555555,0.0,0.0,2019-01-31T02:11:01Z,ls8,qd9g45ggdymh,0.48288830387363674,0.4050394885295224,0.11207220759684094
0.064,0.422,0.4444444444444444,0.434,0.06666666666666667,0.0,2019-02-08T02:05:17Z,ls7,qd9g45ggdymh,0.4402898550724638,0.4281159420289855,0.06492753623188406
0.12000000000000001,0.39814814814814814,0.0,0.46703703703703714,0.0,0.0,2019-02-16T02:10:59Z,ls8,qd9g45ggdymh,0.4740601503759399,0.4041353383458646,0.12180451127819548
,,1.0,,,,2019-02-24T02:04:48Z,ls7,qd9g45ggdymh,,,
,,1.0,,,,2019-03-04T02:10:54Z,ls8,qd9g45ggdymh,,,
0.132,0.38750000000000007,0.2592592592592593,0.4665000000000001,0.0,0.0,2019-03-12T02:04:17Z,ls7,qd9g45ggdymh,0.4731237322515213,0.39300202839756593,0.13387423935091278
0.0325925925925926,0.36444444444444446,0.0,0.22592592592592595,0.0,0.37037037037037035,2019-03-20T02:10:49Z,ls8,qd9g45ggdymh,0.22834368256484783,0.36834456335050864,0.03294138371427313
0.12050000000000001,0.4295,0.2592592592592593,0.43599999999999994,0.0,0.0,2019-03-28T02:03:45Z,ls7,qd9g45ggdymh,0.4421906693711967,0.4355983772819473,0.122210953346856
0.11555555555555558,0.4066666666666667,0.0,0.4614814814814815,0.0,0.0,2019-04-05T02:10:46Z,ls8,qd9g45ggdymh,0.4691265060240964,0.4134036144578313,0.1174698795180723
,,1.0,,,,2019-04-13T02:03:12Z,ls7,qd9g45ggdymh,,,
0.10333333333333335,0.3925925925925926,0.0,0.48666666666666664,0.0,0.0,2019-04-21T02:10:39Z,ls8,qd9g45ggdymh,0.4952883528081417,0.3995476818695816,0.10516396532227669
0.10222222222222221,0.38518518518518535,0.0,0.4962962962962963,0.0,0.0,2019-05-07T02:10:43Z,ls8,qd9g45ggdymh,0.5045180722891566,0.39156626506024106,0.10391566265060238
0.10666666666666666,0.38703703703703707,0.0,0.4933333333333333,0.0,0.0,2019-05-15T02:01:59Z,ls7,qd9g45ggdymh,0.49981238273921197,0.3921200750469043,0.10806754221388366
,,1.0,,,,2019-05-22T02:07:53Z,ls7,qd9g45ggdymh,,,
,,1.0,,,,2019-05-23T02:10:53Z,ls8,qd9g45ggdymh,,,
,,1.0,,,,2019-05-31T02:01:24Z,ls7,qd9g45ggdymh,,,
0.012592592592592593,0.0725925925925926,0.0,0.06074074074074075,0.07407407407407407,0.7777777777777778,2019-06-08T02:11:01Z,ls8,qd9g45ggdymh,0.06166572664034592,0.07369806354577926,0.012784357962022933
0.11740740740740742,0.3533333333333333,0.0,0.5118518518518518,0.0,0.0,2019-06-24T02:11:07Z,ls8,qd9g45ggdymh,0.5209197135318507,0.3595929136826234,0.11948737278552585
0.05259259259259259,0.24037037037037037,0.0,0.3633333333333333,0.0,0.3333333333333333,2019-07-02T02:00:13Z,ls7,qd9g45ggdymh,0.3690744920993228,0.244168547780286,0.05342362678705795
,,1.0,,,,2019-07-10T02:11:10Z,ls8,qd9g45ggdymh,,,
0.11230769230769232,0.40230769230769237,0.5185185185185186,0.4715384615384616,0.0,0.0,2019-07-18T01:59:36Z,ls7,qd9g45ggdymh,0.4781591263650546,0.4079563182527301,0.11388455538221529
,,1.0,,,,2019-07-26T02:11:15Z,ls8,qd9g45ggdymh,,,
,,1.0,,,,2019-08-03T01:58:57Z,ls7,qd9g45ggdymh,,,
0.11259259259259258,0.3362962962962963,0.0,0.4251851851851852,0.0,0.1111111111111111,2019-08-11T02:11:21Z,ls8,qd9g45ggdymh,0.4323917137476459,0.3419962335216572,0.11450094161958566
0.10176470588235295,0.32588235294117646,0.37037037037037035,0.3870588235294118,0.0,0.17647058823529413,2019-08-19T01:58:17Z,ls7,qd9g45ggdymh,0.3912507963474198,0.3294117647058823,0.1028668507114037
,,1.0,,,,2019-08-26T02:04:10Z,ls7,qd9g45ggdymh,,,
0.12629629629629632,0.2922222222222222,0.0,0.41851851851851857,0.0,0.14814814814814814,2019-08-27T02:11:25Z,ls8,qd9g45ggdymh,0.42592592592592593,0.297394296951819,0.12853162897410686
0.10166666666666668,0.44333333333333336,0.7777777777777778,0.44333333333333336,0.0,0.0,2019-09-04T01:57:36Z,ls7,qd9g45ggdymh,0.448566610455312,0.448566610455312,0.10286677908937607
0.10296296296296295,0.2751851851851852,0.0,0.38481481481481483,0.037037037037037035,0.18518518518518517,2019-09-12T02:11:30Z,ls8,qd9g45ggdymh,0.3922869471413161,0.2805285868392665,0.10496224379719525
0.46,0.19,0.962962962962963,0.34,0.0,0.0,2019-09-20T01:56:54Z,ls7,qd9g45ggdymh,0.3434343434343435,0.19191919191919193,0.4646464646464647
,,1.0,,,,2019-09-27T02:02:46Z,ls7,qd9g45ggdymh,,,
0.13962962962962963,0.40814814814814815,0.0,0.4374074074074074,0.0,0.0,2019-09-28T02:11:35Z,ls8,qd9g45ggdymh,0.443984962406015,0.41428571428571426,0.14172932330827068
,,1.0,,,,2019-10-06T01:56:13Z,ls7,qd9g45ggdymh,,,
,,1.0,,,,2019-10-14T02:11:38Z,ls8,qd9g45ggdymh,,,
0.1425925925925926,0.44703703703703707,0.0,0.39814814814814814,0.0,0.0,2019-10-22T01:55:33Z,ls7,qd9g45ggdymh,0.4030746156730408,0.4525684289463817,0.14435695538057744
,,1.0,,,,2019-10-29T02:01:25Z,ls7,qd9g45ggdymh,,,
0.17681818181818182,0.4422727272727273,0.18518518518518523,0.36818181818181817,0.0,0.0,2019-10-30T02:11:38Z,ls8,qd9g45ggdymh,0.3729281767955801,0.44797421731123394,0.179097605893186
0.1322222222222222,0.45333333333333337,0.0,0.4,0.0,0.0,2019-11-07T01:54:50Z,ls7,qd9g45ggdymh,0.40586245772266066,0.4599774520856821,0.13416009019165726
,,1.0,,,,2019-11-14T02:00:42Z,ls7,qd9g45ggdymh,,,
0.12444444444444445,0.46444444444444444,0.0,0.3966666666666666,0.0,0.0,2019-11-15T02:11:35Z,ls8,qd9g45ggdymh,0.40248027057497177,0.47125140924464487,0.12626832018038334
0.16214285714285714,0.45357142857142857,0.4814814814814815,0.36999999999999994,0.0,0.0,2019-11-23T01:54:06Z,ls7,qd9g45ggdymh,0.3753623188405797,0.46014492753623193,0.1644927536231884
,,1.0,,,,2019-11-30T01:59:56Z,ls7,qd9g45ggdymh,,,
0.1322222222222222,0.43185185185185176,0.0,0.42037037037037034,0.0,0.0,2019-12-01T02:11:33Z,ls8,qd9g45ggdymh,0.427012791572611,0.4386756960120391,0.1343115124153499
0.12851851851851853,0.4600000000000001,0.0,0.39814814814814814,0.0,0.0,2019-12-09T01:53:19Z,ls7,qd9g45ggdymh,0.40352852852852844,0.46621621621621623,0.13025525525525525
,,1.0,,,,2019-12-16T01:59:09Z,ls7,qd9g45ggdymh,,,
0.10555555555555554,0.48370370370370364,0.0,0.39629629629629626,0.0,0.0,2019-12-17T02:11:32Z,ls8,qd9g45ggdymh,0.4021044720030064,0.49079293498684706,0.10710259301014656
0.2555555555555556,0.39814814814814814,0.0,0.33555555555555555,0.0,0.0,2019-12-25T01:52:30Z,ls7,qd9g45ggdymh,0.3391988019468364,0.4024709846499438,0.2583302134032198
,,1.0,,,,2020-01-01T01:58:19Z,ls7,qd9g45ggdymh,,,
0.12777777777777777,0.4414814814814814,0.0,0.4151851851851851,0.0,0.0,2020-01-02T02:11:27Z,ls8,qd9g45ggdymh,0.4217456734386757,0.4484574868322047,0.12979683972911965
0.1348,0.4232,0.07407407407407407,0.42919999999999997,0.0,0.0,2020-01-10T01:51:40Z,ls7,qd9g45ggdymh,0.4347649918962722,0.42868719611021067,0.136547811993517
,,1.0,,,,2020-01-17T01:57:30Z,ls7,qd9g45ggdymh,,,
0.11777777777777779,0.44629629629629625,0.0,0.42,0.0,0.0,2020-01-18T02:11:24Z,ls8,qd9g45ggdymh,0.426797139631163,0.4535190063981934,0.1196838539706436
0.15238095238095242,0.4195238095238095,0.2222222222222222,0.41428571428571426,0.0,0.0,2020-01-26T01:50:53Z,ls7,qd9g45ggdymh,0.4200869145340415,0.4253983582810237,0.15451472718493486
,,1.0,,,,2020-02-02T01:56:43Z,ls7,qd9g45ggdymh,,,
0.1025925925925926,0.4677777777777778,0.0,0.41629629629629633,0.0,0.0,2020-02-03T02:11:19Z,ls8,qd9g45ggdymh,0.42192192192192196,0.4740990990990991,0.10397897897897898
,,1.0,,,,2020-02-11T01:50:04Z,ls7,qd9g45ggdymh,,,
,,1.0,,,,2020-02-18T01:55:53Z,ls7,qd9g45ggdymh,,,
,,1.0,,,,2020-02-19T02:11:15Z,ls8,qd9g45ggdymh,,,
,,1.0,,,,2020-03-05T01:55:02Z,ls7,qd9g45ggdymh,,,
0.1262962962962963,0.435925925925926,0.0,0.4233333333333334,0.0,0.0,2020-03-06T02:11:10Z,ls8,qd9g45ggdymh,0.4295377677564825,0.442314919203307,0.12814731304021043
,,1.0,,,,2020-03-14T01:48:22Z,ls7,qd9g45ggdymh,,,
,,1.0,,,,2020-03-21T01:54:09Z,ls7,qd9g45ggdymh,,,
0.10518518518518516,0.4281481481481481,0.0,0.45148148148148154,0.0,0.0,2020-03-22T02:11:02Z,ls8,qd9g45ggdymh,0.4584430236931178,0.4347499059796916,0.10680707032719065
0.20590909090909093,0.38499999999999995,0.18518518518518523,0.39545454545454545,0.0,0.0,2020-03-30T01:47:28Z,ls7,qd9g45ggdymh,0.4009216589861751,0.39032258064516123,0.2087557603686636
,,1.0,,,,2020-04-06T01:53:15Z,ls7,qd9g45ggdymh,,,
0.11037037037037037,0.4151851851851852,0.0,0.45962962962962955,0.0,0.0,2020-04-07T02:10:53Z,ls8,qd9g45ggdymh,0.46654135338345865,0.4214285714285715,0.11203007518796994
0.6666666666666666,0.142,0.4444444444444444,0.18866666666666665,0.0,0.0,2020-04-15T01:46:33Z,ls7,qd9g45ggdymh,0.18917112299465239,0.142379679144385,0.6684491978609626
,,1.0,,,,2020-04-22T01:52:19Z,ls7,qd9g45ggdymh,,,
0.056,0.07200000000000001,0.4444444444444444,0.06999999999999999,0.06666666666666667,0.7333333333333333,2020-04-23T02:10:47Z,ls8,qd9g45ggdymh,0.07070707070707072,0.07272727272727275,0.05656565656565658
0.1462962962962963,0.38851851851851854,0.0,0.45148148148148154,0.0,0.0,2020-05-01T01:45:36Z,ls7,qd9g45ggdymh,0.45775441231693575,0.3939166353736387,0.14832895230942544
,,1.0,,,,2020-05-08T01:51:22Z,ls7,qd9g45ggdymh,,,
0.1366666666666667,0.38185185185185183,0.0,0.4637037037037037,0.0,0.0,2020-05-09T02:10:38Z,ls8,qd9g45ggdymh,0.4720965309200603,0.388763197586727,0.1391402714932127
0.21185185185185185,0.3811111111111111,0.0,0.3918518518518518,0.0,0.0,2020-05-17T01:44:38Z,ls7,qd9g45ggdymh,0.3978939450921399,0.386987589319293,0.21511846558856715
,,1.0,,,,2020-05-25T02:10:41Z,ls8,qd9g45ggdymh,,,
0.8574999999999999,0.0425,0.8518518518518519,0.085,0.0,0.0,2020-06-02T01:43:40Z,ls7,qd9g45ggdymh,0.08629441624365485,0.04314720812182742,0.8705583756345178
,,1.0,,,,2020-06-09T01:49:27Z,ls7,qd9g45ggdymh,,,
,,1.0,,,,2020-06-10T02:10:50Z,ls8,qd9g45ggdymh,,,
0.3729629629629629,0.2437037037037037,0.0,0.37592592592592594,0.0,0.0,2020-06-18T01:42:44Z,ls7,qd9g45ggdymh,0.37873134328358216,0.24552238805970153,0.3757462686567164
,,1.0,,,,2020-06-25T01:48:30Z,ls7,qd9g45ggdymh,,,
0.11333333333333331,0.3696296296296296,0.0,0.4996296296296296,0.0,0.0,2020-06-26T02:10:59Z,ls8,qd9g45ggdymh,0.5084809649453449,0.37617791179796456,0.11534112325669053
0.12629629629629632,0.3711111111111111,0.0,0.41555555555555557,0.0,0.07407407407407407,2020-07-04T01:41:47Z,ls7,qd9g45ggdymh,0.421455938697318,0.37638043723236425,0.12808954999624375
,,1.0,,,,2020-07-11T01:47:32Z,ls7,qd9g45ggdymh,,,
0.11962962962962963,0.4196296296296296,0.0,0.442962962962963,0.0,0.0,2020-07-12T02:11:05Z,ls8,qd9g45ggdymh,0.4509803921568628,0.4272247360482654,0.12179487179487179
0.07100000000000001,0.3815,0.2592592592592593,0.485,0.0,0.05,2020-07-20T01:40:49Z,ls7,qd9g45ggdymh,0.4914666666666666,0.38658666666666663,0.07194666666666667
,,1.0,,,,2020-07-27T01:46:33Z,ls7,qd9g45ggdymh,,,
0.0,0.0,0.0,0.0,0.037037037037037035,0.9629629629629629,2020-07-28T02:11:10Z,ls8,qd9g45ggdymh,0.0,0.0,0.0
0.11952380952380952,0.25476190476190474,0.2222222222222222,0.3295238095238095,0.0,0.2857142857142857,2020-08-05T01:39:49Z,ls7,qd9g45ggdymh,0.3344287647399961,0.25855403054320514,0.12130291900251305
,,1.0,,,,2020-08-13T02:11:14Z,ls8,qd9g45ggdymh,,,
,,1.0,,,,2020-08-21T01:38:48Z,ls7,qd9g45ggdymh,,,
,,1.0,,,,2020-08-28T01:44:31Z,ls7,qd9g45ggdymh,,,
,,1.0,,,,2020-08-29T02:11:22Z,ls8,qd9g45ggdymh,,,
0.19666666666666666,0.33666666666666667,0.7777777777777778,0.4533333333333333,0.0,0.0,2020-09-22T01:36:41Z,ls7,qd9g45ggdymh,0.45945945945945943,0.34121621621621623,0.19932432432432431
,,1.0,,,,2020-09-30T02:11:33Z,ls8,qd9g45ggdymh,,,
0.15814814814814812,0.4114814814814815,0.0,0.4166666666666665,0.0,0.0,2020-10-08T01:35:40Z,ls7,qd9g45ggdymh,0.422455876830642,0.4171986481411942,0.1603454750281637
,,1.0,,,,2020-10-16T02:11:34Z,ls8,qd9g45ggdymh,,,
0.1604761904761905,0.4152380952380953,0.2222222222222222,0.41000000000000003,0.0,0.0,2020-10-24T01:34:38Z,ls7,qd9g45ggdymh,0.41594202898550725,0.421256038647343,0.16280193236714977
,,1.0,,,,2020-11-09T01:33:33Z,ls7,qd9g45ggdymh,,,
,,1.0,,,,2020-11-16T01:39:15Z,ls7,qd9g45ggdymh,,,
0.20571428571428574,0.37666666666666665,0.2222222222222222,0.401904761904762,0.0,0.0,2020-11-17T02:11:32Z,ls8,qd9g45ggdymh,0.4083212385099178,0.38268021286889203,0.20899854862119013
0.15857142857142856,0.4207142857142857,0.4814814814814815,0.40714285714285714,0.0,0.0,2020-11-25T01:32:26Z,ls7,qd9g45ggdymh,0.41274438812454745,0.4265025343953657,0.16075307748008688
,,1.0,,,,2020-12-02T01:38:06Z,ls7,qd9g45ggdymh,,,
0.1362962962962963,0.4274074074074073,0.0,0.4207407407407408,0.0,0.0,2020-12-03T02:11:35Z,ls8,qd9g45ggdymh,0.4273890142964636,0.43416102332580875,0.1384499623777276
0.11851851851851852,0.41851851851851857,0.0,0.45,0.0,0.0,2020-12-11T01:31:15Z,ls7,qd9g45ggdymh,0.45590994371482174,0.42401500938086306,0.12007504690431518
,,1.0,,,,2020-12-18T01:36:54Z,ls7,qd9g45ggdymh,,,
0.12000000000000001,0.43555555555555553,0.0,0.427037037037037,0.0,0.0,2020-12-19T02:11:35Z,ls8,qd9g45ggdymh,0.4346023369770071,0.44327176781002636,0.12212589521296646
0.14636363636363636,0.46181818181818185,0.5925925925925926,0.3772727272727273,0.0,0.0,2020-12-27T01:30:04Z,ls7,qd9g45ggdymh,0.38284132841328417,0.4686346863468635,0.14852398523985239
,,1.0,,,,2021-01-03T01:35:46Z,ls7,qd9g45ggdymh,,,
,,1.0,,,,2021-01-04T02:11:30Z,ls8,qd9g45ggdymh,,,
0.1277777777777778,0.4011111111111112,0.0,0.4577777777777778,0.0,0.0,2021-01-12T01:28:57Z,ls7,qd9g45ggdymh,0.4639639639639639,0.40653153153153154,0.12950450450450451
0.0964,0.4468,0.07407407407407407,0.44120000000000004,0.0,0.0,2021-01-20T02:11:23Z,ls8,qd9g45ggdymh,0.44819179195449005,0.4538805363673303,0.09792767167817959
0.12481481481481482,0.4325925925925926,0.0,0.42777777777777776,0.0,0.0,2021-01-28T01:27:48Z,ls7,qd9g45ggdymh,0.43421052631578944,0.43909774436090226,0.12669172932330827
,,1.0,,,,2021-02-04T01:33:28Z,ls7,qd9g45ggdymh,,,
0.12000000000000001,0.41740740740740745,0.0,0.41074074074074074,0.037037037037037035,0.0,2021-02-05T02:11:21Z,ls8,qd9g45ggdymh,0.4171585648148148,0.4239293981481482,0.121875
0.42333333333333334,0.2733333333333334,0.8888888888888888,0.3,0.0,0.0,2021-02-13T01:26:37Z,ls7,qd9g45ggdymh,0.3010033444816053,0.274247491638796,0.42474916387959866
,,1.0,,,,2021-02-20T01:32:16Z,ls7,qd9g45ggdymh,,,
0.11037037037037037,0.3951851851851852,0.0,0.4425925925925926,0.037037037037037035,0.0,2021-02-21T02:11:17Z,ls8,qd9g45ggdymh,0.4495081018518519,0.4013599537037038,0.11209490740740742
0.1685185185185185,0.3655555555555556,0.0,0.45259259259259255,0.0,0.0,2021-03-01T01:25:24Z,ls7,qd9g45ggdymh,0.4587087087087087,0.37049549549549554,0.1707957957957958
,,1.0,,,,2021-03-08T01:31:02Z,ls7,qd9g45ggdymh,,,
,,1.0,,,,2021-03-09T02:11:09Z,ls8,qd9g45ggdymh,,,
0.11851851851851852,0.38074074074074077,0.0,0.48518518518518516,0.0,0.0,2021-03-17T01:24:08Z,ls7,qd9g45ggdymh,0.4928517682468021,0.3867569601203913,0.12039127163280662
,,1.0,,,,2021-03-24T01:29:46Z,ls7,qd9g45ggdymh,,,
,,1.0,,,,2021-03-25T02:11:02Z,ls8,qd9g45ggdymh,,,
0.2225,0.312,0.2592592592592593,0.4525,0.0,0.0,2021-04-02T01:22:51Z,ls7,qd9g45ggdymh,0.4584599797365755,0.3161094224924012,0.2254305977710233
0.0,0.0,0.9259259259259259,0.0,0.5,0.5,2021-04-09T01:28:27Z,ls7,qd9g45ggdymh,0.0,0.0,0.0
,,1.0,,,,2021-04-10T02:10:58Z,ls8,qd9g45ggdymh,,,
0.10962962962962962,0.40074074074074073,0.0,0.477037037037037,0.0,0.0,2021-04-18T01:21:31Z,ls7,qd9g45ggdymh,0.4831207801950487,0.40585146286571644,0.11102775693923479
0.0675,0.34750000000000003,0.7037037037037037,0.44625,0.125,0.0,2021-04-25T01:27:06Z,ls7,qd9g45ggdymh,0.4533744557329463,0.35304789550072574,0.06857764876632802
0.11185185185185186,0.385925925925926,0.0,0.4855555555555555,0.0,0.0,2021-04-26T02:10:50Z,ls8,qd9g45ggdymh,0.4937853107344632,0.392467043314501,0.11374764595103577
0.10148148148148149,0.3592592592592593,0.0,0.5225925925925926,0.0,0.0,2021-05-12T02:10:47Z,ls8,qd9g45ggdymh,0.5314500941619585,0.3653483992467043,0.1032015065913371
0.125,0.37,0.6296296296296297,0.489,0.0,0.0,2021-05-20T01:18:49Z,ls7,qd9g45ggdymh,0.4969512195121951,0.37601626016260165,0.12703252032520326
0.08058823529411765,0.3388235294117647,0.37037037037037035,0.45294117647058824,0.0,0.11764705882352941,2021-06-05T01:17:27Z,ls7,qd9g45ggdymh,0.45813335448812026,0.342707548292412,0.08151203839593829
0.005,0.395,0.9259259259259259,0.5800000000000001,0.0,0.0,2021-06-12T01:23:04Z,ls7,qd9g45ggdymh,0.5918367346938775,0.4030612244897959,0.00510204081632653
,,1.0,,,,2021-06-13T02:11:04Z,ls8,qd9g45ggdymh,,,
,,1.0,,,,2021-06-21T01:16:09Z,ls7,qd9g45ggdymh,,,
,,1.0,,,,2021-06-29T02:11:08Z,ls8,qd9g45ggdymh,,,
,,1.0,,,,2021-07-07T01:14:49Z,ls7,qd9g45ggdymh,,,
0.0,0.0,0.0,0.0,0.7037037037037037,0.2962962962962963,2021-07-15T02:11:09Z,ls8,qd9g45ggdymh,0.0,0.0,0.0
,,1.0,,,,2021-07-23T01:13:27Z,ls7,qd9g45ggdymh,,,
0.11571428571428573,0.08714285714285715,0.7407407407407407,0.08,0.0,0.7142857142857143,2021-07-31T02:11:17Z,ls8,qd9g45ggdymh,0.0808080808080808,0.08802308802308802,0.11688311688311688
0.13592592592592592,0.3696296296296296,0.0,0.4796296296296295,0.0,0.0,2021-08-15T01:17:35Z,ls7,qd9g45ggdymh,0.48684210526315785,0.375187969924812,0.1379699248120301
0.1788888888888889,0.31111111111111106,0.0,0.4574074074074074,0.0,0.037037037037037035,2021-08-16T02:11:23Z,ls8,qd9g45ggdymh,0.4649176150348942,0.316219268525758,0.18182607940231088
0.11074074074074075,0.3225925925925926,0.0,0.442962962962963,0.0,0.1111111111111111,2021-08-24T01:10:38Z,ls7,qd9g45ggdymh,0.4493284493284493,0.3272283272283272,0.11233211233211232
0.17,0.335,0.7777777777777778,0.47833333333333333,0.0,0.0,2021-09-16T01:14:48Z,ls7,qd9g45ggdymh,0.4864406779661017,0.34067796610169493,0.17288135593220338
,,1.0,,,,2021-09-17T02:11:32Z,ls8,qd9g45ggdymh,,,
0.13074074074074074,0.314074074074074,0.0,0.39555555555555555,0.0,0.14814814814814814,2021-09-25T01:07:49Z,ls7,qd9g45ggdymh,0.4009597962881348,0.3183650816969459,0.13252697386677115
0.15296296296296297,0.34555555555555556,0.0,0.41222222222222227,0.0,0.07407407407407407,2021-10-03T02:11:36Z,ls8,qd9g45ggdymh,0.4190953865618363,0.3513171569291943,0.15551338243489524
0.154,0.516,0.8148148148148149,0.32,0.0,0.0,2021-11-03T01:10:29Z,ls7,qd9g45ggdymh,0.3232323232323232,0.5212121212121211,0.15555555555555553
0.14851851851851855,0.39962962962962967,0.0,0.4374074074074074,0.0,0.0,2021-11-04T02:11:39Z,ls8,qd9g45ggdymh,0.44381811349116873,0.40548665915069526,0.15069522735813606
0.13925925925925928,0.38703703703703707,0.0,0.46111111111111114,0.0,0.0,2021-11-12T01:03:26Z,ls7,qd9g45ggdymh,0.4669917479369842,0.3919729932483121,0.1410352588147037
0.1511111111111111,0.38111111111111107,0.0,0.45333333333333337,0.0,0.0,2021-11-18T02:13:25Z,ls9,qd9g45ggdymh,0.45997745208568214,0.3866967305524239,0.15332581736189405
0.1374074074074074,0.3833333333333333,0.0,0.46518518518518515,0.0,0.0,2021-11-19T01:08:56Z,ls7,qd9g45ggdymh,0.4718256949661908,0.3888054094665665,0.13936889556724266
0.1288888888888889,0.39259259259259266,0.0,0.4633333333333333,0.0,0.0,2021-11-20T02:11:34Z,ls8,qd9g45ggdymh,0.47047762316660396,0.39864610755923285,0.1308762692741632
0.11099999999999999,0.378,0.2592592592592593,0.4965,0.0,0.0,2021-11-28T01:01:54Z,ls7,qd9g45ggdymh,0.5038051750380518,0.3835616438356164,0.11263318112633179
,,1.0,,,,2021-12-05T01:07:25Z,ls7,qd9g45ggdymh,,,
0.14703703703703702,0.37407407407407406,0.0,0.46259259259259256,0.0,0.0,2021-12-06T02:11:36Z,ls8,qd9g45ggdymh,0.4702560240963855,0.38027108433734935,0.14947289156626503
0.14777777777777779,0.3814814814814814,0.0,0.45518518518518514,0.0,0.0,2021-12-14T02:11:32Z,ls9,qd9g45ggdymh,0.46237772761474794,0.38750940556809627,0.15011286681715577
0.1137037037037037,0.4114814814814815,0.0,0.45777777777777784,0.0,0.0,2021-12-22T02:11:33Z,ls8,qd9g45ggdymh,0.4657121326299925,0.41861341371514693,0.11567445365486057
0.14592592592592593,0.27925925925925926,0.0,0.41555555555555557,0.0,0.14814814814814814,2021-12-30T00:58:48Z,ls7,qd9g45ggdymh,0.421047479197259,0.2829499102626856,0.14785446239190736
,,1.0,,,,2022-01-06T01:04:17Z,ls7,qd9g45ggdymh,,,
0.13703703703703704,0.3888888888888889,0.0,0.45814814814814825,0.0,0.0,2022-01-07T02:11:29Z,ls8,qd9g45ggdymh,0.46556266465939034,0.3951825366955212,0.13925479864508844
0.13814814814814816,0.36740740740740735,0.0,0.48074074074074075,0.0,0.0,2022-01-15T00:57:16Z,ls7,qd9g45ggdymh,0.4874202027788209,0.37251220428088616,0.14006759294029292
,,1.0,,,,2022-01-22T01:02:46Z,ls7,qd9g45ggdymh,,,
0.11347826086956524,0.3839130434782609,0.14814814814814814,0.4873913043478261,0.0,0.0,2022-01-23T02:11:25Z,ls8,qd9g45ggdymh,0.4949227373068433,0.3898454746136865,0.11523178807947021
0.05259259259259259,0.16296296296296295,0.0,0.18518518518518523,0.0,0.5925925925925926,2022-01-31T00:55:42Z,ls7,qd9g45ggdymh,0.18826589991100162,0.16567399192168136,0.05346751557472444
,,1.0,,,,2022-02-07T01:01:11Z,ls7,qd9g45ggdymh,,,
0.10481481481481482,0.4059259259259259,0.0,0.47259259259259256,0.0,0.0,2022-02-08T02:11:21Z,ls8,qd9g45ggdymh,0.4806026365348399,0.4128060263653484,0.10659133709981168
0.07814814814814816,0.20592592592592596,0.0,0.2625925925925926,0.0,0.4444444444444444,2022-02-16T00:54:03Z,ls7,qd9g45ggdymh,0.26686239084613067,0.20927431496537188,0.079418849744053
,,1.0,,,,2022-02-23T00:59:35Z,ls7,qd9g45ggdymh,,,
0.11296296296296297,0.39481481481481473,0.0,0.4766666666666668,0.0,0.0,2022-02-24T02:11:16Z,ls8,qd9g45ggdymh,0.48419864559819425,0.401053423626787,0.11474793077501882
0.14962962962962964,0.3051851851851851,0.0,0.377037037037037,0.0,0.4074074074074074,2022-03-04T00:52:32Z,ls7,qd9g45ggdymh,0.268592724514363,0.2174070776029814,0.10659279047524821
0.09000000000000001,0.41,0.5555555555555556,0.48249999999999993,0.0,0.0,2022-03-12T02:11:12Z,ls8,qd9g45ggdymh,0.4910941475826972,0.41730279898218836,0.09160305343511453
0.052222222222222225,0.1062962962962963,0.0,0.1337037037037037,0.0,0.7037037037037037,2022-03-20T00:50:56Z,ls7,qd9g45ggdymh,0.135567760409332,0.1077782471952307,0.05295028869173355
,,1.0,,,,2022-03-27T00:56:28Z,ls7,qd9g45ggdymh,,,
0.07703703703703704,0.27555555555555555,0.0,0.4125925925925927,0.037037037037037035,0.18518518518518517,2022-03-28T02:11:00Z,ls8,qd9g45ggdymh,0.41938259653651727,0.2800903517263634,0.0783048295148973
0.23037037037037034,0.39481481481481473,0.0,0.48814814814814816,0.0,0.37037037037037035,2022-04-05T00:49:24Z,ls7,qd9g45ggdymh,0.2760651536433307,0.22328183139893049,0.13028264458736846
0.1314814814814815,0.36111111111111116,0.0,0.49074074074074076,0.0,0.0,2022-04-13T02:11:04Z,ls8,qd9g45ggdymh,0.4990583804143126,0.3672316384180791,0.1337099811676083
0.13148148148148148,0.3399999999999999,0.0,0.5114814814814815,0.0,0.0,2022-04-29T02:11:00Z,ls8,qd9g45ggdymh,0.5203466465712133,0.3458929917106254,0.13376036171816125
0.2948148148148148,0.10740740740740742,0.0,0.25666666666666665,0.0,0.3333333333333333,2022-05-15T02:11:10Z,ls8,qd9g45ggdymh,0.25969645868465435,0.10867528574105306,0.2982949222409594
0.08777777777777779,0.26407407407407407,0.0,0.45037037037037037,0.0,0.18518518518518517,2022-05-31T02:11:13Z,ls8,qd9g45ggdymh,0.45743989603638735,0.26821928114633564,0.08915563763209196
0.07999999999999999,0.2562962962962963,0.0,0.4262962962962963,0.0,0.2222222222222222,2022-06-16T02:11:25Z,ls8,qd9g45ggdymh,0.43478495494037017,0.26139981652366306,0.08159300631374453
0.12592592592592594,0.3437037037037037,0.0,0.475925925925926,0.0,0.037037037037037035,2022-07-02T02:11:29Z,ls8,qd9g45ggdymh,0.4846875861368615,0.35003119061090066,0.1282441862152007
0.2677777777777778,0.16259259259259262,0.0,0.3751851851851851,0.0,0.18518518518518517,2022-07-18T02:11:29Z,ls8,qd9g45ggdymh,0.37949765857811835,0.16446147296722016,0.27085568326947645
,,1.0,,,,2022-08-03T02:11:41Z,ls8,qd9g45ggdymh,,,
0.4738461538461538,0.17153846153846153,0.5185185185185186,0.34153846153846157,0.0,0.0,2022-08-19T02:11:46Z,ls8,qd9g45ggdymh,0.34606391270459863,0.17381137957911144,0.4801247077162899
,,1.0,,,,2022-10-06T02:11:50Z,ls8,qd9g45ggdymh,,,
,,1.0,,,,2022-10-22T02:11:50Z,ls8,qd9g45ggdymh,,,
,,1.0,,,,2022-11-07T02:11:52Z,ls8,qd9g45ggdymh,,,
0.1611111111111111,0.34925925925925916,0.0,0.47333333333333333,0.0,0.0,2022-11-23T02:11:47Z,ls8,qd9g45ggdymh,0.48117469879518077,0.3550451807228915,0.1637801204819277
0.14074074074074072,0.35148148148148145,0.0,0.49259259259259247,0.0,0.0,2022-12-09T02:11:47Z,ls8,qd9g45ggdymh,0.5001880406167731,0.3569010906355773,0.1429108687476495
0.13703703703703704,0.3592592592592593,0.0,0.4866666666666667,0.0,0.0,2022-12-25T02:11:38Z,ls8,qd9g45ggdymh,0.49510173323285606,0.3654860587792012,0.1394122079879427
,,1.0,,,,2023-01-10T02:11:37Z,ls8,qd9g45ggdymh,,,
0.11296296296296297,0.3559259259259259,0.0,0.47888888888888886,0.037037037037037035,0.0,2023-01-26T02:11:36Z,ls8,qd9g45ggdymh,0.48656159089922285,0.36162852966291814,0.1147728424008221
0.11481481481481481,0.35666666666666663,0.0,0.4762962962962963,0.037037037037037035,0.0,2023-02-11T02:11:33Z,ls8,qd9g45ggdymh,0.48392746009002363,0.3623811384655465,0.11665436440739295
,,1.0,,,,2023-02-27T02:11:18Z,ls8,qd9g45ggdymh,,,
0.10481481481481482,0.37629629629629635,0.0,0.502962962962963,0.0,0.0,2023-03-15T02:11:12Z,ls8,qd9g45ggdymh,0.5111027474595408,0.3823861497929997,0.10651110274745955
0.04,0.48,0.9259259259259259,0.46499999999999997,0.0,0.0,2023-03-31T02:11:02Z,ls8,qd9g45ggdymh,0.47208121827411165,0.4873096446700507,0.04060913705583757
0.03888888888888889,0.07444444444444444,0.0,0.03333333333333333,0.037037037037037035,0.8148148148148148,2023-04-16T02:10:47Z,ls8,qd9g45ggdymh,0.03367003367003369,0.07519640852974191,0.03928170594837264
0.11222222222222224,0.3285185185185185,0.0,0.5048148148148148,0.037037037037037035,0.0,2023-05-02T02:10:42Z,ls8,qd9g45ggdymh,0.5141083112097605,0.3345664505084795,0.11428820124472301
0.13629629629629628,0.3266666666666666,0.0,0.5203703703703704,0.0,0.0,2023-05-18T02:10:30Z,ls8,qd9g45ggdymh,0.5291902071563089,0.33220338983050846,0.13860640301318267
0.12666666666666668,0.3181481481481481,0.0,0.5007407407407408,0.037037037037037035,0.0,2023-06-03T02:10:34Z,ls8,qd9g45ggdymh,0.5099592345969158,0.32400516458487466,0.12899856378117247
,,1.0,,,,2023-06-19T02:10:42Z,ls8,qd9g45ggdymh,,,
0.0,0.0,0.5185185185185186,0.0,1.0,0.0,2023-07-05T02:10:53Z,ls8,qd9g45ggdymh,0.0,0.0,0.0
,,1.0,,,,2023-07-21T02:10:56Z,ls8,qd9g45ggdymh,,,
0.11888888888888889,0.31444444444444436,0.0,0.4403703703703704,0.037037037037037035,0.07407407407407407,2023-08-06T02:11:06Z,ls8,qd9g45ggdymh,0.448024115679902,0.3199095662003673,0.12095520700861949
0.17407407407407405,0.3351851851851852,0.0,0.47444444444444445,0.0,0.0,2023-08-22T02:11:13Z,ls8,qd9g45ggdymh,0.4823042168674699,0.34073795180722893,0.17695783132530116
0.11851851851851852,0.3159259259259259,0.0,0.40222222222222226,0.0,0.14814814814814814,2023-09-07T02:11:12Z,ls8,qd9g45ggdymh,0.4095224042103192,0.3216598626071844,0.1206695850343482
,,1.0,,,,2023-09-23T02:11:18Z,ls8,qd9g45ggdymh,,,
0.10851851851851854,0.4133333333333333,0.0,0.4625925925925926,0.0,0.0,2023-10-09T02:11:23Z,ls8,qd9g45ggdymh,0.46990218209179835,0.419864559819413,0.11023325808878859
0.13074074074074074,0.39148148148148143,0.0,0.46,0.0,0.0,2023-10-25T02:11:26Z,ls8,qd9g45ggdymh,0.4683257918552036,0.3985671191553544,0.13310708898944193
,,1.0,,,,2023-11-10T02:11:22Z,ls8,qd9g45ggdymh,,,
,,1.0,,,,2023-11-26T02:11:29Z,ls8,qd9g45ggdymh,,,
0.11185185185185186,0.4118518518518518,0.0,0.4600000000000001,0.0,0.0,2023-12-12T02:11:24Z,ls8,qd9g45ggdymh,0.4676204819277109,0.41867469879518066,0.11370481927710843
0.10703703703703704,0.4288888888888889,0.0,0.44888888888888895,0.0,0.0,2023-12-28T02:11:25Z,ls8,qd9g45ggdymh,0.45581045505829265,0.4355020684467845,0.10868747649492291
0.13615384615384615,0.3996153846153846,0.03703703703703709,0.4484615384615384,0.0,0.0,2024-01-05T02:11:28Z,ls9,qd9g45ggdymh,0.4556467370066432,0.4060179757717859,0.13833528722157093
0.1288888888888889,0.41370370370370363,0.0,0.4407407407407407,0.0,0.0,2024-01-13T02:11:22Z,ls8,qd9g45ggdymh,0.44821092278719404,0.4207156308851224,0.13107344632768364
0.10074074074074073,0.44074074074074077,0.0,0.44481481481481483,0.0,0.0,2024-01-21T02:11:29Z,ls9,qd9g45ggdymh,0.4509951182876455,0.44686443860307923,0.10214044310927524
0.09444444444444443,0.4403703703703704,0.0,0.4496296296296296,0.0,0.0,2024-01-29T02:11:16Z,ls8,qd9g45ggdymh,0.4567343867569601,0.44732881866064717,0.09593679458239276
0.1214814814814815,0.4107407407407408,0.0,0.45259259259259255,0.0,0.0,2024-02-06T02:11:33Z,ls9,qd9g45ggdymh,0.45957126739375703,0.4170740880030087,0.12335464460323431
0.08777777777777779,0.45074074074074083,0.0,0.44777777777777783,0.0,0.0,2024-02-14T02:11:19Z,ls8,qd9g45ggdymh,0.45399924896733007,0.45700337964701465,0.08899737138565528
0.11518518518518518,0.4392592592592593,0.0,0.43,0.0,0.0,2024-02-22T02:11:20Z,ls9,qd9g45ggdymh,0.4367945823927765,0.44620015048908956,0.11700526711813393
0.09481481481481481,0.4481481481481481,0.0,0.4418518518518519,0.0,0.0,2024-03-01T02:11:13Z,ls8,qd9g45ggdymh,0.4486649116209102,0.4550582925911997,0.0962767957878902
0.11481481481481481,0.435925925925926,0.0,0.43296296296296294,0.0,0.0,2024-03-09T02:11:25Z,ls9,qd9g45ggdymh,0.4401355421686747,0.44314759036144585,0.11671686746987951
,,1.0,,,,2024-03-17T02:11:03Z,ls8,qd9g45ggdymh,,,
0.0862962962962963,0.4307407407407407,0.0,0.43333333333333335,0.037037037037037035,0.0,2024-03-25T02:11:20Z,ls9,qd9g45ggdymh,0.4390750844375163,0.4364481394878901,0.08743973903755667
0.10629629629629628,0.4325925925925926,0.0,0.4448148148148149,0.0,0.0,2024-04-02T02:10:51Z,ls8,qd9g45ggdymh,0.4521837349397591,0.4397590361445783,0.10805722891566262
0.10333333333333333,0.4388888888888889,0.0,0.4403703703703704,0.0,0.0,2024-04-10T02:11:12Z,ls9,qd9g45ggdymh,0.448171880889559,0.4466641537881643,0.10516396532227666
0.08481481481481482,0.4181481481481481,0.0,0.44407407407407407,0.037037037037037035,0.0,2024-04-18T02:10:43Z,ls8,qd9g45ggdymh,0.4515418821245963,0.42517997074117525,0.08624111009719145
0.15296296296296297,0.40111111111111114,0.0,0.4314814814814815,0.0,0.0,2024-05-04T02:10:34Z,ls8,qd9g45ggdymh,0.4378053363397219,0.4069898534385569,0.15520481022172114
,,1.0,,,,2024-05-20T02:10:21Z,ls8,qd9g45ggdymh,,,
0.07407407407407407,0.15814814814814818,0.0,0.3148148148148148,0.0,0.4444444444444444,2024-05-28T02:10:36Z,ls9,qd9g45ggdymh,0.31971714436169413,0.1606108478146393,0.07522756337922215
0.13259259259259257,0.3907407407407407,0.0,0.46,0.0,0.0,2024-06-05T02:10:19Z,ls8,qd9g45ggdymh,0.46779661016949153,0.3973634651600753,0.1348399246704331
0.12037037037037036,0.3577777777777777,0.0,0.46925925925925926,0.0,0.037037037037037035,2024-06-13T02:10:30Z,ls9,qd9g45ggdymh,0.476964063359685,0.36365215880462165,0.12234674079865637
0.25833333333333336,0.3188888888888889,0.33333333333333337,0.4072222222222222,0.0,0.0,2024-06-21T02:10:28Z,ls8,qd9g45ggdymh,0.4136568848758465,0.3239277652370203,0.2624153498871332
,,1.0,,,,2024-06-29T02:10:21Z,ls9,qd9g45ggdymh,,,
0.1237037037037037,0.39370370370370367,0.0,0.46666666666666673,0.0,0.0,2024-07-15T02:10:41Z,ls9,qd9g45ggdymh,0.47421904403462556,0.4000752728641324,0.125705683101242
0.1551851851851852,0.3525925925925926,0.0,0.4381481481481482,0.037037037037037035,0.0,2024-07-31T02:10:43Z,ls9,qd9g45ggdymh,0.4460396183183968,0.3589431248006033,0.15798021984396302
,,1.0,,,,2024-08-08T02:10:46Z,ls8,qd9g45ggdymh,,,
0.6386363636363637,0.046363636363636364,0.18518518518518523,0.3077272727272727,0.0,0.0,2024-08-16T02:10:50Z,ls9,qd9g45ggdymh,0.30998168498168494,0.046703296703296704,0.6433150183150184
0.17888888888888885,0.36407407407407405,0.0,0.4418518518518519,0.0,0.0,2024-08-24T02:11:00Z,ls8,qd9g45ggdymh,0.44866491162091016,0.36968785257615644,0.1816472358029334
,,1.0,,,,2024-09-01T02:11:00Z,ls9,qd9g45ggdymh,,,
,,1.0,,,,2024-09-09T02:11:08Z,ls8,qd9g45ggdymh,,,
0.13037037037037036,0.41629629629629633,0.0,0.4374074074074074,0.0,0.0,2024-09-17T02:11:04Z,ls9,qd9g45ggdymh,0.4444862627022958,0.42303349642453897,0.1324802408731652
0.14592592592592593,0.39148148148148143,0.0,0.44740740740740736,0.0,0.0,2024-09-25T02:11:07Z,ls8,qd9g45ggdymh,0.4543061301241068,0.39751786385859345,0.14817600601729977
0.14148148148148149,0.39851851851851844,0.0,0.4437037037037037,0.0,0.0,2024-10-11T02:11:13Z,ls8,qd9g45ggdymh,0.4510542168674699,0.4051204819277107,0.14382530120481926
,,1.0,,,,2024-10-19T02:11:21Z,ls9,qd9g45ggdymh,,,
0.11703703703703704,0.4159259259259259,0.0,0.41814814814814816,0.0,0.037037037037037035,2024-10-27T02:11:16Z,ls8,qd9g45ggdymh,0.42335871697242417,0.4211088035075574,0.11849544248298143
,,1.0,,,,2024-11-04T02:11:20Z,ls9,qd9g45ggdymh,,,
0.13592592592592592,0.39777777777777773,0.0,0.44925925925925925,0.0,0.0,2024-11-12T02:11:14Z,ls8,qd9g45ggdymh,0.4570459683496609,0.40467219291635265,0.13828183873398645
0.1314814814814815,0.40444444444444444,0.0,0.4485185185185184,0.0,0.0,2024-11-20T02:11:26Z,ls9,qd9g45ggdymh,0.45560571858540244,0.4108352144469526,0.13355906696764486
0.12481481481481482,0.39888888888888885,0.0,0.45888888888888885,0.0,0.0,2024-11-28T02:11:26Z,ls8,qd9g45ggdymh,0.46701846965699206,0.40595552205050883,0.12702600829249908
0.15555555555555556,0.3722222222222222,0.0,0.4562962962962963,0.0,0.0,2024-12-06T02:11:24Z,ls9,qd9g45ggdymh,0.4636808430560783,0.3782461422657132,0.15807301467820853
0.1474074074074074,0.38000000000000006,0.0,0.45444444444444443,0.0,0.0,2024-12-14T02:11:14Z,ls8,qd9g45ggdymh,0.46284420973217644,0.3870237646171256,0.15013202565069783
0.12407407407407407,0.37962962962962965,0.0,0.4818518518518519,0.0,0.0,2024-12-22T02:11:25Z,ls9,qd9g45ggdymh,0.48891394212701994,0.3851935362645622,0.12589252160841788
0.15296296296296297,0.36629629629629623,0.0,0.46444444444444444,0.0,0.0,2024-12-30T02:11:17Z,ls8,qd9g45ggdymh,0.4721385542168675,0.37236445783132527,0.15549698795180725
0.12333333333333334,0.39111111111111113,0.0,0.46814814814814826,0.0,0.0,2025-01-07T02:11:21Z,ls9,qd9g45ggdymh,0.4764417640407087,0.39803995476818693,0.1255182811911044
0.12185185185185185,0.3874074074074074,0.0,0.47333333333333333,0.0,0.0,2025-01-15T02:11:20Z,ls8,qd9g45ggdymh,0.4817188088955898,0.39427063701470033,0.12401055408970975
0.12222222222222223,0.3907407407407408,0.0,0.47,0.0,0.0,2025-01-31T02:11:18Z,ls8,qd9g45ggdymh,0.47814619442351164,0.3975131876412962,0.12434061793519216
0.10333333333333335,0.39888888888888896,0.0,0.4796296296296297,0.0,0.0,2025-02-08T02:11:22Z,ls9,qd9g45ggdymh,0.48849490758204445,0.40626178800452656,0.10524330441342888
0.08629629629629629,0.38518518518518513,0.0,0.4751851851851851,0.037037037037037035,0.0,2025-02-16T02:11:14Z,ls8,qd9g45ggdymh,0.483365211847215,0.3918159160725671,0.08778183504318089
0.10592592592592592,0.40259259259259267,0.0,0.4740740740740741,0.0,0.0,2025-02-24T02:11:22Z,ls9,qd9g45ggdymh,0.4824726724462872,0.4097248398039955,0.10780248774971729
0.155,0.45038461538461544,0.03703703703703709,0.3861538461538462,0.0,0.0,2025-03-04T02:11:06Z,ls8,qd9g45ggdymh,0.3894491854150504,0.45422808378588053,0.15632273079906903
,,1.0,,,,2025-03-12T02:11:17Z,ls9,qd9g45ggdymh,,,
0.11222222222222221,0.36925925925925923,0.0,0.502962962962963,0.0,0.0,2025-03-20T02:10:55Z,ls8,qd9g45ggdymh,0.510910458991723,0.3750940556809631,0.11399548532731375
0.08592592592592592,0.38037037037037036,0.0,0.4811111111111111,0.037037037037037035,0.0,2025-03-28T02:11:06Z,ls9,qd9g45ggdymh,0.4890105116844757,0.3866157009237541,0.08733675035473314
,,1.0,,,,2025-04-13T02:11:07Z,ls9,qd9g45ggdymh,,,
0.1725925925925926,0.30925925925925923,0.0,0.5025925925925926,0.0,0.0,2025-04-21T02:10:41Z,ls8,qd9g45ggdymh,0.5105342362678705,0.31414597441685477,0.17531978931527464
0.11000000000000003,0.3533333333333333,0.0,0.5185185185185185,0.0,0.0,2025-04-29T02:10:58Z,ls9,qd9g45ggdymh,0.5281026027913995,0.35986420218785364,0.11203319502074693
0.08962962962962963,0.3774074074074073,0.0,0.5159259259259259,0.0,0.0,2025-05-07T02:10:37Z,ls8,qd9g45ggdymh,0.5248681235870385,0.3839487565938206,0.09118311981914093
0.10999999999999999,0.35370370370370374,0.0,0.5177777777777778,0.0,0.0,2025-05-15T02:10:47Z,ls9,qd9g45ggdymh,0.5275471698113208,0.36037735849056607,0.11207547169811319
0.10074074074074073,0.2440740740740741,0.0,0.4188888888888889,0.0,0.2222222222222222,2025-05-23T02:10:42Z,ls8,qd9g45ggdymh,0.42660847074038155,0.2485720444013364,0.10259726263605992
0.21814814814814815,0.28925925925925927,0.0,0.4770370370370371,0.0,0.0,2025-05-31T02:10:41Z,ls9,qd9g45ggdymh,0.4845748683220467,0.2938299473288187,0.2215951843491347
0.11370370370370371,0.3622222222222222,0.0,0.5055555555555555,0.0,0.0,2025-06-08T02:10:46Z,ls8,qd9g45ggdymh,0.5150943396226415,0.3690566037735849,0.11584905660377359
,,1.0,,,,2025-06-16T02:10:50Z,ls9,qd9g45ggdymh,,,
,,1.0,,,,2025-06-24T02:10:58Z,ls8,qd9g45ggdymh,,,
,,1.0,,,,2025-07-02T02:10:57Z,ls9,qd9g45ggdymh,,,
0.09592592592592596,0.2103703703703704,0.0,0.38407407407407396,0.037037037037037035,0.25925925925925924,2025-07-10T02:11:00Z,ls8,qd9g45ggdymh,0.391491813702114,0.21443331743760932,0.09777857256398033
0.09333333333333334,0.10555555555555556,0.6666666666666667,0.1311111111111111,0.0,0.6666666666666666,2025-07-18T02:11:03Z,ls9,qd9g45ggdymh,0.13243546576879914,0.10662177328843998,0.0942760942760943
0.16666666666666666,0.3351851851851852,0.0,0.48037037037037034,0.0,0.0,2025-07-26T02:11:07Z,ls8,qd9g45ggdymh,0.4890648567119155,0.34125188536953244,0.16968325791855202
0.19592592592592592,0.32777777777777783,0.0,0.46,0.0,0.0,2025-08-03T02:11:10Z,ls9,qd9g45ggdymh,0.4676204819277108,0.3332078313253012,0.1991716867469879
0.17185185185185187,0.33074074074074067,0.0,0.4803703703703704,0.0,0.0,2025-08-11T02:11:15Z,ls8,qd9g45ggdymh,0.4886963074604371,0.33647324792765626,0.17483044461190655
,,1.0,,,,2025-08-19T02:11:20Z,ls9,qd9g45ggdymh,,,
,,1.0,,,,2025-08-27T02:11:17Z,ls8,qd9g45ggdymh,,,
0.1448148148148148,0.3607407407407407,0.0,0.47962962962962963,0.0,0.0,2025-09-04T02:11:25Z,ls9,qd9g45ggdymh,0.4868421052631579,0.3661654135338345,0.1469924812030075
,,1.0,,,,2025-09-12T02:11:23Z,ls8,qd9g45ggdymh,,,
0.13481481481481483,0.3744444444444444,0.0,0.4748148148148147,0.0,0.0,2025-09-20T02:11:28Z,ls9,qd9g45ggdymh,0.48249905908919827,0.3805043281896876,0.13699661272111407
,,1.0,,,,2025-09-28T02:11:28Z,ls8,qd9g45ggdymh,,,
0.17074074074074075,0.36148148148148146,0.0,0.45,0.0,0.0,2025-10-06T02:11:32Z,ls9,qd9g45ggdymh,0.45814479638009054,0.36802413273001505,0.17383107088989444
0.14111111111111113,0.2562962962962963,0.0,0.3681481481481481,0.0,0.2222222222222222,2025-10-14T02:11:31Z,ls8,qd9g45ggdymh,0.3740256947804117,0.26038810944471324,0.14336397355265282
,,1.0,,,,2025-10-30T02:11:31Z,ls8,qd9g45ggdymh,,,
0.14296296296296299,0.3885185185185185,0.0,0.45037037037037037,0.0,0.0,2025-11-07T02:11:36Z,ls9,qd9g45ggdymh,0.45869483213881557,0.3956997359486986,0.1456054319124859
0.14851851851851855,0.38666666666666666,0.0,0.44888888888888884,0.0,0.0,2025-11-15T02:11:31Z,ls8,qd9g45ggdymh,0.4561535566428302,0.39292435077154686,0.15092209258562292
0.16296296296296295,0.38037037037037036,0.0,0.44074074074074077,0.0,0.0,2025-11-23T02:11:34Z,ls9,qd9g45ggdymh,0.44787354158825743,0.386526157320286,0.16560030109145651
0.1285185185185185,0.3962962962962963,0.0,0.4588888888888889,0.0,0.0,2025-12-01T02:11:30Z,ls8,qd9g45ggdymh,0.46649096385542166,0.40286144578313254,0.13064759036144577
0.13555555555555557,0.38481481481481483,0.0,0.4637037037037037,0.0,0.0,2025-12-09T02:11:34Z,ls9,qd9g45ggdymh,0.47120812946932633,0.3910425291682349,0.13774934136243885
,,1.0,,,,2025-12-17T02:11:30Z,ls8,qd9g45ggdymh,,,
0.13703703703703704,0.3766666666666667,0.0,0.4685185185185186,0.0,0.0,2025-12-25T02:11:40Z,ls9,qd9g45ggdymh,0.4769984917043741,0.38348416289592757,0.13951734539969832
0.1265217391304348,0.36434782608695654,0.14814814814814814,0.49173913043478257,0.0,0.0,2026-01-02T02:11:26Z,ls8,qd9g45ggdymh,0.5004424778761062,0.3707964601769912,0.12876106194690268
0.13111111111111112,0.3881481481481482,0.0,0.4629629629629629,0.0,0.0,2026-01-10T02:11:32Z,ls9,qd9g45ggdymh,0.47134238310708887,0.3951734539969834,0.1334841628959276
0.1011111111111111,0.392962962962963,0.0,0.4888888888888889,0.0,0.0,2026-02-11T02:11:28Z,ls9,qd9g45ggdymh,0.4973624717407686,0.39977392614920876,0.10286360211002259
0.10407407407407408,0.4051851851851851,0.0,0.4733333333333334,0.0,0.0,2026-02-19T02:11:16Z,ls8,qd9g45ggdymh,0.48171880889558993,0.41236336223143605,0.105917828872974
0.10111111111111111,0.39444444444444443,0.0,0.4518518518518519,0.037037037037037035,0.0,2026-02-27T02:11:23Z,ls9,qd9g45ggdymh,0.4592708423826485,0.40092085830944313,0.10277126227087134
0.0862962962962963,0.4133333333333334,0.0,0.48592592592592604,0.0,0.0,2026-03-07T02:11:08Z,ls8,qd9g45ggdymh,0.49304772641863964,0.419391206313416,0.08756106726794437
0.10814814814814813,0.4066666666666667,0.0,0.4685185185185186,0.0,0.0,2026-03-15T02:11:13Z,ls9,qd9g45ggdymh,0.47645951035781553,0.4135593220338983,0.10998116760828623
