bare_soil,dry_vegetation,pc_missing,green_vegetation,water,wetness,date,ard_product,nwi_id,norm_pv,norm_npv,norm_bs
0.0028089887640449437,0.03426966292134831,0.0,0.007303370786516854,0.9101123595505618,0.0449438202247191,1986-08-16T01:32:51Z,ls5,qd9u3s6mjhqq,0.007395818517991751,0.03470345612288437,0.0028445455838429813
,,1.0,,,,1987-05-31T01:35:27Z,ls5,qd9u3s6mjhqq,,,
0.0,0.04168539325842697,0.0,0.002696629213483146,0.9325842696629213,0.02247191011235955,1987-09-04T01:37:49Z,ls5,qd9u3s6mjhqq,0.0027307637604892646,0.04221305646422989,0.0
0.019775280898876403,0.22415730337078654,0.0,0.06831460674157303,0.3707865168539326,0.3146067415730337,1987-10-22T01:38:48Z,ls5,qd9u3s6mjhqq,0.06883083802677382,0.22585118727535167,0.01992471627090821
0.0,0.8271875,0.6404494382022472,0.166875,0.0,0.0,1987-11-07T01:39:08Z,ls5,qd9u3s6mjhqq,0.16787173844702924,0.8321282615529708,0.0
,,1.0,,,,1987-11-23T01:39:27Z,ls5,qd9u3s6mjhqq,,,
0.01473684210526316,0.869736842105263,0.5730337078651686,0.10657894736842105,0.0,0.0,1987-12-09T01:39:40Z,ls5,qd9u3s6mjhqq,0.10754115772703135,0.8775889537971323,0.014869888475836436
0.0,0.0,0.0,0.0,0.5617977528089888,0.43820224719101125,1987-12-25T01:39:56Z,ls5,qd9u3s6mjhqq,0.0,0.0,0.0
,,1.0,,,,1988-01-10T01:40:12Z,ls5,qd9u3s6mjhqq,,,
0.07112359550561798,0.8601123595505616,0.0,0.05303370786516855,0.0,0.0,1988-01-26T01:40:30Z,ls5,qd9u3s6mjhqq,0.0538812785388128,0.8738584474885844,0.07226027397260275
0.054719101123595494,0.9057303370786518,0.0,0.02314606741573034,0.0,0.0,1988-02-11T01:40:48Z,ls5,qd9u3s6mjhqq,0.023532099611606124,0.9208361891706649,0.05563171121772902
0.05865168539325842,0.8941573033707867,0.0,0.0302247191011236,0.0,0.0,1988-02-27T01:41:00Z,ls5,qd9u3s6mjhqq,0.030746371013830154,0.909589667390559,0.059663961595610916
0.10168539325842697,0.8586516853932584,0.0,0.024831460674157303,0.0,0.0,1988-03-14T01:41:09Z,ls5,qd9u3s6mjhqq,0.02520529197080292,0.8715784671532847,0.10321624087591241
0.00853932584269663,0.9246067415730338,0.0,0.052134831460674165,0.0,0.0,1988-03-30T01:41:16Z,ls5,qd9u3s6mjhqq,0.05291367316683772,0.9384194320903181,0.008666894742844109
,,1.0,,,,1988-05-17T01:41:38Z,ls5,qd9u3s6mjhqq,,,
0.16913793103448274,0.115,0.348314606741573,0.06258620689655173,0.1206896551724138,0.5344827586206896,1988-06-02T01:41:44Z,ls5,qd9u3s6mjhqq,0.062243865635556166,0.11437095972153158,0.1682127608498088
0.0031460674157303375,0.015168539325842698,0.0,0.0038202247191011234,0.898876404494382,0.07865168539325842,1988-07-20T01:41:56Z,ls5,qd9u3s6mjhqq,0.003878400730051906,0.01539953231050022,0.003193977071807453
0.00011235955056179776,0.05876404494382022,0.0,0.007640449438202248,0.9213483146067416,0.011235955056179775,1988-08-05T01:41:58Z,ls5,qd9u3s6mjhqq,0.007743698754934708,0.059558153659277226,0.00011387792286668689
0.0,0.019213483146067415,0.0,0.0031460674157303375,0.9550561797752809,0.02247191011235955,1988-08-21T01:41:59Z,ls5,qd9u3s6mjhqq,0.0031618767997289824,0.019310033312630568,0.0
0.010674157303370785,0.011910112359550562,0.0,0.011123595505617978,0.8426966292134831,0.12359550561797752,1988-09-06T01:42:02Z,ls5,qd9u3s6mjhqq,0.011123595505617995,0.01191011235955058,0.010674157303370803
,,1.0,,,,1988-09-22T01:41:57Z,ls5,qd9u3s6mjhqq,,,
0.008045977011494253,0.028045977011494253,0.022471910112359605,0.00942528735632184,0.7701149425287356,0.1839080459770115,1988-10-08T01:41:52Z,ls5,qd9u3s6mjhqq,0.00952049227911298,0.028329269708580084,0.008127249506559861
0.003908045977011495,0.07632183908045978,0.022471910112359605,0.02264367816091954,0.6896551724137931,0.20689655172413793,1988-10-24T01:41:47Z,ls5,qd9u3s6mjhqq,0.022770179156231928,0.07674821806973604,0.003929878636100942
0.0,0.20606741573033713,0.0,0.039550561797752806,0.5168539325842697,0.23595505617977527,1988-11-09T01:41:50Z,ls5,qd9u3s6mjhqq,0.03980385908282531,0.2073871521531297,0.0
0.003243243243243243,0.875135135135135,0.5842696629213483,0.11054054054054054,0.0,0.0,1988-11-25T01:41:50Z,ls5,qd9u3s6mjhqq,0.11177917463787922,0.8849412407761684,0.0032795845859524466
0.0006741573033707865,0.9107865168539324,0.0,0.07382022471910113,0.0,0.0,1988-12-11T01:41:39Z,ls5,qd9u3s6mjhqq,0.07492302429011291,0.9243927471775573,0.0006842285323297982
0.0029213483146067415,0.9120224719101125,0.0,0.07,0.0,0.0,1989-01-12T01:41:26Z,ls5,qd9u3s6mjhqq,0.07107004334930413,0.9259639516313027,0.0029660050193931094
0.0012359550561797754,0.9504494382022473,0.0,0.03213483146067416,0.0,0.0,1989-01-28T01:41:13Z,ls5,qd9u3s6mjhqq,0.032663316582914576,0.9660804020100502,0.001256281407035176
0.004157303370786517,0.9534831460674157,0.0,0.02561797752808989,0.0,0.0,1989-02-13T01:41:14Z,ls5,qd9u3s6mjhqq,0.026054165238258487,0.9697177465432522,0.004228088218489316
0.03359550561797753,0.8967415730337077,0.0,0.05337078651685393,0.0,0.0,1989-03-17T01:40:22Z,ls5,qd9u3s6mjhqq,0.05425471159337522,0.9115933752141634,0.034151913192461456
0.059861111111111115,0.8891666666666667,0.1910112359550562,0.034861111111111114,0.0,0.0,1989-03-24T01:46:19Z,ls5,qd9u3s6mjhqq,0.035431959345002824,0.9037267080745341,0.060841332580463016
0.012696629213483145,0.09258426966292135,0.0,0.039213483146067415,0.6966292134831461,0.15730337078651685,1989-06-05T01:39:27Z,ls5,qd9u3s6mjhqq,0.03964037954112569,0.09359218550684117,0.012834850682370209
0.017752808988764045,0.05471910112359551,0.0,0.016179775280898877,0.8089887640449438,0.10112359550561797,1989-06-21T01:39:02Z,ls5,qd9u3s6mjhqq,0.0164053488272739,0.05548197832557214,0.018000313296592192
,,1.0,,,,1989-07-23T01:38:27Z,ls5,qd9u3s6mjhqq,,,
0.008202247191011236,0.05685393258426967,0.0,0.012921348314606741,0.8876404494382022,0.033707865168539325,1989-08-08T01:38:07Z,ls5,qd9u3s6mjhqq,0.013033060259689805,0.057345465142635145,0.008273159990933528
0.03654761904761904,0.05857142857142857,0.0561797752808989,0.04738095238095238,0.5476190476190477,0.30952380952380953,1989-09-09T01:37:22Z,ls5,qd9u3s6mjhqq,0.047499701635039956,0.058718224131757944,0.036639217090344886
0.005730337078651685,0.12786516853932586,0.0,0.03359550561797753,0.6067415730337079,0.2247191011235955,1989-09-25T01:36:58Z,ls5,qd9u3s6mjhqq,0.03386643711489669,0.12889633925335264,0.005776549474447261
,,1.0,,,,1989-10-11T01:36:37Z,ls5,qd9u3s6mjhqq,,,
0.002696629213483146,0.821685393258427,0.0,0.12123595505617979,0.02247191011235955,0.02247191011235955,1989-11-12T01:35:35Z,ls5,qd9u3s6mjhqq,0.12244600974067585,0.829886625795702,0.0027235442389028914
0.00022471910112359551,0.9311235955056177,0.0,0.05595505617977529,0.0,0.0,1989-12-14T01:34:45Z,ls5,qd9u3s6mjhqq,0.05667463298053945,0.9430977580516672,0.00022760896779333112
,,1.0,,,,1990-01-15T01:33:44Z,ls5,qd9u3s6mjhqq,,,
0.003707865168539326,0.06089887640449438,0.0,0.013258426966292137,0.8089887640449438,0.11235955056179775,1990-01-31T01:33:14Z,ls5,qd9u3s6mjhqq,0.013392350471002163,0.06151401657019637,0.003745318352059926
0.0006741573033707865,0.5703370786516854,0.0,0.11022471910112358,0.0898876404494382,0.2247191011235955,1990-02-16T01:32:42Z,ls5,qd9u3s6mjhqq,0.11089737531203263,0.5738176117062974,0.0006782714086362853
0.0,0.8804494382022472,0.0,0.10988764044943822,0.0,0.0,1990-04-05T01:31:16Z,ls5,qd9u3s6mjhqq,0.11095983662355345,0.8890401633764465,0.0
0.0,0.8755056179775279,0.0,0.11730337078651688,0.0,0.0,1990-04-21T01:31:29Z,ls5,qd9u3s6mjhqq,0.11815301041195116,0.8818469895880489,0.0
0.0,0.8879775280898878,0.0,0.10191011235955057,0.0,0.0,1990-05-07T01:31:25Z,ls5,qd9u3s6mjhqq,0.10295119182746877,0.8970488081725312,0.0
0.001910112359550562,0.46224719101123596,0.0,0.08134831460674158,0.24719101123595505,0.20224719101123595,1990-05-23T01:31:27Z,ls5,qd9u3s6mjhqq,0.08210231546303477,0.4665316654902279,0.0019278167995463963
,,1.0,,,,1990-06-08T01:31:25Z,ls5,qd9u3s6mjhqq,,,
0.013370786516853932,0.1403370786516854,0.0,0.03550561797752809,0.6067415730337079,0.20224719101123595,1990-06-24T01:31:24Z,ls5,qd9u3s6mjhqq,0.03584296351650697,0.14167044756999117,0.013497824868558005
0.0028089887640449437,0.13123595505617977,0.0,0.033033707865168536,0.48314606741573035,0.34831460674157305,1990-07-10T01:31:22Z,ls5,qd9u3s6mjhqq,0.03332250289021707,0.13238327678834536,0.0028335461641341045
0.012696629213483145,0.04876404494382022,0.0,0.016292134831460674,0.797752808988764,0.12359550561797752,1990-07-26T01:31:18Z,ls5,qd9u3s6mjhqq,0.016480483211015143,0.049327791128141875,0.012843411054101457
,,1.0,,,,1990-08-11T01:31:13Z,ls5,qd9u3s6mjhqq,,,
0.0,0.0,0.101123595505618,0.0,0.975,0.025,1990-08-27T01:31:08Z,ls5,qd9u3s6mjhqq,0.0,0.0,0.0
0.0,0.21516853932584268,0.0,0.04134831460674157,0.5617977528089888,0.1797752808988764,1990-09-12T01:31:05Z,ls5,qd9u3s6mjhqq,0.04165620832041419,0.21677075797172057,0.0
0.0025842696629213486,0.3617977528089888,0.0,0.08191011235955058,0.33707865168539325,0.21348314606741572,1990-09-28T01:30:56Z,ls5,qd9u3s6mjhqq,0.08248752503479413,0.3643481901399686,0.0026024870724283473
,,1.0,,,,1990-10-30T01:30:41Z,ls5,qd9u3s6mjhqq,,,
0.01,0.87575,0.550561797752809,0.10675000000000001,0.0,0.0,1990-11-15T01:30:43Z,ls5,qd9u3s6mjhqq,0.1075566750629723,0.882367758186398,0.010075566750629723
0.01265625,0.9209375,0.2808988764044944,0.0559375,0.0,0.0,1990-12-17T01:30:41Z,ls5,qd9u3s6mjhqq,0.0565292910153166,0.9306805621348492,0.012790146849834204
,,1.0,,,,1991-01-02T01:31:07Z,ls5,qd9u3s6mjhqq,,,
0.0015730337078651688,0.9183146067415731,0.0,0.06808988764044943,0.0,0.0,1991-01-18T01:31:34Z,ls5,qd9u3s6mjhqq,0.06891845786421015,0.9294893665415671,0.0015921755942226773
,,1.0,,,,1991-02-03T01:31:46Z,ls5,qd9u3s6mjhqq,,,
0.03584269662921349,0.9092134831460674,0.0,0.0396629213483146,0.0,0.0,1991-02-19T01:32:08Z,ls5,qd9u3s6mjhqq,0.04027841168416248,0.9233226837060703,0.03639890460976723
0.005955056179775281,0.9316853932584271,0.0,0.048202247191011224,0.0,0.0,1991-03-07T01:32:25Z,ls5,qd9u3s6mjhqq,0.04889446090722587,0.9450649646683383,0.006040574424435832
0.14,0.7525,0.9550561797752809,0.10500000000000001,0.0,0.0,1991-03-23T01:32:48Z,ls5,qd9u3s6mjhqq,0.10526315789473686,0.7543859649122807,0.14035087719298248
0.001348314606741573,0.928314606741573,0.0,0.05786516853932585,0.0,0.0,1991-04-08T01:33:01Z,ls5,qd9u3s6mjhqq,0.05859597223802481,0.9400386847195358,0.0013653430424394129
0.00011235955056179776,0.9129213483146067,0.0,0.0750561797752809,0.0,0.0,1991-04-24T01:33:16Z,ls5,qd9u3s6mjhqq,0.0759608824198317,0.9239254036843303,0.00011371389583807142
0.0,0.9220689655172415,0.022471910112359605,0.07103448275862069,0.0,0.0,1991-05-10T01:33:35Z,ls5,qd9u3s6mjhqq,0.07152777777777777,0.9284722222222223,0.0
0.0008988764044943821,0.9320224719101126,0.0,0.05730337078651686,0.0,0.0,1991-05-26T01:33:52Z,ls5,qd9u3s6mjhqq,0.057869057074775895,0.9412231930103258,0.0009077499148984453
0.0,0.0,0.0,0.0,0.9887640449438202,0.011235955056179775,1991-06-27T01:34:18Z,ls5,qd9u3s6mjhqq,0.0,0.0,0.0
0.005056179775280899,0.04112359550561798,0.0,0.009550561797752809,0.8651685393258427,0.07865168539325842,1991-07-13T01:34:28Z,ls5,qd9u3s6mjhqq,0.009627582457412106,0.041455237404856835,0.005096955418629938
0.008651685393258427,0.05640449438202247,0.0,0.013033707865168541,0.8651685393258427,0.056179775280898875,1991-08-14T01:34:45Z,ls5,qd9u3s6mjhqq,0.013127475547651767,0.05681028211138954,0.00871392773421712
0.0056179775280898875,0.019775280898876403,0.0,0.007977528089887642,0.8202247191011236,0.14606741573033707,1991-08-30T01:34:54Z,ls5,qd9u3s6mjhqq,0.008058109181704689,0.019975031210986264,0.005674724775848371
0.0,0.012615384615384615,0.2696629213483146,0.002769230769230769,0.8769230769230769,0.1076923076923077,1991-09-15T01:35:08Z,ls5,qd9u3s6mjhqq,0.0027692307692307695,0.012615384615384617,0.0
0.020588235294117647,0.020588235294117647,0.8089887640449438,0.01764705882352941,0.7058823529411765,0.23529411764705882,1991-10-01T01:35:13Z,ls5,qd9u3s6mjhqq,0.017647058823529398,0.02058823529411763,0.02058823529411763
0.004318181818181818,0.25579545454545455,0.011235955056179803,0.055795454545454544,0.45454545454545453,0.22727272727272727,1991-10-17T01:35:24Z,ls5,qd9u3s6mjhqq,0.05619686069326356,0.2576357096141268,0.0043492478744277295
0.0,0.01323076923076923,0.2696629213483146,0.0023076923076923075,0.9076923076923077,0.07692307692307693,1991-11-02T01:35:23Z,ls5,qd9u3s6mjhqq,0.002284843869002285,0.0130997715156131,0.0
0.0007058823529411764,0.8094117647058823,0.0449438202247191,0.11211764705882354,0.0,0.07058823529411765,1991-11-18T01:35:27Z,ls5,qd9u3s6mjhqq,0.11299010227895216,0.8157102871764856,0.0007113752504446095
,,1.0,,,,1991-12-04T01:35:41Z,ls5,qd9u3s6mjhqq,,,
0.03727272727272728,0.880909090909091,0.752808988764045,0.07136363636363637,0.0,0.0,1991-12-20T01:35:33Z,ls5,qd9u3s6mjhqq,0.07211759301791455,0.8902158934313276,0.037666513550757924
0.0041025641025641026,0.0057692307692307696,0.1235955056179775,0.002948717948717949,0.5769230769230769,0.41025641025641024,1992-01-05T01:35:30Z,ls5,qd9u3s6mjhqq,0.002948717948717964,0.0057692307692308,0.004102564102564123
,,1.0,,,,1992-01-21T01:35:30Z,ls5,qd9u3s6mjhqq,,,
0.01640449438202247,0.8934831460674156,0.0,0.07741573033707866,0.0,0.0,1992-02-22T01:35:25Z,ls5,qd9u3s6mjhqq,0.07841128940480256,0.9049732559462842,0.016615454648913168
,,1.0,,,,1992-03-09T01:35:25Z,ls5,qd9u3s6mjhqq,,,
0.0,0.8779775280898876,0.0,0.11179775280898878,0.0,0.0,1992-04-10T01:35:13Z,ls5,qd9u3s6mjhqq,0.11295266205017598,0.887047337949824,0.0
,,1.0,,,,1992-04-26T01:35:05Z,ls5,qd9u3s6mjhqq,,,
0.011235955056179775,0.9124719101123595,0.0,0.06393258426966293,0.0,0.0,1992-05-12T01:34:58Z,ls5,qd9u3s6mjhqq,0.06473265073947669,0.9238907849829351,0.011376564277588168
0.0,0.84,0.9662921348314607,0.15,0.0,0.0,1992-05-28T01:34:49Z,ls5,qd9u3s6mjhqq,0.15151515151515152,0.8484848484848485,0.0
0.0,0.15987012987012988,0.1348314606741573,0.02142857142857143,0.24675324675324675,0.5714285714285714,1992-06-13T01:34:38Z,ls5,qd9u3s6mjhqq,0.021489971346704877,0.160328210471477,0.0
,,1.0,,,,1992-06-29T01:34:27Z,ls5,qd9u3s6mjhqq,,,
0.002584269662921348,0.1484269662921348,0.0,0.027415730337078656,0.6404494382022472,0.1797752808988764,1992-07-15T01:34:15Z,ls5,qd9u3s6mjhqq,0.02762290210285003,0.1495485806469872,0.0026037981490391418
0.005056179775280899,0.11235955056179775,0.0,0.027528089887640453,0.6966292134831461,0.15730337078651685,1992-07-31T01:34:02Z,ls5,qd9u3s6mjhqq,0.027741485933281077,0.11323055482971867,0.00509537496733734
0.007868852459016393,0.018688524590163933,0.3146067415730337,0.006229508196721312,0.8688524590163934,0.09836065573770492,1992-09-01T01:33:32Z,ls5,qd9u3s6mjhqq,0.00622950819672132,0.018688524590163957,0.007868852459016404
0.00011235955056179776,0.018651685393258427,0.0,0.003483146067415731,0.898876404494382,0.07865168539325842,1992-09-17T01:33:18Z,ls5,qd9u3s6mjhqq,0.003518329361025995,0.018840086255816613,0.00011349449551696755
0.0,0.019213483146067415,0.0,0.0031460674157303375,0.9101123595505618,0.06741573033707865,1992-10-03T01:32:56Z,ls5,qd9u3s6mjhqq,0.0031618767997289824,0.019310033312630568,0.0
0.01044943820224719,0.08314606741573033,0.0,0.028988764044943816,0.7303370786516854,0.14606741573033707,1992-10-19T01:32:43Z,ls5,qd9u3s6mjhqq,0.029227901420200004,0.08383196531375195,0.010535638884025582
0.004831460674157304,0.8970786516853932,0.0,0.08842696629213483,0.0,0.0,1992-12-06T01:32:27Z,ls5,qd9u3s6mjhqq,0.08928976628091671,0.9058316314953483,0.004878602223734967
0.013932584269662922,0.9376404494382022,0.0,0.037640449438202245,0.0,0.0,1993-01-07T01:32:47Z,ls5,qd9u3s6mjhqq,0.03805088596092685,0.9478646069968196,0.014084507042253521
0.008333333333333335,0.94125,0.7303370786516854,0.04041666666666668,0.0,0.0,1993-01-23T01:32:58Z,ls5,qd9u3s6mjhqq,0.04082491582491583,0.9507575757575758,0.008417508417508419
0.00011764705882352942,0.9534117647058823,0.0449438202247191,0.02494117647058823,0.0,0.0,1993-02-08T01:33:09Z,ls5,qd9u3s6mjhqq,0.02548996032223157,0.974389804015871,0.00012023566189731875
0.048333333333333325,0.8986111111111111,0.5955056179775281,0.043611111111111114,0.0,0.0,1993-02-24T01:33:12Z,ls5,qd9u3s6mjhqq,0.044026920919798096,0.9071789119461581,0.048794167134043734
0.0,0.8802247191011237,0.0,0.11280898876404495,0.0,0.0,1993-03-12T01:33:24Z,ls5,qd9u3s6mjhqq,0.11360036207286715,0.8863996379271328,0.0
0.02112359550561798,0.9093258426966293,0.0,0.05730337078651686,0.0,0.0,1993-04-13T01:33:33Z,ls5,qd9u3s6mjhqq,0.05801387782959846,0.9206006142645888,0.021385507905812767
0.0,0.8857303370786517,0.0,0.10483146067415733,0.0,0.0,1993-04-29T01:33:40Z,ls5,qd9u3s6mjhqq,0.10583030852994559,0.8941696914700544,0.0
,,1.0,,,,1993-05-15T01:33:43Z,ls5,qd9u3s6mjhqq,,,
0.0020224719101123597,0.42393258426966296,0.0,0.05292134831460673,0.23595505617977527,0.2808988764044944,1993-05-31T01:33:47Z,ls5,qd9u3s6mjhqq,0.05339319515551594,0.42771236798675516,0.0020405042734592082
0.0,0.09325842696629215,0.0,0.017977528089887642,0.5056179775280899,0.38202247191011235,1993-07-02T01:33:37Z,ls5,qd9u3s6mjhqq,0.018159119282714787,0.09420043127908295,0.0
0.007303370786516854,0.13910112359550564,0.0,0.03202247191011236,0.6404494382022472,0.1797752808988764,1993-07-18T01:33:38Z,ls5,qd9u3s6mjhqq,0.03226445532505023,0.1401522655874112,0.007358559986414964
0.011797752808988765,0.20640449438202244,0.0,0.03820224719101124,0.4943820224719101,0.24719101123595505,1993-08-03T01:33:37Z,ls5,qd9u3s6mjhqq,0.038503579552728255,0.2080325754069464,0.011890811332460194
0.0012359550561797754,0.14258426966292134,0.0,0.034719101123595504,0.6179775280898876,0.20224719101123595,1993-08-19T01:33:37Z,ls5,qd9u3s6mjhqq,0.03495944732394766,0.14357132250514426,0.0012445110697845447
,,1.0,,,,1993-09-04T01:33:36Z,ls5,qd9u3s6mjhqq,,,
0.0024719101123595504,0.4722471910112359,0.0,0.10640449438202246,0.16853932584269662,0.24719101123595505,1993-09-20T01:33:34Z,ls5,qd9u3s6mjhqq,0.10698054346220356,0.47480382700278945,0.00248529245635531
,,1.0,,,,1993-10-06T01:33:30Z,ls5,qd9u3s6mjhqq,,,
0.00011235955056179776,0.8747191011235956,0.0,0.11460674157303372,0.0,0.0,1993-10-22T01:33:22Z,ls5,qd9u3s6mjhqq,0.11583011583011582,0.8840563252327959,0.00011355893708834884
0.0032727272727272726,0.8836363636363637,0.3820224719101124,0.10618181818181818,0.0,0.0,1993-11-07T01:33:16Z,ls5,qd9u3s6mjhqq,0.10692054192603441,0.8897839619187111,0.0032954961552544852
0.006292134831460675,0.8964044943820223,0.0,0.08685393258426968,0.0,0.0,1993-11-23T01:33:08Z,ls5,qd9u3s6mjhqq,0.0877710911774725,0.9058703304189849,0.006358578403542639
0.007500000000000001,0.9255263157894738,0.1460674157303371,0.04868421052631579,0.0,0.0,1993-12-09T01:33:05Z,ls5,qd9u3s6mjhqq,0.04959120761292052,0.9427690658088729,0.007639726578206676
0.008764044943820225,0.9356179775280898,0.0,0.04292134831460675,0.0,0.0,1993-12-25T01:32:56Z,ls5,qd9u3s6mjhqq,0.04347331284852624,0.9476499374075339,0.008876749743939913
,,1.0,,,,1994-01-10T01:32:43Z,ls5,qd9u3s6mjhqq,,,
0.02898876404494382,0.9497752808988765,0.0,0.010786516853932586,0.0,0.0,1994-01-26T01:32:30Z,ls5,qd9u3s6mjhqq,0.010900420120358805,0.959804700806177,0.029294879073464286
0.03707865168539325,0.9348314606741573,0.0,0.01606741573033708,0.0,0.0,1994-02-27T01:32:05Z,ls5,qd9u3s6mjhqq,0.01626293642670306,0.9462072102809053,0.03752985329239167
0.03460674157303371,0.9252808988764046,0.0,0.025955056179775282,0.0,0.0,1994-03-15T01:31:51Z,ls5,qd9u3s6mjhqq,0.026327786642352403,0.938568497834511,0.035103715523136535
0.08494382022471911,0.891685393258427,0.0,0.010337078651685394,0.0,0.0,1994-03-31T01:31:35Z,ls5,qd9u3s6mjhqq,0.010473588342440802,0.9034608378870673,0.0860655737704918
0.08797752808988764,0.884943820224719,0.0,0.014044943820224719,0.0,0.0,1994-05-02T01:31:01Z,ls5,qd9u3s6mjhqq,0.014230418943533699,0.8966302367941712,0.0891393442622951
,,1.0,,,,1994-06-03T01:30:25Z,ls5,qd9u3s6mjhqq,,,
0.004382022471910113,0.03258426966292135,0.0,0.0077528089887640445,0.898876404494382,0.056179775280898875,1994-07-05T01:29:39Z,ls5,qd9u3s6mjhqq,0.0077917678279035675,0.032748009711478766,0.004404042685336799
0.0,0.02853932584269663,0.0,0.004831460674157303,0.9101123595505618,0.056179775280898875,1994-07-21T01:29:13Z,ls5,qd9u3s6mjhqq,0.004880263307229599,0.028827601861309726,0.0
0.009438202247191012,0.027640449438202246,0.0,0.0077528089887640445,0.8876404494382022,0.06741573033707865,1994-08-22T01:28:24Z,ls5,qd9u3s6mjhqq,0.007772239587733387,0.02770972374757121,0.00946185688941456
0.003820224719101124,0.040224719101123595,0.0,0.011797752808988765,0.8314606741573034,0.11235955056179775,1994-09-07T01:28:00Z,ls5,qd9u3s6mjhqq,0.011868966608640601,0.040467524246603194,0.003843284425655052
0.009887640449438203,0.10134831460674157,0.0,0.03426966292134831,0.6629213483146067,0.19101123595505617,1994-09-23T01:27:35Z,ls5,qd9u3s6mjhqq,0.03440197822220295,0.10173962084074448,0.009925816667389705
,,1.0,,,,1994-10-25T01:26:34Z,ls5,qd9u3s6mjhqq,,,
0.00044943820224719103,0.8612359550561797,0.0,0.1353932584269663,0.0,0.0,1994-11-10T01:26:00Z,ls5,qd9u3s6mjhqq,0.13578994816317333,0.8637592968221771,0.000450755014649538
,,1.0,,,,1994-11-26T01:25:28Z,ls5,qd9u3s6mjhqq,,,
,,1.0,,,,1994-12-12T01:25:00Z,ls5,qd9u3s6mjhqq,,,
0.0030337078651685393,0.9617977528089888,0.0,0.02337078651685393,0.0,0.0,1994-12-28T01:24:28Z,ls5,qd9u3s6mjhqq,0.02364980102330869,0.9732802728823194,0.0030699260943718018
,,1.0,,,,1995-01-13T01:23:54Z,ls5,qd9u3s6mjhqq,,,
0.011500000000000002,0.917,0.3258426966292135,0.058666666666666666,0.0,0.0,1995-01-29T01:23:17Z,ls5,qd9u3s6mjhqq,0.059429343238223874,0.9289211548201926,0.01164950194158366
,,1.0,,,,1995-03-09T01:27:54Z,ls5,qd9u3s6mjhqq,,,
0.022808988764044948,0.9431460674157305,0.0,0.021123595505617977,0.0,0.0,1995-03-18T01:21:20Z,ls5,qd9u3s6mjhqq,0.02140011383039271,0.9554923164484919,0.02310756972111554
0.0035955056179775274,0.9147191011235954,0.0,0.06853932584269663,0.0,0.0,1995-04-19T01:20:02Z,ls5,qd9u3s6mjhqq,0.06945235113287032,0.9269042468404873,0.003643402026642377
,,1.0,,,,1995-04-26T01:25:54Z,ls5,qd9u3s6mjhqq,,,
0.01056179775280899,0.8915730337078652,0.0,0.08415730337078652,0.0,0.0,1995-05-05T01:19:19Z,ls5,qd9u3s6mjhqq,0.08532695374800638,0.9039644565960355,0.010708589655958077
,,1.0,,,,1995-05-12T01:25:11Z,ls5,qd9u3s6mjhqq,,,
,,1.0,,,,1995-05-21T01:18:36Z,ls5,qd9u3s6mjhqq,,,
,,1.0,,,,1995-06-13T01:23:42Z,ls5,qd9u3s6mjhqq,,,
,,1.0,,,,1995-07-24T01:15:40Z,ls5,qd9u3s6mjhqq,,,
0.00752808988764045,0.008089887640449439,0.0,0.006966292134831462,0.898876404494382,0.07865168539325842,1995-08-25T01:14:13Z,ls5,qd9u3s6mjhqq,0.006931633965006438,0.00804963944323328,0.007490636704119859
0.0028089887640449437,0.015056179775280898,0.0,0.004382022471910113,0.8764044943820225,0.10112359550561797,1995-09-10T01:13:27Z,ls5,qd9u3s6mjhqq,0.004426285325161724,0.015208262399273614,0.0028373623879241814
,,1.0,,,,1995-10-19T01:17:35Z,ls5,qd9u3s6mjhqq,,,
,,1.0,,,,1995-12-15T01:12:16Z,ls5,qd9u3s6mjhqq,,,
0.014382022471910115,0.9434831460674157,0.0,0.03089887640449438,0.0,0.0,1996-01-16T01:14:35Z,ls5,qd9u3s6mjhqq,0.03125,0.9542045454545455,0.014545454545454549
0.0030337078651685393,0.8875280898876404,0.0,0.09775280898876405,0.0,0.0,1996-02-17T01:16:48Z,ls5,qd9u3s6mjhqq,0.09890859481582538,0.8980218281036835,0.0030695770804911324
,,1.0,,,,1996-03-04T01:17:52Z,ls5,qd9u3s6mjhqq,,,
0.05943820224719101,0.9007865168539326,0.0,0.025955056179775275,0.0,0.0,1996-03-20T01:18:54Z,ls5,qd9u3s6mjhqq,0.02631878774068588,0.9134100489916829,0.060271163267631316
0.0,0.8820224719101124,0.0,0.11168539325842695,0.0,0.0,1996-04-21T01:20:54Z,ls5,qd9u3s6mjhqq,0.11239258254183626,0.8876074174581637,0.0
,,1.0,,,,1996-05-07T01:21:51Z,ls5,qd9u3s6mjhqq,,,
0.0023595505617977526,0.9012359550561797,0.0,0.08606741573033708,0.0,0.0,1996-05-23T01:22:46Z,ls5,qd9u3s6mjhqq,0.08696639418710264,0.9106494096276113,0.0023841961852861036
0.0007865168539325844,0.01752808988764045,0.0,0.0038202247191011234,0.7640449438202247,0.21348314606741572,1996-06-24T01:24:31Z,ls5,qd9u3s6mjhqq,0.003878400730051906,0.01779501511435581,0.0007984942679518632
0.005393258426966292,0.047078651685393255,0.0,0.014606741573033705,0.7640449438202247,0.16853932584269662,1996-07-10T01:25:20Z,ls5,qd9u3s6mjhqq,0.014680142284455994,0.04731522782451587,0.005420360228106829
0.0029213483146067415,0.08179775280898875,0.0,0.027191011235955055,0.7078651685393258,0.1797752808988764,1996-07-26T01:26:12Z,ls5,qd9u3s6mjhqq,0.027300212084292237,0.08212625784035019,0.0029330806371553643
0.0,0.0,0.0,0.0,1.0,0.0,1996-08-27T01:27:54Z,ls5,qd9u3s6mjhqq,0.0,0.0,0.0
,,1.0,,,,1996-09-12T01:28:47Z,ls5,qd9u3s6mjhqq,,,
0.0,0.21269662921348315,0.0,0.055505617977528086,0.5280898876404494,0.20224719101123595,1996-10-14T01:30:29Z,ls5,qd9u3s6mjhqq,0.05580791082784559,0.21385501052046907,0.0
,,1.0,,,,1996-10-30T01:31:16Z,ls5,qd9u3s6mjhqq,,,
,,1.0,,,,1996-11-15T01:32:01Z,ls5,qd9u3s6mjhqq,,,
0.0,0.8390000000000001,0.8876404494382022,0.14900000000000002,0.0,0.0,1996-12-01T01:32:47Z,ls5,qd9u3s6mjhqq,0.1508097165991903,0.8491902834008097,0.0
0.0017977528089887641,0.9256179775280898,0.0,0.06191011235955056,0.0,0.0,1996-12-17T01:33:32Z,ls5,qd9u3s6mjhqq,0.06257808063600227,0.9356047700170358,0.0018171493469619536
0.003932584269662922,0.9467415730337078,0.0,0.03876404494382023,0.0,0.0,1997-01-02T01:34:18Z,ls5,qd9u3s6mjhqq,0.03917783329548036,0.9568476039064274,0.0039745627980922104
0.007640449438202247,0.9353932584269663,0.0,0.04528089887640449,0.0,0.0,1997-01-18T01:35:03Z,ls5,qd9u3s6mjhqq,0.0458162801273306,0.9464529331514324,0.007730786721236925
0.002584269662921348,0.938426966292135,0.0,0.04617977528089888,0.0,0.0,1997-02-03T01:35:46Z,ls5,qd9u3s6mjhqq,0.04677896653767357,0.950603232415206,0.002617801047120418
0.030224719101123596,0.9268539325842696,0.0,0.029213483146067417,0.0,0.0,1997-03-07T01:37:06Z,ls5,qd9u3s6mjhqq,0.029619503303713834,0.9397357028935976,0.03064479380268854
0.012808988764044946,0.9335955056179776,0.0,0.04202247191011236,0.0,0.0,1997-03-23T01:37:42Z,ls5,qd9u3s6mjhqq,0.04251449357735592,0.9445265431397067,0.012958963282937368
0.0,0.8211235955056181,0.0,0.09235955056179776,0.02247191011235955,0.056179775280898875,1997-04-08T01:38:18Z,ls5,qd9u3s6mjhqq,0.09315477424437164,0.8281935403623698,0.0
0.012359550561797755,0.9225842696629214,0.0,0.053707865168539336,0.0,0.0,1997-04-24T01:38:52Z,ls5,qd9u3s6mjhqq,0.0543243550403455,0.9331742243436755,0.01250142061597909
,,1.0,,,,1997-05-10T01:39:25Z,ls5,qd9u3s6mjhqq,,,
,,1.0,,,,1997-05-26T01:39:59Z,ls5,qd9u3s6mjhqq,,,
0.0020224719101123597,0.01662921348314607,0.0,0.0035955056179775282,0.8202247191011236,0.15730337078651685,1997-07-29T01:42:10Z,ls5,qd9u3s6mjhqq,0.0036318238565429574,0.01679718533651118,0.0020429009193054137
0.0,0.020112359550561797,0.0,0.0022471910112359553,0.9101123595505618,0.06741573033707865,1997-08-14T01:42:41Z,ls5,qd9u3s6mjhqq,0.0022584834283778444,0.020213426683981704,0.0
0.007078651685393259,0.07359550561797754,0.0,0.020112359550561797,0.8089887640449438,0.0898876404494382,1997-08-30T01:43:11Z,ls5,qd9u3s6mjhqq,0.02017962496711886,0.0738416444327534,0.0071023261057457454
0.005280898876404494,0.045617977528089895,0.0,0.01595505617977528,0.8539325842696629,0.07865168539325842,1997-09-15T01:43:38Z,ls5,qd9u3s6mjhqq,0.01608913228212634,0.04600132187706546,0.005325276177886887
0.004269662921348315,0.3810112359550562,0.0,0.08404494382022472,0.2696629213483146,0.25842696629213485,1997-10-17T01:44:31Z,ls5,qd9u3s6mjhqq,0.08450772421473396,0.3831092149895226,0.004293173155293972
0.0025842696629213486,0.8773033707865169,0.0,0.11213483146067418,0.0,0.0,1997-11-02T01:44:57Z,ls5,qd9u3s6mjhqq,0.11303658398459623,0.8843583644806886,0.0026050515347151434
0.0049350649350649355,0.9427272727272727,0.1348314606741573,0.04363636363636364,0.0,0.0,1997-12-20T01:46:07Z,ls5,qd9u3s6mjhqq,0.04401938949299097,0.9510022271714923,0.004978383335516836
0.0016853932584269665,0.9551685393258428,0.0,0.03292134831460674,0.0,0.0,1998-01-05T01:46:30Z,ls5,qd9u3s6mjhqq,0.03326143716653422,0.9650357588829607,0.0017028039505051654
,,1.0,,,,1998-01-21T01:46:50Z,ls5,qd9u3s6mjhqq,,,
0.017865168539325845,0.9443820224719103,0.0,0.0249438202247191,0.0,0.0,1998-02-06T01:47:11Z,ls5,qd9u3s6mjhqq,0.025267470976553602,0.9566355565672662,0.018096972456180287
0.00797752808988764,0.9414606741573033,0.0,0.03775280898876404,0.0,0.0,1998-02-22T01:47:29Z,ls5,qd9u3s6mjhqq,0.03824265877532439,0.9536763032096518,0.008081038015023903
0.006741573033707866,0.9044943820224719,0.0,0.07741573033707866,0.0,0.0,1998-03-26T01:47:59Z,ls5,qd9u3s6mjhqq,0.07830435276735993,0.9148766905330151,0.006818956699624959
0.004382022471910113,0.9069662921348313,0.0,0.07719101123595505,0.0,0.0,1998-04-11T01:48:10Z,ls5,qd9u3s6mjhqq,0.07808592862014095,0.9174812457376676,0.004432825642191408
,,1.0,,,,1998-05-13T01:48:38Z,ls5,qd9u3s6mjhqq,,,
,,1.0,,,,1998-05-29T01:48:54Z,ls5,qd9u3s6mjhqq,,,
0.0022471910112359553,0.0446067415730337,0.0,0.008764044943820225,0.8426966292134831,0.10112359550561797,1998-07-16T01:49:29Z,ls5,qd9u3s6mjhqq,0.008852570650323471,0.045057314720236115,0.0022698899103393514
,,1.0,,,,1998-08-01T01:49:35Z,ls5,qd9u3s6mjhqq,,,
,,1.0,,,,1998-08-17T01:49:43Z,ls5,qd9u3s6mjhqq,,,
0.0,0.0,0.7865168539325843,0.0,0.5263157894736842,0.47368421052631576,1998-09-02T01:49:54Z,ls5,qd9u3s6mjhqq,0.0,0.0,0.0
,,1.0,,,,1998-09-18T01:50:01Z,ls5,qd9u3s6mjhqq,,,
0.00044943820224719103,0.11606741573033708,0.0,0.02898876404494382,0.651685393258427,0.20224719101123595,1998-10-20T01:50:04Z,ls5,qd9u3s6mjhqq,0.029100689774847074,0.11651555247060863,0.00045117348488134994
0.0,0.23454545454545456,0.752808988764045,0.08,0.045454545454545456,0.6363636363636364,1998-11-05T01:50:09Z,ls5,qd9u3s6mjhqq,0.08092485549132948,0.23725696269048874,0.0
0.0,0.8365384615384615,0.4157303370786517,0.15346153846153848,0.0,0.0,1998-12-07T01:50:12Z,ls5,qd9u3s6mjhqq,0.15501165501165504,0.844988344988345,0.0
,,1.0,,,,1998-12-23T01:50:17Z,ls5,qd9u3s6mjhqq,,,
0.0,0.9235955056179775,0.0,0.06662921348314607,0.0,0.0,1999-01-08T01:50:17Z,ls5,qd9u3s6mjhqq,0.06728696244184727,0.9327130375581527,0.0
0.00033707865168539324,0.947752808988764,0.0,0.03808988764044944,0.0,0.0,1999-02-09T01:50:25Z,ls5,qd9u3s6mjhqq,0.038623675515552014,0.9610345220462573,0.0003418024381907258
0.01752808988764045,0.9057303370786517,0.0,0.07359550561797754,0.0,0.0,1999-02-25T01:50:28Z,ls5,qd9u3s6mjhqq,0.0738277727682597,0.9085888187556357,0.0175834084761046
,,1.0,,,,1999-03-13T01:50:17Z,ls5,qd9u3s6mjhqq,,,
0.009325842696629214,0.2817977528089888,0.0,0.07730337078651686,0.43820224719101125,0.19101123595505617,1999-03-29T01:49:59Z,ls5,qd9u3s6mjhqq,0.07779845184370407,0.2836024959651305,0.009385569045098019
0.00022471910112359551,0.04426966292134831,0.0,0.011235955056179775,0.8089887640449438,0.1348314606741573,1999-04-14T01:49:58Z,ls5,qd9u3s6mjhqq,0.011326567596955425,0.04462667633200437,0.00022653135193910853
0.006966292134831461,0.16651685393258425,0.0,0.0498876404494382,0.6629213483146067,0.11235955056179775,1999-04-30T01:49:56Z,ls5,qd9u3s6mjhqq,0.050188773087966015,0.16752198584767033,0.007008342187959218
0.040769230769230766,0.11935897435897437,0.1235955056179775,0.07051282051282051,0.6025641025641025,0.16666666666666666,1999-05-16T01:49:42Z,ls5,qd9u3s6mjhqq,0.0705520160773079,0.11942532175995212,0.04079189293197075
0.0,0.02898876404494382,0.0,0.004719101123595505,0.9550561797752809,0.011235955056179775,1999-06-01T01:49:20Z,ls5,qd9u3s6mjhqq,0.004719101123595505,0.02898876404494382,0.0
0.32568181818181824,0.06136363636363637,0.011235955056179803,0.12147727272727274,0.36363636363636365,0.125,1999-06-17T01:49:11Z,ls5,qd9u3s6mjhqq,0.12215591670898934,0.061706449974606406,0.3275012696800407
0.0015730337078651688,0.006292134831460675,0.0,0.0032584269662921344,0.9438202247191011,0.0449438202247191,1999-07-03T01:49:02Z,ls5,qd9u3s6mjhqq,0.003291340369992063,0.006355691748950193,0.0015889229372375482
,,1.0,,,,1999-07-19T01:48:58Z,ls5,qd9u3s6mjhqq,,,
0.0007865168539325844,0.007415730337078652,0.0,0.0028089887640449437,0.9550561797752809,0.033707865168539325,1999-07-27T02:04:05Z,ls7,qd9u3s6mjhqq,0.0028663150653519833,0.0075670717725292375,0.0008025682182985555
0.0029213483146067415,0.014382022471910113,0.0,0.005056179775280899,0.9438202247191011,0.033707865168539325,1999-08-04T01:48:57Z,ls5,qd9u3s6mjhqq,0.005081587713850156,0.014454293941618221,0.002936028456891201
0.0,0.008426966292134831,0.0,0.002696629213483146,0.9775280898876404,0.011235955056179775,1999-08-12T02:04:08Z,ls7,qd9u3s6mjhqq,0.0027238678924072315,0.0085120871637726,0.0
0.0,0.008876404494382022,0.0,0.0023595505617977526,0.9775280898876404,0.011235955056179775,1999-08-20T01:48:45Z,ls5,qd9u3s6mjhqq,0.0023595505617977643,0.008876404494382066,0.0
0.0012359550561797752,0.007303370786516854,0.0,0.0025842696629213486,0.9438202247191011,0.0449438202247191,1999-09-05T01:48:17Z,ls5,qd9u3s6mjhqq,0.0026103733968902577,0.007377142208602901,0.0012484394506866447
0.07064516129032258,0.1114516129032258,0.3033707865168539,0.059838709677419354,0.7096774193548387,0.04838709677419355,1999-09-13T02:04:05Z,ls7,qd9u3s6mjhqq,0.05983870967741934,0.11145161290322579,0.07064516129032256
0.0014606741573033708,0.006629213483146067,0.0,0.0029213483146067415,0.9550561797752809,0.033707865168539325,1999-09-29T02:04:15Z,ls7,qd9u3s6mjhqq,0.0029809676679660637,0.006764503554230681,0.0014904838339830319
,,1.0,,,,1999-10-15T02:04:13Z,ls7,qd9u3s6mjhqq,,,
,,1.0,,,,1999-10-23T01:47:44Z,ls5,qd9u3s6mjhqq,,,
0.0017045454545454545,0.2,0.011235955056179803,0.04704545454545454,0.6363636363636364,0.11363636363636363,1999-11-24T01:46:37Z,ls5,qd9u3s6mjhqq,0.04728186386477843,0.20100502512562812,0.0017131110095934213
0.0,0.2720481927710844,0.0674157303370787,0.05132530120481928,0.5542168674698795,0.12048192771084337,1999-12-02T02:04:02Z,ls7,qd9u3s6mjhqq,0.05163126425223996,0.2736699405670372,0.0
0.0,0.7988764044943821,0.0,0.13797752808988764,0.0,0.056179775280898875,1999-12-10T01:46:18Z,ls5,qd9u3s6mjhqq,0.13900350635105013,0.804816718368051,0.0
0.0,0.8712359550561797,0.0,0.11955056179775282,0.0,0.0,1999-12-26T01:46:20Z,ls5,qd9u3s6mjhqq,0.12066228169652984,0.8793377183034702,0.0
0.0,0.9025842696629214,0.0,0.08651685393258428,0.0,0.0,2000-01-03T02:04:03Z,ls7,qd9u3s6mjhqq,0.0874701806202431,0.912529819379757,0.0
0.0,0.8747191011235954,0.0,0.1157303370786517,0.0,0.0,2000-01-19T02:04:00Z,ls7,qd9u3s6mjhqq,0.11684628474191722,0.8831537152580828,0.0
0.00046511627906976747,0.9034883720930231,0.0337078651685393,0.08581395348837209,0.0,0.0,2000-02-04T02:04:01Z,ls7,qd9u3s6mjhqq,0.08670112781954889,0.9128289473684211,0.00046992481203007527
0.0,0.9460674157303371,0.0,0.04157303370786517,0.0,0.0,2000-02-20T02:03:53Z,ls7,qd9u3s6mjhqq,0.04209328782707623,0.9579067121729238,0.0
,,1.0,,,,2000-03-07T02:03:49Z,ls7,qd9u3s6mjhqq,,,
0.0,0.6523595505617977,0.0,0.12730337078651682,0.1348314606741573,0.07865168539325842,2000-03-23T02:03:51Z,ls7,qd9u3s6mjhqq,0.12842248097789563,0.6580943729546886,0.0
0.0025396825396825397,0.8907936507936508,0.2921348314606742,0.09587301587301589,0.0,0.0,2000-04-08T02:03:39Z,ls7,qd9u3s6mjhqq,0.09691912708600772,0.9005134788189987,0.0025673940949935813
0.004943820224719101,0.9207865168539326,0.0,0.06213483146067416,0.0,0.0,2000-04-24T02:03:33Z,ls7,qd9u3s6mjhqq,0.06289808917197452,0.9320973612374887,0.005004549590536852
0.0,0.9086516853932585,0.0,0.08067415730337077,0.0,0.0,2000-05-26T02:03:12Z,ls7,qd9u3s6mjhqq,0.08154457694491764,0.9184554230550823,0.0
0.0,0.0,0.5955056179775281,0.0,0.7222222222222222,0.2777777777777778,2000-06-27T02:02:56Z,ls7,qd9u3s6mjhqq,0.0,0.0,0.0
0.0,0.019285714285714288,0.0561797752808989,0.004523809523809524,0.9047619047619048,0.07142857142857142,2000-07-29T02:02:26Z,ls7,qd9u3s6mjhqq,0.004523809523809523,0.019285714285714285,0.0
0.0,0.018876404494382024,0.0,0.0035955056179775282,0.898876404494382,0.07865168539325842,2000-08-14T02:02:19Z,ls7,qd9u3s6mjhqq,0.0035955056179775317,0.018876404494382045,0.0
,,1.0,,,,2000-08-30T02:02:09Z,ls7,qd9u3s6mjhqq,,,
0.00047058823529411766,0.017294117647058824,0.0449438202247191,0.005529411764705882,0.9176470588235294,0.058823529411764705,2000-09-15T02:01:50Z,ls7,qd9u3s6mjhqq,0.005585264408793829,0.01746880570409985,0.00047534165181224085
0.0,0.09966292134831461,0.0,0.023258426966292132,0.6741573033707865,0.20224719101123595,2000-10-01T02:01:41Z,ls7,qd9u3s6mjhqq,0.023385986894809276,0.10020951872316827,0.0
0.00033707865168539324,0.26247191011235954,0.0,0.06067415730337079,0.42696629213483145,0.24719101123595505,2000-10-17T02:01:23Z,ls7,qd9u3s6mjhqq,0.06111672670363853,0.2643864325549992,0.00033953737057576956
0.0,0.8104545454545454,0.752808988764045,0.0931818181818182,0.0,0.09090909090909091,2000-11-02T02:01:36Z,ls7,qd9u3s6mjhqq,0.09374428388512897,0.8153466252057802,0.0
0.0,0.9057303370786517,0.0,0.08280898876404495,0.0,0.0,2000-12-04T02:01:34Z,ls7,qd9u3s6mjhqq,0.08376903841782224,0.9162309615821778,0.0
0.0,0.9031460674157303,0.0,0.08438202247191012,0.0,0.0,2000-12-20T02:01:39Z,ls7,qd9u3s6mjhqq,0.08544771873933327,0.9145522812606668,0.0
0.0,0.9398876404494381,0.0,0.04786516853932585,0.0,0.0,2001-01-05T02:01:39Z,ls7,qd9u3s6mjhqq,0.04845865089295872,0.9515413491070412,0.0
0.0,0.906,0.9438202247191011,0.08800000000000001,0.0,0.0,2001-02-06T02:01:39Z,ls7,qd9u3s6mjhqq,0.08853118712273643,0.9114688128772637,0.0
,,1.0,,,,2001-02-22T02:01:38Z,ls7,qd9u3s6mjhqq,,,
0.0012359550561797752,0.9237078651685394,0.0,0.06337078651685393,0.0,0.0,2001-03-10T02:01:34Z,ls7,qd9u3s6mjhqq,0.0641200545702592,0.9346293769895407,0.0012505684402000907
0.00022471910112359551,0.9511235955056181,0.0,0.036853932584269666,0.0,0.0,2001-03-26T02:01:25Z,ls7,qd9u3s6mjhqq,0.037293916998294485,0.9624786810687891,0.00022740193291642978
0.009887640449438202,0.9543820224719103,0.0,0.0250561797752809,0.0,0.0,2001-04-27T02:01:19Z,ls7,qd9u3s6mjhqq,0.025326519023282222,0.9646791595684271,0.009994321408290742
0.0,0.06191011235955056,0.0,0.004831460674157304,0.39325842696629215,0.5393258426966292,2001-05-13T02:01:10Z,ls7,qd9u3s6mjhqq,0.004880263307229595,0.062535467029849,0.0
0.0696,0.2970666666666667,0.1573033707865169,0.04906666666666667,0.16,0.4266666666666667,2001-05-29T02:01:01Z,ls7,qd9u3s6mjhqq,0.048783408167628814,0.2953517211887962,0.06919820397690826
0.0,0.11146067415730337,0.0,0.011348314606741574,0.7752808988764045,0.10112359550561797,2001-06-14T02:00:50Z,ls7,qd9u3s6mjhqq,0.01142099365728795,0.11217451196068957,0.0
0.05437500000000001,0.34479166666666666,0.4606741573033708,0.09625,0.2916666666666667,0.20833333333333334,2001-06-30T02:00:35Z,ls7,qd9u3s6mjhqq,0.09714045416316229,0.3479814970563498,0.0548780487804878
0.0017977528089887641,0.01752808988764045,0.0,0.0028089887640449437,0.8426966292134831,0.1348314606741573,2001-07-16T02:00:35Z,ls7,qd9u3s6mjhqq,0.002851765242685229,0.01779501511435583,0.0018251297553185464
0.00033707865168539324,0.017977528089887642,0.0,0.004044943820224719,0.9550561797752809,0.02247191011235955,2001-08-01T02:00:23Z,ls7,qd9u3s6mjhqq,0.004065270171080119,0.018067867427022752,0.00033877251425667656
0.0,0.020112359550561797,0.0,0.0022471910112359553,0.9550561797752809,0.02247191011235955,2001-08-17T02:00:04Z,ls7,qd9u3s6mjhqq,0.0022584834283778444,0.020213426683981704,0.0
0.0,0.019325842696629215,0.0,0.0031460674157303375,0.9213483146067416,0.056179775280898875,2001-09-02T01:59:53Z,ls7,qd9u3s6mjhqq,0.003146067415730333,0.019325842696629188,0.0
,,1.0,,,,2001-09-18T01:59:42Z,ls7,qd9u3s6mjhqq,,,
0.0006741573033707865,0.06617977528089888,0.0,0.01146067415730337,0.8089887640449438,0.11235955056179775,2001-10-04T01:59:30Z,ls7,qd9u3s6mjhqq,0.011510002740476847,0.06646462366804767,0.0006770589847339321
,,1.0,,,,2001-10-20T01:59:32Z,ls7,qd9u3s6mjhqq,,,
0.0,0.7815384615384615,0.4157303370786517,0.11673076923076924,0.0,0.09615384615384616,2001-11-05T01:59:37Z,ls7,qd9u3s6mjhqq,0.11745549462312468,0.7863906592230292,0.0
0.0,0.8582222222222222,0.4943820224719101,0.13577777777777778,0.0,0.0,2001-11-21T01:59:46Z,ls7,qd9u3s6mjhqq,0.1365973619494746,0.8634026380505254,0.0
0.015111111111111112,0.35888888888888887,0.4943820224719101,0.044444444444444446,0.022222222222222223,0.5555555555555556,2001-12-07T01:59:47Z,ls7,qd9u3s6mjhqq,0.04484569540331622,0.36212899038177837,0.015247536437127514
0.0,0.909438202247191,0.0,0.07966292134831461,0.0,0.0,2001-12-23T01:59:56Z,ls7,qd9u3s6mjhqq,0.08054072475292515,0.9194592752470748,0.0
0.0,0.9137078651685393,0.0,0.07449438202247192,0.0,0.0,2002-01-08T01:59:59Z,ls7,qd9u3s6mjhqq,0.07538374076179649,0.9246162592382035,0.0
0.0,0.9415730337078653,0.0,0.045730337078651685,0.0,0.0,2002-01-24T02:00:06Z,ls7,qd9u3s6mjhqq,0.04631842494594286,0.9536815750540572,0.0
0.0,0.9578651685393258,0.0,0.031123595505617982,0.0,0.0,2002-02-09T02:00:08Z,ls7,qd9u3s6mjhqq,0.031470120427175646,0.9685298795728244,0.0
0.00011235955056179776,0.9593258426966293,0.0,0.030561797752808997,0.0,0.0,2002-02-25T02:00:10Z,ls7,qd9u3s6mjhqq,0.030870502780615146,0.9690160027238679,0.00011349449551696742
,,1.0,,,,2002-03-13T02:00:08Z,ls7,qd9u3s6mjhqq,,,
0.0,0.9707865168539327,0.0,0.019438202247191012,0.0,0.0,2002-03-29T02:00:03Z,ls7,qd9u3s6mjhqq,0.019630091909678883,0.9803699080903211,0.0
0.0,0.9400000000000001,0.9325842696629214,0.05000000000000001,0.0,0.0,2002-04-14T02:00:02Z,ls7,qd9u3s6mjhqq,0.05050505050505051,0.9494949494949495,0.0
0.0,0.9392857142857142,0.0561797752808989,0.05095238095238096,0.0,0.0,2002-04-30T02:00:04Z,ls7,qd9u3s6mjhqq,0.05145467660495313,0.9485453233950468,0.0
0.0024719101123595504,0.09719101123595505,0.0,0.011910112359550562,0.797752808988764,0.0898876404494382,2002-06-17T01:59:45Z,ls7,qd9u3s6mjhqq,0.011994070855539343,0.09787614424567484,0.0024893354605836373
0.5183333333333333,0.21166666666666667,0.9325842696629214,0.27,0.0,0.0,2002-07-03T01:59:40Z,ls7,qd9u3s6mjhqq,0.27,0.21166666666666667,0.5183333333333333
0.0,0.00797752808988764,0.0,0.0031460674157303375,0.9438202247191011,0.0449438202247191,2002-07-19T01:59:33Z,ls7,qd9u3s6mjhqq,0.0031778458744750964,0.008058109181704706,0.0
0.0,0.019325842696629212,0.0,0.0030337078651685393,0.8651685393258427,0.11235955056179775,2002-08-20T01:59:22Z,ls7,qd9u3s6mjhqq,0.00304895262831009,0.019422957484049458,0.0
0.0,0.035955056179775284,0.0,0.008876404494382022,0.8314606741573034,0.12359550561797752,2002-09-05T01:59:13Z,ls7,qd9u3s6mjhqq,0.008898651122187485,0.03604516910253159,0.0
,,1.0,,,,2002-09-21T01:59:01Z,ls7,qd9u3s6mjhqq,,,
0.0,0.547752808988764,0.0,0.07764044943820225,0.056179775280898875,0.3146067415730337,2002-10-23T01:59:02Z,ls7,qd9u3s6mjhqq,0.07811471736506155,0.5510987657810058,0.0
0.0,0.9085393258426968,0.0,0.08202247191011236,0.0,0.0,2002-11-08T01:59:07Z,ls7,qd9u3s6mjhqq,0.08280399274047186,0.9171960072595281,0.0
0.0,0.9272368421052631,0.1460674157303371,0.06197368421052633,0.0,0.0,2002-11-24T01:59:24Z,ls7,qd9u3s6mjhqq,0.06264964086193138,0.9373503591380686,0.0
0.0016853932584269663,0.897191011235955,0.0,0.0896629213483146,0.0,0.0,2002-12-10T01:59:29Z,ls7,qd9u3s6mjhqq,0.09070243237099342,0.9075926346897022,0.0017049329393043875
,,1.0,,,,2002-12-26T01:59:35Z,ls7,qd9u3s6mjhqq,,,
,,1.0,,,,2003-01-11T01:59:37Z,ls7,qd9u3s6mjhqq,,,
0.0008988764044943821,0.9637078651685395,0.0,0.024494382022471912,0.0,0.0,2003-01-27T01:59:44Z,ls7,qd9u3s6mjhqq,0.02476428490287402,0.9743269339997729,0.000908781097353175
0.001910112359550562,0.9665168539325842,0.0,0.02056179775280899,0.0,0.0,2003-02-28T01:59:55Z,ls7,qd9u3s6mjhqq,0.020790729379686436,0.9772778913883209,0.0019313792319927293
,,1.0,,,,2003-03-16T01:59:58Z,ls7,qd9u3s6mjhqq,,,
0.0,0.8902857142857143,0.2134831460674157,0.03257142857142858,0.014285714285714285,0.05714285714285714,2003-04-17T01:59:59Z,ls7,qd9u3s6mjhqq,0.03277310924369749,0.8957983193277311,0.0
0.0035955056179775282,0.9652808988764044,0.0,0.021235955056179777,0.0,0.0,2003-05-03T02:00:00Z,ls7,qd9u3s6mjhqq,0.021448025419881982,0.9749205628688152,0.003631411711302769
0.001910112359550562,0.9346067415730338,0.0,0.054719101123595515,0.0,0.0,2003-05-11T01:46:22Z,ls5,qd9u3s6mjhqq,0.0552029018363183,0.9428700974835638,0.001927000680117887
0.0,0.40516853932584274,0.0,0.029775280898876405,0.033707865168539325,0.5280898876404494,2003-05-19T01:59:55Z,ls7,qd9u3s6mjhqq,0.02999834551940532,0.40820390167160603,0.0
0.0011235955056179776,0.29337078651685394,0.0,0.02910112359550562,0.2696629213483146,0.4044943820224719,2003-05-27T01:46:41Z,ls5,qd9u3s6mjhqq,0.029303214731585526,0.29540808364544324,0.0011313982521847694
0.0007865168539325844,0.44741573033707865,0.0,0.04359550561797753,0.12359550561797752,0.38202247191011235,2003-06-12T01:46:58Z,ls5,qd9u3s6mjhqq,0.04382458869524815,0.4497667839806137,0.0007906497960482915
,,1.0,,,,2003-06-28T01:47:21Z,ls5,qd9u3s6mjhqq,,,
0.0,0.030337078651685397,0.0,0.0032584269662921353,0.7078651685393258,0.25842696629213485,2003-07-22T01:59:46Z,ls7,qd9u3s6mjhqq,0.0032693247153432812,0.03043854045319607,0.0
0.0,0.008651685393258427,0.0,0.0024719101123595504,0.8651685393258427,0.12359550561797752,2003-07-30T01:47:55Z,ls5,qd9u3s6mjhqq,0.002496878901373283,0.00873907615480649,0.0
,,1.0,,,,2003-08-07T01:59:37Z,ls7,qd9u3s6mjhqq,,,
0.003707865168539326,0.034719101123595504,0.0,0.006516853932584271,0.8876404494382022,0.06741573033707865,2003-08-31T01:48:29Z,ls5,qd9u3s6mjhqq,0.006516853932584278,0.034719101123595546,0.0037078651685393304
0.0,0.047752808988764044,0.0,0.008089887640449439,0.8876404494382022,0.056179775280898875,2003-09-16T01:48:45Z,ls5,qd9u3s6mjhqq,0.00813871996021071,0.04804105532068822,0.0
0.0,0.11651685393258428,0.0,0.017865168539325845,0.6741573033707865,0.19101123595505617,2003-10-02T01:48:57Z,ls5,qd9u3s6mjhqq,0.017924918266882122,0.11690654240727522,0.0
,,1.0,,,,2003-10-10T01:59:17Z,ls7,qd9u3s6mjhqq,,,
0.0,0.1803225806451613,0.651685393258427,0.043225806451612905,0.06451612903225806,0.7096774193548387,2003-10-18T01:49:10Z,ls5,qd9u3s6mjhqq,0.04366243075920495,0.18214402085369827,0.0
,,1.0,,,,2003-10-26T01:59:37Z,ls7,qd9u3s6mjhqq,,,
0.00033707865168539324,0.8959550561797752,0.0,0.09820224719101124,0.0,0.0,2003-11-03T01:49:15Z,ls5,qd9u3s6mjhqq,0.09874590441757994,0.9009151508304146,0.00033894475200542314
0.0,0.8575,0.1910112359550562,0.12805555555555556,0.0,0.0,2003-11-11T01:59:45Z,ls7,qd9u3s6mjhqq,0.12993235625704622,0.8700676437429538,0.0
0.0,0.93438202247191,0.0,0.05584269662921348,0.0,0.0,2003-11-27T01:59:55Z,ls7,qd9u3s6mjhqq,0.056393963463065924,0.9436060365369341,0.0
,,1.0,,,,2003-12-05T01:49:45Z,ls5,qd9u3s6mjhqq,,,
0.0,0.9450000000000001,0.8426966292134832,0.04642857142857143,0.0,0.0,2003-12-13T02:00:00Z,ls7,qd9u3s6mjhqq,0.04682997118155619,0.9531700288184437,0.0
0.0014606741573033708,0.9484269662921347,0.0,0.03932584269662921,0.0,0.0,2003-12-21T01:49:53Z,ls5,qd9u3s6mjhqq,0.03975465697410269,0.958768741481145,0.0014766015447523855
,,1.0,,,,2003-12-29T02:00:08Z,ls7,qd9u3s6mjhqq,,,
0.0016666666666666666,0.9716666666666668,0.797752808988764,0.018888888888888886,0.0,0.0,2004-01-14T02:00:09Z,ls7,qd9u3s6mjhqq,0.019036954087346018,0.9792833146696529,0.0016797312430011195
0.006629213483146068,0.9369662921348315,0.0,0.05123595505617977,0.0,0.0,2004-01-22T01:50:03Z,ls5,qd9u3s6mjhqq,0.051502145922746774,0.9418341992319856,0.006663654845267677
0.008314606741573034,0.9495505617977527,0.0,0.03112359550561798,0.0,0.0,2004-02-07T01:50:08Z,ls5,qd9u3s6mjhqq,0.031470120427175646,0.9601226993865031,0.008407180186321294
0.0,0.9656666666666668,0.3258426966292135,0.022500000000000003,0.0,0.0,2004-02-15T02:00:21Z,ls7,qd9u3s6mjhqq,0.02276943835385394,0.9772305616461461,0.0
0.012921348314606741,0.9494382022471912,0.0,0.026629213483146067,0.0,0.0,2004-02-23T01:50:13Z,ls5,qd9u3s6mjhqq,0.026925698704839802,0.9600090888434446,0.013065212451715515
0.010444444444444445,0.9604444444444445,0.4943820224719101,0.018000000000000002,0.0,0.0,2004-03-02T02:00:23Z,ls7,qd9u3s6mjhqq,0.018202247191011236,0.9712359550561798,0.010561797752808988
0.0249438202247191,0.9328089887640449,0.0,0.03123595505617978,0.0,0.0,2004-03-10T01:50:18Z,ls5,qd9u3s6mjhqq,0.03158373097023404,0.9431947284708021,0.02522154055896387
0.006395348837209303,0.9731395348837211,0.0337078651685393,0.010813953488372094,0.0,0.0,2004-03-18T02:00:30Z,ls7,qd9u3s6mjhqq,0.010919337794998239,0.9826229893154866,0.006457672889515088
0.015842696629213483,0.9502247191011237,0.0,0.02393258426966292,0.0,0.0,2004-03-26T01:50:20Z,ls5,qd9u3s6mjhqq,0.024174327545114057,0.9598229485869936,0.016002723867892407
0.005056179775280899,0.969438202247191,0.0,0.015393258426966294,0.0,0.0,2004-04-03T02:00:30Z,ls7,qd9u3s6mjhqq,0.015550510783200909,0.9793416572077185,0.005107832009080591
0.0,0.9278651685393258,0.0,0.06382022471910113,0.0,0.0,2004-04-11T01:50:47Z,ls5,qd9u3s6mjhqq,0.06435531384545662,0.9356446861545434,0.0
,,1.0,,,,2004-04-27T01:51:15Z,ls5,qd9u3s6mjhqq,,,
0.009545454545454544,0.9715909090909091,0.011235955056179803,0.01090909090909091,0.0,0.0,2004-05-05T02:00:25Z,ls7,qd9u3s6mjhqq,0.010996563573883164,0.9793814432989691,0.009621993127147767
0.0011235955056179776,0.2838202247191011,0.0,0.03898876404494382,0.2247191011235955,0.449438202247191,2004-05-13T01:51:43Z,ls5,qd9u3s6mjhqq,0.039218666573131146,0.28549380911737543,0.0011302209387069493
0.0,0.0,0.9775280898876404,0.0,0.0,1.0,2004-05-21T02:00:25Z,ls7,qd9u3s6mjhqq,0.0,0.0,0.0
0.0,0.13393258426966295,0.0,0.011235955056179775,0.6629213483146067,0.19101123595505617,2004-05-29T01:52:10Z,ls5,qd9u3s6mjhqq,0.011305527533307824,0.1347618881970293,0.0
0.0,0.019325842696629215,0.0,0.0031460674157303375,0.9101123595505618,0.06741573033707865,2004-06-06T02:00:20Z,ls7,qd9u3s6mjhqq,0.003146067415730337,0.019325842696629212,0.0
0.0020224719101123597,0.02415730337078652,0.0,0.007640449438202247,0.898876404494382,0.06741573033707865,2004-06-14T01:52:39Z,ls5,qd9u3s6mjhqq,0.007615065885251414,0.02407704654895668,0.002015752734331257
,,1.0,,,,2004-06-30T01:53:08Z,ls5,qd9u3s6mjhqq,,,
,,1.0,,,,2004-07-08T02:00:14Z,ls7,qd9u3s6mjhqq,,,
0.005842696629213483,0.033707865168539325,0.0,0.01662921348314607,0.8202247191011236,0.12359550561797752,2004-07-16T01:53:34Z,ls5,qd9u3s6mjhqq,0.01662921348314607,0.033707865168539325,0.005842696629213483
0.0,0.05800000000000001,0.550561797752809,0.01625,0.8,0.125,2004-07-24T02:00:09Z,ls7,qd9u3s6mjhqq,0.016414141414141402,0.058585858585858554,0.0
0.0,0.01786516853932584,0.0,0.004606741573033707,0.8539325842696629,0.12359550561797752,2004-08-01T01:53:55Z,ls5,qd9u3s6mjhqq,0.0046067415730337135,0.017865168539325862,0.0
0.0,0.026966292134831465,0.0,0.006629213483146068,0.8314606741573034,0.1348314606741573,2004-08-09T02:00:02Z,ls7,qd9u3s6mjhqq,0.006651384765698389,0.027056480402840904,0.0
,,1.0,,,,2004-08-17T01:54:17Z,ls5,qd9u3s6mjhqq,,,
0.335,0.0,0.9775280898876404,0.17,0.5,0.0,2004-08-25T02:00:01Z,ls7,qd9u3s6mjhqq,0.16831683168316833,0.0,0.3316831683168317
0.00044943820224719103,0.05337078651685393,0.0,0.012921348314606741,0.7865168539325843,0.14606741573033707,2004-09-02T01:54:43Z,ls5,qd9u3s6mjhqq,0.013051866984451248,0.05390988537055951,0.0004539779820678696
0.0010112359550561798,0.03449438202247191,0.0,0.009325842696629214,0.8202247191011236,0.1348314606741573,2004-09-10T01:59:55Z,ls7,qd9u3s6mjhqq,0.009349215735969136,0.034580834107741265,0.0010137703810087016
0.019325842696629212,0.0037078651685393256,0.0,0.010449438202247191,0.9101123595505618,0.056179775280898875,2004-09-18T01:55:08Z,ls5,qd9u3s6mjhqq,0.010519568659980393,0.003732750169670462,0.019455546338888467
,,1.0,,,,2004-09-26T01:59:50Z,ls7,qd9u3s6mjhqq,,,
0.0,0.13154761904761905,0.0561797752808989,0.022380952380952383,0.6190476190476191,0.2261904761904762,2004-10-04T01:55:29Z,ls5,qd9u3s6mjhqq,0.022502117629727834,0.1322597871321769,0.0
0.0,0.49179775280898874,0.0,0.07853932584269663,0.15730337078651685,0.2696629213483146,2004-10-20T01:55:50Z,ls5,qd9u3s6mjhqq,0.07891067017292215,0.49412303769224647,0.0
0.0,0.825,0.9775280898876404,0.17,0.0,0.0,2004-10-28T02:00:03Z,ls7,qd9u3s6mjhqq,0.17085427135678394,0.829145728643216,0.0
,,1.0,,,,2004-11-05T01:56:09Z,ls5,qd9u3s6mjhqq,,,
0.0,0.9437078651685392,0.0,0.04719101123595506,0.0,0.0,2004-11-13T02:00:10Z,ls7,qd9u3s6mjhqq,0.04762444721623768,0.9523755527837623,0.0
0.0028089887640449437,0.9376404494382022,0.0,0.05011235955056181,0.0,0.0,2004-11-21T01:56:23Z,ls5,qd9u3s6mjhqq,0.050589836660617074,0.9465744101633394,0.0028357531760435572
,,1.0,,,,2004-11-29T02:00:20Z,ls7,qd9u3s6mjhqq,,,
0.0024719101123595504,0.9299999999999999,0.0,0.05955056179775281,0.0,0.0,2004-12-07T01:56:46Z,ls5,qd9u3s6mjhqq,0.060029448408653305,0.9374787631668365,0.002491788424510137
0.0,0.9441666666666667,0.8651685393258427,0.04916666666666667,0.0,0.0,2004-12-15T02:00:26Z,ls7,qd9u3s6mjhqq,0.04949664429530201,0.950503355704698,0.0
0.00033707865168539324,0.9465168539325842,0.0,0.04426966292134832,0.0,0.0,2004-12-23T01:57:03Z,ls5,qd9u3s6mjhqq,0.0446661376261195,0.9549937648792655,0.00034009749461512304
0.00022471910112359551,0.951685393258427,0.0,0.03876404494382023,0.0,0.0,2004-12-31T02:00:35Z,ls7,qd9u3s6mjhqq,0.03912895542701599,0.9606442100487693,0.00022683452421458543
0.005280898876404495,0.9393258426966291,0.0,0.045955056179775286,0.0,0.0,2005-01-08T01:57:15Z,ls5,qd9u3s6mjhqq,0.04639292196007261,0.9482758620689655,0.005331215970961889
0.00823529411764706,0.958235294117647,0.8089887640449438,0.025294117647058825,0.0,0.0,2005-01-16T02:00:38Z,ls7,qd9u3s6mjhqq,0.025504151838671416,0.9661921708185054,0.008303677342823253
0.0050561797752808986,0.9486516853932585,0.0,0.03550561797752809,0.0,0.0,2005-01-24T01:57:28Z,ls5,qd9u3s6mjhqq,0.03589277601090413,0.9589959109495684,0.0051113130395274865
0.015666666666666666,0.971,0.6629213483146068,0.007000000000000001,0.0,0.0,2005-02-01T02:00:42Z,ls7,qd9u3s6mjhqq,0.007044615900704462,0.9771888627977189,0.01576652130157665
0.014382022471910113,0.9477528089887641,0.0,0.027191011235955055,0.0,0.0,2005-02-09T01:57:41Z,ls5,qd9u3s6mjhqq,0.027484383872799542,0.9579784213515049,0.014537194775695627
,,1.0,,,,2005-02-17T02:00:51Z,ls7,qd9u3s6mjhqq,,,
,,1.0,,,,2005-02-25T01:57:58Z,ls5,qd9u3s6mjhqq,,,
,,1.0,,,,2005-03-13T01:58:10Z,ls5,qd9u3s6mjhqq,,,
0.0023076923076923075,0.9646153846153849,0.4157303370786517,0.024423076923076922,0.0,0.0,2005-03-21T02:00:56Z,ls7,qd9u3s6mjhqq,0.024636275460717744,0.9730358874878758,0.0023278370514064005
0.0,0.975,0.9775280898876404,0.015,0.0,0.0,2005-03-29T01:58:17Z,ls5,qd9u3s6mjhqq,0.015151515151515152,0.9848484848484849,0.0
0.00015151515151515152,0.125,0.2584269662921348,0.010606060606060605,0.5303030303030303,0.3333333333333333,2005-04-06T02:00:52Z,ls7,qd9u3s6mjhqq,0.010653409090909092,0.12555803571428575,0.0001521915584415585
0.0007547169811320754,0.5426415094339623,0.4044943820224719,0.05603773584905661,0.07547169811320754,0.32075471698113206,2005-04-14T01:58:21Z,ls5,qd9u3s6mjhqq,0.056443422951520675,0.546569981173648,0.0007601807804918609
0.0,0.9460344827586208,0.348314606741573,0.02982758620689655,0.0,0.017241379310344827,2005-04-22T02:00:46Z,ls7,qd9u3s6mjhqq,0.0300383818691361,0.952720238820519,0.0
0.0,0.091,0.7752808988764045,0.009000000000000001,0.7,0.2,2005-05-08T02:00:51Z,ls7,qd9u3s6mjhqq,0.009000000000000005,0.09100000000000003,0.0
0.023548387096774193,0.0035483870967741938,0.651685393258427,0.005161290322580645,0.967741935483871,0.0,2005-05-24T02:00:50Z,ls7,qd9u3s6mjhqq,0.005161290322580641,0.0035483870967741907,0.023548387096774172
0.8754838709677419,0.0,0.3033707865168539,0.1232258064516129,0.0,0.0,2005-06-01T01:58:41Z,ls5,qd9u3s6mjhqq,0.12338501291989663,0.0,0.8766149870801034
0.00011235955056179776,0.00752808988764045,0.0,0.0034831460674157304,0.9662921348314607,0.02247191011235955,2005-06-17T01:58:48Z,ls5,qd9u3s6mjhqq,0.003518329361025982,0.007604131199636799,0.00011349449551696713
0.0,0.12083333333333333,0.8651685393258427,0.045000000000000005,0.75,0.08333333333333333,2005-06-25T02:00:39Z,ls7,qd9u3s6mjhqq,0.04522613065326634,0.12144053601340035,0.0
,,1.0,,,,2005-07-03T01:58:51Z,ls5,qd9u3s6mjhqq,,,
0.0,0.0,0.5842696629213483,0.0,0.972972972972973,0.02702702702702703,2005-07-11T02:00:40Z,ls7,qd9u3s6mjhqq,0.0,0.0,0.0
0.0035955056179775282,0.003820224719101124,0.0,0.003707865168539326,0.898876404494382,0.0898876404494382,2005-07-19T01:59:02Z,ls5,qd9u3s6mjhqq,0.0037453183520599342,0.003858812847576902,0.003631823856542966
0.001910112359550562,0.01606741573033708,0.0,0.004269662921348315,0.9438202247191011,0.033707865168539325,2005-07-27T02:00:39Z,ls7,qd9u3s6mjhqq,0.004312790829644768,0.016229712858926364,0.0019294064237884486
,,1.0,,,,2005-08-04T01:59:11Z,ls5,qd9u3s6mjhqq,,,
,,1.0,,,,2005-08-12T02:00:35Z,ls7,qd9u3s6mjhqq,,,
0.0032584269662921353,0.013595505617977528,0.0,0.005280898876404495,0.8651685393258427,0.11235955056179775,2005-08-20T01:59:17Z,ls5,qd9u3s6mjhqq,0.005361318656248218,0.013802543774596476,0.003308047681514858
,,1.0,,,,2005-08-28T02:00:28Z,ls7,qd9u3s6mjhqq,,,
,,1.0,,,,2005-09-05T01:59:21Z,ls5,qd9u3s6mjhqq,,,
,,1.0,,,,2005-10-07T01:59:18Z,ls5,qd9u3s6mjhqq,,,
0.04685393258426966,0.1197752808988764,0.0,0.05629213483146068,0.4606741573033708,0.3146067415730337,2005-10-15T02:00:21Z,ls7,qd9u3s6mjhqq,0.05674610366074666,0.12074121058354474,0.04723178687930409
0.006404494382022471,0.13539325842696628,0.0,0.03674157303370786,0.5842696629213483,0.23595505617977527,2005-10-23T01:59:17Z,ls5,qd9u3s6mjhqq,0.03699591998359508,0.1363305308263978,0.006448830088883546
,,1.0,,,,2005-10-31T02:00:34Z,ls7,qd9u3s6mjhqq,,,
0.00033707865168539324,0.27179775280898877,0.0,0.05123595505617978,0.4157303370786517,0.25842696629213485,2005-11-08T01:59:26Z,ls5,qd9u3s6mjhqq,0.051627612808520275,0.2738754284732687,0.00033965534742447543
0.0,0.5855555555555556,0.898876404494382,0.07444444444444444,0.0,0.3333333333333333,2005-11-16T02:00:44Z,ls7,qd9u3s6mjhqq,0.07519640852974187,0.5914702581369249,0.0
0.0,0.8878048780487805,0.5393258426966292,0.10317073170731708,0.0,0.0,2005-11-24T01:59:50Z,ls5,qd9u3s6mjhqq,0.10411026335220282,0.8958897366477973,0.0
0.0,0.98,0.9887640449438202,0.01,0.0,0.0,2005-12-02T02:00:50Z,ls7,qd9u3s6mjhqq,0.010101010101010102,0.98989898989899,0.0
0.0,0.79,0.9887640449438202,0.2,0.0,0.0,2005-12-18T02:00:52Z,ls7,qd9u3s6mjhqq,0.20202020202020204,0.797979797979798,0.0
0.0,0.8805617977528089,0.0,0.10752808988764047,0.0,0.0,2006-01-19T02:01:09Z,ls7,qd9u3s6mjhqq,0.10882419831703437,0.8911758016829656,0.0
0.0,0.9558426966292134,0.0,0.03213483146067416,0.0,0.0,2006-01-27T02:01:20Z,ls5,qd9u3s6mjhqq,0.03252587285340612,0.9674741271465939,0.0
0.0006741573033707865,0.9041573033707865,0.0,0.08213483146067416,0.0,0.0,2006-02-04T02:01:15Z,ls7,qd9u3s6mjhqq,0.08321948998178506,0.9160974499089253,0.0006830601092896175
0.0,0.9237078651685394,0.0,0.06426966292134831,0.0,0.0,2006-02-12T02:01:42Z,ls5,qd9u3s6mjhqq,0.06505174570681223,0.9349482542931878,0.0
0.0005617977528089888,0.9364044943820223,0.0,0.05134831460674159,0.0,0.0,2006-02-20T02:01:19Z,ls7,qd9u3s6mjhqq,0.05195543428831289,0.9474761255115962,0.0005684402000909506
0.0,0.9070786516853931,0.0,0.08258426966292136,0.0,0.0,2006-02-28T02:02:02Z,ls5,qd9u3s6mjhqq,0.08344686648501365,0.9165531335149864,0.0
0.00011904761904761905,0.9386904761904763,0.0561797752808989,0.0475,0.0,0.0,2006-03-08T02:01:20Z,ls7,qd9u3s6mjhqq,0.04815932407966204,0.951719975859988,0.00012070006035003017
,,1.0,,,,2006-04-09T02:01:17Z,ls7,qd9u3s6mjhqq,,,
0.003370786516853933,0.9360674157303371,0.0,0.04955056179775282,0.0,0.0,2006-04-17T02:02:57Z,ls5,qd9u3s6mjhqq,0.05010224948875256,0.9464894342194955,0.0034083162917518746
,,1.0,,,,2006-04-25T02:01:16Z,ls7,qd9u3s6mjhqq,,,
0.00022471910112359551,0.9314606741573033,0.0,0.06,0.0,0.0,2006-05-03T02:03:12Z,ls5,qd9u3s6mjhqq,0.060503059143439834,0.9392703376387944,0.00022660321776569228
0.00631578947368421,0.9194736842105264,0.7865168539325843,0.06421052631578947,0.0,0.0,2006-05-11T02:01:18Z,ls7,qd9u3s6mjhqq,0.06485911749069642,0.9287612971823499,0.006379585326953747
0.0,0.7882022471910113,0.0,0.05977528089887641,0.0449438202247191,0.10112359550561797,2006-05-19T02:03:24Z,ls5,qd9u3s6mjhqq,0.06019506225406926,0.7937375220155937,0.0
0.005666666666666666,0.9246666666666666,0.3258426966292135,0.059833333333333336,0.0,0.0,2006-05-27T02:01:18Z,ls7,qd9u3s6mjhqq,0.06042753745160748,0.9338495202827807,0.005722942265611849
0.00022471910112359551,0.8992134831460674,0.0,0.0702247191011236,0.0,0.02247191011235955,2006-06-04T02:03:39Z,ls5,qd9u3s6mjhqq,0.07079432864192066,0.9065072193940655,0.0002265418516541461
0.0066265060240963845,0.9357831325301205,0.0674157303370787,0.04746987951807229,0.0,0.0,2006-06-12T02:01:15Z,ls7,qd9u3s6mjhqq,0.047955209347614415,0.9453505355404089,0.00669425511197663
0.028947368421052635,0.3610526315789474,0.7865168539325843,0.08578947368421053,0.5263157894736842,0.0,2006-06-20T02:03:53Z,ls5,qd9u3s6mjhqq,0.08540987424312996,0.35945505356311136,0.028819282720074526
0.0016853932584269663,0.7642696629213485,0.0,0.0703370786516854,0.011235955056179775,0.14606741573033707,2006-07-06T02:04:08Z,ls5,qd9u3s6mjhqq,0.07087573423184743,0.7701225946406169,0.001698300341018708
0.0,0.3589887640449438,0.0,0.02056179775280899,0.19101123595505617,0.42696629213483145,2006-07-14T02:01:02Z,ls7,qd9u3s6mjhqq,0.020695711178078915,0.36132676073203346,0.0
0.0010112359550561798,0.49426966292134833,0.0,0.06146067415730338,0.0898876404494382,0.34831460674157305,2006-07-22T02:04:21Z,ls5,qd9u3s6mjhqq,0.06201884375106295,0.49875848932527583,0.0010204197326500303
0.0,0.16699999999999998,0.8876404494382022,0.033,0.1,0.7,2006-07-30T02:00:56Z,ls7,qd9u3s6mjhqq,0.033000000000000015,0.16700000000000004,0.0
,,1.0,,,,2006-08-14T02:10:49Z,ls5,qd9u3s6mjhqq,,,
0.04218181818181818,0.00036363636363636367,0.3820224719101124,0.011999999999999999,0.7818181818181819,0.16363636363636364,2006-08-23T02:04:45Z,ls5,qd9u3s6mjhqq,0.01199999999999999,0.00036363636363636345,0.042181818181818154
0.0022222222222222222,0.8705555555555556,0.3932584269662921,0.1174074074074074,0.0,0.0,2006-09-16T02:00:46Z,ls7,qd9u3s6mjhqq,0.11857116139891527,0.8791845894894333,0.0022442491116513932
0.0008988764044943821,0.8821348314606741,0.0,0.11280898876404495,0.0,0.0,2006-09-24T02:05:09Z,ls5,qd9u3s6mjhqq,0.11327992778968748,0.8858174433036218,0.0009026289066907369
0.0044444444444444444,0.8444444444444444,0.898876404494382,0.14333333333333334,0.0,0.0,2006-10-02T02:00:39Z,ls7,qd9u3s6mjhqq,0.1444568868980963,0.851063829787234,0.004479283314669653
0.0,0.882247191011236,0.0,0.11112359550561798,0.0,0.0,2006-10-10T02:05:19Z,ls5,qd9u3s6mjhqq,0.11186517362289333,0.8881348263771066,0.0
0.001095890410958904,0.8878082191780821,0.1797752808988764,0.10410958904109589,0.0,0.0,2006-10-18T02:00:46Z,ls7,qd9u3s6mjhqq,0.10484204717892125,0.8940543523244585,0.0011036004966202236
0.0015730337078651688,0.8795505617977528,0.0,0.11157303370786517,0.0,0.0,2006-10-26T02:05:29Z,ls5,qd9u3s6mjhqq,0.11239388794567062,0.886021505376344,0.0015846066779852859
0.0,0.89,0.7640449438202247,0.10190476190476189,0.0,0.0,2006-11-03T02:01:01Z,ls7,qd9u3s6mjhqq,0.10273643783005279,0.8972635621699473,0.0
0.0,0.8846067415730335,0.0,0.10808988764044945,0.0,0.0,2006-11-11T02:05:37Z,ls5,qd9u3s6mjhqq,0.10888511601584609,0.8911148839841538,0.0
0.00823529411764706,0.8482352941176471,0.8089887640449438,0.13529411764705884,0.0,0.0,2006-11-19T02:01:13Z,ls7,qd9u3s6mjhqq,0.13641755634638197,0.8552787663107948,0.008303677342823251
0.0028089887640449437,0.9184269662921348,0.0,0.07168539325842697,0.0,0.0,2006-11-27T02:05:46Z,ls5,qd9u3s6mjhqq,0.07219644675794955,0.9249745388706575,0.002829014371393007
0.0,0.9324242424242424,0.6292134831460674,0.061212121212121225,0.0,0.0,2006-12-05T02:01:21Z,ls7,qd9u3s6mjhqq,0.06160414760597745,0.9383958523940225,0.0
0.0,0.9037647058823529,0.0449438202247191,0.09058823529411765,0.0,0.0,2006-12-13T02:05:54Z,ls5,qd9u3s6mjhqq,0.0911026975863701,0.9088973024136299,0.0
0.0,0.9215517241379311,0.348314606741573,0.07051724137931034,0.0,0.0,2006-12-21T02:01:26Z,ls7,qd9u3s6mjhqq,0.0710809871393813,0.9289190128606187,0.0
0.003483146067415731,0.9332584269662921,0.0,0.056404494382022476,0.0,0.0,2006-12-29T02:06:01Z,ls5,qd9u3s6mjhqq,0.05679375494965495,0.9396990609797489,0.003507184070596222
0.001348314606741573,0.9351685393258425,0.0,0.056179775280898875,0.0,0.0,2007-01-06T02:01:27Z,ls7,qd9u3s6mjhqq,0.05659309564233164,0.9420486700622523,0.0013582342954159593
0.0011235955056179776,0.909438202247191,0.0,0.08247191011235956,0.0,0.0,2007-01-14T02:06:07Z,ls5,qd9u3s6mjhqq,0.08305046390586107,0.9158180583842498,0.0011314777098891152
0.0,0.9627272727272728,0.8764044943820225,0.030000000000000002,0.0,0.0,2007-01-22T02:01:30Z,ls7,qd9u3s6mjhqq,0.03021978021978022,0.9697802197802198,0.0
0.010898876404494382,0.9249438202247192,0.0,0.05550561797752811,0.0,0.0,2007-01-30T02:06:11Z,ls5,qd9u3s6mjhqq,0.055990026068230773,0.9330159809588575,0.010993992972911707
0.00752808988764045,0.9666292134831459,0.0,0.018426966292134833,0.0,0.0,2007-02-07T02:01:37Z,ls7,qd9u3s6mjhqq,0.018564636631197652,0.9738510301109351,0.007584333257867333
0.011235955056179775,0.9342696629213484,0.0,0.04426966292134832,0.0,0.0,2007-02-15T02:06:13Z,ls5,qd9u3s6mjhqq,0.04472698376660234,0.9439209898966966,0.0113520263367011
0.006853932584269663,0.9598876404494383,0.0,0.02404494382022472,0.0,0.0,2007-02-23T02:01:42Z,ls7,qd9u3s6mjhqq,0.024268541619414833,0.968813789975051,0.006917668405534134
0.004606741573033708,0.9267415730337079,0.0,0.06,0.0,0.0,2007-03-03T02:06:12Z,ls5,qd9u3s6mjhqq,0.06052363141788507,0.9348294230987192,0.00464694548339567
0.010114942528735632,0.9573563218390804,0.022471910112359605,0.02264367816091954,0.0,0.0,2007-03-11T02:01:45Z,ls7,qd9u3s6mjhqq,0.022869746923612724,0.9669143255166008,0.010215927559786394
0.03761904761904762,0.9030952380952381,0.5280898876404494,0.048095238095238094,0.0,0.0,2007-03-19T02:06:09Z,ls5,qd9u3s6mjhqq,0.04863953768360221,0.9133156754153624,0.038044786901035396
,,1.0,,,,2007-03-27T02:01:46Z,ls7,qd9u3s6mjhqq,,,
0.01707865168539326,0.908314606741573,0.0,0.06674157303370787,0.0,0.0,2007-04-04T02:06:06Z,ls5,qd9u3s6mjhqq,0.06727066817667045,0.915515288788222,0.01721404303510759
0.0010526315789473684,0.9357894736842106,0.7865168539325843,0.05421052631578947,0.0,0.0,2007-04-12T02:01:45Z,ls7,qd9u3s6mjhqq,0.054699946893255434,0.9442379182156133,0.0010621348911311736
0.01202247191011236,0.9343820224719103,0.0,0.0448314606741573,0.0,0.0,2007-04-20T02:06:00Z,ls5,qd9u3s6mjhqq,0.04522783949217863,0.9426433915211969,0.012128768986624346
0.0008823529411764705,0.954705882352941,0.2359550561797753,0.03588235294117647,0.0,0.0,2007-04-28T02:01:42Z,ls7,qd9u3s6mjhqq,0.036191041234055185,0.9629190151290419,0.0008899436369029963
0.017619047619047618,0.9269047619047621,0.0561797752808989,0.045,0.0,0.0,2007-05-14T02:01:37Z,ls7,qd9u3s6mjhqq,0.0454764196342637,0.9367179980750722,0.017805582290664094
0.0007865168539325844,0.9292134831460674,0.0,0.06191011235955056,0.0,0.0,2007-05-22T02:05:41Z,ls5,qd9u3s6mjhqq,0.06241504304485727,0.9367920253738106,0.0007929315813321251
0.0005617977528089888,0.8047191011235956,0.0,0.030337078651685397,0.0449438202247191,0.11235955056179775,2007-05-30T02:01:29Z,ls7,qd9u3s6mjhqq,0.030594068829856186,0.8115360035534445,0.000566556830182522
0.0,0.7465168539325843,0.0,0.038539325842696634,0.02247191011235955,0.1797752808988764,2007-06-15T02:01:30Z,ls7,qd9u3s6mjhqq,0.039162618217138415,0.7585901907716257,0.0
,,1.0,,,,2007-06-23T02:05:08Z,ls5,qd9u3s6mjhqq,,,
0.0,0.0,0.898876404494382,0.0,1.0,0.0,2007-07-01T02:01:29Z,ls7,qd9u3s6mjhqq,0.0,0.0,0.0
0.00022471910112359551,0.10786516853932585,0.0,0.014831460674157304,0.5617977528089888,0.3146067415730337,2007-07-09T02:04:57Z,ls5,qd9u3s6mjhqq,0.01491280323726968,0.10845675081650676,0.00022595156420105575
0.0007547169811320754,0.18415094339622645,0.4044943820224719,0.021132075471698115,0.3584905660377358,0.4339622641509434,2007-07-17T02:01:26Z,ls7,qd9u3s6mjhqq,0.021286889211417515,0.18550003455663838,0.0007602460432649112
,,1.0,,,,2007-07-25T02:04:49Z,ls5,qd9u3s6mjhqq,,,
0.0,0.018539325842696627,0.0,0.003932584269662921,0.9550561797752809,0.02247191011235955,2007-08-02T02:01:21Z,ls7,qd9u3s6mjhqq,0.003932584269662922,0.01853932584269663,0.0
,,1.0,,,,2007-08-10T02:04:40Z,ls5,qd9u3s6mjhqq,,,
0.002359550561797753,0.03674157303370786,0.0,0.005280898876404495,0.8876404494382022,0.06741573033707865,2007-08-18T02:01:15Z,ls7,qd9u3s6mjhqq,0.005347745697624811,0.03720665623666623,0.002389418290428107
,,1.0,,,,2007-08-26T02:04:30Z,ls5,qd9u3s6mjhqq,,,
0.0,0.032,0.7191011235955056,0.008,0.8,0.16,2007-09-02T02:10:36Z,ls5,qd9u3s6mjhqq,0.007999999999999991,0.031999999999999966,0.0
0.0012676056338028169,0.08704225352112675,0.202247191011236,0.00971830985915493,0.8309859154929577,0.07042253521126761,2007-09-03T02:01:08Z,ls7,qd9u3s6mjhqq,0.009774162214667315,0.08754249635745506,0.0012748907236522582
,,1.0,,,,2007-09-10T02:07:15Z,ls7,qd9u3s6mjhqq,,,
0.0,0.090561797752809,0.0,0.02146067415730337,0.8089887640449438,0.07865168539325842,2007-09-11T02:04:22Z,ls5,qd9u3s6mjhqq,0.02152524990702445,0.09083430065477333,0.0
0.0022033898305084745,0.024745762711864405,0.3370786516853933,0.006779661016949153,0.8983050847457628,0.06779661016949153,2007-09-19T02:01:02Z,ls7,qd9u3s6mjhqq,0.006813729665275521,0.024870113278255643,0.002214462141214544
0.0,0.1919753086419753,0.0898876404494382,0.029012345679012348,0.6419753086419753,0.13580246913580246,2007-10-05T02:00:53Z,ls7,qd9u3s6mjhqq,0.029174425822470526,0.19304779639975175,0.0
0.0,0.0,0.2359550561797753,0.0,0.8529411764705882,0.14705882352941177,2007-10-21T02:01:06Z,ls7,qd9u3s6mjhqq,0.0,0.0,0.0
0.0,0.8659999999999999,0.7752808988764045,0.1265,0.0,0.0,2007-11-06T02:01:16Z,ls7,qd9u3s6mjhqq,0.127455919395466,0.8725440806045339,0.0
,,1.0,,,,2007-11-22T02:01:25Z,ls7,qd9u3s6mjhqq,,,
0.0,0.9292134831460673,0.0,0.06044943820224719,0.0,0.0,2007-12-08T02:01:31Z,ls7,qd9u3s6mjhqq,0.061080835603996374,0.9389191643960035,0.0
0.0,0.71,0.0786516853932584,0.06707317073170732,0.012195121951219513,0.2073170731707317,2007-12-24T02:01:34Z,ls7,qd9u3s6mjhqq,0.06736790531747125,0.7131198995605774,0.0
0.003820224719101124,0.9223595505617977,0.0,0.06438202247191012,0.0,0.0,2008-01-09T02:01:36Z,ls7,qd9u3s6mjhqq,0.06499546279491833,0.9311479128856623,0.0038566243194192375
0.0033333333333333335,0.9394252873563217,0.022471910112359605,0.04758620689655173,0.0,0.0,2008-01-17T02:02:20Z,ls5,qd9u3s6mjhqq,0.048050139275766034,0.9485840297121635,0.0033658310120705673
0.0012359550561797752,0.9517977528089887,0.0,0.037303370786516854,0.0,0.0,2008-01-24T02:08:22Z,ls5,qd9u3s6mjhqq,0.037667347401860674,0.9610846380757885,0.0012480145223508054
0.0007865168539325844,0.9556179775280899,0.0,0.03348314606741574,0.0,0.0,2008-01-25T02:01:35Z,ls7,qd9u3s6mjhqq,0.033825198637911474,0.9653802497162315,0.0007945516458569809
0.00033707865168539324,0.9498876404494381,0.0,0.03831460674157303,0.0,0.0,2008-02-02T02:02:03Z,ls5,qd9u3s6mjhqq,0.03875880882018641,0.9609002045919527,0.0003409865878608775
0.0,0.8807865168539324,0.0,0.11134831460674159,0.0,0.0,2008-02-09T02:08:07Z,ls5,qd9u3s6mjhqq,0.11223103057757648,0.8877689694224236,0.0
0.0,0.9232835820895522,0.2471910112359551,0.06746268656716418,0.0,0.0,2008-02-10T02:01:32Z,ls7,qd9u3s6mjhqq,0.06809279903585419,0.9319072009641458,0.0
0.004,0.9086666666666666,0.8314606741573034,0.082,0.0,0.0,2008-02-18T02:01:46Z,ls5,qd9u3s6mjhqq,0.08243967828418232,0.9135388739946381,0.004021447721179625
0.0007142857142857143,0.9563095238095238,0.0561797752808989,0.03166666666666667,0.0,0.0,2008-02-26T02:01:28Z,ls7,qd9u3s6mjhqq,0.03202889825406382,0.9672486453943409,0.0007224563515954244
,,1.0,,,,2008-03-13T02:01:22Z,ls7,qd9u3s6mjhqq,,,
,,1.0,,,,2008-03-20T02:07:34Z,ls7,qd9u3s6mjhqq,,,
0.014285714285714287,0.9057142857142857,0.9213483146067416,0.06571428571428573,0.0,0.0,2008-03-29T02:01:23Z,ls7,qd9u3s6mjhqq,0.06666666666666668,0.918840579710145,0.014492753623188408
0.0016666666666666666,0.9388888888888891,0.3932584269662921,0.04833333333333333,0.0,0.0,2008-04-14T02:01:22Z,ls7,qd9u3s6mjhqq,0.048876404494382006,0.949438202247191,0.0016853932584269657
0.0006741573033707865,0.9393258426966291,0.0,0.05123595505617978,0.0,0.0,2008-04-30T02:01:19Z,ls7,qd9u3s6mjhqq,0.051688959419632745,0.9476309226932668,0.0006801178871004307
0.0012359550561797752,0.7829213483146067,0.0,0.04033707865168539,0.02247191011235955,0.14606741573033707,2008-05-16T02:01:14Z,ls7,qd9u3s6mjhqq,0.04067789343451511,0.7895363828738198,0.0012463978489684296
0.0,0.5077777777777778,0.2921348314606742,0.026825396825396825,0.15873015873015872,0.30158730158730157,2008-06-01T02:01:06Z,ls7,qd9u3s6mjhqq,0.02708026995437922,0.5126022697281605,0.0
,,1.0,,,,2008-06-17T02:00:57Z,ls7,qd9u3s6mjhqq,,,
0.0,0.46941176470588236,0.8089887640449438,0.05647058823529411,0.47058823529411764,0.0,2008-07-03T02:00:47Z,ls7,qd9u3s6mjhqq,0.0568495854717726,0.47256217923410976,0.0
,,1.0,,,,2008-07-10T02:06:53Z,ls7,qd9u3s6mjhqq,,,
,,1.0,,,,2008-07-19T02:00:35Z,ls7,qd9u3s6mjhqq,,,
0.003932584269662921,0.014382022471910113,0.0,0.003932584269662921,0.9550561797752809,0.02247191011235955,2008-08-04T02:00:28Z,ls7,qd9u3s6mjhqq,0.00397230734309386,0.014527295426171831,0.00397230734309386
,,1.0,,,,2008-08-11T02:06:36Z,ls7,qd9u3s6mjhqq,,,
0.00033707865168539324,0.02696629213483146,0.0,0.006292134831460673,0.9213483146067416,0.0449438202247191,2008-08-20T02:00:22Z,ls7,qd9u3s6mjhqq,0.006313178760662878,0.027056480402840907,0.00033820600503551136
,,1.0,,,,2008-08-27T02:06:29Z,ls7,qd9u3s6mjhqq,,,
0.0,0.21473684210526317,0.5730337078651686,0.021052631578947368,0.7105263157894737,0.05263157894736842,2008-09-05T02:00:14Z,ls7,qd9u3s6mjhqq,0.021146616541353382,0.21569548872180452,0.0
0.0007865168539325844,0.05719101123595507,0.0,0.009213483146067417,0.7752808988764045,0.15730337078651685,2008-10-07T01:59:55Z,ls7,qd9u3s6mjhqq,0.009244297470970652,0.05738228552102515,0.0007891473450828605
0.0012359550561797752,0.19157303370786513,0.0,0.04269662921348314,0.5168539325842697,0.24719101123595505,2008-10-15T01:55:20Z,ls5,qd9u3s6mjhqq,0.04277811133030277,0.1919386311004374,0.0012383137490350803
,,1.0,,,,2008-10-23T02:00:03Z,ls7,qd9u3s6mjhqq,,,
0.00033707865168539324,0.140561797752809,0.0,0.02707865168539326,0.48314606741573035,0.34831460674157305,2008-10-31T01:54:47Z,ls5,qd9u3s6mjhqq,0.027169215737852758,0.1410319040998083,0.0003382060050355114
0.0038888888888888883,0.8488888888888889,0.797752808988764,0.1416666666666667,0.0,0.0,2008-11-08T02:00:18Z,ls7,qd9u3s6mjhqq,0.14245810055865923,0.853631284916201,0.003910614525139664
,,1.0,,,,2008-11-16T01:54:32Z,ls5,qd9u3s6mjhqq,,,
0.0,0.7417948717948717,0.5617977528089888,0.12307692307692307,0.0,0.1282051282051282,2008-11-24T02:00:30Z,ls7,qd9u3s6mjhqq,0.12406212228329039,0.7477327495115814,0.0
0.0010112359550561798,0.8891011235955055,0.0,0.10348314606741572,0.0,0.0,2008-12-02T01:55:04Z,ls5,qd9u3s6mjhqq,0.1041501752798824,0.8948320705642882,0.0010177541558294698
0.0,0.8115384615384615,0.8539325842696629,0.18076923076923077,0.0,0.0,2008-12-10T02:00:41Z,ls7,qd9u3s6mjhqq,0.1821705426356589,0.8178294573643411,0.0
0.007303370786516854,0.8903370786516853,0.0,0.09516853932584272,0.0,0.0,2008-12-18T01:55:33Z,ls5,qd9u3s6mjhqq,0.0958578542326845,0.8967858759619737,0.007356269805341784
0.0009523809523809524,0.9225,0.0561797752808989,0.06714285714285714,0.0,0.0,2008-12-26T02:00:49Z,ls7,qd9u3s6mjhqq,0.06778031486600168,0.9312582622280976,0.0009614229059007331
0.0006741573033707865,0.9269662921348315,0.0,0.06505617977528091,0.0,0.0,2009-01-03T01:55:59Z,ls5,qd9u3s6mjhqq,0.06553480475382005,0.9337860780984719,0.0006791171477079796
0.004545454545454545,0.9247272727272727,0.3820224719101124,0.06036363636363637,0.0,0.0,2009-01-11T02:00:55Z,ls7,qd9u3s6mjhqq,0.06099577438912365,0.9344111703104905,0.0045930553003858164
0.01449438202247191,0.9321348314606742,0.0,0.04415730337078652,0.0,0.0,2009-02-12T02:01:07Z,ls7,qd9u3s6mjhqq,0.04456792923565435,0.9408029031526424,0.014629167611703334
0.004382022471910113,0.95561797752809,0.0,0.029550561797752808,0.0,0.0,2009-02-20T01:57:14Z,ls5,qd9u3s6mjhqq,0.029862609288066305,0.9657090950380379,0.004428295673895764
0.0,0.9447191011235957,0.0,0.04561797752808988,0.0,0.0,2009-02-28T02:01:16Z,ls7,qd9u3s6mjhqq,0.04606308146131153,0.9539369185386884,0.0
0.0022471910112359553,0.9534831460674157,0.0,0.034943820224719105,0.0,0.0,2009-03-16T02:01:24Z,ls7,qd9u3s6mjhqq,0.03527276851536804,0.9624588862424861,0.0022683452421458548
0.002696629213483146,0.9017977528089888,0.0,0.09483146067415729,0.0,0.0,2009-03-24T01:57:59Z,ls5,qd9u3s6mjhqq,0.09489543512480324,0.9024061164830223,0.0026984483921745
0.0017977528089887641,0.9532584269662924,0.0,0.03550561797752809,0.0,0.0,2009-04-01T02:01:30Z,ls7,qd9u3s6mjhqq,0.035843920145190555,0.9623411978221417,0.0018148820326678763
0.0,0.9003846153846153,0.7078651685393258,0.09230769230769233,0.0,0.0,2009-04-17T02:01:35Z,ls7,qd9u3s6mjhqq,0.09298721425803955,0.9070127857419604,0.0
0.00011235955056179776,0.917191011235955,0.0,0.0747191011235955,0.0,0.0,2009-04-25T01:58:37Z,ls5,qd9u3s6mjhqq,0.07531996828632914,0.9245667686034659,0.00011326311020500624
0.0032584269662921344,0.9524719101123597,0.0,0.03797752808988764,0.0,0.0,2009-05-03T02:01:39Z,ls7,qd9u3s6mjhqq,0.03821800090456807,0.9585029398462235,0.0032790592492085023
0.0015730337078651683,0.9230337078651685,0.0,0.06584269662921349,0.0,0.0,2009-05-11T01:58:55Z,ls5,qd9u3s6mjhqq,0.06647759500850824,0.9319342030629608,0.001588201928530913
0.006179775280898877,0.9485393258426966,0.0,0.03606741573033708,0.0,0.0,2009-05-19T02:01:41Z,ls7,qd9u3s6mjhqq,0.03640281242912225,0.957359945565888,0.006237242004989795
,,1.0,,,,2009-06-04T02:01:41Z,ls7,qd9u3s6mjhqq,,,
,,1.0,,,,2009-06-20T02:01:39Z,ls7,qd9u3s6mjhqq,,,
0.20365384615384616,0.08615384615384616,0.4157303370786517,0.07615384615384616,0.4423076923076923,0.19230769230769232,2009-06-28T01:59:47Z,ls5,qd9u3s6mjhqq,0.07603379279679859,0.08601802821456003,0.20333279437325683
0.005955056179775281,0.038876404494382025,0.0,0.011123595505617978,0.8314606741573034,0.11235955056179775,2009-07-14T02:00:04Z,ls5,qd9u3s6mjhqq,0.011168268579937723,0.03903253463291366,0.005978972068047468
,,1.0,,,,2009-07-22T02:01:32Z,ls7,qd9u3s6mjhqq,,,
0.00033707865168539324,0.01910112359550562,0.0,0.0029213483146067415,0.8876404494382022,0.0898876404494382,2009-08-07T02:01:26Z,ls7,qd9u3s6mjhqq,0.0029360284568912044,0.019197109141211723,0.00033877251425667743
0.0,0.017191011235955053,0.0,0.005168539325842697,0.8876404494382022,0.0898876404494382,2009-08-15T02:00:33Z,ls5,qd9u3s6mjhqq,0.005194511885269056,0.01727739822709055,0.0
,,1.0,,,,2009-08-23T02:01:25Z,ls7,qd9u3s6mjhqq,,,
0.0016853932584269663,0.0353932584269663,0.0,0.007865168539325841,0.8876404494382022,0.06741573033707865,2009-08-31T02:00:47Z,ls5,qd9u3s6mjhqq,0.00786516853932585,0.03539325842696634,0.0016853932584269683
0.0,0.040634920634920635,0.2921348314606742,0.006507936507936508,0.8571428571428571,0.09523809523809523,2009-09-08T02:01:24Z,ls7,qd9u3s6mjhqq,0.006573673240339915,0.04104537437870776,0.0
,,1.0,,,,2009-09-16T02:01:00Z,ls5,qd9u3s6mjhqq,,,
0.0,0.02438356164383562,0.1797752808988764,0.0028767123287671234,0.9041095890410958,0.0684931506849315,2009-09-24T02:01:23Z,ls7,qd9u3s6mjhqq,0.0028911681696152046,0.02450609210435745,0.0
0.0014606741573033708,0.20292134831460673,0.0,0.03078651685393258,0.5730337078651685,0.19101123595505617,2009-10-02T02:01:12Z,ls5,qd9u3s6mjhqq,0.030889481793243405,0.20360001503137806,0.0014655593551538841
0.0,0.34266666666666673,0.1573033707865169,0.05546666666666667,0.28,0.32,2009-10-10T02:01:17Z,ls7,qd9u3s6mjhqq,0.05572672471533823,0.34427327528466173,0.0
0.0,0.82875,0.9101123595505618,0.16625,0.0,0.0,2009-10-18T02:01:22Z,ls5,qd9u3s6mjhqq,0.1670854271356784,0.8329145728643216,0.0
,,1.0,,,,2009-11-03T02:01:30Z,ls5,qd9u3s6mjhqq,,,
0.0,0.893235294117647,0.6179775280898876,0.0976470588235294,0.0,0.0,2009-11-11T02:01:48Z,ls7,qd9u3s6mjhqq,0.0985455624814485,0.9014544375185515,0.0
,,1.0,,,,2009-11-19T02:01:37Z,ls5,qd9u3s6mjhqq,,,
0.0008333333333333333,0.9069444444444444,0.5955056179775281,0.08916666666666667,0.0,0.0,2009-11-27T02:01:59Z,ls7,qd9u3s6mjhqq,0.08943995541933686,0.9097241571468375,0.000835887433825578
0.0016853932584269663,0.9162921348314607,0.0,0.07382022471910114,0.0,0.0,2009-12-05T02:01:46Z,ls5,qd9u3s6mjhqq,0.07443072391526002,0.9238699444885012,0.0016993315962388128
0.003076923076923077,0.9261538461538461,0.4157303370786517,0.06346153846153847,0.0,0.0,2009-12-13T02:02:11Z,ls7,qd9u3s6mjhqq,0.06392870980240219,0.9329717163889965,0.0030995738086013174
0.005,0.9363333333333334,0.6629213483146068,0.05233333333333333,0.0,0.0,2009-12-29T02:02:29Z,ls7,qd9u3s6mjhqq,0.05266689030526668,0.9423012411942301,0.005031868500503187
0.011428571428571429,0.9435714285714286,0.6853932584269663,0.03642857142857143,0.0,0.0,2010-01-14T02:02:44Z,ls7,qd9u3s6mjhqq,0.036743515850144085,0.9517291066282421,0.011527377521613832
0.013146067415730338,0.940449438202247,0.0,0.03382022471910113,0.0,0.0,2010-01-22T02:02:03Z,ls5,qd9u3s6mjhqq,0.034251251706873015,0.9524351388256713,0.013313609467455623
,,1.0,,,,2010-01-30T02:02:58Z,ls7,qd9u3s6mjhqq,,,
0.00752808988764045,0.9630337078651686,0.0,0.018764044943820224,0.0,0.0,2010-02-15T02:03:09Z,ls7,qd9u3s6mjhqq,0.018966496308915386,0.9734241908006814,0.00760931289040318
0.022359550561797756,0.9438202247191011,0.0,0.02314606741573034,0.0,0.0,2010-02-23T02:02:10Z,ls5,qd9u3s6mjhqq,0.023395797842135153,0.9540034071550256,0.0226007950028393
0.018823529411764704,0.953529411764706,0.4269662921348315,0.018627450980392157,0.0,0.0,2010-03-03T02:03:17Z,ls7,qd9u3s6mjhqq,0.018796992481203006,0.9622081519588445,0.01899485555995251
,,1.0,,,,2010-03-19T02:03:23Z,ls7,qd9u3s6mjhqq,,,
,,1.0,,,,2010-04-04T02:03:27Z,ls7,qd9u3s6mjhqq,,,
0.0125,0.5875,0.9550561797752809,0.14750000000000002,0.0,0.25,2010-04-20T02:03:27Z,ls7,qd9u3s6mjhqq,0.1479933110367893,0.5894648829431437,0.012541806020066888
,,1.0,,,,2010-04-28T02:02:03Z,ls5,qd9u3s6mjhqq,,,
0.0075,0.8875000000000001,0.8651685393258427,0.09666666666666668,0.0,0.0,2010-05-06T02:03:24Z,ls7,qd9u3s6mjhqq,0.09747899159663867,0.8949579831932774,0.007563025210084033
0.0012359550561797752,0.12303370786516855,0.0,0.02112359550561798,0.6629213483146067,0.19101123595505617,2010-05-14T02:02:01Z,ls5,qd9u3s6mjhqq,0.021221541079832602,0.12360418873625903,0.0012416859142455243
,,1.0,,,,2010-05-29T02:09:33Z,ls7,qd9u3s6mjhqq,,,
,,1.0,,,,2010-06-30T02:09:36Z,ls7,qd9u3s6mjhqq,,,
0.002619047619047619,0.0844047619047619,0.0561797752808989,0.0075,0.7857142857142857,0.11904761904761904,2010-07-25T02:03:28Z,ls7,qd9u3s6mjhqq,0.007556675062972294,0.08504258126424374,0.0026388389108792138
,,1.0,,,,2010-08-01T02:09:38Z,ls7,qd9u3s6mjhqq,,,
0.002285714285714286,0.07614285714285714,0.2134831460674157,0.006571428571428572,0.5857142857142857,0.32857142857142857,2010-08-10T02:03:26Z,ls7,qd9u3s6mjhqq,0.006626650660264105,0.07678271308523407,0.0023049219687875148
0.0017105263157894738,0.007763157894736842,0.1460674157303371,0.0035526315789473684,0.75,0.23684210526315788,2010-08-26T02:03:30Z,ls7,qd9u3s6mjhqq,0.0035885167464114872,0.007841573631047325,0.0017278043593833086
0.0,0.13635294117647062,0.0449438202247191,0.016235294117647056,0.6352941176470588,0.21176470588235294,2010-09-11T02:03:32Z,ls7,qd9u3s6mjhqq,0.01627284684112658,0.13666832962946168,0.0
0.0,0.6403448275862068,0.348314606741573,0.09637931034482759,0.017241379310344827,0.2413793103448276,2010-09-27T02:03:31Z,ls7,qd9u3s6mjhqq,0.09698830668915485,0.6443910036556727,0.0
0.0020833333333333333,0.8595833333333333,0.7303370786516854,0.13124999999999998,0.0,0.0,2010-10-13T02:03:36Z,ls7,qd9u3s6mjhqq,0.13218631976500209,0.8657154846831725,0.00209819555182543
0.004615384615384615,0.8715384615384617,0.8539325842696629,0.11769230769230771,0.0,0.0,2010-10-29T02:03:45Z,ls7,qd9u3s6mjhqq,0.11842105263157895,0.876934984520124,0.004643962848297213
0.00036585365853658537,0.9104878048780487,0.0786516853932584,0.08024390243902439,0.0,0.0,2010-11-14T02:03:57Z,ls7,qd9u3s6mjhqq,0.08096468561584842,0.918666174480128,0.000369139904023625
0.0011235955056179776,0.9265168539325842,0.0,0.06224719101123596,0.0,0.0,2010-11-30T02:04:08Z,ls7,qd9u3s6mjhqq,0.06288308740068105,0.9359818388195232,0.001135073779795687
0.0011594202898550724,0.19971014492753625,0.2247191011235955,0.030869565217391304,0.2753623188405797,0.4927536231884058,2010-12-08T02:01:02Z,ls5,qd9u3s6mjhqq,0.030888870761617306,0.19983504182867912,0.001160145380718021
,,1.0,,,,2010-12-23T02:10:30Z,ls7,qd9u3s6mjhqq,,,
0.0,0.9340449438202246,0.0,0.05887640449438202,0.0,0.0,2010-12-24T02:01:07Z,ls5,qd9u3s6mjhqq,0.05929614122439742,0.9407038587756026,0.0
0.0,0.927391304347826,0.7415730337078652,0.06304347826086956,0.0,0.0,2011-01-01T02:04:25Z,ls7,qd9u3s6mjhqq,0.0636523266022827,0.9363476733977173,0.0
0.0,0.9312359550561797,0.0,0.062022471910112356,0.0,0.0,2011-01-09T02:01:10Z,ls5,qd9u3s6mjhqq,0.06244343891402715,0.9375565610859729,0.0
0.0,0.9501123595505616,0.0,0.04101123595505618,0.0,0.0,2011-01-25T02:01:10Z,ls5,qd9u3s6mjhqq,0.04137852851150664,0.9586214714884934,0.0
0.0,0.9285393258426966,0.0,0.06359550561797753,0.0,0.0,2011-02-02T02:04:38Z,ls7,qd9u3s6mjhqq,0.06409966024915062,0.9359003397508493,0.0
0.0,0.9417977528089887,0.0,0.05022471910112359,0.0,0.0,2011-02-10T02:01:13Z,ls5,qd9u3s6mjhqq,0.050628610261637785,0.9493713897383622,0.0
0.0024719101123595504,0.9598876404494381,0.0,0.028764044943820226,0.0,0.0,2011-02-18T02:04:42Z,ls7,qd9u3s6mjhqq,0.02902165287382383,0.9684842988323319,0.0024940482938442354
0.0006741573033707866,0.9487640449438202,0.0,0.042584269662921344,0.0,0.0,2011-02-26T02:01:12Z,ls5,qd9u3s6mjhqq,0.04292671876769735,0.9563937025710725,0.0006795786612300374
0.0007142857142857143,0.9139285714285714,0.6853932584269663,0.08392857142857145,0.0,0.0,2011-03-06T02:04:47Z,ls7,qd9u3s6mjhqq,0.08404864091559373,0.9152360515021459,0.000715307582260372
0.007272727272727273,0.9136363636363637,0.8764044943820225,0.07090909090909091,0.0,0.0,2011-03-22T02:04:47Z,ls7,qd9u3s6mjhqq,0.07149404216315305,0.921173235563703,0.007332722273143904
0.016741573033707866,0.9520224719101124,0.0,0.02325842696629214,0.0,0.0,2011-03-30T02:01:03Z,ls5,qd9u3s6mjhqq,0.023445463812436295,0.9596783327670179,0.01687620342054593
0.0,0.9398701298701297,0.1348314606741573,0.05688311688311688,0.0,0.0,2011-04-07T02:04:52Z,ls7,qd9u3s6mjhqq,0.05706840390879479,0.9429315960912052,0.0
,,1.0,,,,2011-04-14T02:11:02Z,ls7,qd9u3s6mjhqq,,,
0.00044943820224719103,0.9429213483146067,0.0,0.05011235955056181,0.0,0.0,2011-04-15T02:00:58Z,ls5,qd9u3s6mjhqq,0.05044107667948429,0.9491065369825831,0.00045238633793259444
0.001746031746031746,0.9038095238095237,0.2921348314606742,0.03968253968253968,0.0,0.047619047619047616,2011-04-23T02:04:50Z,ls7,qd9u3s6mjhqq,0.03998240774059414,0.9106393186997721,0.001759225940586142
,,1.0,,,,2011-04-30T02:11:02Z,ls7,qd9u3s6mjhqq,,,
0.0024719101123595504,0.936516853932584,0.0,0.05224719101123595,0.0,0.0,2011-05-01T02:00:52Z,ls5,qd9u3s6mjhqq,0.05270913625028339,0.9447970981636816,0.002493765586034913
0.0023076923076923075,0.9484615384615384,0.5617977528089888,0.04205128205128205,0.0,0.0,2011-05-09T02:04:50Z,ls7,qd9u3s6mjhqq,0.04235537190082645,0.9553202479338843,0.0023243801652892563
,,1.0,,,,2011-05-25T02:04:49Z,ls7,qd9u3s6mjhqq,,,
0.0028089887640449437,0.16528089887640446,0.0,0.010674157303370787,0.4943820224719101,0.3258426966292135,2011-06-10T02:04:50Z,ls7,qd9u3s6mjhqq,0.01073453908572801,0.16621586310637784,0.0028248787067705287
0.00044943820224719103,0.2548314606741573,0.0,0.02359550561797753,0.3595505617977528,0.3595505617977528,2011-06-26T02:04:46Z,ls7,qd9u3s6mjhqq,0.023766625320283574,0.25667955345906257,0.0004526976251482585
0.007058823529411764,0.08705882352941176,0.8089887640449438,0.022941176470588236,0.5294117647058824,0.35294117647058826,2011-07-12T02:04:46Z,ls7,qd9u3s6mjhqq,0.023056458764410283,0.08749630505468517,0.007094295004433932
,,1.0,,,,2011-07-19T02:10:56Z,ls7,qd9u3s6mjhqq,,,
0.0,0.04,0.7303370786516854,0.0016666666666666668,0.75,0.20833333333333334,2011-07-28T02:04:43Z,ls7,qd9u3s6mjhqq,0.0016666666666666666,0.039999999999999994,0.0
,,1.0,,,,2011-08-04T02:10:52Z,ls7,qd9u3s6mjhqq,,,
0.0033707865168539327,0.04269662921348315,0.0,0.009999999999999998,0.8876404494382022,0.056179775280898875,2011-08-05T02:00:09Z,ls5,qd9u3s6mjhqq,0.010020040080160329,0.042782193600684554,0.003377541600054044
0.0016853932584269663,0.016179775280898877,0.0,0.00449438202247191,0.9550561797752809,0.02247191011235955,2011-08-13T02:04:39Z,ls7,qd9u3s6mjhqq,0.004516966856755688,0.01626108068432048,0.0016938625712833834
,,1.0,,,,2011-08-20T02:10:49Z,ls7,qd9u3s6mjhqq,,,
0.0,0.011772151898734177,0.1123595505617978,0.0010126582278481013,0.9493670886075949,0.0379746835443038,2011-08-29T02:04:37Z,ls7,qd9u3s6mjhqq,0.0010026319087605,0.011655595939340813,0.0
0.0022471910112359553,0.015842696629213483,0.0,0.004269662921348315,0.9325842696629213,0.0449438202247191,2011-09-06T01:59:52Z,ls5,qd9u3s6mjhqq,0.004291118513917915,0.01592230817006384,0.00225848342837785
0.001348314606741573,0.01640449438202247,0.0,0.004606741573033708,0.9101123595505618,0.06741573033707865,2011-09-14T02:04:31Z,ls7,qd9u3s6mjhqq,0.00462989102817458,0.016486929027158263,0.0013550900570267065
,,1.0,,,,2011-09-21T02:10:41Z,ls7,qd9u3s6mjhqq,,,
,,1.0,,,,2011-09-30T02:04:29Z,ls7,qd9u3s6mjhqq,,,
,,1.0,,,,2011-10-08T01:59:19Z,ls5,qd9u3s6mjhqq,,,
0.0,0.24517241379310342,0.6741573033707865,0.030000000000000002,0.6206896551724138,0.10344827586206896,2011-10-16T02:04:31Z,ls7,qd9u3s6mjhqq,0.030075187969924817,0.24578688099559243,0.0
0.004745762711864407,0.04677966101694915,0.3370786516853933,0.015932203389830507,0.7457627118644068,0.1864406779661017,2011-11-01T02:04:36Z,ls7,qd9u3s6mjhqq,0.016012264713397496,0.047014734690401155,0.004769610765692871
,,1.0,,,,2011-11-17T02:04:50Z,ls7,qd9u3s6mjhqq,,,
0.0036363636363636364,0.9257954545454545,0.011235955056179803,0.06204545454545454,0.0,0.0,2011-12-03T02:04:59Z,ls7,qd9u3s6mjhqq,0.06257879656160459,0.9337535816618912,0.003667621776504298
,,1.0,,,,2011-12-19T02:05:06Z,ls7,qd9u3s6mjhqq,,,
0.0,0.9022222222222221,0.797752808988764,0.09000000000000001,0.0,0.0,2012-01-04T02:05:15Z,ls7,qd9u3s6mjhqq,0.09070548712206049,0.9092945128779395,0.0
0.005,0.9307142857142857,0.8426966292134832,0.05714285714285715,0.0,0.0,2012-01-20T02:05:15Z,ls7,qd9u3s6mjhqq,0.05755395683453238,0.937410071942446,0.005035971223021582
0.00023529411764705883,0.9338823529411764,0.0449438202247191,0.05811764705882353,0.0,0.0,2012-02-05T02:05:19Z,ls7,qd9u3s6mjhqq,0.0585724448660185,0.9411904197296657,0.00023713540431586437
0.005,0.9077272727272728,0.752808988764045,0.07681818181818183,0.0,0.0,2012-02-21T02:05:23Z,ls7,qd9u3s6mjhqq,0.07762976573265963,0.9173174092788241,0.005052824988516306
0.0009589041095890412,0.9531506849315068,0.1797752808988764,0.03561643835616438,0.0,0.0,2012-03-08T02:05:19Z,ls7,qd9u3s6mjhqq,0.035986159169550176,0.963044982698962,0.0009688581314878895
,,1.0,,,,2012-03-15T02:11:32Z,ls7,qd9u3s6mjhqq,,,
0.009195402298850575,0.9416091954022988,0.022471910112359605,0.04091954022988506,0.0,0.0,2012-03-24T02:05:22Z,ls7,qd9u3s6mjhqq,0.041261010662957814,0.9494668521094113,0.00927213722763097
,,1.0,,,,2012-03-31T02:11:32Z,ls7,qd9u3s6mjhqq,,,
0.0,0.9481818181818182,0.3820224719101124,0.04436363636363636,0.0,0.0,2012-04-09T02:05:17Z,ls7,qd9u3s6mjhqq,0.044696830921414174,0.9553031690785858,0.0
0.009775280898876405,0.9277528089887641,0.0,0.0601123595505618,0.0,0.0,2012-04-25T02:05:32Z,ls7,qd9u3s6mjhqq,0.06025453316814957,0.9299470661110486,0.009798400720801893
0.0,0.7824719101123595,0.0,0.04292134831460674,0.056179775280898875,0.11235955056179775,2012-05-11T02:05:55Z,ls7,qd9u3s6mjhqq,0.043236860540170154,0.7882238136171332,0.0
0.0030681818181818184,0.9588636363636365,0.011235955056179803,0.030113636363636363,0.0,0.0,2012-05-27T02:05:47Z,ls7,qd9u3s6mjhqq,0.03035509736540664,0.9665521191294387,0.003092783505154639
,,1.0,,,,2012-06-12T02:05:37Z,ls7,qd9u3s6mjhqq,,,
,,1.0,,,,2012-06-28T02:05:45Z,ls7,qd9u3s6mjhqq,,,
0.0,0.034605263157894736,0.1460674157303371,0.004868421052631579,0.881578947368421,0.07894736842105263,2012-07-14T02:06:00Z,ls7,qd9u3s6mjhqq,0.004868421052631584,0.03460526315789477,0.0
0.003246753246753247,0.08935064935064935,0.1348314606741573,0.01064935064935065,0.8051948051948052,0.09090909090909091,2012-07-30T02:06:10Z,ls7,qd9u3s6mjhqq,0.010716327697459768,0.08991260312015024,0.0032671730784938325
0.006395348837209303,0.0213953488372093,0.0337078651685393,0.006744186046511627,0.8953488372093024,0.06976744186046512,2012-08-15T02:06:22Z,ls7,qd9u3s6mjhqq,0.006812309137890526,0.02161146347192857,0.006459948320413432
0.007894736842105263,0.01986842105263158,0.1460674157303371,0.011710526315789475,0.8552631578947368,0.10526315789473684,2012-08-31T02:06:32Z,ls7,qd9u3s6mjhqq,0.01171052631578948,0.019868421052631587,0.007894736842105265
,,1.0,,,,2012-09-07T02:12:48Z,ls7,qd9u3s6mjhqq,,,
0.005806451612903225,0.13306451612903225,0.3033707865168539,0.02209677419354839,0.7096774193548387,0.12903225806451613,2012-09-16T02:06:41Z,ls7,qd9u3s6mjhqq,0.022141056306160707,0.13333117848600423,0.005818087788480185
,,1.0,,,,2012-09-23T02:12:56Z,ls7,qd9u3s6mjhqq,,,
0.0,0.0,0.449438202247191,0.0,0.7959183673469388,0.20408163265306123,2012-10-02T02:06:51Z,ls7,qd9u3s6mjhqq,0.0,0.0,0.0
,,1.0,,,,2012-10-09T02:13:03Z,ls7,qd9u3s6mjhqq,,,
0.0,0.8778431372549019,0.4269662921348315,0.11509803921568626,0.0,0.0,2012-10-18T02:07:00Z,ls7,qd9u3s6mjhqq,0.11591627172195891,0.884083728278041,0.0
0.00011235955056179776,0.906741573033708,0.0,0.08337078651685394,0.0,0.0,2012-11-19T02:07:13Z,ls7,qd9u3s6mjhqq,0.08419380460683082,0.915692726653807,0.00011346873936230568
,,1.0,,,,2012-11-26T02:13:25Z,ls7,qd9u3s6mjhqq,,,
0.005,0.9147058823529413,0.6179775280898876,0.07147058823529413,0.0,0.0,2012-12-21T02:07:22Z,ls7,qd9u3s6mjhqq,0.07210682492581603,0.9228486646884273,0.005044510385756676
0.0,0.9318032786885246,0.3146067415730337,0.06081967213114754,0.0,0.0,2013-01-22T02:07:25Z,ls7,qd9u3s6mjhqq,0.06127167630057803,0.9387283236994219,0.0
,,1.0,,,,2013-01-29T02:13:37Z,ls7,qd9u3s6mjhqq,,,
0.018333333333333333,0.8894444444444445,0.797752808988764,0.08222222222222222,0.0,0.0,2013-02-07T02:07:27Z,ls7,qd9u3s6mjhqq,0.08305274971941638,0.8984287317620652,0.018518518518518517
,,1.0,,,,2013-02-14T02:13:37Z,ls7,qd9u3s6mjhqq,,,
0.05500000000000001,0.8870000000000001,0.8876404494382022,0.046,0.0,0.0,2013-02-23T02:07:24Z,ls7,qd9u3s6mjhqq,0.046558704453441284,0.8977732793522266,0.05566801619433198
,,1.0,,,,2013-03-02T02:13:34Z,ls7,qd9u3s6mjhqq,,,
,,1.0,,,,2013-03-11T02:07:23Z,ls7,qd9u3s6mjhqq,,,
,,1.0,,,,2013-03-18T02:13:32Z,ls7,qd9u3s6mjhqq,,,
0.0004761904761904762,0.16654761904761906,0.0561797752808989,0.022619047619047622,0.3333333333333333,0.47619047619047616,2013-03-27T02:07:16Z,ls7,qd9u3s6mjhqq,0.02271844079753686,0.16727946671449506,0.00047828296415867067
,,1.0,,,,2013-04-03T02:13:28Z,ls7,qd9u3s6mjhqq,,,
0.020444444444444446,0.8697777777777778,0.4943820224719101,0.09800000000000002,0.0,0.0,2013-04-06T02:17:40Z,ls8,qd9u3s6mjhqq,0.09916797841241289,0.8801439172475827,0.0206881043400045
0.005955056179775281,0.18584269662921346,0.0,0.032022471910112364,0.02247191011235955,0.7528089887640449,2013-04-20T02:13:02Z,ls8,qd9u3s6mjhqq,0.032151076214972256,0.18658905284057575,0.005978972068047471
0.0,0.9437974683544305,0.1123595505617978,0.04708860759493671,0.0,0.0,2013-04-28T02:07:09Z,ls7,qd9u3s6mjhqq,0.047521716913643326,0.9524782830863566,0.0
,,1.0,,,,2013-05-05T02:13:19Z,ls7,qd9u3s6mjhqq,,,
,,1.0,,,,2013-05-06T02:13:04Z,ls8,qd9u3s6mjhqq,,,
,,1.0,,,,2013-05-14T02:07:07Z,ls7,qd9u3s6mjhqq,,,
,,1.0,,,,2013-05-21T02:13:16Z,ls7,qd9u3s6mjhqq,,,
0.0008988764044943821,0.03741573033707865,0.0,0.006067415730337079,0.7865168539325843,0.16853932584269662,2013-05-22T02:13:16Z,ls8,qd9u3s6mjhqq,0.006144218461100835,0.03788934717678848,0.0009102545868297535
0.002359550561797753,0.04404494382022472,0.0,0.00943820224719101,0.8426966292134831,0.10112359550561797,2013-06-07T02:13:16Z,ls8,qd9u3s6mjhqq,0.009495173286912493,0.04431080867225831,0.002373793321728124
0.0,0.0,0.348314606741573,0.0,1.0,0.0,2013-06-15T02:06:54Z,ls7,qd9u3s6mjhqq,0.0,0.0,0.0
,,1.0,,,,2013-06-22T02:13:02Z,ls7,qd9u3s6mjhqq,,,
,,1.0,,,,2013-06-23T02:13:09Z,ls8,qd9u3s6mjhqq,,,
0.00264367816091954,0.12022988505747127,0.022471910112359605,0.014597701149425288,0.7471264367816092,0.11494252873563218,2013-07-01T02:06:46Z,ls7,qd9u3s6mjhqq,0.014646522892399956,0.1206319916964595,0.0026525198938992045
,,1.0,,,,2013-07-08T02:12:51Z,ls7,qd9u3s6mjhqq,,,
,,1.0,,,,2013-07-09T02:13:14Z,ls8,qd9u3s6mjhqq,,,
,,1.0,,,,2013-07-17T02:06:37Z,ls7,qd9u3s6mjhqq,,,
0.0033707865168539327,0.031685393258426967,0.0,0.009438202247191012,0.8651685393258427,0.0898876404494382,2013-07-25T02:13:13Z,ls8,qd9u3s6mjhqq,0.009533537623425264,0.03200544773578481,0.0034048348655090228
0.00033707865168539324,0.026853932584269664,0.0,0.006292134831460675,0.8651685393258427,0.10112359550561797,2013-08-02T02:06:29Z,ls7,qd9u3s6mjhqq,0.00633436392428927,0.02703416031973456,0.00033934092451549653
0.002696629213483146,0.012808988764044946,0.0,0.006741573033707865,0.9438202247191011,0.033707865168539325,2013-08-10T02:13:15Z,ls8,qd9u3s6mjhqq,0.006809669731018054,0.012938372488934303,0.0027238678924072215
,,1.0,,,,2013-08-18T02:06:33Z,ls7,qd9u3s6mjhqq,,,
0.07910112359550561,0.047415730337078646,0.0,0.029662921348314608,0.7078651685393258,0.1348314606741573,2013-08-26T02:13:17Z,ls8,qd9u3s6mjhqq,0.029876323660172996,0.04775685069921592,0.07967019642712798
0.10526315789473684,0.01631578947368421,0.7865168539325843,0.035789473684210524,0.5789473684210527,0.2631578947368421,2013-09-11T02:13:15Z,ls8,qd9u3s6mjhqq,0.03590917092061256,0.01637035733145573,0.10561520859003697
0.004831460674157303,0.027415730337078652,0.0,0.012247191011235954,0.8764044943820225,0.07865168539325842,2013-09-19T02:06:55Z,ls7,qd9u3s6mjhqq,0.012370900011349441,0.027692656906140038,0.004880263307229596
0.003932584269662922,0.06101123595505618,0.0,0.013370786516853932,0.797752808988764,0.12359550561797752,2013-09-27T02:13:06Z,ls8,qd9u3s6mjhqq,0.013428336530556325,0.06127383811842088,0.003949510744281273
0.01681159420289855,0.04376811594202898,0.2247191011235955,0.025507246376811597,0.7971014492753623,0.11594202898550725,2013-10-05T02:07:07Z,ls7,qd9u3s6mjhqq,0.025764895330112732,0.04421021812326161,0.016981408285756117
0.0038271604938271606,0.034074074074074076,0.0898876404494382,0.010987654320987654,0.8024691358024691,0.14814814814814814,2013-10-13T02:13:07Z,ls8,qd9u3s6mjhqq,0.011098640728270355,0.034418256640478866,0.0038658186806334953
0.009166666666666667,0.0425,0.8651685393258427,0.030833333333333334,0.4166666666666667,0.5,2013-10-21T02:07:17Z,ls7,qd9u3s6mjhqq,0.031144781144781118,0.042929292929292893,0.00925925925925925
0.00625,0.2246590909090909,0.011235955056179803,0.039318181818181815,0.4090909090909091,0.3181818181818182,2013-10-29T02:12:57Z,ls8,qd9u3s6mjhqq,0.039681932869485424,0.2267375181588806,0.006307821698906643
0.00033707865168539324,0.6006741573033708,0.0,0.06910112359550562,0.011235955056179775,0.3146067415730337,2013-11-06T02:07:22Z,ls7,qd9u3s6mjhqq,0.0695182329934664,0.6042999570456447,0.0003391133316754459
,,1.0,,,,2013-11-13T02:13:36Z,ls7,qd9u3s6mjhqq,,,
0.019999999999999997,0.8774157303370785,0.0,0.0908988764044944,0.0,0.0,2013-11-14T02:12:57Z,ls8,qd9u3s6mjhqq,0.0919736243747158,0.8877899045020464,0.020236471123237836
0.004583333333333333,0.6733333333333333,0.7303370786516854,0.06458333333333334,0.0,0.25,2013-11-22T02:07:27Z,ls7,qd9u3s6mjhqq,0.06523569023569024,0.6801346801346801,0.004629629629629629
0.020000000000000004,0.828421052631579,0.5730337078651686,0.1418421052631579,0.0,0.0,2013-11-30T02:12:52Z,ls8,qd9u3s6mjhqq,0.1432367791655594,0.8365665692266808,0.02019665160775977
0.0,0.8724999999999999,0.8651685393258427,0.11666666666666665,0.0,0.0,2013-12-08T02:07:35Z,ls7,qd9u3s6mjhqq,0.11794439764111204,0.8820556023588879,0.0
,,1.0,,,,2013-12-15T02:13:45Z,ls7,qd9u3s6mjhqq,,,
,,1.0,,,,2013-12-16T02:12:46Z,ls8,qd9u3s6mjhqq,,,
0.0011111111111111111,0.932716049382716,0.0898876404494382,0.055185185185185184,0.0,0.0,2013-12-24T02:07:37Z,ls7,qd9u3s6mjhqq,0.05579827736861815,0.9430782673823492,0.0011234552490325803
0.00011235955056179776,0.9477528089887641,0.0,0.04089887640449438,0.0,0.0,2014-01-09T02:07:40Z,ls7,qd9u3s6mjhqq,0.04136363636363636,0.9585227272727272,0.00011363636363636364
0.026741573033707867,0.9108988764044943,0.0,0.04617977528089888,0.0,0.0,2014-01-17T02:12:23Z,ls8,qd9u3s6mjhqq,0.04693924166285976,0.9258793969849246,0.02718136135221563
0.0,0.9536111111111111,0.5955056179775281,0.034444444444444444,0.0,0.0,2014-01-25T02:08:00Z,ls7,qd9u3s6mjhqq,0.03486083778464999,0.9651391622153501,0.0
0.0251685393258427,0.9105617977528088,0.0,0.047415730337078646,0.0,0.0,2014-02-02T02:12:17Z,ls8,qd9u3s6mjhqq,0.04822857142857143,0.9261714285714285,0.025600000000000008
,,1.0,,,,2014-02-10T02:08:05Z,ls7,qd9u3s6mjhqq,,,
0.022134831460674156,0.9170786516853932,0.0,0.04370786516853933,0.0,0.0,2014-02-18T02:12:04Z,ls8,qd9u3s6mjhqq,0.04446730681298583,0.933013260173754,0.022519433013260173
0.0031645569620253164,0.9635443037974684,0.1123595505617978,0.023037974683544304,0.0,0.0,2014-02-26T02:07:57Z,ls7,qd9u3s6mjhqq,0.023276633840644583,0.9735260263460801,0.0031973398132753546
,,1.0,,,,2014-03-05T02:14:12Z,ls7,qd9u3s6mjhqq,,,
0.02348314606741573,0.9144943820224718,0.0,0.0452808988764045,0.0,0.0,2014-03-06T02:11:48Z,ls8,qd9u3s6mjhqq,0.046051879785167414,0.9300651354130955,0.023882984801736944
,,1.0,,,,2014-03-14T02:08:05Z,ls7,qd9u3s6mjhqq,,,
,,1.0,,,,2014-03-21T02:14:20Z,ls7,qd9u3s6mjhqq,,,
0.03179775280898876,0.9070786516853931,0.0,0.044943820224719114,0.0,0.0,2014-03-22T02:11:38Z,ls8,qd9u3s6mjhqq,0.04568296025582459,0.9219963453631795,0.03232069438099589
0.02,0.8464285714285714,0.6853932584269663,0.1210714285714286,0.0,0.0,2014-04-07T02:11:23Z,ls8,qd9u3s6mjhqq,0.12260397830018085,0.8571428571428571,0.020253164556962026
0.0031578947368421056,0.9184210526315791,0.7865168539325843,0.06842105263157894,0.0,0.0,2014-04-15T02:08:18Z,ls7,qd9u3s6mjhqq,0.06911217437533225,0.9276980329611908,0.0031897926634768736
,,1.0,,,,2014-04-22T02:14:35Z,ls7,qd9u3s6mjhqq,,,
,,1.0,,,,2014-04-23T02:11:07Z,ls8,qd9u3s6mjhqq,,,
0.0012359550561797752,0.6130337078651685,0.0,0.06460674157303371,0.06741573033707865,0.24719101123595505,2014-05-01T02:08:27Z,ls7,qd9u3s6mjhqq,0.06522693207472786,0.6189185067821134,0.0012478195701252283
0.00550561797752809,0.1102247191011236,0.0,0.017752808988764045,0.6741573033707865,0.19101123595505617,2014-05-09T02:10:51Z,ls8,qd9u3s6mjhqq,0.01793213029168086,0.1113381001021451,0.005561230280331406
0.002156862745098039,0.02666666666666667,0.4269662921348315,0.01,0.803921568627451,0.1568627450980392,2014-05-17T02:08:34Z,ls7,qd9u3s6mjhqq,0.010101010101010093,0.026936026936026917,0.0021786492374727654
,,1.0,,,,2014-05-25T02:10:45Z,ls8,qd9u3s6mjhqq,,,
0.011666666666666667,0.6250000000000001,0.8651685393258427,0.1125,0.16666666666666666,0.08333333333333333,2014-06-02T02:08:38Z,ls7,qd9u3s6mjhqq,0.1126251390433815,0.6256952169076752,0.011679644048943267
,,1.0,,,,2014-06-10T02:10:55Z,ls8,qd9u3s6mjhqq,,,
,,1.0,,,,2014-06-18T02:08:38Z,ls7,qd9u3s6mjhqq,,,
,,1.0,,,,2014-06-25T02:14:52Z,ls7,qd9u3s6mjhqq,,,
,,1.0,,,,2014-06-26T02:10:57Z,ls8,qd9u3s6mjhqq,,,
,,1.0,,,,2014-07-04T02:08:45Z,ls7,qd9u3s6mjhqq,,,
,,1.0,,,,2014-07-11T02:14:57Z,ls7,qd9u3s6mjhqq,,,
0.004382022471910113,0.028314606741573035,0.0,0.011910112359550562,0.8764044943820225,0.07865168539325842,2014-07-12T02:11:06Z,ls8,qd9u3s6mjhqq,0.012000113208615167,0.028528571024254927,0.004415135991848978
0.0,0.0,0.0898876404494382,0.0,0.9876543209876543,0.012345679012345678,2014-07-20T02:08:47Z,ls7,qd9u3s6mjhqq,0.0,0.0,0.0
,,1.0,,,,2014-07-28T02:11:09Z,ls8,qd9u3s6mjhqq,,,
0.03058823529411765,0.04588235294117647,0.8089887640449438,0.04058823529411765,0.7058823529411765,0.17647058823529413,2014-08-05T02:08:53Z,ls7,qd9u3s6mjhqq,0.0407921962754951,0.046112917528820546,0.030741945019213703
0.4,0.184,0.9438202247191011,0.20800000000000002,0.0,0.2,2014-08-13T02:11:18Z,ls8,qd9u3s6mjhqq,0.21010101010101012,0.18585858585858586,0.4040404040404041
0.005625,0.02225,0.101123595505618,0.0095,0.8625,0.1,2014-08-21T02:08:52Z,ls7,qd9u3s6mjhqq,0.009531772575250824,0.022324414715719037,0.005643812709030093
,,1.0,,,,2014-08-28T02:15:02Z,ls7,qd9u3s6mjhqq,,,
,,1.0,,,,2014-08-29T02:11:19Z,ls8,qd9u3s6mjhqq,,,
0.004606741573033707,0.05820224719101123,0.0,0.015393258426966294,0.797752808988764,0.12359550561797752,2014-09-14T02:11:23Z,ls8,qd9u3s6mjhqq,0.015481725429420137,0.05853674286452284,0.004633217099315514
0.0,0.0,0.6741573033707865,0.0,0.8275862068965517,0.1724137931034483,2014-09-22T02:08:58Z,ls7,qd9u3s6mjhqq,0.0,0.0,0.0
0.008089887640449439,0.07629213483146068,0.0,0.027303370786516856,0.7078651685393258,0.1797752808988764,2014-09-30T02:11:23Z,ls8,qd9u3s6mjhqq,0.027468179865711137,0.07675265073587596,0.008138719960210707
,,1.0,,,,2014-10-08T02:09:11Z,ls7,qd9u3s6mjhqq,,,
,,1.0,,,,2014-10-15T02:15:23Z,ls7,qd9u3s6mjhqq,,,
,,1.0,,,,2014-10-16T02:11:28Z,ls8,qd9u3s6mjhqq,,,
0.002631578947368421,0.4731578947368421,0.7865168539325843,0.10105263157894738,0.0,0.42105263157894735,2014-10-24T02:09:20Z,ls7,qd9u3s6mjhqq,0.10142143680368806,0.4748847483672685,0.002641183250096043
0.02348314606741573,0.8604494382022472,0.0,0.10426966292134833,0.0,0.0,2014-11-01T02:11:25Z,ls8,qd9u3s6mjhqq,0.10551449687322344,0.8707220011370096,0.02376350198976691
0.0022471910112359553,0.9059550561797752,0.0,0.08157303370786519,0.0,0.0,2014-11-09T02:09:29Z,ls7,qd9u3s6mjhqq,0.08241571120445002,0.9153138835282097,0.002270405267340221
0.02134831460674157,0.8639325842696629,0.0,0.10247191011235954,0.0,0.0,2014-11-17T02:11:26Z,ls8,qd9u3s6mjhqq,0.10374246388351722,0.8746445228074167,0.02161301330906609
0.0021348314606741575,0.9028089887640449,0.0,0.08483146067415731,0.0,0.0,2014-11-25T02:09:32Z,ls7,qd9u3s6mjhqq,0.08570779884209331,0.9121353161539334,0.0021568850039732092
,,1.0,,,,2014-12-03T02:11:25Z,ls8,qd9u3s6mjhqq,,,
0.002696629213483146,0.9062921348314606,0.0,0.08157303370786517,0.0,0.0,2014-12-11T02:09:39Z,ls7,qd9u3s6mjhqq,0.08235027223230491,0.9149274047186933,0.0027223230490018148
0.05333333333333332,0.7933333333333333,0.9662921348314607,0.14333333333333334,0.0,0.0,2014-12-19T02:11:22Z,ls8,qd9u3s6mjhqq,0.1447811447811448,0.8013468013468014,0.05387205387205386
0.005833333333333334,0.8716666666666667,0.8651685393258427,0.11583333333333334,0.0,0.0,2014-12-27T02:09:46Z,ls7,qd9u3s6mjhqq,0.11661073825503356,0.8775167785234899,0.00587248322147651
0.02202247191011236,0.8901123595505617,0.0,0.0747191011235955,0.0,0.0,2015-01-04T02:11:17Z,ls8,qd9u3s6mjhqq,0.07571444836616192,0.9019697142206536,0.022315837413184565
0.0023943661971830986,0.9404225352112677,0.202247191011236,0.04704225352112676,0.0,0.0,2015-01-12T02:09:49Z,ls7,qd9u3s6mjhqq,0.047524188958451896,0.9500569151963574,0.0024188958451906656
,,1.0,,,,2015-01-19T02:15:58Z,ls7,qd9u3s6mjhqq,,,
0.02404494382022472,0.9091011235955054,0.0,0.05348314606741573,0.0,0.0,2015-01-20T02:11:13Z,ls8,qd9u3s6mjhqq,0.05420794898075391,0.9214212504270584,0.024370800592187682
0.0035955056179775287,0.944943820224719,0.0,0.04112359550561798,0.0,0.0,2015-01-28T02:09:53Z,ls7,qd9u3s6mjhqq,0.04155313351498638,0.9548138056312444,0.003633060853769302
0.02,0.8676315789473684,0.1460674157303371,0.1011842105263158,0.0,0.0,2015-02-05T02:11:10Z,ls8,qd9u3s6mjhqq,0.10232867598137059,0.8774451097804391,0.020226214238190286
0.028314606741573035,0.8962921348314606,0.0,0.06112359550561798,0.0,0.0,2015-02-21T02:11:03Z,ls8,qd9u3s6mjhqq,0.06200843497093355,0.9092670694175311,0.028724495611535394
0.035168539325842706,0.896179775280899,0.0,0.05426966292134831,0.0,0.0,2015-03-09T02:10:54Z,ls8,qd9u3s6mjhqq,0.055061559507523936,0.9092567259461924,0.03568171454628363
0.0,0.9043749999999999,0.8202247191011236,0.08875000000000001,0.0,0.0,2015-03-17T02:10:13Z,ls7,qd9u3s6mjhqq,0.08936438011327881,0.9106356198867213,0.0
,,1.0,,,,2015-03-24T02:16:28Z,ls7,qd9u3s6mjhqq,,,
0.024719101123595502,0.8941573033707864,0.0,0.06752808988764045,0.0,0.0,2015-03-25T02:10:46Z,ls8,qd9u3s6mjhqq,0.06845882218931541,0.9064813760109351,0.0250598017997494
0.004831460674157304,0.927752808988764,0.0,0.057191011235955054,0.0,0.0,2015-04-02T02:10:19Z,ls7,qd9u3s6mjhqq,0.057781814053808604,0.9373368146214099,0.004881371324781474
,,1.0,,,,2015-04-10T02:10:36Z,ls8,qd9u3s6mjhqq,,,
0.004375,0.93375,0.8202247191011236,0.05625,0.0,0.0,2015-04-18T02:10:28Z,ls7,qd9u3s6mjhqq,0.056568196103079824,0.939032055311125,0.0043997485857950975
0.03662921348314607,0.8880898876404495,0.0,0.06258426966292135,0.0,0.0,2015-04-26T02:10:33Z,ls8,qd9u3s6mjhqq,0.06338909753044271,0.8995106407192444,0.03710026175031297
0.0,0.09444444444444444,0.898876404494382,0.016666666666666666,0.5555555555555556,0.3333333333333333,2015-05-04T02:10:34Z,ls7,qd9u3s6mjhqq,0.016666666666666666,0.09444444444444444,0.0
,,1.0,,,,2015-05-11T02:16:49Z,ls7,qd9u3s6mjhqq,,,
0.023707865168539323,0.8900000000000001,0.0,0.07438202247191013,0.0,0.0,2015-05-12T02:10:17Z,ls8,qd9u3s6mjhqq,0.07527859904480327,0.9007277689333637,0.02399363202183306
0.0016853932584269665,0.16033707865168542,0.0,0.027415730337078652,0.48314606741573035,0.3258426966292135,2015-05-20T02:10:42Z,ls7,qd9u3s6mjhqq,0.027643381715915592,0.1616684660188998,0.0016993882202407126
,,1.0,,,,2015-05-27T02:16:53Z,ls7,qd9u3s6mjhqq,,,
0.01101123595505618,0.3826966292134832,0.0,0.061685393258426965,0.19101123595505617,0.34831460674157305,2015-05-28T02:10:19Z,ls8,qd9u3s6mjhqq,0.06240071856885036,0.3871345126511919,0.01113892608332848
0.07583333333333334,0.7583333333333333,0.8651685393258427,0.16,0.0,0.0,2015-06-05T02:10:48Z,ls7,qd9u3s6mjhqq,0.16093880972338642,0.7627829002514669,0.07627829002514669
0.015056179775280898,0.5723595505617978,0.0,0.07977528089887641,0.056179775280898875,0.2696629213483146,2015-06-13T02:10:31Z,ls8,qd9u3s6mjhqq,0.08060823263611626,0.5783356859836285,0.01521338475104166
,,1.0,,,,2015-06-28T02:17:03Z,ls7,qd9u3s6mjhqq,,,
0.004157303370786517,0.12146067415730338,0.0,0.01910112359550562,0.6853932584269663,0.16853932584269662,2015-06-29T02:10:37Z,ls8,qd9u3s6mjhqq,0.019279084374345737,0.12259229534510434,0.004196036010887013
0.002142857142857143,0.024107142857142858,0.3707865168539326,0.009107142857142857,0.8214285714285714,0.14285714285714285,2015-07-07T02:10:56Z,ls7,qd9u3s6mjhqq,0.009199134199134209,0.02435064935064938,0.002164502164502167
0.010786516853932584,0.1497752808988764,0.0,0.028876404494382026,0.5730337078651685,0.23595505617977527,2015-07-15T02:10:47Z,ls8,qd9u3s6mjhqq,0.02911618484012423,0.15101896650539143,0.010876084609540568
0.08457627118644068,0.15745762711864406,0.3370786516853933,0.06288135593220338,0.2711864406779661,0.423728813559322,2015-08-08T02:11:03Z,ls7,qd9u3s6mjhqq,0.06291630943744643,0.15754515220320145,0.08462328412206407
,,1.0,,,,2015-08-15T02:17:16Z,ls7,qd9u3s6mjhqq,,,
,,1.0,,,,2015-08-16T02:10:57Z,ls8,qd9u3s6mjhqq,,,
0.008928571428571428,0.04904761904761905,0.0561797752808989,0.012976190476190478,0.8571428571428571,0.07142857142857142,2015-08-24T02:11:05Z,ls7,qd9u3s6mjhqq,0.01306327900287633,0.049376797698945395,0.008988494726749768
,,1.0,,,,2015-09-01T02:11:03Z,ls8,qd9u3s6mjhqq,,,
0.0,0.19,0.2696629213483146,0.024769230769230766,0.676923076923077,0.1076923076923077,2015-09-09T02:11:08Z,ls7,qd9u3s6mjhqq,0.024840202777165518,0.19054441260744984,0.0
0.009325842696629214,0.18696629213483146,0.0,0.03797752808988764,0.6067415730337079,0.15730337078651685,2015-09-17T02:11:11Z,ls8,qd9u3s6mjhqq,0.038250747716433595,0.18831137337321152,0.009392935090130141
0.004431818181818182,0.37647727272727266,0.011235955056179803,0.08227272727272728,0.2727272727272727,0.26136363636363635,2015-09-25T02:11:12Z,ls7,qd9u3s6mjhqq,0.08275715942546169,0.378694018199661,0.00445791328396824
,,1.0,,,,2015-10-03T02:11:15Z,ls8,qd9u3s6mjhqq,,,
,,1.0,,,,2015-10-11T02:11:21Z,ls7,qd9u3s6mjhqq,,,
,,1.0,,,,2015-10-19T02:11:17Z,ls8,qd9u3s6mjhqq,,,
,,1.0,,,,2015-10-27T02:11:38Z,ls7,qd9u3s6mjhqq,,,
0.02202247191011236,0.8202247191011237,0.0,0.14842696629213484,0.0,0.0,2015-11-04T02:11:21Z,ls8,qd9u3s6mjhqq,0.1498242032437337,0.827946013383237,0.022229783373029374
0.008795180722891567,0.8450602409638555,0.0674157303370787,0.1416867469879518,0.0,0.0,2015-11-12T02:11:54Z,ls7,qd9u3s6mjhqq,0.1423211908507806,0.8488442454314414,0.008834563717778047
0.026404494382022473,0.8739325842696629,0.0,0.08764044943820226,0.0,0.0,2015-11-20T02:11:23Z,ls8,qd9u3s6mjhqq,0.08870692596383488,0.8845672694188559,0.026725804617309223
,,1.0,,,,2015-11-28T02:12:07Z,ls7,qd9u3s6mjhqq,,,
0.020853658536585364,0.8485365853658539,0.0786516853932584,0.12036585365853658,0.0,0.0,2015-12-06T02:11:22Z,ls8,qd9u3s6mjhqq,0.12161163134549036,0.8573188762937408,0.021069492360768844
0.003932584269662921,0.9217977528089887,0.0,0.06494382022471909,0.0,0.0,2015-12-14T02:12:24Z,ls7,qd9u3s6mjhqq,0.06555517749801519,0.9304752183282295,0.003969604173755245
0.021460674157303367,0.9010112359550562,0.0,0.06494382022471909,0.0,0.0,2015-12-22T02:11:23Z,ls8,qd9u3s6mjhqq,0.06577150659990896,0.9124943104233045,0.021734182976786524
,,1.0,,,,2015-12-30T02:12:36Z,ls7,qd9u3s6mjhqq,,,
0.02033707865168539,0.8915730337078651,0.0,0.07460674157303371,0.0,0.0,2016-01-07T02:11:18Z,ls8,qd9u3s6mjhqq,0.07562642369020502,0.90375854214123,0.02061503416856492
0.0007692307692307692,0.9423076923076925,0.5617977528089888,0.04717948717948718,0.0,0.0,2016-01-15T02:12:52Z,ls7,qd9u3s6mjhqq,0.04764370792335577,0.9515794924909374,0.0007767995857068875
0.02191011235955056,0.8722471910112359,0.0,0.09573033707865168,0.0,0.0,2016-01-23T02:11:19Z,ls8,qd9u3s6mjhqq,0.09670828603859251,0.8811577752553916,0.02213393870601589
0.0252808988764045,0.8959550561797752,0.0,0.06775280898876405,0.0,0.0,2016-02-08T02:11:15Z,ls8,qd9u3s6mjhqq,0.0685071574642127,0.9059304703476483,0.025562372188139067
0.027272727272727275,0.9184848484848485,0.6292134831460674,0.04363636363636364,0.0,0.0,2016-02-16T02:13:07Z,ls7,qd9u3s6mjhqq,0.044104134762634,0.9283307810107198,0.02756508422664625
0.03325842696629214,0.8930337078651686,0.0,0.0602247191011236,0.0,0.0,2016-02-24T02:11:08Z,ls8,qd9u3s6mjhqq,0.06104783599088839,0.9052391799544419,0.03371298405466971
,,1.0,,,,2016-03-03T02:13:13Z,ls7,qd9u3s6mjhqq,,,
,,1.0,,,,2016-03-10T02:19:28Z,ls7,qd9u3s6mjhqq,,,
0.03382022471910113,0.8906741573033707,0.0,0.06179775280898876,0.0,0.0,2016-03-11T02:11:06Z,ls8,qd9u3s6mjhqq,0.06265664160401002,0.9030530872636134,0.0342902711323764
,,1.0,,,,2016-03-19T02:13:21Z,ls7,qd9u3s6mjhqq,,,
0.0071875,0.7849999999999999,0.6404494382022472,0.1096875,0.03125,0.0625,2016-04-04T02:13:24Z,ls7,qd9u3s6mjhqq,0.1102195945945946,0.7888080388080388,0.007222366597366599
0.004534883720930233,0.056627906976744184,0.0337078651685393,0.00813953488372093,0.8023255813953488,0.12790697674418605,2016-04-20T02:13:33Z,ls7,qd9u3s6mjhqq,0.008194162634618387,0.05700796004370221,0.00456531918214453
,,1.0,,,,2016-04-28T02:10:48Z,ls8,qd9u3s6mjhqq,,,
0.00625,0.78,0.8202247191011236,0.146875,0.0,0.0625,2016-05-06T02:13:38Z,ls7,qd9u3s6mjhqq,0.1475636302746149,0.7836570663094441,0.006279303415941059
,,1.0,,,,2016-05-13T02:19:49Z,ls7,qd9u3s6mjhqq,,,
,,1.0,,,,2016-05-14T02:10:47Z,ls8,qd9u3s6mjhqq,,,
0.0,0.0,0.8651685393258427,0.0,0.25,0.75,2016-05-22T02:13:40Z,ls7,qd9u3s6mjhqq,0.0,0.0,0.0
0.004157303370786517,0.13325842696629214,0.0,0.018764044943820224,0.5955056179775281,0.24719101123595505,2016-05-30T02:10:54Z,ls8,qd9u3s6mjhqq,0.018899038072912457,0.1342171206854741,0.004187212028130305
,,1.0,,,,2016-06-14T02:19:58Z,ls7,qd9u3s6mjhqq,,,
,,1.0,,,,2016-06-15T02:10:56Z,ls8,qd9u3s6mjhqq,,,
,,1.0,,,,2016-06-23T02:13:48Z,ls7,qd9u3s6mjhqq,,,
,,1.0,,,,2016-06-30T02:19:59Z,ls7,qd9u3s6mjhqq,,,
0.0030337078651685393,0.012696629213483145,0.0,0.006404494382022473,0.898876404494382,0.07865168539325842,2016-07-01T02:11:05Z,ls8,qd9u3s6mjhqq,0.0065020247533223155,0.012889978896937219,0.0030799064621000434
,,1.0,,,,2016-07-09T02:13:48Z,ls7,qd9u3s6mjhqq,,,
0.2414285714285714,0.0,0.9213483146067416,0.045714285714285714,0.2857142857142857,0.42857142857142855,2016-07-17T02:11:12Z,ls8,qd9u3s6mjhqq,0.04548685145700072,0.0,0.24022743425728502
0.003707865168539326,0.010449438202247191,0.0,0.008089887640449439,0.9325842696629213,0.0449438202247191,2016-07-25T02:13:50Z,ls7,qd9u3s6mjhqq,0.008171603677221674,0.010554988083077995,0.0037453183520599342
,,1.0,,,,2016-08-01T02:20:02Z,ls7,qd9u3s6mjhqq,,,
0.004157303370786517,0.0021348314606741575,0.0,0.004831460674157303,0.9325842696629213,0.056179775280898875,2016-08-02T02:11:16Z,ls8,qd9u3s6mjhqq,0.004880263307229623,0.002156395414822392,0.004199296334127816
0.0,0.0,0.8426966292134832,0.0,1.0,0.0,2016-08-10T02:13:52Z,ls7,qd9u3s6mjhqq,0.0,0.0,0.0
0.0016853932584269663,0.005280898876404494,0.0,0.004157303370786517,0.9438202247191011,0.0449438202247191,2016-08-18T02:11:20Z,ls8,qd9u3s6mjhqq,0.004199296334127806,0.005334241289297482,0.001702417432754516
,,1.0,,,,2016-08-26T02:13:54Z,ls7,qd9u3s6mjhqq,,,
0.0035955056179775282,0.0031460674157303375,0.0,0.004269662921348315,0.9213483146067416,0.06741573033707865,2016-09-03T02:11:26Z,ls8,qd9u3s6mjhqq,0.0043567988993350034,0.0032102728731942132,0.0036688832836505292
,,1.0,,,,2016-09-18T02:20:08Z,ls7,qd9u3s6mjhqq,,,
0.0035955056179775282,0.011685393258426966,0.0,0.006966292134831461,0.9101123595505618,0.06741573033707865,2016-09-19T02:11:28Z,ls8,qd9u3s6mjhqq,0.007036658722051981,0.01180342753376461,0.0036318238565429574
,,1.0,,,,2016-09-27T02:13:59Z,ls7,qd9u3s6mjhqq,,,
,,1.0,,,,2016-10-04T02:20:11Z,ls7,qd9u3s6mjhqq,,,
0.0035955056179775274,0.02101123595505618,0.0,0.008764044943820225,0.8314606741573034,0.1348314606741573,2016-10-05T02:11:31Z,ls8,qd9u3s6mjhqq,0.008852570650323452,0.02122347066167289,0.0036318238565429535
0.0012359550561797752,0.03393258426966292,0.0,0.009662921348314608,0.7752808988764045,0.1797752808988764,2016-10-13T02:13:59Z,ls7,qd9u3s6mjhqq,0.009687139196305372,0.03401762834051421,0.001239052687899524
0.0058620689655172415,0.07310344827586206,0.022471910112359605,0.023448275862068966,0.7241379310344828,0.1724137931034483,2016-10-21T02:11:35Z,ls8,qd9u3s6mjhqq,0.023685127133402994,0.07384186694531521,0.0059212817833507484
0.0,0.061707317073170724,0.5393258426966292,0.010731707317073172,0.5365853658536586,0.3902439024390244,2016-10-29T02:13:55Z,ls7,qd9u3s6mjhqq,0.010840108401084006,0.06233062330623303,0.0
0.01580246913580247,0.4987654320987655,0.0898876404494382,0.09604938271604938,0.1111111111111111,0.2716049382716049,2016-11-06T02:11:35Z,ls8,qd9u3s6mjhqq,0.09709804156495082,0.5042109099259658,0.015974999126367233
0.0,0.8970370370370371,0.696629213483146,0.09148148148148147,0.0,0.0,2016-11-14T02:13:47Z,ls7,qd9u3s6mjhqq,0.09254402397901834,0.9074559760209816,0.0
0.020449438202247188,0.8625842696629215,0.0,0.1010112359550562,0.0,0.0,2016-11-22T02:11:35Z,ls8,qd9u3s6mjhqq,0.10264900662251657,0.8765699931491208,0.020781000228362632
0.0,0.8645454545454545,0.752808988764045,0.12727272727272726,0.0,0.0,2016-11-30T02:13:45Z,ls7,qd9u3s6mjhqq,0.12832263978001834,0.8716773602199818,0.0
0.02033707865168539,0.8791011235955055,0.0,0.08370786516853933,0.0,0.0,2016-12-08T02:11:33Z,ls8,qd9u3s6mjhqq,0.08514285714285715,0.8941714285714285,0.020685714285714283
0.0,0.827303370786517,0.0,0.16067415730337078,0.0,0.0,2016-12-16T02:13:40Z,ls7,qd9u3s6mjhqq,0.1626293642670306,0.8373706357329694,0.0
0.019999999999999997,0.8888764044943819,0.0,0.07247191011235955,0.0,0.0,2016-12-24T02:11:28Z,ls8,qd9u3s6mjhqq,0.0738493244790474,0.9057705518662698,0.02038012365468285
0.0006741573033707865,0.8219101123595506,0.0,0.16471910112359553,0.0,0.0,2017-01-01T02:13:32Z,ls7,qd9u3s6mjhqq,0.16683737339251167,0.8324797997041082,0.0006828269033799931
0.020449438202247188,0.8979775280898876,0.0,0.061235955056179785,0.0,0.0,2017-01-09T02:11:25Z,ls8,qd9u3s6mjhqq,0.06250716825324007,0.916618878311733,0.02087395343502695
0.0010638297872340426,0.8223404255319149,0.4719101123595506,0.16191489361702127,0.0,0.0,2017-01-17T02:13:22Z,ls7,qd9u3s6mjhqq,0.1643273591017059,0.8345929604836968,0.0010796804145972792
0.019999999999999997,0.9098876404494379,0.0,0.05101123595505618,0.0,0.0,2017-01-25T02:11:20Z,ls8,qd9u3s6mjhqq,0.052004581901489134,0.9276059564719358,0.02038946162657503
0.0011111111111111111,0.7337037037037036,0.696629213483146,0.14481481481481484,0.037037037037037035,0.07407407407407407,2017-02-02T02:13:14Z,ls7,qd9u3s6mjhqq,0.14633918128654974,0.7414269005847954,0.00112280701754386
,,1.0,,,,2017-02-10T02:11:12Z,ls8,qd9u3s6mjhqq,,,
0.0009090909090909092,0.6701298701298702,0.1348314606741573,0.10454545454545455,0.11688311688311688,0.1038961038961039,2017-02-18T02:13:13Z,ls7,qd9u3s6mjhqq,0.10503562077574131,0.673271805220901,0.0009133532241368811
0.020786516853932582,0.7923595505617977,0.0,0.17595505617977525,0.0,0.0,2017-02-26T02:11:07Z,ls8,qd9u3s6mjhqq,0.177893899806884,0.8010905373168238,0.021015562876292172
0.0003529411764705882,0.842705882352941,0.0449438202247191,0.14905882352941177,0.0,0.0,2017-03-06T02:13:21Z,ls7,qd9u3s6mjhqq,0.15024309261235624,0.8494011621012688,0.00035574528637495557
,,1.0,,,,2017-03-14T02:10:58Z,ls8,qd9u3s6mjhqq,,,
0.0036363636363636364,0.8636363636363638,0.6292134831460674,0.12181818181818183,0.0,0.0,2017-03-22T02:13:27Z,ls7,qd9u3s6mjhqq,0.12316176470588235,0.8731617647058824,0.0036764705882352936
,,1.0,,,,2017-03-29T02:19:39Z,ls7,qd9u3s6mjhqq,,,
0.0352808988764045,0.8351685393258427,0.0,0.11685393258426967,0.0,0.0,2017-03-30T02:10:50Z,ls8,qd9u3s6mjhqq,0.11835666325253215,0.8459087288039149,0.03573460794355299
0.0077083333333333335,0.4685416666666667,0.4606741573033708,0.086875,0.020833333333333332,0.4166666666666667,2017-04-07T02:13:31Z,ls7,qd9u3s6mjhqq,0.08677857935627081,0.46802164261931195,0.0076997780244173145
,,1.0,,,,2017-04-15T02:10:42Z,ls8,qd9u3s6mjhqq,,,
0.013125000000000001,0.899,0.101123595505618,0.07525,0.0,0.0,2017-04-23T02:13:38Z,ls7,qd9u3s6mjhqq,0.07621217875680465,0.9104949993670084,0.013292821876186859
0.026404494382022473,0.7932584269662922,0.0,0.16617977528089886,0.0,0.0,2017-05-01T02:10:31Z,ls8,qd9u3s6mjhqq,0.16856621837246405,0.8046501025757921,0.026783679051743784
0.020112359550561797,0.771685393258427,0.0,0.19707865168539324,0.0,0.0,2017-05-17T02:10:42Z,ls8,qd9u3s6mjhqq,0.1992955345983411,0.7803658675150552,0.020338597886603797
0.0006741573033707866,0.7753932584269664,0.0,0.1612359550561798,0.02247191011235955,0.033707865168539325,2017-05-25T02:13:45Z,ls7,qd9u3s6mjhqq,0.16235699142554663,0.7807843887301026,0.0006788445634517628
,,1.0,,,,2017-06-01T02:19:58Z,ls7,qd9u3s6mjhqq,,,
,,1.0,,,,2017-06-02T02:10:51Z,ls8,qd9u3s6mjhqq,,,
,,1.0,,,,2017-06-10T02:13:50Z,ls7,qd9u3s6mjhqq,,,
,,1.0,,,,2017-06-17T02:20:02Z,ls7,qd9u3s6mjhqq,,,
0.025955056179775282,0.7867415730337078,0.0,0.17460674157303369,0.0,0.0,2017-06-18T02:10:58Z,ls8,qd9u3s6mjhqq,0.1768521679754182,0.796858996244452,0.02628883578012974
0.007272727272727273,0.2675757575757576,0.6292134831460674,0.05545454545454546,0.45454545454545453,0.21212121212121213,2017-06-26T02:13:53Z,ls7,qd9u3s6mjhqq,0.05596330275229357,0.2700305810397553,0.0073394495412844015
0.0015730337078651688,0.04089887640449438,0.0,0.013033707865168541,0.5730337078651685,0.3707865168539326,2017-07-04T02:11:02Z,ls8,qd9u3s6mjhqq,0.013192012009279906,0.041395623891188664,0.0015921393804303335
0.0012359550561797752,0.06348314606741573,0.0,0.013820224719101123,0.6292134831460674,0.29213483146067415,2017-07-12T02:13:54Z,ls7,qd9u3s6mjhqq,0.01383999614216136,0.06357396601887129,0.0012377232322258126
0.0,0.0,0.9550561797752809,0.0,1.0,0.0,2017-07-20T02:11:06Z,ls8,qd9u3s6mjhqq,0.0,0.0,0.0
,,1.0,,,,2017-08-05T02:11:14Z,ls8,qd9u3s6mjhqq,,,
0.00951219512195122,0.014512195121951219,0.0786516853932584,0.012195121951219513,0.8170731707317073,0.14634146341463414,2017-08-13T02:13:50Z,ls7,qd9u3s6mjhqq,0.012318305001231851,0.014658782951465903,0.009608277900960844
,,1.0,,,,2017-08-21T02:11:19Z,ls8,qd9u3s6mjhqq,,,
,,1.0,,,,2017-08-29T02:13:51Z,ls7,qd9u3s6mjhqq,,,
,,1.0,,,,2017-09-05T02:20:02Z,ls7,qd9u3s6mjhqq,,,
,,1.0,,,,2017-09-06T02:11:21Z,ls8,qd9u3s6mjhqq,,,
,,1.0,,,,2017-09-14T02:13:49Z,ls7,qd9u3s6mjhqq,,,
0.004044943820224719,0.22853932584269662,0.0,0.058089887640449436,0.5168539325842697,0.19101123595505617,2017-09-30T02:13:50Z,ls7,qd9u3s6mjhqq,0.05838179662356725,0.22968776466602667,0.004065270171080119
,,1.0,,,,2017-10-08T02:11:30Z,ls8,qd9u3s6mjhqq,,,
0.02375,0.79125,0.9101123595505618,0.1775,0.0,0.0,2017-10-24T02:11:33Z,ls8,qd9u3s6mjhqq,0.17884130982367757,0.7972292191435768,0.02392947103274559
0.017333333333333333,0.7959999999999999,0.8314606741573034,0.18066666666666667,0.0,0.0,2017-11-01T02:13:52Z,ls7,qd9u3s6mjhqq,0.18175720992622404,0.8008048289738431,0.017437961099932932
0.024044943820224717,0.8165168539325843,0.0,0.1484269662921348,0.0,0.0,2017-11-09T02:11:31Z,ls8,qd9u3s6mjhqq,0.15007952738014085,0.8256078164053624,0.024312656214496704
0.023258426966292132,0.7993258426966292,0.0,0.16764044943820225,0.0,0.0,2017-11-25T02:11:25Z,ls8,qd9u3s6mjhqq,0.16929535912856009,0.8072166118234427,0.023488029047997277
,,1.0,,,,2017-12-03T02:13:43Z,ls7,qd9u3s6mjhqq,,,
0.02438202247191011,0.8220224719101124,0.0,0.14494382022471908,0.0,0.0,2017-12-11T02:11:23Z,ls8,qd9u3s6mjhqq,0.14620877252635156,0.8291964184517738,0.024594809021874647
0.0004761904761904762,0.8261904761904761,0.7640449438202247,0.16904761904761906,0.0,0.0,2017-12-19T02:13:34Z,ls7,qd9u3s6mjhqq,0.16977522716403634,0.8297465327594451,0.0004782400765184122
0.02393258426966292,0.826067415730337,0.0,0.14089887640449436,0.0,0.0,2017-12-27T02:11:25Z,ls8,qd9u3s6mjhqq,0.14219299240276673,0.8336546093661412,0.02415239823109196
0.014117647058823528,0.8447058823529412,0.8089887640449438,0.1323529411764706,0.0,0.0,2018-01-04T02:13:22Z,ls7,qd9u3s6mjhqq,0.13353115727002968,0.8522255192878339,0.014243323442136496
0.03561797752808989,0.8453932584269664,0.0,0.10808988764044943,0.0,0.0,2018-01-12T02:11:19Z,ls8,qd9u3s6mjhqq,0.10928092695671926,0.8547086220606611,0.03601045098261956
,,1.0,,,,2018-01-20T02:13:08Z,ls7,qd9u3s6mjhqq,,,
0.05078651685393259,0.8180898876404494,0.0,0.1195505617977528,0.0,0.0,2018-01-28T02:11:10Z,ls8,qd9u3s6mjhqq,0.12095032397408206,0.8276685233602364,0.05138115266568149
,,1.0,,,,2018-02-12T02:18:58Z,ls7,qd9u3s6mjhqq,,,
0.0903370786516854,0.7957303370786518,0.0,0.10134831460674157,0.0,0.0,2018-02-13T02:11:03Z,ls8,qd9u3s6mjhqq,0.10263996358670914,0.8058716431497497,0.09148839326354119
0.12156862745098039,0.8133333333333332,0.4269662921348315,0.05235294117647059,0.0,0.0,2018-02-21T02:12:42Z,ls7,qd9u3s6mjhqq,0.053028798411122145,0.8238331678252234,0.12313803376365443
,,1.0,,,,2018-02-28T02:18:48Z,ls7,qd9u3s6mjhqq,,,
0.05797752808988764,0.8482022471910113,0.0,0.08134831460674158,0.0,0.0,2018-03-01T02:10:57Z,ls8,qd9u3s6mjhqq,0.08237569689384458,0.8589145522812607,0.05870975082489475
0.04454545454545455,0.8957142857142855,0.1348314606741573,0.04792207792207793,0.0,0.0,2018-03-09T02:12:31Z,ls7,qd9u3s6mjhqq,0.04849520304902091,0.906426600078854,0.04507819687212513
0.1309375,0.7928124999999999,0.6404494382022472,0.0575,0.0,0.0,2018-03-17T02:10:47Z,ls8,qd9u3s6mjhqq,0.05859872611464969,0.8079617834394904,0.1334394904458599
,,1.0,,,,2018-04-01T02:18:23Z,ls7,qd9u3s6mjhqq,,,
0.047977528089887644,0.8461797752808989,0.0,0.09325842696629215,0.0,0.0,2018-04-02T02:10:41Z,ls8,qd9u3s6mjhqq,0.094446973145198,0.8569640418752844,0.048588984979517524
,,1.0,,,,2018-04-18T02:10:31Z,ls8,qd9u3s6mjhqq,,,
,,1.0,,,,2018-04-26T02:11:47Z,ls7,qd9u3s6mjhqq,,,
0.037640449438202245,0.8258426966292135,0.0,0.1253932584269663,0.0,0.0,2018-05-04T02:10:23Z,ls8,qd9u3s6mjhqq,0.12680377229860246,0.8351323713214408,0.03806385637995682
0.07555555555555556,0.8288888888888889,0.696629213483146,0.08666666666666668,0.0,0.0,2018-05-12T02:11:30Z,ls7,qd9u3s6mjhqq,0.08744394618834082,0.8363228699551569,0.07623318385650224
,,1.0,,,,2018-05-19T02:17:35Z,ls7,qd9u3s6mjhqq,,,
0.05224719101123596,0.822808988764045,0.0,0.1142696629213483,0.0,0.0,2018-05-20T02:10:11Z,ls8,qd9u3s6mjhqq,0.11550255536626915,0.831686541737649,0.05281090289608178
0.0005882352941176471,0.3211764705882353,0.6179775280898876,0.0611764705882353,0.29411764705882354,0.3235294117647059,2018-05-28T02:11:16Z,ls7,qd9u3s6mjhqq,0.06108249751513508,0.32068311195445914,0.0005873317068762989
0.001976744186046512,0.2661627906976744,0.0337078651685393,0.04395348837209302,0.38372093023255816,0.3023255813953488,2018-06-13T02:10:59Z,ls7,qd9u3s6mjhqq,0.044215506186531736,0.2677494541295533,0.0019885280560080413
0.0,0.4925,0.3707865168539326,0.03785714285714286,0.08928571428571429,0.375,2018-06-20T02:17:02Z,ls7,qd9u3s6mjhqq,0.03823953823953825,0.49747474747474746,0.0
0.007977528089887642,0.3185393258426966,0.0,0.05449438202247191,0.25842696629213485,0.3595505617977528,2018-06-21T02:10:12Z,ls8,qd9u3s6mjhqq,0.0546390147084649,0.31938475607937733,0.007998701122270122
0.0037500000000000003,0.17124999999999999,0.3707865168539326,0.037142857142857144,0.5357142857142857,0.25,2018-06-29T02:10:41Z,ls7,qd9u3s6mjhqq,0.03751803751803752,0.17297979797979798,0.003787878787878789
,,1.0,,,,2018-07-06T02:16:43Z,ls7,qd9u3s6mjhqq,,,
,,1.0,,,,2018-07-07T02:10:21Z,ls8,qd9u3s6mjhqq,,,
,,1.0,,,,2018-07-15T02:10:22Z,ls7,qd9u3s6mjhqq,,,
,,1.0,,,,2018-07-23T02:10:27Z,ls8,qd9u3s6mjhqq,,,
0.0,0.0,0.797752808988764,0.0,0.9444444444444444,0.05555555555555555,2018-07-31T02:10:05Z,ls7,qd9u3s6mjhqq,0.0,0.0,0.0
,,1.0,,,,2018-08-08T02:10:36Z,ls8,qd9u3s6mjhqq,,,
0.002037037037037037,0.027592592592592592,0.3932584269662921,0.007037037037037037,0.8888888888888888,0.07407407407407407,2018-08-16T02:09:47Z,ls7,qd9u3s6mjhqq,0.0071081182192293405,0.027871305649083467,0.0020576131687242826
,,1.0,,,,2018-08-23T02:15:50Z,ls7,qd9u3s6mjhqq,,,
0.0021348314606741575,0.053258426966292134,0.0,0.01146067415730337,0.7640449438202247,0.16853932584269662,2018-08-24T02:10:44Z,ls8,qd9u3s6mjhqq,0.011556982343499202,0.05370597677273158,0.0021527712208478907
,,1.0,,,,2018-09-01T02:09:28Z,ls7,qd9u3s6mjhqq,,,
0.0050561797752808986,0.180561797752809,0.0,0.026292134831460676,0.6741573033707865,0.11235955056179775,2018-09-09T02:10:50Z,ls8,qd9u3s6mjhqq,0.026487304443147026,0.18190212923135585,0.005093712392912889
0.013783783783783784,0.23054054054054052,0.5842696629213483,0.052162162162162164,0.5675675675675675,0.13513513513513514,2018-09-17T02:09:07Z,ls7,qd9u3s6mjhqq,0.05230481164847619,0.23117100692305795,0.013821478725763137
0.0031914893617021275,0.5106382978723404,0.4719101123595506,0.12042553191489362,0.19148936170212766,0.1702127659574468,2018-09-24T02:15:08Z,ls7,qd9u3s6mjhqq,0.12119308813977892,0.5138929532428788,0.0032118309577679922
0.013483146067415732,0.3341573033707865,0.0,0.07494382022471908,0.3146067415730337,0.25842696629213485,2018-09-25T02:10:55Z,ls8,qd9u3s6mjhqq,0.07572095635573851,0.33762237511539184,0.013622960663701085
,,1.0,,,,2018-10-03T02:08:44Z,ls7,qd9u3s6mjhqq,,,
0.021123595505617977,0.8003370786516855,0.0,0.16539325842696628,0.0,0.0,2018-10-11T02:11:03Z,ls8,qd9u3s6mjhqq,0.16759649322554934,0.8109985198679267,0.021404986906523964
0.0,0.5485714285714286,0.7640449438202247,0.11857142857142858,0.23809523809523808,0.09523809523809523,2018-10-19T02:08:21Z,ls7,qd9u3s6mjhqq,0.11848679514632406,0.5481798715203425,0.0
0.0,0.8223809523809523,0.7640449438202247,0.17285714285714285,0.0,0.0,2018-10-26T02:14:23Z,ls7,qd9u3s6mjhqq,0.1736842105263158,0.8263157894736842,0.0
0.021460674157303367,0.7482022471910111,0.0,0.1546067415730337,0.0,0.06741573033707865,2018-10-27T02:11:08Z,ls8,qd9u3s6mjhqq,0.15599756322102845,0.7549329749192067,0.02165373152268636
0.0,0.8652380952380951,0.7640449438202247,0.12952380952380954,0.0,0.0,2018-11-04T02:08:00Z,ls7,qd9u3s6mjhqq,0.13020584011488753,0.8697941598851124,0.0
0.02134831460674157,0.8385393258426965,0.0,0.128876404494382,0.0,0.0,2018-11-12T02:11:10Z,ls8,qd9u3s6mjhqq,0.1303409090909091,0.8480681818181819,0.02159090909090909
0.0009302325581395349,0.8998837209302326,0.0337078651685393,0.09034883720930233,0.0,0.0,2018-11-20T02:07:38Z,ls7,qd9u3s6mjhqq,0.09115438761145002,0.907907085875176,0.0009385265133740029
,,1.0,,,,2018-11-27T02:13:38Z,ls7,qd9u3s6mjhqq,,,
0.021460674157303367,0.8693258426966294,0.0,0.09764044943820226,0.0,0.0,2018-11-28T02:11:10Z,ls8,qd9u3s6mjhqq,0.09878367625326816,0.8795043764919859,0.021711947254745928
,,1.0,,,,2018-12-13T02:13:12Z,ls7,qd9u3s6mjhqq,,,
0.022584269662921347,0.8924719101123595,0.0,0.07258426966292135,0.0,0.0,2018-12-14T02:11:06Z,ls8,qd9u3s6mjhqq,0.07349260523321957,0.9036405005688283,0.02286689419795222
,,1.0,,,,2018-12-22T02:06:46Z,ls7,qd9u3s6mjhqq,,,
0.0,0.8320000000000001,0.9438202247191011,0.16,0.0,0.0,2018-12-29T02:12:44Z,ls7,qd9u3s6mjhqq,0.16129032258064516,0.8387096774193549,0.0
0.021123595505617977,0.8403370786516855,0.0,0.12887640449438204,0.0,0.0,2018-12-30T02:11:07Z,ls8,qd9u3s6mjhqq,0.13013387792148856,0.8485364193328796,0.021329702745631948
0.00358974358974359,0.887948717948718,0.5617977528089888,0.09974358974358975,0.0,0.0,2019-01-07T02:06:17Z,ls7,qd9u3s6mjhqq,0.10062079668908433,0.8957578892912571,0.0036213140196585617
0.0,0.9191304347826089,0.4831460674157303,0.07108695652173913,0.0,0.0,2019-01-14T02:12:14Z,ls7,qd9u3s6mjhqq,0.07178924259055981,0.9282107574094401,0.0
0.021910112359550562,0.8849438202247192,0.0,0.0807865168539326,0.0,0.0,2019-01-15T02:11:05Z,ls8,qd9u3s6mjhqq,0.08179749715585893,0.8960182025028441,0.02218430034129693
0.0005617977528089888,0.922247191011236,0.0,0.06786516853932585,0.0,0.0,2019-01-23T02:05:46Z,ls7,qd9u3s6mjhqq,0.06850402631280482,0.9309288873766587,0.0005670863105364637
0.0,0.9508571428571428,0.6067415730337078,0.03942857142857143,0.0,0.0,2019-01-30T02:11:43Z,ls7,qd9u3s6mjhqq,0.03981534910559723,0.9601846508944027,0.0
0.025842696629213485,0.9095505617977527,0.0,0.05123595505617978,0.0,0.0,2019-01-31T02:11:01Z,ls8,qd9u3s6mjhqq,0.05193030406559619,0.92187677941009,0.026192916524313867
0.0027500000000000003,0.9553749999999999,0.101123595505618,0.03175,0.0,0.0,2019-02-08T02:05:17Z,ls7,qd9u3s6mjhqq,0.032074756913751744,0.9651471145346635,0.002778128551584797
0.015,0.855,0.9775280898876404,0.12,0.0,0.0,2019-02-15T02:11:15Z,ls7,qd9u3s6mjhqq,0.12121212121212122,0.8636363636363636,0.015151515151515152
,,1.0,,,,2019-02-16T02:10:59Z,ls8,qd9u3s6mjhqq,,,
0.04,0.87,0.9887640449438202,0.08,0.0,0.0,2019-02-24T02:04:48Z,ls7,qd9u3s6mjhqq,0.08080808080808081,0.8787878787878788,0.04040404040404041
,,1.0,,,,2019-03-03T02:10:45Z,ls7,qd9u3s6mjhqq,,,
,,1.0,,,,2019-03-04T02:10:54Z,ls8,qd9u3s6mjhqq,,,
0.0071910112359550565,0.9442696629213484,0.0,0.03808988764044944,0.0,0.0,2019-03-12T02:04:17Z,ls7,qd9u3s6mjhqq,0.038492108550017036,0.9542409447030772,0.00726694674690587
0.0,0.9099999999999999,0.9438202247191011,0.08,0.0,0.0,2019-03-19T02:10:14Z,ls7,qd9u3s6mjhqq,0.08080808080808081,0.9191919191919192,0.0
0.02,0.901818181818182,0.8764044943820225,0.05909090909090909,0.0,0.0,2019-03-20T02:10:49Z,ls8,qd9u3s6mjhqq,0.06024096385542168,0.9193697868396664,0.02038924930491195
0.05,0.8325,0.9550561797752809,0.10500000000000001,0.0,0.0,2019-03-28T02:03:45Z,ls7,qd9u3s6mjhqq,0.10632911392405064,0.8430379746835442,0.05063291139240506
0.022921348314606738,0.8597752808988766,0.0,0.10674157303370786,0.0,0.0,2019-04-05T02:10:46Z,ls8,qd9u3s6mjhqq,0.10788099023393138,0.8689529866000454,0.023166023166023158
,,1.0,,,,2019-04-13T02:03:12Z,ls7,qd9u3s6mjhqq,,,
0.02235955056179775,0.8478651685393258,0.0,0.11831460674157303,0.0,0.0,2019-04-21T02:10:39Z,ls8,qd9u3s6mjhqq,0.119686292339168,0.8576949306660605,0.022618776994771536
0.02314606741573034,0.8496629213483148,0.0,0.1159550561797753,0.0,0.0,2019-05-07T02:10:43Z,ls8,qd9u3s6mjhqq,0.11727272727272728,0.8593181818181819,0.023409090909090907
0.006,0.9109999999999999,0.8876404494382022,0.08,0.0,0.0,2019-05-15T02:01:59Z,ls7,qd9u3s6mjhqq,0.08024072216649951,0.9137412236710131,0.006018054162487463
0.0,0.926969696969697,0.6292134831460674,0.06818181818181818,0.0,0.0,2019-05-22T02:07:53Z,ls7,qd9u3s6mjhqq,0.06851400730816078,0.9314859926918393,0.0
,,1.0,,,,2019-05-23T02:10:53Z,ls8,qd9u3s6mjhqq,,,
,,1.0,,,,2019-05-31T02:01:24Z,ls7,qd9u3s6mjhqq,,,
0.0025,0.08729166666666667,0.4606741573033708,0.033541666666666664,0.2708333333333333,0.6041666666666666,2019-06-08T02:11:01Z,ls8,qd9u3s6mjhqq,0.033994932432432456,0.08847128378378387,0.002533783783783786
,,1.0,,,,2019-06-24T02:11:07Z,ls8,qd9u3s6mjhqq,,,
0.006067415730337079,0.13258426966292136,0.0,0.017865168539325845,0.7191011235955056,0.12359550561797752,2019-07-02T02:00:13Z,ls7,qd9u3s6mjhqq,0.017954943255603865,0.13325052227429282,0.00609790525662018
0.0,0.0,0.9438202247191011,0.0,1.0,0.0,2019-07-09T02:06:08Z,ls7,qd9u3s6mjhqq,0.0,0.0,0.0
0.0009090909090909091,0.03409090909090909,0.752808988764045,0.010454545454545454,0.6363636363636364,0.3181818181818182,2019-07-10T02:11:10Z,ls8,qd9u3s6mjhqq,0.010454545454545458,0.0340909090909091,0.0009090909090909095
0.002531645569620253,0.05037974683544304,0.1123595505617978,0.010126582278481013,0.8481012658227848,0.08860759493670886,2019-07-18T01:59:36Z,ls7,qd9u3s6mjhqq,0.01016725128361548,0.05058207513598702,0.00254181282090387
0.012247191011235954,0.12449438202247191,0.0,0.01966292134831461,0.7303370786516854,0.11235955056179775,2019-07-26T02:11:15Z,ls8,qd9u3s6mjhqq,0.019775926643419865,0.12520986697662406,0.012317577166472943
0.06799999999999999,0.258,0.9438202247191011,0.072,0.4,0.2,2019-08-03T01:58:57Z,ls7,qd9u3s6mjhqq,0.07236180904522611,0.25929648241206027,0.06834170854271354
0.006279069767441861,0.18941860465116278,0.0337078651685393,0.035930232558139534,0.627906976744186,0.13953488372093023,2019-08-10T02:04:51Z,ls7,qd9u3s6mjhqq,0.03607453068086299,0.19017932193891846,0.00630428691510227
0.013033707865168541,0.22741573033707868,0.0,0.03797752808988764,0.5280898876404494,0.19101123595505617,2019-08-11T02:11:21Z,ls8,qd9u3s6mjhqq,0.03831469742724741,0.22943475619156442,0.013149422785682548
0.007640449438202247,0.2420224719101124,0.0,0.030112359550561796,0.5393258426966292,0.1797752808988764,2019-08-19T01:58:17Z,ls7,qd9u3s6mjhqq,0.030233292721447588,0.24299444970894818,0.00767113397409864
0.0058620689655172415,0.1550574712643678,0.022471910112359605,0.022413793103448276,0.7011494252873564,0.11494252873563218,2019-08-26T02:04:10Z,ls7,qd9u3s6mjhqq,0.022484055777753757,0.15554354484199903,0.005880445357258675
0.0071910112359550565,0.17224719101123595,0.0,0.02112359550561798,0.6179775280898876,0.1797752808988764,2019-08-27T02:11:25Z,ls8,qd9u3s6mjhqq,0.021301104711547548,0.17369464639788504,0.007251439901803419
0.0015116279069767443,0.23186046511627909,0.0337078651685393,0.020930232558139538,0.45348837209302323,0.29069767441860467,2019-09-04T01:57:36Z,ls7,qd9u3s6mjhqq,0.021054646377643798,0.23323869376123185,0.0015206133494964965
0.009302325581395349,0.29837209302325585,0.5168539325842696,0.06046511627906976,0.3023255813953488,0.32558139534883723,2019-09-12T02:11:30Z,ls8,qd9u3s6mjhqq,0.06111445738882603,0.30157634165332237,0.009402224213665544
0.01011904761904762,0.28250000000000003,0.0561797752808989,0.040952380952380955,0.20238095238095238,0.4642857142857143,2019-09-20T01:56:54Z,ls7,qd9u3s6mjhqq,0.04092315013085891,0.28229835831548894,0.010111824886985487
0.0,0.8936065573770492,0.3146067415730337,0.09704918032786887,0.0,0.0,2019-09-27T02:02:46Z,ls7,qd9u3s6mjhqq,0.09796458712559988,0.9020354128744,0.0
0.03642857142857143,0.7814285714285714,0.8426966292134832,0.17142857142857143,0.0,0.0,2019-09-28T02:11:35Z,ls8,qd9u3s6mjhqq,0.17328519855595667,0.7898916967509024,0.03682310469314079
0.0011111111111111111,0.8827777777777778,0.1910112359550562,0.10597222222222222,0.0,0.0,2019-10-06T01:56:13Z,ls7,qd9u3s6mjhqq,0.10705766802301109,0.8918198400448997,0.0011224919320892382
,,1.0,,,,2019-10-14T02:11:38Z,ls8,qd9u3s6mjhqq,,,
0.0075,0.8818750000000001,0.8202247191011236,0.10187500000000001,0.0,0.0,2019-10-22T01:55:33Z,ls7,qd9u3s6mjhqq,0.10277427490542244,0.8896595208070618,0.007566204287515762
,,1.0,,,,2019-10-29T02:01:25Z,ls7,qd9u3s6mjhqq,,,
0.02140625,0.876875,0.2808988764044944,0.09015625000000001,0.0,0.0,2019-10-30T02:11:38Z,ls8,qd9u3s6mjhqq,0.09121087575086943,0.887132469174834,0.021656655074296555
0.0,0.9,0.8876404494382022,0.094,0.0,0.0,2019-11-07T01:54:50Z,ls7,qd9u3s6mjhqq,0.09456740442655935,0.9054325955734407,0.0
0.0,0.93,0.9438202247191011,0.064,0.0,0.0,2019-11-14T02:00:42Z,ls7,qd9u3s6mjhqq,0.06438631790744467,0.9356136820925554,0.0
0.02382022471910112,0.8810112359550561,0.0,0.08393258426966294,0.0,0.0,2019-11-15T02:11:35Z,ls8,qd9u3s6mjhqq,0.08488636363636365,0.8910227272727271,0.024090909090909086
0.003483146067415731,0.9262921348314604,0.0,0.05943820224719102,0.0,0.0,2019-11-23T01:54:06Z,ls7,qd9u3s6mjhqq,0.060086324398000934,0.9363925488414357,0.0035211267605633817
0.0033707865168539327,0.927865168539326,0.0,0.05786516853932585,0.0,0.0,2019-11-30T01:59:56Z,ls7,qd9u3s6mjhqq,0.05850278314211064,0.9380892877428149,0.003407929115074406
0.025393258426966294,0.9053932584269664,0.0,0.05629213483146068,0.0,0.0,2019-12-01T02:11:33Z,ls8,qd9u3s6mjhqq,0.05702902675014229,0.9172453044963006,0.0257256687535572
0.013370786516853932,0.9180898876404494,0.0,0.057865168539325856,0.0,0.0,2019-12-09T01:53:19Z,ls7,qd9u3s6mjhqq,0.05848949460533789,0.9279954571266326,0.013515048268029527
0.006516853932584269,0.9408988764044943,0.0,0.04325842696629214,0.0,0.0,2019-12-16T01:59:09Z,ls7,qd9u3s6mjhqq,0.043665645911307706,0.9497561528864693,0.006578201202222978
0.02438202247191011,0.9068539325842696,0.0,0.05685393258426967,0.0,0.0,2019-12-17T02:11:32Z,ls8,qd9u3s6mjhqq,0.057539231294064144,0.9177848533090743,0.024675915396861498
0.002,0.898,0.8314606741573034,0.09066666666666666,0.0,0.0,2019-12-25T01:52:30Z,ls7,qd9u3s6mjhqq,0.09152086137281291,0.9064602960969045,0.002018842530282638
,,1.0,,,,2020-01-01T01:58:19Z,ls7,qd9u3s6mjhqq,,,
0.023370786516853932,0.9137078651685391,0.0,0.049438202247191025,0.0,0.0,2020-01-02T02:11:27Z,ls8,qd9u3s6mjhqq,0.05011389521640094,0.9261958997722095,0.023690205011389527
0.006,0.9433333333333332,0.6629213483146068,0.04066666666666666,0.0,0.0,2020-01-10T01:51:40Z,ls7,qd9u3s6mjhqq,0.04107744107744108,0.9528619528619529,0.0060606060606060615
0.0,0.8720000000000001,0.9438202247191011,0.118,0.0,0.0,2020-01-17T01:57:30Z,ls7,qd9u3s6mjhqq,0.11919191919191917,0.8808080808080808,0.0
0.028764044943820226,0.9064044943820223,0.0,0.05078651685393258,0.0,0.0,2020-01-18T02:11:24Z,ls8,qd9u3s6mjhqq,0.05150997150997152,0.9193162393162393,0.02917378917378918
0.011348314606741574,0.9464044943820226,0.0,0.03123595505617978,0.0,0.0,2020-01-26T01:50:53Z,ls7,qd9u3s6mjhqq,0.031583730970234036,0.9569416041808679,0.011474664848897977
0.01617283950617284,0.9597530864197532,0.0898876404494382,0.014074074074074076,0.0,0.0,2020-02-02T01:56:43Z,ls7,qd9u3s6mjhqq,0.014216236438458658,0.9694475620401546,0.016336201521386706
0.028314606741573035,0.9228089887640447,0.0,0.03573033707865169,0.0,0.0,2020-02-03T02:11:19Z,ls8,qd9u3s6mjhqq,0.036206307639758635,0.9351019014004326,0.028691790959808727
0.003932584269662921,0.9648314606741575,0.0,0.019662921348314606,0.0,0.0,2020-02-11T01:50:04Z,ls7,qd9u3s6mjhqq,0.019893145390474022,0.9761282255314312,0.003978629078094804
0.020449438202247188,0.8706741573033709,0.0,0.11269662921348315,0.0,0.0,2020-02-18T01:55:53Z,ls7,qd9u3s6mjhqq,0.11226774121334228,0.8673606447280054,0.020371614058652333
0.024831460674157303,0.9247191011235955,0.0,0.039213483146067415,0.0,0.0,2020-02-19T02:11:15Z,ls8,qd9u3s6mjhqq,0.03965909090909091,0.9352272727272727,0.025113636363636362
,,1.0,,,,2020-03-05T01:55:02Z,ls7,qd9u3s6mjhqq,,,
0.027528089887640453,0.8837078651685393,0.0,0.07539325842696629,0.0,0.0,2020-03-06T02:11:10Z,ls8,qd9u3s6mjhqq,0.07641498690354173,0.8956838628857761,0.02790115021068216
0.0,0.9534939759036143,0.0674157303370787,0.043132530120481925,0.0,0.0,2020-03-14T01:48:22Z,ls7,qd9u3s6mjhqq,0.04327852998065765,0.9567214700193424,0.0
0.005277777777777778,0.9005555555555556,0.5955056179775281,0.08472222222222221,0.0,0.0,2020-03-21T01:54:09Z,ls7,qd9u3s6mjhqq,0.08553000560852494,0.9091418956814357,0.005328098710039259
0.030112359550561796,0.8730337078651685,0.0,0.08449438202247192,0.0,0.0,2020-03-22T02:11:02Z,ls8,qd9u3s6mjhqq,0.08555176336746304,0.8839590443686006,0.030489192263936288
0.018000000000000002,0.8946666666666666,0.8314606741573034,0.07733333333333334,0.0,0.0,2020-03-30T01:47:28Z,ls7,qd9u3s6mjhqq,0.07811447811447812,0.9037037037037037,0.018181818181818184
0.01076923076923077,0.933076923076923,0.8539325842696629,0.047692307692307694,0.0,0.0,2020-04-06T01:53:15Z,ls7,qd9u3s6mjhqq,0.04809930178432894,0.9410395655546936,0.010861132660977504
0.028651685393258425,0.8892134831460676,0.0,0.06876404494382024,0.0,0.0,2020-04-07T02:10:53Z,ls8,qd9u3s6mjhqq,0.06969593440382645,0.9012640929279125,0.029039972668261006
0.2139325842696629,0.6695505617977529,0.0,0.10820224719101125,0.0,0.0,2020-04-15T01:46:33Z,ls7,qd9u3s6mjhqq,0.10910944935418085,0.6751642873328801,0.21572626331293904
0.0,0.9408333333333334,0.8651685393258427,0.055,0.0,0.0,2020-04-22T01:52:19Z,ls7,qd9u3s6mjhqq,0.05523012552301255,0.9447698744769875,0.0
,,1.0,,,,2020-04-23T02:10:47Z,ls8,qd9u3s6mjhqq,,,
0.03875,0.8612500000000001,0.8202247191011236,0.08937500000000001,0.0,0.0,2020-05-01T01:45:36Z,ls7,qd9u3s6mjhqq,0.09033480732785851,0.870499052432091,0.03916614024005054
0.0,0.0,0.5280898876404494,0.0,0.0,1.0,2020-05-08T01:51:22Z,ls7,qd9u3s6mjhqq,0.0,0.0,0.0
0.021264367816091954,0.7639080459770115,0.022471910112359605,0.08816091954022989,0.0,0.11494252873563218,2020-05-09T02:10:38Z,ls8,qd9u3s6mjhqq,0.08934444333505794,0.7741631947911277,0.02154983313818216
,,1.0,,,,2020-05-17T01:44:38Z,ls7,qd9u3s6mjhqq,,,
,,1.0,,,,2020-05-25T02:10:41Z,ls8,qd9u3s6mjhqq,,,
0.01,0.07666666666666666,0.898876404494382,0.02333333333333333,0.5555555555555556,0.3333333333333333,2020-06-02T01:43:40Z,ls7,qd9u3s6mjhqq,0.02356902356902357,0.07744107744107744,0.010101010101010102
0.014285714285714287,0.9180952380952382,0.7640449438202247,0.0642857142857143,0.0,0.0,2020-06-09T01:49:27Z,ls7,qd9u3s6mjhqq,0.06450071667462973,0.9211657907310081,0.01433349259436216
,,1.0,,,,2020-06-10T02:10:50Z,ls8,qd9u3s6mjhqq,,,
0.00425,0.338,0.101123595505618,0.043250000000000004,0.35,0.2625,2020-06-18T01:42:44Z,ls7,qd9u3s6mjhqq,0.043474383916990926,0.33975356679636837,0.004272049286640727
0.0,0.0,0.9887640449438202,0.0,0.0,1.0,2020-06-25T01:48:30Z,ls7,qd9u3s6mjhqq,0.0,0.0,0.0
0.009325842696629214,0.18606741573033705,0.0,0.027415730337078652,0.5617977528089888,0.21348314606741572,2020-06-26T02:10:59Z,ls8,qd9u3s6mjhqq,0.02765076181248477,0.18766254738309332,0.009405791928017361
0.007857142857142858,0.20214285714285715,0.3707865168539326,0.02089285714285714,0.6785714285714286,0.08928571428571429,2020-07-04T01:41:47Z,ls7,qd9u3s6mjhqq,0.021005966191581033,0.20323721135786096,0.007899679593415091
0.0,0.91,0.9887640449438202,0.08,0.0,0.0,2020-07-11T01:47:32Z,ls7,qd9u3s6mjhqq,0.08080808080808081,0.9191919191919192,0.0
0.012921348314606741,0.20337078651685395,0.0,0.028764044943820226,0.6404494382022472,0.11235955056179775,2020-07-12T02:11:05Z,ls8,qd9u3s6mjhqq,0.029014625803028195,0.2051424714979728,0.013033913934954072
0.006585365853658537,0.010487804878048781,0.5393258426966292,0.006829268292682928,0.8536585365853658,0.12195121951219512,2020-07-20T01:40:49Z,ls7,qd9u3s6mjhqq,0.006968641114982585,0.010701841712294685,0.006719761075161779
0.013157894736842105,0.16407894736842107,0.1460674157303371,0.019210526315789473,0.6973684210526315,0.10526315789473684,2020-07-27T01:46:33Z,ls7,qd9u3s6mjhqq,0.019300595762681994,0.16484823915112637,0.013219586138823283
0.0,0.0,0.9101123595505618,0.0,1.0,0.0,2020-07-28T02:11:10Z,ls8,qd9u3s6mjhqq,0.0,0.0,0.0
0.0023595505617977526,0.34314606741573034,0.0,0.024157303370786518,0.47191011235955055,0.15730337078651685,2020-08-05T01:39:49Z,ls7,qd9u3s6mjhqq,0.02423072982480106,0.34418906458112764,0.0023667224480038245
,,1.0,,,,2020-08-13T02:11:14Z,ls8,qd9u3s6mjhqq,,,
,,1.0,,,,2020-08-21T01:38:48Z,ls7,qd9u3s6mjhqq,,,
0.003793103448275862,0.054942528735632185,0.022471910112359605,0.009885057471264367,0.8505747126436781,0.08045977011494253,2020-08-28T01:44:31Z,ls7,qd9u3s6mjhqq,0.009934731126898867,0.05521862184485649,0.003812164269623984
,,1.0,,,,2020-08-29T02:11:22Z,ls8,qd9u3s6mjhqq,,,
0.00949367088607595,0.3532911392405063,0.1123595505617978,0.05189873417721518,0.34177215189873417,0.24050632911392406,2020-09-22T01:36:41Z,ls7,qd9u3s6mjhqq,0.05227894468400797,0.3558793527147957,0.009563221588538043
,,1.0,,,,2020-09-30T02:11:33Z,ls8,qd9u3s6mjhqq,,,
0.0,0.9159770114942528,0.022471910112359605,0.07885057471264369,0.0,0.0,2020-10-08T01:35:40Z,ls7,qd9u3s6mjhqq,0.07926054303870596,0.920739456961294,0.0
,,1.0,,,,2020-10-16T02:11:34Z,ls8,qd9u3s6mjhqq,,,
0.0033707865168539327,0.9362921348314607,0.0,0.05134831460674158,0.0,0.0,2020-10-24T01:34:38Z,ls7,qd9u3s6mjhqq,0.051814058956916105,0.9447845804988662,0.003401360544217687
,,1.0,,,,2020-11-09T01:33:33Z,ls7,qd9u3s6mjhqq,,,
0.0009433962264150943,0.8703773584905661,0.4044943820224719,0.12245283018867925,0.0,0.0,2020-11-16T01:39:15Z,ls7,qd9u3s6mjhqq,0.1232200493639643,0.87583064363015,0.0009493070058857033
,,1.0,,,,2020-11-17T02:11:32Z,ls8,qd9u3s6mjhqq,,,
0.001910112359550562,0.913932584269663,0.0,0.07617977528089889,0.0,0.0,2020-11-25T01:32:26Z,ls7,qd9u3s6mjhqq,0.07679238871899424,0.9212821384075207,0.001925472873485106
0.0025,0.9179999999999998,0.101123595505618,0.06999999999999999,0.0,0.0,2020-12-02T01:38:06Z,ls7,qd9u3s6mjhqq,0.07067137809187281,0.9268046441191319,0.0025239777889954577
0.024044943820224717,0.8775280898876404,0.0,0.08786516853932584,0.0,0.0,2020-12-03T02:11:35Z,ls8,qd9u3s6mjhqq,0.0888030888030888,0.8868952986600046,0.024301612536906655
0.0040625,0.9571874999999999,0.6404494382022472,0.031875,0.0,0.0,2020-12-11T01:31:15Z,ls7,qd9u3s6mjhqq,0.03209565764631844,0.9638137193203273,0.004090623033354312
,,1.0,,,,2020-12-18T01:36:54Z,ls7,qd9u3s6mjhqq,,,
0.023258426966292132,0.9051685393258425,0.0,0.06000000000000001,0.0,0.0,2020-12-19T02:11:35Z,ls8,qd9u3s6mjhqq,0.06070251222007505,0.9157667386609071,0.023530749119017848
0.008876404494382022,0.9423595505617978,0.0,0.03932584269662921,0.0,0.0,2020-12-27T01:30:04Z,ls7,qd9u3s6mjhqq,0.0397005444646098,0.9513384754990926,0.00896098003629764
,,1.0,,,,2021-01-03T01:35:46Z,ls7,qd9u3s6mjhqq,,,
0.02,0.8891549295774647,0.202247191011236,0.07816901408450705,0.0,0.0,2021-01-04T02:11:30Z,ls8,qd9u3s6mjhqq,0.07917261055634808,0.9005706134094151,0.02025677603423681
,,1.0,,,,2021-01-12T01:28:57Z,ls7,qd9u3s6mjhqq,,,
,,1.0,,,,2021-01-20T02:11:23Z,ls8,qd9u3s6mjhqq,,,
0.007386363636363636,0.9521590909090908,0.011235955056179803,0.030795454545454546,0.0,0.0,2021-01-28T01:27:48Z,ls7,qd9u3s6mjhqq,0.031095811818703387,0.96144578313253,0.007458405048766495
0.08,0.78,0.9887640449438202,0.13,0.0,0.0,2021-02-04T01:33:28Z,ls7,qd9u3s6mjhqq,0.13131313131313133,0.787878787878788,0.08080808080808081
0.026477272727272728,0.9030681818181818,0.011235955056179803,0.06522727272727273,0.0,0.0,2021-02-05T02:11:21Z,ls8,qd9u3s6mjhqq,0.06557002513136852,0.9078135709389994,0.02661640392963217
,,1.0,,,,2021-02-13T01:26:37Z,ls7,qd9u3s6mjhqq,,,
0.004743589743589744,0.4165384615384616,0.1235955056179775,0.0494871794871795,0.4358974358974359,0.08974358974358974,2021-02-20T01:32:16Z,ls7,qd9u3s6mjhqq,0.04986453270766997,0.41971468074409246,0.004779760907211887
0.02164705882352941,0.46223529411764713,0.0449438202247191,0.07611764705882353,0.27058823529411763,0.16470588235294117,2021-02-21T02:11:17Z,ls8,qd9u3s6mjhqq,0.07675729115175481,0.46611962432031634,0.021828966880869993
0.0010112359550561798,0.9132584269662923,0.0,0.07876404494382022,0.0,0.0,2021-03-01T01:25:24Z,ls7,qd9u3s6mjhqq,0.07931658746322696,0.9196650825978729,0.0010183299389002036
0.0,0.9138888888888889,0.5955056179775281,0.08055555555555556,0.0,0.0,2021-03-08T01:31:02Z,ls7,qd9u3s6mjhqq,0.08100558659217877,0.9189944134078212,0.0
,,1.0,,,,2021-03-09T02:11:09Z,ls8,qd9u3s6mjhqq,,,
0.000375,0.9258749999999999,0.101123595505618,0.066625,0.0,0.0,2021-03-17T01:24:08Z,ls7,qd9u3s6mjhqq,0.06710310965630115,0.9325191992949766,0.00037769104872214534
0.005,0.8858333333333334,0.8651685393258427,0.10166666666666667,0.0,0.0,2021-03-24T01:29:46Z,ls7,qd9u3s6mjhqq,0.10243492863140218,0.892527287993283,0.005037783375314861
,,1.0,,,,2021-03-25T02:11:02Z,ls8,qd9u3s6mjhqq,,,
0.0015789473684210526,0.9086842105263159,0.5730337078651686,0.08157894736842104,0.0,0.0,2021-04-02T01:22:51Z,ls7,qd9u3s6mjhqq,0.08224993366940832,0.9161581321305386,0.0015919342000530643
0.0,0.8972727272727273,0.8764044943820225,0.09363636363636364,0.0,0.0,2021-04-09T01:28:27Z,ls7,qd9u3s6mjhqq,0.0944954128440367,0.9055045871559633,0.0
,,1.0,,,,2021-04-10T02:10:58Z,ls8,qd9u3s6mjhqq,,,
0.002830188679245283,0.8847169811320755,0.4044943820224719,0.1058490566037736,0.0,0.0,2021-04-18T01:21:31Z,ls7,qd9u3s6mjhqq,0.10655270655270654,0.8905982905982905,0.0028490028490028483
,,1.0,,,,2021-04-25T01:27:06Z,ls7,qd9u3s6mjhqq,,,
0.023258426966292132,0.8402247191011236,0.0,0.12494382022471909,0.0,0.0,2021-04-26T02:10:50Z,ls8,qd9u3s6mjhqq,0.1264067295668978,0.8500625213140844,0.023530749119017844
0.011797752808988765,0.281123595505618,0.0,0.05224719101123595,0.47191011235955055,0.1797752808988764,2021-05-12T02:10:47Z,ls8,qd9u3s6mjhqq,0.052723402387640436,0.28368591994382025,0.011905284410112358
0.0037209302325581397,0.6430232558139536,0.0337078651685393,0.09348837209302324,0.13953488372093023,0.11627906976744186,2021-05-20T01:18:49Z,ls7,qd9u3s6mjhqq,0.09398768165179842,0.6464575616100068,0.003740803249822823
0.0010112359550561798,0.08842696629213483,0.0,0.011348314606741574,0.7865168539325843,0.11235955056179775,2021-06-05T01:17:27Z,ls7,qd9u3s6mjhqq,0.011386268836195555,0.08872270865431585,0.0010146180151065346
0.0014545454545454547,0.02781818181818182,0.3820224719101124,0.006909090909090909,0.9272727272727272,0.03636363636363636,2021-06-12T01:23:04Z,ls7,qd9u3s6mjhqq,0.006943809958885341,0.027957971676564667,0.0014618547281863878
0.0006741573033707865,0.017191011235955053,0.0,0.004382022471910113,0.8764044943820225,0.10112359550561797,2021-06-13T02:11:04Z,ls8,qd9u3s6mjhqq,0.004426285325161725,0.017364657814095994,0.0006809669731018038
,,1.0,,,,2021-06-21T01:16:09Z,ls7,qd9u3s6mjhqq,,,
,,1.0,,,,2021-06-29T02:11:08Z,ls8,qd9u3s6mjhqq,,,
,,1.0,,,,2021-07-07T01:14:49Z,ls7,qd9u3s6mjhqq,,,
,,1.0,,,,2021-07-15T02:11:09Z,ls8,qd9u3s6mjhqq,,,
,,1.0,,,,2021-07-23T01:13:27Z,ls7,qd9u3s6mjhqq,,,
0.003414634146341464,0.003048780487804878,0.0786516853932584,0.005487804878048781,0.9512195121951219,0.036585365853658534,2021-07-31T02:11:17Z,ls8,qd9u3s6mjhqq,0.0055998008959681645,0.0031110004977600914,0.0034843205574913026
0.0,0.01267605633802817,0.202247191011236,0.0014084507042253522,0.9577464788732394,0.028169014084507043,2021-08-15T01:17:35Z,ls7,qd9u3s6mjhqq,0.0014084507042253576,0.012676056338028218,0.0
0.0030337078651685393,0.014157303370786517,0.0,0.005056179775280899,0.898876404494382,0.07865168539325842,2021-08-16T02:11:23Z,ls8,qd9u3s6mjhqq,0.005107252298263541,0.014300306435137912,0.003064351378958124
0.008651685393258427,0.014943820224719103,0.0,0.009775280898876405,0.898876404494382,0.06741573033707865,2021-08-24T01:10:38Z,ls7,qd9u3s6mjhqq,0.009874021109976174,0.01509476790375668,0.008739076154806498
,,1.0,,,,2021-09-16T01:14:48Z,ls7,qd9u3s6mjhqq,,,
0.003370786516853933,0.012134831460674157,0.0,0.006741573033707865,0.8876404494382022,0.0898876404494382,2021-09-17T02:11:32Z,ls8,qd9u3s6mjhqq,0.006809669731018064,0.012257405515832513,0.003404834865509032
0.0,0.0,0.9213483146067416,0.0,0.7142857142857143,0.2857142857142857,2021-09-25T01:07:49Z,ls7,qd9u3s6mjhqq,0.0,0.0,0.0
0.011923076923076923,0.04346153846153847,0.4157303370786517,0.02057692307692308,0.75,0.17307692307692307,2021-10-03T02:11:36Z,ls8,qd9u3s6mjhqq,0.02083739045764362,0.04401168451801364,0.012074001947419668
0.002317073170731707,0.17890243902439024,0.0786516853932584,0.03695121951219513,0.6585365853658537,0.12195121951219512,2021-11-03T01:10:29Z,ls7,qd9u3s6mjhqq,0.037178420973701075,0.18000245402118634,0.002331320127063763
0.012285714285714285,0.09142857142857141,0.2134831460674157,0.03785714285714285,0.7,0.15714285714285714,2021-11-04T02:11:39Z,ls8,qd9u3s6mjhqq,0.03820095141992216,0.09225890154245353,0.012397289894767195
0.00016129032258064516,0.6900000000000001,0.3033707865168539,0.09564516129032258,0.0967741935483871,0.11290322580645161,2021-11-12T01:03:26Z,ls7,qd9u3s6mjhqq,0.09619484612532443,0.6939655172413793,0.00016221727845754544
0.022500000000000003,0.8129166666666667,0.4606741573033708,0.155,0.0,0.0,2021-11-18T02:13:25Z,ls9,qd9u3s6mjhqq,0.15649978965082034,0.8207824989482542,0.022717711400925537
0.0,0.8896296296296297,0.696629213483146,0.10481481481481482,0.0,0.0,2021-11-19T01:08:56Z,ls7,qd9u3s6mjhqq,0.10540037243947858,0.8945996275605215,0.0
0.020224719101123594,0.8559550561797754,0.0,0.11292134831460673,0.0,0.0,2021-11-20T02:11:34Z,ls8,qd9u3s6mjhqq,0.1141656253549926,0.865386799954561,0.020447574690446436
0.0015555555555555557,0.9008888888888891,0.4943820224719101,0.08688888888888889,0.0,0.0,2021-11-28T01:01:54Z,ls7,qd9u3s6mjhqq,0.08782569631626234,0.9106019766397125,0.001572327044025157
,,1.0,,,,2021-12-05T01:07:25Z,ls7,qd9u3s6mjhqq,,,
0.02134831460674157,0.8793258426966293,0.0,0.08752808988764045,0.0,0.0,2021-12-06T02:11:36Z,ls8,qd9u3s6mjhqq,0.0885730528709494,0.8898237635019898,0.021603183627060825
0.021685393258426965,0.8817977528089888,0.0,0.08314606741573034,0.0,0.0,2021-12-14T02:11:32Z,ls9,qd9u3s6mjhqq,0.0842728618608359,0.8937478647078919,0.02197927343127206
0.019999999999999997,0.8858426966292133,0.0,0.08123595505617978,0.0,0.0,2021-12-22T02:11:33Z,ls8,qd9u3s6mjhqq,0.08229937393284009,0.8974388161639157,0.020261809903244166
0.0017977528089887641,0.1950561797752809,0.0,0.025842696629213485,0.0,0.7752808988764045,2021-12-30T00:58:48Z,ls7,qd9u3s6mjhqq,0.026077393167722993,0.19682762843116136,0.0018140795247111648
,,1.0,,,,2022-01-06T01:04:17Z,ls7,qd9u3s6mjhqq,,,
0.021235955056179773,0.9001123595505617,0.0,0.06404494382022471,0.0,0.0,2022-01-07T02:11:29Z,ls8,qd9u3s6mjhqq,0.06499429874572406,0.91345496009122,0.021550741163055873
0.08707865168539326,0.8787640449438201,0.0,0.11348314606741573,0.0,0.1348314606741573,2022-01-15T00:57:16Z,ls7,qd9u3s6mjhqq,0.09096608627098703,0.7044017432924647,0.06980070976239103
,,1.0,,,,2022-01-22T01:02:46Z,ls7,qd9u3s6mjhqq,,,
0.020786516853932582,0.9159550561797751,0.0,0.047752808988764044,0.0,0.0,2022-01-23T02:11:25Z,ls8,qd9u3s6mjhqq,0.048504907555352667,0.930381191508788,0.021113900935859395
0.005730337078651685,0.9305617977528089,0.0,0.0498876404494382,0.0,0.0,2022-01-31T00:55:42Z,ls7,qd9u3s6mjhqq,0.050586760852227415,0.9436025976985303,0.005810641449242339
,,1.0,,,,2022-02-07T01:01:11Z,ls7,qd9u3s6mjhqq,,,
0.021685393258426965,0.9117977528089886,0.0,0.05056179775280899,0.0,0.0,2022-02-08T02:11:21Z,ls8,qd9u3s6mjhqq,0.05138159397122631,0.9265814112811144,0.022036994747659286
0.008314606741573034,0.9440449438202246,0.0,0.036292134831460675,0.0,0.0,2022-02-16T00:54:03Z,ls7,qd9u3s6mjhqq,0.03670871689964769,0.9548812365041482,0.008410046596204116
,,1.0,,,,2022-02-23T00:59:35Z,ls7,qd9u3s6mjhqq,,,
0.022134831460674156,0.9134831460674157,0.0,0.047752808988764044,0.0,0.0,2022-02-24T02:11:16Z,ls8,qd9u3s6mjhqq,0.04856032906764168,0.9289305301645339,0.0225091407678245
0.005168539325842696,0.6455056179775281,0.0,0.027191011235955055,0.0,0.3146067415730337,2022-03-04T00:52:32Z,ls7,qd9u3s6mjhqq,0.027492983348139537,0.6526743360952961,0.0052259389835306565
,,1.0,,,,2022-03-12T02:11:12Z,ls8,qd9u3s6mjhqq,,,
0.5395505617977527,0.12719101123595505,0.0,0.18393258426966294,0.0,0.449438202247191,2022-03-20T00:50:56Z,ls7,qd9u3s6mjhqq,0.11904235410399532,0.08231884230038038,0.34920060134843334
0.0,0.9093333333333333,0.4943820224719101,0.08444444444444445,0.0,0.0,2022-03-27T00:56:28Z,ls7,qd9u3s6mjhqq,0.08497316636851521,0.9150268336314848,0.0
,,1.0,,,,2022-03-28T02:11:00Z,ls8,qd9u3s6mjhqq,,,
0.0008988764044943821,0.6366292134831462,0.0,0.13191011235955055,0.0,0.2247191011235955,2022-04-05T00:49:24Z,ls7,qd9u3s6mjhqq,0.13291176625013126,0.6414634306416046,0.0009057019846686968
0.019438202247191012,0.7195505617977529,0.0,0.17258426966292134,0.02247191011235955,0.056179775280898875,2022-04-13T02:11:04Z,ls8,qd9u3s6mjhqq,0.17443498227979226,0.7272666839321548,0.019646648394794314
0.01157303370786517,0.15370786516853932,0.0,0.03550561797752809,0.651685393258427,0.14606741573033707,2022-04-29T02:11:00Z,ls8,qd9u3s6mjhqq,0.035763912904057386,0.15482605333148894,0.011657224775689593
0.13393258426966295,0.07584269662921347,0.0,0.0696629213483146,0.4606741573033708,0.25842696629213485,2022-05-15T02:11:10Z,ls8,qd9u3s6mjhqq,0.07002706207108421,0.07623914015803522,0.13463267417537486
0.007415730337078653,0.03438202247191011,0.0,0.013932584269662922,0.8426966292134831,0.10112359550561797,2022-05-31T02:11:13Z,ls8,qd9u3s6mjhqq,0.014044943820224733,0.03465929684668361,0.007475534613990585
0.004157303370786517,0.010786516853932584,0.0,0.007303370786516854,0.8876404494382022,0.0898876404494382,2022-06-16T02:11:25Z,ls8,qd9u3s6mjhqq,0.007377142208602901,0.010895471569628898,0.004199296334127805
0.008314606741573034,0.04112359550561798,0.0,0.01707865168539326,0.8426966292134831,0.0898876404494382,2022-07-02T02:11:29Z,ls8,qd9u3s6mjhqq,0.017309444275736423,0.04167931976920744,0.008426966292134838
0.0,0.0,0.9775280898876404,0.0,0.0,1.0,2022-07-18T02:11:29Z,ls8,qd9u3s6mjhqq,0.0,0.0,0.0
,,1.0,,,,2022-08-03T02:11:41Z,ls8,qd9u3s6mjhqq,,,
0.0015730337078651688,0.004606741573033707,0.0,0.004831460674157303,0.9101123595505618,0.07865168539325842,2022-08-19T02:11:46Z,ls8,qd9u3s6mjhqq,0.004930061912405411,0.004700756707177252,0.001605136436597111
,,1.0,,,,2022-10-06T02:11:50Z,ls8,qd9u3s6mjhqq,,,
,,1.0,,,,2022-10-22T02:11:50Z,ls8,qd9u3s6mjhqq,,,
,,1.0,,,,2022-11-07T02:11:52Z,ls8,qd9u3s6mjhqq,,,
0.02648648648648649,0.7908108108108108,0.5842696629213483,0.17729729729729732,0.0,0.0,2022-11-23T02:11:47Z,ls8,qd9u3s6mjhqq,0.1782608695652174,0.7951086956521739,0.026630434782608698
0.02,0.8,0.9887640449438202,0.16,0.0,0.0,2022-12-09T02:11:47Z,ls8,qd9u3s6mjhqq,0.16326530612244897,0.8163265306122449,0.02040816326530612
0.021235955056179773,0.8680898876404495,0.0,0.09741573033707865,0.0,0.0,2022-12-25T02:11:38Z,ls8,qd9u3s6mjhqq,0.09872466408562969,0.8797540423593715,0.02152129355499886
,,1.0,,,,2023-01-10T02:11:37Z,ls8,qd9u3s6mjhqq,,,
0.02101123595505618,0.898876404494382,0.0,0.0650561797752809,0.0,0.0,2023-01-26T02:11:36Z,ls8,qd9u3s6mjhqq,0.06605065023956196,0.9126169290440338,0.02133242071640429
0.022247191011235956,0.9004494382022472,0.0,0.061011235955056184,0.0,0.0,2023-02-11T02:11:33Z,ls8,qd9u3s6mjhqq,0.062021701884637355,0.9153626499143347,0.022615648201027985
,,1.0,,,,2023-02-27T02:11:18Z,ls8,qd9u3s6mjhqq,,,
0.022584269662921347,0.9007865168539326,0.0,0.0604494382022472,0.0,0.0,2023-03-15T02:11:12Z,ls8,qd9u3s6mjhqq,0.06144358154408406,0.915600730927364,0.022955687528551847
0.004157303370786517,0.012921348314606741,0.0,0.005280898876404494,0.6067415730337079,0.3707865168539326,2023-03-31T02:11:02Z,ls8,qd9u3s6mjhqq,0.00530743605668792,0.012986279713172571,0.004178194342499002
0.0198876404494382,0.7470786516853933,0.0,0.1544943820224719,0.0,0.06741573033707865,2023-04-16T02:10:47Z,ls8,qd9u3s6mjhqq,0.15635939163352233,0.7560971599791202,0.020127718050278874
0.02280898876404494,0.8257303370786516,0.0,0.13988764044943822,0.0,0.0,2023-05-02T02:10:42Z,ls8,qd9u3s6mjhqq,0.1415255200636581,0.8353984312833921,0.023076048652949866
0.02438202247191011,0.8314606741573034,0.0,0.13303370786516855,0.0,0.0,2023-05-18T02:10:30Z,ls8,qd9u3s6mjhqq,0.13453016702647427,0.8408135439154641,0.02465628905806158
0.008426966292134833,0.24932584269662927,0.0,0.05415730337078652,0.4157303370786517,0.2696629213483146,2023-06-03T02:10:34Z,ls8,qd9u3s6mjhqq,0.05462552213191723,0.25148139753262316,0.008499821908493346
,,1.0,,,,2023-06-19T02:10:42Z,ls8,qd9u3s6mjhqq,,,
,,1.0,,,,2023-07-05T02:10:53Z,ls8,qd9u3s6mjhqq,,,
0.009213483146067417,0.2237078651685393,0.0,0.045617977528089895,0.5056179775280899,0.21348314606741572,2023-07-21T02:10:56Z,ls8,qd9u3s6mjhqq,0.0460044146108208,0.22560292977868027,0.009291532014993362
0.058536585365853655,0.024878048780487806,0.5393258426966292,0.0375609756097561,0.6341463414634146,0.24390243902439024,2023-08-06T02:11:06Z,ls8,qd9u3s6mjhqq,0.03786388670338317,0.0250786782061369,0.05900865460267505
0.008452380952380953,0.17916666666666664,0.0561797752808989,0.03702380952380952,0.6428571428571429,0.13095238095238096,2023-08-22T02:11:13Z,ls8,qd9u3s6mjhqq,0.037278875514169627,0.1804009892245186,0.00851061145178792
0.023370786516853932,0.5815730337078652,0.0,0.10786516853932585,0.0898876404494382,0.19101123595505617,2023-09-07T02:11:12Z,ls8,qd9u3s6mjhqq,0.10881732009011434,0.5867067174858666,0.023577086019524775
,,1.0,,,,2023-09-23T02:11:18Z,ls8,qd9u3s6mjhqq,,,
0.016179775280898877,0.6652808988764045,0.0,0.12629213483146068,0.0,0.19101123595505617,2023-10-09T02:11:23Z,ls8,qd9u3s6mjhqq,0.1264853763787059,0.6662988554611368,0.016204532205101114
0.02550561797752809,0.8613483146067415,0.0,0.1006741573033708,0.0,0.0,2023-10-25T02:11:26Z,ls8,qd9u3s6mjhqq,0.10194561383547618,0.8722266469450449,0.025827739219478896
,,1.0,,,,2023-11-10T02:11:22Z,ls8,qd9u3s6mjhqq,,,
,,1.0,,,,2023-11-26T02:11:29Z,ls8,qd9u3s6mjhqq,,,
0.026741573033707864,0.9091011235955054,0.0,0.05134831460674158,0.0,0.0,2023-12-12T02:11:24Z,ls8,qd9u3s6mjhqq,0.05201456863191443,0.9208968814022308,0.02708854996585477
0.0250561797752809,0.9097752808988764,0.0,0.05179775280898876,0.0,0.0,2023-12-28T02:11:25Z,ls8,qd9u3s6mjhqq,0.0524997152943856,0.9221045439016058,0.025395740804008658
0.032359550561797755,0.9013483146067416,0.0,0.053258426966292134,0.0,0.0,2024-01-05T02:11:28Z,ls9,qd9u3s6mjhqq,0.05396174863387978,0.9132513661202186,0.03278688524590164
,,1.0,,,,2024-01-13T02:11:22Z,ls8,qd9u3s6mjhqq,,,
0.038876404494382025,0.8819101123595506,0.0,0.06393258426966293,0.0,0.0,2024-01-21T02:11:29Z,ls9,qd9u3s6mjhqq,0.06492469192149704,0.8955956184390689,0.039479689639434046
0.03056179775280899,0.9058426966292134,0.0,0.048988764044943824,0.0,0.0,2024-01-29T02:11:16Z,ls8,qd9u3s6mjhqq,0.04971493728620298,0.9192702394526796,0.031014823261117454
0.04471910112359551,0.8958426966292133,0.0,0.04415730337078652,0.0,0.0,2024-02-06T02:11:33Z,ls9,qd9u3s6mjhqq,0.04484253765403926,0.9097444089456869,0.04541305340027386
0.04404494382022472,0.8995505617977527,0.0,0.04157303370786517,0.0,0.0,2024-02-14T02:11:19Z,ls8,qd9u3s6mjhqq,0.04219890510948906,0.9130930656934306,0.04470802919708029
0.05898876404494382,0.8807865168539326,0.0,0.0449438202247191,0.0,0.0,2024-02-22T02:11:20Z,ls9,qd9u3s6mjhqq,0.045641259698767686,0.8944545869465997,0.05990415335463259
0.02134831460674157,0.8806741573033708,0.0,0.08674157303370787,0.0,0.0,2024-03-01T02:11:13Z,ls8,qd9u3s6mjhqq,0.08772727272727272,0.8906818181818181,0.021590909090909088
0.03157303370786518,0.8870786516853931,0.0,0.06898876404494382,0.0,0.0,2024-03-09T02:11:25Z,ls9,qd9u3s6mjhqq,0.06985210466439137,0.8981797497155859,0.031968145620022766
0.025000000000000005,0.8249999999999998,0.9325842696629214,0.13333333333333333,0.0,0.0,2024-03-17T02:11:03Z,ls8,qd9u3s6mjhqq,0.13559322033898308,0.8389830508474576,0.02542372881355933
0.04134831460674158,0.8984269662921348,0.0,0.04651685393258428,0.0,0.0,2024-03-25T02:11:20Z,ls9,qd9u3s6mjhqq,0.04716336295283664,0.910913647755753,0.04192298929141035
0.046741573033707864,0.8860674157303369,0.0,0.05359550561797753,0.0,0.0,2024-04-02T02:10:51Z,ls8,qd9u3s6mjhqq,0.05433420662945667,0.8982799863310171,0.04738580703952615
0.05258426966292135,0.8859550561797752,0.0,0.04887640449438203,0.0,0.0,2024-04-10T02:11:12Z,ls9,qd9u3s6mjhqq,0.049499317250796544,0.8972462448793809,0.053254437869822494
0.029213483146067417,0.8891011235955057,0.0,0.06898876404494382,0.0,0.0,2024-04-18T02:10:43Z,ls8,qd9u3s6mjhqq,0.06987595311255262,0.9005348810743143,0.029589165813133034
0.023707865168539323,0.8475280898876404,0.0,0.11842696629213484,0.0,0.0,2024-05-04T02:10:34Z,ls8,qd9u3s6mjhqq,0.11966394187102636,0.8563805631244324,0.023955495004541326
,,1.0,,,,2024-05-20T02:10:21Z,ls8,qd9u3s6mjhqq,,,
0.0,0.0,0.8764044943820225,0.0,0.45454545454545453,0.5454545454545454,2024-05-28T02:10:36Z,ls9,qd9u3s6mjhqq,0.0,0.0,0.0
0.01550561797752809,0.10741573033707866,0.0,0.021685393258426965,0.7303370786516854,0.12359550561797752,2024-06-05T02:10:19Z,ls8,qd9u3s6mjhqq,0.02190443763477471,0.10850073771422085,0.015662240381341504
0.0032584269662921353,0.012696629213483145,0.0,0.006292134831460673,0.8764044943820225,0.10112359550561797,2024-06-13T02:10:30Z,ls9,qd9u3s6mjhqq,0.006355691748950168,0.012824877993417303,0.003291340369992052
0.019101123595505618,0.07775280898876405,0.0,0.0249438202247191,0.7528089887640449,0.12359550561797752,2024-06-21T02:10:28Z,ls8,qd9u3s6mjhqq,0.02531199469298065,0.0789004519258676,0.019383058999129326
0.0,0.0,0.9550561797752809,0.0,1.0,0.0,2024-06-29T02:10:21Z,ls9,qd9u3s6mjhqq,0.0,0.0,0.0
0.006741573033707866,0.04089887640449438,0.0,0.008202247191011236,0.8539325842696629,0.0898876404494382,2024-07-15T02:10:41Z,ls9,qd9u3s6mjhqq,0.008251757737435854,0.04114575090995413,0.006782266633508923
0.0056179775280898875,0.00853932584269663,0.0,0.00797752808988764,0.9325842696629213,0.0449438202247191,2024-07-31T02:10:43Z,ls9,qd9u3s6mjhqq,0.00809901328922605,0.008669366337763097,0.005703530485370458
,,1.0,,,,2024-08-08T02:10:46Z,ls8,qd9u3s6mjhqq,,,
,,1.0,,,,2024-08-16T02:10:50Z,ls9,qd9u3s6mjhqq,,,
,,1.0,,,,2024-08-24T02:11:00Z,ls8,qd9u3s6mjhqq,,,
,,1.0,,,,2024-09-01T02:11:00Z,ls9,qd9u3s6mjhqq,,,
0.005955056179775281,0.01,0.0,0.006067415730337079,0.9213483146067416,0.056179775280898875,2024-09-09T02:11:08Z,ls8,qd9u3s6mjhqq,0.006191240541160277,0.010204081632653048,0.006076587938546198
0.012584269662921347,0.023707865168539323,0.0,0.019213483146067415,0.8089887640449438,0.1348314606741573,2024-09-17T02:11:04Z,ls9,qd9u3s6mjhqq,0.019446845289541926,0.023995814947914307,0.012737115043442665
0.007528089887640449,0.05505617977528089,0.0,0.026292134831460676,0.7078651685393258,0.20224719101123595,2024-09-25T02:11:07Z,ls8,qd9u3s6mjhqq,0.02659128680805127,0.0556826091279706,0.007613744513416389
0.013932584269662922,0.1653932584269663,0.0,0.043370786516853936,0.6179775280898876,0.15730337078651685,2024-10-11T02:11:13Z,ls8,qd9u3s6mjhqq,0.043764668533656854,0.16689531627342719,0.014059116316511527
,,1.0,,,,2024-10-19T02:11:21Z,ls9,qd9u3s6mjhqq,,,
0.014157303370786519,0.30258426966292135,0.0,0.07258426966292135,0.34831460674157305,0.25842696629213485,2024-10-27T02:11:16Z,ls8,qd9u3s6mjhqq,0.07331744410396096,0.3056406764271933,0.014300306435137898
,,1.0,,,,2024-11-04T02:11:20Z,ls9,qd9u3s6mjhqq,,,
0.021573033707865168,0.8683146067415729,0.0,0.09573033707865168,0.0,0.0,2024-11-12T02:11:14Z,ls8,qd9u3s6mjhqq,0.09712722298221615,0.8809849521203831,0.021887824897400824
0.019999999999999997,0.8619101123595505,0.0,0.10269662921348316,0.0,0.0,2024-11-20T02:11:26Z,ls9,qd9u3s6mjhqq,0.104302179618852,0.8753851420746319,0.02031267830651603
0.02247191011235955,0.8740449438202247,0.0,0.09022471910112359,0.0,0.0,2024-11-28T02:11:26Z,ls8,qd9u3s6mjhqq,0.09143703028922796,0.8857891140970165,0.022773855613755407
0.02101123595505618,0.8842696629213485,0.0,0.08134831460674158,0.0,0.0,2024-12-06T02:11:24Z,ls9,qd9u3s6mjhqq,0.08245074592870971,0.8962532741145656,0.021295979956724744
0.024494382022471912,0.8853932584269664,0.0,0.07595505617977528,0.0,0.0,2024-12-14T02:11:14Z,ls8,qd9u3s6mjhqq,0.07704581718714383,0.8981080465010258,0.02484613631183041
0.02134831460674157,0.8944943820224719,0.0,0.06988764044943821,0.0,0.0,2024-12-22T02:11:25Z,ls9,qd9u3s6mjhqq,0.07089935027926594,0.907443291918386,0.02165735780234811
0.026857142857142857,0.8542857142857143,0.6067415730337078,0.10828571428571429,0.0,0.0,2024-12-30T02:11:17Z,ls8,qd9u3s6mjhqq,0.10944267975743574,0.8634132255269996,0.027144094715564535
0.021123595505617977,0.8913483146067416,0.0,0.07179775280898877,0.0,0.0,2025-01-07T02:11:21Z,ls9,qd9u3s6mjhqq,0.07294520547945206,0.9055936073059361,0.02146118721461187
0.022247191011235953,0.9020224719101124,0.0,0.06000000000000001,0.0,0.0,2025-01-15T02:11:20Z,ls8,qd9u3s6mjhqq,0.06095890410958905,0.9164383561643835,0.02260273972602739
0.020224719101123594,0.9076404494382022,0.0,0.05606741573033708,0.0,0.0,2025-01-31T02:11:18Z,ls8,qd9u3s6mjhqq,0.056982985040538996,0.9224620303756994,0.020554984583761562
0.020449438202247188,0.9048314606741573,0.0,0.05775280898876405,0.0,0.0,2025-02-08T02:11:22Z,ls9,qd9u3s6mjhqq,0.058749571379586245,0.9204480512058522,0.020802377414561663
0.02056179775280899,0.9140449438202246,0.0,0.04876404494382022,0.0,0.0,2025-02-16T02:11:14Z,ls8,qd9u3s6mjhqq,0.049588665447897626,0.9295018281535649,0.02090950639853748
0.02056179775280899,0.9092134831460674,0.0,0.05235955056179775,0.0,0.0,2025-02-24T02:11:22Z,ls9,qd9u3s6mjhqq,0.053311978034549824,0.9257522022651871,0.020935819700263127
,,1.0,,,,2025-03-04T02:11:06Z,ls8,qd9u3s6mjhqq,,,
,,1.0,,,,2025-03-12T02:11:17Z,ls9,qd9u3s6mjhqq,,,
0.02292134831460674,0.8966292134831461,0.0,0.06235955056179776,0.0,0.0,2025-03-20T02:10:55Z,ls8,qd9u3s6mjhqq,0.06350841057329214,0.9131479574322005,0.02334363199450738
0.023707865168539323,0.9134831460674155,0.0,0.0452808988764045,0.0,0.0,2025-03-28T02:11:06Z,ls9,qd9u3s6mjhqq,0.04608874656907595,0.9297804208600183,0.024130832570905765
,,1.0,,,,2025-04-13T02:11:07Z,ls9,qd9u3s6mjhqq,,,
0.020112359550561797,0.8388764044943822,0.0,0.08415730337078652,0.0,0.0449438202247191,2025-04-21T02:10:41Z,ls8,qd9u3s6mjhqq,0.08522004749245715,0.8494697924949067,0.020366339787916996
0.023707865168539323,0.8330337078651685,0.0,0.13258426966292133,0.0,0.0,2025-04-29T02:10:58Z,ls9,qd9u3s6mjhqq,0.13401476433844406,0.8420215786484951,0.02396365701306076
0.024494382022471912,0.8408988764044945,0.0,0.12370786516853932,0.0,0.0,2025-05-07T02:10:37Z,ls8,qd9u3s6mjhqq,0.12507099852323073,0.8501647165738954,0.024764284902874023
0.023033707865168538,0.8614606741573032,0.0,0.10292134831460674,0.0,0.0,2025-05-15T02:10:47Z,ls9,qd9u3s6mjhqq,0.10423304506144744,0.8724396904870277,0.023327264451524807
0.020112359550561797,0.7431460674157303,0.0,0.19101123595505617,0.0,0.033707865168539325,2025-05-23T02:10:42Z,ls8,qd9u3s6mjhqq,0.19341771214099648,0.7525086753532652,0.020365747337199043
0.0006741573033707865,0.02471910112359551,0.0,0.007865168539325841,0.4943820224719101,0.47191011235955055,2025-05-31T02:10:41Z,ls9,qd9u3s6mjhqq,0.007971454600668088,0.025053143030671143,0.0006832675372001219
0.01449438202247191,0.23303370786516855,0.0,0.05269662921348314,0.48314606741573035,0.21348314606741572,2025-06-08T02:10:46Z,ls8,qd9u3s6mjhqq,0.05324883939985197,0.2354756778577676,0.014646269259234339
0.009642857142857144,0.19035714285714284,0.3707865168539326,0.047678571428571424,0.4642857142857143,0.2857142857142857,2025-06-16T02:10:50Z,ls9,qd9u3s6mjhqq,0.04812545061283345,0.192141312184571,0.009733237202595531
,,1.0,,,,2025-06-24T02:10:58Z,ls8,qd9u3s6mjhqq,,,
,,1.0,,,,2025-07-02T02:10:57Z,ls9,qd9u3s6mjhqq,,,
0.0015730337078651683,0.01606741573033708,0.0,0.004719101123595505,0.8764044943820225,0.10112359550561797,2025-07-10T02:11:00Z,ls8,qd9u3s6mjhqq,0.004742815199593466,0.01614815651290157,0.0015809383998644886
,,1.0,,,,2025-07-18T02:11:03Z,ls9,qd9u3s6mjhqq,,,
0.0044943820224719105,0.009662921348314606,0.0,0.00797752808988764,0.9101123595505618,0.06741573033707865,2025-07-26T02:11:07Z,ls8,qd9u3s6mjhqq,0.00809901328922603,0.009810072434837162,0.004562824388296355
0.0025842696629213486,0.004606741573033707,0.0,0.003932584269662921,0.9550561797752809,0.033707865168539325,2025-08-03T02:11:10Z,ls9,qd9u3s6mjhqq,0.00397230734309386,0.004653274316195664,0.002610373396890251
0.4258333333333333,0.3166666666666667,0.8651685393258427,0.08583333333333333,0.08333333333333333,0.08333333333333333,2025-08-11T02:11:15Z,ls8,qd9u3s6mjhqq,0.08635144198524479,0.31857813547954394,0.42840375586854446
,,1.0,,,,2025-08-19T02:11:20Z,ls9,qd9u3s6mjhqq,,,
0.0008988764044943821,0.0056179775280898875,0.0,0.0044943820224719105,0.9101123595505618,0.07865168539325842,2025-08-27T02:11:17Z,ls8,qd9u3s6mjhqq,0.004586104104563174,0.005732630130703966,0.0009172208209126346
0.0006741573033707865,0.006741573033707865,0.0,0.003707865168539326,0.9101123595505618,0.07865168539325842,2025-09-04T02:11:25Z,ls9,qd9u3s6mjhqq,0.0037453183520599247,0.0068096697310180455,0.0006809669731018045
0.0031460674157303375,0.010898876404494382,0.0,0.008202247191011236,0.9101123595505618,0.06741573033707865,2025-09-12T02:11:23Z,ls8,qd9u3s6mjhqq,0.008285098172738621,0.01100896606514584,0.0031778458744750886
0.003370786516853933,0.010898876404494382,0.0,0.00797752808988764,0.898876404494382,0.07865168539325842,2025-09-20T02:11:28Z,ls9,qd9u3s6mjhqq,0.008058109181704697,0.011008966065145856,0.0034048348655090275
,,1.0,,,,2025-09-28T02:11:28Z,ls8,qd9u3s6mjhqq,,,
0.0044943820224719105,0.009662921348314608,0.0,0.00797752808988764,0.9101123595505618,0.06741573033707865,2025-10-06T02:11:32Z,ls9,qd9u3s6mjhqq,0.00809901328922603,0.009810072434837164,0.004562824388296355
0.0028089887640449437,0.02134831460674157,0.0,0.009325842696629214,0.8314606741573034,0.1348314606741573,2025-10-14T02:11:31Z,ls8,qd9u3s6mjhqq,0.00938843224492873,0.021491591885981428,0.0028278410376291353
,,1.0,,,,2025-10-30T02:11:31Z,ls8,qd9u3s6mjhqq,,,
0.014044943820224719,0.0747191011235955,0.0,0.022022471910112362,0.6741573033707865,0.21348314606741572,2025-11-07T02:11:36Z,ls9,qd9u3s6mjhqq,0.02233516420903891,0.07578002142352487,0.014244364929233996
0.02054794520547945,0.08630136986301369,0.1797752808988764,0.04205479452054795,0.684931506849315,0.1643835616438356,2025-11-15T02:11:31Z,ls8,qd9u3s6mjhqq,0.04255774974480475,0.08733349296165142,0.020793688800393197
,,1.0,,,,2025-11-23T02:11:34Z,ls9,qd9u3s6mjhqq,,,
0.020112359550561797,0.8887640449438201,0.0,0.0748314606741573,0.0,0.0,2025-12-01T02:11:30Z,ls8,qd9u3s6mjhqq,0.07607081667618504,0.903483723586522,0.020445459737292976
0.019999999999999997,0.891685393258427,0.0,0.06910112359550562,0.0,0.0,2025-12-09T02:11:34Z,ls9,qd9u3s6mjhqq,0.07045480581968153,0.9091533967235651,0.020391797456753347
,,1.0,,,,2025-12-17T02:11:30Z,ls8,qd9u3s6mjhqq,,,
0.019999999999999997,0.9047191011235957,0.0,0.05460674157303371,0.0,0.0,2025-12-25T02:11:40Z,ls9,qd9u3s6mjhqq,0.055759522716842584,0.9238182652592932,0.020422212023864152
0.019999999999999997,0.9032954545454547,0.011235955056179803,0.05545454545454545,0.0,0.0,2026-01-02T02:11:26Z,ls8,qd9u3s6mjhqq,0.0566585394171601,0.9229072332520608,0.02043422733077905
0.02056179775280899,0.9031460674157303,0.0,0.05415730337078652,0.0,0.0,2026-01-10T02:11:32Z,ls9,qd9u3s6mjhqq,0.05538320119499024,0.9235895668160404,0.02102723198896932
0.020224719101123594,0.8866292134831462,0.0,0.0748314606741573,0.0,0.0,2026-02-11T02:11:28Z,ls9,qd9u3s6mjhqq,0.07622753805654113,0.9031704246308802,0.020602037312578685
0.020449438202247188,0.9047191011235954,0.0,0.05303370786516855,0.0,0.0,2026-02-19T02:11:16Z,ls8,qd9u3s6mjhqq,0.0542154835745463,0.9248793935217091,0.020905122903744543
0.02,0.857142857142857,0.9213483146067416,0.11285714285714286,0.0,0.0,2026-02-27T02:11:23Z,ls9,qd9u3s6mjhqq,0.11399711399711401,0.8658008658008658,0.020202020202020204
,,1.0,,,,2026-03-07T02:11:08Z,ls8,qd9u3s6mjhqq,,,
0.020449438202247188,0.9087640449438201,0.0,0.048651685393258426,0.0,0.0,2026-03-15T02:11:13Z,ls9,qd9u3s6mjhqq,0.04975295874985638,0.9293347121682178,0.020912329081925772
