bare_soil,dry_vegetation,pc_missing,green_vegetation,water,wetness,date,ard_product,nwi_id,norm_pv,norm_npv,norm_bs
0.0395625,0.036750000000000005,0.0,0.035,0.825,0.0625,1986-08-16T01:32:51Z,ls5,qd9u988k56jh,0.03537338573834926,0.03714205502526672,0.03998455923638407
0.096875,0.2685625,0.0,0.1003125,0.31875,0.2125,1987-05-31T01:35:27Z,ls5,qd9u988k56jh,0.1009586352657005,0.27029237117552335,0.09749899355877618
0.0285625,0.057125,0.0,0.0503125,0.75625,0.10625,1987-09-04T01:37:49Z,ls5,qd9u988k56jh,0.05086741727941177,0.05775505514705883,0.028877527573529415
0.042625,0.3315625,0.0,0.1474375,0.3875,0.0875,1987-10-22T01:38:48Z,ls5,qd9u988k56jh,0.14839144500359455,0.3337077641984184,0.04290079079798706
0.04087912087912088,0.5058241758241758,0.43125,0.1945054945054945,0.2087912087912088,0.04395604395604396,1987-11-07T01:39:08Z,ls5,qd9u988k56jh,0.19609152893066903,0.5099487613942766,0.04121245692780162
,,1.0,,,,1987-11-23T01:39:27Z,ls5,qd9u988k56jh,,,
0.0321875,0.8266249999999999,0.0,0.1316875,0.0,0.0,1987-12-09T01:39:40Z,ls5,qd9u988k56jh,0.13295053003533572,0.8345532559313478,0.03249621403331651
0.007062499999999999,0.89225,0.0,0.0906875,0.0,0.0,1987-12-25T01:39:56Z,ls5,qd9u988k56jh,0.09160353535353535,0.9012626262626262,0.007133838383838383
,,1.0,,,,1988-01-10T01:40:12Z,ls5,qd9u988k56jh,,,
0.0943125,0.79375,0.0,0.10049999999999999,0.0,0.0,1988-01-26T01:40:30Z,ls5,qd9u988k56jh,0.10166276790794714,0.8029335525067964,0.09540367958525636
0.07062500000000002,0.8334374999999999,0.0,0.084125,0.0,0.0,1988-02-11T01:40:48Z,ls5,qd9u988k56jh,0.08513060527480869,0.8434001644424767,0.07146923028271458
0.08375,0.8171875,0.0,0.08725000000000001,0.0,0.0,1988-02-27T01:41:00Z,ls5,qd9u988k56jh,0.08829296059705269,0.8269559167668079,0.0847511226361394
0.15912500000000002,0.7369375,0.0,0.09112500000000001,0.0,0.0,1988-03-14T01:41:09Z,ls5,qd9u988k56jh,0.09230769230769231,0.7465020576131687,0.16119025007913898
0.028000000000000004,0.8278125000000001,0.0,0.13581250000000003,0.0,0.0,1988-03-30T01:41:16Z,ls5,qd9u988k56jh,0.13695953611496284,0.8348039833606454,0.02823648052439178
,,1.0,,,,1988-05-17T01:41:38Z,ls5,qd9u988k56jh,,,
0.0,0.0,0.025000000000000022,0.0,1.0,0.0,1988-06-02T01:41:44Z,ls5,qd9u988k56jh,0.0,0.0,0.0
0.0359375,0.056874999999999995,0.0,0.0615625,0.76875,0.075,1988-07-20T01:41:56Z,ls5,qd9u988k56jh,0.06231022267206476,0.05756578947368419,0.036373987854251
0.026250000000000002,0.041375,0.0,0.0435,0.8375,0.05,1988-08-05T01:41:58Z,ls5,qd9u988k56jh,0.04403824521934757,0.04188695163104611,0.026574803149606297
0.014124999999999999,0.025062499999999998,0.0,0.028749999999999998,0.875,0.05625,1988-08-21T01:41:59Z,ls5,qd9u988k56jh,0.029093836246550136,0.025362235510579575,0.014293928242870286
0.0,0.0,0.9875,0.0,0.5,0.5,1988-09-06T01:42:02Z,ls5,qd9u988k56jh,0.0,0.0,0.0
0.006847826086956523,0.02782608695652174,0.42500000000000004,0.030217391304347828,0.7934782608695652,0.14130434782608695,1988-09-22T01:41:57Z,ls5,qd9u988k56jh,0.030369237491806873,0.02796591653921784,0.006882237273323141
0.01475,0.05537500000000001,0.0,0.035375000000000004,0.66875,0.225,1988-10-08T01:41:52Z,ls5,qd9u988k56jh,0.03562648104265404,0.055768661137440785,0.014854857819905216
0.0411875,0.1803125,0.0,0.107125,0.53125,0.1375,1988-10-24T01:41:47Z,ls5,qd9u988k56jh,0.1079806960821605,0.18175280524914414,0.04151649866869532
0.0309375,0.348203125,0.19999999999999996,0.14765625,0.40625,0.0625,1988-11-09T01:41:50Z,ls5,qd9u988k56jh,0.14890441939789412,0.3511465593949281,0.031199021207177817
0.027821782178217822,0.7717821782178217,0.36875,0.19227722772277228,0.0,0.0,1988-11-25T01:41:50Z,ls5,qd9u988k56jh,0.19385106807746058,0.778099421042124,0.028049510880415254
0.0208125,0.8296875,0.0,0.14,0.0,0.0,1988-12-11T01:41:39Z,ls5,qd9u988k56jh,0.1413427561837456,0.8376451287228672,0.021012115093387178
0.017375,0.8306875,0.0,0.1421875,0.0,0.0,1989-01-12T01:41:26Z,ls5,qd9u988k56jh,0.14358747790961876,0.8388664478667003,0.017546074223680888
0.022937500000000003,0.8563124999999999,0.0,0.11087500000000002,0.0,0.0,1989-01-28T01:41:13Z,ls5,qd9u988k56jh,0.11198081050372428,0.8648529226107814,0.02316626688549426
0.028125,0.8651250000000001,0.0,0.096125,0.0,0.0,1989-02-13T01:41:14Z,ls5,qd9u988k56jh,0.09715729627289955,0.874415666456096,0.02842703727100442
0.0363125,0.8050625,0.0,0.15,0.0,0.0,1989-03-17T01:40:22Z,ls5,qd9u988k56jh,0.1513050056739377,0.8120665742024965,0.03662842012356575
0.04662500000000001,0.813375,0.0,0.13043749999999998,0.0,0.0,1989-03-24T01:46:19Z,ls5,qd9u988k56jh,0.13169685113901683,0.8212279926800025,0.04707515618098063
0.04686440677966102,0.1380508474576271,0.26249999999999996,0.10864406779661018,0.5677966101694916,0.13559322033898305,1989-06-05T01:39:27Z,ls5,qd9u988k56jh,0.10977316318941559,0.13948555603397658,0.04735145026813325
0.02375,0.0785625,0.0,0.0704375,0.7625,0.0625,1989-06-21T01:39:02Z,ls5,qd9u988k56jh,0.07135492040520985,0.0795857452966715,0.024059334298118677
,,1.0,,,,1989-07-23T01:38:27Z,ls5,qd9u988k56jh,,,
0.0351875,0.052875000000000005,0.0,0.060312500000000005,0.7875,0.0625,1989-08-08T01:38:07Z,ls5,qd9u988k56jh,0.06097304128053919,0.05345408593091829,0.03557287278854254
0.07571428571428572,0.055,0.9125,0.08142857142857143,0.7142857142857143,0.07142857142857142,1989-09-09T01:37:22Z,ls5,qd9u988k56jh,0.08225108225108226,0.05555555555555555,0.07647907647907648
0.033999999999999996,0.1624375,0.0,0.10675000000000001,0.54375,0.15,1989-09-25T01:36:58Z,ls5,qd9u988k56jh,0.10782828282828284,0.16407828282828285,0.03434343434343434
,,1.0,,,,1989-10-11T01:36:37Z,ls5,qd9u988k56jh,,,
0.008687499999999999,0.7683125,0.0,0.2151875,0.0,0.0,1989-11-12T01:35:35Z,ls5,qd9u988k56jh,0.21688188976377956,0.7743622047244095,0.008755905511811024
0.013375000000000001,0.86575,0.0,0.11074999999999999,0.0,0.0,1989-12-14T01:34:45Z,ls5,qd9u988k56jh,0.11188281348655131,0.8746053794671044,0.013511807046344236
,,1.0,,,,1990-01-15T01:33:44Z,ls5,qd9u988k56jh,,,
0.0408125,0.2301875,0.0,0.1066875,0.48125,0.1375,1990-01-31T01:33:14Z,ls5,qd9u988k56jh,0.10769381929505215,0.23235872083402287,0.041197459870925046
0.014038461538461536,0.5499358974358974,0.025000000000000022,0.19506410256410256,0.16666666666666666,0.07051282051282051,1990-02-16T01:32:42Z,ls5,qd9u988k56jh,0.19603604598537458,0.552676056033036,0.014108410802102213
0.0139375,0.7491874999999999,0.0,0.23081250000000003,0.0,0.0,1990-04-05T01:31:16Z,ls5,qd9u988k56jh,0.23222033578570084,0.7537571527384769,0.014022511475822171
0.0075625,0.7335,0.0,0.25393750000000004,0.0,0.0,1990-04-21T01:31:29Z,ls5,qd9u988k56jh,0.25521356783919597,0.7371859296482411,0.007600502512562813
0.010687499999999999,0.74175,0.0,0.24137500000000003,0.0,0.0,1990-05-07T01:31:25Z,ls5,qd9u988k56jh,0.24287780642726875,0.7463681529463556,0.010754040626375699
0.0306875,0.4135625,0.0,0.1765625,0.29375,0.08125,1990-05-23T01:31:27Z,ls5,qd9u988k56jh,0.17775344810228533,0.4163520587939193,0.03089449310379543
0.0,0.0,0.38125,0.0,0.7777777777777778,0.2222222222222222,1990-06-08T01:31:25Z,ls5,qd9u988k56jh,0.0,0.0,0.0
0.03949999999999999,0.24343750000000003,0.0,0.12556249999999997,0.425,0.1625,1990-06-24T01:31:24Z,ls5,qd9u988k56jh,0.12679199816401465,0.24582122093023256,0.03988678090575275
0.20333333333333334,0.26,0.9625,0.19666666666666668,0.16666666666666666,0.16666666666666666,1990-07-10T01:31:22Z,ls5,qd9u988k56jh,0.1986531986531987,0.26262626262626265,0.2053872053872054
0.03687499999999999,0.10750000000000001,0.0,0.078,0.64375,0.13125,1990-07-26T01:31:18Z,ls5,qd9u988k56jh,0.07892074198988194,0.1087689713322091,0.03731028667790892
,,1.0,,,,1990-08-11T01:31:13Z,ls5,qd9u988k56jh,,,
0.035312500000000004,0.1861875,0.0,0.10112499999999999,0.4875,0.1875,1990-08-27T01:31:08Z,ls5,qd9u988k56jh,0.10186943045331263,0.18755811700891126,0.03557245253777606
0.036,0.36374999999999996,0.0,0.152625,0.3375,0.10625,1990-09-12T01:31:05Z,ls5,qd9u988k56jh,0.1536956890699253,0.36630176510522733,0.03625254582484725
0.02196078431372549,0.4709150326797386,0.043749999999999956,0.1896732026143791,0.24836601307189543,0.06535947712418301,1990-09-28T01:30:56Z,ls5,qd9u988k56jh,0.19070847720492004,0.473485381895744,0.022080650703257456
0.3164705882352941,0.48117647058823526,0.89375,0.19823529411764707,0.0,0.0,1990-10-30T01:30:41Z,ls5,qd9u988k56jh,0.19905493207324276,0.4831659775546367,0.3177790903721205
0.02355263157894737,0.8036842105263158,0.050000000000000044,0.16499999999999998,0.0,0.0,1990-11-15T01:30:43Z,ls5,qd9u988k56jh,0.1662909428457764,0.8099721522344516,0.023736904919771915
0.0143125,0.8481875000000001,0.0,0.1283125,0.0,0.0,1990-12-17T01:30:41Z,ls5,qd9u988k56jh,0.12950230240333058,0.856052482180029,0.014445215416640383
0.0195625,0.8456875,0.0,0.12362500000000001,0.0,0.0,1991-01-02T01:31:07Z,ls5,qd9u988k56jh,0.12501580078371888,0.8552016180002529,0.019782581216028314
0.021249999999999998,0.8220625,0.0,0.14943750000000003,0.0,0.0,1991-01-18T01:31:34Z,ls5,qd9u988k56jh,0.15052883404683962,0.8280659783429867,0.021405187610173758
,,1.0,,,,1991-02-03T01:31:46Z,ls5,qd9u988k56jh,,,
0.046875,0.8196874999999999,0.0,0.12362500000000001,0.0,0.0,1991-02-19T01:32:08Z,ls5,qd9u988k56jh,0.12485009152307015,0.8278103894464433,0.04733951903048666
0.0314375,0.8166249999999999,0.0,0.14318749999999997,0.0,0.0,1991-03-07T01:32:25Z,ls5,qd9u988k56jh,0.1444514501891551,0.8238335435056746,0.03171500630517024
0.07,0.7776923076923077,0.91875,0.14461538461538462,0.0,0.0,1991-03-23T01:32:48Z,ls5,qd9u988k56jh,0.14573643410852713,0.7837209302325581,0.07054263565891473
0.016625,0.8085000000000001,0.0,0.1669375,0.0,0.0,1991-04-08T01:33:01Z,ls5,qd9u988k56jh,0.16827316827316824,0.814968814968815,0.016758016758016758
0.012125,0.7680625000000001,0.0,0.21349999999999997,0.0,0.0,1991-04-24T01:33:16Z,ls5,qd9u988k56jh,0.21485628026919926,0.7729416944461915,0.012202025284609093
0.0050625,0.790125,0.0,0.19525,0.0,0.0,1991-05-10T01:33:35Z,ls5,qd9u988k56jh,0.1971351044361709,0.7977535180160282,0.005111377547800846
0.016999999999999998,0.782,0.0,0.195,0.0,0.0,1991-05-26T01:33:52Z,ls5,qd9u988k56jh,0.19617706237424545,0.7867203219315895,0.017102615694164987
0.013448275862068964,0.0029655172413793106,0.09375,0.004206896551724138,0.8689655172413793,0.1103448275862069,1991-06-27T01:34:18Z,ls5,qd9u988k56jh,0.004220966439857003,0.0029754353592434616,0.013493253373313368
0.0315,0.11125,0.0,0.0673125,0.675,0.1125,1991-07-13T01:34:28Z,ls5,qd9u988k56jh,0.06809357334126746,0.11254091044332042,0.031865516215412074
0.0383125,0.0966875,0.0,0.06287499999999999,0.7375,0.0625,1991-08-14T01:34:45Z,ls5,qd9u988k56jh,0.06355022109917875,0.09772583701831962,0.03872394188250157
0.0540625,0.113375,0.0,0.08012500000000002,0.6625,0.0875,1991-08-30T01:34:54Z,ls5,qd9u988k56jh,0.08091391062862914,0.11449129007826306,0.054594799293107794
0.036800000000000006,0.12513333333333335,0.0625,0.07093333333333333,0.6266666666666667,0.14,1991-09-15T01:35:08Z,ls5,qd9u988k56jh,0.07107548430193719,0.12538410153640614,0.03687374749498998
0.02935483870967742,0.23849462365591398,0.41874999999999996,0.0856989247311828,0.5268817204301075,0.11827956989247312,1991-10-01T01:35:13Z,ls5,qd9u988k56jh,0.08601169452947179,0.23936504199042463,0.02946197315752296
0.025390625,0.41851562500000006,0.19999999999999996,0.16125,0.3046875,0.0859375,1991-10-17T01:35:24Z,ls5,qd9u988k56jh,0.1623741285824942,0.42143323973663827,0.02556763168086754
,,1.0,,,,1991-11-02T01:35:23Z,ls5,qd9u988k56jh,,,
0.013250000000000001,0.8014375000000001,0.0,0.179625,0.0,0.0,1991-11-18T01:35:27Z,ls5,qd9u988k56jh,0.18065246087120496,0.8060217486957069,0.013325790433088189
0.0,0.83,0.975,0.15250000000000002,0.0,0.0,1991-12-04T01:35:41Z,ls5,qd9u988k56jh,0.15521628498727738,0.8447837150127226,0.0
0.02243421052631579,0.848157894736842,0.050000000000000044,0.12052631578947369,0.0,0.0,1991-12-20T01:35:33Z,ls5,qd9u988k56jh,0.12160637238632593,0.8557583803518088,0.022635247261865252
0.0,0.0,0.7875,0.0,1.0,0.0,1992-01-05T01:35:30Z,ls5,qd9u988k56jh,0.0,0.0,0.0
,,1.0,,,,1992-01-21T01:35:30Z,ls5,qd9u988k56jh,,,
0.028937499999999998,0.7896875000000001,0.0,0.173375,0.0,0.0,1992-02-22T01:35:25Z,ls5,qd9u988k56jh,0.17477318548387094,0.7960559475806451,0.029170866935483864
,,1.0,,,,1992-03-09T01:35:25Z,ls5,qd9u988k56jh,,,
0.011375000000000001,0.7771874999999999,0.0,0.20481249999999998,0.0,0.0,1992-04-10T01:35:13Z,ls5,qd9u988k56jh,0.20617843211274695,0.7823707059267648,0.011450861960488237
,,1.0,,,,1992-04-26T01:35:05Z,ls5,qd9u988k56jh,,,
0.025,0.7830625,0.0,0.185375,0.0,0.0,1992-05-12T01:34:58Z,ls5,qd9u988k56jh,0.18659955960994024,0.788235294117647,0.025165146272412706
0.011804511278195488,0.750827067669173,0.16874999999999996,0.21917293233082705,0.0,0.015037593984962405,1992-05-28T01:34:49Z,ls5,qd9u988k56jh,0.21987788432637728,0.753242042155473,0.011842479533187388
0.0156875,0.19568750000000001,0.0,0.0695625,0.31875,0.4,1992-06-13T01:34:38Z,ls5,qd9u988k56jh,0.06963987764182425,0.19590517241379313,0.015704949944382648
,,1.0,,,,1992-06-29T01:34:27Z,ls5,qd9u988k56jh,,,
0.045625000000000006,0.2455625,0.0,0.1240625,0.48125,0.1,1992-07-15T01:34:15Z,ls5,qd9u988k56jh,0.12510818031306445,0.24763226219145096,0.04600955749548466
0.053500000000000006,0.17743749999999997,0.0,0.1033125,0.55,0.1125,1992-07-31T01:34:02Z,ls5,qd9u988k56jh,0.1043170344053852,0.17916277112939413,0.054020194465220654
0.1070873786407767,0.08310679611650486,0.35624999999999996,0.08864077669902913,0.5825242718446602,0.13592233009708737,1992-09-01T01:33:32Z,ls5,qd9u988k56jh,0.08950496254428429,0.08391702950482734,0.10813140600914083
0.0348125,0.0826875,0.0,0.06824999999999999,0.70625,0.10625,1992-09-17T01:33:18Z,ls5,qd9u988k56jh,0.06889300134589499,0.08346652086137278,0.03514047779273216
0.023687499999999997,0.0788125,0.0,0.059,0.7,0.1375,1992-10-03T01:32:56Z,ls5,qd9u988k56jh,0.05936532507739938,0.07930050309597525,0.023834171826625387
0.0336875,0.14862499999999998,0.0,0.0963125,0.56875,0.15,1992-10-19T01:32:43Z,ls5,qd9u988k56jh,0.09721988559892329,0.15002523553162855,0.03400487886944819
0.024625,0.8120625,0.0,0.154375,0.0,0.0,1992-12-06T01:32:27Z,ls5,qd9u988k56jh,0.15576716907359525,0.8193857602320741,0.024847070694330578
0.0260625,0.8625,0.0,0.10137499999999999,0.0,0.0,1993-01-07T01:32:47Z,ls5,qd9u988k56jh,0.1024054548898289,0.871267125449839,0.02632741966033209
0.09,0.672,0.96875,0.23399999999999999,0.0,0.0,1993-01-23T01:32:58Z,ls5,qd9u988k56jh,0.23493975903614456,0.674698795180723,0.09036144578313253
,,1.0,,,,1993-02-08T01:33:09Z,ls5,qd9u988k56jh,,,
0.034032258064516124,0.8389516129032258,0.22499999999999998,0.11758064516129033,0.0,0.0,1993-02-24T01:33:12Z,ls5,qd9u988k56jh,0.11870064316535048,0.8469429292518115,0.034356427582838064
0.0041875,0.7711250000000001,0.0,0.21912500000000001,0.0,0.0,1993-03-12T01:33:24Z,ls5,qd9u988k56jh,0.22035070077305008,0.7754383759663126,0.004210923260637295
0.03824999999999999,0.7928124999999999,0.0,0.15887500000000002,0.0,0.0,1993-04-13T01:33:33Z,ls5,qd9u988k56jh,0.1604899299198182,0.8008712671254499,0.03863880295473199
0.0239375,0.7850624999999999,0.0,0.18925,0.0,0.0,1993-04-29T01:33:40Z,ls5,qd9u988k56jh,0.18958176809416483,0.7864387678437266,0.023979464062108696
,,1.0,,,,1993-05-15T01:33:43Z,ls5,qd9u988k56jh,,,
0.027125,0.3725,0.0,0.13974999999999999,0.29375,0.1625,1993-05-31T01:33:47Z,ls5,qd9u988k56jh,0.14088354577056783,0.37552143684820405,0.027345017381228277
0.026999999999999996,0.2895625,0.0,0.1303125,0.3125,0.2375,1993-07-02T01:33:37Z,ls5,qd9u988k56jh,0.1312237762237762,0.29158741258741255,0.027188811188811182
0.0445,0.27562499999999995,0.0,0.1255,0.45625,0.09375,1993-07-18T01:33:38Z,ls5,qd9u988k56jh,0.1267321178120617,0.27833099579242637,0.04493688639551192
0.0406875,0.34793749999999996,0.0,0.144875,0.39375,0.06875,1993-08-03T01:33:37Z,ls5,qd9u988k56jh,0.14596122305529521,0.35054621602624175,0.040992560918462984
0.031625,0.3043125,0.0,0.1294375,0.4125,0.11875,1993-08-19T01:33:37Z,ls5,qd9u988k56jh,0.13037620870265917,0.3065194399677679,0.03185435132957293
,,1.0,,,,1993-09-04T01:33:36Z,ls5,qd9u988k56jh,,,
0.026375000000000003,0.465625,0.0,0.184875,0.225,0.09375,1993-09-20T01:33:34Z,ls5,qd9u988k56jh,0.18606994459833795,0.4686345798707294,0.026545475530932595
,,1.0,,,,1993-10-06T01:33:30Z,ls5,qd9u988k56jh,,,
0.00975,0.7850625,0.0,0.19756250000000003,0.0,0.0,1993-10-22T01:33:22Z,ls5,qd9u988k56jh,0.19908048872653988,0.7910945962967627,0.009824914976697316
0.021111111111111112,0.7483950617283951,0.49375,0.2245679012345679,0.0,0.0,1993-11-07T01:33:16Z,ls5,qd9u988k56jh,0.22590660705414803,0.7528564331843021,0.021236959761549927
0.02025,0.8014375000000001,0.0,0.1711875,0.0,0.0,1993-11-23T01:33:08Z,ls5,qd9u988k56jh,0.1724159637416593,0.807188719627345,0.020395316630995846
0.009411764705882352,0.8649019607843137,0.36250000000000004,0.1192156862745098,0.0,0.0,1993-12-09T01:33:05Z,ls5,qd9u988k56jh,0.1199921057825143,0.8705348332346556,0.009473060982830076
0.024562499999999998,0.8344999999999999,0.0,0.1318125,0.0,0.0,1993-12-25T01:32:56Z,ls5,qd9u988k56jh,0.133026365585972,0.8421849375551911,0.024788696858836886
0.0625,0.7375,0.975,0.1875,0.0,0.0,1994-01-10T01:32:43Z,ls5,qd9u988k56jh,0.18987341772151897,0.7468354430379747,0.06329113924050632
0.024875,0.8713125000000002,0.0,0.09481250000000001,0.0,0.0,1994-01-26T01:32:30Z,ls5,qd9u988k56jh,0.09567356205852674,0.8792255297679112,0.02510090817356206
0.0381875,0.8506250000000002,0.0,0.10025000000000002,0.0,0.0,1994-02-27T01:32:05Z,ls5,qd9u988k56jh,0.10135860979462874,0.8600315955766192,0.03860979462875196
0.03625,0.8345625,0.0,0.11843750000000001,0.0,0.0,1994-03-15T01:31:51Z,ls5,qd9u988k56jh,0.11972453879201417,0.8436315390447309,0.03664392216325499
0.06881250000000001,0.8279375,0.0,0.0925625,0.0,0.0,1994-03-31T01:31:35Z,ls5,qd9u988k56jh,0.09356244867016236,0.8368816728788931,0.06955587845094448
0.0610625,0.8273125,0.0,0.1014375,0.0,0.0,1994-05-02T01:31:01Z,ls5,qd9u988k56jh,0.10248153059291533,0.8358274925806656,0.06169097682641914
,,1.0,,,,1994-06-03T01:30:25Z,ls5,qd9u988k56jh,,,
0.0309375,0.0831875,0.0,0.059125,0.76875,0.05625,1994-07-05T01:29:39Z,ls5,qd9u988k56jh,0.0597222222222222,0.08402777777777776,0.03124999999999999
0.027375,0.0754375,0.0,0.05175,0.775,0.06875,1994-07-21T01:29:13Z,ls5,qd9u988k56jh,0.0523150020218358,0.07626112009704811,0.027673877881116048
0.0488125,0.07318749999999999,0.0,0.0635,0.74375,0.06875,1994-08-22T01:28:24Z,ls5,qd9u988k56jh,0.06418463611859838,0.07397658355795146,0.04933878032345013
0.0331875,0.1121875,0.0,0.0709375,0.69375,0.0875,1994-09-07T01:28:00Z,ls5,qd9u988k56jh,0.0717368535105461,0.11345167581623809,0.03356147067321584
0.039625,0.152875,0.0,0.09256250000000002,0.59375,0.11875,1994-09-23T01:27:35Z,ls5,qd9u988k56jh,0.09335397939048454,0.15418219688664764,0.03996382372286779
,,1.0,,,,1994-10-25T01:26:34Z,ls5,qd9u988k56jh,,,
0.019875,0.7933125000000001,0.0,0.182,0.0,0.0,1994-11-10T01:26:00Z,ls5,qd9u988k56jh,0.18288011053193493,0.7971487784965146,0.019971110971550587
,,1.0,,,,1994-11-26T01:25:28Z,ls5,qd9u988k56jh,,,
,,1.0,,,,1994-12-12T01:25:00Z,ls5,qd9u988k56jh,,,
0.020187500000000004,0.8776250000000001,0.0,0.0911875,0.0,0.0,1994-12-28T01:24:28Z,ls5,qd9u988k56jh,0.09220171890798787,0.8873862487360971,0.02041203235591507
0.005952380952380952,0.7584126984126984,0.21250000000000002,0.1988095238095238,0.0,0.031746031746031744,1995-01-13T01:23:54Z,ls5,qd9u988k56jh,0.19985795900430045,0.7624122380219942,0.005983771227673666
0.008954248366013072,0.8792810457516341,0.043749999999999956,0.1018954248366013,0.0,0.0,1995-01-29T01:23:17Z,ls5,qd9u988k56jh,0.10291108323981779,0.8880454155389794,0.009043501221202718
,,1.0,,,,1995-03-09T01:27:54Z,ls5,qd9u988k56jh,,,
0.0395,0.8573125000000001,0.0,0.0925,0.0,0.0,1995-03-18T01:21:20Z,ls5,qd9u988k56jh,0.09349927348537493,0.8665740097289785,0.03992671678564659
0.023,0.7746250000000001,0.0,0.19437500000000002,0.0,0.0,1995-04-19T01:20:02Z,ls5,qd9u988k56jh,0.19594254032258066,0.7808719758064516,0.02318548387096774
,,1.0,,,,1995-04-26T01:25:54Z,ls5,qd9u988k56jh,,,
0.017562499999999998,0.6320625,0.0,0.1884375,0.0625,0.09375,1995-05-05T01:19:19Z,ls5,qd9u988k56jh,0.18971632858527854,0.6363519837422625,0.017681687672458795
,,1.0,,,,1995-05-12T01:25:11Z,ls5,qd9u988k56jh,,,
,,1.0,,,,1995-05-21T01:18:36Z,ls5,qd9u988k56jh,,,
,,1.0,,,,1995-06-13T01:23:42Z,ls5,qd9u988k56jh,,,
,,1.0,,,,1995-07-24T01:15:40Z,ls5,qd9u988k56jh,,,
0.0298125,0.053187499999999985,0.0,0.05287499999999999,0.73125,0.13125,1995-08-25T01:14:13Z,ls5,qd9u988k56jh,0.053507359705611796,0.053823597056117764,0.030169043238270483
0.024375,0.05775,0.0,0.0535625,0.775,0.0875,1995-09-10T01:13:27Z,ls5,qd9u988k56jh,0.054277982496545356,0.05852141870105941,0.024700598802395203
,,1.0,,,,1995-10-19T01:17:35Z,ls5,qd9u988k56jh,,,
0.009545454545454546,0.7831818181818182,0.03749999999999998,0.19967532467532467,0.0,0.0,1995-12-15T01:12:16Z,ls5,qd9u988k56jh,0.20120395210364458,0.789177517503108,0.0096185303932474
0.0389375,0.8331250000000001,0.0,0.11756250000000001,0.0,0.0,1996-01-16T01:14:35Z,ls5,qd9u988k56jh,0.11879499810534294,0.8418592901351523,0.03934571175950486
0.017125,0.7815000000000001,0.0,0.19287500000000002,0.0,0.0,1996-02-17T01:16:48Z,ls5,qd9u988k56jh,0.19452849218356028,0.7881996974281392,0.017271810388300557
0.08333333333333333,0.7466666666666667,0.9625,0.16333333333333333,0.0,0.0,1996-03-04T01:17:52Z,ls5,qd9u988k56jh,0.16442953020134227,0.7516778523489933,0.08389261744966442
0.045,0.802875,0.0,0.141375,0.0,0.0,1996-03-20T01:18:54Z,ls5,qd9u988k56jh,0.14291129643669445,0.8115996967399545,0.04548900682335102
0.017625000000000002,0.7291875,0.0,0.239875,0.0,0.00625,1996-04-21T01:20:54Z,ls5,qd9u988k56jh,0.24159197440932417,0.7344068695762337,0.017751156014442267
,,1.0,,,,1996-05-07T01:21:51Z,ls5,qd9u988k56jh,,,
0.019875,0.7387499999999999,0.0,0.234875,0.0,0.0,1996-05-23T01:22:46Z,ls5,qd9u988k56jh,0.2364116758933065,0.7435832913940613,0.02000503271263211
0.022,0.063375,0.0,0.06262499999999999,0.6,0.25,1996-06-24T01:24:31Z,ls5,qd9u988k56jh,0.06347128378378378,0.06423141891891893,0.022297297297297302
0.033749999999999995,0.14125000000000001,0.0,0.09675,0.6125,0.1125,1996-07-10T01:25:20Z,ls5,qd9u988k56jh,0.09790708371665133,0.14293928242870288,0.03415363385464581
0.0473125,0.10631249999999999,0.0,0.09356250000000002,0.625,0.125,1996-07-26T01:26:12Z,ls5,qd9u988k56jh,0.09462705436156764,0.10752212389380529,0.04785082174462705
0.0,0.0,0.012499999999999956,0.0,0.9430379746835443,0.056962025316455694,1996-08-27T01:27:54Z,ls5,qd9u988k56jh,0.0,0.0,0.0
,,1.0,,,,1996-09-12T01:28:47Z,ls5,qd9u988k56jh,,,
0.0134375,0.38412499999999994,0.0,0.18006250000000001,0.3,0.11875,1996-10-14T01:30:29Z,ls5,qd9u988k56jh,0.18119251785327853,0.38653565245617827,0.013521829690543172
,,1.0,,,,1996-10-30T01:31:16Z,ls5,qd9u988k56jh,,,
,,1.0,,,,1996-11-15T01:32:01Z,ls5,qd9u988k56jh,,,
0.006937500000000001,0.7644375,0.0,0.22781250000000003,0.0,0.0,1996-12-01T01:32:47Z,ls5,qd9u988k56jh,0.22799774817038845,0.7650591105273034,0.0069431413023081255
0.01125,0.8075625000000001,0.0,0.17475000000000002,0.0,0.0,1996-12-17T01:33:32Z,ls5,qd9u988k56jh,0.17588224193244006,0.8127948669560294,0.011322891111530476
0.014249999999999999,0.8344374999999999,0.0,0.14375,0.0,0.0,1997-01-02T01:34:18Z,ls5,qd9u988k56jh,0.1448453932867309,0.8407960199004975,0.014358586812771584
0.0158125,0.8295625000000001,0.0,0.14718749999999997,0.0,0.0,1997-01-18T01:35:03Z,ls5,qd9u988k56jh,0.1482904099238083,0.8357786033625088,0.015930986713683017
0.004625000000000001,0.836,0.0,0.151625,0.0,0.0,1997-02-03T01:35:46Z,ls5,qd9u988k56jh,0.15280927185689092,0.8425296044343663,0.004661123708742757
0.014499999999999999,0.7864374999999999,0.0,0.152125,0.0125,0.03125,1997-03-07T01:37:06Z,ls5,qd9u988k56jh,0.1526337792642141,0.7890677257525084,0.014548494983277592
0.019875,0.8139375000000001,0.0,0.1575625,0.0,0.0,1997-03-23T01:37:42Z,ls5,qd9u988k56jh,0.15893329970999873,0.8210187870382046,0.020047913251796747
0.0083125,0.5514374999999999,0.0,0.2051875,0.09375,0.1375,1997-04-08T01:38:18Z,ls5,qd9u988k56jh,0.20621016831440483,0.5541859016259498,0.008353930059645399
0.0171875,0.779,0.0,0.1956875,0.0,0.0,1997-04-24T01:38:52Z,ls5,qd9u988k56jh,0.19729048519218648,0.7853812224322622,0.017328292375551356
,,1.0,,,,1997-05-10T01:39:25Z,ls5,qd9u988k56jh,,,
0.0043749999999999995,0.43574999999999997,0.0,0.1685625,0.14375,0.24375,1997-05-26T01:39:59Z,ls5,qd9u988k56jh,0.1696182872984906,0.4384793099907587,0.004402402710750589
0.025875,0.08256250000000001,0.0,0.0645625,0.725,0.1,1997-07-29T01:42:10Z,ls5,qd9u988k56jh,0.06530888728323699,0.08351697976878614,0.026174132947976877
0.0371875,0.088125,0.0,0.066625,0.675,0.13125,1997-08-14T01:42:41Z,ls5,qd9u988k56jh,0.06725415174210354,0.08895718007163789,0.03753866818625854
0.04375,0.1164375,0.0,0.08725000000000001,0.60625,0.14375,1997-08-30T01:43:11Z,ls5,qd9u988k56jh,0.08815357413488256,0.11764334427885831,0.04420308158625916
0.030562499999999992,0.1211875,0.0,0.08362499999999999,0.6375,0.125,1997-09-15T01:43:38Z,ls5,qd9u988k56jh,0.08437997875730217,0.12228159851301118,0.03083842272968667
0.021907894736842105,0.4629605263157895,0.050000000000000044,0.18855263157894736,0.21710526315789475,0.10526315789473684,1997-10-17T01:44:31Z,ls5,qd9u988k56jh,0.18973154603977707,0.4658551603216718,0.022044872585919667
0.0231875,0.7612500000000001,0.0,0.20775000000000002,0.0,0.0,1997-11-02T01:44:57Z,ls5,qd9u988k56jh,0.20938582677165354,0.767244094488189,0.023370078740157476
0.03406779661016949,0.8171186440677967,0.26249999999999996,0.1394915254237288,0.0,0.0,1997-12-20T01:46:07Z,ls5,qd9u988k56jh,0.14080410607356714,0.8248075278015399,0.03438836612489307
0.02125,0.8614374999999999,0.0,0.10750000000000001,0.0,0.0,1998-01-05T01:46:30Z,ls5,qd9u988k56jh,0.10856529697658274,0.8699741210629299,0.021460581960487286
0.026440677966101694,0.8353389830508475,0.26249999999999996,0.12745762711864406,0.0,0.0,1998-01-21T01:46:50Z,ls5,qd9u988k56jh,0.128844341643108,0.8444273108883749,0.02672834746851709
0.03225,0.851,0.0,0.106375,0.0,0.0,1998-02-06T01:47:11Z,ls5,qd9u988k56jh,0.1074902109384868,0.8599216875078944,0.0325881015536188
0.0338125,0.8333124999999999,0.0,0.122,0.0,0.0,1998-02-22T01:47:29Z,ls5,qd9u988k56jh,0.12334133704031341,0.8424744092000506,0.034184253759636046
0.05037499999999999,0.7997500000000001,0.0,0.13875,0.0,0.0,1998-03-26T01:47:59Z,ls5,qd9u988k56jh,0.1403109594235874,0.8087473138667678,0.05094172670964479
0.024516129032258065,0.8240322580645162,0.22499999999999998,0.14088709677419353,0.0,0.0,1998-04-11T01:48:10Z,ls5,qd9u988k56jh,0.14239139294156,0.8328307115494336,0.02477789550900644
,,1.0,,,,1998-05-13T01:48:38Z,ls5,qd9u988k56jh,,,
0.38,0.23,0.99375,0.39,0.0,0.0,1998-05-29T01:48:54Z,ls5,qd9u988k56jh,0.39,0.23,0.38
0.036375000000000005,0.08875000000000001,0.0,0.0661875,0.71875,0.0875,1998-07-16T01:49:29Z,ls5,qd9u988k56jh,0.06703079059131002,0.08988075792224764,0.036838451486442346
,,1.0,,,,1998-08-01T01:49:35Z,ls5,qd9u988k56jh,,,
,,1.0,,,,1998-08-17T01:49:43Z,ls5,qd9u988k56jh,,,
0.0,0.0,0.5625,0.0,0.6714285714285714,0.32857142857142857,1998-09-02T01:49:54Z,ls5,qd9u988k56jh,0.0,0.0,0.0
,,1.0,,,,1998-09-18T01:50:01Z,ls5,qd9u988k56jh,,,
0.0391875,0.17450000000000002,0.0,0.114625,0.50625,0.1625,1998-10-20T01:50:04Z,ls5,qd9u988k56jh,0.11565058062059777,0.17606129830573009,0.039538121073672196
,,1.0,,,,1998-11-05T01:50:09Z,ls5,qd9u988k56jh,,,
0.022924528301886793,0.614056603773585,0.3375,0.19999999999999998,0.0,0.16037735849056603,1998-12-07T01:50:12Z,ls5,qd9u988k56jh,0.2006311992786294,0.6159945642002825,0.022996878030522146
0.018636363636363635,0.4604545454545455,0.8625,0.10909090909090909,0.0,0.4090909090909091,1998-12-23T01:50:17Z,ls5,qd9u988k56jh,0.10959674019952224,0.46258957425881686,0.018722776450751714
0.010125786163522011,0.859056603773585,0.006249999999999978,0.12037735849056604,0.0,0.0,1999-01-08T01:50:17Z,ls5,qd9u988k56jh,0.12164738782254989,0.8681199949154697,0.010232617261980423
0.023625,0.8427499999999999,0.0,0.12262500000000003,0.0,0.0,1999-02-09T01:50:25Z,ls5,qd9u988k56jh,0.1239888776541962,0.852123356926188,0.023887765419615778
0.036562500000000005,0.8401875000000001,0.0,0.11762500000000002,0.0,0.0,1999-02-25T01:50:28Z,ls5,qd9u988k56jh,0.11829038340666248,0.8449402891263357,0.036769327467001886
,,1.0,,,,1999-03-13T01:50:17Z,ls5,qd9u988k56jh,,,
0.027875,0.27356250000000004,0.0,0.1388125,0.4125,0.14375,1999-03-29T01:49:59Z,ls5,qd9u988k56jh,0.13991606331629758,0.2757373296422488,0.028096607041453718
0.029187500000000005,0.12425000000000001,0.0,0.08156250000000001,0.675,0.0875,1999-04-14T01:49:58Z,ls5,qd9u988k56jh,0.08243018617021275,0.1255718085106383,0.029498005319148937
0.03168749999999999,0.1316875,0.0,0.09037500000000001,0.625,0.11875,1999-04-30T01:49:56Z,ls5,qd9u988k56jh,0.09126539408866995,0.13298491379310343,0.03199969211822659
0.0653061224489796,0.09244897959183673,0.69375,0.10367346938775511,0.6122448979591837,0.12244897959183673,1999-05-16T01:49:42Z,ls5,qd9u988k56jh,0.10521117111950165,0.09382019786837449,0.0662747534611034
0.0163125,0.04425,0.0,0.044062500000000004,0.74375,0.15,1999-06-01T01:49:20Z,ls5,qd9u988k56jh,0.04474686379928315,0.04493727598566308,0.01656586021505376
0.021562500000000002,0.03824999999999999,0.0,0.044875,0.7875,0.10625,1999-06-17T01:49:11Z,ls5,qd9u988k56jh,0.045544776119402997,0.038820895522388064,0.021884328358208964
0.041499999999999995,0.0511875,0.0,0.04825,0.69375,0.1625,1999-07-03T01:49:02Z,ls5,qd9u988k56jh,0.0492128603104213,0.0522089800443459,0.042328159645232816
,,1.0,,,,1999-07-19T01:48:58Z,ls5,qd9u988k56jh,,,
0.01625,0.0323125,0.0,0.0315625,0.74375,0.175,1999-07-27T02:04:05Z,ls7,qd9u988k56jh,0.03200565522620904,0.032766185647425894,0.016478159126365053
0.0130625,0.018625,0.0,0.02375,0.7875,0.15625,1999-08-04T01:48:57Z,ls5,qd9u988k56jh,0.02409808342728299,0.018897970687711395,0.013253945885005643
0.0016250000000000001,0.0015,0.0,0.003,0.84375,0.15,1999-08-12T02:04:08Z,ls7,qd9u988k56jh,0.003061224489795921,0.0015306122448979604,0.0016581632653061241
0.0139375,0.0238125,0.0,0.02375,0.8125,0.125,1999-08-20T01:48:45Z,ls5,qd9u988k56jh,0.024136178861788617,0.02419969512195122,0.014164126016260162
0.021687500000000002,0.026875,0.0,0.03175,0.85,0.06875,1999-09-05T01:48:17Z,ls5,qd9u988k56jh,0.03212062256809339,0.0271887159533074,0.02194066147859923
,,1.0,,,,1999-09-13T02:04:05Z,ls7,qd9u988k56jh,,,
0.011000000000000001,0.03,0.0,0.026937500000000003,0.85625,0.075,1999-09-29T02:04:15Z,ls7,qd9u988k56jh,0.02725965961361548,0.03035878564857408,0.011131554737810497
,,1.0,,,,1999-10-15T02:04:13Z,ls7,qd9u988k56jh,,,
,,1.0,,,,1999-10-23T01:47:44Z,ls5,qd9u988k56jh,,,
0.02106666666666667,0.23566666666666666,0.0625,0.08713333333333333,0.5333333333333333,0.12,1999-11-24T01:46:37Z,ls5,qd9u988k56jh,0.08784283313945974,0.23758562750420062,0.02123820602300634
0.012089552238805971,0.3088059701492537,0.16249999999999998,0.08634328358208955,0.44029850746268656,0.14925373134328357,1999-12-02T02:04:02Z,ls7,qd9u988k56jh,0.08702365030263745,0.31123929555083296,0.012184815340559436
0.013750000000000002,0.5567105263157895,0.050000000000000044,0.14151315789473684,0.23026315789473684,0.05263157894736842,1999-12-10T01:46:18Z,ls5,qd9u988k56jh,0.14253311966851148,0.5607230398116896,0.013849103677693587
0.0134375,0.8306875000000001,0.0,0.14775,0.0,0.0,1999-12-26T01:46:20Z,ls5,qd9u988k56jh,0.14896030245746691,0.8374921235034657,0.013547574039067421
0.008937500000000001,0.8624375000000001,0.0,0.11900000000000002,0.0,0.0,2000-01-03T02:04:03Z,ls7,qd9u988k56jh,0.1201565063738483,0.8708191341663511,0.00902435945980058
0.015562500000000002,0.8542499999999998,0.0,0.1200625,0.0,0.0,2000-01-19T02:04:00Z,ls7,qd9u988k56jh,0.12129056699078168,0.8629877509786589,0.015721682030559417
0.010187500000000002,0.8671875,0.0,0.11181250000000001,0.0,0.0,2000-02-04T02:04:01Z,ls7,qd9u988k56jh,0.11303468755923422,0.8766664560561066,0.01029885638465913
0.027875000000000004,0.866625,0.0,0.095,0.0,0.0,2000-02-20T02:03:53Z,ls7,qd9u988k56jh,0.09600808489135929,0.8758211217786761,0.028170793329964635
0.44250000000000006,0.31749999999999995,0.95,0.23125,0.0,0.0,2000-03-07T02:03:49Z,ls7,qd9u988k56jh,0.23329129886506939,0.3203026481715006,0.4464060529634301
0.0095625,0.759375,0.0,0.22337499999999996,0.0,0.0,2000-03-23T02:03:51Z,ls7,qd9u988k56jh,0.22510549851987147,0.7652579202620142,0.009636581218114252
0.01608,0.79272,0.21875,0.1812,0.0,0.0,2000-04-08T02:03:39Z,ls7,qd9u988k56jh,0.18303030303030304,0.8007272727272727,0.016242424242424242
0.01575,0.811375,0.0,0.16275,0.0,0.0,2000-04-24T02:03:33Z,ls7,qd9u988k56jh,0.1644146988256093,0.8196742012880415,0.015911099886349287
0.01975,0.76475,0.0,0.2064375,0.0,0.0,2000-05-26T02:03:12Z,ls7,qd9u988k56jh,0.20832544938505201,0.7717439293598234,0.019930621255124563
0.008625,0.22943750000000002,0.0,0.1220625,0.24375,0.39375,2000-06-27T02:02:56Z,ls7,qd9u988k56jh,0.12286749392572023,0.23095062478306141,0.008681881291218328
0.0114375,0.053437500000000006,0.0,0.0463125,0.7625,0.125,2000-07-29T02:02:26Z,ls7,qd9u988k56jh,0.046859190556492424,0.054068296795952805,0.011572512647554808
0.013500000000000002,0.058125,0.0,0.045875,0.81875,0.0625,2000-08-14T02:02:19Z,ls7,qd9u988k56jh,0.046363031914893625,0.0587433510638298,0.0136436170212766
0.0,0.0,0.98125,0.0,0.6666666666666666,0.3333333333333333,2000-08-30T02:02:09Z,ls7,qd9u988k56jh,0.0,0.0,0.0
,,1.0,,,,2000-09-15T02:01:50Z,ls7,qd9u988k56jh,,,
0.013499999999999998,0.1723125,0.0,0.0931875,0.55625,0.1625,2000-10-01T02:01:41Z,ls7,qd9u988k56jh,0.09393901209677419,0.17370211693548385,0.013608870967741934
0.01851063829787234,0.3751063829787234,0.11875000000000002,0.14843971631205674,0.3049645390070922,0.14893617021276595,2000-10-17T02:01:23Z,ls7,qd9u988k56jh,0.1495467507003581,0.37790385305981555,0.018648687019968208
0.00684931506849315,0.7569863013698631,0.08750000000000002,0.19438356164383563,0.0,0.03424657534246575,2000-11-02T02:01:36Z,ls7,qd9u988k56jh,0.19591195276469492,0.762938302309869,0.006903169582970222
0.0084375,0.8168750000000001,0.0,0.16681249999999997,0.0,0.0,2000-12-04T02:01:34Z,ls7,qd9u988k56jh,0.16813657553231698,0.823358951744992,0.008504472722691194
0.0046875,0.7854375000000001,0.0,0.2024375,0.0,0.0,2000-12-20T02:01:39Z,ls7,qd9u988k56jh,0.20395441093130154,0.791322964548832,0.0047226245198665065
0.006812500000000001,0.8409374999999999,0.0,0.1441875,0.0,0.0,2001-01-05T02:01:39Z,ls7,qd9u988k56jh,0.14535946065150274,0.8477726671287253,0.006867872219771912
0.006233766233766235,0.8303896103896105,0.03749999999999998,0.15396103896103897,0.0,0.0,2001-02-06T02:01:39Z,ls7,qd9u988k56jh,0.15542445099967223,0.8382825303179285,0.006293018682399214
,,1.0,,,,2001-02-22T02:01:38Z,ls7,qd9u988k56jh,,,
0.019687500000000004,0.791375,0.0,0.1790625,0.0,0.0,2001-03-10T02:01:34Z,ls7,qd9u988k56jh,0.18084837773008458,0.799267769221058,0.01988385304885747
0.028875,0.7996875,0.0,0.1615625,0.0,0.0,2001-03-26T02:01:25Z,ls7,qd9u988k56jh,0.16317384168665575,0.8076631738416867,0.029162984471657622
0.031062500000000003,0.8135,0.0,0.14575,0.0,0.0,2001-04-27T02:01:19Z,ls7,qd9u988k56jh,0.14717576522562323,0.821457873146103,0.03136636162827391
0.0,0.0,0.0,0.0,0.89375,0.10625,2001-05-13T02:01:10Z,ls7,qd9u988k56jh,0.0,0.0,0.0
0.0,0.0,0.95,0.0,0.0,1.0,2001-05-29T02:01:01Z,ls7,qd9u988k56jh,0.0,0.0,0.0
0.0235625,0.1828125,0.0,0.0846875,0.575,0.13125,2001-06-14T02:00:50Z,ls7,qd9u988k56jh,0.08546945458449648,0.18450048314365478,0.02378006227184884
0.22000000000000003,0.29800000000000004,0.5,0.213,0.175,0.0875,2001-06-30T02:00:35Z,ls7,qd9u988k56jh,0.21489398084815317,0.30064979480164156,0.22195622435020518
0.0258125,0.09775,0.0,0.06768750000000001,0.675,0.13125,2001-07-16T02:00:35Z,ls7,qd9u988k56jh,0.06857230392156863,0.09902777777777774,0.026149918300653587
0.027812499999999997,0.04525,0.0,0.03806249999999999,0.8125,0.075,2001-08-01T02:00:23Z,ls7,qd9u988k56jh,0.03853346456692913,0.04580989876265468,0.028156636670416204
0.014374999999999999,0.040249999999999994,0.0,0.03175,0.8,0.1125,2001-08-17T02:00:04Z,ls7,qd9u988k56jh,0.03216353111432705,0.04077424023154846,0.014562228654124449
0.0105,0.06637499999999999,0.0,0.04706249999999999,0.73125,0.14375,2001-09-02T01:59:53Z,ls7,qd9u988k56jh,0.04746596066565811,0.0669440242057489,0.010590015128593049
,,1.0,,,,2001-09-18T01:59:42Z,ls7,qd9u988k56jh,,,
0.022500000000000003,0.1455625,0.0,0.079375,0.65,0.1,2001-10-04T01:59:30Z,ls7,qd9u988k56jh,0.08019701944935588,0.14706996716342507,0.022733013387218993
,,1.0,,,,2001-10-20T01:59:32Z,ls7,qd9u988k56jh,,,
0.01780487804878049,0.5490243902439025,0.23124999999999996,0.16772357723577236,0.1951219512195122,0.06504065040650407,2001-11-05T01:59:37Z,ls7,qd9u988k56jh,0.1689302216763175,0.5529742060010528,0.017932970696613443
0.013653846153846155,0.7614423076923077,0.35,0.21846153846153846,0.0,0.0,2001-11-21T01:59:46Z,ls7,qd9u988k56jh,0.21987806058259943,0.7663795606309881,0.013742378786412466
0.009749999999999998,0.825,0.0,0.15637500000000001,0.0,0.0,2001-12-07T01:59:47Z,ls7,qd9u988k56jh,0.15777525539160045,0.8323874385168368,0.009837306091562616
0.0141875,0.8484374999999998,0.0,0.1288125,0.0,0.0,2001-12-23T01:59:56Z,ls7,qd9u988k56jh,0.12992498266406105,0.8557649877072432,0.01431002962869571
0.00925,0.8618749999999998,0.0,0.1199375,0.0,0.0,2002-01-08T01:59:59Z,ls7,qd9u988k56jh,0.12101910828025479,0.8696474743015703,0.00933341741817494
0.0120625,0.868,0.0,0.111375,0.0,0.0,2002-01-24T02:00:06Z,ls7,qd9u988k56jh,0.11233688457416631,0.8754964382525374,0.01216667717329635
0.016875,0.8571874999999999,0.0,0.11668750000000001,0.0,0.0,2002-02-09T02:00:08Z,ls7,qd9u988k56jh,0.11777693666414335,0.8651905122382033,0.017032551097653295
0.0175625,0.8526250000000001,0.0,0.12025,0.0,0.0,2002-02-25T02:00:10Z,ls7,qd9u988k56jh,0.12141099261689908,0.860856944532088,0.01773206285101281
,,1.0,,,,2002-03-13T02:00:08Z,ls7,qd9u988k56jh,,,
0.0161875,0.8723749999999999,0.0,0.10225,0.0,0.0,2002-03-29T02:00:03Z,ls7,qd9u988k56jh,0.10319813284551821,0.8804642654387183,0.01633760171576358
0.021272727272727273,0.8189090909090909,0.3125,0.15045454545454545,0.0,0.0,2002-04-14T02:00:02Z,ls7,qd9u988k56jh,0.1518766633018262,0.8266495365696981,0.021473800128475728
0.015322580645161288,0.7380645161290323,0.22499999999999998,0.22370967741935485,0.0,0.016129032258064516,2002-04-30T02:00:04Z,ls7,qd9u988k56jh,0.22526065240311396,0.743181503530389,0.01542881180843246
0.0235,0.147125,0.0,0.07693749999999999,0.58125,0.16875,2002-06-17T01:59:45Z,ls7,qd9u988k56jh,0.07769502650845744,0.1485735925271396,0.023731380964402922
0.046875,0.1378125,0.8,0.06343750000000001,0.6875,0.0625,2002-07-03T01:59:40Z,ls7,qd9u988k56jh,0.06391687657430731,0.13885390428211586,0.04722921914357683
0.0032499999999999994,0.020624999999999998,0.0,0.025437499999999995,0.75,0.2,2002-07-19T01:59:33Z,ls7,qd9u988k56jh,0.02579214195183776,0.020912547528517105,0.003295310519645119
0.02275,0.095,0.0,0.055499999999999994,0.70625,0.11875,2002-08-20T01:59:22Z,ls7,qd9u988k56jh,0.05606060606060605,0.09595959595959594,0.02297979797979798
0.03702898550724637,0.16978260869565218,0.13749999999999996,0.10934782608695652,0.5652173913043478,0.11594202898550725,2002-09-05T01:59:13Z,ls7,qd9u988k56jh,0.11027513976222983,0.17122243370636483,0.03734300624155032
,,1.0,,,,2002-09-21T01:59:01Z,ls7,qd9u988k56jh,,,
0.015062500000000001,0.6195,0.0,0.1850625,0.08125,0.09375,2002-10-23T01:59:02Z,ls7,qd9u988k56jh,0.18627611712673475,0.6235626048497788,0.015161278023486349
0.010624999999999999,0.8183125,0.0,0.1634375,0.0,0.0,2002-11-08T01:59:07Z,ls7,qd9u988k56jh,0.16469328630809926,0.824600075576269,0.010706638115631691
0.010562499999999999,0.8455625,0.0,0.1359375,0.0,0.0,2002-11-24T01:59:24Z,ls7,qd9u988k56jh,0.137025137025137,0.8523278523278522,0.010647010647010645
0.0163125,0.8528749999999998,0.0,0.12156250000000002,0.0,0.0,2002-12-10T01:59:29Z,ls7,qd9u988k56jh,0.12269745142568765,0.8608377491799142,0.016464799394398186
,,1.0,,,,2002-12-26T01:59:35Z,ls7,qd9u988k56jh,,,
,,1.0,,,,2003-01-11T01:59:37Z,ls7,qd9u988k56jh,,,
0.0083125,0.9013750000000001,0.0,0.081125,0.0,0.0,2003-01-27T01:59:44Z,ls7,qd9u988k56jh,0.0818772472087302,0.9097331735318237,0.008389579259446162
0.021687500000000002,0.8780000000000001,0.0,0.091125,0.0,0.0,2003-02-28T01:59:55Z,ls7,qd9u988k56jh,0.09196997413738724,0.8861414243360879,0.02188860152652495
,,1.0,,,,2003-03-16T01:59:58Z,ls7,qd9u988k56jh,,,
0.005116279069767442,0.8783720930232559,0.73125,0.1046511627906977,0.0,0.0,2003-04-17T01:59:59Z,ls7,qd9u988k56jh,0.10590727229936457,0.8889150388326665,0.005177688867968934
0.016999999999999998,0.844125,0.0,0.1304375,0.0,0.0,2003-05-03T02:00:00Z,ls7,qd9u988k56jh,0.13154743145288372,0.8513079104947999,0.01714465805231642
0.021812500000000002,0.79925,0.0,0.172375,0.0,0.0,2003-05-11T01:46:22Z,ls5,qd9u988k56jh,0.17351368354828564,0.8045297263290343,0.02195659012268009
0.027500000000000004,0.40812499999999996,0.0,0.1100625,0.10625,0.34375,2003-05-19T01:59:55Z,ls7,qd9u988k56jh,0.11093231015920287,0.41135036078341547,0.027717329057381754
0.029625000000000002,0.5061875,0.0,0.1341875,0.21875,0.10625,2003-05-27T01:46:41Z,ls5,qd9u988k56jh,0.13518889925373134,0.5099650186567164,0.02984608208955224
0.060812500000000005,0.6751875,0.0,0.17006249999999998,0.03125,0.05625,2003-06-12T01:46:58Z,ls5,qd9u988k56jh,0.17127078016141264,0.6799846519969648,0.06124456784162241
0.0,0.0,0.96875,0.0,0.0,1.0,2003-06-28T01:47:21Z,ls5,qd9u988k56jh,0.0,0.0,0.0
,,1.0,,,,2003-07-22T01:59:46Z,ls7,qd9u988k56jh,,,
0.032749999999999994,0.09962499999999999,0.0,0.072,0.6125,0.18125,2003-07-30T01:47:55Z,ls5,qd9u988k56jh,0.07266055045871558,0.10053899082568807,0.03305045871559632
,,1.0,,,,2003-08-07T01:59:37Z,ls7,qd9u988k56jh,,,
0.028687499999999998,0.10287500000000001,0.0,0.06050000000000001,0.7125,0.09375,2003-08-31T01:48:29Z,ls5,qd9u988k56jh,0.061031565245688243,0.1037788805727302,0.028939554181581506
0.0401875,0.1283125,0.0,0.08556250000000001,0.6375,0.10625,2003-09-16T01:48:45Z,ls5,qd9u988k56jh,0.08629920049200494,0.12941728167281671,0.040533517835178355
0.0155,0.1968125,0.0,0.098,0.55625,0.13125,2003-10-02T01:48:57Z,ls5,qd9u988k56jh,0.09869083585095668,0.19819989929506543,0.015609264853977843
,,1.0,,,,2003-10-10T01:59:17Z,ls7,qd9u988k56jh,,,
0.00631578947368421,0.02157894736842105,0.88125,0.024210526315789474,0.47368421052631576,0.47368421052631576,2003-10-18T01:49:10Z,ls5,qd9u988k56jh,0.024455077086656084,0.021796916533758683,0.00637958532695376
,,1.0,,,,2003-10-26T01:59:37Z,ls7,qd9u988k56jh,,,
0.02,0.7653125,0.6,0.20781250000000004,0.0,0.0,2003-11-03T01:49:15Z,ls5,qd9u988k56jh,0.20925110132158595,0.7706104468219005,0.020138451856513532
0.010392156862745099,0.8120588235294117,0.36250000000000004,0.17098039215686275,0.0,0.0,2003-11-11T01:59:45Z,ls7,qd9u988k56jh,0.17211092470147046,0.8174282048751603,0.010460870423369191
0.010694444444444444,0.8654166666666668,0.55,0.11680555555555555,0.0,0.0,2003-11-27T01:59:55Z,ls7,qd9u988k56jh,0.1176388306056791,0.8715904322282837,0.010770737166037206
,,1.0,,,,2003-12-05T01:49:45Z,ls5,qd9u988k56jh,,,
0.01806818181818182,0.810909090909091,0.44999999999999996,0.16318181818181818,0.0,0.0,2003-12-13T02:00:00Z,ls7,qd9u988k56jh,0.16447142366281065,0.817317603939984,0.01821097239720536
0.005687500000000001,0.8720000000000001,0.0,0.11412499999999999,0.0,0.0,2003-12-21T01:49:53Z,ls5,qd9u988k56jh,0.11506711197933076,0.8791984372046128,0.005734450816056462
0.006293103448275863,0.8421551724137932,0.275,0.14043103448275865,0.0,0.0,2003-12-29T02:00:08Z,ls7,qd9u988k56jh,0.14201028681021707,0.8516258390724436,0.006363874117339378
0.008749999999999999,0.8801874999999999,0.0,0.1018125,0.0,0.0,2004-01-14T02:00:09Z,ls7,qd9u988k56jh,0.10276305828917488,0.888405248549079,0.008831693161746151
0.0111875,0.8631249999999999,0.0,0.11912500000000001,0.0,0.0,2004-01-22T01:50:03Z,ls5,qd9u988k56jh,0.11991192198804657,0.8688266750550487,0.011261402956904688
0.015125,0.8620000000000001,0.0,0.1139375,0.0,0.0,2004-02-07T01:50:08Z,ls5,qd9u988k56jh,0.11496499968468182,0.869773601563978,0.015261398751340098
0.009210526315789473,0.8943421052631578,0.050000000000000044,0.08703947368421053,0.0,0.0,2004-02-15T02:00:21Z,ls7,qd9u988k56jh,0.08786610878661089,0.902835890283589,0.009298000929800094
0.025125,0.8632500000000001,0.0,0.1026875,0.0,0.0,2004-02-23T01:50:13Z,ls5,qd9u988k56jh,0.10361354606798259,0.8710348741880558,0.02535157974396166
0.02009345794392523,0.8427102803738318,0.33125000000000004,0.12822429906542057,0.0,0.0,2004-03-02T02:00:23Z,ls7,qd9u988k56jh,0.12938513768389287,0.850339494530366,0.020275367785741228
0.0429375,0.8447500000000001,0.0,0.1023125,0.0,0.0,2004-03-10T01:50:18Z,ls5,qd9u988k56jh,0.10334595959595959,0.8532828282828283,0.04337121212121212
0.014384615384615385,0.8921538461538461,0.1875,0.08415384615384616,0.0,0.0,2004-03-18T02:00:30Z,ls7,qd9u988k56jh,0.08494448326733445,0.9005357558816679,0.014519760850997751
0.036062500000000004,0.8423124999999999,0.0,0.11218750000000002,0.0,0.0,2004-03-26T01:50:20Z,ls5,qd9u988k56jh,0.11325635686794124,0.8503375607293836,0.036406082402675254
0.010571428571428572,0.9184285714285715,0.5625,0.06099999999999999,0.0,0.0,2004-04-03T02:00:30Z,ls7,qd9u988k56jh,0.06161616161616161,0.9277056277056278,0.010678210678210679
0.0114375,0.8386250000000001,0.0,0.14325000000000002,0.0,0.0,2004-04-11T01:50:47Z,ls5,qd9u988k56jh,0.14421443402755932,0.8442710627320205,0.01151450324042031
,,1.0,,,,2004-04-27T01:51:15Z,ls5,qd9u988k56jh,,,
0.025739130434782608,0.885304347826087,0.28125,0.0802608695652174,0.0,0.0,2004-05-05T02:00:25Z,ls7,qd9u988k56jh,0.08096491228070175,0.8930701754385965,0.025964912280701753
0.0185,0.400875,0.0,0.12593749999999998,0.25625,0.19375,2004-05-13T01:51:43Z,ls5,qd9u988k56jh,0.12702005730659027,0.40432091690544425,0.01865902578796562
0.006500000000000001,0.38225,0.0,0.094875,0.225,0.2875,2004-05-21T02:00:25Z,ls7,qd9u988k56jh,0.09563517704833291,0.38531274231067464,0.006552080640992506
0.0365,0.1784375,0.0,0.088625,0.59375,0.1,2004-05-29T01:52:10Z,ls5,qd9u988k56jh,0.08940961498867615,0.18001724315421044,0.036823141857113446
0.01169811320754717,0.07528301886792452,0.3375,0.053018867924528305,0.6132075471698113,0.24528301886792453,2004-06-06T02:00:20Z,ls7,qd9u988k56jh,0.0535904999237146,0.07609469562121751,0.011824238417332046
0.01975,0.07275,0.0,0.049375,0.75,0.10625,2004-06-14T01:52:39Z,ls5,qd9u988k56jh,0.050027533039647576,0.07371145374449338,0.020011013215859026
0.0,0.0,0.32499999999999996,0.0,0.7407407407407407,0.25925925925925924,2004-06-30T01:53:08Z,ls5,qd9u988k56jh,0.0,0.0,0.0
,,1.0,,,,2004-07-08T02:00:14Z,ls7,qd9u988k56jh,,,
0.027875000000000004,0.09537499999999999,0.0,0.06825,0.7125,0.09375,2004-07-16T01:53:34Z,ls5,qd9u988k56jh,0.06905189295039164,0.09649559399477804,0.028202513054830285
0.03143749999999999,0.11099999999999999,0.0,0.08631250000000001,0.6625,0.10625,2004-07-24T02:00:09Z,ls7,qd9u988k56jh,0.08725580601092899,0.11221311475409834,0.03178107923497267
0.2393103448275862,0.15413793103448278,0.81875,0.12137931034482757,0.13793103448275862,0.3448275862068966,2004-08-01T01:53:55Z,ls5,qd9u988k56jh,0.12194840289165529,0.15486061389934638,0.24043236251934313
0.04863636363636364,0.16181818181818183,0.44999999999999996,0.1046590909090909,0.6022727272727273,0.07954545454545454,2004-08-09T02:00:02Z,ls7,qd9u988k56jh,0.10567813001999803,0.16339376454774943,0.049109923614070745
0.0235,0.08562499999999999,0.0,0.0580625,0.65625,0.175,2004-08-17T01:54:17Z,ls5,qd9u988k56jh,0.0586051401869159,0.08642523364485982,0.023719626168224303
,,1.0,,,,2004-08-25T02:00:01Z,ls7,qd9u988k56jh,,,
0.0405,0.11612499999999999,0.0,0.084875,0.65,0.10625,2004-09-02T01:54:43Z,ls5,qd9u988k56jh,0.0856657608695652,0.11720690993788817,0.04087732919254657
0.04645833333333333,0.17447916666666666,0.4,0.12916666666666668,0.5729166666666666,0.07291666666666667,2004-09-10T01:59:55Z,ls7,qd9u988k56jh,0.13066547654467917,0.17650376871962709,0.04699742140236041
0.03012658227848101,0.15556962025316454,0.012499999999999956,0.09664556962025316,0.5379746835443038,0.17721518987341772,2004-09-18T01:55:08Z,ls5,qd9u988k56jh,0.09749048717577656,0.15692967745779882,0.03038996194870311
,,1.0,,,,2004-09-26T01:59:50Z,ls7,qd9u988k56jh,,,
0.025347222222222226,0.2745138888888889,0.09999999999999998,0.12715277777777778,0.4166666666666667,0.1527777777777778,2004-10-04T01:55:29Z,ls5,qd9u988k56jh,0.12820738692831712,0.27679071574420405,0.025557452883034276
0.0213125,0.54525,0.0,0.17268749999999997,0.20625,0.05,2004-10-20T01:55:50Z,ls5,qd9u988k56jh,0.1737386920865742,0.5485690733851877,0.02144223452823808
,,1.0,,,,2004-10-28T02:00:03Z,ls7,qd9u988k56jh,,,
,,1.0,,,,2004-11-05T01:56:09Z,ls5,qd9u988k56jh,,,
0.017499999999999998,0.7960714285714285,0.30000000000000004,0.17705357142857142,0.0,0.0,2004-11-13T02:00:10Z,ls7,qd9u988k56jh,0.17872915727805316,0.803605227579991,0.017665615141955835
0.019875,0.8225625000000001,0.0,0.14906250000000001,0.0,0.0,2004-11-21T01:56:23Z,ls5,qd9u988k56jh,0.15034039334341906,0.8296142208774584,0.02004538577912254
,,1.0,,,,2004-11-29T02:00:20Z,ls7,qd9u988k56jh,,,
0.0205,0.8332499999999999,0.0,0.1380625,0.0,0.0,2004-12-07T01:56:46Z,ls5,qd9u988k56jh,0.1392022181611948,0.8401285525237886,0.0206692293150167
0.00875,0.867625,0.0,0.1151875,0.0,0.0,2004-12-15T02:00:26Z,ls7,qd9u988k56jh,0.11616766467065869,0.8750078789788843,0.00882445635045698
0.0235,0.8568749999999999,0.0,0.11087500000000002,0.0,0.0,2004-12-23T01:57:03Z,ls5,qd9u988k56jh,0.11185372005044138,0.8644388398486759,0.023707440100882726
0.005342465753424658,0.9290410958904113,0.54375,0.05808219178082192,0.0,0.0,2004-12-31T02:00:35Z,ls7,qd9u988k56jh,0.05852311939268459,0.9360938578329883,0.00538302277432712
0.01975,0.8691875,0.0,0.1025,0.0,0.0,2005-01-08T01:57:15Z,ls5,qd9u988k56jh,0.10338523608396898,0.8766941940364369,0.01992056987959402
0.028000000000000004,0.8661875,0.0,0.09475,0.0,0.0,2005-01-16T02:00:38Z,ls7,qd9u988k56jh,0.095809896985401,0.8758768880743222,0.028313214940276814
0.0161875,0.8669375,0.0,0.10687500000000001,0.0,0.0,2005-01-24T01:57:28Z,ls5,qd9u988k56jh,0.10795454545454546,0.8756944444444443,0.0163510101010101
0.016666666666666666,0.8965942028985507,0.13749999999999996,0.07840579710144928,0.0,0.0,2005-02-01T02:00:42Z,ls7,qd9u988k56jh,0.07906466934599927,0.9041286079649251,0.01680672268907563
0.020125,0.8729375000000001,0.0,0.097,0.0,0.0,2005-02-09T01:57:41Z,ls5,qd9u988k56jh,0.09797361277697114,0.8816993876649202,0.020326999558108703
,,1.0,,,,2005-02-17T02:00:51Z,ls7,qd9u988k56jh,,,
,,1.0,,,,2005-02-25T01:57:58Z,ls5,qd9u988k56jh,,,
,,1.0,,,,2005-03-13T01:58:10Z,ls5,qd9u988k56jh,,,
0.008723404255319148,0.8817021276595745,0.11875000000000002,0.10042553191489363,0.0,0.0,2005-03-21T02:00:56Z,ls7,qd9u988k56jh,0.10135280223319734,0.8898432467253596,0.008803951041442989
0.0136875,0.8511875,0.0,0.12662500000000002,0.0,0.0,2005-03-29T01:58:17Z,ls5,qd9u988k56jh,0.12771053958648515,0.8584846192637419,0.013804841149773072
0.014313725490196078,0.3458823529411765,0.68125,0.10725490196078433,0.39215686274509803,0.13725490196078433,2005-04-06T02:00:52Z,ls7,qd9u988k56jh,0.10797473351756813,0.34820371101460723,0.014409790761942362
0.03166666666666666,0.4649122807017544,0.2875,0.1557894736842105,0.2719298245614035,0.07017543859649122,2005-04-14T01:58:21Z,ls5,qd9u988k56jh,0.15710919088766695,0.46885062595981697,0.03193491999462149
0.03434782608695652,0.715,0.7125,0.2426086956521739,0.0,0.0,2005-04-22T02:00:46Z,ls7,qd9u988k56jh,0.2445759368836292,0.7207977207977208,0.034626342318650014
0.03181250000000001,0.11687499999999999,0.0,0.061250000000000006,0.71875,0.06875,2005-05-08T02:00:51Z,ls7,qd9u988k56jh,0.06199761833879131,0.11830157785055075,0.032200803810657944
0.015534591194968554,0.054716981132075466,0.006249999999999978,0.04119496855345911,0.7672955974842768,0.11949685534591195,2005-05-24T02:00:50Z,ls7,qd9u988k56jh,0.041845904851143555,0.0555815835427403,0.015780058775927423
0.660204081632653,0.05755102040816327,0.38749999999999996,0.1439795918367347,0.061224489795918366,0.07142857142857142,2005-06-01T01:58:41Z,ls5,qd9u988k56jh,0.14491729196118946,0.057925834632254335,0.6645038121820664
0.0080625,0.022187500000000002,0.0,0.025187499999999995,0.80625,0.1375,2005-06-17T01:58:48Z,ls5,qd9u988k56jh,0.025556651634723766,0.022512683201803822,0.008180665163472375
0.015875,0.041375,0.0,0.035312500000000004,0.79375,0.1125,2005-06-25T02:00:39Z,ls7,qd9u988k56jh,0.035765530047265376,0.04190580688723837,0.016078663065496292
,,1.0,,,,2005-07-03T01:58:51Z,ls5,qd9u988k56jh,,,
0.028187500000000004,0.06287499999999999,0.0,0.0568125,0.78125,0.06875,2005-07-11T02:00:40Z,ls7,qd9u988k56jh,0.05762890955198648,0.06377852916314454,0.028592561284868985
0.0345,0.05500000000000001,0.0,0.059062500000000004,0.79375,0.05625,2005-07-19T01:59:02Z,ls5,qd9u988k56jh,0.059633992427429554,0.05553218342448466,0.034833824148085835
0.025043478260869566,0.05634782608695652,0.28125,0.055999999999999994,0.7739130434782608,0.08695652173913043,2005-07-27T02:00:39Z,ls7,qd9u988k56jh,0.05670886075949368,0.05706108970831043,0.025360484314804633
,,1.0,,,,2005-08-04T01:59:11Z,ls5,qd9u988k56jh,,,
,,1.0,,,,2005-08-12T02:00:35Z,ls7,qd9u988k56jh,,,
0.013875000000000002,0.0260625,0.0,0.0278125,0.7875,0.14375,2005-08-20T01:59:17Z,ls5,qd9u988k56jh,0.028223016605166063,0.026447186346863476,0.014079797047970487
,,1.0,,,,2005-08-28T02:00:28Z,ls7,qd9u988k56jh,,,
0.11,0.52,0.99375,0.36,0.0,0.0,2005-09-05T01:59:21Z,ls5,qd9u988k56jh,0.36363636363636365,0.5252525252525253,0.11111111111111112
,,1.0,,,,2005-10-07T01:59:18Z,ls5,qd9u988k56jh,,,
0.03695652173913044,0.07521739130434782,0.85625,0.06,0.8260869565217391,0.0,2005-10-15T02:00:21Z,ls7,qd9u988k56jh,0.0606060606060606,0.07597716293368467,0.03732981993851559
0.043359375000000006,0.263671875,0.19999999999999996,0.142421875,0.4453125,0.1015625,2005-10-23T01:59:17Z,ls5,qd9u988k56jh,0.14358541195897792,0.2658259820962976,0.043713605944724496
,,1.0,,,,2005-10-31T02:00:34Z,ls7,qd9u988k56jh,,,
0.06203389830508474,0.6635593220338983,0.63125,0.2505084745762712,0.0,0.01694915254237288,2005-11-08T01:59:26Z,ls5,qd9u988k56jh,0.2522919174409399,0.6682833943039781,0.062475535712709064
0.0328,0.6656,0.84375,0.294,0.0,0.0,2005-11-16T02:00:44Z,ls7,qd9u988k56jh,0.2962515114873035,0.6706972994760176,0.03305118903667876
0.018812500000000003,0.8154375,0.0,0.1565,0.0,0.0,2005-11-24T01:59:50Z,ls5,qd9u988k56jh,0.1579611405500883,0.8230507191521574,0.018988140297754228
0.02266666666666667,0.6986666666666665,0.8125,0.2683333333333333,0.0,0.0,2005-12-02T02:00:50Z,ls7,qd9u988k56jh,0.2711350623105423,0.705961603233412,0.022903334456045813
0.03777777777777778,0.7422222222222223,0.94375,0.2122222222222222,0.0,0.0,2005-12-18T02:00:52Z,ls7,qd9u988k56jh,0.2138857782754759,0.748040313549832,0.03807390817469204
0.01797979797979798,0.8186868686868687,0.38125,0.15383838383838383,0.0,0.0,2006-01-19T02:01:09Z,ls7,qd9u988k56jh,0.15531307362839075,0.8265347746277789,0.018152151743830308
0.0171875,0.8591875,0.0,0.11368750000000001,0.0,0.0,2006-01-27T02:01:20Z,ls5,qd9u988k56jh,0.11482860930496812,0.8678113755444732,0.017360015150558676
0.015363636363636362,0.8893636363636365,0.3125,0.08536363636363636,0.0,0.0,2006-02-04T02:01:15Z,ls7,qd9u988k56jh,0.08621797814709392,0.8982646221650904,0.015517399687815623
0.011750000000000002,0.8028124999999999,0.0,0.17712499999999998,0.0,0.0,2006-02-12T02:01:42Z,ls5,qd9u988k56jh,0.1786096930736749,0.8095418163483961,0.011848490577929038
0.015964912280701758,0.8276315789473684,0.2875,0.14657894736842106,0.0,0.0,2006-02-20T02:01:19Z,ls7,qd9u988k56jh,0.14803330970942596,0.835843373493976,0.01612331679659816
0.019062500000000003,0.8206875,0.0,0.1504375,0.0,0.0,2006-02-28T02:02:02Z,ls5,qd9u988k56jh,0.1519282964085085,0.8288202991857603,0.01925140440573124
0.020763358778625954,0.8367175572519083,0.18125000000000002,0.1321374045801527,0.0,0.0,2006-03-08T02:01:20Z,ls7,qd9u988k56jh,0.13352360382597966,0.8454952175254551,0.02098117864856526
0.225,0.57,0.9875,0.2,0.0,0.0,2006-04-09T02:01:17Z,ls7,qd9u988k56jh,0.20100502512562815,0.5728643216080401,0.22613065326633167
0.033125,0.8045625,0.0,0.1535625,0.0,0.0,2006-04-17T02:02:57Z,ls5,qd9u988k56jh,0.15491803278688526,0.8116645649432536,0.03341740226986129
0.134375,0.663125,0.9,0.198125,0.0,0.0,2006-04-25T02:01:16Z,ls7,qd9u988k56jh,0.1989956057752668,0.6660389202762084,0.1349654739485248
0.022500000000000003,0.7742500000000001,0.0,0.19599999999999998,0.0,0.0,2006-05-03T02:03:12Z,ls5,qd9u988k56jh,0.19743137748677914,0.7799043062200958,0.02266431629312516
0.029875000000000002,0.79,0.0,0.17068750000000002,0.0,0.0,2006-05-11T02:01:18Z,ls7,qd9u988k56jh,0.1723137106442047,0.7975266578333018,0.030159631522493534
0.0111875,0.7081875,0.0,0.2306875,0.00625,0.0375,2006-05-19T02:03:24Z,ls5,qd9u988k56jh,0.23218990526939018,0.7127997335701599,0.011260361160449971
0.024600000000000004,0.7508666666666667,0.0625,0.2158,0.0,0.0,2006-05-27T02:01:18Z,ls7,qd9u988k56jh,0.2177012576501446,0.7574820095500706,0.02481673279978479
0.024625,0.7520625,0.0,0.21593749999999998,0.0,0.0,2006-06-04T02:03:39Z,ls5,qd9u988k56jh,0.2175418713008437,0.7576501700037779,0.024807958695378416
0.04962962962962963,0.7228703703703703,0.32499999999999996,0.21898148148148147,0.0,0.0,2006-06-12T02:01:15Z,ls7,qd9u988k56jh,0.22086290623832652,0.729081060889055,0.05005603287261861
,,1.0,,,,2006-06-20T02:03:53Z,ls5,qd9u988k56jh,,,
0.025125,0.7501249999999999,0.0,0.21825,0.0,0.0,2006-07-06T02:04:08Z,ls5,qd9u988k56jh,0.21967790639154505,0.7550327126321087,0.025289380976346254
0.034999999999999996,0.2736764705882353,0.575,0.11367647058823528,0.08823529411764706,0.4852941176470588,2006-07-14T02:01:02Z,ls7,qd9u988k56jh,0.11478473701458299,0.2763446255939702,0.03534122562674095
0.02075,0.7575000000000001,0.0,0.21549999999999997,0.0,0.0,2006-07-22T02:04:21Z,ls5,qd9u988k56jh,0.21685534591194963,0.7622641509433962,0.020880503144654085
,,1.0,,,,2006-07-29T02:10:37Z,ls5,qd9u988k56jh,,,
0.0381,0.3654,0.375,0.1607,0.18,0.25,2006-07-30T02:00:56Z,ls7,qd9u988k56jh,0.1623520028358738,0.36915632754342437,0.03849166962070188
,,1.0,,,,2006-08-14T02:10:49Z,ls5,qd9u988k56jh,,,
,,1.0,,,,2006-08-23T02:04:45Z,ls5,qd9u988k56jh,,,
0.01217391304347826,0.7430434782608696,0.28125,0.24,0.0,0.0,2006-09-16T02:00:46Z,ls7,qd9u988k56jh,0.24115334207077324,0.746614242027086,0.012232415902140673
0.0203125,0.7471875000000001,0.0,0.22793750000000004,0.0,0.0,2006-09-24T02:05:09Z,ls5,qd9u988k56jh,0.22898223143090352,0.7506121680165757,0.020405600552520876
0.024347826086956518,0.707391304347826,0.85625,0.26217391304347826,0.0,0.0,2006-10-02T02:00:39Z,ls7,qd9u988k56jh,0.26377952755905515,0.7117235345581803,0.024496937882764653
0.018437500000000002,0.7635,0.0,0.2129375,0.0,0.0,2006-10-10T02:05:19Z,ls5,qd9u988k56jh,0.21403442643548184,0.7674330946098756,0.018532478954642547
0.0067741935483870966,0.7853763440860215,0.41874999999999996,0.20311827956989248,0.0,0.0,2006-10-18T02:00:46Z,ls7,qd9u988k56jh,0.2040838375108038,0.7891097666378566,0.006806395851339671
0.014124999999999999,0.762375,0.0,0.21818749999999998,0.0,0.0,2006-10-26T02:05:29Z,ls5,qd9u988k56jh,0.21935281181275526,0.7664467483506127,0.014200439836632108
0.017937500000000002,0.7910625,0.0,0.1848125,0.0,0.0,2006-11-03T02:01:01Z,ls7,qd9u988k56jh,0.18596314697188854,0.7959876737312118,0.018049179296899566
0.022692307692307692,0.6251282051282051,0.025000000000000022,0.1633974358974359,0.15384615384615385,0.03205128205128205,2006-11-11T02:05:37Z,ls5,qd9u988k56jh,0.1639784619436931,0.627351102736326,0.022772999422545057
0.014166666666666668,0.7970138888888889,0.09999999999999998,0.18284722222222227,0.0,0.0,2006-11-19T02:01:13Z,ls7,qd9u988k56jh,0.18394578734106473,0.8018024311862512,0.014251781472684086
0.019374999999999996,0.8046875,0.0,0.17068750000000002,0.0,0.0,2006-11-27T02:05:46Z,ls5,qd9u988k56jh,0.1715883387785876,0.8089344056295551,0.019477255591857246
0.022,0.8066875,0.0,0.1658125,0.0,0.0,2006-12-05T02:01:21Z,ls7,qd9u988k56jh,0.1667295123177476,0.8111488185017597,0.022121669180492708
0.020592105263157894,0.8017763157894737,0.050000000000000044,0.17276315789473684,0.0,0.0,2006-12-13T02:05:54Z,ls5,qd9u988k56jh,0.17360835647229933,0.805698796773767,0.02069284675393362
0.0071739130434782614,0.7884782608695652,0.7125,0.2008695652173913,0.0,0.0,2006-12-21T02:01:26Z,ls7,qd9u988k56jh,0.20157068062827224,0.7912303664921466,0.0071989528795811525
0.021374999999999998,0.8210625,0.0,0.152125,0.0,0.0,2006-12-29T02:06:01Z,ls5,qd9u988k56jh,0.15295670206749198,0.8255514359328849,0.021491861999622944
0.01954545454545455,0.7921818181818182,0.3125,0.18281818181818182,0.0,0.0,2007-01-06T02:01:27Z,ls7,qd9u988k56jh,0.18382084095063986,0.796526508226691,0.019652650822669107
0.019928571428571427,0.7789285714285714,0.125,0.19542857142857142,0.0,0.0,2007-01-14T02:06:07Z,ls5,qd9u988k56jh,0.19655172413793104,0.7834051724137931,0.020043103448275864
0.022125000000000002,0.8309374999999999,0.0,0.140375,0.0,0.0,2007-01-22T02:01:30Z,ls7,qd9u988k56jh,0.14130229631959737,0.8364265492293174,0.022271154451085254
0.021249999999999998,0.8126249999999999,0.0,0.160125,0.0,0.0,2007-01-30T02:06:11Z,ls5,qd9u988k56jh,0.16109154929577466,0.8175301810865191,0.02137826961770624
0.007297297297297297,0.9005405405405408,0.5375,0.08445945945945946,0.0,0.0,2007-02-07T02:01:37Z,ls7,qd9u988k56jh,0.08511507558218709,0.9075309818875119,0.007353942530300965
0.06241379310344828,0.7474137931034484,0.6375,0.18086206896551724,0.0,0.0,2007-02-15T02:06:13Z,ls5,qd9u988k56jh,0.18256178210929339,0.7544378698224852,0.06300034806822137
0.029224137931034483,0.8158620689655172,0.275,0.14698275862068966,0.0,0.0,2007-02-23T02:01:42Z,ls7,qd9u988k56jh,0.14815780326729233,0.8223844282238443,0.0294577685088634
0.024,0.80375,0.0,0.16524999999999998,0.0,0.0,2007-03-03T02:06:12Z,ls5,qd9u988k56jh,0.16641490433031217,0.8094159113796576,0.02416918429003021
0.027578125000000002,0.843828125,0.19999999999999996,0.12125000000000001,0.0,0.0,2007-03-11T02:01:45Z,ls7,qd9u988k56jh,0.12214701715724856,0.8500708326774752,0.02778215016527625
0.06343283582089553,0.788358208955224,0.58125,0.13850746268656716,0.0,0.0,2007-03-19T02:06:09Z,ls5,qd9u988k56jh,0.13986435568952524,0.7960813865862849,0.06405425772418989
,,1.0,,,,2007-03-27T02:01:46Z,ls7,qd9u988k56jh,,,
0.07123287671232877,0.7825342465753425,0.08750000000000002,0.14061643835616436,0.0,0.0,2007-04-04T02:06:06Z,ls5,qd9u988k56jh,0.14141066262570598,0.7869541259126601,0.07163521146163383
,,1.0,,,,2007-04-12T02:01:45Z,ls7,qd9u988k56jh,,,
0.027375000000000003,0.8065,0.0,0.15862500000000002,0.0,0.0,2007-04-20T02:06:00Z,ls5,qd9u988k56jh,0.159823677581864,0.8125944584382871,0.02758186397984887
0.03677685950413223,0.7669421487603305,0.24375000000000002,0.18818181818181817,0.0,0.0,2007-04-28T02:01:42Z,ls7,qd9u988k56jh,0.189718380269955,0.7732044659223463,0.037077153807698715
0.03666666666666667,0.7923913043478261,0.13749999999999996,0.1628985507246377,0.0,0.0,2007-05-14T02:01:37Z,ls7,qd9u988k56jh,0.16421944627072832,0.7988165680473374,0.0369639856819344
0.0195,0.7963125,0.0,0.17781249999999998,0.0,0.0,2007-05-22T02:05:41Z,ls5,qd9u988k56jh,0.17895332746257392,0.801421562460687,0.019625110076739213
0.026581196581196585,0.7554700854700854,0.26875000000000004,0.17735042735042736,0.008547008547008548,0.02564102564102564,2007-05-30T02:01:29Z,ls7,qd9u988k56jh,0.17853539679820302,0.760517769782803,0.02675879923095959
0.13514285714285715,0.49557142857142855,0.5625,0.14714285714285716,0.08571428571428572,0.12857142857142856,2007-06-15T02:01:30Z,ls7,qd9u988k56jh,0.14862914862914867,0.5005772005772006,0.13650793650793652
,,1.0,,,,2007-06-23T02:05:08Z,ls5,qd9u988k56jh,,,
,,1.0,,,,2007-07-01T02:01:29Z,ls7,qd9u988k56jh,,,
0.033625,0.31556249999999997,0.0,0.1034375,0.475,0.06875,2007-07-09T02:04:57Z,ls5,qd9u988k56jh,0.10426591411212373,0.31808978873239435,0.033894297155481916
0.0199375,0.43224999999999997,0.0,0.1004375,0.35,0.09375,2007-07-17T02:01:26Z,ls7,qd9u988k56jh,0.10109633001583353,0.43508538792128476,0.0200682820628817
,,1.0,,,,2007-07-25T02:04:49Z,ls5,qd9u988k56jh,,,
0.027068965517241382,0.060517241379310346,0.275,0.04017241379310345,0.7672413793103449,0.10344827586206896,2007-08-02T02:01:21Z,ls7,qd9u988k56jh,0.04066033784727069,0.06125226860254082,0.02739773837777467
,,1.0,,,,2007-08-10T02:04:40Z,ls5,qd9u988k56jh,,,
0.04658730158730158,0.11984126984126983,0.21250000000000002,0.06095238095238095,0.6984126984126984,0.07142857142857142,2007-08-18T02:01:15Z,ls7,qd9u988k56jh,0.06169699991689522,0.12130529931577055,0.047156430926064447
,,1.0,,,,2007-08-26T02:04:30Z,ls5,qd9u988k56jh,,,
0.0391875,0.126625,0.0,0.06381250000000001,0.69375,0.075,2007-09-02T02:10:36Z,ls5,qd9u988k56jh,0.06426408546543279,0.1275210941752858,0.03946482035928144
0.03670967741935484,0.12870967741935482,0.03125,0.05851612903225806,0.6903225806451613,0.08387096774193549,2007-09-03T02:01:08Z,ls7,qd9u988k56jh,0.05900502783431381,0.1297850391724984,0.037016384606091024
,,1.0,,,,2007-09-10T02:07:15Z,ls7,qd9u988k56jh,,,
0.033937499999999995,0.16275,0.0,0.0765625,0.61875,0.10625,2007-09-11T02:04:22Z,ls5,qd9u988k56jh,0.0770528362305581,0.1637923147301006,0.034154849039341253
0.03736842105263158,0.1486842105263158,0.525,0.07513157894736842,0.631578947368421,0.10526315789473684,2007-09-19T02:01:02Z,ls7,qd9u988k56jh,0.07569932387644175,0.14980776879225777,0.037650802068142655
0.015625,0.35562499999999997,0.30000000000000004,0.09071428571428572,0.4107142857142857,0.125,2007-10-05T02:00:53Z,ls7,qd9u988k56jh,0.09117013639626706,0.3574120603015075,0.015703517587939697
0.024062500000000004,0.46687499999999993,0.8,0.22125000000000003,0.09375,0.1875,2007-10-21T02:01:06Z,ls7,qd9u988k56jh,0.22328872312417733,0.4711770513383062,0.02428422553751646
0.03333333333333333,0.7625925925925926,0.49375,0.19777777777777777,0.0,0.0,2007-11-06T02:01:16Z,ls7,qd9u988k56jh,0.19903093551994036,0.7674245247856877,0.033544539694371975
,,1.0,,,,2007-11-22T02:01:25Z,ls7,qd9u988k56jh,,,
0.019999999999999997,0.8274774774774776,0.30625,0.14594594594594593,0.0,0.0,2007-12-08T02:01:31Z,ls7,qd9u988k56jh,0.14691212478461954,0.8329554729300808,0.020132402285299715
0.02504201680672269,0.574873949579832,0.25625,0.15176470588235297,0.19327731092436976,0.05042016806722689,2007-12-24T02:01:34Z,ls7,qd9u988k56jh,0.15269785946799067,0.5784086692250964,0.02519599231531629
0.02696078431372549,0.8138235294117647,0.36250000000000004,0.1542156862745098,0.0,0.0,2008-01-09T02:01:36Z,ls7,qd9u988k56jh,0.15499063947186914,0.8179130948861957,0.027096265641935166
0.024062499999999997,0.7971875,0.4,0.17218750000000002,0.0,0.0,2008-01-17T02:02:20Z,ls5,qd9u988k56jh,0.17332494495124254,0.8024536017615602,0.024221453287197228
0.016625,0.8519375,0.0,0.12581250000000002,0.0,0.0,2008-01-24T02:08:22Z,ls5,qd9u988k56jh,0.1265241986172219,0.8567567567567568,0.016719044626021373
0.021056910569105695,0.8376422764227642,0.23124999999999996,0.1343089430894309,0.0,0.0,2008-01-25T02:01:35Z,ls7,qd9u988k56jh,0.13525462583920092,0.8435401997707549,0.021205174390044216
0.0141875,0.846125,0.0,0.13243749999999999,0.0,0.0,2008-02-02T02:02:03Z,ls5,qd9u988k56jh,0.13340468395870056,0.852304205489801,0.014291110551498364
0.006625000000000001,0.7776875000000001,0.0,0.211125,0.0,0.0,2008-02-09T02:08:07Z,ls5,qd9u988k56jh,0.21209267281974006,0.7812519620769762,0.006655365103283732
0.012394366197183098,0.8195070422535211,0.11250000000000004,0.16204225352112675,0.0,0.0,2008-02-10T02:01:32Z,ls7,qd9u988k56jh,0.1630296159841292,0.8245004959614567,0.012469888054414057
0.04395348837209303,0.7113953488372093,0.73125,0.23558139534883718,0.0,0.0,2008-02-18T02:01:46Z,ls5,qd9u988k56jh,0.23773762027693027,0.7179065946960808,0.044355785026988975
0.019357142857142857,0.8455714285714285,0.125,0.1265,0.0,0.0,2008-02-26T02:01:28Z,ls7,qd9u988k56jh,0.12759365994236313,0.8528818443804035,0.019524495677233432
0.015299145299145299,0.6366666666666666,0.26875000000000004,0.1547008547008547,0.017094017094017096,0.17094017094017094,2008-03-13T02:01:22Z,ls7,qd9u988k56jh,0.15571711375907182,0.640849049939959,0.015399648266781134
,,1.0,,,,2008-03-20T02:07:34Z,ls7,qd9u988k56jh,,,
,,1.0,,,,2008-03-29T02:01:23Z,ls7,qd9u988k56jh,,,
0.023701298701298702,0.7958441558441559,0.03749999999999998,0.17305194805194807,0.0,0.0,2008-04-14T02:01:22Z,ls7,qd9u988k56jh,0.17434253565353922,0.8017794059924114,0.023878058354049457
0.0032098765432098768,0.844567901234568,0.49375,0.14629629629629634,0.0,0.0,2008-04-30T02:01:19Z,ls7,qd9u988k56jh,0.14716840536512668,0.8496025832091405,0.0032290114257327368
0.021555555555555557,0.6887777777777779,0.4375,0.17144444444444445,0.05555555555555555,0.05555555555555555,2008-05-16T02:01:14Z,ls7,qd9u988k56jh,0.17282706093189962,0.6943324372759856,0.021729390681003578
0.012420382165605095,0.2705095541401274,0.018750000000000044,0.09624203821656051,0.33121019108280253,0.28662420382165604,2008-06-01T02:01:06Z,ls7,qd9u988k56jh,0.09700188632611509,0.27264527546460016,0.012518443304826236
0.0028125,0.0190625,0.8,0.0090625,0.5625,0.40625,2008-06-17T02:00:57Z,ls7,qd9u988k56jh,0.009154040404040404,0.019255050505050508,0.002840909090909091
0.02275,0.3133125,0.0,0.11012499999999999,0.46875,0.08125,2008-07-03T02:00:47Z,ls7,qd9u988k56jh,0.11106597562683848,0.31598963440257744,0.02294438997058412
,,1.0,,,,2008-07-10T02:06:53Z,ls7,qd9u988k56jh,,,
,,1.0,,,,2008-07-19T02:00:35Z,ls7,qd9u988k56jh,,,
0.021617647058823533,0.08235294117647059,0.575,0.04147058823529411,0.7647058823529411,0.08823529411764706,2008-08-04T02:00:28Z,ls7,qd9u988k56jh,0.04193183845833581,0.08326889906619878,0.021858086004877188
,,1.0,,,,2008-08-11T02:06:36Z,ls7,qd9u988k56jh,,,
0.0500943396226415,0.18047169811320754,0.3375,0.09594339622641511,0.5849056603773585,0.08490566037735849,2008-08-20T02:00:22Z,ls7,qd9u988k56jh,0.0970245266664123,0.1825053289211865,0.05065882365768428
,,1.0,,,,2008-08-27T02:06:29Z,ls7,qd9u988k56jh,,,
0.019748427672955975,0.17578616352201257,0.006249999999999978,0.06685534591194969,0.6289308176100629,0.1069182389937107,2008-09-05T02:00:14Z,ls7,qd9u988k56jh,0.06730403950867421,0.17696593643155634,0.019880967455995956
0.0423076923076923,0.28615384615384615,0.35,0.12951923076923078,0.4230769230769231,0.11538461538461539,2008-10-07T01:59:55Z,ls7,qd9u988k56jh,0.13052536378171478,0.2883767502705146,0.042636347486232
0.035625000000000004,0.2993125,0.0,0.12562500000000001,0.4125,0.125,2008-10-15T01:55:20Z,ls5,qd9u988k56jh,0.1261534807979373,0.3005716515130954,0.0357748676889673
,,1.0,,,,2008-10-23T02:00:03Z,ls7,qd9u988k56jh,,,
0.0306875,0.374625,0.0,0.135,0.35,0.10625,2008-10-31T01:54:47Z,ls5,qd9u988k56jh,0.13585887796414114,0.37700838635049166,0.03088273568536727
0.02902654867256637,0.4972566371681416,0.29374999999999996,0.18530973451327432,0.21238938053097345,0.07079646017699115,2008-11-08T02:00:18Z,ls7,qd9u988k56jh,0.1866694253895687,0.5009052059522382,0.02923952795022853
,,1.0,,,,2008-11-16T01:54:32Z,ls5,qd9u988k56jh,,,
0.010187499999999999,0.756375,0.0,0.22937500000000002,0.0,0.0,2008-11-24T02:00:30Z,ls7,qd9u988k56jh,0.23031063696266083,0.7594603074992156,0.010229055538123626
0.024375,0.7821874999999999,0.0,0.18856250000000002,0.0,0.0,2008-12-02T01:55:04Z,ls5,qd9u988k56jh,0.18948624544655196,0.7860193443034793,0.024494410249968596
0.012129032258064516,0.77,0.03125,0.21096774193548384,0.0,0.0,2008-12-10T02:00:41Z,ls7,qd9u988k56jh,0.21243422334827516,0.7753524329240564,0.01221334372766842
0.0364375,0.7790625,0.0,0.18025,0.0,0.0,2008-12-18T01:55:33Z,ls5,qd9u988k56jh,0.18101933216168717,0.7823876475018829,0.036593020336429825
0.02375886524822695,0.8070212765957446,0.11875000000000002,0.16297872340425532,0.0,0.0,2008-12-26T02:00:49Z,ls7,qd9u988k56jh,0.16400228375677992,0.8120896374536112,0.02390807878960891
0.029000000000000005,0.8058125,0.0,0.15906250000000002,0.0,0.0,2009-01-03T01:55:59Z,ls5,qd9u988k56jh,0.16004276191674005,0.8107785184253553,0.02917871965790467
0.028805031446540882,0.8235849056603773,0.006249999999999978,0.14025157232704402,0.0,0.0,2009-01-11T02:00:55Z,ls7,qd9u988k56jh,0.14129126275106127,0.8296901729709181,0.02901856427802066
0.04568807339449541,0.8110091743119267,0.31875,0.1353211009174312,0.0,0.0,2009-02-12T02:01:07Z,ls7,qd9u988k56jh,0.1364098769999075,0.817534449274022,0.046055673726070466
0.03250000000000001,0.834375,0.0,0.12506250000000002,0.0,0.0,2009-02-20T01:57:14Z,ls5,qd9u988k56jh,0.12607901203452843,0.8411568269170185,0.032764161048453165
0.012112676056338027,0.8532394366197182,0.55625,0.12647887323943663,0.0,0.0,2009-02-28T02:01:16Z,ls7,qd9u988k56jh,0.1275205907412667,0.860266969610906,0.012212439647827322
0.009027777777777779,0.86375,0.55,0.12041666666666667,0.0,0.0,2009-03-16T02:01:24Z,ls7,qd9u988k56jh,0.12124178436582297,0.8696685778212838,0.009089637812893302
0.364,0.45600000000000007,0.96875,0.17,0.0,0.0,2009-03-24T01:57:59Z,ls5,qd9u988k56jh,0.1717171717171717,0.46060606060606063,0.3676767676767676
0.035038759689922476,0.8062790697674418,0.19374999999999998,0.1503875968992248,0.0,0.0,2009-04-01T02:01:30Z,ls7,qd9u988k56jh,0.15164543109513015,0.8130227468146644,0.035331822090205585
0.03472972972972973,0.7195945945945946,0.5375,0.23621621621621622,0.0,0.0,2009-04-17T02:01:35Z,ls7,qd9u988k56jh,0.2384720327421555,0.7264665757162346,0.03506139154160982
0.0171875,0.7886875,0.0,0.18712499999999999,0.0,0.0,2009-04-25T01:58:37Z,ls5,qd9u988k56jh,0.1884441087613293,0.7942472306143001,0.017308660624370597
0.033097345132743365,0.7907079646017698,0.29374999999999996,0.16876106194690266,0.0,0.0,2009-05-03T02:01:39Z,ls7,qd9u988k56jh,0.17002496433666192,0.796629814550642,0.03334522111269615
0.021312499999999998,0.7997500000000001,0.0,0.17193750000000002,0.0,0.0,2009-05-11T01:58:55Z,ls5,qd9u988k56jh,0.17314954682779457,0.805387713997986,0.021462739174219536
0.028235294117647056,0.8021008403361345,0.25625,0.16193277310924373,0.0,0.0,2009-05-19T02:01:41Z,ls7,qd9u988k56jh,0.16319444444444448,0.8083502710027101,0.028455284552845527
,,1.0,,,,2009-06-04T02:01:41Z,ls7,qd9u988k56jh,,,
,,1.0,,,,2009-06-20T02:01:39Z,ls7,qd9u988k56jh,,,
0.42,0.3,0.99375,0.27,0.0,0.0,2009-06-28T01:59:47Z,ls5,qd9u988k56jh,0.27272727272727276,0.30303030303030304,0.42424242424242425
0.048625,0.136,0.0,0.0818125,0.60625,0.125,2009-07-14T02:00:04Z,ls5,qd9u988k56jh,0.08252257799671595,0.1371803893971382,0.049047032606145916
0.025,0.15420454545454546,0.44999999999999996,0.08056818181818182,0.5909090909090909,0.14772727272727273,2009-07-22T02:01:32Z,ls7,qd9u988k56jh,0.08106160025451363,0.15514893024735546,0.025153105861767278
,,1.0,,,,2009-07-29T02:07:40Z,ls7,qd9u988k56jh,,,
0.024594594594594597,0.18905405405405407,0.5375,0.06716216216216217,0.6081081081081081,0.10810810810810811,2009-08-07T02:01:26Z,ls7,qd9u988k56jh,0.06787321488957676,0.19105558879379858,0.024854980100408392
0.1618181818181818,0.13,0.93125,0.16000000000000003,0.18181818181818182,0.36363636363636365,2009-08-15T02:00:33Z,ls5,qd9u988k56jh,0.16096579476861167,0.13078470824949695,0.16279495152734585
0.3822972972972973,0.054189189189189184,0.5375,0.12824324324324327,0.10810810810810811,0.32432432432432434,2009-08-23T02:01:25Z,ls7,qd9u988k56jh,0.12888768165150075,0.05446149667255193,0.38421838924351476
0.045750000000000006,0.12150000000000001,0.0,0.0745,0.65625,0.1,2009-08-31T02:00:47Z,ls5,qd9u988k56jh,0.07511633919338158,0.12250517063081695,0.046128490175801444
0.026293706293706292,0.16237762237762238,0.10624999999999996,0.06825174825174825,0.6293706293706294,0.11188811188811189,2009-09-08T02:01:24Z,ls7,qd9u988k56jh,0.06873474919201648,0.16352672912280972,0.026479780426432575
,,1.0,,,,2009-09-16T02:01:00Z,ls5,qd9u988k56jh,,,
,,1.0,,,,2009-09-24T02:01:23Z,ls7,qd9u988k56jh,,,
0.026374999999999992,0.31431250000000005,0.0,0.11887500000000002,0.4375,0.1,2009-10-02T02:01:12Z,ls5,qd9u988k56jh,0.11963484292125663,0.31632156942744466,0.02654358765129878
0.02396551724137931,0.41801724137931034,0.275,0.14922413793103448,0.2413793103448276,0.16379310344827586,2009-10-10T02:01:17Z,ls7,qd9u988k56jh,0.15013802154041092,0.4205772769783088,0.024112287688176914
0.023703703703703703,0.5178703703703703,0.32499999999999996,0.1948148148148148,0.1111111111111111,0.14814814814814814,2009-10-18T02:01:22Z,ls5,qd9u988k56jh,0.19596611574481562,0.5209308390497879,0.02384378594613726
,,1.0,,,,2009-11-03T02:01:30Z,ls5,qd9u988k56jh,,,
,,1.0,,,,2009-11-10T02:07:44Z,ls5,qd9u988k56jh,,,
0.012125000000000002,0.8139375000000001,0.0,0.167625,0.0,0.0,2009-11-11T02:01:48Z,ls7,qd9u988k56jh,0.16868985470784323,0.8191081200075476,0.012202025284609095
,,1.0,,,,2009-11-19T02:01:37Z,ls5,qd9u988k56jh,,,
0.03610062893081761,0.7974213836477987,0.006249999999999978,0.16144654088050314,0.0,0.0,2009-11-27T02:01:59Z,ls7,qd9u988k56jh,0.1622629582806574,0.8014538558786346,0.03628318584070797
,,1.0,,,,2009-12-04T02:08:15Z,ls7,qd9u988k56jh,,,
0.026375,0.8221875000000001,0.0,0.144375,0.0,0.0,2009-12-05T02:01:46Z,ls5,qd9u988k56jh,0.1454019009252848,0.8280355007238622,0.026562598350852895
0.036,0.826258064516129,0.03125,0.13187096774193546,0.0,0.0,2009-12-13T02:02:11Z,ls7,qd9u988k56jh,0.13264975014601854,0.8311376468297749,0.03621260302420663
0.0841860465116279,0.7423255813953489,0.73125,0.16372093023255815,0.0,0.0,2009-12-29T02:02:29Z,ls7,qd9u988k56jh,0.16533583842179428,0.7496477219351808,0.08501643964302488
0.07416666666666667,0.7555,0.625,0.16083333333333333,0.0,0.0,2010-01-14T02:02:44Z,ls7,qd9u988k56jh,0.1623759044253744,0.7627460878344271,0.07487800774019857
0.05531250000000001,0.8253125000000001,0.0,0.11087500000000002,0.0,0.0,2010-01-22T02:02:03Z,ls5,qd9u988k56jh,0.11182551689359556,0.8323877962682804,0.05578668683812405
,,1.0,,,,2010-01-30T02:02:58Z,ls7,qd9u988k56jh,,,
0.02943089430894309,0.8662601626016261,0.23124999999999996,0.09495934959349593,0.0,0.0,2010-02-15T02:03:09Z,ls7,qd9u988k56jh,0.09585556011489535,0.87443578169881,0.02970865818629462
0.05643750000000001,0.8317499999999999,0.0,0.10262500000000001,0.0,0.0,2010-02-23T02:02:10Z,ls5,qd9u988k56jh,0.10357661010534286,0.839462562291049,0.05696082760360817
0.030503144654088047,0.8658490566037736,0.006249999999999978,0.09459119496855345,0.0,0.0,2010-03-03T02:03:17Z,ls7,qd9u988k56jh,0.09545569941609543,0.8737623762376237,0.030781924346280774
0.13883116883116883,0.721038961038961,0.51875,0.13233766233766234,0.0,0.0,2010-03-19T02:03:23Z,ls7,qd9u988k56jh,0.13337696335078533,0.7267015706806282,0.1399214659685864
,,1.0,,,,2010-04-04T02:03:27Z,ls7,qd9u988k56jh,,,
0.002782608695652174,0.06826086956521739,0.28125,0.024173913043478264,0.17391304347826086,0.7304347826086957,2010-04-20T02:03:27Z,ls7,qd9u988k56jh,0.024284296208060357,0.0685725630335517,0.0027953146714314076
,,1.0,,,,2010-04-28T02:02:03Z,ls5,qd9u988k56jh,,,
0.05892857142857143,0.7101190476190476,0.475,0.22285714285714284,0.0,0.0,2010-05-06T02:03:24Z,ls7,qd9u988k56jh,0.22467594815170425,0.7159145463274124,0.05940950552088334
0.0226875,0.2058125,0.0,0.06937499999999999,0.39375,0.30625,2010-05-14T02:02:01Z,ls5,qd9u988k56jh,0.0698699118757868,0.2072807385648342,0.02284934955937893
,,1.0,,,,2010-05-29T02:09:33Z,ls7,qd9u988k56jh,,,
,,1.0,,,,2010-06-30T02:09:36Z,ls7,qd9u988k56jh,,,
0.039078947368421046,0.2443421052631579,0.525,0.10736842105263159,0.5526315789473685,0.05263157894736842,2010-07-25T02:03:28Z,ls7,qd9u988k56jh,0.1084529505582137,0.24681020733652312,0.03947368421052631
,,1.0,,,,2010-08-01T02:09:38Z,ls7,qd9u988k56jh,,,
0.03415492957746479,0.3045774647887324,0.11250000000000004,0.10140845070422534,0.4647887323943662,0.09154929577464789,2010-08-10T02:03:26Z,ls7,qd9u988k56jh,0.10221971830985914,0.30701408450704226,0.03442816901408451
0.04926605504587156,0.2758715596330275,0.31875,0.10238532110091743,0.43119266055045874,0.13761467889908258,2010-08-26T02:03:30Z,ls7,qd9u988k56jh,0.10326416505886521,0.2782395558530535,0.04968893963853998
,,1.0,,,,2010-09-02T02:09:42Z,ls7,qd9u988k56jh,,,
0.03523364485981308,0.43943925233644854,0.33125000000000004,0.12878504672897195,0.3364485981308411,0.056074766355140186,2010-09-11T02:03:32Z,ls7,qd9u988k56jh,0.12964268293918504,0.4423656713933585,0.03546828118147515
0.03846846846846847,0.6392792792792793,0.30625,0.19063063063063063,0.05405405405405406,0.07207207207207207,2010-09-27T02:03:31Z,ls7,qd9u988k56jh,0.1918370284383356,0.6433249309066302,0.038711914528907994
0.0842,0.6562,0.6875,0.2502,0.0,0.0,2010-10-13T02:03:36Z,ls7,qd9u988k56jh,0.2525741974560872,0.6624268120331113,0.08499899051080154
0.023014705882352944,0.776985294117647,0.15000000000000002,0.19389705882352942,0.0,0.0,2010-10-29T02:03:45Z,ls7,qd9u988k56jh,0.1950876673818155,0.7817563068728267,0.0231560257453577
0.009401709401709403,0.8185470085470085,0.26875000000000004,0.167008547008547,0.0,0.0,2010-11-14T02:03:57Z,ls7,qd9u988k56jh,0.16785499527532,0.8226956447040632,0.009449360020616788
0.024636363636363637,0.8180909090909092,0.3125,0.15,0.0,0.0,2010-11-30T02:04:08Z,ls7,qd9u988k56jh,0.15109890109890106,0.824084249084249,0.024816849816849812
,,1.0,,,,2010-12-07T02:10:23Z,ls7,qd9u988k56jh,,,
,,1.0,,,,2010-12-08T02:01:02Z,ls5,qd9u988k56jh,,,
,,1.0,,,,2010-12-23T02:10:30Z,ls7,qd9u988k56jh,,,
0.001923076923076923,0.8293589743589743,0.025000000000000022,0.1655128205128205,0.0,0.0,2010-12-24T02:01:07Z,ls5,qd9u988k56jh,0.16604501607717043,0.8320257234726688,0.0019292604501607716
0.0165625,0.8414375,0.0,0.1363125,0.0,0.0,2011-01-01T02:04:25Z,ls7,qd9u988k56jh,0.1370922119554969,0.8462505500031429,0.01665723804136024
0.0076875,0.8186875,0.0,0.16893750000000002,0.0,0.0,2011-01-09T02:01:10Z,ls5,qd9u988k56jh,0.16973312401883833,0.8225431711145997,0.00772370486656201
0.0125,0.8455625,0.0,0.134875,0.0,0.0,2011-01-25T02:01:10Z,ls5,qd9u988k56jh,0.1358343299553094,0.8515767608736704,0.012588909171020332
0.017721518987341773,0.6888607594936709,0.50625,0.14835443037974685,0.10126582278481013,0.0379746835443038,2011-02-02T02:04:38Z,ls7,qd9u988k56jh,0.14936483958872945,0.6935524377490321,0.017842216333124675
0.010437499999999999,0.8380624999999998,0.0,0.1461875,0.0,0.0,2011-02-10T02:01:13Z,ls5,qd9u988k56jh,0.14696826892868364,0.8425384857053094,0.010493245366006912
0.024347826086956525,0.8518840579710145,0.56875,0.11608695652173916,0.0,0.0,2011-02-18T02:04:42Z,ls7,qd9u988k56jh,0.11698554111289618,0.8584781656199796,0.02453629326712429
0.014966442953020135,0.8415436241610739,0.06874999999999998,0.13778523489932887,0.0,0.0,2011-02-26T02:01:12Z,ls5,qd9u988k56jh,0.13857576780290246,0.8463719203509955,0.015052311846101922
0.012736842105263158,0.8294736842105265,0.40625,0.1493684210526316,0.0,0.0,2011-03-06T02:04:47Z,ls7,qd9u988k56jh,0.15063694267515923,0.8365180467091295,0.01284501061571125
0.043625000000000004,0.8255625,0.0,0.122875,0.0,0.0,2011-03-22T02:04:47Z,ls7,qd9u988k56jh,0.12385812385812386,0.8321678321678322,0.04397404397404398
0.05625,0.8196249999999999,0.0,0.11618750000000003,0.0,0.0,2011-03-30T02:01:03Z,ls5,qd9u988k56jh,0.11711711711711716,0.8261828261828261,0.056700056700056706
0.036916666666666674,0.7877500000000001,0.25,0.16175,0.0,0.008333333333333333,2011-04-07T02:04:52Z,ls7,qd9u988k56jh,0.16261088113542282,0.791942637492608,0.03711314803863592
,,1.0,,,,2011-04-14T02:11:02Z,ls7,qd9u988k56jh,,,
0.0185,0.8135,0.0,0.150125,0.00625,0.00625,2011-04-15T02:00:58Z,ls5,qd9u988k56jh,0.15094660812014765,0.8179521445844471,0.01860124729540537
0.11235294117647059,0.4358823529411765,0.89375,0.09352941176470589,0.0,0.35294117647058826,2011-04-23T02:04:50Z,ls7,qd9u988k56jh,0.09430096511565214,0.43947808270879385,0.11327977570496575
,,1.0,,,,2011-04-30T02:11:02Z,ls7,qd9u988k56jh,,,
0.016999999999999998,0.8166249999999999,0.0,0.161375,0.0,0.0,2011-05-01T02:00:52Z,ls5,qd9u988k56jh,0.1621859296482412,0.8207286432160803,0.01708542713567839
0.031642857142857146,0.7937857142857142,0.125,0.1677857142857143,0.0,0.0,2011-05-09T02:04:50Z,ls7,qd9u988k56jh,0.16893203883495145,0.7992089176555195,0.03185904350952895
,,1.0,,,,2011-05-25T02:04:49Z,ls7,qd9u988k56jh,,,
0.03266666666666667,0.34644444444444444,0.4375,0.09444444444444444,0.4111111111111111,0.1111111111111111,2011-06-10T02:04:50Z,ls7,qd9u988k56jh,0.09528651128838835,0.3495333437614057,0.032957922727983736
0.005189873417721519,0.39936708860759496,0.50625,0.07430379746835443,0.4050632911392405,0.11392405063291139,2011-06-26T02:04:46Z,ls7,qd9u988k56jh,0.0746377029816936,0.40116175963755246,0.005213195608602108
0.036375000000000005,0.132,0.0,0.060250000000000005,0.65625,0.1125,2011-07-12T02:04:46Z,ls7,qd9u988k56jh,0.06094177145981411,0.13351558228540186,0.03679264625478404
,,1.0,,,,2011-07-19T02:10:56Z,ls7,qd9u988k56jh,,,
0.03277419354838709,0.0943225806451613,0.03125,0.05180645161290323,0.7161290322580646,0.1032258064516129,2011-07-28T02:04:43Z,ls7,qd9u988k56jh,0.052310877935856114,0.09524097576864463,0.033093307585821796
,,1.0,,,,2011-08-04T02:10:52Z,ls7,qd9u988k56jh,,,
0.04525,0.0910625,0.0,0.05493750000000001,0.71875,0.0875,2011-08-05T02:00:09Z,ls5,qd9u988k56jh,0.05565563725490196,0.09225285947712418,0.04584150326797385
0.04065420560747663,0.14869158878504674,0.33125000000000004,0.07,0.6448598130841121,0.09345794392523364,2011-08-13T02:04:39Z,ls7,qd9u988k56jh,0.07063063063063064,0.1500311526479751,0.0410204597120485
,,1.0,,,,2011-08-20T02:10:49Z,ls7,qd9u988k56jh,,,
0.02130952380952381,0.06833333333333333,0.475,0.016785714285714286,0.8452380952380952,0.047619047619047616,2011-08-29T02:04:37Z,ls7,qd9u988k56jh,0.01689837008628955,0.06879194630872483,0.021452540747842763
0.052500000000000005,0.1211875,0.0,0.0679375,0.6875,0.06875,2011-09-06T01:59:52Z,ls5,qd9u988k56jh,0.06853498448008277,0.12225329798241079,0.052961717537506475
0.0331896551724138,0.17017241379310344,0.275,0.0781896551724138,0.646551724137931,0.06896551724137931,2011-09-14T02:04:31Z,ls7,qd9u988k56jh,0.07900363198682349,0.1719439575986654,0.03353516903520071
,,1.0,,,,2011-09-21T02:10:41Z,ls7,qd9u988k56jh,,,
,,1.0,,,,2011-09-30T02:04:29Z,ls7,qd9u988k56jh,,,
,,1.0,,,,2011-10-08T01:59:19Z,ls5,qd9u988k56jh,,,
0.023375,0.27349999999999997,0.0,0.10037500000000002,0.475,0.125,2011-10-16T02:04:31Z,ls7,qd9u988k56jh,0.10106985525487733,0.27539332913782255,0.023536815607300195
,,1.0,,,,2011-10-23T02:10:46Z,ls7,qd9u988k56jh,,,
0.02576,0.32639999999999997,0.21875,0.1324,0.392,0.12,2011-11-01T02:04:36Z,ls7,qd9u988k56jh,0.13333993726267127,0.328717186726102,0.025942876011226683
,,1.0,,,,2011-11-17T02:04:50Z,ls7,qd9u988k56jh,,,
0.01769230769230769,0.8458653846153846,0.35,0.1301923076923077,0.0,0.0,2011-12-03T02:04:59Z,ls7,qd9u988k56jh,0.13101112723754232,0.8511852926947266,0.01780358006773101
0.019473684210526317,0.7902631578947368,0.7625,0.1805263157894737,0.0,0.0,2011-12-19T02:05:06Z,ls7,qd9u988k56jh,0.1823013553016211,0.7980334839224024,0.019665160775976617
0.0115625,0.81775,0.0,0.165375,0.0,0.0,2012-01-04T02:05:15Z,ls7,qd9u988k56jh,0.166258246936852,0.8221174992145773,0.011624253848570531
0.011125000000000001,0.853875,0.0,0.128,0.0,0.0,2012-01-20T02:05:15Z,ls7,qd9u988k56jh,0.12890231621349446,0.8598942598187311,0.01120342396777442
0.020869565217391303,0.782608695652174,0.13749999999999996,0.19057971014492753,0.0,0.0,2012-02-05T02:05:19Z,ls7,qd9u988k56jh,0.19171890946202072,0.7872867764980319,0.020994314039947514
0.026937499999999996,0.827125,0.0,0.140375,0.0,0.0,2012-02-21T02:05:23Z,ls7,qd9u988k56jh,0.14116020363270693,0.8317516183772233,0.02708817799006976
0.041102941176470585,0.8096323529411764,0.15000000000000002,0.14066176470588238,0.0,0.0,2012-03-08T02:05:19Z,ls7,qd9u988k56jh,0.14188237039234594,0.8166580137951495,0.04145961581250464
,,1.0,,,,2012-03-15T02:11:32Z,ls7,qd9u988k56jh,,,
0.18861111111111112,0.6369444444444444,0.775,0.16722222222222222,0.0,0.0,2012-03-24T02:05:22Z,ls7,qd9u988k56jh,0.1684387241186346,0.6415780637940682,0.18998321208729715
,,1.0,,,,2012-03-31T02:11:32Z,ls7,qd9u988k56jh,,,
0.01073825503355705,0.8024161073825503,0.06874999999999998,0.18067114093959732,0.0,0.0,2012-04-09T02:05:17Z,ls7,qd9u988k56jh,0.18179362506753108,0.8074014046461372,0.010804970286331716
,,1.0,,,,2012-04-25T02:05:32Z,ls7,qd9u988k56jh,,,
0.01864,0.60248,0.21875,0.18056,0.104,0.088,2012-05-11T02:05:55Z,ls7,qd9u988k56jh,0.18198343478694742,0.6072296178026146,0.018786947410438085
0.03494117647058824,0.7975294117647058,0.46875,0.16105882352941178,0.0,0.0,2012-05-27T02:05:47Z,ls7,qd9u988k56jh,0.16210775606867972,0.8027235050325636,0.035168738898756664
,,1.0,,,,2012-06-12T02:05:37Z,ls7,qd9u988k56jh,,,
,,1.0,,,,2012-06-28T02:05:45Z,ls7,qd9u988k56jh,,,
0.044375,0.11429687499999999,0.19999999999999996,0.058046875000000005,0.65625,0.125,2012-07-14T02:06:00Z,ls7,qd9u988k56jh,0.058590933669790915,0.1153681506849315,0.044790915645277575
0.04349397590361446,0.21518072289156626,0.48124999999999996,0.09927710843373497,0.5421686746987951,0.0963855421686747,2012-07-30T02:06:10Z,ls7,qd9u988k56jh,0.1002461545948182,0.21728110692517627,0.043918521612535635
0.034322033898305085,0.09957627118644068,0.26249999999999996,0.06703389830508474,0.7033898305084746,0.09322033898305085,2012-08-15T02:06:22Z,ls7,qd9u988k56jh,0.06785379836870661,0.10079420111659959,0.03474183102316837
0.06876543209876544,0.19345679012345682,0.49375,0.11753086419753087,0.5925925925925926,0.024691358024691357,2012-08-31T02:06:32Z,ls7,qd9u988k56jh,0.11844788004302526,0.19496620591115607,0.06930196342853474
,,1.0,,,,2012-09-07T02:12:48Z,ls7,qd9u988k56jh,,,
0.024893617021276595,0.16907801418439716,0.11875000000000002,0.06617021276595746,0.6099290780141844,0.1276595744680851,2012-09-16T02:06:41Z,ls7,qd9u988k56jh,0.0667474883407968,0.1705530677432578,0.02511079143367596
,,1.0,,,,2012-09-23T02:12:56Z,ls7,qd9u988k56jh,,,
0.0332,0.1416,0.84375,0.102,0.44,0.28,2012-10-02T02:06:51Z,ls7,qd9u988k56jh,0.10317919075144509,0.1432369942196532,0.03358381502890174
,,1.0,,,,2012-10-09T02:13:03Z,ls7,qd9u988k56jh,,,
0.02838383838383839,0.6874747474747475,0.38125,0.19646464646464645,0.030303030303030304,0.050505050505050504,2012-10-18T02:07:00Z,ls7,qd9u988k56jh,0.19794378684989844,0.6926505980978965,0.028597534244124152
0.022236842105263156,0.8077631578947366,0.525,0.16236842105263158,0.0,0.0,2012-11-19T02:07:13Z,ls7,qd9u988k56jh,0.1636170776982233,0.8139750729249535,0.022407849376823125
,,1.0,,,,2012-11-26T02:13:25Z,ls7,qd9u988k56jh,,,
0.035875000000000004,0.7958749999999999,0.0,0.16131250000000003,0.0,0.0,2012-12-21T02:07:22Z,ls7,qd9u988k56jh,0.162439423500535,0.8014349550003147,0.036125621499150364
0.016413793103448274,0.8156551724137929,0.09375,0.16186206896551725,0.0,0.0,2013-01-22T02:07:25Z,ls7,qd9u988k56jh,0.16285040244240914,0.8206355814598945,0.016514016097696364
,,1.0,,,,2013-01-29T02:13:37Z,ls7,qd9u988k56jh,,,
0.0625625,0.77925,0.0,0.149125,0.0,0.0,2013-02-07T02:07:27Z,ls7,qd9u988k56jh,0.15048880479344057,0.7863765373699149,0.06313465783664458
,,1.0,,,,2013-02-14T02:13:37Z,ls7,qd9u988k56jh,,,
0.06905263157894738,0.7642105263157895,0.40625,0.1565263157894737,0.0,0.0,2013-02-23T02:07:24Z,ls7,qd9u988k56jh,0.15814101882377968,0.7720940125491864,0.06976496862703394
,,1.0,,,,2013-03-02T02:13:34Z,ls7,qd9u988k56jh,,,
0.0,0.8035714285714286,0.65,0.19035714285714286,0.0,0.0,2013-03-11T02:07:23Z,ls7,qd9u988k56jh,0.1915199425080848,0.8084800574919152,0.0
,,1.0,,,,2013-03-18T02:13:32Z,ls7,qd9u988k56jh,,,
0.00625,0.38666666666666666,0.55,0.08986111111111111,0.3888888888888889,0.125,2013-03-27T02:07:16Z,ls7,qd9u988k56jh,0.09048155606699912,0.3893364019946299,0.006293153049482165
,,1.0,,,,2013-04-03T02:13:28Z,ls7,qd9u988k56jh,,,
0.046491228070175444,0.6617543859649122,0.2875,0.19491228070175437,0.07017543859649122,0.017543859649122806,2013-04-06T02:17:40Z,ls8,qd9u988k56jh,0.19688109161793368,0.6684387737019315,0.046960836434520654
0.05953333333333334,0.7140666666666666,0.0625,0.21446666666666667,0.0,0.0,2013-04-20T02:13:02Z,ls8,qd9u988k56jh,0.21705687875312057,0.7226907766007692,0.060252344646110255
0.026403508771929828,0.8166666666666668,0.2875,0.15078947368421053,0.0,0.0,2013-04-28T02:07:09Z,ls7,qd9u988k56jh,0.15172109443954104,0.8217122683142101,0.026566637246248897
,,1.0,,,,2013-05-05T02:13:19Z,ls7,qd9u988k56jh,,,
,,1.0,,,,2013-05-06T02:13:04Z,ls8,qd9u988k56jh,,,
,,1.0,,,,2013-05-14T02:07:07Z,ls7,qd9u988k56jh,,,
,,1.0,,,,2013-05-21T02:13:16Z,ls7,qd9u988k56jh,,,
0.0325625,0.20787499999999998,0.0,0.093375,0.525,0.1375,2013-05-22T02:13:16Z,ls8,qd9u988k56jh,0.09440647818760532,0.21017131623291516,0.0329222055794795
0.0313125,0.16593750000000002,0.0,0.080875,0.59375,0.125,2013-06-07T02:13:16Z,ls8,qd9u988k56jh,0.08178370786516855,0.16780196629213484,0.03166432584269663
0.01978723404255319,0.08021276595744681,0.70625,0.047446808510638296,0.8085106382978723,0.0425531914893617,2013-06-15T02:06:54Z,ls7,qd9u988k56jh,0.04792606920266496,0.08102299591661297,0.01998710509348808
,,1.0,,,,2013-06-22T02:13:02Z,ls7,qd9u988k56jh,,,
,,1.0,,,,2013-06-23T02:13:09Z,ls8,qd9u988k56jh,,,
0.008064516129032258,0.19720430107526885,0.41874999999999996,0.05161290322580645,0.5913978494623656,0.15053763440860216,2013-07-01T02:06:46Z,ls7,qd9u988k56jh,0.051850551587248,0.19811231585627675,0.008101648685507501
,,1.0,,,,2013-07-08T02:12:51Z,ls7,qd9u988k56jh,,,
,,1.0,,,,2013-07-09T02:13:14Z,ls8,qd9u988k56jh,,,
0.03883333333333334,0.1545,0.625,0.10416666666666667,0.5,0.2,2013-07-17T02:06:37Z,ls7,qd9u988k56jh,0.10504201680672269,0.1557983193277311,0.03915966386554622
0.035625000000000004,0.134375,0.0,0.077125,0.625,0.125,2013-07-25T02:13:13Z,ls8,qd9u988k56jh,0.07802225594334851,0.13593829033889732,0.03603945371775418
0.02672268907563025,0.1034453781512605,0.25625,0.061092436974789915,0.6890756302521008,0.11764705882352941,2013-08-02T02:06:29Z,ls7,qd9u988k56jh,0.061736645449040777,0.10453619057464814,0.027004474900680833
0.013937500000000002,0.08449999999999999,0.0,0.0561875,0.7,0.14375,2013-08-10T02:13:15Z,ls8,qd9u988k56jh,0.056777991107518216,0.08538803556992727,0.014083973322554576
,,1.0,,,,2013-08-18T02:06:33Z,ls7,qd9u988k56jh,,,
0.035875000000000004,0.11625,0.0,0.076625,0.6625,0.10625,2013-08-26T02:13:17Z,ls8,qd9u988k56jh,0.07746243169398906,0.1175204918032787,0.03626707650273224
0.16596491228070176,0.03631578947368422,0.64375,0.05947368421052632,0.2631578947368421,0.47368421052631576,2013-09-11T02:13:15Z,ls8,qd9u988k56jh,0.05979257795964444,0.036510512205446606,0.16685480457175114
0.049449541284403674,0.16055045871559634,0.31875,0.09935779816513761,0.5688073394495413,0.11926605504587157,2013-09-19T02:06:55Z,ls7,qd9u988k56jh,0.10018283326259426,0.1618836179220129,0.049860154319979984
0.042125,0.13368750000000001,0.0,0.08987500000000001,0.6625,0.06875,2013-09-27T02:13:06Z,ls8,qd9u988k56jh,0.09091096212655848,0.1352284756527876,0.042610562220653965
0.17,0.175,0.9875,0.155,0.0,0.5,2013-10-05T02:07:07Z,ls7,qd9u988k56jh,0.155,0.175,0.17
0.031075949367088608,0.1827215189873418,0.012499999999999956,0.10537974683544306,0.5379746835443038,0.13924050632911392,2013-10-13T02:13:07Z,ls8,qd9u988k56jh,0.10657083261169137,0.18478678303300478,0.031427194481886155
0.027437500000000004,0.21081249999999999,0.0,0.10306250000000002,0.53125,0.125,2013-10-21T02:07:17Z,ls7,qd9u988k56jh,0.10379852591100532,0.21231802783373005,0.027633446255264607
0.03425,0.35625,0.0,0.14225000000000002,0.35625,0.10625,2013-10-29T02:12:57Z,ls8,qd9u988k56jh,0.14351830126701084,0.3594263256687002,0.034555373064289074
0.01989130434782609,0.5985869565217391,0.42500000000000004,0.17010869565217393,0.10869565217391304,0.09782608695652174,2013-11-06T02:07:22Z,ls7,qd9u988k56jh,0.17116381506007855,0.6022997632816948,0.020014682527791934
,,1.0,,,,2013-11-13T02:13:36Z,ls7,qd9u988k56jh,,,
0.041,0.754,0.0,0.19493749999999999,0.0,0.0,2013-11-14T02:12:57Z,ls8,qd9u988k56jh,0.19691899741145272,0.761664246480207,0.041416756108340176
0.21200000000000002,0.46799999999999997,0.96875,0.30800000000000005,0.0,0.0,2013-11-22T02:07:27Z,ls7,qd9u988k56jh,0.31174089068825916,0.47368421052631576,0.21457489878542513
,,1.0,,,,2013-11-30T02:12:52Z,ls8,qd9u988k56jh,,,
0.11666666666666665,0.5499999999999999,0.98125,0.31666666666666665,0.0,0.0,2013-12-08T02:07:35Z,ls7,qd9u988k56jh,0.3220338983050847,0.559322033898305,0.11864406779661016
,,1.0,,,,2013-12-15T02:13:45Z,ls7,qd9u988k56jh,,,
,,1.0,,,,2013-12-16T02:12:46Z,ls8,qd9u988k56jh,,,
0.007846153846153846,0.8581538461538462,0.59375,0.126,0.0,0.0,2013-12-24T02:07:37Z,ls7,qd9u988k56jh,0.12701612903225806,0.8650744416873449,0.007909429280397022
0.019921259842519683,0.8396850393700787,0.20625000000000004,0.13118110236220473,0.0,0.0,2014-01-09T02:07:40Z,ls7,qd9u988k56jh,0.13240085830088216,0.847492648811889,0.0201064928872288
0.04756250000000001,0.8113125,0.0,0.128125,0.0,0.0,2014-01-17T02:12:23Z,ls8,qd9u988k56jh,0.12981256332320162,0.8219984802431611,0.0481889564336373
0.010187500000000002,0.8717500000000001,0.0,0.10674999999999998,0.0,0.0,2014-01-25T02:08:00Z,ls7,qd9u988k56jh,0.10797142676528222,0.8817245085024338,0.010304064732283963
0.0448125,0.8158750000000001,0.0,0.12581250000000002,0.0,0.0,2014-02-02T02:12:17Z,ls8,qd9u988k56jh,0.12753421186011152,0.8270400405473898,0.045425747592498726
0.0661111111111111,0.6677777777777778,0.8875,0.255,0.0,0.0,2014-02-10T02:08:05Z,ls7,qd9u988k56jh,0.25786516853932584,0.6752808988764045,0.06685393258426965
0.042125,0.8329374999999999,0.0,0.110625,0.0,0.0,2014-02-18T02:12:04Z,ls8,qd9u988k56jh,0.11223131063344115,0.8450320207976666,0.04273666856889228
0.010135135135135136,0.8646621621621622,0.07499999999999996,0.11554054054054055,0.0,0.0,2014-02-26T02:07:57Z,ls7,qd9u988k56jh,0.11666780377976395,0.8730981783448183,0.01023401787541789
,,1.0,,,,2014-03-05T02:14:12Z,ls7,qd9u988k56jh,,,
0.0415625,0.811375,0.0,0.13337500000000002,0.0,0.0,2014-03-06T02:11:48Z,ls8,qd9u988k56jh,0.13522590456878528,0.8226348140168558,0.04213928141435905
,,1.0,,,,2014-03-14T02:08:05Z,ls7,qd9u988k56jh,,,
,,1.0,,,,2014-03-21T02:14:20Z,ls7,qd9u988k56jh,,,
0.0459375,0.7877500000000001,0.0,0.15712500000000001,0.0,0.0,2014-03-22T02:11:38Z,ls8,qd9u988k56jh,0.15858197186652367,0.7950545638049581,0.046363464328518254
0.029935897435897436,0.7392307692307691,0.025000000000000022,0.22044871794871795,0.0,0.0,2014-04-07T02:11:23Z,ls8,qd9u988k56jh,0.22276201580515612,0.7469879518072289,0.030250032387614978
,,1.0,,,,2014-04-14T02:17:25Z,ls8,qd9u988k56jh,,,
0.03585714285714286,0.7407142857142857,0.5625,0.21457142857142855,0.0,0.0,2014-04-15T02:08:18Z,ls7,qd9u988k56jh,0.21648890170077834,0.7473335255116749,0.03617757278754685
,,1.0,,,,2014-04-22T02:14:35Z,ls7,qd9u988k56jh,,,
,,1.0,,,,2014-04-23T02:11:07Z,ls8,qd9u988k56jh,,,
0.021743119266055048,0.5258715596330276,0.31875,0.1806422018348624,0.1651376146788991,0.10091743119266056,2014-05-01T02:08:27Z,ls7,qd9u988k56jh,0.18205311346421002,0.529978896077629,0.021912944586601202
0.023375,0.2816875,0.0,0.11587499999999999,0.40625,0.16875,2014-05-09T02:10:51Z,ls8,qd9u988k56jh,0.11699331848552338,0.2844060876020787,0.02360059391239792
0.023562499999999997,0.2780625,0.0,0.10112499999999999,0.4625,0.13125,2014-05-17T02:08:34Z,ls7,qd9u988k56jh,0.10200380198634387,0.2804789338919925,0.02376726412166356
,,1.0,,,,2014-05-25T02:10:45Z,ls8,qd9u988k56jh,,,
0.028875,0.21925,0.0,0.09256249999999999,0.53125,0.125,2014-06-02T02:08:38Z,ls7,qd9u988k56jh,0.09339456063107687,0.2212208769033205,0.029134562465602646
,,1.0,,,,2014-06-10T02:10:55Z,ls8,qd9u988k56jh,,,
,,1.0,,,,2014-06-18T02:08:38Z,ls7,qd9u988k56jh,,,
,,1.0,,,,2014-06-25T02:14:52Z,ls7,qd9u988k56jh,,,
0.0,0.0,0.98125,0.0,0.3333333333333333,0.6666666666666666,2014-06-26T02:10:57Z,ls8,qd9u988k56jh,0.0,0.0,0.0
,,1.0,,,,2014-07-04T02:08:45Z,ls7,qd9u988k56jh,,,
,,1.0,,,,2014-07-11T02:14:57Z,ls7,qd9u988k56jh,,,
0.0439375,0.1461875,0.0,0.09362499999999999,0.6,0.1125,2014-07-12T02:11:06Z,ls8,qd9u988k56jh,0.09486233480176212,0.1481194933920705,0.044518171806167406
0.0016101694915254237,0.006355932203389831,0.26249999999999996,0.008813559322033898,0.8559322033898306,0.1271186440677966,2014-07-20T02:08:47Z,ls7,qd9u988k56jh,0.008902585173771592,0.00642013353877759,0.001626433829823656
0.11681818181818183,0.08386363636363638,0.44999999999999996,0.08079545454545455,0.48863636363636365,0.22727272727272727,2014-07-28T02:11:09Z,ls8,qd9u988k56jh,0.08154567475318382,0.08464234594634272,0.11790288839138255
0.047625,0.126875,0.0,0.0851875,0.65,0.0875,2014-08-05T02:08:53Z,ls7,qd9u988k56jh,0.0861101083032491,0.12824909747292418,0.048140794223826715
,,1.0,,,,2014-08-13T02:11:18Z,ls8,qd9u988k56jh,,,
0.014315068493150684,0.053767123287671234,0.08750000000000002,0.04034246575342466,0.773972602739726,0.11643835616438356,2014-08-21T02:08:52Z,ls7,qd9u988k56jh,0.040775707647175904,0.054344533961006934,0.014468799487707578
,,1.0,,,,2014-08-28T02:15:02Z,ls7,qd9u988k56jh,,,
0.0,0.0,0.9875,0.0,0.5,0.5,2014-08-29T02:11:19Z,ls8,qd9u988k56jh,0.0,0.0,0.0
0.03775,0.1581875,0.0,0.094125,0.5625,0.14375,2014-09-14T02:11:23Z,ls8,qd9u988k56jh,0.09532159017453136,0.16019850247791426,0.0382299073475544
0.013710691823899373,0.07748427672955974,0.006249999999999978,0.05855345911949686,0.6163522012578616,0.23270440251572327,2014-09-22T02:08:58Z,ls7,qd9u988k56jh,0.05902070637832529,0.0781025888916184,0.013820100956471442
0.032201257861635225,0.22968553459119495,0.006249999999999978,0.12371069182389938,0.46540880503144655,0.14465408805031446,2014-09-30T02:11:23Z,ls8,qd9u988k56jh,0.12510296677673727,0.23227048025858896,0.0325636598829128
0.015614035087719297,0.10263157894736842,0.64375,0.055087719298245616,0.6491228070175439,0.17543859649122806,2014-10-08T02:09:11Z,ls7,qd9u988k56jh,0.055756800909155475,0.10387811634349028,0.015803679238582283
,,1.0,,,,2014-10-15T02:15:23Z,ls7,qd9u988k56jh,,,
,,1.0,,,,2014-10-16T02:11:28Z,ls8,qd9u988k56jh,,,
0.02891089108910891,0.5759405940594059,0.36875,0.22118811881188122,0.009900990099009901,0.15841584158415842,2014-10-24T02:09:20Z,ls7,qd9u988k56jh,0.22269929258298,0.5798754632744827,0.029108412459368908
0.039125,0.7456875000000001,0.0,0.2049375,0.0,0.0,2014-11-01T02:11:25Z,ls8,qd9u988k56jh,0.20705986360191966,0.7534099520080829,0.039530184389997475
0.027117117117117114,0.784864864864865,0.30625,0.17963963963963966,0.0,0.0,2014-11-09T02:09:29Z,ls7,qd9u988k56jh,0.18115744526210595,0.7914963205233033,0.02734623421459071
0.0354375,0.7618750000000001,0.0,0.1925,0.0,0.0,2014-11-17T02:11:26Z,ls8,qd9u988k56jh,0.19448127801982698,0.7697164867083413,0.03580223527183178
0.027113402061855675,0.7945360824742267,0.39375000000000004,0.1703092783505155,0.0,0.0,2014-11-25T02:09:32Z,ls7,qd9u988k56jh,0.17168987736437336,0.800976927873623,0.02733319476200375
0.0432,0.4792,0.84375,0.18960000000000002,0.0,0.28,2014-12-03T02:11:25Z,ls8,qd9u988k56jh,0.1917303370786517,0.4845842696629213,0.04368539325842696
0.04017857142857144,0.7922321428571427,0.30000000000000004,0.15875,0.0,0.0,2014-12-11T02:09:39Z,ls7,qd9u988k56jh,0.1601657508332583,0.7992973605981443,0.04053688856859744
0.05193750000000001,0.7859375000000001,0.0,0.1509375,0.0,0.0,2014-12-19T02:11:22Z,ls8,qd9u988k56jh,0.15264521838063333,0.7948296567852854,0.05252512483408129
0.018875,0.8333124999999999,0.0,0.13975,0.0,0.0,2014-12-27T02:09:46Z,ls7,qd9u988k56jh,0.1408858925083486,0.8400856908827421,0.019028416608909332
0.04375,0.7925,0.0,0.1529375,0.0,0.0,2015-01-04T02:11:17Z,ls8,qd9u988k56jh,0.154609212105895,0.8011625702912745,0.044228217602830605
0.02603896103896104,0.8466883116883116,0.03749999999999998,0.11870129870129871,0.0,0.0,2015-01-12T02:09:49Z,ls7,qd9u988k56jh,0.1197275347131255,0.8540083835472884,0.02626408173958606
,,1.0,,,,2015-01-19T02:15:58Z,ls7,qd9u988k56jh,,,
0.049375,0.8060625,0.0,0.13318750000000001,0.0,0.0,2015-01-20T02:11:13Z,ls8,qd9u988k56jh,0.13471993930964724,0.8153369578960677,0.04994310279428499
0.027295081967213114,0.8483606557377049,0.23750000000000004,0.11491803278688525,0.0,0.0,2015-01-28T02:09:53Z,ls7,qd9u988k56jh,0.11601158460901945,0.8564335953661564,0.02755482002482416
0.035562500000000004,0.7488125,0.0,0.20625,0.0,0.0,2015-02-05T02:11:10Z,ls8,qd9u988k56jh,0.20820189274447948,0.7558990536277602,0.035899053627760254
0.052937500000000005,0.77,0.0,0.166625,0.0,0.0,2015-02-21T02:11:03Z,ls8,qd9u988k56jh,0.168382492262995,0.7781216446662035,0.053495863070801494
0.060687500000000005,0.7688750000000001,0.0,0.15887500000000002,0.0,0.0,2015-03-09T02:10:54Z,ls8,qd9u988k56jh,0.16073348087258932,0.7778691116029086,0.061397407524502054
0.0118125,0.7615000000000001,0.0,0.151625,0.0125,0.05625,2015-03-17T02:10:13Z,ls7,qd9u988k56jh,0.15265980809514157,0.7666970741266302,0.011893117778228258
,,1.0,,,,2015-03-24T02:16:28Z,ls7,qd9u988k56jh,,,
0.0463125,0.760375,0.0,0.183,0.0,0.0,2015-03-25T02:10:46Z,ls8,qd9u988k56jh,0.18490685191032522,0.7682980738869593,0.0467950742027155
0.024054054054054058,0.7998648648648649,0.5375,0.16743243243243244,0.0,0.0,2015-04-02T02:10:19Z,ls7,qd9u988k56jh,0.16889312977099238,0.8068429661941112,0.024263904034896405
,,1.0,,,,2015-04-10T02:10:36Z,ls8,qd9u988k56jh,,,
0.03344262295081967,0.7327868852459016,0.23750000000000004,0.20262295081967213,0.0,0.02459016393442623,2015-04-18T02:10:28Z,ls7,qd9u988k56jh,0.2039943413497545,0.7377465257551801,0.03366896896063909
0.06781250000000001,0.762875,0.0,0.15950000000000003,0.0,0.0,2015-04-26T02:10:33Z,ls8,qd9u988k56jh,0.16108060342106928,0.7704348923814934,0.06848450419743736
,,1.0,,,,2015-05-04T02:10:34Z,ls7,qd9u988k56jh,,,
,,1.0,,,,2015-05-11T02:16:49Z,ls7,qd9u988k56jh,,,
0.043875,0.7593125000000001,0.0,0.1873125,0.0,0.0,2015-05-12T02:10:17Z,ls8,qd9u988k56jh,0.18910903584048458,0.7665951539626451,0.04429581019687026
0.03469879518072289,0.3525301204819277,0.48124999999999996,0.126144578313253,0.40963855421686746,0.07228915662650602,2015-05-20T02:10:42Z,ls7,qd9u988k56jh,0.12729915201759867,0.3557567514837572,0.035016385655270696
,,1.0,,,,2015-05-27T02:16:53Z,ls7,qd9u988k56jh,,,
0.042875,0.41150000000000003,0.0,0.1388125,0.29375,0.10625,2015-05-28T02:10:19Z,ls8,qd9u988k56jh,0.14040670108523867,0.41622589821936584,0.04336740069539565
0.13714285714285715,0.4685714285714285,0.95625,0.2414285714285714,0.0,0.14285714285714285,2015-06-05T02:10:48Z,ls7,qd9u988k56jh,0.2442784871115394,0.47410262587328356,0.13876174415803424
0.03150000000000001,0.48274999999999996,0.0,0.1605625,0.1625,0.15625,2015-06-13T02:10:31Z,ls8,qd9u988k56jh,0.16209421598592202,0.48735528387515054,0.03180050013892749
,,1.0,,,,2015-06-28T02:17:03Z,ls7,qd9u988k56jh,,,
0.03937500000000001,0.22543749999999996,0.0,0.10012499999999999,0.5125,0.11875,2015-06-29T02:10:37Z,ls8,qd9u988k56jh,0.10117100530912827,0.22779264428840554,0.03978635040246619
0.02259493670886076,0.18329113924050633,0.012499999999999956,0.07658227848101266,0.5379746835443038,0.17721518987341772,2015-07-07T02:10:56Z,ls7,qd9u988k56jh,0.07721717525533431,0.18481069383425464,0.022782257492689542
0.03181250000000001,0.29124999999999995,0.0,0.10975000000000001,0.45,0.1125,2015-07-15T02:10:47Z,ls8,qd9u988k56jh,0.11093862815884481,0.2944043321299639,0.03215703971119135
0.0,0.0,0.08750000000000002,0.0,0.9931506849315068,0.00684931506849315,2015-08-08T02:11:03Z,ls7,qd9u988k56jh,0.0,0.0,0.0
,,1.0,,,,2015-08-15T02:17:16Z,ls7,qd9u988k56jh,,,
,,1.0,,,,2015-08-16T02:10:57Z,ls8,qd9u988k56jh,,,
0.04165467625899281,0.10136690647482015,0.13124999999999998,0.06345323741007194,0.697841726618705,0.09352517985611511,2015-08-24T02:11:05Z,ls7,qd9u988k56jh,0.06411651166871382,0.1024264908630587,0.042090090993407374
,,1.0,,,,2015-09-01T02:11:03Z,ls8,qd9u988k56jh,,,
0.022030075187969927,0.20789473684210524,0.16874999999999996,0.07593984962406015,0.5338345864661654,0.15789473684210525,2015-09-09T02:11:08Z,ls7,qd9u988k56jh,0.07653721323958866,0.2095300936707551,0.022203369781385623
0.03817610062893082,0.28534591194968556,0.006249999999999978,0.12471698113207547,0.4339622641509434,0.11320754716981132,2015-09-17T02:11:11Z,ls8,qd9u988k56jh,0.1259944246037524,0.2882686356163513,0.038567128459141564
0.02880733944954128,0.5169724770642202,0.31875,0.1830275229357798,0.13761467889908258,0.12844036697247707,2015-09-25T02:11:12Z,ls7,qd9u988k56jh,0.18431774716594138,0.5206167946266064,0.029010412335892525
0.021470588235294116,0.10088235294117646,0.7875,0.05205882352941177,0.47058823529411764,0.35294117647058826,2015-10-03T02:11:15Z,ls8,qd9u988k56jh,0.05267334589822437,0.10207320702311275,0.021724035313956943
,,1.0,,,,2015-10-11T02:11:21Z,ls7,qd9u988k56jh,,,
,,1.0,,,,2015-10-19T02:11:17Z,ls8,qd9u988k56jh,,,
,,1.0,,,,2015-10-27T02:11:38Z,ls7,qd9u988k56jh,,,
0.036125000000000004,0.7475625000000001,0.0,0.2064375,0.0,0.0,2015-11-04T02:11:21Z,ls8,qd9u988k56jh,0.20849640196944827,0.7550183057694736,0.03648529226107815
0.025616438356164384,0.7876712328767124,0.54375,0.1804109589041096,0.0,0.0,2015-11-12T02:11:54Z,ls7,qd9u988k56jh,0.18155500413564932,0.7926661152467604,0.025778880617590295
0.04775,0.784875,0.0,0.155875,0.0,0.0,2015-11-20T02:11:23Z,ls8,qd9u988k56jh,0.15768841679312093,0.7940060698027315,0.0483055134041477
0.0019230769230769232,0.8342307692307691,0.8375,0.15615384615384617,0.0,0.0,2015-11-28T02:12:07Z,ls7,qd9u988k56jh,0.15736434108527134,0.8406976744186045,0.0019379844961240312
0.0359375,0.7874375,0.0,0.16681250000000003,0.0,0.0,2015-12-06T02:11:22Z,ls8,qd9u988k56jh,0.16846556838982518,0.7952408003534684,0.03629363125670643
0.027079646017699112,0.823362831858407,0.29374999999999996,0.14,0.0,0.0,2015-12-14T02:12:24Z,ls7,qd9u988k56jh,0.14135096497498217,0.8313080771979986,0.0273409578270193
0.04137500000000001,0.818125,0.0,0.12912500000000002,0.0,0.0,2015-12-22T02:11:23Z,ls8,qd9u988k56jh,0.13061069667467443,0.8275382475660639,0.0418510557592616
0.011200000000000002,0.8258,0.375,0.1544,0.0,0.0,2015-12-30T02:12:36Z,ls7,qd9u988k56jh,0.15573935848295342,0.832963485979423,0.011297155537623565
0.03675,0.8095625,0.0,0.14168750000000002,0.0,0.0,2016-01-07T02:11:18Z,ls8,qd9u988k56jh,0.14340840080971665,0.8193952429149798,0.03719635627530365
0.0203125,0.8692500000000001,0.0,0.10168750000000001,0.0,0.0,2016-01-15T02:12:52Z,ls7,qd9u988k56jh,0.10258511979823456,0.8769230769230769,0.020491803278688523
0.0369375,0.7800625,0.0,0.17275000000000001,0.0,0.0,2016-01-23T02:11:19Z,ls8,qd9u988k56jh,0.17453902500631474,0.7881409446830008,0.03732003031068452
,,1.0,,,,2016-02-07T02:19:16Z,ls7,qd9u988k56jh,,,
0.045375000000000006,0.8016249999999999,0.0,0.14200000000000002,0.0,0.0,2016-02-08T02:11:15Z,ls8,qd9u988k56jh,0.14357937310414562,0.810540950455005,0.04587967644084935
0.04229357798165137,0.8162385321100919,0.31875,0.1314678899082569,0.0,0.0,2016-02-16T02:13:07Z,ls7,qd9u988k56jh,0.13279584839217867,0.8244833657677695,0.042720785840051886
0.05006250000000001,0.796875,0.0,0.14100000000000001,0.0,0.0,2016-02-24T02:11:08Z,ls8,qd9u988k56jh,0.14272157904725755,0.8066046688176124,0.050673752135130014
,,1.0,,,,2016-03-03T02:13:13Z,ls7,qd9u988k56jh,,,
,,1.0,,,,2016-03-10T02:19:28Z,ls7,qd9u988k56jh,,,
0.05587500000000001,0.7923125000000001,0.0,0.139625,0.0,0.0,2016-03-11T02:11:06Z,ls8,qd9u988k56jh,0.14134767478645996,0.8020879468522619,0.05656437836127808
,,1.0,,,,2016-03-19T02:13:21Z,ls7,qd9u988k56jh,,,
0.028557692307692305,0.5721153846153847,0.35,0.16365384615384615,0.15384615384615385,0.07692307692307693,2016-04-04T02:13:24Z,ls7,qd9u988k56jh,0.16470383308979356,0.5757860204960469,0.02874091564492872
0.022710280373831774,0.1977570093457944,0.33125000000000004,0.04850467289719626,0.5981308411214953,0.1308411214953271,2016-04-20T02:13:33Z,ls7,qd9u988k56jh,0.04887545218966962,0.19926870295441412,0.022883882239093867
,,1.0,,,,2016-04-28T02:10:48Z,ls8,qd9u988k56jh,,,
0.020499999999999997,0.39625000000000005,0.0,0.12356250000000002,0.35625,0.1,2016-05-06T02:13:38Z,ls7,qd9u988k56jh,0.12434861191440144,0.3987709658762292,0.02063042220936958
,,1.0,,,,2016-05-13T02:19:49Z,ls7,qd9u988k56jh,,,
,,1.0,,,,2016-05-14T02:10:47Z,ls8,qd9u988k56jh,,,
0.019240506329113925,0.23810126582278485,0.012499999999999956,0.07626582278481012,0.4810126582278481,0.18354430379746836,2016-05-22T02:13:40Z,ls7,qd9u988k56jh,0.07668542226512873,0.2394112519181862,0.01934636379136858
0.042749999999999996,0.220875,0.0,0.10656249999999998,0.48125,0.14375,2016-05-30T02:10:54Z,ls8,qd9u988k56jh,0.10794783049130509,0.22374641229106876,0.04330575721762621
,,1.0,,,,2016-06-14T02:19:58Z,ls7,qd9u988k56jh,,,
,,1.0,,,,2016-06-15T02:10:56Z,ls8,qd9u988k56jh,,,
0.0,0.0,0.925,0.0,0.75,0.25,2016-06-23T02:13:48Z,ls7,qd9u988k56jh,0.0,0.0,0.0
,,1.0,,,,2016-06-30T02:19:59Z,ls7,qd9u988k56jh,,,
0.0265625,0.08125,0.0,0.058625000000000003,0.70625,0.125,2016-07-01T02:11:05Z,ls8,qd9u988k56jh,0.05943954187007134,0.0823788959819752,0.026931562147953426
,,1.0,,,,2016-07-09T02:13:48Z,ls7,qd9u988k56jh,,,
0.0,0.0,0.5125,0.0,0.782051282051282,0.21794871794871795,2016-07-17T02:11:12Z,ls8,qd9u988k56jh,0.0,0.0,0.0
0.014459459459459461,0.03364864864864865,0.5375,0.018513513513513515,0.8918918918918919,0.04054054054054054,2016-07-25T02:13:50Z,ls7,qd9u988k56jh,0.018776382873745955,0.03412641850775725,0.01466476618606436
,,1.0,,,,2016-08-01T02:20:02Z,ls7,qd9u988k56jh,,,
0.0380625,0.059875,0.0,0.05618749999999999,0.75,0.09375,2016-08-02T02:11:16Z,ls8,qd9u988k56jh,0.056962185725871854,0.060700527169505275,0.03858728710462288
0.0658125,0.0831875,0.0,0.0678125,0.70625,0.075,2016-08-10T02:13:52Z,ls7,qd9u988k56jh,0.06841849236091091,0.08393088786393772,0.06640061977515133
0.0136875,0.0375,0.0,0.028875000000000005,0.775,0.14375,2016-08-18T02:11:20Z,ls8,qd9u988k56jh,0.029303278688524587,0.03805620608899296,0.013890515222482433
,,1.0,,,,2016-08-26T02:13:54Z,ls7,qd9u988k56jh,,,
0.033187499999999995,0.06849999999999999,0.0,0.058499999999999996,0.73125,0.10625,2016-09-03T02:11:26Z,ls8,qd9u988k56jh,0.05934451814280142,0.06948888021849396,0.03366660163870465
,,1.0,,,,2016-09-18T02:20:08Z,ls7,qd9u988k56jh,,,
0.053312500000000006,0.12787500000000002,0.0,0.09112499999999998,0.63125,0.09375,2016-09-19T02:11:28Z,ls8,qd9u988k56jh,0.09202432866651364,0.1291370208859307,0.05383865044755566
,,1.0,,,,2016-09-27T02:13:59Z,ls7,qd9u988k56jh,,,
,,1.0,,,,2016-10-04T02:20:11Z,ls7,qd9u988k56jh,,,
0.036687500000000005,0.1441875,0.0,0.091,0.6,0.125,2016-10-05T02:11:31Z,ls8,qd9u988k56jh,0.09204597701149426,0.14584482758620693,0.03710919540229886
0.03935185185185185,0.2614814814814815,0.32499999999999996,0.14851851851851855,0.3611111111111111,0.18518518518518517,2016-10-13T02:13:59Z,ls7,qd9u988k56jh,0.14995688043287467,0.2640138593157344,0.03973296395509459
0.04291044776119403,0.2455970149253731,0.16249999999999998,0.1320149253731343,0.44776119402985076,0.12686567164179105,2016-10-21T02:11:35Z,ls8,qd9u988k56jh,0.13353772397992295,0.24842998847819464,0.04340542187024064
,,1.0,,,,2016-10-29T02:13:55Z,ls7,qd9u988k56jh,,,
0.0352054794520548,0.6581506849315069,0.08750000000000002,0.1867808219178082,0.00684931506849315,0.10273972602739725,2016-11-06T02:11:35Z,ls8,qd9u988k56jh,0.18896114279622622,0.665833377751719,0.03561643835616439
0.0165625,0.788625,0.0,0.18631250000000002,0.0,0.0,2016-11-14T02:13:47Z,ls7,qd9u988k56jh,0.18790973272818962,0.7953857791225416,0.016704488149268785
0.035750000000000004,0.7725625,0.0,0.1795625,0.0,0.0,2016-11-22T02:11:35Z,ls8,qd9u988k56jh,0.18176641781601924,0.7820447931165381,0.036188789067442745
0.013500000000000002,0.8123125,0.0,0.1650625,0.0,0.0,2016-11-30T02:13:45Z,ls7,qd9u988k56jh,0.16658256591396495,0.8197931121483537,0.013624321937681344
0.038000000000000006,0.8015000000000001,0.0,0.1469375,0.0,0.0,2016-12-08T02:11:33Z,ls8,qd9u988k56jh,0.14895773933979597,0.8125197997845783,0.03852246087562568
0.01028169014084507,0.8366197183098592,0.55625,0.14366197183098592,0.0,0.0,2016-12-16T02:13:40Z,ls7,qd9u988k56jh,0.14503057016920232,0.8445897909853547,0.01037963884544291
0.0345,0.8116875,0.0,0.1403125,0.0,0.0,2016-12-24T02:11:28Z,ls8,qd9u988k56jh,0.14223264064875826,0.8227952356817031,0.03497212366953878
0.018484848484848486,0.7994949494949496,0.38125,0.17090909090909093,0.0,0.0,2017-01-01T02:13:32Z,ls7,qd9u988k56jh,0.17282941777323801,0.8084780388151175,0.018692543411644537
0.03937500000000001,0.8233750000000001,0.0,0.12256249999999999,0.0,0.0,2017-01-09T02:11:25Z,ls8,qd9u988k56jh,0.12438947034570248,0.8356485886457342,0.039961941008563276
0.01475,0.8265,0.0,0.14725,0.0,0.0,2017-01-17T02:13:22Z,ls7,qd9u988k56jh,0.14896307536671724,0.8361153262518968,0.014921598381385936
0.0384375,0.8344374999999999,0.0,0.111375,0.0,0.0,2017-01-25T02:11:20Z,ls8,qd9u988k56jh,0.11315722631445263,0.8477901955803911,0.039052578105156215
0.011250000000000001,0.7745625,0.0,0.2073125,0.0,0.0,2017-02-02T02:13:14Z,ls7,qd9u988k56jh,0.20874764002517307,0.7799244808055381,0.011327879169288861
,,1.0,,,,2017-02-10T02:11:12Z,ls8,qd9u988k56jh,,,
0.007073170731707317,0.6791056910569105,0.23124999999999996,0.15528455284552847,0.13008130081300814,0.024390243902439025,2017-02-18T02:13:13Z,ls7,qd9u988k56jh,0.15603471976748753,0.6823863948784414,0.007107340638623777
0.0401875,0.7301875000000001,0.0,0.21912500000000001,0.0,0.0,2017-02-26T02:11:07Z,ls8,qd9u988k56jh,0.22145022738756945,0.7379358261748358,0.040613946437594736
0.013481481481481481,0.7834074074074074,0.15625,0.19599999999999998,0.0,0.0,2017-03-06T02:13:21Z,ls7,qd9u988k56jh,0.19740376007162042,0.789018203521337,0.013578036407042676
,,1.0,,,,2017-03-14T02:10:58Z,ls8,qd9u988k56jh,,,
0.01131782945736434,0.4295348837209302,0.19374999999999998,0.09046511627906978,0.03875968992248062,0.4263565891472868,2017-03-22T02:13:27Z,ls7,qd9u988k56jh,0.09107226471047294,0.4324176681754331,0.011393788044326518
,,1.0,,,,2017-03-29T02:19:39Z,ls7,qd9u988k56jh,,,
0.05531250000000001,0.7547499999999999,0.0,0.177375,0.0,0.0,2017-03-30T02:10:50Z,ls8,qd9u988k56jh,0.1796316222545731,0.7643521741882398,0.05601620355718718
,,1.0,,,,2017-04-07T02:13:31Z,ls7,qd9u988k56jh,,,
,,1.0,,,,2017-04-15T02:10:42Z,ls8,qd9u988k56jh,,,
0.02664383561643836,0.8026712328767123,0.08750000000000002,0.1606849315068493,0.0,0.0,2017-04-23T02:13:38Z,ls7,qd9u988k56jh,0.16230801162308012,0.8107790231077903,0.02691296526912966
0.041749999999999995,0.729,0.0,0.21637500000000004,0.0,0.0,2017-05-01T02:10:31Z,ls8,qd9u988k56jh,0.2191971634798025,0.7385082942889705,0.04229454223122704
0.038062500000000006,0.7048125,0.0,0.2399375,0.0,0.00625,2017-05-17T02:10:42Z,ls8,qd9u988k56jh,0.24260771065182832,0.7126562003179651,0.038486089030206685
0.023043478260869565,0.6112173913043477,0.28125,0.20304347826086958,0.05217391304347826,0.10434782608695652,2017-05-25T02:13:45Z,ls7,qd9u988k56jh,0.20454063133559405,0.615724238825649,0.023213390708322235
,,1.0,,,,2017-06-01T02:19:58Z,ls7,qd9u988k56jh,,,
,,1.0,,,,2017-06-02T02:10:51Z,ls8,qd9u988k56jh,,,
,,1.0,,,,2017-06-10T02:13:50Z,ls7,qd9u988k56jh,,,
,,1.0,,,,2017-06-17T02:20:02Z,ls7,qd9u988k56jh,,,
0.05143750000000001,0.7,0.0,0.22512499999999996,0.0,0.0125,2017-06-18T02:10:58Z,ls8,qd9u988k56jh,0.22764639999999997,0.70784,0.052013600000000014
0.0205,0.3445625,0.0,0.11856250000000002,0.36875,0.14375,2017-06-26T02:13:53Z,ls7,qd9u988k56jh,0.11951247092271905,0.3473232747479969,0.02066425432928405
0.012562499999999999,0.09762499999999999,0.0,0.0685625,0.5,0.31875,2017-07-04T02:11:02Z,ls8,qd9u988k56jh,0.06952141608391608,0.09899038461538462,0.012738199300699303
0.019444444444444445,0.3245833333333333,0.55,0.1111111111111111,0.3611111111111111,0.18055555555555555,2017-07-12T02:13:54Z,ls7,qd9u988k56jh,0.11189095717627912,0.3268614586512053,0.019580917505848845
,,1.0,,,,2017-07-20T02:11:06Z,ls8,qd9u988k56jh,,,
,,1.0,,,,2017-08-05T02:11:14Z,ls8,qd9u988k56jh,,,
0.0134375,0.02828125,0.6,0.02046875,0.6875,0.25,2017-08-13T02:13:50Z,ls7,qd9u988k56jh,0.020571608040201007,0.028423366834170856,0.01350502512562814
0.12125,0.21874999999999997,0.95,0.155,0.5,0.0,2017-08-21T02:11:19Z,ls8,qd9u988k56jh,0.15656565656565657,0.22095959595959594,0.12247474747474747
,,1.0,,,,2017-08-29T02:13:51Z,ls7,qd9u988k56jh,,,
,,1.0,,,,2017-09-05T02:20:02Z,ls7,qd9u988k56jh,,,
,,1.0,,,,2017-09-06T02:11:21Z,ls8,qd9u988k56jh,,,
,,1.0,,,,2017-09-14T02:13:49Z,ls7,qd9u988k56jh,,,
0.03405405405405405,0.45981981981981973,0.30625,0.19504504504504502,0.2072072072072072,0.0990990990990991,2017-09-30T02:13:50Z,ls7,qd9u988k56jh,0.19639686764049263,0.46300674939356773,0.03429007665963336
,,1.0,,,,2017-10-08T02:11:30Z,ls8,qd9u988k56jh,,,
0.12722222222222224,0.61,0.8875,0.19944444444444442,0.0,0.05555555555555555,2017-10-24T02:11:33Z,ls8,qd9u988k56jh,0.20110056675892973,0.6150652431791221,0.1282786345063925
0.019437500000000003,0.7631875000000001,0.0,0.21049999999999996,0.0,0.0,2017-11-01T02:13:52Z,ls7,qd9u988k56jh,0.21195720578980487,0.7684707363121461,0.01957205789804909
0.033375,0.750875,0.0,0.20599999999999996,0.0,0.0,2017-11-09T02:11:31Z,ls8,qd9u988k56jh,0.20802827568795756,0.7582681141125979,0.03370361019944459
0.04087500000000001,0.7391875,0.0,0.21037499999999998,0.0,0.0,2017-11-25T02:11:25Z,ls8,qd9u988k56jh,0.21240613365305736,0.7463242254054395,0.041269640941503136
,,1.0,,,,2017-12-03T02:13:43Z,ls7,qd9u988k56jh,,,
0.0354375,0.7571875,0.0,0.1993125,0.0,0.0,2017-12-11T02:11:23Z,ls8,qd9u988k56jh,0.20093251842984058,0.7633419444269423,0.03572553714321718
0.03125,0.600625,0.9,0.176875,0.0,0.1875,2017-12-19T02:13:34Z,ls7,qd9u988k56jh,0.17769513137557963,0.6034099690880989,0.031394899536321484
0.038312500000000006,0.7537499999999999,0.0,0.199625,0.0,0.0,2017-12-27T02:11:25Z,ls8,qd9u988k56jh,0.201298292052688,0.7600680657969371,0.03863364215037501
0.032687499999999994,0.782375,0.0,0.1775,0.0,0.0,2018-01-04T02:13:22Z,ls7,qd9u988k56jh,0.17883004848561174,0.7882375165291858,0.03293243498520244
0.046375000000000006,0.7719374999999999,0.0,0.17287500000000003,0.0,0.0,2018-01-12T02:11:19Z,ls8,qd9u988k56jh,0.17441200580112243,0.7788006810013242,0.04678731319755344
,,1.0,,,,2018-01-20T02:13:08Z,ls7,qd9u988k56jh,,,
0.0453125,0.7518125,0.0,0.194125,0.0,0.0,2018-01-28T02:11:10Z,ls8,qd9u988k56jh,0.19583858764186632,0.7584489281210592,0.0457124842370744
,,1.0,,,,2018-02-04T02:17:17Z,ls8,qd9u988k56jh,,,
0.0223728813559322,0.8398305084745762,0.63125,0.13033898305084746,0.0,0.0,2018-02-12T02:18:58Z,ls7,qd9u988k56jh,0.13131830601092898,0.8461407103825137,0.022540983606557378
0.059062500000000004,0.7606875000000001,0.0,0.17099999999999999,0.0,0.0,2018-02-13T02:11:03Z,ls8,qd9u988k56jh,0.17259651778955334,0.7677895533686602,0.059613928841786526
0.030529801324503312,0.8244370860927153,0.05625000000000002,0.1372185430463576,0.0,0.0,2018-02-21T02:12:42Z,ls7,qd9u988k56jh,0.1382992924843145,0.8309304498731811,0.030770257642504337
,,1.0,,,,2018-02-28T02:18:48Z,ls7,qd9u988k56jh,,,
0.04031250000000001,0.77575,0.0,0.17475000000000002,0.0,0.0,2018-03-01T02:10:57Z,ls8,qd9u988k56jh,0.17637040307828172,0.7829432914905696,0.040686305431148685
,,1.0,,,,2018-03-08T02:17:03Z,ls8,qd9u988k56jh,,,
0.01574468085106383,0.8359574468085106,0.11875000000000002,0.14099290780141843,0.0,0.0,2018-03-09T02:12:31Z,ls7,qd9u988k56jh,0.14203043509323426,0.8421090233621491,0.015860541544616708
0.05065789473684211,0.7751973684210526,0.050000000000000044,0.16513157894736843,0.0,0.0,2018-03-17T02:10:47Z,ls8,qd9u988k56jh,0.16663347274779264,0.7822478921861514,0.051118635066055906
,,1.0,,,,2018-04-01T02:18:23Z,ls7,qd9u988k56jh,,,
0.0379375,0.7740625000000001,0.0,0.17825,0.0,0.0,2018-04-02T02:10:41Z,ls8,qd9u988k56jh,0.18000504922999241,0.7816839182024742,0.038311032567533446
,,1.0,,,,2018-04-18T02:10:31Z,ls8,qd9u988k56jh,,,
,,1.0,,,,2018-04-26T02:11:47Z,ls7,qd9u988k56jh,,,
0.0530625,0.739875,0.0,0.19718750000000002,0.0,0.0,2018-05-04T02:10:23Z,ls8,qd9u988k56jh,0.19915414720363595,0.7472541345789673,0.0535917182173968
0.020802919708029197,0.7991970802919708,0.14375000000000004,0.17321167883211683,0.0,0.0,2018-05-12T02:11:30Z,ls7,qd9u988k56jh,0.17439553171161906,0.8046593665025354,0.02094510178584552
0.05500000000000001,0.693,0.9375,0.24,0.0,0.0,2018-05-19T02:17:35Z,ls7,qd9u988k56jh,0.242914979757085,0.701417004048583,0.05566801619433199
0.0550625,0.74225,0.0,0.1921875,0.0,0.0,2018-05-20T02:10:11Z,ls8,qd9u988k56jh,0.19422688226376958,0.7501263264274886,0.05564679130874178
,,1.0,,,,2018-05-28T02:11:16Z,ls7,qd9u988k56jh,,,
0.032692307692307694,0.32346153846153847,0.1875,0.11684615384615384,0.3769230769230769,0.14615384615384616,2018-06-13T02:10:59Z,ls7,qd9u988k56jh,0.11781527953263193,0.3261443386667,0.03296345872374495
0.05370370370370371,0.5827777777777777,0.6625,0.19037037037037038,0.14814814814814814,0.018518518518518517,2018-06-20T02:17:02Z,ls7,qd9u988k56jh,0.1918626353116835,0.5873460246360582,0.054124673385591654
0.035812500000000004,0.144,0.0,0.0493125,0.4125,0.35625,2018-06-21T02:10:12Z,ls8,qd9u988k56jh,0.04976984451718495,0.1453355155482815,0.036144639934533554
0.03467948717948718,0.34435897435897433,0.025000000000000022,0.11,0.3717948717948718,0.1346153846153846,2018-06-29T02:10:41Z,ls7,qd9u988k56jh,0.1110237252588806,0.34756378326964255,0.035002235061220514
0.022847222222222224,0.10069444444444445,0.09999999999999998,0.047986111111111104,0.75,0.0763888888888889,2018-07-06T02:16:43Z,ls7,qd9u988k56jh,0.048568938371569954,0.10191745389113811,0.023124718848403062
,,1.0,,,,2018-07-07T02:10:21Z,ls8,qd9u988k56jh,,,
,,1.0,,,,2018-07-15T02:10:22Z,ls7,qd9u988k56jh,,,
,,1.0,,,,2018-07-23T02:10:27Z,ls8,qd9u988k56jh,,,
0.03574999999999999,0.10718750000000002,0.0,0.0675,0.675,0.1125,2018-07-31T02:10:05Z,ls7,qd9u988k56jh,0.06816156816156815,0.10823804573804574,0.036100386100386087
,,1.0,,,,2018-08-08T02:10:36Z,ls8,qd9u988k56jh,,,
0.04840764331210191,0.12369426751592358,0.018750000000000044,0.07312101910828026,0.643312101910828,0.10828025477707007,2018-08-16T02:09:47Z,ls7,qd9u988k56jh,0.07407064273306312,0.12530068657457194,0.04903631400446687
0.028043478260869566,0.18869565217391304,0.7125,0.06369565217391304,0.6956521739130435,0.021739130434782608,2018-08-23T02:15:50Z,ls7,qd9u988k56jh,0.06418941691944727,0.19015840916750928,0.028260869565217395
0.0454375,0.16825,0.0,0.08887500000000001,0.575,0.11875,2018-08-24T02:10:44Z,ls8,qd9u988k56jh,0.08995816979962816,0.17030055773600494,0.045991272464366864
,,1.0,,,,2018-09-01T02:09:28Z,ls7,qd9u988k56jh,,,
0.034249999999999996,0.20318750000000002,0.0,0.096,0.5125,0.15,2018-09-09T02:10:50Z,ls8,qd9u988k56jh,0.09716963448922211,0.2056630740393627,0.034667291471415174
0.12864864864864867,0.3556756756756757,0.5375,0.1727027027027027,0.25675675675675674,0.08108108108108109,2018-09-17T02:09:07Z,ls7,qd9u988k56jh,0.1740524975819093,0.3584555349261231,0.12965412965412965
0.05848484848484849,0.41333333333333333,0.79375,0.1884848484848485,0.18181818181818182,0.15151515151515152,2018-09-24T02:15:08Z,ls7,qd9u988k56jh,0.1903013614808016,0.4173168119932691,0.05904849319259599
0.03225,0.392125,0.0,0.1511875,0.30625,0.1125,2018-09-25T02:10:55Z,ls8,qd9u988k56jh,0.1526814800738408,0.39599983711586484,0.03256868281029428
,,1.0,,,,2018-10-03T02:08:44Z,ls7,qd9u988k56jh,,,
0.032125,0.7234375,0.0,0.23493750000000002,0.0,0.0,2018-10-11T02:11:03Z,ls8,qd9u988k56jh,0.2371908127208481,0.7303760726905604,0.032433114588591626
0.0,0.75,0.9625,0.24500000000000002,0.0,0.0,2018-10-19T02:08:21Z,ls7,qd9u988k56jh,0.24623115577889448,0.7537688442211056,0.0
0.012857142857142859,0.784761904761905,0.7375,0.19714285714285712,0.0,0.0,2018-10-26T02:14:23Z,ls7,qd9u988k56jh,0.1981809478219243,0.7888942077549067,0.012924844423168979
0.040625,0.7283125,0.0,0.22181250000000002,0.0,0.0,2018-10-27T02:11:08Z,ls8,qd9u988k56jh,0.22388342165026495,0.7351122886701993,0.0410042896795357
0.145,0.5811764705882353,0.7875,0.20441176470588232,0.0,0.058823529411764705,2018-11-04T02:08:00Z,ls7,qd9u988k56jh,0.20673756228154977,0.5877890979400611,0.14664981036662453
0.03288590604026846,0.7587248322147652,0.06874999999999998,0.198255033557047,0.0,0.0,2018-11-12T02:11:10Z,ls8,qd9u988k56jh,0.20028476506881823,0.7664926435690556,0.03322259136212625
0.025576923076923077,0.8053846153846153,0.35,0.16269230769230766,0.0,0.0,2018-11-20T02:07:38Z,ls7,qd9u988k56jh,0.16373137216953745,0.8105283530094832,0.025740274820979295
0.016842105263157894,0.8368421052631578,0.7625,0.13868421052631577,0.0,0.0,2018-11-27T02:13:38Z,ls7,qd9u988k56jh,0.13975072924953594,0.8432776451869531,0.016971625563511006
0.03725,0.7911875,0.0,0.16112500000000002,0.0,0.0,2018-11-28T02:11:10Z,ls8,qd9u988k56jh,0.16282448051537926,0.799532621739405,0.03764289774521568
0.0022033898305084745,0.8493220338983051,0.63125,0.14084745762711862,0.0,0.0,2018-12-13T02:13:12Z,ls7,qd9u988k56jh,0.14192997438087102,0.8558497011101622,0.0022203245089666953
0.036312500000000004,0.8082499999999999,0.0,0.1454375,0.0,0.0,2018-12-14T02:11:06Z,ls8,qd9u988k56jh,0.14690656565656568,0.8164141414141414,0.036679292929292936
0.030099009900990098,0.8194059405940595,0.36875,0.14495049504950494,0.0,0.0,2018-12-22T02:06:46Z,ls7,qd9u988k56jh,0.14575866188769412,0.8239745121465551,0.030266825965750692
0.00978021978021978,0.8130769230769229,0.43125,0.17054945054945053,0.0,0.0,2018-12-29T02:12:44Z,ls7,qd9u988k56jh,0.17168141592920352,0.8184734513274335,0.009845132743362833
0.0335625,0.784625,0.0,0.171625,0.0,0.0,2018-12-30T02:11:07Z,ls8,qd9u988k56jh,0.17339142514365094,0.792700637747048,0.033907937109301005
0.01825,0.8185625,0.0,0.15506250000000002,0.0,0.0,2019-01-07T02:06:17Z,ls7,qd9u988k56jh,0.15633270321361062,0.8252678008821677,0.018399495904221803
0.01661290322580645,0.8369354838709677,0.22499999999999998,0.1385483870967742,0.0,0.0,2019-01-14T02:12:14Z,ls7,qd9u988k56jh,0.1396520890912047,0.8436026662331328,0.016745244675662494
0.0375,0.804125,0.0,0.1478125,0.0,0.0,2019-01-15T02:11:05Z,ls8,qd9u988k56jh,0.1493904364853768,0.8127092413618849,0.0379003221527383
0.008761904761904762,0.8594285714285715,0.34375,0.12285714285714287,0.0,0.0,2019-01-23T02:05:46Z,ls7,qd9u988k56jh,0.12396694214876033,0.8671920046127234,0.00884105323851624
0.01549618320610687,0.8552671755725191,0.18125000000000002,0.12083969465648857,0.0,0.0,2019-01-30T02:11:43Z,ls7,qd9u988k56jh,0.1218629715165512,0.862509622786759,0.01562740569668976
0.0428125,0.8240624999999999,0.0,0.12218749999999998,0.0,0.0,2019-01-31T02:11:01Z,ls8,qd9u988k56jh,0.12353870458135859,0.8331753554502369,0.04328593996840443
,,1.0,,,,2019-02-07T02:17:11Z,ls8,qd9u988k56jh,,,
0.012857142857142859,0.8680714285714286,0.125,0.11042857142857143,0.0,0.0,2019-02-08T02:05:17Z,ls7,qd9u988k56jh,0.11139131061315656,0.875639455292168,0.01296923409467541
0.04428571428571428,0.7585714285714286,0.95625,0.18857142857142856,0.0,0.0,2019-02-15T02:11:15Z,ls7,qd9u988k56jh,0.19020172910662825,0.7651296829971183,0.0446685878962536
,,1.0,,,,2019-02-16T02:10:59Z,ls8,qd9u988k56jh,,,
0.03,0.7766666666666667,0.9625,0.18166666666666664,0.0,0.0,2019-02-24T02:04:48Z,ls7,qd9u988k56jh,0.1838111298482293,0.7858347386172007,0.03035413153456998
0.025866666666666666,0.8636666666666666,0.0625,0.10073333333333334,0.0,0.0,2019-03-03T02:10:45Z,ls7,qd9u988k56jh,0.10172344149723982,0.8721556483102194,0.02612091019254073
,,1.0,,,,2019-03-04T02:10:54Z,ls8,qd9u988k56jh,,,
,,1.0,,,,2019-03-11T02:17:02Z,ls8,qd9u988k56jh,,,
0.025647058823529408,0.834,0.46875,0.13129411764705884,0.0,0.0,2019-03-12T02:04:17Z,ls7,qd9u988k56jh,0.13249436067909298,0.8416241244212276,0.025881514899679447
0.02076923076923077,0.7738461538461539,0.675,0.19769230769230772,0.0,0.0,2019-03-19T02:10:14Z,ls7,qd9u988k56jh,0.19922480620155042,0.7798449612403101,0.020930232558139535
0.03292857142857143,0.7959285714285714,0.125,0.15507142857142858,0.0,0.0,2019-03-20T02:10:49Z,ls8,qd9u988k56jh,0.1576043557168784,0.808929219600726,0.03346642468239565
,,1.0,,,,2019-03-28T02:03:45Z,ls7,qd9u988k56jh,,,
0.043625000000000004,0.7541874999999999,0.0,0.19212500000000002,0.0,0.0,2019-04-05T02:10:46Z,ls8,qd9u988k56jh,0.19407790895889895,0.7618536523770439,0.04406843866405708
0.016666666666666666,0.7949999999999999,0.9625,0.17833333333333334,0.0,0.0,2019-04-13T02:03:12Z,ls7,qd9u988k56jh,0.18013468013468015,0.803030303030303,0.016835016835016835
0.042499999999999996,0.7405,0.0,0.206875,0.0,0.0,2019-04-21T02:10:39Z,ls8,qd9u988k56jh,0.2089910342214926,0.7480742517994696,0.04293471397903775
0.0419375,0.7536875000000001,0.0,0.194875,0.0,0.0,2019-05-07T02:10:43Z,ls8,qd9u988k56jh,0.19674406865219585,0.7609162039374053,0.04233972741039879
0.033875,0.8003750000000001,0.0,0.15731250000000002,0.0,0.0,2019-05-15T02:01:59Z,ls7,qd9u988k56jh,0.1586511188150016,0.807185628742515,0.03416325244248346
0.044,0.7447692307692308,0.59375,0.20323076923076924,0.0,0.0,2019-05-22T02:07:53Z,ls7,qd9u988k56jh,0.2048697270471464,0.7507754342431762,0.044354838709677415
,,1.0,,,,2019-05-23T02:10:53Z,ls8,qd9u988k56jh,,,
,,1.0,,,,2019-05-31T02:01:24Z,ls7,qd9u988k56jh,,,
0.0,0.0,0.0,0.0,0.69375,0.30625,2019-06-08T02:11:01Z,ls8,qd9u988k56jh,0.0,0.0,0.0
,,1.0,,,,2019-06-24T02:11:07Z,ls8,qd9u988k56jh,,,
0.018630136986301372,0.28068493150684937,0.54375,0.06821917808219177,0.5205479452054794,0.1095890410958904,2019-07-02T02:00:13Z,ls7,qd9u988k56jh,0.06865142781286536,0.28246340479630755,0.01874818108945721
0.007333333333333334,0.09266666666666666,0.4375,0.03222222222222223,0.7444444444444445,0.12222222222222222,2019-07-09T02:06:08Z,ls7,qd9u988k56jh,0.032492997198879554,0.09344537815126047,0.007394957983193277
,,1.0,,,,2019-07-10T02:11:10Z,ls8,qd9u988k56jh,,,
0.037862068965517234,0.20179310344827583,0.09375,0.09503448275862067,0.5379310344827586,0.12413793103448276,2019-07-18T01:59:36Z,ls7,qd9u988k56jh,0.09595486616881131,0.20374741539183017,0.03822875292211714
0.053312500000000006,0.20275000000000004,0.0,0.08375,0.51875,0.1375,2019-07-26T02:11:15Z,ls8,qd9u988k56jh,0.08472043406290232,0.2050993194776531,0.05393024645944454
0.43374999999999997,0.2675,0.95,0.29000000000000004,0.0,0.0,2019-08-03T01:58:57Z,ls7,qd9u988k56jh,0.2925598991172762,0.2698612862547289,0.4375788146279949
0.02090909090909091,0.6368181818181818,0.8625,0.15454545454545457,0.18181818181818182,0.0,2019-08-10T02:04:51Z,ls7,qd9u988k56jh,0.1556697359719184,0.6414508826372284,0.021061199572671312
0.036687500000000005,0.37162500000000004,0.0,0.12393749999999999,0.38125,0.08125,2019-08-11T02:11:21Z,ls8,qd9u988k56jh,0.1251599929544387,0.37529062940347585,0.03704937764208548
0.0619811320754717,0.3872641509433962,0.3375,0.14,0.3018867924528302,0.10377358490566038,2019-08-19T01:58:17Z,ls7,qd9u988k56jh,0.1412103746397695,0.3906122559947801,0.06251699200695994
0.04916666666666667,0.3233333333333333,0.7,0.1622916666666667,0.375,0.08333333333333333,2019-08-26T02:04:10Z,ls7,qd9u988k56jh,0.16437800285677187,0.3274899363718997,0.049798727437995065
0.04,0.36670886075949366,0.012499999999999956,0.1260126582278481,0.3924050632911392,0.06962025316455696,2019-08-27T02:11:25Z,ls8,qd9u988k56jh,0.12725526849669822,0.3703249752234402,0.04039443982416538
0.031615384615384615,0.35615384615384615,0.1875,0.1159230769230769,0.4,0.09230769230769231,2019-09-04T01:57:36Z,ls7,qd9u988k56jh,0.11684366336168411,0.3589821906865279,0.03186645364409567
0.040078740157480315,0.37118110236220475,0.20625000000000004,0.15023622047244095,0.3228346456692913,0.11023622047244094,2019-09-12T02:11:30Z,ls8,qd9u988k56jh,0.1516899154959437,0.3747726738196429,0.040466544542681004
0.0405607476635514,0.625981308411215,0.33125000000000004,0.1780373831775701,0.056074766355140186,0.09345794392523364,2019-09-20T01:56:54Z,ls7,qd9u988k56jh,0.17927854231668558,0.6303452369748872,0.0408435104280533
0.025294117647058828,0.7614705882352941,0.575,0.20558823529411765,0.0,0.0,2019-09-27T02:02:46Z,ls7,qd9u988k56jh,0.2071724955542383,0.7673384706579728,0.02548903378778898
0.06111111111111111,0.6535185185185185,0.6625,0.2746296296296296,0.0,0.0,2019-09-28T02:11:35Z,ls8,qd9u988k56jh,0.27761138150505427,0.6606140022463497,0.06177461624859603
0.016304347826086956,0.7758695652173913,0.13749999999999996,0.20079710144927537,0.0,0.0,2019-10-06T01:56:13Z,ls7,qd9u988k56jh,0.20221849230095604,0.7813617456031526,0.016419762095891414
,,1.0,,,,2019-10-14T02:11:38Z,ls8,qd9u988k56jh,,,
0.023623188405797104,0.8010869565217392,0.13749999999999996,0.1677536231884058,0.0,0.0,2019-10-22T01:55:33Z,ls7,qd9u988k56jh,0.16902745327102803,0.807169976635514,0.023802570093457945
,,1.0,,,,2019-10-29T02:01:25Z,ls7,qd9u988k56jh,,,
0.0310625,0.7943125,0.0,0.1640625,0.0,0.0,2019-10-30T02:11:38Z,ls8,qd9u988k56jh,0.16581390941823007,0.8027919903985851,0.03139410018318489
0.020874999999999998,0.806875,0.0,0.165625,0.0,0.0,2019-11-07T01:54:50Z,ls7,qd9u988k56jh,0.1667295834906254,0.8122561973071599,0.02101421920221467
0.020666666666666667,0.8363333333333334,0.25,0.13625,0.0,0.0,2019-11-14T02:00:42Z,ls7,qd9u988k56jh,0.13717593757865595,0.8420169477305144,0.020807114690829766
0.04529032258064516,0.7925806451612903,0.03125,0.1521290322580645,0.0,0.0,2019-11-15T02:11:35Z,ls8,qd9u988k56jh,0.1536656891495601,0.8005865102639297,0.04574780058651026
0.03043859649122807,0.8189473684210526,0.2875,0.1424561403508772,0.0,0.0,2019-11-23T01:54:06Z,ls7,qd9u988k56jh,0.14362784116034316,0.8256832050941895,0.03068895374546741
0.04846153846153847,0.8061538461538462,0.8375,0.13846153846153847,0.0,0.0,2019-11-30T01:59:56Z,ls7,qd9u988k56jh,0.139426800929512,0.8117738187451589,0.04879938032532921
0.048875,0.8125,0.0,0.12862500000000002,0.0,0.0,2019-12-01T02:11:33Z,ls8,qd9u988k56jh,0.12992424242424244,0.8207070707070707,0.049368686868686874
0.019480519480519484,0.8732467532467534,0.51875,0.09883116883116884,0.0,0.0,2019-12-09T01:53:19Z,ls7,qd9u988k56jh,0.09967256057629338,0.8806810740013098,0.01964636542239686
0.04807692307692308,0.8073076923076923,0.8375,0.13653846153846155,0.0,0.0,2019-12-16T01:59:09Z,ls7,qd9u988k56jh,0.13765025203567277,0.8138813493602172,0.048468398604110126
0.0399375,0.8233750000000001,0.0,0.126625,0.0,0.0,2019-12-17T02:11:32Z,ls8,qd9u988k56jh,0.12791211566386765,0.8317444283098681,0.04034345602626428
0.012374999999999999,0.8627499999999999,0.0,0.11681249999999999,0.0,0.0,2019-12-25T01:52:30Z,ls7,qd9u988k56jh,0.11776195576838258,0.8697624598323986,0.012475584399218701
0.017468354430379748,0.8551898734177216,0.012499999999999956,0.11886075949367086,0.0,0.0,2020-01-01T01:58:19Z,ls7,qd9u988k56jh,0.11987744159325925,0.8625047874377633,0.017617770968977403
0.0419375,0.822125,0.0,0.12381249999999999,0.0,0.0,2020-01-02T02:11:27Z,ls8,qd9u988k56jh,0.12533215234720993,0.8322156143236746,0.04245223332911553
0.027250000000000003,0.859875,0.0,0.1043125,0.0,0.0,2020-01-10T01:51:40Z,ls7,qd9u988k56jh,0.10521338964886844,0.8673012670995398,0.02748534325159176
0.031111111111111114,0.78,0.94375,0.17777777777777778,0.0,0.0,2020-01-17T01:57:30Z,ls7,qd9u988k56jh,0.1797752808988764,0.7887640449438202,0.03146067415730337
0.045437500000000006,0.8217500000000001,0.0,0.1219375,0.0,0.0,2020-01-18T02:11:24Z,ls8,qd9u988k56jh,0.12327814987994438,0.8307847845317831,0.045937065588272465
,,1.0,,,,2020-01-25T02:17:33Z,ls8,qd9u988k56jh,,,
0.03202380952380953,0.8421428571428573,0.475,0.11559523809523811,0.0,0.0,2020-01-26T01:50:53Z,ls7,qd9u988k56jh,0.11679095501563627,0.8508539812364686,0.03235506374789512
0.044423076923076926,0.8389423076923077,0.35,0.10711538461538464,0.0,0.0,2020-02-02T01:56:43Z,ls7,qd9u988k56jh,0.10814484030676635,0.8470051451315407,0.04485001456169304
0.043687500000000004,0.8404999999999999,0.0,0.1068125,0.0,0.0,2020-02-03T02:11:19Z,ls8,qd9u988k56jh,0.10778254288597378,0.848133198789102,0.04408425832492433
,,1.0,,,,2020-02-10T02:17:28Z,ls8,qd9u988k56jh,,,
0.020740740740740744,0.8647222222222221,0.32499999999999996,0.10518518518518517,0.0,0.0,2020-02-11T01:50:04Z,ls7,qd9u988k56jh,0.10617814749041968,0.8728853163847089,0.02093653612487149
0.0445945945945946,0.847837837837838,0.76875,0.10756756756756757,0.0,0.0,2020-02-18T01:55:53Z,ls7,qd9u988k56jh,0.10756756756756754,0.8478378378378377,0.04459459459459459
0.0455,0.8371875000000001,0.0,0.1065625,0.0,0.0,2020-02-19T02:11:15Z,ls8,qd9u988k56jh,0.10772049532474096,0.8462850644427596,0.045994440232499365
,,1.0,,,,2020-03-05T01:55:02Z,ls7,qd9u988k56jh,,,
0.04237500000000001,0.7930625000000001,0.0,0.155375,0.0,0.0,2020-03-06T02:11:10Z,ls8,qd9u988k56jh,0.1568157446540087,0.8004163249858071,0.04276793036018419
,,1.0,,,,2020-03-14T01:48:22Z,ls7,qd9u988k56jh,,,
0.03974358974358975,0.7302564102564102,0.75625,0.22205128205128205,0.0,0.0,2020-03-21T01:54:09Z,ls7,qd9u988k56jh,0.22383044714396486,0.7361075213233393,0.040062031532695795
0.043187500000000004,0.7763125000000001,0.0,0.171,0.0,0.0,2020-03-22T02:11:02Z,ls8,qd9u988k56jh,0.17264008076728923,0.7837582029278142,0.043601716304896516
0.0258125,0.8164374999999999,0.0,0.14931250000000001,0.0,0.0,2020-03-30T01:47:28Z,ls7,qd9u988k56jh,0.15058304443744094,0.823384809328711,0.026032146233848096
0.04071428571428571,0.7621428571428571,0.9125,0.18785714285714286,0.0,0.0,2020-04-06T01:53:15Z,ls7,qd9u988k56jh,0.18961788031723145,0.7692862292718097,0.0410958904109589
0.045428571428571436,0.7770714285714286,0.125,0.16699999999999995,0.0,0.0,2020-04-07T02:10:53Z,ls8,qd9u988k56jh,0.16877210712481044,0.7853172597993214,0.04591063307586805
0.008214285714285714,0.052500000000000005,0.65,0.010178571428571427,0.10714285714285714,0.8214285714285714,2020-04-15T01:46:33Z,ls7,qd9u988k56jh,0.010255487585462407,0.052896725440806106,0.008276358402302996
0.0391304347826087,0.22623188405797104,0.56875,0.06420289855072463,0.057971014492753624,0.6086956521739131,2020-04-22T01:52:19Z,ls7,qd9u988k56jh,0.06493696863090001,0.22881852829082377,0.039577836411609495
0.039473684210526314,0.7426315789473684,0.88125,0.20578947368421052,0.0,0.0,2020-04-23T02:10:47Z,ls8,qd9u988k56jh,0.2083111347895578,0.7517314864144912,0.03995737879595098
0.0355625,0.8086249999999999,0.0,0.148,0.0,0.0,2020-05-01T01:45:36Z,ls7,qd9u988k56jh,0.14916535433070865,0.8149921259842519,0.03584251968503937
0.0,0.0,0.53125,0.0,0.0,1.0,2020-05-08T01:51:22Z,ls7,qd9u988k56jh,0.0,0.0,0.0
0.04445945945945946,0.5953378378378378,0.07499999999999996,0.16317567567567567,0.08108108108108109,0.10810810810810811,2020-05-09T02:10:38Z,ls8,qd9u988k56jh,0.16476843723561999,0.6011489442993986,0.04489342927579212
,,1.0,,,,2020-05-17T01:44:38Z,ls7,qd9u988k56jh,,,
,,1.0,,,,2020-05-25T02:10:41Z,ls8,qd9u988k56jh,,,
0.1616346153846154,0.14048076923076921,0.35,0.04115384615384616,0.4326923076923077,0.22115384615384615,2020-06-02T01:43:40Z,ls7,qd9u988k56jh,0.041499676793794446,0.14166127989657398,0.1629928894634777
0.010476190476190477,0.5047619047619047,0.60625,0.06873015873015872,0.36507936507936506,0.047619047619047616,2020-06-09T01:49:27Z,ls7,qd9u988k56jh,0.06912247548289949,0.5076431224841117,0.010535989334575906
,,1.0,,,,2020-06-10T02:10:50Z,ls8,qd9u988k56jh,,,
0.014153846153846152,0.022769230769230767,0.59375,0.008769230769230769,0.5384615384615384,0.4153846153846154,2020-06-18T01:42:44Z,ls7,qd9u988k56jh,0.008857808857808859,0.022999222999223003,0.014296814296814299
0.038130841121495326,0.1777570093457944,0.33125000000000004,0.07102803738317756,0.6355140186915887,0.07476635514018691,2020-06-25T01:48:30Z,ls7,qd9u988k56jh,0.07172212243903923,0.17949404852506928,0.038503455204115807
0.03625,0.3408125,0.0,0.1114375,0.4125,0.09375,2020-06-26T02:10:59Z,ls8,qd9u988k56jh,0.11263513945752303,0.3444752750767656,0.036639585465711354
0.06262773722627737,0.22343065693430655,0.14375000000000004,0.08277372262773723,0.5547445255474452,0.072992700729927,2020-07-04T01:41:47Z,ls7,qd9u988k56jh,0.08354363455401936,0.2255088759875249,0.06321026318108344
0.032978723404255325,0.28368794326241137,0.11875000000000002,0.07014184397163122,0.49645390070921985,0.11347517730496454,2020-07-11T01:47:32Z,ls7,qd9u988k56jh,0.0707334326813296,0.2860806175180165,0.033256871786469425
0.06243749999999999,0.2825625,0.0,0.106125,0.45625,0.0875,2020-07-12T02:11:05Z,ls8,qd9u988k56jh,0.10733063175394846,0.2857725477971737,0.0631468204488778
0.054213836477987415,0.27823899371069183,0.006249999999999978,0.09125786163522012,0.48427672955974843,0.0880503144654088,2020-07-20T01:40:49Z,ls7,qd9u988k56jh,0.09211124523074024,0.2808409020680874,0.05472080867601522
0.03230769230769231,0.5480769230769231,0.8375,0.10730769230769231,0.3076923076923077,0.0,2020-07-27T01:46:33Z,ls7,qd9u988k56jh,0.10802787816210635,0.5517552916881776,0.03252452245740836
,,1.0,,,,2020-07-28T02:11:10Z,ls8,qd9u988k56jh,,,
0.04824324324324325,0.3510810810810811,0.5375,0.10918918918918918,0.3918918918918919,0.0945945945945946,2020-08-05T01:39:49Z,ls7,qd9u988k56jh,0.11026280066939115,0.3545331140335127,0.04871759881060971
,,1.0,,,,2020-08-13T02:11:14Z,ls8,qd9u988k56jh,,,
,,1.0,,,,2020-08-21T01:38:48Z,ls7,qd9u988k56jh,,,
0.07833333333333334,0.20733333333333337,0.4375,0.12088888888888888,0.5111111111111111,0.07777777777777778,2020-08-28T01:44:31Z,ls7,qd9u988k56jh,0.12224347878898303,0.20965655461419336,0.07921107770793478
,,1.0,,,,2020-08-29T02:11:22Z,ls8,qd9u988k56jh,,,
0.04,0.4052482269503546,0.11875000000000002,0.13943262411347515,0.3475177304964539,0.06382978723404255,2020-09-22T01:36:41Z,ls7,qd9u988k56jh,0.1403797646945468,0.408001004814161,0.04027171276079573
0.043750000000000004,0.5387500000000001,0.95,0.2825,0.0,0.125,2020-09-30T02:11:33Z,ls8,qd9u988k56jh,0.28576589595375723,0.544978323699422,0.04425578034682081
0.005294117647058824,0.6756470588235295,0.46875,0.13823529411764707,0.023529411764705882,0.15294117647058825,2020-10-08T01:35:40Z,ls7,qd9u988k56jh,0.13896984903396947,0.6792373131932653,0.005322249537471172
,,1.0,,,,2020-10-16T02:11:34Z,ls8,qd9u988k56jh,,,
0.028787878787878793,0.8121212121212121,0.5875,0.1516666666666667,0.0,0.0,2020-10-24T01:34:38Z,ls7,qd9u988k56jh,0.15280109906884448,0.8181956953136925,0.029003205617462984
0.0,0.0,0.9875,0.0,0.0,1.0,2020-11-09T01:33:33Z,ls7,qd9u988k56jh,0.0,0.0,0.0
0.004666666666666667,0.75,0.625,0.14033333333333334,0.03333333333333333,0.06666666666666667,2020-11-16T01:39:15Z,ls7,qd9u988k56jh,0.1411173184357542,0.7541899441340782,0.004692737430167598
,,1.0,,,,2020-11-17T02:11:32Z,ls8,qd9u988k56jh,,,
0.03899999999999999,0.7678999999999999,0.375,0.1845,0.0,0.0,2020-11-25T01:32:26Z,ls7,qd9u988k56jh,0.18610046399031674,0.7745612265483155,0.03933830946136776
0.0440909090909091,0.7915454545454547,0.3125,0.1563636363636364,0.0,0.0,2020-12-02T01:38:06Z,ls7,qd9u988k56jh,0.15762463343108507,0.7979288856304986,0.044446480938416424
0.06123188405797101,0.7595652173913043,0.13749999999999996,0.1696376811594203,0.0,0.0,2020-12-03T02:11:35Z,ls8,qd9u988k56jh,0.1712759730757975,0.766900790166813,0.06182323675738952
0.024331210191082805,0.8476433121019109,0.018750000000000044,0.12140127388535034,0.0,0.0,2020-12-11T01:31:15Z,ls7,qd9u988k56jh,0.12221082328802257,0.8532957168504745,0.02449345986150295
0.04280254777070064,0.8256050955414013,0.018750000000000044,0.12363057324840766,0.0,0.0,2020-12-18T01:36:54Z,ls7,qd9u988k56jh,0.12462279293739971,0.83223113964687,0.04314606741573034
0.0540625,0.797875,0.0,0.1393125,0.0,0.0,2020-12-19T02:11:35Z,ls8,qd9u988k56jh,0.1405422446406053,0.8049180327868852,0.054539722572509455
0.05301724137931035,0.8127586206896552,0.275,0.1256896551724138,0.0,0.0,2020-12-27T01:30:04Z,ls7,qd9u988k56jh,0.1267715850795583,0.819754803930093,0.05347361099034867
0.039622641509433974,0.8483647798742138,0.006249999999999978,0.10389937106918241,0.0,0.0,2021-01-03T01:35:46Z,ls7,qd9u988k56jh,0.10474922325787842,0.8553040390590323,0.03994673768308923
,,1.0,,,,2021-01-04T02:11:30Z,ls8,qd9u988k56jh,,,
,,1.0,,,,2021-01-12T01:28:57Z,ls7,qd9u988k56jh,,,
0.02823529411764706,0.8135294117647058,0.89375,0.15235294117647058,0.0,0.0,2021-01-20T02:11:23Z,ls8,qd9u988k56jh,0.15325443786982249,0.8183431952662722,0.028402366863905328
0.014444444444444444,0.8638271604938271,0.49375,0.11580246913580246,0.0,0.0,2021-01-28T01:27:48Z,ls7,qd9u988k56jh,0.11649279682066566,0.868976651763537,0.014530551415797316
0.10957446808510639,0.6702127659574468,0.70625,0.20829787234042554,0.0,0.0,2021-02-04T01:33:28Z,ls7,qd9u988k56jh,0.2108096468561585,0.6782945736434108,0.11089577950043067
0.1325,0.6675,0.975,0.195,0.0,0.0,2021-02-05T02:11:21Z,ls8,qd9u988k56jh,0.19597989949748743,0.6708542713567839,0.13316582914572864
,,1.0,,,,2021-02-13T01:26:37Z,ls7,qd9u988k56jh,,,
0.03783783783783784,0.5114414414414414,0.30625,0.16549549549549547,0.22522522522522523,0.05405405405405406,2021-02-20T01:32:16Z,ls7,qd9u988k56jh,0.16687219107183812,0.5156959328877655,0.038152596761117055
0.035750000000000004,0.49556249999999996,0.0,0.150125,0.26875,0.04375,2021-02-21T02:11:17Z,ls8,qd9u988k56jh,0.15146060717233792,0.4999713381638081,0.036068054663853995
0.01041095890410959,0.8691780821917809,0.54375,0.11547945205479451,0.0,0.0,2021-03-01T01:25:24Z,ls7,qd9u988k56jh,0.11605176211453742,0.8734856828193833,0.010462555066079297
0.005308641975308642,0.8823456790123456,0.49375,0.1065432098765432,0.0,0.0,2021-03-08T01:31:02Z,ls7,qd9u988k56jh,0.10716503166521793,0.8874953433503042,0.005339624984477835
,,1.0,,,,2021-03-09T02:11:09Z,ls8,qd9u988k56jh,,,
,,1.0,,,,2021-03-16T02:17:15Z,ls8,qd9u988k56jh,,,
0.035625000000000004,0.75375,0.9,0.2,0.0,0.0,2021-03-17T01:24:08Z,ls7,qd9u988k56jh,0.2021478205938092,0.7618445988629184,0.036007580543272265
0.04,0.776923076923077,0.91875,0.17307692307692307,0.0,0.0,2021-03-24T01:29:46Z,ls7,qd9u988k56jh,0.1748251748251748,0.7847707847707848,0.040404040404040394
,,1.0,,,,2021-03-25T02:11:02Z,ls8,qd9u988k56jh,,,
0.021176470588235293,0.8010588235294118,0.46875,0.1704705882352941,0.0,0.0,2021-04-02T01:22:51Z,ls7,qd9u988k56jh,0.17172315714624314,0.8069447736430434,0.02133206921071344
0.08375,0.65825,0.75,0.24775,0.0,0.0,2021-04-09T01:28:27Z,ls7,qd9u988k56jh,0.2503157362970447,0.6650669360949735,0.08461732760798182
,,1.0,,,,2021-04-10T02:10:58Z,ls8,qd9u988k56jh,,,
0.02595588235294118,0.6183088235294117,0.15000000000000002,0.15911764705882353,0.15441176470588236,0.03676470588235294,2021-04-18T01:21:31Z,ls7,qd9u988k56jh,0.16019532469769895,0.6224965274412895,0.02613167727277622
0.03245283018867925,0.7020754716981131,0.66875,0.25905660377358486,0.0,0.0,2021-04-25T01:27:06Z,ls7,qd9u988k56jh,0.2607292062286365,0.7066084314470186,0.03266236232434486
0.039,0.743375,0.0,0.20843749999999997,0.0,0.0,2021-04-26T02:10:50Z,ls8,qd9u988k56jh,0.21037027691919508,0.7502680880590424,0.039361635021762445
0.0265625,0.49187499999999995,0.0,0.16262500000000002,0.25625,0.05625,2021-05-12T02:10:47Z,ls8,qd9u988k56jh,0.164162154721483,0.4965242727356152,0.026813572542901717
0.03814516129032258,0.5567741935483871,0.22499999999999998,0.17443548387096777,0.12096774193548387,0.10483870967741936,2021-05-20T01:18:49Z,ls7,qd9u988k56jh,0.17553256238587953,0.5602759180361128,0.038385067965104484
0.07465116279069768,0.2744186046511628,0.4625,0.13430232558139535,0.4186046511627907,0.09302325581395349,2021-06-05T01:17:27Z,ls7,qd9u988k56jh,0.13569154857874918,0.27725719016956546,0.07542335427494111
0.033760000000000005,0.07863999999999999,0.21875,0.06096,0.72,0.104,2021-06-12T01:23:04Z,ls7,qd9u988k56jh,0.06188832487309645,0.07983756345177664,0.034274111675126916
0.048562499999999995,0.131375,0.0,0.08575,0.60625,0.125,2021-06-13T02:11:04Z,ls8,qd9u988k56jh,0.08673841449070807,0.13288932015996238,0.049122265349329564
,,1.0,,,,2021-06-21T01:16:09Z,ls7,qd9u988k56jh,,,
,,1.0,,,,2021-06-29T02:11:08Z,ls8,qd9u988k56jh,,,
0.1875206611570248,0.08735537190082644,0.24375000000000002,0.11892561983471073,0.39669421487603307,0.2066115702479339,2021-07-07T01:14:49Z,ls7,qd9u988k56jh,0.11979915534241585,0.08799701681510323,0.18889804271851396
0.17291666666666664,0.16541666666666666,0.85,0.15666666666666665,0.375,0.125,2021-07-15T02:11:09Z,ls8,qd9u988k56jh,0.15824915824915828,0.16708754208754212,0.17466329966329966
,,1.0,,,,2021-07-23T01:13:27Z,ls7,qd9u988k56jh,,,
0.0115625,0.027875,0.0,0.028250000000000004,0.7375,0.19375,2021-07-31T02:11:17Z,ls8,qd9u988k56jh,0.028693444136657413,0.02831255771006461,0.011743998153277922
0.0,0.0,0.625,0.0,0.9333333333333333,0.06666666666666667,2021-08-15T01:17:35Z,ls7,qd9u988k56jh,0.0,0.0,0.0
0.044062500000000004,0.0649375,0.0,0.05112500000000001,0.75625,0.08125,2021-08-16T02:11:23Z,ls8,qd9u988k56jh,0.051883294301327106,0.06590066354410617,0.04471604215456675
0.03459016393442624,0.03918032786885246,0.61875,0.023770491803278688,0.819672131147541,0.08196721311475409,2021-08-24T01:10:38Z,ls7,qd9u988k56jh,0.023970243835239005,0.03950957432153189,0.034880837580934014
,,1.0,,,,2021-09-16T01:14:48Z,ls7,qd9u988k56jh,,,
0.00853658536585366,0.04560975609756098,0.74375,0.01902439024390244,0.7073170731707317,0.21951219512195122,2021-09-17T02:11:32Z,ls8,qd9u988k56jh,0.019024390243902446,0.045609756097560995,0.008536585365853663
0.035812500000000004,0.160375,0.0,0.08212500000000002,0.5875,0.13125,2021-09-25T01:07:49Z,ls7,qd9u988k56jh,0.08299180327868853,0.16206770716370983,0.03619048955760162
0.03350000000000001,0.1585,0.0,0.0925,0.5875,0.125,2021-10-03T02:11:36Z,ls8,qd9u988k56jh,0.09347539543057995,0.1601713532513181,0.033853251318101935
0.04773584905660378,0.4439622641509434,0.3375,0.16358490566037737,0.24528301886792453,0.09433962264150944,2021-11-03T01:10:29Z,ls7,qd9u988k56jh,0.16485665701448912,0.4474137415860357,0.04810695989004124
0.047745098039215686,0.21686274509803924,0.36250000000000004,0.12352941176470587,0.49019607843137253,0.11764705882352941,2021-11-04T02:11:39Z,ls8,qd9u988k56jh,0.1248087009494376,0.21910860833345713,0.048239553462203266
0.030350877192982458,0.5559649122807017,0.2875,0.13649122807017544,0.21052631578947367,0.06140350877192982,2021-11-12T01:03:26Z,ls7,qd9u988k56jh,0.137485096235735,0.5600132004769205,0.030571878725941075
0.05619718309859155,0.6708450704225353,0.55625,0.26309859154929577,0.0,0.0,2021-11-18T02:13:25Z,ls9,qd9u988k56jh,0.2657183499288762,0.6775248933143669,0.05675675675675675
0.012253521126760564,0.8290140845070423,0.55625,0.15309859154929578,0.0,0.0,2021-11-19T01:08:56Z,ls7,qd9u988k56jh,0.15396600566572236,0.8337110481586402,0.012322946175637393
0.04187500000000001,0.7623125,0.0,0.186375,0.0,0.0,2021-11-20T02:11:34Z,ls8,qd9u988k56jh,0.18815067196668564,0.7695753675310746,0.0422739605022399
0.014322580645161292,0.8325806451612904,0.03125,0.14541935483870969,0.0,0.0,2021-11-28T01:01:54Z,ls7,qd9u988k56jh,0.14654443794291658,0.8390221702099993,0.014433391847084065
,,1.0,,,,2021-12-05T01:07:25Z,ls7,qd9u988k56jh,,,
0.0390625,0.7966875,0.0,0.1535625,0.0,0.0,2021-12-06T02:11:36Z,ls8,qd9u988k56jh,0.15522142902267988,0.8052940804851854,0.03948449049213469
0.041625,0.8030000000000002,0.0,0.14387500000000003,0.0,0.0,2021-12-14T02:11:32Z,ls9,qd9u988k56jh,0.14554881133029843,0.8123419322205362,0.0421092564491654
0.0375,0.8060625,0.0,0.14475,0.0,0.0,2021-12-22T02:11:33Z,ls8,qd9u988k56jh,0.1464617719597799,0.8155947638019351,0.03794346423828495
0.013375000000000003,0.8540625000000001,0.0,0.12375000000000003,0.0,0.0,2021-12-30T00:58:48Z,ls7,qd9u988k56jh,0.12485024276436095,0.8616558421085818,0.013493915127057193
,,1.0,,,,2022-01-06T01:04:17Z,ls7,qd9u988k56jh,,,
0.0396875,0.82075,0.0,0.127375,0.0,0.0,2022-01-07T02:11:29Z,ls8,qd9u988k56jh,0.12894653590635874,0.8308763049667827,0.04017715912685859
0.009312500000000001,0.5789375,0.0,0.080375,0.0,0.325,2022-01-15T00:57:16Z,ls7,qd9u988k56jh,0.08114133482894,0.5844573752103197,0.009401289960740326
,,1.0,,,,2022-01-22T01:02:46Z,ls7,qd9u988k56jh,,,
0.044187500000000005,0.8426874999999999,0.0,0.10018750000000001,0.0,0.0,2022-01-23T02:11:25Z,ls8,qd9u988k56jh,0.10150066485151651,0.8537326663711771,0.04476666877730641
0.051125,0.6455,0.0,0.1405,0.0,0.2375,2022-01-31T00:55:42Z,ls7,qd9u988k56jh,0.12797521278184262,0.5879572943108854,0.046567492907271905
,,1.0,,,,2022-02-07T01:01:11Z,ls7,qd9u988k56jh,,,
0.0389375,0.834,0.0,0.113375,0.0,0.0,2022-02-08T02:11:21Z,ls8,qd9u988k56jh,0.11494835561751475,0.8455737912679805,0.03947785311450479
0.05443750000000001,0.6238124999999999,0.0,0.12250000000000001,0.0,0.275,2022-02-16T00:54:03Z,ls7,qd9u988k56jh,0.1109116453325008,0.5648005775835153,0.049287777083983776
,,1.0,,,,2022-02-23T00:59:35Z,ls7,qd9u988k56jh,,,
0.0390625,0.8311250000000001,0.0,0.116375,0.0,0.0,2022-02-24T02:11:16Z,ls8,qd9u988k56jh,0.117960088691796,0.8424453595185303,0.039594551789673735
0.06924999999999999,0.8546250000000001,0.0,0.1535625,0.0,0.0375,2022-03-04T00:52:32Z,ls7,qd9u988k56jh,0.13718095597192412,0.7634564069841638,0.06186263704391205
0.04373493975903615,0.7818072289156627,0.48124999999999996,0.16120481927710845,0.0,0.0,2022-03-12T02:11:12Z,ls8,qd9u988k56jh,0.16336996336996337,0.7923076923076923,0.044322344322344324
0.6255,0.167,0.0,0.134375,0.0,0.06875,2022-03-20T00:50:56Z,ls7,qd9u988k56jh,0.1350092717464599,0.16778826702629807,0.6284524612272421
0.016307692307692308,0.7473846153846153,0.1875,0.19146153846153846,0.0,0.038461538461538464,2022-03-27T00:56:28Z,ls7,qd9u988k56jh,0.19274134096554973,0.7523804213825958,0.01641669919031601
,,1.0,,,,2022-03-28T02:11:00Z,ls8,qd9u988k56jh,,,
0.057562499999999996,0.5935,0.0,0.250625,0.04375,0.13125,2022-04-05T00:49:24Z,ls7,qd9u988k56jh,0.2293096277812435,0.5430234976086505,0.05266687461010606
0.0345,0.5263125000000001,0.0,0.1940625,0.06875,0.16875,2022-04-13T02:11:04Z,ls8,qd9u988k56jh,0.1960227272727272,0.5316287878787879,0.034848484848484844
0.0354375,0.250125,0.0,0.1163125,0.4375,0.15625,2022-04-29T02:11:00Z,ls8,qd9u988k56jh,0.11757873250388802,0.2528479782270607,0.03582328926905132
0.23581250000000004,0.26575000000000004,0.0,0.18656250000000002,0.2,0.10625,2022-05-15T02:11:10Z,ls8,qd9u988k56jh,0.18808753405994552,0.2679223433242507,0.23774012261580385
0.03887500000000001,0.18837500000000001,0.0,0.10606249999999999,0.5625,0.1,2022-05-31T02:11:13Z,ls8,qd9u988k56jh,0.10739499343708982,0.1907416088505532,0.03936339771235703
0.03775,0.1385625,0.0,0.095,0.5875,0.1375,2022-06-16T02:11:25Z,ls8,qd9u988k56jh,0.09629117714812253,0.14044574982722874,0.03826307302464869
0.0455625,0.1498125,0.0,0.09481250000000001,0.58125,0.125,2022-07-02T02:11:29Z,ls8,qd9u988k56jh,0.09597646995477062,0.15165167994830925,0.04612185009692009
0.0386875,0.11481249999999998,0.0,0.08725000000000001,0.6125,0.14375,2022-07-18T02:11:29Z,ls8,qd9u988k56jh,0.08833722741433023,0.11624318535825544,0.039169587227414336
,,1.0,,,,2022-08-03T02:11:41Z,ls8,qd9u988k56jh,,,
0.027375,0.03831249999999999,0.0,0.0388125,0.775,0.11875,2022-08-19T02:11:46Z,ls8,qd9u988k56jh,0.03946247009569377,0.03895409688995214,0.027833433014354064
,,1.0,,,,2022-10-06T02:11:50Z,ls8,qd9u988k56jh,,,
0.19,0.44,0.9875,0.36,0.0,0.0,2022-10-22T02:11:50Z,ls8,qd9u988k56jh,0.36363636363636365,0.4444444444444445,0.19191919191919193
,,1.0,,,,2022-11-07T02:11:52Z,ls8,qd9u988k56jh,,,
,,1.0,,,,2022-11-23T02:11:47Z,ls8,qd9u988k56jh,,,
0.013809523809523808,0.3242857142857143,0.86875,0.08761904761904761,0.0,0.5714285714285714,2022-12-09T02:11:47Z,ls8,qd9u988k56jh,0.08820709491850431,0.3264621284755513,0.013902205177372963
0.0336875,0.7953125,0.0,0.1588125,0.0,0.0,2022-12-25T02:11:38Z,ls8,qd9u988k56jh,0.16077190762416957,0.805124960455552,0.0341031319202784
,,1.0,,,,2023-01-10T02:11:37Z,ls8,qd9u988k56jh,,,
0.0411875,0.8213750000000001,0.0,0.12462500000000001,0.0,0.0,2023-01-26T02:11:36Z,ls8,qd9u988k56jh,0.12624248179803735,0.8320354542576764,0.04172206394428617
0.037750000000000006,0.8208125000000001,0.0,0.1285625,0.0,0.0,2023-02-11T02:11:33Z,ls8,qd9u988k56jh,0.1302393313916677,0.8315182980878815,0.03824237052045081
,,1.0,,,,2023-02-27T02:11:18Z,ls8,qd9u988k56jh,,,
0.0361875,0.8021250000000002,0.0,0.14925000000000002,0.0,0.0,2023-03-15T02:11:12Z,ls8,qd9u988k56jh,0.15112967533700397,0.8122270742358079,0.03664325042718814
,,1.0,,,,2023-03-31T02:11:02Z,ls8,qd9u988k56jh,,,
,,1.0,,,,2023-04-16T02:10:47Z,ls8,qd9u988k56jh,,,
0.045500000000000006,0.7276875,0.0,0.2168125,0.0,0.0,2023-05-02T02:10:42Z,ls8,qd9u988k56jh,0.21900252525252525,0.7350378787878789,0.045959595959595964
0.0443125,0.7311875000000001,0.0,0.208875,0.00625,0.0,2023-05-18T02:10:30Z,ls8,qd9u988k56jh,0.2108642857142857,0.7381511904761905,0.0447345238095238
0.045750000000000006,0.3563125,0.0,0.148,0.275,0.16875,2023-06-03T02:10:34Z,ls8,qd9u988k56jh,0.1496648108169526,0.36032056016361774,0.04626462901942961
0.031019108280254778,0.0715923566878981,0.018750000000000044,0.029426751592356682,0.46496815286624205,0.4012738853503185,2023-06-19T02:10:42Z,ls8,qd9u988k56jh,0.029810023320766533,0.07252481864186493,0.03142311982080802
0.008124999999999999,0.0013125,0.0,0.0029375,0.675,0.3125,2023-07-05T02:10:53Z,ls8,qd9u988k56jh,0.002967171717171707,0.0013257575757575713,0.008207070707070677
0.0310625,0.4179375,0.0,0.14525000000000002,0.3125,0.0875,2023-07-21T02:10:56Z,ls8,qd9u988k56jh,0.14665544804375263,0.42198148927219176,0.03136306268405553
0.09850746268656715,0.3619402985074627,0.16249999999999998,0.16753731343283584,0.3283582089552239,0.03731343283582089,2023-08-06T02:11:06Z,ls8,qd9u988k56jh,0.169229609528117,0.36559626111864907,0.09950248756218903
0.05219178082191781,0.3358219178082192,0.08750000000000002,0.14143835616438355,0.3698630136986301,0.0958904109589041,2023-08-22T02:11:13Z,ls8,qd9u988k56jh,0.14271916922149963,0.3388629959772459,0.05266441014372045
0.040375,0.49625,0.0,0.18193750000000003,0.1375,0.1375,2023-09-07T02:11:12Z,ls8,qd9u988k56jh,0.18356745237888147,0.5006958336957468,0.040736713925371835
,,1.0,,,,2023-09-23T02:11:18Z,ls8,qd9u988k56jh,,,
0.1048529411764706,0.5436764705882353,0.15000000000000002,0.16242647058823528,0.0,0.18382352941176472,2023-10-09T02:11:23Z,ls8,qd9u988k56jh,0.16347210295851045,0.5471764279199757,0.10552793970974916
0.04843750000000001,0.769625,0.0,0.1718125,0.0,0.0,2023-10-25T02:11:26Z,ls8,qd9u988k56jh,0.17356989518878646,0.7774971587321631,0.04893294607905039
,,1.0,,,,2023-11-10T02:11:22Z,ls8,qd9u988k56jh,,,
,,1.0,,,,2023-11-26T02:11:29Z,ls8,qd9u988k56jh,,,
0.03912500000000001,0.819125,0.0,0.13125,0.0,0.0,2023-12-12T02:11:24Z,ls8,qd9u988k56jh,0.13264274886306215,0.8278170793329965,0.03954017180394139
0.033999999999999996,0.8124375,0.0,0.1429375,0.0,0.0,2023-12-28T02:11:25Z,ls8,qd9u988k56jh,0.144472520530638,0.8211623499684143,0.03436512950094756
0.046000000000000006,0.8148125,0.0,0.128375,0.0,0.0,2024-01-05T02:11:28Z,ls9,qd9u988k56jh,0.12977822708030579,0.823718961268718,0.04650281165097618
,,1.0,,,,2024-01-13T02:11:22Z,ls8,qd9u988k56jh,,,
0.0425,0.794125,0.0,0.15231250000000002,0.0,0.0,2024-01-21T02:11:29Z,ls9,qd9u988k56jh,0.15401630537824687,0.8030082790874044,0.042975415534348735
0.044562500000000005,0.8144375,0.0,0.1289375,0.0,0.0,2024-01-29T02:11:16Z,ls8,qd9u988k56jh,0.1305117985702537,0.8243816030872397,0.045106598342506486
0.0566875,0.8122499999999999,0.0,0.11962500000000001,0.0,0.0,2024-02-06T02:11:33Z,ls9,qd9u988k56jh,0.12100904090535503,0.8216475943604982,0.057343364734146814
0.0505,0.8246249999999999,0.0,0.11281250000000002,0.0,0.0,2024-02-14T02:11:19Z,ls8,qd9u988k56jh,0.11418991586006204,0.8346934902258493,0.0511165939140887
0.058875,0.8044374999999999,0.0,0.12437500000000001,0.0,0.0,2024-02-22T02:11:20Z,ls9,qd9u988k56jh,0.1259254571916725,0.8144656077959881,0.05960893501233943
0.0328125,0.7904375,0.0,0.16681249999999997,0.0,0.0,2024-03-01T02:11:13Z,ls8,qd9u988k56jh,0.16848683795214947,0.7983713149422386,0.03314184710561202
0.0515625,0.785875,0.0,0.15137499999999998,0.0,0.0,2024-03-09T02:11:25Z,ls9,qd9u988k56jh,0.153087668288983,0.7947664496555212,0.05214588205549586
0.074,0.6159999999999999,0.875,0.2975,0.0,0.0,2024-03-17T02:11:03Z,ls8,qd9u988k56jh,0.3012658227848102,0.6237974683544304,0.07493670886075951
0.06612500000000002,0.79425,0.0,0.12775,0.0,0.0,2024-03-25T02:11:20Z,ls9,qd9u988k56jh,0.1292852624920936,0.8037950664136623,0.06691967109424417
0.0550625,0.7995625,0.0,0.133375,0.0,0.0,2024-04-02T02:10:51Z,ls8,qd9u988k56jh,0.13499493927125505,0.8092737854251012,0.055731275303643725
0.0641875,0.7866250000000001,0.0,0.1375,0.0,0.0,2024-04-10T02:11:12Z,ls9,qd9u988k56jh,0.13912603554037817,0.7959274015050909,0.06494656295453108
0.04868750000000001,0.8071874999999998,0.0,0.1316875,0.0,0.0,2024-04-18T02:10:43Z,ls8,qd9u988k56jh,0.1333459907600785,0.8173533320675905,0.04930067717233088
0.040125,0.7435,0.0,0.20625,0.0,0.0,2024-05-04T02:10:34Z,ls8,qd9u988k56jh,0.20835964136885968,0.7511049374921076,0.040535421139032704
,,1.0,,,,2024-05-20T02:10:21Z,ls8,qd9u988k56jh,,,
0.030373831775700938,0.48401869158878497,0.33125000000000004,0.207196261682243,0.04672897196261682,0.22429906542056074,2024-05-28T02:10:36Z,ls9,qd9u988k56jh,0.2093162596971241,0.48897109110122033,0.030684611818477828
0.048875,0.203125,0.0,0.09993750000000001,0.525,0.11875,2024-06-05T02:10:19Z,ls8,qd9u988k56jh,0.1011620937666489,0.20561401172083107,0.049473894512519975
0.0325,0.1056875,0.0,0.0709375,0.63125,0.15625,2024-06-13T02:10:30Z,ls9,qd9u988k56jh,0.072082337118948,0.10739315600717275,0.03302450687387926
0.0813125,0.12725,0.0,0.0750625,0.58125,0.13125,2024-06-21T02:10:28Z,ls8,qd9u988k56jh,0.07608803437637726,0.1289885412075804,0.08242342441604229
0.09891304347826087,0.07108695652173913,0.7125,0.04521739130434783,0.5869565217391305,0.1956521739130435,2024-06-29T02:10:21Z,ls9,qd9u988k56jh,0.04567413263065436,0.07180500658761527,0.0999121651295564
0.0345625,0.1545625,0.0,0.088875,0.6,0.11875,2024-07-15T02:10:41Z,ls9,qd9u988k56jh,0.08991400629496403,0.15636943570143885,0.034966558003597124
0.0235,0.0609375,0.0,0.044875,0.76875,0.1,2024-07-31T02:10:43Z,ls9,qd9u988k56jh,0.04554736587723536,0.06185053165780568,0.023852102464958908
,,1.0,,,,2024-08-08T02:10:46Z,ls8,qd9u988k56jh,,,
,,1.0,,,,2024-08-16T02:10:50Z,ls9,qd9u988k56jh,,,
,,1.0,,,,2024-08-24T02:11:00Z,ls8,qd9u988k56jh,,,
,,1.0,,,,2024-09-01T02:11:00Z,ls9,qd9u988k56jh,,,
0.029312500000000002,0.04625,0.0,0.035500000000000004,0.775,0.1125,2024-09-09T02:11:08Z,ls8,qd9u988k56jh,0.035959482273494645,0.046848621271806404,0.02969189645469892
0.039375,0.1399375,0.0,0.08574999999999999,0.6375,0.09375,2024-09-17T02:11:04Z,ls9,qd9u988k56jh,0.08694293798632399,0.14188428436689463,0.03992277764678143
0.028875,0.168125,0.0,0.09306250000000002,0.58125,0.125,2024-09-25T02:11:07Z,ls8,qd9u988k56jh,0.09424558284852404,0.17026233570351212,0.029242081447963798
0.0356875,0.307875,0.0,0.12025000000000001,0.44375,0.0875,2024-10-11T02:11:13Z,ls8,qd9u988k56jh,0.12153011723487402,0.31115247271257246,0.03606741005255356
,,1.0,,,,2024-10-19T02:11:21Z,ls9,qd9u988k56jh,,,
0.035187500000000003,0.450875,0.0,0.1393125,0.30625,0.0625,2024-10-27T02:11:16Z,ls8,qd9u988k56jh,0.14062125224865077,0.455110683589846,0.03551806416150309
,,1.0,,,,2024-11-04T02:11:20Z,ls9,qd9u988k56jh,,,
0.0364375,0.7823749999999999,0.0,0.17043750000000002,0.0,0.0,2024-11-12T02:11:14Z,ls8,qd9u988k56jh,0.17228961334344203,0.7908769269648723,0.03683345969168562
0.033937499999999995,0.7863125,0.0,0.16875,0.0,0.0,2024-11-20T02:11:26Z,ls9,qd9u988k56jh,0.1706268958543984,0.7950581395348838,0.034314964610717896
0.03937500000000001,0.7971874999999999,0.0,0.15331250000000002,0.0,0.0,2024-11-28T02:11:26Z,ls8,qd9u988k56jh,0.1548806667508524,0.8053415835332743,0.03977774971587322
0.038875,0.802875,0.0,0.147,0.0,0.0,2024-12-06T02:11:24Z,ls9,qd9u988k56jh,0.1486725663716814,0.8120101137800253,0.0393173198482933
0.045562500000000006,0.8091250000000001,0.0,0.13356250000000003,0.0,0.0,2024-12-14T02:11:14Z,ls8,qd9u988k56jh,0.13515051859347332,0.8187452567670125,0.046104224639514295
0.042375,0.8171875,0.0,0.12862500000000002,0.0,0.0,2024-12-22T02:11:25Z,ls9,qd9u988k56jh,0.13016254506356337,0.8269559167668079,0.042881538169628745
0.05018181818181819,0.7873636363636364,0.3125,0.15054545454545457,0.0,0.0,2024-12-30T02:11:17Z,ls8,qd9u988k56jh,0.15235992271598126,0.7968534363786917,0.050786640905327085
0.033875,0.8098749999999999,0.0,0.1324375,0.00625,0.00625,2025-01-07T02:11:21Z,ls9,qd9u988k56jh,0.13397224534221144,0.8192601959152316,0.03426755874255715
0.043625000000000004,0.8271875000000002,0.0,0.11674999999999999,0.0,0.0,2025-01-15T02:11:20Z,ls8,qd9u988k56jh,0.1182203657996329,0.837605214859819,0.04417441934054806
0.0323125,0.8283750000000001,0.0,0.1269375,0.0,0.0,2025-01-31T02:11:18Z,ls8,qd9u988k56jh,0.128528034426022,0.838754588026832,0.03271737754714593
0.03175,0.8262499999999999,0.0,0.130375,0.0,0.0,2025-02-08T02:11:22Z,ls9,qd9u988k56jh,0.1319084355634248,0.8359681295055014,0.03212343493107373
0.03881250000000001,0.8351875,0.0,0.11350000000000002,0.0,0.0,2025-02-16T02:11:14Z,ls8,qd9u988k56jh,0.1149367088607595,0.845759493670886,0.03930379746835443
0.029875000000000002,0.8304375,0.0,0.1275,0.0,0.0,2025-02-24T02:11:22Z,ls9,qd9u988k56jh,0.12907307813982916,0.8406833280607402,0.03024359379943056
,,1.0,,,,2025-03-04T02:11:06Z,ls8,qd9u988k56jh,,,
,,1.0,,,,2025-03-12T02:11:17Z,ls9,qd9u988k56jh,,,
0.034375,0.8184374999999999,0.0,0.1350625,0.0,0.0,2025-03-20T02:10:55Z,ls8,qd9u988k56jh,0.13672023282297863,0.8284828546121725,0.0347969125648488
0.03874999999999999,0.8321874999999999,0.0,0.1171875,0.0,0.0,2025-03-28T02:11:06Z,ls9,qd9u988k56jh,0.118595825426945,0.8421884882985452,0.0392156862745098
,,1.0,,,,2025-04-13T02:11:07Z,ls9,qd9u988k56jh,,,
0.009875,0.3896875,0.0,0.0660625,0.13125,0.4,2025-04-21T02:10:41Z,ls8,qd9u988k56jh,0.06650587248322147,0.3923028523489933,0.009941275167785235
0.044437500000000005,0.78525,0.0,0.1590625,0.0,0.0,2025-04-29T02:10:58Z,ls9,qd9u988k56jh,0.1608723135271808,0.7941845764854615,0.04494310998735778
0.0379375,0.7865,0.0,0.1651875,0.0,0.0,2025-05-07T02:10:37Z,ls8,qd9u988k56jh,0.16691928760894278,0.7947454844006568,0.03833522799040041
0.04237500000000001,0.7980625,0.0,0.1483125,0.0,0.0,2025-05-15T02:10:47Z,ls9,qd9u988k56jh,0.15000000000000002,0.8071428571428572,0.042857142857142864
0.1595,0.26799999999999996,0.625,0.11833333333333333,0.23333333333333334,0.21666666666666667,2025-05-23T02:10:42Z,ls8,qd9u988k56jh,0.11923664122137405,0.27004580152671753,0.1607175572519084
0.025625000000000002,0.19356250000000003,0.0,0.0958125,0.30625,0.375,2025-05-31T02:10:41Z,ls9,qd9u988k56jh,0.09695312499999997,0.19586681547619045,0.02593005952380952
0.0378125,0.3381875,0.0,0.1184375,0.34375,0.15625,2025-06-08T02:10:46Z,ls8,qd9u988k56jh,0.11976994058905323,0.3419921628112754,0.03823789659967135
0.03598540145985401,0.2867153284671533,0.14375000000000004,0.12503649635036496,0.3722627737226277,0.17518248175182483,2025-06-16T02:10:50Z,ls9,qd9u988k56jh,0.1263818515442228,0.2898002993962097,0.03637259358511491
0.1189655172413793,0.19724137931034486,0.81875,0.09482758620689656,0.4827586206896552,0.10344827586206896,2025-06-24T02:10:58Z,ls8,qd9u988k56jh,0.09546401295996296,0.19856514695672295,0.11976394353158987
,,1.0,,,,2025-07-02T02:10:57Z,ls9,qd9u988k56jh,,,
0.044,0.0826875,0.0,0.0578125,0.70625,0.10625,2025-07-10T02:11:00Z,ls8,qd9u988k56jh,0.05875254065040649,0.08403201219512192,0.04471544715447153
,,1.0,,,,2025-07-18T02:11:03Z,ls9,qd9u988k56jh,,,
0.0336875,0.058875,0.0,0.0429375,0.8,0.0625,2025-07-26T02:11:07Z,ls8,qd9u988k56jh,0.04357126383763836,0.05974400369003687,0.03418473247232471
0.0526875,0.08925,0.0,0.055562499999999994,0.7,0.1,2025-08-03T02:11:10Z,ls9,qd9u988k56jh,0.05626582278481014,0.09037974683544306,0.05335443037974685
0.5251592356687899,0.14751592356687898,0.018750000000000044,0.09936305732484077,0.11464968152866242,0.10191082802547771,2025-08-11T02:11:15Z,ls8,qd9u988k56jh,0.10083042695285385,0.14969440309154455,0.5329146604014615
0.0,0.0,0.56875,0.0,0.9565217391304348,0.043478260869565216,2025-08-19T02:11:20Z,ls9,qd9u988k56jh,0.0,0.0,0.0
0.13067226890756303,0.03689075630252101,0.25625,0.03168067226890756,0.6050420168067226,0.19327731092436976,2025-08-27T02:11:17Z,ls8,qd9u988k56jh,0.032068162566587156,0.03734197179504447,0.13227053790727594
0.0975,0.0816875,0.0,0.0543125,0.7,0.0625,2025-09-04T02:11:25Z,ls9,qd9u988k56jh,0.0552429068522484,0.08308685760171307,0.09917023554603856
0.034625,0.06,0.0,0.040874999999999995,0.79375,0.06875,2025-09-12T02:11:23Z,ls8,qd9u988k56jh,0.041478321033210336,0.06088560885608857,0.03513607011070111
0.0296875,0.060187500000000005,0.0,0.0396875,0.79375,0.075,2025-09-20T02:11:28Z,ls9,qd9u988k56jh,0.04020441389290884,0.06097141823444285,0.03007416787264834
,,1.0,,,,2025-09-28T02:11:28Z,ls8,qd9u988k56jh,,,
0.0326875,0.05387499999999999,0.0,0.042749999999999996,0.8,0.06875,2025-10-06T02:11:32Z,ls9,qd9u988k56jh,0.043390526824552904,0.05468221362977281,0.03317725954567423
0.042625,0.0880625,0.0,0.061,0.7125,0.09375,2025-10-14T02:11:31Z,ls8,qd9u988k56jh,0.06165634170198891,0.0890100260841213,0.0430836322138898
,,1.0,,,,2025-10-30T02:11:31Z,ls8,qd9u988k56jh,,,
0.08924242424242422,0.21196969696969695,0.5875,0.1031818181818182,0.3939393939393939,0.19696969696969696,2025-11-07T02:11:36Z,ls9,qd9u988k56jh,0.10438025818318065,0.21443169045267213,0.09027896045505636
0.04328671328671329,0.27356643356643356,0.10624999999999996,0.10419580419580421,0.46853146853146854,0.1048951048951049,2025-11-15T02:11:31Z,ls8,qd9u988k56jh,0.1055629306750383,0.27715582872533545,0.04385466717305282
,,1.0,,,,2025-11-23T02:11:34Z,ls9,qd9u988k56jh,,,
0.038561643835616444,0.6396575342465753,0.08750000000000002,0.13445205479452058,0.11643835616438356,0.06164383561643835,2025-12-01T02:11:30Z,ls8,qd9u988k56jh,0.13598185061392726,0.6469355592885717,0.03900039831667908
0.036,0.7925000000000001,0.0,0.16012500000000002,0.0,0.0,2025-12-09T02:11:34Z,ls9,qd9u988k56jh,0.16196737893539007,0.8016184094070047,0.03641421165760526
,,1.0,,,,2025-12-17T02:11:30Z,ls8,qd9u988k56jh,,,
0.035625000000000004,0.82325,0.0,0.127,0.0,0.0,2025-12-25T02:11:40Z,ls9,qd9u988k56jh,0.1288195765183213,0.8350450107772284,0.036135412704450365
0.04083333333333334,0.7993181818181817,0.17500000000000004,0.1462121212121212,0.0,0.0,2026-01-02T02:11:26Z,ls8,qd9u988k56jh,0.14823348694316438,0.8103686635944699,0.0413978494623656
0.038250000000000006,0.8241250000000001,0.0,0.1221875,0.0,0.0,2026-01-10T02:11:32Z,ls9,qd9u988k56jh,0.12410334539452801,0.8370469116993589,0.03884974290611312
0.029125,0.7994375,0.0,0.1584375,0.0,0.0,2026-02-11T02:11:28Z,ls9,qd9u988k56jh,0.1605243161094225,0.809967071935157,0.02950861195542047
0.04075,0.8194375,0.0,0.1249375,0.0,0.0,2026-02-19T02:11:16Z,ls8,qd9u988k56jh,0.12682400710569725,0.83181068392336,0.041365308970942774
0.05951219512195123,0.7440243902439024,0.48750000000000004,0.18341463414634146,0.0,0.0,2026-02-27T02:11:23Z,ls9,qd9u988k56jh,0.1858396144816508,0.7538613616705794,0.06029902384776968
,,1.0,,,,2026-03-07T02:11:08Z,ls8,qd9u988k56jh,,,
0.03912500000000001,0.8258125,0.0,0.11931250000000002,0.0,0.0,2026-03-15T02:11:13Z,ls9,qd9u988k56jh,0.12122174244348491,0.8390271780543561,0.03975107950215901
