bare_soil,dry_vegetation,pc_missing,green_vegetation,water,wetness,date,ard_product,nwi_id,norm_pv,norm_npv,norm_bs
0.056666666666666664,0.62,0.0,0.31,0.0,0.0,1986-08-16T01:32:51Z,ls5,qd9v91nbhkdv,0.3141891891891892,0.6283783783783784,0.057432432432432436
,,1.0,,,,1987-05-31T01:35:27Z,ls5,qd9v91nbhkdv,,,
0.0,0.7200000000000001,0.0,0.2733333333333334,0.0,0.0,1987-09-04T01:37:49Z,ls5,qd9v91nbhkdv,0.2751677852348994,0.7248322147651007,0.0
0.013333333333333334,0.7766666666666667,0.0,0.20333333333333334,0.0,0.0,1987-10-22T01:38:48Z,ls5,qd9v91nbhkdv,0.2046979865771812,0.7818791946308725,0.013422818791946308
0.043333333333333335,0.7266666666666667,0.0,0.22333333333333336,0.0,0.0,1987-11-07T01:39:08Z,ls5,qd9v91nbhkdv,0.22483221476510068,0.7315436241610738,0.0436241610738255
,,1.0,,,,1987-11-23T01:39:27Z,ls5,qd9v91nbhkdv,,,
0.023333333333333334,0.7766666666666667,0.0,0.19333333333333336,0.0,0.0,1987-12-09T01:39:40Z,ls5,qd9v91nbhkdv,0.19463087248322147,0.7818791946308725,0.02348993288590604
,,1.0,,,,1987-12-25T01:39:56Z,ls5,qd9v91nbhkdv,,,
0.06666666666666667,0.7666666666666666,0.0,0.16,0.0,0.0,1988-01-10T01:40:12Z,ls5,qd9v91nbhkdv,0.16107382550335572,0.7718120805369127,0.06711409395973154
0.16666666666666666,0.6433333333333333,0.0,0.17333333333333334,0.0,0.0,1988-01-26T01:40:30Z,ls5,qd9v91nbhkdv,0.176271186440678,0.6542372881355932,0.1694915254237288
0.09333333333333334,0.71,0.0,0.18666666666666668,0.0,0.0,1988-02-11T01:40:48Z,ls5,qd9v91nbhkdv,0.18855218855218855,0.7171717171717171,0.09427609427609428
0.043333333333333335,0.7666666666666666,0.0,0.18000000000000002,0.0,0.0,1988-02-27T01:41:00Z,ls5,qd9v91nbhkdv,0.18181818181818185,0.7744107744107743,0.04377104377104377
0.08333333333333333,0.7233333333333333,0.0,0.18000000000000002,0.0,0.0,1988-03-14T01:41:09Z,ls5,qd9v91nbhkdv,0.18243243243243246,0.733108108108108,0.08445945945945946
0.016666666666666666,0.7433333333333335,0.0,0.23333333333333336,0.0,0.0,1988-03-30T01:41:16Z,ls5,qd9v91nbhkdv,0.23489932885906037,0.7483221476510067,0.016778523489932883
,,1.0,,,,1988-05-17T01:41:38Z,ls5,qd9v91nbhkdv,,,
0.0,0.0,0.6666666666666667,0.0,1.0,0.0,1988-06-02T01:41:44Z,ls5,qd9v91nbhkdv,0.0,0.0,0.0
0.16333333333333333,0.49,0.0,0.3333333333333333,0.0,0.0,1988-07-20T01:41:56Z,ls5,qd9v91nbhkdv,0.33783783783783783,0.49662162162162166,0.16554054054054054
0.03666666666666667,0.6633333333333333,0.0,0.29,0.0,0.0,1988-08-05T01:41:58Z,ls5,qd9v91nbhkdv,0.29292929292929293,0.67003367003367,0.037037037037037035
0.14333333333333334,0.2933333333333333,0.0,0.22333333333333336,0.3333333333333333,0.0,1988-08-21T01:41:59Z,ls5,qd9v91nbhkdv,0.22558922558922567,0.29629629629629634,0.14478114478114482
0.0,0.66,0.0,0.34,0.0,0.0,1988-09-06T01:42:02Z,ls5,qd9v91nbhkdv,0.34,0.66,0.0
,,1.0,,,,1988-09-22T01:41:57Z,ls5,qd9v91nbhkdv,,,
,,1.0,,,,1988-10-08T01:41:52Z,ls5,qd9v91nbhkdv,,,
0.0033333333333333335,0.7233333333333333,0.0,0.26666666666666666,0.0,0.0,1988-10-24T01:41:47Z,ls5,qd9v91nbhkdv,0.2684563758389262,0.7281879194630873,0.0033557046979865775
0.04,0.6866666666666666,0.0,0.26666666666666666,0.0,0.0,1988-11-09T01:41:50Z,ls5,qd9v91nbhkdv,0.2684563758389262,0.6912751677852348,0.040268456375838924
0.016666666666666666,0.7233333333333333,0.0,0.25333333333333335,0.0,0.0,1988-11-25T01:41:50Z,ls5,qd9v91nbhkdv,0.2550335570469799,0.7281879194630873,0.016778523489932886
0.02,0.7600000000000001,0.0,0.22,0.0,0.0,1988-12-11T01:41:39Z,ls5,qd9v91nbhkdv,0.22,0.7600000000000001,0.02
0.0,0.73,0.0,0.26666666666666666,0.0,0.0,1989-01-12T01:41:26Z,ls5,qd9v91nbhkdv,0.2675585284280937,0.7324414715719064,0.0
0.0033333333333333335,0.7366666666666667,0.0,0.25,0.0,0.0,1989-01-28T01:41:13Z,ls5,qd9v91nbhkdv,0.25252525252525254,0.7441077441077442,0.0033670033670033673
0.02,0.7633333333333333,0.0,0.20666666666666667,0.0,0.0,1989-02-13T01:41:14Z,ls5,qd9v91nbhkdv,0.20875420875420875,0.771043771043771,0.020202020202020204
,,1.0,,,,1989-03-08T01:46:59Z,ls5,qd9v91nbhkdv,,,
0.08333333333333333,0.6766666666666667,0.0,0.22666666666666668,0.0,0.0,1989-03-17T01:40:22Z,ls5,qd9v91nbhkdv,0.22972972972972971,0.6858108108108107,0.08445945945945944
0.10666666666666667,0.6866666666666666,0.0,0.20333333333333334,0.0,0.0,1989-03-24T01:46:19Z,ls5,qd9v91nbhkdv,0.2040133779264214,0.6889632107023411,0.10702341137123746
0.016666666666666666,0.6000000000000001,0.0,0.3766666666666667,0.0,0.0,1989-06-05T01:39:27Z,ls5,qd9v91nbhkdv,0.3791946308724832,0.6040268456375839,0.016778523489932883
0.016666666666666666,0.6033333333333334,0.0,0.37333333333333335,0.0,0.0,1989-06-21T01:39:02Z,ls5,qd9v91nbhkdv,0.3758389261744966,0.6073825503355704,0.016778523489932883
,,1.0,,,,1989-07-23T01:38:27Z,ls5,qd9v91nbhkdv,,,
0.02666666666666667,0.64,0.0,0.32666666666666666,0.0,0.0,1989-08-08T01:38:07Z,ls5,qd9v91nbhkdv,0.3288590604026846,0.6442953020134229,0.02684563758389262
0.01,0.6999999999999998,0.0,0.28333333333333327,0.0,0.0,1989-09-09T01:37:22Z,ls5,qd9v91nbhkdv,0.28523489932885904,0.7046979865771812,0.010067114093959733
0.013333333333333334,0.7133333333333334,0.0,0.26666666666666666,0.0,0.0,1989-09-25T01:36:58Z,ls5,qd9v91nbhkdv,0.2684563758389262,0.7181208053691276,0.01342281879194631
,,1.0,,,,1989-10-11T01:36:37Z,ls5,qd9v91nbhkdv,,,
,,1.0,,,,1989-11-12T01:35:35Z,ls5,qd9v91nbhkdv,,,
0.0,0.8033333333333333,0.0,0.19333333333333336,0.0,0.0,1989-12-14T01:34:45Z,ls5,qd9v91nbhkdv,0.1939799331103679,0.8060200668896321,0.0
,,1.0,,,,1990-01-15T01:33:44Z,ls5,qd9v91nbhkdv,,,
0.013333333333333334,0.7033333333333333,0.0,0.2733333333333334,0.0,0.0,1990-01-31T01:33:14Z,ls5,qd9v91nbhkdv,0.27609427609427617,0.7104377104377104,0.013468013468013471
,,1.0,,,,1990-02-16T01:32:42Z,ls5,qd9v91nbhkdv,,,
0.04,0.6633333333333332,0.0,0.29,0.0,0.0,1990-04-05T01:31:16Z,ls5,qd9v91nbhkdv,0.29194630872483224,0.6677852348993288,0.04026845637583893
0.0,0.7200000000000001,0.0,0.28,0.0,0.0,1990-04-21T01:31:29Z,ls5,qd9v91nbhkdv,0.28,0.7200000000000001,0.0
0.0,0.73,0.0,0.26333333333333336,0.0,0.0,1990-05-07T01:31:25Z,ls5,qd9v91nbhkdv,0.2651006711409396,0.7348993288590603,0.0
0.0033333333333333335,0.7533333333333333,0.0,0.24,0.0,0.0,1990-05-23T01:31:27Z,ls5,qd9v91nbhkdv,0.2408026755852843,0.7558528428093646,0.003344481605351171
,,1.0,,,,1990-06-08T01:31:25Z,ls5,qd9v91nbhkdv,,,
0.1366666666666667,0.6133333333333333,0.0,0.24,0.0,0.0,1990-06-24T01:31:24Z,ls5,qd9v91nbhkdv,0.24242424242424243,0.6195286195286195,0.13804713804713806
,,1.0,,,,1990-07-10T01:31:22Z,ls5,qd9v91nbhkdv,,,
0.04666666666666667,0.6333333333333333,0.0,0.31,0.0,0.0,1990-07-26T01:31:18Z,ls5,qd9v91nbhkdv,0.31313131313131315,0.6397306397306397,0.04713804713804714
,,1.0,,,,1990-08-11T01:31:13Z,ls5,qd9v91nbhkdv,,,
0.02,0.6999999999999998,0.0,0.2733333333333333,0.0,0.0,1990-08-27T01:31:08Z,ls5,qd9v91nbhkdv,0.2751677852348994,0.7046979865771812,0.020134228187919465
0.06333333333333334,0.73,0.0,0.20000000000000004,0.0,0.0,1990-09-12T01:31:05Z,ls5,qd9v91nbhkdv,0.20134228187919465,0.7348993288590603,0.06375838926174497
0.08,0.6933333333333334,0.0,0.21999999999999997,0.0,0.0,1990-09-28T01:30:56Z,ls5,qd9v91nbhkdv,0.22147651006711408,0.6979865771812082,0.08053691275167786
0.04,0.7166666666666667,0.0,0.23666666666666666,0.0,0.0,1990-10-30T01:30:41Z,ls5,qd9v91nbhkdv,0.23825503355704697,0.7214765100671141,0.040268456375838924
0.05666666666666667,0.7233333333333333,0.0,0.21,0.0,0.0,1990-11-15T01:30:43Z,ls5,qd9v91nbhkdv,0.21212121212121213,0.7306397306397306,0.05723905723905725
0.02,0.7600000000000001,0.0,0.21333333333333335,0.0,0.0,1990-12-17T01:30:41Z,ls5,qd9v91nbhkdv,0.2147651006711409,0.7651006711409396,0.02013422818791946
0.0,0.7866666666666667,0.0,0.21333333333333335,0.0,0.0,1991-01-02T01:31:07Z,ls5,qd9v91nbhkdv,0.21333333333333335,0.7866666666666667,0.0
0.023333333333333334,0.7999999999999999,0.0,0.17333333333333334,0.0,0.0,1991-01-18T01:31:34Z,ls5,qd9v91nbhkdv,0.1739130434782609,0.802675585284281,0.023411371237458196
,,1.0,,,,1991-02-03T01:31:46Z,ls5,qd9v91nbhkdv,,,
0.03333333333333333,0.7399999999999999,0.0,0.21666666666666665,0.0,0.0,1991-02-19T01:32:08Z,ls5,qd9v91nbhkdv,0.21885521885521886,0.7474747474747474,0.033670033670033676
0.006666666666666667,0.7766666666666667,0.0,0.20666666666666667,0.0,0.0,1991-03-07T01:32:25Z,ls5,qd9v91nbhkdv,0.20875420875420872,0.7845117845117845,0.006734006734006734
,,1.0,,,,1991-03-23T01:32:48Z,ls5,qd9v91nbhkdv,,,
0.02333333333333333,0.7200000000000001,0.0,0.24666666666666667,0.0,0.0,1991-04-08T01:33:01Z,ls5,qd9v91nbhkdv,0.24915824915824913,0.7272727272727273,0.023569023569023566
0.0033333333333333335,0.7033333333333333,0.0,0.29000000000000004,0.0,0.0,1991-04-24T01:33:16Z,ls5,qd9v91nbhkdv,0.2909698996655519,0.705685618729097,0.003344481605351171
,,1.0,,,,1991-05-10T01:33:35Z,ls5,qd9v91nbhkdv,,,
0.07333333333333333,0.5766666666666667,0.0,0.33666666666666667,0.0,0.0,1991-05-26T01:33:52Z,ls5,qd9v91nbhkdv,0.34121621621621623,0.5844594594594594,0.07432432432432433
0.0,0.0,0.33333333333333337,0.0,0.5,0.5,1991-06-27T01:34:18Z,ls5,qd9v91nbhkdv,0.0,0.0,0.0
0.04,0.6466666666666666,0.0,0.3,0.0,0.0,1991-07-13T01:34:28Z,ls5,qd9v91nbhkdv,0.30405405405405406,0.6554054054054054,0.04054054054054054
0.049999999999999996,0.6633333333333333,0.0,0.27666666666666667,0.0,0.0,1991-08-14T01:34:45Z,ls5,qd9v91nbhkdv,0.27946127946127947,0.67003367003367,0.050505050505050504
0.06,0.7166666666666667,0.0,0.21,0.0,0.0,1991-08-30T01:34:54Z,ls5,qd9v91nbhkdv,0.21283783783783786,0.7263513513513514,0.060810810810810814
,,1.0,,,,1991-09-15T01:35:08Z,ls5,qd9v91nbhkdv,,,
0.0,0.7399999999999999,0.0,0.25333333333333335,0.0,0.0,1991-10-01T01:35:13Z,ls5,qd9v91nbhkdv,0.25503355704697994,0.7449664429530202,0.0
0.07,0.7066666666666667,0.0,0.21333333333333335,0.0,0.0,1991-10-17T01:35:24Z,ls5,qd9v91nbhkdv,0.2154882154882155,0.7138047138047138,0.07070707070707072
,,1.0,,,,1991-11-02T01:35:23Z,ls5,qd9v91nbhkdv,,,
0.013333333333333334,0.7733333333333334,0.0,0.19999999999999998,0.0,0.0,1991-11-18T01:35:27Z,ls5,qd9v91nbhkdv,0.2027027027027027,0.7837837837837839,0.013513513513513514
,,1.0,,,,1991-12-04T01:35:41Z,ls5,qd9v91nbhkdv,,,
0.016666666666666666,0.77,0.0,0.20666666666666667,0.0,0.0,1991-12-20T01:35:33Z,ls5,qd9v91nbhkdv,0.20805369127516776,0.7751677852348993,0.016778523489932886
,,1.0,,,,1992-01-05T01:35:30Z,ls5,qd9v91nbhkdv,,,
0.04,0.79,0.0,0.16333333333333333,0.0,0.0,1992-01-21T01:35:30Z,ls5,qd9v91nbhkdv,0.16442953020134227,0.7953020134228188,0.040268456375838924
0.056666666666666664,0.7233333333333333,0.0,0.21666666666666667,0.0,0.0,1992-02-22T01:35:25Z,ls5,qd9v91nbhkdv,0.2173913043478261,0.725752508361204,0.0568561872909699
,,1.0,,,,1992-03-09T01:35:25Z,ls5,qd9v91nbhkdv,,,
0.0,0.7166666666666668,0.0,0.27666666666666667,0.0,0.0,1992-04-10T01:35:13Z,ls5,qd9v91nbhkdv,0.2785234899328859,0.7214765100671142,0.0
,,1.0,,,,1992-04-26T01:35:05Z,ls5,qd9v91nbhkdv,,,
0.013333333333333334,0.7566666666666667,0.0,0.2233333333333333,0.0,0.0,1992-05-12T01:34:58Z,ls5,qd9v91nbhkdv,0.22483221476510065,0.7617449664429531,0.01342281879194631
0.0,0.7000000000000001,0.0,0.29333333333333333,0.0,0.0,1992-05-28T01:34:49Z,ls5,qd9v91nbhkdv,0.29530201342281875,0.7046979865771812,0.0
,,1.0,,,,1992-06-13T01:34:38Z,ls5,qd9v91nbhkdv,,,
0.0,0.6933333333333334,0.0,0.3033333333333333,0.0,0.0,1992-06-29T01:34:27Z,ls5,qd9v91nbhkdv,0.3043478260869565,0.6956521739130436,0.0
0.03,0.6966666666666667,0.0,0.26666666666666666,0.0,0.0,1992-07-15T01:34:15Z,ls5,qd9v91nbhkdv,0.2684563758389262,0.7013422818791946,0.030201342281879193
0.08333333333333333,0.6333333333333333,0.0,0.27666666666666667,0.0,0.0,1992-07-31T01:34:02Z,ls5,qd9v91nbhkdv,0.27852348993288595,0.6375838926174496,0.08389261744966443
0.0,0.0,0.0,0.0,0.3333333333333333,0.6666666666666666,1992-09-01T01:33:32Z,ls5,qd9v91nbhkdv,0.0,0.0,0.0
0.023333333333333334,0.7033333333333335,0.0,0.27,0.0,0.0,1992-09-17T01:33:18Z,ls5,qd9v91nbhkdv,0.2709030100334448,0.7056856187290971,0.023411371237458192
,,1.0,,,,1992-09-24T01:39:21Z,ls5,qd9v91nbhkdv,,,
,,1.0,,,,1992-10-03T01:32:56Z,ls5,qd9v91nbhkdv,,,
0.02,0.7466666666666667,0.0,0.22333333333333336,0.0,0.0,1992-10-19T01:32:43Z,ls5,qd9v91nbhkdv,0.2255892255892256,0.7542087542087542,0.0202020202020202
0.15,0.6433333333333333,0.0,0.19333333333333333,0.0,0.0,1992-12-06T01:32:27Z,ls5,qd9v91nbhkdv,0.19594594594594594,0.652027027027027,0.15202702702702703
0.10333333333333333,0.6666666666666666,0.0,0.2233333333333333,0.0,0.0,1993-01-07T01:32:47Z,ls5,qd9v91nbhkdv,0.22483221476510068,0.6711409395973155,0.10402684563758391
0.043333333333333335,0.7433333333333333,0.0,0.19999999999999998,0.0,0.0,1993-01-23T01:32:58Z,ls5,qd9v91nbhkdv,0.20270270270270271,0.7533783783783784,0.04391891891891892
0.0,0.7533333333333333,0.0,0.24,0.0,0.0,1993-02-08T01:33:09Z,ls5,qd9v91nbhkdv,0.24161073825503357,0.7583892617449665,0.0
0.06666666666666667,0.71,0.0,0.21333333333333335,0.0,0.0,1993-02-24T01:33:12Z,ls5,qd9v91nbhkdv,0.2154882154882155,0.7171717171717171,0.06734006734006734
0.006666666666666667,0.6999999999999998,0.0,0.2833333333333333,0.0,0.0,1993-03-12T01:33:24Z,ls5,qd9v91nbhkdv,0.2861952861952862,0.707070707070707,0.0067340067340067354
0.07,0.65,0.0,0.27,0.0,0.0,1993-04-13T01:33:33Z,ls5,qd9v91nbhkdv,0.27272727272727276,0.6565656565656566,0.07070707070707072
0.0,0.6933333333333334,0.0,0.3066666666666667,0.0,0.0,1993-04-29T01:33:40Z,ls5,qd9v91nbhkdv,0.3066666666666667,0.6933333333333334,0.0
,,1.0,,,,1993-05-15T01:33:43Z,ls5,qd9v91nbhkdv,,,
0.03333333333333333,0.6566666666666666,0.0,0.3033333333333333,0.0,0.0,1993-05-31T01:33:47Z,ls5,qd9v91nbhkdv,0.30536912751677847,0.6610738255033557,0.03355704697986577
0.09000000000000001,0.5866666666666667,0.0,0.3233333333333333,0.0,0.0,1993-07-02T01:33:37Z,ls5,qd9v91nbhkdv,0.32333333333333336,0.5866666666666668,0.09000000000000002
0.15333333333333335,0.5633333333333334,0.0,0.27,0.0,0.0,1993-07-18T01:33:38Z,ls5,qd9v91nbhkdv,0.2736486486486487,0.5709459459459459,0.15540540540540543
0.09000000000000001,0.6366666666666667,0.0,0.26,0.0,0.0,1993-08-03T01:33:37Z,ls5,qd9v91nbhkdv,0.26351351351351354,0.6452702702702703,0.09121621621621623
0.10666666666666667,0.62,0.0,0.26,0.0,0.0,1993-08-19T01:33:37Z,ls5,qd9v91nbhkdv,0.26351351351351354,0.6283783783783784,0.10810810810810811
,,1.0,,,,1993-09-04T01:33:36Z,ls5,qd9v91nbhkdv,,,
0.0,0.73,0.0,0.26333333333333336,0.0,0.0,1993-09-20T01:33:34Z,ls5,qd9v91nbhkdv,0.2651006711409396,0.7348993288590603,0.0
,,1.0,,,,1993-10-06T01:33:30Z,ls5,qd9v91nbhkdv,,,
0.0,0.75,0.0,0.24333333333333332,0.0,0.0,1993-10-22T01:33:22Z,ls5,qd9v91nbhkdv,0.24496644295302014,0.7550335570469799,0.0
0.0,0.7733333333333334,0.0,0.22333333333333336,0.0,0.0,1993-11-07T01:33:16Z,ls5,qd9v91nbhkdv,0.22408026755852842,0.7759197324414715,0.0
0.09333333333333334,0.6833333333333332,0.0,0.22,0.0,0.0,1993-11-23T01:33:08Z,ls5,qd9v91nbhkdv,0.22073578595317728,0.68561872909699,0.09364548494983278
0.0,0.8233333333333334,0.0,0.17,0.0,0.0,1993-12-09T01:33:05Z,ls5,qd9v91nbhkdv,0.17114093959731544,0.8288590604026845,0.0
0.07,0.7233333333333333,0.0,0.20000000000000004,0.0,0.0,1993-12-25T01:32:56Z,ls5,qd9v91nbhkdv,0.20134228187919465,0.7281879194630871,0.07046979865771812
,,1.0,,,,1994-01-10T01:32:43Z,ls5,qd9v91nbhkdv,,,
0.03,0.8066666666666666,0.0,0.15666666666666665,0.0,0.0,1994-01-26T01:32:30Z,ls5,qd9v91nbhkdv,0.15771812080536912,0.8120805369127517,0.030201342281879196
0.06,0.7133333333333334,0.0,0.21333333333333335,0.0,0.0,1994-02-27T01:32:05Z,ls5,qd9v91nbhkdv,0.2162162162162162,0.7229729729729729,0.0608108108108108
,,1.0,,,,1994-03-06T01:38:10Z,ls5,qd9v91nbhkdv,,,
0.02666666666666667,0.7433333333333333,0.0,0.21999999999999997,0.0,0.0,1994-03-15T01:31:51Z,ls5,qd9v91nbhkdv,0.2222222222222222,0.7508417508417509,0.026936026936026942
,,1.0,,,,1994-03-22T01:37:55Z,ls5,qd9v91nbhkdv,,,
0.060000000000000005,0.7533333333333333,0.0,0.17666666666666667,0.0,0.0,1994-03-31T01:31:35Z,ls5,qd9v91nbhkdv,0.17845117845117844,0.7609427609427609,0.060606060606060615
0.05666666666666667,0.7333333333333334,0.0,0.19333333333333336,0.0,0.0,1994-05-02T01:31:01Z,ls5,qd9v91nbhkdv,0.19661016949152543,0.7457627118644068,0.0576271186440678
0.0,0.62,0.0,0.38000000000000006,0.0,0.0,1994-06-03T01:30:25Z,ls5,qd9v91nbhkdv,0.38000000000000006,0.62,0.0
0.24666666666666667,0.38999999999999996,0.0,0.35333333333333333,0.0,0.0,1994-07-05T01:29:39Z,ls5,qd9v91nbhkdv,0.3569023569023569,0.3939393939393939,0.24915824915824916
0.07333333333333333,0.6266666666666666,0.0,0.29333333333333333,0.0,0.0,1994-07-21T01:29:13Z,ls5,qd9v91nbhkdv,0.2953020134228188,0.6308724832214765,0.0738255033557047
0.0,0.7033333333333335,0.0,0.2933333333333334,0.0,0.0,1994-08-22T01:28:24Z,ls5,qd9v91nbhkdv,0.29431438127090304,0.7056856187290971,0.0
0.043333333333333335,0.7066666666666667,0.0,0.24333333333333332,0.0,0.0,1994-09-07T01:28:00Z,ls5,qd9v91nbhkdv,0.24496644295302014,0.7114093959731544,0.04362416107382551
0.0033333333333333335,0.7799999999999999,0.0,0.20666666666666667,0.0,0.0,1994-09-23T01:27:35Z,ls5,qd9v91nbhkdv,0.20875420875420878,0.7878787878787878,0.0033670033670033677
,,1.0,,,,1994-10-25T01:26:34Z,ls5,qd9v91nbhkdv,,,
,,1.0,,,,1994-11-10T01:26:00Z,ls5,qd9v91nbhkdv,,,
,,1.0,,,,1994-11-26T01:25:28Z,ls5,qd9v91nbhkdv,,,
,,1.0,,,,1994-12-12T01:25:00Z,ls5,qd9v91nbhkdv,,,
0.11333333333333333,0.6966666666666667,0.0,0.18000000000000002,0.0,0.0,1994-12-28T01:24:28Z,ls5,qd9v91nbhkdv,0.18181818181818185,0.7037037037037037,0.11447811447811447
,,1.0,,,,1995-01-13T01:23:54Z,ls5,qd9v91nbhkdv,,,
,,1.0,,,,1995-01-29T01:23:17Z,ls5,qd9v91nbhkdv,,,
,,1.0,,,,1995-03-09T01:27:54Z,ls5,qd9v91nbhkdv,,,
0.02,0.7533333333333333,0.0,0.21666666666666665,0.0,0.0,1995-03-18T01:21:20Z,ls5,qd9v91nbhkdv,0.21885521885521883,0.7609427609427609,0.020202020202020204
0.006666666666666667,0.7766666666666667,0.0,0.20666666666666667,0.0,0.0,1995-04-19T01:20:02Z,ls5,qd9v91nbhkdv,0.20875420875420872,0.7845117845117845,0.006734006734006734
,,1.0,,,,1995-04-26T01:25:54Z,ls5,qd9v91nbhkdv,,,
0.03,0.6933333333333334,0.0,0.26666666666666666,0.0,0.0,1995-05-05T01:19:19Z,ls5,qd9v91nbhkdv,0.26936026936026936,0.7003367003367004,0.030303030303030304
,,1.0,,,,1995-05-12T01:25:11Z,ls5,qd9v91nbhkdv,,,
,,1.0,,,,1995-05-21T01:18:36Z,ls5,qd9v91nbhkdv,,,
,,1.0,,,,1995-06-13T01:23:42Z,ls5,qd9v91nbhkdv,,,
,,1.0,,,,1995-07-24T01:15:40Z,ls5,qd9v91nbhkdv,,,
0.3666666666666667,0.4033333333333333,0.0,0.2233333333333333,0.0,0.0,1995-08-25T01:14:13Z,ls5,qd9v91nbhkdv,0.22483221476510065,0.40604026845637586,0.3691275167785235
0.07333333333333333,0.6566666666666666,0.0,0.26,0.0,0.0,1995-09-10T01:13:27Z,ls5,qd9v91nbhkdv,0.26262626262626265,0.6632996632996633,0.07407407407407407
,,1.0,,,,1995-10-19T01:17:35Z,ls5,qd9v91nbhkdv,,,
0.01,0.8049999999999999,0.33333333333333337,0.18,0.0,0.0,1995-12-15T01:12:16Z,ls5,qd9v91nbhkdv,0.18090452261306533,0.8090452261306533,0.010050251256281409
0.07,0.7333333333333334,0.0,0.18666666666666668,0.0,0.0,1996-01-16T01:14:35Z,ls5,qd9v91nbhkdv,0.18855218855218855,0.7407407407407408,0.07070707070707072
0.02666666666666667,0.7600000000000001,0.0,0.20333333333333337,0.0,0.0,1996-02-17T01:16:48Z,ls5,qd9v91nbhkdv,0.2053872053872054,0.7676767676767677,0.026936026936026935
0.016666666666666666,0.7399999999999999,0.0,0.23666666666666666,0.0,0.0,1996-03-04T01:17:52Z,ls5,qd9v91nbhkdv,0.238255033557047,0.7449664429530201,0.016778523489932886
0.11333333333333333,0.6666666666666666,0.0,0.21,0.0,0.0,1996-03-20T01:18:54Z,ls5,qd9v91nbhkdv,0.21212121212121213,0.6734006734006734,0.11447811447811448
0.013333333333333334,0.6866666666666666,0.0,0.2966666666666667,0.0,0.0,1996-04-21T01:20:54Z,ls5,qd9v91nbhkdv,0.2976588628762542,0.6889632107023411,0.013377926421404682
,,1.0,,,,1996-05-07T01:21:51Z,ls5,qd9v91nbhkdv,,,
0.02666666666666667,0.6366666666666666,0.0,0.33,0.0,0.0,1996-05-23T01:22:46Z,ls5,qd9v91nbhkdv,0.3322147651006712,0.6409395973154363,0.026845637583892624
0.07333333333333333,0.5666666666666667,0.0,0.35333333333333333,0.0,0.0,1996-06-24T01:24:31Z,ls5,qd9v91nbhkdv,0.3557046979865772,0.5704697986577182,0.0738255033557047
0.10666666666666667,0.61,0.0,0.2733333333333334,0.0,0.0,1996-07-10T01:25:20Z,ls5,qd9v91nbhkdv,0.2760942760942761,0.6161616161616161,0.10774410774410775
0.049999999999999996,0.6033333333333334,0.0,0.33666666666666667,0.0,0.0,1996-07-26T01:26:12Z,ls5,qd9v91nbhkdv,0.34006734006734,0.6094276094276094,0.0505050505050505
,,1.0,,,,1996-08-27T01:27:54Z,ls5,qd9v91nbhkdv,,,
,,1.0,,,,1996-09-12T01:28:47Z,ls5,qd9v91nbhkdv,,,
0.023333333333333334,0.7233333333333333,0.0,0.25,0.0,0.0,1996-10-14T01:30:29Z,ls5,qd9v91nbhkdv,0.2508361204013378,0.725752508361204,0.023411371237458196
,,1.0,,,,1996-10-30T01:31:16Z,ls5,qd9v91nbhkdv,,,
,,1.0,,,,1996-11-15T01:32:01Z,ls5,qd9v91nbhkdv,,,
,,1.0,,,,1996-12-01T01:32:47Z,ls5,qd9v91nbhkdv,,,
0.02666666666666667,0.7466666666666666,0.0,0.22,0.0,0.0,1996-12-17T01:33:32Z,ls5,qd9v91nbhkdv,0.22147651006711414,0.7516778523489933,0.026845637583892624
0.04,0.7433333333333333,0.0,0.21,0.0,0.0,1997-01-02T01:34:18Z,ls5,qd9v91nbhkdv,0.21140939597315436,0.7483221476510067,0.04026845637583893
0.01,0.7966666666666667,0.0,0.18000000000000002,0.0,0.0,1997-01-18T01:35:03Z,ls5,qd9v91nbhkdv,0.18243243243243243,0.8074324324324323,0.010135135135135134
0.0,0.8066666666666666,0.0,0.19333333333333336,0.0,0.0,1997-02-03T01:35:46Z,ls5,qd9v91nbhkdv,0.19333333333333336,0.8066666666666666,0.0
0.04666666666666667,0.7233333333333333,0.0,0.21999999999999997,0.0,0.0,1997-03-07T01:37:06Z,ls5,qd9v91nbhkdv,0.2222222222222222,0.7306397306397306,0.047138047138047146
0.013333333333333334,0.7233333333333333,0.0,0.25333333333333335,0.0,0.0,1997-03-23T01:37:42Z,ls5,qd9v91nbhkdv,0.25589225589225595,0.7306397306397306,0.013468013468013471
0.11,0.58,0.0,0.3,0.0,0.0,1997-04-08T01:38:18Z,ls5,qd9v91nbhkdv,0.30303030303030304,0.5858585858585859,0.11111111111111112
0.0,0.7633333333333333,0.0,0.22666666666666666,0.0,0.0,1997-04-24T01:38:52Z,ls5,qd9v91nbhkdv,0.22895622895622894,0.771043771043771,0.0
,,1.0,,,,1997-05-10T01:39:25Z,ls5,qd9v91nbhkdv,,,
,,1.0,,,,1997-05-26T01:39:59Z,ls5,qd9v91nbhkdv,,,
0.0,0.71,0.0,0.2833333333333334,0.0,0.0,1997-07-29T01:42:10Z,ls5,qd9v91nbhkdv,0.2852348993288591,0.7147651006711409,0.0
,,1.0,,,,1997-08-14T01:42:41Z,ls5,qd9v91nbhkdv,,,
0.02,0.7066666666666667,0.0,0.26333333333333336,0.0,0.0,1997-08-30T01:43:11Z,ls5,qd9v91nbhkdv,0.265993265993266,0.7138047138047138,0.020202020202020204
0.03,0.69,0.0,0.2733333333333334,0.0,0.0,1997-09-15T01:43:38Z,ls5,qd9v91nbhkdv,0.2751677852348994,0.6946308724832214,0.030201342281879193
0.04,0.7066666666666667,0.0,0.24333333333333332,0.0,0.0,1997-10-17T01:44:31Z,ls5,qd9v91nbhkdv,0.24579124579124578,0.7138047138047138,0.04040404040404041
0.09999999999999999,0.6966666666666667,0.0,0.19333333333333336,0.0,0.0,1997-11-02T01:44:57Z,ls5,qd9v91nbhkdv,0.1952861952861953,0.7037037037037037,0.10101010101010101
0.05333333333333334,0.7633333333333333,0.0,0.17333333333333334,0.0,0.0,1997-12-20T01:46:07Z,ls5,qd9v91nbhkdv,0.1750841750841751,0.771043771043771,0.05387205387205388
0.08333333333333333,0.7033333333333335,0.0,0.20000000000000004,0.0,0.0,1998-01-05T01:46:30Z,ls5,qd9v91nbhkdv,0.2027027027027027,0.7128378378378378,0.08445945945945943
0.023333333333333334,0.7799999999999999,0.0,0.19000000000000003,0.0,0.0,1998-01-21T01:46:50Z,ls5,qd9v91nbhkdv,0.19127516778523493,0.785234899328859,0.02348993288590604
0.03333333333333333,0.7666666666666666,0.0,0.19000000000000003,0.0,0.0,1998-02-06T01:47:11Z,ls5,qd9v91nbhkdv,0.19191919191919196,0.7744107744107743,0.03367003367003367
0.013333333333333334,0.8066666666666666,0.0,0.17333333333333334,0.0,0.0,1998-02-22T01:47:29Z,ls5,qd9v91nbhkdv,0.17449664429530204,0.8120805369127517,0.01342281879194631
0.0,0.7566666666666667,0.0,0.2333333333333333,0.0,0.0,1998-03-26T01:47:59Z,ls5,qd9v91nbhkdv,0.23569023569023567,0.7643097643097644,0.0
0.02666666666666667,0.7266666666666667,0.0,0.23666666666666666,0.0,0.0,1998-04-11T01:48:10Z,ls5,qd9v91nbhkdv,0.23905723905723905,0.734006734006734,0.02693602693602694
,,1.0,,,,1998-05-13T01:48:38Z,ls5,qd9v91nbhkdv,,,
0.013333333333333334,0.7033333333333335,0.0,0.27666666666666667,0.0,0.0,1998-05-29T01:48:54Z,ls5,qd9v91nbhkdv,0.27852348993288584,0.7080536912751678,0.013422818791946307
0.0,0.6666666666666666,0.0,0.32666666666666666,0.0,0.0,1998-07-16T01:49:29Z,ls5,qd9v91nbhkdv,0.3288590604026846,0.6711409395973155,0.0
,,1.0,,,,1998-08-01T01:49:35Z,ls5,qd9v91nbhkdv,,,
,,1.0,,,,1998-08-17T01:49:43Z,ls5,qd9v91nbhkdv,,,
0.0,0.0,0.0,0.0,0.3333333333333333,0.6666666666666666,1998-09-02T01:49:54Z,ls5,qd9v91nbhkdv,0.0,0.0,0.0
,,1.0,,,,1998-09-18T01:50:01Z,ls5,qd9v91nbhkdv,,,
0.023333333333333334,0.7166666666666667,0.0,0.25333333333333335,0.0,0.0,1998-10-20T01:50:04Z,ls5,qd9v91nbhkdv,0.2550335570469799,0.7214765100671141,0.02348993288590604
,,1.0,,,,1998-11-05T01:50:09Z,ls5,qd9v91nbhkdv,,,
0.07,0.675,0.33333333333333337,0.245,0.0,0.0,1998-12-07T01:50:12Z,ls5,qd9v91nbhkdv,0.2474747474747475,0.6818181818181819,0.07070707070707072
0.0,0.73,0.6666666666666667,0.26,0.0,0.0,1998-12-23T01:50:17Z,ls5,qd9v91nbhkdv,0.26262626262626265,0.7373737373737373,0.0
0.043333333333333335,0.7366666666666667,0.0,0.21333333333333335,0.0,0.0,1999-01-08T01:50:17Z,ls5,qd9v91nbhkdv,0.21476510067114093,0.7416107382550335,0.0436241610738255
0.03,0.7466666666666667,0.0,0.21666666666666667,0.0,0.0,1999-02-09T01:50:25Z,ls5,qd9v91nbhkdv,0.2181208053691275,0.7516778523489933,0.030201342281879193
0.04666666666666667,0.7266666666666666,0.0,0.21666666666666667,0.0,0.0,1999-02-25T01:50:28Z,ls5,qd9v91nbhkdv,0.21885521885521889,0.734006734006734,0.047138047138047146
0.2333333333333333,0.5666666666666665,0.0,0.18666666666666668,0.0,0.0,1999-03-13T01:50:17Z,ls5,qd9v91nbhkdv,0.18918918918918923,0.5743243243243243,0.2364864864864865
,,1.0,,,,1999-03-29T01:49:59Z,ls5,qd9v91nbhkdv,,,
0.28,0.42000000000000004,0.33333333333333337,0.29000000000000004,0.0,0.0,1999-04-14T01:49:58Z,ls5,qd9v91nbhkdv,0.29292929292929293,0.42424242424242425,0.2828282828282828
,,1.0,,,,1999-04-21T01:56:09Z,ls5,qd9v91nbhkdv,,,
0.0033333333333333335,0.7266666666666666,0.0,0.26666666666666666,0.0,0.0,1999-04-30T01:49:56Z,ls5,qd9v91nbhkdv,0.2675585284280937,0.7290969899665553,0.0033444816053511714
0.006666666666666667,0.6766666666666667,0.0,0.31000000000000005,0.0,0.0,1999-05-16T01:49:42Z,ls5,qd9v91nbhkdv,0.31208053691275167,0.6812080536912751,0.006711409395973153
0.25,0.4033333333333333,0.0,0.3333333333333333,0.0,0.0,1999-06-01T01:49:20Z,ls5,qd9v91nbhkdv,0.33783783783783783,0.4087837837837838,0.2533783783783784
0.3433333333333333,0.2833333333333334,0.0,0.37000000000000005,0.0,0.0,1999-06-17T01:49:11Z,ls5,qd9v91nbhkdv,0.3712374581939799,0.28428093645484953,0.3444816053511705
,,1.0,,,,1999-07-02T02:10:08Z,ls7,qd9v91nbhkdv,,,
0.24333333333333332,0.22999999999999998,0.0,0.18666666666666668,0.3333333333333333,0.0,1999-07-03T01:49:02Z,ls5,qd9v91nbhkdv,0.1885521885521886,0.23232323232323238,0.24579124579124584
,,1.0,,,,1999-07-19T01:48:58Z,ls5,qd9v91nbhkdv,,,
0.24666666666666667,0.20333333333333337,0.0,0.20333333333333337,0.3333333333333333,0.0,1999-07-27T02:04:05Z,ls7,qd9v91nbhkdv,0.20748299319727895,0.20748299319727895,0.25170068027210885
0.18000000000000002,0.27,0.0,0.21,0.3333333333333333,0.0,1999-08-04T01:48:57Z,ls5,qd9v91nbhkdv,0.21212121212121215,0.27272727272727276,0.18181818181818185
0.09000000000000001,0.13666666666666666,0.0,0.09999999999999999,0.6666666666666666,0.0,1999-08-12T02:04:08Z,ls7,qd9v91nbhkdv,0.10204081632653063,0.13945578231292519,0.09183673469387757
,,1.0,,,,1999-08-19T02:10:15Z,ls7,qd9v91nbhkdv,,,
0.18333333333333335,0.25666666666666665,0.0,0.21666666666666665,0.3333333333333333,0.0,1999-08-20T01:48:45Z,ls5,qd9v91nbhkdv,0.21996615905245348,0.26057529610829105,0.18612521150592223
,,1.0,,,,1999-09-04T02:10:21Z,ls7,qd9v91nbhkdv,,,
0.023333333333333334,0.21333333333333335,0.0,0.09333333333333334,0.3333333333333333,0.3333333333333333,1999-09-05T01:48:17Z,ls5,qd9v91nbhkdv,0.0942760942760943,0.21548821548821556,0.023569023569023576
,,1.0,,,,1999-09-13T02:04:05Z,ls7,qd9v91nbhkdv,,,
0.03,0.18999999999999997,0.0,0.11,0.3333333333333333,0.3333333333333333,1999-09-29T02:04:15Z,ls7,qd9v91nbhkdv,0.11111111111111116,0.191919191919192,0.03030303030303031
,,1.0,,,,1999-10-15T02:04:13Z,ls7,qd9v91nbhkdv,,,
,,1.0,,,,1999-10-22T02:10:15Z,ls7,qd9v91nbhkdv,,,
,,1.0,,,,1999-10-23T01:47:44Z,ls5,qd9v91nbhkdv,,,
,,1.0,,,,1999-10-30T01:53:43Z,ls5,qd9v91nbhkdv,,,
,,1.0,,,,1999-11-07T02:10:19Z,ls7,qd9v91nbhkdv,,,
0.0,0.7799999999999999,0.0,0.21333333333333335,0.0,0.0,1999-11-24T01:46:37Z,ls5,qd9v91nbhkdv,0.21476510067114096,0.785234899328859,0.0
0.0,0.7933333333333333,0.0,0.20333333333333334,0.0,0.0,1999-12-02T02:04:02Z,ls7,qd9v91nbhkdv,0.2040133779264214,0.7959866220735786,0.0
,,1.0,,,,1999-12-09T02:10:20Z,ls7,qd9v91nbhkdv,,,
0.016666666666666666,0.7633333333333333,0.0,0.21333333333333335,0.0,0.0,1999-12-10T01:46:18Z,ls5,qd9v91nbhkdv,0.21476510067114093,0.7684563758389261,0.016778523489932886
,,1.0,,,,1999-12-25T02:10:16Z,ls7,qd9v91nbhkdv,,,
0.0,0.7933333333333333,0.0,0.19999999999999998,0.0,0.0,1999-12-26T01:46:20Z,ls5,qd9v91nbhkdv,0.20134228187919462,0.7986577181208054,0.0
0.0,0.7766666666666667,0.0,0.22,0.0,0.0,2000-01-03T02:04:03Z,ls7,qd9v91nbhkdv,0.22073578595317725,0.7792642140468228,0.0
,,1.0,,,,2000-01-10T02:10:16Z,ls7,qd9v91nbhkdv,,,
0.0,0.7433333333333333,0.0,0.24666666666666667,0.0,0.0,2000-01-19T02:04:00Z,ls7,qd9v91nbhkdv,0.24915824915824916,0.7508417508417508,0.0
,,1.0,,,,2000-01-26T02:10:13Z,ls7,qd9v91nbhkdv,,,
,,1.0,,,,2000-02-04T02:04:01Z,ls7,qd9v91nbhkdv,,,
0.0,0.81,0.0,0.18666666666666668,0.0,0.0,2000-02-20T02:03:53Z,ls7,qd9v91nbhkdv,0.18729096989966557,0.8127090301003345,0.0
0.0,0.7833333333333333,0.0,0.20666666666666667,0.0,0.0,2000-03-07T02:03:49Z,ls7,qd9v91nbhkdv,0.20875420875420875,0.7912457912457912,0.0
,,1.0,,,,2000-03-14T02:09:59Z,ls7,qd9v91nbhkdv,,,
0.006666666666666667,0.7466666666666667,0.0,0.24,0.0,0.0,2000-03-23T02:03:51Z,ls7,qd9v91nbhkdv,0.24161073825503354,0.7516778523489933,0.006711409395973154
0.0,0.6933333333333334,0.0,0.3033333333333333,0.0,0.0,2000-04-08T02:03:39Z,ls7,qd9v91nbhkdv,0.3043478260869565,0.6956521739130436,0.0
0.0,0.6933333333333334,0.0,0.3,0.0,0.0,2000-04-24T02:03:33Z,ls7,qd9v91nbhkdv,0.3020134228187919,0.697986577181208,0.0
,,1.0,,,,2000-05-17T02:09:31Z,ls7,qd9v91nbhkdv,,,
0.013333333333333334,0.67,0.0,0.31,0.0,0.0,2000-05-26T02:03:12Z,ls7,qd9v91nbhkdv,0.31208053691275167,0.6744966442953021,0.01342281879194631
,,1.0,,,,2000-06-27T02:02:56Z,ls7,qd9v91nbhkdv,,,
,,1.0,,,,2000-07-29T02:02:26Z,ls7,qd9v91nbhkdv,,,
0.043333333333333335,0.6533333333333333,0.0,0.29333333333333333,0.0,0.0,2000-08-14T02:02:19Z,ls7,qd9v91nbhkdv,0.2962962962962963,0.6599326599326599,0.04377104377104377
,,1.0,,,,2000-08-21T02:08:27Z,ls7,qd9v91nbhkdv,,,
0.0,0.0,0.33333333333333337,0.0,0.0,1.0,2000-08-30T02:02:09Z,ls7,qd9v91nbhkdv,0.0,0.0,0.0
0.0,0.7033333333333333,0.0,0.29333333333333333,0.0,0.0,2000-09-15T02:01:50Z,ls7,qd9v91nbhkdv,0.29431438127090304,0.705685618729097,0.0
0.0,0.7733333333333333,0.0,0.22,0.0,0.0,2000-10-01T02:01:41Z,ls7,qd9v91nbhkdv,0.2214765100671141,0.7785234899328859,0.0
,,1.0,,,,2000-10-08T02:07:48Z,ls7,qd9v91nbhkdv,,,
0.03,0.7366666666666667,0.0,0.22666666666666666,0.0,0.0,2000-10-17T02:01:23Z,ls7,qd9v91nbhkdv,0.22818791946308722,0.7416107382550335,0.030201342281879193
,,1.0,,,,2000-11-02T02:01:36Z,ls7,qd9v91nbhkdv,,,
,,1.0,,,,2000-11-25T02:07:45Z,ls7,qd9v91nbhkdv,,,
0.0,0.7966666666666667,0.0,0.20000000000000004,0.0,0.0,2000-12-04T02:01:34Z,ls7,qd9v91nbhkdv,0.20066889632107024,0.7993311036789297,0.0
,,1.0,,,,2000-12-11T02:07:47Z,ls7,qd9v91nbhkdv,,,
0.0,0.7799999999999999,0.0,0.2133333333333333,0.0,0.0,2000-12-20T02:01:39Z,ls7,qd9v91nbhkdv,0.21476510067114093,0.7852348993288591,0.0
0.0,0.8033333333333333,0.0,0.18666666666666668,0.0,0.0,2001-01-05T02:01:39Z,ls7,qd9v91nbhkdv,0.18855218855218855,0.8114478114478114,0.0
,,1.0,,,,2001-02-06T02:01:39Z,ls7,qd9v91nbhkdv,,,
,,1.0,,,,2001-02-13T02:07:51Z,ls7,qd9v91nbhkdv,,,
,,1.0,,,,2001-02-22T02:01:38Z,ls7,qd9v91nbhkdv,,,
,,1.0,,,,2001-03-01T02:07:44Z,ls7,qd9v91nbhkdv,,,
0.0,0.7399999999999999,0.0,0.25333333333333335,0.0,0.0,2001-03-10T02:01:34Z,ls7,qd9v91nbhkdv,0.25503355704697994,0.7449664429530202,0.0
,,1.0,,,,2001-03-17T02:07:40Z,ls7,qd9v91nbhkdv,,,
0.023333333333333334,0.7266666666666666,0.0,0.24333333333333332,0.0,0.0,2001-03-26T02:01:25Z,ls7,qd9v91nbhkdv,0.24496644295302017,0.7315436241610739,0.023489932885906045
,,1.0,,,,2001-04-02T02:07:31Z,ls7,qd9v91nbhkdv,,,
,,1.0,,,,2001-04-18T02:07:32Z,ls7,qd9v91nbhkdv,,,
0.006666666666666667,0.7066666666666667,0.0,0.27666666666666667,0.0,0.0,2001-04-27T02:01:19Z,ls7,qd9v91nbhkdv,0.2794612794612794,0.7138047138047138,0.006734006734006734
0.0,0.0,0.0,0.0,0.3333333333333333,0.6666666666666666,2001-05-13T02:01:10Z,ls7,qd9v91nbhkdv,0.0,0.0,0.0
,,1.0,,,,2001-05-20T02:07:16Z,ls7,qd9v91nbhkdv,,,
,,1.0,,,,2001-05-29T02:01:01Z,ls7,qd9v91nbhkdv,,,
,,1.0,,,,2001-06-05T02:07:05Z,ls7,qd9v91nbhkdv,,,
,,1.0,,,,2001-06-14T02:00:50Z,ls7,qd9v91nbhkdv,,,
,,1.0,,,,2001-06-21T02:06:54Z,ls7,qd9v91nbhkdv,,,
,,1.0,,,,2001-06-30T02:00:35Z,ls7,qd9v91nbhkdv,,,
0.06,0.6433333333333333,0.0,0.29000000000000004,0.0,0.0,2001-07-16T02:00:35Z,ls7,qd9v91nbhkdv,0.29194630872483224,0.6476510067114093,0.060402684563758385
,,1.0,,,,2001-07-23T02:06:42Z,ls7,qd9v91nbhkdv,,,
0.2733333333333334,0.19999999999999998,0.0,0.18333333333333335,0.3333333333333333,0.0,2001-08-01T02:00:23Z,ls7,qd9v91nbhkdv,0.18612521150592218,0.20304568527918782,0.2774957698815567
0.05666666666666667,0.66,0.0,0.27,0.0,0.0,2001-08-17T02:00:04Z,ls7,qd9v91nbhkdv,0.2736486486486487,0.668918918918919,0.057432432432432436
0.0,0.7799999999999999,0.0,0.21333333333333335,0.0,0.0,2001-09-02T01:59:53Z,ls7,qd9v91nbhkdv,0.21476510067114096,0.785234899328859,0.0
,,1.0,,,,2001-09-18T01:59:42Z,ls7,qd9v91nbhkdv,,,
,,1.0,,,,2001-09-25T02:05:52Z,ls7,qd9v91nbhkdv,,,
0.0,0.7166666666666667,0.0,0.27666666666666667,0.0,0.0,2001-10-04T01:59:30Z,ls7,qd9v91nbhkdv,0.2785234899328859,0.7214765100671141,0.0
,,1.0,,,,2001-10-20T01:59:32Z,ls7,qd9v91nbhkdv,,,
0.016666666666666666,0.7866666666666666,0.0,0.18666666666666668,0.0,0.0,2001-11-05T01:59:37Z,ls7,qd9v91nbhkdv,0.18855218855218855,0.7946127946127945,0.016835016835016835
0.0,0.7399999999999999,0.0,0.25666666666666665,0.0,0.0,2001-11-21T01:59:46Z,ls7,qd9v91nbhkdv,0.25752508361204013,0.7424749163879598,0.0
,,1.0,,,,2001-11-28T02:05:59Z,ls7,qd9v91nbhkdv,,,
0.0,0.79,0.0,0.20333333333333334,0.0,0.0,2001-12-07T01:59:47Z,ls7,qd9v91nbhkdv,0.2046979865771812,0.7953020134228188,0.0
,,1.0,,,,2001-12-14T02:06:05Z,ls7,qd9v91nbhkdv,,,
0.0033333333333333335,0.8066666666666666,0.0,0.18333333333333335,0.0,0.0,2001-12-23T01:59:56Z,ls7,qd9v91nbhkdv,0.18456375838926176,0.8120805369127517,0.0033557046979865775
,,1.0,,,,2001-12-30T02:06:02Z,ls7,qd9v91nbhkdv,,,
0.04,0.7566666666666667,0.0,0.19000000000000003,0.0,0.0,2002-01-08T01:59:59Z,ls7,qd9v91nbhkdv,0.19256756756756757,0.7668918918918918,0.040540540540540536
0.0,0.7999999999999999,0.0,0.19333333333333336,0.0,0.0,2002-01-24T02:00:06Z,ls7,qd9v91nbhkdv,0.1946308724832215,0.8053691275167785,0.0
,,1.0,,,,2002-01-31T02:06:12Z,ls7,qd9v91nbhkdv,,,
0.0033333333333333335,0.8033333333333333,0.0,0.18666666666666668,0.0,0.0,2002-02-09T02:00:08Z,ls7,qd9v91nbhkdv,0.18791946308724833,0.8087248322147651,0.0033557046979865775
,,1.0,,,,2002-02-16T02:06:18Z,ls7,qd9v91nbhkdv,,,
0.013333333333333334,0.8033333333333332,0.0,0.17333333333333334,0.0,0.0,2002-02-25T02:00:10Z,ls7,qd9v91nbhkdv,0.17508417508417512,0.8114478114478114,0.013468013468013471
,,1.0,,,,2002-03-13T02:00:08Z,ls7,qd9v91nbhkdv,,,
,,1.0,,,,2002-03-20T02:06:10Z,ls7,qd9v91nbhkdv,,,
0.016666666666666666,0.7966666666666665,0.0,0.17666666666666667,0.0,0.0,2002-03-29T02:00:03Z,ls7,qd9v91nbhkdv,0.17845117845117847,0.8047138047138047,0.016835016835016838
,,1.0,,,,2002-04-05T02:06:12Z,ls7,qd9v91nbhkdv,,,
0.01,0.7333333333333334,0.0,0.24666666666666667,0.0,0.0,2002-04-14T02:00:02Z,ls7,qd9v91nbhkdv,0.24915824915824913,0.7407407407407407,0.0101010101010101
0.0,0.7133333333333334,0.0,0.2833333333333334,0.0,0.0,2002-04-30T02:00:04Z,ls7,qd9v91nbhkdv,0.28428093645484953,0.7157190635451505,0.0
,,1.0,,,,2002-06-08T02:06:00Z,ls7,qd9v91nbhkdv,,,
0.060000000000000005,0.6266666666666667,0.0,0.3033333333333333,0.0,0.0,2002-06-17T01:59:45Z,ls7,qd9v91nbhkdv,0.30639730639730633,0.632996632996633,0.060606060606060615
0.030000000000000002,0.6366666666666666,0.0,0.3233333333333333,0.0,0.0,2002-07-03T01:59:40Z,ls7,qd9v91nbhkdv,0.32659932659932656,0.6430976430976431,0.030303030303030307
,,1.0,,,,2002-07-19T01:59:33Z,ls7,qd9v91nbhkdv,,,
,,1.0,,,,2002-08-11T02:05:35Z,ls7,qd9v91nbhkdv,,,
0.02,0.7066666666666667,0.0,0.26666666666666666,0.0,0.0,2002-08-20T01:59:22Z,ls7,qd9v91nbhkdv,0.2684563758389262,0.7114093959731543,0.020134228187919462
,,1.0,,,,2002-09-05T01:59:13Z,ls7,qd9v91nbhkdv,,,
,,1.0,,,,2002-09-21T01:59:01Z,ls7,qd9v91nbhkdv,,,
,,1.0,,,,2002-09-28T02:05:10Z,ls7,qd9v91nbhkdv,,,
0.0,0.7966666666666667,0.0,0.19666666666666668,0.0,0.0,2002-10-23T01:59:02Z,ls7,qd9v91nbhkdv,0.19798657718120805,0.802013422818792,0.0
0.0033333333333333335,0.7766666666666667,0.0,0.20999999999999996,0.0,0.0,2002-11-08T01:59:07Z,ls7,qd9v91nbhkdv,0.2121212121212121,0.7845117845117846,0.0033670033670033673
0.0,0.8133333333333334,0.0,0.18333333333333335,0.0,0.0,2002-11-24T01:59:24Z,ls7,qd9v91nbhkdv,0.1839464882943144,0.8160535117056856,0.0
0.056666666666666664,0.7666666666666667,0.0,0.16333333333333333,0.0,0.0,2002-12-10T01:59:29Z,ls7,qd9v91nbhkdv,0.16554054054054054,0.7770270270270271,0.05743243243243243
,,1.0,,,,2002-12-17T02:05:40Z,ls7,qd9v91nbhkdv,,,
,,1.0,,,,2002-12-26T01:59:35Z,ls7,qd9v91nbhkdv,,,
,,1.0,,,,2003-01-02T02:05:45Z,ls7,qd9v91nbhkdv,,,
,,1.0,,,,2003-01-11T01:59:37Z,ls7,qd9v91nbhkdv,,,
,,1.0,,,,2003-01-18T02:05:53Z,ls7,qd9v91nbhkdv,,,
0.0,0.86,0.0,0.1366666666666667,0.0,0.0,2003-01-27T01:59:44Z,ls7,qd9v91nbhkdv,0.137123745819398,0.862876254180602,0.0
,,1.0,,,,2003-02-03T02:06:00Z,ls7,qd9v91nbhkdv,,,
,,1.0,,,,2003-02-19T02:06:06Z,ls7,qd9v91nbhkdv,,,
0.006666666666666667,0.81,0.0,0.17666666666666667,0.0,0.0,2003-02-28T01:59:55Z,ls7,qd9v91nbhkdv,0.17785234899328858,0.8154362416107382,0.006711409395973154
,,1.0,,,,2003-03-07T02:06:10Z,ls7,qd9v91nbhkdv,,,
,,1.0,,,,2003-03-16T01:59:58Z,ls7,qd9v91nbhkdv,,,
,,1.0,,,,2003-03-23T02:06:04Z,ls7,qd9v91nbhkdv,,,
0.0,0.71,0.0,0.2866666666666667,0.0,0.0,2003-04-17T01:59:59Z,ls7,qd9v91nbhkdv,0.2876254180602007,0.7123745819397993,0.0
0.04,0.7166666666666667,0.0,0.22999999999999998,0.0,0.0,2003-05-03T02:00:00Z,ls7,qd9v91nbhkdv,0.2331081081081081,0.7263513513513513,0.04054054054054054
0.0,0.7200000000000001,0.0,0.27666666666666667,0.0,0.0,2003-05-11T01:46:22Z,ls5,qd9v91nbhkdv,0.27759197324414714,0.7224080267558528,0.0
0.02666666666666667,0.7366666666666667,0.0,0.22999999999999998,0.0,0.0,2003-05-19T01:59:55Z,ls7,qd9v91nbhkdv,0.23154362416107382,0.7416107382550337,0.02684563758389262
,,1.0,,,,2003-05-26T02:06:07Z,ls7,qd9v91nbhkdv,,,
0.01,0.6833333333333332,0.0,0.3,0.0,0.0,2003-05-27T01:46:41Z,ls5,qd9v91nbhkdv,0.30201342281879195,0.6879194630872484,0.010067114093959733
0.060000000000000005,0.65,0.0,0.27666666666666667,0.0,0.0,2003-06-12T01:46:58Z,ls5,qd9v91nbhkdv,0.2804054054054054,0.6587837837837837,0.06081081081081081
,,1.0,,,,2003-06-28T01:47:21Z,ls5,qd9v91nbhkdv,,,
,,1.0,,,,2003-07-22T01:59:46Z,ls7,qd9v91nbhkdv,,,
0.02666666666666667,0.6833333333333332,0.0,0.28333333333333327,0.0,0.0,2003-07-30T01:47:55Z,ls5,qd9v91nbhkdv,0.28523489932885904,0.6879194630872484,0.026845637583892624
,,1.0,,,,2003-08-07T01:59:37Z,ls7,qd9v91nbhkdv,,,
,,1.0,,,,2003-08-30T02:05:46Z,ls7,qd9v91nbhkdv,,,
0.03,0.7533333333333333,0.0,0.20666666666666667,0.0,0.0,2003-08-31T01:48:29Z,ls5,qd9v91nbhkdv,0.20875420875420875,0.7609427609427609,0.030303030303030304
0.04,0.7333333333333334,0.0,0.22,0.0,0.0,2003-09-16T01:48:45Z,ls5,qd9v91nbhkdv,0.22147651006711408,0.738255033557047,0.040268456375838924
0.0,0.7633333333333333,0.0,0.23,0.0,0.0,2003-10-02T01:48:57Z,ls5,qd9v91nbhkdv,0.23154362416107385,0.7684563758389262,0.0
,,1.0,,,,2003-10-10T01:59:17Z,ls7,qd9v91nbhkdv,,,
0.0,0.75,0.6666666666666667,0.25,0.0,0.0,2003-10-18T01:49:10Z,ls5,qd9v91nbhkdv,0.25,0.75,0.0
,,1.0,,,,2003-10-26T01:59:37Z,ls7,qd9v91nbhkdv,,,
0.0,0.79,0.0,0.20333333333333337,0.0,0.0,2003-11-03T01:49:15Z,ls5,qd9v91nbhkdv,0.20469798657718122,0.7953020134228188,0.0
,,1.0,,,,2003-11-11T01:59:45Z,ls7,qd9v91nbhkdv,,,
0.01,0.7833333333333333,0.0,0.20000000000000004,0.0,0.0,2003-11-27T01:59:55Z,ls7,qd9v91nbhkdv,0.20134228187919465,0.7885906040268456,0.010067114093959731
,,1.0,,,,2003-12-05T01:49:45Z,ls5,qd9v91nbhkdv,,,
,,1.0,,,,2003-12-13T02:00:00Z,ls7,qd9v91nbhkdv,,,
0.013333333333333334,0.7833333333333333,0.0,0.19666666666666668,0.0,0.0,2003-12-21T01:49:53Z,ls5,qd9v91nbhkdv,0.19798657718120807,0.7885906040268457,0.01342281879194631
0.01,0.7966666666666667,0.0,0.18666666666666668,0.0,0.0,2003-12-29T02:00:08Z,ls7,qd9v91nbhkdv,0.18791946308724833,0.802013422818792,0.010067114093959731
,,1.0,,,,2004-01-14T02:00:09Z,ls7,qd9v91nbhkdv,,,
,,1.0,,,,2004-01-21T02:06:25Z,ls7,qd9v91nbhkdv,,,
0.0,0.8466666666666667,0.0,0.14666666666666664,0.0,0.0,2004-01-22T01:50:03Z,ls5,qd9v91nbhkdv,0.14765100671140938,0.8523489932885907,0.0
,,1.0,,,,2004-02-06T02:06:31Z,ls7,qd9v91nbhkdv,,,
0.0,0.82,0.0,0.17666666666666667,0.0,0.0,2004-02-07T01:50:08Z,ls5,qd9v91nbhkdv,0.17725752508361206,0.822742474916388,0.0
0.01,0.8200000000000001,0.33333333333333337,0.16,0.0,0.0,2004-02-15T02:00:21Z,ls7,qd9v91nbhkdv,0.1616161616161616,0.8282828282828283,0.0101010101010101
0.02666666666666667,0.7999999999999999,0.0,0.16333333333333333,0.0,0.0,2004-02-23T01:50:13Z,ls5,qd9v91nbhkdv,0.164983164983165,0.8080808080808081,0.026936026936026942
0.013333333333333334,0.8066666666666666,0.0,0.17,0.0,0.0,2004-03-02T02:00:23Z,ls7,qd9v91nbhkdv,0.17171717171717174,0.8148148148148148,0.01346801346801347
,,1.0,,,,2004-03-09T02:06:38Z,ls7,qd9v91nbhkdv,,,
0.16333333333333333,0.68,0.0,0.15,0.0,0.0,2004-03-10T01:50:18Z,ls5,qd9v91nbhkdv,0.15100671140939595,0.6845637583892618,0.16442953020134227
0.043333333333333335,0.7833333333333333,0.0,0.16,0.0,0.0,2004-03-18T02:00:30Z,ls7,qd9v91nbhkdv,0.16216216216216217,0.7939189189189189,0.04391891891891892
0.03,0.7766666666666667,0.0,0.18666666666666668,0.0,0.0,2004-03-26T01:50:20Z,ls5,qd9v91nbhkdv,0.18791946308724833,0.7818791946308725,0.030201342281879193
0.016666666666666666,0.7799999999999999,0.0,0.19666666666666668,0.0,0.0,2004-04-03T02:00:30Z,ls7,qd9v91nbhkdv,0.19798657718120807,0.785234899328859,0.016778523489932886
0.0,0.7666666666666666,0.0,0.2333333333333333,0.0,0.0,2004-04-11T01:50:47Z,ls5,qd9v91nbhkdv,0.23333333333333334,0.7666666666666667,0.0
,,1.0,,,,2004-04-26T02:06:34Z,ls7,qd9v91nbhkdv,,,
0.4633333333333333,0.41,0.0,0.11666666666666665,0.0,0.0,2004-04-27T01:51:15Z,ls5,qd9v91nbhkdv,0.11784511784511784,0.41414141414141414,0.468013468013468
0.02,0.7633333333333333,0.0,0.21333333333333335,0.0,0.0,2004-05-05T02:00:25Z,ls7,qd9v91nbhkdv,0.2140468227424749,0.765886287625418,0.020066889632107024
0.0,0.7266666666666666,0.0,0.2733333333333334,0.0,0.0,2004-05-13T01:51:43Z,ls5,qd9v91nbhkdv,0.2733333333333334,0.7266666666666666,0.0
,,1.0,,,,2004-05-21T02:00:25Z,ls7,qd9v91nbhkdv,,,
,,1.0,,,,2004-05-28T02:06:34Z,ls7,qd9v91nbhkdv,,,
0.17333333333333334,0.5633333333333334,0.0,0.25333333333333335,0.0,0.0,2004-05-29T01:52:10Z,ls5,qd9v91nbhkdv,0.2558922558922559,0.5690235690235691,0.1750841750841751
0.45999999999999996,0.33,0.0,0.20333333333333334,0.0,0.0,2004-06-06T02:00:20Z,ls7,qd9v91nbhkdv,0.20469798657718122,0.33221476510067116,0.46308724832214765
0.13666666666666666,0.5499999999999999,0.0,0.30333333333333334,0.0,0.0,2004-06-14T01:52:39Z,ls5,qd9v91nbhkdv,0.3063973063973064,0.5555555555555555,0.13804713804713803
,,1.0,,,,2004-06-30T01:53:08Z,ls5,qd9v91nbhkdv,,,
,,1.0,,,,2004-07-08T02:00:14Z,ls7,qd9v91nbhkdv,,,
0.04,0.7166666666666667,0.0,0.2366666666666667,0.0,0.0,2004-07-16T01:53:34Z,ls5,qd9v91nbhkdv,0.238255033557047,0.7214765100671141,0.040268456375838924
0.0,0.67,0.6666666666666667,0.33,0.0,0.0,2004-07-24T02:00:09Z,ls7,qd9v91nbhkdv,0.33,0.67,0.0
,,1.0,,,,2004-08-01T01:53:55Z,ls5,qd9v91nbhkdv,,,
0.07333333333333333,0.7000000000000001,0.0,0.21666666666666665,0.0,0.0,2004-08-09T02:00:02Z,ls7,qd9v91nbhkdv,0.2188552188552188,0.7070707070707071,0.07407407407407407
0.03666666666666667,0.7200000000000001,0.0,0.2333333333333333,0.0,0.0,2004-08-17T01:54:17Z,ls5,qd9v91nbhkdv,0.23569023569023567,0.7272727272727274,0.037037037037037035
,,1.0,,,,2004-08-25T02:00:01Z,ls7,qd9v91nbhkdv,,,
,,1.0,,,,2004-09-01T02:06:09Z,ls7,qd9v91nbhkdv,,,
0.08,0.6966666666666667,0.0,0.21666666666666667,0.0,0.0,2004-09-02T01:54:43Z,ls5,qd9v91nbhkdv,0.21812080536912754,0.7013422818791947,0.08053691275167786
0.030000000000000002,0.7433333333333333,0.0,0.21666666666666667,0.0,0.0,2004-09-10T01:59:55Z,ls7,qd9v91nbhkdv,0.21885521885521886,0.7508417508417508,0.030303030303030307
0.0,0.7666666666666666,0.0,0.22999999999999998,0.0,0.0,2004-09-18T01:55:08Z,ls5,qd9v91nbhkdv,0.23076923076923078,0.7692307692307693,0.0
,,1.0,,,,2004-09-26T01:59:50Z,ls7,qd9v91nbhkdv,,,
0.013333333333333334,0.7400000000000001,0.0,0.23333333333333336,0.0,0.0,2004-10-04T01:55:29Z,ls5,qd9v91nbhkdv,0.23648648648648649,0.75,0.013513513513513513
0.02,0.7666666666666666,0.0,0.21333333333333335,0.0,0.0,2004-10-20T01:55:50Z,ls5,qd9v91nbhkdv,0.21333333333333335,0.7666666666666666,0.02
,,1.0,,,,2004-10-28T02:00:03Z,ls7,qd9v91nbhkdv,,,
,,1.0,,,,2004-11-05T01:56:09Z,ls5,qd9v91nbhkdv,,,
0.030000000000000002,0.7533333333333333,0.0,0.21,0.0,0.0,2004-11-13T02:00:10Z,ls7,qd9v91nbhkdv,0.21140939597315436,0.7583892617449665,0.0302013422818792
0.049999999999999996,0.7433333333333333,0.0,0.19333333333333333,0.0,0.0,2004-11-21T01:56:23Z,ls5,qd9v91nbhkdv,0.19594594594594594,0.7533783783783783,0.05067567567567567
,,1.0,,,,2004-11-29T02:00:20Z,ls7,qd9v91nbhkdv,,,
0.006666666666666667,0.8066666666666666,0.0,0.18000000000000002,0.0,0.0,2004-12-07T01:56:46Z,ls5,qd9v91nbhkdv,0.18120805369127518,0.8120805369127516,0.006711409395973154
,,1.0,,,,2004-12-15T02:00:26Z,ls7,qd9v91nbhkdv,,,
0.0,0.8233333333333334,0.0,0.17,0.0,0.0,2004-12-23T01:57:03Z,ls5,qd9v91nbhkdv,0.17114093959731544,0.8288590604026845,0.0
0.0033333333333333335,0.8466666666666667,0.0,0.1466666666666667,0.0,0.0,2004-12-31T02:00:35Z,ls7,qd9v91nbhkdv,0.14715719063545152,0.8494983277591973,0.0033444816053511705
0.02666666666666667,0.7799999999999999,0.0,0.18333333333333335,0.0,0.0,2005-01-08T01:57:15Z,ls5,qd9v91nbhkdv,0.18518518518518523,0.7878787878787878,0.026936026936026942
,,1.0,,,,2005-01-16T02:00:38Z,ls7,qd9v91nbhkdv,,,
0.04,0.7666666666666666,0.0,0.18000000000000002,0.0,0.0,2005-01-24T01:57:28Z,ls5,qd9v91nbhkdv,0.18243243243243246,0.777027027027027,0.04054054054054054
0.0,0.85,0.0,0.14666666666666667,0.0,0.0,2005-02-01T02:00:42Z,ls7,qd9v91nbhkdv,0.14715719063545152,0.8528428093645486,0.0
0.0,0.86,0.0,0.14,0.0,0.0,2005-02-09T01:57:41Z,ls5,qd9v91nbhkdv,0.14,0.86,0.0
,,1.0,,,,2005-02-17T02:00:51Z,ls7,qd9v91nbhkdv,,,
,,1.0,,,,2005-02-25T01:57:58Z,ls5,qd9v91nbhkdv,,,
,,1.0,,,,2005-03-13T01:58:10Z,ls5,qd9v91nbhkdv,,,
0.0,0.8066666666666666,0.0,0.19000000000000003,0.0,0.0,2005-03-21T02:00:56Z,ls7,qd9v91nbhkdv,0.19063545150501673,0.8093645484949832,0.0
0.0,0.7766666666666667,0.0,0.21666666666666667,0.0,0.0,2005-03-29T01:58:17Z,ls5,qd9v91nbhkdv,0.2181208053691275,0.7818791946308725,0.0
0.0033333333333333335,0.75,0.0,0.23666666666666666,0.0,0.0,2005-04-06T02:00:52Z,ls7,qd9v91nbhkdv,0.23905723905723905,0.7575757575757576,0.0033670033670033673
,,1.0,,,,2005-04-13T02:07:00Z,ls7,qd9v91nbhkdv,,,
0.01,0.8466666666666667,0.0,0.13333333333333333,0.0,0.0,2005-04-14T01:58:21Z,ls5,qd9v91nbhkdv,0.13468013468013468,0.8552188552188552,0.010101010101010102
0.0,0.7966666666666667,0.0,0.19666666666666666,0.0,0.0,2005-04-22T02:00:46Z,ls7,qd9v91nbhkdv,0.19798657718120802,0.802013422818792,0.0
,,1.0,,,,2005-05-08T02:00:51Z,ls7,qd9v91nbhkdv,,,
0.0,0.0,0.6666666666666667,0.0,1.0,0.0,2005-05-24T02:00:50Z,ls7,qd9v91nbhkdv,0.0,0.0,0.0
,,1.0,,,,2005-06-01T01:58:41Z,ls5,qd9v91nbhkdv,,,
0.0,0.0,0.0,0.0,0.6666666666666666,0.3333333333333333,2005-06-17T01:58:48Z,ls5,qd9v91nbhkdv,0.0,0.0,0.0
,,1.0,,,,2005-06-25T02:00:39Z,ls7,qd9v91nbhkdv,,,
,,1.0,,,,2005-07-02T02:06:49Z,ls7,qd9v91nbhkdv,,,
,,1.0,,,,2005-07-03T01:58:51Z,ls5,qd9v91nbhkdv,,,
,,1.0,,,,2005-07-11T02:00:40Z,ls7,qd9v91nbhkdv,,,
0.0033333333333333335,0.6966666666666667,0.0,0.29,0.0,0.0,2005-07-19T01:59:02Z,ls5,qd9v91nbhkdv,0.29292929292929293,0.7037037037037038,0.0033670033670033677
0.02,0.7333333333333334,0.0,0.24333333333333332,0.0,0.0,2005-07-27T02:00:39Z,ls7,qd9v91nbhkdv,0.24414715719063543,0.7357859531772576,0.020066889632107024
0.10666666666666667,0.64,0.0,0.24333333333333332,0.0,0.0,2005-08-04T01:59:11Z,ls5,qd9v91nbhkdv,0.24579124579124578,0.6464646464646465,0.10774410774410775
,,1.0,,,,2005-08-12T02:00:35Z,ls7,qd9v91nbhkdv,,,
,,1.0,,,,2005-08-19T02:06:43Z,ls7,qd9v91nbhkdv,,,
,,1.0,,,,2005-08-20T01:59:17Z,ls5,qd9v91nbhkdv,,,
,,1.0,,,,2005-08-28T02:00:28Z,ls7,qd9v91nbhkdv,,,
0.02666666666666667,0.7866666666666666,0.0,0.18000000000000002,0.0,0.0,2005-09-05T01:59:21Z,ls5,qd9v91nbhkdv,0.18120805369127518,0.7919463087248322,0.02684563758389262
,,1.0,,,,2005-10-07T01:59:18Z,ls5,qd9v91nbhkdv,,,
0.06999999999999999,0.7066666666666667,0.0,0.21666666666666667,0.0,0.0,2005-10-15T02:00:21Z,ls7,qd9v91nbhkdv,0.21812080536912754,0.7114093959731544,0.07046979865771812
0.03,0.7033333333333335,0.0,0.25666666666666665,0.0,0.0,2005-10-23T01:59:17Z,ls5,qd9v91nbhkdv,0.2592592592592592,0.7104377104377104,0.030303030303030297
,,1.0,,,,2005-10-31T02:00:34Z,ls7,qd9v91nbhkdv,,,
,,1.0,,,,2005-11-08T01:59:26Z,ls5,qd9v91nbhkdv,,,
,,1.0,,,,2005-11-16T02:00:44Z,ls7,qd9v91nbhkdv,,,
0.02,0.7599999999999999,0.0,0.21,0.0,0.0,2005-11-24T01:59:50Z,ls5,qd9v91nbhkdv,0.21212121212121213,0.7676767676767676,0.020202020202020204
0.02,0.78,0.33333333333333337,0.195,0.0,0.0,2005-12-02T02:00:50Z,ls7,qd9v91nbhkdv,0.19597989949748743,0.7839195979899497,0.02010050251256281
0.0033333333333333335,0.7999999999999999,0.0,0.18666666666666668,0.0,0.0,2005-12-18T02:00:52Z,ls7,qd9v91nbhkdv,0.18855218855218858,0.8080808080808081,0.0033670033670033677
0.0,0.7799999999999999,0.0,0.21999999999999997,0.0,0.0,2006-01-19T02:01:09Z,ls7,qd9v91nbhkdv,0.22,0.78,0.0
0.049999999999999996,0.7200000000000001,0.0,0.22333333333333336,0.0,0.0,2006-01-27T02:01:20Z,ls5,qd9v91nbhkdv,0.22483221476510065,0.7248322147651006,0.05033557046979865
0.006666666666666667,0.8066666666666666,0.0,0.17333333333333334,0.0,0.0,2006-02-04T02:01:15Z,ls7,qd9v91nbhkdv,0.17567567567567569,0.8175675675675675,0.006756756756756757
0.0,0.7866666666666666,0.0,0.21,0.0,0.0,2006-02-12T02:01:42Z,ls5,qd9v91nbhkdv,0.21070234113712374,0.7892976588628763,0.0
0.02,0.7799999999999999,0.0,0.19333333333333333,0.0,0.0,2006-02-20T02:01:19Z,ls7,qd9v91nbhkdv,0.19463087248322147,0.785234899328859,0.020134228187919465
0.0,0.7633333333333333,0.0,0.22999999999999998,0.0,0.0,2006-02-28T02:02:02Z,ls5,qd9v91nbhkdv,0.23154362416107382,0.7684563758389262,0.0
0.013333333333333334,0.7833333333333333,0.0,0.19000000000000003,0.0,0.0,2006-03-08T02:01:20Z,ls7,qd9v91nbhkdv,0.1925675675675676,0.7939189189189189,0.013513513513513514
,,1.0,,,,2006-03-15T02:07:31Z,ls7,qd9v91nbhkdv,,,
,,1.0,,,,2006-04-09T02:01:17Z,ls7,qd9v91nbhkdv,,,
0.023333333333333334,0.7366666666666667,0.0,0.22999999999999998,0.0,0.0,2006-04-17T02:02:57Z,ls5,qd9v91nbhkdv,0.23232323232323232,0.7441077441077442,0.02356902356902357
,,1.0,,,,2006-04-25T02:01:16Z,ls7,qd9v91nbhkdv,,,
,,1.0,,,,2006-05-02T02:07:28Z,ls7,qd9v91nbhkdv,,,
0.0,0.7433333333333333,0.0,0.25333333333333335,0.0,0.0,2006-05-03T02:03:12Z,ls5,qd9v91nbhkdv,0.254180602006689,0.7458193979933111,0.0
,,1.0,,,,2006-05-11T02:01:18Z,ls7,qd9v91nbhkdv,,,
0.006666666666666667,0.6833333333333332,0.0,0.3,0.0,0.0,2006-05-19T02:03:24Z,ls5,qd9v91nbhkdv,0.30303030303030304,0.6902356902356902,0.0067340067340067354
0.006666666666666667,0.6466666666666666,0.0,0.33666666666666667,0.0,0.0,2006-05-27T02:01:18Z,ls7,qd9v91nbhkdv,0.3400673400673401,0.6531986531986531,0.006734006734006735
,,1.0,,,,2006-06-03T02:07:28Z,ls7,qd9v91nbhkdv,,,
0.0,0.6866666666666665,0.0,0.31,0.0,0.0,2006-06-04T02:03:39Z,ls5,qd9v91nbhkdv,0.3110367892976589,0.688963210702341,0.0
0.013333333333333334,0.6900000000000001,0.0,0.29,0.0,0.0,2006-06-12T02:01:15Z,ls7,qd9v91nbhkdv,0.2919463087248322,0.6946308724832215,0.01342281879194631
,,1.0,,,,2006-06-19T02:07:24Z,ls7,qd9v91nbhkdv,,,
,,1.0,,,,2006-06-20T02:03:53Z,ls5,qd9v91nbhkdv,,,
,,1.0,,,,2006-07-05T02:07:18Z,ls7,qd9v91nbhkdv,,,
0.016666666666666666,0.6699999999999999,0.0,0.3033333333333333,0.0,0.0,2006-07-06T02:04:08Z,ls5,qd9v91nbhkdv,0.3063973063973064,0.6767676767676768,0.016835016835016838
,,1.0,,,,2006-07-14T02:01:02Z,ls7,qd9v91nbhkdv,,,
0.0,0.7133333333333334,0.0,0.2866666666666666,0.0,0.0,2006-07-22T02:04:21Z,ls5,qd9v91nbhkdv,0.2866666666666666,0.7133333333333334,0.0
,,1.0,,,,2006-07-29T02:10:37Z,ls5,qd9v91nbhkdv,,,
0.0033333333333333335,0.6933333333333334,0.0,0.3,0.0,0.0,2006-07-30T02:00:56Z,ls7,qd9v91nbhkdv,0.3010033444816053,0.6956521739130435,0.0033444816053511705
,,1.0,,,,2006-08-14T02:10:49Z,ls5,qd9v91nbhkdv,,,
0.0,0.7566666666666667,0.0,0.2366666666666667,0.0,0.0,2006-08-23T02:04:45Z,ls5,qd9v91nbhkdv,0.238255033557047,0.761744966442953,0.0
0.0,0.0,0.0,0.0,0.0,1.0,2006-09-16T02:00:46Z,ls7,qd9v91nbhkdv,0.0,0.0,0.0
0.01,0.7866666666666666,0.0,0.19333333333333333,0.0,0.0,2006-09-24T02:05:09Z,ls5,qd9v91nbhkdv,0.19528619528619529,0.7946127946127945,0.010101010101010102
0.0,0.8066666666666666,0.0,0.18666666666666668,0.0,0.0,2006-10-02T02:00:39Z,ls7,qd9v91nbhkdv,0.18791946308724833,0.8120805369127517,0.0
0.03333333333333333,0.7866666666666666,0.0,0.17333333333333334,0.0,0.0,2006-10-10T02:05:19Z,ls5,qd9v91nbhkdv,0.17449664429530204,0.7919463087248322,0.03355704697986577
0.01,0.7766666666666667,0.0,0.20666666666666667,0.0,0.0,2006-10-18T02:00:46Z,ls7,qd9v91nbhkdv,0.20805369127516776,0.7818791946308725,0.010067114093959731
0.0,0.7533333333333333,0.0,0.2366666666666667,0.0,0.0,2006-10-26T02:05:29Z,ls5,qd9v91nbhkdv,0.23905723905723908,0.7609427609427609,0.0
,,1.0,,,,2006-11-03T02:01:01Z,ls7,qd9v91nbhkdv,,,
0.01,0.9266666666666666,0.0,0.056666666666666664,0.0,0.0,2006-11-11T02:05:37Z,ls5,qd9v91nbhkdv,0.05704697986577181,0.9328859060402684,0.010067114093959733
,,1.0,,,,2006-11-19T02:01:13Z,ls7,qd9v91nbhkdv,,,
0.06,0.77,0.0,0.15666666666666665,0.0,0.0,2006-11-27T02:05:46Z,ls5,qd9v91nbhkdv,0.15878378378378377,0.7804054054054055,0.060810810810810814
,,1.0,,,,2006-12-05T02:01:21Z,ls7,qd9v91nbhkdv,,,
0.0,0.8300000000000001,0.0,0.16666666666666666,0.0,0.0,2006-12-13T02:05:54Z,ls5,qd9v91nbhkdv,0.1672240802675585,0.8327759197324415,0.0
,,1.0,,,,2006-12-21T02:01:26Z,ls7,qd9v91nbhkdv,,,
0.0,0.8433333333333334,0.0,0.14666666666666667,0.0,0.0,2006-12-29T02:06:01Z,ls5,qd9v91nbhkdv,0.14814814814814814,0.8518518518518519,0.0
0.0,0.8166666666666668,0.0,0.17666666666666667,0.0,0.0,2007-01-06T02:01:27Z,ls7,qd9v91nbhkdv,0.17785234899328858,0.8221476510067115,0.0
0.0,0.8300000000000001,0.0,0.16666666666666666,0.0,0.0,2007-01-14T02:06:07Z,ls5,qd9v91nbhkdv,0.1672240802675585,0.8327759197324415,0.0
,,1.0,,,,2007-01-22T02:01:30Z,ls7,qd9v91nbhkdv,,,
0.04,0.8066666666666666,0.0,0.14333333333333334,0.0,0.0,2007-01-30T02:06:11Z,ls5,qd9v91nbhkdv,0.1447811447811448,0.8148148148148148,0.04040404040404041
0.013333333333333334,0.8366666666666668,0.0,0.13999999999999999,0.0,0.0,2007-02-07T02:01:37Z,ls7,qd9v91nbhkdv,0.14141414141414138,0.8451178451178452,0.013468013468013467
0.0,0.8266666666666667,0.0,0.16666666666666666,0.0,0.0,2007-02-15T02:06:13Z,ls5,qd9v91nbhkdv,0.16778523489932887,0.8322147651006712,0.0
0.016666666666666666,0.8233333333333334,0.0,0.15333333333333332,0.0,0.0,2007-02-23T02:01:42Z,ls7,qd9v91nbhkdv,0.15436241610738252,0.8288590604026845,0.016778523489932886
0.02666666666666667,0.7799999999999999,0.0,0.18333333333333335,0.0,0.0,2007-03-03T02:06:12Z,ls5,qd9v91nbhkdv,0.18518518518518523,0.7878787878787878,0.026936026936026942
0.04666666666666667,0.7966666666666667,0.0,0.1466666666666667,0.0,0.0,2007-03-11T02:01:45Z,ls7,qd9v91nbhkdv,0.14814814814814817,0.8047138047138047,0.04713804713804714
0.006666666666666667,0.8466666666666667,0.0,0.14,0.0,0.0,2007-03-19T02:06:09Z,ls5,qd9v91nbhkdv,0.14093959731543623,0.8523489932885906,0.006711409395973154
,,1.0,,,,2007-03-27T02:01:46Z,ls7,qd9v91nbhkdv,,,
,,1.0,,,,2007-04-03T02:07:57Z,ls7,qd9v91nbhkdv,,,
,,1.0,,,,2007-04-04T02:06:06Z,ls5,qd9v91nbhkdv,,,
0.02,0.7633333333333333,0.0,0.20666666666666667,0.0,0.0,2007-04-12T02:01:45Z,ls7,qd9v91nbhkdv,0.20875420875420875,0.771043771043771,0.020202020202020204
0.013333333333333334,0.77,0.0,0.21,0.0,0.0,2007-04-20T02:06:00Z,ls5,qd9v91nbhkdv,0.21140939597315436,0.7751677852348994,0.01342281879194631
0.05333333333333334,0.71,0.0,0.22666666666666668,0.0,0.0,2007-04-28T02:01:42Z,ls7,qd9v91nbhkdv,0.22895622895622897,0.7171717171717171,0.05387205387205388
,,1.0,,,,2007-05-05T02:07:51Z,ls7,qd9v91nbhkdv,,,
0.02,0.68,0.6666666666666667,0.29,0.0,0.0,2007-05-14T02:01:37Z,ls7,qd9v91nbhkdv,0.29292929292929293,0.686868686868687,0.020202020202020204
0.016666666666666666,0.7533333333333333,0.0,0.22,0.0,0.0,2007-05-22T02:05:41Z,ls5,qd9v91nbhkdv,0.22222222222222224,0.7609427609427609,0.016835016835016835
,,1.0,,,,2007-05-30T02:01:29Z,ls7,qd9v91nbhkdv,,,
,,1.0,,,,2007-06-15T02:01:30Z,ls7,qd9v91nbhkdv,,,
0.0,0.0,0.33333333333333337,0.0,0.5,0.5,2007-06-23T02:05:08Z,ls5,qd9v91nbhkdv,0.0,0.0,0.0
,,1.0,,,,2007-07-01T02:01:29Z,ls7,qd9v91nbhkdv,,,
0.016666666666666666,0.7200000000000001,0.0,0.25666666666666665,0.0,0.0,2007-07-09T02:04:57Z,ls5,qd9v91nbhkdv,0.2583892617449664,0.7248322147651006,0.016778523489932883
0.03666666666666667,0.7200000000000001,0.0,0.2333333333333333,0.0,0.0,2007-07-17T02:01:26Z,ls7,qd9v91nbhkdv,0.23569023569023567,0.7272727272727274,0.037037037037037035
,,1.0,,,,2007-07-25T02:04:49Z,ls5,qd9v91nbhkdv,,,
,,1.0,,,,2007-08-02T02:01:21Z,ls7,qd9v91nbhkdv,,,
,,1.0,,,,2007-08-10T02:04:40Z,ls5,qd9v91nbhkdv,,,
,,1.0,,,,2007-08-18T02:01:15Z,ls7,qd9v91nbhkdv,,,
,,1.0,,,,2007-08-26T02:04:30Z,ls5,qd9v91nbhkdv,,,
0.0,0.7933333333333333,0.0,0.20333333333333334,0.0,0.0,2007-09-02T02:10:36Z,ls5,qd9v91nbhkdv,0.2040133779264214,0.7959866220735786,0.0
0.0033333333333333335,0.8266666666666667,0.0,0.16666666666666666,0.0,0.0,2007-09-03T02:01:08Z,ls7,qd9v91nbhkdv,0.16722408026755853,0.8294314381270904,0.003344481605351171
0.05666666666666667,0.8099999999999999,0.0,0.12666666666666668,0.0,0.0,2007-09-10T02:07:15Z,ls7,qd9v91nbhkdv,0.12751677852348994,0.8154362416107382,0.05704697986577182
0.04,0.7533333333333334,0.0,0.2066666666666667,0.0,0.0,2007-09-11T02:04:22Z,ls5,qd9v91nbhkdv,0.2066666666666667,0.7533333333333334,0.04
0.0,0.7833333333333333,0.0,0.20666666666666667,0.0,0.0,2007-09-19T02:01:02Z,ls7,qd9v91nbhkdv,0.20875420875420875,0.7912457912457912,0.0
0.02666666666666667,0.7799999999999999,0.0,0.18666666666666668,0.0,0.0,2007-10-05T02:00:53Z,ls7,qd9v91nbhkdv,0.18791946308724836,0.7852348993288591,0.026845637583892624
,,1.0,,,,2007-10-12T02:07:10Z,ls7,qd9v91nbhkdv,,,
0.0,0.77,0.0,0.21666666666666667,0.0,0.0,2007-10-21T02:01:06Z,ls7,qd9v91nbhkdv,0.2195945945945946,0.7804054054054054,0.0
,,1.0,,,,2007-11-06T02:01:16Z,ls7,qd9v91nbhkdv,,,
,,1.0,,,,2007-11-22T02:01:25Z,ls7,qd9v91nbhkdv,,,
0.006666666666666667,0.8266666666666667,0.0,0.16,0.0,0.0,2007-12-08T02:01:31Z,ls7,qd9v91nbhkdv,0.1610738255033557,0.832214765100671,0.006711409395973154
,,1.0,,,,2007-12-24T02:01:34Z,ls7,qd9v91nbhkdv,,,
,,1.0,,,,2007-12-31T02:07:46Z,ls7,qd9v91nbhkdv,,,
0.02,0.81,0.0,0.16333333333333333,0.0,0.0,2008-01-09T02:01:36Z,ls7,qd9v91nbhkdv,0.16442953020134227,0.8154362416107382,0.020134228187919462
0.0033333333333333335,0.84,0.0,0.15000000000000002,0.0,0.0,2008-01-17T02:02:20Z,ls5,qd9v91nbhkdv,0.151006711409396,0.8456375838926175,0.0033557046979865775
0.01,0.8633333333333333,0.0,0.12,0.0,0.0,2008-01-24T02:08:22Z,ls5,qd9v91nbhkdv,0.12080536912751678,0.8691275167785235,0.010067114093959733
,,1.0,,,,2008-01-25T02:01:35Z,ls7,qd9v91nbhkdv,,,
0.013333333333333334,0.8533333333333334,0.0,0.12333333333333334,0.0,0.0,2008-02-02T02:02:03Z,ls5,qd9v91nbhkdv,0.12457912457912458,0.861952861952862,0.01346801346801347
0.0,0.81,0.0,0.18333333333333335,0.0,0.0,2008-02-09T02:08:07Z,ls5,qd9v91nbhkdv,0.18456375838926176,0.8154362416107382,0.0
0.06,0.7633333333333333,0.0,0.16666666666666666,0.0,0.0,2008-02-10T02:01:32Z,ls7,qd9v91nbhkdv,0.16835016835016833,0.771043771043771,0.06060606060606061
0.02,0.7999999999999999,0.0,0.17333333333333334,0.0,0.0,2008-02-18T02:01:46Z,ls5,qd9v91nbhkdv,0.17449664429530204,0.8053691275167785,0.020134228187919465
,,1.0,,,,2008-02-26T02:01:28Z,ls7,qd9v91nbhkdv,,,
0.03,0.815,0.33333333333333337,0.15,0.0,0.0,2008-03-13T02:01:22Z,ls7,qd9v91nbhkdv,0.1507537688442211,0.8190954773869347,0.03015075376884422
0.02666666666666667,0.7999999999999999,0.0,0.16333333333333333,0.0,0.0,2008-03-20T02:07:34Z,ls7,qd9v91nbhkdv,0.164983164983165,0.8080808080808081,0.026936026936026942
,,1.0,,,,2008-03-29T02:01:23Z,ls7,qd9v91nbhkdv,,,
0.03,0.7333333333333334,0.0,0.22333333333333336,0.0,0.0,2008-04-14T02:01:22Z,ls7,qd9v91nbhkdv,0.22635135135135134,0.7432432432432432,0.0304054054054054
0.02666666666666667,0.7633333333333333,0.0,0.19999999999999998,0.0,0.0,2008-04-30T02:01:19Z,ls7,qd9v91nbhkdv,0.20202020202020202,0.7710437710437711,0.026936026936026942
0.08,0.6633333333333333,0.0,0.24666666666666667,0.0,0.0,2008-05-16T02:01:14Z,ls7,qd9v91nbhkdv,0.24915824915824916,0.67003367003367,0.08080808080808081
0.0033333333333333335,0.77,0.0,0.21666666666666667,0.0,0.0,2008-06-01T02:01:06Z,ls7,qd9v91nbhkdv,0.21885521885521886,0.7777777777777778,0.0033670033670033673
0.0,0.0,0.0,0.0,1.0,0.0,2008-06-17T02:00:57Z,ls7,qd9v91nbhkdv,0.0,0.0,0.0
,,1.0,,,,2008-06-24T02:07:04Z,ls7,qd9v91nbhkdv,,,
0.15333333333333335,0.3233333333333333,0.0,0.18000000000000002,0.0,0.3333333333333333,2008-07-03T02:00:47Z,ls7,qd9v91nbhkdv,0.18274111675126908,0.32825719120135366,0.15566835871404403
0.0,0.69,0.0,0.3066666666666667,0.0,0.0,2008-07-10T02:06:53Z,ls7,qd9v91nbhkdv,0.30769230769230776,0.6923076923076923,0.0
,,1.0,,,,2008-07-19T02:00:35Z,ls7,qd9v91nbhkdv,,,
0.18000000000000002,0.5499999999999999,0.0,0.25666666666666665,0.0,0.0,2008-08-04T02:00:28Z,ls7,qd9v91nbhkdv,0.26013513513513514,0.5574324324324323,0.18243243243243246
0.08666666666666667,0.7000000000000001,0.0,0.20666666666666667,0.0,0.0,2008-08-11T02:06:36Z,ls7,qd9v91nbhkdv,0.20805369127516776,0.7046979865771812,0.087248322147651
0.06,0.755,0.33333333333333337,0.18,0.0,0.0,2008-08-20T02:00:22Z,ls7,qd9v91nbhkdv,0.1809045226130653,0.7587939698492462,0.06030150753768843
,,1.0,,,,2008-08-27T02:06:29Z,ls7,qd9v91nbhkdv,,,
0.02333333333333333,0.7866666666666666,0.0,0.18333333333333335,0.0,0.0,2008-09-05T02:00:14Z,ls7,qd9v91nbhkdv,0.18456375838926176,0.7919463087248322,0.023489932885906038
0.043333333333333335,0.7533333333333333,0.0,0.19666666666666666,0.0,0.0,2008-10-07T01:59:55Z,ls7,qd9v91nbhkdv,0.19798657718120805,0.7583892617449665,0.04362416107382551
0.07,0.7166666666666667,0.0,0.20333333333333334,0.0,0.0,2008-10-15T01:55:20Z,ls5,qd9v91nbhkdv,0.2053872053872054,0.7239057239057239,0.07070707070707072
,,1.0,,,,2008-10-23T02:00:03Z,ls7,qd9v91nbhkdv,,,
0.07333333333333333,0.7266666666666666,0.0,0.19333333333333336,0.0,0.0,2008-10-31T01:54:47Z,ls5,qd9v91nbhkdv,0.1946308724832215,0.7315436241610738,0.0738255033557047
0.04,0.7866666666666666,0.0,0.17,0.0,0.0,2008-11-08T02:00:18Z,ls7,qd9v91nbhkdv,0.1705685618729097,0.7892976588628762,0.04013377926421405
,,1.0,,,,2008-11-15T02:06:34Z,ls7,qd9v91nbhkdv,,,
,,1.0,,,,2008-11-16T01:54:32Z,ls5,qd9v91nbhkdv,,,
0.0,0.7666666666666666,0.0,0.22666666666666668,0.0,0.0,2008-11-24T02:00:30Z,ls7,qd9v91nbhkdv,0.22818791946308728,0.7718120805369127,0.0
0.17,0.61,0.6666666666666667,0.21,0.0,0.0,2008-12-02T01:55:04Z,ls5,qd9v91nbhkdv,0.21212121212121213,0.6161616161616161,0.17171717171717174
,,1.0,,,,2008-12-10T02:00:41Z,ls7,qd9v91nbhkdv,,,
0.02666666666666667,0.7933333333333333,0.0,0.17333333333333334,0.0,0.0,2008-12-18T01:55:33Z,ls5,qd9v91nbhkdv,0.17449664429530204,0.7986577181208054,0.02684563758389262
,,1.0,,,,2008-12-26T02:00:49Z,ls7,qd9v91nbhkdv,,,
0.023333333333333334,0.8099999999999999,0.0,0.15333333333333335,0.0,0.0,2009-01-03T01:55:59Z,ls5,qd9v91nbhkdv,0.15540540540540543,0.8209459459459459,0.023648648648648653
0.08,0.77,0.0,0.14333333333333334,0.0,0.0,2009-01-11T02:00:55Z,ls7,qd9v91nbhkdv,0.14429530201342283,0.7751677852348994,0.08053691275167786
,,1.0,,,,2009-02-12T02:01:07Z,ls7,qd9v91nbhkdv,,,
0.03333333333333333,0.8033333333333333,0.0,0.15333333333333335,0.0,0.0,2009-02-20T01:57:14Z,ls5,qd9v91nbhkdv,0.1548821548821549,0.8114478114478114,0.03367003367003367
,,1.0,,,,2009-02-28T02:01:16Z,ls7,qd9v91nbhkdv,,,
0.013333333333333334,0.84,0.0,0.13999999999999999,0.0,0.0,2009-03-16T02:01:24Z,ls7,qd9v91nbhkdv,0.14093959731543623,0.8456375838926175,0.01342281879194631
0.0,0.0,0.0,0.0,0.0,1.0,2009-03-24T01:57:59Z,ls5,qd9v91nbhkdv,0.0,0.0,0.0
,,1.0,,,,2009-04-01T02:01:30Z,ls7,qd9v91nbhkdv,,,
0.023333333333333334,0.7733333333333334,0.0,0.19333333333333336,0.0,0.0,2009-04-17T02:01:35Z,ls7,qd9v91nbhkdv,0.19528619528619529,0.7811447811447811,0.02356902356902357
0.0,0.7466666666666667,0.0,0.2466666666666667,0.0,0.0,2009-04-25T01:58:37Z,ls5,qd9v91nbhkdv,0.24832214765100674,0.7516778523489933,0.0
0.0,0.785,0.33333333333333337,0.20500000000000002,0.0,0.0,2009-05-03T02:01:39Z,ls7,qd9v91nbhkdv,0.2070707070707071,0.7929292929292929,0.0
,,1.0,,,,2009-05-10T02:07:51Z,ls7,qd9v91nbhkdv,,,
0.08666666666666667,0.6566666666666667,0.0,0.24666666666666667,0.0,0.0,2009-05-11T01:58:55Z,ls5,qd9v91nbhkdv,0.24915824915824913,0.6632996632996633,0.08754208754208753
,,1.0,,,,2009-05-19T02:01:41Z,ls7,qd9v91nbhkdv,,,
,,1.0,,,,2009-06-04T02:01:41Z,ls7,qd9v91nbhkdv,,,
,,1.0,,,,2009-06-20T02:01:39Z,ls7,qd9v91nbhkdv,,,
0.19333333333333333,0.48666666666666664,0.0,0.31666666666666665,0.0,0.0,2009-06-28T01:59:47Z,ls5,qd9v91nbhkdv,0.3177257525083612,0.4882943143812709,0.1939799331103679
,,1.0,,,,2009-07-13T02:07:45Z,ls7,qd9v91nbhkdv,,,
0.023333333333333334,0.6666666666666666,0.0,0.30666666666666664,0.0,0.0,2009-07-14T02:00:04Z,ls5,qd9v91nbhkdv,0.3076923076923077,0.6688963210702341,0.023411371237458196
,,1.0,,,,2009-07-22T02:01:32Z,ls7,qd9v91nbhkdv,,,
,,1.0,,,,2009-07-29T02:07:40Z,ls7,qd9v91nbhkdv,,,
0.0,0.6866666666666666,0.0,0.3066666666666667,0.0,0.0,2009-08-07T02:01:26Z,ls7,qd9v91nbhkdv,0.3087248322147651,0.6912751677852348,0.0
,,1.0,,,,2009-08-15T02:00:33Z,ls5,qd9v91nbhkdv,,,
,,1.0,,,,2009-08-23T02:01:25Z,ls7,qd9v91nbhkdv,,,
0.0033333333333333335,0.7633333333333333,0.0,0.22666666666666668,0.0,0.0,2009-08-31T02:00:47Z,ls5,qd9v91nbhkdv,0.22818791946308728,0.7684563758389262,0.0033557046979865775
0.08,0.7066666666666667,0.0,0.20666666666666667,0.0,0.0,2009-09-08T02:01:24Z,ls7,qd9v91nbhkdv,0.2080536912751678,0.7114093959731544,0.08053691275167786
,,1.0,,,,2009-09-16T02:01:00Z,ls5,qd9v91nbhkdv,,,
,,1.0,,,,2009-09-24T02:01:23Z,ls7,qd9v91nbhkdv,,,
,,1.0,,,,2009-10-01T02:07:32Z,ls7,qd9v91nbhkdv,,,
0.006666666666666667,0.7733333333333334,0.0,0.21,0.0,0.0,2009-10-02T02:01:12Z,ls5,qd9v91nbhkdv,0.2121212121212121,0.7811447811447811,0.006734006734006734
,,1.0,,,,2009-10-10T02:01:17Z,ls7,qd9v91nbhkdv,,,
,,1.0,,,,2009-10-17T02:07:35Z,ls7,qd9v91nbhkdv,,,
0.006666666666666667,0.7999999999999999,0.0,0.18666666666666668,0.0,0.0,2009-10-18T02:01:22Z,ls5,qd9v91nbhkdv,0.18791946308724833,0.8053691275167785,0.006711409395973155
0.11,0.6966666666666667,0.0,0.18000000000000002,0.0,0.0,2009-11-03T02:01:30Z,ls5,qd9v91nbhkdv,0.18243243243243246,0.706081081081081,0.11148648648648649
,,1.0,,,,2009-11-10T02:07:44Z,ls5,qd9v91nbhkdv,,,
0.0,0.82,0.0,0.17333333333333334,0.0,0.0,2009-11-11T02:01:48Z,ls7,qd9v91nbhkdv,0.17449664429530204,0.825503355704698,0.0
0.0,0.7999999999999999,0.0,0.19666666666666666,0.0,0.0,2009-11-19T02:01:37Z,ls5,qd9v91nbhkdv,0.19732441471571907,0.802675585284281,0.0
0.016666666666666666,0.82,0.0,0.15333333333333332,0.0,0.0,2009-11-27T02:01:59Z,ls7,qd9v91nbhkdv,0.15488215488215487,0.8282828282828283,0.016835016835016835
,,1.0,,,,2009-12-04T02:08:15Z,ls7,qd9v91nbhkdv,,,
0.02666666666666667,0.81,0.0,0.15666666666666668,0.0,0.0,2009-12-05T02:01:46Z,ls5,qd9v91nbhkdv,0.15771812080536912,0.8154362416107382,0.026845637583892617
,,1.0,,,,2009-12-13T02:02:11Z,ls7,qd9v91nbhkdv,,,
,,1.0,,,,2009-12-20T02:08:30Z,ls7,qd9v91nbhkdv,,,
,,1.0,,,,2009-12-29T02:02:29Z,ls7,qd9v91nbhkdv,,,
0.04,0.8066666666666666,0.0,0.14333333333333334,0.0,0.0,2010-01-14T02:02:44Z,ls7,qd9v91nbhkdv,0.1447811447811448,0.8148148148148148,0.04040404040404041
0.09666666666666666,0.7266666666666667,0.0,0.16666666666666666,0.0,0.0,2010-01-22T02:02:03Z,ls5,qd9v91nbhkdv,0.16835016835016833,0.734006734006734,0.09764309764309764
,,1.0,,,,2010-01-30T02:02:58Z,ls7,qd9v91nbhkdv,,,
,,1.0,,,,2010-02-15T02:03:09Z,ls7,qd9v91nbhkdv,,,
0.02666666666666667,0.8133333333333334,0.0,0.15,0.0,0.0,2010-02-23T02:02:10Z,ls5,qd9v91nbhkdv,0.15151515151515152,0.8215488215488216,0.02693602693602694
0.0,0.8233333333333334,0.0,0.17,0.0,0.0,2010-03-03T02:03:17Z,ls7,qd9v91nbhkdv,0.17114093959731544,0.8288590604026845,0.0
,,1.0,,,,2010-03-19T02:03:23Z,ls7,qd9v91nbhkdv,,,
,,1.0,,,,2010-04-04T02:03:27Z,ls7,qd9v91nbhkdv,,,
,,1.0,,,,2010-04-11T02:09:38Z,ls7,qd9v91nbhkdv,,,
,,1.0,,,,2010-04-20T02:03:27Z,ls7,qd9v91nbhkdv,,,
,,1.0,,,,2010-04-27T02:09:37Z,ls7,qd9v91nbhkdv,,,
,,1.0,,,,2010-04-28T02:02:03Z,ls5,qd9v91nbhkdv,,,
0.0033333333333333335,0.85,0.0,0.1366666666666667,0.0,0.0,2010-05-06T02:03:24Z,ls7,qd9v91nbhkdv,0.13804713804713806,0.8585858585858586,0.0033670033670033673
,,1.0,,,,2010-05-14T02:02:01Z,ls5,qd9v91nbhkdv,,,
,,1.0,,,,2010-05-29T02:09:33Z,ls7,qd9v91nbhkdv,,,
,,1.0,,,,2010-06-30T02:09:36Z,ls7,qd9v91nbhkdv,,,
0.02,0.7133333333333334,0.0,0.25666666666666665,0.0,0.0,2010-07-25T02:03:28Z,ls7,qd9v91nbhkdv,0.25925925925925924,0.7205387205387206,0.020202020202020204
0.023333333333333334,0.7733333333333334,0.0,0.19333333333333336,0.0,0.0,2010-08-01T02:09:38Z,ls7,qd9v91nbhkdv,0.19528619528619529,0.7811447811447811,0.02356902356902357
0.08333333333333333,0.7399999999999999,0.0,0.16666666666666666,0.0,0.0,2010-08-10T02:03:26Z,ls7,qd9v91nbhkdv,0.16835016835016836,0.7474747474747474,0.08417508417508418
,,1.0,,,,2010-08-26T02:03:30Z,ls7,qd9v91nbhkdv,,,
,,1.0,,,,2010-09-02T02:09:42Z,ls7,qd9v91nbhkdv,,,
0.09333333333333334,0.7266666666666667,0.0,0.16666666666666666,0.0,0.0,2010-09-11T02:03:32Z,ls7,qd9v91nbhkdv,0.16891891891891891,0.7364864864864865,0.0945945945945946
,,1.0,,,,2010-09-27T02:03:31Z,ls7,qd9v91nbhkdv,,,
0.105,0.7250000000000001,0.33333333333333337,0.16,0.0,0.0,2010-10-13T02:03:36Z,ls7,qd9v91nbhkdv,0.1616161616161616,0.7323232323232324,0.10606060606060605
0.006666666666666667,0.8166666666666665,0.0,0.17,0.0,0.0,2010-10-29T02:03:45Z,ls7,qd9v91nbhkdv,0.17114093959731547,0.8221476510067113,0.006711409395973155
0.0,0.8033333333333333,0.0,0.19000000000000003,0.0,0.0,2010-11-14T02:03:57Z,ls7,qd9v91nbhkdv,0.19127516778523493,0.8087248322147651,0.0
,,1.0,,,,2010-11-30T02:04:08Z,ls7,qd9v91nbhkdv,,,
,,1.0,,,,2010-12-07T02:10:23Z,ls7,qd9v91nbhkdv,,,
,,1.0,,,,2010-12-08T02:01:02Z,ls5,qd9v91nbhkdv,,,
0.0,0.7933333333333333,0.0,0.20000000000000004,0.0,0.0,2010-12-23T02:10:30Z,ls7,qd9v91nbhkdv,0.20134228187919465,0.7986577181208053,0.0
0.0,0.8233333333333334,0.0,0.17,0.0,0.0,2010-12-24T02:01:07Z,ls5,qd9v91nbhkdv,0.17114093959731544,0.8288590604026845,0.0
0.023333333333333334,0.8333333333333334,0.0,0.13,0.0,0.0,2011-01-01T02:04:25Z,ls7,qd9v91nbhkdv,0.13175675675675677,0.8445945945945946,0.02364864864864865
0.01,0.7799999999999999,0.0,0.20666666666666667,0.0,0.0,2011-01-09T02:01:10Z,ls5,qd9v91nbhkdv,0.2073578595317726,0.7826086956521738,0.010033444816053512
0.0,0.8500000000000001,0.0,0.14666666666666664,0.0,0.0,2011-01-25T02:01:10Z,ls5,qd9v91nbhkdv,0.14715719063545146,0.8528428093645486,0.0
0.006666666666666667,0.8066666666666666,0.0,0.18333333333333335,0.0,0.0,2011-02-02T02:04:38Z,ls7,qd9v91nbhkdv,0.1839464882943144,0.8093645484949832,0.006688963210702341
0.0,0.7666666666666666,0.0,0.22333333333333336,0.0,0.0,2011-02-10T02:01:13Z,ls5,qd9v91nbhkdv,0.22558922558922562,0.7744107744107743,0.0
0.02666666666666667,0.7966666666666665,0.0,0.17,0.0,0.0,2011-02-18T02:04:42Z,ls7,qd9v91nbhkdv,0.17114093959731547,0.802013422818792,0.026845637583892624
0.0,0.8066666666666666,0.0,0.18999999999999997,0.0,0.0,2011-02-26T02:01:12Z,ls5,qd9v91nbhkdv,0.1906354515050167,0.8093645484949833,0.0
0.0,0.0,0.0,0.0,0.0,1.0,2011-03-06T02:04:47Z,ls7,qd9v91nbhkdv,0.0,0.0,0.0
0.03,0.79,0.0,0.17666666666666667,0.0,0.0,2011-03-22T02:04:47Z,ls7,qd9v91nbhkdv,0.17725752508361203,0.7926421404682275,0.030100334448160532
0.023333333333333334,0.7899999999999999,0.0,0.17666666666666667,0.0,0.0,2011-03-30T02:01:03Z,ls5,qd9v91nbhkdv,0.17845117845117847,0.797979797979798,0.023569023569023573
0.016666666666666666,0.7566666666666667,0.0,0.22,0.0,0.0,2011-04-07T02:04:52Z,ls7,qd9v91nbhkdv,0.22147651006711408,0.761744966442953,0.016778523489932886
0.0,0.8066666666666666,0.0,0.18666666666666668,0.0,0.0,2011-04-14T02:11:02Z,ls7,qd9v91nbhkdv,0.18791946308724833,0.8120805369127517,0.0
0.013333333333333334,0.7733333333333333,0.0,0.20666666666666667,0.0,0.0,2011-04-15T02:00:58Z,ls5,qd9v91nbhkdv,0.2080536912751678,0.7785234899328859,0.01342281879194631
0.0,0.0,0.0,0.0,0.0,1.0,2011-04-23T02:04:50Z,ls7,qd9v91nbhkdv,0.0,0.0,0.0
,,1.0,,,,2011-04-30T02:11:02Z,ls7,qd9v91nbhkdv,,,
0.006666666666666667,0.7599999999999999,0.0,0.22333333333333336,0.0,0.0,2011-05-01T02:00:52Z,ls5,qd9v91nbhkdv,0.22558922558922562,0.7676767676767676,0.006734006734006735
0.016666666666666666,0.7933333333333333,0.0,0.18000000000000002,0.0,0.0,2011-05-09T02:04:50Z,ls7,qd9v91nbhkdv,0.18181818181818182,0.8013468013468013,0.016835016835016835
0.0,0.7566666666666667,0.0,0.23666666666666666,0.0,0.0,2011-05-25T02:04:49Z,ls7,qd9v91nbhkdv,0.23825503355704697,0.761744966442953,0.0
0.0,0.7066666666666667,0.0,0.2866666666666667,0.0,0.0,2011-06-10T02:04:50Z,ls7,qd9v91nbhkdv,0.2885906040268456,0.7114093959731543,0.0
0.016666666666666666,0.7433333333333333,0.0,0.23333333333333336,0.0,0.0,2011-06-26T02:04:46Z,ls7,qd9v91nbhkdv,0.23489932885906042,0.7483221476510066,0.016778523489932886
0.043333333333333335,0.73,0.0,0.21666666666666667,0.0,0.0,2011-07-12T02:04:46Z,ls7,qd9v91nbhkdv,0.21885521885521886,0.7373737373737373,0.04377104377104377
0.05666666666666667,0.7200000000000001,0.0,0.21333333333333337,0.0,0.0,2011-07-19T02:10:56Z,ls7,qd9v91nbhkdv,0.2154882154882155,0.7272727272727273,0.057239057239057235
0.06666666666666667,0.15666666666666665,0.0,0.10666666666666667,0.3333333333333333,0.3333333333333333,2011-07-28T02:04:43Z,ls7,qd9v91nbhkdv,0.1077441077441078,0.1582491582491583,0.06734006734006737
,,1.0,,,,2011-08-04T02:10:52Z,ls7,qd9v91nbhkdv,,,
0.12333333333333334,0.5866666666666668,0.0,0.28,0.0,0.0,2011-08-05T02:00:09Z,ls5,qd9v91nbhkdv,0.2828282828282828,0.5925925925925927,0.12457912457912457
,,1.0,,,,2011-08-13T02:04:39Z,ls7,qd9v91nbhkdv,,,
0.0,0.69,0.6666666666666667,0.3,0.0,0.0,2011-08-20T02:10:49Z,ls7,qd9v91nbhkdv,0.30303030303030304,0.6969696969696969,0.0
0.04666666666666667,0.7300000000000001,0.0,0.21666666666666667,0.0,0.0,2011-08-29T02:04:37Z,ls7,qd9v91nbhkdv,0.2181208053691275,0.7348993288590604,0.04697986577181208
0.05666666666666667,0.69,0.0,0.24666666666666667,0.0,0.0,2011-09-06T01:59:52Z,ls5,qd9v91nbhkdv,0.24832214765100674,0.6946308724832214,0.05704697986577182
,,1.0,,,,2011-09-14T02:04:31Z,ls7,qd9v91nbhkdv,,,
,,1.0,,,,2011-09-21T02:10:41Z,ls7,qd9v91nbhkdv,,,
,,1.0,,,,2011-09-30T02:04:29Z,ls7,qd9v91nbhkdv,,,
,,1.0,,,,2011-10-07T02:10:38Z,ls7,qd9v91nbhkdv,,,
,,1.0,,,,2011-10-08T01:59:19Z,ls5,qd9v91nbhkdv,,,
,,1.0,,,,2011-10-16T02:04:31Z,ls7,qd9v91nbhkdv,,,
,,1.0,,,,2011-10-23T02:10:46Z,ls7,qd9v91nbhkdv,,,
0.04,0.7733333333333334,0.0,0.18000000000000002,0.0,0.0,2011-11-01T02:04:36Z,ls7,qd9v91nbhkdv,0.18120805369127516,0.7785234899328859,0.04026845637583892
,,1.0,,,,2011-11-17T02:04:50Z,ls7,qd9v91nbhkdv,,,
,,1.0,,,,2011-11-24T02:11:06Z,ls7,qd9v91nbhkdv,,,
0.03666666666666667,0.77,0.0,0.18333333333333335,0.0,0.0,2011-12-03T02:04:59Z,ls7,qd9v91nbhkdv,0.1851851851851852,0.7777777777777778,0.037037037037037035
,,1.0,,,,2011-12-19T02:05:06Z,ls7,qd9v91nbhkdv,,,
0.0,0.8266666666666667,0.0,0.17,0.0,0.0,2012-01-04T02:05:15Z,ls7,qd9v91nbhkdv,0.1705685618729097,0.8294314381270903,0.0
,,1.0,,,,2012-01-11T02:11:27Z,ls7,qd9v91nbhkdv,,,
0.01,0.8066666666666666,0.0,0.17333333333333334,0.0,0.0,2012-01-20T02:05:15Z,ls7,qd9v91nbhkdv,0.1750841750841751,0.8148148148148148,0.010101010101010102
0.09,0.62,0.6666666666666667,0.27,0.0,0.0,2012-02-05T02:05:19Z,ls7,qd9v91nbhkdv,0.2755102040816327,0.6326530612244898,0.09183673469387756
0.02666666666666667,0.7933333333333334,0.0,0.17666666666666667,0.0,0.0,2012-02-21T02:05:23Z,ls7,qd9v91nbhkdv,0.17725752508361203,0.7959866220735787,0.026755852842809364
0.03333333333333333,0.7833333333333332,0.0,0.17333333333333334,0.0,0.0,2012-03-08T02:05:19Z,ls7,qd9v91nbhkdv,0.17508417508417512,0.7912457912457912,0.033670033670033676
,,1.0,,,,2012-03-15T02:11:32Z,ls7,qd9v91nbhkdv,,,
,,1.0,,,,2012-03-24T02:05:22Z,ls7,qd9v91nbhkdv,,,
,,1.0,,,,2012-03-31T02:11:32Z,ls7,qd9v91nbhkdv,,,
0.0033333333333333335,0.7633333333333333,0.0,0.22666666666666666,0.0,0.0,2012-04-09T02:05:17Z,ls7,qd9v91nbhkdv,0.22818791946308725,0.7684563758389262,0.0033557046979865775
,,1.0,,,,2012-04-25T02:05:32Z,ls7,qd9v91nbhkdv,,,
,,1.0,,,,2012-05-11T02:05:55Z,ls7,qd9v91nbhkdv,,,
0.0,0.7433333333333333,0.0,0.25,0.0,0.0,2012-05-27T02:05:47Z,ls7,qd9v91nbhkdv,0.2516778523489933,0.7483221476510067,0.0
,,1.0,,,,2012-06-12T02:05:37Z,ls7,qd9v91nbhkdv,,,
,,1.0,,,,2012-06-28T02:05:45Z,ls7,qd9v91nbhkdv,,,
0.02,0.6766666666666667,0.0,0.2866666666666666,0.0,0.0,2012-07-14T02:06:00Z,ls7,qd9v91nbhkdv,0.2915254237288135,0.688135593220339,0.020338983050847456
0.05666666666666667,0.6833333333333332,0.0,0.25666666666666665,0.0,0.0,2012-07-30T02:06:10Z,ls7,qd9v91nbhkdv,0.25752508361204013,0.68561872909699,0.05685618729096991
,,1.0,,,,2012-08-15T02:06:22Z,ls7,qd9v91nbhkdv,,,
0.10666666666666667,0.7000000000000001,0.0,0.18000000000000002,0.0,0.0,2012-08-31T02:06:32Z,ls7,qd9v91nbhkdv,0.18243243243243243,0.7094594594594594,0.1081081081081081
0.0,0.7766666666666667,0.0,0.21666666666666667,0.0,0.0,2012-09-07T02:12:48Z,ls7,qd9v91nbhkdv,0.2181208053691275,0.7818791946308725,0.0
0.049999999999999996,0.7400000000000001,0.0,0.20000000000000004,0.0,0.0,2012-09-16T02:06:41Z,ls7,qd9v91nbhkdv,0.20202020202020202,0.7474747474747474,0.05050505050505049
0.04,0.7,0.6666666666666667,0.25,0.0,0.0,2012-09-23T02:12:56Z,ls7,qd9v91nbhkdv,0.25252525252525254,0.7070707070707071,0.04040404040404041
0.0033333333333333335,0.7799999999999999,0.0,0.20666666666666667,0.0,0.0,2012-10-02T02:06:51Z,ls7,qd9v91nbhkdv,0.20875420875420878,0.7878787878787878,0.0033670033670033677
,,1.0,,,,2012-10-09T02:13:03Z,ls7,qd9v91nbhkdv,,,
,,1.0,,,,2012-10-18T02:07:00Z,ls7,qd9v91nbhkdv,,,
0.0033333333333333335,0.83,0.0,0.16,0.0,0.0,2012-11-19T02:07:13Z,ls7,qd9v91nbhkdv,0.16107382550335572,0.8355704697986577,0.0033557046979865775
0.01,0.7666666666666666,0.0,0.21666666666666667,0.0,0.0,2012-11-26T02:13:25Z,ls7,qd9v91nbhkdv,0.21812080536912754,0.7718120805369127,0.010067114093959733
0.03666666666666667,0.7933333333333333,0.0,0.16333333333333333,0.0,0.0,2012-12-21T02:07:22Z,ls7,qd9v91nbhkdv,0.1644295302013423,0.7986577181208054,0.03691275167785235
0.03666666666666667,0.8133333333333334,0.0,0.1433333333333333,0.0,0.0,2013-01-22T02:07:25Z,ls7,qd9v91nbhkdv,0.1442953020134228,0.8187919463087249,0.03691275167785235
,,1.0,,,,2013-01-29T02:13:37Z,ls7,qd9v91nbhkdv,,,
0.10000000000000002,0.7066666666666667,0.0,0.18333333333333335,0.0,0.0,2013-02-07T02:07:27Z,ls7,qd9v91nbhkdv,0.1851851851851852,0.7138047138047138,0.10101010101010104
,,1.0,,,,2013-02-14T02:13:37Z,ls7,qd9v91nbhkdv,,,
0.04666666666666667,0.7666666666666666,0.0,0.17666666666666667,0.0,0.0,2013-02-23T02:07:24Z,ls7,qd9v91nbhkdv,0.17845117845117847,0.7744107744107744,0.047138047138047146
0.043333333333333335,0.7966666666666667,0.0,0.15,0.0,0.0,2013-03-02T02:13:34Z,ls7,qd9v91nbhkdv,0.1515151515151515,0.8047138047138047,0.043771043771043766
,,1.0,,,,2013-03-11T02:07:23Z,ls7,qd9v91nbhkdv,,,
0.0,0.7799999999999999,0.0,0.21333333333333335,0.0,0.0,2013-03-18T02:13:32Z,ls7,qd9v91nbhkdv,0.21476510067114096,0.785234899328859,0.0
,,1.0,,,,2013-03-27T02:07:16Z,ls7,qd9v91nbhkdv,,,
0.02,0.81,0.0,0.16,0.0,0.0,2013-04-03T02:13:28Z,ls7,qd9v91nbhkdv,0.1616161616161616,0.8181818181818181,0.0202020202020202
0.02,0.8033333333333333,0.0,0.16666666666666666,0.0,0.0,2013-04-06T02:17:40Z,ls8,qd9v91nbhkdv,0.16835016835016833,0.8114478114478114,0.020202020202020204
0.02,0.7000000000000001,0.0,0.26666666666666666,0.0,0.0,2013-04-20T02:13:02Z,ls8,qd9v91nbhkdv,0.27027027027027023,0.7094594594594594,0.020270270270270268
0.0,0.7599999999999999,0.0,0.23333333333333336,0.0,0.0,2013-04-28T02:07:09Z,ls7,qd9v91nbhkdv,0.23489932885906045,0.7651006711409395,0.0
,,1.0,,,,2013-05-05T02:13:19Z,ls7,qd9v91nbhkdv,,,
,,1.0,,,,2013-05-06T02:13:04Z,ls8,qd9v91nbhkdv,,,
,,1.0,,,,2013-05-13T02:19:22Z,ls8,qd9v91nbhkdv,,,
,,1.0,,,,2013-05-14T02:07:07Z,ls7,qd9v91nbhkdv,,,
0.04666666666666666,0.45999999999999996,0.0,0.15333333333333332,0.0,0.3333333333333333,2013-05-21T02:13:16Z,ls7,qd9v91nbhkdv,0.1548821548821549,0.46464646464646475,0.04713804713804714
0.09666666666666668,0.6166666666666667,0.0,0.27666666666666667,0.0,0.0,2013-05-22T02:13:16Z,ls8,qd9v91nbhkdv,0.27946127946127947,0.622895622895623,0.09764309764309766
0.036666666666666674,0.6666666666666666,0.0,0.2866666666666667,0.0,0.0,2013-06-07T02:13:16Z,ls8,qd9v91nbhkdv,0.2895622895622896,0.6734006734006733,0.03703703703703704
,,1.0,,,,2013-06-15T02:06:54Z,ls7,qd9v91nbhkdv,,,
,,1.0,,,,2013-06-22T02:13:02Z,ls7,qd9v91nbhkdv,,,
,,1.0,,,,2013-06-23T02:13:09Z,ls8,qd9v91nbhkdv,,,
,,1.0,,,,2013-06-30T02:19:23Z,ls8,qd9v91nbhkdv,,,
0.05666666666666667,0.68,0.0,0.25333333333333335,0.0,0.0,2013-07-01T02:06:46Z,ls7,qd9v91nbhkdv,0.2558922558922559,0.686868686868687,0.05723905723905724
,,1.0,,,,2013-07-08T02:12:51Z,ls7,qd9v91nbhkdv,,,
,,1.0,,,,2013-07-09T02:13:14Z,ls8,qd9v91nbhkdv,,,
,,1.0,,,,2013-07-17T02:06:37Z,ls7,qd9v91nbhkdv,,,
0.043333333333333335,0.6533333333333333,0.0,0.29000000000000004,0.0,0.0,2013-07-25T02:13:13Z,ls8,qd9v91nbhkdv,0.29391891891891897,0.6621621621621622,0.04391891891891892
,,1.0,,,,2013-08-02T02:06:29Z,ls7,qd9v91nbhkdv,,,
0.34,0.42333333333333334,0.0,0.23,0.0,0.0,2013-08-10T02:13:15Z,ls8,qd9v91nbhkdv,0.23154362416107382,0.4261744966442953,0.3422818791946309
,,1.0,,,,2013-08-18T02:06:33Z,ls7,qd9v91nbhkdv,,,
0.049999999999999996,0.6866666666666665,0.0,0.25,0.0,0.0,2013-08-26T02:13:17Z,ls8,qd9v91nbhkdv,0.2533783783783784,0.6959459459459458,0.05067567567567568
,,1.0,,,,2013-09-02T02:19:28Z,ls8,qd9v91nbhkdv,,,
,,1.0,,,,2013-09-11T02:13:15Z,ls8,qd9v91nbhkdv,,,
,,1.0,,,,2013-09-19T02:06:55Z,ls7,qd9v91nbhkdv,,,
,,1.0,,,,2013-09-27T02:13:06Z,ls8,qd9v91nbhkdv,,,
0.016666666666666666,0.7566666666666667,0.0,0.21666666666666667,0.0,0.0,2013-10-05T02:07:07Z,ls7,qd9v91nbhkdv,0.21885521885521883,0.7643097643097643,0.016835016835016835
0.08333333333333333,0.6433333333333333,0.0,0.26,0.0,0.0,2013-10-13T02:13:07Z,ls8,qd9v91nbhkdv,0.26351351351351354,0.652027027027027,0.08445945945945946
,,1.0,,,,2013-10-20T02:19:14Z,ls8,qd9v91nbhkdv,,,
0.0,0.7433333333333333,0.0,0.25,0.0,0.0,2013-10-21T02:07:17Z,ls7,qd9v91nbhkdv,0.2516778523489933,0.7483221476510067,0.0
0.09000000000000001,0.6866666666666666,0.0,0.21,0.0,0.0,2013-10-29T02:12:57Z,ls8,qd9v91nbhkdv,0.21283783783783786,0.6959459459459459,0.09121621621621623
0.03333333333333333,0.7399999999999999,0.0,0.21666666666666667,0.0,0.0,2013-11-06T02:07:22Z,ls7,qd9v91nbhkdv,0.21885521885521889,0.7474747474747474,0.033670033670033676
,,1.0,,,,2013-11-13T02:13:36Z,ls7,qd9v91nbhkdv,,,
0.049999999999999996,0.7200000000000001,0.0,0.22,0.0,0.0,2013-11-14T02:12:57Z,ls8,qd9v91nbhkdv,0.2222222222222222,0.7272727272727273,0.0505050505050505
0.06999999999999999,0.69,0.0,0.22999999999999998,0.0,0.0,2013-11-21T02:19:02Z,ls8,qd9v91nbhkdv,0.23232323232323232,0.696969696969697,0.0707070707070707
,,1.0,,,,2013-11-22T02:07:27Z,ls7,qd9v91nbhkdv,,,
0.02,0.7233333333333333,0.0,0.25,0.0,0.0,2013-11-30T02:12:52Z,ls8,qd9v91nbhkdv,0.2516778523489933,0.7281879194630873,0.020134228187919465
0.0,0.8033333333333333,0.0,0.19000000000000003,0.0,0.0,2013-12-08T02:07:35Z,ls7,qd9v91nbhkdv,0.19127516778523493,0.8087248322147651,0.0
,,1.0,,,,2013-12-15T02:13:45Z,ls7,qd9v91nbhkdv,,,
,,1.0,,,,2013-12-16T02:12:46Z,ls8,qd9v91nbhkdv,,,
,,1.0,,,,2013-12-23T02:18:52Z,ls8,qd9v91nbhkdv,,,
0.02666666666666667,0.7599999999999999,0.0,0.20333333333333334,0.0,0.0,2013-12-24T02:07:37Z,ls7,qd9v91nbhkdv,0.20538720538720542,0.7676767676767676,0.026936026936026942
,,1.0,,,,2014-01-08T02:18:43Z,ls8,qd9v91nbhkdv,,,
,,1.0,,,,2014-01-09T02:07:40Z,ls7,qd9v91nbhkdv,,,
0.09000000000000001,0.69,0.0,0.21,0.0,0.0,2014-01-17T02:12:23Z,ls8,qd9v91nbhkdv,0.21212121212121213,0.696969696969697,0.09090909090909093
0.01,0.7966666666666667,0.0,0.18333333333333335,0.0,0.0,2014-01-25T02:08:00Z,ls7,qd9v91nbhkdv,0.18518518518518517,0.8047138047138047,0.0101010101010101
0.08333333333333333,0.68,0.0,0.23,0.0,0.0,2014-02-02T02:12:17Z,ls8,qd9v91nbhkdv,0.23154362416107382,0.6845637583892618,0.08389261744966442
0.056666666666666664,0.7433333333333333,0.0,0.18999999999999997,0.0,0.0,2014-02-09T02:18:21Z,ls8,qd9v91nbhkdv,0.1919191919191919,0.7508417508417509,0.05723905723905724
0.0,0.8166666666666668,0.0,0.18000000000000002,0.0,0.0,2014-02-10T02:08:05Z,ls7,qd9v91nbhkdv,0.1806020066889632,0.8193979933110368,0.0
0.06666666666666667,0.7000000000000001,0.0,0.22,0.0,0.0,2014-02-18T02:12:04Z,ls8,qd9v91nbhkdv,0.22297297297297297,0.7094594594594595,0.06756756756756757
0.04,0.7733333333333333,0.0,0.17666666666666667,0.0,0.0,2014-02-25T02:18:08Z,ls8,qd9v91nbhkdv,0.17845117845117844,0.7811447811447811,0.04040404040404041
0.04,0.75,0.0,0.19999999999999998,0.0,0.0,2014-02-26T02:07:57Z,ls7,qd9v91nbhkdv,0.20202020202020202,0.7575757575757576,0.04040404040404041
0.0033333333333333335,0.7966666666666665,0.0,0.19333333333333333,0.0,0.0,2014-03-05T02:14:12Z,ls7,qd9v91nbhkdv,0.1946308724832215,0.802013422818792,0.003355704697986578
0.04,0.7366666666666667,0.0,0.21333333333333335,0.0,0.0,2014-03-06T02:11:48Z,ls8,qd9v91nbhkdv,0.21548821548821548,0.744107744107744,0.0404040404040404
,,1.0,,,,2014-03-13T02:17:57Z,ls8,qd9v91nbhkdv,,,
,,1.0,,,,2014-03-14T02:08:05Z,ls7,qd9v91nbhkdv,,,
,,1.0,,,,2014-03-21T02:14:20Z,ls7,qd9v91nbhkdv,,,
,,1.0,,,,2014-03-22T02:11:38Z,ls8,qd9v91nbhkdv,,,
0.02,0.7133333333333333,0.0,0.25666666666666665,0.0,0.0,2014-04-07T02:11:23Z,ls8,qd9v91nbhkdv,0.25925925925925924,0.7205387205387205,0.020202020202020204
0.02,0.7466666666666667,0.0,0.2233333333333333,0.0,0.0,2014-04-14T02:17:25Z,ls8,qd9v91nbhkdv,0.22558922558922556,0.7542087542087542,0.020202020202020204
0.0,0.7866666666666666,0.0,0.20333333333333334,0.0,0.0,2014-04-15T02:08:18Z,ls7,qd9v91nbhkdv,0.2053872053872054,0.7946127946127945,0.0
,,1.0,,,,2014-04-22T02:14:35Z,ls7,qd9v91nbhkdv,,,
,,1.0,,,,2014-04-23T02:11:07Z,ls8,qd9v91nbhkdv,,,
0.0,0.76,0.33333333333333337,0.235,0.0,0.0,2014-05-01T02:08:27Z,ls7,qd9v91nbhkdv,0.23618090452261306,0.7638190954773869,0.0
0.043333333333333335,0.7033333333333333,0.0,0.24666666666666667,0.0,0.0,2014-05-09T02:10:51Z,ls8,qd9v91nbhkdv,0.24832214765100674,0.7080536912751677,0.04362416107382551
,,1.0,,,,2014-05-16T02:16:57Z,ls8,qd9v91nbhkdv,,,
0.016666666666666666,0.6733333333333333,0.0,0.3,0.0,0.0,2014-05-17T02:08:34Z,ls7,qd9v91nbhkdv,0.303030303030303,0.68013468013468,0.016835016835016835
,,1.0,,,,2014-05-25T02:10:45Z,ls8,qd9v91nbhkdv,,,
,,1.0,,,,2014-06-01T02:17:01Z,ls8,qd9v91nbhkdv,,,
0.02666666666666667,0.68,0.0,0.2833333333333333,0.0,0.0,2014-06-02T02:08:38Z,ls7,qd9v91nbhkdv,0.28619528619528617,0.686868686868687,0.02693602693602694
,,1.0,,,,2014-06-10T02:10:55Z,ls8,qd9v91nbhkdv,,,
0.13333333333333333,0.58,0.0,0.27999999999999997,0.0,0.0,2014-06-18T02:08:38Z,ls7,qd9v91nbhkdv,0.2818791946308725,0.5838926174496645,0.13422818791946312
0.013333333333333334,0.7033333333333335,0.0,0.2733333333333334,0.0,0.0,2014-06-25T02:14:52Z,ls7,qd9v91nbhkdv,0.2760942760942761,0.7104377104377105,0.013468013468013467
,,1.0,,,,2014-06-26T02:10:57Z,ls8,qd9v91nbhkdv,,,
,,1.0,,,,2014-07-03T02:17:13Z,ls8,qd9v91nbhkdv,,,
,,1.0,,,,2014-07-04T02:08:45Z,ls7,qd9v91nbhkdv,,,
0.02,0.7166666666666667,0.0,0.25,0.0,0.0,2014-07-11T02:14:57Z,ls7,qd9v91nbhkdv,0.2533783783783784,0.7263513513513513,0.02027027027027027
0.07333333333333333,0.5966666666666667,0.0,0.31666666666666665,0.0,0.0,2014-07-12T02:11:06Z,ls8,qd9v91nbhkdv,0.32094594594594594,0.6047297297297297,0.07432432432432433
,,1.0,,,,2014-07-19T02:17:18Z,ls8,qd9v91nbhkdv,,,
,,1.0,,,,2014-07-20T02:08:47Z,ls7,qd9v91nbhkdv,,,
,,1.0,,,,2014-07-28T02:11:09Z,ls8,qd9v91nbhkdv,,,
0.13999999999999999,0.5733333333333334,0.0,0.27999999999999997,0.0,0.0,2014-08-05T02:08:53Z,ls7,qd9v91nbhkdv,0.28187919463087246,0.5771812080536913,0.14093959731543623
0.08333333333333333,0.6633333333333333,0.0,0.25,0.0,0.0,2014-08-13T02:11:18Z,ls8,qd9v91nbhkdv,0.2508361204013378,0.6655518394648829,0.08361204013377925
0.04,0.59,0.6666666666666667,0.36,0.0,0.0,2014-08-21T02:08:52Z,ls7,qd9v91nbhkdv,0.36363636363636365,0.5959595959595959,0.04040404040404041
0.27,0.63,0.6666666666666667,0.09,0.0,0.0,2014-08-28T02:15:02Z,ls7,qd9v91nbhkdv,0.09090909090909091,0.6363636363636364,0.27272727272727276
0.23,0.55,0.6666666666666667,0.21,0.0,0.0,2014-08-29T02:11:19Z,ls8,qd9v91nbhkdv,0.21212121212121213,0.5555555555555556,0.23232323232323235
,,1.0,,,,2014-09-05T02:17:33Z,ls8,qd9v91nbhkdv,,,
0.02666666666666667,0.7066666666666667,0.0,0.25333333333333335,0.0,0.0,2014-09-14T02:11:23Z,ls8,qd9v91nbhkdv,0.2567567567567568,0.7162162162162162,0.027027027027027032
0.0,0.71,0.0,0.28333333333333327,0.0,0.0,2014-09-22T02:08:58Z,ls7,qd9v91nbhkdv,0.28523489932885904,0.714765100671141,0.0
0.043333333333333335,0.6733333333333333,0.0,0.27666666666666667,0.0,0.0,2014-09-30T02:11:23Z,ls8,qd9v91nbhkdv,0.27852348993288595,0.6778523489932886,0.04362416107382551
,,1.0,,,,2014-10-07T02:17:37Z,ls8,qd9v91nbhkdv,,,
,,1.0,,,,2014-10-08T02:09:11Z,ls7,qd9v91nbhkdv,,,
0.08666666666666667,0.6666666666666666,0.0,0.23666666666666666,0.0,0.0,2014-10-15T02:15:23Z,ls7,qd9v91nbhkdv,0.23905723905723905,0.6734006734006733,0.08754208754208755
,,1.0,,,,2014-10-16T02:11:28Z,ls8,qd9v91nbhkdv,,,
,,1.0,,,,2014-10-23T02:17:39Z,ls8,qd9v91nbhkdv,,,
0.03,0.7433333333333333,0.0,0.21666666666666667,0.0,0.0,2014-10-24T02:09:20Z,ls7,qd9v91nbhkdv,0.21885521885521886,0.7508417508417508,0.030303030303030304
0.06,0.7033333333333333,0.0,0.22333333333333336,0.0,0.0,2014-11-01T02:11:25Z,ls8,qd9v91nbhkdv,0.2263513513513514,0.7128378378378378,0.060810810810810814
,,1.0,,,,2014-11-08T02:17:39Z,ls8,qd9v91nbhkdv,,,
,,1.0,,,,2014-11-09T02:09:29Z,ls7,qd9v91nbhkdv,,,
0.02666666666666667,0.7366666666666667,0.0,0.22666666666666666,0.0,0.0,2014-11-17T02:11:26Z,ls8,qd9v91nbhkdv,0.22895622895622894,0.7441077441077442,0.02693602693602694
,,1.0,,,,2014-11-24T02:17:36Z,ls8,qd9v91nbhkdv,,,
0.036666666666666674,0.7666666666666666,0.0,0.18666666666666668,0.0,0.0,2014-11-25T02:09:32Z,ls7,qd9v91nbhkdv,0.18855218855218858,0.7744107744107744,0.03703703703703705
,,1.0,,,,2014-12-03T02:11:25Z,ls8,qd9v91nbhkdv,,,
0.06,0.7233333333333333,0.0,0.20666666666666667,0.0,0.0,2014-12-10T02:17:31Z,ls8,qd9v91nbhkdv,0.20875420875420875,0.7306397306397305,0.06060606060606061
,,1.0,,,,2014-12-11T02:09:39Z,ls7,qd9v91nbhkdv,,,
0.06,0.7533333333333334,0.0,0.17666666666666667,0.0,0.0,2014-12-19T02:11:22Z,ls8,qd9v91nbhkdv,0.17845117845117844,0.760942760942761,0.06060606060606061
0.07666666666666666,0.67,0.0,0.24,0.0,0.0,2014-12-26T02:17:31Z,ls8,qd9v91nbhkdv,0.24324324324324323,0.6790540540540541,0.0777027027027027
0.016666666666666666,0.7733333333333333,0.0,0.19999999999999998,0.0,0.0,2014-12-27T02:09:46Z,ls7,qd9v91nbhkdv,0.20202020202020202,0.7811447811447811,0.016835016835016835
0.09000000000000001,0.6866666666666666,0.0,0.21333333333333335,0.0,0.0,2015-01-04T02:11:17Z,ls8,qd9v91nbhkdv,0.2154882154882155,0.6936026936026936,0.09090909090909093
0.056666666666666664,0.7433333333333333,0.0,0.18999999999999997,0.0,0.0,2015-01-11T02:17:28Z,ls8,qd9v91nbhkdv,0.1919191919191919,0.7508417508417509,0.05723905723905724
0.06666666666666667,0.7566666666666668,0.0,0.17,0.0,0.0,2015-01-12T02:09:49Z,ls7,qd9v91nbhkdv,0.1711409395973154,0.7617449664429531,0.06711409395973153
,,1.0,,,,2015-01-19T02:15:58Z,ls7,qd9v91nbhkdv,,,
0.06666666666666667,0.7200000000000001,0.0,0.20333333333333334,0.0,0.0,2015-01-20T02:11:13Z,ls8,qd9v91nbhkdv,0.20538720538720537,0.7272727272727273,0.06734006734006734
0.056666666666666664,0.7300000000000001,0.0,0.19999999999999998,0.0,0.0,2015-01-27T02:17:22Z,ls8,qd9v91nbhkdv,0.2027027027027027,0.7398648648648649,0.05743243243243243
,,1.0,,,,2015-01-28T02:09:53Z,ls7,qd9v91nbhkdv,,,
0.023333333333333334,0.7433333333333333,0.0,0.22666666666666668,0.0,0.0,2015-02-05T02:11:10Z,ls8,qd9v91nbhkdv,0.22818791946308728,0.7483221476510067,0.02348993288590604
0.11,0.6733333333333333,0.0,0.2066666666666667,0.0,0.0,2015-02-21T02:11:03Z,ls8,qd9v91nbhkdv,0.20875420875420878,0.6801346801346801,0.11111111111111112
0.12666666666666668,0.6866666666666666,0.0,0.17333333333333334,0.0,0.0,2015-02-28T02:17:12Z,ls8,qd9v91nbhkdv,0.17567567567567569,0.6959459459459459,0.1283783783783784
0.08333333333333333,0.66,0.0,0.24333333333333332,0.0,0.0,2015-03-09T02:10:54Z,ls8,qd9v91nbhkdv,0.2466216216216216,0.668918918918919,0.08445945945945946
,,1.0,,,,2015-03-16T02:17:01Z,ls8,qd9v91nbhkdv,,,
0.19666666666666666,0.6433333333333334,0.0,0.14666666666666664,0.0,0.0,2015-03-17T02:10:13Z,ls7,qd9v91nbhkdv,0.14864864864864863,0.6520270270270271,0.19932432432432431
0.06,0.7233333333333333,0.0,0.20666666666666667,0.0,0.0,2015-03-24T02:16:28Z,ls7,qd9v91nbhkdv,0.20875420875420875,0.7306397306397305,0.06060606060606061
0.043333333333333335,0.6866666666666666,0.0,0.25666666666666665,0.0,0.0,2015-03-25T02:10:46Z,ls8,qd9v91nbhkdv,0.26013513513513514,0.6959459459459459,0.04391891891891892
0.02,0.7400000000000001,0.0,0.22666666666666668,0.0,0.0,2015-04-01T02:16:50Z,ls8,qd9v91nbhkdv,0.22972972972972971,0.75,0.020270270270270268
0.0033333333333333335,0.7733333333333334,0.0,0.21666666666666665,0.0,0.0,2015-04-02T02:10:19Z,ls7,qd9v91nbhkdv,0.21812080536912748,0.7785234899328859,0.003355704697986577
0.53,0.26333333333333336,0.0,0.19666666666666668,0.0,0.0,2015-04-10T02:10:36Z,ls8,qd9v91nbhkdv,0.19865319865319864,0.265993265993266,0.5353535353535354
,,1.0,,,,2015-04-17T02:16:48Z,ls8,qd9v91nbhkdv,,,
0.02,0.7200000000000001,0.0,0.25,0.0,0.0,2015-04-18T02:10:28Z,ls7,qd9v91nbhkdv,0.2525252525252525,0.7272727272727273,0.0202020202020202
0.056666666666666664,0.7266666666666666,0.0,0.20666666666666667,0.0,0.0,2015-04-26T02:10:33Z,ls8,qd9v91nbhkdv,0.20875420875420878,0.734006734006734,0.05723905723905724
,,1.0,,,,2015-05-03T02:16:37Z,ls8,qd9v91nbhkdv,,,
,,1.0,,,,2015-05-04T02:10:34Z,ls7,qd9v91nbhkdv,,,
,,1.0,,,,2015-05-11T02:16:49Z,ls7,qd9v91nbhkdv,,,
0.030000000000000002,0.7066666666666666,0.0,0.25000000000000006,0.0,0.0,2015-05-12T02:10:17Z,ls8,qd9v91nbhkdv,0.25337837837837845,0.7162162162162161,0.03040540540540541
,,1.0,,,,2015-05-19T02:16:27Z,ls8,qd9v91nbhkdv,,,
0.03333333333333333,0.6533333333333333,0.0,0.30333333333333334,0.0,0.0,2015-05-20T02:10:42Z,ls7,qd9v91nbhkdv,0.3063973063973064,0.6599326599326599,0.03367003367003367
0.0,0.7999999999999999,0.0,0.19333333333333333,0.0,0.0,2015-05-27T02:16:53Z,ls7,qd9v91nbhkdv,0.19463087248322147,0.8053691275167785,0.0
0.08666666666666667,0.64,0.0,0.26,0.0,0.0,2015-05-28T02:10:19Z,ls8,qd9v91nbhkdv,0.26351351351351354,0.6486486486486487,0.08783783783783784
,,1.0,,,,2015-06-04T02:16:35Z,ls8,qd9v91nbhkdv,,,
0.0,0.7066666666666667,0.0,0.29333333333333333,0.0,0.0,2015-06-05T02:10:48Z,ls7,qd9v91nbhkdv,0.29333333333333333,0.7066666666666667,0.0
0.02,0.68,0.0,0.2866666666666667,0.0,0.0,2015-06-13T02:10:31Z,ls8,qd9v91nbhkdv,0.2905405405405405,0.6891891891891891,0.020270270270270268
,,1.0,,,,2015-06-20T02:16:44Z,ls8,qd9v91nbhkdv,,,
,,1.0,,,,2015-06-28T02:17:03Z,ls7,qd9v91nbhkdv,,,
0.04,0.66,0.0,0.2866666666666666,0.0,0.0,2015-06-29T02:10:37Z,ls8,qd9v91nbhkdv,0.2905405405405405,0.668918918918919,0.04054054054054054
,,1.0,,,,2015-07-06T02:16:53Z,ls8,qd9v91nbhkdv,,,
0.0,0.7166666666666668,0.0,0.27666666666666667,0.0,0.0,2015-07-07T02:10:56Z,ls7,qd9v91nbhkdv,0.2785234899328859,0.7214765100671142,0.0
0.04666666666666666,0.6699999999999999,0.0,0.2733333333333334,0.0,0.0,2015-07-15T02:10:47Z,ls8,qd9v91nbhkdv,0.2760942760942761,0.6767676767676767,0.04713804713804713
,,1.0,,,,2015-07-22T02:17:00Z,ls8,qd9v91nbhkdv,,,
0.0,0.0,0.0,0.0,0.0,1.0,2015-08-08T02:11:03Z,ls7,qd9v91nbhkdv,0.0,0.0,0.0
,,1.0,,,,2015-08-15T02:17:16Z,ls7,qd9v91nbhkdv,,,
,,1.0,,,,2015-08-16T02:10:57Z,ls8,qd9v91nbhkdv,,,
,,1.0,,,,2015-08-23T02:17:11Z,ls8,qd9v91nbhkdv,,,
,,1.0,,,,2015-08-24T02:11:05Z,ls7,qd9v91nbhkdv,,,
0.02,0.71,0.0,0.26,0.0,0.0,2015-09-01T02:11:03Z,ls8,qd9v91nbhkdv,0.26262626262626265,0.7171717171717171,0.020202020202020204
,,1.0,,,,2015-09-08T02:17:17Z,ls8,qd9v91nbhkdv,,,
0.05333333333333334,0.7233333333333333,0.0,0.21,0.0,0.0,2015-09-09T02:11:08Z,ls7,qd9v91nbhkdv,0.21283783783783786,0.7331081081081081,0.054054054054054064
0.05333333333333332,0.7400000000000001,0.0,0.19999999999999998,0.0,0.0,2015-09-17T02:11:11Z,ls8,qd9v91nbhkdv,0.2013422818791946,0.7449664429530202,0.05369127516778522
,,1.0,,,,2015-09-24T02:17:24Z,ls8,qd9v91nbhkdv,,,
0.0,0.79,0.6666666666666667,0.21,0.0,0.0,2015-09-25T02:11:12Z,ls7,qd9v91nbhkdv,0.21,0.79,0.0
,,1.0,,,,2015-10-03T02:11:15Z,ls8,qd9v91nbhkdv,,,
,,1.0,,,,2015-10-10T02:17:26Z,ls8,qd9v91nbhkdv,,,
,,1.0,,,,2015-10-11T02:11:21Z,ls7,qd9v91nbhkdv,,,
,,1.0,,,,2015-10-19T02:11:17Z,ls8,qd9v91nbhkdv,,,
,,1.0,,,,2015-10-26T02:17:30Z,ls8,qd9v91nbhkdv,,,
,,1.0,,,,2015-10-27T02:11:38Z,ls7,qd9v91nbhkdv,,,
0.036666666666666674,0.7266666666666666,0.0,0.22666666666666668,0.0,0.0,2015-11-04T02:11:21Z,ls8,qd9v91nbhkdv,0.228956228956229,0.734006734006734,0.03703703703703705
,,1.0,,,,2015-11-11T02:17:31Z,ls8,qd9v91nbhkdv,,,
0.043333333333333335,0.7300000000000001,0.0,0.21333333333333335,0.0,0.0,2015-11-12T02:11:54Z,ls7,qd9v91nbhkdv,0.2162162162162162,0.7398648648648648,0.043918918918918914
0.1466666666666667,0.6233333333333333,0.0,0.21666666666666667,0.0,0.0,2015-11-20T02:11:23Z,ls8,qd9v91nbhkdv,0.2195945945945946,0.6317567567567567,0.14864864864864868
,,1.0,,,,2015-11-27T02:17:34Z,ls8,qd9v91nbhkdv,,,
,,1.0,,,,2015-11-28T02:12:07Z,ls7,qd9v91nbhkdv,,,
,,1.0,,,,2015-12-06T02:11:22Z,ls8,qd9v91nbhkdv,,,
,,1.0,,,,2015-12-13T02:17:32Z,ls8,qd9v91nbhkdv,,,
,,1.0,,,,2015-12-14T02:12:24Z,ls7,qd9v91nbhkdv,,,
0.023333333333333334,0.7766666666666667,0.0,0.18666666666666665,0.0,0.0,2015-12-22T02:11:23Z,ls8,qd9v91nbhkdv,0.18918918918918917,0.7871621621621622,0.02364864864864865
,,1.0,,,,2015-12-30T02:12:36Z,ls7,qd9v91nbhkdv,,,
0.030000000000000002,0.7566666666666667,0.0,0.20333333333333334,0.0,0.0,2016-01-07T02:11:18Z,ls8,qd9v91nbhkdv,0.20538720538720537,0.7643097643097643,0.030303030303030304
0.04666666666666667,0.7599999999999999,0.0,0.18666666666666668,0.0,0.0,2016-01-14T02:17:30Z,ls8,qd9v91nbhkdv,0.18791946308724836,0.7651006711409396,0.04697986577181209
0.03666666666666667,0.7733333333333333,0.0,0.18000000000000002,0.0,0.0,2016-01-15T02:12:52Z,ls7,qd9v91nbhkdv,0.18181818181818185,0.7811447811447811,0.037037037037037035
0.10333333333333333,0.66,0.0,0.22666666666666668,0.0,0.0,2016-01-23T02:11:19Z,ls8,qd9v91nbhkdv,0.22895622895622897,0.6666666666666667,0.10437710437710437
,,1.0,,,,2016-01-30T02:17:29Z,ls8,qd9v91nbhkdv,,,
,,1.0,,,,2016-02-07T02:19:16Z,ls7,qd9v91nbhkdv,,,
0.07666666666666667,0.75,0.0,0.17,0.0,0.0,2016-02-08T02:11:15Z,ls8,qd9v91nbhkdv,0.1705685618729097,0.7525083612040133,0.07692307692307693
0.05333333333333332,0.77,0.0,0.16666666666666666,0.0,0.0,2016-02-15T02:17:21Z,ls8,qd9v91nbhkdv,0.16835016835016833,0.7777777777777778,0.05387205387205386
,,1.0,,,,2016-02-16T02:13:07Z,ls7,qd9v91nbhkdv,,,
0.006666666666666667,0.2833333333333333,0.0,0.043333333333333335,0.0,0.6666666666666666,2016-02-24T02:11:08Z,ls8,qd9v91nbhkdv,0.04333333333333334,0.2833333333333334,0.006666666666666669
0.03666666666666667,0.8166666666666665,0.0,0.13333333333333333,0.0,0.0,2016-03-02T02:17:19Z,ls8,qd9v91nbhkdv,0.13513513513513517,0.8277027027027027,0.03716216216216217
,,1.0,,,,2016-03-03T02:13:13Z,ls7,qd9v91nbhkdv,,,
,,1.0,,,,2016-03-10T02:19:28Z,ls7,qd9v91nbhkdv,,,
0.04666666666666667,0.7366666666666667,0.0,0.20666666666666667,0.0,0.0,2016-03-11T02:11:06Z,ls8,qd9v91nbhkdv,0.20875420875420875,0.7441077441077442,0.04713804713804714
0.0,0.7133333333333334,0.0,0.27666666666666667,0.0,0.0,2016-03-19T02:13:21Z,ls7,qd9v91nbhkdv,0.27946127946127947,0.7205387205387206,0.0
0.02,0.8300000000000001,0.0,0.14,0.0,0.0,2016-04-03T02:17:04Z,ls8,qd9v91nbhkdv,0.1414141414141414,0.8383838383838383,0.0202020202020202
0.0,0.82,0.0,0.17,0.0,0.0,2016-04-04T02:13:24Z,ls7,qd9v91nbhkdv,0.17171717171717174,0.8282828282828283,0.0
0.02,0.7200000000000001,0.0,0.24333333333333332,0.0,0.0,2016-04-19T02:16:58Z,ls8,qd9v91nbhkdv,0.24745762711864402,0.7322033898305085,0.020338983050847456
0.01,0.7366666666666667,0.0,0.25,0.0,0.0,2016-04-20T02:13:33Z,ls7,qd9v91nbhkdv,0.2508361204013378,0.7391304347826086,0.010033444816053512
0.02,0.63,0.0,0.34,0.0,0.0,2016-04-28T02:10:48Z,ls8,qd9v91nbhkdv,0.3434343434343435,0.6363636363636364,0.020202020202020204
0.0,0.77,0.0,0.22333333333333336,0.0,0.0,2016-05-06T02:13:38Z,ls7,qd9v91nbhkdv,0.22483221476510068,0.7751677852348993,0.0
0.0,0.8066666666666666,0.0,0.19333333333333336,0.0,0.0,2016-05-13T02:19:49Z,ls7,qd9v91nbhkdv,0.19333333333333336,0.8066666666666666,0.0
,,1.0,,,,2016-05-14T02:10:47Z,ls8,qd9v91nbhkdv,,,
,,1.0,,,,2016-05-22T02:13:40Z,ls7,qd9v91nbhkdv,,,
0.02666666666666667,0.6900000000000001,0.0,0.2733333333333334,0.0,0.0,2016-05-30T02:10:54Z,ls8,qd9v91nbhkdv,0.2760942760942761,0.696969696969697,0.02693602693602694
,,1.0,,,,2016-06-14T02:19:58Z,ls7,qd9v91nbhkdv,,,
,,1.0,,,,2016-06-15T02:10:56Z,ls8,qd9v91nbhkdv,,,
0.02,0.7833333333333333,0.0,0.19000000000000003,0.0,0.0,2016-06-22T02:17:11Z,ls8,qd9v91nbhkdv,0.19127516778523493,0.7885906040268456,0.020134228187919462
0.0033333333333333335,0.6633333333333333,0.0,0.32666666666666666,0.0,0.0,2016-06-23T02:13:48Z,ls7,qd9v91nbhkdv,0.3288590604026846,0.6677852348993288,0.0033557046979865775
0.10666666666666667,0.64,0.0,0.24333333333333332,0.0,0.0,2016-06-30T02:19:59Z,ls7,qd9v91nbhkdv,0.24579124579124578,0.6464646464646465,0.10774410774410775
0.06,0.6266666666666666,0.0,0.30333333333333334,0.0,0.0,2016-07-01T02:11:05Z,ls8,qd9v91nbhkdv,0.3063973063973064,0.6329966329966329,0.06060606060606061
,,1.0,,,,2016-07-09T02:13:48Z,ls7,qd9v91nbhkdv,,,
,,1.0,,,,2016-07-17T02:11:12Z,ls8,qd9v91nbhkdv,,,
,,1.0,,,,2016-07-24T02:17:25Z,ls8,qd9v91nbhkdv,,,
0.06,0.65,0.0,0.2833333333333333,0.0,0.0,2016-07-25T02:13:50Z,ls7,qd9v91nbhkdv,0.28523489932885904,0.6543624161073825,0.060402684563758385
,,1.0,,,,2016-08-01T02:20:02Z,ls7,qd9v91nbhkdv,,,
0.09333333333333334,0.6066666666666668,0.0,0.29000000000000004,0.0,0.0,2016-08-02T02:11:16Z,ls8,qd9v91nbhkdv,0.29292929292929293,0.6127946127946128,0.09427609427609426
0.01,0.7266666666666666,0.0,0.25666666666666665,0.0,0.0,2016-08-10T02:13:52Z,ls7,qd9v91nbhkdv,0.25838926174496646,0.7315436241610739,0.010067114093959733
,,1.0,,,,2016-08-18T02:11:20Z,ls8,qd9v91nbhkdv,,,
0.07666666666666667,0.6966666666666667,0.0,0.21666666666666667,0.0,0.0,2016-08-25T02:17:34Z,ls8,qd9v91nbhkdv,0.21885521885521886,0.7037037037037037,0.07744107744107745
,,1.0,,,,2016-08-26T02:13:54Z,ls7,qd9v91nbhkdv,,,
0.05666666666666667,0.66,0.0,0.2733333333333334,0.0,0.0,2016-09-03T02:11:26Z,ls8,qd9v91nbhkdv,0.2760942760942761,0.6666666666666667,0.05723905723905724
0.0,0.7866666666666667,0.0,0.20666666666666667,0.0,0.0,2016-09-18T02:20:08Z,ls7,qd9v91nbhkdv,0.20805369127516776,0.7919463087248322,0.0
0.02,0.6699999999999999,0.0,0.3,0.0,0.0,2016-09-19T02:11:28Z,ls8,qd9v91nbhkdv,0.30303030303030304,0.6767676767676767,0.020202020202020204
0.043333333333333335,0.71,0.0,0.24,0.0,0.0,2016-09-26T02:17:39Z,ls8,qd9v91nbhkdv,0.24161073825503357,0.714765100671141,0.04362416107382551
0.075,0.7150000000000001,0.33333333333333337,0.2,0.0,0.0,2016-09-27T02:13:59Z,ls7,qd9v91nbhkdv,0.20202020202020204,0.7222222222222223,0.07575757575757576
0.016666666666666666,0.77,0.0,0.21,0.0,0.0,2016-10-04T02:20:11Z,ls7,qd9v91nbhkdv,0.21070234113712374,0.7725752508361204,0.016722408026755852
0.06,0.7166666666666668,0.0,0.21,0.0,0.0,2016-10-05T02:11:31Z,ls8,qd9v91nbhkdv,0.2128378378378378,0.7263513513513514,0.0608108108108108
,,1.0,,,,2016-10-12T02:17:44Z,ls8,qd9v91nbhkdv,,,
,,1.0,,,,2016-10-13T02:13:59Z,ls7,qd9v91nbhkdv,,,
0.06666666666666667,0.6933333333333334,0.0,0.22999999999999998,0.0,0.0,2016-10-21T02:11:35Z,ls8,qd9v91nbhkdv,0.23232323232323232,0.7003367003367004,0.06734006734006734
,,1.0,,,,2016-10-28T02:17:46Z,ls8,qd9v91nbhkdv,,,
0.01,0.74,0.6666666666666667,0.23,0.0,0.0,2016-10-29T02:13:55Z,ls7,qd9v91nbhkdv,0.23469387755102042,0.7551020408163265,0.010204081632653062
0.06666666666666667,0.7166666666666668,0.0,0.20666666666666667,0.0,0.0,2016-11-06T02:11:35Z,ls8,qd9v91nbhkdv,0.20875420875420872,0.7239057239057239,0.06734006734006734
,,1.0,,,,2016-11-13T02:17:45Z,ls8,qd9v91nbhkdv,,,
0.023333333333333334,0.7799999999999999,0.0,0.18666666666666668,0.0,0.0,2016-11-14T02:13:47Z,ls7,qd9v91nbhkdv,0.18855218855218858,0.7878787878787878,0.023569023569023573
0.06999999999999999,0.7066666666666667,0.0,0.21,0.0,0.0,2016-11-22T02:11:35Z,ls8,qd9v91nbhkdv,0.21283783783783786,0.7162162162162162,0.07094594594594594
,,1.0,,,,2016-11-29T02:17:45Z,ls8,qd9v91nbhkdv,,,
0.006666666666666667,0.8266666666666667,0.0,0.15666666666666665,0.0,0.0,2016-11-30T02:13:45Z,ls7,qd9v91nbhkdv,0.15824915824915822,0.835016835016835,0.006734006734006735
0.05333333333333332,0.7433333333333333,0.0,0.19000000000000003,0.0,0.0,2016-12-08T02:11:33Z,ls8,qd9v91nbhkdv,0.1925675675675676,0.7533783783783783,0.05405405405405404
0.02,0.7433333333333333,0.0,0.22666666666666668,0.0,0.0,2016-12-15T02:17:41Z,ls8,qd9v91nbhkdv,0.22895622895622897,0.7508417508417508,0.020202020202020204
0.01,0.7799999999999999,0.0,0.20000000000000004,0.0,0.0,2016-12-16T02:13:40Z,ls7,qd9v91nbhkdv,0.20202020202020207,0.7878787878787878,0.010101010101010102
0.04666666666666667,0.7566666666666667,0.0,0.18666666666666668,0.0,0.0,2016-12-24T02:11:28Z,ls8,qd9v91nbhkdv,0.18855218855218855,0.7643097643097644,0.04713804713804714
,,1.0,,,,2016-12-31T02:17:39Z,ls8,qd9v91nbhkdv,,,
0.016666666666666666,0.7866666666666666,0.0,0.18333333333333335,0.0,0.0,2017-01-01T02:13:32Z,ls7,qd9v91nbhkdv,0.18581081081081083,0.7972972972972973,0.016891891891891893
0.02666666666666667,0.7866666666666666,0.0,0.17666666666666667,0.0,0.0,2017-01-09T02:11:25Z,ls8,qd9v91nbhkdv,0.17845117845117847,0.7946127946127947,0.026936026936026942
0.043333333333333335,0.7799999999999999,0.0,0.16333333333333333,0.0,0.0,2017-01-17T02:13:22Z,ls7,qd9v91nbhkdv,0.16554054054054054,0.7905405405405406,0.04391891891891892
0.08,0.7533333333333334,0.0,0.16,0.0,0.0,2017-01-25T02:11:20Z,ls8,qd9v91nbhkdv,0.1610738255033557,0.7583892617449665,0.08053691275167785
0.02,0.77,0.0,0.20333333333333337,0.0,0.0,2017-02-01T02:17:28Z,ls8,qd9v91nbhkdv,0.20469798657718122,0.7751677852348993,0.020134228187919462
0.0,0.7666666666666666,0.0,0.22666666666666666,0.0,0.0,2017-02-02T02:13:14Z,ls7,qd9v91nbhkdv,0.22818791946308725,0.7718120805369127,0.0
,,1.0,,,,2017-02-10T02:11:12Z,ls8,qd9v91nbhkdv,,,
0.02,0.7799999999999999,0.0,0.19000000000000003,0.0,0.0,2017-02-17T02:17:21Z,ls8,qd9v91nbhkdv,0.19191919191919196,0.7878787878787878,0.020202020202020204
0.03666666666666667,0.7466666666666666,0.0,0.20666666666666667,0.0,0.0,2017-02-18T02:13:13Z,ls7,qd9v91nbhkdv,0.20875420875420878,0.7542087542087542,0.03703703703703704
0.03,0.7266666666666666,0.0,0.2333333333333333,0.0,0.0,2017-02-26T02:11:07Z,ls8,qd9v91nbhkdv,0.2356902356902357,0.734006734006734,0.030303030303030304
0.06,0.73,0.0,0.19666666666666666,0.0,0.0,2017-03-05T02:17:14Z,ls8,qd9v91nbhkdv,0.19932432432432434,0.7398648648648649,0.060810810810810814
,,1.0,,,,2017-03-06T02:13:21Z,ls7,qd9v91nbhkdv,,,
0.02,0.7933333333333333,0.0,0.18000000000000002,0.0,0.0,2017-03-14T02:10:58Z,ls8,qd9v91nbhkdv,0.18120805369127518,0.7986577181208053,0.020134228187919462
0.0,0.7666666666666666,0.0,0.23333333333333336,0.0,0.0,2017-03-22T02:13:27Z,ls7,qd9v91nbhkdv,0.23333333333333336,0.7666666666666666,0.0
0.02,0.7799999999999999,0.0,0.19333333333333333,0.0,0.0,2017-03-29T02:19:39Z,ls7,qd9v91nbhkdv,0.19463087248322147,0.785234899328859,0.020134228187919465
0.06666666666666667,0.6733333333333333,0.0,0.24666666666666667,0.0,0.0,2017-03-30T02:10:50Z,ls8,qd9v91nbhkdv,0.25,0.6824324324324325,0.06756756756756757
0.02,0.8033333333333333,0.0,0.17666666666666667,0.0,0.0,2017-04-06T02:16:57Z,ls8,qd9v91nbhkdv,0.17666666666666667,0.8033333333333333,0.02
0.006666666666666667,0.7866666666666667,0.0,0.19666666666666668,0.0,0.0,2017-04-07T02:13:31Z,ls7,qd9v91nbhkdv,0.19865319865319864,0.7946127946127945,0.006734006734006734
0.02,0.75,0.6666666666666667,0.22,0.0,0.0,2017-04-15T02:10:42Z,ls8,qd9v91nbhkdv,0.22222222222222224,0.7575757575757576,0.020202020202020204
0.02,0.7733333333333333,0.0,0.19666666666666668,0.0,0.0,2017-04-22T02:16:48Z,ls8,qd9v91nbhkdv,0.19865319865319866,0.7811447811447811,0.020202020202020204
0.005,0.7849999999999999,0.33333333333333337,0.20500000000000002,0.0,0.0,2017-04-23T02:13:38Z,ls7,qd9v91nbhkdv,0.20603015075376885,0.7889447236180904,0.005025125628140704
0.036666666666666674,0.6866666666666666,0.0,0.26666666666666666,0.0,0.0,2017-05-01T02:10:31Z,ls8,qd9v91nbhkdv,0.26936026936026936,0.6936026936026936,0.03703703703703704
0.09333333333333334,0.6966666666666667,0.0,0.19999999999999998,0.0,0.0,2017-05-08T02:16:46Z,ls8,qd9v91nbhkdv,0.20202020202020202,0.7037037037037037,0.09427609427609428
0.03333333333333333,0.6533333333333333,0.0,0.3033333333333333,0.0,0.0,2017-05-17T02:10:42Z,ls8,qd9v91nbhkdv,0.3063973063973064,0.65993265993266,0.033670033670033676
,,1.0,,,,2017-05-24T02:16:57Z,ls8,qd9v91nbhkdv,,,
,,1.0,,,,2017-05-25T02:13:45Z,ls7,qd9v91nbhkdv,,,
0.07,0.67,0.6666666666666667,0.25,0.0,0.0,2017-06-01T02:19:58Z,ls7,qd9v91nbhkdv,0.25252525252525254,0.6767676767676768,0.07070707070707072
,,1.0,,,,2017-06-02T02:10:51Z,ls8,qd9v91nbhkdv,,,
,,1.0,,,,2017-06-09T02:17:05Z,ls8,qd9v91nbhkdv,,,
,,1.0,,,,2017-06-10T02:13:50Z,ls7,qd9v91nbhkdv,,,
0.01,0.75,0.0,0.2333333333333333,0.0,0.0,2017-06-17T02:20:02Z,ls7,qd9v91nbhkdv,0.2348993288590604,0.7550335570469799,0.010067114093959733
0.04,0.6666666666666666,0.0,0.28,0.0,0.0,2017-06-18T02:10:58Z,ls8,qd9v91nbhkdv,0.2837837837837838,0.6756756756756757,0.04054054054054054
,,1.0,,,,2017-06-25T02:17:10Z,ls8,qd9v91nbhkdv,,,
0.02666666666666667,0.6833333333333332,0.0,0.2733333333333333,0.0,0.0,2017-06-26T02:13:53Z,ls7,qd9v91nbhkdv,0.27796610169491526,0.6949152542372882,0.027118644067796616
,,1.0,,,,2017-07-04T02:11:02Z,ls8,qd9v91nbhkdv,,,
,,1.0,,,,2017-07-12T02:13:54Z,ls7,qd9v91nbhkdv,,,
,,1.0,,,,2017-07-20T02:11:06Z,ls8,qd9v91nbhkdv,,,
,,1.0,,,,2017-07-27T02:17:21Z,ls8,qd9v91nbhkdv,,,
,,1.0,,,,2017-08-05T02:11:14Z,ls8,qd9v91nbhkdv,,,
0.06,0.17333333333333334,0.0,0.09999999999999999,0.0,0.6666666666666666,2017-08-13T02:13:50Z,ls7,qd9v91nbhkdv,0.1,0.17333333333333337,0.060000000000000005
0.043333333333333335,0.6733333333333332,0.0,0.2733333333333334,0.0,0.0,2017-08-21T02:11:19Z,ls8,qd9v91nbhkdv,0.27609427609427617,0.6801346801346801,0.04377104377104378
,,1.0,,,,2017-08-29T02:13:51Z,ls7,qd9v91nbhkdv,,,
0.06666666666666667,0.7466666666666667,0.0,0.17666666666666667,0.0,0.0,2017-09-05T02:20:02Z,ls7,qd9v91nbhkdv,0.17845117845117844,0.7542087542087542,0.06734006734006734
,,1.0,,,,2017-09-06T02:11:21Z,ls8,qd9v91nbhkdv,,,
0.09333333333333334,0.6933333333333334,0.0,0.20333333333333337,0.0,0.0,2017-09-13T02:17:31Z,ls8,qd9v91nbhkdv,0.2053872053872054,0.7003367003367003,0.09427609427609428
0.03333333333333333,0.7300000000000001,0.0,0.2333333333333333,0.0,0.0,2017-09-14T02:13:49Z,ls7,qd9v91nbhkdv,0.2341137123745819,0.7324414715719064,0.033444816053511704
,,1.0,,,,2017-09-29T02:17:38Z,ls8,qd9v91nbhkdv,,,
,,1.0,,,,2017-09-30T02:13:50Z,ls7,qd9v91nbhkdv,,,
,,1.0,,,,2017-10-08T02:11:30Z,ls8,qd9v91nbhkdv,,,
,,1.0,,,,2017-10-15T02:17:43Z,ls8,qd9v91nbhkdv,,,
0.02,0.7399999999999999,0.0,0.2333333333333333,0.0,0.0,2017-10-24T02:11:33Z,ls8,qd9v91nbhkdv,0.23489932885906042,0.7449664429530202,0.020134228187919465
,,1.0,,,,2017-10-31T02:17:43Z,ls8,qd9v91nbhkdv,,,
0.05333333333333334,0.7399999999999999,0.0,0.19666666666666668,0.0,0.0,2017-11-01T02:13:52Z,ls7,qd9v91nbhkdv,0.1986531986531987,0.7474747474747474,0.053872053872053884
0.060000000000000005,0.7200000000000001,0.0,0.21,0.0,0.0,2017-11-09T02:11:31Z,ls8,qd9v91nbhkdv,0.2121212121212121,0.7272727272727273,0.06060606060606061
,,1.0,,,,2017-11-16T02:17:40Z,ls8,qd9v91nbhkdv,,,
0.02,0.7833333333333333,0.0,0.18666666666666668,0.0,0.0,2017-11-25T02:11:25Z,ls8,qd9v91nbhkdv,0.18855218855218855,0.7912457912457912,0.020202020202020204
0.049999999999999996,0.7633333333333333,0.0,0.18000000000000002,0.0,0.0,2017-12-02T02:17:34Z,ls8,qd9v91nbhkdv,0.18120805369127518,0.7684563758389261,0.05033557046979865
,,1.0,,,,2017-12-03T02:13:43Z,ls7,qd9v91nbhkdv,,,
0.03333333333333333,0.7766666666666667,0.0,0.18333333333333335,0.0,0.0,2017-12-11T02:11:23Z,ls8,qd9v91nbhkdv,0.18456375838926176,0.7818791946308725,0.03355704697986577
,,1.0,,,,2017-12-18T02:17:36Z,ls8,qd9v91nbhkdv,,,
,,1.0,,,,2017-12-19T02:13:34Z,ls7,qd9v91nbhkdv,,,
0.09666666666666668,0.7033333333333335,0.0,0.19333333333333336,0.0,0.0,2017-12-27T02:11:25Z,ls8,qd9v91nbhkdv,0.19463087248322147,0.7080536912751678,0.09731543624161074
,,1.0,,,,2018-01-03T02:17:34Z,ls8,qd9v91nbhkdv,,,
0.08333333333333333,0.7399999999999999,0.0,0.16666666666666666,0.0,0.0,2018-01-04T02:13:22Z,ls7,qd9v91nbhkdv,0.16835016835016836,0.7474747474747474,0.08417508417508418
0.10666666666666665,0.6933333333333334,0.0,0.18666666666666668,0.0,0.0,2018-01-12T02:11:19Z,ls8,qd9v91nbhkdv,0.1891891891891892,0.7027027027027027,0.10810810810810809
0.02,0.79,0.0,0.18000000000000002,0.0,0.0,2018-01-19T02:17:26Z,ls8,qd9v91nbhkdv,0.18181818181818182,0.7979797979797979,0.0202020202020202
0.0,0.8366666666666666,0.0,0.15666666666666665,0.0,0.0,2018-01-20T02:13:08Z,ls7,qd9v91nbhkdv,0.15771812080536912,0.8422818791946309,0.0
0.08,0.7466666666666666,0.0,0.16333333333333333,0.0,0.0,2018-01-28T02:11:10Z,ls8,qd9v91nbhkdv,0.164983164983165,0.7542087542087542,0.08080808080808081
0.06,0.7366666666666667,0.0,0.19666666666666666,0.0,0.0,2018-02-04T02:17:17Z,ls8,qd9v91nbhkdv,0.19798657718120802,0.7416107382550335,0.060402684563758385
0.05333333333333334,0.7733333333333333,0.0,0.16333333333333333,0.0,0.0,2018-02-12T02:18:58Z,ls7,qd9v91nbhkdv,0.16498316498316498,0.7811447811447811,0.05387205387205388
0.06666666666666667,0.7566666666666667,0.0,0.16666666666666666,0.0,0.0,2018-02-13T02:11:03Z,ls8,qd9v91nbhkdv,0.16835016835016833,0.7643097643097644,0.06734006734006734
0.04666666666666667,0.7799999999999999,0.0,0.16666666666666666,0.0,0.0,2018-02-20T02:17:12Z,ls8,qd9v91nbhkdv,0.16778523489932887,0.7852348993288591,0.04697986577181209
0.08333333333333333,0.7766666666666667,0.0,0.12666666666666668,0.0,0.0,2018-02-21T02:12:42Z,ls7,qd9v91nbhkdv,0.12837837837837837,0.7871621621621621,0.08445945945945944
,,1.0,,,,2018-02-28T02:18:48Z,ls7,qd9v91nbhkdv,,,
0.023333333333333334,0.79,0.0,0.17333333333333334,0.0,0.0,2018-03-01T02:10:57Z,ls8,qd9v91nbhkdv,0.17567567567567569,0.8006756756756757,0.02364864864864865
0.056666666666666664,0.7400000000000001,0.0,0.18999999999999997,0.0,0.0,2018-03-08T02:17:03Z,ls8,qd9v91nbhkdv,0.19256756756756754,0.7500000000000001,0.05743243243243243
0.04,0.7999999999999999,0.0,0.14666666666666664,0.0,0.0,2018-03-09T02:12:31Z,ls7,qd9v91nbhkdv,0.14864864864864863,0.8108108108108109,0.04054054054054054
0.07,0.7433333333333333,0.0,0.17333333333333334,0.0,0.0,2018-03-17T02:10:47Z,ls8,qd9v91nbhkdv,0.17567567567567569,0.7533783783783784,0.07094594594594596
,,1.0,,,,2018-04-01T02:18:23Z,ls7,qd9v91nbhkdv,,,
0.049999999999999996,0.7533333333333333,0.0,0.18666666666666668,0.0,0.0,2018-04-02T02:10:41Z,ls8,qd9v91nbhkdv,0.18855218855218855,0.7609427609427609,0.050505050505050504
,,1.0,,,,2018-04-18T02:10:31Z,ls8,qd9v91nbhkdv,,,
0.03333333333333333,0.7600000000000001,0.0,0.19999999999999998,0.0,0.0,2018-04-25T02:16:38Z,ls8,qd9v91nbhkdv,0.2013422818791946,0.7651006711409397,0.03355704697986577
,,1.0,,,,2018-04-26T02:11:47Z,ls7,qd9v91nbhkdv,,,
0.04,0.71,0.0,0.23666666666666666,0.0,0.0,2018-05-04T02:10:23Z,ls8,qd9v91nbhkdv,0.23986486486486486,0.7195945945945945,0.04054054054054054
0.04,0.755,0.33333333333333337,0.195,0.0,0.0,2018-05-11T02:16:29Z,ls8,qd9v91nbhkdv,0.196969696969697,0.7626262626262627,0.04040404040404041
0.04,0.71,0.6666666666666667,0.24,0.0,0.0,2018-05-12T02:11:30Z,ls7,qd9v91nbhkdv,0.24242424242424243,0.7171717171717171,0.04040404040404041
0.049999999999999996,0.7766666666666667,0.0,0.16333333333333333,0.0,0.0,2018-05-19T02:17:35Z,ls7,qd9v91nbhkdv,0.16498316498316495,0.7845117845117845,0.0505050505050505
0.05000000000000001,0.6966666666666667,0.0,0.24,0.0,0.0,2018-05-20T02:10:11Z,ls8,qd9v91nbhkdv,0.24324324324324323,0.706081081081081,0.050675675675675685
,,1.0,,,,2018-05-28T02:11:16Z,ls7,qd9v91nbhkdv,,,
,,1.0,,,,2018-06-12T02:16:16Z,ls8,qd9v91nbhkdv,,,
,,1.0,,,,2018-06-13T02:10:59Z,ls7,qd9v91nbhkdv,,,
,,1.0,,,,2018-06-20T02:17:02Z,ls7,qd9v91nbhkdv,,,
,,1.0,,,,2018-06-21T02:10:12Z,ls8,qd9v91nbhkdv,,,
,,1.0,,,,2018-06-28T02:16:27Z,ls8,qd9v91nbhkdv,,,
0.05333333333333334,0.6433333333333334,0.0,0.29,0.0,0.0,2018-06-29T02:10:41Z,ls7,qd9v91nbhkdv,0.2939189189189189,0.6520270270270271,0.05405405405405406
0.09666666666666666,0.12666666666666668,0.0,0.10666666666666667,0.3333333333333333,0.3333333333333333,2018-07-06T02:16:43Z,ls7,qd9v91nbhkdv,0.10774410774410778,0.127946127946128,0.09764309764309767
,,1.0,,,,2018-07-07T02:10:21Z,ls8,qd9v91nbhkdv,,,
,,1.0,,,,2018-07-15T02:10:22Z,ls7,qd9v91nbhkdv,,,
,,1.0,,,,2018-07-23T02:10:27Z,ls8,qd9v91nbhkdv,,,
0.07666666666666667,0.6733333333333333,0.0,0.24,0.0,0.0,2018-07-31T02:10:05Z,ls7,qd9v91nbhkdv,0.24242424242424243,0.6801346801346801,0.07744107744107745
,,1.0,,,,2018-08-08T02:10:36Z,ls8,qd9v91nbhkdv,,,
,,1.0,,,,2018-08-15T02:16:51Z,ls8,qd9v91nbhkdv,,,
0.0,0.7399999999999999,0.0,0.25,0.0,0.0,2018-08-16T02:09:47Z,ls7,qd9v91nbhkdv,0.25252525252525254,0.7474747474747474,0.0
0.0,0.7766666666666667,0.0,0.21666666666666667,0.0,0.0,2018-08-23T02:15:50Z,ls7,qd9v91nbhkdv,0.2181208053691275,0.7818791946308725,0.0
0.06666666666666667,0.7000000000000001,0.0,0.22,0.0,0.0,2018-08-24T02:10:44Z,ls8,qd9v91nbhkdv,0.22297297297297297,0.7094594594594595,0.06756756756756757
,,1.0,,,,2018-08-31T02:16:58Z,ls8,qd9v91nbhkdv,,,
0.54,0.31,0.0,0.14333333333333334,0.0,0.0,2018-09-01T02:09:28Z,ls7,qd9v91nbhkdv,0.1442953020134228,0.31208053691275167,0.5436241610738255
0.05333333333333332,0.7400000000000001,0.0,0.19333333333333336,0.0,0.0,2018-09-09T02:10:50Z,ls8,qd9v91nbhkdv,0.19594594594594594,0.75,0.054054054054054036
0.04,0.8133333333333334,0.0,0.1366666666666667,0.0,0.0,2018-09-16T02:17:03Z,ls8,qd9v91nbhkdv,0.13804713804713806,0.8215488215488215,0.0404040404040404
0.15,0.63,0.6666666666666667,0.21,0.0,0.0,2018-09-17T02:09:07Z,ls7,qd9v91nbhkdv,0.21212121212121213,0.6363636363636364,0.15151515151515152
,,1.0,,,,2018-09-24T02:15:08Z,ls7,qd9v91nbhkdv,,,
0.02,0.77,0.0,0.19999999999999998,0.0,0.0,2018-09-25T02:10:55Z,ls8,qd9v91nbhkdv,0.20202020202020202,0.7777777777777778,0.020202020202020204
,,1.0,,,,2018-10-02T02:17:10Z,ls8,qd9v91nbhkdv,,,
,,1.0,,,,2018-10-03T02:08:44Z,ls7,qd9v91nbhkdv,,,
,,1.0,,,,2018-10-11T02:11:03Z,ls8,qd9v91nbhkdv,,,
,,1.0,,,,2018-10-19T02:08:21Z,ls7,qd9v91nbhkdv,,,
0.03,0.7600000000000001,0.0,0.20000000000000004,0.0,0.0,2018-10-26T02:14:23Z,ls7,qd9v91nbhkdv,0.20202020202020202,0.7676767676767676,0.030303030303030297
0.09666666666666668,0.66,0.0,0.23666666666666666,0.0,0.0,2018-10-27T02:11:08Z,ls8,qd9v91nbhkdv,0.23825503355704697,0.6644295302013423,0.09731543624161074
,,1.0,,,,2018-11-03T02:17:20Z,ls8,qd9v91nbhkdv,,,
,,1.0,,,,2018-11-04T02:08:00Z,ls7,qd9v91nbhkdv,,,
,,1.0,,,,2018-11-12T02:11:10Z,ls8,qd9v91nbhkdv,,,
,,1.0,,,,2018-11-19T02:17:21Z,ls8,qd9v91nbhkdv,,,
0.035,0.77,0.33333333333333337,0.18,0.0,0.0,2018-11-20T02:07:38Z,ls7,qd9v91nbhkdv,0.18274111675126903,0.7817258883248731,0.03553299492385787
0.0,0.835,0.33333333333333337,0.165,0.0,0.0,2018-11-27T02:13:38Z,ls7,qd9v91nbhkdv,0.165,0.835,0.0
0.043333333333333335,0.7566666666666667,0.0,0.18999999999999997,0.0,0.0,2018-11-28T02:11:10Z,ls8,qd9v91nbhkdv,0.1919191919191919,0.7643097643097644,0.04377104377104377
,,1.0,,,,2018-12-05T02:17:19Z,ls8,qd9v91nbhkdv,,,
0.02666666666666667,0.7866666666666666,0.0,0.17666666666666667,0.0,0.0,2018-12-13T02:13:12Z,ls7,qd9v91nbhkdv,0.17845117845117847,0.7946127946127947,0.026936026936026942
0.07666666666666667,0.7399999999999999,0.0,0.17333333333333334,0.0,0.0,2018-12-14T02:11:06Z,ls8,qd9v91nbhkdv,0.17508417508417512,0.7474747474747474,0.07744107744107746
0.08666666666666667,0.7033333333333333,0.0,0.19666666666666666,0.0,0.0,2018-12-21T02:17:18Z,ls8,qd9v91nbhkdv,0.19932432432432434,0.7128378378378378,0.08783783783783784
0.023333333333333334,0.83,0.0,0.1366666666666667,0.0,0.0,2018-12-22T02:06:46Z,ls7,qd9v91nbhkdv,0.13804713804713806,0.8383838383838383,0.02356902356902357
0.02333333333333333,0.7733333333333334,0.0,0.19333333333333336,0.0,0.0,2018-12-29T02:12:44Z,ls7,qd9v91nbhkdv,0.19528619528619529,0.7811447811447811,0.023569023569023566
0.02,0.8033333333333332,0.0,0.16666666666666666,0.0,0.0,2018-12-30T02:11:07Z,ls8,qd9v91nbhkdv,0.16835016835016836,0.8114478114478114,0.020202020202020204
0.04666666666666667,0.7933333333333333,0.0,0.15,0.0,0.0,2019-01-06T02:17:17Z,ls8,qd9v91nbhkdv,0.15151515151515152,0.8013468013468014,0.04713804713804714
0.05333333333333334,0.7866666666666666,0.0,0.15333333333333332,0.0,0.0,2019-01-07T02:06:17Z,ls7,qd9v91nbhkdv,0.15436241610738255,0.7919463087248322,0.05369127516778524
0.030000000000000002,0.8000000000000002,0.0,0.16,0.0,0.0,2019-01-14T02:12:14Z,ls7,qd9v91nbhkdv,0.16161616161616157,0.8080808080808081,0.0303030303030303
0.09000000000000001,0.7266666666666666,0.0,0.17666666666666667,0.0,0.0,2019-01-15T02:11:05Z,ls8,qd9v91nbhkdv,0.1778523489932886,0.7315436241610739,0.0906040268456376
,,1.0,,,,2019-01-23T02:05:46Z,ls7,qd9v91nbhkdv,,,
0.013333333333333334,0.82,0.0,0.16,0.0,0.0,2019-01-30T02:11:43Z,ls7,qd9v91nbhkdv,0.16107382550335572,0.825503355704698,0.01342281879194631
0.043333333333333335,0.7699999999999999,0.0,0.17666666666666667,0.0,0.0,2019-01-31T02:11:01Z,ls8,qd9v91nbhkdv,0.17845117845117847,0.7777777777777778,0.04377104377104378
0.02,0.8233333333333334,0.0,0.1466666666666667,0.0,0.0,2019-02-07T02:17:11Z,ls8,qd9v91nbhkdv,0.14814814814814817,0.8316498316498316,0.0202020202020202
0.08,0.69,0.6666666666666667,0.21,0.0,0.0,2019-02-08T02:05:17Z,ls7,qd9v91nbhkdv,0.2142857142857143,0.7040816326530612,0.0816326530612245
0.02333333333333333,0.8166666666666668,0.0,0.15,0.0,0.0,2019-02-15T02:11:15Z,ls7,qd9v91nbhkdv,0.1515151515151515,0.8249158249158249,0.023569023569023566
0.043333333333333335,0.77,0.0,0.18000000000000002,0.0,0.0,2019-02-16T02:10:59Z,ls8,qd9v91nbhkdv,0.18120805369127518,0.7751677852348993,0.0436241610738255
0.05333333333333332,0.75,0.0,0.19000000000000003,0.0,0.0,2019-02-23T02:17:08Z,ls8,qd9v91nbhkdv,0.19127516778523493,0.7550335570469798,0.05369127516778522
,,1.0,,,,2019-02-24T02:04:48Z,ls7,qd9v91nbhkdv,,,
0.03,0.82,0.0,0.14333333333333334,0.0,0.0,2019-03-03T02:10:45Z,ls7,qd9v91nbhkdv,0.14429530201342283,0.825503355704698,0.030201342281879196
,,1.0,,,,2019-03-04T02:10:54Z,ls8,qd9v91nbhkdv,,,
0.02666666666666667,0.7633333333333333,0.0,0.19666666666666666,0.0,0.0,2019-03-11T02:17:02Z,ls8,qd9v91nbhkdv,0.19932432432432434,0.7736486486486487,0.027027027027027032
,,1.0,,,,2019-03-12T02:04:17Z,ls7,qd9v91nbhkdv,,,
,,1.0,,,,2019-03-19T02:10:14Z,ls7,qd9v91nbhkdv,,,
0.023333333333333334,0.7366666666666667,0.0,0.22666666666666666,0.0,0.0,2019-03-20T02:10:49Z,ls8,qd9v91nbhkdv,0.22972972972972971,0.7466216216216216,0.02364864864864865
0.07333333333333333,0.7466666666666667,0.0,0.17333333333333334,0.0,0.0,2019-03-27T02:16:59Z,ls8,qd9v91nbhkdv,0.174496644295302,0.7516778523489933,0.07382550335570469
0.0,0.0,0.0,0.0,0.0,1.0,2019-03-28T02:03:45Z,ls7,qd9v91nbhkdv,0.0,0.0,0.0
0.049999999999999996,0.6933333333333334,0.0,0.24666666666666667,0.0,0.0,2019-04-05T02:10:46Z,ls8,qd9v91nbhkdv,0.24915824915824913,0.7003367003367003,0.0505050505050505
0.023333333333333334,0.79,0.0,0.18000000000000002,0.0,0.0,2019-04-12T02:16:54Z,ls8,qd9v91nbhkdv,0.18120805369127518,0.7953020134228188,0.02348993288590604
,,1.0,,,,2019-04-13T02:03:12Z,ls7,qd9v91nbhkdv,,,
0.043333333333333335,0.68,0.0,0.26666666666666666,0.0,0.0,2019-04-21T02:10:39Z,ls8,qd9v91nbhkdv,0.26936026936026936,0.6868686868686869,0.043771043771043766
,,1.0,,,,2019-04-28T02:16:49Z,ls8,qd9v91nbhkdv,,,
0.02,0.7133333333333333,0.0,0.25666666666666665,0.0,0.0,2019-05-07T02:10:43Z,ls8,qd9v91nbhkdv,0.25925925925925924,0.7205387205387205,0.020202020202020204
,,1.0,,,,2019-05-14T02:16:59Z,ls8,qd9v91nbhkdv,,,
0.049999999999999996,0.68,0.0,0.25666666666666665,0.0,0.0,2019-05-15T02:01:59Z,ls7,qd9v91nbhkdv,0.2601351351351351,0.6891891891891891,0.050675675675675665
,,1.0,,,,2019-05-22T02:07:53Z,ls7,qd9v91nbhkdv,,,
,,1.0,,,,2019-05-23T02:10:53Z,ls8,qd9v91nbhkdv,,,
,,1.0,,,,2019-05-30T02:17:08Z,ls8,qd9v91nbhkdv,,,
,,1.0,,,,2019-05-31T02:01:24Z,ls7,qd9v91nbhkdv,,,
,,1.0,,,,2019-06-08T02:11:01Z,ls8,qd9v91nbhkdv,,,
,,1.0,,,,2019-06-15T02:17:15Z,ls8,qd9v91nbhkdv,,,
,,1.0,,,,2019-06-24T02:11:07Z,ls8,qd9v91nbhkdv,,,
0.02666666666666667,0.71,0.0,0.25333333333333335,0.0,0.0,2019-07-02T02:00:13Z,ls7,qd9v91nbhkdv,0.2558922558922559,0.7171717171717171,0.02693602693602694
0.05333333333333334,0.7033333333333335,0.0,0.2333333333333333,0.0,0.0,2019-07-09T02:06:08Z,ls7,qd9v91nbhkdv,0.23569023569023564,0.7104377104377105,0.05387205387205387
0.04666666666666667,0.6566666666666667,0.0,0.2866666666666667,0.0,0.0,2019-07-10T02:11:10Z,ls8,qd9v91nbhkdv,0.2895622895622896,0.6632996632996634,0.04713804713804714
0.05000000000000001,0.7166666666666667,0.0,0.2233333333333333,0.0,0.0,2019-07-17T02:17:22Z,ls8,qd9v91nbhkdv,0.22558922558922556,0.7239057239057239,0.05050505050505052
0.03333333333333333,0.7033333333333333,0.0,0.25,0.0,0.0,2019-07-18T01:59:36Z,ls7,qd9v91nbhkdv,0.2533783783783784,0.7128378378378378,0.033783783783783786
0.1366666666666667,0.63,0.0,0.22333333333333336,0.0,0.0,2019-07-26T02:11:15Z,ls8,qd9v91nbhkdv,0.2255892255892256,0.6363636363636364,0.13804713804713806
0.08666666666666667,0.6966666666666667,0.0,0.20666666666666667,0.0,0.0,2019-08-02T02:17:29Z,ls8,qd9v91nbhkdv,0.20875420875420875,0.7037037037037037,0.08754208754208755
,,1.0,,,,2019-08-03T01:58:57Z,ls7,qd9v91nbhkdv,,,
,,1.0,,,,2019-08-10T02:04:51Z,ls7,qd9v91nbhkdv,,,
0.08666666666666667,0.6633333333333333,0.0,0.24,0.0,0.0,2019-08-11T02:11:21Z,ls8,qd9v91nbhkdv,0.24242424242424243,0.67003367003367,0.08754208754208755
0.02,0.79,0.0,0.18333333333333335,0.0,0.0,2019-08-18T02:17:34Z,ls8,qd9v91nbhkdv,0.18456375838926176,0.7953020134228188,0.020134228187919462
,,1.0,,,,2019-08-19T01:58:17Z,ls7,qd9v91nbhkdv,,,
,,1.0,,,,2019-08-26T02:04:10Z,ls7,qd9v91nbhkdv,,,
0.12,0.66,0.0,0.21,0.0,0.0,2019-08-27T02:11:25Z,ls8,qd9v91nbhkdv,0.21212121212121213,0.6666666666666667,0.12121212121212122
0.02,0.7366666666666667,0.0,0.23666666666666666,0.0,0.0,2019-09-03T02:17:37Z,ls8,qd9v91nbhkdv,0.23825503355704697,0.7416107382550335,0.020134228187919462
,,1.0,,,,2019-09-04T01:57:36Z,ls7,qd9v91nbhkdv,,,
0.05333333333333332,0.77,0.0,0.16666666666666666,0.0,0.0,2019-09-12T02:11:30Z,ls8,qd9v91nbhkdv,0.16835016835016833,0.7777777777777778,0.05387205387205386
,,1.0,,,,2019-09-20T01:56:54Z,ls7,qd9v91nbhkdv,,,
,,1.0,,,,2019-09-27T02:02:46Z,ls7,qd9v91nbhkdv,,,
0.05000000000000001,0.7166666666666667,0.0,0.22,0.0,0.0,2019-09-28T02:11:35Z,ls8,qd9v91nbhkdv,0.22297297297297297,0.7263513513513513,0.050675675675675685
,,1.0,,,,2019-10-05T02:17:47Z,ls8,qd9v91nbhkdv,,,
0.01,0.805,0.33333333333333337,0.175,0.0,0.0,2019-10-06T01:56:13Z,ls7,qd9v91nbhkdv,0.17676767676767677,0.8131313131313131,0.010101010101010102
,,1.0,,,,2019-10-14T02:11:38Z,ls8,qd9v91nbhkdv,,,
,,1.0,,,,2019-10-21T02:17:49Z,ls8,qd9v91nbhkdv,,,
0.05666666666666667,0.7999999999999999,0.0,0.13,0.0,0.0,2019-10-22T01:55:33Z,ls7,qd9v91nbhkdv,0.13175675675675677,0.8108108108108109,0.05743243243243244
,,1.0,,,,2019-10-29T02:01:25Z,ls7,qd9v91nbhkdv,,,
0.023333333333333334,0.79,0.0,0.18000000000000002,0.0,0.0,2019-10-30T02:11:38Z,ls8,qd9v91nbhkdv,0.18120805369127518,0.7953020134228188,0.02348993288590604
,,1.0,,,,2019-11-06T02:17:48Z,ls8,qd9v91nbhkdv,,,
0.07666666666666667,0.75,0.0,0.16,0.0,0.0,2019-11-07T01:54:50Z,ls7,qd9v91nbhkdv,0.16216216216216217,0.7601351351351351,0.07770270270270271
0.06333333333333334,0.7966666666666665,0.0,0.13333333333333333,0.0,0.0,2019-11-14T02:00:42Z,ls7,qd9v91nbhkdv,0.13422818791946312,0.802013422818792,0.06375838926174499
0.09666666666666666,0.7466666666666667,0.0,0.15,0.0,0.0,2019-11-15T02:11:35Z,ls8,qd9v91nbhkdv,0.15100671140939595,0.7516778523489933,0.09731543624161072
,,1.0,,,,2019-11-23T01:54:06Z,ls7,qd9v91nbhkdv,,,
,,1.0,,,,2019-11-30T01:59:56Z,ls7,qd9v91nbhkdv,,,
0.08,0.7866666666666666,0.0,0.12666666666666668,0.0,0.0,2019-12-01T02:11:33Z,ls8,qd9v91nbhkdv,0.12751677852348994,0.7919463087248322,0.08053691275167786
,,1.0,,,,2019-12-08T02:17:44Z,ls8,qd9v91nbhkdv,,,
0.09000000000000001,0.7566666666666667,0.0,0.1433333333333333,0.0,0.0,2019-12-09T01:53:19Z,ls7,qd9v91nbhkdv,0.14478114478114476,0.7643097643097644,0.09090909090909093
,,1.0,,,,2019-12-16T01:59:09Z,ls7,qd9v91nbhkdv,,,
0.05000000000000001,0.7866666666666667,0.0,0.15333333333333332,0.0,0.0,2019-12-17T02:11:32Z,ls8,qd9v91nbhkdv,0.15488215488215484,0.7946127946127945,0.05050505050505051
0.03,0.7833333333333333,0.0,0.17666666666666667,0.0,0.0,2019-12-24T02:17:41Z,ls8,qd9v91nbhkdv,0.17845117845117844,0.7912457912457912,0.030303030303030304
0.08333333333333333,0.7933333333333333,0.0,0.11333333333333333,0.0,0.0,2019-12-25T01:52:30Z,ls7,qd9v91nbhkdv,0.11447811447811447,0.8013468013468014,0.08417508417508417
0.023333333333333334,0.8333333333333334,0.0,0.13,0.0,0.0,2020-01-01T01:58:19Z,ls7,qd9v91nbhkdv,0.13175675675675677,0.8445945945945946,0.02364864864864865
0.04666666666666666,0.7766666666666667,0.0,0.17,0.0,0.0,2020-01-02T02:11:27Z,ls8,qd9v91nbhkdv,0.17114093959731544,0.7818791946308725,0.046979865771812075
0.05333333333333334,0.77,0.0,0.17,0.0,0.0,2020-01-09T02:17:37Z,ls8,qd9v91nbhkdv,0.17114093959731544,0.7751677852348993,0.053691275167785234
0.06333333333333334,0.8233333333333334,0.0,0.10333333333333333,0.0,0.0,2020-01-10T01:51:40Z,ls7,qd9v91nbhkdv,0.10437710437710436,0.8316498316498316,0.06397306397306397
,,1.0,,,,2020-01-17T01:57:30Z,ls7,qd9v91nbhkdv,,,
0.08666666666666667,0.7633333333333333,0.0,0.13666666666666666,0.0,0.0,2020-01-18T02:11:24Z,ls8,qd9v91nbhkdv,0.13851351351351351,0.7736486486486487,0.08783783783783784
0.10333333333333333,0.7266666666666666,0.0,0.16,0.0,0.0,2020-01-25T02:17:33Z,ls8,qd9v91nbhkdv,0.16161616161616163,0.7340067340067339,0.10437710437710437
0.02,0.8266666666666667,0.0,0.14333333333333334,0.0,0.0,2020-01-26T01:50:53Z,ls7,qd9v91nbhkdv,0.1447811447811448,0.835016835016835,0.020202020202020204
,,1.0,,,,2020-02-02T01:56:43Z,ls7,qd9v91nbhkdv,,,
0.07333333333333333,0.7933333333333333,0.0,0.12666666666666668,0.0,0.0,2020-02-03T02:11:19Z,ls8,qd9v91nbhkdv,0.12751677852348994,0.7986577181208053,0.07382550335570469
0.036666666666666674,0.8166666666666665,0.0,0.13999999999999999,0.0,0.0,2020-02-10T02:17:28Z,ls8,qd9v91nbhkdv,0.14093959731543626,0.8221476510067114,0.036912751677852365
,,1.0,,,,2020-02-11T01:50:04Z,ls7,qd9v91nbhkdv,,,
0.38,0.44499999999999995,0.33333333333333337,0.17,0.0,0.0,2020-02-18T01:55:53Z,ls7,qd9v91nbhkdv,0.17085427135678394,0.44723618090452255,0.38190954773869346
,,1.0,,,,2020-02-19T02:11:15Z,ls8,qd9v91nbhkdv,,,
,,1.0,,,,2020-03-05T01:55:02Z,ls7,qd9v91nbhkdv,,,
,,1.0,,,,2020-03-06T02:11:10Z,ls8,qd9v91nbhkdv,,,
,,1.0,,,,2020-03-14T01:48:22Z,ls7,qd9v91nbhkdv,,,
,,1.0,,,,2020-03-21T01:54:09Z,ls7,qd9v91nbhkdv,,,
0.049999999999999996,0.7433333333333333,0.0,0.19666666666666666,0.0,0.0,2020-03-22T02:11:02Z,ls8,qd9v91nbhkdv,0.19865319865319864,0.7508417508417508,0.050505050505050504
,,1.0,,,,2020-03-29T02:17:09Z,ls8,qd9v91nbhkdv,,,
0.08,0.7200000000000001,0.0,0.19000000000000003,0.0,0.0,2020-03-30T01:47:28Z,ls7,qd9v91nbhkdv,0.19191919191919193,0.7272727272727273,0.0808080808080808
0.08,0.7666666666666666,0.0,0.14,0.0,0.0,2020-04-06T01:53:15Z,ls7,qd9v91nbhkdv,0.1418918918918919,0.7770270270270271,0.08108108108108109
0.07333333333333335,0.6966666666666667,0.0,0.22,0.0,0.0,2020-04-07T02:10:53Z,ls8,qd9v91nbhkdv,0.22222222222222224,0.7037037037037037,0.07407407407407408
,,1.0,,,,2020-04-15T01:46:33Z,ls7,qd9v91nbhkdv,,,
,,1.0,,,,2020-04-22T01:52:19Z,ls7,qd9v91nbhkdv,,,
0.0,0.0,0.0,0.0,0.0,1.0,2020-04-23T02:10:47Z,ls8,qd9v91nbhkdv,0.0,0.0,0.0
,,1.0,,,,2020-04-30T02:16:54Z,ls8,qd9v91nbhkdv,,,
0.06666666666666667,0.7200000000000001,0.0,0.20666666666666667,0.0,0.0,2020-05-01T01:45:36Z,ls7,qd9v91nbhkdv,0.20805369127516776,0.7248322147651007,0.06711409395973154
0.0,0.7733333333333334,0.0,0.22666666666666666,0.0,0.0,2020-05-08T01:51:22Z,ls7,qd9v91nbhkdv,0.22666666666666666,0.7733333333333334,0.0
,,1.0,,,,2020-05-09T02:10:38Z,ls8,qd9v91nbhkdv,,,
,,1.0,,,,2020-05-16T02:16:50Z,ls8,qd9v91nbhkdv,,,
0.5533333333333333,0.25666666666666665,0.0,0.17666666666666667,0.0,0.0,2020-05-17T01:44:38Z,ls7,qd9v91nbhkdv,0.17905405405405406,0.26013513513513514,0.5608108108108109
,,1.0,,,,2020-05-25T02:10:41Z,ls8,qd9v91nbhkdv,,,
,,1.0,,,,2020-06-01T02:16:55Z,ls8,qd9v91nbhkdv,,,
,,1.0,,,,2020-06-02T01:43:40Z,ls7,qd9v91nbhkdv,,,
0.02,0.75,0.0,0.22,0.0,0.0,2020-06-09T01:49:27Z,ls7,qd9v91nbhkdv,0.22222222222222224,0.7575757575757576,0.020202020202020204
0.023333333333333334,0.71,0.0,0.25666666666666665,0.0,0.0,2020-06-10T02:10:50Z,ls8,qd9v91nbhkdv,0.2592592592592593,0.7171717171717172,0.023569023569023573
0.13,0.65,0.33333333333333337,0.21500000000000002,0.0,0.0,2020-06-18T01:42:44Z,ls7,qd9v91nbhkdv,0.21608040201005027,0.6532663316582915,0.1306532663316583
0.05,0.755,0.33333333333333337,0.18,0.0,0.0,2020-06-25T01:48:30Z,ls7,qd9v91nbhkdv,0.182741116751269,0.766497461928934,0.050761421319796954
0.03,0.6833333333333332,0.0,0.27666666666666667,0.0,0.0,2020-06-26T02:10:59Z,ls8,qd9v91nbhkdv,0.27946127946127947,0.6902356902356901,0.030303030303030304
,,1.0,,,,2020-07-03T02:17:13Z,ls8,qd9v91nbhkdv,,,
0.31666666666666665,0.48,0.0,0.19333333333333333,0.0,0.0,2020-07-04T01:41:47Z,ls7,qd9v91nbhkdv,0.19528619528619529,0.48484848484848486,0.31986531986531985
0.03,0.7966666666666667,0.0,0.16,0.0,0.0,2020-07-11T01:47:32Z,ls7,qd9v91nbhkdv,0.16216216216216214,0.8074324324324323,0.0304054054054054
0.08666666666666667,0.6733333333333335,0.0,0.22333333333333336,0.0,0.0,2020-07-12T02:11:05Z,ls8,qd9v91nbhkdv,0.22711864406779658,0.6847457627118644,0.08813559322033897
,,1.0,,,,2020-07-19T02:17:19Z,ls8,qd9v91nbhkdv,,,
0.13999999999999999,0.6333333333333334,0.0,0.21999999999999997,0.0,0.0,2020-07-20T01:40:49Z,ls7,qd9v91nbhkdv,0.22147651006711405,0.6375838926174497,0.1409395973154362
,,1.0,,,,2020-07-27T01:46:33Z,ls7,qd9v91nbhkdv,,,
,,1.0,,,,2020-07-28T02:11:10Z,ls8,qd9v91nbhkdv,,,
0.02,0.7833333333333333,0.0,0.18666666666666665,0.0,0.0,2020-08-04T02:17:23Z,ls8,qd9v91nbhkdv,0.18855218855218853,0.7912457912457912,0.020202020202020204
0.04,0.7366666666666667,0.0,0.21666666666666667,0.0,0.0,2020-08-05T01:39:49Z,ls7,qd9v91nbhkdv,0.2181208053691275,0.7416107382550335,0.040268456375838924
0.02,0.7066666666666667,0.0,0.26333333333333336,0.0,0.0,2020-08-13T02:11:14Z,ls8,qd9v91nbhkdv,0.265993265993266,0.7138047138047138,0.020202020202020204
0.04666666666666666,0.7266666666666667,0.0,0.21333333333333335,0.0,0.0,2020-08-20T02:17:29Z,ls8,qd9v91nbhkdv,0.21621621621621623,0.7364864864864865,0.04729729729729729
,,1.0,,,,2020-08-21T01:38:48Z,ls7,qd9v91nbhkdv,,,
,,1.0,,,,2020-08-28T01:44:31Z,ls7,qd9v91nbhkdv,,,
,,1.0,,,,2020-08-29T02:11:22Z,ls8,qd9v91nbhkdv,,,
,,1.0,,,,2020-09-05T02:17:36Z,ls8,qd9v91nbhkdv,,,
0.0,0.84,0.6666666666666667,0.16,0.0,0.0,2020-09-22T01:36:41Z,ls7,qd9v91nbhkdv,0.16,0.84,0.0
0.08,0.725,0.33333333333333337,0.185,0.0,0.0,2020-09-30T02:11:33Z,ls8,qd9v91nbhkdv,0.18686868686868688,0.7323232323232324,0.08080808080808081
,,1.0,,,,2020-10-07T02:17:45Z,ls8,qd9v91nbhkdv,,,
0.12,0.71,0.6666666666666667,0.16,0.0,0.0,2020-10-08T01:35:40Z,ls7,qd9v91nbhkdv,0.16161616161616163,0.7171717171717171,0.12121212121212122
,,1.0,,,,2020-10-16T02:11:34Z,ls8,qd9v91nbhkdv,,,
,,1.0,,,,2020-10-23T02:17:45Z,ls8,qd9v91nbhkdv,,,
0.023333333333333334,0.7933333333333333,0.0,0.17666666666666667,0.0,0.0,2020-10-24T01:34:38Z,ls7,qd9v91nbhkdv,0.1778523489932886,0.7986577181208054,0.02348993288590604
,,1.0,,,,2020-11-09T01:33:33Z,ls7,qd9v91nbhkdv,,,
0.03333333333333333,0.7799999999999999,0.0,0.17,0.0,0.0,2020-11-16T01:39:15Z,ls7,qd9v91nbhkdv,0.1728813559322034,0.7932203389830508,0.03389830508474576
,,1.0,,,,2020-11-17T02:11:32Z,ls8,qd9v91nbhkdv,,,
0.05333333333333334,0.7766666666666667,0.0,0.16,0.0,0.0,2020-11-24T02:17:45Z,ls8,qd9v91nbhkdv,0.1616161616161616,0.7845117845117845,0.05387205387205387
,,1.0,,,,2020-11-25T01:32:26Z,ls7,qd9v91nbhkdv,,,
,,1.0,,,,2020-12-02T01:38:06Z,ls7,qd9v91nbhkdv,,,
0.049999999999999996,0.7866666666666666,0.0,0.15333333333333332,0.0,0.0,2020-12-03T02:11:35Z,ls8,qd9v91nbhkdv,0.15488215488215487,0.7946127946127945,0.050505050505050504
0.04666666666666667,0.82,0.0,0.13,0.0,0.0,2020-12-11T01:31:15Z,ls7,qd9v91nbhkdv,0.13043478260869568,0.822742474916388,0.04682274247491639
0.12000000000000001,0.7366666666666667,0.0,0.13333333333333333,0.0,0.0,2020-12-18T01:36:54Z,ls7,qd9v91nbhkdv,0.13468013468013468,0.7441077441077442,0.12121212121212123
0.16,0.73,0.0,0.09999999999999999,0.0,0.0,2020-12-19T02:11:35Z,ls8,qd9v91nbhkdv,0.10101010101010101,0.7373737373737373,0.16161616161616163
,,1.0,,,,2020-12-26T02:17:44Z,ls8,qd9v91nbhkdv,,,
,,1.0,,,,2020-12-27T01:30:04Z,ls7,qd9v91nbhkdv,,,
0.26666666666666666,0.6699999999999999,0.0,0.049999999999999996,0.0,0.0,2021-01-03T01:35:46Z,ls7,qd9v91nbhkdv,0.05067567567567568,0.6790540540540541,0.2702702702702703
,,1.0,,,,2021-01-04T02:11:30Z,ls8,qd9v91nbhkdv,,,
0.38999999999999996,0.5033333333333333,0.0,0.09333333333333334,0.0,0.0,2021-01-11T02:17:38Z,ls8,qd9v91nbhkdv,0.09459459459459461,0.5101351351351352,0.3952702702702703
,,1.0,,,,2021-01-12T01:28:57Z,ls7,qd9v91nbhkdv,,,
,,1.0,,,,2021-01-20T02:11:23Z,ls8,qd9v91nbhkdv,,,
0.14,0.7366666666666667,0.0,0.11333333333333334,0.0,0.0,2021-01-27T02:17:33Z,ls8,qd9v91nbhkdv,0.11447811447811447,0.744107744107744,0.1414141414141414
0.19333333333333336,0.7233333333333333,0.0,0.07,0.0,0.0,2021-01-28T01:27:48Z,ls7,qd9v91nbhkdv,0.07094594594594596,0.7331081081081081,0.195945945945946
0.38666666666666666,0.5099999999999999,0.0,0.09000000000000001,0.0,0.0,2021-02-04T01:33:28Z,ls7,qd9v91nbhkdv,0.09121621621621623,0.5168918918918919,0.39189189189189194
0.3633333333333333,0.5333333333333333,0.0,0.09333333333333334,0.0,0.0,2021-02-05T02:11:21Z,ls8,qd9v91nbhkdv,0.09427609427609428,0.5387205387205387,0.36700336700336694
0.21666666666666667,0.6533333333333333,0.0,0.12,0.0,0.0,2021-02-12T02:17:31Z,ls8,qd9v91nbhkdv,0.12121212121212122,0.6599326599326599,0.21885521885521886
,,1.0,,,,2021-02-13T01:26:37Z,ls7,qd9v91nbhkdv,,,
,,1.0,,,,2021-02-20T01:32:16Z,ls7,qd9v91nbhkdv,,,
0.16,0.71,0.0,0.12,0.0,0.0,2021-02-21T02:11:17Z,ls8,qd9v91nbhkdv,0.12121212121212122,0.7171717171717171,0.16161616161616163
0.24666666666666667,0.6333333333333333,0.0,0.11,0.0,0.0,2021-02-28T02:17:25Z,ls8,qd9v91nbhkdv,0.11111111111111112,0.6397306397306397,0.24915824915824916
0.19333333333333336,0.7166666666666668,0.0,0.07666666666666666,0.0,0.0,2021-03-01T01:25:24Z,ls7,qd9v91nbhkdv,0.07770270270270269,0.7263513513513514,0.19594594594594594
0.15666666666666665,0.7566666666666665,0.0,0.07333333333333333,0.0,0.0,2021-03-08T01:31:02Z,ls7,qd9v91nbhkdv,0.07432432432432434,0.7668918918918919,0.1587837837837838
,,1.0,,,,2021-03-09T02:11:09Z,ls8,qd9v91nbhkdv,,,
,,1.0,,,,2021-03-16T02:17:15Z,ls8,qd9v91nbhkdv,,,
0.14333333333333334,0.7633333333333333,0.0,0.08333333333333333,0.0,0.0,2021-03-17T01:24:08Z,ls7,qd9v91nbhkdv,0.08417508417508417,0.771043771043771,0.1447811447811448
0.31666666666666665,0.6200000000000001,0.0,0.04666666666666667,0.0,0.0,2021-03-24T01:29:46Z,ls7,qd9v91nbhkdv,0.04745762711864407,0.6305084745762712,0.3220338983050847
,,1.0,,,,2021-03-25T02:11:02Z,ls8,qd9v91nbhkdv,,,
0.24666666666666667,0.6433333333333332,0.0,0.09999999999999999,0.0,0.0,2021-04-01T02:17:12Z,ls8,qd9v91nbhkdv,0.10101010101010101,0.6498316498316498,0.2491582491582492
0.07666666666666667,0.8133333333333334,0.0,0.09666666666666668,0.0,0.0,2021-04-02T01:22:51Z,ls7,qd9v91nbhkdv,0.09797297297297299,0.8243243243243243,0.07770270270270271
0.21999999999999997,0.7133333333333334,0.0,0.053333333333333344,0.0,0.0,2021-04-09T01:28:27Z,ls7,qd9v91nbhkdv,0.054054054054054064,0.722972972972973,0.22297297297297294
,,1.0,,,,2021-04-10T02:10:58Z,ls8,qd9v91nbhkdv,,,
,,1.0,,,,2021-04-17T02:17:06Z,ls8,qd9v91nbhkdv,,,
0.13333333333333333,0.7133333333333334,0.0,0.14333333333333334,0.0,0.0,2021-04-18T01:21:31Z,ls7,qd9v91nbhkdv,0.1447811447811448,0.7205387205387206,0.13468013468013468
0.06333333333333334,0.8166666666666668,0.0,0.11,0.0,0.0,2021-04-25T01:27:06Z,ls7,qd9v91nbhkdv,0.1111111111111111,0.8249158249158249,0.06397306397306397
0.17333333333333334,0.6699999999999999,0.0,0.14666666666666667,0.0,0.0,2021-04-26T02:10:50Z,ls8,qd9v91nbhkdv,0.14814814814814814,0.6767676767676767,0.1750841750841751
,,1.0,,,,2021-05-03T02:16:56Z,ls8,qd9v91nbhkdv,,,
0.006666666666666667,0.3066666666666667,0.0,0.016666666666666666,0.0,0.6666666666666666,2021-05-12T02:10:47Z,ls8,qd9v91nbhkdv,0.016835016835016838,0.30976430976430985,0.0067340067340067354
,,1.0,,,,2021-05-20T01:18:49Z,ls7,qd9v91nbhkdv,,,
0.12000000000000001,0.745,0.33333333333333337,0.12,0.0,0.0,2021-06-05T01:17:27Z,ls7,qd9v91nbhkdv,0.12182741116751268,0.7563451776649747,0.1218274111675127
0.14,0.81,0.0,0.04666666666666667,0.0,0.0,2021-06-12T01:23:04Z,ls7,qd9v91nbhkdv,0.04682274247491639,0.8127090301003345,0.14046822742474918
0.13333333333333333,0.6666666666666666,0.0,0.18666666666666668,0.0,0.0,2021-06-13T02:11:04Z,ls8,qd9v91nbhkdv,0.18918918918918923,0.6756756756756757,0.13513513513513514
,,1.0,,,,2021-06-21T01:16:09Z,ls7,qd9v91nbhkdv,,,
,,1.0,,,,2021-06-29T02:11:08Z,ls8,qd9v91nbhkdv,,,
,,1.0,,,,2021-07-06T02:17:19Z,ls8,qd9v91nbhkdv,,,
,,1.0,,,,2021-07-07T01:14:49Z,ls7,qd9v91nbhkdv,,,
,,1.0,,,,2021-07-15T02:11:09Z,ls8,qd9v91nbhkdv,,,
,,1.0,,,,2021-07-23T01:13:27Z,ls7,qd9v91nbhkdv,,,
,,1.0,,,,2021-07-31T02:11:17Z,ls8,qd9v91nbhkdv,,,
0.08333333333333333,0.8500000000000001,0.0,0.06,0.0,0.0,2021-08-15T01:17:35Z,ls7,qd9v91nbhkdv,0.06040268456375838,0.8557046979865771,0.0838926174496644
0.16,0.6866666666666666,0.0,0.14333333333333334,0.0,0.0,2021-08-16T02:11:23Z,ls8,qd9v91nbhkdv,0.1447811447811448,0.6936026936026936,0.16161616161616163
,,1.0,,,,2021-08-23T02:17:36Z,ls8,qd9v91nbhkdv,,,
0.24333333333333332,0.6066666666666667,0.0,0.13666666666666666,0.0,0.0,2021-08-24T01:10:38Z,ls7,qd9v91nbhkdv,0.13851351351351351,0.6148648648648649,0.2466216216216216
,,1.0,,,,2021-09-08T02:17:41Z,ls8,qd9v91nbhkdv,,,
,,1.0,,,,2021-09-16T01:14:48Z,ls7,qd9v91nbhkdv,,,
,,1.0,,,,2021-09-17T02:11:32Z,ls8,qd9v91nbhkdv,,,
0.32,0.5433333333333333,0.0,0.13,0.0,0.0,2021-09-24T02:17:43Z,ls8,qd9v91nbhkdv,0.13087248322147652,0.546979865771812,0.3221476510067114
0.33,0.5433333333333333,0.0,0.11,0.0,0.0,2021-09-25T01:07:49Z,ls7,qd9v91nbhkdv,0.11186440677966102,0.5525423728813559,0.33559322033898303
0.18666666666666665,0.6133333333333333,0.0,0.19000000000000003,0.0,0.0,2021-10-03T02:11:36Z,ls8,qd9v91nbhkdv,0.19191919191919196,0.6195286195286195,0.18855218855218853
,,1.0,,,,2021-10-10T02:17:49Z,ls8,qd9v91nbhkdv,,,
,,1.0,,,,2021-10-26T02:17:51Z,ls8,qd9v91nbhkdv,,,
,,1.0,,,,2021-11-03T01:10:29Z,ls7,qd9v91nbhkdv,,,
0.23666666666666666,0.5833333333333334,0.0,0.16333333333333333,0.0,0.0,2021-11-04T02:11:39Z,ls8,qd9v91nbhkdv,0.16610169491525423,0.5932203389830508,0.2406779661016949
0.25,0.55,0.33333333333333337,0.185,0.0,0.0,2021-11-11T02:17:48Z,ls8,qd9v91nbhkdv,0.1878172588832487,0.5583756345177665,0.25380710659898476
0.25,0.5833333333333334,0.0,0.15333333333333332,0.0,0.0,2021-11-12T01:03:26Z,ls7,qd9v91nbhkdv,0.1554054054054054,0.5912162162162162,0.2533783783783784
0.19666666666666668,0.6200000000000001,0.0,0.17333333333333334,0.0,0.0,2021-11-18T02:13:25Z,ls9,qd9v91nbhkdv,0.17508417508417506,0.6262626262626263,0.19865319865319864
0.23666666666666666,0.6366666666666666,0.0,0.11,0.0,0.0,2021-11-19T01:08:56Z,ls7,qd9v91nbhkdv,0.11186440677966103,0.6474576271186441,0.24067796610169492
0.21,0.6266666666666666,0.0,0.15333333333333332,0.0,0.0,2021-11-20T02:11:34Z,ls8,qd9v91nbhkdv,0.1548821548821549,0.632996632996633,0.21212121212121213
,,1.0,,,,2021-11-27T02:17:46Z,ls8,qd9v91nbhkdv,,,
0.19333333333333336,0.68,0.0,0.11666666666666665,0.0,0.0,2021-11-28T01:01:54Z,ls7,qd9v91nbhkdv,0.11784511784511782,0.6868686868686869,0.19528619528619529
,,1.0,,,,2021-12-05T01:07:25Z,ls7,qd9v91nbhkdv,,,
0.2366666666666667,0.6033333333333333,0.0,0.1466666666666667,0.0,0.0,2021-12-06T02:11:36Z,ls8,qd9v91nbhkdv,0.14864864864864868,0.6114864864864864,0.23986486486486489
,,1.0,,,,2021-12-13T02:17:46Z,ls8,qd9v91nbhkdv,,,
0.24666666666666667,0.6133333333333333,0.0,0.12666666666666668,0.0,0.0,2021-12-14T02:11:32Z,ls9,qd9v91nbhkdv,0.1283783783783784,0.6216216216216216,0.25
0.15,0.7000000000000001,0.0,0.1366666666666667,0.0,0.0,2021-12-22T02:11:33Z,ls8,qd9v91nbhkdv,0.13851351351351351,0.7094594594594594,0.152027027027027
0.26333333333333336,0.5966666666666667,0.0,0.13333333333333333,0.0,0.0,2021-12-29T02:17:41Z,ls8,qd9v91nbhkdv,0.1342281879194631,0.6006711409395973,0.2651006711409396
0.20333333333333337,0.6666666666666666,0.0,0.12000000000000001,0.0,0.0,2021-12-30T00:58:48Z,ls7,qd9v91nbhkdv,0.12121212121212123,0.6734006734006733,0.20538720538720542
0.27666666666666667,0.6133333333333333,0.0,0.09666666666666666,0.0,0.0,2022-01-06T01:04:17Z,ls7,qd9v91nbhkdv,0.09797297297297299,0.6216216216216216,0.28040540540540543
0.22333333333333336,0.63,0.0,0.13333333333333333,0.0,0.0,2022-01-07T02:11:29Z,ls8,qd9v91nbhkdv,0.13513513513513514,0.6385135135135135,0.22635135135135137
0.2866666666666667,0.5800000000000001,0.0,0.12333333333333334,0.0,0.0,2022-01-14T02:17:39Z,ls8,qd9v91nbhkdv,0.12457912457912458,0.585858585858586,0.2895622895622896
0.21,0.6433333333333334,0.0,0.13333333333333333,0.0,0.0,2022-01-15T00:57:16Z,ls7,qd9v91nbhkdv,0.13513513513513514,0.6520270270270271,0.21283783783783783
0.33666666666666667,0.6,0.0,0.05333333333333334,0.0,0.0,2022-01-22T01:02:46Z,ls7,qd9v91nbhkdv,0.05387205387205388,0.6060606060606061,0.3400673400673401
0.25666666666666665,0.6266666666666667,0.0,0.10333333333333335,0.0,0.0,2022-01-23T02:11:25Z,ls8,qd9v91nbhkdv,0.10472972972972973,0.6351351351351351,0.2601351351351351
0.29,0.5866666666666667,0.0,0.11333333333333334,0.0,0.0,2022-01-30T02:17:33Z,ls8,qd9v91nbhkdv,0.11447811447811448,0.5925925925925926,0.29292929292929293
0.0,0.0,0.0,0.0,0.0,1.0,2022-01-31T00:55:42Z,ls7,qd9v91nbhkdv,0.0,0.0,0.0
,,1.0,,,,2022-02-07T01:01:11Z,ls7,qd9v91nbhkdv,,,
0.25,0.6000000000000001,0.0,0.14,0.0,0.0,2022-02-08T02:11:21Z,ls8,qd9v91nbhkdv,0.1414141414141414,0.6060606060606061,0.2525252525252525
0.19666666666666666,0.68,0.0,0.11333333333333334,0.0,0.0,2022-02-15T02:17:30Z,ls8,qd9v91nbhkdv,0.11447811447811447,0.6868686868686869,0.1986531986531986
0.0,0.0,0.0,0.0,0.0,1.0,2022-02-16T00:54:03Z,ls7,qd9v91nbhkdv,0.0,0.0,0.0
0.2333333333333333,0.6366666666666667,0.0,0.11666666666666668,0.0,0.0,2022-02-23T00:59:35Z,ls7,qd9v91nbhkdv,0.11824324324324326,0.6452702702702703,0.23648648648648646
0.24666666666666667,0.5633333333333334,0.0,0.18000000000000002,0.0,0.0,2022-02-24T02:11:16Z,ls8,qd9v91nbhkdv,0.18181818181818182,0.569023569023569,0.24915824915824913
0.3,0.54,0.0,0.14666666666666667,0.0,0.0,2022-03-03T02:17:26Z,ls8,qd9v91nbhkdv,0.14864864864864863,0.5472972972972973,0.304054054054054
0.26,0.5800000000000001,0.0,0.15,0.0,0.0,2022-03-04T00:52:32Z,ls7,qd9v91nbhkdv,0.1515151515151515,0.5858585858585859,0.2626262626262626
,,1.0,,,,2022-03-12T02:11:12Z,ls8,qd9v91nbhkdv,,,
,,1.0,,,,2022-03-19T02:17:18Z,ls8,qd9v91nbhkdv,,,
0.20666666666666667,0.6033333333333333,0.0,0.17666666666666667,0.0,0.0,2022-03-20T00:50:56Z,ls7,qd9v91nbhkdv,0.17905405405405406,0.6114864864864865,0.20945945945945948
0.4466666666666667,0.4466666666666666,0.0,0.09333333333333334,0.0,0.0,2022-03-27T00:56:28Z,ls7,qd9v91nbhkdv,0.09459459459459461,0.4527027027027027,0.4527027027027028
0.08333333333333333,0.6866666666666666,0.0,0.21666666666666665,0.0,0.0,2022-03-28T02:11:00Z,ls8,qd9v91nbhkdv,0.21959459459459457,0.6959459459459459,0.08445945945945946
0.09333333333333334,0.68,0.0,0.21,0.0,0.0,2022-04-05T00:49:24Z,ls7,qd9v91nbhkdv,0.2135593220338983,0.6915254237288135,0.09491525423728814
0.10333333333333333,0.6533333333333333,0.0,0.23666666666666666,0.0,0.0,2022-04-13T02:11:04Z,ls8,qd9v91nbhkdv,0.23825503355704697,0.6577181208053691,0.10402684563758388
0.2733333333333333,0.42333333333333334,0.0,0.2866666666666667,0.0,0.0,2022-04-29T02:11:00Z,ls8,qd9v91nbhkdv,0.29152542372881357,0.4305084745762712,0.27796610169491526
,,1.0,,,,2022-05-15T02:11:10Z,ls8,qd9v91nbhkdv,,,
,,1.0,,,,2022-05-22T02:17:22Z,ls8,qd9v91nbhkdv,,,
0.10000000000000002,0.6333333333333333,0.0,0.25333333333333335,0.0,0.0,2022-05-31T02:11:13Z,ls8,qd9v91nbhkdv,0.2567567567567568,0.6418918918918919,0.10135135135135137
,,1.0,,,,2022-06-07T02:17:30Z,ls8,qd9v91nbhkdv,,,
0.07666666666666667,0.64,0.0,0.2733333333333334,0.0,0.0,2022-06-16T02:11:25Z,ls8,qd9v91nbhkdv,0.2760942760942761,0.6464646464646465,0.07744107744107745
0.13333333333333333,0.6233333333333334,0.0,0.2333333333333333,0.0,0.0,2022-07-02T02:11:29Z,ls8,qd9v91nbhkdv,0.23569023569023567,0.6296296296296298,0.13468013468013468
,,1.0,,,,2022-07-09T02:17:39Z,ls8,qd9v91nbhkdv,,,
0.06666666666666667,0.6733333333333333,0.0,0.24666666666666667,0.0,0.0,2022-07-18T02:11:29Z,ls8,qd9v91nbhkdv,0.25,0.6824324324324325,0.06756756756756757
,,1.0,,,,2022-07-25T02:17:46Z,ls8,qd9v91nbhkdv,,,
,,1.0,,,,2022-08-03T02:11:41Z,ls8,qd9v91nbhkdv,,,
0.11,0.12333333333333334,0.0,0.09666666666666666,0.3333333333333333,0.3333333333333333,2022-08-19T02:11:46Z,ls8,qd9v91nbhkdv,0.09764309764309767,0.12457912457912462,0.11111111111111113
,,1.0,,,,2022-08-26T02:17:57Z,ls8,qd9v91nbhkdv,,,
,,1.0,,,,2022-10-06T02:11:50Z,ls8,qd9v91nbhkdv,,,
0.21333333333333335,0.5833333333333334,0.0,0.19000000000000003,0.0,0.0,2022-10-13T02:17:55Z,ls8,qd9v91nbhkdv,0.19256756756756757,0.5912162162162161,0.2162162162162162
,,1.0,,,,2022-10-22T02:11:50Z,ls8,qd9v91nbhkdv,,,
,,1.0,,,,2022-10-29T02:18:03Z,ls8,qd9v91nbhkdv,,,
,,1.0,,,,2022-11-07T02:11:52Z,ls8,qd9v91nbhkdv,,,
,,1.0,,,,2022-11-14T02:17:59Z,ls8,qd9v91nbhkdv,,,
0.15666666666666668,0.64,0.0,0.19000000000000003,0.0,0.0,2022-11-23T02:11:47Z,ls8,qd9v91nbhkdv,0.19256756756756757,0.6486486486486486,0.15878378378378377
0.02,0.83,0.6666666666666667,0.14,0.0,0.0,2022-12-09T02:11:47Z,ls8,qd9v91nbhkdv,0.14141414141414144,0.8383838383838383,0.020202020202020204
,,1.0,,,,2022-12-16T02:17:54Z,ls8,qd9v91nbhkdv,,,
0.12,0.6966666666666667,0.0,0.17333333333333334,0.0,0.0,2022-12-25T02:11:38Z,ls8,qd9v91nbhkdv,0.1750841750841751,0.7037037037037037,0.12121212121212122
,,1.0,,,,2023-01-01T02:17:50Z,ls8,qd9v91nbhkdv,,,
,,1.0,,,,2023-01-10T02:11:37Z,ls8,qd9v91nbhkdv,,,
0.17,0.6633333333333333,0.0,0.15666666666666665,0.0,0.0,2023-01-17T02:17:42Z,ls8,qd9v91nbhkdv,0.15824915824915822,0.67003367003367,0.17171717171717174
0.13,0.7233333333333333,0.0,0.13999999999999999,0.0,0.0,2023-01-26T02:11:36Z,ls8,qd9v91nbhkdv,0.14093959731543623,0.7281879194630873,0.13087248322147652
,,1.0,,,,2023-02-02T02:17:48Z,ls8,qd9v91nbhkdv,,,
0.20333333333333334,0.61,0.0,0.17666666666666667,0.0,0.0,2023-02-11T02:11:33Z,ls8,qd9v91nbhkdv,0.17845117845117844,0.6161616161616161,0.2053872053872054
,,1.0,,,,2023-02-18T02:17:38Z,ls8,qd9v91nbhkdv,,,
,,1.0,,,,2023-02-27T02:11:18Z,ls8,qd9v91nbhkdv,,,
0.07666666666666667,0.7433333333333333,0.0,0.17,0.0,0.0,2023-03-06T02:17:26Z,ls8,qd9v91nbhkdv,0.17171717171717174,0.7508417508417508,0.07744107744107745
0.18333333333333332,0.5866666666666667,0.0,0.21666666666666667,0.0,0.0,2023-03-15T02:11:12Z,ls8,qd9v91nbhkdv,0.2195945945945946,0.5945945945945946,0.1858108108108108
0.21,0.64,0.0,0.14333333333333334,0.0,0.0,2023-03-22T02:17:17Z,ls8,qd9v91nbhkdv,0.14429530201342283,0.6442953020134229,0.21140939597315436
0.0,0.0,0.0,0.0,0.0,1.0,2023-03-31T02:11:02Z,ls8,qd9v91nbhkdv,0.0,0.0,0.0
0.12,0.6233333333333334,0.0,0.24333333333333332,0.0,0.0,2023-04-16T02:10:47Z,ls8,qd9v91nbhkdv,0.2466216216216216,0.6317567567567568,0.12162162162162161
0.10000000000000002,0.6533333333333333,0.0,0.2333333333333333,0.0,0.0,2023-05-02T02:10:42Z,ls8,qd9v91nbhkdv,0.23648648648648649,0.6621621621621622,0.10135135135135138
,,1.0,,,,2023-05-09T02:16:46Z,ls8,qd9v91nbhkdv,,,
0.02,0.7466666666666666,0.0,0.22,0.0,0.0,2023-05-18T02:10:30Z,ls8,qd9v91nbhkdv,0.222972972972973,0.7567567567567568,0.02027027027027027
,,1.0,,,,2023-05-25T02:16:43Z,ls8,qd9v91nbhkdv,,,
0.06999999999999999,0.6333333333333333,0.0,0.27999999999999997,0.0,0.0,2023-06-03T02:10:34Z,ls8,qd9v91nbhkdv,0.2847457627118644,0.6440677966101694,0.0711864406779661
,,1.0,,,,2023-06-10T02:16:50Z,ls8,qd9v91nbhkdv,,,
,,1.0,,,,2023-06-19T02:10:42Z,ls8,qd9v91nbhkdv,,,
,,1.0,,,,2023-06-26T02:16:57Z,ls8,qd9v91nbhkdv,,,
0.08333333333333333,0.6466666666666667,0.0,0.25666666666666665,0.0,0.0,2023-07-05T02:10:53Z,ls8,qd9v91nbhkdv,0.26013513513513514,0.6554054054054055,0.08445945945945946
,,1.0,,,,2023-07-12T02:17:07Z,ls8,qd9v91nbhkdv,,,
0.09000000000000001,0.6266666666666666,0.0,0.28,0.0,0.0,2023-07-21T02:10:56Z,ls8,qd9v91nbhkdv,0.28093645484949836,0.6287625418060201,0.09030100334448163
0.043333333333333335,0.7166666666666668,0.0,0.22666666666666668,0.0,0.0,2023-08-06T02:11:06Z,ls8,qd9v91nbhkdv,0.22972972972972971,0.7263513513513514,0.043918918918918914
,,1.0,,,,2023-08-13T02:17:18Z,ls8,qd9v91nbhkdv,,,
0.08666666666666667,0.7066666666666667,0.0,0.19666666666666668,0.0,0.0,2023-08-22T02:11:13Z,ls8,qd9v91nbhkdv,0.19865319865319866,0.7138047138047138,0.08754208754208755
,,1.0,,,,2023-08-29T02:17:25Z,ls8,qd9v91nbhkdv,,,
0.08,0.7166666666666668,0.0,0.19333333333333336,0.0,0.0,2023-09-07T02:11:12Z,ls8,qd9v91nbhkdv,0.19528619528619529,0.7239057239057239,0.0808080808080808
,,1.0,,,,2023-09-23T02:11:18Z,ls8,qd9v91nbhkdv,,,
,,1.0,,,,2023-10-09T02:11:23Z,ls8,qd9v91nbhkdv,,,
,,1.0,,,,2023-10-16T02:17:35Z,ls8,qd9v91nbhkdv,,,
0.13,0.6966666666666667,0.0,0.16,0.0,0.0,2023-10-25T02:11:26Z,ls8,qd9v91nbhkdv,0.16216216216216217,0.706081081081081,0.13175675675675677
,,1.0,,,,2023-11-01T02:17:38Z,ls8,qd9v91nbhkdv,,,
0.16666666666666666,0.66,0.0,0.16666666666666666,0.0,0.0,2023-11-10T02:11:22Z,ls8,qd9v91nbhkdv,0.16778523489932887,0.6644295302013423,0.16778523489932887
,,1.0,,,,2023-11-17T02:17:38Z,ls8,qd9v91nbhkdv,,,
,,1.0,,,,2023-11-26T02:11:29Z,ls8,qd9v91nbhkdv,,,
,,1.0,,,,2023-12-03T02:17:35Z,ls8,qd9v91nbhkdv,,,
0.10666666666666667,0.7633333333333333,0.0,0.12,0.0,0.0,2023-12-12T02:11:24Z,ls8,qd9v91nbhkdv,0.12121212121212122,0.771043771043771,0.10774410774410775
,,1.0,,,,2023-12-19T02:17:38Z,ls8,qd9v91nbhkdv,,,
0.12333333333333334,0.71,0.0,0.15666666666666665,0.0,0.0,2023-12-28T02:11:25Z,ls8,qd9v91nbhkdv,0.15824915824915825,0.7171717171717172,0.1245791245791246
0.19000000000000003,0.6466666666666666,0.0,0.15,0.0,0.0,2024-01-04T02:17:30Z,ls8,qd9v91nbhkdv,0.15202702702702703,0.6554054054054054,0.1925675675675676
0.14666666666666667,0.7166666666666668,0.0,0.12666666666666668,0.0,0.0,2024-01-05T02:11:28Z,ls9,qd9v91nbhkdv,0.12794612794612792,0.7239057239057238,0.1481481481481481
,,1.0,,,,2024-01-12T02:17:42Z,ls9,qd9v91nbhkdv,,,
,,1.0,,,,2024-01-13T02:11:22Z,ls8,qd9v91nbhkdv,,,
,,1.0,,,,2024-01-20T02:17:31Z,ls8,qd9v91nbhkdv,,,
0.08666666666666667,0.7599999999999999,0.0,0.14,0.0,0.0,2024-01-21T02:11:29Z,ls9,qd9v91nbhkdv,0.1418918918918919,0.7702702702702703,0.08783783783783784
,,1.0,,,,2024-01-28T02:17:41Z,ls9,qd9v91nbhkdv,,,
0.11,0.75,0.0,0.13,0.0,0.0,2024-01-29T02:11:16Z,ls8,qd9v91nbhkdv,0.13131313131313133,0.7575757575757576,0.11111111111111112
,,1.0,,,,2024-02-05T02:17:31Z,ls8,qd9v91nbhkdv,,,
0.18000000000000002,0.6699999999999999,0.0,0.1366666666666667,0.0,0.0,2024-02-06T02:11:33Z,ls9,qd9v91nbhkdv,0.13851351351351354,0.679054054054054,0.18243243243243246
0.11666666666666665,0.7566666666666667,0.0,0.11666666666666668,0.0,0.0,2024-02-14T02:11:19Z,ls8,qd9v91nbhkdv,0.11784511784511785,0.7643097643097643,0.11784511784511782
,,1.0,,,,2024-02-21T02:17:29Z,ls8,qd9v91nbhkdv,,,
0.14333333333333334,0.6933333333333334,0.0,0.15000000000000002,0.0,0.0,2024-02-22T02:11:20Z,ls9,qd9v91nbhkdv,0.15202702702702706,0.7027027027027027,0.14527027027027029
,,1.0,,,,2024-02-29T02:17:34Z,ls9,qd9v91nbhkdv,,,
0.08,0.7233333333333333,0.0,0.18333333333333335,0.0,0.0,2024-03-01T02:11:13Z,ls8,qd9v91nbhkdv,0.18581081081081086,0.7331081081081081,0.08108108108108109
,,1.0,,,,2024-03-08T02:17:17Z,ls8,qd9v91nbhkdv,,,
0.12,0.7033333333333335,0.0,0.17,0.0,0.0,2024-03-09T02:11:25Z,ls9,qd9v91nbhkdv,0.1711409395973154,0.7080536912751678,0.12080536912751676
0.09666666666666668,0.71,0.0,0.18333333333333335,0.0,0.0,2024-03-17T02:11:03Z,ls8,qd9v91nbhkdv,0.1851851851851852,0.7171717171717171,0.09764309764309766
0.19666666666666666,0.6166666666666667,0.0,0.17333333333333334,0.0,0.0,2024-03-24T02:17:06Z,ls8,qd9v91nbhkdv,0.17567567567567569,0.625,0.19932432432432431
0.17666666666666667,0.66,0.0,0.15,0.0,0.0,2024-03-25T02:11:20Z,ls9,qd9v91nbhkdv,0.15202702702702703,0.668918918918919,0.17905405405405406
0.09999999999999999,0.7366666666666667,0.0,0.14666666666666664,0.0,0.0,2024-04-02T02:10:51Z,ls8,qd9v91nbhkdv,0.14915254237288134,0.7491525423728814,0.10169491525423728
,,1.0,,,,2024-04-09T02:17:01Z,ls8,qd9v91nbhkdv,,,
0.12,0.7166666666666667,0.0,0.15,0.0,0.0,2024-04-10T02:11:12Z,ls9,qd9v91nbhkdv,0.15202702702702703,0.7263513513513513,0.12162162162162161
,,1.0,,,,2024-04-17T02:17:16Z,ls9,qd9v91nbhkdv,,,
0.12666666666666668,0.6833333333333332,0.0,0.18000000000000002,0.0,0.0,2024-04-18T02:10:43Z,ls8,qd9v91nbhkdv,0.18181818181818185,0.6902356902356901,0.12794612794612795
,,1.0,,,,2024-05-03T02:17:01Z,ls9,qd9v91nbhkdv,,,
0.08,0.6933333333333334,0.0,0.21999999999999997,0.0,0.0,2024-05-04T02:10:34Z,ls8,qd9v91nbhkdv,0.22147651006711408,0.6979865771812082,0.08053691275167786
,,1.0,,,,2024-05-11T02:16:40Z,ls8,qd9v91nbhkdv,,,
0.12,0.7033333333333333,0.0,0.16333333333333333,0.0,0.0,2024-05-19T02:16:53Z,ls9,qd9v91nbhkdv,0.16554054054054054,0.7128378378378378,0.12162162162162163
,,1.0,,,,2024-05-20T02:10:21Z,ls8,qd9v91nbhkdv,,,
0.02,0.7566666666666667,0.0,0.21333333333333335,0.0,0.0,2024-05-27T02:16:28Z,ls8,qd9v91nbhkdv,0.21548821548821548,0.7643097643097643,0.0202020202020202
0.0,0.0,0.0,0.0,1.0,0.0,2024-05-28T02:10:36Z,ls9,qd9v91nbhkdv,0.0,0.0,0.0
,,1.0,,,,2024-06-04T02:16:47Z,ls9,qd9v91nbhkdv,,,
0.17333333333333334,0.5266666666666667,0.0,0.2833333333333334,0.0,0.0,2024-06-05T02:10:19Z,ls8,qd9v91nbhkdv,0.288135593220339,0.535593220338983,0.17627118644067796
0.31,0.37000000000000005,0.0,0.30666666666666664,0.0,0.0,2024-06-13T02:10:30Z,ls9,qd9v91nbhkdv,0.31081081081081074,0.375,0.31418918918918914
0.04,0.7200000000000001,0.0,0.22999999999999998,0.0,0.0,2024-06-20T02:16:31Z,ls9,qd9v91nbhkdv,0.2323232323232323,0.7272727272727273,0.0404040404040404
0.17,0.56,0.6666666666666667,0.26,0.0,0.0,2024-06-21T02:10:28Z,ls8,qd9v91nbhkdv,0.2626262626262626,0.5656565656565656,0.1717171717171717
0.07666666666666667,0.6433333333333334,0.0,0.26999999999999996,0.0,0.0,2024-06-29T02:10:21Z,ls9,qd9v91nbhkdv,0.2727272727272727,0.64983164983165,0.07744107744107745
,,1.0,,,,2024-07-14T02:16:52Z,ls8,qd9v91nbhkdv,,,
0.5800000000000001,0.24333333333333332,0.0,0.16666666666666666,0.0,0.0,2024-07-15T02:10:41Z,ls9,qd9v91nbhkdv,0.16835016835016833,0.24579124579124578,0.585858585858586
,,1.0,,,,2024-07-31T02:10:43Z,ls9,qd9v91nbhkdv,,,
,,1.0,,,,2024-08-08T02:10:46Z,ls8,qd9v91nbhkdv,,,
,,1.0,,,,2024-08-15T02:17:05Z,ls8,qd9v91nbhkdv,,,
0.049999999999999996,0.7133333333333334,0.0,0.22333333333333336,0.0,0.0,2024-08-16T02:10:50Z,ls9,qd9v91nbhkdv,0.22635135135135134,0.7229729729729729,0.050675675675675665
,,1.0,,,,2024-08-24T02:11:00Z,ls8,qd9v91nbhkdv,,,
,,1.0,,,,2024-09-01T02:11:00Z,ls9,qd9v91nbhkdv,,,
,,1.0,,,,2024-09-08T02:17:10Z,ls9,qd9v91nbhkdv,,,
,,1.0,,,,2024-09-09T02:11:08Z,ls8,qd9v91nbhkdv,,,
0.16333333333333336,0.6466666666666666,0.0,0.17333333333333334,0.0,0.0,2024-09-17T02:11:04Z,ls9,qd9v91nbhkdv,0.176271186440678,0.6576271186440678,0.16610169491525428
0.1466666666666667,0.6333333333333333,0.0,0.21,0.0,0.0,2024-09-25T02:11:07Z,ls8,qd9v91nbhkdv,0.21212121212121213,0.6397306397306397,0.14814814814814817
,,1.0,,,,2024-10-10T02:17:20Z,ls9,qd9v91nbhkdv,,,
0.12333333333333334,0.6866666666666666,0.0,0.18333333333333335,0.0,0.0,2024-10-11T02:11:13Z,ls8,qd9v91nbhkdv,0.18456375838926176,0.6912751677852349,0.12416107382550337
,,1.0,,,,2024-10-19T02:11:21Z,ls9,qd9v91nbhkdv,,,
0.16333333333333333,0.6133333333333334,0.0,0.21,0.0,0.0,2024-10-27T02:11:16Z,ls8,qd9v91nbhkdv,0.21283783783783783,0.6216216216216217,0.16554054054054054
0.13666666666666666,0.66,0.0,0.19333333333333336,0.0,0.0,2024-11-03T02:17:22Z,ls8,qd9v91nbhkdv,0.1952861952861953,0.6666666666666667,0.13804713804713803
,,1.0,,,,2024-11-04T02:11:20Z,ls9,qd9v91nbhkdv,,,
,,1.0,,,,2024-11-11T02:17:28Z,ls9,qd9v91nbhkdv,,,
0.19333333333333333,0.6,0.0,0.19000000000000003,0.0,0.0,2024-11-12T02:11:14Z,ls8,qd9v91nbhkdv,0.19322033898305085,0.6101694915254237,0.1966101694915254
0.10333333333333335,0.6866666666666665,0.0,0.19666666666666668,0.0,0.0,2024-11-20T02:11:26Z,ls9,qd9v91nbhkdv,0.19932432432432437,0.6959459459459458,0.10472972972972976
0.11666666666666668,0.7000000000000001,0.0,0.17,0.0,0.0,2024-11-28T02:11:26Z,ls8,qd9v91nbhkdv,0.17229729729729729,0.7094594594594594,0.11824324324324324
0.14333333333333334,0.6833333333333332,0.0,0.16666666666666666,0.0,0.0,2024-12-06T02:11:24Z,ls9,qd9v91nbhkdv,0.16778523489932887,0.6879194630872484,0.14429530201342286
0.19333333333333336,0.64,0.0,0.15333333333333335,0.0,0.0,2024-12-14T02:11:14Z,ls8,qd9v91nbhkdv,0.15540540540540543,0.6486486486486487,0.19594594594594597
,,1.0,,,,2024-12-21T02:17:28Z,ls8,qd9v91nbhkdv,,,
0.15,0.6733333333333333,0.0,0.16666666666666666,0.0,0.0,2024-12-22T02:11:25Z,ls9,qd9v91nbhkdv,0.16835016835016833,0.6801346801346801,0.15151515151515152
,,1.0,,,,2024-12-29T02:17:35Z,ls9,qd9v91nbhkdv,,,
0.16666666666666666,0.6766666666666667,0.0,0.14666666666666667,0.0,0.0,2024-12-30T02:11:17Z,ls8,qd9v91nbhkdv,0.14814814814814814,0.6835016835016835,0.16835016835016833
,,1.0,,,,2025-01-06T02:17:29Z,ls8,qd9v91nbhkdv,,,
0.08,0.7566666666666667,0.0,0.15666666666666665,0.0,0.0,2025-01-07T02:11:21Z,ls9,qd9v91nbhkdv,0.15771812080536912,0.7617449664429531,0.08053691275167786
,,1.0,,,,2025-01-14T02:17:36Z,ls9,qd9v91nbhkdv,,,
0.11666666666666665,0.7266666666666667,0.0,0.15,0.0,0.0,2025-01-15T02:11:20Z,ls8,qd9v91nbhkdv,0.15100671140939595,0.7315436241610738,0.11744966442953018
0.15333333333333335,0.6533333333333334,0.0,0.18000000000000002,0.0,0.0,2025-01-30T02:17:31Z,ls9,qd9v91nbhkdv,0.18243243243243243,0.6621621621621622,0.1554054054054054
0.1366666666666667,0.6766666666666667,0.0,0.17333333333333334,0.0,0.0,2025-01-31T02:11:18Z,ls8,qd9v91nbhkdv,0.17567567567567566,0.6858108108108107,0.13851351351351351
,,1.0,,,,2025-02-07T02:17:29Z,ls8,qd9v91nbhkdv,,,
0.12,0.7000000000000001,0.0,0.17,0.0,0.0,2025-02-08T02:11:22Z,ls9,qd9v91nbhkdv,0.1717171717171717,0.7070707070707071,0.1212121212121212
0.12,0.7266666666666666,0.0,0.14666666666666664,0.0,0.0,2025-02-16T02:11:14Z,ls8,qd9v91nbhkdv,0.1476510067114094,0.7315436241610739,0.1208053691275168
,,1.0,,,,2025-02-23T02:17:19Z,ls8,qd9v91nbhkdv,,,
0.10999999999999999,0.7200000000000001,0.0,0.16333333333333333,0.0,0.0,2025-02-24T02:11:22Z,ls9,qd9v91nbhkdv,0.16442953020134227,0.7248322147651007,0.11073825503355703
,,1.0,,,,2025-03-03T02:17:29Z,ls9,qd9v91nbhkdv,,,
,,1.0,,,,2025-03-04T02:11:06Z,ls8,qd9v91nbhkdv,,,
,,1.0,,,,2025-03-11T02:17:15Z,ls8,qd9v91nbhkdv,,,
,,1.0,,,,2025-03-12T02:11:17Z,ls9,qd9v91nbhkdv,,,
0.12,0.7133333333333334,0.0,0.15333333333333335,0.0,0.0,2025-03-19T02:17:19Z,ls9,qd9v91nbhkdv,0.15540540540540543,0.722972972972973,0.12162162162162161
0.09333333333333334,0.7166666666666667,0.0,0.18000000000000002,0.0,0.0,2025-03-20T02:10:55Z,ls8,qd9v91nbhkdv,0.18181818181818182,0.7239057239057238,0.09427609427609428
0.11,0.7399999999999999,0.0,0.14333333333333334,0.0,0.0,2025-03-27T02:17:05Z,ls8,qd9v91nbhkdv,0.14429530201342286,0.7449664429530202,0.11073825503355707
0.15666666666666668,0.65,0.0,0.17666666666666667,0.0,0.0,2025-03-28T02:11:06Z,ls9,qd9v91nbhkdv,0.17966101694915254,0.6610169491525424,0.1593220338983051
0.10000000000000002,0.7366666666666667,0.0,0.15,0.0,0.0,2025-04-04T02:17:14Z,ls9,qd9v91nbhkdv,0.15202702702702703,0.7466216216216216,0.10135135135135137
,,1.0,,,,2025-04-12T02:17:00Z,ls8,qd9v91nbhkdv,,,
,,1.0,,,,2025-04-13T02:11:07Z,ls9,qd9v91nbhkdv,,,
,,1.0,,,,2025-04-20T02:17:14Z,ls9,qd9v91nbhkdv,,,
,,1.0,,,,2025-04-21T02:10:41Z,ls8,qd9v91nbhkdv,,,
0.07666666666666667,0.71,0.0,0.19999999999999998,0.0,0.0,2025-04-28T02:16:50Z,ls8,qd9v91nbhkdv,0.20270270270270271,0.7195945945945946,0.07770270270270271
0.08666666666666667,0.6533333333333333,0.0,0.24666666666666667,0.0,0.0,2025-04-29T02:10:58Z,ls9,qd9v91nbhkdv,0.25,0.6621621621621622,0.08783783783783784
,,1.0,,,,2025-05-06T02:17:06Z,ls9,qd9v91nbhkdv,,,
0.06999999999999999,0.6633333333333333,0.0,0.25333333333333335,0.0,0.0,2025-05-07T02:10:37Z,ls8,qd9v91nbhkdv,0.2567567567567568,0.6722972972972973,0.07094594594594594
0.07666666666666667,0.68,0.0,0.22999999999999998,0.0,0.0,2025-05-15T02:10:47Z,ls9,qd9v91nbhkdv,0.2331081081081081,0.6891891891891893,0.07770270270270271
,,1.0,,,,2025-05-22T02:16:55Z,ls9,qd9v91nbhkdv,,,
0.02,0.6866666666666665,0.0,0.2833333333333334,0.0,0.0,2025-05-23T02:10:42Z,ls8,qd9v91nbhkdv,0.2861952861952862,0.6936026936026934,0.020202020202020204
0.02,0.6733333333333333,0.0,0.29333333333333333,0.0,0.0,2025-05-31T02:10:41Z,ls9,qd9v91nbhkdv,0.2972972972972973,0.6824324324324325,0.02027027027027027
,,1.0,,,,2025-06-07T02:16:51Z,ls9,qd9v91nbhkdv,,,
0.05333333333333334,0.6833333333333332,0.0,0.25333333333333335,0.0,0.0,2025-06-08T02:10:46Z,ls8,qd9v91nbhkdv,0.25589225589225595,0.6902356902356902,0.053872053872053884
,,1.0,,,,2025-06-15T02:17:03Z,ls8,qd9v91nbhkdv,,,
0.14333333333333334,0.6000000000000001,0.0,0.24666666666666667,0.0,0.0,2025-06-16T02:10:50Z,ls9,qd9v91nbhkdv,0.24915824915824913,0.6060606060606061,0.14478114478114476
0.30333333333333334,0.3933333333333333,0.0,0.2933333333333333,0.0,0.0,2025-06-24T02:10:58Z,ls8,qd9v91nbhkdv,0.2962962962962963,0.39730639730639733,0.30639730639730645
,,1.0,,,,2025-07-02T02:10:57Z,ls9,qd9v91nbhkdv,,,
,,1.0,,,,2025-07-09T02:17:08Z,ls9,qd9v91nbhkdv,,,
0.12666666666666668,0.5833333333333334,0.0,0.27999999999999997,0.0,0.0,2025-07-10T02:11:00Z,ls8,qd9v91nbhkdv,0.2828282828282828,0.5892255892255893,0.12794612794612795
,,1.0,,,,2025-07-17T02:17:15Z,ls8,qd9v91nbhkdv,,,
,,1.0,,,,2025-07-18T02:11:03Z,ls9,qd9v91nbhkdv,,,
,,1.0,,,,2025-07-25T02:17:17Z,ls9,qd9v91nbhkdv,,,
0.08,0.16333333333333333,0.0,0.08666666666666667,0.0,0.6666666666666666,2025-07-26T02:11:07Z,ls8,qd9v91nbhkdv,0.08754208754208755,0.16498316498316498,0.08080808080808081
,,1.0,,,,2025-08-02T02:17:20Z,ls8,qd9v91nbhkdv,,,
0.18999999999999997,0.26666666666666666,0.0,0.19999999999999998,0.0,0.3333333333333333,2025-08-03T02:11:10Z,ls9,qd9v91nbhkdv,0.20304568527918782,0.2707275803722505,0.19289340101522842
0.05666666666666667,0.17666666666666667,0.0,0.09333333333333334,0.3333333333333333,0.3333333333333333,2025-08-11T02:11:15Z,ls8,qd9v91nbhkdv,0.09523809523809527,0.18027210884353748,0.0578231292517007
,,1.0,,,,2025-08-18T02:17:28Z,ls8,qd9v91nbhkdv,,,
0.02,0.7133333333333334,0.0,0.25666666666666665,0.0,0.0,2025-08-19T02:11:20Z,ls9,qd9v91nbhkdv,0.25925925925925924,0.7205387205387206,0.020202020202020204
0.4033333333333333,0.3233333333333333,0.0,0.26333333333333336,0.0,0.0,2025-08-27T02:11:17Z,ls8,qd9v91nbhkdv,0.265993265993266,0.32659932659932656,0.4074074074074074
,,1.0,,,,2025-09-03T02:17:32Z,ls8,qd9v91nbhkdv,,,
,,1.0,,,,2025-09-04T02:11:25Z,ls9,qd9v91nbhkdv,,,
,,1.0,,,,2025-09-11T02:17:38Z,ls9,qd9v91nbhkdv,,,
0.07666666666666667,0.6566666666666666,0.0,0.25,0.0,0.0,2025-09-12T02:11:23Z,ls8,qd9v91nbhkdv,0.2542372881355932,0.6677966101694915,0.07796610169491526
0.05333333333333332,0.6733333333333333,0.0,0.26333333333333336,0.0,0.0,2025-09-20T02:11:28Z,ls9,qd9v91nbhkdv,0.265993265993266,0.68013468013468,0.053872053872053856
,,1.0,,,,2025-09-27T02:17:42Z,ls9,qd9v91nbhkdv,,,
,,1.0,,,,2025-09-28T02:11:28Z,ls8,qd9v91nbhkdv,,,
0.03333333333333333,0.6933333333333334,0.0,0.26333333333333336,0.0,0.0,2025-10-06T02:11:32Z,ls9,qd9v91nbhkdv,0.265993265993266,0.7003367003367003,0.03367003367003367
0.10666666666666667,0.6666666666666666,0.0,0.21333333333333335,0.0,0.0,2025-10-14T02:11:31Z,ls8,qd9v91nbhkdv,0.21621621621621623,0.6756756756756757,0.10810810810810811
,,1.0,,,,2025-10-21T02:17:39Z,ls8,qd9v91nbhkdv,,,
0.11,0.6966666666666667,0.0,0.18333333333333335,0.0,0.0,2025-10-30T02:11:31Z,ls8,qd9v91nbhkdv,0.1851851851851852,0.7037037037037037,0.11111111111111112
,,1.0,,,,2025-11-06T02:17:43Z,ls8,qd9v91nbhkdv,,,
,,1.0,,,,2025-11-07T02:11:36Z,ls9,qd9v91nbhkdv,,,
,,1.0,,,,2025-11-14T02:17:48Z,ls9,qd9v91nbhkdv,,,
0.10333333333333335,0.7266666666666667,0.0,0.16666666666666666,0.0,0.0,2025-11-15T02:11:31Z,ls8,qd9v91nbhkdv,0.1672240802675585,0.7290969899665551,0.1036789297658863
,,1.0,,,,2025-11-23T02:11:34Z,ls9,qd9v91nbhkdv,,,
,,1.0,,,,2025-11-30T02:17:47Z,ls9,qd9v91nbhkdv,,,
0.15666666666666665,0.6566666666666666,0.0,0.17666666666666667,0.0,0.0,2025-12-01T02:11:30Z,ls8,qd9v91nbhkdv,0.17845117845117847,0.6632996632996634,0.15824915824915825
,,1.0,,,,2025-12-08T02:17:41Z,ls8,qd9v91nbhkdv,,,
0.08,0.7566666666666667,0.0,0.15333333333333332,0.0,0.0,2025-12-09T02:11:34Z,ls9,qd9v91nbhkdv,0.15488215488215487,0.7643097643097644,0.08080808080808081
,,1.0,,,,2025-12-16T02:17:47Z,ls9,qd9v91nbhkdv,,,
0.14666666666666667,0.6499999999999999,0.0,0.19333333333333333,0.0,0.0,2025-12-17T02:11:30Z,ls8,qd9v91nbhkdv,0.19528619528619529,0.6565656565656565,0.14814814814814814
0.12,0.7266666666666667,0.0,0.14,0.0,0.0,2025-12-25T02:11:40Z,ls9,qd9v91nbhkdv,0.1418918918918919,0.7364864864864865,0.12162162162162161
,,1.0,,,,2026-01-01T02:17:49Z,ls9,qd9v91nbhkdv,,,
0.16666666666666666,0.6699999999999999,0.0,0.15333333333333335,0.0,0.0,2026-01-02T02:11:26Z,ls8,qd9v91nbhkdv,0.15488215488215493,0.6767676767676768,0.16835016835016836
0.060000000000000005,0.745,0.33333333333333337,0.19,0.0,0.0,2026-01-09T02:17:31Z,ls8,qd9v91nbhkdv,0.19095477386934673,0.7487437185929647,0.06030150753768844
0.19333333333333336,0.6166666666666666,0.0,0.17666666666666667,0.0,0.0,2026-01-10T02:11:32Z,ls9,qd9v91nbhkdv,0.17905405405405406,0.625,0.195945945945946
0.03333333333333333,0.7266666666666666,0.0,0.22666666666666668,0.0,0.0,2026-02-11T02:11:28Z,ls9,qd9v91nbhkdv,0.22972972972972977,0.7364864864864864,0.033783783783783786
0.10000000000000002,0.7399999999999999,0.0,0.14666666666666667,0.0,0.0,2026-02-18T02:17:34Z,ls9,qd9v91nbhkdv,0.14864864864864868,0.75,0.10135135135135138
0.09333333333333334,0.7399999999999999,0.0,0.15666666666666668,0.0,0.0,2026-02-19T02:11:16Z,ls8,qd9v91nbhkdv,0.15824915824915828,0.7474747474747474,0.09427609427609429
,,1.0,,,,2026-02-26T02:17:25Z,ls8,qd9v91nbhkdv,,,
0.10333333333333333,0.6933333333333334,0.0,0.19000000000000003,0.0,0.0,2026-02-27T02:11:23Z,ls9,qd9v91nbhkdv,0.19256756756756757,0.7027027027027026,0.10472972972972971
,,1.0,,,,2026-03-06T02:17:32Z,ls9,qd9v91nbhkdv,,,
0.06333333333333332,0.7666666666666666,0.0,0.16,0.0,0.0,2026-03-07T02:11:08Z,ls8,qd9v91nbhkdv,0.16161616161616163,0.7744107744107743,0.06397306397306396
0.11333333333333334,0.7333333333333334,0.0,0.14333333333333334,0.0,0.0,2026-03-14T02:17:14Z,ls8,qd9v91nbhkdv,0.1447811447811448,0.7407407407407408,0.11447811447811448
0.09666666666666668,0.73,0.0,0.16333333333333333,0.0,0.0,2026-03-15T02:11:13Z,ls9,qd9v91nbhkdv,0.16498316498316498,0.7373737373737373,0.09764309764309766
