bare_soil,dry_vegetation,pc_missing,green_vegetation,water,wetness,date,ard_product,nwi_id,norm_pv,norm_npv,norm_bs
0.12692307692307697,0.23769230769230767,0.0,0.6230769230769232,0.0,0.0,1986-08-16T01:32:51Z,ls5,qd9veceht37d,0.6308411214953271,0.24065420560747658,0.12850467289719628
,,1.0,,,,1987-05-31T01:35:27Z,ls5,qd9veceht37d,,,
0.04615384615384616,0.22692307692307695,0.0,0.7107692307692306,0.0,0.0,1987-09-04T01:37:49Z,ls5,qd9veceht37d,0.7224394057857699,0.2306489444878812,0.046911649726348724
0.09769230769230769,0.46,0.0,0.42769230769230765,0.0,0.0,1987-10-22T01:38:48Z,ls5,qd9veceht37d,0.4340359094457455,0.4668227946916472,0.09914129586260734
0.1461538461538462,0.5753846153846154,0.0,0.26538461538461544,0.0,0.0,1987-11-07T01:39:08Z,ls5,qd9veceht37d,0.2689010132501949,0.5830085736554949,0.14809041309431023
,,1.0,,,,1987-11-23T01:39:27Z,ls5,qd9veceht37d,,,
0.19153846153846152,0.5084615384615384,0.0,0.2853846153846154,0.0,0.0,1987-12-09T01:39:40Z,ls5,qd9veceht37d,0.2896174863387978,0.5160031225604995,0.19437939110070254
,,1.0,,,,1987-12-25T01:39:56Z,ls5,qd9veceht37d,,,
0.20153846153846156,0.5815384615384616,0.0,0.20384615384615384,0.0,0.0,1988-01-10T01:40:12Z,ls5,qd9veceht37d,0.20654715510522215,0.5892439594699922,0.20420888542478569
0.3030769230769231,0.5246153846153846,0.0,0.1553846153846154,0.0,0.0,1988-01-26T01:40:30Z,ls5,qd9veceht37d,0.15805946791862288,0.5336463223787168,0.30829420970266047
0.2530769230769231,0.5961538461538461,0.0,0.13461538461538466,0.0,0.0,1988-02-11T01:40:48Z,ls5,qd9veceht37d,0.13682564503518377,0.6059421422986708,0.25723221266614543
0.3169230769230769,0.56,0.0,0.1076923076923077,0.0,0.0,1988-02-27T01:41:00Z,ls5,qd9veceht37d,0.109375,0.56875,0.32187499999999997
0.3676923076923077,0.4953846153846154,0.0,0.1207692307692308,0.0,0.0,1988-03-14T01:41:09Z,ls5,qd9veceht37d,0.12275215011727912,0.503518373729476,0.37372947615324464
0.30692307692307697,0.5815384615384616,0.0,0.09769230769230769,0.0,0.0,1988-03-30T01:41:16Z,ls5,qd9veceht37d,0.09906396255850232,0.5897035881435257,0.31123244929797195
,,1.0,,,,1988-05-17T01:41:38Z,ls5,qd9veceht37d,,,
0.03769230769230769,0.2053846153846154,0.0,0.7438461538461539,0.0,0.0,1988-06-02T01:41:44Z,ls5,qd9veceht37d,0.7537022603273578,0.20810600155884643,0.03819173811379579
0.012307692307692308,0.1392307692307692,0.0,0.8300000000000001,0.0,0.0,1988-07-20T01:41:56Z,ls5,qd9veceht37d,0.8456112852664576,0.14184952978056423,0.012539184952978054
0.026923076923076925,0.17230769230769233,0.0,0.7846153846153847,0.0,0.0,1988-08-05T01:41:58Z,ls5,qd9veceht37d,0.7974980453479281,0.1751368256450352,0.027365129007036748
0.0007692307692307692,0.08,0.0,0.5284615384615384,0.0,0.38461538461538464,1988-08-21T01:41:59Z,ls5,qd9veceht37d,0.5337995337995339,0.08080808080808081,0.0007770007770007771
0.32,0.0,0.9230769230769231,0.68,0.0,0.0,1988-09-06T01:42:02Z,ls5,qd9veceht37d,0.68,0.0,0.32
0.029230769230769234,0.2053846153846154,0.0,0.7530769230769232,0.0,0.0,1988-09-22T01:41:57Z,ls5,qd9veceht37d,0.7624610591900312,0.20794392523364483,0.029595015576323984
0.1176923076923077,0.18999999999999997,0.0,0.6769230769230768,0.0,0.0,1988-10-08T01:41:52Z,ls5,qd9veceht37d,0.6875,0.19296875,0.11953125000000002
0.05769230769230771,0.43153846153846154,0.0,0.5000000000000001,0.0,0.0,1988-10-24T01:41:47Z,ls5,qd9veceht37d,0.505443234836703,0.4362363919129082,0.058320373250388816
0.06461538461538464,0.5353846153846153,0.0,0.3892307692307692,0.0,0.0,1988-11-09T01:41:50Z,ls5,qd9veceht37d,0.39346811819595645,0.541213063763608,0.06531881804043549
0.13846153846153847,0.6146153846153846,0.0,0.23307692307692307,0.0,0.0,1988-11-25T01:41:50Z,ls5,qd9veceht37d,0.23634945397815912,0.6232449297971918,0.140405616224649
0.19692307692307695,0.6223076923076923,0.0,0.1676923076923077,0.0,0.0,1988-12-11T01:41:39Z,ls5,qd9veceht37d,0.16991426344505065,0.6305533904910366,0.1995323460639127
0.20692307692307693,0.6230769230769232,0.0,0.15692307692307692,0.0,0.0,1989-01-12T01:41:26Z,ls5,qd9veceht37d,0.1590023382696804,0.6313328137178489,0.20966484801247076
0.24846153846153846,0.6223076923076923,0.0,0.11384615384615386,0.0,0.0,1989-01-28T01:41:13Z,ls5,qd9veceht37d,0.115625,0.63203125,0.25234375
0.30461538461538457,0.5930769230769231,0.0,0.08769230769230771,0.0,0.0,1989-02-13T01:41:14Z,ls5,qd9veceht37d,0.08899297423887591,0.6018735362997658,0.30913348946135827
0.36538461538461536,0.49692307692307697,0.0,0.12153846153846157,0.0,0.0,1989-03-17T01:40:22Z,ls5,qd9veceht37d,0.12353401094605164,0.5050820953870212,0.37138389366692726
,,1.0,,,,1989-03-24T01:46:19Z,ls5,qd9veceht37d,,,
0.11923076923076924,0.3946153846153846,0.0,0.47538461538461535,0.0,0.0,1989-06-05T01:39:27Z,ls5,qd9veceht37d,0.48055987558320373,0.3989113530326594,0.12052877138413688
0.14,0.23846153846153847,0.0,0.6076923076923078,0.0,0.0,1989-06-21T01:39:02Z,ls5,qd9veceht37d,0.6162246489859594,0.24180967238689546,0.14196567862714507
,,1.0,,,,1989-07-23T01:38:27Z,ls5,qd9veceht37d,,,
0.05461538461538463,0.20769230769230768,0.0,0.7223076923076923,0.0,0.0,1989-08-08T01:38:07Z,ls5,qd9veceht37d,0.73359375,0.2109375,0.05546875000000002
0.2316666666666667,0.25333333333333335,0.5384615384615384,0.5033333333333333,0.0,0.0,1989-09-09T01:37:22Z,ls5,qd9veceht37d,0.5092748735244519,0.25632377740303547,0.23440134907251267
0.0953846153846154,0.2523076923076923,0.0,0.6369230769230769,0.0,0.0,1989-09-25T01:36:58Z,ls5,qd9veceht37d,0.646875,0.25625,0.09687500000000002
,,1.0,,,,1989-10-11T01:36:37Z,ls5,qd9veceht37d,,,
,,1.0,,,,1989-11-12T01:35:35Z,ls5,qd9veceht37d,,,
0.14692307692307693,0.6846153846153845,0.0,0.1546153846153846,0.0,0.0,1989-12-14T01:34:45Z,ls5,qd9veceht37d,0.15678627145085802,0.6942277691107644,0.14898595943837756
,,1.0,,,,1990-01-15T01:33:44Z,ls5,qd9veceht37d,,,
0.2138461538461538,0.6707692307692308,0.0,0.1,0.0,0.0,1990-01-31T01:33:14Z,ls5,qd9veceht37d,0.10156250000000001,0.68125,0.21718749999999995
,,1.0,,,,1990-02-16T01:32:42Z,ls5,qd9veceht37d,,,
0.16846153846153847,0.6723076923076923,0.0,0.14461538461538462,0.0,0.0,1990-04-05T01:31:16Z,ls5,qd9veceht37d,0.14676034348165498,0.682279469164715,0.17096018735363
0.15153846153846157,0.7069230769230769,0.0,0.12615384615384617,0.0,0.0,1990-04-21T01:31:29Z,ls5,qd9veceht37d,0.12812500000000002,0.7179687499999999,0.15390625000000002
0.1776923076923077,0.7015384615384617,0.0,0.10384615384615387,0.0,0.0,1990-05-07T01:31:25Z,ls5,qd9veceht37d,0.1056338028169014,0.7136150234741784,0.18075117370892016
0.16307692307692306,0.5876923076923076,0.0,0.23461538461538461,0.0,0.0,1990-05-23T01:31:27Z,ls5,qd9veceht37d,0.2380952380952381,0.5964090554254489,0.16549570647931303
,,1.0,,,,1990-06-08T01:31:25Z,ls5,qd9veceht37d,,,
0.12769230769230774,0.3438461538461538,0.0,0.5161538461538462,0.0,0.0,1990-06-24T01:31:24Z,ls5,qd9veceht37d,0.5225856697819314,0.3481308411214953,0.12928348909657325
0.26461538461538464,0.20615384615384613,0.0,0.5130769230769231,0.0,0.0,1990-07-10T01:31:22Z,ls5,qd9veceht37d,0.5215011727912432,0.2095387021110242,0.26896012509773265
0.06153846153846154,0.41384615384615386,0.0,0.5146153846153845,0.0,0.0,1990-07-26T01:31:18Z,ls5,qd9veceht37d,0.5198135198135198,0.4180264180264181,0.062160062160062174
,,1.0,,,,1990-08-11T01:31:13Z,ls5,qd9veceht37d,,,
,,1.0,,,,1990-08-27T01:31:08Z,ls5,qd9veceht37d,,,
0.1423076923076923,0.17923076923076925,0.0,0.6623076923076923,0.0,0.0,1990-09-12T01:31:05Z,ls5,qd9veceht37d,0.673182173573104,0.18217357310398752,0.14464425332290853
0.10692307692307695,0.21999999999999995,0.0,0.6576923076923078,0.0,0.0,1990-09-28T01:30:56Z,ls5,qd9veceht37d,0.6679687500000001,0.22343749999999993,0.10859375000000003
0.27,0.35538461538461547,0.0,0.3638461538461538,0.0,0.0,1990-10-30T01:30:41Z,ls5,qd9veceht37d,0.3678071539657853,0.3592534992223951,0.2729393468118196
0.2415384615384616,0.4646153846153846,0.0,0.28,0.0,0.0,1990-11-15T01:30:43Z,ls5,qd9veceht37d,0.28393135725429014,0.47113884555382207,0.2449297971918877
0.20615384615384616,0.5646153846153846,0.0,0.21461538461538462,0.0,0.0,1990-12-17T01:30:41Z,ls5,qd9veceht37d,0.21779859484777517,0.5729898516783762,0.20921155347384857
,,1.0,,,,1991-01-02T01:31:07Z,ls5,qd9veceht37d,,,
0.23000000000000004,0.566923076923077,0.0,0.18692307692307694,0.0,0.0,1991-01-18T01:31:34Z,ls5,qd9veceht37d,0.18999218139171226,0.5762314308053166,0.23377638780297105
,,1.0,,,,1991-02-03T01:31:46Z,ls5,qd9veceht37d,,,
0.37307692307692314,0.5200000000000001,0.0,0.09307692307692308,0.0,0.0,1991-02-19T01:32:08Z,ls5,qd9veceht37d,0.09438377535101403,0.5273010920436818,0.3783151326053042
0.5676923076923077,0.33384615384615385,0.0,0.08076923076923077,0.0,0.0,1991-03-07T01:32:25Z,ls5,qd9veceht37d,0.0822239624119029,0.3398590446358653,0.5779169929522318
0.2546153846153846,0.6699999999999999,0.0,0.06384615384615386,0.0,0.0,1991-03-23T01:32:48Z,ls5,qd9veceht37d,0.06459143968871597,0.6778210116731517,0.25758754863813227
0.5446153846153847,0.37,0.0,0.06923076923076923,0.0,0.0,1991-04-08T01:33:01Z,ls5,qd9veceht37d,0.07036747458952307,0.37607505863956214,0.5535574667709149
0.49999999999999994,0.40769230769230774,0.0,0.07230769230769231,0.0,0.0,1991-04-24T01:33:16Z,ls5,qd9veceht37d,0.07378335949764521,0.4160125588697018,0.510204081632653
0.2830769230769231,0.5884615384615384,0.0,0.11615384615384618,0.0,0.0,1991-05-10T01:33:35Z,ls5,qd9veceht37d,0.11760124610591903,0.5957943925233644,0.28660436137071654
0.4938461538461537,0.4223076923076923,0.0,0.0653846153846154,0.0,0.0,1991-05-26T01:33:52Z,ls5,qd9veceht37d,0.06661442006269595,0.4302507836990596,0.5031347962382444
,,1.0,,,,1991-06-27T01:34:18Z,ls5,qd9veceht37d,,,
0.10923076923076923,0.26076923076923075,0.0,0.6138461538461538,0.0,0.0,1991-07-13T01:34:28Z,ls5,qd9veceht37d,0.6239249413604379,0.2650508209538702,0.11102423768569195
0.1376923076923077,0.19692307692307692,0.0,0.6523076923076923,0.0,0.0,1991-08-14T01:34:45Z,ls5,qd9veceht37d,0.6609508963367108,0.1995323460639127,0.13951675759937646
0.16384615384615384,0.18153846153846154,0.0,0.6415384615384615,0.0,0.0,1991-08-30T01:34:54Z,ls5,qd9veceht37d,0.6500389711613406,0.18394388152766952,0.16601714731098985
,,1.0,,,,1991-09-15T01:35:08Z,ls5,qd9veceht37d,,,
,,1.0,,,,1991-10-01T01:35:13Z,ls5,qd9veceht37d,,,
0.1376923076923077,0.36000000000000004,0.0,0.4884615384615385,0.0,0.0,1991-10-17T01:35:24Z,ls5,qd9veceht37d,0.4953198127925117,0.36505460218408736,0.13962558502340092
,,1.0,,,,1991-11-02T01:35:23Z,ls5,qd9veceht37d,,,
0.11307692307692309,0.6138461538461537,0.0,0.26,0.0,0.0,1991-11-18T01:35:27Z,ls5,qd9veceht37d,0.2634450506625098,0.6219797349961028,0.1145752143413874
0.07538461538461538,0.683076923076923,0.0,0.22692307692307695,0.0,0.0,1991-12-04T01:35:41Z,ls5,qd9veceht37d,0.23028883684621393,0.6932084309133489,0.07650273224043716
0.13769230769230772,0.6415384615384615,0.0,0.20846153846153845,0.0,0.0,1991-12-20T01:35:33Z,ls5,qd9veceht37d,0.21105919003115264,0.6495327102803738,0.13940809968847356
,,1.0,,,,1992-01-05T01:35:30Z,ls5,qd9veceht37d,,,
0.1,0.7419999999999999,0.6153846153846154,0.146,0.0,0.0,1992-01-21T01:35:30Z,ls5,qd9veceht37d,0.14777327935222673,0.7510121457489878,0.10121457489878544
0.14076923076923079,0.6430769230769232,0.0,0.20307692307692313,0.0,0.0,1992-02-22T01:35:25Z,ls5,qd9veceht37d,0.20576773187841,0.6515978176149649,0.14263445050662507
0.42923076923076925,0.5507692307692309,0.0,0.006153846153846153,0.0,0.0,1992-03-09T01:35:25Z,ls5,qd9veceht37d,0.006240249609984397,0.5585023400936038,0.4352574102964118
0.06384615384615386,0.6361538461538461,0.0,0.2915384615384615,0.0,0.0,1992-04-10T01:35:13Z,ls5,qd9veceht37d,0.2940263770364624,0.6415826221877424,0.06439100077579521
,,1.0,,,,1992-04-26T01:35:05Z,ls5,qd9veceht37d,,,
0.12615384615384617,0.5261538461538462,0.0,0.3346153846153846,0.0,0.0,1992-05-12T01:34:58Z,ls5,qd9veceht37d,0.33904910366328916,0.5331254871395168,0.1278254091971941
0.06692307692307692,0.5715384615384616,0.0,0.35153846153846147,0.0,0.0,1992-05-28T01:34:49Z,ls5,qd9veceht37d,0.355089355089355,0.5773115773115773,0.0675990675990676
0.057692307692307696,0.6230769230769232,0.0,0.23999999999999996,0.0,0.07692307692307693,1992-06-13T01:34:38Z,ls5,qd9veceht37d,0.24060150375939846,0.6246385193753616,0.0578368999421631
0.062307692307692314,0.31538461538461543,0.0,0.23307692307692307,0.0,0.38461538461538464,1992-06-29T01:34:27Z,ls5,qd9veceht37d,0.23483820964929275,0.3177678744429374,0.0627785312923852
0.04923076923076923,0.40846153846153843,0.0,0.53,0.0,0.0,1992-07-15T01:34:15Z,ls5,qd9veceht37d,0.5366043613707165,0.41355140186915884,0.049844236760124616
0.03076923076923077,0.36153846153846153,0.0,0.5961538461538463,0.0,0.0,1992-07-31T01:34:02Z,ls5,qd9veceht37d,0.603112840466926,0.36575875486381315,0.031128404669260697
0.2369230769230769,0.22384615384615386,0.0,0.5253846153846153,0.0,0.0,1992-09-01T01:33:32Z,ls5,qd9veceht37d,0.5327613104524181,0.22698907956318257,0.24024960998439937
0.05999999999999999,0.29615384615384616,0.0,0.6284615384615384,0.0,0.0,1992-09-17T01:33:18Z,ls5,qd9veceht37d,0.63828125,0.30078125,0.06093749999999999
,,1.0,,,,1992-10-03T01:32:56Z,ls5,qd9veceht37d,,,
0.062307692307692314,0.3307692307692308,0.0,0.5938461538461539,0.0,0.0,1992-10-19T01:32:43Z,ls5,qd9veceht37d,0.6017147310989868,0.33515198752922837,0.06313328137178488
0.07461538461538463,0.6369230769230769,0.0,0.2792307692307692,0.0,0.0,1992-12-06T01:32:27Z,ls5,qd9veceht37d,0.28183229813664595,0.6428571428571429,0.0753105590062112
0.0753846153846154,0.7353846153846154,0.0,0.1776923076923077,0.0,0.0,1993-01-07T01:32:47Z,ls5,qd9veceht37d,0.17976653696498054,0.7439688715953308,0.07626459143968872
0.05846153846153846,0.75,0.0,0.17923076923076925,0.0,0.0,1993-01-23T01:32:58Z,ls5,qd9veceht37d,0.18146417445482868,0.7593457943925234,0.05919003115264797
0.006923076923076922,0.8815384615384616,0.0,0.10692307692307691,0.0,0.0,1993-02-08T01:33:09Z,ls5,qd9veceht37d,0.10741885625965995,0.8856259659969088,0.00695517774343122
0.08846153846153847,0.7246153846153848,0.0,0.17538461538461542,0.0,0.0,1993-02-24T01:33:12Z,ls5,qd9veceht37d,0.177431906614786,0.7330739299610896,0.0894941634241245
0.06230769230769232,0.7561538461538461,0.0,0.17307692307692307,0.0,0.0,1993-03-12T01:33:24Z,ls5,qd9veceht37d,0.1745539177657099,0.7626066718386346,0.06283941039565558
0.3046153846153846,0.5884615384615385,0.0,0.09076923076923078,0.0,0.0,1993-04-13T01:33:33Z,ls5,qd9veceht37d,0.09225957779515247,0.598123534010946,0.3096168881939015
0.07416666666666667,0.8341666666666668,0.07692307692307687,0.0825,0.0,0.0,1993-04-29T01:33:40Z,ls5,qd9veceht37d,0.08326324642556769,0.8418839360807401,0.07485281749369217
,,1.0,,,,1993-05-15T01:33:43Z,ls5,qd9veceht37d,,,
0.17230769230769233,0.5992307692307692,0.0,0.2153846153846154,0.0,0.0,1993-05-31T01:33:47Z,ls5,qd9veceht37d,0.2182385035074045,0.6071706936866718,0.17459080280592362
,,1.0,,,,1993-07-02T01:33:37Z,ls5,qd9veceht37d,,,
0.11615384615384618,0.3392307692307692,0.0,0.5346153846153847,0.0,0.0,1993-07-18T01:33:38Z,ls5,qd9veceht37d,0.5400155400155401,0.3426573426573426,0.11732711732711734
0.11461538461538459,0.23076923076923078,0.0,0.6423076923076922,0.0,0.0,1993-08-03T01:33:37Z,ls5,qd9veceht37d,0.6503115264797508,0.23364485981308414,0.1160436137071651
0.07538461538461537,0.22,0.0,0.6869230769230771,0.0,0.0,1993-08-19T01:33:37Z,ls5,qd9veceht37d,0.6992952231793266,0.2239624119028974,0.07674236491777602
0.036153846153846154,0.25230769230769234,0.0,0.6969230769230771,0.0,0.0,1993-09-04T01:33:36Z,ls5,qd9veceht37d,0.7072599531615925,0.2560499609679937,0.03669008587041373
0.04615384615384615,0.21230769230769228,0.0,0.7253846153846154,0.0,0.0,1993-09-20T01:33:34Z,ls5,qd9veceht37d,0.7372947615324472,0.21579358874120405,0.04691164972634871
0.2846153846153846,0.0923076923076923,0.0,0.6076923076923076,0.0,0.0,1993-10-06T01:33:30Z,ls5,qd9veceht37d,0.6171875,0.09375,0.2890625
0.06076923076923077,0.46384615384615385,0.0,0.4576923076923076,0.0,0.0,1993-10-22T01:33:22Z,ls5,qd9veceht37d,0.46593578700078303,0.47220046985121383,0.061863743148003136
0.02923076923076923,0.6584615384615385,0.0,0.30153846153846153,0.0,0.0,1993-11-07T01:33:16Z,ls5,qd9veceht37d,0.30482115085536543,0.6656298600311042,0.029548989113530322
0.06307692307692309,0.6799999999999999,0.0,0.2469230769230769,0.0,0.0,1993-11-23T01:33:08Z,ls5,qd9veceht37d,0.2494172494172494,0.6868686868686869,0.06371406371406373
0.18307692307692308,0.7023076923076922,0.0,0.09769230769230772,0.0,0.0,1993-12-09T01:33:05Z,ls5,qd9veceht37d,0.09937402190923321,0.7143974960876369,0.1862284820031299
0.13384615384615386,0.7676923076923077,0.0,0.08307692307692306,0.0,0.0,1993-12-25T01:32:56Z,ls5,qd9veceht37d,0.08437499999999999,0.7796875,0.13593750000000002
0.16769230769230767,0.7453846153846155,0.0,0.07230769230769232,0.0,0.0,1994-01-10T01:32:43Z,ls5,qd9veceht37d,0.07338017174082748,0.756440281030445,0.1701795472287275
0.22307692307692314,0.6530769230769231,0.0,0.10769230769230773,0.0,0.0,1994-01-26T01:32:30Z,ls5,qd9veceht37d,0.109460516028147,0.6637998436278342,0.22673964034401878
0.2630769230769231,0.5838461538461539,0.0,0.13846153846153844,0.0,0.0,1994-02-27T01:32:05Z,ls5,qd9veceht37d,0.14051522248243556,0.5925058548009368,0.26697892271662765
0.2923076923076924,0.5307692307692308,0.0,0.1623076923076923,0.0,0.0,1994-03-15T01:31:51Z,ls5,qd9veceht37d,0.1647150663544106,0.5386416861826697,0.29664324746291965
0.3538461538461538,0.49999999999999994,0.0,0.13076923076923078,0.0,0.0,1994-03-31T01:31:35Z,ls5,qd9veceht37d,0.13281250000000003,0.5078125,0.359375
0.3269230769230769,0.5492307692307692,0.0,0.10769230769230773,0.0,0.0,1994-05-02T01:31:01Z,ls5,qd9veceht37d,0.10946051602814703,0.5582486317435497,0.3322908522283034
,,1.0,,,,1994-06-03T01:30:25Z,ls5,qd9veceht37d,,,
0.038,0.21600000000000003,0.6153846153846154,0.538,0.0,0.2,1994-07-05T01:29:39Z,ls5,qd9veceht37d,0.5434343434343435,0.21818181818181823,0.03838383838383838
0.053076923076923084,0.1969230769230769,0.0,0.7330769230769232,0.0,0.0,1994-07-21T01:29:13Z,ls5,qd9veceht37d,0.7456964006259781,0.20031298904538336,0.0539906103286385
0.052307692307692305,0.19307692307692306,0.0,0.7376923076923076,0.0,0.0,1994-08-22T01:28:24Z,ls5,qd9veceht37d,0.7503912363067293,0.19640062597809077,0.05320813771517997
0.09076923076923078,0.25,0.0,0.643076923076923,0.0,0.0,1994-09-07T01:28:00Z,ls5,qd9veceht37d,0.653635652853792,0.2541047693510555,0.09225957779515248
0.10769230769230773,0.2692307692307692,0.0,0.6084615384615385,0.0,0.0,1994-09-23T01:27:35Z,ls5,qd9veceht37d,0.6174863387978141,0.27322404371584696,0.10928961748633882
,,1.0,,,,1994-10-25T01:26:34Z,ls5,qd9veceht37d,,,
0.11000000000000003,0.6392307692307694,0.0,0.2361538461538462,0.0,0.0,1994-11-10T01:26:00Z,ls5,qd9veceht37d,0.23965651834504292,0.6487119437939111,0.11163153786104607
,,1.0,,,,1994-11-26T01:25:28Z,ls5,qd9veceht37d,,,
,,1.0,,,,1994-12-12T01:25:00Z,ls5,qd9veceht37d,,,
0.1992307692307692,0.5976923076923077,0.0,0.19,0.0,0.0,1994-12-28T01:24:28Z,ls5,qd9veceht37d,0.19251753702260327,0.6056118472330476,0.20187061574434917
0.08615384615384616,0.6853846153846153,0.0,0.21538461538461545,0.0,0.0,1995-01-13T01:23:54Z,ls5,qd9veceht37d,0.2182385035074046,0.6944660950896335,0.08729540140296183
,,1.0,,,,1995-01-29T01:23:17Z,ls5,qd9veceht37d,,,
0.3315384615384615,0.5492307692307692,0.0,0.1038461538461539,0.0,0.0,1995-03-18T01:21:20Z,ls5,qd9veceht37d,0.10546875000000004,0.5578124999999999,0.33671874999999996
0.34153846153846157,0.36769230769230765,0.0,0.2738461538461538,0.0,0.0,1995-04-19T01:20:02Z,ls5,qd9veceht37d,0.2785602503912363,0.37402190923317685,0.34741784037558693
0.3046153846153846,0.34923076923076923,0.0,0.33461538461538465,0.0,0.0,1995-05-05T01:19:19Z,ls5,qd9veceht37d,0.33852140077821014,0.3533073929961089,0.30817120622568095
,,1.0,,,,1995-05-21T01:18:36Z,ls5,qd9veceht37d,,,
,,1.0,,,,1995-07-24T01:15:40Z,ls5,qd9veceht37d,,,
0.024615384615384615,0.036153846153846154,0.0,0.09076923076923077,0.0,0.8461538461538461,1995-08-25T01:14:13Z,ls5,qd9veceht37d,0.09215150331901602,0.036704412338930105,0.024990238188207732
0.016923076923076923,0.26307692307692304,0.0,0.706923076923077,0.0,0.0,1995-09-10T01:13:27Z,ls5,qd9veceht37d,0.7162899454403742,0.26656274356975834,0.0171473109898675
0.08153846153846155,0.6615384615384616,0.0,0.24538461538461542,0.0,0.0,1995-12-15T01:12:16Z,ls5,qd9veceht37d,0.2482490272373541,0.669260700389105,0.08249027237354085
0.2469230769230769,0.6107692307692308,0.0,0.12769230769230772,0.0,0.0,1996-01-16T01:14:35Z,ls5,qd9veceht37d,0.12958626073380175,0.6198282591725215,0.2505854800936768
0.3215384615384615,0.4961538461538462,0.0,0.16846153846153847,0.0,0.0,1996-02-17T01:16:48Z,ls5,qd9veceht37d,0.17082683307332294,0.5031201248049922,0.32605304212168484
0.1776923076923077,0.6000000000000001,0.0,0.20692307692307696,0.0,0.0,1996-03-04T01:17:52Z,ls5,qd9veceht37d,0.21015625,0.609375,0.18046874999999998
0.35,0.4792307692307692,0.0,0.1569230769230769,0.0,0.0,1996-03-20T01:18:54Z,ls5,qd9veceht37d,0.15912636505460218,0.4859594383775351,0.3549141965678627
0.2707692307692308,0.5938461538461538,0.0,0.12307692307692308,0.0,0.0,1996-04-21T01:20:54Z,ls5,qd9veceht37d,0.12461059190031154,0.6012461059190031,0.27414330218068544
,,1.0,,,,1996-05-07T01:21:51Z,ls5,qd9veceht37d,,,
0.2923076923076923,0.5061538461538462,0.0,0.18769230769230769,0.0,0.0,1996-05-23T01:22:46Z,ls5,qd9veceht37d,0.19032761310452417,0.5132605304212169,0.296411856474259
0.04615384615384616,0.5892307692307692,0.0,0.3561538461538462,0.0,0.0,1996-06-24T01:24:31Z,ls5,qd9veceht37d,0.3591931730023274,0.5942591155934832,0.0465477114041893
0.09461538461538463,0.21153846153846156,0.0,0.6792307692307692,0.0,0.0,1996-07-10T01:25:20Z,ls5,qd9veceht37d,0.6893052302888368,0.2146760343481655,0.09601873536299767
0.06307692307692309,0.22000000000000003,0.0,0.7038461538461539,0.0,0.0,1996-07-26T01:26:12Z,ls5,qd9veceht37d,0.7131722525331254,0.22291504286827749,0.06391270459859705
0.01,0.12307692307692308,0.0,0.8523076923076923,0.0,0.0,1996-08-27T01:27:54Z,ls5,qd9veceht37d,0.8649492583918813,0.1249024199843872,0.010148321623731459
0.11923076923076924,0.1446153846153846,0.0,0.7223076923076923,0.0,0.0,1996-09-12T01:28:47Z,ls5,qd9veceht37d,0.7324492979719189,0.14664586583463335,0.12090483619344775
0.07076923076923078,0.2761538461538462,0.0,0.6323076923076923,0.0,0.0,1996-10-14T01:30:29Z,ls5,qd9veceht37d,0.6457187745483111,0.2820109976433621,0.07227022780832679
,,1.0,,,,1996-10-30T01:31:16Z,ls5,qd9veceht37d,,,
,,1.0,,,,1996-11-15T01:32:01Z,ls5,qd9veceht37d,,,
,,1.0,,,,1996-12-01T01:32:47Z,ls5,qd9veceht37d,,,
0.04307692307692308,0.7107692307692308,0.0,0.2361538461538462,0.0,0.0,1996-12-17T01:33:32Z,ls5,qd9veceht37d,0.23853923853923856,0.717948717948718,0.04351204351204351
0.04,0.7507692307692306,0.0,0.1984615384615385,0.0,0.0,1997-01-02T01:34:18Z,ls5,qd9veceht37d,0.20062208398133755,0.7589424572317263,0.04043545878693624
0.07538461538461538,0.7423076923076923,0.0,0.1692307692307692,0.0,0.0,1997-01-18T01:35:03Z,ls5,qd9veceht37d,0.17147310989867495,0.7521434138737335,0.07638347622759158
0.04076923076923077,0.8076923076923077,0.0,0.1423076923076923,0.0,0.0,1997-02-03T01:35:46Z,ls5,qd9veceht37d,0.14363354037267081,0.8152173913043479,0.041149068322981375
0.10615384615384614,0.7546153846153845,0.0,0.1253846153846154,0.0,0.0,1997-03-07T01:37:06Z,ls5,qd9veceht37d,0.12714508580343217,0.7652106084243369,0.10764430577223089
0.11769230769230768,0.6776923076923077,0.0,0.19153846153846152,0.0,0.0,1997-03-23T01:37:42Z,ls5,qd9veceht37d,0.19407638347622758,0.6866718628215122,0.11925175370226032
0.05923076923076924,0.7384615384615384,0.0,0.19153846153846155,0.0,0.0,1997-04-08T01:38:18Z,ls5,qd9veceht37d,0.19362363919129086,0.7465007776049767,0.05987558320373252
0.19692307692307692,0.5692307692307692,0.0,0.22230769230769232,0.0,0.0,1997-04-24T01:38:52Z,ls5,qd9veceht37d,0.22490272373540857,0.5758754863813229,0.19922178988326847
,,1.0,,,,1997-05-10T01:39:25Z,ls5,qd9veceht37d,,,
,,1.0,,,,1997-05-26T01:39:59Z,ls5,qd9veceht37d,,,
0.01,0.32230769230769235,0.0,0.6553846153846153,0.0,0.0,1997-07-29T01:42:10Z,ls5,qd9veceht37d,0.6635514018691588,0.3263239875389409,0.010124610591900313
0.04846153846153847,0.2492307692307692,0.0,0.6846153846153846,0.0,0.0,1997-08-14T01:42:41Z,ls5,qd9veceht37d,0.6969459671104151,0.25371965544244324,0.04933437744714175
0.08076923076923079,0.25076923076923074,0.0,0.6561538461538461,0.0,0.0,1997-08-30T01:43:11Z,ls5,qd9veceht37d,0.6643302180685358,0.2538940809968847,0.08177570093457946
0.08076923076923077,0.26384615384615384,0.0,0.6407692307692308,0.0,0.0,1997-09-15T01:43:38Z,ls5,qd9veceht37d,0.6502732240437158,0.26775956284153,0.0819672131147541
0.11461538461538462,0.3446153846153846,0.0,0.5276923076923078,0.0,0.0,1997-10-17T01:44:31Z,ls5,qd9veceht37d,0.5346843335931412,0.3491816056118472,0.11613406079501168
0.14923076923076925,0.4984615384615385,0.0,0.3384615384615385,0.0,0.0,1997-11-02T01:44:57Z,ls5,qd9veceht37d,0.34321372854914195,0.5054602184087363,0.15132605304212168
0.18846153846153843,0.58,0.0,0.21846153846153848,0.0,0.0,1997-12-20T01:46:07Z,ls5,qd9veceht37d,0.22135619641465318,0.5876851130163678,0.19095869056897893
0.21923076923076923,0.5853846153846154,0.0,0.18307692307692308,0.0,0.0,1998-01-05T01:46:30Z,ls5,qd9veceht37d,0.1853582554517134,0.5926791277258566,0.2219626168224299
0.24307692307692308,0.6007692307692308,0.0,0.14,0.0,0.0,1998-01-21T01:46:50Z,ls5,qd9veceht37d,0.1422986708365911,0.6106333072713057,0.2470680218921032
0.2915384615384615,0.5623076923076924,0.0,0.13076923076923078,0.0,0.0,1998-02-06T01:47:11Z,ls5,qd9veceht37d,0.1328125,0.5710937500000001,0.29609375
0.33230769230769225,0.5223076923076924,0.0,0.12769230769230772,0.0,0.0,1998-02-22T01:47:29Z,ls5,qd9veceht37d,0.129992169146437,0.5317149569303055,0.3382928739232576
0.37769230769230766,0.49846153846153857,0.0,0.10692307692307695,0.0,0.0,1998-03-26T01:47:59Z,ls5,qd9veceht37d,0.10876369327073554,0.5070422535211269,0.38419405320813765
0.3792307692307692,0.47,0.0,0.13384615384615384,0.0,0.0,1998-04-11T01:48:10Z,ls5,qd9veceht37d,0.13615023474178403,0.4780907668231612,0.3857589984350548
,,1.0,,,,1998-05-13T01:48:38Z,ls5,qd9veceht37d,,,
0.074,0.716,0.6153846153846154,0.198,0.0,0.0,1998-05-29T01:48:54Z,ls5,qd9veceht37d,0.20040485829959517,0.7246963562753037,0.07489878542510121
0.060769230769230784,0.19,0.0,0.7361538461538462,0.0,0.0,1998-07-16T01:49:29Z,ls5,qd9veceht37d,0.7459080280592362,0.19251753702260327,0.06157443491816058
,,1.0,,,,1998-08-01T01:49:35Z,ls5,qd9veceht37d,,,
0.2330769230769231,0.07615384615384616,0.0,0.676923076923077,0.0,0.0,1998-08-17T01:49:43Z,ls5,qd9veceht37d,0.686427457098284,0.07722308892355695,0.23634945397815915
,,1.0,,,,1998-09-02T01:49:54Z,ls5,qd9veceht37d,,,
,,1.0,,,,1998-09-18T01:50:01Z,ls5,qd9veceht37d,,,
0.12076923076923075,0.33538461538461534,0.0,0.5276923076923077,0.0,0.0,1998-10-20T01:50:04Z,ls5,qd9veceht37d,0.5363565285379203,0.3408913213448006,0.12275215011727911
,,1.0,,,,1998-11-05T01:50:09Z,ls5,qd9veceht37d,,,
0.02615384615384616,0.6499999999999999,0.0,0.30999999999999994,0.0,0.0,1998-12-07T01:50:12Z,ls5,qd9veceht37d,0.3143525741029641,0.6591263650546022,0.026521060842433705
,,1.0,,,,1998-12-23T01:50:17Z,ls5,qd9veceht37d,,,
0.26,0.5438461538461539,0.0,0.18153846153846154,0.0,0.0,1999-01-08T01:50:17Z,ls5,qd9veceht37d,0.1842310694769711,0.551912568306011,0.26385636221701797
0.32230769230769235,0.52,0.0,0.1423076923076923,0.0,0.0,1999-02-09T01:50:25Z,ls5,qd9veceht37d,0.14453124999999997,0.528125,0.32734375000000004
0.34769230769230774,0.51,0.0,0.1253846153846154,0.0,0.0,1999-02-25T01:50:28Z,ls5,qd9veceht37d,0.12754303599374023,0.5187793427230046,0.3536776212832551
,,1.0,,,,1999-03-13T01:50:17Z,ls5,qd9veceht37d,,,
0.30615384615384617,0.3353846153846154,0.0,0.34461538461538466,0.0,0.0,1999-03-29T01:49:59Z,ls5,qd9veceht37d,0.34945397815912643,0.34009360374414976,0.31045241809672386
0.16384615384615384,0.2692307692307693,0.0,0.5561538461538461,0.0,0.0,1999-04-14T01:49:58Z,ls5,qd9veceht37d,0.562208398133748,0.2721617418351478,0.1656298600311042
0.23923076923076925,0.09769230769230769,0.0,0.6507692307692307,0.0,0.0,1999-04-30T01:49:56Z,ls5,qd9veceht37d,0.6588785046728972,0.09890965732087229,0.24221183800623058
0.1076923076923077,0.16153846153846155,0.0,0.7138461538461538,0.0,0.0,1999-05-16T01:49:42Z,ls5,qd9veceht37d,0.7261345852895149,0.16431924882629112,0.10954616588419407
0.013846153846153845,0.1392307692307692,0.0,0.8330769230769233,0.0,0.0,1999-06-01T01:49:20Z,ls5,qd9veceht37d,0.8447737909516381,0.14118564742589698,0.014040561622464894
0.01,0.1546153846153846,0.0,0.8192307692307692,0.0,0.0,1999-06-17T01:49:11Z,ls5,qd9veceht37d,0.8326817826426895,0.15715402658326816,0.010164190774042221
0.045384615384615384,0.21769230769230766,0.0,0.7230769230769231,0.0,0.0,1999-07-03T01:49:02Z,ls5,qd9veceht37d,0.733229329173167,0.2207488299531981,0.04602184087363495
,,1.0,,,,1999-07-19T01:48:58Z,ls5,qd9veceht37d,,,
0.026153846153846156,0.2753846153846154,0.0,0.6838461538461539,0.0,0.0,1999-07-27T02:04:05Z,ls7,qd9veceht37d,0.6939890710382512,0.27946916471506633,0.026541764246682278
0.08,0.21230769230769228,0.0,0.693076923076923,0.0,0.0,1999-08-04T01:48:57Z,ls5,qd9veceht37d,0.7033567525370804,0.2154566744730679,0.08118657298985169
,,1.0,,,,1999-08-12T02:04:08Z,ls7,qd9veceht37d,,,
0.043846153846153854,0.2523076923076923,0.0,0.6869230769230771,0.0,0.0,1999-08-20T01:48:45Z,ls5,qd9veceht37d,0.6987480438184664,0.2566510172143974,0.044600938967136156
0.059230769230769226,0.17076923076923076,0.0,0.7546153846153847,0.0,0.0,1999-09-05T01:48:17Z,ls5,qd9veceht37d,0.7664062500000001,0.17343749999999997,0.060156249999999994
,,1.0,,,,1999-09-13T02:04:05Z,ls7,qd9veceht37d,,,
0.07076923076923078,0.19769230769230767,0.0,0.7153846153846154,0.0,0.0,1999-09-29T02:04:15Z,ls7,qd9veceht37d,0.7271305707584049,0.20093823299452693,0.07193119624706802
,,1.0,,,,1999-10-15T02:04:13Z,ls7,qd9veceht37d,,,
,,1.0,,,,1999-10-23T01:47:44Z,ls5,qd9veceht37d,,,
0.19384615384615383,0.3784615384615385,0.0,0.4123076923076923,0.0,0.0,1999-11-24T01:46:37Z,ls5,qd9veceht37d,0.41875,0.384375,0.19687499999999997
0.22454545454545458,0.5454545454545454,0.15384615384615385,0.21181818181818182,0.0,0.0,1999-12-02T02:04:02Z,ls7,qd9veceht37d,0.21574074074074073,0.5555555555555555,0.22870370370370374
0.20230769230769233,0.46153846153846156,0.0,0.32230769230769235,0.0,0.0,1999-12-10T01:46:18Z,ls5,qd9veceht37d,0.32683307332293293,0.46801872074883,0.20514820592823715
0.1376923076923077,0.6246153846153846,0.0,0.22384615384615386,0.0,0.0,1999-12-26T01:46:20Z,ls5,qd9veceht37d,0.22698907956318257,0.6333853354134166,0.13962558502340094
0.15,0.6307692307692309,0.0,0.2084615384615385,0.0,0.0,2000-01-03T02:04:03Z,ls7,qd9veceht37d,0.21073094867807154,0.6376360808709176,0.15163297045101087
0.18230769230769228,0.6353846153846153,0.0,0.1692307692307692,0.0,0.0,2000-01-19T02:04:00Z,ls7,qd9veceht37d,0.17147310989867498,0.6438035853468433,0.18472330475448168
,,1.0,,,,2000-02-04T02:04:01Z,ls7,qd9veceht37d,,,
0.19846153846153847,0.6476923076923077,0.0,0.13769230769230772,0.0,0.0,2000-02-20T02:03:53Z,ls7,qd9veceht37d,0.1399530883502737,0.6583268178264269,0.20172009382329947
0.1761538461538462,0.6953846153846153,0.0,0.11307692307692309,0.0,0.0,2000-03-07T02:03:49Z,ls7,qd9veceht37d,0.11484375000000002,0.7062499999999999,0.17890625000000004
0.2638461538461539,0.5969230769230769,0.0,0.12384615384615384,0.0,0.0,2000-03-23T02:03:51Z,ls7,qd9veceht37d,0.12578124999999998,0.60625,0.26796875000000003
0.2446153846153846,0.59,0.0,0.15076923076923077,0.0,0.0,2000-04-08T02:03:39Z,ls7,qd9veceht37d,0.15300546448087432,0.5987509758001561,0.24824355971896955
0.27692307692307694,0.6038461538461539,0.0,0.1030769230769231,0.0,0.0,2000-04-24T02:03:33Z,ls7,qd9veceht37d,0.10476935105551213,0.6137607505863957,0.2814698983580923
0.27999999999999997,0.5484615384615386,0.0,0.15769230769230771,0.0,0.0,2000-05-26T02:03:12Z,ls7,qd9veceht37d,0.15990639625585026,0.5561622464898597,0.28393135725429014
,,1.0,,,,2000-06-27T02:02:56Z,ls7,qd9veceht37d,,,
0.04307692307692308,0.12461538461538463,0.0,0.816923076923077,0.0,0.0,2000-07-29T02:02:26Z,ls7,qd9veceht37d,0.8296874999999999,0.1265625,0.04375
0.026923076923076925,0.13999999999999999,0.0,0.8146153846153846,0.0,0.0,2000-08-14T02:02:19Z,ls7,qd9veceht37d,0.8299373040752351,0.14263322884012536,0.0274294670846395
,,1.0,,,,2000-08-30T02:02:09Z,ls7,qd9veceht37d,,,
0.08615384615384616,0.14076923076923076,0.0,0.753076923076923,0.0,0.0,2000-09-15T02:01:50Z,ls7,qd9veceht37d,0.7684458398744113,0.14364207221350078,0.08791208791208793
0.03923076923076923,0.23384615384615384,0.0,0.7107692307692308,0.0,0.0,2000-10-01T02:01:41Z,ls7,qd9veceht37d,0.7224394057857703,0.23768569194683348,0.0398749022673964
0.10230769230769231,0.3469230769230769,0.0,0.5369230769230771,0.0,0.0,2000-10-17T02:01:23Z,ls7,qd9veceht37d,0.544461778471139,0.3517940717628704,0.10374414976599063
,,1.0,,,,2000-11-02T02:01:36Z,ls7,qd9veceht37d,,,
0.1076923076923077,0.6384615384615384,0.0,0.24153846153846154,0.0,0.0,2000-12-04T02:01:34Z,ls7,qd9veceht37d,0.24454828660436137,0.6464174454828661,0.1090342679127726
0.13076923076923078,0.6761538461538462,0.0,0.1776923076923077,0.0,0.0,2000-12-20T02:01:39Z,ls7,qd9veceht37d,0.18046875,0.68671875,0.1328125
0.1715384615384615,0.6800000000000002,0.0,0.13538461538461538,0.0,0.0,2001-01-05T02:01:39Z,ls7,qd9veceht37d,0.13717848791893994,0.6890101325019485,0.17381137957911139
0.08285714285714287,0.7928571428571429,0.46153846153846156,0.11,0.0,0.0,2001-02-06T02:01:39Z,ls7,qd9veceht37d,0.11159420289855072,0.8043478260869565,0.08405797101449276
0.003076923076923077,0.9376923076923076,0.0,0.04538461538461539,0.0,0.0,2001-02-22T02:01:38Z,ls7,qd9veceht37d,0.04602184087363496,0.9508580343213728,0.0031201248049922002
0.2646153846153846,0.5538461538461539,0.0,0.16692307692307692,0.0,0.0,2001-03-10T02:01:34Z,ls7,qd9veceht37d,0.16939890710382513,0.5620608899297425,0.26854020296643244
0.2915384615384615,0.5684615384615384,0.0,0.12384615384615384,0.0,0.0,2001-03-26T02:01:25Z,ls7,qd9veceht37d,0.12587959343236904,0.5777951524628616,0.2963252541047694
0.30230769230769233,0.5707692307692308,0.0,0.11307692307692313,0.0,0.0,2001-04-27T02:01:19Z,ls7,qd9veceht37d,0.11466458658346336,0.578783151326053,0.3065522620904836
0.0,0.8130769230769233,0.0,0.1776923076923077,0.0,0.0,2001-05-13T02:01:10Z,ls7,qd9veceht37d,0.1793478260869565,0.8206521739130435,0.0
,,1.0,,,,2001-05-29T02:01:01Z,ls7,qd9veceht37d,,,
,,1.0,,,,2001-06-14T02:00:50Z,ls7,qd9veceht37d,,,
0.016153846153846154,0.3153846153846154,0.0,0.6569230769230769,0.0,0.0,2001-06-30T02:00:35Z,ls7,qd9veceht37d,0.6645914396887159,0.31906614785992216,0.01634241245136187
0.04692307692307692,0.17615384615384616,0.0,0.7607692307692306,0.0,0.0,2001-07-16T02:00:35Z,ls7,qd9veceht37d,0.7732603596559812,0.1790461297888976,0.047693510555121194
0.05153846153846155,0.20615384615384616,0.0,0.7261538461538463,0.0,0.0,2001-08-01T02:00:23Z,ls7,qd9veceht37d,0.7380766223612197,0.20953870211102424,0.05238467552775607
0.062307692307692314,0.19153846153846155,0.0,0.7307692307692307,0.0,0.0,2001-08-17T02:00:04Z,ls7,qd9veceht37d,0.7421875,0.19453125000000002,0.06328125000000001
,,1.0,,,,2001-09-02T01:59:53Z,ls7,qd9veceht37d,,,
,,1.0,,,,2001-09-18T01:59:42Z,ls7,qd9veceht37d,,,
0.05461538461538463,0.2676923076923077,0.0,0.663076923076923,0.0,0.0,2001-10-04T01:59:30Z,ls7,qd9veceht37d,0.672911787665886,0.2716627634660422,0.05542544886807184
,,1.0,,,,2001-10-20T01:59:32Z,ls7,qd9veceht37d,,,
0.15615384615384614,0.4238461538461538,0.0,0.4053846153846154,0.0,0.0,2001-11-05T01:59:37Z,ls7,qd9veceht37d,0.4113973458235754,0.43013270882123344,0.15846994535519127
0.21461538461538462,0.3676923076923077,0.0,0.40692307692307694,0.0,0.0,2001-11-21T01:59:46Z,ls7,qd9veceht37d,0.411353032659409,0.3716951788491446,0.21695178849144633
0.16384615384615384,0.47461538461538477,0.0,0.3507692307692307,0.0,0.0,2001-12-07T01:59:47Z,ls7,qd9veceht37d,0.3545878693623638,0.479782270606532,0.16562986003110416
0.17846153846153842,0.5523076923076924,0.0,0.2561538461538462,0.0,0.0,2001-12-23T01:59:56Z,ls7,qd9veceht37d,0.25954793452844893,0.5596258768511302,0.18082618862042082
0.2076923076923077,0.583076923076923,0.0,0.19461538461538463,0.0,0.0,2002-01-08T01:59:59Z,ls7,qd9veceht37d,0.19750195160031228,0.5917252146760343,0.2107728337236534
0.22538461538461543,0.5923076923076924,0.0,0.16846153846153847,0.0,0.0,2002-01-24T02:00:06Z,ls7,qd9veceht37d,0.17082683307332291,0.6006240249609985,0.22854914196567866
0.23846153846153847,0.5823076923076923,0.0,0.16307692307692306,0.0,0.0,2002-02-09T02:00:08Z,ls7,qd9veceht37d,0.16575449569976544,0.5918686473807663,0.24237685691946836
0.2630769230769231,0.583076923076923,0.0,0.13846153846153844,0.0,0.0,2002-02-25T02:00:10Z,ls7,qd9veceht37d,0.140625,0.5921875,0.2671875
0.19615384615384615,0.7007692307692307,0.0,0.09076923076923078,0.0,0.0,2002-03-13T02:00:08Z,ls7,qd9veceht37d,0.09190031152647977,0.7095015576323987,0.1985981308411215
0.27230769230769225,0.6184615384615384,0.0,0.09692307692307695,0.0,0.0,2002-03-29T02:00:03Z,ls7,qd9veceht37d,0.09813084112149537,0.6261682242990655,0.2757009345794392
0.2792307692307692,0.5961538461538461,0.0,0.11076923076923079,0.0,0.0,2002-04-14T02:00:02Z,ls7,qd9veceht37d,0.1123244929797192,0.6045241809672387,0.2831513260530421
0.08923076923076924,0.5938461538461539,0.0,0.30923076923076925,0.0,0.0,2002-04-30T02:00:04Z,ls7,qd9veceht37d,0.3116279069767442,0.5984496124031008,0.08992248062015504
0.15615384615384614,0.2676923076923077,0.0,0.5630769230769231,0.0,0.0,2002-06-17T01:59:45Z,ls7,qd9veceht37d,0.5705378020265004,0.27123928293063126,0.15822291504286826
0.12923076923076926,0.19461538461538463,0.0,0.6638461538461539,0.0,0.0,2002-07-03T01:59:40Z,ls7,qd9veceht37d,0.6721183800623053,0.1970404984423676,0.13084112149532712
,,1.0,,,,2002-07-19T01:59:33Z,ls7,qd9veceht37d,,,
0.03923076923076923,0.21846153846153848,0.0,0.7238461538461537,0.0,0.0,2002-08-20T01:59:22Z,ls7,qd9veceht37d,0.7374608150470219,0.22257053291536055,0.03996865203761756
,,1.0,,,,2002-09-05T01:59:13Z,ls7,qd9veceht37d,,,
,,1.0,,,,2002-09-21T01:59:01Z,ls7,qd9veceht37d,,,
0.11384615384615385,0.4276923076923077,0.0,0.4446153846153846,0.0,0.0,2002-10-23T01:59:02Z,ls7,qd9veceht37d,0.4508580343213729,0.43369734789391584,0.1154446177847114
0.17076923076923076,0.5446153846153847,0.0,0.2707692307692308,0.0,0.0,2002-11-08T01:59:07Z,ls7,qd9veceht37d,0.2745709828393136,0.5522620904836193,0.17316692667706704
0.18923076923076923,0.5700000000000001,0.0,0.22692307692307695,0.0,0.0,2002-11-24T01:59:24Z,ls7,qd9veceht37d,0.23010920436817472,0.578003120124805,0.19188767550702027
0.24384615384615385,0.56,0.0,0.18307692307692308,0.0,0.0,2002-12-10T01:59:29Z,ls7,qd9veceht37d,0.18550272798129383,0.5674201091192518,0.2470771628994544
0.11769230769230771,0.7346153846153847,0.0,0.13076923076923078,0.0,0.0,2002-12-26T01:59:35Z,ls7,qd9veceht37d,0.13302034428794993,0.7472613458528952,0.11971830985915494
,,1.0,,,,2003-01-11T01:59:37Z,ls7,qd9veceht37d,,,
0.2323076923076923,0.653076923076923,0.0,0.09923076923076925,0.0,0.0,2003-01-27T01:59:44Z,ls7,qd9veceht37d,0.10078125000000002,0.6632812499999999,0.2359375
0.32461538461538464,0.5523076923076922,0.0,0.10923076923076926,0.0,0.0,2003-02-28T01:59:55Z,ls7,qd9veceht37d,0.11076443057722313,0.5600624024960997,0.32917316692667714
,,1.0,,,,2003-03-16T01:59:58Z,ls7,qd9veceht37d,,,
0.2638461538461539,0.5438461538461539,0.0,0.18000000000000002,0.0,0.0,2003-04-17T01:59:59Z,ls7,qd9veceht37d,0.1822429906542056,0.5506230529595015,0.26713395638629284
0.29769230769230764,0.5553846153846154,0.0,0.12923076923076923,0.0,0.0,2003-05-03T02:00:00Z,ls7,qd9veceht37d,0.13155833985904464,0.5653876272513704,0.30305403288958493
0.27,0.5576923076923077,0.0,0.15615384615384617,0.0,0.0,2003-05-11T01:46:22Z,ls5,qd9veceht37d,0.15871774824081314,0.5668491008600469,0.27443315089913994
0.1323076923076923,0.5507692307692309,0.0,0.303076923076923,0.0,0.0,2003-05-19T01:59:55Z,ls7,qd9veceht37d,0.3073322932917316,0.5585023400936039,0.13416536661466458
0.176923076923077,0.3976923076923076,0.0,0.41230769230769226,0.0,0.0,2003-05-27T01:46:41Z,ls5,qd9veceht37d,0.4177708495713172,0.4029618082618862,0.17926734216679666
0.16846153846153847,0.28615384615384615,0.0,0.533076923076923,0.0,0.0,2003-06-12T01:46:58Z,ls5,qd9veceht37d,0.5397196261682242,0.28971962616822433,0.17056074766355142
,,1.0,,,,2003-06-28T01:47:21Z,ls5,qd9veceht37d,,,
,,1.0,,,,2003-07-22T01:59:46Z,ls7,qd9veceht37d,,,
0.062307692307692314,0.21692307692307694,0.0,0.7053846153846154,0.0,0.0,2003-07-30T01:47:55Z,ls5,qd9veceht37d,0.71640625,0.22031250000000002,0.06328125000000001
0.025384615384615387,0.21384615384615385,0.0,0.7446153846153846,0.0,0.0,2003-08-07T01:59:37Z,ls7,qd9veceht37d,0.7568412822517592,0.21735731039874903,0.025801407349491795
0.07230769230769231,0.19615384615384618,0.0,0.7146153846153847,0.0,0.0,2003-08-31T01:48:29Z,ls5,qd9veceht37d,0.7269170579029735,0.1995305164319249,0.07355242566510173
0.028461538461538458,0.20846153846153845,0.0,0.7469230769230767,0.0,0.0,2003-09-16T01:48:45Z,ls5,qd9veceht37d,0.7591868647380766,0.2118842845973417,0.028928850664581708
0.023846153846153847,0.23538461538461541,0.0,0.7276923076923076,0.0,0.0,2003-10-02T01:48:57Z,ls5,qd9veceht37d,0.7373343725643023,0.2385035074045207,0.02416212003117693
,,1.0,,,,2003-10-10T01:59:17Z,ls7,qd9veceht37d,,,
,,1.0,,,,2003-10-18T01:49:10Z,ls5,qd9veceht37d,,,
0.18384615384615383,0.3930769230769231,0.0,0.406923076923077,0.0,0.0,2003-10-26T01:59:37Z,ls7,qd9veceht37d,0.41360437842064124,0.3995308835027366,0.18686473807662235
0.09769230769230769,0.6892307692307692,0.0,0.20076923076923076,0.0,0.0,2003-11-03T01:49:15Z,ls5,qd9veceht37d,0.20327102803738317,0.6978193146417445,0.09890965732087227
0.22999999999999998,0.5449999999999999,0.8461538461538461,0.21000000000000002,0.0,0.0,2003-11-11T01:59:45Z,ls7,qd9veceht37d,0.21319796954314726,0.5532994923857868,0.233502538071066
0.17538461538461536,0.5792307692307693,0.0,0.2323076923076923,0.0,0.0,2003-11-27T01:59:55Z,ls7,qd9veceht37d,0.235385814497272,0.5869056897895558,0.1777084957131722
0.0,0.84,0.9230769230769231,0.14,0.0,0.0,2003-12-05T01:49:45Z,ls5,qd9veceht37d,0.14285714285714288,0.8571428571428571,0.0
0.1853846153846154,0.5938461538461539,0.0,0.20769230769230773,0.0,0.0,2003-12-13T02:00:00Z,ls7,qd9veceht37d,0.21044427123928294,0.6017147310989868,0.18784099766173032
0.15615384615384617,0.6392307692307693,0.0,0.1907692307692308,0.0,0.0,2003-12-21T01:49:53Z,ls5,qd9veceht37d,0.1934477379095164,0.6482059282371294,0.15834633385335414
0.18,0.69,0.9230769230769231,0.11,0.0,0.0,2003-12-29T02:00:08Z,ls7,qd9veceht37d,0.11224489795918367,0.7040816326530612,0.1836734693877551
0.19846153846153847,0.6476923076923077,0.0,0.13999999999999999,0.0,0.0,2004-01-14T02:00:09Z,ls7,qd9veceht37d,0.14196567862714507,0.656786271450858,0.20124804992199688
0.22538461538461535,0.6176923076923077,0.0,0.14076923076923079,0.0,0.0,2004-01-22T01:50:03Z,ls5,qd9veceht37d,0.14308053166536358,0.6278342455043002,0.22908522283033617
0.22615384615384618,0.6069230769230768,0.0,0.15307692307692308,0.0,0.0,2004-02-07T01:50:08Z,ls5,qd9veceht37d,0.15522620904836196,0.6154446177847113,0.22932917316692672
0.22307692307692312,0.6115384615384615,0.0,0.14999999999999997,0.0,0.0,2004-02-15T02:00:21Z,ls7,qd9veceht37d,0.15234374999999994,0.6210937499999999,0.22656250000000003
0.2253846153846154,0.6376923076923077,0.0,0.12230769230769233,0.0,0.0,2004-02-23T01:50:13Z,ls5,qd9veceht37d,0.12412177985948479,0.6471506635441061,0.22872755659640906
0.265,0.56,0.6923076923076923,0.16,0.0,0.0,2004-03-02T02:00:23Z,ls7,qd9veceht37d,0.16243654822335024,0.5685279187817259,0.26903553299492383
0.2984615384615385,0.5669230769230769,0.0,0.12076923076923075,0.0,0.0,2004-03-10T01:50:18Z,ls5,qd9veceht37d,0.12246489859594382,0.5748829953198127,0.3026521060842434
0.3030769230769231,0.55,0.0,0.13076923076923075,0.0,0.0,2004-03-18T02:00:30Z,ls7,qd9veceht37d,0.13291634089132132,0.5590304925723222,0.30805316653635656
0.31692307692307686,0.5746153846153845,0.0,0.09230769230769233,0.0,0.0,2004-03-26T01:50:20Z,ls5,qd9veceht37d,0.09382329945269745,0.5840500390930414,0.3221266614542611
0.33923076923076917,0.5446153846153846,0.0,0.09769230769230772,0.0,0.0,2004-04-03T02:00:30Z,ls7,qd9veceht37d,0.09952978056426336,0.554858934169279,0.3456112852664576
0.23076923076923078,0.6346153846153846,0.0,0.12153846153846154,0.0,0.0,2004-04-11T01:50:47Z,ls5,qd9veceht37d,0.12314886983632112,0.6430241621200311,0.2338269680436477
,,1.0,,,,2004-04-27T01:51:15Z,ls5,qd9veceht37d,,,
0.29999999999999993,0.5876923076923076,0.0,0.09769230769230772,0.0,0.0,2004-05-05T02:00:25Z,ls7,qd9veceht37d,0.09914129586260736,0.5964090554254489,0.30444964871194374
0.2653846153846154,0.5976923076923076,0.0,0.12384615384615384,0.0,0.0,2004-05-13T01:51:43Z,ls5,qd9veceht37d,0.1254871395167576,0.6056118472330476,0.2689010132501949
0.18,0.67,0.8461538461538461,0.14,0.0,0.0,2004-05-21T02:00:25Z,ls7,qd9veceht37d,0.14141414141414144,0.6767676767676768,0.18181818181818182
0.15000000000000002,0.4415384615384615,0.0,0.3976923076923077,0.0,0.0,2004-05-29T01:52:10Z,ls5,qd9veceht37d,0.40202177293934677,0.44634525660964225,0.1516329704510109
0.019999999999999997,0.35,0.46153846153846156,0.6185714285714285,0.0,0.0,2004-06-06T02:00:20Z,ls7,qd9veceht37d,0.6257225433526011,0.3540462427745665,0.020231213872832367
0.0476923076923077,0.23692307692307693,0.0,0.6976923076923077,0.0,0.0,2004-06-14T01:52:39Z,ls5,qd9veceht37d,0.7102584181675803,0.24119028974158183,0.04855129209083791
0.026923076923076925,0.14076923076923076,0.0,0.8153846153846154,0.0,0.0,2004-06-30T01:53:08Z,ls5,qd9veceht37d,0.8294209702660407,0.14319248826291078,0.027386541471048517
,,1.0,,,,2004-07-08T02:00:14Z,ls7,qd9veceht37d,,,
0.0576923076923077,0.17384615384615382,0.0,0.753076923076923,0.0,0.0,2004-07-16T01:53:34Z,ls5,qd9veceht37d,0.76484375,0.1765625,0.05859375000000002
0.015384615384615385,0.19,0.0,0.7792307692307692,0.0,0.0,2004-07-24T02:00:09Z,ls7,qd9veceht37d,0.7914062500000001,0.19296875000000002,0.015625000000000003
,,1.0,,,,2004-08-01T01:53:55Z,ls5,qd9veceht37d,,,
0.05923076923076925,0.20846153846153845,0.0,0.716923076923077,0.0,0.0,2004-08-09T02:00:02Z,ls7,qd9veceht37d,0.728125,0.21171874999999998,0.060156250000000015
0.07769230769230767,0.21153846153846154,0.0,0.6930769230769231,0.0,0.0,2004-08-17T01:54:17Z,ls5,qd9veceht37d,0.7055599060297573,0.2153484729835552,0.07909162098668752
,,1.0,,,,2004-08-25T02:00:01Z,ls7,qd9veceht37d,,,
0.05153846153846155,0.23769230769230767,0.0,0.696923076923077,0.0,0.0,2004-09-02T01:54:43Z,ls5,qd9veceht37d,0.7067082683307333,0.2410296411856474,0.05226209048361935
0.04461538461538462,0.23461538461538461,0.0,0.706923076923077,0.0,0.0,2004-09-10T01:59:55Z,ls7,qd9veceht37d,0.7168486739469578,0.2379095163806552,0.0452418096723869
0.10769230769230773,0.19846153846153847,0.0,0.6792307692307692,0.0,0.0,2004-09-18T01:55:08Z,ls5,qd9veceht37d,0.6893052302888368,0.20140515222482436,0.10928961748633882
,,1.0,,,,2004-09-26T01:59:50Z,ls7,qd9veceht37d,,,
0.0553846153846154,0.35923076923076924,0.0,0.5723076923076923,0.0,0.0,2004-10-04T01:55:29Z,ls5,qd9veceht37d,0.5798908807482464,0.36399064692127825,0.05611847233047546
0.04538461538461539,0.5499999999999999,0.0,0.3915384615384615,0.0,0.0,2004-10-20T01:55:50Z,ls5,qd9veceht37d,0.3967264224473889,0.5572876071706937,0.045985970381917395
0.12,0.63,0.7692307692307692,0.23666666666666666,0.0,0.0,2004-10-28T02:00:03Z,ls7,qd9veceht37d,0.23986486486486486,0.6385135135135135,0.12162162162162161
,,1.0,,,,2004-11-05T01:56:09Z,ls5,qd9veceht37d,,,
0.20500000000000002,0.555,0.8461538461538461,0.23,0.0,0.0,2004-11-13T02:00:10Z,ls7,qd9veceht37d,0.23232323232323235,0.5606060606060607,0.2070707070707071
0.18153846153846154,0.6107692307692307,0.0,0.19615384615384618,0.0,0.0,2004-11-21T01:56:23Z,ls5,qd9veceht37d,0.198443579766537,0.6178988326848249,0.18365758754863815
,,1.0,,,,2004-11-29T02:00:20Z,ls7,qd9veceht37d,,,
0.1623076923076923,0.6623076923076923,0.0,0.16076923076923075,0.0,0.0,2004-12-07T01:56:46Z,ls5,qd9veceht37d,0.16315378610460576,0.6721311475409836,0.1647150663544106
0.13384615384615384,0.7115384615384615,0.0,0.13846153846153847,0.0,0.0,2004-12-15T02:00:26Z,ls7,qd9veceht37d,0.14073494917904616,0.7232212666145427,0.13604378420641128
0.15307692307692308,0.7076923076923076,0.0,0.12461538461538463,0.0,0.0,2004-12-23T01:57:03Z,ls5,qd9veceht37d,0.12646370023419207,0.7181889149102264,0.15534738485558158
0.1553846153846154,0.693076923076923,0.0,0.13615384615384615,0.0,0.0,2004-12-31T02:00:35Z,ls7,qd9veceht37d,0.13828125,0.70390625,0.1578125
0.17384615384615387,0.6838461538461539,0.0,0.12923076923076923,0.0,0.0,2005-01-08T01:57:15Z,ls5,qd9veceht37d,0.1309431021044427,0.6929072486360093,0.17614964925954796
0.25461538461538463,0.5946153846153847,0.0,0.1376923076923077,0.0,0.0,2005-01-16T02:00:38Z,ls7,qd9veceht37d,0.13951675759937646,0.6024941543257989,0.2579890880748246
0.20461538461538462,0.6384615384615384,0.0,0.14230769230769227,0.0,0.0,2005-01-24T01:57:28Z,ls5,qd9veceht37d,0.14441842310694766,0.6479313036690086,0.20765027322404372
0.20076923076923078,0.6746153846153846,0.0,0.10923076923076926,0.0,0.0,2005-02-01T02:00:42Z,ls7,qd9veceht37d,0.11093750000000002,0.6851562499999999,0.20390625
0.2353846153846154,0.64,0.0,0.11307692307692309,0.0,0.0,2005-02-09T01:57:41Z,ls5,qd9veceht37d,0.11439688715953308,0.6474708171206226,0.23813229571984434
,,1.0,,,,2005-02-17T02:00:51Z,ls7,qd9veceht37d,,,
,,1.0,,,,2005-02-25T01:57:58Z,ls5,qd9veceht37d,,,
,,1.0,,,,2005-03-13T01:58:10Z,ls5,qd9veceht37d,,,
0.26666666666666666,0.62,0.7692307692307692,0.09999999999999999,0.0,0.0,2005-03-21T02:00:56Z,ls7,qd9veceht37d,0.10135135135135136,0.6283783783783784,0.2702702702702703
0.2423076923076923,0.663076923076923,0.0,0.07923076923076923,0.0,0.0,2005-03-29T01:58:17Z,ls5,qd9veceht37d,0.08046875,0.6734375,0.24609375
0.27153846153846156,0.6215384615384617,0.0,0.09307692307692307,0.0,0.0,2005-04-06T02:00:52Z,ls7,qd9veceht37d,0.09438377535101401,0.6302652106084243,0.27535101404056156
0.2630769230769231,0.6523076923076924,0.0,0.06769230769230769,0.0,0.0,2005-04-14T01:58:21Z,ls5,qd9veceht37d,0.06885758998435054,0.6635367762128326,0.2676056338028169
0.2623076923076923,0.6215384615384616,0.0,0.10230769230769231,0.0,0.0,2005-04-22T02:00:46Z,ls7,qd9veceht37d,0.10374414976599064,0.6302652106084244,0.265990639625585
0.18692307692307691,0.5792307692307693,0.0,0.22076923076923077,0.0,0.0,2005-05-08T02:00:51Z,ls7,qd9veceht37d,0.2236944660950896,0.5869056897895558,0.1893998441153546
0.08818181818181818,0.5336363636363636,0.15384615384615385,0.36727272727272725,0.0,0.0,2005-05-24T02:00:50Z,ls7,qd9veceht37d,0.3713235294117647,0.5395220588235294,0.08915441176470588
,,1.0,,,,2005-06-01T01:58:41Z,ls5,qd9veceht37d,,,
0.0,0.0,0.0,0.0,0.0,1.0,2005-06-17T01:58:48Z,ls5,qd9veceht37d,0.0,0.0,0.0
0.03384615384615385,0.2569230769230769,0.0,0.6923076923076924,0.0,0.0,2005-06-25T02:00:39Z,ls7,qd9veceht37d,0.7042253521126761,0.26134585289514867,0.03442879499217528
0.53,0.14,0.9230769230769231,0.33,0.0,0.0,2005-07-03T01:58:51Z,ls5,qd9veceht37d,0.33,0.14,0.53
0.10923076923076924,0.21538461538461537,0.0,0.66,0.0,0.0,2005-07-11T02:00:40Z,ls7,qd9veceht37d,0.6703125,0.21874999999999997,0.11093750000000001
0.12461538461538463,0.22999999999999998,0.0,0.6323076923076922,0.0,0.0,2005-07-19T01:59:02Z,ls5,qd9veceht37d,0.6406858924395947,0.23304754481683557,0.1262665627435698
0.09,0.32499999999999996,0.8461538461538461,0.575,0.0,0.0,2005-07-27T02:00:39Z,ls7,qd9veceht37d,0.5808080808080809,0.3282828282828283,0.09090909090909091
0.13307692307692306,0.1746153846153846,0.0,0.6753846153846154,0.0,0.0,2005-08-04T01:59:11Z,ls5,qd9veceht37d,0.6870109546165885,0.17762128325508605,0.1353677621283255
,,1.0,,,,2005-08-12T02:00:35Z,ls7,qd9veceht37d,,,
0.06692307692307692,0.23615384615384613,0.0,0.6807692307692308,0.0,0.0,2005-08-20T01:59:17Z,ls5,qd9veceht37d,0.6919468334636435,0.2400312744331509,0.06802189210320563
,,1.0,,,,2005-08-28T02:00:28Z,ls7,qd9veceht37d,,,
0.10153846153846155,0.18,0.0,0.7038461538461539,0.0,0.0,2005-09-05T01:59:21Z,ls5,qd9veceht37d,0.7142857142857142,0.18266978922716626,0.10304449648711944
0.12538461538461537,0.2569230769230769,0.0,0.6015384615384616,0.0,0.0,2005-10-07T01:59:18Z,ls5,qd9veceht37d,0.6114151681000782,0.2611415168100078,0.127443315089914
0.13615384615384613,0.32769230769230767,0.0,0.5223076923076924,0.0,0.0,2005-10-15T02:00:21Z,ls7,qd9veceht37d,0.5296411856474259,0.33229329173166927,0.1380655226209048
0.08230769230769229,0.4169230769230769,0.0,0.48923076923076925,0.0,0.0,2005-10-23T01:59:17Z,ls5,qd9veceht37d,0.4949416342412452,0.4217898832684825,0.08326848249027236
0.06076923076923077,0.6269230769230769,0.0,0.2992307692307692,0.0,0.0,2005-10-31T02:00:34Z,ls7,qd9veceht37d,0.3031956352299298,0.6352299298519096,0.061574434918160566
0.1246153846153846,0.5161538461538461,0.0,0.34769230769230774,0.0,0.0,2005-11-08T01:59:26Z,ls5,qd9veceht37d,0.351750972762646,0.5221789883268482,0.12607003891050583
0.10999999999999999,0.6433333333333332,0.7692307692307692,0.22666666666666666,0.0,0.0,2005-11-16T02:00:44Z,ls7,qd9veceht37d,0.23129251700680273,0.6564625850340136,0.11224489795918367
0.15230769230769228,0.6184615384615385,0.0,0.21538461538461537,0.0,0.0,2005-11-24T01:59:50Z,ls5,qd9veceht37d,0.21840873634945396,0.6271450858034322,0.15444617784711387
0.1553846153846154,0.6161538461538463,0.0,0.2153846153846154,0.0,0.0,2005-12-02T02:00:50Z,ls7,qd9veceht37d,0.2182385035074045,0.6243180046765394,0.15744349181605613
0.19692307692307692,0.596153846153846,0.0,0.19461538461538463,0.0,0.0,2005-12-18T02:00:52Z,ls7,qd9veceht37d,0.19704049844236762,0.6035825545171338,0.19937694704049846
0.20615384615384616,0.6430769230769232,0.0,0.13846153846153847,0.0,0.0,2006-01-19T02:01:09Z,ls7,qd9veceht37d,0.14018691588785046,0.6510903426791278,0.20872274143302177
0.21846153846153846,0.6653846153846155,0.0,0.09846153846153848,0.0,0.0,2006-01-27T02:01:20Z,ls5,qd9veceht37d,0.10023492560689115,0.677368833202819,0.2223962411902897
0.27076923076923076,0.5915384615384616,0.0,0.12384615384615384,0.0,0.0,2006-02-04T02:01:15Z,ls7,qd9veceht37d,0.12558502340093602,0.5998439937597504,0.2745709828393136
0.21846153846153848,0.64,0.0,0.12692307692307694,0.0,0.0,2006-02-12T02:01:42Z,ls5,qd9veceht37d,0.1288056206088993,0.6494925839188134,0.2217017954722873
0.27999999999999997,0.584,0.6153846153846154,0.118,0.0,0.0,2006-02-20T02:01:19Z,ls7,qd9veceht37d,0.12016293279022403,0.594704684317719,0.285132382892057
0.26076923076923075,0.6230769230769231,0.0,0.10000000000000002,0.0,0.0,2006-02-28T02:02:02Z,ls5,qd9veceht37d,0.10164190774042223,0.6333072713057076,0.2650508209538702
,,1.0,,,,2006-03-08T02:01:20Z,ls7,qd9veceht37d,,,
,,1.0,,,,2006-04-09T02:01:17Z,ls7,qd9veceht37d,,,
0.37384615384615383,0.553076923076923,0.0,0.05307692307692307,0.0,0.0,2006-04-17T02:02:57Z,ls5,qd9veceht37d,0.05416012558869702,0.5643642072213501,0.38147566718995296
,,1.0,,,,2006-04-25T02:01:16Z,ls7,qd9veceht37d,,,
0.3507692307692307,0.5623076923076924,0.0,0.07076923076923076,0.0,0.0,2006-05-03T02:03:12Z,ls5,qd9veceht37d,0.07193119624706801,0.5715402658326818,0.35652853792025013
0.3969230769230769,0.52,0.0,0.06923076923076923,0.0,0.0,2006-05-11T02:01:18Z,ls7,qd9veceht37d,0.0702028081123245,0.5273010920436818,0.4024960998439937
0.3284615384615384,0.6092307692307692,0.0,0.04692307692307693,0.0,0.0,2006-05-19T02:03:24Z,ls5,qd9veceht37d,0.047656250000000004,0.61875,0.3335937499999999
0.3933333333333333,0.47333333333333333,0.7692307692307692,0.11666666666666665,0.0,0.0,2006-05-27T02:01:18Z,ls7,qd9veceht37d,0.11864406779661016,0.48135593220338985,0.4
0.4007692307692307,0.553076923076923,0.0,0.03076923076923077,0.0,0.0,2006-06-04T02:03:39Z,ls5,qd9veceht37d,0.03125000000000001,0.56171875,0.40703125
0.4423076923076923,0.4692307692307693,0.0,0.06999999999999999,0.0,0.0,2006-06-12T02:01:15Z,ls7,qd9veceht37d,0.07131661442006268,0.47805642633228845,0.45062695924764884
,,1.0,,,,2006-06-20T02:03:53Z,ls5,qd9veceht37d,,,
0.3676923076923077,0.5492307692307693,0.0,0.06692307692307692,0.0,0.0,2006-07-06T02:04:08Z,ls5,qd9veceht37d,0.06802189210320561,0.5582486317435497,0.37372947615324464
0.2907692307692308,0.5507692307692308,0.0,0.14307692307692305,0.0,0.0,2006-07-14T02:01:02Z,ls7,qd9veceht37d,0.14531249999999998,0.5593750000000001,0.29531250000000003
0.24384615384615385,0.5684615384615385,0.0,0.17538461538461542,0.0,0.0,2006-07-22T02:04:21Z,ls5,qd9veceht37d,0.17757009345794397,0.5755451713395638,0.24688473520249224
0.19538461538461535,0.5546153846153847,0.0,0.23923076923076925,0.0,0.0,2006-07-30T02:00:56Z,ls7,qd9veceht37d,0.24183514774494555,0.5606531881804044,0.19751166407465
,,1.0,,,,2006-08-23T02:04:45Z,ls5,qd9veceht37d,,,
,,1.0,,,,2006-09-16T02:00:46Z,ls7,qd9veceht37d,,,
0.23769230769230767,0.20923076923076925,0.0,0.5407692307692308,0.0,0.0,2006-09-24T02:05:09Z,ls5,qd9veceht37d,0.5475077881619939,0.21183800623052962,0.24065420560747663
0.24307692307692308,0.28153846153846157,0.0,0.46153846153846156,0.0,0.0,2006-10-02T02:00:39Z,ls7,qd9veceht37d,0.46801872074882994,0.28549141965678626,0.24648985959438374
0.2684615384615385,0.35923076923076924,0.0,0.35692307692307684,0.0,0.0,2006-10-10T02:05:19Z,ls5,qd9veceht37d,0.3624999999999999,0.36484374999999997,0.27265625
0.2646153846153846,0.4061538461538461,0.0,0.3184615384615385,0.0,0.0,2006-10-18T02:00:46Z,ls7,qd9veceht37d,0.3219284603421462,0.4105754276827371,0.2674961119751166
0.24999999999999994,0.4938461538461538,0.0,0.24076923076923076,0.0,0.0,2006-10-26T02:05:29Z,ls5,qd9veceht37d,0.24453125000000003,0.5015625,0.25390625
0.2823076923076923,0.513846153846154,0.0,0.19076923076923077,0.0,0.0,2006-11-03T02:01:01Z,ls7,qd9veceht37d,0.19329696024941542,0.5206547155105222,0.2860483242400623
0.5499999999999999,0.2938461538461538,0.0,0.14076923076923079,0.0,0.0,2006-11-11T02:05:37Z,ls5,qd9veceht37d,0.14296875000000003,0.29843749999999997,0.55859375
0.35769230769230764,0.5069230769230768,0.0,0.12000000000000001,0.0,0.0,2006-11-19T02:01:13Z,ls7,qd9veceht37d,0.12187500000000002,0.5148437499999999,0.36328125
0.3223076923076923,0.5769230769230769,0.0,0.08384615384615383,0.0,0.0,2006-11-27T02:05:46Z,ls5,qd9veceht37d,0.08528951486697965,0.5868544600938967,0.32785602503912364
0.3230769230769231,0.5553846153846155,0.0,0.10615384615384617,0.0,0.0,2006-12-05T02:01:21Z,ls7,qd9veceht37d,0.1078125,0.5640625,0.328125
0.3184615384615385,0.5792307692307692,0.0,0.08692307692307694,0.0,0.0,2006-12-13T02:05:54Z,ls5,qd9veceht37d,0.08828125,0.58828125,0.32343750000000004
,,1.0,,,,2006-12-21T02:01:26Z,ls7,qd9veceht37d,,,
0.35461538461538455,0.5838461538461538,0.0,0.04538461538461539,0.0,0.0,2006-12-29T02:06:01Z,ls5,qd9veceht37d,0.04612978889757625,0.5934323690383112,0.36043784206411256
0.36538461538461536,0.55,0.0,0.06923076923076922,0.0,0.0,2007-01-06T02:01:27Z,ls7,qd9veceht37d,0.07031249999999999,0.55859375,0.37109374999999994
0.4115384615384616,0.5615384615384615,0.0,0.011538461538461537,0.0,0.0,2007-01-14T02:06:07Z,ls5,qd9veceht37d,0.011718749999999998,0.5703125,0.41796875
0.4384615384615384,0.5230769230769232,0.0,0.02,0.0,0.0,2007-01-22T02:01:30Z,ls7,qd9veceht37d,0.02037617554858934,0.5329153605015674,0.44670846394984315
0.3823076923076923,0.583076923076923,0.0,0.016923076923076923,0.0,0.0,2007-01-30T02:06:11Z,ls5,qd9veceht37d,0.017227877838684416,0.5935787000783085,0.389193422083007
0.42,0.5407692307692308,0.0,0.024615384615384612,0.0,0.0,2007-02-07T02:01:37Z,ls7,qd9veceht37d,0.02498048399687744,0.5487900078064013,0.42622950819672134
0.44461538461538463,0.5276923076923077,0.0,0.009230769230769232,0.0,0.0,2007-02-15T02:06:13Z,ls5,qd9veceht37d,0.009404388714733543,0.5376175548589341,0.45297805642633227
0.4066666666666667,0.5455555555555556,0.3076923076923077,0.03333333333333334,0.0,0.0,2007-02-23T02:01:42Z,ls7,qd9veceht37d,0.03382187147688839,0.5535512965050733,0.41262683201803835
0.42461538461538456,0.5469230769230768,0.0,0.012307692307692308,0.0,0.0,2007-03-03T02:06:12Z,ls5,qd9veceht37d,0.012509773260359656,0.5559030492572321,0.4315871774824081
0.5046153846153847,0.4615384615384616,0.0,0.016153846153846154,0.0,0.0,2007-03-11T02:01:45Z,ls7,qd9veceht37d,0.016444792482380576,0.46985121378230227,0.5137039937353172
0.6353846153846153,0.3484615384615385,0.0,0.0,0.0,0.0,2007-03-19T02:06:09Z,ls5,qd9veceht37d,0.0,0.3541829554339328,0.6458170445660673
0.47538461538461535,0.47923076923076924,0.0,0.026153846153846153,0.0,0.0,2007-03-27T02:01:46Z,ls7,qd9veceht37d,0.026666666666666665,0.4886274509803921,0.4847058823529411
,,1.0,,,,2007-04-04T02:06:06Z,ls5,qd9veceht37d,,,
0.44,0.53,0.9230769230769231,0.02,0.0,0.0,2007-04-12T02:01:45Z,ls7,qd9veceht37d,0.020202020202020204,0.5353535353535354,0.4444444444444445
0.4976923076923076,0.47538461538461535,0.0,0.011538461538461537,0.0,0.0,2007-04-20T02:06:00Z,ls5,qd9veceht37d,0.011718750000000002,0.48281250000000003,0.50546875
0.4423076923076923,0.48461538461538456,0.0,0.0576923076923077,0.0,0.0,2007-04-28T02:01:42Z,ls7,qd9veceht37d,0.058593750000000014,0.49218749999999994,0.44921875
0.5200000000000001,0.4123076923076923,0.0,0.05076923076923078,0.0,0.0,2007-05-14T02:01:37Z,ls7,qd9veceht37d,0.05164319248826292,0.41940532081377147,0.5289514866979657
0.5,0.48000000000000004,0.0,0.006153846153846154,0.0,0.0,2007-05-22T02:05:41Z,ls5,qd9veceht37d,0.0062402496099844,0.48673946957878317,0.5070202808112324
0.4038461538461538,0.5000000000000001,0.0,0.08076923076923077,0.0,0.0,2007-05-30T02:01:29Z,ls7,qd9veceht37d,0.08203125,0.5078125000000001,0.41015624999999994
0.24461538461538462,0.56,0.0,0.18076923076923074,0.0,0.0,2007-06-15T02:01:30Z,ls7,qd9veceht37d,0.18345042935206865,0.5683060109289617,0.24824355971896953
0.0,0.0,0.0,0.0,0.0,1.0,2007-06-23T02:05:08Z,ls5,qd9veceht37d,0.0,0.0,0.0
,,1.0,,,,2007-07-01T02:01:29Z,ls7,qd9veceht37d,,,
0.3738461538461539,0.43538461538461537,0.0,0.17461538461538464,0.0,0.0,2007-07-09T02:04:57Z,ls5,qd9veceht37d,0.17748240813135266,0.44253322908522286,0.3799843627834246
0.39846153846153853,0.4215384615384614,0.0,0.1607692307692308,0.0,0.0,2007-07-17T02:01:26Z,ls7,qd9veceht37d,0.16392156862745103,0.42980392156862735,0.40627450980392166
0.0,0.6466666666666666,0.7692307692307692,0.35333333333333333,0.0,0.0,2007-07-25T02:04:49Z,ls5,qd9veceht37d,0.35333333333333333,0.6466666666666666,0.0
0.04615384615384614,0.51,0.0,0.43076923076923074,0.0,0.0,2007-08-02T02:01:21Z,ls7,qd9veceht37d,0.436477007014809,0.5167575993764615,0.04676539360872953
,,1.0,,,,2007-08-10T02:04:40Z,ls5,qd9veceht37d,,,
0.23923076923076925,0.19923076923076927,0.0,0.5453846153846154,0.0,0.0,2007-08-18T02:01:15Z,ls7,qd9veceht37d,0.5543393275996872,0.20250195465207196,0.2431587177482408
0.15923076923076923,0.13461538461538464,0.0,0.6900000000000001,0.0,0.0,2007-08-26T02:04:30Z,ls5,qd9veceht37d,0.7013291634089132,0.13682564503518374,0.16184519155590302
,,1.0,,,,2007-09-02T02:10:36Z,ls5,qd9veceht37d,,,
0.19,0.15000000000000002,0.0,0.6469230769230769,0.0,0.0,2007-09-03T02:01:08Z,ls7,qd9veceht37d,0.6554949337490257,0.15198752922837103,0.19251753702260327
,,1.0,,,,2007-09-11T02:04:22Z,ls5,qd9veceht37d,,,
0.13307692307692306,0.32461538461538464,0.0,0.53,0.0,0.0,2007-09-19T02:01:02Z,ls7,qd9veceht37d,0.5366043613707165,0.32866043613707163,0.13473520249221183
0.1811111111111111,0.26,0.3076923076923077,0.5433333333333333,0.0,0.0,2007-10-05T02:00:53Z,ls7,qd9veceht37d,0.5519187358916479,0.26410835214446954,0.18397291196388263
0.18000000000000002,0.315,0.6923076923076923,0.4925,0.0,0.0,2007-10-21T02:01:06Z,ls7,qd9veceht37d,0.49873417721518987,0.3189873417721519,0.18227848101265823
0.2507692307692308,0.45769230769230773,0.0,0.27999999999999997,0.0,0.0,2007-11-06T02:01:16Z,ls7,qd9veceht37d,0.2832684824902723,0.46303501945525294,0.25369649805447475
,,1.0,,,,2007-11-22T02:01:25Z,ls7,qd9veceht37d,,,
0.32,0.5153846153846154,0.0,0.14923076923076922,0.0,0.0,2007-12-08T02:01:31Z,ls7,qd9veceht37d,0.1515625,0.5234375,0.325
0.4338461538461539,0.4792307692307692,0.0,0.07307692307692307,0.0,0.0,2007-12-24T02:01:34Z,ls7,qd9veceht37d,0.07410296411856473,0.485959438377535,0.4399375975039002
0.38636363636363635,0.5072727272727273,0.15384615384615385,0.08909090909090908,0.0,0.0,2008-01-09T02:01:36Z,ls7,qd9veceht37d,0.09065679925994448,0.5161887141535615,0.39315448658649393
0.3584615384615385,0.5784615384615385,0.0,0.04538461538461537,0.0,0.0,2008-01-17T02:02:20Z,ls5,qd9veceht37d,0.04620203602192637,0.5888801879404855,0.3649177760375881
,,1.0,,,,2008-01-24T02:08:22Z,ls5,qd9veceht37d,,,
0.3792307692307692,0.513846153846154,0.0,0.09384615384615384,0.0,0.0,2008-01-25T02:01:35Z,ls7,qd9veceht37d,0.09508963367108339,0.5206547155105222,0.3842556508183943
0.40846153846153843,0.513076923076923,0.0,0.06076923076923076,0.0,0.0,2008-02-02T02:02:03Z,ls5,qd9veceht37d,0.06186374314800313,0.5223179326546593,0.4158183241973375
,,1.0,,,,2008-02-09T02:08:07Z,ls5,qd9veceht37d,,,
0.44461538461538463,0.4346153846153846,0.0,0.10307692307692308,0.0,0.0,2008-02-10T02:01:32Z,ls7,qd9veceht37d,0.10493343774471417,0.442443226311668,0.45262333594361787
0.4146153846153846,0.4915384615384616,0.0,0.07461538461538461,0.0,0.0,2008-02-18T02:01:46Z,ls5,qd9veceht37d,0.07607843137254901,0.5011764705882353,0.42274509803921567
0.3433333333333333,0.6066666666666666,0.7692307692307692,0.03666666666666667,0.0,0.0,2008-02-26T02:01:28Z,ls7,qd9veceht37d,0.037162162162162164,0.6148648648648648,0.34797297297297297
0.6730769230769229,0.29615384615384616,0.0,0.015384615384615385,0.0,0.0,2008-03-13T02:01:22Z,ls7,qd9veceht37d,0.015625000000000003,0.30078125000000006,0.6835937499999999
,,1.0,,,,2008-03-29T02:01:23Z,ls7,qd9veceht37d,,,
0.7946153846153846,0.1653846153846154,0.0,0.025384615384615387,0.0,0.0,2008-04-14T02:01:22Z,ls7,qd9veceht37d,0.02576112412177986,0.16783762685402032,0.8064012490241999
0.07,0.915,0.8461538461538461,0.0,0.0,0.0,2008-04-30T02:01:19Z,ls7,qd9veceht37d,0.0,0.9289340101522842,0.07106598984771574
0.31625000000000003,0.55,0.3846153846153846,0.12125000000000001,0.0,0.0,2008-05-16T02:01:14Z,ls7,qd9veceht37d,0.12278481012658228,0.5569620253164557,0.32025316455696207
0.16384615384615384,0.7092307692307691,0.0,0.11384615384615385,0.0,0.0,2008-06-01T02:01:06Z,ls7,qd9veceht37d,0.11535463756819955,0.7186282151208105,0.16601714731098988
0.057692307692307696,0.803076923076923,0.0,0.12384615384615381,0.0,0.0,2008-06-17T02:00:57Z,ls7,qd9veceht37d,0.12578124999999998,0.815625,0.05859375000000001
0.12692307692307694,0.6361538461538461,0.0,0.2276923076923077,0.0,0.0,2008-07-03T02:00:47Z,ls7,qd9veceht37d,0.22981366459627334,0.642080745341615,0.12810559006211183
0.223,0.433,0.23076923076923073,0.331,0.0,0.0,2008-07-19T02:00:35Z,ls7,qd9veceht37d,0.3353596757852077,0.4387031408308004,0.2259371833839919
,,1.0,,,,2008-08-04T02:00:28Z,ls7,qd9veceht37d,,,
0.36076923076923073,0.2884615384615384,0.0,0.3376923076923077,0.0,0.0,2008-08-20T02:00:22Z,ls7,qd9veceht37d,0.34216679657053783,0.2922837100545596,0.36554949337490256
0.3638461538461539,0.2469230769230769,0.0,0.37692307692307697,0.0,0.0,2008-09-05T02:00:14Z,ls7,qd9veceht37d,0.38161993769470404,0.24999999999999994,0.3683800623052959
0.25307692307692314,0.2161538461538462,0.0,0.5169230769230769,0.0,0.0,2008-10-07T01:59:55Z,ls7,qd9veceht37d,0.5241809672386895,0.21918876755070202,0.25663026521060844
0.42538461538461536,0.14384615384615385,0.0,0.4184615384615385,0.0,0.0,2008-10-15T01:55:20Z,ls5,qd9veceht37d,0.4236760124610592,0.14563862928348908,0.4306853582554517
,,1.0,,,,2008-10-23T02:00:03Z,ls7,qd9veceht37d,,,
0.3446153846153845,0.32076923076923075,0.0,0.32384615384615384,0.0,0.0,2008-10-31T01:54:47Z,ls5,qd9veceht37d,0.3273716951788492,0.32426127527216175,0.348367029548989
0.3046153846153846,0.4038461538461539,0.0,0.27999999999999997,0.0,0.0,2008-11-08T02:00:18Z,ls7,qd9veceht37d,0.2832684824902723,0.40856031128404674,0.30817120622568095
0.42153846153846153,0.42153846153846153,0.0,0.14230769230769227,0.0,0.0,2008-11-16T01:54:32Z,ls5,qd9veceht37d,0.14441842310694766,0.4277907884465262,0.4277907884465262
0.03833333333333334,0.8233333333333333,0.5384615384615384,0.13,0.0,0.0,2008-11-24T02:00:30Z,ls7,qd9veceht37d,0.13109243697478992,0.8302521008403361,0.03865546218487396
0.34461538461538466,0.5384615384615384,0.0,0.10615384615384618,0.0,0.0,2008-12-02T01:55:04Z,ls5,qd9veceht37d,0.10730948678071542,0.5443234836702955,0.3483670295489891
0.054615384615384614,0.7538461538461537,0.0,0.17923076923076925,0.0,0.0,2008-12-10T02:00:41Z,ls7,qd9veceht37d,0.1814641744548287,0.7632398753894081,0.055295950155763246
0.4415384615384615,0.48846153846153856,0.0,0.054615384615384614,0.0,0.0,2008-12-18T01:55:33Z,ls5,qd9veceht37d,0.05546875,0.49609375000000006,0.44843749999999993
0.38384615384615384,0.5107692307692309,0.0,0.08846153846153845,0.0,0.0,2008-12-26T02:00:49Z,ls7,qd9veceht37d,0.08998435054773081,0.5195618153364633,0.3904538341158059
0.37692307692307697,0.5692307692307692,0.0,0.03923076923076923,0.0,0.0,2009-01-03T01:55:59Z,ls5,qd9veceht37d,0.03981264637002342,0.5776736924277908,0.3825136612021859
0.48692307692307685,0.4284615384615385,0.0,0.06846153846153846,0.0,0.0,2009-01-11T02:00:55Z,ls7,qd9veceht37d,0.06958561376075059,0.4354964816262706,0.49491790461297885
0.7607692307692309,0.18692307692307694,0.0,0.03769230769230769,0.0,0.0,2009-02-12T02:01:07Z,ls7,qd9veceht37d,0.03825136612021857,0.18969555035128804,0.7720530835284933
0.8153846153846154,0.15692307692307692,0.0,0.01076923076923077,0.0,0.0,2009-02-20T01:57:14Z,ls5,qd9veceht37d,0.010954616588419407,0.1596244131455399,0.8294209702660407
,,1.0,,,,2009-02-28T02:01:16Z,ls7,qd9veceht37d,,,
,,1.0,,,,2009-03-16T02:01:24Z,ls7,qd9veceht37d,,,
0.8853846153846153,0.09923076923076923,0.0,0.0038461538461538464,0.0,0.0,2009-03-24T01:57:59Z,ls5,qd9veceht37d,0.003891050583657588,0.10038910505836576,0.8957198443579767
0.8884615384615385,0.08,0.0,0.018461538461538463,0.0,0.0,2009-04-01T02:01:30Z,ls7,qd9veceht37d,0.018706157443491817,0.08106001558846453,0.9002338269680437
0.8646153846153847,0.1053846153846154,0.0,0.015384615384615385,0.0,0.0,2009-04-17T02:01:35Z,ls7,qd9veceht37d,0.0156128024980484,0.10694769711163155,0.8774395003903201
0.8938461538461537,0.08461538461538462,0.0,0.01,0.0,0.0,2009-04-25T01:58:37Z,ls5,qd9veceht37d,0.010116731517509728,0.08560311284046694,0.9042801556420232
0.9107692307692308,0.06923076923076922,0.0,0.00923076923076923,0.0,0.0,2009-05-03T02:01:39Z,ls7,qd9veceht37d,0.009331259720062208,0.06998444790046655,0.9206842923794712
0.6653846153846155,0.29615384615384616,0.0,0.019230769230769232,0.0,0.0,2009-05-11T01:58:55Z,ls5,qd9veceht37d,0.0196078431372549,0.30196078431372547,0.6784313725490196
0.7223076923076922,0.23923076923076925,0.0,0.02153846153846154,0.0,0.0,2009-05-19T02:01:41Z,ls7,qd9veceht37d,0.021909233176838815,0.24334898278560255,0.7347417840375586
,,1.0,,,,2009-06-04T02:01:41Z,ls7,qd9veceht37d,,,
,,1.0,,,,2009-06-20T02:01:39Z,ls7,qd9veceht37d,,,
0.1676923076923077,0.41076923076923083,0.0,0.40923076923076923,0.0,0.0,2009-06-28T01:59:47Z,ls5,qd9veceht37d,0.4143302180685358,0.41588785046728977,0.16978193146417445
0.1307692307692308,0.1846153846153846,0.0,0.6676923076923077,0.0,0.0,2009-07-14T02:00:04Z,ls5,qd9veceht37d,0.679186228482003,0.1877934272300469,0.13302034428794995
,,1.0,,,,2009-07-22T02:01:32Z,ls7,qd9veceht37d,,,
0.06,0.21,0.9230769230769231,0.72,0.0,0.0,2009-08-07T02:01:26Z,ls7,qd9veceht37d,0.7272727272727273,0.21212121212121213,0.06060606060606061
,,1.0,,,,2009-08-15T02:00:33Z,ls5,qd9veceht37d,,,
,,1.0,,,,2009-08-23T02:01:25Z,ls7,qd9veceht37d,,,
0.05538461538461538,0.12846153846153846,0.0,0.5761538461538461,0.0,0.23076923076923078,2009-08-31T02:00:47Z,ls5,qd9veceht37d,0.5831516661476175,0.13002180006228586,0.05605730302086576
0.327,0.053000000000000005,0.23076923076923073,0.607,0.0,0.0,2009-09-08T02:01:24Z,ls7,qd9veceht37d,0.6149949341438702,0.05369807497467072,0.33130699088145893
,,1.0,,,,2009-09-16T02:01:00Z,ls5,qd9veceht37d,,,
0.05600000000000001,0.252,0.6153846153846154,0.6740000000000002,0.0,0.0,2009-09-24T02:01:23Z,ls7,qd9veceht37d,0.6863543788187373,0.2566191446028513,0.0570264765784114
0.0776923076923077,0.31846153846153846,0.0,0.5876923076923077,0.0,0.0,2009-10-02T02:01:12Z,ls5,qd9veceht37d,0.5973416731821736,0.3236903831118061,0.07896794370602032
,,1.0,,,,2009-10-10T02:01:17Z,ls7,qd9veceht37d,,,
0.10076923076923079,0.5115384615384614,0.0,0.3707692307692308,0.0,0.0,2009-10-18T02:01:22Z,ls5,qd9veceht37d,0.37715179968701096,0.5203442879499216,0.10250391236306731
0.12692307692307694,0.6707692307692308,0.0,0.18769230769230769,0.0,0.0,2009-11-03T02:01:30Z,ls5,qd9veceht37d,0.19047619047619047,0.6807181889149102,0.1288056206088993
0.09846153846153846,0.7238461538461538,0.0,0.16538461538461538,0.0,0.0,2009-11-11T02:01:48Z,ls7,qd9veceht37d,0.1674454828660436,0.7328660436137071,0.09968847352024923
0.05000000000000001,0.793846153846154,0.0,0.14538461538461536,0.0,0.0,2009-11-19T02:01:37Z,ls5,qd9veceht37d,0.14696734059097974,0.80248833592535,0.0505443234836703
0.2,0.6769230769230768,0.0,0.10923076923076926,0.0,0.0,2009-11-27T02:01:59Z,ls7,qd9veceht37d,0.11076443057722311,0.6864274570982839,0.202808112324493
0.12769230769230772,0.7669230769230769,0.0,0.09307692307692307,0.0,0.0,2009-12-05T02:01:46Z,ls5,qd9veceht37d,0.09423676012461059,0.7764797507788163,0.12928348909657325
,,1.0,,,,2009-12-13T02:02:11Z,ls7,qd9veceht37d,,,
0.1453846153846154,0.75,0.0,0.09384615384615384,0.0,0.0,2009-12-29T02:02:29Z,ls7,qd9veceht37d,0.0948678071539658,0.7581648522550545,0.1469673405909798
0.17384615384615387,0.7123076923076923,0.0,0.1030769230769231,0.0,0.0,2010-01-14T02:02:44Z,ls7,qd9veceht37d,0.10419906687402801,0.7200622083981337,0.17573872472783827
0.17538461538461542,0.7184615384615386,0.0,0.09307692307692307,0.0,0.0,2010-01-22T02:02:03Z,ls5,qd9veceht37d,0.09431021044427122,0.7279812938425566,0.17770849571317227
0.18692307692307691,0.7007692307692308,0.0,0.09692307692307692,0.0,0.0,2010-01-30T02:02:58Z,ls7,qd9veceht37d,0.09843749999999998,0.71171875,0.18984374999999998
0.12692307692307694,0.7615384615384614,0.0,0.1,0.0,0.0,2010-02-15T02:03:09Z,ls7,qd9veceht37d,0.1011673151750973,0.7704280155642024,0.12840466926070043
0.22384615384615383,0.6615384615384615,0.0,0.10000000000000002,0.0,0.0,2010-02-23T02:02:10Z,ls5,qd9veceht37d,0.10148321623731463,0.6713505074160813,0.22716627634660422
0.22461538461538463,0.6515384615384614,0.0,0.11076923076923079,0.0,0.0,2010-03-03T02:03:17Z,ls7,qd9veceht37d,0.11223694466095092,0.6601714731098987,0.2275915822291505
,,1.0,,,,2010-03-19T02:03:23Z,ls7,qd9veceht37d,,,
,,1.0,,,,2010-04-04T02:03:27Z,ls7,qd9veceht37d,,,
,,1.0,,,,2010-04-20T02:03:27Z,ls7,qd9veceht37d,,,
0.28363636363636363,0.6372727272727272,0.15384615384615385,0.06272727272727273,0.0,0.0,2010-04-28T02:02:03Z,ls5,qd9veceht37d,0.06377079482439926,0.6478743068391867,0.28835489833641403
0.21923076923076923,0.6861538461538463,0.0,0.08076923076923077,0.0,0.0,2010-05-06T02:03:24Z,ls7,qd9veceht37d,0.08190327613104523,0.6957878315132605,0.22230889235569418
0.3084615384615385,0.5469230769230768,0.0,0.1323076923076923,0.0,0.0,2010-05-14T02:02:01Z,ls5,qd9veceht37d,0.13395638629283488,0.5537383177570093,0.3123052959501558
0.18666666666666668,0.45,0.7692307692307692,0.3499999999999999,0.0,0.0,2010-07-25T02:03:28Z,ls7,qd9veceht37d,0.35472972972972966,0.45608108108108114,0.18918918918918923
0.22615384615384618,0.33230769230769225,0.0,0.43076923076923074,0.0,0.0,2010-08-10T02:03:26Z,ls7,qd9veceht37d,0.4354587869362364,0.3359253499222395,0.22861586314152416
0.18230769230769228,0.24230769230769234,0.0,0.5630769230769231,0.0,0.0,2010-08-26T02:03:30Z,ls7,qd9veceht37d,0.5700934579439253,0.24532710280373832,0.1845794392523364
0.1515384615384615,0.35,0.0,0.4853846153846154,0.0,0.0,2010-09-11T02:03:32Z,ls7,qd9veceht37d,0.49181605611847234,0.35463756819953235,0.1535463756819953
0.22230769230769232,0.35692307692307695,0.0,0.40769230769230774,0.0,0.0,2010-09-27T02:03:31Z,ls7,qd9veceht37d,0.4130943102104443,0.36165237724084176,0.22525331254871395
0.2946153846153846,0.42076923076923084,0.0,0.2692307692307692,0.0,0.0,2010-10-13T02:03:36Z,ls7,qd9veceht37d,0.27343749999999994,0.42734375,0.29921875
0.3215384615384615,0.4784615384615384,0.0,0.1853846153846154,0.0,0.0,2010-10-29T02:03:45Z,ls7,qd9veceht37d,0.18813427010148326,0.4855581576893052,0.3263075722092115
0.3233333333333333,0.53,0.3076923076923077,0.1322222222222222,0.0,0.0,2010-11-14T02:03:57Z,ls7,qd9veceht37d,0.13416009019165726,0.5377677564825254,0.32807215332581735
0.45307692307692304,0.416923076923077,0.0,0.11384615384615386,0.0,0.0,2010-11-30T02:04:08Z,ls7,qd9veceht37d,0.11571540265832682,0.4237685691946834,0.4605160281469898
0.3107692307692308,0.6184615384615385,0.0,0.05153846153846155,0.0,0.0,2010-12-08T02:01:02Z,ls5,qd9veceht37d,0.05254901960784314,0.6305882352941177,0.31686274509803924
0.26769230769230773,0.6869230769230771,0.0,0.02923076923076923,0.0,0.0,2010-12-24T02:01:07Z,ls5,qd9veceht37d,0.029710711493354178,0.6982017200938233,0.2720875684128225
0.43153846153846154,0.49230769230769234,0.0,0.06076923076923079,0.0,0.0,2011-01-01T02:04:25Z,ls7,qd9veceht37d,0.06171875000000002,0.5,0.43828124999999996
0.3615384615384615,0.6184615384615385,0.0,0.005384615384615385,0.0,0.0,2011-01-09T02:01:10Z,ls5,qd9veceht37d,0.005464480874316941,0.6276346604215457,0.3669008587041373
0.42076923076923073,0.5592307692307693,0.0,0.003076923076923077,0.0,0.0,2011-01-25T02:01:10Z,ls5,qd9veceht37d,0.0031298904538341154,0.5688575899843505,0.42801251956181524
0.45999999999999996,0.49,0.8461538461538461,0.035,0.0,0.0,2011-02-02T02:04:38Z,ls7,qd9veceht37d,0.03553299492385787,0.49746192893401014,0.46700507614213194
0.40384615384615385,0.5653846153846154,0.0,0.012307692307692308,0.0,0.0,2011-02-10T02:01:13Z,ls5,qd9veceht37d,0.012539184952978056,0.5760188087774294,0.4114420062695925
0.5,0.46,0.9230769230769231,0.02,0.0,0.0,2011-02-18T02:04:42Z,ls7,qd9veceht37d,0.020408163265306124,0.46938775510204084,0.5102040816326531
0.4369230769230769,0.5315384615384617,0.0,0.018461538461538463,0.0,0.0,2011-02-26T02:01:12Z,ls5,qd9veceht37d,0.018706157443491817,0.538581449727202,0.44271239282930624
0.5938461538461538,0.37076923076923074,0.0,0.018461538461538463,0.0,0.0,2011-03-06T02:04:47Z,ls7,qd9veceht37d,0.0187793427230047,0.37715179968701096,0.6040688575899844
0.5092307692307693,0.4169230769230769,0.0,0.05384615384615384,0.0,0.0,2011-03-22T02:04:47Z,ls7,qd9veceht37d,0.054945054945054944,0.4254317111459968,0.5196232339089483
0.5384615384615384,0.4315384615384615,0.0,0.013076923076923078,0.0,0.0,2011-03-30T02:01:03Z,ls5,qd9veceht37d,0.013302034428794995,0.43896713615023475,0.5477308294209703
0.588,0.313,0.23076923076923073,0.08199999999999999,0.0,0.0,2011-04-07T02:04:52Z,ls7,qd9veceht37d,0.08341810783316378,0.31841302136317395,0.5981688708036622
0.5315384615384615,0.44615384615384623,0.0,0.008461538461538463,0.0,0.0,2011-04-15T02:00:58Z,ls5,qd9veceht37d,0.008580343213728551,0.452418096723869,0.5390015600624025
,,1.0,,,,2011-04-23T02:04:50Z,ls7,qd9veceht37d,,,
0.5492307692307692,0.4369230769230769,0.0,0.0,0.0,0.0,2011-05-01T02:00:52Z,ls5,qd9veceht37d,0.0,0.44305772230889234,0.5569422776911076
0.583076923076923,0.37000000000000005,0.0,0.026923076923076925,0.0,0.0,2011-05-09T02:04:50Z,ls7,qd9veceht37d,0.027472527472527476,0.37755102040816335,0.5949764521193093
0.5715384615384617,0.3638461538461539,0.0,0.04615384615384616,0.0,0.0,2011-05-25T02:04:49Z,ls7,qd9veceht37d,0.047021943573667714,0.37068965517241376,0.5822884012539186
0.5322222222222222,0.32333333333333336,0.3076923076923077,0.12666666666666668,0.0,0.0,2011-06-10T02:04:50Z,ls7,qd9veceht37d,0.12895927601809956,0.329185520361991,0.5418552036199095
0.26,0.38,0.9230769230769231,0.35,0.0,0.0,2011-06-26T02:04:46Z,ls7,qd9veceht37d,0.35353535353535354,0.38383838383838387,0.26262626262626265
0.17846153846153845,0.2723076923076923,0.0,0.5353846153846153,0.0,0.0,2011-07-12T02:04:46Z,ls7,qd9veceht37d,0.5429017160686427,0.27613104524180965,0.18096723868954756
0.011538461538461537,0.02153846153846154,0.0,0.04307692307692308,0.0,0.9230769230769231,2011-07-28T02:04:43Z,ls7,qd9veceht37d,0.043512043512043484,0.021756021756021742,0.011655011655011644
0.09384615384615386,0.19,0.0,0.7007692307692307,0.0,0.0,2011-08-05T02:00:09Z,ls5,qd9veceht37d,0.7117187499999998,0.19296875,0.09531250000000001
0.04461538461538462,0.19615384615384615,0.0,0.7423076923076923,0.0,0.0,2011-08-13T02:04:39Z,ls7,qd9veceht37d,0.7550860719874805,0.19953051643192488,0.04538341158059468
0.07,0.24,0.8461538461538461,0.675,0.0,0.0,2011-08-29T02:04:37Z,ls7,qd9veceht37d,0.6852791878172588,0.24365482233502533,0.07106598984771574
0.07692307692307693,0.21538461538461537,0.0,0.6938461538461538,0.0,0.0,2011-09-06T01:59:52Z,ls5,qd9veceht37d,0.703588143525741,0.21840873634945396,0.078003120124805
0.028461538461538458,0.2623076923076923,0.0,0.6900000000000001,0.0,0.0,2011-09-14T02:04:31Z,ls7,qd9veceht37d,0.703529411764706,0.26745098039215687,0.029019607843137254
,,1.0,,,,2011-09-30T02:04:29Z,ls7,qd9veceht37d,,,
,,1.0,,,,2011-10-08T01:59:19Z,ls5,qd9veceht37d,,,
0.1423076923076923,0.37692307692307686,0.0,0.4661538461538462,0.0,0.0,2011-10-16T02:04:31Z,ls7,qd9veceht37d,0.4730679156908666,0.3825136612021858,0.1444184231069477
0.13230769230769232,0.5984615384615385,0.0,0.2553846153846154,0.0,0.0,2011-11-01T02:04:36Z,ls7,qd9veceht37d,0.25897035881435254,0.6068642745709828,0.13416536661466458
,,1.0,,,,2011-11-17T02:04:50Z,ls7,qd9veceht37d,,,
0.11499999999999999,0.725,0.6923076923076923,0.1475,0.0,0.0,2011-12-03T02:04:59Z,ls7,qd9veceht37d,0.14936708860759493,0.7341772151898734,0.11645569620253164
0.11615384615384618,0.6876923076923078,0.0,0.18615384615384617,0.0,0.0,2011-12-19T02:05:06Z,ls7,qd9veceht37d,0.18803418803418803,0.6946386946386947,0.11732711732711734
0.0776923076923077,0.7676923076923076,0.0,0.14384615384615385,0.0,0.0,2012-01-04T02:05:15Z,ls7,qd9veceht37d,0.14541213063763608,0.7760497667185069,0.07853810264385694
0.005,0.9099999999999999,0.8461538461538461,0.08,0.0,0.0,2012-01-20T02:05:15Z,ls7,qd9veceht37d,0.08040201005025127,0.9145728643216081,0.0050251256281407045
0.12076923076923081,0.6884615384615385,0.0,0.1776923076923077,0.0,0.0,2012-02-05T02:05:19Z,ls7,qd9veceht37d,0.18004676539360873,0.6975837879968823,0.12236944660950899
0.15153846153846157,0.6761538461538461,0.0,0.16,0.0,0.0,2012-02-21T02:05:23Z,ls7,qd9veceht37d,0.161993769470405,0.6845794392523364,0.1534267912772586
0.13153846153846158,0.6876923076923075,0.0,0.16692307692307692,0.0,0.0,2012-03-08T02:05:19Z,ls7,qd9veceht37d,0.16926677067082685,0.6973478939157565,0.1333853354134166
0.13615384615384618,0.7130769230769229,0.0,0.1346153846153846,0.0,0.0,2012-03-24T02:05:22Z,ls7,qd9veceht37d,0.13682564503518374,0.7247849882720875,0.13838936669272875
0.17230769230769233,0.6869230769230769,0.0,0.12615384615384612,0.0,0.0,2012-04-09T02:05:17Z,ls7,qd9veceht37d,0.12802498048399685,0.697111631537861,0.1748633879781421
,,1.0,,,,2012-04-25T02:05:32Z,ls7,qd9veceht37d,,,
0.14923076923076925,0.6823076923076923,0.0,0.15846153846153843,0.0,0.0,2012-05-11T02:05:55Z,ls7,qd9veceht37d,0.16006216006216004,0.6891996891996892,0.15073815073815075
0.36,0.61,0.9230769230769231,0.01,0.0,0.0,2012-05-27T02:05:47Z,ls7,qd9veceht37d,0.010204081632653062,0.6224489795918368,0.3673469387755102
,,1.0,,,,2012-06-12T02:05:37Z,ls7,qd9veceht37d,,,
0.03230769230769231,0.573076923076923,0.0,0.3838461538461538,0.0,0.0,2012-06-28T02:05:45Z,ls7,qd9veceht37d,0.3880248833592535,0.5793157076205289,0.03265940902021774
0.04583333333333334,0.4758333333333334,0.07692307692307687,0.46916666666666657,0.0,0.0,2012-07-14T02:06:00Z,ls7,qd9veceht37d,0.47350714886459205,0.48023549201009263,0.0462573591253154
0.10999999999999999,0.3283333333333333,0.5384615384615384,0.5483333333333333,0.0,0.0,2012-07-30T02:06:10Z,ls7,qd9veceht37d,0.5557432432432432,0.33277027027027023,0.11148648648648647
0.1276923076923077,0.24692307692307697,0.0,0.6123076923076922,0.0,0.0,2012-08-15T02:06:22Z,ls7,qd9veceht37d,0.6204208885424785,0.2501948558067031,0.1293842556508184
0.045000000000000005,0.255,0.5384615384615384,0.6833333333333332,0.0,0.0,2012-08-31T02:06:32Z,ls7,qd9veceht37d,0.6949152542372881,0.2593220338983051,0.04576271186440679
0.06769230769230769,0.2846153846153846,0.0,0.6323076923076922,0.0,0.0,2012-09-16T02:06:41Z,ls7,qd9veceht37d,0.6421874999999999,0.2890625,0.06875
,,1.0,,,,2012-10-02T02:06:51Z,ls7,qd9veceht37d,,,
0.14307692307692307,0.49923076923076926,0.0,0.3438461538461539,0.0,0.0,2012-10-18T02:07:00Z,ls7,qd9veceht37d,0.34867394695787834,0.5062402496099844,0.14508580343213726
0.1,0.77,0.9230769230769231,0.11,0.0,0.0,2012-11-19T02:07:13Z,ls7,qd9veceht37d,0.11224489795918367,0.7857142857142857,0.10204081632653061
0.05307692307692309,0.6938461538461538,0.0,0.24230769230769234,0.0,0.0,2012-12-21T02:07:22Z,ls7,qd9veceht37d,0.244945567651633,0.7013996889580093,0.05365474339035771
0.07153846153846155,0.7092307692307693,0.0,0.20692307692307693,0.0,0.0,2013-01-22T02:07:25Z,ls7,qd9veceht37d,0.20950155763239872,0.7180685358255452,0.07242990654205607
0.15538461538461534,0.6399999999999999,0.0,0.19384615384615383,0.0,0.0,2013-02-07T02:07:27Z,ls7,qd9veceht37d,0.1959564541213064,0.6469673405909798,0.15707620528771382
0.16615384615384612,0.6553846153846153,0.0,0.16692307692307692,0.0,0.0,2013-02-23T02:07:24Z,ls7,qd9veceht37d,0.1688715953307393,0.6630350194552529,0.16809338521400777
,,1.0,,,,2013-03-11T02:07:23Z,ls7,qd9veceht37d,,,
,,1.0,,,,2013-03-27T02:07:16Z,ls7,qd9veceht37d,,,
0.20461538461538462,0.6207692307692307,0.0,0.1630769230769231,0.0,0.0,2013-04-06T02:17:40Z,ls8,qd9veceht37d,0.1649805447470817,0.6280155642023346,0.20700389105058364
0.14384615384615385,0.7023076923076922,0.0,0.13923076923076924,0.0,0.0,2013-04-20T02:13:02Z,ls8,qd9veceht37d,0.14129586260733804,0.7127244340359093,0.14597970335675256
0.1442857142857143,0.7085714285714285,0.46153846153846156,0.13714285714285715,0.0,0.0,2013-04-28T02:07:09Z,ls7,qd9veceht37d,0.13852813852813853,0.7157287157287157,0.14574314574314576
,,1.0,,,,2013-05-06T02:13:04Z,ls8,qd9veceht37d,,,
,,1.0,,,,2013-05-14T02:07:07Z,ls7,qd9veceht37d,,,
0.08923076923076924,0.5053846153846154,0.0,0.39384615384615385,0.0,0.0,2013-05-22T02:13:16Z,ls8,qd9veceht37d,0.39844357976653694,0.5112840466926071,0.09027237354085603
0.11615384615384619,0.36000000000000004,0.0,0.5107692307692308,0.0,0.0,2013-06-07T02:13:16Z,ls8,qd9veceht37d,0.5175370226032736,0.3647700701480905,0.11769290724863606
,,1.0,,,,2013-06-15T02:06:54Z,ls7,qd9veceht37d,,,
,,1.0,,,,2013-06-23T02:13:09Z,ls8,qd9veceht37d,,,
0.035,0.32999999999999996,0.8461538461538461,0.62,0.0,0.0,2013-07-01T02:06:46Z,ls7,qd9veceht37d,0.6294416243654822,0.33502538071065985,0.03553299492385787
,,1.0,,,,2013-07-09T02:13:14Z,ls8,qd9veceht37d,,,
,,1.0,,,,2013-07-17T02:06:37Z,ls7,qd9veceht37d,,,
0.11000000000000003,0.33384615384615385,0.0,0.5376923076923078,0.0,0.0,2013-07-25T02:13:13Z,ls8,qd9veceht37d,0.547805642633229,0.3401253918495298,0.11206896551724141
0.06000000000000002,0.3961538461538462,0.0,0.53,0.0,0.0,2013-08-02T02:06:29Z,ls7,qd9veceht37d,0.5374414976599063,0.40171606864274567,0.0608424336973479
,,1.0,,,,2013-08-10T02:13:15Z,ls8,qd9veceht37d,,,
,,1.0,,,,2013-08-18T02:06:33Z,ls7,qd9veceht37d,,,
0.11000000000000003,0.29999999999999993,0.0,0.5700000000000001,0.0,0.0,2013-08-26T02:13:17Z,ls8,qd9veceht37d,0.5816326530612246,0.3061224489795918,0.1122448979591837
0.02923076923076924,0.44307692307692303,0.0,0.5107692307692308,0.0,0.0,2013-09-11T02:13:15Z,ls8,qd9veceht37d,0.5195618153364632,0.45070422535211263,0.02973395931142411
,,1.0,,,,2013-09-19T02:06:55Z,ls7,qd9veceht37d,,,
0.1515384615384616,0.26153846153846155,0.0,0.5692307692307692,0.0,0.0,2013-09-27T02:13:06Z,ls8,qd9veceht37d,0.5794831636648394,0.2662490211433046,0.15426781519185598
0.16,0.36,0.8461538461538461,0.47,0.0,0.0,2013-10-05T02:07:07Z,ls7,qd9veceht37d,0.47474747474747475,0.36363636363636365,0.16161616161616163
0.11692307692307694,0.33999999999999997,0.0,0.5292307692307692,0.0,0.0,2013-10-13T02:13:07Z,ls8,qd9veceht37d,0.5366614664586583,0.34477379095163807,0.11856474258970362
0.07923076923076923,0.42000000000000004,0.0,0.49,0.0,0.0,2013-10-21T02:07:17Z,ls7,qd9veceht37d,0.4953343701399689,0.4245723172628305,0.08009331259720062
0.1461538461538462,0.39230769230769236,0.0,0.4438461538461539,0.0,0.0,2013-10-29T02:12:57Z,ls8,qd9veceht37d,0.45184025058731403,0.39937353171495693,0.14878621769772907
0.14333333333333334,0.5166666666666667,0.3076923076923077,0.32333333333333336,0.0,0.0,2013-11-06T02:07:22Z,ls7,qd9veceht37d,0.32881355932203393,0.5254237288135594,0.14576271186440679
0.19923076923076927,0.47076923076923083,0.0,0.3153846153846154,0.0,0.0,2013-11-14T02:12:57Z,ls8,qd9veceht37d,0.32006245120999216,0.477751756440281,0.20218579234972678
0.05333333333333334,0.7600000000000001,0.7692307692307692,0.17666666666666667,0.0,0.0,2013-11-22T02:07:27Z,ls7,qd9veceht37d,0.17845117845117844,0.7676767676767677,0.05387205387205387
0.02,0.7266666666666666,0.7692307692307692,0.24333333333333332,0.0,0.0,2013-11-30T02:12:52Z,ls8,qd9veceht37d,0.2457912457912458,0.734006734006734,0.020202020202020204
0.19999999999999998,0.7000000000000001,0.07692307692307687,0.08916666666666666,0.0,0.0,2013-12-08T02:07:35Z,ls7,qd9veceht37d,0.09014321819713562,0.7076663858466724,0.20219039595619206
,,1.0,,,,2013-12-16T02:12:46Z,ls8,qd9veceht37d,,,
0.14,0.705,0.8461538461538461,0.14,0.0,0.0,2013-12-24T02:07:37Z,ls7,qd9veceht37d,0.14213197969543148,0.715736040609137,0.14213197969543148
0.23923076923076925,0.6046153846153847,0.0,0.14538461538461542,0.0,0.0,2014-01-09T02:07:40Z,ls7,qd9veceht37d,0.1469673405909798,0.6111975116640747,0.24183514774494555
0.30230769230769233,0.49769230769230766,0.0,0.18153846153846154,0.0,0.0,2014-01-17T02:12:23Z,ls8,qd9veceht37d,0.18495297805642635,0.5070532915360502,0.30799373040752354
0.26076923076923075,0.6138461538461537,0.0,0.11230769230769234,0.0,0.0,2014-01-25T02:08:00Z,ls7,qd9veceht37d,0.11379579111457527,0.6219797349961028,0.2642244738893219
0.29923076923076924,0.5138461538461538,0.0,0.1692307692307692,0.0,0.0,2014-02-02T02:12:17Z,ls8,qd9veceht37d,0.17227877838684413,0.5231010180109632,0.30462020360219266
0.30153846153846153,0.5607692307692308,0.0,0.12307692307692308,0.0,0.0,2014-02-10T02:08:05Z,ls7,qd9veceht37d,0.1249024199843872,0.5690866510538641,0.30601092896174864
,,1.0,,,,2014-02-18T02:12:04Z,ls8,qd9veceht37d,,,
0.32769230769230767,0.5384615384615384,0.0,0.1184615384615385,0.0,0.0,2014-02-26T02:07:57Z,ls7,qd9veceht37d,0.12031250000000003,0.5468749999999999,0.33281249999999996
0.3746153846153846,0.43076923076923074,0.0,0.17846153846153845,0.0,0.0,2014-03-06T02:11:48Z,ls8,qd9veceht37d,0.181391712275215,0.4378420641125879,0.380766223612197
,,1.0,,,,2014-03-14T02:08:05Z,ls7,qd9veceht37d,,,
0.3830769230769231,0.41384615384615375,0.0,0.18692307692307694,0.0,0.0,2014-03-22T02:11:38Z,ls8,qd9veceht37d,0.1899921813917123,0.42064112587959335,0.38936669272869434
0.3023076923076923,0.5038461538461538,0.0,0.17692307692307693,0.0,0.0,2014-04-07T02:11:23Z,ls8,qd9veceht37d,0.17996870109546168,0.5125195618153364,0.3075117370892019
0.3161538461538462,0.5707692307692307,0.0,0.09615384615384619,0.0,0.0,2014-04-15T02:08:18Z,ls7,qd9veceht37d,0.09780907668231617,0.5805946791862284,0.32159624413145543
,,1.0,,,,2014-04-23T02:11:07Z,ls8,qd9veceht37d,,,
0.28846153846153844,0.5946153846153845,0.0,0.10000000000000002,0.0,0.0,2014-05-01T02:08:27Z,ls7,qd9veceht37d,0.1017214397496088,0.6048513302034428,0.2934272300469484
,,1.0,,,,2014-05-09T02:10:51Z,ls8,qd9veceht37d,,,
0.12692307692307694,0.3630769230769231,0.0,0.49692307692307697,0.0,0.0,2014-05-17T02:08:34Z,ls7,qd9veceht37d,0.5035074045206547,0.367887763055339,0.12860483242400625
,,1.0,,,,2014-05-25T02:10:45Z,ls8,qd9veceht37d,,,
0.0953846153846154,0.19538461538461538,0.0,0.6961538461538462,0.0,0.0,2014-06-02T02:08:38Z,ls7,qd9veceht37d,0.705378020265004,0.19797349961028837,0.09664848012470773
,,1.0,,,,2014-06-10T02:10:55Z,ls8,qd9veceht37d,,,
0.05846153846153846,0.22692307692307695,0.0,0.6976923076923077,0.0,0.0,2014-06-18T02:08:38Z,ls7,qd9veceht37d,0.7097026604068858,0.23082942097026607,0.0594679186228482
,,1.0,,,,2014-06-26T02:10:57Z,ls8,qd9veceht37d,,,
,,1.0,,,,2014-07-04T02:08:45Z,ls7,qd9veceht37d,,,
0.1523076923076923,0.1276923076923077,0.0,0.7015384615384614,0.0,0.0,2014-07-12T02:11:06Z,ls8,qd9veceht37d,0.7147335423197492,0.13009404388714735,0.15517241379310345
,,1.0,,,,2014-07-20T02:08:47Z,ls7,qd9veceht37d,,,
0.09384615384615386,0.19692307692307692,0.0,0.6892307692307693,0.0,0.0,2014-07-28T02:11:09Z,ls8,qd9veceht37d,0.7032967032967032,0.20094191522762947,0.09576138147566718
0.08461538461538462,0.19615384615384615,0.0,0.7023076923076922,0.0,0.0,2014-08-05T02:08:53Z,ls7,qd9veceht37d,0.7143974960876369,0.1995305164319249,0.0860719874804382
0.1376923076923077,0.09999999999999999,0.0,0.7423076923076922,0.0,0.0,2014-08-13T02:11:18Z,ls8,qd9veceht37d,0.7574568288854003,0.10204081632653061,0.1405023547880691
0.026153846153846156,0.20615384615384616,0.0,0.7523076923076922,0.0,0.0,2014-08-21T02:08:52Z,ls7,qd9veceht37d,0.7640625,0.209375,0.026562500000000003
,,1.0,,,,2014-08-29T02:11:19Z,ls8,qd9veceht37d,,,
0.09846153846153848,0.18538461538461537,0.0,0.6992307692307692,0.0,0.0,2014-09-14T02:11:23Z,ls8,qd9veceht37d,0.7112676056338028,0.18857589984350545,0.10015649452269172
0.16416666666666666,0.19083333333333333,0.07692307692307687,0.6333333333333333,0.0,0.0,2014-09-22T02:08:58Z,ls7,qd9veceht37d,0.6408094435075885,0.19308600337268128,0.16610455311973019
0.11384615384615387,0.2107692307692308,0.0,0.6561538461538462,0.0,0.0,2014-09-30T02:11:23Z,ls8,qd9veceht37d,0.6690196078431373,0.21490196078431373,0.11607843137254904
,,1.0,,,,2014-10-08T02:09:11Z,ls7,qd9veceht37d,,,
,,1.0,,,,2014-10-16T02:11:28Z,ls8,qd9veceht37d,,,
0.08076923076923077,0.5323076923076923,0.0,0.37538461538461537,0.0,0.0,2014-10-24T02:09:20Z,ls7,qd9veceht37d,0.3797665369649806,0.5385214007782101,0.08171206225680935
0.14384615384615385,0.49769230769230766,0.0,0.34230769230769226,0.0,0.0,2014-11-01T02:11:25Z,ls8,qd9veceht37d,0.34792806880375293,0.5058639562157936,0.1462079749804535
0.12461538461538466,0.6207692307692307,0.0,0.24538461538461537,0.0,0.0,2014-11-09T02:09:29Z,ls7,qd9veceht37d,0.24767080745341613,0.6265527950310559,0.125776397515528
0.15923076923076923,0.5892307692307691,0.0,0.2392307692307692,0.0,0.0,2014-11-17T02:11:26Z,ls8,qd9veceht37d,0.2422118380062305,0.5965732087227413,0.16121495327102806
0.16545454545454544,0.6472727272727273,0.15384615384615385,0.17636363636363633,0.0,0.0,2014-11-25T02:09:32Z,ls7,qd9veceht37d,0.17830882352941171,0.6544117647058824,0.16727941176470587
0.20615384615384616,0.5746153846153846,0.0,0.20615384615384616,0.0,0.0,2014-12-03T02:11:25Z,ls8,qd9veceht37d,0.20888542478565864,0.5822291504286828,0.20888542478565864
0.20076923076923078,0.6323076923076922,0.0,0.15384615384615385,0.0,0.0,2014-12-11T02:09:39Z,ls7,qd9veceht37d,0.15588464536243182,0.6406858924395946,0.2034294621979735
0.22000000000000003,0.6015384615384616,0.0,0.16692307692307692,0.0,0.0,2014-12-19T02:11:22Z,ls8,qd9veceht37d,0.16887159533073928,0.6085603112840468,0.22256809338521402
0.22692307692307695,0.6446153846153846,0.0,0.11461538461538465,0.0,0.0,2014-12-27T02:09:46Z,ls7,qd9veceht37d,0.11622464898595947,0.6536661466458658,0.23010920436817475
0.26384615384615384,0.5584615384615386,0.0,0.16461538461538458,0.0,0.0,2015-01-04T02:11:17Z,ls8,qd9veceht37d,0.16679657053780197,0.5658612626656275,0.2673421667965705
0.266923076923077,0.6238461538461539,0.0,0.0953846153846154,0.0,0.0,2015-01-12T02:09:49Z,ls7,qd9veceht37d,0.09672386895475818,0.6326053042121684,0.2706708268330733
0.303076923076923,0.5315384615384615,0.0,0.1515384615384615,0.0,0.0,2015-01-20T02:11:13Z,ls8,qd9veceht37d,0.15366614664586584,0.5390015600624025,0.3073322932917317
0.28076923076923077,0.5853846153846154,0.0,0.11846153846153847,0.0,0.0,2015-01-28T02:09:53Z,ls7,qd9veceht37d,0.1203125,0.59453125,0.28515625
0.25846153846153846,0.5646153846153846,0.0,0.1630769230769231,0.0,0.0,2015-02-05T02:11:10Z,ls8,qd9veceht37d,0.1653666146645866,0.5725429017160687,0.2620904836193448
0.34846153846153843,0.4753846153846154,0.0,0.1569230769230769,0.0,0.0,2015-02-21T02:11:03Z,ls8,qd9veceht37d,0.15999999999999998,0.48470588235294126,0.35529411764705887
0.37153846153846154,0.46153846153846145,0.0,0.14999999999999997,0.0,0.0,2015-03-09T02:10:54Z,ls8,qd9veceht37d,0.15258215962441313,0.4694835680751173,0.37793427230046955
,,1.0,,,,2015-03-17T02:10:13Z,ls7,qd9veceht37d,,,
0.39692307692307693,0.4761538461538462,0.0,0.10923076923076924,0.0,0.0,2015-03-25T02:10:46Z,ls8,qd9veceht37d,0.11119812059514488,0.4847298355520752,0.40407204385277995
0.35,0.6,0.9230769230769231,0.03,0.0,0.0,2015-04-02T02:10:19Z,ls7,qd9veceht37d,0.030612244897959183,0.6122448979591837,0.35714285714285715
,,1.0,,,,2015-04-10T02:10:36Z,ls8,qd9veceht37d,,,
0.28615384615384615,0.45538461538461533,0.0,0.2469230769230769,0.0,0.0,2015-04-18T02:10:28Z,ls7,qd9veceht37d,0.2498054474708171,0.4607003891050583,0.2894941634241245
0.38230769230769224,0.3584615384615385,0.0,0.24076923076923076,0.0,0.0,2015-04-26T02:10:33Z,ls8,qd9veceht37d,0.24529780564263323,0.36520376175548597,0.38949843260188083
,,1.0,,,,2015-05-04T02:10:34Z,ls7,qd9veceht37d,,,
0.3423076923076923,0.36153846153846153,0.0,0.27923076923076917,0.0,0.0,2015-05-12T02:10:17Z,ls8,qd9veceht37d,0.28403755868544595,0.3677621283255086,0.3482003129890454
0.24833333333333338,0.44999999999999996,0.5384615384615384,0.29,0.0,0.0,2015-05-20T02:10:42Z,ls7,qd9veceht37d,0.29342327150084313,0.4553119730185497,0.2512647554806071
0.3376923076923077,0.3253846153846153,0.0,0.3161538461538462,0.0,0.0,2015-05-28T02:10:19Z,ls8,qd9veceht37d,0.3228593872741556,0.3322859387274155,0.34485467399842895
,,1.0,,,,2015-06-05T02:10:48Z,ls7,qd9veceht37d,,,
0.31153846153846154,0.36846153846153845,0.0,0.29999999999999993,0.0,0.0,2015-06-13T02:10:31Z,ls8,qd9veceht37d,0.3061224489795918,0.37598116169544743,0.3178963893249608
0.25923076923076926,0.4061538461538462,0.0,0.31538461538461543,0.0,0.0,2015-06-29T02:10:37Z,ls8,qd9veceht37d,0.32156862745098036,0.4141176470588235,0.26431372549019605
0.17769230769230765,0.44461538461538463,0.0,0.3623076923076924,0.0,0.0,2015-07-07T02:10:56Z,ls7,qd9veceht37d,0.36796875000000007,0.4515625,0.18046874999999996
0.2853846153846154,0.34076923076923077,0.0,0.35615384615384615,0.0,0.0,2015-07-15T02:10:47Z,ls8,qd9veceht37d,0.36256851996867656,0.34690681284259983,0.2905246671887236
0.135,0.37124999999999997,0.3846153846153846,0.48624999999999996,0.0,0.0,2015-08-08T02:11:03Z,ls7,qd9veceht37d,0.4899244332493703,0.37405541561712846,0.13602015113350127
,,1.0,,,,2015-08-16T02:10:57Z,ls8,qd9veceht37d,,,
0.1053846153846154,0.3007692307692308,0.0,0.5792307692307693,0.0,0.0,2015-08-24T02:11:05Z,ls7,qd9veceht37d,0.5878220140515222,0.30523028883684616,0.10694769711163153
0.20538461538461542,0.19153846153846155,0.0,0.5838461538461538,0.0,0.0,2015-09-01T02:11:03Z,ls8,qd9veceht37d,0.5952941176470588,0.19529411764705884,0.20941176470588238
0.17416666666666666,0.22666666666666666,0.07692307692307687,0.5858333333333334,0.0,0.0,2015-09-09T02:11:08Z,ls7,qd9veceht37d,0.59375,0.2297297297297297,0.17652027027027023
0.2376923076923077,0.15307692307692308,0.0,0.5930769230769231,0.0,0.0,2015-09-17T02:11:11Z,ls8,qd9veceht37d,0.602814698983581,0.15559030492572323,0.24159499609069587
0.1792307692307692,0.23384615384615384,0.0,0.5723076923076923,0.0,0.0,2015-09-25T02:11:12Z,ls7,qd9veceht37d,0.5807962529274006,0.2373145979703357,0.18188914910226384
,,1.0,,,,2015-10-03T02:11:15Z,ls8,qd9veceht37d,,,
,,1.0,,,,2015-10-11T02:11:21Z,ls7,qd9veceht37d,,,
,,1.0,,,,2015-10-19T02:11:17Z,ls8,qd9veceht37d,,,
,,1.0,,,,2015-10-27T02:11:38Z,ls7,qd9veceht37d,,,
0.18076923076923077,0.48000000000000004,0.0,0.32692307692307687,0.0,0.0,2015-11-04T02:11:21Z,ls8,qd9veceht37d,0.33099688473520245,0.485981308411215,0.18302180685358255
,,1.0,,,,2015-11-12T02:11:54Z,ls7,qd9veceht37d,,,
0.2323076923076923,0.48615384615384627,0.0,0.2638461538461539,0.0,0.0,2015-11-20T02:11:23Z,ls8,qd9veceht37d,0.26859827721221613,0.49490994518402504,0.23649177760375875
0.19615384615384618,0.5915384615384616,0.0,0.19769230769230772,0.0,0.0,2015-11-28T02:12:07Z,ls7,qd9veceht37d,0.20062451209992194,0.6003122560499609,0.1990632318501171
,,1.0,,,,2015-12-06T02:11:22Z,ls8,qd9veceht37d,,,
0.20230769230769233,0.64,0.0,0.14153846153846153,0.0,0.0,2015-12-14T02:12:24Z,ls7,qd9veceht37d,0.14386239249413604,0.6505082095387021,0.20562939796716187
0.29000000000000004,0.5453846153846155,0.0,0.14692307692307693,0.0,0.0,2015-12-22T02:11:23Z,ls8,qd9veceht37d,0.14956930305403288,0.5552075176194206,0.29522317932654657
,,1.0,,,,2015-12-30T02:12:36Z,ls7,qd9veceht37d,,,
0.27230769230769236,0.5476923076923077,0.0,0.16384615384615384,0.0,0.0,2016-01-07T02:11:18Z,ls8,qd9veceht37d,0.1665363565285379,0.5566849100860046,0.27677873338545744
0.2846153846153846,0.6053846153846153,0.0,0.09615384615384617,0.0,0.0,2016-01-15T02:12:52Z,ls7,qd9veceht37d,0.09750390015600627,0.6138845553822153,0.2886115444617785
0.3315384615384615,0.5407692307692307,0.0,0.11153846153846157,0.0,0.0,2016-01-23T02:11:19Z,ls8,qd9veceht37d,0.11336982017200942,0.5496481626270523,0.33698201720093823
0.3453846153846154,0.5199999999999999,0.0,0.11846153846153847,0.0,0.0,2016-02-08T02:11:15Z,ls8,qd9veceht37d,0.12040656763096169,0.5285379202501954,0.3510555121188429
0.3369230769230768,0.5661538461538461,0.0,0.08153846153846153,0.0,0.0,2016-02-16T02:13:07Z,ls7,qd9veceht37d,0.08281250000000001,0.5750000000000001,0.3421875
0.12400000000000003,0.841,0.23076923076923073,0.026999999999999996,0.0,0.0,2016-02-24T02:11:08Z,ls8,qd9veceht37d,0.027217741935483868,0.8477822580645161,0.12500000000000003
,,1.0,,,,2016-03-03T02:13:13Z,ls7,qd9veceht37d,,,
0.4230769230769231,0.4423076923076923,0.0,0.11923076923076927,0.0,0.0,2016-03-11T02:11:06Z,ls8,qd9veceht37d,0.12109375000000003,0.44921874999999994,0.42968749999999994
0.165,0.7725,0.07692307692307687,0.053333333333333344,0.0,0.0,2016-03-19T02:13:21Z,ls7,qd9veceht37d,0.053826745164003376,0.7796467619848612,0.1665264928511354
0.17230769230769233,0.74,0.0,0.0753846153846154,0.0,0.0,2016-04-04T02:13:24Z,ls7,qd9veceht37d,0.07632398753894083,0.7492211838006231,0.17445482866043616
0.27285714285714285,0.5257142857142857,0.46153846153846156,0.18857142857142858,0.0,0.0,2016-04-20T02:13:33Z,ls7,qd9veceht37d,0.19102749638205502,0.532561505065123,0.27641099855282203
,,1.0,,,,2016-04-28T02:10:48Z,ls8,qd9veceht37d,,,
0.30230769230769233,0.41384615384615386,0.0,0.2692307692307693,0.0,0.0,2016-05-06T02:13:38Z,ls7,qd9veceht37d,0.273224043715847,0.4199843871975019,0.30679156908665106
,,1.0,,,,2016-05-14T02:10:47Z,ls8,qd9veceht37d,,,
,,1.0,,,,2016-05-22T02:13:40Z,ls7,qd9veceht37d,,,
0.3184615384615385,0.2576923076923077,0.0,0.4061538461538462,0.0,0.0,2016-05-30T02:10:54Z,ls8,qd9veceht37d,0.41346906812842593,0.2623335943617854,0.3241973375097885
,,1.0,,,,2016-06-15T02:10:56Z,ls8,qd9veceht37d,,,
0.1184615384615385,0.35,0.0,0.5153846153846154,0.0,0.0,2016-06-23T02:13:48Z,ls7,qd9veceht37d,0.5238467552775606,0.35574667709147767,0.1204065676309617
0.23153846153846158,0.11307692307692307,0.0,0.6338461538461538,0.0,0.0,2016-07-01T02:11:05Z,ls8,qd9veceht37d,0.6477987421383647,0.11556603773584904,0.2366352201257862
,,1.0,,,,2016-07-09T02:13:48Z,ls7,qd9veceht37d,,,
,,1.0,,,,2016-07-17T02:11:12Z,ls8,qd9veceht37d,,,
,,1.0,,,,2016-07-25T02:13:50Z,ls7,qd9veceht37d,,,
0.21692307692307694,0.10384615384615384,0.0,0.6607692307692308,0.0,0.0,2016-08-02T02:11:16Z,ls8,qd9veceht37d,0.6731974921630095,0.10579937304075235,0.2210031347962383
0.1030769230769231,0.19461538461538463,0.0,0.6884615384615385,0.0,0.0,2016-08-10T02:13:52Z,ls7,qd9veceht37d,0.6981279251170047,0.19734789391575666,0.1045241809672387
0.36500000000000005,0.028333333333333335,0.5384615384615384,0.5949999999999999,0.0,0.0,2016-08-18T02:11:20Z,ls8,qd9veceht37d,0.6020236087689712,0.028667790893760543,0.3693086003372682
0.20384615384615384,0.3130769230769231,0.0,0.46923076923076923,0.0,0.0,2016-08-26T02:13:54Z,ls7,qd9veceht37d,0.47581903276131043,0.3174726989079563,0.20670826833073322
0.13615384615384615,0.1676923076923077,0.0,0.6746153846153846,0.0,0.0,2016-09-03T02:11:26Z,ls8,qd9veceht37d,0.6894654088050314,0.17138364779874213,0.1391509433962264
,,1.0,,,,2016-09-19T02:11:28Z,ls8,qd9veceht37d,,,
0.10846153846153848,0.18923076923076923,0.0,0.6846153846153846,0.0,0.0,2016-09-27T02:13:59Z,ls7,qd9veceht37d,0.696945967110415,0.19263899765074394,0.11041503523884105
0.15384615384615388,0.17692307692307693,0.0,0.6476923076923076,0.0,0.0,2016-10-05T02:11:31Z,ls8,qd9veceht37d,0.6619496855345911,0.1808176100628931,0.15723270440251577
0.12384615384615388,0.2530769230769231,0.0,0.6092307692307692,0.0,0.0,2016-10-13T02:13:59Z,ls7,qd9veceht37d,0.6177847113884556,0.25663026521060844,0.12558502340093608
0.20000000000000004,0.2107692307692308,0.0,0.5692307692307691,0.0,0.0,2016-10-21T02:11:35Z,ls8,qd9veceht37d,0.5808477237048665,0.21507064364207223,0.20408163265306126
0.17615384615384616,0.3992307692307693,0.0,0.4107692307692308,0.0,0.0,2016-10-29T02:13:55Z,ls7,qd9veceht37d,0.4165366614664587,0.40483619344773797,0.17862714508580343
0.2538461538461539,0.3130769230769231,0.0,0.4123076923076923,0.0,0.0,2016-11-06T02:11:35Z,ls8,qd9veceht37d,0.42105263157894735,0.31971720345640214,0.25923016496465046
0.22230769230769232,0.45615384615384613,0.0,0.3069230769230769,0.0,0.0,2016-11-14T02:13:47Z,ls7,qd9veceht37d,0.3114754098360656,0.46291959406713507,0.2256049960967994
0.25461538461538463,0.40692307692307683,0.0,0.3246153846153846,0.0,0.0,2016-11-22T02:11:35Z,ls8,qd9veceht37d,0.32917316692667703,0.4126365054602183,0.25819032761310456
0.19846153846153844,0.5538461538461538,0.0,0.23461538461538461,0.0,0.0,2016-11-30T02:13:45Z,ls7,qd9veceht37d,0.23772408417770852,0.5611847233047544,0.20109119251753702
0.28384615384615386,0.4507692307692308,0.0,0.24846153846153848,0.0,0.0,2016-12-08T02:11:33Z,ls8,qd9veceht37d,0.25273865414710484,0.458528951486698,0.2887323943661972
0.28,0.56,0.9230769230769231,0.14,0.0,0.0,2016-12-16T02:13:40Z,ls7,qd9veceht37d,0.14285714285714285,0.5714285714285714,0.2857142857142857
0.2946153846153846,0.4984615384615384,0.0,0.19,0.0,0.0,2016-12-24T02:11:28Z,ls8,qd9veceht37d,0.19327073552425666,0.5070422535211268,0.2996870109546166
0.32090909090909087,0.519090909090909,0.15384615384615385,0.14454545454545456,0.0,0.0,2017-01-01T02:13:32Z,ls7,qd9veceht37d,0.146814404432133,0.5272391505078486,0.32594644506001846
0.35384615384615387,0.4592307692307692,0.0,0.1692307692307692,0.0,0.0,2017-01-09T02:11:25Z,ls8,qd9veceht37d,0.17227877838684413,0.46750195771339076,0.3602192638997651
0.35076923076923083,0.48923076923076925,0.0,0.14461538461538465,0.0,0.0,2017-01-17T02:13:22Z,ls7,qd9veceht37d,0.146875,0.49687499999999996,0.35625
0.37076923076923063,0.45692307692307693,0.0,0.15307692307692305,0.0,0.0,2017-01-25T02:11:20Z,ls8,qd9veceht37d,0.156078431372549,0.4658823529411765,0.3780392156862744
0.31307692307692314,0.543076923076923,0.0,0.13153846153846155,0.0,0.0,2017-02-02T02:13:14Z,ls7,qd9veceht37d,0.13317757009345796,0.5498442367601245,0.3169781931464175
,,1.0,,,,2017-02-10T02:11:12Z,ls8,qd9veceht37d,,,
0.29250000000000004,0.5625,0.07692307692307687,0.12833333333333333,0.0,0.0,2017-02-18T02:13:13Z,ls7,qd9veceht37d,0.13050847457627118,0.5720338983050847,0.2974576271186441
0.3553846153846154,0.44076923076923075,0.0,0.18846153846153849,0.0,0.0,2017-02-26T02:11:07Z,ls8,qd9veceht37d,0.19140625000000003,0.44765625,0.3609375
0.32769230769230767,0.503076923076923,0.0,0.1546153846153846,0.0,0.0,2017-03-06T02:13:21Z,ls7,qd9veceht37d,0.15690866510538642,0.5105386416861826,0.3325526932084309
0.48307692307692307,0.32769230769230767,0.0,0.17153846153846153,0.0,0.0,2017-03-14T02:10:58Z,ls8,qd9veceht37d,0.17462803445575567,0.3335943617854346,0.4917776037588097
0.0575,0.78,0.6923076923076923,0.15,0.0,0.0,2017-03-22T02:13:27Z,ls7,qd9veceht37d,0.15189873417721517,0.789873417721519,0.05822784810126582
0.47230769230769243,0.3653846153846155,0.0,0.1415384615384615,0.0,0.0,2017-03-30T02:10:50Z,ls8,qd9veceht37d,0.1445404556166535,0.373134328358209,0.4823252160251375
0.4261538461538461,0.48692307692307685,0.0,0.07,0.0,0.0,2017-04-07T02:13:31Z,ls7,qd9veceht37d,0.07120500782472615,0.4953051643192488,0.433489827856025
0.5084615384615383,0.3492307692307692,0.0,0.12307692307692308,0.0,0.0,2017-04-15T02:10:42Z,ls8,qd9veceht37d,0.1254901960784314,0.356078431372549,0.5184313725490195
0.4384615384615384,0.4776923076923077,0.0,0.06538461538461539,0.0,0.0,2017-04-23T02:13:38Z,ls7,qd9veceht37d,0.06661442006269594,0.48667711598746083,0.4467084639498432
0.4615384615384617,0.4184615384615385,0.0,0.10230769230769231,0.0,0.0,2017-05-01T02:10:31Z,ls8,qd9veceht37d,0.10415035238841032,0.42599843382928737,0.4698512137823023
0.4115384615384616,0.46384615384615385,0.0,0.10615384615384617,0.0,0.0,2017-05-17T02:10:42Z,ls8,qd9veceht37d,0.10815047021943573,0.47257053291536044,0.41927899686520376
0.40230769230769226,0.5230769230769231,0.0,0.05615384615384616,0.0,0.0,2017-05-25T02:13:45Z,ls7,qd9veceht37d,0.05721003134796239,0.5329153605015675,0.4098746081504702
0.58,0.38,0.9230769230769231,0.02,0.0,0.0,2017-06-02T02:10:51Z,ls8,qd9veceht37d,0.020408163265306124,0.3877551020408163,0.5918367346938775
,,1.0,,,,2017-06-10T02:13:50Z,ls7,qd9veceht37d,,,
0.5215384615384614,0.4123076923076923,0.0,0.04461538461538462,0.0,0.0,2017-06-18T02:10:58Z,ls8,qd9veceht37d,0.04559748427672957,0.4213836477987422,0.5330188679245282
0.4184615384615385,0.5061538461538461,0.0,0.05846153846153846,0.0,0.0,2017-06-26T02:13:53Z,ls7,qd9veceht37d,0.059467918622848205,0.514866979655712,0.42566510172143984
,,1.0,,,,2017-07-04T02:11:02Z,ls8,qd9veceht37d,,,
,,1.0,,,,2017-07-12T02:13:54Z,ls7,qd9veceht37d,,,
0.22461538461538463,0.48000000000000004,0.0,0.28,0.0,0.0,2017-07-20T02:11:06Z,ls8,qd9veceht37d,0.284375,0.4875,0.228125
,,1.0,,,,2017-08-05T02:11:14Z,ls8,qd9veceht37d,,,
,,1.0,,,,2017-08-13T02:13:50Z,ls7,qd9veceht37d,,,
0.23846153846153847,0.054615384615384614,0.0,0.6892307692307693,0.0,0.0,2017-08-21T02:11:19Z,ls8,qd9veceht37d,0.701644479248238,0.055599060297572424,0.2427564604541895
,,1.0,,,,2017-08-29T02:13:51Z,ls7,qd9veceht37d,,,
,,1.0,,,,2017-09-06T02:11:21Z,ls8,qd9veceht37d,,,
0.23846153846153853,0.14615384615384613,0.0,0.6023076923076923,0.0,0.0,2017-09-14T02:13:49Z,ls7,qd9veceht37d,0.6102883865939205,0.14809041309431017,0.24162120031176934
0.1353846153846154,0.2630769230769231,0.0,0.5907692307692307,0.0,0.0,2017-09-30T02:13:50Z,ls7,qd9veceht37d,0.5972006220839813,0.26594090202177295,0.13685847589424574
0.15333333333333332,0.36000000000000004,0.7692307692307692,0.4666666666666666,0.0,0.0,2017-10-08T02:11:30Z,ls8,qd9veceht37d,0.47619047619047616,0.3673469387755103,0.15646258503401358
0.2784615384615384,0.28384615384615386,0.0,0.4223076923076924,0.0,0.0,2017-10-24T02:11:33Z,ls8,qd9veceht37d,0.42890625000000004,0.28828125,0.28281249999999997
0.19538461538461538,0.4984615384615385,0.0,0.29384615384615387,0.0,0.0,2017-11-01T02:13:52Z,ls7,qd9veceht37d,0.29750778816199375,0.5046728971962617,0.19781931464174454
0.20615384615384616,0.49923076923076926,0.0,0.27923076923076917,0.0,0.0,2017-11-09T02:11:31Z,ls8,qd9veceht37d,0.28359375,0.50703125,0.209375
0.2607692307692308,0.5507692307692308,0.0,0.17307692307692307,0.0,0.0,2017-11-25T02:11:25Z,ls8,qd9veceht37d,0.17578124999999997,0.559375,0.26484375000000004
,,1.0,,,,2017-12-03T02:13:43Z,ls7,qd9veceht37d,,,
0.2907692307692308,0.596923076923077,0.0,0.09692307692307695,0.0,0.0,2017-12-11T02:11:23Z,ls8,qd9veceht37d,0.09843750000000001,0.60625,0.2953125
0.27615384615384614,0.6653846153846155,0.0,0.04230769230769231,0.0,0.0,2017-12-19T02:13:34Z,ls7,qd9veceht37d,0.04300234558248632,0.676309616888194,0.28068803752931976
0.3315384615384615,0.5707692307692308,0.0,0.0776923076923077,0.0,0.0,2017-12-27T02:11:25Z,ls8,qd9veceht37d,0.07927786499215071,0.5824175824175825,0.33830455259026687
0.31461538461538463,0.5984615384615386,0.0,0.07076923076923078,0.0,0.0,2018-01-04T02:13:22Z,ls7,qd9veceht37d,0.07193119624706802,0.6082877247849883,0.31978107896794367
0.32999999999999996,0.566923076923077,0.0,0.08692307692307694,0.0,0.0,2018-01-12T02:11:19Z,ls8,qd9veceht37d,0.08835027365129007,0.5762314308053167,0.3354182955433932
,,1.0,,,,2018-01-20T02:13:08Z,ls7,qd9veceht37d,,,
0.3261538461538462,0.5738461538461539,0.0,0.08384615384615383,0.0,0.0,2018-01-28T02:11:10Z,ls8,qd9veceht37d,0.08522283033620015,0.583268178264269,0.33150899139953094
,,1.0,,,,2018-02-12T02:18:58Z,ls7,qd9veceht37d,,,
0.34076923076923077,0.5507692307692307,0.0,0.09230769230769233,0.0,0.0,2018-02-13T02:11:03Z,ls8,qd9veceht37d,0.09382329945269745,0.5598123534010945,0.346364347146208
0.3038461538461539,0.6261538461538461,0.0,0.05615384615384616,0.0,0.0,2018-02-21T02:12:42Z,ls7,qd9veceht37d,0.05694227769110766,0.6349453978159126,0.30811232449297976
0.30000000000000004,0.6061538461538462,0.0,0.07923076923076923,0.0,0.0,2018-03-01T02:10:57Z,ls8,qd9veceht37d,0.08040593286494925,0.615144418423107,0.30444964871194385
0.27461538461538465,0.6761538461538461,0.0,0.03307692307692308,0.0,0.0,2018-03-09T02:12:31Z,ls7,qd9veceht37d,0.03362001563721658,0.6872556684910086,0.2791243158717749
0.34846153846153843,0.5584615384615386,0.0,0.07615384615384614,0.0,0.0,2018-03-17T02:10:47Z,ls8,qd9veceht37d,0.07746478873239435,0.5680751173708921,0.35446009389671357
0.3261538461538461,0.6153846153846154,0.0,0.04076923076923077,0.0,0.0,2018-04-02T02:10:41Z,ls8,qd9veceht37d,0.04150352388410337,0.6264682850430697,0.3320281910728269
,,1.0,,,,2018-04-18T02:10:31Z,ls8,qd9veceht37d,,,
,,1.0,,,,2018-04-26T02:11:47Z,ls7,qd9veceht37d,,,
0.4723076923076924,0.46769230769230763,0.0,0.03769230769230769,0.0,0.0,2018-05-04T02:10:23Z,ls8,qd9veceht37d,0.03855232100708104,0.47836349331235245,0.4830841856805666
0.41384615384615386,0.5576923076923077,0.0,0.01076923076923077,0.0,0.0,2018-05-12T02:11:30Z,ls7,qd9veceht37d,0.010963194988253721,0.5677368833202819,0.42129992169146435
,,1.0,,,,2018-05-19T02:17:35Z,ls7,qd9veceht37d,,,
0.483076923076923,0.45615384615384624,0.0,0.03923076923076923,0.0,0.0,2018-05-20T02:10:11Z,ls8,qd9veceht37d,0.04009433962264151,0.4661949685534592,0.4937106918238993
0.20000000000000004,0.6753846153846155,0.0,0.1130769230769231,0.0,0.0,2018-05-28T02:11:16Z,ls7,qd9veceht37d,0.11439688715953308,0.6832684824902724,0.20233463035019456
0.09923076923076925,0.5407692307692307,0.0,0.3492307692307692,0.0,0.0,2018-06-13T02:10:59Z,ls7,qd9veceht37d,0.3530326594090202,0.546656298600311,0.10031104199066877
,,1.0,,,,2018-06-20T02:17:02Z,ls7,qd9veceht37d,,,
,,1.0,,,,2018-06-21T02:10:12Z,ls8,qd9veceht37d,,,
0.26461538461538464,0.28615384615384615,0.0,0.4369230769230769,0.0,0.0,2018-06-29T02:10:41Z,ls7,qd9veceht37d,0.4423676012461059,0.28971962616822433,0.2679127725856698
,,1.0,,,,2018-07-06T02:16:43Z,ls7,qd9veceht37d,,,
,,1.0,,,,2018-07-07T02:10:21Z,ls8,qd9veceht37d,,,
,,1.0,,,,2018-07-15T02:10:22Z,ls7,qd9veceht37d,,,
,,1.0,,,,2018-07-23T02:10:27Z,ls8,qd9veceht37d,,,
0.052307692307692305,0.19692307692307692,0.0,0.7330769230769232,0.0,0.0,2018-07-31T02:10:05Z,ls7,qd9veceht37d,0.7462803445575568,0.20046985121378227,0.053249804228660914
,,1.0,,,,2018-08-08T02:10:36Z,ls8,qd9veceht37d,,,
0.04307692307692308,0.21,0.0,0.7292307692307692,0.0,0.0,2018-08-16T02:09:47Z,ls7,qd9veceht37d,0.7423649177760376,0.21378230227094752,0.043852779953014884
,,1.0,,,,2018-08-23T02:15:50Z,ls7,qd9veceht37d,,,
0.15615384615384612,0.13,0.0,0.6907692307692308,0.0,0.0,2018-08-24T02:10:44Z,ls8,qd9veceht37d,0.7070866141732284,0.1330708661417323,0.15984251968503935
,,1.0,,,,2018-09-01T02:09:28Z,ls7,qd9veceht37d,,,
0.1676923076923077,0.15000000000000002,0.0,0.6615384615384615,0.0,0.0,2018-09-09T02:10:50Z,ls8,qd9veceht37d,0.6755695208169678,0.1531814611154753,0.17124901806755696
0.13384615384615386,0.19999999999999998,0.0,0.6499999999999999,0.0,0.0,2018-09-17T02:09:07Z,ls7,qd9veceht37d,0.6606724003127443,0.20328381548084443,0.1360437842064113
,,1.0,,,,2018-09-24T02:15:08Z,ls7,qd9veceht37d,,,
0.18307692307692308,0.16692307692307692,0.0,0.6292307692307693,0.0,0.0,2018-09-25T02:10:55Z,ls8,qd9veceht37d,0.6425765907305577,0.1704634721131186,0.1869599371563236
,,1.0,,,,2018-10-03T02:08:44Z,ls7,qd9veceht37d,,,
,,1.0,,,,2018-10-11T02:11:03Z,ls8,qd9veceht37d,,,
0.05384615384615386,0.5461538461538461,0.0,0.3869230769230769,0.0,0.0,2018-10-19T02:08:21Z,ls7,qd9veceht37d,0.392049883086516,0.5533904910366328,0.05455962587685115
,,1.0,,,,2018-10-26T02:14:23Z,ls7,qd9veceht37d,,,
0.2330769230769231,0.4269230769230769,0.0,0.3269230769230769,0.0,0.0,2018-10-27T02:11:08Z,ls8,qd9veceht37d,0.33125487139516757,0.4325798908807482,0.2361652377240842
0.29666666666666663,0.5599999999999999,0.7692307692307692,0.12666666666666668,0.0,0.0,2018-11-04T02:08:00Z,ls7,qd9veceht37d,0.12881355932203392,0.5694915254237288,0.30169491525423725
0.31199999999999994,0.555,0.23076923076923073,0.11699999999999999,0.0,0.0,2018-11-12T02:11:10Z,ls8,qd9veceht37d,0.11890243902439024,0.5640243902439025,0.31707317073170727
0.22076923076923077,0.5715384615384614,0.0,0.19538461538461543,0.0,0.0,2018-11-20T02:07:38Z,ls7,qd9veceht37d,0.1978193146417446,0.5786604361370716,0.22352024922118383
,,1.0,,,,2018-11-27T02:13:38Z,ls7,qd9veceht37d,,,
0.246923076923077,0.5153846153846154,0.0,0.21846153846153846,0.0,0.0,2018-11-28T02:11:10Z,ls8,qd9veceht37d,0.22274509803921563,0.5254901960784313,0.25176470588235295
,,1.0,,,,2018-12-13T02:13:12Z,ls7,qd9veceht37d,,,
0.2684615384615385,0.54,0.0,0.1746153846153846,0.0,0.0,2018-12-14T02:11:06Z,ls8,qd9veceht37d,0.17762128325508603,0.5492957746478873,0.2730829420970266
0.26538461538461544,0.5884615384615384,0.0,0.1346153846153846,0.0,0.0,2018-12-22T02:06:46Z,ls7,qd9veceht37d,0.13618677042801558,0.5953307392996109,0.26848249027237364
,,1.0,,,,2018-12-29T02:12:44Z,ls7,qd9veceht37d,,,
0.25538461538461543,0.5615384615384615,0.0,0.16923076923076924,0.0,0.0,2018-12-30T02:11:07Z,ls8,qd9veceht37d,0.17160686427457097,0.5694227769110763,0.2589703588143526
0.27538461538461545,0.5707692307692308,0.0,0.1376923076923077,0.0,0.0,2019-01-07T02:06:17Z,ls7,qd9veceht37d,0.13995308835027365,0.5801407349491791,0.27990617670054735
,,1.0,,,,2019-01-14T02:12:14Z,ls7,qd9veceht37d,,,
0.29769230769230776,0.5307692307692308,0.0,0.1546153846153846,0.0,0.0,2019-01-15T02:11:05Z,ls8,qd9veceht37d,0.15727699530516429,0.5399061032863849,0.30281690140845074
0.0,0.8766666666666666,0.7692307692307692,0.12,0.0,0.0,2019-01-23T02:05:46Z,ls7,qd9veceht37d,0.12040133779264214,0.8795986622073578,0.0
,,1.0,,,,2019-01-30T02:11:43Z,ls7,qd9veceht37d,,,
0.33153846153846156,0.5169230769230769,0.0,0.13538461538461538,0.0,0.0,2019-01-31T02:11:01Z,ls8,qd9veceht37d,0.1376075058639562,0.5254104769351056,0.3369820172009383
0.2992307692307692,0.5900000000000001,0.0,0.09461538461538462,0.0,0.0,2019-02-08T02:05:17Z,ls7,qd9veceht37d,0.09616888193901485,0.599687255668491,0.3041438623924941
,,1.0,,,,2019-02-15T02:11:15Z,ls7,qd9veceht37d,,,
0.3323076923076923,0.4961538461538462,0.0,0.1546153846153846,0.0,0.0,2019-02-16T02:10:59Z,ls8,qd9veceht37d,0.1572769953051643,0.5046948356807512,0.3380281690140845
0.3030769230769231,0.5746153846153846,0.0,0.10692307692307695,0.0,0.0,2019-02-24T02:04:48Z,ls7,qd9veceht37d,0.10859375000000003,0.58359375,0.3078125
,,1.0,,,,2019-03-03T02:10:45Z,ls7,qd9veceht37d,,,
,,1.0,,,,2019-03-04T02:10:54Z,ls8,qd9veceht37d,,,
0.3471428571428571,0.53,0.46153846153846156,0.10714285714285716,0.0,0.0,2019-03-12T02:04:17Z,ls7,qd9veceht37d,0.10885341074020322,0.5384615384615384,0.3526850507982583
,,1.0,,,,2019-03-19T02:10:14Z,ls7,qd9veceht37d,,,
0.3323076923076923,0.493076923076923,0.0,0.1576923076923077,0.0,0.0,2019-03-20T02:10:49Z,ls8,qd9veceht37d,0.16040688575899842,0.501564945226917,0.3380281690140845
0.16,0.73,0.9230769230769231,0.1,0.0,0.0,2019-03-28T02:03:45Z,ls7,qd9veceht37d,0.10101010101010102,0.7373737373737373,0.16161616161616163
0.41384615384615386,0.4284615384615385,0.0,0.13846153846153844,0.0,0.0,2019-04-05T02:10:46Z,ls8,qd9veceht37d,0.14117647058823526,0.43686274509803924,0.42196078431372547
0.38153846153846155,0.5230769230769231,0.0,0.08,0.0,0.0,2019-04-13T02:03:12Z,ls7,qd9veceht37d,0.08125,0.53125,0.3875
0.3553846153846153,0.49230769230769234,0.0,0.13384615384615384,0.0,0.0,2019-04-21T02:10:39Z,ls8,qd9veceht37d,0.13636363636363635,0.5015673981191223,0.3620689655172413
0.40461538461538465,0.4592307692307693,0.0,0.11923076923076922,0.0,0.0,2019-05-07T02:10:43Z,ls8,qd9veceht37d,0.12128325508607196,0.46713615023474175,0.41158059467918623
0.44153846153846155,0.4846153846153846,0.0,0.056923076923076917,0.0,0.0,2019-05-15T02:01:59Z,ls7,qd9veceht37d,0.05790297339593114,0.49295774647887325,0.4491392801251956
,,1.0,,,,2019-05-22T02:07:53Z,ls7,qd9veceht37d,,,
,,1.0,,,,2019-05-23T02:10:53Z,ls8,qd9veceht37d,,,
,,1.0,,,,2019-05-31T02:01:24Z,ls7,qd9veceht37d,,,
,,1.0,,,,2019-06-08T02:11:01Z,ls8,qd9veceht37d,,,
,,1.0,,,,2019-06-24T02:11:07Z,ls8,qd9veceht37d,,,
,,1.0,,,,2019-07-02T02:00:13Z,ls7,qd9veceht37d,,,
,,1.0,,,,2019-07-09T02:06:08Z,ls7,qd9veceht37d,,,
0.23076923076923078,0.27384615384615385,0.0,0.4815384615384615,0.0,0.0,2019-07-10T02:11:10Z,ls8,qd9veceht37d,0.48829953198127923,0.27769110764430577,0.234009360374415
0.19692307692307692,0.32384615384615384,0.0,0.46846153846153854,0.0,0.0,2019-07-18T01:59:36Z,ls7,qd9veceht37d,0.4735614307931571,0.3273716951788491,0.19906687402799375
0.2692307692307693,0.32923076923076916,0.0,0.3861538461538461,0.0,0.0,2019-07-26T02:11:15Z,ls8,qd9veceht37d,0.39218749999999997,0.3343749999999999,0.27343750000000006
0.4588888888888889,0.06888888888888889,0.3076923076923077,0.4588888888888889,0.0,0.0,2019-08-03T01:58:57Z,ls7,qd9veceht37d,0.4650900900900901,0.06981981981981981,0.4650900900900901
,,1.0,,,,2019-08-10T02:04:51Z,ls7,qd9veceht37d,,,
0.2907692307692308,0.14461538461538462,0.0,0.5438461538461539,0.0,0.0,2019-08-11T02:11:21Z,ls8,qd9veceht37d,0.5553809897879026,0.1476826394344069,0.29693637077769053
0.2246153846153846,0.17384615384615382,0.0,0.5900000000000001,0.0,0.0,2019-08-19T01:58:17Z,ls7,qd9veceht37d,0.596887159533074,0.17587548638132292,0.22723735408560308
,,1.0,,,,2019-08-26T02:04:10Z,ls7,qd9veceht37d,,,
0.3053846153846154,0.08538461538461539,0.0,0.59,0.0,0.0,2019-08-27T02:11:25Z,ls8,qd9veceht37d,0.6015686274509803,0.08705882352941177,0.31137254901960787
0.10461538461538462,0.30846153846153845,0.0,0.5738461538461539,0.0,0.0,2019-09-04T01:57:36Z,ls7,qd9veceht37d,0.5814497272018706,0.3125487139516757,0.10600155884645363
0.266923076923077,0.09923076923076923,0.0,0.6130769230769231,0.0,0.0,2019-09-12T02:11:30Z,ls8,qd9veceht37d,0.6260801256873526,0.10133542812254516,0.27258444619010214
0.5230769230769231,0.045384615384615384,0.0,0.41846153846153844,0.0,0.0,2019-09-20T01:56:54Z,ls7,qd9veceht37d,0.4240062353858145,0.04598597038191738,0.5300077942322682
,,1.0,,,,2019-09-27T02:02:46Z,ls7,qd9veceht37d,,,
0.2730769230769231,0.19846153846153844,0.0,0.5092307692307693,0.0,0.0,2019-09-28T02:11:35Z,ls8,qd9veceht37d,0.5192156862745098,0.20235294117647054,0.2784313725490196
0.19615384615384618,0.3746153846153846,0.0,0.4169230769230769,0.0,0.0,2019-10-06T01:56:13Z,ls7,qd9veceht37d,0.4221183800623053,0.37928348909657317,0.19859813084112152
,,1.0,,,,2019-10-14T02:11:38Z,ls8,qd9veceht37d,,,
0.24769230769230774,0.5530769230769232,0.0,0.1876923076923077,0.0,0.0,2019-10-22T01:55:33Z,ls7,qd9veceht37d,0.18988326848249024,0.5595330739299611,0.25058365758754864
,,1.0,,,,2019-10-29T02:01:25Z,ls7,qd9veceht37d,,,
0.28769230769230775,0.506923076923077,0.0,0.19,0.0,0.0,2019-10-30T02:11:38Z,ls8,qd9veceht37d,0.19296875,0.51484375,0.29218750000000004
0.31769230769230766,0.5561538461538462,0.0,0.1107692307692308,0.0,0.0,2019-11-07T01:54:50Z,ls7,qd9veceht37d,0.11250000000000003,0.5648437500000001,0.32265625
,,1.0,,,,2019-11-14T02:00:42Z,ls7,qd9veceht37d,,,
0.36153846153846153,0.51,0.0,0.1107692307692308,0.0,0.0,2019-11-15T02:11:35Z,ls8,qd9veceht37d,0.11276429130775258,0.519185591229444,0.3680501174628034
0.35461538461538455,0.5492307692307692,0.0,0.07846153846153846,0.0,0.0,2019-11-23T01:54:06Z,ls7,qd9veceht37d,0.07987470634299139,0.5591229444009397,0.3610023492560689
,,1.0,,,,2019-11-30T01:59:56Z,ls7,qd9veceht37d,,,
0.4115384615384615,0.4876923076923077,0.0,0.08461538461538462,0.0,0.0,2019-12-01T02:11:33Z,ls8,qd9veceht37d,0.08600469116497264,0.49569976544175137,0.418295543393276
0.29,0.61,0.9230769230769231,0.08,0.0,0.0,2019-12-09T01:53:19Z,ls7,qd9veceht37d,0.0816326530612245,0.6224489795918368,0.29591836734693877
,,1.0,,,,2019-12-16T01:59:09Z,ls7,qd9veceht37d,,,
0.36307692307692313,0.5292307692307692,0.0,0.09,0.0,0.0,2019-12-17T02:11:32Z,ls8,qd9veceht37d,0.09162098668754894,0.5387627251370398,0.36961628817541115
0.30692307692307697,0.6192307692307693,0.0,0.05846153846153847,0.0,0.0,2019-12-25T01:52:30Z,ls7,qd9veceht37d,0.059375000000000004,0.62890625,0.31171875000000004
,,1.0,,,,2020-01-01T01:58:19Z,ls7,qd9veceht37d,,,
0.45846153846153853,0.4438461538461539,0.0,0.07846153846153846,0.0,0.0,2020-01-02T02:11:27Z,ls8,qd9veceht37d,0.07999999999999999,0.45254901960784316,0.4674509803921569
0.49307692307692297,0.4476923076923077,0.0,0.04307692307692308,0.0,0.0,2020-01-10T01:51:40Z,ls7,qd9veceht37d,0.043784206411258804,0.45504300234558254,0.5011727912431586
,,1.0,,,,2020-01-17T01:57:30Z,ls7,qd9veceht37d,,,
0.4538461538461539,0.4569230769230769,0.0,0.06923076923076922,0.0,0.0,2020-01-18T02:11:24Z,ls8,qd9veceht37d,0.07064364207221349,0.46624803767660905,0.46310832025117743
0.505,0.43100000000000005,0.23076923076923073,0.044,0.0,0.0,2020-01-26T01:50:53Z,ls7,qd9veceht37d,0.044897959183673466,0.439795918367347,0.5153061224489796
,,1.0,,,,2020-02-02T01:56:43Z,ls7,qd9veceht37d,,,
0.5484615384615384,0.38615384615384624,0.0,0.04615384615384616,0.0,0.0,2020-02-03T02:11:19Z,ls8,qd9veceht37d,0.04705882352941177,0.3937254901960785,0.5592156862745098
0.19076923076923077,0.7276923076923077,0.0,0.06923076923076922,0.0,0.0,2020-02-11T01:50:04Z,ls7,qd9veceht37d,0.07009345794392521,0.7367601246105919,0.19314641744548286
,,1.0,,,,2020-02-18T01:55:53Z,ls7,qd9veceht37d,,,
,,1.0,,,,2020-02-19T02:11:15Z,ls8,qd9veceht37d,,,
,,1.0,,,,2020-03-05T01:55:02Z,ls7,qd9veceht37d,,,
,,1.0,,,,2020-03-06T02:11:10Z,ls8,qd9veceht37d,,,
,,1.0,,,,2020-03-14T01:48:22Z,ls7,qd9veceht37d,,,
,,1.0,,,,2020-03-21T01:54:09Z,ls7,qd9veceht37d,,,
0.5338461538461539,0.2046153846153846,0.0,0.24230769230769234,0.0,0.0,2020-03-22T02:11:02Z,ls8,qd9veceht37d,0.24705882352941178,0.20862745098039212,0.5443137254901961
0.5307692307692308,0.22384615384615386,0.0,0.23153846153846155,0.0,0.0,2020-03-30T01:47:28Z,ls7,qd9veceht37d,0.23478939157566303,0.22698907956318254,0.5382215288611545
,,1.0,,,,2020-04-06T01:53:15Z,ls7,qd9veceht37d,,,
0.5230769230769231,0.24923076923076926,0.0,0.20615384615384613,0.0,0.0,2020-04-07T02:10:53Z,ls8,qd9veceht37d,0.21069182389937105,0.25471698113207547,0.5345911949685535
0.6366666666666666,0.21000000000000002,0.3076923076923077,0.13777777777777778,0.0,0.0,2020-04-15T01:46:33Z,ls7,qd9veceht37d,0.1399548532731377,0.21331828442437925,0.646726862302483
,,1.0,,,,2020-04-22T01:52:19Z,ls7,qd9veceht37d,,,
0.546923076923077,0.2630769230769231,0.0,0.17076923076923078,0.0,0.0,2020-04-23T02:10:47Z,ls8,qd9veceht37d,0.17411764705882354,0.26823529411764707,0.5576470588235294
0.55,0.31846153846153846,0.0,0.11461538461538463,0.0,0.0,2020-05-01T01:45:36Z,ls7,qd9veceht37d,0.11658841940532082,0.32394366197183094,0.5594679186228482
0.01,0.7475,0.6923076923076923,0.24,0.0,0.0,2020-05-08T01:51:22Z,ls7,qd9veceht37d,0.24060150375939848,0.7493734335839599,0.010025062656641603
,,1.0,,,,2020-05-09T02:10:38Z,ls8,qd9veceht37d,,,
0.42461538461538456,0.43076923076923074,0.0,0.13,0.0,0.0,2020-05-17T01:44:38Z,ls7,qd9veceht37d,0.13192818110850899,0.4371584699453552,0.4309133489461358
0.0,0.0,0.0,0.0,0.0,1.0,2020-05-25T02:10:41Z,ls8,qd9veceht37d,0.0,0.0,0.0
0.8146153846153847,0.13307692307692306,0.0,0.03461538461538461,0.0,0.0,2020-06-02T01:43:40Z,ls7,qd9veceht37d,0.03523884103367266,0.1354737666405638,0.8292873923257635
0.515,0.295,0.8461538461538461,0.17,0.0,0.0,2020-06-09T01:49:27Z,ls7,qd9veceht37d,0.17346938775510207,0.3010204081632653,0.5255102040816326
0.7807692307692308,0.11923076923076925,0.0,0.08384615384615385,0.0,0.0,2020-06-10T02:10:50Z,ls8,qd9veceht37d,0.08522283033620016,0.1211884284597342,0.7935887412040658
,,1.0,,,,2020-06-18T01:42:44Z,ls7,qd9veceht37d,,,
0.45272727272727276,0.3781818181818182,0.15384615384615385,0.15363636363636363,0.0,0.0,2020-06-25T01:48:30Z,ls7,qd9veceht37d,0.15604801477377656,0.38411819021237303,0.45983379501385047
0.5761538461538461,0.16999999999999998,0.0,0.2369230769230769,0.0,0.0,2020-06-26T02:10:59Z,ls8,qd9veceht37d,0.24100156494522693,0.1729264475743349,0.5860719874804382
0.41461538461538466,0.3092307692307692,0.0,0.2653846153846154,0.0,0.0,2020-07-04T01:41:47Z,ls7,qd9veceht37d,0.26827371695178853,0.31259720062208396,0.4191290824261276
0.6285714285714287,0.042857142857142864,0.46153846153846156,0.3171428571428571,0.0,0.0,2020-07-11T01:47:32Z,ls7,qd9veceht37d,0.3208092485549132,0.04335260115606937,0.6358381502890174
0.6123076923076923,0.03769230769230769,0.0,0.33615384615384614,0.0,0.0,2020-07-12T02:11:05Z,ls8,qd9veceht37d,0.3408736349453978,0.038221528861154444,0.6209048361934477
0.4638461538461538,0.11153846153846152,0.0,0.41384615384615386,0.0,0.0,2020-07-20T01:40:49Z,ls7,qd9veceht37d,0.4183514774494557,0.11275272161741834,0.468895800933126
,,1.0,,,,2020-07-27T01:46:33Z,ls7,qd9veceht37d,,,
,,1.0,,,,2020-07-28T02:11:10Z,ls8,qd9veceht37d,,,
0.3,0.29,0.9230769230769231,0.39,0.0,0.0,2020-08-05T01:39:49Z,ls7,qd9veceht37d,0.3979591836734694,0.29591836734693877,0.30612244897959184
,,1.0,,,,2020-08-13T02:11:14Z,ls8,qd9veceht37d,,,
,,1.0,,,,2020-08-21T01:38:48Z,ls7,qd9veceht37d,,,
0.2666666666666667,0.07222222222222223,0.3076923076923077,0.6466666666666666,0.0,0.0,2020-08-28T01:44:31Z,ls7,qd9veceht37d,0.6561443066516347,0.07328072153325818,0.27057497181510715
,,1.0,,,,2020-08-29T02:11:22Z,ls8,qd9veceht37d,,,
0.2984615384615385,0.11076923076923079,0.0,0.5761538461538461,0.0,0.0,2020-09-22T01:36:41Z,ls7,qd9veceht37d,0.5846994535519124,0.11241217798594848,0.30288836846213896
0.46153846153846156,0.04692307692307693,0.0,0.47384615384615386,0.0,0.0,2020-09-30T02:11:33Z,ls8,qd9veceht37d,0.48238057948316365,0.047768206734534066,0.46985121378230227
,,1.0,,,,2020-10-08T01:35:40Z,ls7,qd9veceht37d,,,
,,1.0,,,,2020-10-16T02:11:34Z,ls8,qd9veceht37d,,,
,,1.0,,,,2020-10-24T01:34:38Z,ls7,qd9veceht37d,,,
0.44,0.44999999999999996,0.8461538461538461,0.09,0.0,0.0,2020-11-09T01:33:33Z,ls7,qd9veceht37d,0.09183673469387756,0.4591836734693877,0.4489795918367347
,,1.0,,,,2020-11-16T01:39:15Z,ls7,qd9veceht37d,,,
,,1.0,,,,2020-11-17T02:11:32Z,ls8,qd9veceht37d,,,
0.40545454545454546,0.46545454545454545,0.15384615384615385,0.11545454545454546,0.0,0.0,2020-11-25T01:32:26Z,ls7,qd9veceht37d,0.11705069124423964,0.471889400921659,0.4110599078341014
0.39692307692307693,0.4715384615384616,0.0,0.11615384615384614,0.0,0.0,2020-12-02T01:38:06Z,ls7,qd9veceht37d,0.11796874999999997,0.47890625000000003,0.403125
0.39615384615384613,0.4553846153846154,0.0,0.1315384615384615,0.0,0.0,2020-12-03T02:11:35Z,ls8,qd9veceht37d,0.1338028169014084,0.4632237871674492,0.40297339593114245
0.3399999999999999,0.5715384615384616,0.0,0.07384615384615384,0.0,0.0,2020-12-11T01:31:15Z,ls7,qd9veceht37d,0.07494145199063232,0.5800156128024981,0.34504293520686957
0.42076923076923073,0.483076923076923,0.0,0.08076923076923077,0.0,0.0,2020-12-18T01:36:54Z,ls7,qd9veceht37d,0.08203125000000001,0.49062500000000003,0.42734375
0.39461538461538453,0.49307692307692313,0.0,0.09384615384615384,0.0,0.0,2020-12-19T02:11:35Z,ls8,qd9veceht37d,0.09561128526645768,0.5023510971786834,0.4020376175548589
0.4115384615384616,0.5123076923076922,0.0,0.06307692307692307,0.0,0.0,2020-12-27T01:30:04Z,ls7,qd9veceht37d,0.06391270459859705,0.5190958690568979,0.41699142634450514
0.4038461538461539,0.5392307692307693,0.0,0.043846153846153854,0.0,0.0,2021-01-03T01:35:46Z,ls7,qd9veceht37d,0.044427123928293066,0.5463756819953235,0.4091971940763835
0.4146153846153846,0.49,0.0,0.07692307692307693,0.0,0.0,2021-01-04T02:11:30Z,ls8,qd9veceht37d,0.07836990595611286,0.4992163009404389,0.4224137931034483
,,1.0,,,,2021-01-12T01:28:57Z,ls7,qd9veceht37d,,,
,,1.0,,,,2021-01-20T02:11:23Z,ls8,qd9veceht37d,,,
0.42,0.51,0.8461538461538461,0.05500000000000001,0.0,0.0,2021-01-28T01:27:48Z,ls7,qd9veceht37d,0.05583756345177665,0.5177664974619289,0.42639593908629436
0.5115384615384616,0.3946153846153846,0.0,0.0776923076923077,0.0,0.0,2021-02-04T01:33:28Z,ls7,qd9veceht37d,0.07896794370602032,0.4010946051602814,0.5199374511336983
,,1.0,,,,2021-02-05T02:11:21Z,ls8,qd9veceht37d,,,
,,1.0,,,,2021-02-13T01:26:37Z,ls7,qd9veceht37d,,,
,,1.0,,,,2021-02-20T01:32:16Z,ls7,qd9veceht37d,,,
0.4215384615384616,0.32615384615384624,0.0,0.23384615384615387,0.0,0.0,2021-02-21T02:11:17Z,ls8,qd9veceht37d,0.23824451410658307,0.3322884012539185,0.4294670846394984
,,1.0,,,,2021-03-01T01:25:24Z,ls7,qd9veceht37d,,,
0.288,0.45,0.6153846153846154,0.248,0.0,0.0,2021-03-08T01:31:02Z,ls7,qd9veceht37d,0.2515212981744422,0.4563894523326572,0.2920892494929006
0.2792307692307693,0.4946153846153847,0.0,0.2107692307692308,0.0,0.0,2021-03-09T02:11:09Z,ls8,qd9veceht37d,0.2140625,0.50234375,0.28359375
,,1.0,,,,2021-03-17T01:24:08Z,ls7,qd9veceht37d,,,
,,1.0,,,,2021-03-24T01:29:46Z,ls7,qd9veceht37d,,,
,,1.0,,,,2021-03-25T02:11:02Z,ls8,qd9veceht37d,,,
0.4022222222222222,0.4822222222222222,0.3076923076923077,0.09888888888888889,0.0,0.0,2021-04-02T01:22:51Z,ls7,qd9veceht37d,0.10056497175141242,0.49039548022598867,0.40903954802259884
0.45538461538461533,0.48692307692307685,0.0,0.043076923076923075,0.0,0.0,2021-04-09T01:28:27Z,ls7,qd9veceht37d,0.04371584699453552,0.4941451990632318,0.4621389539422326
,,1.0,,,,2021-04-10T02:10:58Z,ls8,qd9veceht37d,,,
0.5053846153846154,0.3961538461538462,0.0,0.08076923076923076,0.0,0.0,2021-04-18T01:21:31Z,ls7,qd9veceht37d,0.08222396241190288,0.40328895849647617,0.5144870790916211
0.4876923076923077,0.44153846153846155,0.0,0.05307692307692307,0.0,0.0,2021-04-25T01:27:06Z,ls7,qd9veceht37d,0.05403288958496475,0.4494909945184025,0.4964761158966327
0.5007692307692307,0.3930769230769231,0.0,0.08538461538461539,0.0,0.0,2021-04-26T02:10:50Z,ls8,qd9veceht37d,0.08719560094265515,0.401413982717989,0.5113904163393558
,,1.0,,,,2021-05-12T02:10:47Z,ls8,qd9veceht37d,,,
0.37615384615384617,0.4784615384615385,0.0,0.12923076923076923,0.0,0.0,2021-05-20T01:18:49Z,ls7,qd9veceht37d,0.1313526192337764,0.4863174354964816,0.38232994526974196
0.3377777777777778,0.45333333333333337,0.3076923076923077,0.19777777777777777,0.0,0.0,2021-06-05T01:17:27Z,ls7,qd9veceht37d,0.19999999999999998,0.45842696629213486,0.3415730337078652
0.05,0.5884615384615385,0.0,0.35384615384615387,0.0,0.0,2021-06-12T01:23:04Z,ls7,qd9veceht37d,0.35658914728682173,0.5930232558139535,0.050387596899224806
0.23076923076923073,0.4392307692307692,0.0,0.31538461538461543,0.0,0.0,2021-06-13T02:11:04Z,ls8,qd9veceht37d,0.3200624512099922,0.44574551131928175,0.23419203747072595
,,1.0,,,,2021-06-21T01:16:09Z,ls7,qd9veceht37d,,,
,,1.0,,,,2021-06-29T02:11:08Z,ls8,qd9veceht37d,,,
0.05153846153846154,0.4061538461538461,0.0,0.53,0.0,0.0,2021-07-07T01:14:49Z,ls7,qd9veceht37d,0.5366043613707165,0.41121495327102797,0.05218068535825546
0.12923076923076923,0.2984615384615385,0.0,0.5576923076923077,0.0,0.0,2021-07-15T02:11:09Z,ls8,qd9veceht37d,0.5659640905542545,0.30288836846213896,0.13114754098360654
0.39230769230769236,0.16692307692307692,0.0,0.4361538461538462,0.0,0.0,2021-07-23T01:13:27Z,ls7,qd9veceht37d,0.4381761978361669,0.1676970633693972,0.3941267387944358
,,1.0,,,,2021-07-31T02:11:17Z,ls8,qd9veceht37d,,,
,,1.0,,,,2021-08-15T01:17:35Z,ls7,qd9veceht37d,,,
0.23923076923076925,0.10461538461538461,0.0,0.6361538461538461,0.0,0.0,2021-08-16T02:11:23Z,ls8,qd9veceht37d,0.6491365777080063,0.10675039246467818,0.2441130298273156
,,1.0,,,,2021-08-24T01:10:38Z,ls7,qd9veceht37d,,,
0.0,0.0,0.9230769230769231,0.0,0.0,1.0,2021-09-16T01:14:48Z,ls7,qd9veceht37d,0.0,0.0,0.0
,,1.0,,,,2021-09-17T02:11:32Z,ls8,qd9veceht37d,,,
0.2330769230769231,0.15307692307692305,0.0,0.5992307692307693,0.0,0.0,2021-09-25T01:07:49Z,ls7,qd9veceht37d,0.6081186572989853,0.15534738485558156,0.23653395784543327
0.2376923076923077,0.19384615384615383,0.0,0.55,0.0,0.0,2021-10-03T02:11:36Z,ls8,qd9veceht37d,0.560344827586207,0.1974921630094044,0.24216300940438873
0.226923076923077,0.3469230769230769,0.0,0.41307692307692306,0.0,0.0,2021-11-03T01:10:29Z,ls7,qd9veceht37d,0.41855027279812934,0.3515198752922836,0.22992985190958698
0.23692307692307696,0.33461538461538465,0.0,0.4130769230769232,0.0,0.0,2021-11-04T02:11:39Z,ls8,qd9veceht37d,0.41953124999999997,0.33984374999999994,0.24062499999999998
0.23600000000000004,0.368,0.23076923076923073,0.384,0.0,0.0,2021-11-12T01:03:26Z,ls7,qd9veceht37d,0.38866396761133604,0.3724696356275304,0.23886639676113364
0.09307692307692308,0.6169230769230769,0.0,0.2784615384615385,0.0,0.0,2021-11-18T02:13:25Z,ls9,qd9veceht37d,0.28171206225680934,0.624124513618677,0.09416342412451362
0.24,0.39,0.6153846153846154,0.356,0.0,0.0,2021-11-19T01:08:56Z,ls7,qd9veceht37d,0.3610547667342799,0.3955375253549696,0.2434077079107505
0.2523076923076923,0.40384615384615385,0.0,0.3276923076923076,0.0,0.0,2021-11-20T02:11:34Z,ls8,qd9veceht37d,0.33307271305707575,0.4104769351055512,0.2564503518373729
0.2784615384615385,0.45461538461538464,0.0,0.2530769230769231,0.0,0.0,2021-11-28T01:01:54Z,ls7,qd9veceht37d,0.25663026521060844,0.46099843993759754,0.2823712948517941
,,1.0,,,,2021-12-05T01:07:25Z,ls7,qd9veceht37d,,,
0.27461538461538465,0.4715384615384616,0.0,0.2384615384615385,0.0,0.0,2021-12-06T02:11:36Z,ls8,qd9veceht37d,0.24218750000000003,0.47890625000000003,0.27890625
0.3130769230769231,0.4346153846153846,0.0,0.2361538461538462,0.0,0.0,2021-12-14T02:11:32Z,ls9,qd9veceht37d,0.24003127443315095,0.4417513682564504,0.31821735731039874
0.25230769230769234,0.5084615384615385,0.0,0.22307692307692306,0.0,0.0,2021-12-22T02:11:33Z,ls8,qd9veceht37d,0.22673964034401872,0.5168100078186083,0.25645035183737297
0.2676923076923077,0.556923076923077,0.0,0.15999999999999998,0.0,0.0,2021-12-30T00:58:48Z,ls7,qd9veceht37d,0.16249999999999998,0.565625,0.271875
,,1.0,,,,2022-01-06T01:04:17Z,ls7,qd9veceht37d,,,
0.2946153846153846,0.4992307692307691,0.0,0.18923076923076926,0.0,0.0,2022-01-07T02:11:29Z,ls8,qd9veceht37d,0.19248826291079818,0.5078247261345852,0.29968701095461664
0.20538461538461542,0.3669230769230769,0.0,0.10846153846153847,0.0,0.3076923076923077,2022-01-15T00:57:16Z,ls7,qd9veceht37d,0.11029986962190352,0.3731421121251629,0.20886571056062583
,,1.0,,,,2022-01-22T01:02:46Z,ls7,qd9veceht37d,,,
0.31461538461538463,0.5192307692307693,0.0,0.14846153846153845,0.0,0.0,2022-01-23T02:11:25Z,ls8,qd9veceht37d,0.15113547376664055,0.5285826155050901,0.3202819107282694
0.36230769230769233,0.45461538461538464,0.0,0.1669230769230769,0.0,0.0,2022-01-31T00:55:42Z,ls7,qd9veceht37d,0.16966379984362778,0.46207974980453476,0.36825645035183735
,,1.0,,,,2022-02-07T01:01:11Z,ls7,qd9veceht37d,,,
0.3169230769230769,0.49230769230769234,0.0,0.1723076923076923,0.0,0.0,2022-02-08T02:11:21Z,ls8,qd9veceht37d,0.1755485893416928,0.5015673981191223,0.322884012539185
0.34615384615384615,0.4915384615384616,0.0,0.14615384615384613,0.0,0.0,2022-02-16T00:54:03Z,ls7,qd9veceht37d,0.14855355746677087,0.4996090695856138,0.3518373729476153
,,1.0,,,,2022-02-23T00:59:35Z,ls7,qd9veceht37d,,,
0.32384615384615384,0.48307692307692307,0.0,0.1769230769230769,0.0,0.0,2022-02-24T02:11:16Z,ls8,qd9veceht37d,0.17982799061767005,0.4910086004691165,0.32916340891321344
0.33846153846153854,0.5023076923076923,0.0,0.14461538461538462,0.0,0.0,2022-03-04T00:52:32Z,ls7,qd9veceht37d,0.14676034348165493,0.5097580015612803,0.34348165495706484
0.31384615384615383,0.48538461538461547,0.0,0.1846153846153846,0.0,0.0,2022-03-12T02:11:12Z,ls8,qd9veceht37d,0.18764659890539484,0.49335418295543404,0.3189992181391712
0.4675,0.39749999999999996,0.6923076923076923,0.1175,0.0,0.0,2022-03-20T00:50:56Z,ls7,qd9veceht37d,0.11959287531806616,0.40458015267175573,0.4758269720101782
,,1.0,,,,2022-03-27T00:56:28Z,ls7,qd9veceht37d,,,
0.2946153846153846,0.4938461538461538,0.0,0.19769230769230772,0.0,0.0,2022-03-28T02:11:00Z,ls8,qd9veceht37d,0.20046801872074885,0.500780031201248,0.2987519500780031
0.19846153846153847,0.4523076923076923,0.0,0.3392307692307692,0.0,0.0,2022-04-05T00:49:24Z,ls7,qd9veceht37d,0.34265734265734266,0.4568764568764569,0.20046620046620048
0.21615384615384617,0.2923076923076923,0.0,0.4753846153846154,0.0,0.0,2022-04-13T02:11:04Z,ls8,qd9veceht37d,0.48318999218139175,0.29710711493354186,0.21970289288506648
0.23230769230769235,0.13923076923076924,0.0,0.6123076923076922,0.0,0.0,2022-04-29T02:11:00Z,ls8,qd9veceht37d,0.6223612197028928,0.14151681000781863,0.23612197028928855
,,1.0,,,,2022-05-15T02:11:10Z,ls8,qd9veceht37d,,,
0.0730769230769231,0.37615384615384617,0.0,0.5323076923076923,0.0,0.0,2022-05-31T02:11:13Z,ls8,qd9veceht37d,0.5423197492163009,0.3832288401253919,0.07445141065830724
0.1576923076923077,0.14999999999999997,0.0,0.6715384615384615,0.0,0.0,2022-06-16T02:11:25Z,ls8,qd9veceht37d,0.6857816182246661,0.15318146111547523,0.16103692065985858
0.1938461538461538,0.12615384615384614,0.0,0.663076923076923,0.0,0.0,2022-07-02T02:11:29Z,ls8,qd9veceht37d,0.6744913928012519,0.12832550860719874,0.19718309859154928
0.04000000000000001,0.23,0.0,0.7100000000000001,0.0,0.0,2022-07-18T02:11:29Z,ls8,qd9veceht37d,0.7244897959183674,0.2346938775510204,0.04081632653061225
0.0,0.0,0.0,0.0,0.07692307692307693,0.9230769230769231,2022-08-03T02:11:41Z,ls8,qd9veceht37d,0.0,0.0,0.0
0.10923076923076926,0.1946153846153846,0.0,0.6776923076923076,0.0,0.0,2022-08-19T02:11:46Z,ls8,qd9veceht37d,0.6904388714733541,0.19827586206896552,0.11128526645768029
0.1030769230769231,0.13615384615384615,0.0,0.7353846153846154,0.0,0.0,2022-10-06T02:11:50Z,ls8,qd9veceht37d,0.7545382794001578,0.13970007892659825,0.1057616416732439
,,1.0,,,,2022-10-22T02:11:50Z,ls8,qd9veceht37d,,,
,,1.0,,,,2022-11-07T02:11:52Z,ls8,qd9veceht37d,,,
0.1353846153846154,0.42692307692307696,0.0,0.42230769230769233,0.0,0.0,2022-11-23T02:11:47Z,ls8,qd9veceht37d,0.42890625,0.43359375,0.1375
,,1.0,,,,2022-12-09T02:11:47Z,ls8,qd9veceht37d,,,
0.16769230769230767,0.5130769230769231,0.0,0.3023076923076923,0.0,0.0,2022-12-25T02:11:38Z,ls8,qd9veceht37d,0.3075117370892019,0.5219092331768388,0.17057902973395928
,,1.0,,,,2023-01-10T02:11:37Z,ls8,qd9veceht37d,,,
0.2361538461538462,0.5238461538461539,0.0,0.2246153846153846,0.0,0.0,2023-01-26T02:11:36Z,ls8,qd9veceht37d,0.22812499999999997,0.53203125,0.23984375000000002
0.2992307692307693,0.4538461538461538,0.0,0.23,0.0,0.0,2023-02-11T02:11:33Z,ls8,qd9veceht37d,0.23395931142410017,0.461658841940532,0.3043818466353678
0.34769230769230763,0.4569230769230769,0.0,0.17923076923076925,0.0,0.0,2023-02-27T02:11:18Z,ls8,qd9veceht37d,0.18217357310398755,0.46442533229085226,0.3534010946051603
0.2969230769230769,0.47230769230769226,0.0,0.2161538461538461,0.0,0.0,2023-03-15T02:11:12Z,ls8,qd9veceht37d,0.21935987509757998,0.47931303669008585,0.3013270882123341
0.3946153846153846,0.353076923076923,0.0,0.23461538461538467,0.0,0.0,2023-03-31T02:11:02Z,ls8,qd9veceht37d,0.23884103367267037,0.35943617854346116,0.4017227877838684
0.26,0.5815384615384616,0.0,0.14615384615384613,0.0,0.0,2023-04-16T02:10:47Z,ls8,qd9veceht37d,0.14797507788161993,0.588785046728972,0.26323987538940813
0.2630769230769231,0.6192307692307691,0.0,0.09923076923076923,0.0,0.0,2023-05-02T02:10:42Z,ls8,qd9veceht37d,0.1010971786833856,0.6308777429467084,0.268025078369906
0.2823076923076923,0.5123076923076924,0.0,0.18769230769230769,0.0,0.0,2023-05-18T02:10:30Z,ls8,qd9veceht37d,0.19107282693813624,0.5215348472983555,0.2873923257635082
0.18384615384615383,0.44384615384615383,0.0,0.35692307692307695,0.0,0.0,2023-06-03T02:10:34Z,ls8,qd9veceht37d,0.3625,0.45078124999999997,0.18671874999999996
,,1.0,,,,2023-06-19T02:10:42Z,ls8,qd9veceht37d,,,
0.16538461538461538,0.5992307692307692,0.0,0.22615384615384612,0.0,0.0,2023-07-05T02:10:53Z,ls8,qd9veceht37d,0.22826086956521738,0.6048136645962733,0.1669254658385093
0.275,0.32999999999999996,0.8461538461538461,0.38,0.0,0.0,2023-07-21T02:10:56Z,ls8,qd9veceht37d,0.38578680203045684,0.33502538071065985,0.27918781725888325
0.2946153846153846,0.02846153846153846,0.0,0.6630769230769231,0.0,0.0,2023-08-06T02:11:06Z,ls8,qd9veceht37d,0.6723868954758191,0.028861154446177848,0.2987519500780031
0.21769230769230768,0.04384615384615384,0.0,0.7184615384615385,0.0,0.0,2023-08-22T02:11:13Z,ls8,qd9veceht37d,0.7331240188383046,0.04474097331240188,0.22213500784929355
0.2576923076923077,0.09230769230769233,0.0,0.6292307692307693,0.0,0.0,2023-09-07T02:11:12Z,ls8,qd9veceht37d,0.6425765907305577,0.09426551453260017,0.2631578947368421
,,1.0,,,,2023-09-23T02:11:18Z,ls8,qd9veceht37d,,,
0.13083333333333333,0.4658333333333333,0.07692307692307687,0.3858333333333333,0.0,0.0,2023-10-09T02:11:23Z,ls8,qd9veceht37d,0.3927056827820187,0.4741306191687871,0.13316369804919423
0.24230769230769234,0.466923076923077,0.0,0.27999999999999997,0.0,0.0,2023-10-25T02:11:26Z,ls8,qd9veceht37d,0.2830482115085536,0.47200622083981336,0.24494556765163297
0.2238461538461539,0.5561538461538462,0.0,0.20692307692307696,0.0,0.0,2023-11-10T02:11:22Z,ls8,qd9veceht37d,0.20966484801247076,0.5635229929851909,0.22681215900233825
,,1.0,,,,2023-11-26T02:11:29Z,ls8,qd9veceht37d,,,
0.3446153846153846,0.48923076923076925,0.0,0.15076923076923077,0.0,0.0,2023-12-12T02:11:24Z,ls8,qd9veceht37d,0.15312499999999998,0.496875,0.35
0.34615384615384615,0.4761538461538461,0.0,0.15923076923076923,0.0,0.0,2023-12-28T02:11:25Z,ls8,qd9veceht37d,0.16222570532915362,0.4851097178683385,0.35266457680250785
0.39692307692307693,0.4346153846153846,0.0,0.1515384615384615,0.0,0.0,2024-01-05T02:11:28Z,ls9,qd9veceht37d,0.15414710485133018,0.44209702660406885,0.40375586854460094
,,1.0,,,,2024-01-13T02:11:22Z,ls8,qd9veceht37d,,,
0.3815384615384616,0.44153846153846155,0.0,0.15999999999999998,0.0,0.0,2024-01-21T02:11:29Z,ls9,qd9veceht37d,0.16275430359937398,0.4491392801251956,0.3881064162754304
0.416923076923077,0.41461538461538466,0.0,0.14999999999999997,0.0,0.0,2024-01-29T02:11:16Z,ls8,qd9veceht37d,0.15282131661442,0.42241379310344823,0.42476489028213166
0.49230769230769234,0.35307692307692307,0.0,0.13615384615384615,0.0,0.0,2024-02-06T02:11:33Z,ls9,qd9veceht37d,0.13871473354231975,0.35971786833855796,0.5015673981191222
0.4592307692307693,0.3930769230769231,0.0,0.13,0.0,0.0,2024-02-14T02:11:19Z,ls8,qd9veceht37d,0.13234142521534847,0.40015661707126077,0.4675019577133908
0.4569230769230769,0.3830769230769231,0.0,0.1423076923076923,0.0,0.0,2024-02-22T02:11:20Z,ls9,qd9veceht37d,0.14487079091620989,0.38997650743931095,0.46515270164447925
0.46384615384615385,0.37000000000000005,0.0,0.1469230769230769,0.0,0.0,2024-03-01T02:11:13Z,ls8,qd9veceht37d,0.14980392156862743,0.3772549019607843,0.4729411764705882
0.5161538461538462,0.3323076923076923,0.0,0.13076923076923078,0.0,0.0,2024-03-09T02:11:25Z,ls9,qd9veceht37d,0.1335428122545169,0.33935585231736054,0.5271013354281225
0.4930769230769231,0.36153846153846153,0.0,0.12615384615384617,0.0,0.0,2024-03-17T02:11:03Z,ls8,qd9veceht37d,0.12862745098039216,0.3686274509803921,0.5027450980392156
0.5461538461538462,0.3346153846153846,0.0,0.09923076923076925,0.0,0.0,2024-03-25T02:11:20Z,ls9,qd9veceht37d,0.10125588697017271,0.34144427001569855,0.5572998430141288
0.5115384615384615,0.35692307692307695,0.0,0.1123076923076923,0.0,0.0,2024-04-02T02:10:51Z,ls8,qd9veceht37d,0.11450980392156863,0.363921568627451,0.5215686274509804
0.5138461538461538,0.3576923076923077,0.0,0.11000000000000001,0.0,0.0,2024-04-10T02:11:12Z,ls9,qd9veceht37d,0.1120689655172414,0.36442006269592475,0.5235109717868338
0.6446153846153846,0.2623076923076923,0.0,0.06769230769230769,0.0,0.0,2024-04-18T02:10:43Z,ls8,qd9veceht37d,0.06945540647198106,0.2691397000789266,0.6614048934490924
0.763846153846154,0.13384615384615384,0.0,0.08076923076923076,0.0,0.0,2024-05-04T02:10:34Z,ls8,qd9veceht37d,0.08254716981132074,0.13679245283018868,0.7806603773584907
,,1.0,,,,2024-05-20T02:10:21Z,ls8,qd9veceht37d,,,
,,1.0,,,,2024-05-28T02:10:36Z,ls9,qd9veceht37d,,,
0.6053846153846154,0.2476923076923077,0.0,0.12615384615384617,0.0,0.0,2024-06-05T02:10:19Z,ls8,qd9veceht37d,0.1288295365278869,0.25294579732914374,0.6182246661429693
0.30000000000000004,0.3807692307692308,0.0,0.3046153846153846,0.0,0.0,2024-06-13T02:10:30Z,ls9,qd9veceht37d,0.30913348946135827,0.3864168618266979,0.3044496487119438
,,1.0,,,,2024-06-21T02:10:28Z,ls8,qd9veceht37d,,,
,,1.0,,,,2024-06-29T02:10:21Z,ls9,qd9veceht37d,,,
,,1.0,,,,2024-07-15T02:10:41Z,ls9,qd9veceht37d,,,
0.0576923076923077,0.10153846153846155,0.0,0.8207692307692308,0.0,0.0,2024-07-31T02:10:43Z,ls9,qd9veceht37d,0.8375196232339089,0.10361067503924647,0.05886970172684459
,,1.0,,,,2024-08-08T02:10:46Z,ls8,qd9veceht37d,,,
0.08384615384615385,0.09153846153846155,0.0,0.8030769230769231,0.0,0.0,2024-08-16T02:10:50Z,ls9,qd9veceht37d,0.8207547169811321,0.09355345911949686,0.08569182389937106
0.24307692307692308,0.019230769230769232,0.0,0.5038461538461537,0.0,0.23076923076923078,2024-08-24T02:11:00Z,ls8,qd9veceht37d,0.5058696323756563,0.01930800123571208,0.2440531356194007
,,1.0,,,,2024-09-01T02:11:00Z,ls9,qd9veceht37d,,,
,,1.0,,,,2024-09-09T02:11:08Z,ls8,qd9veceht37d,,,
0.09615384615384617,0.1292307692307692,0.0,0.7538461538461539,0.0,0.0,2024-09-17T02:11:04Z,ls9,qd9veceht37d,0.7698350353495681,0.1319717203456402,0.09819324430479184
0.08076923076923077,0.15076923076923074,0.0,0.746923076923077,0.0,0.0,2024-09-25T02:11:07Z,ls8,qd9veceht37d,0.7633647798742138,0.15408805031446535,0.08254716981132075
0.10461538461538464,0.27,0.0,0.6076923076923076,0.0,0.0,2024-10-11T02:11:13Z,ls8,qd9veceht37d,0.6186374314800313,0.2748629600626468,0.10649960845732187
,,1.0,,,,2024-10-19T02:11:21Z,ls9,qd9veceht37d,,,
0.12615384615384617,0.483076923076923,0.0,0.37692307692307697,0.0,0.0,2024-10-27T02:11:16Z,ls8,qd9veceht37d,0.3822152886115445,0.4898595943837753,0.1279251170046802
,,1.0,,,,2024-11-04T02:11:20Z,ls9,qd9veceht37d,,,
0.11076923076923079,0.5369230769230771,0.0,0.3384615384615384,0.0,0.0,2024-11-12T02:11:14Z,ls8,qd9veceht37d,0.34321372854914195,0.544461778471139,0.1123244929797192
,,1.0,,,,2024-11-20T02:11:26Z,ls9,qd9veceht37d,,,
0.1207692307692308,0.6115384615384616,0.0,0.2592307692307692,0.0,0.0,2024-11-28T02:11:26Z,ls8,qd9veceht37d,0.26144297905352987,0.6167571761055082,0.12179984484096201
0.1207692307692308,0.6076923076923076,0.0,0.26153846153846155,0.0,0.0,2024-12-06T02:11:24Z,ls9,qd9veceht37d,0.2641802641802642,0.6138306138306138,0.12198912198912201
0.14846153846153845,0.5946153846153847,0.0,0.24384615384615385,0.0,0.0,2024-12-14T02:11:14Z,ls8,qd9veceht37d,0.24707716289945442,0.602494154325799,0.1504286827747467
0.1346153846153846,0.6530769230769231,0.0,0.19846153846153847,0.0,0.0,2024-12-22T02:11:25Z,ls9,qd9veceht37d,0.20124804992199688,0.6622464898595944,0.13650546021840873
0.14307692307692307,0.6461538461538462,0.0,0.19923076923076927,0.0,0.0,2024-12-30T02:11:17Z,ls8,qd9veceht37d,0.20155642023346307,0.6536964980544747,0.14474708171206224
0.13999999999999999,0.6746153846153847,0.0,0.17307692307692307,0.0,0.0,2025-01-07T02:11:21Z,ls9,qd9veceht37d,0.17523364485981308,0.6830218068535826,0.14174454828660435
0.2030769230769231,0.5907692307692308,0.0,0.19076923076923077,0.0,0.0,2025-01-15T02:11:20Z,ls8,qd9veceht37d,0.19375,0.6,0.20625000000000002
0.21769230769230774,0.5746153846153846,0.0,0.1946153846153846,0.0,0.0,2025-01-31T02:11:18Z,ls8,qd9veceht37d,0.1971940763834762,0.5822291504286827,0.22057677318784102
0.2161538461538462,0.5661538461538461,0.0,0.2053846153846154,0.0,0.0,2025-02-08T02:11:22Z,ls9,qd9veceht37d,0.20794392523364488,0.573208722741433,0.21884735202492217
0.25,0.5561538461538461,0.0,0.17923076923076925,0.0,0.0,2025-02-16T02:11:14Z,ls8,qd9veceht37d,0.1818891491022639,0.5644028103044496,0.2537080405932865
0.24384615384615385,0.5415384615384616,0.0,0.19846153846153847,0.0,0.0,2025-02-24T02:11:22Z,ls9,qd9veceht37d,0.20172009382329945,0.5504300234558249,0.24784988272087566
,,1.0,,,,2025-03-04T02:11:06Z,ls8,qd9veceht37d,,,
,,1.0,,,,2025-03-12T02:11:17Z,ls9,qd9veceht37d,,,
0.25846153846153846,0.48923076923076925,0.0,0.24000000000000002,0.0,0.0,2025-03-20T02:10:55Z,ls8,qd9veceht37d,0.2429906542056075,0.4953271028037384,0.26168224299065423
0.2676923076923078,0.5092307692307692,0.0,0.20615384615384616,0.0,0.0,2025-03-28T02:11:06Z,ls9,qd9veceht37d,0.20970266040688576,0.5179968701095461,0.2723004694835682
,,1.0,,,,2025-04-13T02:11:07Z,ls9,qd9veceht37d,,,
0.2807692307692307,0.5192307692307693,0.0,0.18384615384615385,0.0,0.0,2025-04-21T02:10:41Z,ls8,qd9veceht37d,0.18686473807662238,0.527756059421423,0.2853792025019546
0.29384615384615387,0.51,0.0,0.18307692307692308,0.0,0.0,2025-04-29T02:10:58Z,ls9,qd9veceht37d,0.18550272798129383,0.5167575993764614,0.2977396726422447
0.2876923076923077,0.5084615384615384,0.0,0.18923076923076923,0.0,0.0,2025-05-07T02:10:37Z,ls8,qd9veceht37d,0.19203747072599534,0.5160031225604996,0.2919594067135051
0.30692307692307697,0.5038461538461538,0.0,0.17538461538461536,0.0,0.0,2025-05-15T02:10:47Z,ls9,qd9veceht37d,0.17784711388455535,0.5109204368174727,0.31123244929797195
0.11076923076923079,0.666923076923077,0.0,0.20615384615384616,0.0,0.0,2025-05-23T02:10:42Z,ls8,qd9veceht37d,0.20953870211102424,0.677873338545739,0.11258795934323693
0.020769230769230766,0.7892307692307691,0.0,0.18,0.0,0.0,2025-05-31T02:10:41Z,ls9,qd9veceht37d,0.18181818181818182,0.7972027972027972,0.020979020979020976
0.19538461538461535,0.53,0.0,0.26000000000000006,0.0,0.0,2025-06-08T02:10:46Z,ls8,qd9veceht37d,0.263856362217018,0.5378610460577674,0.19828259172521465
0.08846153846153845,0.5761538461538462,0.0,0.3215384615384616,0.0,0.0,2025-06-16T02:10:50Z,ls9,qd9veceht37d,0.3260530421216849,0.5842433697347894,0.08970358814352572
0.10384615384615385,0.44692307692307687,0.0,0.43307692307692314,0.0,0.0,2025-06-24T02:10:58Z,ls8,qd9veceht37d,0.44018764659890547,0.45426114151680996,0.10555121188428461
,,1.0,,,,2025-07-02T02:10:57Z,ls9,qd9veceht37d,,,
0.1261538461538462,0.21000000000000002,0.0,0.6461538461538462,0.0,0.0,2025-07-10T02:11:00Z,ls8,qd9veceht37d,0.6577916992952231,0.21378230227094752,0.12842599843382932
,,1.0,,,,2025-07-18T02:11:03Z,ls9,qd9veceht37d,,,
0.12153846153846157,0.18,0.0,0.6799999999999999,0.0,0.0,2025-07-26T02:11:07Z,ls8,qd9veceht37d,0.6927899686520376,0.1833855799373041,0.12382445141065834
0.524,0.06,0.6153846153846154,0.41,0.0,0.0,2025-08-03T02:11:10Z,ls9,qd9veceht37d,0.4124748490945674,0.060362173038229376,0.5271629778672032
0.07538461538461537,0.17076923076923078,0.0,0.7376923076923079,0.0,0.0,2025-08-11T02:11:15Z,ls8,qd9veceht37d,0.749804534792807,0.1735731039874902,0.07662236121970287
,,1.0,,,,2025-08-19T02:11:20Z,ls9,qd9veceht37d,,,
0.04538461538461539,0.16307692307692306,0.0,0.773076923076923,0.0,0.0,2025-08-27T02:11:17Z,ls8,qd9veceht37d,0.7876175548589341,0.16614420062695925,0.046238244514106595
0.07692307692307694,0.15846153846153843,0.0,0.7446153846153846,0.0,0.0,2025-09-04T02:11:25Z,ls9,qd9veceht37d,0.7598116169544741,0.1616954474097331,0.0784929356357928
0.07461538461538463,0.18153846153846154,0.0,0.7223076923076925,0.0,0.0,2025-09-12T02:11:23Z,ls8,qd9veceht37d,0.7382075471698114,0.1855345911949685,0.07625786163522012
0.0830769230769231,0.18,0.0,0.7138461538461539,0.0,0.0,2025-09-20T02:11:28Z,ls9,qd9veceht37d,0.7307086614173228,0.184251968503937,0.08503937007874018
,,1.0,,,,2025-09-28T02:11:28Z,ls8,qd9veceht37d,,,
0.10538461538461541,0.1853846153846154,0.0,0.69,0.0,0.0,2025-10-06T02:11:32Z,ls9,qd9veceht37d,0.7035294117647058,0.1890196078431373,0.10745098039215689
0.1153846153846154,0.22692307692307695,0.0,0.636923076923077,0.0,0.0,2025-10-14T02:11:31Z,ls8,qd9veceht37d,0.6504320502749411,0.2317360565593087,0.1178318931657502
0.32,0.43,0.9230769230769231,0.24,0.0,0.0,2025-10-30T02:11:31Z,ls8,qd9veceht37d,0.24242424242424243,0.43434343434343436,0.32323232323232326
0.14615384615384616,0.6007692307692308,0.0,0.23769230769230776,0.0,0.0,2025-11-07T02:11:36Z,ls9,qd9veceht37d,0.24140625000000002,0.61015625,0.14843749999999997
0.1769230769230769,0.513076923076923,0.0,0.29615384615384616,0.0,0.0,2025-11-15T02:11:31Z,ls8,qd9veceht37d,0.3003120124804992,0.5202808112324492,0.17940717628705147
,,1.0,,,,2025-11-23T02:11:34Z,ls9,qd9veceht37d,,,
0.19384615384615383,0.5953846153846154,0.0,0.19769230769230772,0.0,0.0,2025-12-01T02:11:30Z,ls8,qd9veceht37d,0.2003117692907249,0.603273577552611,0.19641465315666404
0.19538461538461538,0.5823076923076923,0.0,0.2061538461538462,0.0,0.0,2025-12-09T02:11:34Z,ls9,qd9veceht37d,0.20953870211102427,0.5918686473807662,0.1985926505082095
0.05461538461538462,0.7576923076923078,0.0,0.17615384615384616,0.0,0.0,2025-12-17T02:11:30Z,ls8,qd9veceht37d,0.1782101167315175,0.7665369649805447,0.05525291828793774
0.23153846153846153,0.5869230769230769,0.0,0.1676923076923077,0.0,0.0,2025-12-25T02:11:40Z,ls9,qd9veceht37d,0.17004680187207488,0.5951638065522621,0.234789391575663
0.2515384615384616,0.5538461538461539,0.0,0.17846153846153845,0.0,0.0,2026-01-02T02:11:26Z,ls8,qd9veceht37d,0.18139171227521497,0.5629397967161845,0.2556684910086005
0.24769230769230777,0.5576923076923077,0.0,0.17923076923076925,0.0,0.0,2026-01-10T02:11:32Z,ls9,qd9veceht37d,0.18203124999999998,0.5664062499999999,0.2515625
0.19692307692307695,0.5807692307692307,0.0,0.20692307692307696,0.0,0.0,2026-02-11T02:11:28Z,ls9,qd9veceht37d,0.21015625000000002,0.5898437499999999,0.2
0.25230769230769223,0.5561538461538463,0.0,0.17307692307692307,0.0,0.0,2026-02-19T02:11:16Z,ls8,qd9veceht37d,0.1763322884012539,0.5666144200626961,0.25705329153605005
0.25923076923076926,0.5415384615384615,0.0,0.18615384615384614,0.0,0.0,2026-02-27T02:11:23Z,ls9,qd9veceht37d,0.18862042088854247,0.54871395167576,0.2626656274356976
0.26846153846153853,0.5576923076923077,0.0,0.15846153846153846,0.0,0.0,2026-03-07T02:11:08Z,ls8,qd9veceht37d,0.16093749999999998,0.56640625,0.27265625000000004
0.27230769230769236,0.5484615384615384,0.0,0.16538461538461538,0.0,0.0,2026-03-15T02:11:13Z,ls9,qd9veceht37d,0.16770670826833073,0.5561622464898596,0.2761310452418097
