bare_soil,dry_vegetation,pc_missing,green_vegetation,water,wetness,date,ard_product,nwi_id,norm_pv,norm_npv,norm_bs
0.006731707317073171,0.011170731707317073,0.0,0.018097560975609755,0.9,0.06341463414634146,1986-08-16T01:32:51Z,ls5,qd9vgup7y98y,0.018391830259766002,0.011352369621257182,0.006841165972635332
,,1.0,,,,1987-05-31T01:35:27Z,ls5,qd9vgup7y98y,,,
0.001,0.0015609756097560976,0.0,0.00224390243902439,0.9439024390243902,0.05121951219512195,1987-09-04T01:37:49Z,ls5,qd9vgup7y98y,0.002278073542156766,0.0015847468119351417,0.0010152284263959502
0.04181818181818182,0.04943181818181818,0.7853658536585366,0.021136363636363634,0.7954545454545454,0.09090909090909091,1987-10-22T01:38:48Z,ls5,qd9vgup7y98y,0.021371449581763038,0.04998161595734905,0.042283298097251606
0.06731707317073171,0.07653658536585366,0.0,0.03204878048780488,0.7731707317073171,0.04878048780487805,1987-11-07T01:39:08Z,ls5,qd9vgup7y98y,0.03243983604561503,0.07747047603587516,0.06813846840631468
,,1.0,,,,1987-11-23T01:39:27Z,ls5,qd9vgup7y98y,,,
0.15995121951219515,0.11951219512195121,0.0,0.03551219512195122,0.6439024390243903,0.036585365853658534,1987-12-09T01:39:40Z,ls5,qd9vgup7y98y,0.03602367632782724,0.12123352610326474,0.16225499269085925
0.07964285714285714,0.6000714285714285,0.6585365853658536,0.056928571428571426,0.21428571428571427,0.04285714285714286,1987-12-25T01:39:56Z,ls5,qd9vgup7y98y,0.05740881827374604,0.605133603911845,0.08031472067155188
0.39287804878048777,0.18602439024390247,0.0,0.032658536585365855,0.35609756097560974,0.024390243902439025,1988-01-10T01:40:12Z,ls5,qd9vgup7y98y,0.033083147055447584,0.18844298923965552,0.39798605882684807
0.6155498721227621,0.2017135549872123,0.04634146341463419,0.038797953964194366,0.1278772378516624,0.005115089514066497,1988-01-26T01:40:30Z,ls5,qd9vgup7y98y,0.03929405590900421,0.20429282726059086,0.623420789464676
0.7966829268292682,0.17541463414634148,0.0,0.016390243902439025,0.0,0.0,1988-02-11T01:40:48Z,ls5,qd9vgup7y98y,0.016581129095933678,0.1774575602052902,0.8059613106987761
0.8457317073170731,0.1258780487804878,0.0,0.01824390243902439,0.0,0.0,1988-02-27T01:41:00Z,ls5,qd9vgup7y98y,0.01843090873250542,0.12716834220382417,0.8544007490636704
0.8567073170731707,0.11117073170731707,0.0,0.020707317073170736,0.0,0.0,1988-03-14T01:41:09Z,ls5,qd9vgup7y98y,0.020946412710944443,0.1124543570512188,0.8665992302378368
0.7706341463414635,0.19619512195121955,0.0,0.021609756097560977,0.0,0.0,1988-03-30T01:41:16Z,ls5,qd9vgup7y98y,0.021862508019543005,0.1984898583625327,0.7796476336179242
,,1.0,,,,1988-05-17T01:41:38Z,ls5,qd9vgup7y98y,,,
0.03078048780487805,0.10802439024390242,0.0,0.23704878048780487,0.37317073170731707,0.24878048780487805,1988-06-02T01:41:44Z,ls5,qd9vgup7y98y,0.23843323150947277,0.10865529193903228,0.03096025703929979
0.0003414634146341464,0.0017073170731707317,0.0,0.002780487804878049,0.9073170731707317,0.08780487804878048,1988-07-20T01:41:56Z,ls5,qd9vgup7y98y,0.0028085735402808435,0.0017245627001724478,0.0003449125400344896
0.0006341463414634147,0.003926829268292683,0.0,0.007487804878048781,0.9365853658536586,0.05121951219512195,1988-08-05T01:41:58Z,ls5,qd9vgup7y98y,0.00757874987656756,0.003974523550903508,0.0006418485237483926
0.0,0.0,0.0,0.0,0.9682926829268292,0.03170731707317073,1988-08-21T01:41:59Z,ls5,qd9vgup7y98y,0.0,0.0,0.0
,,1.0,,,,1988-09-06T01:42:02Z,ls5,qd9vgup7y98y,,,
0.0003658536585365854,0.005951219512195122,0.0,0.010585365853658536,0.8853658536585366,0.0975609756097561,1988-09-22T01:41:57Z,ls5,qd9vgup7y98y,0.01069228874106922,0.006011332840601128,0.0003695491500369547
0.00526829268292683,0.014097560975609756,0.0,0.02151219512195122,0.8804878048780488,0.07804878048780488,1988-10-08T01:41:52Z,ls5,qd9vgup7y98y,0.0218202456487572,0.014299435357122066,0.00534373362826707
0.017780487804878047,0.05356097560975609,0.0,0.046634146341463414,0.8170731707317073,0.06341463414634146,1988-10-24T01:41:47Z,ls5,qd9vgup7y98y,0.04724153753838554,0.05425858600120012,0.01801207158236561
0.07092682926829269,0.0935121951219512,0.0,0.05721951219512193,0.7292682926829268,0.046341463414634146,1988-11-09T01:41:50Z,ls5,qd9vgup7y98y,0.05792468223978014,0.09466463414634148,0.07180092751631743
0.1276829268292683,0.12975609756097561,0.0,0.053097560975609755,0.6365853658536585,0.04878048780487805,1988-11-25T01:41:50Z,ls5,qd9vgup7y98y,0.05379818854738972,0.1314682421093768,0.1293677156846969
0.2112439024390244,0.1345121951219512,0.0,0.048634146341463416,0.573170731707317,0.026829268292682926,1988-12-11T01:41:39Z,ls5,qd9vgup7y98y,0.04932591218305504,0.13642547928262214,0.21424860853432284
0.3952195121951219,0.2664146341463415,0.0,0.05290243902439025,0.25853658536585367,0.01707317073170732,1989-01-12T01:41:26Z,ls5,qd9vgup7y98y,0.053631978393787215,0.27008856615737104,0.4006696993512808
0.6349268292682927,0.3246829268292683,0.0,0.027609756097560976,0.0,0.0,1989-01-28T01:41:13Z,ls5,qd9vgup7y98y,0.027967190433837337,0.32888625358236984,0.6431465559837929
0.715390243902439,0.24592682926829268,0.0,0.026024390243902445,0.0,0.0,1989-02-13T01:41:14Z,ls5,qd9vgup7y98y,0.02635804451471061,0.249079815221956,0.7245621402633334
0.901951219512195,0.06446341463414634,0.0,0.026512195121951222,0.0,0.0,1989-03-17T01:40:22Z,ls5,qd9vgup7y98y,0.026701056251535255,0.0649226234340457,0.9083763203144191
,,1.0,,,,1989-03-24T01:46:19Z,ls5,qd9vgup7y98y,,,
0.16709756097560977,0.24975609756097564,0.0,0.28895121951219516,0.2682926829268293,0.01707317073170732,1989-06-05T01:39:27Z,ls5,qd9vgup7y98y,0.2925658556813642,0.25288042223154966,0.1691878684285495
0.1767317073170732,0.2208536585365854,0.0,0.348780487804878,0.23414634146341465,0.00975609756097561,1989-06-21T01:39:02Z,ls5,qd9vgup7y98y,0.353328163195687,0.22373332291866757,0.17903607486125517
0.289483870967742,0.14619354838709678,0.6219512195121951,0.5510967741935484,0.0,0.0,1989-07-23T01:38:27Z,ls5,qd9vgup7y98y,0.5584831644328212,0.14815299117358613,0.2933638443935927
0.034243902439024386,0.1358536585365854,0.0,0.2239268292682927,0.5634146341463414,0.036585365853658534,1989-08-08T01:38:07Z,ls5,qd9vgup7y98y,0.22732281027545653,0.13791395852677196,0.03476323119777159
0.20851851851851855,0.1938888888888889,0.8682926829268293,0.3827777777777777,0.14814814814814814,0.05555555555555555,1989-09-09T01:37:22Z,ls5,qd9vgup7y98y,0.3881944444444444,0.19663259958071277,0.21146925227113908
0.11321951219512195,0.2131219512195122,0.0,0.21119512195121953,0.4317073170731707,0.024390243902439025,1989-09-25T01:36:58Z,ls5,qd9vgup7y98y,0.21369623029684628,0.21564587831549173,0.11456033041205224
,,1.0,,,,1989-10-11T01:36:37Z,ls5,qd9vgup7y98y,,,
,,1.0,,,,1989-11-12T01:35:35Z,ls5,qd9vgup7y98y,,,
0.5870000000000001,0.349609756097561,0.0,0.049146341463414636,0.0,0.0,1989-12-14T01:34:45Z,ls5,qd9vgup7y98y,0.04985649247822644,0.3546615201900237,0.5954819873317498
0.43758620689655175,0.4457471264367816,0.7878048780487805,0.1071264367816092,0.0,0.0,1990-01-15T01:33:44Z,ls5,qd9vgup7y98y,0.10815829174886853,0.4500406173842405,0.44180109086689107
0.4822926829268293,0.2974146341463415,0.0,0.06446341463414634,0.11463414634146342,0.02926829268292683,1990-01-31T01:33:14Z,ls5,qd9vgup7y98y,0.06537418316889244,0.3016166437992715,0.4891067340074458
,,1.0,,,,1990-02-16T01:32:42Z,ls5,qd9vgup7y98y,,,
0.7681951219512194,0.18446341463414634,0.0,0.03539024390243902,0.0,0.0,1990-04-05T01:31:16Z,ls5,qd9vgup7y98y,0.03581831646507035,0.18669464329795116,0.7774870402369786
0.6042926829268294,0.3249268292682927,0.0,0.05585365853658536,0.0,0.0,1990-04-21T01:31:29Z,ls5,qd9vgup7y98y,0.05670000990393185,0.32985045062889967,0.6134495394671685
0.7252439024390245,0.22358536585365854,0.0,0.03795121951219512,0.0,0.0,1990-05-07T01:31:25Z,ls5,qd9vgup7y98y,0.038459637154580055,0.22658065153986848,0.7349597113055515
0.6860731707317074,0.2247317073170732,0.0,0.07509756097560977,0.0,0.0,1990-05-23T01:31:27Z,ls5,qd9vgup7y98y,0.07617139181633764,0.22794517836821535,0.695883429815447
,,1.0,,,,1990-06-08T01:31:25Z,ls5,qd9vgup7y98y,,,
0.15858536585365854,0.18965853658536586,0.0,0.31670731707317074,0.3170731707317073,0.00975609756097561,1990-06-24T01:31:24Z,ls5,qd9vgup7y98y,0.3206221601151565,0.19200292006588038,0.16054565152628011
0.044571428571428574,0.07342857142857144,0.9146341463414634,0.05114285714285714,0.8285714285714286,0.0,1990-07-10T01:31:22Z,ls5,qd9vgup7y98y,0.051833976833976815,0.07442084942084941,0.045173745173745165
0.02709756097560976,0.08190243902439023,0.0,0.1480731707317073,0.6536585365853659,0.08536585365853659,1990-07-26T01:31:18Z,ls5,qd9vgup7y98y,0.15032096079974078,0.08314573980654415,0.02750890914981256
,,1.0,,,,1990-08-11T01:31:13Z,ls5,qd9vgup7y98y,,,
0.021146341463414636,0.07178048780487804,0.0,0.133,0.7097560975609756,0.06097560975609756,1990-08-27T01:31:08Z,ls5,qd9vgup7y98y,0.13496707330238586,0.07284212300181946,0.021459096378721537
0.05417073170731707,0.08307317073170732,0.0,0.15173170731707317,0.6780487804878049,0.02926829268292683,1990-09-12T01:31:05Z,ls5,qd9vgup7y98y,0.15367829910574593,0.08413893051827209,0.05486569720525023
0.05575609756097561,0.08304878048780488,0.0,0.14521951219512194,0.6707317073170732,0.041463414634146344,1990-09-28T01:30:56Z,ls5,qd9vgup7y98y,0.14715244687869808,0.08415419577124068,0.05649823539884175
0.054971428571428574,0.11091428571428572,0.5731707317073171,0.06017142857142858,0.6857142857142857,0.08571428571428572,1990-10-30T01:30:41Z,ls5,qd9vgup7y98y,0.060840676007511196,0.11214791275458616,0.05558283980933122
0.12297560975609759,0.19821951219512193,0.0,0.07363414634146341,0.5634146341463414,0.036585365853658534,1990-11-15T01:30:43Z,ls5,qd9vgup7y98y,0.07459846800098839,0.20081541882876208,0.12458611317024962
0.3165609756097561,0.2900243902439024,0.0,0.05782926829268293,0.3146341463414634,0.012195121951219513,1990-12-17T01:30:41Z,ls5,qd9vgup7y98y,0.05859138081854736,0.2938465243835287,0.3207328265052409
0.3977165354330709,0.5346456692913386,0.3804878048780488,0.05456692913385827,0.0,0.0,1991-01-02T01:31:07Z,ls5,qd9vgup7y98y,0.05528961225466731,0.5417265039093665,0.4029838838359662
0.6983414634146341,0.2510731707317073,0.0,0.038121951219512194,0.0,0.0,1991-01-18T01:31:34Z,ls5,qd9vgup7y98y,0.03860307737904122,0.2542418928597891,0.7071550297611697
0.5262152777777778,0.40243055555555557,0.29756097560975614,0.05517361111111111,0.0,0.0,1991-02-03T01:31:46Z,ls5,qd9vgup7y98y,0.05608103338744971,0.40904919884238017,0.5348697677701701
0.7570975609756097,0.19321951219512196,0.0,0.03868292682926829,0.0,0.0,1991-02-19T01:32:08Z,ls5,qd9vgup7y98y,0.039113171718168145,0.19536856642580586,0.765518261856026
0.7129024390243903,0.23397560975609755,0.0,0.040560975609756106,0.0,0.0,1991-03-07T01:32:25Z,ls5,qd9vgup7y98y,0.04107694207731259,0.236951957515129,0.7219711004075584
0.7853589743589743,0.17664102564102566,0.04878048780487809,0.027538461538461536,0.0,0.0,1991-03-23T01:32:48Z,ls5,qd9vgup7y98y,0.02782960199004975,0.17850849917081263,0.7936618988391376
0.696560975609756,0.2497073170731708,0.0,0.042536585365853655,0.0,0.0,1991-04-08T01:33:01Z,ls5,qd9vgup7y98y,0.04301817912730322,0.25253447127599227,0.7044473495967045
0.6124878048780488,0.3024878048780488,0.0,0.07087804878048781,0.0,0.0,1991-04-24T01:33:16Z,ls5,qd9vgup7y98y,0.0718951014349332,0.306828302820386,0.6212765957446809
,,1.0,,,,1991-05-10T01:33:35Z,ls5,qd9vgup7y98y,,,
0.5755365853658537,0.2983170731707317,0.0,0.11287804878048781,0.0,0.0,1991-05-26T01:33:52Z,ls5,qd9vgup7y98y,0.11439588688946016,0.30232845560609056,0.5832756575044493
0.031658536585365854,0.07190243902439024,0.0,0.23168292682926828,0.5585365853658537,0.1024390243902439,1991-06-27T01:34:18Z,ls5,qd9vgup7y98y,0.23429557533116255,0.07271327045754997,0.032015544455189913
0.00024390243902439027,0.002048780487804878,0.0,0.0025121951219512196,0.9512195121951219,0.04390243902439024,1991-07-13T01:34:28Z,ls5,qd9vgup7y98y,0.0025504519004581143,0.00207998019066487,0.0002476166893648655
0.007024390243902439,0.016975609756097562,0.0,0.019365853658536585,0.9317073170731708,0.024390243902439025,1991-08-14T01:34:45Z,ls5,qd9vgup7y98y,0.019605476144750174,0.01718565667096489,0.007111306208675127
0.011097560975609756,0.026926829268292683,0.0,0.027048780487804878,0.8951219512195122,0.03902439024390244,1991-08-30T01:34:54Z,ls5,qd9vgup7y98y,0.027373203642081387,0.027249789739276692,0.011230665155227259
,,1.0,,,,1991-09-15T01:35:08Z,ls5,qd9vgup7y98y,,,
,,1.0,,,,1991-10-01T01:35:13Z,ls5,qd9vgup7y98y,,,
0.03270731707317073,0.06199999999999999,0.0,0.04980487804878049,0.7902439024390244,0.06341463414634146,1991-10-17T01:35:24Z,ls5,qd9vgup7y98y,0.050435319543068846,0.06278481012658226,0.033121333744983016
0.3175257731958763,0.4249484536082475,0.7634146341463415,0.20587628865979377,0.041237113402061855,0.0,1991-11-02T01:35:23Z,ls5,qd9vgup7y98y,0.20813669796022197,0.42961415572961215,0.3210120329081041
0.0943170731707317,0.12517073170731707,0.0,0.04558536585365853,0.6878048780487804,0.04390243902439024,1991-11-18T01:35:27Z,ls5,qd9vgup7y98y,0.046139034264836586,0.12669102399526025,0.09546262466673251
0.16066666666666665,0.1885507246376812,0.1585365853658537,0.051710144927536235,0.5710144927536231,0.02318840579710145,1991-12-04T01:35:41Z,ls5,qd9vgup7y98y,0.052338203367951655,0.1908408144106085,0.16261808367071526
0.2878780487804878,0.20658536585365858,0.0,0.049536585365853654,0.4268292682926829,0.02195121951219512,1991-12-20T01:35:33Z,ls5,qd9vgup7y98y,0.05019399342128285,0.2093269937362215,0.2916985250376176
,,1.0,,,,1992-01-05T01:35:30Z,ls5,qd9vgup7y98y,,,
0.2737777777777778,0.6204444444444445,0.7804878048780488,0.097,0.0,0.0,1992-01-21T01:35:30Z,ls5,qd9vgup7y98y,0.09785898441878714,0.6259387960990921,0.27620221948212087
0.7213414634146341,0.2235609756097561,0.0,0.04151219512195123,0.0,0.0,1992-02-22T01:35:25Z,ls5,qd9vgup7y98y,0.04208392057958115,0.22663996241624015,0.7312761170041787
0.7357215189873418,0.22455696202531641,0.03658536585365857,0.028683544303797468,0.0,0.0,1992-03-09T01:35:25Z,ls5,qd9vgup7y98y,0.029003686258447674,0.2270632807700184,0.7439330329715339
0.004951219512195123,0.006,0.0,0.003536585365853659,0.9658536585365853,0.01951219512195122,1992-04-10T01:35:13Z,ls5,qd9vgup7y98y,0.003572308450357238,0.006060606060606073,0.005001231830500133
,,1.0,,,,1992-04-26T01:35:05Z,ls5,qd9vgup7y98y,,,
0.011439024390243904,0.025658536585365852,0.0,0.0255609756097561,0.8804878048780488,0.05609756097560976,1992-05-12T01:34:58Z,ls5,qd9vgup7y98y,0.02586941867861653,0.025968156917847884,0.011577058549877055
0.011439024390243904,0.039146341463414634,0.0,0.03360975609756098,0.8341463414634146,0.08048780487804878,1992-05-28T01:34:49Z,ls5,qd9vgup7y98y,0.03407709917191873,0.03969067066105193,0.011598083825565954
0.0,0.0,0.5902439024390245,0.0,0.8809523809523809,0.11904761904761904,1992-06-13T01:34:38Z,ls5,qd9vgup7y98y,0.0,0.0,0.0
,,1.0,,,,1992-06-29T01:34:27Z,ls5,qd9vgup7y98y,,,
0.0008292682926829268,0.004829268292682928,0.0,0.008780487804878048,0.9414634146341463,0.04390243902439024,1992-07-15T01:34:15Z,ls5,qd9vgup7y98y,0.00889914304548454,0.004894528675016499,0.000840474620962429
0.000878048780487805,0.0061463414634146335,0.0,0.009829268292682927,0.9243902439024391,0.05853658536585366,1992-07-31T01:34:02Z,ls5,qd9vgup7y98y,0.009957290600402359,0.006226395114891797,0.000889485016413114
0.0,0.0,0.36341463414634145,0.0,0.9157088122605364,0.0842911877394636,1992-09-01T01:33:32Z,ls5,qd9vgup7y98y,0.0,0.0,0.0
0.0005609756097560976,0.005926829268292682,0.0,0.007951219512195122,0.926829268292683,0.05853658536585366,1992-09-17T01:33:18Z,ls5,qd9vgup7y98y,0.008058668424522058,0.006006921555702024,0.0005685563612392862
,,1.0,,,,1992-10-03T01:32:56Z,ls5,qd9vgup7y98y,,,
0.0066585365853658535,0.029926829268292682,0.0,0.026121951219512198,0.8731707317073171,0.06341463414634146,1992-10-19T01:32:43Z,ls5,qd9vgup7y98y,0.026416597888265933,0.030264393659105784,0.006733642598969747
0.1621463414634146,0.11263414634146343,0.0,0.06253658536585366,0.6219512195121951,0.036585365853658534,1992-12-06T01:32:27Z,ls5,qd9vgup7y98y,0.06330529248893357,0.11401865862476415,0.16413946352044867
0.39402439024390246,0.14470731707317072,0.0,0.06424390243902438,0.375609756097561,0.014634146341463415,1993-01-07T01:32:47Z,ls5,qd9vgup7y98y,0.06496632800645617,0.14633455735091289,0.3984552122036066
0.5143414634146342,0.2951463414634147,0.0,0.06097560975609756,0.09024390243902439,0.02926829268292683,1993-01-23T01:32:58Z,ls5,qd9vgup7y98y,0.061677814233941045,0.29854529201796826,0.5202646986261396
,,1.0,,,,1993-02-08T01:33:09Z,ls5,qd9vgup7y98y,,,
0.7557560975609756,0.1912439024390244,0.0,0.04034146341463415,0.0,0.0,1993-02-24T01:33:12Z,ls5,qd9vgup7y98y,0.04085867443986068,0.19369580790988367,0.7654455176502557
0.5862682926829268,0.3406829268292683,0.0,0.05839024390243902,0.0,0.0,1993-03-12T01:33:24Z,ls5,qd9vgup7y98y,0.059258892546845215,0.34575113245377365,0.5949899749993811
0.7991219512195121,0.14743902439024392,0.0,0.041219512195121946,0.0,0.0,1993-04-13T01:33:33Z,ls5,qd9vgup7y98y,0.04172942541791155,0.1492629447640683,0.8090076298180202
0.49086614173228343,0.39763779527559057,0.07073170731707312,0.09923884514435696,0.0,0.0,1993-04-29T01:33:40Z,ls5,qd9vgup7y98y,0.10047033188956503,0.402572210559881,0.49695745755055404
0.6877642276422764,0.24715447154471543,0.4,0.054878048780487805,0.0,0.0,1993-05-15T01:33:43Z,ls5,qd9vgup7y98y,0.05544375539036511,0.24970224649882952,0.6948539981108054
0.20980487804878048,0.33582926829268295,0.0,0.0923658536585366,0.33658536585365856,0.01707317073170732,1993-05-31T01:33:47Z,ls5,qd9vgup7y98y,0.09357348122758695,0.34022003248551486,0.2125479497015323
0.03629268292682927,0.13497560975609754,0.0,0.1136341463414634,0.6024390243902439,0.10975609756097561,1993-07-02T01:33:37Z,ls5,qd9vgup7y98y,0.11479179238329497,0.13635067161389874,0.0366624140515868
0.04926829268292684,0.1006341463414634,0.0,0.14390243902439023,0.6585365853658537,0.04390243902439024,1993-07-18T01:33:38Z,ls5,qd9vgup7y98y,0.14574213482463563,0.10192068615024519,0.049898154634875264
0.009707317073170732,0.01946341463414634,0.0,0.03585365853658537,0.8780487804878049,0.05609756097560976,1993-08-03T01:33:37Z,ls5,qd9vgup7y98y,0.03631090699504145,0.019711635225879643,0.009831116315664282
0.0,0.0,0.0,0.0,0.973170731707317,0.026829268292682926,1993-08-19T01:33:37Z,ls5,qd9vgup7y98y,0.0,0.0,0.0
0.0,0.0,0.9195121951219513,0.0,0.42424242424242425,0.5757575757575758,1993-09-04T01:33:36Z,ls5,qd9vgup7y98y,0.0,0.0,0.0
0.0003414634146341464,0.0033902439024390244,0.0,0.008317073170731708,0.9097560975609756,0.07804878048780488,1993-09-20T01:33:34Z,ls5,qd9vgup7y98y,0.008418090253777011,0.0034314209538856433,0.00034561074355682743
0.0015365853658536588,0.013878048780487803,0.0,0.02075609756097561,0.9146341463414634,0.04878048780487805,1993-10-06T01:33:30Z,ls5,qd9vgup7y98y,0.020994029899840446,0.014037136325510237,0.0015541996283078123
0.02051219512195122,0.05641463414634146,0.0,0.03882926829268293,0.8195121951219512,0.06341463414634146,1993-10-22T01:33:22Z,ls5,qd9vgup7y98y,0.039271067805494754,0.057056519996299855,0.020745582929912746
0.056926829268292685,0.11953658536585367,0.0,0.045439024390243894,0.7414634146341463,0.03414634146341464,1993-11-07T01:33:16Z,ls5,qd9vgup7y98y,0.04594845288967288,0.12087674053262847,0.057565050480137686
0.13260975609756098,0.12721951219512198,0.0,0.04336585365853659,0.6536585365853659,0.03902439024390244,1993-11-23T01:33:08Z,ls5,qd9vgup7y98y,0.04395541437515573,0.12894906714331403,0.13441259165226194
0.21863636363636366,0.6272727272727272,0.9463414634146341,0.1422727272727273,0.0,0.0,1993-12-09T01:33:05Z,ls5,qd9vgup7y98y,0.14397424103035883,0.6347746090156393,0.22125114995400186
0.3269756097560976,0.17978048780487804,0.0,0.064,0.3902439024390244,0.03170731707317073,1993-12-25T01:32:56Z,ls5,qd9vgup7y98y,0.06481774283150293,0.1820775847602927,0.3311534528960092
0.4327317073170732,0.27758536585365856,0.0,0.05863414634146342,0.1902439024390244,0.03170731707317073,1994-01-10T01:32:43Z,ls5,qd9vgup7y98y,0.05932785448322653,0.28086951409051625,0.437851411914062
0.6968780487804879,0.2607560975609756,0.0,0.030439024390243905,0.0,0.0,1994-01-26T01:32:30Z,ls5,qd9vgup7y98y,0.030806447631507493,0.26390363111253734,0.7052899212559551
0.692,0.25526829268292683,0.0,0.04051219512195122,0.0,0.0,1994-02-27T01:32:05Z,ls5,qd9vgup7y98y,0.041013358354527275,0.2584261339786168,0.700560507666856
0.7613902439024389,0.1832439024390244,0.0,0.042682926829268296,0.0,0.0,1994-03-15T01:31:51Z,ls5,qd9vgup7y98y,0.043231225296442695,0.18559782608695655,0.7711709486166007
0.7925121951219513,0.15524390243902442,0.0,0.04051219512195122,0.0,0.0,1994-03-31T01:31:35Z,ls5,qd9vgup7y98y,0.04099311434142007,0.15708679878575485,0.801920086872825
0.7808536585365855,0.17009756097560977,0.0,0.0381219512195122,0.0,0.0,1994-05-02T01:31:01Z,ls5,qd9vgup7y98y,0.038543105148944566,0.17197672124679422,0.7894801736042611
0.24683377308707125,0.3601846965699208,0.07560975609756093,0.1204221635883905,0.07387862796833773,0.19261213720316622,1994-06-03T01:30:25Z,ls5,qd9vgup7y98y,0.12142677358568212,0.3631895018006455,0.2488929594421683
0.029658536585365856,0.08236585365853659,0.0,0.20143902439024391,0.5926829268292683,0.09024390243902439,1994-07-05T01:29:39Z,ls5,qd9vgup7y98y,0.20375873926806498,0.08331435555251912,0.03000007591112326
0.02685365853658537,0.04802439024390243,0.0,0.13458536585365852,0.7170731707317073,0.07073170731707316,1994-07-21T01:29:13Z,ls5,qd9vgup7y98y,0.13634055460256514,0.048650698081270524,0.027203869267383878
0.0023902439024390248,0.017634146341463413,0.0,0.03526829268292683,0.8634146341463415,0.08048780487804878,1994-08-22T01:28:24Z,ls5,qd9vgup7y98y,0.03578168203384725,0.01789084101692362,0.002425037924838887
0.005341463414634148,0.018780487804878048,0.0,0.043195121951219516,0.8341463414634146,0.0975609756097561,1994-09-07T01:28:00Z,ls5,qd9vgup7y98y,0.04382113821138214,0.019052668787557448,0.005418875927889717
0.01926829268292683,0.06321951219512195,0.0,0.0791219512195122,0.7780487804878049,0.05853658536585366,1994-09-23T01:27:35Z,ls5,qd9vgup7y98y,0.08000559510575485,0.06392555564553531,0.019483483395051272
0.2203731343283582,0.41641791044776116,0.673170731707317,0.1321641791044776,0.1791044776119403,0.04477611940298507,1994-10-25T01:26:34Z,ls5,qd9vgup7y98y,0.1333955223880597,0.420297580420877,0.22242630017613796
0.2685714285714285,0.5559183673469388,0.5219512195121951,0.16612244897959186,0.0,0.0,1994-11-10T01:26:00Z,ls5,qd9vgup7y98y,0.16769674495261644,0.5611866501854141,0.2711166048619695
,,1.0,,,,1994-11-26T01:25:28Z,ls5,qd9vgup7y98y,,,
0.4340731707317073,0.2680487804878049,0.0,0.07941463414634146,0.13414634146341464,0.07560975609756097,1994-12-12T01:25:00Z,ls5,qd9vgup7y98y,0.08029941473462109,0.2710351867117585,0.4389093009926448
0.7473170731707317,0.20353658536585367,0.0,0.03790243902439025,0.0,0.0,1994-12-28T01:24:28Z,ls5,qd9vgup7y98y,0.038333456671353516,0.2058511556772491,0.7558153876513974
0.5260731707317073,0.39273170731707313,0.0,0.0654390243902439,0.0,0.0,1995-01-13T01:23:54Z,ls5,qd9vgup7y98y,0.06648659364623086,0.39901868464092777,0.5344947217128414
0.5365811965811966,0.40615384615384614,0.7146341463414634,0.046153846153846156,0.0,0.0,1995-01-29T01:23:17Z,ls5,qd9vgup7y98y,0.046672428694900604,0.4107173725151253,0.5426101987899741
,,1.0,,,,1995-03-09T01:27:54Z,ls5,qd9vgup7y98y,,,
0.7698292682926829,0.17690243902439023,0.0,0.042487804878048784,0.0,0.0,1995-03-18T01:21:20Z,ls5,qd9vgup7y98y,0.042950835840031565,0.17883031707677893,0.7782188470831896
0.7586829268292683,0.17229268292682928,0.0,0.05663414634146343,0.0,0.0,1995-04-19T01:20:02Z,ls5,qd9vgup7y98y,0.05734466067371334,0.1744542131779117,0.768201126148375
,,1.0,,,,1995-04-26T01:25:54Z,ls5,qd9vgup7y98y,,,
0.5563658536585366,0.3483658536585366,0.0,0.08436585365853659,0.0,0.0,1995-05-05T01:19:19Z,ls5,qd9vgup7y98y,0.08529578576184252,0.35220575543116417,0.5624984588069933
,,1.0,,,,1995-05-12T01:25:11Z,ls5,qd9vgup7y98y,,,
,,1.0,,,,1995-05-21T01:18:36Z,ls5,qd9vgup7y98y,,,
,,1.0,,,,1995-06-13T01:23:42Z,ls5,qd9vgup7y98y,,,
0.0,0.0,0.9341463414634146,0.0,0.0,1.0,1995-07-24T01:15:40Z,ls5,qd9vgup7y98y,0.0,0.0,0.0
0.04524390243902438,0.00924390243902439,0.0,0.029926829268292682,0.7146341463414634,0.2,1995-08-25T01:14:13Z,ls5,qd9vgup7y98y,0.030264057335748173,0.009348066609819525,0.04575372971296891
0.001,0.004560975609756097,0.0,0.006463414634146342,0.9414634146341463,0.046341463414634146,1995-09-10T01:13:27Z,ls5,qd9vgup7y98y,0.006555187255726542,0.004625735912531559,0.0010141987829614648
0.19434146341463415,0.18985365853658537,0.0,0.09551219512195123,0.4560975609756098,0.05853658536585366,1995-12-15T01:12:16Z,ls5,qd9vgup7y98y,0.0966388388716102,0.19209313630659186,0.19663387848033453
0.5696031746031746,0.3444708994708995,0.07804878048780484,0.07423280423280423,0.0,0.0,1996-01-16T01:14:35Z,ls5,qd9vgup7y98y,0.07511108731730821,0.34854649606509985,0.5763424166175919
0.7119756097560976,0.2249268292682927,0.0,0.05126829268292684,0.0,0.0,1996-02-17T01:16:48Z,ls5,qd9vgup7y98y,0.05188201900530668,0.22761940022213992,0.7204985807725534
0.697560975609756,0.23558536585365855,0.0,0.05426829268292683,0.0,0.0,1996-03-04T01:17:52Z,ls5,qd9vgup7y98y,0.05495998419128545,0.238588084181405,0.7064519316273096
0.7822682926829269,0.15448780487804878,0.0,0.0516341463414634,0.0,0.0,1996-03-20T01:18:54Z,ls5,qd9vgup7y98y,0.052240647517520465,0.1563024380613957,0.7914569144210838
0.6979512195121951,0.23282926829268294,0.0,0.056926829268292685,0.0,0.0,1996-04-21T01:20:54Z,ls5,qd9vgup7y98y,0.057635322007111814,0.23572698538127224,0.7066376926116159
,,1.0,,,,1996-05-07T01:21:51Z,ls5,qd9vgup7y98y,,,
0.6388048780487804,0.26607317073170733,0.0,0.08265853658536586,0.0,0.0,1996-05-23T01:22:46Z,ls5,qd9vgup7y98y,0.08370174615327622,0.26943120353676314,0.6468670503099607
0.08197560975609756,0.22531707317073169,0.0,0.1748048780487805,0.47317073170731705,0.03902439024390244,1996-06-24T01:24:31Z,ls5,qd9vgup7y98y,0.17687430744589752,0.22798449172390134,0.08294607887898164
0.008902439024390243,0.026829268292682926,0.0,0.0798780487804878,0.7975609756097561,0.08536585365853659,1996-07-10T01:25:20Z,ls5,qd9vgup7y98y,0.08088916332201294,0.027168879283729536,0.0090151281259648
0.0,0.0,0.0,0.0,0.9634146341463414,0.036585365853658534,1996-07-26T01:26:12Z,ls5,qd9vgup7y98y,0.0,0.0,0.0
0.0,0.0,0.0,0.0,0.9536585365853658,0.046341463414634146,1996-08-27T01:27:54Z,ls5,qd9vgup7y98y,0.0,0.0,0.0
0.014791666666666667,0.0043749999999999995,0.8829268292682927,0.022291666666666664,0.375,0.5833333333333334,1996-09-12T01:28:47Z,ls5,qd9vgup7y98y,0.022403685092127285,0.004396984924623111,0.014865996649916235
0.003682926829268293,0.016804878048780485,0.0,0.015707317073170732,0.875609756097561,0.08780487804878048,1996-10-14T01:30:29Z,ls5,qd9vgup7y98y,0.015876668200644272,0.01698606271777003,0.0037226349352442317
,,1.0,,,,1996-10-30T01:31:16Z,ls5,qd9vgup7y98y,,,
,,1.0,,,,1996-11-15T01:32:01Z,ls5,qd9vgup7y98y,,,
,,1.0,,,,1996-12-01T01:32:47Z,ls5,qd9vgup7y98y,,,
0.1731219512195122,0.131,0.0,0.07178048780487804,0.5926829268292683,0.026829268292682926,1996-12-17T01:33:32Z,ls5,qd9vgup7y98y,0.07265608679964297,0.13259797560342593,0.17523374247497994
0.31341463414634146,0.1771219512195122,0.0,0.07841463414634146,0.4,0.024390243902439025,1997-01-02T01:34:18Z,ls5,qd9vgup7y98y,0.0793323344559377,0.17919484069020827,0.31708258095141506
0.4603658536585366,0.39939024390243905,0.0,0.0885609756097561,0.01707317073170732,0.024390243902439025,1997-01-18T01:35:03Z,ls5,qd9vgup7y98y,0.08951535046586802,0.40369426160247557,0.46532697329751
0.6045365853658536,0.32899999999999996,0.0,0.05407317073170732,0.0,0.0,1997-02-03T01:35:46Z,ls5,qd9vgup7y98y,0.054751555862886506,0.3331275313642201,0.6121209127728934
0.4826892950391645,0.4286422976501305,0.06585365853658531,0.07702349869451697,0.0,0.0,1997-03-07T01:37:06Z,ls5,qd9vgup7y98y,0.07793099804512073,0.4336926084429651,0.48837639351191425
0.7750243902439026,0.16104878048780488,0.0,0.05207317073170732,0.0,0.0,1997-03-23T01:37:42Z,ls5,qd9vgup7y98y,0.05269783284790442,0.16298069803031048,0.784321469121785
0.3401707317073171,0.5407804878048781,0.0,0.10639024390243902,0.0,0.0,1997-04-08T01:38:18Z,ls5,qd9vgup7y98y,0.10775425508263134,0.5477137422494504,0.3445320026679183
0.7599756097560977,0.16868292682926828,0.0,0.06121951219512196,0.0,0.0,1997-04-24T01:38:52Z,ls5,qd9vgup7y98y,0.06184550942466428,0.1704077861278797,0.767746704447456
,,1.0,,,,1997-05-10T01:39:25Z,ls5,qd9vgup7y98y,,,
,,1.0,,,,1997-05-26T01:39:59Z,ls5,qd9vgup7y98y,,,
0.10185365853658537,0.23614634146341462,0.0,0.20121951219512196,0.4195121951219512,0.03414634146341464,1997-07-29T01:42:10Z,ls5,qd9vgup7y98y,0.20387719708570345,0.23926533602227645,0.10319893030665427
0.028390243902439022,0.06670731707317074,0.0,0.1069512195121951,0.7390243902439024,0.05609756097560976,1997-08-14T01:42:41Z,ls5,qd9vgup7y98y,0.1084488464392128,0.06764141277337449,0.028787789567900512
0.03712195121951219,0.07497560975609754,0.0,0.10926829268292684,0.7390243902439024,0.036585365853658534,1997-08-30T01:43:11Z,ls5,qd9vgup7y98y,0.11076116049833924,0.07599995700265508,0.03762912640144471
0.008195121951219513,0.02292682926829268,0.0,0.033902439024390246,0.8853658536585366,0.04878048780487805,1997-09-15T01:43:38Z,ls5,qd9vgup7y98y,0.03433480321299837,0.023219219439006084,0.0082996358845809
0.05504878048780488,0.08053658536585366,0.0,0.06921951219512194,0.7439024390243902,0.04878048780487805,1997-10-17T01:44:31Z,ls5,qd9vgup7y98y,0.07006857849928982,0.08152447012144291,0.055724024549998995
0.115609756097561,0.10663414634146343,0.0,0.061853658536585365,0.6731707317073171,0.03902439024390244,1997-11-02T01:44:57Z,ls5,qd9vgup7y98y,0.06266081479496112,0.1080256633610292,0.11711839989279013
0.3433658536585366,0.18917073170731707,0.0,0.05809756097560976,0.3829268292682927,0.01951219512195122,1997-12-20T01:46:07Z,ls5,qd9vgup7y98y,0.05877891658004786,0.19138928505241443,0.3473927739772938
0.5043658536585366,0.42143902439024394,0.0,0.06304878048780488,0.0,0.0,1998-01-05T01:46:30Z,ls5,qd9vgup7y98y,0.06375946525910761,0.4261894778383445,0.5100510569025478
0.7095121951219512,0.23346341463414633,0.0,0.04529268292682927,0.0,0.0,1998-01-21T01:46:50Z,ls5,qd9vgup7y98y,0.04583035119326736,0.23623485278511316,0.7179347960216196
0.7664634146341464,0.1799024390243902,0.0,0.04117073170731708,0.0,0.0,1998-02-06T01:47:11Z,ls5,qd9vgup7y98y,0.04169033564671887,0.1821729358591222,0.7761367284941589
0.754219512195122,0.18807317073170735,0.0,0.04541463414634147,0.0,0.0,1998-02-22T01:47:29Z,ls5,qd9vgup7y98y,0.045979849861714744,0.1904138680363493,0.763606282101936
0.799,0.14431707317073172,0.0,0.04570731707317074,0.0,0.0,1998-03-26T01:47:59Z,ls5,qd9vgup7y98y,0.04621454993834772,0.1459186189889026,0.8078668310727497
0.7526829268292683,0.18634146341463417,0.0,0.04958536585365853,0.0,0.0,1998-04-11T01:48:10Z,ls5,qd9vgup7y98y,0.05015666247255322,0.1884883921742778,0.761354945353169
,,1.0,,,,1998-05-13T01:48:38Z,ls5,qd9vgup7y98y,,,
,,1.0,,,,1998-05-29T01:48:54Z,ls5,qd9vgup7y98y,,,
0.005560975609756097,0.022853658536585372,0.0,0.09921951219512196,0.7439024390243902,0.12682926829268293,1998-07-16T01:49:29Z,ls5,qd9vgup7y98y,0.10048985565338169,0.023146262228913143,0.005632174800632011
,,1.0,,,,1998-08-01T01:49:35Z,ls5,qd9vgup7y98y,,,
,,1.0,,,,1998-08-17T01:49:43Z,ls5,qd9vgup7y98y,,,
,,1.0,,,,1998-09-02T01:49:54Z,ls5,qd9vgup7y98y,,,
,,1.0,,,,1998-09-18T01:50:01Z,ls5,qd9vgup7y98y,,,
0.01848780487804878,0.031902439024390244,0.0,0.043439024390243906,0.8341463414634146,0.07073170731707316,1998-10-20T01:50:04Z,ls5,qd9vgup7y98y,0.04403748248556051,0.03234195793998492,0.018742510793966796
,,1.0,,,,1998-11-05T01:50:09Z,ls5,qd9vgup7y98y,,,
0.14839024390243905,0.2281707317073171,0.0,0.08870731707317074,0.4951219512195122,0.03414634146341464,1998-12-07T01:50:12Z,ls5,qd9vgup7y98y,0.0897489630694168,0.23085002736167012,0.1501327168859862
,,1.0,,,,1998-12-23T01:50:17Z,ls5,qd9vgup7y98y,,,
0.5925853658536585,0.33873170731707314,0.0,0.05602439024390243,0.0,0.0,1999-01-08T01:50:17Z,ls5,qd9vgup7y98y,0.056742669400459474,0.3430745287912848,0.6001828018082558
0.7551707317073171,0.18356097560975607,0.0,0.04863414634146341,0.0,0.0,1999-02-09T01:50:25Z,ls5,qd9vgup7y98y,0.04925645966108393,0.1859097870658564,0.7648337532730597
0.7497804878048782,0.18878048780487805,0.0,0.0488780487804878,0.0,0.0,1999-02-25T01:50:28Z,ls5,qd9vgup7y98y,0.049499814746202284,0.1911819192293442,0.7593182660244535
0.6669999999999999,0.24760975609756097,0.0,0.07204878048780487,0.0,0.0,1999-03-13T01:50:17Z,ls5,qd9vgup7y98y,0.07302301436234643,0.2509579017625393,0.6760190838751143
0.06,0.41333333333333333,0.9926829268292683,0.18666666666666668,0.3333333333333333,0.0,1999-03-29T01:49:59Z,ls5,qd9vgup7y98y,0.1885521885521886,0.4175084175084176,0.060606060606060615
0.012365853658536586,0.022463414634146344,0.0,0.013341463414634148,0.9292682926829269,0.02195121951219512,1999-04-14T01:49:58Z,ls5,qd9vgup7y98y,0.01351034269836368,0.02274776165483172,0.012522383451682606
0.01758536585365854,0.04224390243902439,0.0,0.029292682926829273,0.8731707317073171,0.036585365853658534,1999-04-30T01:49:56Z,ls5,qd9vgup7y98y,0.029661446860774026,0.04277570854526279,0.017806747032987572
,,1.0,,,,1999-05-16T01:49:42Z,ls5,qd9vgup7y98y,,,
0.0056829268292682925,0.01053658536585366,0.0,0.00773170731707317,0.7829268292682927,0.1926829268292683,1999-06-01T01:49:20Z,ls5,qd9vgup7y98y,0.007873429039789367,0.010729720331826523,0.0057870945308231
0.005341463414634146,0.008219512195121952,0.0,0.012829268292682926,0.7341463414634146,0.23902439024390243,1999-06-17T01:49:11Z,ls5,qd9vgup7y98y,0.013042694197736815,0.008356250845318073,0.005430323249628065
0.004853658536585365,0.012951219512195123,0.0,0.015804878048780488,0.4024390243902439,0.5634146341463414,1999-07-03T01:49:02Z,ls5,qd9vgup7y98y,0.016057205564798768,0.013157987893376768,0.004931148005239127
,,1.0,,,,1999-07-19T01:48:58Z,ls5,qd9vgup7y98y,,,
0.001829268292682927,0.0032926829268292686,0.0,0.00448780487804878,0.7707317073170732,0.21951219512195122,1999-07-27T02:04:05Z,ls7,qd9vgup7y98y,0.004556147084313474,0.003342825306425647,0.0018571251702364704
0.006853658536585366,0.013902439024390244,0.0,0.019853658536585366,0.775609756097561,0.18292682926829268,1999-08-04T01:48:57Z,ls5,qd9vgup7y98y,0.02027100271002709,0.014194682487365409,0.0069977294367538235
0.1517816091954023,0.05551724137931035,0.15121951219512197,0.10126436781609197,0.46264367816091956,0.22413793103448276,1999-08-12T02:04:08Z,ls7,qd9vgup7y98y,0.10279210366878398,0.05635480825428225,0.15407147888153147
0.0020975609756097562,0.004073170731707316,0.0,0.005878048780487805,0.8439024390243902,0.14390243902439023,1999-08-20T01:48:45Z,ls5,qd9vgup7y98y,0.005949442085513992,0.004122642440999321,0.002123037424706238
7.317073170731707e-05,0.0005609756097560976,0.0,0.0017804878048780488,0.9707317073170731,0.026829268292682926,1999-09-05T01:48:17Z,ls5,qd9vgup7y98y,0.0017984725301798663,0.0005666420300566704,7.390983000739177e-05
,,1.0,,,,1999-09-13T02:04:05Z,ls7,qd9vgup7y98y,,,
7.317073170731707e-05,0.0015853658536585367,0.0,0.0031707317073170734,0.9560975609756097,0.03902439024390244,1999-09-29T02:04:15Z,ls7,qd9vgup7y98y,0.003202759300320301,0.0016013796501601505,7.390983000739157e-05
0.0,0.0,0.9146341463414634,0.0,0.4857142857142857,0.5142857142857142,1999-10-15T02:04:13Z,ls7,qd9vgup7y98y,0.0,0.0,0.0
0.07,0.1362962962962963,0.9341463414634146,0.15962962962962965,0.4074074074074074,0.2222222222222222,1999-10-23T01:47:44Z,ls5,qd9vgup7y98y,0.16156845104213527,0.1379517168990853,0.0708502024291498
0.07787804878048779,0.09702439024390243,0.0,0.04682926829268293,0.7341463414634146,0.041463414634146344,1999-11-24T01:46:37Z,ls5,qd9vgup7y98y,0.047390745604739076,0.09818770104981878,0.07881179724788118
0.21210909090909094,0.2521818181818182,0.3292682926829268,0.10363636363636364,0.31636363636363635,0.10909090909090909,1999-12-02T02:04:02Z,ls7,qd9vgup7y98y,0.1048440610484406,0.2551205485512055,0.21458084494580845
0.13565853658536584,0.1218048780487805,0.0,0.05795121951219512,0.6536585365853659,0.026829268292682926,1999-12-10T01:46:18Z,ls5,qd9vgup7y98y,0.058704065543593885,0.1233872488740353,0.13742088070432204
0.1919268292682927,0.16687804878048781,0.0,0.06258536585365854,0.5390243902439025,0.03414634146341464,1999-12-26T01:46:20Z,ls5,qd9vgup7y98y,0.06339317603976524,0.16903199940143174,0.19440409285148588
0.26758536585365855,0.19104878048780488,0.0,0.08070731707317073,0.43658536585365854,0.01707317073170732,2000-01-03T02:04:03Z,ls7,qd9vgup7y98y,0.08175480045398745,0.1935283626340537,0.271058300326593
0.36407317073170725,0.20568292682926834,0.0,0.07531707317073172,0.32926829268292684,0.01707317073170732,2000-01-19T02:04:00Z,ls7,qd9vgup7y98y,0.07631947825830347,0.2084203886503475,0.3689186696767148
0.358125,0.18777500000000003,0.024390243902439046,0.07370000000000002,0.35,0.0225,2000-02-04T02:04:01Z,ls7,qd9vgup7y98y,0.07463968689477084,0.19016916155584251,0.36269115154938675
0.6236341463414634,0.3090487804878049,0.0,0.05514634146341464,0.0,0.0,2000-02-20T02:03:53Z,ls7,qd9vgup7y98y,0.055825782079454836,0.3128564726796869,0.6313177452408583
0.6270975609756096,0.3011951219512195,0.0,0.05924390243902439,0.0,0.0,2000-03-07T02:03:49Z,ls7,qd9vgup7y98y,0.05999160265751192,0.3049964187804095,0.6350119785620786
0.6998292682926828,0.22202439024390244,0.0,0.06524390243902439,0.0,0.0,2000-03-23T02:03:51Z,ls7,qd9vgup7y98y,0.06609671122532185,0.2249264905734971,0.708976798201181
0.6699268292682926,0.24419512195121953,0.0,0.0718048780487805,0.0,0.0,2000-04-08T02:03:39Z,ls7,qd9vgup7y98y,0.07282982460480421,0.24768077579595776,0.679489399599238
0.7638780487804878,0.16519512195121952,0.0,0.058756097560975606,0.0,0.0,2000-04-24T02:03:33Z,ls7,qd9vgup7y98y,0.059480012839189154,0.16723043875459867,0.7732895484062122
0.7146829268292683,0.20797560975609758,0.0,0.06660975609756098,0.0,0.0,2000-05-26T02:03:12Z,ls7,qd9vgup7y98y,0.06733234714003945,0.21023175542406314,0.7224358974358974
,,1.0,,,,2000-06-27T02:02:56Z,ls7,qd9vgup7y98y,,,
0.13435374149659865,0.02659863945578232,0.6414634146341464,0.0953061224489796,0.5510204081632653,0.19047619047619047,2000-07-29T02:02:26Z,ls7,qd9vgup7y98y,0.09614103140592581,0.026831651163252673,0.13553071879136577
0.003829268292682927,0.019902439024390244,0.0,0.05078048780487804,0.8195121951219512,0.1048780487804878,2000-08-14T02:02:19Z,ls7,qd9vgup7y98y,0.05152848189693029,0.02019560097401303,0.0038856732266177034
0.032400000000000005,0.0078000000000000005,0.8780487804878049,0.059,0.48,0.42,2000-08-30T02:02:09Z,ls7,qd9vgup7y98y,0.059475806451612906,0.007862903225806454,0.03266129032258066
0.012048611111111112,0.005277777777777778,0.29756097560975614,0.010277777777777778,0.8715277777777778,0.10069444444444445,2000-09-15T02:01:50Z,ls7,qd9vgup7y98y,0.010342417889587696,0.005310971348707195,0.012124388539482875
0.004292682926829269,0.01151219512195122,0.0,0.027512195121951223,0.8634146341463415,0.09268292682926829,2000-10-01T02:01:41Z,ls7,qd9vgup7y98y,0.027883981542518133,0.011667765326301913,0.004350692155570205
0.0224390243902439,0.04631707317073171,0.0,0.05151219512195122,0.8195121951219512,0.05853658536585366,2000-10-17T02:01:23Z,ls7,qd9vgup7y98y,0.05223301066918601,0.04696519283181071,0.022753016011198453
,,1.0,,,,2000-11-02T02:01:36Z,ls7,qd9vgup7y98y,,,
0.19495121951219513,0.17204878048780486,0.0,0.07151219512195123,0.5292682926829269,0.026829268292682926,2000-12-04T02:01:34Z,ls7,qd9vgup7y98y,0.07239123150450594,0.17416362449958553,0.19734758302029873
0.31341463414634146,0.19931707317073172,0.0,0.09285365853658538,0.3439024390243902,0.04390243902439024,2000-12-20T02:01:39Z,ls7,qd9vgup7y98y,0.09386712430095022,0.20149255050889547,0.31683544714137385
0.4237317073170732,0.4538536585365853,0.0,0.07965853658536587,0.02195121951219512,0.00975609756097561,2001-01-05T02:01:39Z,ls7,qd9vgup7y98y,0.08057797799676471,0.4590921661248614,0.42862253880520307
0.6513496932515338,0.295398773006135,0.6024390243902439,0.040674846625766876,0.0,0.0,2001-02-06T02:01:39Z,ls7,qd9vgup7y98y,0.041192917054986025,0.29916123019571295,0.659645852749301
0.2274712643678161,0.7027586206896551,0.7878048780487805,0.056896551724137934,0.0,0.0,2001-02-22T02:01:38Z,ls7,qd9vgup7y98y,0.05763856544014906,0.7119236143455986,0.23043782021425246
0.7256829268292683,0.20621951219512197,0.0,0.05585365853658536,0.0,0.0,2001-03-10T02:01:34Z,ls7,qd9vgup7y98y,0.05654600227171712,0.20877574201195123,0.7346782557163316
0.7615121951219511,0.17643902439024392,0.0,0.050658536585365864,0.0,0.0,2001-03-26T02:01:25Z,ls7,qd9vgup7y98y,0.05124219771544176,0.17847186243307925,0.7702859398514791
0.7204878048780488,0.21712195121951222,0.0,0.05019512195121952,0.0,0.0,2001-04-27T02:01:19Z,ls7,qd9vgup7y98y,0.05081481481481483,0.2198024691358025,0.7293827160493827
,,1.0,,,,2001-05-13T02:01:10Z,ls7,qd9vgup7y98y,,,
0.370749354005168,0.010878552971576227,0.056097560975609806,0.08847545219638243,0.2739018087855297,0.2558139534883721,2001-05-29T02:01:01Z,ls7,qd9vgup7y98y,0.08850949430957841,0.010882738640284027,0.37089200477623574
,,1.0,,,,2001-06-14T02:00:50Z,ls7,qd9vgup7y98y,,,
0.17329268292682926,0.09814634146341462,0.0,0.1972439024390244,0.5048780487804878,0.01951219512195122,2001-06-30T02:00:35Z,ls7,qd9vgup7y98y,0.2001590392152881,0.09959688064824028,0.1758538362340326
0.06921951219512194,0.12251219512195123,0.0,0.19034146341463412,0.5829268292682926,0.02926829268292683,2001-07-16T02:00:35Z,ls7,qd9vgup7y98y,0.19319688913454724,0.1243500735677641,0.07025791534646912
0.004658536585365854,0.008073170731707316,0.0,0.011317073170731707,0.948780487804878,0.026829268292682926,2001-08-01T02:00:23Z,ls7,qd9vgup7y98y,0.011477761836441917,0.00818779993073766,0.004724682135259496
0.0030000000000000005,0.0025365853658536586,0.0,0.004121951219512195,0.9463414634146341,0.04390243902439024,2001-08-17T02:00:04Z,ls7,qd9vgup7y98y,0.00416358709041638,0.0025622074402562338,0.003030303030303046
,,1.0,,,,2001-09-02T01:59:53Z,ls7,qd9vgup7y98y,,,
0.020705882352941178,0.004588235294117647,0.7926829268292683,0.021411764705882352,0.8941176470588236,0.058823529411764705,2001-09-18T01:59:42Z,ls7,qd9vgup7y98y,0.021573566454289504,0.00462290709734775,0.020862349977774468
0.0023902439024390243,0.0071707317073170735,0.0,0.012073170731707317,0.9121951219512195,0.06585365853658537,2001-10-04T01:59:30Z,ls7,qd9vgup7y98y,0.012250116864190043,0.007275826986003784,0.002425275662001261
,,1.0,,,,2001-10-20T01:59:32Z,ls7,qd9vgup7y98y,,,
0.04670731707317074,0.07334146341463414,0.0,0.041414634146341466,0.8048780487804879,0.03170731707317073,2001-11-05T01:59:37Z,ls7,qd9vgup7y98y,0.041915113108835,0.07422776508731851,0.047271755950187885
0.05413407821229051,0.1011731843575419,0.12682926829268293,0.0408659217877095,0.770949720670391,0.030726256983240222,2001-11-21T01:59:46Z,ls7,qd9vgup7y98y,0.041313974753344376,0.10228244467300979,0.05472760292001463
0.13875609756097562,0.12339024390243904,0.0,0.07014634146341464,0.6292682926829268,0.03414634146341464,2001-12-07T01:59:47Z,ls7,qd9vgup7y98y,0.07105251851109233,0.12498424587886511,0.14054860146370107
0.2609268292682927,0.15239024390243902,0.0,0.08814634146341463,0.024390243902439025,0.4682926829268293,2001-12-23T01:59:56Z,ls7,qd9vgup7y98y,0.08917528708361012,0.15416911834487992,0.26397266774224165
0.35607317073170736,0.19251219512195122,0.0,0.06619512195121952,0.35609756097560974,0.02195121951219512,2002-01-08T01:59:59Z,ls7,qd9vgup7y98y,0.0669672145424144,0.1947576361029023,0.3602263688668783
0.5248780487804878,0.4067073170731707,0.0,0.05626829268292684,0.0,0.0,2002-01-24T02:00:06Z,ls7,qd9vgup7y98y,0.05696015011604366,0.4117080637993185,0.5313317860846378
0.6624878048780488,0.2721951219512195,0.0,0.05175609756097562,0.0,0.0,2002-02-09T02:00:08Z,ls7,qd9vgup7y98y,0.05246760953417072,0.2759370982098704,0.6715952922559589
0.7024146341463415,0.24112195121951216,0.0,0.04439024390243903,0.0,0.0,2002-02-25T02:00:10Z,ls7,qd9vgup7y98y,0.0449327243550179,0.24406863350203672,0.7109986421429453
0.5921463414634146,0.356390243902439,0.0,0.04034146341463415,0.0,0.0,2002-03-13T02:00:08Z,ls7,qd9vgup7y98y,0.04079518547750592,0.36039857932123126,0.5988062352012627
0.702048780487805,0.24248780487804877,0.0,0.04387804878048781,0.0,0.0,2002-03-29T02:00:03Z,ls7,qd9vgup7y98y,0.044392350400987046,0.24533004318322021,0.7102776064157927
0.6811951219512196,0.25882926829268293,0.0,0.04863414634146341,0.0,0.0,2002-04-14T02:00:02Z,ls7,qd9vgup7y98y,0.049192056247687174,0.2617984457875909,0.6890094979647218
0.2667560975609756,0.6008780487804878,0.0,0.12009756097560974,0.0,0.0,2002-04-30T02:00:04Z,ls7,qd9vgup7y98y,0.12158925352495245,0.608341358619157,0.2700693878558906
0.2492682926829268,0.12436585365853658,0.0,0.1897560975609756,0.4170731707317073,0.012195121951219513,2002-06-17T01:59:45Z,ls7,qd9vgup7y98y,0.19222878405674837,0.1259864485739537,0.25251647468637123
0.19785365853658538,0.16948780487804876,0.0,0.2006829268292683,0.4073170731707317,0.01707317073170732,2002-07-03T01:59:40Z,ls7,qd9vgup7y98y,0.2033628353802539,0.1717511355198571,0.20049578519745012
0.05949685534591195,0.24861635220125786,0.6121951219512195,0.19742138364779874,0.11949685534591195,0.3710691823899371,2002-07-19T01:59:33Z,ls7,qd9vgup7y98y,0.19894416615416396,0.25053402000873215,0.0599557761012549
0.058609756097560986,0.09460975609756098,0.0,0.14041463414634145,0.6609756097560976,0.041463414634146344,2002-08-20T01:59:22Z,ls7,qd9vgup7y98y,0.14229242765888908,0.09587499164301386,0.059393556307853146
,,1.0,,,,2002-09-05T01:59:13Z,ls7,qd9vgup7y98y,,,
,,1.0,,,,2002-09-21T01:59:01Z,ls7,qd9vgup7y98y,,,
0.1830243902439024,0.15470731707317076,0.0,0.10795121951219509,0.5121951219512195,0.036585365853658534,2002-10-23T01:59:02Z,ls7,qd9vgup7y98y,0.10929226514396155,0.15662919968552833,0.18529804736563207
0.29312195121951223,0.18031707317073173,0.0,0.07578048780487803,0.43658536585365854,0.007317073170731708,2002-11-08T01:59:07Z,ls7,qd9vgup7y98y,0.07672951070038277,0.18257524062051173,0.29679280965471533
0.3569024390243903,0.26329268292682934,0.0,0.08082926829268293,0.2682926829268293,0.02195121951219512,2002-11-24T01:59:24Z,ls7,qd9vgup7y98y,0.08183604854627627,0.26657216175529647,0.36134788725940276
0.6809024390243902,0.24792682926829265,0.0,0.05817073170731707,0.0,0.0,2002-12-10T01:59:29Z,ls7,qd9vgup7y98y,0.058936911557565426,0.25119232955247484,0.6898707588899597
0.5203669724770643,0.44394495412844037,0.7341463414634146,0.022385321100917434,0.0,0.0,2002-12-26T01:59:35Z,ls7,qd9vgup7y98y,0.022687122268712227,0.4499302649930264,0.5273826127382613
,,1.0,,,,2003-01-11T01:59:37Z,ls7,qd9vgup7y98y,,,
0.6395853658536585,0.31456097560975615,0.0,0.03539024390243903,0.0,0.0,2003-01-27T01:59:44Z,ls7,qd9vgup7y98y,0.035764462300658106,0.3178871607798674,0.6463483769194744
0.6988292682926829,0.24187804878048777,0.0,0.047341463414634154,0.0,0.0,2003-02-28T01:59:55Z,ls7,qd9vgup7y98y,0.0479140952851148,0.24480375215996047,0.7072821525549247
0.5888483146067416,0.3306741573033708,0.13170731707317074,0.06845505617977528,0.0,0.0,2003-03-16T01:59:58Z,ls7,qd9vgup7y98y,0.06928807005572614,0.33469805527123847,0.5960138746730353
0.5920731707317074,0.3254146341463415,0.0,0.0684390243902439,0.0,0.0,2003-04-17T01:59:59Z,ls7,qd9vgup7y98y,0.06941592657645398,0.33005961952353857,0.6005244539000074
0.6856829268292682,0.25434146341463415,0.0,0.046609756097560975,0.0,0.0,2003-05-03T02:00:00Z,ls7,qd9vgup7y98y,0.047241174725600715,0.25778700682290123,0.694971818451498
0.5651463414634146,0.34624390243902436,0.0,0.07512195121951219,0.0,0.0,2003-05-11T01:46:22Z,ls5,qd9vgup7y98y,0.07614903453902638,0.35097782282987616,0.5728731426310975
0.19312195121951217,0.41685365853658535,0.0,0.16546341463414635,0.18292682926829268,0.03170731707317073,2003-05-19T01:59:55Z,ls7,qd9vgup7y98y,0.16758160447958712,0.42219003569584657,0.195594213483103
0.38936585365853654,0.21309756097560972,0.0,0.16929268292682925,0.18536585365853658,0.03414634146341464,2003-05-27T01:46:41Z,ls5,qd9vgup7y98y,0.17120807324627196,0.21550856302444574,0.39377116860733113
0.4398048780487805,0.3377317073170732,0.0,0.21117073170731707,0.0,0.0,2003-06-12T01:46:58Z,ls5,qd9vgup7y98y,0.2135826528850186,0.34158916545378293,0.44482818166119836
0.0,0.0,0.7926829268292683,0.0,0.2235294117647059,0.7764705882352941,2003-06-28T01:47:21Z,ls5,qd9vgup7y98y,0.0,0.0,0.0
0.3527272727272728,0.25545454545454543,0.973170731707317,0.28818181818181815,0.0,0.09090909090909091,2003-07-22T01:59:46Z,ls7,qd9vgup7y98y,0.2922736492716208,0.25908168910197305,0.3577355707173152
0.03653658536585366,0.1076341463414634,0.0,0.1517560975609756,0.651219512195122,0.04878048780487805,2003-07-30T01:47:55Z,ls5,qd9vgup7y98y,0.15384488584851227,0.1091156350449188,0.03703947910656886
0.0361609907120743,0.12343653250773994,0.21219512195121948,0.18851393188854487,0.6068111455108359,0.04024767801857585,2003-08-07T01:59:37Z,ls7,qd9vgup7y98y,0.19112938665327386,0.12514909912737773,0.036662690689936585
0.0017804878048780488,0.004317073170731708,0.0,0.013146341463414632,0.926829268292683,0.05365853658536585,2003-08-31T01:48:29Z,ls5,qd9vgup7y98y,0.013329623790534451,0.00437726050264304,0.001805310828773683
7.317073170731707e-05,0.0025365853658536586,0.0,0.007024390243902439,0.9414634146341463,0.04878048780487805,2003-09-16T01:48:45Z,ls5,qd9vgup7y98y,0.007113306576103772,0.002568694041370807,7.409694350108096e-05
0.001024390243902439,0.005195121951219512,0.0,0.010609756097560975,0.9243902439024391,0.05853658536585366,2003-10-02T01:48:57Z,ls5,qd9vgup7y98y,0.010763520678685017,0.005270413573700939,0.001039236479321312
,,1.0,,,,2003-10-10T01:59:17Z,ls7,qd9vgup7y98y,,,
0.1176173285198556,0.112057761732852,0.324390243902439,0.08859205776173285,0.5595667870036101,0.11913357400722022,2003-10-18T01:49:10Z,ls5,qd9vgup7y98y,0.08943617446454427,0.11312546272939913,0.11873800179522627
0.054615384615384614,0.15307692307692308,0.9682926829268292,0.02307692307692308,0.6923076923076923,0.07692307692307693,2003-10-26T01:59:37Z,ls7,qd9vgup7y98y,0.02307692307692308,0.15307692307692308,0.054615384615384614
0.04963350785340314,0.10013089005235602,0.06829268292682922,0.041596858638743454,0.7356020942408377,0.07068062827225131,2003-11-03T01:49:15Z,ls5,qd9vgup7y98y,0.04210899506521226,0.10136369170826741,0.05024459071343137
0.07140065146579805,0.1382084690553746,0.25121951219512195,0.03830618892508143,0.5993485342019544,0.1498371335504886,2003-11-11T01:59:45Z,ls7,qd9vgup7y98y,0.038754126228239,0.13982462379797456,0.07223558222134344
0.09069078947368422,0.10569078947368422,0.25853658536585367,0.03457236842105263,0.7401315789473685,0.02631578947368421,2003-11-27T01:59:55Z,ls7,qd9vgup7y98y,0.03496137527267819,0.10688001784121318,0.09171123846505594
,,1.0,,,,2003-12-05T01:49:45Z,ls5,qd9vgup7y98y,,,
0.32063604240282684,0.22964664310954067,0.30975609756097566,0.06759717314487632,0.3568904593639576,0.0176678445229682,2003-12-13T02:00:00Z,ls7,qd9vgup7y98y,0.06842445182799445,0.23245714188715944,0.3245601023979203
0.26495121951219514,0.2030487804878049,0.0,0.04978048780487804,0.4560975609756098,0.01951219512195122,2003-12-21T01:49:53Z,ls5,qd9vgup7y98y,0.050415963437037914,0.205640811177531,0.26833346928787016
0.32101990049751244,0.21460199004975122,0.019512195121951237,0.05402985074626866,0.3855721393034826,0.017412935323383085,2003-12-29T02:00:08Z,ls7,qd9vgup7y98y,0.05470454007384611,0.21728179890288687,0.3250285863964015
0.5474820143884892,0.3701798561151079,0.3219512195121951,0.07032374100719425,0.0,0.0,2004-01-14T02:00:09Z,ls7,qd9vgup7y98y,0.07117891210951724,0.3746814243064152,0.5541396635840676
0.620658536585366,0.32526829268292684,0.0,0.04317073170731707,0.0,0.0,2004-01-22T01:50:03Z,ls5,qd9vgup7y98y,0.04364658594925159,0.3288535989939092,0.6274998150568393
0.6885121951219512,0.2544878048780488,0.0,0.04480487804878048,0.0,0.0,2004-02-07T01:50:08Z,ls5,qd9vgup7y98y,0.045358024691358016,0.25762962962962965,0.6970123456790123
0.68075,0.2566111111111111,0.12195121951219512,0.05025000000000001,0.0,0.0,2004-02-15T02:00:21Z,ls7,qd9vgup7y98y,0.050880351015356935,0.25983011756764357,0.6892895314169994
0.7641951219512195,0.18112195121951222,0.0,0.04339024390243902,0.0,0.0,2004-02-23T01:50:13Z,ls5,qd9vgup7y98y,0.04388583269605545,0.18319066531810446,0.77292350198584
0.7263185378590078,0.2147780678851175,0.06585365853658531,0.04616187989556136,0.0,0.0,2004-03-02T02:00:23Z,ls7,qd9vgup7y98y,0.04675764307627208,0.2175499841320216,0.7356923727917063
0.8231951219512195,0.12014634146341464,0.0,0.045829268292682926,0.0,0.0,2004-03-10T01:50:18Z,ls5,qd9vgup7y98y,0.0463309991123385,0.12146168261169742,0.8322073182759641
0.7329670329670329,0.19831501831501833,0.3341463414634146,0.056263736263736264,0.0,0.0,2004-03-18T02:00:30Z,ls7,qd9vgup7y98y,0.056973293768546,0.20081602373887242,0.7422106824925816
0.8023414634146342,0.1463170731707317,0.0,0.04075609756097561,0.0,0.0,2004-03-26T01:50:20Z,ls5,qd9vgup7y98y,0.04119213134151753,0.14788246314647735,0.8109254055120052
0.826963696369637,0.12491749174917492,0.26097560975609757,0.03798679867986799,0.0,0.0,2004-04-03T02:00:30Z,ls7,qd9vgup7y98y,0.038375620978228255,0.12619611242623277,0.8354282665955389
0.6680487804878048,0.26926829268292685,0.0,0.05002439024390244,0.0,0.0,2004-04-11T01:50:47Z,ls5,qd9vgup7y98y,0.05066574442330971,0.27272053555989234,0.676613720016798
,,1.0,,,,2004-04-27T01:51:15Z,ls5,qd9vgup7y98y,,,
0.7136727272727272,0.21843636363636365,0.3292682926829268,0.05541818181818182,0.0,0.0,2004-05-05T02:00:25Z,ls7,qd9vgup7y98y,0.056118127922819165,0.22119527193725377,0.722686600139927
0.5690243902439025,0.34207317073170734,0.0,0.07641463414634146,0.0,0.0,2004-05-13T01:51:43Z,ls5,qd9vgup7y98y,0.07738095238095237,0.34639893301719027,0.5762201146018573
0.3412099644128114,0.3463701067615659,0.31463414634146336,0.17021352313167262,0.10676156583629894,0.02491103202846975,2004-05-21T02:00:25Z,ls7,qd9vgup7y98y,0.17230376553322319,0.35062357305767533,0.3454000635443328
0.332,0.18929268292682927,0.0,0.16619512195121952,0.28780487804878047,0.01707317073170732,2004-05-29T01:52:10Z,ls5,qd9vgup7y98y,0.16804062069783077,0.1913946664566869,0.3356866640649945
0.027303754266211604,0.3519112627986349,0.2853658536585366,0.19215017064846415,0.36177474402730375,0.06143344709897611,2004-06-06T02:00:20Z,ls7,qd9vgup7y98y,0.1939751438957675,0.35525358946878494,0.027563075509167676
0.04234146341463414,0.11375609756097561,0.0,0.22287804878048784,0.5487804878048781,0.06829268292682927,2004-06-14T01:52:39Z,ls5,qd9vgup7y98y,0.2252017869644522,0.11494212457892372,0.042782917724916714
0.03053658536585366,0.08204878048780488,0.0,0.18697560975609756,0.5439024390243903,0.15365853658536585,2004-06-30T01:53:08Z,ls5,qd9vgup7y98y,0.1887719883549592,0.08283706872242144,0.030829967312863155
0.0,0.0,0.31463414634146336,0.0,0.9928825622775801,0.0071174377224199285,2004-07-08T02:00:14Z,ls7,qd9vgup7y98y,0.0,0.0,0.0
0.032,0.08334146341463415,0.0,0.19963414634146343,0.624390243902439,0.05609756097560976,2004-07-16T01:53:34Z,ls5,qd9vgup7y98y,0.202509471664331,0.08454182830507256,0.03246089515254762
0.02312727272727273,0.10890909090909091,0.3292682926829268,0.2590181818181818,0.4690909090909091,0.13454545454545455,2004-07-24T02:00:09Z,ls7,qd9vgup7y98y,0.26253470167548654,0.1103876781578102,0.023441256530339665
,,1.0,,,,2004-08-01T01:53:55Z,ls5,qd9vgup7y98y,,,
0.041006097560975605,0.08548780487804877,0.19999999999999996,0.11045731707317075,0.7103658536585366,0.04878048780487805,2004-08-09T02:00:02Z,ls7,qd9vgup7y98y,0.11227648029825645,0.08689573578700277,0.04168144245132622
0.01558139534883721,0.04255813953488372,0.37073170731707317,0.09472868217054264,0.5155038759689923,0.32945736434108525,2004-08-17T01:54:17Z,ls5,qd9vgup7y98y,0.09607371416890735,0.04316241332138309,0.015802632199632058
0.07333333333333333,0.0033333333333333335,0.7658536585365854,0.057916666666666665,0.4270833333333333,0.4375,2004-08-25T02:00:01Z,ls7,qd9vgup7y98y,0.05827528379772964,0.0033539731682146563,0.07378740970072242
0.010317073170731708,0.03129268292682926,0.0,0.05924390243902439,0.7682926829268293,0.12926829268292683,2004-09-02T01:54:43Z,ls5,qd9vgup7y98y,0.060175185065030806,0.0317845872533695,0.010479252071843572
0.009054878048780489,0.014237804878048781,0.19999999999999996,0.027713414634146342,0.8902439024390244,0.057926829268292686,2004-09-10T01:59:55Z,ls7,qd9vgup7y98y,0.028160672371816357,0.014467584155817644,0.00920101176504891
0.0724367088607595,0.06958860759493672,0.2292682926829268,0.11762658227848102,0.6582278481012658,0.07911392405063292,2004-09-18T01:55:08Z,ls5,qd9vgup7y98y,0.11898849883137023,0.07039432578159353,0.07327540323513759
0.003559322033898305,0.0001694915254237288,0.5682926829268293,0.00192090395480226,0.6666666666666666,0.327683615819209,2004-09-26T01:59:50Z,ls7,qd9vgup7y98y,0.00192090395480228,0.0001694915254237306,0.003559322033898342
0.036463414634146346,0.0974390243902439,0.0,0.10904878048780488,0.7170731707317073,0.036585365853658534,2004-10-04T01:55:29Z,ls5,qd9vgup7y98y,0.11057049321622621,0.09879872967989795,0.03697224051851
0.055909090909090915,0.13013636363636366,0.46341463414634143,0.08818181818181818,0.6409090909090909,0.08181818181818182,2004-10-20T01:55:50Z,ls5,qd9vgup7y98y,0.08916112894233233,0.13158160420716367,0.05652999412323133
0.06023255813953489,0.15149870801033594,0.056097560975609806,0.0765374677002584,0.6770025839793282,0.031007751937984496,2004-10-28T02:00:03Z,ls7,qd9vgup7y98y,0.0775254020269738,0.1534542309534596,0.06101003110225386
,,1.0,,,,2004-11-05T01:56:09Z,ls5,qd9vgup7y98y,,,
0.12533163265306124,0.1820408163265306,0.04390243902439028,0.0880612244897959,0.576530612244898,0.02295918367346939,2004-11-13T02:00:10Z,ls7,qd9vgup7y98y,0.08919174404811274,0.18437783474140576,0.12694062529211417
0.18197560975609753,0.2036341463414634,0.0,0.08853658536585365,0.5,0.01951219512195122,2004-11-21T01:56:23Z,ls5,qd9vgup7y98y,0.08972071665161095,0.2063576482987052,0.1844094399277326
,,1.0,,,,2004-11-29T02:00:20Z,ls7,qd9vgup7y98y,,,
0.2900731707317073,0.24534146341463414,0.0,0.07885365853658537,0.35121951219512193,0.026829268292682926,2004-12-07T01:56:46Z,ls5,qd9vgup7y98y,0.07983991632650096,0.24841005825186305,0.2937012449338311
0.33040133779264214,0.5720401337792643,0.2707317073170732,0.0865217391304348,0.0,0.0,2004-12-15T02:00:26Z,ls7,qd9vgup7y98y,0.08748731822793372,0.5784240784578966,0.33408860331416973
0.5681951219512196,0.3724390243902439,0.0,0.048170731707317074,0.0,0.0,2004-12-23T01:57:03Z,ls5,qd9vgup7y98y,0.04871611455070175,0.376655731235046,0.5746281542142523
0.32444055944055944,0.5946853146853146,0.30243902439024395,0.06835664335664336,0.0,0.0,2004-12-31T02:00:35Z,ls7,qd9vgup7y98y,0.06922314283690957,0.6022236385525104,0.32855321861058
0.561560975609756,0.3734878048780488,0.0,0.052975609756097566,0.0,0.0,2005-01-08T01:57:15Z,ls5,qd9vgup7y98y,0.05361771458194477,0.37801476215162066,0.5683675232664346
0.6352525252525253,0.2677104377104377,0.275609756097561,0.08343434343434344,0.0,0.0,2005-01-16T02:00:38Z,ls7,qd9vgup7y98y,0.08458492626979794,0.2714022392135445,0.6440128345166576
0.6097317073170732,0.3255121951219513,0.0,0.052121951219512186,0.0,0.0,2005-01-24T01:57:28Z,ls5,qd9vgup7y98y,0.05278889382935625,0.3296773874808558,0.617533718689788
0.5655390334572491,0.3518959107806691,0.3439024390243902,0.0703345724907063,0.0,0.0,2005-02-01T02:00:42Z,ls7,qd9vgup7y98y,0.07120544955026156,0.356253057845019,0.5725414926047195
0.6570975609756097,0.2834878048780488,0.0,0.04678048780487805,0.0,0.0,2005-02-09T01:57:41Z,ls5,qd9vgup7y98y,0.04737908206116299,0.28711526110370045,0.6655056568351365
,,1.0,,,,2005-02-17T02:00:51Z,ls7,qd9vgup7y98y,,,
,,1.0,,,,2005-02-25T01:57:58Z,ls5,qd9vgup7y98y,,,
,,1.0,,,,2005-03-13T01:58:10Z,ls5,qd9vgup7y98y,,,
0.5853980099502487,0.3457213930348259,0.019512195121951237,0.05542288557213931,0.0,0.0,2005-03-21T02:00:56Z,ls7,qd9vgup7y98y,0.056178925338510814,0.35043747951284704,0.5933835951486421
0.6031951219512196,0.3360487804878049,0.0,0.04865853658536586,0.0,0.0,2005-03-29T01:58:17Z,ls5,qd9vgup7y98y,0.049254394627691094,0.3401639344262295,0.6105816709460794
0.6498951048951049,0.28982517482517484,0.30243902439024395,0.049650349650349646,0.0,0.0,2005-04-06T02:00:52Z,ls7,qd9vgup7y98y,0.05018377155781735,0.2929389312977099,0.6568772971444727
0.6880731707317074,0.2553170731707317,0.0,0.045634146341463414,0.0,0.0,2005-04-14T01:58:21Z,ls5,qd9vgup7y98y,0.046140567200986436,0.25815043156596795,0.6957090012330457
0.7387341772151899,0.22556962025316457,0.2292682926829268,0.0270253164556962,0.0,0.0,2005-04-22T02:00:46Z,ls7,qd9vgup7y98y,0.027261699546702416,0.22754261635701975,0.7451956840962778
0.5215186246418337,0.3445558739255014,0.14878048780487807,0.12272206303724928,0.0,0.0,2005-05-08T02:00:51Z,ls7,qd9vgup7y98y,0.12411255034918428,0.34845982207540066,0.5274276275754151
0.22076363636363636,0.28858181818181816,0.3292682926829268,0.3343272727272727,0.12,0.025454545454545455,2005-05-24T02:00:50Z,ls7,qd9vgup7y98y,0.33863587384556304,0.29230088044794306,0.22360870025194837
,,1.0,,,,2005-06-01T01:58:41Z,ls5,qd9vgup7y98y,,,
0.03816513761467889,0.01076452599388379,0.20243902439024386,0.01180428134556575,0.7400611620795107,0.19877675840978593,2005-06-17T01:58:48Z,ls5,qd9vgup7y98y,0.011887493802181025,0.010840408855874922,0.03843417685264745
0.011846153846153845,0.031169230769230772,0.20731707317073167,0.04193846153846155,0.7384615384615385,0.1753846153846154,2005-06-25T02:00:39Z,ls7,qd9vgup7y98y,0.04253085559858467,0.031609506031816774,0.012013484523444676
,,1.0,,,,2005-07-03T01:58:51Z,ls5,qd9vgup7y98y,,,
0.01715302491103203,0.0402135231316726,0.31463414634146336,0.07957295373665481,0.7615658362989324,0.099644128113879,2005-07-11T02:00:40Z,ls7,qd9vgup7y98y,0.08064826392228529,0.04075694911993844,0.017384822544964897
0.009146341463414634,0.02378048780487805,0.0,0.06329268292682927,0.8097560975609757,0.09268292682926829,2005-07-19T01:59:02Z,ls5,qd9vgup7y98y,0.06417509042010569,0.02411202819252526,0.0092738569971251
0.0023116883116883116,0.00761038961038961,0.060975609756097615,0.03880519480519481,0.8493506493506493,0.1012987012987013,2005-07-27T02:00:39Z,ls7,qd9vgup7y98y,0.03930163652978155,0.007707750671503342,0.0023412621493644967
0.0072195121951219516,0.014658536585365853,0.0,0.05292682926829268,0.802439024390244,0.12195121951219512,2005-08-04T01:59:11Z,ls5,qd9vgup7y98y,0.05349630607489638,0.014816258041941349,0.007297191980723193
,,1.0,,,,2005-08-12T02:00:35Z,ls7,qd9vgup7y98y,,,
2.4390243902439026e-05,0.0006829268292682927,0.0,0.0016829268292682927,0.9365853658536586,0.06097560975609756,2005-08-20T01:59:17Z,ls5,qd9vgup7y98y,0.0017172722747635263,0.0006968641114982427,2.4888003982080094e-05
0.05218855218855219,0.0028956228956228958,0.275609756097561,0.031851851851851846,0.7306397306397306,0.18181818181818182,2005-08-28T02:00:28Z,ls7,qd9vgup7y98y,0.03207390194222107,0.0029158092674746432,0.05255237633239183
,,1.0,,,,2005-09-05T01:59:21Z,ls5,qd9vgup7y98y,,,
,,1.0,,,,2005-10-07T01:59:18Z,ls5,qd9vgup7y98y,,,
0.013074204946996466,0.012438162544169611,0.30975609756097566,0.019787985865724382,0.8657243816254417,0.08833922261484099,2005-10-15T02:00:21Z,ls7,qd9vgup7y98y,0.02006582030065653,0.012612801331841247,0.013257774127219494
0.014707317073170731,0.027609756097560976,0.0,0.022634146341463414,0.8853658536585366,0.04878048780487805,2005-10-23T01:59:17Z,ls5,qd9vgup7y98y,0.02294862753359039,0.02799336893106069,0.014911662071934272
,,1.0,,,,2005-10-31T02:00:34Z,ls7,qd9vgup7y98y,,,
0.02670731707317073,0.06797560975609757,0.0,0.030780487804878052,0.802439024390244,0.07073170731707316,2005-11-08T01:59:26Z,ls5,qd9vgup7y98y,0.031115578651898484,0.06871562417023856,0.02699806547054583
0.032123456790123454,0.09318518518518519,0.012195121951219523,0.03323456790123457,0.7851851851851852,0.05432098765432099,2005-11-16T02:00:44Z,ls7,qd9vgup7y98y,0.033643465403835025,0.09433167788564144,0.032518683871017355
0.0657560975609756,0.11958536585365855,0.0,0.04390243902439024,0.7317073170731707,0.036585365853658534,2005-11-24T01:59:50Z,ls5,qd9vgup7y98y,0.04437420690836338,0.12087040915094757,0.0664627010138598
0.09751798561151079,0.20111510791366907,0.3219512195121951,0.06366906474820144,0.6007194244604317,0.03237410071942446,2005-12-02T02:00:50Z,ls7,qd9vgup7y98y,0.06447820298169724,0.20367097902297696,0.0987572928154696
0.15796363636363636,0.17909090909090908,0.3292682926829268,0.05796363636363637,0.5672727272727273,0.03272727272727273,2005-12-18T02:00:52Z,ls7,qd9vgup7y98y,0.05869465156954802,0.181349535119212,0.15995581331123998
0.20886363636363642,0.1744155844155844,0.24878048780487805,0.05974025974025973,0.5194805194805194,0.032467532467532464,2006-01-19T02:01:09Z,ls7,qd9vgup7y98y,0.060418877568016435,0.17639685342140451,0.2112362170625271
0.3095121951219512,0.2723170731707317,0.0,0.08234146341463414,0.2926829268292683,0.03414634146341464,2006-01-27T02:01:20Z,ls5,qd9vgup7y98y,0.08345725056898028,0.2760071690173771,0.3137063121209597
0.3573384030418251,0.5002281368821293,0.35853658536585364,0.09437262357414448,0.030418250950570342,0.0076045627376425855,2006-02-04T02:01:15Z,ls7,qd9vgup7y98y,0.09536776547475057,0.5055029502763169,0.36110647056071954
0.4951219512195122,0.43612195121951225,0.0,0.05680487804878048,0.0,0.0,2006-02-12T02:01:42Z,ls5,qd9vgup7y98y,0.05749197728955813,0.4413971858800297,0.5011108368304122
0.6052054794520547,0.3333150684931507,0.1097560975609756,0.05008219178082192,0.0,0.0,2006-02-20T02:01:19Z,ls7,qd9vgup7y98y,0.05065957210952223,0.3371577430440085,0.6121826848464693
0.5054390243902439,0.42121951219512194,0.0,0.058658536585365864,0.0,0.0,2006-02-28T02:02:02Z,ls5,qd9vgup7y98y,0.059532650131194624,0.42749641071340166,0.5129709391554037
0.6103225806451612,0.3161042183622829,0.017073170731707332,0.0596029776674938,0.0,0.0,2006-03-08T02:01:20Z,ls7,qd9vgup7y98y,0.06044744193069432,0.3205828321211969,0.6189697259481087
0.39358662613981765,0.556595744680851,0.19756097560975605,0.038814589665653494,0.0,0.0,2006-04-09T02:01:17Z,ls7,qd9vgup7y98y,0.03924641957096318,0.5627881246542503,0.3979654557747864
0.749390243902439,0.19690243902439025,0.0,0.04156097560975609,0.0,0.0,2006-04-17T02:02:57Z,ls5,qd9vgup7y98y,0.042071996444620015,0.19932349019801493,0.7586045133573651
0.6093841642228739,0.3314369501466276,0.1682926829268293,0.045014662756598246,0.0,0.0,2006-04-25T02:01:16Z,ls7,qd9vgup7y98y,0.04566142130469703,0.3361989469613589,0.6181396317339442
0.7283170731707317,0.21739024390243902,0.0,0.04256097560975611,0.0,0.0,2006-05-03T02:03:12Z,ls5,qd9vgup7y98y,0.04306621584935463,0.2199708778597695,0.7369629062908759
0.7257022471910113,0.21148876404494385,0.13170731707317074,0.05098314606741574,0.0,0.0,2006-05-11T02:01:18Z,ls7,qd9vgup7y98y,0.051593280081867025,0.21401972767844454,0.7343869922396884
0.6348780487804878,0.30441463414634146,0.0,0.047097560975609756,0.0,0.0,2006-05-19T02:03:24Z,ls5,qd9vgup7y98y,0.04774739132584937,0.30861480638939714,0.6436378022847535
0.6673827160493826,0.25854320987654317,0.012195121951219523,0.061580246913580244,0.0,0.0,2006-05-27T02:01:18Z,ls7,qd9vgup7y98y,0.06235935390308547,0.2618142721408211,0.6758263739560934
0.7052926829268291,0.23641463414634145,0.0,0.046048780487804884,0.0,0.0,2006-06-04T02:03:39Z,ls5,qd9vgup7y98y,0.0466195861524026,0.2393451528470542,0.7140352610005433
0.7897812500000001,0.16765625,0.2195121951219512,0.03103125,0.0,0.0,2006-06-12T02:01:15Z,ls7,qd9vgup7y98y,0.031393253453890164,0.16961208940596248,0.7989946571401473
,,1.0,,,,2006-06-20T02:03:53Z,ls5,qd9vgup7y98y,,,
0.6124390243902439,0.3053414634146342,0.0,0.06941463414634147,0.0,0.0,2006-07-06T02:04:08Z,ls5,qd9vgup7y98y,0.07031500926497838,0.309302038295244,0.6203829524397776
0.5411627906976745,0.36414728682170544,0.37073170731707317,0.08224806201550389,0.0,0.0,2006-07-14T02:01:02Z,ls7,qd9vgup7y98y,0.08328427332312885,0.3687350366968876,0.5479806899799835
0.39458536585365855,0.47373170731707315,0.0,0.11860975609756097,0.0,0.0,2006-07-22T02:04:21Z,ls5,qd9vgup7y98y,0.1201809015421115,0.480006919731119,0.3998121787267695
0.27963210702341135,0.3133779264214047,0.2707317073170732,0.0937123745819398,0.2608695652173913,0.043478260869565216,2006-07-30T02:00:56Z,ls7,qd9vgup7y98y,0.09493095949468405,0.31745292307822615,0.28326829134013326
0.07204878048780487,0.2528536585365853,0.0,0.22895121951219513,0.4024390243902439,0.036585365853658534,2006-08-23T02:04:45Z,ls5,qd9vgup7y98y,0.23189528134492196,0.25610507954647976,0.07297524886469578
0.24993506493506495,0.3231818181818182,0.624390243902439,0.21850649350649354,0.03896103896103896,0.16233766233766234,2006-09-16T02:00:46Z,ls7,qd9vgup7y98y,0.22046016488638095,0.32607139394933665,0.25216973986558106
0.3743170731707317,0.39634146341463417,0.0,0.21246341463414636,0.0024390243902439024,0.0024390243902439024,2006-09-24T02:05:09Z,ls5,qd9vgup7y98y,0.21505674598276203,0.40117921274479196,0.37888599249195826
0.4361450381679389,0.31190839694656486,0.36097560975609755,0.23965648854961832,0.0,0.0,2006-10-02T02:00:39Z,ls7,qd9vgup7y98y,0.24263853466264781,0.3157894736842105,0.44157199165314165
0.5862439024390244,0.2554878048780488,0.0,0.14600000000000002,0.0,0.0,2006-10-10T02:05:19Z,ls5,qd9vgup7y98y,0.14781341827789715,0.25866113539274516,0.5935254463293577
0.5231851851851852,0.2881851851851852,0.3414634146341463,0.17514814814814814,0.0,0.0,2006-10-18T02:00:46Z,ls7,qd9vgup7y98y,0.17754167292386241,0.292123441958252,0.5303348851178855
0.5825853658536586,0.2942439024390244,0.0,0.1093658536585366,0.0,0.0,2006-10-26T02:05:29Z,ls5,qd9vgup7y98y,0.11089677004501163,0.29836276401048617,0.5907404659445021
0.5838297872340426,0.2906117021276595,0.08292682926829265,0.11218085106382979,0.0,0.0,2006-11-03T02:01:01Z,ls7,qd9vgup7y98y,0.11370191659702941,0.2945521201175297,0.5917459632854409
0.47040201005025123,0.41608040201005025,0.5146341463414634,0.10090452261306533,0.0,0.0,2006-11-11T02:05:37Z,ls5,qd9vgup7y98y,0.10219349585220623,0.42139549086467504,0.47641101328311874
0.41091575091575094,0.4903296703296704,0.3341463414634146,0.08721611721611723,0.0,0.0,2006-11-19T02:01:13Z,ls7,qd9vgup7y98y,0.08823420418751159,0.49605336297943303,0.41571243283305537
0.6117073170731708,0.3110487804878049,0.0,0.0654390243902439,0.0,0.0,2006-11-27T02:05:46Z,ls5,qd9vgup7y98y,0.06622075229538947,0.3147645374666798,0.6190147102379308
0.5664457831325301,0.34249999999999997,0.19024390243902434,0.078855421686747,0.0,0.0,2006-12-05T02:01:21Z,ls7,qd9vgup7y98y,0.07982924226254003,0.3467296844031102,0.5734410733343498
0.6254878048780489,0.3115121951219513,0.0,0.0521219512195122,0.0,0.0,2006-12-13T02:05:54Z,ls5,qd9vgup7y98y,0.05269517186960595,0.31493810721507126,0.6323667209153228
0.4796333333333333,0.4374333333333333,0.2682926829268293,0.07143333333333333,0.0,0.0,2006-12-21T02:01:26Z,ls7,qd9vgup7y98y,0.07226437363007925,0.4425223402461642,0.4852132861237565
0.6475853658536586,0.30475609756097566,0.0,0.03724390243902439,0.0,0.0,2006-12-29T02:06:01Z,ls5,qd9vgup7y98y,0.037635866216449355,0.3079634239518892,0.6544007098316614
0.6915527950310559,0.27546583850931683,0.21463414634146338,0.0218944099378882,0.0,0.0,2007-01-06T02:01:27Z,ls7,qd9vgup7y98y,0.02213987375561348,0.2785541563294916,0.6993059699148949
0.660609756097561,0.2951219512195122,0.0,0.0331219512195122,0.0,0.0,2007-01-14T02:06:07Z,ls5,qd9vgup7y98y,0.03349530128505537,0.29844856078731224,0.6680561379276324
0.64023598820059,0.3070206489675516,0.17317073170731712,0.04138643067846608,0.0,0.0,2007-01-22T02:01:30Z,ls7,qd9vgup7y98y,0.04186185290168581,0.31054751603759506,0.6475906310607191
0.6577317073170732,0.2983170731707317,0.0,0.03309756097560976,0.0,0.0,2007-01-30T02:06:11Z,ls5,qd9vgup7y98y,0.03346073233879916,0.30159043274565406,0.6649488349155468
0.5915925925925927,0.3539259259259259,0.3414634146341463,0.04344444444444443,0.0,0.0,2007-02-07T02:01:37Z,ls7,qd9vgup7y98y,0.04392929368586621,0.35787581454572687,0.5981948917684069
0.6551707317073171,0.3008780487804878,0.0,0.03358536585365854,0.0,0.0,2007-02-15T02:06:13Z,ls5,qd9vgup7y98y,0.03393715341959335,0.30402957486136784,0.6620332717190388
0.6894827586206898,0.27859195402298853,0.15121951219512197,0.02209770114942529,0.0,0.0,2007-02-23T02:01:42Z,ls7,qd9vgup7y98y,0.022317023622961285,0.28135701433629345,0.6963259620407453
0.6543658536585365,0.2955121951219512,0.0,0.038024390243902445,0.0,0.0,2007-03-03T02:06:12Z,ls5,qd9vgup7y98y,0.03849002567647641,0.29913095002962675,0.662379024293897
0.6632616487455196,0.2735483870967742,0.31951219512195117,0.0517562724014337,0.0,0.0,2007-03-11T02:01:45Z,ls7,qd9vgup7y98y,0.052354881983974484,0.2767122294333056,0.6709328885827199
0.35973118279569893,0.5722311827956988,0.09268292682926826,0.0578225806451613,0.0,0.0,2007-03-19T02:06:09Z,ls5,qd9vgup7y98y,0.05841933731667573,0.5781368821292775,0.36344378055404675
0.675105633802817,0.272887323943662,0.30731707317073176,0.04056338028169015,0.0,0.0,2007-03-27T02:01:46Z,ls7,qd9vgup7y98y,0.04103294746215495,0.27604630454140694,0.6829207479964381
0.6765853658536586,0.28453658536585363,0.0,0.02853658536585366,0.0,0.0,2007-04-04T02:06:06Z,ls5,qd9vgup7y98y,0.028834779179810727,0.287509858044164,0.6836553627760253
0.47,0.44846153846153847,0.9682926829268292,0.06538461538461539,0.0,0.0,2007-04-12T02:01:45Z,ls7,qd9vgup7y98y,0.06645817044566067,0.455824863174355,0.47771696637998434
0.7317317073170732,0.22602439024390242,0.0,0.032146341463414635,0.0,0.0,2007-04-20T02:06:00Z,ls5,qd9vgup7y98y,0.03247425220519391,0.2283299659981274,0.7391957817966787
0.6895454545454547,0.25391608391608395,0.30243902439024395,0.04496503496503496,0.0,0.0,2007-04-28T02:01:42Z,ls7,qd9vgup7y98y,0.045491527821995816,0.2568891718843963,0.6976193002936079
0.6862043795620437,0.2432481751824817,0.3317073170731707,0.05777372262773723,0.0,0.0,2007-05-14T02:01:37Z,ls7,qd9vgup7y98y,0.058521256931608145,0.2463955637707948,0.695083179297597
0.7330243902439025,0.22565853658536583,0.0,0.03009756097560976,0.0,0.0,2007-05-22T02:05:41Z,ls5,qd9vgup7y98y,0.030439072520966944,0.22821904292057224,0.7413418845584608
0.543717472118959,0.35460966542750927,0.3439024390243902,0.08802973977695167,0.0,0.0,2007-05-30T02:01:29Z,ls7,qd9vgup7y98y,0.08924735235367279,0.3595145667659142,0.551238080880413
0.46293436293436296,0.42305019305019304,0.36829268292682926,0.09988416988416988,0.0,0.0,2007-06-15T02:01:30Z,ls7,qd9vgup7y98y,0.10131589253544294,0.429114122346675,0.46956998511788206
0.0,0.0,0.8780487804878049,0.0,0.0,1.0,2007-06-23T02:05:08Z,ls5,qd9vgup7y98y,0.0,0.0,0.0
,,1.0,,,,2007-07-01T02:01:29Z,ls7,qd9vgup7y98y,,,
0.24873170731707317,0.1675609756097561,0.0,0.15692682926829268,0.3926829268292683,0.026829268292682926,2007-07-09T02:04:57Z,ls5,qd9vgup7y98y,0.15891662567378798,0.16968561056557716,0.25188556863868355
0.19926573426573427,0.11506993006993006,0.30243902439024395,0.12727272727272726,0.5314685314685315,0.02097902097902098,2007-07-17T02:01:26Z,ls7,qd9vgup7y98y,0.12898582019722163,0.11661877315083966,0.20194785420438627
0.23666666666666666,0.4066666666666667,0.9926829268292683,0.3466666666666667,0.0,0.0,2007-07-25T02:04:49Z,ls5,qd9vgup7y98y,0.35016835016835013,0.41077441077441074,0.23905723905723902
0.025376344086021508,0.14143369175627238,0.31951219512195117,0.28193548387096773,0.4265232974910394,0.11827956989247312,2007-08-02T02:01:21Z,ls7,qd9vgup7y98y,0.28598886942182833,0.14346708349078752,0.025741179703871662
,,1.0,,,,2007-08-10T02:04:40Z,ls5,qd9vgup7y98y,,,
0.09859259259259259,0.1262962962962963,0.3414634146341463,0.3449259259259259,0.3962962962962963,0.025925925925925925,2007-08-18T02:01:15Z,ls7,qd9vgup7y98y,0.349746145235258,0.1280612429133716,0.09997038962914816
0.0,0.0,0.9902439024390244,0.0,1.0,0.0,2007-08-26T02:04:30Z,ls5,qd9vgup7y98y,0.0,0.0,0.0
,,1.0,,,,2007-09-02T02:10:36Z,ls5,qd9vgup7y98y,,,
0.0496415770609319,0.0868458781362007,0.31951219512195117,0.24476702508960577,0.5842293906810035,0.02867383512544803,2007-09-03T02:01:08Z,ls7,qd9vgup7y98y,0.24851780304293902,0.08817669304042189,0.0504022781101875
0.04976,0.03941333333333334,0.08536585365853655,0.09029333333333334,0.6266666666666667,0.192,2007-09-11T02:04:22Z,ls5,qd9vgup7y98y,0.09123249133234272,0.03982327885091629,0.05027756315007428
0.10346289752650177,0.07770318021201414,0.30975609756097566,0.2444876325088339,0.49469964664310956,0.07420494699646643,2007-09-19T02:01:02Z,ls7,qd9vgup7y98y,0.24761324228854176,0.07869656305716194,0.1047856010147204
0.1102992518703242,0.16403990024937656,0.02195121951219514,0.2055860349127182,0.4688279301745636,0.04488778054862843,2007-10-05T02:00:53Z,ls7,qd9vgup7y98y,0.20831008993494443,0.1662134608918079,0.11176073845005571
0.17974504249291784,0.21419263456090656,0.13902439024390245,0.21000000000000002,0.3286118980169972,0.059490084985835696,2007-10-21T02:01:06Z,ls7,qd9vgup7y98y,0.21276795346873675,0.21701585001714807,0.18211421351128212
0.2503728813559322,0.4583389830508474,0.2804878048780488,0.17861016949152542,0.0847457627118644,0.01694915254237288,2007-11-06T02:01:16Z,ls7,qd9vgup7y98y,0.1808209616261241,0.4640121886784634,0.25347193444117533
,,1.0,,,,2007-11-22T02:01:25Z,ls7,qd9vgup7y98y,,,
0.48342424242424237,0.4163333333333333,0.19512195121951215,0.08703030303030304,0.0,0.0,2007-12-08T02:01:31Z,ls7,qd9vgup7y98y,0.08819555337182165,0.4219076280555214,0.4898968185726569
0.5405479452054794,0.38205479452054797,0.2878048780487805,0.06476027397260274,0.0,0.0,2007-12-24T02:01:34Z,ls7,qd9vgup7y98y,0.06558912281918768,0.38694460823419236,0.5474662689466199
0.5229970326409495,0.4087240356083086,0.17804878048780493,0.05649851632047478,0.0,0.0,2008-01-09T02:01:36Z,ls7,qd9vgup7y98y,0.05717202654415518,0.4135963726991562,0.5292316007566886
0.5122926829268293,0.44187804878048775,0.0,0.03460975609756097,0.0,0.0,2008-01-17T02:02:20Z,ls5,qd9vgup7y98y,0.03500246669955599,0.4468919585594474,0.5181055747409966
0.5325,0.3768506493506493,0.24878048780487805,0.09324675324675324,0.0,0.0,2008-01-24T02:08:22Z,ls5,qd9vgup7y98y,0.09300518134715027,0.3758743523316062,0.5311204663212435
0.45141843971631207,0.480177304964539,0.31219512195121957,0.05592198581560284,0.0,0.0,2008-01-25T02:01:35Z,ls7,qd9vgup7y98y,0.056628842286699226,0.486246768170066,0.4571243895432347
0.5445121951219513,0.40546341463414637,0.0,0.03878048780487805,0.0,0.0,2008-02-02T02:02:03Z,ls5,qd9vgup7y98y,0.03922149041663583,0.4100742494881472,0.5507042600952169
,,1.0,,,,2008-02-09T02:08:07Z,ls5,qd9vgup7y98y,,,
0.5768146214099217,0.3653263707571802,0.06585365853658531,0.04566579634464753,0.0,0.0,2008-02-10T02:01:32Z,ls7,qd9vgup7y98y,0.04622948219808105,0.3698358575846484,0.5839346602172706
0.4946829268292683,0.46136585365853666,0.0,0.033146341463414636,0.0,0.0,2008-02-18T02:01:46Z,ls5,qd9vgup7y98y,0.03350839559138989,0.46640530611238507,0.500086298296225
0.5242322097378277,0.4195880149812734,0.348780487804878,0.044232209737827724,0.0,0.0,2008-02-26T02:01:28Z,ls7,qd9vgup7y98y,0.044767067207459925,0.42466168833630263,0.5305712444562375
0.6241744548286605,0.32819314641744546,0.2170731707317073,0.037757009345794394,0.0,0.0,2008-03-13T02:01:22Z,ls7,qd9vgup7y98y,0.03813359343045024,0.33146650725230464,0.6303998993172452
0.5521538461538462,0.36123076923076924,0.8414634146341463,0.07538461538461538,0.0,0.0,2008-03-29T02:01:23Z,ls7,qd9vgup7y98y,0.07624085887661428,0.3653337482495721,0.5584253928738137
0.6582068965517242,0.2816206896551724,0.29268292682926833,0.049,0.0,0.0,2008-04-14T02:01:22Z,ls7,qd9vgup7y98y,0.0495536337006556,0.28480262240200865,0.6656437438973358
0.1197029702970297,0.7422772277227723,0.014634146341463428,0.12688118811881188,0.0,0.0,2008-04-30T02:01:19Z,ls7,qd9vgup7y98y,0.12831038798498123,0.7506382978723404,0.12105131414267835
0.4936494252873564,0.406551724137931,0.15121951219512197,0.08508620689655172,0.0,0.0,2008-05-16T02:01:14Z,ls7,qd9vgup7y98y,0.08635674288380774,0.41262249183387767,0.5010207652823145
0.19162629757785468,0.642318339100346,0.29512195121951224,0.12044982698961938,0.02422145328719723,0.010380622837370242,2008-06-01T02:01:06Z,ls7,qd9vgup7y98y,0.12183852414655864,0.649723793086058,0.1938356066428158
0.09924791086350973,0.6475208913649025,0.12439024390243902,0.14086350974930362,0.08635097493036212,0.016713091922005572,2008-06-17T02:00:57Z,ls7,qd9vgup7y98y,0.1423399552478371,0.654307810894052,0.10028816700574322
0.09426332288401254,0.44282131661442004,0.2219512195121951,0.20642633228840124,0.20376175548589343,0.0438871473354232,2008-07-03T02:00:47Z,ls7,qd9vgup7y98y,0.20888068028171136,0.44808633100371364,0.09538408589325832
0.02994594594594594,0.10451351351351351,0.09756097560975607,0.20194594594594595,0.527027027027027,0.13243243243243244,2008-07-19T02:00:35Z,ls7,qd9vgup7y98y,0.20442828946082747,0.10579820601512578,0.030314045064587365
0.0017241379310344825,0.008010610079575597,0.08048780487804874,0.02684350132625995,0.6684350132625995,0.29442970822281167,2008-08-04T02:00:28Z,ls7,qd9vgup7y98y,0.027252285610416198,0.008132599065558984,0.0017503938386136883
0.010321543408360128,0.021704180064308683,0.24146341463414633,0.0564951768488746,0.7395498392282959,0.17041800643086816,2008-08-20T02:00:22Z,ls7,qd9vgup7y98y,0.05745967859674857,0.022074720007288155,0.010497755736799255
0.0294888178913738,0.013833865814696486,0.23658536585365852,0.02926517571884984,0.8274760383386581,0.09904153354632587,2008-09-05T02:00:14Z,ls7,qd9vgup7y98y,0.029625838095666664,0.014004353597624088,0.02985223642172525
0.04009404388714734,0.049090909090909095,0.2219512195121951,0.05304075235109718,0.786833855799373,0.06896551724137931,2008-10-07T01:59:55Z,ls7,qd9vgup7y98y,0.0537772670961091,0.049772576993207356,0.04065078286993117
0.1068780487804878,0.07046341463414635,0.0,0.0716829268292683,0.6560975609756098,0.09268292682926829,2008-10-15T01:55:20Z,ls5,qd9vgup7y98y,0.07231480375528536,0.07108454169752276,0.10782016674231384
,,1.0,,,,2008-10-23T02:00:03Z,ls7,qd9vgup7y98y,,,
0.07999999999999999,0.10214634146341463,0.0,0.054024390243902445,0.7317073170731707,0.02926829268292683,2008-10-31T01:54:47Z,ls5,qd9vgup7y98y,0.054677168686382734,0.10338057898806811,0.08096664256945162
0.05576433121019107,0.08114649681528663,0.23414634146341462,0.029904458598726116,0.7993630573248408,0.03184713375796178,2008-11-08T02:00:18Z,ls7,qd9vgup7y98y,0.030258425080803435,0.08210699372298952,0.05642439011340448
0.1580288461538462,0.17711538461538467,0.4926829268292683,0.07408653846153847,0.5144230769230769,0.07211538461538461,2008-11-16T01:54:32Z,ls5,qd9vgup7y98y,0.07485247072006941,0.1789464647194911,0.15966260302197807
0.037625000000000006,0.2941250000000001,0.8048780487804879,0.077125,0.525,0.0625,2008-11-24T02:00:30Z,ls7,qd9vgup7y98y,0.07780877407520634,0.29673265056557624,0.03795857535921736
0.39555555555555555,0.4650000000000001,0.9560975609756097,0.1288888888888889,0.0,0.0,2008-12-02T01:55:04Z,ls5,qd9vgup7y98y,0.13026389668725435,0.4699606962380686,0.3997754070746771
0.03391752577319588,0.25364261168384883,0.2902439024390244,0.09261168384879725,0.5807560137457045,0.03436426116838488,2008-12-10T02:00:41Z,ls7,qd9vgup7y98y,0.09375855184909418,0.2567836256764988,0.03433754756031761
0.30153658536585365,0.14543902439024392,0.0,0.0638780487804878,0.4609756097560976,0.02195121951219512,2008-12-18T01:55:33Z,ls5,qd9vgup7y98y,0.06465574763171839,0.1472097071889793,0.30520771591100965
0.3212408759124087,0.19543795620437956,0.3317073170731707,0.07799270072992699,0.38321167883211676,0.014598540145985401,2008-12-26T02:00:49Z,ls7,qd9vgup7y98y,0.0789787383112677,0.19790881780853464,0.32530222490209554
0.3562439024390244,0.29421951219512193,0.0,0.06965853658536586,0.25121951219512195,0.01951219512195122,2009-01-03T01:55:59Z,ls5,qd9vgup7y98y,0.07054327667747465,0.2979564238656781,0.360768592139774
0.5089198606271778,0.41606271777003484,0.30000000000000004,0.06254355400696865,0.0,0.0,2009-01-11T02:00:55Z,ls7,qd9vgup7y98y,0.06333356855550067,0.4213181850257568,0.5153482464187426
0.6653448275862068,0.25648275862068964,0.29268292682926833,0.06541379310344829,0.0,0.0,2009-02-12T02:01:07Z,ls7,qd9vgup7y98y,0.0662591687041565,0.2597974152986378,0.6739434159972058
0.6771219512195122,0.2689756097560976,0.0,0.042439024390243905,0.0,0.0,2009-02-20T01:57:14Z,ls5,qd9vgup7y98y,0.042931162102146564,0.2720947446336048,0.6849740932642487
,,1.0,,,,2009-02-28T02:01:16Z,ls7,qd9vgup7y98y,,,
0.6397994987468671,0.3013533834586466,0.02682926829268295,0.047167919799498755,0.0,0.0,2009-03-16T02:01:24Z,ls7,qd9vgup7y98y,0.04772531318151849,0.30491454075163565,0.6473601460668459
0.502955326460481,0.4299312714776633,0.2902439024390244,0.0563573883161512,0.0,0.0,2009-03-24T01:57:59Z,ls5,qd9vgup7y98y,0.05697016014173063,0.4346058984958489,0.5084239413624204
0.6683576642335767,0.2505474452554744,0.3317073170731707,0.06806569343065692,0.0,0.0,2009-04-01T02:01:30Z,ls7,qd9vgup7y98y,0.06896424213289945,0.25385497171171834,0.6771807861553822
0.7054411764705883,0.2490294117647059,0.1707317073170732,0.033823529411764704,0.0,0.0,2009-04-17T02:01:35Z,ls7,qd9vgup7y98y,0.034224153324206884,0.25197904886613887,0.7137967978096542
0.672121951219512,0.268390243902439,0.0,0.04792682926829268,0.0,0.0,2009-04-25T01:58:37Z,ls5,qd9vgup7y98y,0.04848739081083749,0.27152938854069,0.6799832206484726
0.7001898734177215,0.23231012658227848,0.2292682926829268,0.05503164556962026,0.0,0.0,2009-05-03T02:01:39Z,ls7,qd9vgup7y98y,0.05572646285970647,0.23524322245721976,0.7090303146830738
0.7286097560975611,0.22041463414634146,0.0,0.03934146341463415,0.0,0.0,2009-05-11T01:58:55Z,ls5,qd9vgup7y98y,0.03980455543765269,0.2230091552945241,0.7371862892678233
0.669468085106383,0.26570921985815604,0.31219512195121957,0.053085106382978725,0.0,0.0,2009-05-19T02:01:41Z,ls7,qd9vgup7y98y,0.053715597976246005,0.26886504718504434,0.6774193548387096
0.12125000000000002,0.7629166666666668,0.9414634146341463,0.10333333333333333,0.0,0.0,2009-06-04T02:01:41Z,ls7,qd9vgup7y98y,0.10464135021097043,0.7725738396624472,0.12278481012658227
0.0,0.0,0.6268292682926829,0.0,0.7843137254901961,0.21568627450980393,2009-06-20T02:01:39Z,ls7,qd9vgup7y98y,0.0,0.0,0.0
0.15696048632218845,0.3737993920972644,0.19756097560975605,0.2998784194528875,0.1276595744680851,0.03343465045592705,2009-06-28T01:59:47Z,ls5,qd9vgup7y98y,0.3028631578198074,0.37751987784998897,0.15852273940619152
0.06965853658536585,0.10480487804878048,0.0,0.2348780487804878,0.551219512195122,0.03414634146341464,2009-07-14T02:00:04Z,ls5,qd9vgup7y98y,0.2379149633121785,0.10615997895663876,0.07055920407264608
,,1.0,,,,2009-07-22T02:01:32Z,ls7,qd9vgup7y98y,,,
0.0010081743869209809,0.006239782016348774,0.10487804878048779,0.019673024523160765,0.784741144414169,0.1880108991825613,2009-08-07T02:01:26Z,ls7,qd9vgup7y98y,0.019911968140850948,0.0063155688424582634,0.0010204194199605052
,,1.0,,,,2009-08-15T02:00:33Z,ls5,qd9vgup7y98y,,,
,,1.0,,,,2009-08-23T02:01:25Z,ls7,qd9vgup7y98y,,,
0.0,0.0,0.0,0.0,0.9121951219512195,0.08780487804878048,2009-08-31T02:00:47Z,ls5,qd9vgup7y98y,0.0,0.0,0.0
0.16835443037974682,0.002911392405063291,0.42195121951219516,0.06742616033755275,0.5864978902953587,0.1729957805907173,2009-09-08T02:01:24Z,ls7,qd9vgup7y98y,0.06793868020577172,0.0029335224869826335,0.16963412642116965
,,1.0,,,,2009-09-16T02:01:00Z,ls5,qd9vgup7y98y,,,
0.21894977168949772,0.012648401826484018,0.46585365853658534,0.0819634703196347,0.3424657534246575,0.3424657534246575,2009-09-24T02:01:23Z,ls7,qd9vgup7y98y,0.0823573533137439,0.012709184884627888,0.22000195495231312
0.006,0.008219512195121952,0.0,0.012243902439024389,0.9243902439024391,0.04878048780487805,2009-10-02T02:01:12Z,ls5,qd9vgup7y98y,0.012413172979656044,0.00833314600427109,0.006082949308755751
,,1.0,,,,2009-10-10T02:01:17Z,ls7,qd9vgup7y98y,,,
0.04272727272727273,0.05504132231404958,0.7048780487804878,0.04933884297520662,0.7355371900826446,0.11570247933884298,2009-10-18T02:01:22Z,ls5,qd9vgup7y98y,0.04989321199739995,0.05565976413780295,0.043207354443309504
0.07534146341463414,0.08446341463414633,0.0,0.052512195121951225,0.697560975609756,0.08780487804878048,2009-11-03T02:01:30Z,ls5,qd9vgup7y98y,0.05308527479301216,0.0853851865342318,0.07616368501421948
0.11629032258064517,0.17559139784946237,0.5463414634146342,0.0696236559139785,0.5806451612903226,0.053763440860215055,2009-11-11T02:01:48Z,ls7,qd9vgup7y98y,0.07041059789040059,0.17757607159077093,0.11760472836829074
,,1.0,,,,2009-11-19T02:01:37Z,ls5,qd9vgup7y98y,,,
0.06290229885057472,0.06864942528735632,0.15121951219512197,0.03017241379310345,0.7902298850574713,0.04597701149425287,2009-11-27T02:01:59Z,ls7,qd9vgup7y98y,0.03055841482243953,0.06952766953410287,0.06370701909173344
0.1364878048780488,0.1523170731707317,0.0,0.06297560975609756,0.6170731707317073,0.026829268292682926,2009-12-05T02:01:46Z,ls5,qd9vgup7y98y,0.06374845056084201,0.15418631826199009,0.13816279215277769
,,1.0,,,,2009-12-13T02:02:11Z,ls7,qd9vgup7y98y,,,
0.3041818181818182,0.2379636363636363,0.3292682926829268,0.08978181818181818,0.3527272727272727,0.007272727272727273,2009-12-29T02:02:29Z,ls7,qd9vgup7y98y,0.09092876050178386,0.24100356772931283,0.30806767176890326
0.4822680412371134,0.41907216494845356,0.2902439024390244,0.08752577319587629,0.0,0.0,2010-01-14T02:02:44Z,ls7,qd9vgup7y98y,0.08851125938281902,0.42379065888240197,0.487698081734779
0.5062682926829268,0.41275609756097564,0.0,0.06951219512195123,0.0,0.0,2010-01-22T02:02:03Z,ls5,qd9vgup7y98y,0.07031828275351593,0.41754256106587717,0.512139156180607
0.5329139072847682,0.39294701986754965,0.2634146341463415,0.06182119205298014,0.0,0.0,2010-01-30T02:02:58Z,ls7,qd9vgup7y98y,0.06259219525278263,0.3978476599168566,0.5395601448303607
0.4406506849315069,0.46239726027397254,0.2878048780487805,0.08407534246575342,0.0,0.0,2010-02-15T02:03:09Z,ls7,qd9vgup7y98y,0.08517207882320289,0.46842908687205104,0.44639883430474614
0.6964390243902439,0.24585365853658536,0.0,0.04492682926829269,0.0,0.0,2010-02-23T02:02:10Z,ls5,qd9vgup7y98y,0.045508449451526836,0.2490364660539579,0.7054550844945152
0.6774309392265194,0.2678729281767956,0.11707317073170731,0.04154696132596685,0.0,0.0,2010-03-03T02:03:17Z,ls7,qd9vgup7y98y,0.04210054865076699,0.2714421677303773,0.6864572836188557
,,1.0,,,,2010-03-19T02:03:23Z,ls7,qd9vgup7y98y,,,
,,1.0,,,,2010-04-04T02:03:27Z,ls7,qd9vgup7y98y,,,
,,1.0,,,,2010-04-20T02:03:27Z,ls7,qd9vgup7y98y,,,
,,1.0,,,,2010-04-28T02:02:03Z,ls5,qd9vgup7y98y,,,
0.7364353312302839,0.2080757097791798,0.2268292682926829,0.0426813880126183,0.0,0.0,2010-05-06T02:03:24Z,ls7,qd9vgup7y98y,0.043235124944078746,0.21077522847830255,0.7459896465776187
0.3454861111111111,0.5079513888888889,0.29756097560975614,0.1345138888888889,0.0,0.0,2010-05-14T02:02:01Z,ls5,qd9vgup7y98y,0.13615435982145996,0.5141461357326117,0.34969950444592834
0.2514525139664805,0.1340223463687151,0.12682926829268293,0.20723463687150842,0.3770949720670391,0.0223463687150838,2010-07-25T02:03:28Z,ls7,qd9vgup7y98y,0.20997901374887748,0.13579718398262758,0.2547824614863721
0.1776534296028881,0.10444043321299638,0.324390243902439,0.2064259927797834,0.47653429602888087,0.02888086642599278,2010-08-10T02:03:26Z,ls7,qd9vgup7y98y,0.2089887748361685,0.10573706288930315,0.17985899981965464
0.17900343642611685,0.1315807560137457,0.2902439024390244,0.262680412371134,0.38144329896907214,0.037800687285223365,2010-08-26T02:03:30Z,ls7,qd9vgup7y98y,0.2661131140793769,0.13330025036759996,0.18134264929872768
0.20336477987421384,0.15544025157232705,0.224390243902439,0.2561320754716981,0.34276729559748426,0.03459119496855346,2010-09-11T02:03:32Z,ls7,qd9vgup7y98y,0.2593410940598119,0.15738772595919587,0.20591268941495441
0.2833223684210527,0.2005921052631579,0.25853658536585367,0.23052631578947372,0.2565789473684211,0.019736842105263157,2010-09-27T02:03:31Z,ls7,qd9vgup7y98y,0.23350886078403338,0.20318736202354956,0.2869879877187328
0.37351612903225806,0.3832258064516129,0.24390243902439024,0.21203225806451614,0.00967741935483871,0.00967741935483871,2010-10-13T02:03:36Z,ls7,qd9vgup7y98y,0.2146304157285992,0.38792170072352933,0.3780930448381941
0.5777070063694268,0.3185031847133758,0.23414634146341462,0.08942675159235669,0.0,0.0,2010-10-29T02:03:45Z,ls7,qd9vgup7y98y,0.09072991049791591,0.32314452809460725,0.5861255614074768
0.545062656641604,0.34944862155388473,0.02682926829268295,0.09130325814536339,0.0,0.0,2010-11-14T02:03:57Z,ls7,qd9vgup7y98y,0.09261707428687647,0.3544770427619871,0.5529058829511364
0.4272318339100346,0.4511072664359862,0.29512195121951224,0.10871972318339101,0.0,0.0,2010-11-30T02:04:08Z,ls7,qd9vgup7y98y,0.11014513075790507,0.45702166444646986,0.432833204795625
0.3918120805369127,0.5838255033557047,0.6365853658536585,0.014765100671140941,0.0,0.0,2010-12-08T02:01:02Z,ls5,qd9vgup7y98y,0.014908179169207836,0.5894829572406316,0.39560886359016056
0.39714634146341465,0.5539268292682926,0.0,0.037487804878048786,0.0,0.0,2010-12-24T02:01:07Z,ls5,qd9vgup7y98y,0.03792159088105401,0.5603365325306555,0.40174187658829047
0.6068524590163935,0.3433770491803279,0.25609756097560976,0.03704918032786886,0.0,0.0,2011-01-01T02:04:25Z,ls7,qd9vgup7y98y,0.03752656748140276,0.34780154091392135,0.6146718916046758
0.5208780487804879,0.43621951219512195,0.0,0.03107317073170732,0.0,0.0,2011-01-09T02:01:10Z,ls5,qd9vgup7y98y,0.031445143773910895,0.4414414414414414,0.5271134147846478
0.5634878048780487,0.39751219512195124,0.0,0.02804878048780488,0.0,0.0,2011-01-25T02:01:10Z,ls5,qd9vgup7y98y,0.028359349954378436,0.40191363961431287,0.5697270104313087
0.5936288088642659,0.3470083102493075,0.11951219512195121,0.04565096952908587,0.0,0.0,2011-02-02T02:04:38Z,ls7,qd9vgup7y98y,0.0462856340401629,0.35183260777980624,0.6018817581800309
0.5263658536585366,0.43468292682926835,0.0,0.02819512195121951,0.0,0.0,2011-02-10T02:01:13Z,ls5,qd9vgup7y98y,0.028501688897655263,0.4394092556522597,0.532089055450085
0.5955371900826446,0.3518732782369146,0.1146341463414634,0.040220385674931136,0.0,0.0,2011-02-18T02:04:42Z,ls7,qd9vgup7y98y,0.04072410811413908,0.3562801595492455,0.6029957323366154
0.5778292682926829,0.38319512195121946,0.0,0.028829268292682928,0.0,0.0,2011-02-26T02:01:12Z,ls5,qd9vgup7y98y,0.029124778237729156,0.38712300413956235,0.5837522176227085
0.598049645390071,0.35209219858156027,0.31219512195121957,0.03780141843971632,0.0,0.0,2011-03-06T02:04:47Z,ls7,qd9vgup7y98y,0.03826274228284279,0.356389088298636,0.6053481694185212
0.7108571428571429,0.25834920634920633,0.23170731707317072,0.020730158730158727,0.0,0.0,2011-03-22T02:04:47Z,ls7,qd9vgup7y98y,0.020940897283776416,0.26097553153962094,0.7180835711766027
0.6955121951219512,0.2693170731707317,0.0,0.025658536585365856,0.0,0.0,2011-03-30T02:01:03Z,ls5,qd9vgup7y98y,0.025904949519822706,0.27190347205121895,0.7021915784289583
0.530241935483871,0.3914112903225806,0.3951219512195122,0.06657258064516128,0.0,0.0,2011-04-07T02:04:52Z,ls7,qd9vgup7y98y,0.06736575811979761,0.39607475110168106,0.5365594907785214
0.7002926829268292,0.2645609756097561,0.0,0.024731707317073172,0.0,0.0,2011-04-15T02:00:58Z,ls5,qd9vgup7y98y,0.024991989746876,0.2673452788800434,0.7076627313730806
0.5768600682593856,0.37853242320819114,0.2853658536585366,0.03296928327645051,0.0,0.0,2011-04-23T02:04:50Z,ls7,qd9vgup7y98y,0.03335750543872371,0.38298974412099873,0.5836527504402776
0.7119024390243902,0.2531219512195122,0.0,0.024195121951219513,0.0,0.0,2011-05-01T02:00:52Z,ls5,qd9vgup7y98y,0.0244587997435771,0.25588046747867255,0.7196607327777503
0.7569942196531793,0.2101156069364162,0.15609756097560978,0.022196531791907514,0.0,0.0,2011-05-09T02:04:50Z,ls7,qd9vgup7y98y,0.022436459246275197,0.2123867952088811,0.7651767455448437
0.7132153392330383,0.24480825958702068,0.17317073170731712,0.030796460176991156,0.0,0.0,2011-05-25T02:04:49Z,ls7,qd9vgup7y98y,0.031144655589033746,0.24757614629635158,0.7212791981146146
0.3680239520958084,0.15326347305389224,0.18536585365853664,0.09946107784431138,0.3652694610778443,0.005988023952095809,2011-06-10T02:04:50Z,ls7,qd9vgup7y98y,0.1007419396484126,0.15523720320897777,0.3727633721126694
0.11990074441687343,0.2720595533498759,0.017073170731707332,0.14225806451612902,0.4218362282878412,0.03722084367245657,2011-06-26T02:04:46Z,ls7,qd9vgup7y98y,0.1440487624344657,0.27548414989211273,0.12141001571312372
0.024933774834437088,0.07463576158940396,0.2634146341463415,0.08966887417218544,0.7516556291390728,0.056291390728476824,2011-07-12T02:04:46Z,ls7,qd9vgup7y98y,0.0910025319682722,0.07574582978452198,0.025304618379656193
0.0425177304964539,0.08187943262411347,0.31219512195121957,0.18368794326241136,0.5815602836879432,0.10638297872340426,2011-07-28T02:04:43Z,ls7,qd9vgup7y98y,0.18605592779802257,0.08293496858796025,0.04306584120266971
0.011292682926829268,0.03448780487804878,0.0,0.09865853658536584,0.7439024390243902,0.10975609756097561,2011-08-05T02:00:09Z,ls5,qd9vgup7y98y,0.09995799046136358,0.034942051548175056,0.011441421405095511
0.01156794425087108,0.047770034843205585,0.30000000000000004,0.13982578397212542,0.6376306620209059,0.1602787456445993,2011-08-13T02:04:39Z,ls7,qd9vgup7y98y,0.1418806065497424,0.048472043752727866,0.01173794203202454
0.019517241379310345,0.04096551724137931,0.29268292682926833,0.10613793103448275,0.7103448275862069,0.1206896551724138,2011-08-29T02:04:37Z,ls7,qd9vgup7y98y,0.10763159397122629,0.041542018725736464,0.019791904544416532
0.008317073170731708,0.019707317073170732,0.0,0.05614634146341464,0.7951219512195122,0.11951219512195121,2011-09-06T01:59:52Z,ls5,qd9vgup7y98y,0.056943551179933674,0.019987136991045356,0.008435165487557508
0.015091575091575092,0.04542124542124542,0.3341463414634146,0.10194139194139196,0.7362637362637363,0.0989010989010989,2011-09-14T02:04:31Z,ls7,qd9vgup7y98y,0.10343545969250588,0.04608694574872701,0.01531275939393188
,,1.0,,,,2011-09-30T02:04:29Z,ls7,qd9vgup7y98y,,,
,,1.0,,,,2011-10-08T01:59:19Z,ls5,qd9vgup7y98y,,,
,,1.0,,,,2011-10-16T02:04:31Z,ls7,qd9vgup7y98y,,,
0.06663120567375888,0.14780141843971628,0.31219512195121957,0.07936170212765957,0.6560283687943262,0.04609929078014184,2011-11-01T02:04:36Z,ls7,qd9vgup7y98y,0.08046328278483286,0.14985297705414805,0.06755608058655094
,,1.0,,,,2011-11-17T02:04:50Z,ls7,qd9vgup7y98y,,,
0.1991851851851852,0.22575308641975306,0.012195121951219523,0.09227160493827162,0.4419753086419753,0.0345679012345679,2011-12-03T02:04:59Z,ls7,qd9vgup7y98y,0.0933860707829932,0.22847975519638924,0.2015909641440744
0.2382685512367491,0.2107067137809187,0.30975609756097566,0.10636042402826856,0.40636042402826855,0.03180212014134275,2011-12-19T02:05:06Z,ls7,qd9vgup7y98y,0.10760567205710551,0.2131736287297409,0.2410581550435423
0.49804487179487184,0.4260897435897436,0.23902439024390243,0.06243589743589744,0.0,0.0,2012-01-04T02:05:15Z,ls7,qd9vgup7y98y,0.06328579318410708,0.43188980215067735,0.5048244046652156
0.39261538461538464,0.49984615384615383,0.524390243902439,0.09497435897435898,0.0,0.0,2012-01-20T02:05:15Z,ls7,qd9vgup7y98y,0.09618280965982862,0.5062061802129317,0.3976110101272397
0.5453763440860215,0.366415770609319,0.31951219512195117,0.07405017921146953,0.0,0.0,2012-02-05T02:05:19Z,ls7,qd9vgup7y98y,0.07511361570623522,0.3716778767496819,0.5532085075440829
0.6685113268608414,0.28317152103559873,0.24634146341463414,0.03611650485436893,0.0,0.0,2012-02-21T02:05:23Z,ls7,qd9vgup7y98y,0.0365625921436294,0.286669069226485,0.6767683386298856
0.600035335689046,0.3369257950530035,0.30975609756097566,0.050848056537102476,0.0,0.0,2012-03-08T02:05:19Z,ls7,qd9vgup7y98y,0.05147558576283312,0.341083884814881,0.6074405294222859
0.6517562724014337,0.28534050179211473,0.31951219512195117,0.051756272401433705,0.0,0.0,2012-03-24T02:05:22Z,ls7,qd9vgup7y98y,0.05233970060531372,0.28855703360034796,0.6591032657943383
0.6668463611859837,0.2744204851752022,0.09512195121951217,0.046091644204851755,0.0,0.0,2012-04-09T02:05:17Z,ls7,qd9vgup7y98y,0.04668177226938932,0.2779339903360542,0.6753842373945564
0.4348692810457516,0.45290849673202616,0.25365853658536586,0.10039215686274511,0.0,0.0,2012-04-25T02:05:32Z,ls7,qd9vgup7y98y,0.10159402076856935,0.45833057741914146,0.44007540181228916
0.6402439024390244,0.28914634146341467,0.19999999999999996,0.058170731707317076,0.0,0.0,2012-05-11T02:05:55Z,ls7,qd9vgup7y98y,0.05890343294640652,0.29278834280069155,0.648308224252902
0.7,0.25447643979057594,0.06829268292682922,0.03468586387434555,0.0,0.0,2012-05-27T02:05:47Z,ls7,qd9vgup7y98y,0.035065897422325736,0.2572645953527762,0.7076695072248981
,,1.0,,,,2012-06-12T02:05:37Z,ls7,qd9vgup7y98y,,,
0.3614046822742475,0.4278595317725752,0.2707317073170732,0.19765886287625417,0.0,0.0,2012-06-28T02:05:45Z,ls7,qd9vgup7y98y,0.2002778813243417,0.43352875393947604,0.3661933647361822
0.3203598971722365,0.45910025706940877,0.051219512195122,0.2077634961439589,0.0,0.0,2012-07-14T02:06:00Z,ls7,qd9vgup7y98y,0.2104523084134052,0.4650417936098742,0.3245058979767205
0.5855362318840579,0.14286956521739133,0.1585365853658537,0.2599130434782609,0.0,0.0,2012-07-30T02:06:10Z,ls7,qd9vgup7y98y,0.26298501334428254,0.14455817227322054,0.592456814382497
0.08620817843866171,0.1384014869888476,0.3439024390243902,0.37,0.3382899628252788,0.05947955390334572,2012-08-15T02:06:22Z,ls7,qd9vgup7y98y,0.374742106908409,0.14017531036069594,0.0873130660022707
0.17554597701149427,0.11017241379310345,0.15121951219512197,0.34126436781609193,0.3390804597701149,0.02586206896551724,2012-08-31T02:06:32Z,ls7,qd9vgup7y98y,0.34565940367274545,0.11159128946457612,0.17780677812704632
0.23492021276595748,0.17550531914893616,0.08292682926829265,0.25409574468085105,0.2845744680851064,0.0425531914893617,2012-09-16T02:06:41Z,ls7,qd9vgup7y98y,0.25728897544326956,0.17771090108333007,0.23787246389893243
0.11596491228070174,0.29929824561403506,0.30487804878048785,0.26073684210526316,0.22105263157894736,0.09473684210526316,2012-10-02T02:06:51Z,ls7,qd9vgup7y98y,0.2639036863413595,0.30293344697776836,0.1173733929966617
0.4974493927125506,0.2665182186234818,0.3975609756097561,0.2221862348178138,0.0,0.0,2012-10-18T02:07:00Z,ls7,qd9vgup7y98y,0.22530585433943676,0.27026028409557434,0.5044338615649889
0.4546505376344086,0.42099462365591395,0.09268292682926826,0.11201612903225806,0.0,0.0,2012-11-19T02:07:13Z,ls7,qd9vgup7y98y,0.11341553033395935,0.4262540486105441,0.46033042105549665
0.542123287671233,0.36414383561643837,0.2878048780487805,0.08113013698630137,0.0,0.0,2012-12-21T02:07:22Z,ls7,qd9vgup7y98y,0.08216564927857935,0.3687916204217536,0.5490427302996671
0.5760533333333333,0.35381333333333337,0.08536585365853655,0.05690666666666667,0.0,0.0,2013-01-22T02:07:25Z,ls7,qd9vgup7y98y,0.05766944114149822,0.35855583180196743,0.5837747270565344
0.7122368421052631,0.22756578947368422,0.25853658536585367,0.047565789473684214,0.0,0.0,2013-02-07T02:07:27Z,ls7,qd9vgup7y98y,0.048174307036247345,0.23047707889125804,0.7213486140724946
0.6696739130434782,0.2680434782608696,0.10243902439024388,0.04855978260869565,0.0,0.0,2013-02-23T02:07:24Z,ls7,qd9vgup7y98y,0.0492354318776691,0.27177297148367546,0.6789915966386554
,,1.0,,,,2013-03-11T02:07:23Z,ls7,qd9vgup7y98y,,,
0.35148936170212763,0.5558510638297872,0.7707317073170732,0.07851063829787235,0.0,0.0,2013-03-27T02:07:16Z,ls7,qd9vgup7y98y,0.07963742311427648,0.5638286392575806,0.3565339376281429
0.6516829268292683,0.26609756097560977,0.0,0.06529268292682926,0.0,0.0,2013-04-06T02:17:40Z,ls8,qd9vgup7y98y,0.06641691063365254,0.2706793033295291,0.6629037860368183
0.3094059405940594,0.5908415841584159,0.5073170731707317,0.0851980198019802,0.0,0.0,2013-04-20T02:13:02Z,ls8,qd9vgup7y98y,0.0864563448206571,0.5995679694564454,0.31397568572289763
0.6214105793450881,0.3281360201511335,0.03170731707317076,0.03982367758186398,0.0,0.0,2013-04-28T02:07:09Z,ls7,qd9vgup7y98y,0.04025154030245939,0.3316614898925607,0.6280869698049798
,,1.0,,,,2013-05-06T02:13:04Z,ls8,qd9vgup7y98y,,,
,,1.0,,,,2013-05-14T02:07:07Z,ls7,qd9vgup7y98y,,,
0.14104878048780486,0.206,0.0,0.21248780487804875,0.40487804878048783,0.026829268292682926,2013-05-22T02:13:16Z,ls8,qd9vgup7y98y,0.21581299218249142,0.20922366069482584,0.14325603004951196
0.241,0.10221951219512196,0.0,0.2454390243902439,0.3829268292682927,0.01951219512195122,2013-06-07T02:13:16Z,ls8,qd9vgup7y98y,0.24915086378955772,0.10376540496293714,0.24464470685726122
0.04286956521739131,0.07373913043478261,0.4390243902439024,0.23969565217391306,0.6173913043478261,0.021739130434782608,2013-06-15T02:06:54Z,ls7,qd9vgup7y98y,0.24276679841897236,0.07468392710295249,0.043418839695466484
,,1.0,,,,2013-06-23T02:13:09Z,ls8,qd9vgup7y98y,,,
0.2324069478908189,0.1208436724565757,0.017073170731707332,0.2689826302729529,0.34491315136476425,0.02481389578163772,2013-07-01T02:06:46Z,ls7,qd9vgup7y98y,0.27245807979474407,0.12240505983398559,0.2354098132248684
,,1.0,,,,2013-07-09T02:13:14Z,ls8,qd9vgup7y98y,,,
0.065625,0.40375,0.9609756097560975,0.3325,0.125,0.0625,2013-07-17T02:06:37Z,ls7,qd9vgup7y98y,0.3369056897895557,0.4090997661730319,0.06649454403741231
0.10265853658536586,0.1871707317073171,0.0,0.2618048780487805,0.3926829268292683,0.046341463414634146,2013-07-25T02:13:13Z,ls8,qd9vgup7y98y,0.26623832493796484,0.1903403116800766,0.10439697313805608
0.12000000000000001,0.19394052044609664,0.3439024390243902,0.32739776951672867,0.31970260223048325,0.02973977695167286,2013-08-02T02:06:29Z,ls7,qd9vgup7y98y,0.3321041598969831,0.19672844353157268,0.12172501738928823
,,1.0,,,,2013-08-10T02:13:15Z,ls8,qd9vgup7y98y,,,
0.2763141025641026,0.14051282051282052,0.23902439024390243,0.2922435897435897,0.07051282051282051,0.21474358974358973,2013-08-18T02:06:33Z,ls7,qd9vgup7y98y,0.29458174982064145,0.14163702469990044,0.27852481522304784
0.034170731707317076,0.06890243902439025,0.0,0.1938048780487805,0.6439024390243903,0.05365853658536585,2013-08-26T02:13:17Z,ls8,qd9vgup7y98y,0.1974351370197895,0.07019308609122897,0.03481080127922541
0.010287769784172663,0.027913669064748202,0.3219512195121951,0.02935251798561151,0.8453237410071942,0.08633093525179857,2013-09-11T02:13:15Z,ls8,qd9vgup7y98y,0.029696370698967998,0.028240666252940156,0.010408286789099079
0.0034000000000000002,0.014499999999999999,0.2682926829268293,0.0248,0.7966666666666666,0.16,2013-09-19T02:06:55Z,ls7,qd9vgup7y98y,0.025167837626854036,0.014715066354410626,0.003450429352068699
0.01794805194805195,0.023090909090909092,0.060975609756097615,0.04067532467532468,0.7792207792207793,0.13766233766233765,2013-09-27T02:13:06Z,ls8,qd9vgup7y98y,0.0413735025305273,0.023487256545107773,0.018256124041248
0.048660714285714286,0.046071428571428576,0.7268292682926829,0.07312500000000001,0.5892857142857143,0.24107142857142858,2013-10-05T02:07:07Z,ls7,qd9vgup7y98y,0.07390292553191488,0.04656155015197568,0.04917838145896656
0.02765853658536585,0.06634146341463414,0.0,0.0596829268292683,0.7975609756097561,0.046341463414634146,2013-10-13T02:13:07Z,ls8,qd9vgup7y98y,0.060620652548375974,0.06738380667412448,0.028093101753109254
0.01753846153846154,0.04092307692307692,0.20731707317073167,0.02652307692307692,0.88,0.033846153846153845,2013-10-21T02:07:17Z,ls7,qd9vgup7y98y,0.026887985294936773,0.04148610260123655,0.017779758257672813
0.06853658536585366,0.11731707317073173,0.0,0.06897560975609757,0.7048780487804878,0.036585365853658534,2013-10-29T02:12:57Z,ls8,qd9vgup7y98y,0.06997908340492288,0.11902382997796292,0.06953367198296793
0.10205882352941176,0.16747058823529412,0.1707317073170732,0.07005882352941176,0.6235294117647059,0.03235294117647059,2013-11-06T02:07:22Z,ls7,qd9vgup7y98y,0.07099326479249243,0.16970430299263306,0.10342007927369803
0.11958536585365856,0.14117073170731703,0.0,0.06602439024390243,0.6365853658536585,0.03170731707317073,2013-11-14T02:12:57Z,ls8,qd9vgup7y98y,0.06701983186423892,0.14329914548585698,0.12138833972307482
,,1.0,,,,2013-11-22T02:07:27Z,ls7,qd9vgup7y98y,,,
0.046448598130841116,0.10934579439252336,0.47804878048780486,0.029112149532710282,0.7757009345794392,0.037383177570093455,2013-11-30T02:12:52Z,ls8,qd9vgup7y98y,0.029428505971908298,0.11053403527169409,0.04695334660686492
0.1882142857142857,0.25241071428571427,0.7268292682926829,0.07107142857142858,0.4017857142857143,0.08035714285714286,2013-12-08T02:07:35Z,ls7,qd9vgup7y98y,0.07192711319390782,0.2554496846723334,0.19048034499090158
,,1.0,,,,2013-12-16T02:12:46Z,ls8,qd9vgup7y98y,,,
0.35784653465346533,0.2767574257425743,0.014634146341463428,0.06935643564356436,0.2599009900990099,0.027227722772277228,2013-12-24T02:07:37Z,ls7,qd9vgup7y98y,0.07023436520867278,0.28026068429627776,0.36237623762376237
0.5852044609665428,0.32784386617100375,0.3439024390243902,0.07449814126394051,0.0,0.0,2014-01-09T02:07:40Z,ls7,qd9vgup7y98y,0.07543760587238847,0.3319781667607755,0.5925842273668361
0.6935121951219513,0.20892682926829267,0.0,0.07912195121951221,0.0,0.0,2014-01-17T02:12:23Z,ls8,qd9vgup7y98y,0.08060828943444986,0.21285160520822977,0.7065401053573204
0.5370873786407766,0.40019417475728153,0.24634146341463414,0.04974110032362459,0.0,0.0,2014-01-25T02:08:00Z,ls7,qd9vgup7y98y,0.05039509492114495,0.40545591658742913,0.5441489884914259
0.6401951219512195,0.25926829268292684,0.0,0.08295121951219514,0.0,0.0,2014-02-02T02:12:17Z,ls8,qd9vgup7y98y,0.08443605849201818,0.2639092330991335,0.6516547084088482
0.6954691689008042,0.24750670241286862,0.09024390243902436,0.0435656836461126,0.0,0.0,2014-02-10T02:08:05Z,ls7,qd9vgup7y98y,0.04416000869612479,0.2508832001739225,0.7049567911299527
0.46942771084337354,0.4371385542168675,0.19024390243902434,0.07786144578313253,0.0,0.0,2014-02-18T02:12:04Z,ls8,qd9vgup7y98y,0.07909310650797051,0.44405348346235046,0.47685341002967907
0.6330357142857143,0.2962142857142857,0.31707317073170727,0.05753571428571428,0.0,0.0,2014-02-26T02:07:57Z,ls7,qd9vgup7y98y,0.05830618892508143,0.3001809627216793,0.6415128483532392
0.7262439024390244,0.18185365853658536,0.0,0.07334146341463416,0.0,0.0,2014-03-06T02:11:48Z,ls8,qd9vgup7y98y,0.0747284972290564,0.1852928750714481,0.7399786276994955
,,1.0,,,,2014-03-14T02:08:05Z,ls7,qd9vgup7y98y,,,
0.6689999999999999,0.2218048780487805,0.0,0.09209756097560977,0.0,0.0,2014-03-22T02:11:38Z,ls8,qd9vgup7y98y,0.09369959552346215,0.2256631678205415,0.6806372366559964
0.6504390243902438,0.251609756097561,0.0,0.07958536585365854,0.0,0.0,2014-04-07T02:11:23Z,ls8,qd9vgup7y98y,0.08107436579123911,0.25631724103659903,0.6626083931721619
0.7268284789644012,0.23514563106796116,0.24634146341463414,0.026504854368932042,0.0,0.0,2014-04-15T02:08:18Z,ls7,qd9vgup7y98y,0.026813776846516507,0.2378863279203772,0.7352998952331063
,,1.0,,,,2014-04-23T02:11:07Z,ls8,qd9vgup7y98y,,,
0.6382894736842105,0.25703947368421054,0.25853658536585367,0.09256578947368424,0.0,0.0,2014-05-01T02:08:27Z,ls7,qd9vgup7y98y,0.09370005327650509,0.2601891315929675,0.6461108151305274
0.05464516129032258,0.3476129032258064,0.6219512195121951,0.12161290322580647,0.16774193548387098,0.3032258064516129,2014-05-09T02:10:51Z,ls8,qd9vgup7y98y,0.12281105990783414,0.35103766089305577,0.05518353726362626
0.21362369337979092,0.2187108013937282,0.30000000000000004,0.24567944250871082,0.2787456445993031,0.03484320557491289,2014-05-17T02:08:34Z,ls7,qd9vgup7y98y,0.24872218600244636,0.22141953787226712,0.21626942595107052
0.20243902439024392,0.20926829268292682,0.0,0.3441219512195122,0.1975609756097561,0.036585365853658534,2014-05-25T02:10:45Z,ls8,qd9vgup7y98y,0.3486859617377999,0.21204377005530678,0.2051239267434786
0.26217252396166135,0.22530351437699683,0.23658536585365852,0.2138658146964856,0.25559105431309903,0.03514376996805112,2014-06-02T02:08:38Z,ls7,qd9vgup7y98y,0.2162819372386106,0.22784885291405474,0.26513438556618446
,,1.0,,,,2014-06-10T02:10:55Z,ls8,qd9vgup7y98y,,,
0.02770034843205575,0.1159581881533101,0.30000000000000004,0.20993031358885017,0.5888501742160279,0.05226480836236934,2014-06-18T02:08:38Z,ls7,qd9vgup7y98y,0.2130747171822188,0.1176950471008173,0.028115253138566627
,,1.0,,,,2014-06-26T02:10:57Z,ls8,qd9vgup7y98y,,,
,,1.0,,,,2014-07-04T02:08:45Z,ls7,qd9vgup7y98y,,,
0.18082926829268292,0.07756097560975611,0.0,0.299,0.40487804878048783,0.02926829268292683,2014-07-12T02:11:06Z,ls8,qd9vgup7y98y,0.30354001662801383,0.07873866162632223,0.1835749802822493
,,1.0,,,,2014-07-20T02:08:47Z,ls7,qd9vgup7y98y,,,
0.018365853658536584,0.053829268292682926,0.0,0.17880487804878048,0.6536585365853659,0.09024390243902439,2014-07-28T02:11:09Z,ls8,qd9vgup7y98y,0.18243622772443835,0.054922487326126784,0.018738845925044614
0.033061889250814325,0.04905537459283388,0.25121951219512195,0.11055374592833875,0.755700325732899,0.048859934853420196,2014-08-05T02:08:53Z,ls7,qd9vgup7y98y,0.11214243035841633,0.04976031235114172,0.03353699670412274
0.06574123989218329,0.06646900269541779,0.09512195121951217,0.22741239892183285,0.5849056603773585,0.04851752021563342,2014-08-13T02:11:18Z,ls8,qd9vgup7y98y,0.23180997041949686,0.06775434242674877,0.06701250656076248
0.013,0.09785185185185186,0.3414634146341463,0.2615555555555556,0.48148148148148145,0.14074074074074075,2014-08-21T02:08:52Z,ls7,qd9vgup7y98y,0.2653273661528262,0.09926294270401681,0.01318746892093486
0.08167597765363128,0.07215083798882682,0.12682926829268293,0.2575977653631285,0.5418994413407822,0.03910614525139665,2014-08-29T02:11:19Z,ls8,qd9vgup7y98y,0.26233732639330076,0.07347834678745348,0.08317874022706695
0.1000487804878049,0.09792682926829267,0.0,0.20958536585365856,0.5536585365853659,0.03170731707317073,2014-09-14T02:11:23Z,ls8,qd9vgup7y98y,0.21322269416590034,0.09962633737647966,0.10178511479908335
0.08373626373626374,0.15065934065934067,0.5560975609756098,0.15747252747252746,0.5604395604395604,0.04395604395604396,2014-09-22T02:08:58Z,ls7,qd9vgup7y98y,0.15897394809340964,0.15209580100213865,0.08453464650884729
0.12253658536585364,0.11048780487804877,0.0,0.19897560975609754,0.5317073170731708,0.02926829268292683,2014-09-30T02:11:23Z,ls8,qd9vgup7y98y,0.20221098552448938,0.11228435455086258,0.12452905016855045
0.14023121387283236,0.11523121387283239,0.15609756097560978,0.13534682080924856,0.5780346820809249,0.02601156069364162,2014-10-08T02:09:11Z,ls7,qd9vgup7y98y,0.1371284902445426,0.11674808682575089,0.14207718015513998
,,1.0,,,,2014-10-16T02:11:28Z,ls8,qd9vgup7y98y,,,
0.12372881355932204,0.1800677966101695,0.2804878048780488,0.10532203389830509,0.559322033898305,0.02711864406779661,2014-10-24T02:09:20Z,ls7,qd9vgup7y98y,0.10646522607998361,0.18202229833822753,0.1250717976156872
0.2483658536585366,0.21802439024390247,0.0,0.14453658536585365,0.35853658536585364,0.02195121951219512,2014-11-01T02:11:25Z,ls8,qd9vgup7y98y,0.14656776063129523,0.22108829096914415,0.25185614352151187
0.37593103448275866,0.4513793103448276,0.29268292682926833,0.15341379310344827,0.0,0.006896551724137931,2014-11-09T02:09:29Z,ls7,qd9vgup7y98y,0.15535027746490315,0.45707690088010383,0.38067626993085507
0.4794634146341464,0.38078048780487805,0.0,0.12429268292682928,0.0,0.0,2014-11-17T02:11:26Z,ls8,qd9vgup7y98y,0.12624485953525247,0.3867611356091761,0.48699400485557154
0.5062037037037037,0.3734876543209877,0.20975609756097557,0.10746913580246915,0.0,0.0,2014-11-25T02:09:32Z,ls7,qd9vgup7y98y,0.10886693346673339,0.3783454227113557,0.5127876438219109
,,1.0,,,,2014-12-03T02:11:25Z,ls8,qd9vgup7y98y,,,
0.5187188612099644,0.3579003558718861,0.31463414634146336,0.11010676156583632,0.0,0.0,2014-12-11T02:09:39Z,ls7,qd9vgup7y98y,0.11158798283261806,0.3627150430987846,0.5256969740685974
0.5417073170731708,0.34636585365853656,0.0,0.09560975609756096,0.0,0.0,2014-12-19T02:11:22Z,ls8,qd9vgup7y98y,0.09719570553668393,0.35211127916491036,0.5506930152984058
0.6826774193548387,0.26603225806451614,0.24390243902439024,0.03864516129032258,0.0,0.0,2014-12-27T02:09:46Z,ls7,qd9vgup7y98y,0.03914009409304757,0.2694393622582331,0.6914205436487193
0.5779024390243902,0.318,0.0,0.08709756097560976,0.0,0.0,2015-01-04T02:11:17Z,ls8,qd9vgup7y98y,0.0886038260179143,0.32349949135300105,0.5878966826290847
0.6,0.3320774647887324,0.30731707317073176,0.055316901408450705,0.0,0.0,2015-01-12T02:09:49Z,ls7,qd9vgup7y98y,0.05602310819485058,0.336316953141716,0.6076599386634334
0.6229024390243902,0.28031707317073173,0.0,0.07926829268292683,0.0,0.0,2015-01-20T02:11:13Z,ls8,qd9vgup7y98y,0.08068119755722158,0.2853135395461993,0.6340052628965791
0.5448888888888889,0.36874074074074076,0.3414634146341463,0.07296296296296297,0.0,0.0,2015-01-28T02:09:53Z,ls7,qd9vgup7y98y,0.07395450108867033,0.37375178316690444,0.5522937157444252
0.5432439024390244,0.34224390243902436,0.0,0.09763414634146342,0.0,0.0,2015-02-05T02:11:10Z,ls8,qd9vgup7y98y,0.09931031060831597,0.3481194800039694,0.5525702093877146
0.6398780487804878,0.2613170731707317,0.0,0.08163414634146343,0.0,0.0,2015-02-21T02:11:03Z,ls8,qd9vgup7y98y,0.08306035338495138,0.2658824697240421,0.6510571768910066
0.6688292682926829,0.22565853658536583,0.0,0.08858536585365856,0.0,0.0,2015-03-09T02:10:54Z,ls8,qd9vgup7y98y,0.09011065350071952,0.2295439884880663,0.6803453580112141
0.5175945017182131,0.4341237113402062,0.2902439024390244,0.03491408934707904,0.0,0.0,2015-03-17T02:10:13Z,ls7,qd9vgup7y98y,0.0353871338511372,0.44000557277698443,0.5246072933718784
0.6756829268292682,0.22914634146341467,0.0,0.07795121951219514,0.0,0.0,2015-03-25T02:10:46Z,ls8,qd9vgup7y98y,0.07931701990370776,0.23316126470442253,0.6875217153918697
0.6562702702702703,0.2652432432432432,0.09756097560975607,0.06572972972972974,0.0,0.0,2015-04-02T02:10:19Z,ls7,qd9vgup7y98y,0.0665790626368813,0.268670608848007,0.6647503285151117
0.3266666666666667,0.4672222222222222,0.9560975609756097,0.19444444444444448,0.0,0.0,2015-04-10T02:10:36Z,ls8,qd9vgup7y98y,0.19673974142776846,0.47273749297358064,0.330522765598651
0.5694594594594594,0.32669669669669665,0.18780487804878043,0.0921921921921922,0.0,0.0,2015-04-18T02:10:28Z,ls7,qd9vgup7y98y,0.09327904715605252,0.33054812834224595,0.5761728245017015
0.6744634146341463,0.1783414634146341,0.0,0.13270731707317077,0.0,0.0,2015-04-26T02:10:33Z,ls8,qd9vgup7y98y,0.13465821907637485,0.1809632232836707,0.6843785576399544
0.4856675062972292,0.3700251889168766,0.03170731707317076,0.13110831234256926,0.0,0.0,2015-05-04T02:10:34Z,ls7,qd9vgup7y98y,0.13286195629977537,0.3749744741678579,0.4921635695323668
0.6514146341463414,0.21924390243902436,0.0,0.11212195121951221,0.0,0.0,2015-05-12T02:10:17Z,ls8,qd9vgup7y98y,0.11408646448602773,0.22308532287685512,0.6628282126371172
0.36108262108262107,0.30225071225071226,0.14390243902439026,0.18367521367521367,0.1396011396011396,0.002849002849002849,2015-05-20T02:10:42Z,ls7,qd9vgup7y98y,0.18596111441721935,0.30601232555487523,0.365576417577763
0.5349024390243903,0.3180243902439025,0.0,0.1321707317073171,0.0,0.0,2015-05-28T02:10:19Z,ls8,qd9vgup7y98y,0.1341701948550348,0.3228354254871376,0.5429943796578276
0.5518396226415094,0.3152358490566038,0.48292682926829267,0.12014150943396226,0.0,0.0,2015-06-05T02:10:48Z,ls7,qd9vgup7y98y,0.12169716661092264,0.31931769315304126,0.5589851402360362
0.6633658536585365,0.20102439024390245,0.0,0.12007317073170733,0.0,0.0,2015-06-13T02:10:31Z,ls8,qd9vgup7y98y,0.12196813913732876,0.2041969130143944,0.6738349478482769
0.20392682926829267,0.14414634146341465,0.0,0.13978048780487806,0.47317073170731705,0.03170731707317073,2015-06-29T02:10:37Z,ls8,qd9vgup7y98y,0.14186300882106911,0.1462939071946464,0.2069650352037967
0.12658450704225352,0.13095070422535213,0.30731707317073176,0.1316549295774648,0.5669014084507042,0.03873239436619718,2015-07-07T02:10:56Z,ls7,qd9vgup7y98y,0.13340588177577178,0.13269229053867218,0.1282680248686546
0.26534146341463416,0.07119512195121952,0.0,0.1758780487804878,0.4560975609756098,0.024390243902439025,2015-07-15T02:10:47Z,ls8,qd9vgup7y98y,0.1783141719750769,0.07218126029611005,0.2690167628507643
0.0006738544474393531,0.001320754716981132,0.09512195121951217,0.00601078167115903,0.921832884097035,0.07008086253369272,2015-08-08T02:11:03Z,ls7,qd9vgup7y98y,0.006071496637534396,0.00133409567371832,0.0006806610580195511
,,1.0,,,,2015-08-16T02:10:57Z,ls8,qd9vgup7y98y,,,
0.0011524163568773233,0.003828996282527881,0.3439024390243902,0.01338289962825279,0.9033457249070632,0.07806691449814127,2015-08-24T02:11:05Z,ls7,qd9vgup7y98y,0.013545444967867179,0.003875502310250887,0.0011664133166774512
0.384,0.0,0.9878048780487805,0.21200000000000002,0.0,0.4,2015-09-01T02:11:03Z,ls8,qd9vgup7y98y,0.2134228187919463,0.0,0.3865771812080537
0.00144702842377261,0.006046511627906977,0.056097560975609806,0.015426356589147289,0.8888888888888888,0.08785529715762273,2015-09-09T02:11:08Z,ls7,qd9vgup7y98y,0.015652447497443735,0.006135130174877442,0.0014682362811672513
0.0051463414634146335,0.005048780487804879,0.0,0.021,0.8829268292682927,0.08536585365853659,2015-09-17T02:11:11Z,ls8,qd9vgup7y98y,0.021344800625488655,0.005131676805431071,0.005230839642250994
0.02173770491803279,0.030360655737704922,0.25609756097560976,0.054688524590163934,0.7737704918032787,0.1180327868852459,2015-09-25T02:11:12Z,ls7,qd9vgup7y98y,0.05541054072690847,0.030761487238079886,0.022024693346487004
,,1.0,,,,2015-10-03T02:11:15Z,ls8,qd9vgup7y98y,,,
,,1.0,,,,2015-10-11T02:11:21Z,ls7,qd9vgup7y98y,,,
0.07358536585365855,0.1066829268292683,0.0,0.06478048780487805,0.7170731707317073,0.03414634146341464,2015-10-19T02:11:17Z,ls8,qd9vgup7y98y,0.06576699269530767,0.10830753992819117,0.07470595518137924
,,1.0,,,,2015-10-27T02:11:38Z,ls7,qd9vgup7y98y,,,
0.11148780487804877,0.12753658536585363,0.0,0.0615609756097561,0.6707317073170732,0.024390243902439025,2015-11-04T02:11:21Z,ls8,qd9vgup7y98y,0.062440132677860374,0.12935794523475905,0.11307997086786835
0.27303225806451614,0.35974193548387096,0.6219512195121951,0.12006451612903225,0.2,0.03870967741935484,2015-11-12T02:11:54Z,ls7,qd9vgup7y98y,0.1214123995477402,0.36378051578624365,0.27609740724666126
0.2042439024390244,0.14353658536585365,0.0,0.08475609756097562,0.5317073170731708,0.02926829268292683,2015-11-20T02:11:23Z,ls8,qd9vgup7y98y,0.0860273912313951,0.14568955320770077,0.20730744580480653
0.19003246753246752,0.1353896103896104,0.24878048780487805,0.07256493506493507,0.564935064935065,0.032467532467532464,2015-11-28T02:12:07Z,ls7,qd9vgup7y98y,0.07340554697382891,0.13695800039412373,0.1922338552294499
0.039999999999999994,0.041940298507462684,0.8365853658536585,0.02134328358208955,0.7910447761194029,0.1044776119402985,2015-12-06T02:11:22Z,ls8,qd9vgup7y98y,0.021590026744888288,0.04242515744974552,0.040462427745664754
0.3946366782006921,0.32072664359861597,0.29512195121951224,0.09062283737024224,0.16608996539792387,0.01730103806228374,2015-12-14T02:12:24Z,ls7,qd9vgup7y98y,0.09181723959720586,0.32495379680278774,0.3998379601397987
0.3803170731707317,0.46370731707317075,0.0,0.12107317073170731,0.007317073170731708,0.014634146341463415,2015-12-22T02:11:23Z,ls8,qd9vgup7y98y,0.12269792378734522,0.4699300819993972,0.38542077470106245
0.6522222222222221,0.267037037037037,0.9341463414634146,0.06962962962962962,0.0,0.0,2015-12-30T02:12:36Z,ls7,qd9vgup7y98y,0.07041198501872659,0.2700374531835206,0.6595505617977527
0.5515365853658536,0.34214634146341466,0.0,0.08997560975609756,0.0,0.0,2016-01-07T02:11:18Z,ls8,qd9vgup7y98y,0.09147036945202082,0.347830399206546,0.5606992313414331
0.6353770491803279,0.30629508196721306,0.25609756097560976,0.04478688524590164,0.0,0.0,2016-01-15T02:12:52Z,ls7,qd9vgup7y98y,0.045401668494698705,0.3104995513012264,0.6440987802040748
0.6594878048780487,0.24802439024390244,0.0,0.0751219512195122,0.0,0.0,2016-01-23T02:11:19Z,ls8,qd9vgup7y98y,0.07644956314535346,0.2524076648133439,0.6711427720413026
0.6519268292682926,0.26009756097560977,0.0,0.07117073170731707,0.0,0.0,2016-02-08T02:11:15Z,ls8,qd9vgup7y98y,0.07238718960085337,0.2645431768003771,0.6630696335987696
0.6676430976430976,0.25976430976430975,0.275609756097561,0.058922558922558925,0.0,0.0,2016-02-16T02:13:07Z,ls7,qd9vgup7y98y,0.05973919573974193,0.26336451150406226,0.6768962927561958
0.6487317073170732,0.2713170731707317,0.0,0.06231707317073171,0.0,0.0,2016-02-24T02:11:08Z,ls8,qd9vgup7y98y,0.06343570772401122,0.2761874022394915,0.6603768900364972
,,1.0,,,,2016-03-03T02:13:13Z,ls7,qd9vgup7y98y,,,
0.6685609756097561,0.24868292682926832,0.0,0.06560975609756098,0.0,0.0,2016-03-11T02:11:06Z,ls8,qd9vgup7y98y,0.06675434895897957,0.2530213167233293,0.6802243343176911
0.3128440366972477,0.58,0.7341463414634146,0.09495412844036696,0.0,0.0,2016-03-19T02:13:21Z,ls7,qd9vgup7y98y,0.09612705488994149,0.5871644840717005,0.3167084610383579
0.48666666666666664,0.4033333333333333,0.9926829268292683,0.09666666666666668,0.0,0.0,2016-04-04T02:13:24Z,ls7,qd9vgup7y98y,0.097972972972973,0.4087837837837838,0.49324324324324326
0.6243564356435644,0.2635891089108911,0.014634146341463428,0.09900990099009901,0.0,0.0,2016-04-20T02:13:33Z,ls7,qd9vgup7y98y,0.10031851127329271,0.2670729566373235,0.6326085320893837
,,1.0,,,,2016-04-28T02:10:48Z,ls8,qd9vgup7y98y,,,
0.6742394822006472,0.2318770226537217,0.24634146341463414,0.08210355987055017,0.0,0.0,2016-05-06T02:13:38Z,ls7,qd9vgup7y98y,0.08308226355776789,0.2346410793817134,0.6822766570605188
,,1.0,,,,2016-05-14T02:10:47Z,ls8,qd9vgup7y98y,,,
0.18759197324414717,0.452809364548495,0.2707317073170732,0.1290635451505017,0.07357859531772576,0.14715719063545152,2016-05-22T02:13:40Z,ls7,qd9vgup7y98y,0.13070720224308643,0.4585760070404631,0.18998100476327331
0.31360975609756103,0.1814878048780488,0.0,0.18287804878048777,0.2975609756097561,0.014634146341463415,2016-05-30T02:10:54Z,ls8,qd9vgup7y98y,0.1855294087710816,0.1841190091578579,0.31815646011984094
,,1.0,,,,2016-06-15T02:10:56Z,ls8,qd9vgup7y98y,,,
0.08463414634146342,0.18658536585365854,0.5,0.23463414634146343,0.25853658536585367,0.22926829268292684,2016-06-23T02:13:48Z,ls7,qd9vgup7y98y,0.23757555801208932,0.18892443022790886,0.08569513371122141
0.07370731707317074,0.0927560975609756,0.0,0.1817560975609756,0.5780487804878048,0.06829268292682927,2016-07-01T02:11:05Z,ls8,qd9vgup7y98y,0.18459504200001028,0.0942049040158399,0.07485859056951573
,,1.0,,,,2016-07-09T02:13:48Z,ls7,qd9vgup7y98y,,,
,,1.0,,,,2016-07-17T02:11:12Z,ls8,qd9vgup7y98y,,,
0.004166666666666667,0.009065656565656565,0.034146341463414664,0.01664141414141414,0.9166666666666666,0.05303030303030303,2016-07-25T02:13:50Z,ls7,qd9vgup7y98y,0.016880555342093824,0.009195932272855362,0.004226542688081155
0.008365853658536584,0.007804878048780489,0.0,0.02478048780487805,0.8853658536585366,0.07317073170731707,2016-08-02T02:11:16Z,ls8,qd9vgup7y98y,0.02509042839088307,0.007902497130986794,0.008470489112276469
0.0005329153605015674,0.0007836990595611285,0.2219512195121951,0.001755485893416928,0.9498432601880877,0.047021943573667714,2016-08-10T02:13:52Z,ls7,qd9vgup7y98y,0.0017913121361397436,0.0007996929179195282,0.0005437911841852793
,,1.0,,,,2016-08-18T02:11:20Z,ls8,qd9vgup7y98y,,,
0.23978260869565216,0.03347826086956522,0.8878048780487805,0.11565217391304349,0.2608695652173913,0.34782608695652173,2016-08-26T02:13:54Z,ls7,qd9vgup7y98y,0.11636328286387829,0.03368410819743845,0.2412569567647702
0.0008536585365853659,0.0005609756097560976,0.0,0.0009756097560975611,0.9341463414634147,0.06341463414634146,2016-09-03T02:11:26Z,ls8,qd9vgup7y98y,0.0009955201592832038,0.0005724240915878422,0.0008710801393728032
0.16476190476190475,0.0038095238095238095,0.948780487804878,0.11619047619047619,0.09523809523809523,0.6190476190476191,2016-09-19T02:11:28Z,ls8,qd9vgup7y98y,0.11657907310081222,0.003822264691829909,0.16531294792164355
0.04173684210526316,0.018210526315789476,0.5365853658536586,0.05494736842105263,0.7315789473684211,0.15263157894736842,2016-09-27T02:13:59Z,ls7,qd9vgup7y98y,0.055375268220941694,0.018352339851001754,0.042061865612267026
0.006902439024390244,0.011560975609756097,0.0,0.02229268292682927,0.8829268292682927,0.07560975609756097,2016-10-05T02:11:31Z,ls8,qd9vgup7y98y,0.022679569704135105,0.011761614923151024,0.007022230006860211
0.02273927392739274,0.04702970297029704,0.26097560975609757,0.04749174917491748,0.7821782178217822,0.09900990099009901,2016-10-13T02:13:59Z,ls7,qd9vgup7y98y,0.04811998227686544,0.04765182400593,0.023040074905323345
0.046097560975609755,0.05314634146341464,0.0,0.04724390243902439,0.7902439024390244,0.06097560975609756,2016-10-21T02:11:35Z,ls8,qd9vgup7y98y,0.0479833174955126,0.05397813568545275,0.04681903462391265
0.12195918367346939,0.16551020408163264,0.4024390243902439,0.07183673469387754,0.46530612244897956,0.17142857142857143,2016-10-29T02:13:55Z,ls7,qd9vgup7y98y,0.07262830157622517,0.16733395618840516,0.12330304835781866
0.09590243902439025,0.11795121951219512,0.0,0.06460975609756098,0.6902439024390243,0.026829268292682926,2016-11-06T02:11:35Z,ls8,qd9vgup7y98y,0.06564536837450358,0.11984182765537911,0.09743963323840998
0.04551204819277108,0.07015060240963855,0.19024390243902434,0.029909638554216866,0.8132530120481928,0.0391566265060241,2016-11-14T02:13:47Z,ls7,qd9vgup7y98y,0.030324276622317948,0.07112310196714854,0.046142982856316635
0.1333658536585366,0.12495121951219511,0.0,0.07095121951219513,0.6414634146341464,0.024390243902439025,2016-11-22T02:11:35Z,ls8,qd9vgup7y98y,0.07200234869015357,0.12680234869015353,0.13534164408310748
0.08887788778877888,0.1176237623762376,0.26097560975609757,0.04412541254125413,0.7194719471947195,0.026402640264026403,2016-11-30T02:13:45Z,ls7,qd9vgup7y98y,0.04474133217904355,0.11926560051317218,0.09011847984903835
0.22931707317073166,0.14309756097560977,0.0,0.0893170731707317,0.5024390243902439,0.02926829268292683,2016-12-08T02:11:33Z,ls8,qd9vgup7y98y,0.09058622391199876,0.1451309054319216,0.23257555358290888
0.2755256064690027,0.21743935309973042,0.09512195121951217,0.0896765498652291,0.3881401617250674,0.0215633423180593,2016-12-16T02:13:40Z,ls7,qd9vgup7y98y,0.09085475768174119,0.22029616177295044,0.2791455765021817
0.3019268292682927,0.24987804878048786,0.0,0.10658536585365855,0.3048780487804878,0.026829268292682926,2016-12-24T02:11:28Z,ls8,qd9vgup7y98y,0.10818845018856944,0.25363630942377435,0.3064679233144853
0.5089230769230769,0.36338461538461536,0.20731707317073167,0.11492307692307693,0.0,0.0,2017-01-01T02:13:32Z,ls7,qd9vgup7y98y,0.11640953716690043,0.3680847748168926,0.515505688016207
0.6164146341463415,0.25997560975609757,0.0,0.1069268292682927,0.0,0.0,2017-01-09T02:11:25Z,ls8,qd9vgup7y98y,0.10874094652247249,0.26438634785196946,0.6268727056255581
0.6579861111111112,0.24173611111111112,0.29756097560975614,0.08628472222222222,0.0,0.0,2017-01-17T02:13:22Z,ls7,qd9vgup7y98y,0.0875092439342184,0.24516674296580626,0.6673240130999754
0.6474390243902439,0.23012195121951218,0.0,0.10543902439024391,0.0,0.0,2017-01-25T02:11:20Z,ls8,qd9vgup7y98y,0.10726248666352382,0.23410167977569907,0.6586358335607772
0.6359793814432989,0.2668041237113402,0.2902439024390244,0.08450171821305842,0.0,0.0,2017-02-02T02:13:14Z,ls7,qd9vgup7y98y,0.08558997563522451,0.2702401670727463,0.6441698572920292
,,1.0,,,,2017-02-10T02:11:12Z,ls8,qd9vgup7y98y,,,
0.5360459183673469,0.3411734693877551,0.04390243902439028,0.10984693877551022,0.0,0.0,2017-02-18T02:13:13Z,ls7,qd9vgup7y98y,0.11128627917194325,0.34564391492001134,0.5430698059080453
0.6005121951219512,0.23543902439024395,0.0,0.14829268292682926,0.0,0.0,2017-02-26T02:11:07Z,ls8,qd9vgup7y98y,0.1506666005848243,0.2392080091192943,0.6101253902958814
0.609589552238806,0.25548507462686565,0.3463414634146341,0.1224626865671642,0.0,0.0,2017-03-06T02:13:21Z,ls7,qd9vgup7y98y,0.12400816141464524,0.25870928738759164,0.6172825511977632
0.6182939632545932,0.2231233595800525,0.07073170731707312,0.14230971128608924,0.0,0.0,2017-03-14T02:10:58Z,ls8,qd9vgup7y98y,0.14466382070437567,0.22681430096051228,0.6285218783351121
0.45165975103734435,0.4428215767634855,0.41219512195121955,0.08970954356846475,0.0,0.0,2017-03-22T02:13:27Z,ls7,qd9vgup7y98y,0.0911505544078587,0.44993465154517476,0.4589147940469665
0.6911707317073172,0.1605365853658537,0.0,0.13270731707317077,0.0,0.0,2017-03-30T02:10:50Z,ls8,qd9vgup7y98y,0.1348083545997374,0.16307821907286738,0.7021134263273953
0.44815789473684214,0.3807894736842105,0.9073170731707317,0.16026315789473683,0.0,0.0,2017-04-07T02:13:31Z,ls7,qd9vgup7y98y,0.1620111731843575,0.3849428039372173,0.4530460228784251
0.649268292682927,0.20468292682926834,0.0,0.1288048780487805,0.0,0.0,2017-04-15T02:10:42Z,ls8,qd9vgup7y98y,0.1310649492467674,0.2082743900925719,0.6606606606606606
0.6215053763440861,0.26684587813620075,0.31951219512195117,0.09899641577060932,0.0,0.0,2017-04-23T02:13:38Z,ls7,qd9vgup7y98y,0.1002650016335717,0.2702653646495081,0.6294696337169202
0.6710975609756098,0.19741463414634144,0.0,0.11409756097560976,0.0,0.0,2017-05-01T02:10:31Z,ls8,qd9vgup7y98y,0.11611686151860401,0.2009084816442028,0.6829746568371932
0.5952439024390244,0.27058536585365855,0.0,0.11709756097560976,0.0,0.0,2017-05-17T02:10:42Z,ls8,qd9vgup7y98y,0.11913151364764268,0.2752853598014889,0.6055831265508684
0.6251418439716313,0.2542198581560284,0.31219512195121957,0.10780141843971631,0.0,0.0,2017-05-25T02:13:45Z,ls7,qd9vgup7y98y,0.10920324735972411,0.25752568431640205,0.6332710683238739
,,1.0,,,,2017-06-02T02:10:51Z,ls8,qd9vgup7y98y,,,
,,1.0,,,,2017-06-10T02:13:50Z,ls7,qd9vgup7y98y,,,
0.7279024390243902,0.16468292682926833,0.0,0.08973170731707318,0.0,0.0,2017-06-18T02:10:58Z,ls8,qd9vgup7y98y,0.09134698944754811,0.16764742396027313,0.7410055865921786
0.47448844884488445,0.42937293729372944,0.26097560975609757,0.07775577557755775,0.006600660066006601,0.0,2017-06-26T02:13:53Z,ls7,qd9vgup7y98y,0.07868906448187771,0.4345266251736966,0.48018365027841925
0.1376923076923077,0.7261538461538461,0.9682926829268292,0.12923076923076923,0.0,0.0,2017-07-04T02:11:02Z,ls8,qd9vgup7y98y,0.13013168086754454,0.7312161115414407,0.1386522075910147
,,1.0,,,,2017-07-12T02:13:54Z,ls7,qd9vgup7y98y,,,
0.0655609756097561,0.45821951219512197,0.0,0.2350975609756098,0.16097560975609757,0.07073170731707316,2017-07-20T02:11:06Z,ls8,qd9vgup7y98y,0.23801417917116763,0.4639041792809135,0.06637432447474825
,,1.0,,,,2017-08-05T02:11:14Z,ls8,qd9vgup7y98y,,,
0.0,0.0,0.9512195121951219,0.0,0.0,1.0,2017-08-13T02:13:50Z,ls7,qd9vgup7y98y,0.0,0.0,0.0
0.14090243902439026,0.09002439024390244,0.0,0.26309756097560977,0.4634146341463415,0.03414634146341464,2017-08-21T02:11:19Z,ls8,qd9vgup7y98y,0.2675788573733676,0.09155776050478352,0.14330240651209278
,,1.0,,,,2017-08-29T02:13:51Z,ls7,qd9vgup7y98y,,,
,,1.0,,,,2017-09-06T02:11:21Z,ls8,qd9vgup7y98y,,,
0.21907303370786518,0.0896629213483146,0.13170731707317074,0.22370786516853933,0.4410112359550562,0.019662921348314606,2017-09-14T02:13:49Z,ls7,qd9vgup7y98y,0.22659936751442655,0.09082184594500874,0.22190462923719398
0.20159322033898308,0.2903050847457627,0.2804878048780488,0.33806779661016945,0.12542372881355932,0.03389830508474576,2017-09-30T02:13:50Z,ls7,qd9vgup7y98y,0.3424310307111666,0.2940518747629029,0.2041950606276254
,,1.0,,,,2017-10-08T02:11:30Z,ls8,qd9vgup7y98y,,,
0.5473658536585366,0.21831707317073168,0.0,0.21821951219512195,0.0,0.0,2017-10-24T02:11:33Z,ls8,qd9vgup7y98y,0.22178978681209718,0.22188894397620226,0.5563212692117006
0.5892260061919505,0.2662848297213622,0.21219512195121948,0.13068111455108358,0.0,0.0,2017-11-01T02:13:52Z,ls7,qd9vgup7y98y,0.13251083066490862,0.27001318515728,0.5974759841778113
0.47736585365853657,0.33490243902439026,0.0,0.17121951219512196,0.0,0.0,2017-11-09T02:11:31Z,ls8,qd9vgup7y98y,0.17409418942043003,0.34052525853731125,0.4853805520422588
0.5318780487804878,0.32899999999999996,0.0,0.12375609756097561,0.0,0.0,2017-11-25T02:11:25Z,ls8,qd9vgup7y98y,0.12568739162744613,0.3341342581124597,0.5401783502600942
,,1.0,,,,2017-12-03T02:13:43Z,ls7,qd9vgup7y98y,,,
0.5219756097560976,0.3666585365853658,0.0,0.09590243902439025,0.0,0.0,2017-12-11T02:11:23Z,ls8,qd9vgup7y98y,0.09740871030074816,0.3724173809641777,0.5301739087350741
0.5126428571428572,0.4031428571428572,0.31707317073170727,0.07057142857142858,0.0,0.0,2017-12-19T02:13:34Z,ls7,qd9vgup7y98y,0.07154754145846912,0.40871895140850173,0.5197335071330291
0.5956829268292683,0.3081219512195122,0.0,0.07926829268292683,0.0,0.0,2017-12-27T02:11:25Z,ls8,qd9vgup7y98y,0.08063315635389272,0.3134272812980698,0.6059395623480375
0.694968152866242,0.241656050955414,0.23414634146341462,0.05035031847133758,0.0,0.0,2018-01-04T02:13:22Z,ls7,qd9vgup7y98y,0.05101481075150851,0.24484527766125652,0.7041399115872351
0.6105609756097561,0.29836585365853663,0.0,0.0743170731707317,0.0,0.0,2018-01-12T02:11:19Z,ls8,qd9vgup7y98y,0.07558355865353607,0.3034504998387617,0.6209659415077021
0.27451127819548876,0.6439097744360901,0.6756097560975609,0.07112781954887219,0.0,0.0,2018-01-20T02:13:08Z,ls7,qd9vgup7y98y,0.07187903654737483,0.6507104323379681,0.277410531114657
0.6463170731707317,0.2634878048780488,0.0,0.07463414634146343,0.0,0.0,2018-01-28T02:11:10Z,ls8,qd9vgup7y98y,0.07581388434666271,0.26765274267875727,0.65653337297458
,,1.0,,,,2018-02-12T02:18:58Z,ls7,qd9vgup7y98y,,,
0.6599756097560976,0.2543658536585366,0.0,0.06973170731707318,0.0,0.0,2018-02-13T02:11:03Z,ls8,qd9vgup7y98y,0.07086028701018664,0.2584826628993481,0.6706570500904652
0.7082451253481894,0.2433426183844011,0.12439024390243902,0.03774373259052925,0.0,0.0,2018-02-21T02:12:42Z,ls7,qd9vgup7y98y,0.03815074471379903,0.24596672016217586,0.7158825351240251
,,1.0,,,,2018-02-28T02:18:48Z,ls7,qd9vgup7y98y,,,
0.583390243902439,0.33490243902439026,0.0,0.06641463414634148,0.0,0.0,2018-03-01T02:10:57Z,ls8,qd9vgup7y98y,0.06744606543977412,0.3401035345404107,0.5924504000198152
0.615036496350365,0.33394160583941607,0.3317073170731707,0.04007299270072993,0.0,0.0,2018-03-09T02:12:31Z,ls7,qd9vgup7y98y,0.04051660516605166,0.33763837638376387,0.6218450184501845
0.6984878048780487,0.22521951219512196,0.0,0.059536585365853656,0.0,0.0,2018-03-17T02:10:47Z,ls8,qd9vgup7y98y,0.06055118696202218,0.22905762409148414,0.7103911889464937
,,1.0,,,,2018-04-01T02:18:23Z,ls7,qd9vgup7y98y,,,
0.6253658536585365,0.2998536585365854,0.0,0.058926829268292694,0.0,0.0,2018-04-02T02:10:41Z,ls8,qd9vgup7y98y,0.05987608426270138,0.3046840148698885,0.6354399008674101
0.0,0.0,0.9951219512195122,0.0,0.0,1.0,2018-04-18T02:10:31Z,ls8,qd9vgup7y98y,0.0,0.0,0.0
,,1.0,,,,2018-04-26T02:11:47Z,ls7,qd9vgup7y98y,,,
0.7360975609756097,0.19185365853658537,0.0,0.05519512195121952,0.0,0.0,2018-05-04T02:10:23Z,ls8,qd9vgup7y98y,0.05614130839266666,0.1951425240020839,0.7487161676052494
0.6637878787878788,0.28352272727272726,0.35609756097560974,0.04170454545454545,0.0,0.0,2018-05-12T02:11:30Z,ls7,qd9vgup7y98y,0.04216775181922635,0.28667177326694754,0.6711604749138261
,,1.0,,,,2018-05-19T02:17:35Z,ls7,qd9vgup7y98y,,,
0.7472439024390244,0.1782926829268293,0.0,0.05736585365853659,0.0,0.0,2018-05-20T02:10:11Z,ls8,qd9vgup7y98y,0.058363731109953104,0.18139407925754983,0.7602421896324971
0.19884507042253521,0.4804788732394366,0.13414634146341464,0.0775211267605634,0.2112676056338028,0.022535211267605635,2018-05-28T02:11:16Z,ls7,qd9vgup7y98y,0.07847903259964734,0.4864160098300088,0.20130214066893545
0.06116279069767442,0.42492248062015503,0.37073170731707317,0.24930232558139537,0.2248062015503876,0.031007751937984496,2018-06-13T02:10:59Z,ls7,qd9vgup7y98y,0.25228507095149905,0.4300064105785578,0.06189456498157113
,,1.0,,,,2018-06-20T02:17:02Z,ls7,qd9vgup7y98y,,,
0.2969230769230769,0.2792307692307692,0.9048780487804878,0.40974358974358976,0.0,0.0,2018-06-21T02:10:12Z,ls8,qd9vgup7y98y,0.4156046814044213,0.28322496749024706,0.3011703511053316
0.2254285714285714,0.10428571428571427,0.9146341463414634,0.6602857142857143,0.0,0.0,2018-06-29T02:10:41Z,ls7,qd9vgup7y98y,0.666955266955267,0.10533910533910533,0.22770562770562766
,,1.0,,,,2018-07-06T02:16:43Z,ls7,qd9vgup7y98y,,,
,,1.0,,,,2018-07-07T02:10:21Z,ls8,qd9vgup7y98y,,,
,,1.0,,,,2018-07-15T02:10:22Z,ls7,qd9vgup7y98y,,,
,,1.0,,,,2018-07-23T02:10:27Z,ls8,qd9vgup7y98y,,,
0.0028,0.012615384615384615,0.20731707317073167,0.039230769230769236,0.8461538461538461,0.09846153846153846,2018-07-31T02:10:05Z,ls7,qd9vgup7y98y,0.03976091476091477,0.012785862785862788,0.0028378378378378383
,,1.0,,,,2018-08-08T02:10:36Z,ls8,qd9vgup7y98y,,,
0.00018115942028985507,0.0016666666666666668,0.3268292682926829,0.008840579710144927,0.7391304347826086,0.25,2018-08-16T02:09:47Z,ls7,qd9vgup7y98y,0.00899042004421522,0.001694915254237296,0.00018422991893883648
,,1.0,,,,2018-08-23T02:15:50Z,ls7,qd9vgup7y98y,,,
0.0023902439024390243,0.0031219512195121953,0.0,0.02558536585365854,0.7878048780487805,0.18048780487804877,2018-08-24T02:10:44Z,ls8,qd9vgup7y98y,0.026087039693926332,0.0031831659493065496,0.0024371114299378267
0.0260613810741688,0.005728900255754476,0.04634146341463419,0.019053708439897697,0.782608695652174,0.16624040920716113,2018-09-01T02:09:28Z,ls7,qd9vgup7y98y,0.01916872076448459,0.005763481142610133,0.026218693233570203
0.0,0.0,0.0,0.0,0.8536585365853658,0.14634146341463414,2018-09-09T02:10:50Z,ls8,qd9vgup7y98y,0.0,0.0,0.0
0.22953703703703704,0.059444444444444446,0.7365853658536585,0.22462962962962962,0.18518518518518517,0.2962962962962963,2018-09-17T02:09:07Z,ls7,qd9vgup7y98y,0.22677590155506147,0.06001241912545321,0.2317301978380039
,,1.0,,,,2018-09-24T02:15:08Z,ls7,qd9vgup7y98y,,,
0.0015365853658536586,0.0035853658536585367,0.0,0.01402439024390244,0.8390243902439024,0.14146341463414633,2018-09-25T02:10:55Z,ls8,qd9vgup7y98y,0.01429237222308532,0.00365387602920616,0.001565946869659783
,,1.0,,,,2018-10-03T02:08:44Z,ls7,qd9vgup7y98y,,,
0.01283076923076923,0.03772307692307693,0.20731707317073167,0.055600000000000004,0.8523076923076923,0.04,2018-10-11T02:11:03Z,ls8,qd9vgup7y98y,0.056405797101449266,0.03826978818283166,0.013016722408026753
0.014380664652567975,0.03891238670694864,0.19268292682926824,0.030362537764350456,0.8731117824773413,0.04229607250755287,2018-10-19T02:08:21Z,ls7,qd9vgup7y98y,0.030702457833218247,0.0393480255613782,0.014541661620509336
,,1.0,,,,2018-10-26T02:14:23Z,ls7,qd9vgup7y98y,,,
0.06339024390243903,0.1013170731707317,0.0,0.08070731707317073,0.7073170731707317,0.04390243902439024,2018-10-27T02:11:08Z,ls8,qd9vgup7y98y,0.0818142152798988,0.10270663350640663,0.06425963901857266
0.14850000000000002,0.3216875,0.6097560975609756,0.1045,0.375,0.04375,2018-11-04T02:08:00Z,ls7,qd9vgup7y98y,0.10569331158238174,0.3253609298531811,0.15019575856443723
0.10365853658536585,0.1295609756097561,0.0,0.07678048780487806,0.6609756097560976,0.024390243902439025,2018-11-12T02:11:10Z,ls8,qd9vgup7y98y,0.0779282685037708,0.1314977643875573,0.10520811345013525
0.17220779220779217,0.20194805194805196,0.24878048780487805,0.0809090909090909,0.512987012987013,0.025974025974025976,2018-11-20T02:07:38Z,ls7,qd9vgup7y98y,0.08197125363221253,0.20459919646563482,0.17446851094111362
,,1.0,,,,2018-11-27T02:13:38Z,ls7,qd9vgup7y98y,,,
0.17651219512195127,0.1884390243902439,0.0,0.07734146341463415,0.5317073170731708,0.01951219512195122,2018-11-28T02:11:10Z,ls8,qd9vgup7y98y,0.07847595273129304,0.19120315698579943,0.1791013780877855
,,1.0,,,,2018-12-13T02:13:12Z,ls7,qd9vgup7y98y,,,
0.29480487804878047,0.18058536585365853,0.0,0.07990243902439026,0.4170731707317073,0.01951219512195122,2018-12-14T02:11:06Z,ls8,qd9vgup7y98y,0.08107112669492754,0.18322668560721714,0.2991168218441969
0.28738709677419355,0.15964516129032255,0.24390243902439024,0.05206451612903226,0.4612903225806452,0.03225806451612903,2018-12-22T02:06:46Z,ls7,qd9vgup7y98y,0.05283175434499784,0.16199773993394934,0.29162211862427867
,,1.0,,,,2018-12-29T02:12:44Z,ls7,qd9vgup7y98y,,,
0.4177804878048781,0.4488536585365854,0.0,0.10221951219512196,0.012195121951219513,0.004878048780487805,2018-12-30T02:11:07Z,ls8,qd9vgup7y98y,0.10370431088949512,0.4553735226197515,0.423848995759046
0.5309540636042402,0.39667844522968193,0.30975609756097566,0.05975265017667845,0.0,0.0,2019-01-07T02:06:17Z,ls7,qd9vgup7y98y,0.060516050531439006,0.40174641233940517,0.5377375371291557
,,1.0,,,,2019-01-14T02:12:14Z,ls7,qd9vgup7y98y,,,
0.628609756097561,0.26790243902439026,0.0,0.08514634146341464,0.0,0.0,2019-01-15T02:11:05Z,ls8,qd9vgup7y98y,0.08673722917908966,0.2729079705823892,0.6403548002385212
0.544076923076923,0.3786923076923077,0.6829268292682926,0.06346153846153846,0.0,0.0,2019-01-23T02:05:46Z,ls7,qd9vgup7y98y,0.06434755479291787,0.3839794087824663,0.5516730364246158
0.415,0.455,0.9951219512195122,0.11499999999999999,0.0,0.0,2019-01-30T02:11:43Z,ls7,qd9vgup7y98y,0.11675126903553297,0.4619289340101523,0.42131979695431465
0.6917560975609757,0.21126829268292685,0.0,0.0773658536585366,0.0,0.0,2019-01-31T02:11:01Z,ls8,qd9vgup7y98y,0.07891332470892627,0.2154940790128371,0.7055925962782367
0.6236434108527132,0.29201550387596903,0.37073170731707317,0.07007751937984497,0.0,0.0,2019-02-08T02:05:17Z,ls7,qd9vgup7y98y,0.07109153821956589,0.29624095627555835,0.6326675055048757
,,1.0,,,,2019-02-15T02:11:15Z,ls7,qd9vgup7y98y,,,
0.6363414634146343,0.2611707317073171,0.0,0.08417073170731709,0.0,0.0,2019-02-16T02:10:59Z,ls8,qd9vgup7y98y,0.08574126065243858,0.266043876866506,0.6482148624810555
0.5940234375000001,0.31484375,0.375609756097561,0.07636718749999999,0.0,0.0,2019-02-24T02:04:48Z,ls7,qd9vgup7y98y,0.07751169613829195,0.31956228689239546,0.6029260169693125
,,1.0,,,,2019-03-03T02:10:45Z,ls7,qd9vgup7y98y,,,
,,1.0,,,,2019-03-04T02:10:54Z,ls8,qd9vgup7y98y,,,
0.6565578635014837,0.26207715133531156,0.17804878048780493,0.0667359050445104,0.0,0.0,2019-03-12T02:04:17Z,ls7,qd9vgup7y98y,0.06772668413286356,0.26596801879121873,0.6663052970759178
,,1.0,,,,2019-03-19T02:10:14Z,ls7,qd9vgup7y98y,,,
0.5963170731707317,0.3014390243902439,0.0,0.08341463414634147,0.0,0.0,2019-03-20T02:10:49Z,ls8,qd9vgup7y98y,0.08501541215074078,0.3072238242020483,0.6077607636472109
0.6329657794676807,0.29992395437262354,0.35853658536585364,0.05391634980988593,0.0,0.0,2019-03-28T02:03:45Z,ls7,qd9vgup7y98y,0.05463722883674334,0.3039340346010095,0.6414287365622472
0.7367560975609757,0.16548780487804876,0.0,0.07931707317073171,0.0,0.0,2019-04-05T02:10:46Z,ls8,qd9vgup7y98y,0.08080707683132889,0.16859656097803397,0.7505963621906372
0.6436531365313654,0.2895202952029521,0.3390243902439024,0.05468634686346865,0.0,0.0,2019-04-13T02:03:12Z,ls7,qd9vgup7y98y,0.055358410220014205,0.29307833102984576,0.6515632587501401
0.6988292682926829,0.2084146341463415,0.0,0.07448780487804879,0.0,0.0,2019-04-21T02:10:39Z,ls8,qd9vgup7y98y,0.07587389133189239,0.21229286228913571,0.7118332463789719
0.6936341463414634,0.209780487804878,0.0,0.0796829268292683,0.0,0.0,2019-05-07T02:10:43Z,ls8,qd9vgup7y98y,0.08105291884784281,0.21338725283449525,0.705559828317662
0.836,0.11296666666666667,0.2682926829268293,0.040900000000000006,0.0,0.0,2019-05-15T02:01:59Z,ls7,qd9vgup7y98y,0.04131869612068966,0.11412311422413794,0.8445581896551724
0.5352631578947369,0.42,0.9536585365853658,0.03368421052631579,0.0,0.0,2019-05-22T02:07:53Z,ls7,qd9vgup7y98y,0.034060670569451834,0.42469398616285253,0.5412453432676956
,,1.0,,,,2019-05-23T02:10:53Z,ls8,qd9vgup7y98y,,,
,,1.0,,,,2019-05-31T02:01:24Z,ls7,qd9vgup7y98y,,,
,,1.0,,,,2019-06-08T02:11:01Z,ls8,qd9vgup7y98y,,,
,,1.0,,,,2019-06-24T02:11:07Z,ls8,qd9vgup7y98y,,,
0.04977099236641222,0.22519083969465647,0.04146341463414638,0.24529262086513998,0.43765903307888043,0.035623409669211195,2019-07-02T02:00:13Z,ls7,qd9vgup7y98y,0.24833988320005856,0.22798837824901638,0.05038929580283346
,,1.0,,,,2019-07-09T02:06:08Z,ls7,qd9vgup7y98y,,,
0.1380487804878049,0.07390243902439025,0.0,0.24419512195121953,0.5024390243902439,0.03414634146341464,2019-07-10T02:11:10Z,ls8,qd9vgup7y98y,0.24808615747370175,0.07508000970288817,0.1402484669697515
0.0925,0.08526119402985075,0.3463414634146341,0.25652985074626866,0.5298507462686567,0.029850746268656716,2019-07-18T01:59:36Z,ls7,qd9vgup7y98y,0.2600783777649257,0.08644059537350621,0.09377953432425466
0.22063414634146344,0.043707317073170736,0.0,0.2145853658536585,0.47317073170731705,0.041463414634146344,2019-07-26T02:11:15Z,ls8,qd9vgup7y98y,0.21747040031003284,0.044294948551441116,0.22360050479706267
0.4712121212121212,0.011666666666666667,0.6780487804878048,0.5073484848484848,0.0,0.0,2019-08-03T01:58:57Z,ls7,qd9vgup7y98y,0.5123555963583505,0.011781807053783185,0.4758625965878662
,,1.0,,,,2019-08-10T02:04:51Z,ls7,qd9vgup7y98y,,,
0.17339024390243904,0.0793170731707317,0.0,0.24397560975609756,0.4585365853658537,0.036585365853658534,2019-08-11T02:11:21Z,ls8,qd9vgup7y98y,0.2480011354326861,0.08062578150825703,0.1762511318395447
0.16465454545454547,0.1549090909090909,0.3292682926829268,0.3392727272727273,0.2727272727272727,0.05818181818181818,2019-08-19T01:58:17Z,ls7,qd9vgup7y98y,0.3445533823721261,0.15732019388052063,0.16721733283826232
,,1.0,,,,2019-08-26T02:04:10Z,ls7,qd9vgup7y98y,,,
0.17297560975609752,0.0943658536585366,0.0,0.24324390243902436,0.4609756097560976,0.01951219512195122,2019-08-27T02:11:25Z,ls8,qd9vgup7y98y,0.24749666198295692,0.09601570091367298,0.17599983222532137
0.1310294117647059,0.06625,0.6682926829268292,0.17411764705882352,0.5735294117647058,0.051470588235294115,2019-09-04T01:57:36Z,ls7,qd9vgup7y98y,0.17580677093644823,0.06689269451593745,0.13230053454761437
0.20336585365853657,0.13285365853658537,0.0,0.23707317073170728,0.4,0.01707317073170732,2019-09-12T02:11:30Z,ls8,qd9vgup7y98y,0.2410571699845907,0.1350862556487722,0.20678340363492978
0.2740530303030303,0.22166666666666665,0.35609756097560974,0.3004924242424242,0.17803030303030304,0.015151515151515152,2019-09-20T01:56:54Z,ls7,qd9vgup7y98y,0.3044951777527896,0.22461941008563277,0.2777035939797596
0.39296296296296296,0.2903703703703704,0.6048780487804878,0.3037654320987655,0.0,0.0,2019-09-27T02:02:46Z,ls7,qd9vgup7y98y,0.30773560127571764,0.29416546807579264,0.3980989306484897
0.2690731707317073,0.2514390243902439,0.0,0.22668292682926833,0.2121951219512195,0.02926829268292683,2019-09-28T02:11:35Z,ls8,qd9vgup7y98y,0.23012368285915605,0.25525554622283614,0.27315735628386145
0.2432558139534884,0.5549612403100775,0.37073170731707317,0.18945736434108526,0.0,0.0,2019-10-06T01:56:13Z,ls7,qd9vgup7y98y,0.191821678047249,0.5618868220704811,0.24629149988226984
0.4342372881355932,0.3936949152542373,0.2804878048780488,0.15681355932203392,0.0,0.0,2019-10-14T02:11:38Z,ls8,qd9vgup7y98y,0.1592426850258176,0.39979345955249573,0.44096385542168676
0.6196842105263157,0.29347368421052633,0.30487804878048785,0.07368421052631578,0.0,0.0,2019-10-22T01:55:33Z,ls7,qd9vgup7y98y,0.07466666666666666,0.2973866666666667,0.6279466666666667
,,1.0,,,,2019-10-29T02:01:25Z,ls7,qd9vgup7y98y,,,
0.48288690476190477,0.37520833333333337,0.18048780487804883,0.1263392857142857,0.0,0.0,2019-10-30T02:11:38Z,ls8,qd9vgup7y98y,0.12833691084439336,0.3811409740907579,0.49052211506484866
0.7116279069767442,0.22006644518272428,0.2658536585365854,0.0553156146179402,0.0,0.0,2019-11-07T01:54:50Z,ls7,qd9vgup7y98y,0.05604362314450167,0.22296273856407153,0.7209936382914268
,,1.0,,,,2019-11-14T02:00:42Z,ls7,qd9vgup7y98y,,,
0.6232926829268293,0.2758536585365854,0.0,0.08460975609756097,0.0,0.0,2019-11-15T02:11:35Z,ls8,qd9vgup7y98y,0.08600684286210145,0.2804085882877969,0.6335845688501016
0.6111985018726591,0.29812734082397,0.348780487804878,0.07715355805243446,0.0,0.0,2019-11-23T01:54:06Z,ls7,qd9vgup7y98y,0.07821101788222788,0.30221344773909414,0.619575534378678
,,1.0,,,,2019-11-30T01:59:56Z,ls7,qd9vgup7y98y,,,
0.644560975609756,0.2694634146341463,0.0,0.06975609756097562,0.0,0.0,2019-12-01T02:11:33Z,ls8,qd9vgup7y98y,0.07090616090244206,0.27390603694062227,0.6551878021569356
0.6735732009925558,0.26464019851116627,0.017073170731707332,0.04925558312655087,0.0,0.0,2019-12-09T01:53:19Z,ls7,qd9vgup7y98y,0.049880638271139595,0.2679984922728986,0.6821208694559617
0.5774999999999999,0.39,0.9804878048780488,0.02,0.0,0.0,2019-12-16T01:59:09Z,ls7,qd9vgup7y98y,0.020253164556962026,0.39493670886075954,0.5848101265822784
0.6124878048780488,0.3091219512195122,0.0,0.06217073170731708,0.0,0.0,2019-12-17T02:11:32Z,ls8,qd9vgup7y98y,0.06319573571340029,0.31421842072641626,0.6225858435601834
0.5644444444444444,0.3839930555555556,0.29756097560975614,0.03958333333333333,0.0,0.0,2019-12-25T01:52:30Z,ls7,qd9vgup7y98y,0.040063257775434895,0.38864874363029345,0.5712879985942716
0.555,0.36833333333333335,0.9414634146341463,0.0625,0.0,0.0,2020-01-01T01:58:19Z,ls7,qd9vgup7y98y,0.06339814032121724,0.37362637362637363,0.5629754860524092
0.5143089430894309,0.41617886178861785,0.09999999999999998,0.054498644986449865,0.0,0.0,2020-01-02T02:11:27Z,ls8,qd9vgup7y98y,0.05532933472734276,0.422522423375337,0.5221482418973202
0.6921014492753624,0.26420289855072465,0.3268292682926829,0.03177536231884058,0.0,0.0,2020-01-10T01:51:40Z,ls7,qd9vgup7y98y,0.03215870338454768,0.26739026805030985,0.7004510285651425
0.6696785714285715,0.28432142857142856,0.31707317073170727,0.033107142857142856,0.0,0.0,2020-01-17T01:57:30Z,ls7,qd9vgup7y98y,0.03353956366004559,0.288035022974782,0.6784254133651725
0.626951219512195,0.30263414634146346,0.0,0.053829268292682926,0.0,0.0,2020-01-18T02:11:24Z,ls8,qd9vgup7y98y,0.054737103174603174,0.3077380952380953,0.6375248015873015
0.714632587859425,0.22907348242811507,0.23658536585365852,0.044472843450479235,0.0,0.0,2020-01-26T01:50:53Z,ls7,qd9vgup7y98y,0.04500484966052376,0.23181377303588752,0.7231813773035888
0.6397916666666666,0.2785416666666667,0.6487804878048781,0.06791666666666668,0.0,0.0,2020-02-02T01:56:43Z,ls7,qd9vgup7y98y,0.0688635403464301,0.2824250105618927,0.6487114490916772
0.6969756097560975,0.23434146341463413,0.0,0.05126829268292684,0.0,0.0,2020-02-03T02:11:19Z,ls8,qd9vgup7y98y,0.05217693491535522,0.23849476244849327,0.7093283026361514
0.4388847583643123,0.4931970260223049,0.3439024390243902,0.056951672862453534,0.0,0.0,2020-02-11T01:50:04Z,ls7,qd9vgup7y98y,0.05758316105995113,0.49866566434880666,0.4437511745912422
0.0,0.0,0.9536585365853658,0.0,0.6842105263157895,0.3157894736842105,2020-02-18T01:55:53Z,ls7,qd9vgup7y98y,0.0,0.0,0.0
0.575,0.3265625,0.9219512195121952,0.08062500000000002,0.0,0.0,2020-02-19T02:11:15Z,ls8,qd9vgup7y98y,0.08208717785555204,0.3324848870505886,0.5854279350938594
0.09187500000000001,0.1825,0.9609756097560975,0.036250000000000004,0.6875,0.0,2020-03-05T01:55:02Z,ls7,qd9vgup7y98y,0.036468812877263584,0.18360160965794767,0.09242957746478873
,,1.0,,,,2020-03-06T02:11:10Z,ls8,qd9vgup7y98y,,,
0.642550505050505,0.2840151515151515,0.034146341463414664,0.05901515151515152,0.0,0.0,2020-03-14T01:48:22Z,ls7,qd9vgup7y98y,0.059878551846063194,0.28817033487919236,0.6519511132747444
0.7597727272727273,0.16666666666666666,0.6780487804878048,0.06181818181818182,0.0,0.0,2020-03-21T01:54:09Z,ls7,qd9vgup7y98y,0.06255270218474511,0.1686469911843618,0.768800306630893
0.7116829268292683,0.1839268292682927,0.0,0.08726829268292684,0.0,0.0,2020-03-22T02:11:02Z,ls8,qd9vgup7y98y,0.08878852548513574,0.1871308749813887,0.7240805995334756
0.7831506849315069,0.1643150684931507,0.2878048780487805,0.04246575342465754,0.0,0.0,2020-03-30T01:47:28Z,ls7,qd9vgup7y98y,0.04289766830415831,0.16598630042205773,0.7911160312737839
0.8050684931506848,0.16917808219178082,0.6439024390243903,0.017054794520547943,0.0,0.0,2020-04-06T01:53:15Z,ls7,qd9vgup7y98y,0.017204449664893248,0.17066261314171216,0.8121329371933945
0.7030731707317073,0.20860975609756097,0.0,0.07139024390243903,0.0,0.0,2020-04-07T02:10:53Z,ls8,qd9vgup7y98y,0.07261946112241355,0.2122016573214906,0.7151788815560959
0.6144654088050315,0.28270440251572326,0.224390243902439,0.09358490566037736,0.0,0.0,2020-04-15T01:46:33Z,ls7,qd9vgup7y98y,0.09445819843839268,0.2853424744493112,0.6201993271122961
0.6439716312056737,0.26858156028368796,0.6560975609756098,0.07453900709219859,0.0,0.0,2020-04-22T01:52:19Z,ls7,qd9vgup7y98y,0.07551372323609716,0.2720936916223596,0.6523925851415433
0.7412534059945504,0.17700272479564036,0.10487804878048779,0.06321525885558583,0.0,0.0,2020-04-23T02:10:47Z,ls8,qd9vgup7y98y,0.06440866185452528,0.18034425319267078,0.755247084952804
0.8383450704225353,0.12647887323943663,0.30731707317073176,0.026584507042253524,0.0,0.0,2020-05-01T01:45:36Z,ls7,qd9vgup7y98y,0.02681488847847706,0.12757493962210542,0.8456101718994176
0.37113564668769716,0.5620820189274448,0.2268292682926829,0.05406940063091483,0.0,0.0,2020-05-08T01:51:22Z,ls7,qd9vgup7y98y,0.05476563248873694,0.569319743106368,0.37591462440489504
,,1.0,,,,2020-05-09T02:10:38Z,ls8,qd9vgup7y98y,,,
,,1.0,,,,2020-05-17T01:44:38Z,ls7,qd9vgup7y98y,,,
,,1.0,,,,2020-05-25T02:10:41Z,ls8,qd9vgup7y98y,,,
0.5971666666666667,0.2601333333333333,0.2682926829268293,0.05856666666666667,0.06,0.013333333333333334,2020-06-02T01:43:40Z,ls7,qd9vgup7y98y,0.05925729121172417,0.2632008540787111,0.6042085213762314
0.6570250896057348,0.27272401433691756,0.31951219512195117,0.058064516129032254,0.0,0.0,2020-06-09T01:49:27Z,ls7,qd9vgup7y98y,0.058780841799709715,0.27608853410740203,0.6651306240928883
0.7086040609137055,0.1643908629441624,0.039024390243902474,0.10974619289340104,0.0,0.0,2020-06-10T02:10:50Z,ls8,qd9vgup7y98y,0.11167355371900829,0.16727789256198347,0.7210485537190082
,,1.0,,,,2020-06-18T01:42:44Z,ls7,qd9vgup7y98y,,,
0.11370078740157481,0.17102362204724408,0.6902439024390243,0.1279527559055118,0.5511811023622047,0.031496062992125984,2020-06-25T01:48:30Z,ls7,qd9vgup7y98y,0.1293931704444214,0.17294890228017432,0.11498076192107355
0.3688536585365854,0.18082926829268292,0.0,0.20473170731707316,0.2073170731707317,0.026829268292682926,2020-06-26T02:10:59Z,ls8,qd9vgup7y98y,0.20783600949714193,0.18357114300831667,0.3744465060311267
0.424359756097561,0.06564024390243903,0.19999999999999996,0.19826219512195123,0.2926829268292683,0.012195121951219513,2020-07-04T01:41:47Z,ls7,qd9vgup7y98y,0.20023823028927965,0.06629446560246333,0.42858925532776926
0.37292929292929294,0.37828282828282833,0.7585365853658537,0.1275757575757576,0.0707070707070707,0.04040404040404041,2020-07-11T01:47:32Z,ls7,qd9vgup7y98y,0.12904214559386973,0.38263090676883776,0.37721583652618135
0.4628048780487805,0.27524390243902436,0.0,0.24997560975609756,0.0,0.0,2020-07-12T02:11:05Z,ls8,qd9vgup7y98y,0.25300550494951735,0.27858006862672485,0.46841442642375763
0.22107806691449813,0.16457249070631969,0.3439024390243902,0.2237174721189591,0.3308550185873606,0.05204460966542751,2020-07-20T01:40:49Z,ls7,qd9vgup7y98y,0.22655624921758913,0.1666607702370002,0.22388335229262257
0.5012162162162163,0.18125000000000002,0.2780487804878049,0.30591216216216216,0.0,0.0,2020-07-27T01:46:33Z,ls7,qd9vgup7y98y,0.30950916051408256,0.18338118676510803,0.5071096527208094
,,1.0,,,,2020-07-28T02:11:10Z,ls8,qd9vgup7y98y,,,
0.31184971098265896,0.3248554913294798,0.15609756097560978,0.3047976878612717,0.031791907514450865,0.014450867052023121,2020-08-05T01:39:49Z,ls7,qd9vgup7y98y,0.3087648483368728,0.32908371850051676,0.3159086585961366
,,1.0,,,,2020-08-13T02:11:14Z,ls8,qd9vgup7y98y,,,
,,1.0,,,,2020-08-21T01:38:48Z,ls7,qd9vgup7y98y,,,
0.3834239130434782,0.10146739130434783,0.551219512195122,0.5021195652173912,0.0,0.0,2020-08-28T01:44:31Z,ls7,qd9vgup7y98y,0.5087274929794615,0.10280270910192173,0.38846979791861685
,,1.0,,,,2020-08-29T02:11:22Z,ls8,qd9vgup7y98y,,,
0.4587199999999999,0.2744,0.3902439024390244,0.25392,0.0,0.0,2020-09-22T01:36:41Z,ls7,qd9vgup7y98y,0.2572540119954612,0.2780029178148809,0.46474307018965794
0.5214390243902439,0.21036585365853658,0.0,0.2524878048780488,0.0,0.0,2020-09-30T02:11:33Z,ls8,qd9vgup7y98y,0.25651699871146794,0.21372286648825453,0.5297601348002775
0.23500000000000001,0.5116666666666667,0.9707317073170731,0.2416666666666667,0.0,0.0,2020-10-08T01:35:40Z,ls7,qd9vgup7y98y,0.24451939291736932,0.5177065767284992,0.23777403035413153
,,1.0,,,,2020-10-16T02:11:34Z,ls8,qd9vgup7y98y,,,
0.5448767123287671,0.3114246575342466,0.1097560975609756,0.13013698630136986,0.0,0.0,2020-10-24T01:34:38Z,ls7,qd9vgup7y98y,0.13192612137203166,0.315706151923344,0.5523677267046243
0.38973821989528795,0.5063350785340314,0.5341463414634147,0.09151832460732985,0.0,0.0,2020-11-09T01:33:33Z,ls7,qd9vgup7y98y,0.09266818639664953,0.5126968138684196,0.39463499973493077
0.6862913907284768,0.21142384105960266,0.2634146341463415,0.08963576158940398,0.0,0.0,2020-11-16T01:39:15Z,ls7,qd9vgup7y98y,0.09078409014689115,0.21413240324636126,0.6950835066067476
,,1.0,,,,2020-11-17T02:11:32Z,ls8,qd9vgup7y98y,,,
0.6032673267326732,0.2856105610561056,0.26097560975609757,0.09831683168316832,0.0,0.0,2020-11-25T01:32:26Z,ls7,qd9vgup7y98y,0.09959213693500937,0.28931532495319606,0.6110925381117946
0.5337662337662338,0.3525974025974026,0.624390243902439,0.09993506493506493,0.0,0.0,2020-12-02T01:38:06Z,ls7,qd9vgup7y98y,0.10132332609125025,0.3574955559944697,0.5411811179142801
0.6374878048780488,0.2688048780487805,0.0,0.07868292682926831,0.0,0.0,2020-12-03T02:11:35Z,ls8,qd9vgup7y98y,0.07988312202852617,0.2729051109350238,0.6472117670364501
0.6216167664670659,0.3378143712574851,0.18536585365853664,0.030239520958083837,0.0,0.0,2020-12-11T01:31:15Z,ls7,qd9vgup7y98y,0.030555135380426562,0.34134019059143855,0.6281046740281349
0.7980208333333332,0.16291666666666668,0.5317073170731708,0.029218749999999998,0.0,0.0,2020-12-18T01:36:54Z,ls7,qd9vgup7y98y,0.02950923149755405,0.1645363210772711,0.8059544474251749
0.6024878048780488,0.3247804878048781,0.0,0.05753658536585367,0.0,0.0,2020-12-19T02:11:35Z,ls8,qd9vgup7y98y,0.058424350496569834,0.3297917131039949,0.6117839363994353
0.5918431372549019,0.3487450980392157,0.3780487804878049,0.04733333333333333,0.0,0.0,2020-12-27T01:30:04Z,ls7,qd9vgup7y98y,0.04791203556684662,0.35300889171165456,0.5990790727214989
0.7317613636363636,0.241875,0.5707317073170732,0.017443181818181816,0.0,0.0,2021-01-03T01:35:46Z,ls7,qd9vgup7y98y,0.01760018345468096,0.24405205526572268,0.7383477612795964
0.6002682926829268,0.32975609756097557,0.0,0.0546829268292683,0.0,0.0,2021-01-04T02:11:30Z,ls8,qd9vgup7y98y,0.0555321625839051,0.33487726946226437,0.6095905679538306
,,1.0,,,,2021-01-12T01:28:57Z,ls7,qd9vgup7y98y,,,
,,1.0,,,,2021-01-20T02:11:23Z,ls8,qd9vgup7y98y,,,
0.7110864197530864,0.23367901234567906,0.012195121951219523,0.04358024691358025,0.0,0.0,2021-01-28T01:27:48Z,ls7,qd9vgup7y98y,0.04409413410612571,0.23643449585290302,0.7194713700409713
0.8430569948186529,0.12191709844559587,0.5292682926829269,0.024870466321243526,0.0,0.0,2021-02-04T01:33:28Z,ls7,qd9vgup7y98y,0.02512562814070352,0.1231679229480737,0.8517064489112227
,,1.0,,,,2021-02-05T02:11:21Z,ls8,qd9vgup7y98y,,,
,,1.0,,,,2021-02-13T01:26:37Z,ls7,qd9vgup7y98y,,,
0.4594,0.2571333333333333,0.6341463414634146,0.21046666666666666,0.05333333333333334,0.006666666666666667,2021-02-20T01:32:16Z,ls7,qd9vgup7y98y,0.21341819489392302,0.2607393024092053,0.46584250269687155
0.4020975609756098,0.1763658536585366,0.0,0.1267560975609756,0.2682926829268293,0.014634146341463415,2021-02-21T02:11:17Z,ls8,qd9vgup7y98y,0.1288866731788297,0.179330293199176,0.4088562043537015
0.6320165745856353,0.23674033149171267,0.11707317073170731,0.11859116022099449,0.0,0.0,2021-03-01T01:25:24Z,ls7,qd9vgup7y98y,0.12011079402383752,0.2397739354261093,0.6401152705500531
0.7160927152317881,0.19407284768211921,0.2634146341463415,0.07698675496688742,0.0,0.0,2021-03-08T01:31:02Z,ls7,qd9vgup7y98y,0.07798872937072321,0.19659868509325104,0.7254125855360257
0.6594146341463415,0.16534146341463413,0.0,0.15829268292682927,0.0,0.0,2021-03-09T02:11:09Z,ls8,qd9vgup7y98y,0.16102220568167722,0.16819253194392753,0.6707852623743953
0.6021695760598503,0.25453865336658354,0.02195121951219514,0.13047381546134662,0.0,0.0,2021-03-17T01:24:08Z,ls7,qd9vgup7y98y,0.13216793815995553,0.2578436821098368,0.6099883797302076
0.7491262135922331,0.13009708737864079,0.24634146341463414,0.10877022653721682,0.0,0.0,2021-03-24T01:29:46Z,ls7,qd9vgup7y98y,0.11009204363064626,0.13167807658292116,0.7582298797864326
0.7161219512195123,0.14329268292682926,0.0,0.12395121951219512,0.0,0.0,2021-03-25T02:11:02Z,ls8,qd9vgup7y98y,0.12604791904360335,0.14571655340046627,0.7282355275559304
0.5760063897763578,0.2796805111821086,0.23658536585365852,0.13134185303514376,0.0,0.0,2021-04-02T01:22:51Z,ls7,qd9vgup7y98y,0.1330679096264647,0.2833559914546514,0.583576098918884
0.5175539568345323,0.3053237410071942,0.6609756097560975,0.16410071942446042,0.0,0.0,2021-04-09T01:28:27Z,ls7,qd9vgup7y98y,0.1662657628107005,0.30935199358553833,0.5243822436037612
,,1.0,,,,2021-04-10T02:10:58Z,ls8,qd9vgup7y98y,,,
0.7765840220385675,0.08826446280991736,0.1146341463414634,0.12435261707988982,0.0,0.0,2021-04-18T01:21:31Z,ls7,qd9vgup7y98y,0.1257101481563997,0.08922802718057257,0.7850618246630278
0.7481751824817519,0.16467153284671535,0.6658536585365853,0.07708029197080292,0.0,0.0,2021-04-25T01:27:06Z,ls7,qd9vgup7y98y,0.0778646217372069,0.1663471464385784,0.7557882318242147
0.7140731707317073,0.13660975609756099,0.0,0.133390243902439,0.0,0.0,2021-04-26T02:10:50Z,ls8,qd9vgup7y98y,0.13554911145810095,0.1388207301658116,0.7256301583760875
,,1.0,,,,2021-05-12T02:10:47Z,ls8,qd9vgup7y98y,,,
0.5015899581589958,0.2786192468619247,0.41707317073170735,0.20744769874476987,0.0,0.0,2021-05-20T01:18:49Z,ls7,qd9vgup7y98y,0.21004024571065452,0.2821012497352256,0.5078585045541198
0.3450645161290323,0.22096774193548388,0.24390243902439024,0.25899999999999995,0.15161290322580645,0.012903225806451613,2021-06-05T01:17:27Z,ls7,qd9vgup7y98y,0.2622810447294338,0.22376698921367813,0.34943583702462994
0.056799999999999996,0.28840000000000005,0.6341463414634146,0.34633333333333327,0.2733333333333333,0.02666666666666667,2021-06-12T01:23:04Z,ls7,qd9vgup7y98y,0.35057360455027475,0.29193097464571494,0.05749542080401041
0.20424390243902438,0.21197560975609758,0.0,0.23758536585365853,0.3048780487804878,0.03170731707317073,2021-06-13T02:11:04Z,ls8,qd9vgup7y98y,0.2410774435282963,0.21509127006512918,0.20724592055291585
,,1.0,,,,2021-06-21T01:16:09Z,ls7,qd9vgup7y98y,,,
,,1.0,,,,2021-06-29T02:11:08Z,ls8,qd9vgup7y98y,,,
0.012560975609756098,0.05725609756097561,0.19999999999999996,0.06560975609756098,0.6524390243902439,0.21036585365853658,2021-07-07T01:14:49Z,ls7,qd9vgup7y98y,0.06646643458780377,0.05800370081593656,0.01272498654747916
0.20298701298701297,0.1148051948051948,0.8121951219512196,0.28389610389610387,0.2987012987012987,0.09090909090909091,2021-07-15T02:11:09Z,ls8,qd9vgup7y98y,0.2880016594672325,0.11646544692087538,0.2059225040015025
0.0,0.0,0.5585365853658537,0.0,0.7955801104972375,0.20441988950276244,2021-07-23T01:13:27Z,ls7,qd9vgup7y98y,0.0,0.0,0.0
0.0,0.0,0.0,0.0,0.9073170731707317,0.09268292682926829,2021-07-31T02:11:17Z,ls8,qd9vgup7y98y,0.0,0.0,0.0
0.006842105263157894,0.011783625730994153,0.1658536585365854,0.02169590643274854,0.9181286549707602,0.04093567251461988,2021-08-15T01:17:35Z,ls7,qd9vgup7y98y,0.02202630094695283,0.01196307180811589,0.006946299759551161
0.01758536585365854,0.015707317073170732,0.0,0.02904878048780488,0.9097560975609756,0.026829268292682926,2021-08-16T02:11:23Z,ls8,qd9vgup7y98y,0.029548837741898534,0.015977709072865373,0.017888087331577533
0.013917525773195877,0.02353092783505155,0.0536585365853659,0.041237113402061855,0.8556701030927835,0.06443298969072164,2021-08-24T01:10:38Z,ls7,qd9vgup7y98y,0.04187194613376738,0.023893179262581013,0.01413178182014649
0.15518518518518518,0.19685185185185186,0.8682926829268293,0.1240740740740741,0.2037037037037037,0.3148148148148148,2021-09-16T01:14:48Z,ls7,qd9vgup7y98y,0.1254735871616463,0.19907227336243283,0.15693562095740232
0.1116931216931217,0.05880952380952382,0.07804878048780484,0.09296296296296297,0.6825396825396826,0.05026455026455026,2021-09-17T02:11:32Z,ls8,qd9vgup7y98y,0.0942791370545161,0.05964215187028723,0.11327447827096386
0.02477815699658703,0.04419795221843003,0.2853658536585366,0.035119453924914674,0.8737201365187713,0.020477815699658702,2021-09-25T01:07:49Z,ls7,qd9vgup7y98y,0.03569518267778213,0.044922508812174786,0.025184356291613048
0.2533888888888889,0.24416666666666667,0.5609756097560976,0.11300000000000002,0.18333333333333332,0.2,2021-10-03T02:11:36Z,ls8,qd9vgup7y98y,0.11413102820746135,0.24661055505004553,0.25592508340915987
0.22575757575757577,0.19521212121212117,0.5975609756097561,0.16436363636363638,0.3878787878787879,0.01818181818181818,2021-11-03T01:10:29Z,ls7,qd9vgup7y98y,0.16678024812214087,0.19808229321586118,0.22907685260139188
0.10639024390243902,0.10346341463414632,0.0,0.0805609756097561,0.6707317073170732,0.03414634146341464,2021-11-04T02:11:39Z,ls8,qd9vgup7y98y,0.08186678465424109,0.1051404482298791,0.10811471833539195
0.10418848167539266,0.09924083769633507,0.06829268292682922,0.06782722513089007,0.6963350785340314,0.028795811518324606,2021-11-12T01:03:26Z,ls7,qd9vgup7y98y,0.06873054081010863,0.10056251648441596,0.10557605265311935
0.11111801242236025,0.17245341614906834,0.21463414634146338,0.053975155279503105,0.6211180124223602,0.037267080745341616,2021-11-18T02:13:25Z,ls9,qd9vgup7y98y,0.054625697679136456,0.1745319328033629,0.11245727634979875
0.0760377358490566,0.08072327044025157,0.224390243902439,0.038553459119496855,0.7767295597484277,0.025157232704402517,2021-11-19T01:08:56Z,ls7,qd9vgup7y98y,0.03910590765622768,0.08187998772719124,0.07712731216375084
0.16092682926829266,0.11895121951219512,0.0,0.0851951219512195,0.6048780487804878,0.024390243902439025,2021-11-20T02:11:34Z,ls8,qd9vgup7y98y,0.08651562357419404,0.12079493162649424,0.16342115211638486
0.20044534412955461,0.14481781376518216,0.3975609756097561,0.07821862348178138,0.5465587044534413,0.024291497975708502,2021-11-28T01:01:54Z,ls7,qd9vgup7y98y,0.07926552666413791,0.14675610190353067,0.20312816900318156
,,1.0,,,,2021-12-05T01:07:25Z,ls7,qd9vgup7y98y,,,
0.27534146341463417,0.16878048780487803,0.0,0.0864878048780488,0.44390243902439025,0.01707317073170732,2021-12-06T02:11:36Z,ls8,qd9vgup7y98y,0.08785936510249959,0.1714570802338683,0.2797079449075346
0.339,0.16329268292682927,0.0,0.0901219512195122,0.3804878048780488,0.01707317073170732,2021-12-14T02:11:32Z,ls9,qd9vgup7y98y,0.09164692639145092,0.1660557976159036,0.3447363003828894
0.3544634146341463,0.24399999999999997,0.0,0.10231707317073171,0.25609756097560976,0.03170731707317073,2021-12-22T02:11:33Z,ls8,qd9vgup7y98y,0.10398366060787156,0.24797438396213278,0.36023707738121513
0.4290243902439024,0.3226829268292683,0.0,0.07739024390243901,0.0,0.2926829268292683,2021-12-30T00:58:48Z,ls7,qd9vgup7y98y,0.06602291863532878,0.275286231813867,0.36600792272153587
,,1.0,,,,2022-01-06T01:04:17Z,ls7,qd9vgup7y98y,,,
0.6325365853658536,0.26519512195121947,0.0,0.08424390243902441,0.0,0.0,2022-01-07T02:11:29Z,ls8,qd9vgup7y98y,0.08579021882218527,0.27006283996920094,0.6441469412086138
0.7008780487804879,0.23453658536585364,0.0,0.08858536585365853,0.0,0.04390243902439024,2022-01-15T00:57:16Z,ls7,qd9vgup7y98y,0.08271118381915525,0.21898423557406305,0.6544021415823914
,,1.0,,,,2022-01-22T01:02:46Z,ls7,qd9vgup7y98y,,,
0.7218780487804879,0.18487804878048783,0.0,0.07419512195121952,0.0,0.0,2022-01-23T02:11:25Z,ls8,qd9vgup7y98y,0.07563589348317959,0.18846813695019768,0.7358959695666227
0.4801707317073171,0.15258536585365853,0.0,0.0985609756097561,0.0,0.37317073170731707,2022-01-31T00:55:42Z,ls7,qd9vgup7y98y,0.08447895788322878,0.1307845485071713,0.4115657619022829
,,1.0,,,,2022-02-07T01:01:11Z,ls7,qd9vgup7y98y,,,
0.682829268292683,0.21597560975609756,0.0,0.08192682926829269,0.0,0.0,2022-02-08T02:11:21Z,ls8,qd9vgup7y98y,0.0835364337229545,0.22021885103208158,0.696244715244964
0.4489268292682927,0.1631951219512195,0.0,0.0888780487804878,0.0,0.3878048780487805,2022-02-16T00:54:03Z,ls7,qd9vgup7y98y,0.07761869887583046,0.1425210521894022,0.39205537088598674
,,1.0,,,,2022-02-23T00:59:35Z,ls7,qd9vgup7y98y,,,
0.7030487804878048,0.2010243902439024,0.0,0.07660975609756099,0.0,0.0,2022-02-24T02:11:16Z,ls8,qd9vgup7y98y,0.07811878233187426,0.20498408276959804,0.7168971348985276
0.524219512195122,0.16639024390243903,0.0,0.08704878048780487,0.0,0.3439024390243902,2022-03-04T00:52:32Z,ls7,qd9vgup7y98y,0.0734416069226556,0.14038067874092366,0.44227527531203054
0.6627560975609756,0.23597560975609755,0.0,0.08287804878048781,0.0,0.0,2022-03-12T02:11:12Z,ls8,qd9vgup7y98y,0.08443075088207525,0.24039656114893404,0.6751726879689908
0.5833414634146342,0.27917073170731704,0.0,0.08626829268292682,0.0,0.13658536585365855,2022-03-20T00:50:56Z,ls7,qd9vgup7y98y,0.07850636403536271,0.2540525424791522,0.5308557276318265
,,1.0,,,,2022-03-27T00:56:28Z,ls7,qd9vgup7y98y,,,
0.6054878048780488,0.2794146341463415,0.0,0.0973658536585366,0.0,0.0,2022-03-28T02:11:00Z,ls8,qd9vgup7y98y,0.09912348223375463,0.2844585702579892,0.6164179475082561
0.12863414634146342,0.1266829268292683,0.0,0.09956097560975612,0.4,0.2731707317073171,2022-04-05T00:49:24Z,ls7,qd9vgup7y98y,0.09169189506328053,0.11667018690805463,0.11846718632134771
0.3031951219512195,0.12514634146341463,0.0,0.17163414634146343,0.37317073170731707,0.01707317073170732,2022-04-13T02:11:04Z,ls8,qd9vgup7y98y,0.17443203620214587,0.1271864115039378,0.30813764985489195
0.2256829268292683,0.14573170731707316,0.0,0.24329268292682926,0.35365853658536583,0.02195121951219512,2022-04-29T02:11:00Z,ls8,qd9vgup7y98y,0.24712505189568024,0.14802728672448012,0.22923790528227864
,,1.0,,,,2022-05-15T02:11:10Z,ls8,qd9vgup7y98y,,,
0.2350487804878049,0.10770731707317074,0.0,0.28663414634146345,0.33902439024390246,0.02195121951219512,2022-05-31T02:11:13Z,ls8,qd9vgup7y98y,0.29102168704306686,0.1093560049338141,0.23864669826702142
0.1215609756097561,0.09246341463414635,0.0,0.3088048780487805,0.4195121951219512,0.04878048780487805,2022-06-16T02:11:25Z,ls8,qd9vgup7y98y,0.3140486257447012,0.0940335155357525,0.12362517579271705
0.04031707317073171,0.01924390243902439,0.0,0.1156341463414634,0.724390243902439,0.0975609756097561,2022-07-02T02:11:29Z,ls8,qd9vgup7y98y,0.11751764837709633,0.01955735595223139,0.04097377615847717
0.09019444444444444,0.033305555555555554,0.12195121951219512,0.0963888888888889,0.6416666666666667,0.1361111111111111,2022-07-18T02:11:29Z,ls8,qd9vgup7y98y,0.09741171186345517,0.033658974790859574,0.09115153556790746
,,1.0,,,,2022-08-03T02:11:41Z,ls8,qd9vgup7y98y,,,
0.0011707317073170733,0.0026097560975609758,0.0,0.001024390243902439,0.8463414634146341,0.14878048780487804,2022-08-19T02:11:46Z,ls8,qd9vgup7y98y,0.001039990095332432,0.0026494985762040534,0.0011885601089513512
0.15,0.445,0.9951219512195122,0.39,0.0,0.0,2022-10-06T02:11:50Z,ls8,qd9vgup7y98y,0.39593908629441626,0.4517766497461929,0.15228426395939085
,,1.0,,,,2022-10-22T02:11:50Z,ls8,qd9vgup7y98y,,,
,,1.0,,,,2022-11-07T02:11:52Z,ls8,qd9vgup7y98y,,,
0.10502439024390245,0.12729268292682927,0.0,0.10404878048780489,0.624390243902439,0.03414634146341464,2022-11-23T02:11:47Z,ls8,qd9vgup7y98y,0.10562562010218754,0.12922177949210423,0.10661601503985454
0.050166666666666665,0.11588888888888889,0.5609756097560976,0.06533333333333334,0.7111111111111111,0.05555555555555555,2022-12-09T02:11:47Z,ls8,qd9vgup7y98y,0.06588235294117648,0.1168627450980392,0.050588235294117635
0.23878048780487807,0.2400731707317073,0.0,0.13182926829268293,0.36097560975609755,0.01951219512195122,2022-12-25T02:11:38Z,ls8,qd9vgup7y98y,0.1337352589916985,0.24354415434880444,0.24223278178144833
,,1.0,,,,2023-01-10T02:11:37Z,ls8,qd9vgup7y98y,,,
0.5599024390243903,0.31124390243902444,0.0,0.11234146341463416,0.0,0.0,2023-01-26T02:11:36Z,ls8,qd9vgup7y98y,0.11422761203283487,0.3164695087171094,0.5693028792500558
0.5997317073170731,0.2675609756097561,0.0,0.1151219512195122,0.0,0.0,2023-02-11T02:11:33Z,ls8,qd9vgup7y98y,0.11718265100921076,0.2723503562650513,0.610466992725738
0.4029537366548043,0.4337366548042705,0.31463414634146336,0.14950177935943063,0.0,0.0,2023-02-27T02:11:18Z,ls8,qd9vgup7y98y,0.1515949769053118,0.43980946882217087,0.4085955542725173
0.6314634146341462,0.23875609756097566,0.0,0.11168292682926831,0.0,0.0,2023-03-15T02:11:12Z,ls8,qd9vgup7y98y,0.11374136817526953,0.2431566396741021,0.6431019921506284
0.1867195767195767,0.44825396825396824,0.5390243902439025,0.12354497354497355,0.021164021164021163,0.21164021164021163,2023-03-31T02:11:02Z,ls8,qd9vgup7y98y,0.12495829494992443,0.45338187358276644,0.18885559866307633
0.6255853658536585,0.22178048780487808,0.0,0.11580487804878048,0.007317073170731708,0.012195121951219513,2023-04-16T02:10:47Z,ls8,qd9vgup7y98y,0.11788696119425109,0.22576793136885537,0.6368329123149423
0.6008536585365853,0.2263658536585366,0.0,0.12480487804878049,0.012195121951219513,0.01951219512195122,2023-05-02T02:10:42Z,ls8,qd9vgup7y98y,0.12693755690150862,0.2302340171199729,0.6111211089053478
0.2937837837837838,0.3621621621621621,0.36829268292682926,0.12888030888030888,0.1274131274131274,0.07722007722007722,2023-05-18T02:10:30Z,ls8,qd9vgup7y98y,0.1306112246241139,0.3670261494829803,0.29772942125970125
0.233609756097561,0.1373658536585366,0.0,0.2170243902439025,0.3780487804878049,0.024390243902439025,2023-06-03T02:10:34Z,ls8,qd9vgup7y98y,0.22055324211778707,0.13959944477493555,0.23740828871703348
,,1.0,,,,2023-06-19T02:10:42Z,ls8,qd9vgup7y98y,,,
0.005079365079365079,0.00035714285714285714,0.3853658536585366,0.0025,0.8531746031746031,0.1388888888888889,2023-07-05T02:10:53Z,ls8,qd9vgup7y98y,0.0025000000000000087,0.0003571428571428584,0.005079365079365097
,,1.0,,,,2023-07-21T02:10:56Z,ls8,qd9vgup7y98y,,,
0.01573170731707317,0.02648780487804878,0.0,0.13521951219512193,0.6439024390243903,0.17560975609756097,2023-08-06T02:11:06Z,ls8,qd9vgup7y98y,0.13754287151118932,0.026942921800352026,0.016002011566507417
0.02904878048780488,0.03380487804878048,0.0,0.1384878048780488,0.6268292682926829,0.16829268292682928,2023-08-22T02:11:13Z,ls8,qd9vgup7y98y,0.1409203586887474,0.03439866451965549,0.02955902557208491
0.0455609756097561,0.056317073170731716,0.0,0.1927317073170732,0.6219512195121951,0.07804878048780488,2023-09-07T02:11:12Z,ls8,qd9vgup7y98y,0.19625796837486548,0.057347462538289595,0.04639456908684494
,,1.0,,,,2023-09-23T02:11:18Z,ls8,qd9vgup7y98y,,,
0.17032967032967034,0.42241758241758237,0.7780487804878049,0.29626373626373625,0.03296703296703297,0.06593406593406594,2023-10-09T02:11:23Z,ls8,qd9vgup7y98y,0.3002920441733791,0.42816120838370525,0.17264564854181666
0.13256097560975613,0.22036585365853664,0.0,0.14465853658536587,0.4682926829268293,0.026829268292682926,2023-10-25T02:11:26Z,ls8,qd9vgup7y98y,0.14677867297275,0.2235955674100146,0.13450380839772322
0.19348780487804879,0.28960975609756096,0.0,0.13036585365853656,0.35121951219512193,0.026829268292682926,2023-11-10T02:11:22Z,ls8,qd9vgup7y98y,0.1321695796872091,0.2936167613107429,0.1961648785142432
,,1.0,,,,2023-11-26T02:11:29Z,ls8,qd9vgup7y98y,,,
0.4846829268292682,0.3786097560975609,0.0,0.11107317073170732,0.0,0.00975609756097561,2023-12-12T02:11:24Z,ls8,qd9vgup7y98y,0.11288319436549896,0.3847794962968028,0.49258121177672265
0.2890333333333333,0.5024000000000001,0.2682926829268293,0.13559999999999997,0.023333333333333334,0.03666666666666667,2023-12-28T02:11:25Z,ls8,qd9vgup7y98y,0.13749667397792237,0.509427205062745,0.2930761209593326
0.48307936507936505,0.36736507936507934,0.23170731707317072,0.12088888888888888,0.006349206349206349,0.006349206349206349,2024-01-05T02:11:28Z,ls9,qd9vgup7y98y,0.12287624422147414,0.3734043850133663,0.4910209580667469
,,1.0,,,,2024-01-13T02:11:22Z,ls8,qd9vgup7y98y,,,
0.4271951219512196,0.37809756097560976,0.0,0.12351219512195123,0.036585365853658534,0.01951219512195122,2024-01-21T02:11:29Z,ls9,qd9vgup7y98y,0.12551986426878264,0.38424347075329157,0.43413910400231603
0.4687073170731707,0.35048780487804876,0.0,0.11456097560975609,0.02926829268292683,0.02195121951219512,2024-01-29T02:11:16Z,ls8,qd9vgup7y98y,0.11640429294795507,0.3561272492361325,0.4762489456207904
0.5255365853658537,0.337,0.0,0.10926829268292684,0.0,0.012195121951219513,2024-02-06T02:11:33Z,ls9,qd9vgup7y98y,0.11106730884596268,0.34254843891175585,0.534189130291062
0.4812682926829268,0.37809756097560976,0.0,0.11000000000000001,0.00975609756097561,0.004878048780487805,2024-02-14T02:11:19Z,ls8,qd9vgup7y98y,0.11181561996779389,0.3843383017163505,0.48921193197439217
0.4967560975609756,0.3636341463414634,0.0,0.1121219512195122,0.0,0.012195121951219513,2024-02-22T02:11:20Z,ls9,qd9vgup7y98y,0.11388506067740686,0.3693522666172414,0.5045675507541322
0.4514634146341464,0.37892682926829274,0.0,0.11139024390243903,0.02195121951219512,0.02195121951219512,2024-03-01T02:11:13Z,ls8,qd9vgup7y98y,0.11308361331612693,0.3846873257016309,0.45832662195785195
0.5202926829268293,0.3172439024390244,0.0,0.11031707317073172,0.014634146341463415,0.02195121951219512,2024-03-09T02:11:25Z,ls9,qd9vgup7y98y,0.11212815578827397,0.3224521163692415,0.5288343619888259
0.4112962962962963,0.48500000000000004,0.8682926829268293,0.08796296296296298,0.0,0.0,2024-03-17T02:11:03Z,ls8,qd9vgup7y98y,0.08936970837253058,0.4927563499529633,0.4178739416745061
0.5717073170731708,0.28365853658536583,0.0,0.09412195121951221,0.01951219512195122,0.014634146341463415,2024-03-25T02:11:20Z,ls9,qd9vgup7y98y,0.09574428493649163,0.288547819075252,0.5815615545248416
0.4827317073170732,0.31456097560975615,0.0,0.10004878048780488,0.06097560975609756,0.026829268292682926,2024-04-02T02:10:51Z,ls8,qd9vgup7y98y,0.10170488408153902,0.31976789127245464,0.4907223465972258
0.4638536585365854,0.3042682926829268,0.0,0.10256097560975609,0.08780487804878048,0.026829268292682926,2024-04-10T02:11:12Z,ls9,qd9vgup7y98y,0.10429053209239023,0.30939937879965945,0.4716759427664869
0.37841463414634147,0.30507317073170725,0.0,0.10426829268292682,0.14878048780487804,0.05121951219512195,2024-04-18T02:10:43Z,ls8,qd9vgup7y98y,0.10588890953000187,0.3098148492166697,0.3842962412533284
0.2910243902439025,0.27331707317073173,0.0,0.1131951219512195,0.28292682926829266,0.02926829268292683,2024-05-04T02:10:34Z,ls8,qd9vgup7y98y,0.11491063173708159,0.27745928447440993,0.2954349618372889
,,1.0,,,,2024-05-20T02:10:21Z,ls8,qd9vgup7y98y,,,
0.24575609756097558,0.19951219512195117,0.0,0.08592682926829269,0.44146341463414634,0.01951219512195122,2024-05-28T02:10:36Z,ls9,qd9vgup7y98y,0.08719330211806185,0.20245279912737602,0.24937828899846465
0.09234146341463415,0.1547317073170732,0.0,0.12058536585365855,0.6,0.026829268292682926,2024-06-05T02:10:19Z,ls8,qd9vgup7y98y,0.122393266389875,0.15705155379801114,0.09372591151943098
0.03819512195121951,0.08170731707317073,0.0,0.13234146341463413,0.6853658536585366,0.05853658536585366,2024-06-13T02:10:30Z,ls9,qd9vgup7y98y,0.13436331133761925,0.08295560136030677,0.03877864827768371
,,1.0,,,,2024-06-21T02:10:28Z,ls8,qd9vgup7y98y,,,
0.0,0.0,0.8634146341463415,0.0,0.9821428571428571,0.017857142857142856,2024-06-29T02:10:21Z,ls9,qd9vgup7y98y,0.0,0.0,0.0
0.06972696245733787,0.012764505119453925,0.2853658536585366,0.14081911262798635,0.6382252559726962,0.13651877133105803,2024-07-15T02:10:41Z,ls9,qd9vgup7y98y,0.14204587243538289,0.0128757043845936,0.0703343958762693
0.00014634146341463414,0.0007560975609756098,0.0,0.0014878048780487805,0.9,0.0975609756097561,2024-07-31T02:10:43Z,ls9,qd9vgup7y98y,0.0015181682429069028,0.0007715281234444916,0.0001493280238924822
,,1.0,,,,2024-08-08T02:10:46Z,ls8,qd9vgup7y98y,,,
0.28780160857908843,0.020911528150134046,0.09024390243902436,0.125201072386059,0.29222520107238603,0.2707774798927614,2024-08-16T02:10:50Z,ls9,qd9vgup7y98y,0.12609066913146505,0.02106011176071579,0.28984653814267175
0.0031782945736434105,0.0014728682170542637,0.6853658536585365,0.0029457364341085274,0.8294573643410853,0.16279069767441862,2024-08-24T02:11:00Z,ls8,qd9vgup7y98y,0.0030058535041923586,0.0015029267520961793,0.003243157728207544
,,1.0,,,,2024-09-01T02:11:00Z,ls9,qd9vgup7y98y,,,
0.015405405405405406,0.01054054054054054,0.5487804878048781,0.011405405405405404,0.4918918918918919,0.4702702702702703,2024-09-09T02:11:08Z,ls8,qd9vgup7y98y,0.011553956271756528,0.010677826886220489,0.015606054679860714
0.013682926829268293,0.02031707317073171,0.0,0.018780487804878048,0.8878048780487805,0.05853658536585366,2024-09-17T02:11:04Z,ls9,qd9vgup7y98y,0.019092917361705958,0.02065506514584554,0.013910554077814339
0.01824390243902439,0.026609756097560975,0.0,0.020121951219512196,0.8658536585365854,0.06829268292682927,2024-09-25T02:11:07Z,ls8,qd9vgup7y98y,0.020393869479235334,0.026969347396176666,0.01849044166117337
0.01831707317073171,0.02697560975609756,0.0,0.0245609756097561,0.8731707317073171,0.05609756097560976,2024-10-11T02:11:13Z,ls8,qd9vgup7y98y,0.024869702956806104,0.02731468864967979,0.018547315710587275
0.01096209912536443,0.01087463556851312,0.1634146341463415,0.01839650145772595,0.8979591836734694,0.061224489795918366,2024-10-19T02:11:21Z,ls9,qd9vgup7y98y,0.0186631174208814,0.011032238982549543,0.011120970127181306
0.02414634146341463,0.032,0.0,0.03526829268292683,0.8560975609756097,0.05121951219512195,2024-10-27T02:11:16Z,ls8,qd9vgup7y98y,0.035757607309264146,0.03244397011739596,0.024481349402608224
0.042794759825327516,0.12471615720524018,0.4414634146341463,0.01943231441048035,0.6899563318777293,0.1222707423580786,2024-11-04T02:11:20Z,ls9,qd9vgup7y98y,0.019518559206976285,0.12526967437106576,0.042984692186150024
0.030560975609756097,0.0552439024390244,0.0,0.03478048780487805,0.802439024390244,0.07560975609756097,2024-11-12T02:11:14Z,ls8,qd9vgup7y98y,0.035174441550240736,0.05586964243428841,0.030907135527665937
0.060476190476190475,0.12761904761904763,0.948780487804878,0.04857142857142857,0.6666666666666666,0.09523809523809523,2024-11-20T02:11:26Z,ls9,qd9vgup7y98y,0.048864616269042836,0.12838938392258314,0.06084123790361215
0.03970731707317073,0.06978048780487804,0.0,0.03495121951219512,0.7926829268292683,0.06097560975609756,2024-11-28T02:11:26Z,ls8,qd9vgup7y98y,0.03541156992117033,0.07069958237576295,0.04023031111770084
0.05546341463414633,0.07051219512195123,0.0,0.04009756097560975,0.7804878048780488,0.05121951219512195,2024-12-06T02:11:24Z,ls9,qd9vgup7y98y,0.04063345142189856,0.07145456694690314,0.056204664558027556
0.062000000000000006,0.08351219512195122,0.0,0.04236585365853659,0.7707317073170732,0.03902439024390244,2024-12-14T02:11:14Z,ls8,qd9vgup7y98y,0.04289934551948401,0.0845638221408827,0.06278073477865766
0.06651219512195122,0.10870731707317073,0.0,0.04365853658536586,0.7121951219512195,0.06585365853658537,2024-12-22T02:11:25Z,ls9,qd9vgup7y98y,0.04427152695863933,0.11023362885734944,0.0674460636962064
0.08819512195121951,0.1198780487804878,0.0,0.05192682926829268,0.6902439024390243,0.046341463414634146,2024-12-30T02:11:17Z,ls8,qd9vgup7y98y,0.05260879513110329,0.12145243216034414,0.08935340685489407
0.08980487804878048,0.12870731707317074,0.0,0.05563414634146341,0.6707317073170732,0.05121951219512195,2025-01-07T02:11:21Z,ls9,qd9vgup7y98y,0.05642609148511412,0.1305394497005468,0.09108323930214389
0.1073170731707317,0.11353658536585366,0.0,0.05314634146341463,0.6902439024390243,0.03170731707317073,2025-01-15T02:11:20Z,ls8,qd9vgup7y98y,0.053931662157995976,0.11521426679461738,0.10890285153519151
0.11268292682926832,0.11548780487804879,0.0,0.0601219512195122,0.675609756097561,0.03170731707317073,2025-01-31T02:11:18Z,ls8,qd9vgup7y98y,0.061037513928438765,0.11724650241426268,0.11439891048656678
0.12199999999999998,0.13121951219512196,0.0,0.0640487804878049,0.6463414634146342,0.03170731707317073,2025-02-08T02:11:22Z,ls9,qd9vgup7y98y,0.06499414994149942,0.1331563315633156,0.12380073800738003
0.12990243902439025,0.12068292682926829,0.0,0.061585365853658536,0.6609756097560976,0.02195121951219512,2025-02-16T02:11:14Z,ls8,qd9vgup7y98y,0.06255252411106813,0.12257817398081784,0.1319424726398213
0.13009756097560976,0.12346341463414635,0.0,0.06621951219512197,0.6536585365853659,0.02195121951219512,2025-02-24T02:11:22Z,ls9,qd9vgup7y98y,0.06717409138853801,0.12524318622791136,0.13197296628598956
,,1.0,,,,2025-03-04T02:11:06Z,ls8,qd9vgup7y98y,,,
,,1.0,,,,2025-03-12T02:11:17Z,ls9,qd9vgup7y98y,,,
0.12924390243902437,0.09868292682926828,0.0,0.07460975609756097,0.6707317073170732,0.02195121951219512,2025-03-20T02:10:55Z,ls8,qd9vgup7y98y,0.07578869129549083,0.10024225072950503,0.1312861311457358
0.13270731707317074,0.09770731707317074,0.0,0.06504878048780488,0.6682926829268293,0.03170731707317073,2025-03-28T02:11:06Z,ls9,qd9vgup7y98y,0.06604754829123326,0.09920752847944525,0.1347449232293214
,,1.0,,,,2025-04-13T02:11:07Z,ls9,qd9vgup7y98y,,,
0.16619047619047617,0.1337254901960784,0.12926829268292683,0.08991596638655462,0.5574229691876751,0.047619047619047616,2025-04-21T02:10:41Z,ls8,qd9vgup7y98y,0.09109830610407561,0.13548389823702706,0.16837577885217464
0.11868292682926829,0.09104878048780489,0.0,0.06402439024390244,0.6902439024390243,0.03170731707317073,2025-04-29T02:10:58Z,ls9,qd9vgup7y98y,0.06502833649149037,0.09247648766580326,0.12054395633051128
0.1078048780487805,0.09456097560975608,0.0,0.0571951219512195,0.697560975609756,0.03902439024390244,2025-05-07T02:10:37Z,ls8,qd9vgup7y98y,0.05804428839251745,0.09596490665150967,0.10940543910231437
0.10395121951219512,0.08358536585365853,0.0,0.05987804878048781,0.7073170731707317,0.041463414634146344,2025-05-15T02:10:47Z,ls9,qd9vgup7y98y,0.06079888628144958,0.08487078748942065,0.10554983842425178
0.04643902439024391,0.10260975609756096,0.0,0.06302439024390243,0.7195121951219512,0.06585365853658537,2025-05-23T02:10:42Z,ls8,qd9vgup7y98y,0.06378546683684203,0.10384886183536934,0.046999817669252035
0.02648780487804878,0.08146341463414636,0.0,0.051195121951219516,0.7560975609756098,0.08292682926829269,2025-05-31T02:10:41Z,ls9,qd9vgup7y98y,0.051783571628819726,0.08239977572189516,0.02679226240538267
0.027682926829268293,0.04885365853658537,0.0,0.038902439024390244,0.8536585365853658,0.02926829268292683,2025-06-08T02:10:46Z,ls8,qd9vgup7y98y,0.03945313909086694,0.0495452273348003,0.02807480430604011
0.030000000000000002,0.03817073170731707,0.0,0.05448780487804879,0.8146341463414634,0.06097560975609756,2025-06-16T02:10:50Z,ls9,qd9vgup7y98y,0.055257069969785036,0.038709630484652445,0.03042354344800161
0.007829268292682927,0.010707317073170733,0.0,0.019926829268292683,0.8926829268292683,0.06829268292682927,2025-06-24T02:10:58Z,ls8,qd9vgup7y98y,0.020217455186600047,0.010863479592310188,0.007943455464992186
,,1.0,,,,2025-07-02T02:10:57Z,ls9,qd9vgup7y98y,,,
0.003,0.0021707317073170734,0.0,0.009195121951219513,0.9365853658536586,0.04878048780487805,2025-07-10T02:11:00Z,ls8,qd9vgup7y98y,0.009366847488508804,0.002211271688268657,0.0030560271646858962
,,1.0,,,,2025-07-18T02:11:03Z,ls9,qd9vgup7y98y,,,
0.0001707317073170732,0.0007804878048780488,0.0,0.0014634146341463415,0.9780487804878049,0.01951219512195122,2025-07-26T02:11:07Z,ls8,qd9vgup7y98y,0.0014781966001478312,0.0007883715200788434,0.000172456270017247
0.0,0.0,0.4365853658536586,0.0,0.9696969696969697,0.030303030303030304,2025-08-03T02:11:10Z,ls9,qd9vgup7y98y,0.0,0.0,0.0
0.0,0.0,0.0,0.0,0.9707317073170731,0.02926829268292683,2025-08-11T02:11:15Z,ls8,qd9vgup7y98y,0.0,0.0,0.0
0.05468926553672316,0.00807909604519774,0.5682926829268293,0.02706214689265537,0.7740112994350282,0.13559322033898305,2025-08-19T02:11:20Z,ls9,qd9vgup7y98y,0.027232349074370187,0.008129907970010307,0.05503322318160823
0.0,0.0,0.0,0.0,0.9341463414634147,0.06585365853658537,2025-08-27T02:11:17Z,ls8,qd9vgup7y98y,0.0,0.0,0.0
0.06490506329113924,0.0070569620253164555,0.2292682926829268,0.03462025316455697,0.7563291139240507,0.1360759493670886,2025-09-04T02:11:25Z,ls9,qd9vgup7y98y,0.03494918668631046,0.007124011545747013,0.06552173847680323
0.0,0.0,0.0,0.0,0.9804878048780488,0.01951219512195122,2025-09-12T02:11:23Z,ls8,qd9vgup7y98y,0.0,0.0,0.0
0.0,0.0,0.0,0.0,0.9585365853658536,0.041463414634146344,2025-09-20T02:11:28Z,ls9,qd9vgup7y98y,0.0,0.0,0.0
,,1.0,,,,2025-09-28T02:11:28Z,ls8,qd9vgup7y98y,,,
0.019868421052631577,0.028631578947368425,0.07317073170731703,0.02178947368421053,0.8289473684210527,0.1,2025-10-06T02:11:32Z,ls9,qd9vgup7y98y,0.022026049774379785,0.02894244221561015,0.020084139588957408
0.014951219512195121,0.015024390243902437,0.0,0.015707317073170732,0.8804878048780488,0.07317073170731707,2025-10-14T02:11:31Z,ls8,qd9vgup7y98y,0.015933743961038117,0.01524097248447124,0.015166746969124791
0.25666666666666665,0.4633333333333334,0.9926829268292683,0.26999999999999996,0.0,0.0,2025-10-30T02:11:31Z,ls8,qd9vgup7y98y,0.2727272727272727,0.46801346801346805,0.25925925925925924
0.024121951219512192,0.03046341463414634,0.0,0.029512195121951214,0.8585365853658536,0.05609756097560976,2025-11-07T02:11:36Z,ls9,qd9vgup7y98y,0.02995727463075095,0.030922839680833012,0.02448573934695264
0.037048780487804876,0.03807317073170732,0.0,0.03560975609756097,0.8170731707317073,0.07073170731707316,2025-11-15T02:11:31Z,ls8,qd9vgup7y98y,0.036080369614268845,0.03857634038895457,0.03753841194799614
,,1.0,,,,2025-11-23T02:11:34Z,ls9,qd9vgup7y98y,,,
0.06629268292682927,0.0542439024390244,0.0,0.05043902439024391,0.7317073170731707,0.0951219512195122,2025-12-01T02:11:30Z,ls8,qd9vgup7y98y,0.05108660102292893,0.05494032914651544,0.06714380153787272
0.08863414634146342,0.07702439024390244,0.0,0.0583170731707317,0.7219512195121951,0.05121951219512195,2025-12-09T02:11:34Z,ls9,qd9vgup7y98y,0.05906008717062016,0.07800575294220766,0.08976342817985518
0.08588235294117647,0.09140522875816995,0.25365853658536586,0.048627450980392166,0.7450980392156863,0.026143790849673203,2025-12-17T02:11:30Z,ls8,qd9vgup7y98y,0.04923942671238899,0.09255556217375807,0.08696318104849345
0.13765853658536584,0.09839024390243901,0.0,0.07453658536585367,0.6365853658536585,0.04878048780487805,2025-12-25T02:11:40Z,ls9,qd9vgup7y98y,0.07550824181086167,0.09967285584588216,0.1394530486847196
0.16619512195121952,0.11317073170731708,0.0,0.07907317073170732,0.6146341463414634,0.02195121951219512,2026-01-02T02:11:26Z,ls8,qd9vgup7y98y,0.0801708113706069,0.11474169178273166,0.16850213099300293
0.19173170731707317,0.11226829268292685,0.0,0.08624390243902438,0.5365853658536586,0.06829268292682927,2026-01-10T02:11:32Z,ls9,qd9vgup7y98y,0.08732195121951218,0.11367164634146341,0.19412835365853656
0.2785365853658537,0.26521951219512196,0.0,0.11282926829268292,0.2707317073170732,0.06341463414634146,2026-02-11T02:11:28Z,ls9,qd9vgup7y98y,0.11442195484361972,0.26896332403145723,0.28246837966150834
0.4657386363636364,0.36332386363636365,0.14146341463414636,0.12105113636363636,0.014204545454545454,0.022727272727272728,2026-02-19T02:11:16Z,ls8,qd9vgup7y98y,0.12270163624946993,0.36827768739602706,0.4720888581726849
0.5223658536585366,0.28451219512195125,0.0,0.1083658536585366,0.03902439024390244,0.03170731707317073,2026-02-27T02:11:23Z,ls9,qd9vgup7y98y,0.11002635641279797,0.2888718090378772,0.5303701272322516
0.47482926829268296,0.3381463414634146,0.0,0.10429268292682928,0.03902439024390244,0.02926829268292683,2026-03-07T02:11:08Z,ls8,qd9vgup7y98y,0.10593438863552646,0.34346921516439155,0.4823037132732528
0.5001219512195122,0.2887073170731707,0.0,0.11141463414634148,0.04878048780487805,0.036585365853658534,2026-03-15T02:11:13Z,ls9,qd9vgup7y98y,0.11319557790538622,0.29332225386735034,0.5081163145687267
