bare_soil,dry_vegetation,pc_missing,green_vegetation,water,wetness,date,ard_product,nwi_id,norm_pv,norm_npv,norm_bs
0.048841463414634134,0.1326219512195122,0.0,0.4909146341463414,0.22560975609756098,0.09146341463414634,1986-08-16T01:32:51Z,ls5,qd9vgvrnqb48,0.49861647795765157,0.13470262570586167,0.04960772560477939
,,1.0,,,,1987-05-31T01:35:27Z,ls5,qd9vgvrnqb48,,,
0.058048780487804874,0.1450609756097561,0.0,0.6960975609756097,0.04878048780487805,0.036585365853658534,1987-09-04T01:37:49Z,ls5,qd9vgvrnqb48,0.7080398328225501,0.14754964631086603,0.05904466720804726
0.1936633663366337,0.5570297029702971,0.38414634146341464,0.21821782178217822,0.019801980198019802,0.0,1987-10-22T01:38:48Z,ls5,qd9vgvrnqb48,0.2207599055429761,0.563518706254439,0.19591940800456503
0.1660365853658537,0.6459146341463415,0.0,0.17335365853658533,0.0,0.0,1987-11-07T01:39:08Z,ls5,qd9vgvrnqb48,0.1759391051426449,0.6555479918311777,0.16851290302617739
,,1.0,,,,1987-11-23T01:39:27Z,ls5,qd9vgvrnqb48,,,
0.255609756097561,0.643109756097561,0.0,0.0852439024390244,0.0,0.0,1987-12-09T01:39:40Z,ls5,qd9vgvrnqb48,0.08663320319762038,0.6535911259837641,0.2597756708186156
0.15675675675675677,0.8095945945945946,0.5487804878048781,0.02,0.0,0.0,1987-12-25T01:39:56Z,ls5,qd9vgvrnqb48,0.020276750239758872,0.8207973695026716,0.15892588025756954
0.25951219512195123,0.6548780487804878,0.0,0.0698170731707317,0.0,0.0,1988-01-10T01:40:12Z,ls5,qd9vgvrnqb48,0.07093736447555912,0.6653862833777338,0.26367635214670715
0.34963414634146345,0.5588414634146341,0.0,0.0748170731707317,0.0,0.0,1988-01-26T01:40:30Z,ls5,qd9vgvrnqb48,0.07608830460126503,0.5683368473272975,0.3555748480714374
0.33835365853658533,0.5797560975609757,0.0,0.06652439024390244,0.0,0.0,1988-02-11T01:40:48Z,ls5,qd9vgvrnqb48,0.06756254644538023,0.588803567005202,0.34363388654941784
0.4225609756097561,0.49268292682926834,0.0,0.06859756097560976,0.0,0.0,1988-02-27T01:41:00Z,ls5,qd9vgvrnqb48,0.06972420204524327,0.5007747133560583,0.42950108459869846
0.588780487804878,0.3257317073170732,0.0,0.07182926829268294,0.0,0.0,1988-03-14T01:41:09Z,ls5,qd9vgvrnqb48,0.07282393669634027,0.33024233432245303,0.5969337289812067
0.5460365853658535,0.3756707317073171,0.0,0.06396341463414634,0.0,0.0,1988-03-30T01:41:16Z,ls5,qd9vgvrnqb48,0.06489328796783174,0.38113207547169814,0.5539746365604701
,,1.0,,,,1988-05-17T01:41:38Z,ls5,qd9vgvrnqb48,,,
0.04768292682926829,0.08804878048780489,0.0,0.8014634146341463,0.0,0.04878048780487805,1988-06-02T01:41:44Z,ls5,qd9vgvrnqb48,0.8134566862910008,0.08936636145801928,0.04839646444610185
0.02152439024390244,0.11121951219512197,0.0,0.49170731707317084,0.17682926829268292,0.18902439024390244,1988-07-20T01:41:56Z,ls5,qd9vgvrnqb48,0.4993414800860245,0.11294628716231506,0.021858574215075227
0.02981707317073171,0.17890243902439024,0.0,0.49353658536585365,0.21951219512195122,0.06707317073170732,1988-08-05T01:41:58Z,ls5,qd9vgvrnqb48,0.5013786618720576,0.18174511909224328,0.030290853182040552
0.005792682926829269,0.03981707317073171,0.0,0.2785365853658537,0.3719512195121951,0.29878048780487804,1988-08-21T01:41:59Z,ls5,qd9vgvrnqb48,0.2829378406650884,0.040446236855145076,0.005884215162693388
0.0,0.0,0.9695121951219512,0.0,0.0,1.0,1988-09-06T01:42:02Z,ls5,qd9vgvrnqb48,0.0,0.0,0.0
0.08487804878048781,0.2156707317073171,0.0,0.558719512195122,0.06707317073170732,0.06097560975609756,1988-09-22T01:41:57Z,ls5,qd9vgvrnqb48,0.5669662946629466,0.2188540635406354,0.08613086130861308
0.1701829268292683,0.2607926829268292,0.0,0.5065853658536585,0.03048780487804878,0.018292682926829267,1988-10-08T01:41:52Z,ls5,qd9vgvrnqb48,0.5139653815892998,0.2645919519809142,0.172662178624908
0.17871951219512194,0.4422560975609756,0.0,0.36707317073170725,0.0,0.0,1988-10-24T01:41:47Z,ls5,qd9vgvrnqb48,0.3715132066156504,0.44760552949888915,0.18088126388546039
0.2632317073170732,0.5287804878048781,0.0,0.1946951219512195,0.0,0.0,1988-11-09T01:41:50Z,ls5,qd9vgvrnqb48,0.19731800766283522,0.53590409096527,0.26677790137189467
0.30823170731707317,0.5332317073170731,0.0,0.14457317073170733,0.0,0.0,1988-11-25T01:41:50Z,ls5,qd9vgvrnqb48,0.14662049347597553,0.5407828829385938,0.3125966235854307
0.35871951219512194,0.513109756097561,0.0,0.11256097560975609,0.0,0.0,1988-12-11T01:41:39Z,ls5,qd9vgvrnqb48,0.11434588701684835,0.5212462834489594,0.36440782953419226
0.3221341463414634,0.538780487804878,0.0,0.12469512195121951,0.0,0.0,1989-01-12T01:41:26Z,ls5,qd9vgvrnqb48,0.12651571393219502,0.5466468695867359,0.32683741648106907
0.44219512195121946,0.4610365853658537,0.0,0.08207317073170732,0.0,0.0,1989-01-28T01:41:13Z,ls5,qd9vgvrnqb48,0.08329723373971162,0.4679126183550963,0.4487901479051921
0.4521341463414634,0.44628048780487806,0.0,0.08786585365853658,0.0,0.0,1989-02-13T01:41:14Z,ls5,qd9vgvrnqb48,0.08908809891808345,0.4524884080370943,0.45842349304482227
0.5651219512195123,0.33329268292682923,0.0,0.08750000000000001,0.0,0.0,1989-03-17T01:40:22Z,ls5,qd9vgvrnqb48,0.08875007730842971,0.3380543014410291,0.5731956212505412
,,1.0,,,,1989-03-24T01:46:19Z,ls5,qd9vgvrnqb48,,,
0.18579268292682927,0.18384146341463417,0.0,0.5863414634146341,0.0,0.03048780487804878,1989-06-05T01:39:27Z,ls5,qd9vgvrnqb48,0.5946440405850671,0.18644465290806758,0.18842350162881652
0.1967073170731707,0.15792682926829268,0.0,0.6260975609756098,0.0,0.006097560975609756,1989-06-21T01:39:02Z,ls5,qd9vgvrnqb48,0.6345057351344466,0.16004770685607875,0.19934899703386486
0.2893167701863354,0.07875776397515528,0.018292682926829285,0.6161490683229813,0.0,0.0,1989-07-23T01:38:27Z,ls5,qd9vgvrnqb48,0.6260254953931591,0.08002019437081914,0.2939543102360217
0.13908536585365852,0.19975609756097557,0.0,0.609390243902439,0.006097560975609756,0.03048780487804878,1989-08-08T01:38:07Z,ls5,qd9vgvrnqb48,0.6191476981325019,0.20295455864339362,0.14131237737044594
0.2557831325301205,0.1680722891566265,0.49390243902439024,0.5510843373493977,0.0,0.012048192771084338,1989-09-09T01:37:22Z,ls5,qd9vgvrnqb48,0.5584393927663198,0.17031546849781723,0.25919694596477855
0.20640243902439026,0.24676829268292683,0.0,0.5329268292682926,0.0,0.0,1989-09-25T01:36:58Z,ls5,qd9vgvrnqb48,0.54044026712837,0.25024734108335395,0.20931239178827607
0.05444444444444444,0.6788888888888889,0.8902439024390244,0.2611111111111111,0.0,0.0,1989-10-11T01:36:37Z,ls5,qd9vgvrnqb48,0.2625698324022347,0.6826815642458101,0.05474860335195531
0.0,0.9266666666666667,0.9817073170731707,0.04666666666666667,0.0,0.0,1989-11-12T01:35:35Z,ls5,qd9vgvrnqb48,0.04794520547945205,0.952054794520548,0.0
0.23573170731707319,0.6435975609756098,0.0,0.1075,0.0,0.0,1989-12-14T01:34:45Z,ls5,qd9vgvrnqb48,0.10893475037073652,0.6521873455264459,0.2388779041028176
0.1680487804878049,0.7064634146341464,0.0,0.1148170731707317,0.0,0.0,1990-01-15T01:33:44Z,ls5,qd9vgvrnqb48,0.11605546995377503,0.7140832049306626,0.1698613251155624
0.35597560975609754,0.5578048780487804,0.0,0.07115853658536585,0.0,0.0,1990-01-31T01:33:14Z,ls5,qd9vgvrnqb48,0.07224664149074475,0.5663344270414165,0.3614189314678388
,,1.0,,,,1990-02-16T01:32:42Z,ls5,qd9vgvrnqb48,,,
0.4092073170731708,0.5009146341463415,0.0,0.07500000000000001,0.0,0.0,1990-04-05T01:31:16Z,ls5,qd9vgvrnqb48,0.07613270611537509,0.508479821738054,0.41538747214657096
0.3746951219512195,0.5054878048780488,0.0,0.1051219512195122,0.0,0.0,1990-04-21T01:31:29Z,ls5,qd9vgvrnqb48,0.10668977040658457,0.5130267962126369,0.3802834333807785
0.4364024390243903,0.4445121951219513,0.0,0.10439024390243903,0.0,0.0,1990-05-07T01:31:25Z,ls5,qd9vgvrnqb48,0.1059471501949378,0.45114177857540694,0.44291107122965534
0.3740853658536585,0.38414634146341464,0.0,0.22731707317073166,0.0,0.0,1990-05-23T01:31:27Z,ls5,qd9vgvrnqb48,0.2306502505722947,0.389779125162408,0.37957062426529725
,,1.0,,,,1990-06-08T01:31:25Z,ls5,qd9vgvrnqb48,,,
0.20146341463414638,0.22451219512195125,0.0,0.5610365853658538,0.0,0.0,1990-06-24T01:31:24Z,ls5,qd9vgvrnqb48,0.5684191017483166,0.22746648545128806,0.20411441280039538
,,1.0,,,,1990-07-10T01:31:22Z,ls5,qd9vgvrnqb48,,,
0.06323170731707317,0.2898170731707317,0.0,0.566280487804878,0.042682926829268296,0.024390243902439025,1990-07-26T01:31:18Z,ls5,qd9vgvrnqb48,0.5746561957560943,0.2941036823978374,0.06416695111436091
,,1.0,,,,1990-08-11T01:31:13Z,ls5,qd9vgvrnqb48,,,
0.009080459770114945,0.09,0.4695121951219512,0.27413793103448275,0.25287356321839083,0.367816091954023,1990-08-27T01:31:08Z,ls5,qd9vgvrnqb48,0.27861261854443886,0.09146904835232521,0.009228677930822087
0.1676829268292683,0.2023170731707317,0.0,0.5917073170731707,0.0,0.024390243902439025,1990-09-12T01:31:05Z,ls5,qd9vgvrnqb48,0.6002610368482584,0.20524176837000424,0.1701069508792983
0.1532317073170732,0.2503048780487805,0.0,0.5761585365853659,0.0,0.006097560975609756,1990-09-28T01:30:56Z,ls5,qd9vgvrnqb48,0.5845138573686104,0.2539347427768172,0.15545383887896264
0.12162162162162163,0.5545045045045045,0.323170731707317,0.3134234234234235,0.0,0.0,1990-10-30T01:30:41Z,ls5,qd9vgvrnqb48,0.31673343044428265,0.560360524399126,0.12290604515659141
0.2552439024390244,0.5729268292682927,0.0,0.15853658536585366,0.0,0.0,1990-11-15T01:30:43Z,ls5,qd9vgvrnqb48,0.160672351996045,0.5806451612903226,0.2586824867136324
0.2778658536585366,0.6027439024390243,0.0,0.10530487804878048,0.0,0.0,1990-12-17T01:30:41Z,ls5,qd9vgvrnqb48,0.10680932648896035,0.6113550621559775,0.2818356113550622
0.23911392405063292,0.6729113924050633,0.5182926829268293,0.07822784810126582,0.0,0.0,1991-01-02T01:31:07Z,ls5,qd9vgvrnqb48,0.07899782692061869,0.6795347053560015,0.2414674677233798
0.38798780487804885,0.5179878048780489,0.0,0.08042682926829267,0.0,0.0,1991-01-18T01:31:34Z,ls5,qd9vgvrnqb48,0.08153551338319834,0.5251282685293935,0.39333621808740804
0.28121621621621623,0.6487837837837838,0.5487804878048781,0.05459459459459459,0.0,0.0,1991-02-03T01:31:46Z,ls5,qd9vgvrnqb48,0.055448805929179244,0.6589349437276969,0.2856162503431238
0.4565853658536585,0.4534756097560975,0.0,0.07542682926829268,0.0,0.0,1991-02-19T01:32:08Z,ls5,qd9vgvrnqb48,0.07653755723301572,0.4601534463556491,0.46330899641133527
0.44963414634146337,0.4473780487804878,0.0,0.0877439024390244,0.0,0.0,1991-03-07T01:32:25Z,ls5,qd9vgvrnqb48,0.08910216718266255,0.45430340557275545,0.456594427244582
0.4805487804878049,0.4184146341463415,0.0,0.08518292682926829,0.0,0.0,1991-03-23T01:32:48Z,ls5,qd9vgvrnqb48,0.08655514250309787,0.4251548946716233,0.4882899628252788
0.43823170731707317,0.4611585365853658,0.0,0.08609756097560976,0.0,0.0,1991-04-08T01:33:01Z,ls5,qd9vgvrnqb48,0.08736542507115456,0.467949511199109,0.44468506372973643
0.38658536585365855,0.41865853658536584,0.0,0.18103658536585365,0.0,0.0,1991-04-24T01:33:16Z,ls5,qd9vgvrnqb48,0.18355486862442041,0.42448222565687793,0.39196290571870174
,,1.0,,,,1991-05-10T01:33:35Z,ls5,qd9vgvrnqb48,,,
0.276219512195122,0.31432926829268293,0.0,0.39731707317073167,0.0,0.0,1991-05-26T01:33:52Z,ls5,qd9vgvrnqb48,0.4021973952225171,0.31819023517066847,0.2796123696068144
0.035792682926829265,0.09573170731707317,0.0,0.5423780487804878,0.09146341463414634,0.22560975609756098,1991-06-27T01:34:18Z,ls5,qd9vgvrnqb48,0.5496411641640847,0.0970136737197991,0.03627199138440896
0.017073170731707315,0.09945121951219511,0.0,0.43018292682926834,0.21951219512195122,0.22560975609756098,1991-07-13T01:34:28Z,ls5,qd9vgvrnqb48,0.43661216084612336,0.10093755270588618,0.017328335228478313
0.047378048780487805,0.21652439024390244,0.0,0.45737804878048777,0.23170731707317074,0.036585365853658534,1991-08-14T01:34:45Z,ls5,qd9vgvrnqb48,0.4639899049256787,0.2196544663899594,0.04806294575753265
0.12689024390243903,0.2055487804878049,0.0,0.5333536585365853,0.08536585365853659,0.036585365853658534,1991-08-30T01:34:54Z,ls5,qd9vgvrnqb48,0.5409037737113057,0.20845851391114803,0.12868649286535122
,,1.0,,,,1991-09-15T01:35:08Z,ls5,qd9vgvrnqb48,,,
,,1.0,,,,1991-10-01T01:35:13Z,ls5,qd9vgvrnqb48,,,
0.19310975609756098,0.3773780487804878,0.0,0.41810975609756096,0.0,0.0,1991-10-17T01:35:24Z,ls5,qd9vgvrnqb48,0.4229322148892864,0.381730709924135,0.1953370751865787
0.14666666666666667,0.695,0.9634146341463414,0.14833333333333334,0.0,0.0,1991-11-02T01:35:23Z,ls5,qd9vgvrnqb48,0.14983164983164984,0.702020202020202,0.14814814814814814
0.2648170731707317,0.5820731707317073,0.0,0.13932926829268294,0.0,0.0,1991-11-18T01:35:27Z,ls5,qd9vgvrnqb48,0.1412761221713862,0.590206504266106,0.2685173735625077
0.19064285714285711,0.6867857142857143,0.14634146341463417,0.1095714285714286,0.0,0.0,1991-12-04T01:35:41Z,ls5,qd9vgvrnqb48,0.11101461861340282,0.6958315240990013,0.19315385728759585
0.24987804878048778,0.6216463414634146,0.0,0.11414634146341462,0.0,0.0,1991-12-20T01:35:33Z,ls5,qd9vgvrnqb48,0.11580575317042995,0.6306835756263532,0.2535106712032168
,,1.0,,,,1992-01-05T01:35:30Z,ls5,qd9vgvrnqb48,,,
,,1.0,,,,1992-01-21T01:35:30Z,ls5,qd9vgvrnqb48,,,
0.3728048780487805,0.5170121951219512,0.0,0.0949390243902439,0.0,0.0,1992-02-22T01:35:25Z,ls5,qd9vgvrnqb48,0.09640866873065015,0.5250154798761609,0.37857585139318883
0.26415094339622647,0.6017924528301886,0.35365853658536583,0.12103773584905658,0.0,0.0,1992-03-09T01:35:25Z,ls5,qd9vgvrnqb48,0.12263429554578473,0.6097304530682469,0.26763525138596833
0.07701219512195122,0.36914634146341463,0.0,0.2521951219512195,0.24390243902439024,0.04878048780487805,1992-04-10T01:35:13Z,ls5,qd9vgvrnqb48,0.2554320627463674,0.3738843587684981,0.07800065165586606
,,1.0,,,,1992-04-26T01:35:05Z,ls5,qd9vgvrnqb48,,,
0.21707317073170732,0.20682926829268294,0.0,0.5570731707317074,0.0,0.006097560975609756,1992-05-12T01:34:58Z,ls5,qd9vgvrnqb48,0.5644140155971425,0.2095547658609356,0.2199336575663121
0.1695731707317073,0.26518292682926825,0.0,0.5507317073170731,0.0,0.0,1992-05-28T01:34:49Z,ls5,qd9vgvrnqb48,0.5588417275089717,0.26908798416037616,0.17207028833065216
0.0,0.0,0.39634146341463417,0.0,0.6161616161616161,0.3838383838383838,1992-06-13T01:34:38Z,ls5,qd9vgvrnqb48,0.0,0.0,0.0
0.1618421052631579,0.2513157894736842,0.5365853658536586,0.5759210526315789,0.0,0.0,1992-06-29T01:34:27Z,ls5,qd9vgvrnqb48,0.5822801649594253,0.25409072768391644,0.16362910735665825
0.042195121951219515,0.1700609756097561,0.0,0.49067073170731706,0.17682926829268292,0.10975609756097561,1992-07-15T01:34:15Z,ls5,qd9vgvrnqb48,0.49799163436637833,0.17259831841031803,0.04282468136964507
0.03713414634146341,0.17835365853658536,0.0,0.5179878048780487,0.12804878048780488,0.12804878048780488,1992-07-31T01:34:02Z,ls5,qd9vgvrnqb48,0.5253513358975971,0.18088907092412848,0.037662032202664696
0.021885245901639344,0.0066393442622950825,0.25609756097560976,0.020573770491803277,0.36065573770491804,0.5901639344262295,1992-09-01T01:33:32Z,ls5,qd9vgvrnqb48,0.020608117354060065,0.006650428309477553,0.021921782205314894
0.05932926829268293,0.24103658536585368,0.0,0.5001219512195123,0.12804878048780488,0.06097560975609756,1992-09-17T01:33:18Z,ls5,qd9vgvrnqb48,0.5066744326035583,0.2441945905976427,0.060106586554896625
,,1.0,,,,1992-10-03T01:32:56Z,ls5,qd9vgvrnqb48,,,
0.0650609756097561,0.33054878048780495,0.0,0.48341463414634145,0.06097560975609756,0.04878048780487805,1992-10-19T01:32:43Z,ls5,qd9vgvrnqb48,0.48958474323921924,0.3347677715817114,0.06589138761809371
0.2943292682926829,0.5715853658536586,0.0,0.11902439024390243,0.0,0.0,1992-12-06T01:32:27Z,ls5,qd9vgvrnqb48,0.1208444251841763,0.5803256361047484,0.2988299387110753
0.3164634146341464,0.5718902439024389,0.0,0.09713414634146342,0.0,0.0,1993-01-07T01:32:47Z,ls5,qd9vgvrnqb48,0.09856453409231532,0.5803118425937382,0.32112362331394634
0.31170731707317073,0.5637804878048781,0.0,0.11054878048780487,0.0,0.0,1993-01-23T01:32:58Z,ls5,qd9vgvrnqb48,0.1121142786469606,0.5717642693710965,0.31612145198194297
,,1.0,,,,1993-02-08T01:33:09Z,ls5,qd9vgvrnqb48,,,
0.3624390243902439,0.5019512195121951,0.0,0.12164634146341463,0.0,0.0,1993-02-24T01:33:12Z,ls5,qd9vgvrnqb48,0.12336899387792963,0.5090594273699833,0.36757157875208707
0.2673170731707317,0.565060975609756,0.0,0.15402439024390244,0.0,0.0,1993-03-12T01:33:24Z,ls5,qd9vgvrnqb48,0.15614761698708043,0.572850343079681,0.27100203993323857
0.3925,0.4920121951219512,0.0,0.10195121951219512,0.0,0.0,1993-04-13T01:33:33Z,ls5,qd9vgvrnqb48,0.10335022870564962,0.49876375324514766,0.3978860180492026
0.24556962025316453,0.6015822784810126,0.03658536585365857,0.13398734177215188,0.006329113924050633,0.0,1993-04-29T01:33:40Z,ls5,qd9vgvrnqb48,0.1356987011884134,0.6092660154916719,0.24870616939586399
0.39725609756097563,0.5051219512195122,0.0,0.08560975609756097,0.0,0.0,1993-05-15T01:33:43Z,ls5,qd9vgvrnqb48,0.08665062025550822,0.5112633462938961,0.40208603345059557
0.25646341463414635,0.5081707317073171,0.0,0.22292682926829266,0.0,0.0,1993-05-31T01:33:47Z,ls5,qd9vgvrnqb48,0.22573474932081994,0.5145714991355891,0.25969375154359103
0.028475609756097562,0.19634146341463415,0.0,0.5095121951219512,0.1402439024390244,0.11585365853658537,1993-07-02T01:33:37Z,ls5,qd9vgvrnqb48,0.5161545113748904,0.19890109222440727,0.028846835425092608
0.09475609756097561,0.171890243902439,0.0,0.5384146341463415,0.1402439024390244,0.042682926829268296,1993-07-18T01:33:38Z,ls5,qd9vgvrnqb48,0.54644823885185,0.17445499267535278,0.09616993920450452
0.05987804878048781,0.15256097560975612,0.0,0.4845731707317073,0.17682926829268292,0.11585365853658537,1993-08-03T01:33:37Z,ls5,qd9vgvrnqb48,0.49173727412193197,0.15481649173940784,0.06076330730939188
0.027865853658536586,0.09213414634146343,0.0,0.29463414634146345,0.3048780487804878,0.27439024390243905,1993-08-19T01:33:37Z,ls5,qd9vgvrnqb48,0.29896700143472016,0.09348906025824963,0.02827564562410329
,,1.0,,,,1993-09-04T01:33:36Z,ls5,qd9vgvrnqb48,,,
0.05347560975609757,0.16317073170731705,0.0,0.45597560975609747,0.18292682926829268,0.13414634146341464,1993-09-20T01:33:34Z,ls5,qd9vgvrnqb48,0.4629613660836092,0.16567058246051594,0.05429488072416761
0.10254716981132077,0.21150943396226413,0.35365853658536583,0.5687735849056603,0.08490566037735849,0.018867924528301886,1993-10-06T01:33:30Z,ls5,qd9vgvrnqb48,0.5774042590942269,0.2147189167174086,0.10410323928270437
0.1478048780487805,0.4918292682926829,0.0,0.34280487804878046,0.006097560975609756,0.0,1993-10-22T01:33:22Z,ls5,qd9vgvrnqb48,0.3468048356625572,0.4975680904400901,0.14952951292174294
0.20170731707317072,0.599329268292683,0.0,0.18676829268292686,0.0,0.0,1993-11-07T01:33:16Z,ls5,qd9vgvrnqb48,0.18907407407407412,0.6067283950617285,0.2041975308641975
0.26701219512195123,0.6026219512195122,0.0,0.11628048780487805,0.0,0.0,1993-11-23T01:33:08Z,ls5,qd9vgvrnqb48,0.11794174036736965,0.6112313686684395,0.2708268909641907
0.055,0.81,0.975609756097561,0.1225,0.0,0.0,1993-12-09T01:33:05Z,ls5,qd9vgvrnqb48,0.12405063291139239,0.820253164556962,0.05569620253164556
0.25152439024390244,0.6267073170731707,0.0,0.10798780487804878,0.0,0.0,1993-12-25T01:32:56Z,ls5,qd9vgvrnqb48,0.1094967231358971,0.6354643254606157,0.25503895140348704
0.25737804878048776,0.6267073170731707,0.0,0.10250000000000001,0.0,0.0,1994-01-10T01:32:43Z,ls5,qd9vgvrnqb48,0.10389369592089,0.6352286773794809,0.2608776266996291
0.2756707317073171,0.6130487804878049,0.0,0.09871951219512194,0.0,0.0,1994-01-26T01:32:30Z,ls5,qd9vgvrnqb48,0.0999752994936396,0.620847227368161,0.27917747313819935
0.29000000000000004,0.585,0.0,0.11164634146341465,0.0,0.0,1994-02-27T01:32:05Z,ls5,qd9vgvrnqb48,0.11315740683517707,0.5929176194301958,0.29392497373462706
0.345,0.5066463414634147,0.0,0.13487804878048779,0.0,0.0,1994-03-15T01:31:51Z,ls5,qd9vgvrnqb48,0.13672044007664252,0.5135669695284011,0.3497125903949564
0.3604878048780488,0.49225609756097566,0.0,0.13335365853658537,0.0,0.0,1994-03-31T01:31:35Z,ls5,qd9vgvrnqb48,0.13523373732376945,0.49919614147909963,0.3655701211971308
0.34085365853658534,0.5260365853658536,0.0,0.12024390243902439,0.0,0.0,1994-05-02T01:31:01Z,ls5,qd9vgvrnqb48,0.1218111063067515,0.5328927049230959,0.34529618877015256
0.15231707317073173,0.2910365853658537,0.0,0.14798780487804877,0.07926829268292683,0.3231707317073171,1994-06-03T01:30:25Z,ls5,qd9vgvrnqb48,0.1495442862244667,0.2940976012152368,0.1539190881700527
0.1126829268292683,0.11786585365853658,0.0,0.4442073170731707,0.0975609756097561,0.21951219512195122,1994-07-05T01:29:39Z,ls5,qd9vgvrnqb48,0.44958629597140004,0.11929311051650189,0.11404742278039084
0.09951219512195122,0.17158536585365855,0.0,0.6532926829268293,0.018292682926829267,0.042682926829268296,1994-07-21T01:29:13Z,ls5,qd9vgvrnqb48,0.6636350473003411,0.17430175686981142,0.10108758607374992
0.06731707317073171,0.18737804878048778,0.0,0.6624390243902438,0.012195121951219513,0.054878048780487805,1994-08-22T01:28:24Z,ls5,qd9vgvrnqb48,0.6738459592560821,0.1906046237844201,0.06847624622779039
0.10835365853658538,0.19475609756097562,0.0,0.6510975609756099,0.0,0.03048780487804878,1994-09-07T01:28:00Z,ls5,qd9vgvrnqb48,0.6615407514545464,0.1978798614109216,0.1100915822564833
0.1424390243902439,0.22121951219512195,0.0,0.6209756097560976,0.0,0.0,1994-09-23T01:27:35Z,ls5,qd9vgvrnqb48,0.6306663363884072,0.2246717859796879,0.14466187763190486
0.233109756097561,0.5320731707317073,0.0,0.2201829268292683,0.0,0.0,1994-10-25T01:26:34Z,ls5,qd9vgvrnqb48,0.22345297029702968,0.5399752475247525,0.2365717821782178
0.12579268292682927,0.7039634146341464,0.0,0.15804878048780488,0.0,0.0,1994-11-10T01:26:00Z,ls5,qd9vgvrnqb48,0.16,0.7126543209876544,0.12734567901234567
,,1.0,,,,1994-11-26T01:25:28Z,ls5,qd9vgvrnqb48,,,
0.20109756097560977,0.6920121951219512,0.0,0.0948780487804878,0.0,0.0,1994-12-12T01:25:00Z,ls5,qd9vgvrnqb48,0.0960315990865889,0.7004258470653583,0.20354255384805284
0.30957317073170737,0.5687804878048781,0.0,0.10670731707317073,0.0,0.0,1994-12-28T01:24:28Z,ls5,qd9vgvrnqb48,0.10832559579077684,0.5774063757350666,0.31426802847415664
0.206890243902439,0.5954268292682927,0.0,0.1851219512195122,0.0,0.0,1995-01-13T01:23:54Z,ls5,qd9vgvrnqb48,0.18747684327528713,0.6030011115227862,0.20952204520192663
0.025384615384615387,0.8376923076923077,0.524390243902439,0.12884615384615386,0.0,0.0,1995-01-29T01:23:17Z,ls5,qd9vgvrnqb48,0.12989530825901513,0.8445133772780148,0.025591314462970145
,,1.0,,,,1995-03-09T01:27:54Z,ls5,qd9vgvrnqb48,,,
0.35469512195121955,0.5164634146341462,0.0,0.11487804878048782,0.0,0.0,1995-03-18T01:21:20Z,ls5,qd9vgvrnqb48,0.11650485436893207,0.5237771319027889,0.3597180137282791
0.3539634146341463,0.4398780487804878,0.0,0.1918292682926829,0.0,0.0,1995-04-19T01:20:02Z,ls5,qd9vgvrnqb48,0.19461800185586142,0.446272811630065,0.35910918651407364
,,1.0,,,,1995-04-26T01:25:54Z,ls5,qd9vgvrnqb48,,,
0.3133536585365853,0.3066463414634146,0.0,0.3674390243902439,0.0,0.0,1995-05-05T01:19:19Z,ls5,qd9vgvrnqb48,0.37211312831913057,0.3105471162158824,0.317339755464987
,,1.0,,,,1995-05-12T01:25:11Z,ls5,qd9vgvrnqb48,,,
,,1.0,,,,1995-05-21T01:18:36Z,ls5,qd9vgvrnqb48,,,
,,1.0,,,,1995-06-13T01:23:42Z,ls5,qd9vgvrnqb48,,,
0.0,0.03695652173913044,0.8597560975609756,0.006521739130434782,0.0,0.9565217391304348,1995-07-24T01:15:40Z,ls5,qd9vgvrnqb48,0.006521739130434778,0.036956521739130416,0.0
0.06432926829268293,0.22207317073170732,0.0,0.4417073170731708,0.17682926829268292,0.08536585365853659,1995-08-25T01:14:13Z,ls5,qd9vgvrnqb48,0.44758885659369957,0.22503017886723545,0.06518584258784553
0.07268292682926829,0.20426829268292682,0.0,0.43865853658536585,0.23170731707317074,0.042682926829268296,1995-09-10T01:13:27Z,ls5,qd9vgvrnqb48,0.4447883934360816,0.207122757577269,0.07369860508421035
0.2629787234042554,0.6208510638297873,0.1402439024390244,0.10163120567375888,0.0,0.0,1995-12-15T01:12:16Z,ls5,qd9vgvrnqb48,0.10313062252608853,0.63001079525009,0.2668585822238215
0.42091463414634145,0.47207317073170735,0.0,0.09365853658536585,0.0,0.0,1996-01-16T01:14:35Z,ls5,qd9vgvrnqb48,0.0949261479513009,0.4784623941659972,0.4266114578827019
0.40256097560975607,0.47701219512195125,0.0,0.10609756097560975,0.0,0.0,1996-02-17T01:16:48Z,ls5,qd9vgvrnqb48,0.10763996288277143,0.483946798639035,0.4084132384781936
0.46396341463414636,0.421890243902439,0.0,0.09902439024390243,0.0,0.0,1996-03-04T01:17:52Z,ls5,qd9vgvrnqb48,0.10054482417038137,0.4283680039623576,0.47108717186726107
0.4961585365853658,0.38932926829268294,0.0,0.10164634146341464,0.0,0.0,1996-03-20T01:18:54Z,ls5,qd9vgvrnqb48,0.1029711532522083,0.39440360738773245,0.5026252393600593
0.4371951219512195,0.44829268292682933,0.0,0.10195121951219512,0.0,0.0,1996-04-21T01:20:54Z,ls5,qd9vgvrnqb48,0.10324811658639,0.45399530690379153,0.4427565765098184
,,1.0,,,,1996-05-07T01:21:51Z,ls5,qd9vgvrnqb48,,,
0.39579268292682923,0.26146341463414635,0.0,0.3299390243902439,0.0,0.0,1996-05-23T01:22:46Z,ls5,qd9vgvrnqb48,0.33421865348980856,0.2648548486720198,0.4009264978381717
0.10426829268292684,0.15823170731707317,0.0,0.6598170731707318,0.018292682926829267,0.04878048780487805,1996-06-24T01:24:31Z,ls5,qd9vgvrnqb48,0.6674071942028424,0.160051905457571,0.10546772960787917
0.04908536585365854,0.14310975609756096,0.0,0.5604268292682927,0.042682926829268296,0.1951219512195122,1996-07-10T01:25:20Z,ls5,qd9vgvrnqb48,0.5675553241394846,0.14493007787567952,0.0497097199360554
0.022682926829268295,0.0754268292682927,0.0,0.3596341463414634,0.17073170731707318,0.36585365853658536,1996-07-26T01:26:12Z,ls5,qd9vgvrnqb48,0.36408945147130967,0.07636124982536624,0.022963932849665518
0.0052439024390243906,0.02567073170731707,0.0,0.20932926829268292,0.34146341463414637,0.4146341463414634,1996-08-27T01:27:54Z,ls5,qd9vgvrnqb48,0.21251702364739378,0.026061656555651846,0.005323758821344558
0.31896551724137934,0.07379310344827589,0.8231707317073171,0.4613793103448276,0.0,0.13793103448275862,1996-09-12T01:28:47Z,ls5,qd9vgvrnqb48,0.46566341375133985,0.07447830384363734,0.32192724792226407
0.09134146341463414,0.2960975609756098,0.0,0.49737804878048775,0.06097560975609756,0.042682926829268296,1996-10-14T01:30:29Z,ls5,qd9vgvrnqb48,0.5038561999223465,0.2999541138682009,0.09253114962408669
,,1.0,,,,1996-10-30T01:31:16Z,ls5,qd9vgvrnqb48,,,
,,1.0,,,,1996-11-15T01:32:01Z,ls5,qd9vgvrnqb48,,,
,,1.0,,,,1996-12-01T01:32:47Z,ls5,qd9vgvrnqb48,,,
0.2745731707317074,0.5895731707317073,0.0,0.12158536585365855,0.0,0.0,1996-12-17T01:33:32Z,ls5,qd9vgvrnqb48,0.12334529258938513,0.5981071384386984,0.2785475689719164
0.30103658536585365,0.5645731707317073,0.0,0.1196341463414634,0.0,0.0,1997-01-02T01:34:18Z,ls5,qd9vgvrnqb48,0.12142591904938728,0.5730288402029954,0.3055452407476173
0.34542682926829266,0.5237804878048781,0.0,0.11682926829268293,0.0,0.0,1997-01-18T01:35:03Z,ls5,qd9vgvrnqb48,0.11848370539855296,0.5311978232638674,0.3503184713375796
0.3097560975609756,0.5771341463414633,0.0,0.09890243902439023,0.0,0.0,1997-02-03T01:35:46Z,ls5,qd9vgvrnqb48,0.10032782829220017,0.5854518463536834,0.3142203253541165
0.46149999999999997,0.5083333333333333,0.6341463414634146,0.015500000000000002,0.0,0.0,1997-03-07T01:37:06Z,ls5,qd9vgvrnqb48,0.01573071718538566,0.5158998646820028,0.4683694181326117
0.383170731707317,0.4828658536585367,0.0,0.1203658536585366,0.0,0.0,1997-03-23T01:37:42Z,ls5,qd9vgvrnqb48,0.12202509736045002,0.4895221610929097,0.38845274154664017
0.25432926829268293,0.5260365853658537,0.0,0.206219512195122,0.0,0.0,1997-04-08T01:38:18Z,ls5,qd9vgvrnqb48,0.20902348578491967,0.5331891223733003,0.2577873918417799
0.3387195121951219,0.3164634146341464,0.0,0.3317073170731707,0.0,0.0,1997-04-24T01:38:52Z,ls5,qd9vgvrnqb48,0.33611368551127585,0.32066728452270626,0.3432190299660179
,,1.0,,,,1997-05-10T01:39:25Z,ls5,qd9vgvrnqb48,,,
0.20788461538461536,0.10557692307692308,0.6829268292682926,0.6707692307692307,0.0,0.0,1997-05-26T01:39:59Z,ls5,qd9vgvrnqb48,0.681516217272372,0.10726846424384527,0.21121531848378272
0.060060975609756095,0.22243902439024393,0.0,0.5765853658536586,0.0,0.12804878048780488,1997-07-29T01:42:10Z,ls5,qd9vgvrnqb48,0.585220436631934,0.22577032073110143,0.06096046214915978
0.07152439024390243,0.21158536585365856,0.0,0.6057926829268292,0.024390243902439025,0.07317073170731707,1997-08-14T01:42:41Z,ls5,qd9vgvrnqb48,0.6150179522099789,0.21480747802401884,0.07261359415624613
0.14591463414634145,0.2176219512195122,0.0,0.6040243902439024,0.0,0.018292682926829267,1997-08-30T01:43:11Z,ls5,qd9vgvrnqb48,0.612855601394431,0.2208037190971859,0.14804799658155393
0.11219512195121953,0.26823170731707313,0.0,0.5332926829268293,0.03048780487804878,0.042682926829268296,1997-09-15T01:43:38Z,ls5,qd9vgvrnqb48,0.540944196228749,0.27208021029159235,0.11380486177234146
0.14439024390243904,0.44981707317073166,0.0,0.3940853658536585,0.0,0.0,1997-10-17T01:44:31Z,ls5,qd9vgvrnqb48,0.398753701875617,0.4551456071076012,0.14610069101678186
0.17847560975609755,0.5913414634146342,0.0,0.21743902439024387,0.0,0.0,1997-11-02T01:44:57Z,ls5,qd9vgvrnqb48,0.22024581557655484,0.5989747390525602,0.18077944537088506
0.17841463414634148,0.6842682926829268,0.0,0.12365853658536587,0.0,0.0,1997-12-20T01:46:07Z,ls5,qd9vgvrnqb48,0.12537091988130566,0.6937438180019782,0.18088526211671616
0.2023170731707317,0.6589024390243903,0.0,0.1251829268292683,0.0,0.0,1998-01-05T01:46:30Z,ls5,qd9vgvrnqb48,0.12690857390121776,0.6679854113865364,0.20510601471224577
0.2178048780487805,0.6492682926829267,0.0,0.11951219512195123,0.0,0.0,1998-01-21T01:46:50Z,ls5,qd9vgvrnqb48,0.12113720642768853,0.6580964153275649,0.22076637824474662
0.23682926829268294,0.6341463414634146,0.0,0.11573170731707319,0.0,0.0,1998-02-06T01:47:11Z,ls5,qd9vgvrnqb48,0.11729081695711287,0.64268940798418,0.24001977505870722
0.24378048780487807,0.6051219512195123,0.0,0.1373780487804878,0.0,0.0,1998-02-22T01:47:29Z,ls5,qd9vgvrnqb48,0.13928902627511588,0.6135394126738795,0.24717156105100466
0.2840243902439024,0.5913414634146341,0.0,0.10951219512195122,0.0,0.0,1998-03-26T01:47:59Z,ls5,qd9vgvrnqb48,0.11119366022783557,0.6004210004952947,0.2883853392768697
0.2531707317073171,0.6045731707317072,0.0,0.1278658536585366,0.0,0.0,1998-04-11T01:48:10Z,ls5,qd9vgvrnqb48,0.1297327394209354,0.6134001484780994,0.25686711210096513
,,1.0,,,,1998-05-13T01:48:38Z,ls5,qd9vgvrnqb48,,,
,,1.0,,,,1998-05-29T01:48:54Z,ls5,qd9vgvrnqb48,,,
0.04841463414634146,0.1601219512195122,0.0,0.6566463414634146,0.006097560975609756,0.11585365853658537,1998-07-16T01:49:29Z,ls5,qd9vgvrnqb48,0.666411115446696,0.16250307263098002,0.04913459241012876
,,1.0,,,,1998-08-01T01:49:35Z,ls5,qd9vgvrnqb48,,,
,,1.0,,,,1998-08-17T01:49:43Z,ls5,qd9vgvrnqb48,,,
,,1.0,,,,1998-09-02T01:49:54Z,ls5,qd9vgvrnqb48,,,
,,1.0,,,,1998-09-18T01:50:01Z,ls5,qd9vgvrnqb48,,,
0.11341463414634147,0.4345121951219513,0.0,0.43884146341463415,0.0,0.0,1998-10-20T01:50:04Z,ls5,qd9vgvrnqb48,0.4447259469814002,0.4403386269542112,0.11493542606438856
0.0884375,0.6942708333333334,0.41463414634146345,0.20572916666666666,0.0,0.0,1998-11-05T01:50:09Z,ls5,qd9vgvrnqb48,0.20813573611550212,0.7023922436505428,0.0894720202339551
0.11516129032258066,0.6718064516129034,0.054878048780487854,0.2005806451612903,0.0,0.0,1998-12-07T01:50:12Z,ls5,qd9vgvrnqb48,0.20310968837786628,0.6802769974521462,0.11661331416998759
,,1.0,,,,1998-12-23T01:50:17Z,ls5,qd9vgvrnqb48,,,
0.2785975609756097,0.5812195121951219,0.0,0.12493902439024392,0.0,0.0,1999-01-08T01:50:17Z,ls5,qd9vgvrnqb48,0.1268730650154799,0.5902167182662539,0.2829102167182662
0.32195121951219513,0.5319512195121952,0.0,0.13121951219512196,0.0,0.0,1999-02-09T01:50:25Z,ls5,qd9vgvrnqb48,0.13320128744738796,0.5399851448378312,0.3268135677147809
0.33768292682926837,0.5241463414634147,0.0,0.12353658536585364,0.0,0.0,1999-02-25T01:50:28Z,ls5,qd9vgvrnqb48,0.12537128712871284,0.5319306930693068,0.3426980198019802
0.20966101694915254,0.6284745762711864,0.6402439024390244,0.14440677966101695,0.0,0.0,1999-03-13T01:50:17Z,ls5,qd9vgvrnqb48,0.14697257202001035,0.6396411937208901,0.21338623425909953
,,1.0,,,,1999-03-29T01:49:59Z,ls5,qd9vgvrnqb48,,,
0.1223780487804878,0.3775,0.0,0.4268292682926829,0.06097560975609756,0.0,1999-04-14T01:49:58Z,ls5,qd9vgvrnqb48,0.43250235107957075,0.3825174365048032,0.12400460265952835
0.22353658536585364,0.2504878048780488,0.0,0.5003048780487805,0.006097560975609756,0.006097560975609756,1999-04-30T01:49:56Z,ls5,qd9vgvrnqb48,0.5072244210770539,0.2539522147208455,0.22662824225088107
,,1.0,,,,1999-05-16T01:49:42Z,ls5,qd9vgvrnqb48,,,
0.07823170731707316,0.24902439024390247,0.0,0.49018292682926823,0.06707317073170732,0.10365853658536585,1999-06-01T01:49:20Z,ls5,qd9vgvrnqb48,0.497276428828737,0.2526280551482227,0.0793638087059671
0.0775,0.2682317073170732,0.0,0.5928048780487805,0.024390243902439025,0.024390243902439025,1999-06-17T01:49:11Z,ls5,qd9vgvrnqb48,0.6008157547791694,0.2718564601186552,0.07854729729729729
0.08573170731707316,0.2644512195121951,0.0,0.5456097560975609,0.006097560975609756,0.08536585365853659,1999-07-03T01:49:02Z,ls5,qd9vgvrnqb48,0.5533718171570117,0.26821340757822526,0.08695136063061673
,,1.0,,,,1999-07-19T01:48:58Z,ls5,qd9vgvrnqb48,,,
0.011158536585365855,0.028963414634146343,0.0,0.09176829268292683,0.2682926829268293,0.5975609756097561,1999-07-27T02:04:05Z,ls7,qd9vgvrnqb48,0.09333806930302313,0.029458859082349496,0.011349413078042016
0.0249390243902439,0.05890243902439025,0.0,0.1146951219512195,0.31097560975609756,0.4878048780487805,1999-08-04T01:48:57Z,ls5,qd9vgvrnqb48,0.11624505603164138,0.059698417930125244,0.0252760382333553
0.29382608695652174,0.17504347826086955,0.2987804878048781,0.28582608695652173,0.043478260869565216,0.19130434782608696,1999-08-12T02:04:08Z,ls7,qd9vgvrnqb48,0.28981098804210065,0.17748388163332782,0.2979225216289194
0.009085365853658538,0.03152439024390244,0.0,0.08560975609756097,0.40853658536585363,0.4634146341463415,1999-08-20T01:48:45Z,ls5,qd9vgvrnqb48,0.08685047720042421,0.03198126546482857,0.009217037822552144
0.008719512195121952,0.03524390243902439,0.0,0.10634146341463416,0.5975609756097561,0.25,1999-09-05T01:48:17Z,ls5,qd9vgvrnqb48,0.10785138277346264,0.03574432296047098,0.008843318656310297
,,1.0,,,,1999-09-13T02:04:05Z,ls7,qd9vgvrnqb48,,,
0.01128048780487805,0.07292682926829269,0.0,0.1501829268292683,0.4634146341463415,0.29878048780487804,1999-09-29T02:04:15Z,ls7,qd9vgvrnqb48,0.15237081546153652,0.07398923885180582,0.01144482373543819
0.06999999999999999,0.06739130434782607,0.7195121951219512,0.05630434782608695,0.4782608695652174,0.32608695652173914,1999-10-15T02:04:13Z,ls7,qd9vgvrnqb48,0.05687307861220904,0.06807202459376371,0.0707070707070707
0.12188811188811188,0.28811188811188815,0.12804878048780488,0.24020979020979022,0.18181818181818182,0.16083916083916083,1999-10-23T01:47:44Z,ls5,qd9vgvrnqb48,0.24284491589288315,0.29127250465172594,0.12322523679804812
0.24231707317073167,0.5510975609756097,0.0,0.16914634146341467,0.024390243902439025,0.0,1999-11-24T01:46:37Z,ls5,qd9vgvrnqb48,0.17143934267164798,0.5585684135062559,0.24560199991965712
0.21932515337423314,0.5997546012269939,0.0060975609756097615,0.16815950920245396,0.0,0.0,1999-12-02T02:04:02Z,ls7,qd9vgvrnqb48,0.17033308476261494,0.6075068356947553,0.22216007954262992
0.3545121951219512,0.4755487804878049,0.0,0.14932926829268295,0.006097560975609756,0.0,1999-12-10T01:46:18Z,ls5,qd9vgvrnqb48,0.1515419669512347,0.48259526347598175,0.3597652085971737
0.4114634146341464,0.4508536585365854,0.0,0.12286585365853658,0.0,0.0,1999-12-26T01:46:20Z,ls5,qd9vgvrnqb48,0.12471374636380515,0.4576344618431639,0.4176517917930309
0.4403658536585366,0.4126219512195121,0.0,0.13170731707317074,0.0,0.0,2000-01-03T02:04:03Z,ls7,qd9vgvrnqb48,0.1337544120378971,0.4190352343798377,0.4472103535822652
0.46378048780487807,0.3933536585365854,0.0,0.1274390243902439,0.0,0.0,2000-01-19T02:04:00Z,ls7,qd9vgvrnqb48,0.12943580850932063,0.39951693813092215,0.4710472533597572
0.35291390728476824,0.4686754966887417,0.07926829268292679,0.16456953642384106,0.0,0.0,2000-02-04T02:04:01Z,ls7,qd9vgvrnqb48,0.16687932308105569,0.4752535088308374,0.3578671680881069
0.5506707317073171,0.3185365853658536,0.0,0.11609756097560975,0.0,0.0,2000-02-20T02:03:53Z,ls7,qd9vgvrnqb48,0.11782907358128597,0.32328733213688965,0.5588835942818244
0.5595731707317073,0.30713414634146335,0.0,0.11884146341463414,0.0,0.0,2000-03-07T02:03:49Z,ls7,qd9vgvrnqb48,0.12058404999071955,0.31163769102270616,0.5677782589865743
0.6215853658536586,0.24310975609756097,0.0,0.12085365853658536,0.0,0.0,2000-03-23T02:03:51Z,ls7,qd9vgvrnqb48,0.12262575017014167,0.24667450349563816,0.6306997463342202
0.5619512195121951,0.28591463414634144,0.0,0.1377439024390244,0.0,0.0,2000-04-08T02:03:39Z,ls7,qd9vgvrnqb48,0.13975501113585748,0.29008908685968815,0.5701559020044543
0.6291463414634146,0.23957317073170736,0.0,0.11829268292682926,0.0,0.0,2000-04-24T02:03:33Z,ls7,qd9vgvrnqb48,0.11984926175325877,0.24272564403533703,0.6374250942114041
0.5929268292682927,0.20560975609756096,0.0,0.18878048780487802,0.0,0.0,2000-05-26T02:03:12Z,ls7,qd9vgvrnqb48,0.19120553359683792,0.20825098814229248,0.6005434782608695
,,1.0,,,,2000-06-27T02:02:56Z,ls7,qd9vgvrnqb48,,,
0.31426229508196724,0.19319672131147542,0.25609756097560976,0.45745901639344266,0.00819672131147541,0.01639344262295082,2000-07-29T02:02:26Z,ls7,qd9vgvrnqb48,0.4624330865682949,0.19529739921904157,0.31767935027823735
0.1673780487804878,0.2245731707317073,0.0,0.5342073170731708,0.012195121951219513,0.04878048780487805,2000-08-14T02:02:19Z,ls7,qd9vgvrnqb48,0.5416283285882435,0.22769285859953206,0.1697032030561269
,,1.0,,,,2000-08-30T02:02:09Z,ls7,qd9vgvrnqb48,,,
0.18164634146341466,0.1694512195121951,0.0,0.5676219512195121,0.0,0.06707317073170732,2000-09-15T02:01:50Z,ls7,qd9vgvrnqb48,0.5763998044506893,0.17207165716709266,0.18445536765051068
0.18682926829268293,0.2751219512195122,0.0,0.5174390243902439,0.006097560975609756,0.0,2000-10-01T02:01:41Z,ls7,qd9vgvrnqb48,0.5251062194970101,0.279198593256011,0.18959762627136914
0.24304878048780487,0.37957317073170727,0.0,0.36500000000000005,0.0,0.0,2000-10-17T02:01:23Z,ls7,qd9vgvrnqb48,0.36957461258257707,0.3843304315614002,0.2460949558560227
,,1.0,,,,2000-11-02T02:01:36Z,ls7,qd9vgvrnqb48,,,
0.3125,0.5184146341463415,0.0,0.1553048780487805,0.0,0.0,2000-12-04T02:01:34Z,ls7,qd9vgvrnqb48,0.157474959812044,0.5256584642018054,0.3168665759861506
0.3616463414634146,0.4793292682926829,0.0,0.14530487804878048,0.0,0.0,2000-12-20T02:01:39Z,ls7,qd9vgvrnqb48,0.1473261205564142,0.48599690880989177,0.3666769706336939
0.3545121951219512,0.5073170731707318,0.0,0.12384146341463416,0.0,0.0,2001-01-05T02:01:39Z,ls7,qd9vgvrnqb48,0.12564181874420044,0.514692236313022,0.35966594494277754
0.25821428571428573,0.5908333333333333,0.4878048780487805,0.13666666666666666,0.0,0.0,2001-02-06T02:01:39Z,ls7,qd9vgvrnqb48,0.13864734299516907,0.5993961352657005,0.2619565217391304
,,1.0,,,,2001-02-22T02:01:38Z,ls7,qd9vgvrnqb48,,,
0.4513414634146341,0.4085975609756098,0.0,0.12542682926829268,0.0,0.0,2001-03-10T02:01:34Z,ls7,qd9vgvrnqb48,0.12728960396039604,0.4146658415841585,0.4580445544554455
0.4769512195121952,0.39853658536585373,0.0,0.11024390243902438,0.0,0.0,2001-03-26T02:01:25Z,ls7,qd9vgvrnqb48,0.11183966349127797,0.40430533217864656,0.4838550043300755
0.46195121951219514,0.41524390243902437,0.0,0.10926829268292682,0.0,0.0,2001-04-27T02:01:19Z,ls7,qd9vgvrnqb48,0.11076770923476326,0.42094202002719744,0.4682902707380394
,,1.0,,,,2001-05-13T02:01:10Z,ls7,qd9vgvrnqb48,,,
0.12579268292682927,0.18036585365853658,0.0,0.1300609756097561,0.012195121951219513,0.5487804878048781,2001-05-29T02:01:01Z,ls7,qd9vgvrnqb48,0.1308972636832882,0.18152560055094538,0.1266015260096688
,,1.0,,,,2001-06-14T02:00:50Z,ls7,qd9vgvrnqb48,,,
0.2416463414634146,0.10628048780487805,0.0,0.635670731707317,0.0,0.0,2001-06-30T02:00:35Z,ls7,qd9vgvrnqb48,0.6462711549190999,0.10805281755625815,0.245676027524642
0.12182926829268292,0.23024390243902443,0.0,0.5962195121951219,0.006097560975609756,0.03048780487804878,2001-07-16T02:00:35Z,ls7,qd9vgvrnqb48,0.6057271278731305,0.23391548730302122,0.12377201897018972
0.07060975609756098,0.21310975609756094,0.0,0.5879878048780487,0.06707317073170732,0.04878048780487805,2001-08-01T02:00:23Z,ls7,qd9vgvrnqb48,0.5963782296258887,0.21615077388182943,0.0716173379556963
0.05829268292682927,0.17646341463414633,0.0,0.46810975609756095,0.13414634146341464,0.1524390243902439,2001-08-17T02:00:04Z,ls7,qd9vgvrnqb48,0.47513526037489917,0.17911182018040356,0.05916755359103864
,,1.0,,,,2001-09-02T01:59:53Z,ls7,qd9vgvrnqb48,,,
0.10152439024390243,0.1629268292682927,0.0,0.48140243902439017,0.0975609756097561,0.14634146341463414,2001-09-18T01:59:42Z,ls7,qd9vgvrnqb48,0.48801424492335166,0.1651645424237107,0.10291877362854726
0.08420731707317074,0.31609756097560976,0.0,0.4773170731707317,0.06707317073170732,0.042682926829268296,2001-10-04T01:59:30Z,ls7,qd9vgvrnqb48,0.4841818431385175,0.3206436733303621,0.08541838597014469
,,1.0,,,,2001-10-20T01:59:32Z,ls7,qd9vgvrnqb48,,,
0.19817073170731708,0.48628048780487804,0.0,0.30268292682926823,0.0,0.0,2001-11-05T01:59:37Z,ls7,qd9vgvrnqb48,0.30662795725492614,0.4926184446228921,0.20075359812218174
0.12615384615384617,0.6792307692307692,0.9207317073170732,0.1076923076923077,0.0,0.07692307692307693,2001-11-21T01:59:46Z,ls7,qd9vgvrnqb48,0.10887175166871883,0.6866696908819908,0.1275354805262135
0.26201219512195123,0.5631707317073171,0.0,0.1616463414634146,0.0,0.0,2001-12-07T01:59:47Z,ls7,qd9vgvrnqb48,0.16380375679683637,0.5706870983687593,0.26550914483440435
0.2978048780487805,0.5454268292682927,0.0,0.14286585365853657,0.0,0.0,2001-12-23T01:59:56Z,ls7,qd9vgvrnqb48,0.14488003957457332,0.5531164976502597,0.30200346277516693
0.33939024390243905,0.5153658536585366,0.0,0.13128048780487805,0.0,0.0,2002-01-08T01:59:59Z,ls7,qd9vgvrnqb48,0.13313957083668296,0.5226640281986271,0.3441964009646899
0.34,0.5095121951219512,0.0,0.13615853658536586,0.0,0.0,2002-01-24T02:00:06Z,ls7,qd9vgvrnqb48,0.1381379523662233,0.5169192700278379,0.3449427776059387
0.3746951219512195,0.47780487804878047,0.0,0.1326219512195122,0.0,0.0,2002-02-09T02:00:08Z,ls7,qd9vgvrnqb48,0.13462490715523645,0.4850210448130725,0.38035404803169104
0.3920731707317073,0.46506097560975607,0.0,0.12939024390243903,0.0,0.0,2002-02-25T02:00:10Z,ls7,qd9vgvrnqb48,0.1311576735274121,0.47141356078867663,0.39742876568391117
0.33286585365853655,0.5449999999999999,0.0,0.10859756097560977,0.0,0.0,2002-03-13T02:00:08Z,ls7,qd9vgvrnqb48,0.11008777351959453,0.5524786747434788,0.3374335517369267
0.41487804878048784,0.46207317073170734,0.0,0.10871951219512194,0.0,0.0,2002-03-29T02:00:03Z,ls7,qd9vgvrnqb48,0.1103000309310238,0.4687905969687597,0.42090937210021656
0.4354268292682927,0.42487804878048785,0.0,0.12621951219512198,0.0,0.0,2002-04-14T02:00:02Z,ls7,qd9vgvrnqb48,0.12794363063230116,0.43068174794486686,0.44137462142283207
0.17195121951219514,0.46128048780487807,0.0,0.3542682926829268,0.0,0.0,2002-04-30T02:00:04Z,ls7,qd9vgvrnqb48,0.3587527014510651,0.46711948132139547,0.17412781722753937
0.30878048780487805,0.19189024390243903,0.0,0.48609756097560974,0.0,0.0,2002-06-17T01:59:45Z,ls7,qd9vgvrnqb48,0.4926157078415621,0.1944633257121671,0.31292096644627077
0.18871951219512195,0.17939024390243904,0.0,0.6176219512195121,0.0,0.0,2002-07-03T01:59:40Z,ls7,qd9vgvrnqb48,0.6265619200791784,0.18198688605715702,0.1914511938636645
0.29100000000000004,0.184,0.9390243902439024,0.32299999999999995,0.0,0.2,2002-07-19T01:59:33Z,ls7,qd9vgvrnqb48,0.32380952380952377,0.18446115288220555,0.2917293233082707
0.13871951219512196,0.23024390243902437,0.0,0.5922560975609756,0.0,0.024390243902439025,2002-08-20T01:59:22Z,ls7,qd9vgvrnqb48,0.6011226567480088,0.2336908423638918,0.14079625698566048
,,1.0,,,,2002-09-05T01:59:13Z,ls7,qd9vgvrnqb48,,,
,,1.0,,,,2002-09-21T01:59:01Z,ls7,qd9vgvrnqb48,,,
0.2245731707317073,0.4226829268292682,0.0,0.3401219512195122,0.0,0.0,2002-10-23T01:59:02Z,ls7,qd9vgvrnqb48,0.344469832643735,0.4280862100907799,0.22744395726548508
0.2646951219512195,0.5314634146341464,0.0,0.18981707317073168,0.0,0.0,2002-11-08T01:59:07Z,ls7,qd9vgvrnqb48,0.19251700680272105,0.5390228818800247,0.26846011131725417
0.2855487804878049,0.5473170731707316,0.0,0.15329268292682927,0.0,0.0,2002-11-24T01:59:24Z,ls7,qd9vgvrnqb48,0.15544425895010203,0.5549990725282878,0.28955666852161016
0.3756707317073171,0.491280487804878,0.0,0.11871951219512196,0.0,0.0,2002-12-10T01:59:29Z,ls7,qd9vgvrnqb48,0.12044540674296321,0.4984225177853387,0.38113207547169814
0.2886956521739131,0.6033913043478261,0.2987804878048781,0.09304347826086956,0.0,0.0,2002-12-26T01:59:35Z,ls7,qd9vgvrnqb48,0.09444787712949068,0.6124988966369495,0.29305322623355995
,,1.0,,,,2003-01-11T01:59:37Z,ls7,qd9vgvrnqb48,,,
0.36237804878048774,0.5492682926829269,0.0,0.07365853658536586,0.0,0.0,2003-01-27T01:59:44Z,ls7,qd9vgvrnqb48,0.07475710130577388,0.5574602388761681,0.36778265981805797
0.4551829268292683,0.4395731707317073,0.0,0.09103658536585366,0.0,0.0,2003-02-28T01:59:55Z,ls7,qd9vgvrnqb48,0.09234861136883775,0.4459083317869734,0.46174305684418876
0.32274390243902445,0.5720121951219512,0.0,0.0920121951219512,0.0,0.0,2003-03-16T01:59:58Z,ls7,qd9vgvrnqb48,0.09324599888772166,0.5796823827473274,0.3270716183649509
0.36804878048780487,0.38231707317073166,0.0,0.23536585365853654,0.0,0.0,2003-04-17T01:59:59Z,ls7,qd9vgvrnqb48,0.2387727328962019,0.38785104540393417,0.37337622169986395
0.390609756097561,0.43012195121951213,0.0,0.1642682926829268,0.0,0.0,2003-05-03T02:00:00Z,ls7,qd9vgvrnqb48,0.16676984028723535,0.43667203169493624,0.39655812801782847
0.36743902439024395,0.39310975609756105,0.0,0.22469512195121952,0.0,0.0,2003-05-11T01:46:22Z,ls5,qd9vgvrnqb48,0.22806040351528653,0.39899740066839956,0.37294219581631394
0.18737804878048783,0.34359756097560973,0.0,0.45609756097560983,0.0,0.0,2003-05-19T01:59:55Z,ls7,qd9vgvrnqb48,0.4620706696318261,0.34809735606622183,0.18983197430195206
0.28774390243902437,0.15896341463414634,0.0,0.5406097560975609,0.0,0.0,2003-05-27T01:46:41Z,ls5,qd9vgvrnqb48,0.5475543478260869,0.16100543478260873,0.2914402173913044
0.28353658536585363,0.20439024390243904,0.0,0.5,0.0,0.0,2003-06-12T01:46:58Z,ls5,qd9vgvrnqb48,0.5061103567460808,0.20688803851376378,0.28700160474015557
0.0,0.0,0.3414634146341463,0.0,0.5277777777777778,0.4722222222222222,2003-06-28T01:47:21Z,ls5,qd9vgvrnqb48,0.0,0.0,0.0
,,1.0,,,,2003-07-22T01:59:46Z,ls7,qd9vgvrnqb48,,,
0.08225609756097561,0.2571341463414634,0.0,0.5986585365853659,0.006097560975609756,0.042682926829268296,2003-07-30T01:47:55Z,ls5,qd9vgvrnqb48,0.6070640386591073,0.2607444541684106,0.08341101936760395
0.0796031746031746,0.2442857142857143,0.23170731707317072,0.5754761904761905,0.03968253968253968,0.047619047619047616,2003-08-07T01:59:37Z,ls7,qd9vgvrnqb48,0.5840077824281849,0.2479073168271898,0.08078331344303813
0.15000000000000002,0.23957317073170736,0.0,0.5423780487804878,0.018292682926829267,0.036585365853658534,2003-08-31T01:48:29Z,ls5,qd9vgvrnqb48,0.5500431664549568,0.24295892085458412,0.15211986390997123
0.15067073170731707,0.2562195121951219,0.0,0.5257926829268293,0.042682926829268296,0.012195121951219513,2003-09-16T01:48:45Z,ls5,qd9vgvrnqb48,0.532805085340341,0.25963666573119704,0.1526802001479743
0.15115853658536585,0.29963414634146335,0.0,0.5004268292682926,0.018292682926829267,0.018292682926829267,2003-10-02T01:48:57Z,ls5,qd9vgvrnqb48,0.5068425578486554,0.30347560975609755,0.1530964665415885
,,1.0,,,,2003-10-10T01:59:17Z,ls7,qd9vgvrnqb48,,,
0.1899390243902439,0.38817073170731703,0.0,0.4095121951219512,0.0,0.0,2003-10-18T01:49:10Z,ls5,qd9vgvrnqb48,0.4146446872877693,0.3930357473606223,0.19231956535160835
,,1.0,,,,2003-10-26T01:59:37Z,ls7,qd9vgvrnqb48,,,
0.2129268292682927,0.5638414634146341,0.0,0.20945121951219509,0.0,0.0,2003-11-03T01:49:15Z,ls5,qd9vgvrnqb48,0.21237789044144922,0.5717200445158898,0.2159020650426611
0.26304,0.54216,0.23780487804878048,0.18152,0.0,0.0,2003-11-11T01:59:45Z,ls7,qd9vgvrnqb48,0.18396302902545805,0.5494567861196692,0.26658018485487267
0.28063380281690137,0.5572535211267605,0.13414634146341464,0.1482394366197183,0.0,0.0,2003-11-27T01:59:55Z,ls7,qd9vgvrnqb48,0.15032493037206315,0.5650931943155039,0.28458187531243306
,,1.0,,,,2003-12-05T01:49:45Z,ls5,qd9vgvrnqb48,,,
0.2639669421487603,0.5751239669421487,0.2621951219512195,0.1475206611570248,0.0,0.0,2003-12-13T02:00:00Z,ls7,qd9vgvrnqb48,0.14952253308761937,0.5829284637292679,0.26754900318311275
0.2626829268292683,0.6167073170731708,0.0,0.10640243902439024,0.0,0.0,2003-12-21T01:49:53Z,ls5,qd9vgvrnqb48,0.10793591884703406,0.6255953485495145,0.26646873260345144
0.31714285714285717,0.5576984126984128,0.23170731707317072,0.11126984126984127,0.0,0.0,2003-12-29T02:00:08Z,ls7,qd9vgvrnqb48,0.11283702213279675,0.5655533199195171,0.3216096579476861
0.2784615384615385,0.5794871794871795,0.28658536585365857,0.12854700854700857,0.0,0.0,2004-01-14T02:00:09Z,ls7,qd9vgvrnqb48,0.13030670594351065,0.5874198579102409,0.2822734361462485
0.31097560975609756,0.573109756097561,0.0,0.10054878048780488,0.0,0.0,2004-01-22T01:50:03Z,ls5,qd9vgvrnqb48,0.1021179093386178,0.5820535050780282,0.31582858558335397
0.33420731707317075,0.5393292682926829,0.0,0.11152439024390243,0.0,0.0,2004-02-07T01:50:08Z,ls5,qd9vgvrnqb48,0.11321572268647476,0.5475085112968121,0.3392757660167131
0.3390225563909774,0.5411278195488721,0.18902439024390238,0.10488721804511278,0.0,0.0,2004-02-15T02:00:21Z,ls7,qd9vgvrnqb48,0.1064804213418823,0.5493473780627434,0.3441722005953744
0.36402439024390243,0.5151219512195121,0.0,0.10646341463414635,0.0,0.0,2004-02-23T01:50:13Z,ls5,qd9vgvrnqb48,0.10801781737193766,0.5226429101707498,0.3693392724573126
0.3692622950819672,0.48245901639344263,0.25609756097560976,0.1327049180327869,0.0,0.0,2004-03-02T02:00:23Z,ls7,qd9vgvrnqb48,0.134804329725229,0.4900915903413822,0.3751040799333888
0.4149390243902439,0.4518292682926829,0.0,0.11841463414634147,0.0,0.0,2004-03-10T01:50:18Z,ls5,qd9vgvrnqb48,0.12019558086278395,0.45862474469270287,0.4211796744445132
0.3684931506849315,0.49527397260273975,0.1097560975609756,0.12178082191780823,0.0,0.0,2004-03-18T02:00:30Z,ls7,qd9vgvrnqb48,0.12356661338522483,0.5025366599485718,0.3738967266662033
0.38481707317073177,0.4916463414634146,0.0,0.10865853658536585,0.0,0.0,2004-03-26T01:50:20Z,ls5,qd9vgvrnqb48,0.11029957910373854,0.4990715523644466,0.39062886853181483
0.39485714285714285,0.4766428571428571,0.14634146341463417,0.11307142857142859,0.0,0.0,2004-04-03T02:00:30Z,ls7,qd9vgvrnqb48,0.11484329657574002,0.4841120139291933,0.4010446894950668
0.33707317073170734,0.5242682926829267,0.0,0.12280487804878049,0.0,0.0,2004-04-11T01:50:47Z,ls5,qd9vgvrnqb48,0.12478314745972739,0.5327137546468401,0.3425030978934325
,,1.0,,,,2004-04-27T01:51:15Z,ls5,qd9vgvrnqb48,,,
0.41174496644295305,0.48335570469798667,0.09146341463414631,0.09040268456375841,0.0,0.0,2004-05-05T02:00:25Z,ls7,qd9vgvrnqb48,0.09173249795695997,0.49046581312993737,0.41780168891310265
0.42359756097560974,0.42073170731707316,0.0,0.13951219512195123,0.0,0.0,2004-05-13T01:51:43Z,ls5,qd9vgvrnqb48,0.14180353269290363,0.42764177254415864,0.4305546947629377
0.27465517241379306,0.3281896551724137,0.29268292682926833,0.38353448275862073,0.0,0.0,2004-05-21T02:00:25Z,ls7,qd9vgvrnqb48,0.38883062401678037,0.3327215521761929,0.2784478238070267
0.3126829268292683,0.32908536585365855,0.0,0.34420731707317076,0.0,0.0,2004-05-29T01:52:10Z,ls5,qd9vgvrnqb48,0.3491032776747062,0.33376623376623377,0.31713048855905995
0.10714285714285714,0.5242857142857144,0.8719512195121951,0.35809523809523813,0.0,0.0,2004-06-06T02:00:20Z,ls7,qd9vgvrnqb48,0.3618864292589028,0.5298363811357074,0.10827718960538979
0.15969512195121952,0.3076829268292683,0.0,0.4723780487804878,0.0,0.04878048780487805,2004-06-14T01:52:39Z,ls5,qd9vgvrnqb48,0.4781402518151836,0.3114361314908244,0.16164312888911397
0.14884146341463414,0.24780487804878049,0.0,0.4837804878048781,0.0,0.10975609756097561,2004-06-30T01:53:08Z,ls5,qd9vgvrnqb48,0.4891748127952919,0.2505679908243088,0.15050109881942367
0.0,0.0,0.4207317073170732,0.0,0.9263157894736842,0.07368421052631578,2004-07-08T02:00:14Z,ls7,qd9vgvrnqb48,0.0,0.0,0.0
0.13073170731707315,0.19335365853658534,0.0,0.619939024390244,0.0,0.042682926829268296,2004-07-16T01:53:34Z,ls5,qd9vgvrnqb48,0.6286683040257609,0.19607624590003808,0.1325725232449327
0.07680672268907564,0.16941176470588235,0.27439024390243905,0.6564705882352941,0.0,0.08403361344537816,2004-07-24T02:00:09Z,ls7,qd9vgvrnqb48,0.6661263649008291,0.17190357803892362,0.07793644361486915
,,1.0,,,,2004-08-01T01:53:55Z,ls5,qd9vgvrnqb48,,,
0.10819672131147541,0.1919672131147541,0.25609756097560976,0.6852459016393442,0.0,0.0,2004-08-09T02:00:02Z,ls7,qd9vgvrnqb48,0.6953917817334886,0.19480951588753953,0.1097987023789719
0.12714285714285714,0.08226190476190476,0.4878048780487805,0.23892857142857143,0.0,0.5476190476190477,2004-08-17T01:54:17Z,ls5,qd9vgvrnqb48,0.2410856535922919,0.08300457729560225,0.12829072149305815
0.0,0.0,0.25609756097560976,0.0,0.040983606557377046,0.9590163934426229,2004-08-25T02:00:01Z,ls7,qd9vgvrnqb48,0.0,0.0,0.0
0.047804878048780496,0.21871951219512198,0.0,0.6409146341463415,0.0,0.07926829268292683,2004-09-02T01:54:43Z,ls5,qd9vgvrnqb48,0.6503031162215935,0.22192344000445785,0.048505151091021735
0.07577235772357724,0.2342276422764228,0.25,0.6752845528455285,0.0,0.0,2004-09-10T01:59:55Z,ls7,qd9vgvrnqb48,0.6853700800396072,0.23772588497400776,0.07690403498638501
0.20019607843137258,0.1569934640522876,0.06707317073170727,0.6292156862745097,0.0,0.0,2004-09-18T01:55:08Z,ls5,qd9vgvrnqb48,0.6378876225815001,0.159157169361251,0.2029552080572489
0.0,0.0,0.6341463414634146,0.0,0.25,0.75,2004-09-26T01:59:50Z,ls7,qd9vgvrnqb48,0.0,0.0,0.0
0.08097560975609756,0.3585975609756098,0.0,0.5464634146341464,0.0,0.0,2004-10-04T01:55:29Z,ls5,qd9vgvrnqb48,0.5542019664832107,0.3636757157875209,0.08212231772926844
0.10530487804878047,0.5584756097560976,0.0,0.32451219512195123,0.0,0.0,2004-10-20T01:55:50Z,ls5,qd9vgvrnqb48,0.3283563672260612,0.5650913129318855,0.1065523198420533
0.11848,0.61168,0.23780487804878048,0.25824,0.0,0.0,2004-10-28T02:00:03Z,ls7,qd9vgvrnqb48,0.2612707405908539,0.6188587616349656,0.11987049777418049
,,1.0,,,,2004-11-05T01:56:09Z,ls5,qd9vgvrnqb48,,,
0.17215999999999998,0.58184,0.23780487804878048,0.23807999999999999,0.0,0.0,2004-11-13T02:00:10Z,ls7,qd9vgvrnqb48,0.23998064672203853,0.5864849608902508,0.17353439238771065
0.16719512195121952,0.6370121951219512,0.0,0.18591463414634146,0.0,0.0,2004-11-21T01:56:23Z,ls5,qd9vgvrnqb48,0.1877694297327257,0.6433674097795294,0.1688631604877448
,,1.0,,,,2004-11-29T02:00:20Z,ls7,qd9vgvrnqb48,,,
0.13439024390243903,0.7259146341463415,0.0,0.12871951219512195,0.0,0.0,2004-12-07T01:56:46Z,ls5,qd9vgvrnqb48,0.13014796547472254,0.7339704069050554,0.13588162762022193
0.08686440677966102,0.7807627118644067,0.2804878048780488,0.1209322033898305,0.0,0.0,2004-12-15T02:00:26Z,ls7,qd9vgvrnqb48,0.12233176168024004,0.7897985426489499,0.08786969567081013
0.12323170731707316,0.755060975609756,0.0,0.10884146341463416,0.0,0.0,2004-12-23T01:57:03Z,ls5,qd9vgvrnqb48,0.1102600531224906,0.7649020940144543,0.12483785286305515
0.12143835616438359,0.7761643835616437,0.1097560975609756,0.09020547945205479,0.0,0.0,2004-12-31T02:00:35Z,ls7,qd9vgvrnqb48,0.09131881847177922,0.7857440022188323,0.12293717930938847
0.1421341463414634,0.7426829268292684,0.0,0.10189024390243903,0.0,0.0,2005-01-08T01:57:15Z,ls5,qd9vgvrnqb48,0.10326288468668891,0.7526881720430108,0.1440489432703003
0.20635593220338985,0.6633050847457628,0.2804878048780488,0.11627118644067799,0.0,0.0,2005-01-16T02:00:38Z,ls7,qd9vgvrnqb48,0.11793020457280386,0.6727694687983496,0.20930032662884648
0.1754878048780488,0.7016463414634146,0.0,0.10859756097560977,0.0,0.0,2005-01-24T01:57:28Z,ls5,qd9vgvrnqb48,0.11016949152542373,0.7118025485587034,0.1780279599158728
0.18330708661417322,0.6969291338582676,0.22560975609756095,0.10637795275590554,0.0,0.0,2005-02-01T02:00:42Z,ls7,qd9vgvrnqb48,0.10782122905027937,0.7063846767757381,0.18579409417398243
0.22097560975609756,0.6665243902439024,0.0,0.09859756097560976,0.0,0.0,2005-02-09T01:57:41Z,ls5,qd9vgvrnqb48,0.09998763294583231,0.6759213455354934,0.22409102151867424
0.047499999999999994,0.8633333333333334,0.926829268292683,0.075,0.0,0.0,2005-02-17T02:00:51Z,ls7,qd9vgvrnqb48,0.0760777683854607,0.8757396449704142,0.0481825866441251
,,1.0,,,,2005-02-25T01:57:58Z,ls5,qd9vgvrnqb48,,,
,,1.0,,,,2005-03-13T01:58:10Z,ls5,qd9vgvrnqb48,,,
0.26288,0.62184,0.23780487804878048,0.10128,0.0,0.0,2005-03-21T02:00:56Z,ls7,qd9vgvrnqb48,0.10271805273833672,0.6306693711967545,0.26661257606490874
0.22792682926829266,0.663170731707317,0.0,0.09371951219512195,0.0,0.0,2005-03-29T01:58:17Z,ls5,qd9vgvrnqb48,0.09516438610612346,0.6733948362330505,0.23144077766082596
0.2643971631205674,0.6085106382978723,0.1402439024390244,0.11319148936170215,0.0,0.0,2005-04-06T02:00:52Z,ls7,qd9vgvrnqb48,0.11478711162255467,0.6170886075949367,0.2681242807825086
0.2624390243902439,0.6203048780487804,0.0,0.10152439024390243,0.0,0.0,2005-04-14T01:58:21Z,ls5,qd9vgvrnqb48,0.10314706975591624,0.6302193036798414,0.2666336265642424
0.27408,0.5936,0.23780487804878048,0.11751999999999999,0.0,0.0,2005-04-22T02:00:46Z,ls7,qd9vgvrnqb48,0.11928542427933414,0.6025172553796184,0.2781973203410475
0.18748091603053438,0.46167938931297714,0.2012195121951219,0.33763358778625957,0.0,0.0,2005-05-08T02:00:51Z,ls7,qd9vgvrnqb48,0.3421520847837859,0.4678579716871664,0.18998994352904774
0.11991525423728813,0.15872881355932203,0.2804878048780488,0.7069491525423729,0.0,0.0,2005-05-24T02:00:50Z,ls7,qd9vgvrnqb48,0.7172828890799656,0.16104901117798798,0.12166809974204644
,,1.0,,,,2005-06-01T01:58:41Z,ls5,qd9vgvrnqb48,,,
0.0,0.0,0.7317073170731707,0.0,0.29545454545454547,0.7045454545454546,2005-06-17T01:58:48Z,ls5,qd9vgvrnqb48,0.0,0.0,0.0
0.09765625000000001,0.30140625,0.2195121951219512,0.424609375,0.0234375,0.140625,2005-06-25T02:00:39Z,ls7,qd9vgvrnqb48,0.4309324018305985,0.3058946101678839,0.0991104880015176
,,1.0,,,,2005-07-03T01:58:51Z,ls5,qd9vgvrnqb48,,,
0.1250442477876106,0.28601769911504427,0.3109756097560976,0.5672566371681416,0.0,0.008849557522123894,2005-07-11T02:00:40Z,ls7,qd9vgvrnqb48,0.574696909659266,0.28976917504192634,0.12668435777668374
0.12304878048780488,0.22658536585365852,0.0,0.6245121951219511,0.0,0.012195121951219513,2005-07-19T01:59:02Z,ls5,qd9vgvrnqb48,0.6332685003114428,0.22976232641645394,0.12477405132088377
0.07606557377049179,0.2219672131147541,0.25609756097560976,0.686639344262295,0.0,0.0,2005-07-27T02:00:39Z,ls7,qd9vgvrnqb48,0.6973278947806543,0.22542245900274702,0.07724964621659867
0.10871951219512196,0.206890243902439,0.0,0.6696951219512195,0.0,0.0,2005-08-04T01:59:11Z,ls5,qd9vgvrnqb48,0.6796831487096974,0.20997586484312147,0.11034098644718114
,,1.0,,,,2005-08-12T02:00:35Z,ls7,qd9vgvrnqb48,,,
0.046341463414634146,0.18414634146341466,0.0,0.5510975609756098,0.06097560975609756,0.14634146341463414,2005-08-20T01:59:17Z,ls5,qd9vgvrnqb48,0.5589224756344926,0.18676099539900062,0.04699945579577498
0.2972916666666667,0.07333333333333332,0.7073170731707317,0.47625,0.0,0.14583333333333334,2005-08-28T02:00:28Z,ls7,qd9vgvrnqb48,0.48035055350553496,0.07396473964739646,0.29985137351373514
,,1.0,,,,2005-09-05T01:59:21Z,ls5,qd9vgvrnqb48,,,
,,1.0,,,,2005-10-07T01:59:18Z,ls5,qd9vgvrnqb48,,,
0.07750000000000001,0.3423648648648649,0.09756097560975607,0.5373648648648649,0.0,0.02702702702702703,2005-10-15T02:00:21Z,ls7,qd9vgvrnqb48,0.5462027284572637,0.34799562744787566,0.07877461706783372
0.09256097560975611,0.4586585365853659,0.0,0.43469512195121945,0.0,0.0,2005-10-23T01:59:17Z,ls5,qd9vgvrnqb48,0.44090543632877727,0.465211206629971,0.0938833570412518
,,1.0,,,,2005-10-31T02:00:34Z,ls7,qd9vgvrnqb48,,,
0.09060975609756097,0.5840243902439024,0.0,0.31335365853658537,0.0,0.0,2005-11-08T01:59:26Z,ls5,qd9vgvrnqb48,0.317163488242918,0.5911251002900697,0.09171141146701228
0.07095238095238095,0.6632539682539682,0.23170731707317072,0.2540476190476191,0.0,0.0,2005-11-16T02:00:44Z,ls7,qd9vgvrnqb48,0.25706713780918733,0.6711371667202055,0.07179569547060713
0.0851829268292683,0.6759146341463415,0.0,0.22737804878048776,0.0,0.0,2005-11-24T01:59:50Z,ls5,qd9vgvrnqb48,0.23002899265930538,0.6837949540435507,0.08617605329714392
0.06975409836065574,0.7182786885245901,0.25609756097560976,0.20008196721311478,0.0,0.0,2005-12-02T02:00:50Z,ls7,qd9vgvrnqb48,0.20248859394442145,0.7269182911654914,0.07059311489008711
0.11884353741496598,0.6764625850340136,0.10365853658536583,0.19278911564625847,0.0,0.0,2005-12-18T02:00:52Z,ls7,qd9vgvrnqb48,0.1951118760757315,0.6846127366609295,0.12027538726333907
0.15786259541984732,0.7086259541984734,0.2012195121951219,0.12106870229007634,0.0,0.0,2006-01-19T02:01:09Z,ls7,qd9vgvrnqb48,0.12259410991729149,0.7175543016155215,0.1598515884671871
0.18591463414634146,0.7034146341463414,0.0,0.09676829268292686,0.0,0.0,2006-01-27T02:01:20Z,ls5,qd9vgvrnqb48,0.09813257482067775,0.7133316843927776,0.18853574078654464
0.207,0.6705,0.14634146341463417,0.1089285714285714,0.0,0.0,2006-02-04T02:01:15Z,ls7,qd9vgvrnqb48,0.11042722664735698,0.6797248370745836,0.2098479362780594
0.1702439024390244,0.7075,0.0,0.10835365853658536,0.0,0.0,2006-02-12T02:01:42Z,ls5,qd9vgvrnqb48,0.1098812762799901,0.7174746475389562,0.17264407618105368
0.2080327868852459,0.6631147540983607,0.25609756097560976,0.11491803278688527,0.0,0.0,2006-02-20T02:01:19Z,ls7,qd9vgvrnqb48,0.11654197838736492,0.6724854530340815,0.21097256857855357
0.18621951219512195,0.6937195121951221,0.0,0.10554878048780487,0.0,0.0,2006-02-28T02:02:02Z,ls5,qd9vgvrnqb48,0.10710308130181907,0.7039351565400322,0.18896176215814872
0.25471544715447153,0.6005691056910568,0.25,0.13121951219512196,0.0,0.0,2006-03-08T02:01:20Z,ls7,qd9vgvrnqb48,0.13301466952365257,0.6087852315806824,0.2582000988956651
0.10122641509433963,0.7904716981132075,0.35365853658536583,0.09783018867924527,0.0,0.0,2006-04-09T02:01:17Z,ls7,qd9vgvrnqb48,0.09886547811993517,0.7988368767280007,0.10229764515206408
0.3178048780487805,0.5728048780487806,0.0,0.095,0.0,0.0,2006-04-17T02:02:57Z,ls5,qd9vgvrnqb48,0.09638703291264539,0.581168027715912,0.3224449393714427
0.3386065573770492,0.5140163934426231,0.25609756097560976,0.13131147540983606,0.0,0.0,2006-04-25T02:01:16Z,ls7,qd9vgvrnqb48,0.13345551482839052,0.5224091969343553,0.34413528823725426
0.29274390243902443,0.6004878048780488,0.0,0.0920731707317073,0.0,0.0,2006-05-03T02:03:12Z,ls5,qd9vgvrnqb48,0.09344637663221732,0.6094436536914413,0.2971099696763414
0.3387313432835821,0.5426119402985075,0.18292682926829273,0.10388059701492539,0.0,0.0,2006-05-11T02:01:18Z,ls7,qd9vgvrnqb48,0.10543856991364946,0.5507498863808514,0.3438115437054992
0.29018292682926833,0.5924390243902439,0.0,0.1028658536585366,0.0,0.0,2006-05-19T02:03:24Z,ls5,qd9vgvrnqb48,0.10438064595965846,0.6011632223734685,0.2944561316668729
0.3593548387096774,0.4981451612903226,0.24390243902439024,0.12741935483870967,0.0,0.0,2006-05-27T02:01:18Z,ls7,qd9vgvrnqb48,0.12937034307704903,0.5057725374600835,0.3648571194628674
0.3263414634146341,0.5357317073170732,0.0,0.12262195121951219,0.0,0.0,2006-06-04T02:03:39Z,ls5,qd9vgvrnqb48,0.12452783454083843,0.5440584556319277,0.33141370982723384
0.35515625,0.48859374999999994,0.2195121951219512,0.141015625,0.0,0.0,2006-06-12T02:01:15Z,ls7,qd9vgvrnqb48,0.14319714399048,0.49615232050773506,0.36065053550178505
,,1.0,,,,2006-06-20T02:03:53Z,ls5,qd9vgvrnqb48,,,
0.3114024390243903,0.4749390243902438,0.0,0.19865853658536584,0.0,0.0,2006-07-06T02:04:08Z,ls5,qd9vgvrnqb48,0.2016837934876811,0.4821715983657298,0.3161446081465892
0.354,0.4615862068965518,0.11585365853658536,0.1712413793103448,0.0,0.0,2006-07-14T02:01:02Z,ls7,qd9vgvrnqb48,0.1735271507442868,0.46774757145852264,0.35872527779719054
0.2499390243902439,0.4545121951219512,0.0,0.2818292682926829,0.0,0.0,2006-07-22T02:04:21Z,ls5,qd9vgvrnqb48,0.28574961360123646,0.46083462132921166,0.25341576506955177
0.23113636363636358,0.3879545454545455,0.19512195121951215,0.3687121212121212,0.0,0.0,2006-07-30T02:00:56Z,ls7,qd9vgvrnqb48,0.3732648209218498,0.3927448423958893,0.23399033668226085
0.16902439024390242,0.2812804878048781,0.0,0.5356097560975609,0.0,0.0,2006-08-23T02:04:45Z,ls5,qd9vgvrnqb48,0.5432617972663739,0.28529902900612286,0.17143917372750325
0.17043478260869566,0.3539130434782609,0.7195121951219512,0.37760869565217386,0.0,0.08695652173913043,2006-09-16T02:00:46Z,ls7,qd9vgvrnqb48,0.3822503065170235,0.35826338457669227,0.17252978716715398
0.25176829268292683,0.2288414634146341,0.0,0.5060975609756098,0.0,0.0,2006-09-24T02:05:09Z,ls5,qd9vgvrnqb48,0.5129155852181437,0.23192436040044492,0.2551600543814115
0.19899280575539566,0.35388489208633095,0.15243902439024393,0.4345323741007194,0.0,0.0,2006-10-02T02:00:39Z,ls7,qd9vgvrnqb48,0.4400728597449909,0.3583970856102004,0.20153005464480872
0.2510975609756097,0.40847560975609754,0.0,0.3276829268292683,0.0,0.0,2006-10-10T02:05:19Z,ls5,qd9vgvrnqb48,0.33191279105676,0.4137483787289235,0.2543388302143166
0.2396551724137931,0.4549655172413793,0.11585365853658536,0.2926896551724138,0.0,0.0,2006-10-18T02:00:46Z,ls7,qd9vgvrnqb48,0.296451522771724,0.46081307627829005,0.24273540094998605
0.25871951219512196,0.5079268292682928,0.0,0.22018292682926832,0.0,0.0,2006-10-26T02:05:29Z,ls5,qd9vgvrnqb48,0.2231216015818092,0.5147058823529412,0.2621725160652496
0.2932330827067669,0.5128571428571429,0.18902439024390238,0.1813533834586466,0.0,0.0,2006-11-03T02:01:01Z,ls7,qd9vgvrnqb48,0.18365948374324217,0.5193786644331074,0.2969618518236503
0.2958695652173914,0.5614130434782609,0.4390243902439024,0.12793478260869565,0.0,0.0,2006-11-11T02:05:37Z,ls5,qd9vgvrnqb48,0.1298543689320388,0.5698367166813769,0.30030891438658436
0.3118840579710145,0.5621014492753623,0.1585365853658537,0.11152173913043478,0.0,0.0,2006-11-19T02:01:13Z,ls7,qd9vgvrnqb48,0.11316176470588236,0.5703676470588236,0.3164705882352941
0.3152439024390244,0.5759756097560976,0.0,0.09396341463414636,0.0,0.0,2006-11-27T02:05:46Z,ls5,qd9vgvrnqb48,0.09537661694621526,0.5846382372965278,0.3199851457572569
0.33544776119402986,0.5527611940298507,0.18292682926829273,0.09746268656716418,0.0,0.0,2006-12-05T02:01:21Z,ls7,qd9vgvrnqb48,0.09887946698970322,0.5607964869775893,0.3403240460327075
0.36079268292682926,0.5568292682926831,0.0,0.06646341463414636,0.0,0.0,2006-12-13T02:05:54Z,ls5,qd9vgvrnqb48,0.06753826135448293,0.5658343143937047,0.3666274242518123
0.07987012987012987,0.8327272727272728,0.5304878048780488,0.0790909090909091,0.0,0.0,2006-12-21T02:01:26Z,ls7,qd9vgvrnqb48,0.07975379779989523,0.8397066526977475,0.08053954950235725
0.38871951219512196,0.5559146341463415,0.0,0.04042682926829269,0.0,0.0,2006-12-29T02:06:01Z,ls5,qd9vgvrnqb48,0.04103992571959147,0.5643454038997214,0.3946146703806871
0.375234375,0.552265625,0.2195121951219512,0.057031250000000006,0.0,0.0,2007-01-06T02:01:27Z,ls7,qd9vgvrnqb48,0.05792731312490082,0.5609427075067449,0.38112997936835424
0.40835365853658534,0.5415243902439024,0.0,0.0350609756097561,0.0,0.0,2007-01-14T02:06:07Z,ls5,qd9vgvrnqb48,0.03559710270537981,0.5498049897851792,0.414597907509441
0.4274242424242424,0.5168939393939395,0.19512195121951215,0.04143939393939394,0.0,0.0,2007-01-22T02:01:30Z,ls7,qd9vgvrnqb48,0.042038118659698746,0.5243621272671382,0.4335997540731632
0.39384146341463416,0.5523780487804878,0.0,0.03920731707317074,0.0,0.0,2007-01-30T02:06:11Z,ls5,qd9vgvrnqb48,0.03978714188478437,0.560546995854217,0.39966586226099876
0.3991836734693877,0.5466666666666665,0.10365853658536583,0.04040816326530613,0.0,0.0,2007-02-07T02:01:37Z,ls7,qd9vgvrnqb48,0.04097116843702581,0.5542833494275071,0.40474548213546696
0.4202439024390244,0.5256707317073172,0.0,0.039634146341463415,0.0,0.0,2007-02-15T02:06:13Z,ls5,qd9vgvrnqb48,0.04021530656437542,0.5333787044484316,0.42640598898719295
0.39495934959349593,0.533089430894309,0.25,0.0578048780487805,0.0,0.0,2007-02-23T02:01:42Z,ls7,qd9vgvrnqb48,0.058634339435922805,0.5407389081312881,0.40062675243278895
0.4114634146341464,0.526280487804878,0.0,0.047195121951219506,0.0,0.0,2007-03-03T02:06:12Z,ls5,qd9vgvrnqb48,0.04791679564167646,0.534327988608927,0.4177552157493964
0.44466101694915255,0.47440677966101696,0.2804878048780488,0.06694915254237287,0.0,0.0,2007-03-11T02:01:45Z,ls7,qd9vgvrnqb48,0.0678985818650623,0.48113450795015045,0.4509669101847873
0.4043298969072165,0.5350515463917526,0.4085365853658537,0.05020618556701032,0.0,0.0,2007-03-19T02:06:09Z,ls5,qd9vgvrnqb48,0.05073445150536516,0.5406813209709345,0.40858422752370044
0.479795918367347,0.45394557823129245,0.10365853658536583,0.052244897959183675,0.0,0.0,2007-03-27T02:01:46Z,ls7,qd9vgvrnqb48,0.052987443079895134,0.4603974058230991,0.4866151510970057
0.5158536585365854,0.4375,0.0,0.03371951219512196,0.0,0.0,2007-04-04T02:06:06Z,ls5,qd9vgvrnqb48,0.03416110699283421,0.44322955275512727,0.5226093402520385
0.5722222222222223,0.3644444444444444,0.9451219512195121,0.051111111111111114,0.0,0.0,2007-04-12T02:01:45Z,ls7,qd9vgvrnqb48,0.051743532058492685,0.3689538807649043,0.579302587176603
0.5125000000000001,0.42,0.0,0.05329268292682927,0.0,0.0,2007-04-20T02:06:00Z,ls5,qd9vgvrnqb48,0.05406074101564916,0.42605307107069956,0.5198861879136513
0.5004026845637584,0.429261744966443,0.09146341463414631,0.056107382550335566,0.0,0.0,2007-04-28T02:01:42Z,ls7,qd9vgvrnqb48,0.05691721132897603,0.43545751633986934,0.5076252723311546
0.46239726027397254,0.42534246575342466,0.1097560975609756,0.09527397260273975,0.0,0.0,2007-05-14T02:01:37Z,ls7,qd9vgvrnqb48,0.09692028985507248,0.4326923076923077,0.4703874024526198
0.48469512195121955,0.4482926829268292,0.0,0.0525,0.0,0.0,2007-05-22T02:05:41Z,ls5,qd9vgvrnqb48,0.05327310976364311,0.4548941962628387,0.4918326939735182
0.42233082706766917,0.4438345864661654,0.18902439024390238,0.11819548872180453,0.0,0.0,2007-05-30T02:01:29Z,ls7,qd9vgvrnqb48,0.12007332722273145,0.4508860372746715,0.42904063550259697
0.36187499999999995,0.43898437500000004,0.2195121951219512,0.184140625,0.0,0.0,2007-06-15T02:01:30Z,ls7,qd9vgvrnqb48,0.18694479695431473,0.44566941624365486,0.36738578680203043
0.0,0.0,0.975609756097561,0.0,0.0,1.0,2007-06-23T02:05:08Z,ls5,qd9vgvrnqb48,0.0,0.0,0.0
,,1.0,,,,2007-07-01T02:01:29Z,ls7,qd9vgvrnqb48,,,
0.3075,0.3134756097560976,0.0,0.36567073170731706,0.0,0.0,2007-07-09T02:04:57Z,ls5,qd9vgvrnqb48,0.3706198628020518,0.3177183116000248,0.3116618255979235
0.33739726027397265,0.20267123287671232,0.1097560975609756,0.44684931506849324,0.0,0.0,2007-07-17T02:01:26Z,ls7,qd9vgvrnqb48,0.45277257269761956,0.20535776250954263,0.3418696647928378
,,1.0,,,,2007-07-25T02:04:49Z,ls5,qd9vgvrnqb48,,,
0.074375,0.231484375,0.2195121951219512,0.656328125,0.0,0.0234375,2007-08-02T02:01:21Z,ls7,qd9vgvrnqb48,0.6661336117651836,0.2349427320152647,0.07548615621955179
,,1.0,,,,2007-08-10T02:04:40Z,ls5,qd9vgvrnqb48,,,
0.1805109489051095,0.16759124087591243,0.16463414634146345,0.6383941605839416,0.0,0.0,2007-08-18T02:01:15Z,ls7,qd9vgvrnqb48,0.6471328153903071,0.1698853126156123,0.18298187199408064
,,1.0,,,,2007-08-26T02:04:30Z,ls5,qd9vgvrnqb48,,,
,,1.0,,,,2007-09-02T02:10:36Z,ls5,qd9vgvrnqb48,,,
0.1968918918918919,0.16837837837837838,0.09756097560975607,0.6139189189189188,0.0,0.006756756756756757,2007-09-03T02:01:08Z,ls7,qd9vgvrnqb48,0.6227303414372141,0.1707950705328569,0.19971783127317216
0.25869281045751635,0.15875816993464048,0.06707317073170727,0.525359477124183,0.0,0.0457516339869281,2007-09-11T02:04:22Z,ls5,qd9vgvrnqb48,0.5317329889783758,0.16068417892864828,0.26183119810604777
0.27722972972972976,0.11418918918918917,0.09756097560975607,0.5948648648648649,0.0,0.0,2007-09-19T02:01:02Z,ls7,qd9vgvrnqb48,0.6031376310200726,0.11577721449612931,0.28108515448379806
0.20848000000000003,0.30863999999999997,0.23780487804878048,0.47056,0.0,0.0,2007-10-05T02:00:53Z,ls7,qd9vgvrnqb48,0.47642961283006646,0.3124898752632432,0.21108051190669047
0.2814473684210526,0.34539473684210525,0.5365853658536586,0.3601315789473684,0.0,0.0,2007-10-21T02:01:06Z,ls7,qd9vgvrnqb48,0.3648846820423943,0.349953339554726,0.2851619784028796
0.2531404958677686,0.501900826446281,0.2621951219512195,0.2320661157024793,0.0,0.0,2007-11-06T02:01:16Z,ls7,qd9vgvrnqb48,0.2350971198928332,0.508456128600134,0.2564467515070329
,,1.0,,,,2007-11-22T02:01:25Z,ls7,qd9vgvrnqb48,,,
0.32457364341085276,0.5245736434108528,0.21341463414634143,0.1368217054263566,0.0,0.0,2007-12-08T02:01:31Z,ls7,qd9vgvrnqb48,0.1387687711298058,0.5320386822863433,0.32919254658385094
0.37825757575757574,0.5100757575757576,0.19512195121951215,0.09689393939393941,0.0,0.0,2007-12-24T02:01:34Z,ls7,qd9vgvrnqb48,0.09834678969627067,0.5177239523260284,0.38392925797770083
0.37363636363636366,0.508560606060606,0.19512195121951215,0.10265151515151516,0.0,0.0,2008-01-09T02:01:36Z,ls7,qd9vgvrnqb48,0.10423076923076924,0.5163846153846153,0.3793846153846154
0.35835365853658535,0.5595731707317074,0.0,0.06689024390243903,0.0,0.0,2008-01-17T02:02:20Z,ls5,qd9vgvrnqb48,0.06792149092935422,0.5682001114482076,0.36387839762243823
0.43069444444444444,0.4504166666666667,0.5609756097560976,0.11625000000000002,0.0,0.0,2008-01-24T02:08:22Z,ls5,qd9vgvrnqb48,0.11655758250939982,0.45160841108480715,0.43183400640579306
0.3627941176470588,0.5236029411764707,0.1707317073170732,0.09897058823529413,0.0,0.0,2008-01-25T02:01:35Z,ls7,qd9vgvrnqb48,0.10044026565181703,0.5313782553540781,0.36818147899410486
0.3926829268292683,0.5159146341463415,0.0,0.07603658536585366,0.0,0.0,2008-02-02T02:02:03Z,ls5,qd9vgvrnqb48,0.07722318553381223,0.5239658162001486,0.3988109982660391
,,1.0,,,,2008-02-09T02:08:07Z,ls5,qd9vgvrnqb48,,,
0.4307142857142857,0.44960317460317467,0.23170731707317072,0.10444444444444445,0.0,0.0,2008-02-10T02:01:32Z,ls7,qd9vgvrnqb48,0.10606060606060606,0.45656028368794327,0.43737911025145065
0.3901829268292683,0.5215853658536584,0.0,0.07219512195121952,0.0,0.0,2008-02-18T02:01:46Z,ls5,qd9vgvrnqb48,0.07337175435334946,0.5300861374481006,0.39654210819854996
0.4443835616438356,0.4684931506849315,0.1097560975609756,0.07178082191780823,0.0,0.0,2008-02-26T02:01:28Z,ls7,qd9vgvrnqb48,0.07289927657206456,0.47579298831385647,0.451307735114079
0.44853658536585367,0.4451219512195122,0.25,0.09243902439024392,0.0,0.0,2008-03-13T02:01:22Z,ls7,qd9vgvrnqb48,0.0937422705911452,0.4513974771209498,0.45486025228790505
0.4617543859649123,0.42552631578947364,0.30487804878048785,0.09999999999999999,0.0,0.0,2008-03-29T02:01:23Z,ls7,qd9vgvrnqb48,0.10128831630386495,0.4310084406930253,0.4677032430031098
0.5415068493150685,0.3654109589041096,0.1097560975609756,0.07842465753424657,0.0,0.0,2008-04-14T02:01:22Z,ls7,qd9vgvrnqb48,0.0795912692895871,0.37084665647156956,0.5495620742388434
0.040708661417322836,0.68,0.22560975609756095,0.26834645669291335,0.0,0.0,2008-04-30T02:01:19Z,ls7,qd9vgvrnqb48,0.27131597802722707,0.6875248785924688,0.04115914338030412
0.42128787878787877,0.298030303030303,0.19512195121951215,0.2652272727272727,0.0,0.0,2008-05-16T02:01:14Z,ls7,qd9vgvrnqb48,0.2693905817174515,0.3027085257002154,0.42790089258233305
0.14026845637583893,0.5376510067114094,0.09146341463414631,0.31013422818791947,0.0,0.0,2008-06-01T02:01:06Z,ls7,qd9vgvrnqb48,0.3138839831544627,0.5441516098356202,0.14196440700991714
0.0761788617886179,0.44715447154471544,0.25,0.46243902439024387,0.0,0.0,2008-06-17T02:00:57Z,ls7,qd9vgvrnqb48,0.46911340206185564,0.4536082474226804,0.07727835051546393
0.07590551181102363,0.3193700787401575,0.22560975609756095,0.5751968503937007,0.0,0.015748031496062992,2008-07-03T02:00:47Z,ls7,qd9vgvrnqb48,0.5833639456325566,0.3239047451725735,0.07698327769880693
0.07549180327868853,0.2284426229508197,0.25609756097560976,0.593688524590164,0.0,0.09016393442622951,2008-07-19T02:00:35Z,ls7,qd9vgvrnqb48,0.601766288279684,0.23155082775583036,0.0765189495382561
0.04085271317829458,0.1377519379844961,0.21341463414634143,0.4553488372093023,0.06201550387596899,0.29457364341085274,2008-08-04T02:00:28Z,ls7,qd9vgvrnqb48,0.4621417643479102,0.13980693143449716,0.041462156930770974
0.10563025210084034,0.2273109243697479,0.27439024390243905,0.594201680672269,0.008403361344537815,0.05042016806722689,2008-08-20T02:00:22Z,ls7,qd9vgvrnqb48,0.6031957603126451,0.23075159548093688,0.10722911479465347
0.1380681818181818,0.1228409090909091,0.46341463414634143,0.1655681818181818,0.011363636363636364,0.5568181818181818,2008-09-05T02:00:14Z,ls7,qd9vgvrnqb48,0.1676416442603493,0.12437928445122692,0.13979725310660565
0.19846774193548386,0.3825,0.24390243902439024,0.40572580645161294,0.0,0.0,2008-10-07T01:59:55Z,ls7,qd9vgvrnqb48,0.41119738455251326,0.3876583571720474,0.20114425827543927
0.3224390243902439,0.3570121951219512,0.0,0.30823170731707317,0.0,0.0,2008-10-15T01:55:20Z,ls5,qd9vgvrnqb48,0.3120755648845536,0.36146437831831085,0.3264600567971354
,,1.0,,,,2008-10-23T02:00:03Z,ls7,qd9vgvrnqb48,,,
0.23426829268292684,0.5231707317073171,0.0,0.23024390243902443,0.0,0.0,2008-10-31T01:54:47Z,ls5,qd9vgvrnqb48,0.23311519940733427,0.5296950240770466,0.23718977651561923
0.2224626865671642,0.5363432835820895,0.18292682926829273,0.22880597014925372,0.0,0.0,2008-11-08T02:00:18Z,ls7,qd9vgvrnqb48,0.23167598609641832,0.5430708780414084,0.22525313586217321
0.17809999999999998,0.6457999999999998,0.3902439024390244,0.16409999999999997,0.0,0.0,2008-11-16T01:54:32Z,ls5,qd9vgvrnqb48,0.1660931174089069,0.6536437246963562,0.18026315789473688
0.011538461538461537,0.6938461538461538,0.9207317073170732,0.2846153846153846,0.0,0.0,2008-11-24T02:00:30Z,ls7,qd9vgvrnqb48,0.2874902874902875,0.7008547008547009,0.011655011655011656
0.38475000000000004,0.46724999999999994,0.7560975609756098,0.13574999999999998,0.0,0.0,2008-12-02T01:55:04Z,ls5,qd9vgvrnqb48,0.13743356112376612,0.4730447987851176,0.38952164009111623
0.030540540540540544,0.7292567567567568,0.09756097560975607,0.23060810810810808,0.0,0.0,2008-12-10T02:00:41Z,ls7,qd9vgvrnqb48,0.23284213398826575,0.7363214626824942,0.03083640332924001
0.30335365853658536,0.538109756097561,0.0,0.1446341463414634,0.0,0.0,2008-12-18T01:55:33Z,ls5,qd9vgvrnqb48,0.14667326242888942,0.5456962651496413,0.3076304724214692
0.2604054054054054,0.598918918918919,0.09756097560975607,0.12702702702702703,0.0,0.0,2008-12-26T02:00:49Z,ls7,qd9vgvrnqb48,0.12878476503630631,0.6072064666392656,0.26400876832442793
0.26682926829268294,0.6161585365853659,0.0,0.10286585365853657,0.0,0.0,2009-01-03T01:55:59Z,ls5,qd9vgvrnqb48,0.10434190994557148,0.6250000000000001,0.27065809005442854
0.2968493150684931,0.586917808219178,0.1097560975609756,0.10212328767123287,0.0,0.0,2009-01-11T02:00:55Z,ls7,qd9vgvrnqb48,0.10358482701125468,0.5953174934000278,0.30109767958871747
0.30140350877192984,0.5741228070175439,0.30487804878048785,0.11026315789473688,0.0,0.0,2009-02-12T02:01:07Z,ls7,qd9vgvrnqb48,0.11185264281900698,0.5823990033813846,0.30574835379960846
0.3101219512195122,0.5846341463414636,0.0,0.09134146341463414,0.0,0.0,2009-02-20T01:57:14Z,ls5,qd9vgvrnqb48,0.09262923571605242,0.5928765767994064,0.3144941874845411
,,1.0,,,,2009-02-28T02:01:16Z,ls7,qd9vgvrnqb48,,,
0.3388095238095238,0.5479365079365079,0.23170731707317072,0.0992857142857143,0.0,0.0,2009-03-16T02:01:24Z,ls7,qd9vgvrnqb48,0.10069220862846105,0.5556986477784932,0.3436091435930457
0.18722580645161294,0.696,0.054878048780487854,0.10490322580645162,0.0,0.0,2009-03-24T01:57:59Z,ls5,qd9vgvrnqb48,0.10616348916166102,0.7043614520762601,0.1894750587620789
0.3628368794326241,0.5020567375886525,0.1402439024390244,0.12056737588652482,0.0,0.0,2009-04-01T02:01:30Z,ls7,qd9vgvrnqb48,0.12234616768621806,0.5094638359121987,0.3681899964015833
0.3291200000000001,0.53736,0.23780487804878048,0.12007999999999999,0.0,0.0,2009-04-17T02:01:35Z,ls7,qd9vgvrnqb48,0.12171586117418098,0.5446805060006487,0.33360363282517036
0.34323170731707314,0.518170731707317,0.0,0.1246341463414634,0.0,0.0,2009-04-25T01:58:37Z,ls5,qd9vgvrnqb48,0.12639910951703667,0.5255086265537072,0.34809226392925613
0.49214876033057847,0.3876859504132231,0.2621951219512195,0.10479338842975208,0.0,0.0,2009-05-03T02:01:39Z,ls7,qd9vgvrnqb48,0.10642941077723689,0.39373845895585025,0.49983213026691287
0.5284756097560975,0.38926829268292684,0.0,0.06634146341463414,0.0,0.0,2009-05-11T01:58:55Z,ls5,qd9vgvrnqb48,0.06741433793915359,0.3955635417312101,0.5370221203296363
0.5030714285714286,0.39892857142857147,0.14634146341463417,0.08299999999999999,0.0,0.0,2009-05-19T02:01:41Z,ls7,qd9vgvrnqb48,0.08426395939086292,0.40500362581580857,0.5107324147933285
0.5367460317460317,0.2870634920634921,0.23170731707317072,0.1592063492063492,0.0,0.0,2009-06-04T02:01:41Z,ls7,qd9vgvrnqb48,0.16195704828031648,0.29202325205877605,0.5460196996609075
0.0,0.0,0.5975609756097561,0.0,0.2727272727272727,0.7272727272727273,2009-06-20T02:01:39Z,ls7,qd9vgvrnqb48,0.0,0.0,0.0
0.3315267175572519,0.2417557251908397,0.2012195121951219,0.41534351145038173,0.0,0.0,2009-06-28T01:59:47Z,ls5,qd9vgvrnqb48,0.42012199830128955,0.2445371013821327,0.3353409003165779
0.1722560975609756,0.173109756097561,0.0,0.5878048780487805,0.006097560975609756,0.04878048780487805,2009-07-14T02:00:04Z,ls5,qd9vgvrnqb48,0.5953329593410936,0.17532679165657314,0.1744622002218454
,,1.0,,,,2009-07-22T02:01:32Z,ls7,qd9vgvrnqb48,,,
0.04584615384615385,0.21176923076923077,0.20731707317073167,0.5540769230769231,0.046153846153846156,0.13076923076923078,2009-08-07T02:01:26Z,ls7,qd9vgvrnqb48,0.5618482824983962,0.21473945879745723,0.046489181781069575
,,1.0,,,,2009-08-15T02:00:33Z,ls5,qd9vgvrnqb48,,,
,,1.0,,,,2009-08-23T02:01:25Z,ls7,qd9vgvrnqb48,,,
0.06939024390243902,0.19335365853658537,0.0,0.47756097560975613,0.054878048780487805,0.1951219512195122,2009-08-31T02:00:47Z,ls5,qd9vgvrnqb48,0.4838151717321474,0.19588584136397336,0.07029898690387941
0.06796747967479674,0.20601626016260163,0.25,0.46439024390243905,0.024390243902439025,0.22764227642276422,2009-09-08T02:01:24Z,ls7,qd9vgvrnqb48,0.4704239422927151,0.20869297439946433,0.06885056298261727
,,1.0,,,,2009-09-16T02:01:00Z,ls5,qd9vgvrnqb48,,,
0.15571428571428572,0.2608730158730159,0.23170731707317072,0.5311111111111111,0.0,0.03968253968253968,2009-09-24T02:01:23Z,ls7,qd9vgvrnqb48,0.5381831039648642,0.2643466620939195,0.1577876942586766
0.17292682926829267,0.2682317073170732,0.0,0.5343902439024392,0.006097560975609756,0.006097560975609756,2009-10-02T02:01:12Z,ls5,qd9vgvrnqb48,0.5411039409475288,0.2716015787572089,0.1750993583440428
,,1.0,,,,2009-10-10T02:01:17Z,ls7,qd9vgvrnqb48,,,
0.2085,0.4066875,0.024390243902439046,0.37331250000000005,0.0,0.0,2009-10-18T02:01:22Z,ls5,qd9vgvrnqb48,0.37765553869499247,0.41141881638846733,0.2109256449165402
0.2608536585365854,0.4852439024390245,0.0,0.24109756097560972,0.0,0.0,2009-11-03T02:01:30Z,ls5,qd9vgvrnqb48,0.24422483014206295,0.4915379864113651,0.26423718344657193
0.20461538461538464,0.612097902097902,0.12804878048780488,0.17160839160839161,0.0,0.0,2009-11-11T02:01:48Z,ls7,qd9vgvrnqb48,0.17363617066440248,0.6193306445906743,0.20703318474492327
0.01,0.84,0.9939024390243902,0.14,0.0,0.0,2009-11-19T02:01:37Z,ls5,qd9vgvrnqb48,0.14141414141414144,0.8484848484848485,0.010101010101010102
0.26780487804878045,0.5473170731707316,0.25,0.17146341463414638,0.0,0.0,2009-11-27T02:01:59Z,ls7,qd9vgvrnqb48,0.17379480840543884,0.5547589616810877,0.2714462299134734
0.2722560975609756,0.5764024390243903,0.0,0.1378048780487805,0.0,0.0,2009-12-05T02:01:46Z,ls5,qd9vgvrnqb48,0.13969588329830634,0.5843120286809247,0.2759920880207689
,,1.0,,,,2009-12-13T02:02:11Z,ls7,qd9vgvrnqb48,,,
0.27666666666666667,0.593469387755102,0.10365853658536583,0.11585034013605443,0.0,0.0,2009-12-29T02:02:29Z,ls7,qd9vgvrnqb48,0.11749689526700705,0.6019042362356838,0.28059886849730925
0.29384000000000005,0.56896,0.23780487804878048,0.12335999999999998,0.0,0.0,2010-01-14T02:02:44Z,ls7,qd9vgvrnqb48,0.12509126308104157,0.5769449176604201,0.29796381925853815
0.3056707317073171,0.5679878048780488,0.0,0.11170731707317073,0.0,0.0,2010-01-22T02:02:03Z,ls5,qd9vgvrnqb48,0.11336633663366337,0.5764232673267327,0.31021039603960404
0.2483673469387755,0.6121088435374151,0.10365853658536583,0.12482993197278913,0.0,0.0,2010-01-30T02:02:58Z,ls7,qd9vgvrnqb48,0.12669152167909417,0.6212372272852804,0.25207125103562544
0.23607407407407408,0.6402962962962964,0.17682926829268297,0.11148148148148147,0.0,0.0,2010-02-15T02:03:09Z,ls7,qd9vgvrnqb48,0.11285242951409716,0.6481703659268147,0.23897720455908816
0.31073170731707317,0.5603658536585366,0.0,0.11506097560975613,0.0,0.0,2010-02-23T02:02:10Z,ls5,qd9vgvrnqb48,0.11667594138378781,0.5682310022877636,0.3150930563284486
0.2917322834645669,0.5543307086614173,0.22560975609756095,0.1393700787401575,0.0,0.0,2010-03-03T02:03:17Z,ls7,qd9vgvrnqb48,0.1414302836596085,0.5625249700359568,0.29604474630443467
,,1.0,,,,2010-03-19T02:03:23Z,ls7,qd9vgvrnqb48,,,
,,1.0,,,,2010-04-04T02:03:27Z,ls7,qd9vgvrnqb48,,,
,,1.0,,,,2010-04-20T02:03:27Z,ls7,qd9vgvrnqb48,,,
,,1.0,,,,2010-04-28T02:02:03Z,ls5,qd9vgvrnqb48,,,
0.28115384615384614,0.4261538461538462,0.20731707317073167,0.279,0.0,0.0,2010-05-06T02:03:24Z,ls7,qd9vgvrnqb48,0.2828731867103416,0.43206987989393236,0.2850569333957261
0.2600952380952381,0.4498095238095238,0.3597560975609756,0.27771428571428575,0.0,0.0,2010-05-14T02:02:01Z,ls5,qd9vgvrnqb48,0.28119575699132116,0.4554484088717454,0.2633558341369335
0.17915384615384614,0.3643846153846154,0.20731707317073167,0.4438461538461539,0.0,0.0,2010-07-25T02:03:28Z,ls7,qd9vgvrnqb48,0.4495169834839514,0.3690401994390776,0.181442817076971
0.23189189189189194,0.30783783783783786,0.09756097560975607,0.44797297297297306,0.0,0.0,2010-08-10T02:03:26Z,ls7,qd9vgvrnqb48,0.45355041729374745,0.3116705431659597,0.2347790395402928
0.2973913043478261,0.25513043478260866,0.2987804878048781,0.4351304347826086,0.0,0.0,2010-08-26T02:03:30Z,ls7,qd9vgvrnqb48,0.44057052297939775,0.2583201267828843,0.30110935023771795
0.24327999999999997,0.28864,0.23780487804878048,0.45519999999999994,0.0,0.0,2010-09-11T02:03:32Z,ls7,qd9vgvrnqb48,0.4611394764567631,0.29240619174973664,0.2464543317935003
0.2682905982905983,0.35205128205128206,0.28658536585365857,0.3676068376068376,0.0,0.0,2010-09-27T02:03:31Z,ls7,qd9vgvrnqb48,0.3720910113331603,0.3563457046457306,0.27156328402110913
0.3025210084033613,0.41336134453781515,0.27439024390243905,0.2702521008403362,0.0,0.0,2010-10-13T02:03:36Z,ls7,qd9vgvrnqb48,0.274051981252663,0.41917341286749044,0.30677460587984656
0.31302325581395346,0.4693798449612403,0.21341463414634143,0.20387596899224805,0.0,0.0,2010-10-29T02:03:45Z,ls7,qd9vgvrnqb48,0.2067122533993555,0.47590976970840215,0.3173779768922424
0.32976,0.50792,0.23780487804878048,0.14792000000000002,0.0,0.0,2010-11-14T02:03:57Z,ls7,qd9vgvrnqb48,0.15008116883116884,0.5153409090909091,0.3345779220779221
0.3497413793103448,0.5233620689655173,0.29268292682926833,0.11396551724137932,0.0,0.0,2010-11-30T02:04:08Z,ls7,qd9vgvrnqb48,0.11545851528384281,0.5302183406113538,0.35432314410480353
0.05653061224489796,0.8397959183673469,0.7012195121951219,0.09551020408163265,0.0,0.0,2010-12-08T02:01:02Z,ls5,qd9vgvrnqb48,0.09629629629629628,0.8467078189300411,0.05699588477366255
0.24591463414634146,0.6930487804878048,0.0,0.046768292682926836,0.0,0.0,2010-12-24T02:01:07Z,ls5,qd9vgvrnqb48,0.047445255474452566,0.7030805394036868,0.24947420512186072
0.3797080291970803,0.5414598540145986,0.16463414634146345,0.06445255474452556,0.0,0.0,2011-01-01T02:04:25Z,ls7,qd9vgvrnqb48,0.06539287565726135,0.5493594016144561,0.38524772272828256
0.35457317073170735,0.5939024390243903,0.0,0.037621951219512194,0.0,0.0,2011-01-09T02:01:10Z,ls5,qd9vgvrnqb48,0.03815236210734602,0.6022755379668563,0.3595720999257977
0.3746951219512195,0.5655487804878049,0.0,0.04463414634146342,0.0,0.0,2011-01-25T02:01:10Z,ls5,qd9vgvrnqb48,0.04531946508172363,0.5742322932144626,0.38044824170381375
0.439236641221374,0.47175572519083975,0.2012195121951219,0.07381679389312977,0.0,0.0,2011-02-02T02:04:38Z,ls7,qd9vgvrnqb48,0.07495542981164251,0.47903263312921485,0.44601193705914266
0.3673170731707317,0.5685975609756098,0.0,0.04957317073170732,0.0,0.0,2011-02-10T02:01:13Z,ls5,qd9vgvrnqb48,0.05030318029946789,0.5769706719465413,0.3727261477539908
0.4444961240310078,0.4786046511627907,0.21341463414634143,0.06248062015503876,0.0,0.0,2011-02-18T02:04:42Z,ls7,qd9vgvrnqb48,0.06339468302658487,0.48560641812175553,0.4509988988516596
0.4162195121951219,0.5179878048780487,0.0,0.0523780487804878,0.0,0.0,2011-02-26T02:01:12Z,ls5,qd9vgvrnqb48,0.0530902348578492,0.5250309023485785,0.4218788627935723
0.47033783783783784,0.4544594594594595,0.09756097560975607,0.06047297297297298,0.0,0.0,2011-03-06T02:04:47Z,ls7,qd9vgvrnqb48,0.06137704018653135,0.461253600329173,0.4773693594842957
0.4866929133858268,0.4279527559055118,0.22560975609756095,0.07007874015748032,0.0,0.0,2011-03-22T02:04:47Z,ls7,qd9vgvrnqb48,0.07116584039660963,0.4345913961298576,0.4942427634735327
0.5303658536585367,0.4095121951219512,0.0,0.047439024390243896,0.0,0.0,2011-03-30T02:01:03Z,ls5,qd9vgvrnqb48,0.048048418972332,0.4147727272727272,0.5371788537549408
0.2961111111111111,0.5791666666666666,0.5609756097560976,0.1126388888888889,0.0,0.0,2011-04-07T02:04:52Z,ls7,qd9vgvrnqb48,0.11401658934345565,0.5862505272037114,0.29973288345283283
0.538109756097561,0.400609756097561,0.0,0.04847560975609756,0.0,0.0,2011-04-15T02:00:58Z,ls5,qd9vgvrnqb48,0.04910438542310068,0.4058060531192094,0.5450895614576899
0.6172,0.3296,0.8475609756097561,0.0388,0.0,0.0,2011-04-23T02:04:50Z,ls7,qd9vgvrnqb48,0.03936688311688312,0.3344155844155844,0.6262175324675324
0.5293292682926829,0.40810975609756095,0.0,0.049695121951219515,0.0,0.0,2011-05-01T02:00:52Z,ls5,qd9vgvrnqb48,0.05034282537525481,0.4134288714559269,0.5362283031688183
0.5191803278688524,0.3898360655737705,0.25609756097560976,0.07663934426229507,0.0,0.0,2011-05-09T02:04:50Z,ls7,qd9vgvrnqb48,0.07775467775467775,0.3955093555093555,0.5267359667359667
0.5127049180327868,0.38516393442622954,0.25609756097560976,0.0881967213114754,0.0,0.0,2011-05-25T02:04:49Z,ls7,qd9vgvrnqb48,0.08944305901911886,0.39060681629260185,0.5199501246882793
0.5101562500000001,0.32015625,0.2195121951219512,0.154375,0.0,0.0,2011-06-10T02:04:50Z,ls7,qd9vgvrnqb48,0.1567756267851476,0.32513487781656614,0.5180894953982863
0.24976,0.41672000000000003,0.23780487804878048,0.32039999999999996,0.0,0.0,2011-06-26T02:04:46Z,ls7,qd9vgvrnqb48,0.3246595330739299,0.4222600518806745,0.2530804150453956
0.16211678832116788,0.36277372262773727,0.16463414634146345,0.46131386861313867,0.0,0.0,2011-07-12T02:04:46Z,ls7,qd9vgvrnqb48,0.46776700466286725,0.36784841980608396,0.16438457553104877
0.11462585034013606,0.2436734693877551,0.10365853658536583,0.6280272108843536,0.0,0.0,2011-07-28T02:04:43Z,ls7,qd9vgvrnqb48,0.6367335678322642,0.24705152079453757,0.11621491137319816
0.13317073170731708,0.2427439024390244,0.0,0.6106097560975611,0.0,0.0,2011-08-05T02:00:09Z,ls5,qd9vgvrnqb48,0.6189504913777119,0.2460597070276284,0.13498980159465973
0.12752212389380532,0.20743362831858406,0.3109756097560976,0.6507079646017699,0.0,0.0,2011-08-13T02:04:39Z,ls7,qd9vgvrnqb48,0.6601723828335428,0.21045070928353382,0.12937690788292333
0.14304000000000003,0.25383999999999995,0.23780487804878048,0.58952,0.0,0.0,2011-08-29T02:04:37Z,ls7,qd9vgvrnqb48,0.5976480129764802,0.25733982157339813,0.1450121654501217
0.14371951219512194,0.2321951219512195,0.0,0.6098170731707319,0.0,0.0,2011-09-06T01:59:52Z,ls5,qd9vgvrnqb48,0.6186440677966103,0.23555610540640848,0.14579982679698128
0.16198412698412698,0.23547619047619048,0.23170731707317072,0.5884126984126983,0.0,0.0,2011-09-14T02:04:31Z,ls7,qd9vgvrnqb48,0.596844308484946,0.23885042666237324,0.16430526485268074
,,1.0,,,,2011-09-30T02:04:29Z,ls7,qd9vgvrnqb48,,,
,,1.0,,,,2011-10-08T01:59:19Z,ls5,qd9vgvrnqb48,,,
,,1.0,,,,2011-10-16T02:04:31Z,ls7,qd9vgvrnqb48,,,
0.19248275862068967,0.5435172413793103,0.11585365853658536,0.25186206896551727,0.0,0.0,2011-11-01T02:04:36Z,ls7,qd9vgvrnqb48,0.254956716001117,0.5501954761239877,0.19484780787489528
0.07710526315789473,0.7186842105263158,0.7682926829268293,0.19473684210526318,0.0,0.0,2011-11-17T02:04:50Z,ls7,qd9vgvrnqb48,0.19659936238044634,0.725557917109458,0.07784272051009564
0.2184920634920635,0.5919047619047619,0.23170731707317072,0.17642857142857143,0.0,0.0,2011-12-03T02:04:59Z,ls7,qd9vgvrnqb48,0.17878397941129162,0.5998069808589352,0.2214090397297732
0.2076510067114094,0.6199328859060403,0.09146341463414631,0.16013422818791945,0.0,0.0,2011-12-19T02:05:06Z,ls7,qd9vgvrnqb48,0.16212543317252157,0.6276415030237141,0.21023306380376436
0.167037037037037,0.702962962962963,0.17682926829268297,0.11659259259259258,0.0,0.0,2012-01-04T02:05:15Z,ls7,qd9vgvrnqb48,0.11817704031834221,0.7125159546512502,0.16930700503040766
0.19881889763779528,0.672992125984252,0.22560975609756095,0.11370078740157481,0.0,0.0,2012-01-20T02:05:15Z,ls7,qd9vgvrnqb48,0.11537232342601471,0.6828859060402684,0.20174177053371684
0.24386666666666665,0.6412666666666667,0.08536585365853655,0.1014,0.0,0.0,2012-02-05T02:05:19Z,ls7,qd9vgvrnqb48,0.10278416002162455,0.6500202730098662,0.24719556696850922
0.2153030303030303,0.6551515151515152,0.19512195121951215,0.11643939393939395,0.0,0.0,2012-02-21T02:05:23Z,ls7,qd9vgvrnqb48,0.11798572196207877,0.6638519996929454,0.2181622783449758
0.2425342465753425,0.6371232876712329,0.1097560975609756,0.10698630136986302,0.0,0.0,2012-03-08T02:05:19Z,ls7,qd9vgvrnqb48,0.10843457132939952,0.6457480041652204,0.2458174245053801
0.2075,0.7093181818181818,0.7317073170731707,0.07204545454545454,0.0,0.0,2012-03-24T02:05:22Z,ls7,qd9vgvrnqb48,0.07285681452539645,0.7173063663525626,0.20983681912204089
0.2587704918032787,0.6033606557377049,0.25609756097560976,0.12467213114754098,0.0,0.0,2012-04-09T02:05:17Z,ls7,qd9vgvrnqb48,0.1263393969598804,0.6114295207243127,0.262231082315807
0.27438202247191007,0.5931460674157304,0.45731707317073167,0.12044943820224718,0.0,0.0,2012-04-25T02:05:32Z,ls7,qd9vgvrnqb48,0.12191515978619355,0.6003639258501081,0.27772091436369833
0.27614173228346456,0.5226771653543306,0.22560975609756095,0.18700787401574803,0.0,0.0,2012-05-11T02:05:55Z,ls7,qd9vgvrnqb48,0.18969648562300323,0.5301916932907348,0.28011182108626204
0.2927536231884058,0.6060869565217392,0.1585365853658537,0.08760869565217391,0.0,0.0,2012-05-27T02:05:47Z,ls7,qd9vgvrnqb48,0.08881216484243003,0.6144126937486226,0.29677514140894734
,,1.0,,,,2012-06-12T02:05:37Z,ls7,qd9vgvrnqb48,,,
0.27756521739130435,0.33086956521739136,0.2987804878048781,0.3776521739130434,0.0,0.0,2012-06-28T02:05:45Z,ls7,qd9vgvrnqb48,0.3829805996472662,0.3355379188712522,0.2814814814814815
0.13370078740157482,0.39417322834645663,0.22560975609756095,0.4592125984251969,0.0,0.0,2012-07-14T02:06:00Z,ls7,qd9vgvrnqb48,0.46522016592214427,0.39932992980216964,0.13544990427568604
0.2025,0.245234375,0.2195121951219512,0.540234375,0.0,0.0,2012-07-30T02:06:10Z,ls7,qd9vgvrnqb48,0.5468132215720386,0.24822078127471137,0.20496599715325003
0.0912230215827338,0.26100719424460433,0.15243902439024393,0.6325179856115108,0.0,0.0,2012-08-15T02:06:22Z,ls7,qd9vgvrnqb48,0.6423144360023378,0.2650496785505552,0.09263588544710692
0.13638461538461538,0.20753846153846153,0.20731707317073167,0.6413076923076924,0.0,0.0,2012-08-31T02:06:32Z,ls7,qd9vgvrnqb48,0.6509212991880075,0.21064959400374764,0.13842910680824483
0.14352459016393443,0.29131147540983604,0.25609756097560976,0.5508196721311475,0.0,0.0,2012-09-16T02:06:41Z,ls7,qd9vgvrnqb48,0.5588357588357588,0.29555093555093553,0.14561330561330563
0.14445205479452058,0.31232876712328766,0.1097560975609756,0.5292465753424658,0.0,0.0,2012-10-02T02:06:51Z,ls7,qd9vgvrnqb48,0.5367463184217838,0.3167546540705751,0.14649902750764102
0.16964912280701755,0.48684210526315796,0.30487804878048785,0.3312280701754386,0.0,0.0,2012-10-18T02:07:00Z,ls7,qd9vgvrnqb48,0.33534635879218466,0.4928952042628774,0.1717584369449378
0.1777,0.6608000000000002,0.3902439024390244,0.1484,0.0,0.0,2012-11-19T02:07:13Z,ls7,qd9vgvrnqb48,0.15036984496909514,0.6695713851454049,0.18005876988550001
0.1644055944055944,0.6382517482517484,0.12804878048780488,0.18426573426573425,0.0,0.0,2012-12-21T02:07:22Z,ls7,qd9vgvrnqb48,0.1867072911500035,0.6467087082831432,0.16658400056685324
0.1855737704918033,0.6721311475409836,0.25609756097560976,0.1301639344262295,0.0,0.0,2013-01-22T02:07:25Z,ls7,qd9vgvrnqb48,0.13176236309326253,0.6803849983405243,0.18785263856621306
0.2632116788321168,0.6072992700729928,0.16463414634146345,0.1162043795620438,0.0,0.0,2013-02-07T02:07:27Z,ls7,qd9vgvrnqb48,0.11776890072495931,0.6154756620801894,0.26675543719485134
0.25121951219512195,0.6131707317073171,0.25,0.12252032520325205,0.0,0.0,2013-02-23T02:07:24Z,ls7,qd9vgvrnqb48,0.1241453167476728,0.6213032374989702,0.2545514457533569
0.0,0.85,0.9878048780487805,0.15000000000000002,0.0,0.0,2013-03-11T02:07:23Z,ls7,qd9vgvrnqb48,0.15000000000000002,0.85,0.0
0.25380952380952376,0.6484920634920635,0.23170731707317072,0.08380952380952382,0.0,0.0,2013-03-27T02:07:16Z,ls7,qd9vgvrnqb48,0.08498993963782699,0.6576257545271631,0.25738430583501004
0.2823170731707317,0.5615243902439024,0.0,0.1398170731707317,0.0,0.0,2013-04-06T02:17:40Z,ls8,qd9vgvrnqb48,0.14213984626828663,0.5708529630547979,0.28700719067691544
0.3718811881188119,0.5286138613861386,0.38414634146341464,0.08039603960396041,0.0,0.0,2013-04-20T02:13:02Z,ls8,qd9vgvrnqb48,0.08196224891490866,0.5389118804885434,0.37912587059654784
0.2452032520325203,0.6294308943089431,0.25,0.11016260162601627,0.0,0.0,2013-04-28T02:07:09Z,ls7,qd9vgvrnqb48,0.11186328737719807,0.6391480227854373,0.24898868983736483
,,1.0,,,,2013-05-06T02:13:04Z,ls8,qd9vgvrnqb48,,,
,,1.0,,,,2013-05-14T02:07:07Z,ls7,qd9vgvrnqb48,,,
0.16798780487804876,0.32524390243902435,0.0,0.49042682926829273,0.0,0.0,2013-05-22T02:13:16Z,ls8,qd9vgvrnqb48,0.49857426233573027,0.3306471609223902,0.1707785767418795
0.2176219512195122,0.17432926829268292,0.0,0.590060975609756,0.0,0.0,2013-06-07T02:13:16Z,ls8,qd9vgvrnqb48,0.6008692952499224,0.1775225085377212,0.22160819621235642
0.08184210526315788,0.2740350877192982,0.30487804878048785,0.6297368421052633,0.0,0.0,2013-06-15T02:06:54Z,ls7,qd9vgvrnqb48,0.6389284442862229,0.2780348878604485,0.08303666785332857
,,1.0,,,,2013-06-23T02:13:09Z,ls8,qd9vgvrnqb48,,,
0.17808,0.18584000000000003,0.23780487804878048,0.6220800000000001,0.0,0.0,2013-07-01T02:06:46Z,ls7,qd9vgvrnqb48,0.6309127789046654,0.18847870182555782,0.18060851926977683
,,1.0,,,,2013-07-08T02:12:51Z,ls7,qd9vgvrnqb48,,,
,,1.0,,,,2013-07-09T02:13:14Z,ls8,qd9vgvrnqb48,,,
0.1766304347826087,0.3342391304347826,0.4390243902439024,0.47760869565217395,0.0,0.0,2013-07-17T02:06:37Z,ls7,qd9vgvrnqb48,0.4831757202551133,0.3381350340884099,0.1786892456564768
0.1503658536585366,0.230609756097561,0.0,0.5996951219512194,0.0,0.0,2013-07-25T02:13:13Z,ls8,qd9vgvrnqb48,0.6115152645650687,0.2351551327488653,0.15332960268606607
0.11401515151515154,0.26878787878787874,0.19512195121951215,0.6012121212121213,0.0,0.0,2013-08-02T02:06:29Z,ls7,qd9vgvrnqb48,0.6109785202863962,0.2731542074062668,0.115867272307337
,,1.0,,,,2013-08-10T02:13:15Z,ls8,qd9vgvrnqb48,,,
0.3001818181818182,0.2534545454545455,0.6646341463414633,0.4374545454545454,0.0,0.0,2013-08-18T02:06:33Z,ls7,qd9vgvrnqb48,0.44138690148596577,0.25573289304714736,0.3028802054668868
0.2079090909090909,0.1440909090909091,0.3292682926829268,0.6283636363636362,0.0,0.0,2013-08-26T02:13:17Z,ls8,qd9vgvrnqb48,0.6409495548961424,0.14697700296735908,0.21207344213649854
0.12829268292682927,0.20304878048780486,0.0,0.648719512195122,0.0,0.0,2013-09-11T02:13:15Z,ls8,qd9vgvrnqb48,0.6619175013998632,0.20717974242518508,0.13090275617495178
0.11068965517241379,0.2735344827586207,0.29268292682926833,0.5336206896551723,0.034482758620689655,0.034482758620689655,2013-09-19T02:06:55Z,ls7,qd9vgvrnqb48,0.5412889497770134,0.27746524032996184,0.11228029265164545
0.17266666666666666,0.32399999999999995,0.6341463414634146,0.4703333333333334,0.016666666666666666,0.0,2013-09-27T02:13:06Z,ls8,qd9vgvrnqb48,0.47827760542341724,0.32947259565667003,0.175583132253246
0.1719298245614035,0.20368421052631577,0.6524390243902439,0.6089473684210527,0.0,0.0,2013-10-05T02:07:07Z,ls7,qd9vgvrnqb48,0.6184960798289381,0.20687811831789021,0.17462580185317175
0.18932926829268293,0.2998170731707317,0.0,0.49451219512195127,0.0,0.0,2013-10-13T02:13:07Z,ls8,qd9vgvrnqb48,0.5027274981403422,0.30479791718323823,0.1924745846764195
0.12698412698412698,0.44055555555555553,0.23170731707317072,0.4203174603174603,0.0,0.0,2013-10-21T02:07:17Z,ls7,qd9vgvrnqb48,0.42548405238210013,0.4459709166867519,0.12854503093114808
0.20201219512195123,0.4217073170731708,0.0,0.3617682926829268,0.0,0.0,2013-10-29T02:12:57Z,ls8,qd9vgvrnqb48,0.3670956564781586,0.4279173369632472,0.20498700655859425
0.19844961240310077,0.5301550387596898,0.21341463414634143,0.25813953488372093,0.0,0.0,2013-11-06T02:07:22Z,ls7,qd9vgvrnqb48,0.2616073532877681,0.537277083824338,0.20111556288789378
0.24914634146341463,0.4939634146341464,0.0,0.24115853658536585,0.0,0.0,2013-11-14T02:12:57Z,ls8,qd9vgvrnqb48,0.24501300954032956,0.5018585057613679,0.25312848469830257
0.372,0.438,0.9695121951219512,0.16799999999999998,0.0,0.0,2013-11-22T02:07:27Z,ls7,qd9vgvrnqb48,0.17177914110429446,0.44785276073619634,0.3803680981595092
0.15999999999999998,0.6906896551724139,0.8231707317073171,0.1382758620689655,0.0,0.0,2013-11-30T02:12:52Z,ls8,qd9vgvrnqb48,0.13981868898186886,0.6983960948396095,0.1617852161785216
0.1317894736842105,0.7344210526315789,0.4207317073170732,0.12010526315789474,0.0,0.0,2013-12-08T02:07:35Z,ls7,qd9vgvrnqb48,0.12177161152614731,0.7446104589114195,0.13361792956243332
,,1.0,,,,2013-12-16T02:12:46Z,ls8,qd9vgvrnqb48,,,
0.27571428571428575,0.589047619047619,0.23170731707317072,0.12150793650793651,0.0,0.0,2013-12-24T02:07:37Z,ls7,qd9vgvrnqb48,0.12319948499235533,0.5972479278989297,0.2795525871087149
0.2700735294117647,0.5807352941176471,0.1707317073170732,0.13522058823529412,0.0,0.0,2014-01-09T02:07:40Z,ls7,qd9vgvrnqb48,0.13713646532438478,0.5889634601043997,0.2739000745712155
0.31243902439024396,0.5033536585365853,0.0,0.16847560975609754,0.0,0.0,2014-01-17T02:12:23Z,ls8,qd9vgvrnqb48,0.17116838062197992,0.5113988353363895,0.3174327840416306
0.17895833333333333,0.6909722222222222,0.12195121951219512,0.11645833333333336,0.0,0.0,2014-01-25T02:08:00Z,ls7,qd9vgvrnqb48,0.11806533370881445,0.7005068994649395,0.18142776682624612
0.2910975609756098,0.5125,0.0,0.18103658536585365,0.0,0.0,2014-02-02T02:12:17Z,ls8,qd9vgvrnqb48,0.18386177854842706,0.5204978944760961,0.2956403269754769
0.29789062499999996,0.552890625,0.2195121951219512,0.13460937499999998,0.0,0.0,2014-02-10T02:08:05Z,ls7,qd9vgvrnqb48,0.13660508998652182,0.5610877665900261,0.302307143423452
0.1480487804878049,0.7188617886178862,0.25,0.12032520325203253,0.0,0.0,2014-02-18T02:12:04Z,ls8,qd9vgvrnqb48,0.1218809190480112,0.7281561393395372,0.14996294161245163
0.29315436241610743,0.5510067114093959,0.09146341463414631,0.1414765100671141,0.0,0.0,2014-02-26T02:07:57Z,ls7,qd9vgvrnqb48,0.14353806346180034,0.559035816423805,0.2974261201143947
0.34573170731707314,0.45469512195121947,0.0,0.18378048780487805,0.0,0.0,2014-03-06T02:11:48Z,ls8,qd9vgvrnqb48,0.18672944675051112,0.4619912025277244,0.35127935072176447
,,1.0,,,,2014-03-14T02:08:05Z,ls7,qd9vgvrnqb48,,,
0.3479268292682927,0.4509146341463414,0.0,0.1851219512195122,0.0,0.0,2014-03-22T02:11:38Z,ls8,qd9vgvrnqb48,0.18813905930470348,0.4582636177728202,0.35359732292247636
0.3349390243902439,0.48859756097560975,0.0,0.1599390243902439,0.0,0.0,2014-04-07T02:11:23Z,ls8,qd9vgvrnqb48,0.1626263252526505,0.4968069936139872,0.34056668113336225
0.30553846153846154,0.5701538461538462,0.20731707317073167,0.11053846153846154,0.0,0.0,2014-04-15T02:08:18Z,ls7,qd9vgvrnqb48,0.11208174089384602,0.5781140316667966,0.30980422743935726
,,1.0,,,,2014-04-23T02:11:07Z,ls8,qd9vgvrnqb48,,,
0.28435897435897434,0.4892307692307693,0.28658536585365857,0.21247863247863247,0.0,0.0,2014-05-01T02:08:27Z,ls7,qd9vgvrnqb48,0.21548062754615582,0.4961428447603363,0.2883765276935078
0.053428571428571436,0.5942857142857143,0.7865853658536586,0.33971428571428575,0.0,0.0,2014-05-09T02:10:51Z,ls8,qd9vgvrnqb48,0.34403935185185186,0.6018518518518517,0.0541087962962963
0.20489795918367346,0.15319727891156465,0.10365853658536583,0.6293197278911565,0.0,0.0,2014-05-17T02:08:34Z,ls7,qd9vgvrnqb48,0.6373406820530486,0.1551498449879435,0.20750947295900787
0.20670731707317078,0.07048780487804879,0.0,0.7068902439024389,0.0,0.0,2014-05-25T02:10:45Z,ls8,qd9vgvrnqb48,0.7183220769564408,0.07162773406035071,0.2100501889832084
0.1336434108527132,0.13465116279069766,0.21341463414634143,0.7172093023255814,0.0,0.0,2014-06-02T02:08:38Z,ls7,qd9vgvrnqb48,0.7277589868638402,0.13663179422638244,0.13560921890977742
,,1.0,,,,2014-06-10T02:10:55Z,ls8,qd9vgvrnqb48,,,
0.05147887323943662,0.23330985915492955,0.13414634146341464,0.6990845070422534,0.0,0.0,2014-06-18T02:08:38Z,ls7,qd9vgvrnqb48,0.710543268198411,0.2371340634170782,0.05232266838451077
,,1.0,,,,2014-06-26T02:10:57Z,ls8,qd9vgvrnqb48,,,
,,1.0,,,,2014-07-04T02:08:45Z,ls7,qd9vgvrnqb48,,,
0.1927439024390244,0.12957317073170735,0.0,0.6582926829268292,0.0,0.0,2014-07-12T02:11:06Z,ls8,qd9vgvrnqb48,0.6713095386146001,0.13213530655391123,0.19655515483148864
0.003650793650793651,0.2912698412698413,0.6158536585365854,0.6133333333333334,0.0,0.07936507936507936,2014-07-20T02:08:47Z,ls7,qd9vgvrnqb48,0.6216940463707329,0.29524031446436205,0.0037005597998257906
0.09676829268292683,0.18713414634146341,0.0,0.6959146341463415,0.0,0.0,2014-07-28T02:11:09Z,ls8,qd9vgvrnqb48,0.7102495488207107,0.1909888605389259,0.09876159064036343
0.11511278195488721,0.1811278195488722,0.18902439024390238,0.6880451127819548,0.0,0.0,2014-08-05T02:08:53Z,ls7,qd9vgvrnqb48,0.6990298678481399,0.18401955541975407,0.11695057673210603
0.23115853658536584,0.04890243902439024,0.0,0.7007926829268293,0.0,0.0,2014-08-13T02:11:18Z,ls8,qd9vgvrnqb48,0.7144722118612458,0.049857018525425824,0.2356707696133283
0.10270833333333333,0.18319444444444447,0.12195121951219512,0.6975694444444444,0.0,0.0,2014-08-21T02:08:52Z,ls7,qd9vgvrnqb48,0.7092924728145742,0.18627312526479314,0.10443440192063269
0.07378048780487803,0.0825609756097561,0.0,0.3820731707317073,0.006097560975609756,0.4451219512195122,2014-08-29T02:11:19Z,ls8,qd9vgvrnqb48,0.38942905284092477,0.08415048476645583,0.07520095019749742
0.19378048780487803,0.15628048780487808,0.0,0.6304268292682926,0.0,0.0,2014-09-14T02:11:23Z,ls8,qd9vgvrnqb48,0.6429726368159204,0.15939054726368165,0.197636815920398
0.15177966101694915,0.30533898305084745,0.2804878048780488,0.5292372881355932,0.0,0.0,2014-09-22T02:08:58Z,ls7,qd9vgvrnqb48,0.5365581235501332,0.30956267720594555,0.1538791992439213
0.17292682926829267,0.24317073170731704,0.0,0.5663414634146341,0.0,0.0,2014-09-30T02:11:23Z,ls8,qd9vgvrnqb48,0.5764647467725919,0.2475173783515392,0.1760178748758689
0.13131147540983606,0.3181967213114754,0.25609756097560976,0.537704918032787,0.0,0.0,2014-10-08T02:09:11Z,ls7,qd9vgvrnqb48,0.5446695450016605,0.3223181667220192,0.13301228827632014
,,1.0,,,,2014-10-16T02:11:28Z,ls8,qd9vgvrnqb48,,,
0.12354609929078016,0.5782269503546099,0.1402439024390244,0.2887234042553191,0.0,0.0,2014-10-24T02:09:20Z,ls7,qd9vgvrnqb48,0.29149362738078183,0.5837748818559358,0.12473149076328226
0.17432926829268292,0.530548780487805,0.0,0.28189024390243905,0.0,0.0,2014-11-01T02:11:25Z,ls8,qd9vgvrnqb48,0.2856701476858432,0.5376629796700242,0.17666687264413272
0.16678260869565217,0.6127826086956522,0.2987804878048781,0.20852173913043476,0.0,0.0,2014-11-09T02:09:29Z,ls7,qd9vgvrnqb48,0.2110358180058083,0.6201707295608554,0.16879345243333627
0.16414634146341464,0.5989634146341463,0.0,0.22408536585365854,0.0,0.0,2014-11-17T02:11:26Z,ls8,qd9vgvrnqb48,0.2269919703520692,0.606732550957381,0.16627547869054973
0.18056,0.64376,0.23780487804878048,0.16352,0.0,0.0,2014-11-25T02:09:32Z,ls7,qd9vgvrnqb48,0.1655328798185941,0.6516844833171364,0.18278263686426952
0.2056923076923077,0.6203076923076923,0.20731707317073167,0.16115384615384615,0.0,0.0,2014-12-03T02:11:25Z,ls8,qd9vgvrnqb48,0.16325099353229952,0.628379957920985,0.2083690485467155
0.19391666666666663,0.6545,0.2682926829268293,0.13849999999999998,0.0,0.0,2014-12-11T02:09:39Z,ls7,qd9vgvrnqb48,0.14033606349742464,0.663176559993245,0.19648737650933037
0.20676829268292682,0.6221341463414635,0.0,0.1571951219512195,0.0,0.0,2014-12-19T02:11:22Z,ls8,qd9vgvrnqb48,0.1594113282216176,0.6309052683650754,0.2096834034133069
0.2206923076923077,0.6567692307692309,0.20731707317073167,0.10815384615384614,0.0,0.0,2014-12-27T02:09:46Z,ls7,qd9vgvrnqb48,0.10973230312963393,0.6663544837274643,0.2239132131429017
0.238719512195122,0.5946341463414634,0.0,0.15140243902439027,0.0,0.0,2015-01-04T02:11:17Z,ls8,qd9vgvrnqb48,0.15374613003095977,0.6038390092879256,0.24241486068111456
0.2582876712328767,0.6300684931506849,0.1097560975609756,0.09650684931506849,0.0,0.0,2015-01-12T02:09:49Z,ls7,qd9vgvrnqb48,0.09799012448709925,0.6397524167188261,0.2622574587940747
0.2783536585365854,0.5592073170731707,0.0,0.14768292682926829,0.0,0.0,2015-01-20T02:11:13Z,ls8,qd9vgvrnqb48,0.14989478895902955,0.5675826216115856,0.2825225894293848
0.24544776119402986,0.6226865671641791,0.18292682926829273,0.11783582089552241,0.0,0.0,2015-01-28T02:09:53Z,ls7,qd9vgvrnqb48,0.11951256433545263,0.6315470784135634,0.24894035725098393
0.2654268292682927,0.5557317073170731,0.0,0.16323170731707318,0.0,0.0,2015-02-05T02:11:10Z,ls8,qd9vgvrnqb48,0.1658201189296333,0.5645441030723488,0.26963577799801786
0.33371951219512197,0.48932926829268303,0.0,0.1599390243902439,0.0,0.0,2015-02-21T02:11:03Z,ls8,qd9vgvrnqb48,0.16270702809999377,0.49779790335587126,0.33949506854413497
0.36292682926829267,0.44170731707317074,0.0,0.17829268292682923,0.0,0.0,2015-03-09T02:10:54Z,ls8,qd9vgvrnqb48,0.1813895781637717,0.4493796526054591,0.36923076923076925
0.13958333333333334,0.7263333333333333,0.2682926829268293,0.12083333333333335,0.0,0.0,2015-03-17T02:10:13Z,ls7,qd9vgvrnqb48,0.12245587365931933,0.7360864791825014,0.1414576471581792
0.40908536585365857,0.44030487804878043,0.0,0.1326829268292683,0.0,0.0,2015-03-25T02:10:46Z,ls8,qd9vgvrnqb48,0.13510492983981123,0.44834223270830736,0.41655283745188126
0.3741085271317829,0.48999999999999994,0.21341463414634143,0.11992248062015504,0.0,0.0,2015-04-02T02:10:19Z,ls7,qd9vgvrnqb48,0.12186859933827006,0.4979517882464156,0.3801796124153143
,,1.0,,,,2015-04-10T02:10:36Z,ls8,qd9vgvrnqb48,,,
0.2967741935483871,0.31669354838709673,0.24390243902439024,0.37330645161290327,0.0,0.0,2015-04-18T02:10:28Z,ls7,qd9vgvrnqb48,0.37830990519777713,0.3209382151029748,0.3007518796992481
0.39176829268292684,0.25676829268292684,0.0,0.3331707317073171,0.0,0.0,2015-04-26T02:10:33Z,ls8,qd9vgvrnqb48,0.33937888198757765,0.2615527950310559,0.39906832298136646
0.14072,0.6,0.23780487804878048,0.24783999999999998,0.0,0.0,2015-05-04T02:10:34Z,ls7,qd9vgvrnqb48,0.2507081006716841,0.6069434328720563,0.14234846645625965
0.3675,0.33237804878048777,0.0,0.28292682926829266,0.0,0.0,2015-05-12T02:10:17Z,ls8,qd9vgvrnqb48,0.2878769078049386,0.3381933242337759,0.3739297679612856
0.262,0.37623076923076926,0.20731707317073167,0.34807692307692306,0.0,0.0,2015-05-20T02:10:42Z,ls7,qd9vgvrnqb48,0.3529090625487443,0.3814537513648417,0.26563718608641396
0.3805487804878049,0.1875609756097561,0.0,0.4141463414634147,0.0,0.0,2015-05-28T02:10:19Z,ls8,qd9vgvrnqb48,0.4216276615556521,0.19094915885529826,0.38742317958904954
0.36739837398373987,0.18040650406504063,0.25,0.4386178861788618,0.0,0.0,2015-06-05T02:10:48Z,ls7,qd9vgvrnqb48,0.44465507294156437,0.1828896398252699,0.3724552872331658
0.3884146341463415,0.12957317073170732,0.0,0.464390243902439,0.0,0.0,2015-06-13T02:10:31Z,ls8,qd9vgvrnqb48,0.4727205015207001,0.1318974613618025,0.39538203711749736
0.34024390243902436,0.2097560975609756,0.0,0.43243902439024384,0.0,0.0,2015-06-29T02:10:37Z,ls8,qd9vgvrnqb48,0.4401688182720953,0.21350546176762664,0.34632571996027806
0.2876712328767123,0.2226027397260274,0.1097560975609756,0.4751369863013699,0.0,0.0,2015-07-07T02:10:56Z,ls7,qd9vgvrnqb48,0.48217140474039066,0.22589838048237992,0.2919302147772294
0.3814634146341463,0.14170731707317075,0.0,0.45981707317073167,0.0,0.0,2015-07-15T02:10:47Z,ls8,qd9vgvrnqb48,0.46777495192605917,0.14415979157620498,0.3880652564977358
0.12333333333333334,0.07487804878048782,0.25,0.15707317073170732,0.43089430894308944,0.21138211382113822,2015-08-08T02:11:03Z,ls7,qd9vgvrnqb48,0.15815147625160458,0.0753920857286376,0.12418001525553012
,,1.0,,,,2015-08-16T02:10:57Z,ls8,qd9vgvrnqb48,,,
0.12383561643835618,0.21452054794520548,0.1097560975609756,0.632945205479452,0.0,0.0136986301369863,2015-08-24T02:11:05Z,ls7,qd9vgvrnqb48,0.6427199040197523,0.21783343138078828,0.12574803446247296
0.4152380952380952,0.06571428571428573,0.8719512195121951,0.5047619047619047,0.0,0.0,2015-09-01T02:11:03Z,ls8,qd9vgvrnqb48,0.5120772946859904,0.06666666666666668,0.42125603864734296
0.21645161290322584,0.17532258064516132,0.24390243902439024,0.5940322580645161,0.0,0.0,2015-09-09T02:11:08Z,ls7,qd9vgvrnqb48,0.6025850785340313,0.17784685863874347,0.21956806282722516
0.25134146341463415,0.13835365853658535,0.0,0.5924390243902439,0.0,0.0,2015-09-17T02:11:11Z,ls8,qd9vgvrnqb48,0.6032159930465015,0.14087042900602223,0.25591357794747627
0.2104237288135593,0.2584745762711864,0.2804878048780488,0.5169491525423728,0.0,0.0,2015-09-25T02:11:12Z,ls7,qd9vgvrnqb48,0.5243703257973008,0.2621851628986504,0.21344451130404882
,,1.0,,,,2015-10-03T02:11:15Z,ls8,qd9vgvrnqb48,,,
,,1.0,,,,2015-10-11T02:11:21Z,ls7,qd9vgvrnqb48,,,
0.208780487804878,0.4090243902439024,0.0,0.3654268292682926,0.0,0.0,2015-10-19T02:11:17Z,ls8,qd9vgvrnqb48,0.3716589147286821,0.416,0.21234108527131781
,,1.0,,,,2015-10-27T02:11:38Z,ls7,qd9vgvrnqb48,,,
0.2403658536585366,0.5053658536585366,0.0,0.23987804878048782,0.0,0.0,2015-11-04T02:11:21Z,ls8,qd9vgvrnqb48,0.2433803513981688,0.5127443702053948,0.24387527839643655
0.23386363636363638,0.5971969696969698,0.19512195121951215,0.15659090909090911,0.0,0.0,2015-11-12T02:11:54Z,ls7,qd9vgvrnqb48,0.15854874587711898,0.604663649612641,0.23678760451024009
0.30371951219512194,0.48682926829268286,0.0,0.19359756097560973,0.0,0.0,2015-11-20T02:11:23Z,ls8,qd9vgvrnqb48,0.19671623296158613,0.4946716232961586,0.3086121437422553
0.27287878787878783,0.5673484848484849,0.19512195121951215,0.14522727272727273,0.0,0.0,2015-11-28T02:12:07Z,ls7,qd9vgvrnqb48,0.1473708487084871,0.5757226322263223,0.2769065190651906
,,1.0,,,,2015-12-06T02:11:22Z,ls8,qd9vgvrnqb48,,,
0.28126050420168075,0.5785714285714285,0.27439024390243905,0.12563025210084033,0.0,0.0,2015-12-14T02:12:24Z,ls7,qd9vgvrnqb48,0.12748358488957107,0.5871066768994627,0.2854097382109662
0.3333536585365854,0.5134756097560976,0.0,0.13713414634146343,0.0,0.0,2015-12-22T02:11:23Z,ls8,qd9vgvrnqb48,0.1393691516390903,0.5218442089607734,0.3387866394001363
0.2583720930232558,0.6248837209302326,0.7378048780487805,0.1027906976744186,0.0,0.0,2015-12-30T02:12:36Z,ls7,qd9vgvrnqb48,0.10424528301886792,0.6337264150943396,0.26202830188679244
0.30731707317073176,0.521829268292683,0.0,0.15536585365853658,0.0,0.0,2016-01-07T02:11:18Z,ls8,qd9vgvrnqb48,0.1578099838969404,0.530038399603617,0.3121516164994426
0.3245454545454546,0.5668531468531469,0.12804878048780488,0.09377622377622377,0.0,0.0,2016-01-15T02:12:52Z,ls7,qd9vgvrnqb48,0.09518739352640544,0.5753833049403748,0.32942930153321975
0.39384146341463416,0.4817073170731707,0.0,0.10810975609756097,0.0,0.0,2016-01-23T02:11:19Z,ls8,qd9vgvrnqb48,0.10990577733697,0.4897098933796181,0.4003843292834119
0.42164634146341456,0.45682926829268294,0.0,0.10469512195121952,0.0,0.0,2016-02-08T02:11:15Z,ls8,qd9vgvrnqb48,0.10648722401389235,0.4646489704787894,0.42886380550731823
0.42750000000000005,0.463448275862069,0.29268292682926833,0.09353448275862068,0.0,0.0,2016-02-16T02:13:07Z,ls7,qd9vgvrnqb48,0.09500875656742556,0.47075306479859896,0.4342381786339755
0.441219512195122,0.42853658536585365,0.0,0.11274390243902438,0.0,0.0,2016-02-24T02:11:08Z,ls8,qd9vgvrnqb48,0.11475206355116985,0.43616955253522,0.44907838391361016
,,1.0,,,,2016-03-03T02:13:13Z,ls7,qd9vgvrnqb48,,,
0.48243902439024394,0.3854878048780488,0.0,0.11463414634146339,0.0,0.0,2016-03-11T02:11:06Z,ls8,qd9vgvrnqb48,0.11666873526126346,0.39232965123495095,0.4910016135037855
0.44299999999999995,0.449,0.7560975609756098,0.09125,0.0,0.0,2016-03-19T02:13:21Z,ls7,qd9vgvrnqb48,0.0928044749555047,0.4566488685481821,0.4505466564963132
0.29,0.5656,0.8475609756097561,0.1328,0.0,0.0,2016-04-04T02:13:24Z,ls7,qd9vgvrnqb48,0.13435855928773777,0.5722379603399433,0.2934034803723189
0.38456,0.19992000000000001,0.23780487804878048,0.40272,0.0,0.0,2016-04-20T02:13:33Z,ls7,qd9vgvrnqb48,0.4079416531604538,0.20251215559157212,0.38954619124797407
,,1.0,,,,2016-04-28T02:10:48Z,ls8,qd9vgvrnqb48,,,
0.3122307692307692,0.17107692307692307,0.20731707317073167,0.5040769230769231,0.0,0.0,2016-05-06T02:13:38Z,ls7,qd9vgvrnqb48,0.5105172951075101,0.1732626986600187,0.31622000623247115
,,1.0,,,,2016-05-14T02:10:47Z,ls8,qd9vgvrnqb48,,,
0.1524468085106383,0.38361702127659575,0.426829268292683,0.44989361702127667,0.0,0.0,2016-05-22T02:13:40Z,ls7,qd9vgvrnqb48,0.4563012516184722,0.38908070781182563,0.1546180405697022
0.29731707317073175,0.17371951219512197,0.0,0.512439024390244,0.0,0.0,2016-05-30T02:10:54Z,ls8,qd9vgvrnqb48,0.5210490420980842,0.17663835327670654,0.30231260462520926
,,1.0,,,,2016-06-15T02:10:56Z,ls8,qd9vgvrnqb48,,,
0.0862295081967213,0.3878688524590164,0.25609756097560976,0.4961475409836066,0.00819672131147541,0.00819672131147541,2016-06-23T02:13:48Z,ls7,qd9vgvrnqb48,0.5029796816594811,0.3932099543387849,0.08741692137878311
0.19810975609756096,0.2170121951219512,0.0,0.5654268292682926,0.0,0.0,2016-07-01T02:11:05Z,ls8,qd9vgvrnqb48,0.5766432435793793,0.22131708227100305,0.20203967414961757
,,1.0,,,,2016-07-09T02:13:48Z,ls7,qd9vgvrnqb48,,,
,,1.0,,,,2016-07-17T02:11:12Z,ls8,qd9vgvrnqb48,,,
0.12279999999999998,0.21367999999999998,0.23780487804878048,0.6178400000000001,0.008,0.024,2016-07-25T02:13:50Z,ls7,qd9vgvrnqb48,0.626696621678263,0.21674306312348054,0.1245603151982563
0.22268292682926827,0.12182926829268291,0.0,0.6363414634146343,0.0,0.0,2016-08-02T02:11:16Z,ls8,qd9vgvrnqb48,0.648762899415641,0.12420738530399102,0.22702971528036797
0.07951612903225806,0.21540322580645163,0.24390243902439024,0.6904032258064517,0.0,0.0,2016-08-10T02:13:52Z,ls7,qd9vgvrnqb48,0.700687510230807,0.21861188410541824,0.08070060566377474
0.0,0.0,0.9634146341463414,0.0,0.0,1.0,2016-08-18T02:11:20Z,ls8,qd9vgvrnqb48,0.0,0.0,0.0
0.45499999999999996,0.07026315789473685,0.5365853658536586,0.46644736842105267,0.0,0.0,2016-08-26T02:13:54Z,ls7,qd9vgvrnqb48,0.4703462916279687,0.07085047100968556,0.45880323736234574
0.12975609756097561,0.14640243902439026,0.0,0.6151219512195122,0.0,0.09146341463414634,2016-09-03T02:11:26Z,ls8,qd9vgvrnqb48,0.6270313383848076,0.1492369392805237,0.13226830770052245
,,1.0,,,,2016-09-19T02:11:28Z,ls8,qd9vgvrnqb48,,,
0.2601612903225806,0.18096774193548387,0.6219512195121951,0.5469354838709677,0.0,0.0,2016-09-27T02:13:59Z,ls7,qd9vgvrnqb48,0.5535422788116227,0.18315377081292852,0.2633039503754489
0.15054878048780487,0.22170731707317073,0.0,0.6085365853658536,0.0,0.0,2016-10-05T02:11:31Z,ls8,qd9vgvrnqb48,0.6204538389804166,0.22604911408144235,0.15349704693814112
0.13957264957264956,0.33162393162393167,0.28658536585365857,0.5147863247863248,0.0,0.0,2016-10-13T02:13:59Z,ls7,qd9vgvrnqb48,0.5221047156726768,0.3363384188626907,0.14155686546463242
0.1626829268292683,0.36384146341463414,0.0,0.45542682926829264,0.0,0.0,2016-10-21T02:11:35Z,ls8,qd9vgvrnqb48,0.46379781420765026,0.37052906110283157,0.16567312468951814
0.13296875,0.596875,0.2195121951219512,0.24820312500000002,0.0,0.0078125,2016-10-29T02:13:55Z,ls7,qd9vgvrnqb48,0.25179165168943207,0.605504632957904,0.13489121535266393
0.17060975609756096,0.4784146341463415,0.0,0.33432926829268295,0.0,0.0,2016-11-06T02:11:35Z,ls8,qd9vgvrnqb48,0.3399888385936628,0.48651330067588516,0.173497860730452
0.13419354838709677,0.5682258064516129,0.24390243902439024,0.2861290322580646,0.0,0.0,2016-11-14T02:13:47Z,ls7,qd9vgvrnqb48,0.28944362865067713,0.5748082884646761,0.13574808288464674
0.1697560975609756,0.5249390243902439,0.0,0.2917682926829268,0.0,0.0,2016-11-22T02:11:35Z,ls8,qd9vgvrnqb48,0.29577203609840524,0.532142415626159,0.1720855482754358
0.11328467153284671,0.6299270072992702,0.16463414634146345,0.24481751824817521,0.0,0.0,2016-11-30T02:13:45Z,ls7,qd9vgvrnqb48,0.24778368794326242,0.6375591016548464,0.11465721040189124
0.16871951219512196,0.5526219512195122,0.0,0.2653658536585366,0.0,0.0,2016-12-08T02:11:33Z,ls8,qd9vgvrnqb48,0.26894079841799534,0.5600667408231368,0.1709924607588679
0.13438461538461538,0.6268461538461539,0.20731707317073167,0.22584615384615384,0.0,0.0,2016-12-16T02:13:40Z,ls7,qd9vgvrnqb48,0.2288029925187032,0.6350529925187033,0.13614401496259348
0.14152439024390245,0.6003658536585366,0.0,0.2433536585365854,0.0,0.0,2016-12-24T02:11:28Z,ls8,qd9vgvrnqb48,0.24699839088996162,0.609357593761604,0.1436440153484342
0.12873015873015872,0.6616666666666667,0.23170731707317072,0.19492063492063494,0.0,0.0,2017-01-01T02:13:32Z,ls7,qd9vgvrnqb48,0.1978252114377769,0.6715263793797825,0.13064840918244058
0.1684146341463415,0.5847560975609757,0.0,0.23152439024390242,0.0,0.0,2017-01-09T02:11:25Z,ls8,qd9vgvrnqb48,0.2351229178277292,0.5938448201127005,0.17103226205957026
0.1611267605633803,0.6219718309859155,0.13414634146341464,0.20267605633802815,0.0,0.0,2017-01-17T02:13:22Z,ls7,qd9vgvrnqb48,0.20560080011430204,0.6309472781825975,0.16345192170310047
0.17548780487804877,0.5835975609756097,0.0,0.22664634146341464,0.0,0.0,2017-01-25T02:11:20Z,ls8,qd9vgvrnqb48,0.2299270072992701,0.5920450327848571,0.17802795991587284
0.1432857142857143,0.6562142857142857,0.14634146341463417,0.18864285714285717,0.0,0.0,2017-02-02T02:13:14Z,ls7,qd9vgvrnqb48,0.1909064623391644,0.664088477663727,0.14500505999710858
,,1.0,,,,2017-02-10T02:11:12Z,ls8,qd9vgvrnqb48,,,
0.11063999999999999,0.5896,0.23780487804878048,0.28736,0.0,0.0,2017-02-18T02:13:13Z,ls7,qd9vgvrnqb48,0.29096800324017824,0.5970028351559337,0.1120291616038882
0.1498170731707317,0.5122560975609756,0.0,0.32365853658536586,0.0,0.0,2017-02-26T02:11:07Z,ls8,qd9vgvrnqb48,0.3283434368427564,0.5196709142645057,0.15198564889273783
0.13157534246575342,0.6080821917808219,0.1097560975609756,0.24815068493150683,0.0,0.0,2017-03-06T02:13:21Z,ls7,qd9vgvrnqb48,0.2512134239356538,0.6155872971848565,0.13319927887948968
0.1823529411764706,0.5486029411764707,0.1707317073170732,0.2545588235294118,0.0,0.0,2017-03-14T02:10:58Z,ls8,qd9vgvrnqb48,0.2583003805118257,0.556666417966127,0.1850332015220473
0.11357664233576643,0.6348175182481752,0.16463414634146345,0.23861313868613138,0.0,0.0,2017-03-22T02:13:27Z,ls7,qd9vgvrnqb48,0.24175417837597984,0.6431740866735689,0.11507173495045112
0.2101219512195122,0.5658536585365854,0.0,0.21042682926829268,0.0,0.0,2017-03-30T02:10:50Z,ls8,qd9vgvrnqb48,0.2133275638251839,0.5736539531433517,0.2130184830314644
0.2942592592592592,0.5564814814814815,0.6707317073170731,0.13574074074074075,0.0,0.0,2017-04-07T02:13:31Z,ls7,qd9vgvrnqb48,0.13760090107002065,0.5641073775107941,0.29829172141918525
0.21871951219512192,0.5645121951219512,0.0,0.20243902439024392,0.0,0.0,2017-04-15T02:10:42Z,ls8,qd9vgvrnqb48,0.2053819981441386,0.5727188369935045,0.22189916486235692
0.18053691275167785,0.6500671140939598,0.09146341463414631,0.15637583892617452,0.0,0.0,2017-04-23T02:13:38Z,ls7,qd9vgvrnqb48,0.1584387324901401,0.6586427308581532,0.1829185366517068
0.23853658536585365,0.5614634146341463,0.0,0.18591463414634146,0.0,0.0,2017-05-01T02:10:31Z,ls8,qd9vgvrnqb48,0.1885707217514998,0.5694848166244048,0.2419444616240955
0.23286585365853657,0.5634756097560976,0.0,0.18969512195121951,0.0,0.0,2017-05-17T02:10:42Z,ls8,qd9vgvrnqb48,0.19238142353595944,0.5714550738977181,0.2361635025663224
0.2063934426229508,0.6216393442622951,0.25609756097560976,0.1592622950819672,0.0,0.0,2017-05-25T02:13:45Z,ls7,qd9vgvrnqb48,0.16131174761311748,0.6296388542963886,0.209049398090494
0.3458333333333334,0.555,0.926829268292683,0.08333333333333333,0.0,0.0,2017-06-02T02:10:51Z,ls8,qd9vgvrnqb48,0.08467400508044029,0.5639288738357324,0.35139712108382726
,,1.0,,,,2017-06-10T02:13:50Z,ls7,qd9vgvrnqb48,,,
0.2936585365853659,0.5479268292682927,0.0,0.1432317073170732,0.0,0.0,2017-06-18T02:10:58Z,ls8,qd9vgvrnqb48,0.14543991084143398,0.5563742183146555,0.2981858708439106
0.19056338028169012,0.6382394366197183,0.13414634146341464,0.1586619718309859,0.0,0.0,2017-06-26T02:13:53Z,ls7,qd9vgvrnqb48,0.16067608044501497,0.646341463414634,0.19298245614035084
0.095,0.75,0.9878048780487805,0.15,0.0,0.0,2017-07-04T02:11:02Z,ls8,qd9vgvrnqb48,0.1507537688442211,0.7537688442211056,0.09547738693467336
,,1.0,,,,2017-07-12T02:13:54Z,ls7,qd9vgvrnqb48,,,
0.09945121951219511,0.42567073170731706,0.0,0.4602439024390244,0.0,0.0,2017-07-20T02:11:06Z,ls8,qd9vgvrnqb48,0.46707920792079205,0.4319925742574257,0.10092821782178216
,,1.0,,,,2017-08-05T02:11:14Z,ls8,qd9vgvrnqb48,,,
0.0,0.0,0.20731707317073167,0.0,0.09230769230769231,0.9076923076923077,2017-08-13T02:13:50Z,ls7,qd9vgvrnqb48,0.0,0.0,0.0
0.16975609756097562,0.1500609756097561,0.0,0.6622560975609755,0.0,0.0,2017-08-21T02:11:19Z,ls8,qd9vgvrnqb48,0.6743449646094622,0.15280019868372036,0.17285483670681737
,,1.0,,,,2017-08-29T02:13:51Z,ls7,qd9vgvrnqb48,,,
,,1.0,,,,2017-09-06T02:11:21Z,ls8,qd9vgvrnqb48,,,
0.1544715447154472,0.1559349593495935,0.25,0.6736585365853659,0.0,0.0,2017-09-14T02:13:49Z,ls7,qd9vgvrnqb48,0.6845670852610707,0.15846001321877065,0.15697290152015866
0.11905172413793103,0.29732758620689653,0.29268292682926833,0.5697413793103449,0.0,0.0,2017-09-30T02:13:50Z,ls7,qd9vgvrnqb48,0.5777602937319696,0.30151236996240927,0.12072733630562112
,,1.0,,,,2017-10-08T02:11:30Z,ls8,qd9vgvrnqb48,,,
0.16479591836734692,0.5622448979591836,0.4024390243902439,0.2598979591836735,0.0,0.0,2017-10-24T02:11:33Z,ls8,qd9vgvrnqb48,0.26333746898263033,0.5696856906534327,0.16697684036393715
0.16389312977099235,0.543206106870229,0.2012195121951219,0.2810687022900763,0.0,0.0,2017-11-01T02:13:52Z,ls7,qd9vgvrnqb48,0.2844341444573194,0.5497103128621089,0.16585554268057165
0.18128048780487804,0.544329268292683,0.0,0.26164634146341464,0.0,0.0,2017-11-09T02:11:31Z,ls8,qd9vgvrnqb48,0.26502377864245563,0.5513556914335125,0.18362052992403183
0.22749999999999998,0.5817682926829268,0.0,0.17658536585365855,0.0,0.0,2017-11-25T02:11:25Z,ls8,qd9vgvrnqb48,0.17911924789708067,0.5901162790697675,0.2307644730331519
,,1.0,,,,2017-12-03T02:13:43Z,ls7,qd9vgvrnqb48,,,
0.2471951219512195,0.6023170731707317,0.0,0.13603658536585367,0.0,0.0,2017-12-11T02:11:23Z,ls8,qd9vgvrnqb48,0.13803130606941783,0.6111489203736931,0.2508197735568892
0.2218791946308725,0.6816107382550336,0.09146341463414631,0.08187919463087248,0.0,0.0,2017-12-19T02:13:34Z,ls7,qd9vgvrnqb48,0.08309494619261681,0.6917313717477184,0.2251736820596649
0.2881707317073171,0.5864024390243902,0.0,0.1095731707317073,0.0,0.0,2017-12-27T02:11:25Z,ls8,qd9vgvrnqb48,0.11133828996282528,0.5958488228004957,0.29281288723667914
0.28748091603053433,0.5995419847328244,0.2012195121951219,0.09847328244274808,0.0,0.0,2018-01-04T02:13:22Z,ls7,qd9vgvrnqb48,0.09992254066615026,0.6083656080557707,0.29171185127807897
0.3277439024390244,0.5448780487804878,0.0,0.11152439024390245,0.0,0.0,2018-01-12T02:11:19Z,ls8,qd9vgvrnqb48,0.11332094175960347,0.5536555142503098,0.3330235439900867
0.13018867924528302,0.7918867924528301,0.6768292682926829,0.06754716981132075,0.0,0.0,2018-01-20T02:13:08Z,ls7,qd9vgvrnqb48,0.06825548141086749,0.8001906577693041,0.13155386081982842
0.33152439024390246,0.5148170731707318,0.0,0.13628048780487803,0.0,0.0,2018-01-28T02:11:10Z,ls8,qd9vgvrnqb48,0.13869066087496118,0.5239218119764195,0.3373875271486193
,,1.0,,,,2018-02-12T02:18:58Z,ls7,qd9vgvrnqb48,,,
0.3759146341463415,0.48286585365853657,0.0,0.12390243902439024,0.0,0.0,2018-02-13T02:11:03Z,ls8,qd9vgvrnqb48,0.12608587738893026,0.49137503102506824,0.3825390915860016
0.3789256198347107,0.5092561983471073,0.2621951219512195,0.09578512396694214,0.0,0.0,2018-02-21T02:12:42Z,ls7,qd9vgvrnqb48,0.097345876028893,0.5175541743658659,0.385099949605241
,,1.0,,,,2018-02-28T02:18:48Z,ls7,qd9vgvrnqb48,,,
0.348780487804878,0.5190243902439025,0.0,0.11579268292682927,0.0,0.0,2018-03-01T02:10:57Z,ls8,qd9vgvrnqb48,0.11772363771619862,0.5276796230859835,0.3545967391978178
0.32707482993197284,0.5720408163265306,0.10365853658536583,0.08612244897959184,0.0,0.0,2018-03-09T02:12:31Z,ls7,qd9vgvrnqb48,0.08741282883380516,0.5806117517089001,0.3319754194572948
0.5240869565217392,0.4035652173913043,0.2987804878048781,0.05486956521739131,0.0,0.0,2018-03-17T02:10:47Z,ls8,qd9vgvrnqb48,0.055845650057527216,0.41074431365607567,0.533410036286397
,,1.0,,,,2018-04-01T02:18:23Z,ls7,qd9vgvrnqb48,,,
0.3996951219512195,0.47725609756097565,0.0,0.10621951219512196,0.0,0.0,2018-04-02T02:10:41Z,ls8,qd9vgvrnqb48,0.10803770776482263,0.4854254527412553,0.40653683949392205
0.0,0.0,0.9390243902439024,0.0,1.0,0.0,2018-04-18T02:10:31Z,ls8,qd9vgvrnqb48,0.0,0.0,0.0
,,1.0,,,,2018-04-26T02:11:47Z,ls7,qd9vgvrnqb48,,,
0.4787195121951219,0.4066463414634146,0.0,0.09658536585365854,0.0,0.0,2018-05-04T02:10:23Z,ls8,qd9vgvrnqb48,0.09836065573770493,0.41412071535022354,0.48751862891207154
0.42089041095890406,0.4970547945205479,0.1097560975609756,0.06808219178082192,0.0,0.0,2018-05-12T02:11:30Z,ls7,qd9vgvrnqb48,0.06904695748819119,0.5040983606557378,0.42685468185607117
,,1.0,,,,2018-05-19T02:17:35Z,ls7,qd9vgvrnqb48,,,
0.48536585365853663,0.39957317073170734,0.0,0.09664634146341464,0.0,0.0,2018-05-20T02:10:11Z,ls8,qd9vgvrnqb48,0.09845943595477698,0.4070692011429991,0.4944713629022239
0.23446280991735538,0.5695867768595041,0.2621951219512195,0.1827272727272727,0.0,0.0,2018-05-28T02:11:16Z,ls7,qd9vgvrnqb48,0.1851758793969849,0.5772194304857622,0.23760469011725294
0.07835714285714285,0.3292142857142857,0.14634146341463417,0.5790714285714286,0.0,0.0,2018-06-13T02:10:59Z,ls7,qd9vgvrnqb48,0.5869108810540795,0.33367117932382534,0.07941793962209512
,,1.0,,,,2018-06-20T02:17:02Z,ls7,qd9vgvrnqb48,,,
0.3414935064935065,0.10883116883116885,0.060975609756097615,0.5364285714285714,0.0,0.0,2018-06-21T02:10:12Z,ls8,qd9vgvrnqb48,0.5436299026059489,0.11029218215319823,0.3460779152408529
0.18418439716312057,0.10758865248226951,0.1402439024390244,0.6949645390070922,0.0,0.0,2018-06-29T02:10:41Z,ls7,qd9vgvrnqb48,0.7043053259541436,0.10903471573348666,0.18665995831236973
,,1.0,,,,2018-07-06T02:16:43Z,ls7,qd9vgvrnqb48,,,
,,1.0,,,,2018-07-07T02:10:21Z,ls8,qd9vgvrnqb48,,,
0.0525,0.1435714285714286,0.6585365853658536,0.3714285714285714,0.0,0.42857142857142855,2018-07-15T02:10:22Z,ls7,qd9vgvrnqb48,0.3739998201923941,0.1445653151128293,0.05286343612334801
,,1.0,,,,2018-07-23T02:10:27Z,ls8,qd9vgvrnqb48,,,
0.05352459016393442,0.1368032786885246,0.25609756097560976,0.7944262295081967,0.0,0.0,2018-07-31T02:10:05Z,ls7,qd9vgvrnqb48,0.8067254869319128,0.138921258531713,0.05435325453637422
,,1.0,,,,2018-08-08T02:10:36Z,ls8,qd9vgvrnqb48,,,
0.025793103448275862,0.1464137931034483,0.11585365853658536,0.7919310344827586,0.0,0.020689655172413793,2018-08-16T02:09:47Z,ls7,qd9vgvrnqb48,0.8043934685018006,0.14871787282324503,0.026199003502540574
,,1.0,,,,2018-08-23T02:15:50Z,ls7,qd9vgvrnqb48,,,
0.12256097560975611,0.09390243902439023,0.0,0.7516463414634146,0.0,0.012195121951219513,2018-08-24T02:10:44Z,ls8,qd9vgvrnqb48,0.766937754721126,0.0958127802604473,0.12505434306720722
0.2804761904761905,0.04857142857142857,0.7439024390243902,0.6547619047619048,0.0,0.0,2018-09-01T02:09:28Z,ls7,qd9vgvrnqb48,0.6655372700871248,0.049370764762826716,0.28509196515004837
0.0776219512195122,0.10579268292682928,0.0,0.6412804878048781,0.006097560975609756,0.1524390243902439,2018-09-09T02:10:50Z,ls8,qd9vgvrnqb48,0.6543194626031288,0.10794373562959289,0.07920021640142463
0.08641379310344828,0.16227586206896552,0.11585365853658536,0.7279310344827588,0.0,0.006896551724137931,2018-09-17T02:09:07Z,ls7,qd9vgvrnqb48,0.7402165734447937,0.16501464683236375,0.08787222799870453
,,1.0,,,,2018-09-24T02:15:08Z,ls7,qd9vgvrnqb48,,,
0.10030487804878051,0.16798780487804882,0.0,0.6278658536585365,0.0,0.08536585365853659,2018-09-25T02:10:55Z,ls8,qd9vgvrnqb48,0.6408102201046504,0.17145111745054992,0.10237280878626301
,,1.0,,,,2018-10-03T02:08:44Z,ls7,qd9vgvrnqb48,,,
0.034,0.5029411764705883,0.4817073170731707,0.4510588235294119,0.0,0.0,2018-10-11T02:11:03Z,ls8,qd9vgvrnqb48,0.4565372707787569,0.5090497737556561,0.034412955465587036
0.07388429752066117,0.488099173553719,0.2621951219512195,0.4240495867768595,0.0,0.0,2018-10-19T02:08:21Z,ls7,qd9vgvrnqb48,0.43005615623166543,0.4950129913670271,0.07493085240130753
,,1.0,,,,2018-10-26T02:14:23Z,ls7,qd9vgvrnqb48,,,
0.14109756097560977,0.4717073170731707,0.0,0.3732317073170732,0.0,0.0,2018-10-27T02:11:08Z,ls8,qd9vgvrnqb48,0.37851709850967785,0.4783872364108589,0.14309566507946325
0.11881889763779527,0.574724409448819,0.22560975609756095,0.2954330708661417,0.0,0.0,2018-11-04T02:08:00Z,ls7,qd9vgvrnqb48,0.29872611464968146,0.5811305732484077,0.12014331210191082
0.13219512195121952,0.561219512195122,0.0,0.29457317073170736,0.0,0.0,2018-11-12T02:11:10Z,ls8,qd9vgvrnqb48,0.2981546627167808,0.5680429550083318,0.13380238227488736
0.13474576271186442,0.6245762711864405,0.2804878048780488,0.23059322033898305,0.0,0.0,2018-11-20T02:07:38Z,ls7,qd9vgvrnqb48,0.23294238506977147,0.6309391319236366,0.13611848300659193
,,1.0,,,,2018-11-27T02:13:38Z,ls7,qd9vgvrnqb48,,,
0.14823170731707316,0.5910365853658536,0.0,0.24847560975609756,0.0,0.0,2018-11-28T02:11:10Z,ls8,qd9vgvrnqb48,0.2515587381937157,0.5983702697697388,0.15007099203654548
,,1.0,,,,2018-12-13T02:13:12Z,ls7,qd9vgvrnqb48,,,
0.1553048780487805,0.6104878048780488,0.0,0.22182926829268293,0.0,0.0,2018-12-14T02:11:06Z,ls8,qd9vgvrnqb48,0.22460949558560228,0.6181391615731309,0.1572513428412669
0.13198412698412698,0.6700793650793652,0.23170731707317072,0.18753968253968256,0.0,0.0,2018-12-22T02:06:46Z,ls7,qd9vgvrnqb48,0.1895099847622103,0.6771192557542706,0.13337075948351912
,,1.0,,,,2018-12-29T02:12:44Z,ls7,qd9vgvrnqb48,,,
0.15140243902439027,0.6129878048780488,0.0,0.22341463414634147,0.0,0.0,2018-12-30T02:11:07Z,ls8,qd9vgvrnqb48,0.22617283950617284,0.6205555555555556,0.15327160493827163
0.14352112676056336,0.6470422535211268,0.13414634146341464,0.19816901408450704,0.0,0.0,2019-01-07T02:06:17Z,ls7,qd9vgvrnqb48,0.20042735042735044,0.6544159544159545,0.14515669515669513
,,1.0,,,,2019-01-14T02:12:14Z,ls7,qd9vgvrnqb48,,,
0.1600609756097561,0.6003658536585367,0.0,0.22676829268292686,0.0,0.0,2019-01-15T02:11:05Z,ls8,qd9vgvrnqb48,0.22970969734403954,0.6081531809759111,0.1621371216800494
0.09339285714285715,0.7061607142857144,0.31707317073170727,0.1892857142857143,0.0,0.0,2019-01-23T02:05:46Z,ls7,qd9vgvrnqb48,0.19142212189616253,0.7141309255079007,0.0944469525959368
0.21,0.64,0.9939024390243902,0.14,0.0,0.0,2019-01-30T02:11:43Z,ls7,qd9vgvrnqb48,0.14141414141414144,0.6464646464646465,0.21212121212121213
0.19189024390243906,0.5748780487804878,0.0,0.22103658536585366,0.0,0.0,2019-01-31T02:11:01Z,ls8,qd9vgvrnqb48,0.22376543209876543,0.5819753086419752,0.1942592592592593
0.17020833333333335,0.6442361111111112,0.12195121951219512,0.17444444444444446,0.0,0.0,2019-02-08T02:05:17Z,ls7,qd9vgvrnqb48,0.17640449438202246,0.6514747191011236,0.17212078651685395
,,1.0,,,,2019-02-15T02:11:15Z,ls7,qd9vgvrnqb48,,,
0.18182926829268295,0.5769512195121952,0.0,0.22871951219512193,0.0,0.0,2019-02-16T02:10:59Z,ls8,qd9vgvrnqb48,0.23161469589379435,0.5842543995060204,0.18413090460018525
0.1968421052631579,0.6145864661654136,0.18902439024390238,0.17541353383458647,0.0,0.0,2019-02-24T02:04:48Z,ls7,qd9vgvrnqb48,0.17775238095238094,0.6227809523809523,0.19946666666666665
,,1.0,,,,2019-03-03T02:10:45Z,ls7,qd9vgvrnqb48,,,
,,1.0,,,,2019-03-04T02:10:54Z,ls8,qd9vgvrnqb48,,,
0.20856000000000002,0.57024,0.23780487804878048,0.20928000000000002,0.0,0.0,2019-03-12T02:04:17Z,ls7,qd9vgvrnqb48,0.21180471216905514,0.5771192615982511,0.21107602623269373
,,1.0,,,,2019-03-19T02:10:14Z,ls7,qd9vgvrnqb48,,,
0.2024390243902439,0.5375000000000001,0.0,0.2470731707317073,0.0,0.0,2019-03-20T02:10:49Z,ls8,qd9vgvrnqb48,0.25032433434237344,0.5445728053376166,0.20510286032000985
0.207593984962406,0.6287218045112782,0.18902439024390238,0.15090225563909776,0.0,0.0,2019-03-28T02:03:45Z,ls7,qd9vgvrnqb48,0.15285605483625286,0.6368621477532369,0.21028179741051026
0.2572560975609756,0.5067073170731707,0.0,0.22158536585365857,0.0,0.0,2019-04-05T02:10:46Z,ls8,qd9vgvrnqb48,0.22483449854606202,0.5141372269999381,0.2610282744539999
0.3846428571428571,0.48589285714285724,0.31707317073170727,0.11357142857142857,0.0,0.0,2019-04-13T02:03:12Z,ls7,qd9vgvrnqb48,0.11540555253130104,0.49373979314099087,0.3908546543277082
0.2652439024390244,0.5348170731707317,0.0,0.18524390243902442,0.0,0.0,2019-04-21T02:10:39Z,ls8,qd9vgvrnqb48,0.18800668358190484,0.5427934896961445,0.26919982672195064
0.268109756097561,0.5250609756097561,0.0,0.1910975609756098,0.0,0.0,2019-05-07T02:10:43Z,ls8,qd9vgvrnqb48,0.19415190187089582,0.5334531037046214,0.27239499442448273
0.26574803149606285,0.572755905511811,0.22560975609756095,0.14716535433070868,0.0,0.0,2019-05-15T02:01:59Z,ls7,qd9vgvrnqb48,0.1493050007988497,0.5810832401342069,0.2696117590669435
0.34111111111111114,0.5955555555555556,0.9451219512195121,0.051111111111111114,0.0,0.0,2019-05-22T02:07:53Z,ls7,qd9vgvrnqb48,0.051743532058492685,0.6029246344206974,0.3453318335208099
,,1.0,,,,2019-05-23T02:10:53Z,ls8,qd9vgvrnqb48,,,
,,1.0,,,,2019-05-31T02:01:24Z,ls7,qd9vgvrnqb48,,,
,,1.0,,,,2019-06-08T02:11:01Z,ls8,qd9vgvrnqb48,,,
,,1.0,,,,2019-06-24T02:11:07Z,ls8,qd9vgvrnqb48,,,
0.04419354838709678,0.2962096774193549,0.24390243902439024,0.6469354838709679,0.0,0.0,2019-07-02T02:00:13Z,ls7,qd9vgvrnqb48,0.6552315608919382,0.30000816793269625,0.04476027117536551
,,1.0,,,,2019-07-09T02:06:08Z,ls7,qd9vgvrnqb48,,,
0.16170731707317076,0.15079268292682926,0.0,0.6701219512195122,0.0,0.0,2019-07-10T02:11:10Z,ls8,qd9vgvrnqb48,0.6819733167856035,0.15345950977350295,0.1645671734408936
0.10136054421768707,0.17401360544217687,0.10365853658536583,0.7096598639455782,0.0,0.0,2019-07-18T01:59:36Z,ls7,qd9vgvrnqb48,0.7204419889502763,0.17665745856353593,0.10290055248618786
0.32402439024390245,0.15536585365853656,0.0,0.5067682926829268,0.0,0.0,2019-07-26T02:11:15Z,ls8,qd9vgvrnqb48,0.5138811599579546,0.15754652816422432,0.3285723118778211
0.4684955752212389,0.00991150442477876,0.3109756097560976,0.5118584070796459,0.0,0.0,2019-08-03T01:58:57Z,ls7,qd9vgvrnqb48,0.5168900804289545,0.010008936550491511,0.47310098302055414
,,1.0,,,,2019-08-10T02:04:51Z,ls7,qd9vgvrnqb48,,,
0.1945121951219512,0.12140243902439027,0.0,0.6652439024390244,0.0,0.0,2019-08-11T02:11:21Z,ls8,qd9vgvrnqb48,0.6780187682555466,0.1237337642160214,0.198247467528432
0.12678260869565217,0.19669565217391305,0.2987804878048781,0.661304347826087,0.0,0.0,2019-08-19T01:58:17Z,ls7,qd9vgvrnqb48,0.6715231788079471,0.19973509933774833,0.1287417218543046
,,1.0,,,,2019-08-26T02:04:10Z,ls7,qd9vgvrnqb48,,,
0.1921341463414634,0.13682926829268297,0.0,0.6510365853658536,0.0,0.0,2019-08-27T02:11:25Z,ls8,qd9vgvrnqb48,0.6643230462916874,0.1396217023394724,0.1960552513688402
0.22266187050359712,0.17158273381294964,0.15243902439024393,0.5918705035971222,0.0,0.0,2019-09-04T01:57:36Z,ls7,qd9vgvrnqb48,0.6002042751878602,0.17399868680236377,0.22579703800977605
0.18829268292682927,0.2325,0.0,0.5620121951219512,0.0,0.0,2019-09-12T02:11:30Z,ls8,qd9vgvrnqb48,0.5718451420771807,0.23656781238367042,0.19158704553914876
0.1384297520661157,0.35884297520661157,0.2621951219512195,0.4903305785123967,0.0,0.0,2019-09-20T01:56:54Z,ls7,qd9vgvrnqb48,0.4964853556485355,0.363347280334728,0.1401673640167364
0.21966666666666665,0.41566666666666663,0.8170731707317074,0.3526666666666667,0.0,0.0,2019-09-27T02:02:46Z,ls7,qd9vgvrnqb48,0.3569500674763833,0.42071524966261803,0.22233468286099864
0.1848780487804878,0.39896341463414636,0.0,0.4015243902439024,0.0,0.0,2019-09-28T02:11:35Z,ls8,qd9vgvrnqb48,0.4074876237623762,0.4048886138613862,0.18762376237623762
0.14965277777777777,0.5443055555555556,0.12195121951219512,0.2940277777777778,0.0,0.0,2019-10-06T01:56:13Z,ls7,qd9vgvrnqb48,0.29760314894215223,0.5509242988683489,0.15147255218949884
0.14272108843537415,0.6576190476190475,0.10365853658536583,0.1876190476190476,0.0,0.0,2019-10-14T02:11:38Z,ls8,qd9vgvrnqb48,0.18990566687323557,0.6656338222130415,0.14446051091372308
0.1978102189781022,0.6072992700729927,0.16463414634146345,0.18182481751824817,0.0,0.0,2019-10-22T01:55:33Z,ls7,qd9vgvrnqb48,0.18423193550772873,0.6153391021374158,0.20042896235485544
,,1.0,,,,2019-10-29T02:01:25Z,ls7,qd9vgvrnqb48,,,
0.23176829268292687,0.598109756097561,0.0,0.15573170731707317,0.0,0.0,2019-10-30T02:11:38Z,ls8,qd9vgvrnqb48,0.15800544419698093,0.6068423657510517,0.23515219005196736
0.2679365079365079,0.595079365079365,0.23170731707317072,0.12182539682539682,0.0,0.0,2019-11-07T01:54:50Z,ls7,qd9vgvrnqb48,0.12370053993069548,0.6042388588927391,0.2720606011765654
,,1.0,,,,2019-11-14T02:00:42Z,ls7,qd9vgvrnqb48,,,
0.30652439024390243,0.5489634146341463,0.0,0.1281707317073171,0.0,0.0,2019-11-15T02:11:35Z,ls8,qd9vgvrnqb48,0.13030002479543767,0.5580833126704686,0.3116166625340937
0.2730578512396694,0.6013223140495867,0.2621951219512195,0.10991735537190082,0.0,0.0,2019-11-23T01:54:06Z,ls7,qd9vgvrnqb48,0.11167086481947944,0.6109151973131821,0.27741393786733837
,,1.0,,,,2019-11-30T01:59:56Z,ls7,qd9vgvrnqb48,,,
0.3464024390243903,0.5254878048780488,0.0,0.11152439024390243,0.0,0.0,2019-12-01T02:11:33Z,ls8,qd9vgvrnqb48,0.11340525793650792,0.5343501984126985,0.35224454365079366
0.36170731707317066,0.5367479674796749,0.25,0.0865040650406504,0.0,0.0,2019-12-09T01:53:19Z,ls7,qd9vgvrnqb48,0.08782501031778785,0.5449442839455221,0.3672307057366899
0.47400000000000003,0.46799999999999997,0.9695121951219512,0.042,0.0,0.0,2019-12-16T01:59:09Z,ls7,qd9vgvrnqb48,0.042682926829268296,0.47560975609756095,0.48170731707317077
0.3329878048780488,0.5414634146341464,0.0,0.11,0.0,0.0,2019-12-17T02:11:32Z,ls8,qd9vgvrnqb48,0.11173737999380613,0.5500154846701766,0.33824713533601736
0.37022388059701494,0.545223880597015,0.18292682926829273,0.06746268656716418,0.0,0.0,2019-12-25T01:52:30Z,ls7,qd9vgvrnqb48,0.06863563890365197,0.5547035152987625,0.37666084579758563
0.2573214285714286,0.6126785714285713,0.6585365853658536,0.11535714285714285,0.0,0.0,2020-01-01T01:58:19Z,ls7,qd9vgvrnqb48,0.11707140268213122,0.6217832548024647,0.26114534251540417
0.31756097560975616,0.5739024390243903,0.0,0.09378048780487806,0.0,0.0,2020-01-02T02:11:27Z,ls8,qd9vgvrnqb48,0.09518504765441269,0.5824978338903329,0.3223171184552544
0.44130434782608696,0.47217391304347833,0.1585365853658537,0.07086956521739131,0.0,0.0,2020-01-10T01:51:40Z,ls7,qd9vgvrnqb48,0.0719964664310954,0.4796819787985866,0.448321554770318
0.4598850574712644,0.45000000000000007,0.4695121951219512,0.07494252873563217,0.0,0.0,2020-01-17T01:57:30Z,ls7,qd9vgvrnqb48,0.07609710550887021,0.45693277310924374,0.4669701213818861
0.41335365853658534,0.46731707317073173,0.0,0.10207317073170732,0.0,0.0,2020-01-18T02:11:24Z,ls8,qd9vgvrnqb48,0.1038654836508035,0.4755227399640132,0.4206117763851833
0.46319327731092436,0.4321008403361345,0.27439024390243905,0.08924369747899161,0.0,0.0,2020-01-26T01:50:53Z,ls7,qd9vgvrnqb48,0.09064527142369411,0.43888699214749066,0.4704677364288153
0.45466666666666666,0.42066666666666663,0.725609756097561,0.10977777777777778,0.0,0.0,2020-02-02T01:56:43Z,ls7,qd9vgvrnqb48,0.11143695014662758,0.4270245883149109,0.46153846153846156
0.5002439024390244,0.3892682926829269,0.0,0.09225609756097561,0.0,0.0,2020-02-03T02:11:19Z,ls8,qd9vgvrnqb48,0.09396931867585864,0.3964971119806224,0.509533569343519
0.25815789473684214,0.6400877192982456,0.30487804878048785,0.08982456140350879,0.0,0.0,2020-02-11T01:50:04Z,ls7,qd9vgvrnqb48,0.09090909090909093,0.6478160511363635,0.26127485795454547
0.0,0.0,0.9573170731707317,0.0,0.42857142857142855,0.5714285714285714,2020-02-18T01:55:53Z,ls7,qd9vgvrnqb48,0.0,0.0,0.0
0.6094285714285714,0.2892857142857143,0.5731707317073171,0.08185714285714285,0.0,0.0,2020-02-19T02:11:15Z,ls8,qd9vgvrnqb48,0.08347902097902096,0.2950174825174825,0.6215034965034965
,,1.0,,,,2020-03-05T01:55:02Z,ls7,qd9vgvrnqb48,,,
,,1.0,,,,2020-03-06T02:11:10Z,ls8,qd9vgvrnqb48,,,
0.6502941176470588,0.1991176470588235,0.3780487804878049,0.13294117647058823,0.0,0.0,2020-03-14T01:48:22Z,ls7,qd9vgvrnqb48,0.13532934131736526,0.2026946107784431,0.6619760479041916
0.4821739130434782,0.25565217391304346,0.8597560975609756,0.2456521739130435,0.0,0.0,2020-03-21T01:54:09Z,ls7,qd9vgvrnqb48,0.24977895667550845,0.259946949602122,0.4902740937223695
0.44060975609756103,0.290609756097561,0.0,0.2506707317073171,0.0,0.0,2020-03-22T02:11:02Z,ls8,qd9vgvrnqb48,0.25529404458796495,0.29596969508787185,0.44873626032416325
0.429,0.3429230769230769,0.20731707317073167,0.2123846153846154,0.0,0.0,2020-03-30T01:47:28Z,ls7,qd9vgvrnqb48,0.2157705532979056,0.3483901219130978,0.43583932478899656
0.5756140350877192,0.30771929824561406,0.6524390243902439,0.09929824561403508,0.0,0.0,2020-04-06T01:53:15Z,ls7,qd9vgvrnqb48,0.10105338332440635,0.313158364577754,0.5857882520978396
0.4640243902439024,0.3430487804878049,0.0,0.17414634146341465,0.0,0.0,2020-04-07T02:10:53Z,ls8,qd9vgvrnqb48,0.17747949291573453,0.3496147153865275,0.472905791697738
0.48231404958677687,0.3826446280991736,0.2621951219512195,0.12322314049586777,0.0,0.0,2020-04-15T01:46:33Z,ls7,qd9vgvrnqb48,0.12469683030860583,0.3872208748013716,0.48808229489002253
0.3835051546391753,0.4604123711340207,0.4085365853658537,0.13989690721649484,0.0,0.0,2020-04-22T01:52:19Z,ls7,qd9vgvrnqb48,0.1421984700827832,0.4679870061825423,0.3898145237346747
0.6166071428571429,0.26053571428571426,0.31707317073170727,0.10241071428571427,0.0,0.0,2020-04-23T02:10:47Z,ls8,qd9vgvrnqb48,0.10454835475344088,0.265973931273357,0.6294777139732021
0.5557037037037036,0.33725925925925926,0.17682926829268297,0.0905925925925926,0.0,0.0,2020-05-01T01:45:36Z,ls7,qd9vgvrnqb48,0.09210724506702818,0.34289802681126674,0.564994728121705
0.1924390243902439,0.6063414634146342,0.5,0.18792682926829268,0.0,0.0,2020-05-08T01:51:22Z,ls7,qd9vgvrnqb48,0.19045853417377331,0.6145099493264121,0.1950315164998146
,,1.0,,,,2020-05-09T02:10:38Z,ls8,qd9vgvrnqb48,,,
,,1.0,,,,2020-05-17T01:44:38Z,ls7,qd9vgvrnqb48,,,
,,1.0,,,,2020-05-25T02:10:41Z,ls8,qd9vgvrnqb48,,,
0.5824999999999999,0.22403225806451613,0.24390243902439024,0.17830645161290323,0.0,0.0,2020-06-02T01:43:40Z,ls7,qd9vgvrnqb48,0.18105142482803802,0.22748116606616445,0.5914674091057975
0.612,0.19437500000000002,0.5121951219512195,0.17775,0.0,0.0,2020-06-09T01:49:27Z,ls7,qd9vgvrnqb48,0.18061729963165246,0.1975104788517719,0.6218722215165756
0.6175609756097561,0.12426829268292683,0.0,0.2397560975609756,0.0,0.0,2020-06-10T02:10:50Z,ls8,qd9vgvrnqb48,0.24425394458938998,0.1265995775872779,0.6291464778233321
,,1.0,,,,2020-06-18T01:42:44Z,ls7,qd9vgvrnqb48,,,
0.27214953271028036,0.22476635514018695,0.3475609756097561,0.49084112149532705,0.0,0.0,2020-06-25T01:48:30Z,ls7,qd9vgvrnqb48,0.4969249692496925,0.22755227552275525,0.27552275522755226
0.3924390243902439,0.09304878048780488,0.0,0.5004268292682928,0.0,0.0,2020-06-26T02:10:59Z,ls8,qd9vgvrnqb48,0.5075762261116953,0.09437813099140328,0.3980456428969014
0.3729059829059829,0.043846153846153854,0.28658536585365857,0.5730769230769232,0.0,0.0,2020-07-04T01:41:47Z,ls7,qd9vgvrnqb48,0.5789655470166652,0.04429669285899318,0.37673776012434157
0.27627450980392154,0.08343137254901963,0.3780487804878049,0.6280392156862745,0.0,0.0,2020-07-11T01:47:32Z,ls7,qd9vgvrnqb48,0.6358312655086849,0.0844665012406948,0.2797022332506203
0.35750000000000004,0.04060975609756098,0.0,0.5909756097560975,0.0,0.0,2020-07-12T02:11:05Z,ls8,qd9vgvrnqb48,0.5974970716971826,0.0410578879230627,0.36144504037975467
0.2081118881118881,0.1234965034965035,0.12804878048780488,0.654055944055944,0.0,0.0,2020-07-20T01:40:49Z,ls7,qd9vgvrnqb48,0.6635686413621852,0.12529265697055694,0.2111387016672579
0.25987499999999997,0.0895,0.5121951219512195,0.6368750000000001,0.0,0.0,2020-07-27T01:46:33Z,ls7,qd9vgvrnqb48,0.6457541191381496,0.09074778200253485,0.2634980988593155
,,1.0,,,,2020-07-28T02:11:10Z,ls8,qd9vgvrnqb48,,,
0.16560975609756098,0.1811382113821138,0.25,0.6371544715447155,0.0,0.0,2020-08-05T01:39:49Z,ls7,qd9vgvrnqb48,0.6475789125764336,0.18410180135514786,0.16831928606841842
,,1.0,,,,2020-08-13T02:11:14Z,ls8,qd9vgvrnqb48,,,
,,1.0,,,,2020-08-21T01:38:48Z,ls7,qd9vgvrnqb48,,,
0.12806451612903227,0.17150537634408602,0.43292682926829273,0.6835483870967742,0.0,0.0,2020-08-28T01:44:31Z,ls7,qd9vgvrnqb48,0.6952860111560757,0.1744503992125123,0.13026358963141202
,,1.0,,,,2020-08-29T02:11:22Z,ls8,qd9vgvrnqb48,,,
0.18034722222222221,0.25881944444444444,0.12195121951219512,0.54625,0.0,0.0,2020-09-22T01:36:41Z,ls7,qd9vgvrnqb48,0.5543340380549683,0.2626497533474278,0.18301620859760395
0.23676829268292687,0.3103048780487805,0.0,0.43664634146341463,0.0,0.0,2020-09-30T02:11:33Z,ls8,qd9vgvrnqb48,0.4438728072894068,0.3154404016611913,0.24068679104940188
0.08050847457627118,0.546271186440678,0.2804878048780488,0.357457627118644,0.0,0.0,2020-10-08T01:35:40Z,ls7,qd9vgvrnqb48,0.3631823661098673,0.5550198036852075,0.08179783020492509
,,1.0,,,,2020-10-16T02:11:34Z,ls8,qd9vgvrnqb48,,,
0.2788,0.49999999999999994,0.23780487804878048,0.20792,0.0,0.0,2020-10-24T01:34:38Z,ls7,qd9vgvrnqb48,0.2107183395492136,0.5067293659802173,0.2825522944705692
0.22,0.74,0.9939024390243902,0.02,0.0,0.0,2020-11-09T01:33:33Z,ls7,qd9vgvrnqb48,0.020408163265306124,0.7551020408163265,0.22448979591836735
0.32975000000000004,0.50025,0.5121951219512195,0.15575,0.0,0.0,2020-11-16T01:39:15Z,ls7,qd9vgvrnqb48,0.15800152168399698,0.5074816129850368,0.33451686533096636
,,1.0,,,,2020-11-17T02:11:32Z,ls8,qd9vgvrnqb48,,,
0.30076923076923073,0.5338461538461537,0.28658536585365857,0.15119658119658116,0.0,0.0,2020-11-25T01:32:26Z,ls7,qd9vgvrnqb48,0.1533726374198023,0.5415293913646609,0.30509797121553667
0.30112244897959184,0.5430612244897961,0.4024390243902439,0.14214285714285713,0.0,0.0,2020-12-02T01:38:06Z,ls7,qd9vgvrnqb48,0.14411338713014687,0.5505896958410926,0.30529691702876055
0.34871951219512193,0.5053048780487805,0.0,0.13006097560975607,0.0,0.0,2020-12-03T02:11:35Z,ls8,qd9vgvrnqb48,0.13216432244872667,0.5134766714170643,0.354359006134209
0.2845378151260504,0.6130252100840335,0.27439024390243905,0.0880672268907563,0.0,0.0,2020-12-11T01:31:15Z,ls7,qd9vgvrnqb48,0.08935118083383069,0.6219626566629721,0.28868616250319723
0.33509433962264146,0.5616037735849057,0.35365853658536583,0.08905660377358492,0.0,0.0,2020-12-18T01:36:54Z,ls7,qd9vgvrnqb48,0.09034357354770793,0.5697195903914251,0.33993683606086705
0.3479268292682927,0.5425,0.0,0.09371951219512195,0.0,0.0,2020-12-19T02:11:35Z,ls8,qd9vgvrnqb48,0.09522924411400248,0.5512391573729863,0.3535315985130112
0.3436065573770492,0.555,0.25609756097560976,0.08647540983606558,0.0,0.0,2020-12-27T01:30:04Z,ls7,qd9vgvrnqb48,0.08778498918289233,0.5634048926610085,0.3488101181560992
0.34045454545454545,0.5849090909090909,0.3292682926829268,0.06018181818181818,0.0,0.0,2021-01-03T01:35:46Z,ls7,qd9vgvrnqb48,0.06106447744673,0.5934876856378563,0.3454478369154137
0.3676829268292683,0.5275609756097561,0.0,0.08865853658536585,0.0,0.0,2021-01-04T02:11:30Z,ls8,qd9vgvrnqb48,0.09010907288051562,0.536192364898364,0.37369856222112047
,,1.0,,,,2021-01-12T01:28:57Z,ls7,qd9vgvrnqb48,,,
,,1.0,,,,2021-01-20T02:11:23Z,ls8,qd9vgvrnqb48,,,
0.44159663865546217,0.4592436974789916,0.27439024390243905,0.08361344537815125,0.0,0.0,2021-01-28T01:27:48Z,ls7,qd9vgvrnqb48,0.08493384549722578,0.4664959453691848,0.4485702091335894
0.4712380952380953,0.42600000000000005,0.3597560975609756,0.08704761904761905,0.0,0.0,2021-02-04T01:33:28Z,ls7,qd9vgvrnqb48,0.0884373488147073,0.4328011611030479,0.4787614900822448
0.45826923076923076,0.46480769230769237,0.6829268292682926,0.057115384615384616,0.0,0.0,2021-02-05T02:11:21Z,ls8,qd9vgvrnqb48,0.05826957033549147,0.4742005101039828,0.4675299195605258
,,1.0,,,,2021-02-13T01:26:37Z,ls7,qd9vgvrnqb48,,,
0.37102040816326537,0.26602040816326533,0.4024390243902439,0.3486734693877551,0.0,0.0,2021-02-20T01:32:16Z,ls7,qd9vgvrnqb48,0.35372670807453416,0.26987577639751553,0.37639751552795037
0.39420731707317075,0.25774390243902434,0.0,0.3310365853658537,0.0,0.0,2021-02-21T02:11:17Z,ls8,qd9vgvrnqb48,0.336765709323243,0.26220457787978413,0.4010297127969729
0.5390909090909092,0.15834710743801655,0.2621951219512195,0.288099173553719,0.0,0.0,2021-03-01T01:25:24Z,ls7,qd9vgvrnqb48,0.2923270440251572,0.16067085953878407,0.5470020964360587
0.32559523809523805,0.25607142857142856,0.4878048780487805,0.4053571428571429,0.0,0.0,2021-03-08T01:31:02Z,ls7,qd9vgvrnqb48,0.4106862863345797,0.25943794475937765,0.32987576890604264
0.42091463414634145,0.15792682926829268,0.0,0.405,0.0,0.0,2021-03-09T02:11:09Z,ls8,qd9vgvrnqb48,0.4116516888751162,0.16052060737527116,0.4278277037496126
0.35,0.28425000000000006,0.2682926829268293,0.3516666666666667,0.0,0.0,2021-03-17T01:24:08Z,ls7,qd9vgvrnqb48,0.35669005155946243,0.28831037105908214,0.3549995773814555
0.4045238095238095,0.303452380952381,0.4878048780487805,0.2778571428571429,0.0,0.0,2021-03-24T01:29:46Z,ls7,qd9vgvrnqb48,0.28185001811375443,0.30781306605482434,0.4103369158314213
0.450609756097561,0.26189024390243903,0.0,0.2692682926829268,0.0,0.0,2021-03-25T02:11:02Z,ls8,qd9vgvrnqb48,0.2742686789640395,0.26675361778771506,0.4589777032482455
0.3539316239316239,0.3752991452991453,0.28658536585365857,0.25683760683760687,0.0,0.0,2021-04-02T01:22:51Z,ls7,qd9vgvrnqb48,0.26046632573459305,0.38060154286209585,0.35893213140331104
0.3488118811881188,0.3963366336633664,0.38414634146341464,0.24019801980198013,0.0,0.0,2021-04-09T01:28:27Z,ls7,qd9vgvrnqb48,0.24377009646302245,0.4022307073954985,0.35399919614147907
,,1.0,,,,2021-04-10T02:10:58Z,ls8,qd9vgvrnqb48,,,
0.38206896551724134,0.30025862068965514,0.29268292682926833,0.30474137931034484,0.0,0.0,2021-04-18T01:21:31Z,ls7,qd9vgvrnqb48,0.3087336244541485,0.30419213973799125,0.38707423580786027
0.353963963963964,0.30711711711711714,0.323170731707317,0.324054054054054,0.0,0.0,2021-04-25T01:27:06Z,ls7,qd9vgvrnqb48,0.32894375857338815,0.31175125743026977,0.35930498399634203
0.4026219512195122,0.2785365853658537,0.0,0.3010365853658537,0.0,0.0,2021-04-26T02:10:50Z,ls8,qd9vgvrnqb48,0.30649366774273656,0.28358579587782473,0.4099205363794388
,,1.0,,,,2021-05-12T02:10:47Z,ls8,qd9vgvrnqb48,,,
0.24847328244274813,0.3061832061068702,0.2012195121951219,0.43167938931297706,0.0,0.0,2021-05-20T01:18:49Z,ls7,qd9vgvrnqb48,0.43765962386812163,0.3104248897144184,0.25191548641746003
0.1511304347826087,0.36086956521739133,0.2987804878048781,0.4741739130434783,0.0,0.0,2021-06-05T01:17:27Z,ls7,qd9vgvrnqb48,0.4808217970196632,0.36592893042941543,0.15324927255092144
0.041415094339622635,0.44594339622641505,0.35365853658536583,0.5023584905660378,0.0,0.0,2021-06-12T01:23:04Z,ls7,qd9vgvrnqb48,0.5075779239348013,0.4505766847774282,0.04184539128777046
0.19481707317073169,0.2813414634146342,0.0,0.5070121951219513,0.0,0.0,2021-06-13T02:11:04Z,ls8,qd9vgvrnqb48,0.5156908955594145,0.28615728107169436,0.19815182336889106
,,1.0,,,,2021-06-21T01:16:09Z,ls7,qd9vgvrnqb48,,,
,,1.0,,,,2021-06-29T02:11:08Z,ls8,qd9vgvrnqb48,,,
0.05752136752136752,0.3293162393162393,0.28658536585365857,0.5992307692307692,0.0,0.0,2021-07-07T01:14:49Z,ls7,qd9vgvrnqb48,0.6076969749501604,0.333968969402791,0.058334055647048626
0.3001052631578947,0.19336842105263155,0.4207317073170732,0.490421052631579,0.0,0.0,2021-07-15T02:11:09Z,ls8,qd9vgvrnqb48,0.4984487001176849,0.1965336471595164,0.30501765272279874
,,1.0,,,,2021-07-23T01:13:27Z,ls7,qd9vgvrnqb48,,,
0.033731343283582085,0.20402985074626867,0.5914634146341464,0.2908955223880597,0.0,0.4626865671641791,2021-07-31T02:11:17Z,ls8,qd9vgvrnqb48,0.295658916035295,0.20737082515148708,0.03428369164903882
0.08964285714285715,0.21107142857142858,0.4878048780487805,0.6835714285714286,0.0,0.0,2021-08-15T01:17:35Z,ls7,qd9vgvrnqb48,0.6944847605224964,0.21444121915820027,0.09107402031930334
0.20463414634146337,0.13073170731707318,0.0,0.6105487804878049,0.024390243902439025,0.012195121951219513,2021-08-16T02:11:23Z,ls8,qd9vgvrnqb48,0.6218443068205581,0.13315032396117812,0.20842000336460526
0.13974789915966387,0.16436974789915965,0.27439024390243905,0.6631932773109243,0.01680672268907563,0.0,2021-08-24T01:10:38Z,ls7,qd9vgvrnqb48,0.674082299065052,0.16706854751282843,0.14204243073304382
0.16442307692307695,0.15221153846153848,0.36585365853658536,0.6649999999999999,0.0,0.0,2021-09-16T01:14:48Z,ls7,qd9vgvrnqb48,0.6774414732099128,0.15505926143598786,0.16749926535409934
0.2894771241830065,0.10816993464052288,0.06707317073170727,0.5833986928104575,0.0,0.0,2021-09-17T02:11:32Z,ls8,qd9vgvrnqb48,0.594670219853431,0.11025982678214523,0.29506995336442365
0.1691735537190083,0.28132231404958685,0.2621951219512195,0.5351239669421488,0.0,0.0,2021-09-25T01:07:49Z,ls7,qd9vgvrnqb48,0.5429314103639107,0.28542679859131315,0.17164179104477612
0.2605487804878049,0.2555487804878049,0.0,0.4678658536585365,0.0,0.0,2021-10-03T02:11:36Z,ls8,qd9vgvrnqb48,0.4754911073929478,0.25971370143149286,0.2647951911755593
0.1897979797979798,0.39989898989898987,0.39634146341463417,0.39818181818181814,0.0,0.0,2021-11-03T01:10:29Z,ls7,qd9vgvrnqb48,0.4030674846625767,0.40480572597137016,0.19212678936605318
0.23378048780487806,0.35841463414634145,0.0,0.39219512195121947,0.0,0.0,2021-11-04T02:11:39Z,ls8,qd9vgvrnqb48,0.39841427155599607,0.3640981169474728,0.23748761149653128
0.22451327433628315,0.3989380530973451,0.3109756097560976,0.364070796460177,0.0,0.0,2021-11-12T01:03:26Z,ls7,qd9vgvrnqb48,0.3686710278698808,0.40397885115153687,0.2273501209785823
0.3101219512195122,0.3910365853658536,0.0,0.28237804878048783,0.0,0.0,2021-11-18T02:13:25Z,ls9,qd9vgvrnqb48,0.28710477371357723,0.39758214507129574,0.31531308121512713
0.22070588235294114,0.4612941176470589,0.4817073170731707,0.30494117647058827,0.0,0.0,2021-11-19T01:08:56Z,ls7,qd9vgvrnqb48,0.30897604005244966,0.4673977828108238,0.22362617713672664
0.24957317073170732,0.45097560975609763,0.0,0.28408536585365857,0.0,0.0,2021-11-20T02:11:34Z,ls8,qd9vgvrnqb48,0.2885187020064405,0.4580133762695071,0.2534679217240525
0.2477931034482759,0.5278620689655172,0.11585365853658536,0.21137931034482757,0.0,0.0,2021-11-28T01:01:54Z,ls7,qd9vgvrnqb48,0.21415595304639462,0.5347959754052544,0.25104807154835107
,,1.0,,,,2021-12-05T01:07:25Z,ls7,qd9vgvrnqb48,,,
0.2570731707317073,0.530609756097561,0.0,0.19737804878048784,0.0,0.0,2021-12-06T02:11:36Z,ls8,qd9vgvrnqb48,0.20037140204271126,0.5386567626121944,0.2609718353450944
0.29682926829268297,0.506219512195122,0.0,0.18201219512195121,0.0,0.0,2021-12-14T02:11:32Z,ls9,qd9vgvrnqb48,0.18477251624883936,0.5138966264314454,0.30133085731971526
0.2499390243902439,0.5614634146341463,0.0,0.17378048780487806,0.0,0.0,2021-12-22T02:11:33Z,ls8,qd9vgvrnqb48,0.1763941325741165,0.5699077799096367,0.25369808751624684
0.20591463414634145,0.47939024390243906,0.0,0.1026219512195122,0.0,0.20121951219512196,2021-12-30T00:58:48Z,ls7,qd9vgvrnqb48,0.10403556422965561,0.4859938241078743,0.20875109946734818
,,1.0,,,,2022-01-06T01:04:17Z,ls7,qd9vgvrnqb48,,,
0.2940853658536586,0.5360365853658536,0.0,0.15439024390243902,0.0,0.0,2022-01-07T02:11:29Z,ls8,qd9vgvrnqb48,0.15681902638424375,0.5444692183822618,0.29871175523349436
0.2722560975609756,0.39036585365853665,0.0,0.13371951219512196,0.0,0.27439024390243905,2022-01-15T00:57:16Z,ls7,qd9vgvrnqb48,0.12184243454226272,0.35569323572255634,0.2480740858327419
,,1.0,,,,2022-01-22T01:02:46Z,ls7,qd9vgvrnqb48,,,
0.35323170731707315,0.5062195121951221,0.0,0.12439024390243901,0.0,0.0,2022-01-23T02:11:25Z,ls8,qd9vgvrnqb48,0.12643321970870774,0.5145336225596531,0.35903315773163924
0.33591463414634143,0.3621951219512195,0.0,0.14585365853658533,0.0,0.22560975609756098,2022-01-31T00:55:42Z,ls7,qd9vgvrnqb48,0.1338300313138237,0.33233711789469605,0.30822309469391923
,,1.0,,,,2022-02-07T01:01:11Z,ls7,qd9vgvrnqb48,,,
0.3709146341463415,0.454939024390244,0.0,0.15804878048780488,0.0,0.0,2022-02-08T02:11:21Z,ls8,qd9vgvrnqb48,0.16063460585027267,0.4623822508676252,0.37698314328210214
0.36006097560975603,0.39451219512195124,0.0,0.15457317073170732,0.0,0.20121951219512196,2022-02-16T00:54:03Z,ls7,qd9vgvrnqb48,0.13580875496883743,0.34662037264235823,0.31635136019368243
,,1.0,,,,2022-02-23T00:59:35Z,ls7,qd9vgvrnqb48,,,
0.39176829268292684,0.43865853658536585,0.0,0.15304878048780488,0.0,0.0,2022-02-24T02:11:16Z,ls8,qd9vgvrnqb48,0.15562031124062248,0.4460288920577841,0.39835079670159346
0.4076829268292684,0.41128048780487797,0.0,0.14536585365853658,0.0,0.10365853658536585,2022-03-04T00:52:32Z,ls7,qd9vgvrnqb48,0.13511717033072954,0.3822841081714642,0.3789401849124404
0.38859756097560977,0.4249390243902438,0.0,0.16939024390243904,0.0,0.0,2022-03-12T02:11:12Z,ls8,qd9vgvrnqb48,0.17233250620347396,0.432320099255583,0.3953473945409429
0.16905660377358492,0.3890566037735849,0.35365853658536583,0.14481132075471695,0.0,0.41509433962264153,2022-03-20T00:50:56Z,ls7,qd9vgvrnqb48,0.1204979450649906,0.3237351957316101,0.14067251958075783
,,1.0,,,,2022-03-27T00:56:28Z,ls7,qd9vgvrnqb48,,,
0.3795121951219513,0.4260975609756098,0.0,0.1776829268292683,0.0,0.0,2022-03-28T02:11:00Z,ls8,qd9vgvrnqb48,0.1807019719707305,0.43333746744387946,0.3859605605853901
0.20542682926829267,0.4014024390243902,0.0,0.27731707317073173,0.0,0.10365853658536585,2022-04-05T00:49:24Z,ls7,qd9vgvrnqb48,0.28114213624894874,0.4069390243902439,0.20826030277544155
0.30634146341463414,0.20536585365853657,0.0,0.47115853658536594,0.0,0.0,2022-04-13T02:11:04Z,ls8,qd9vgvrnqb48,0.47937216948942246,0.20894596438985047,0.31168186612072707
0.23493902439024392,0.10170731707317072,0.0,0.6445731707317074,0.0,0.0,2022-04-29T02:11:00Z,ls8,qd9vgvrnqb48,0.6569102659706687,0.10365398956002982,0.23943574446930152
,,1.0,,,,2022-05-15T02:11:10Z,ls8,qd9vgvrnqb48,,,
0.15707317073170732,0.07908536585365854,0.0,0.7423780487804879,0.0,0.0,2022-05-31T02:11:13Z,ls8,qd9vgvrnqb48,0.758661515453639,0.08082003988035892,0.16051844466600199
0.09140243902439026,0.10182926829268295,0.0,0.7859756097560974,0.0,0.0,2022-06-16T02:11:25Z,ls8,qd9vgvrnqb48,0.802665172177595,0.1039915312285946,0.09334329659381035
0.18829268292682927,0.23603658536585367,0.0,0.5571951219512195,0.0,0.0,2022-07-02T02:11:29Z,ls8,qd9vgvrnqb48,0.5676834192706716,0.24047959247064674,0.19183698825868176
0.07664634146341463,0.31256097560975604,0.0,0.5636585365853658,0.0,0.03048780487804878,2022-07-18T02:11:29Z,ls8,qd9vgvrnqb48,0.5735055181229486,0.3180213420487056,0.0779853349502971
0.18218181818181817,0.052727272727272734,0.6646341463414633,0.7158181818181818,0.0,0.03636363636363636,2022-08-03T02:11:41Z,ls8,qd9vgvrnqb48,0.7255376484292148,0.053443210069716106,0.18465550513743284
0.06597560975609756,0.12865853658536583,0.0,0.30878048780487805,0.12804878048780488,0.3597560975609756,2022-08-19T02:11:46Z,ls8,qd9vgvrnqb48,0.31416619398752127,0.13090258082813383,0.06712634713556438
,,1.0,,,,2022-10-06T02:11:50Z,ls8,qd9vgvrnqb48,,,
,,1.0,,,,2022-10-22T02:11:50Z,ls8,qd9vgvrnqb48,,,
,,1.0,,,,2022-11-07T02:11:52Z,ls8,qd9vgvrnqb48,,,
0.16890243902439026,0.5273780487804879,0.0,0.29024390243902437,0.0,0.0,2022-11-23T02:11:47Z,ls8,qd9vgvrnqb48,0.2942085419370789,0.5345818653810496,0.17120959268187155
0.19225609756097561,0.5181707317073171,0.0,0.2752439024390244,0.0,0.0,2022-12-09T02:11:47Z,ls8,qd9vgvrnqb48,0.2792452830188679,0.5257036807918342,0.19505103618929787
0.14853658536585365,0.6059146341463415,0.0,0.23262195121951224,0.0,0.0,2022-12-25T02:11:38Z,ls8,qd9vgvrnqb48,0.23566839634297013,0.6138497652582159,0.1504818383988139
,,1.0,,,,2023-01-10T02:11:37Z,ls8,qd9vgvrnqb48,,,
0.19536585365853662,0.5949390243902438,0.0,0.19500000000000003,0.0,0.0,2023-01-26T02:11:36Z,ls8,qd9vgvrnqb48,0.19790828640386166,0.6038121170864532,0.19827959650968502
0.23926829268292685,0.5342073170731707,0.0,0.21158536585365856,0.0,0.0,2023-02-11T02:11:33Z,ls8,qd9vgvrnqb48,0.21479418136799755,0.5423088826988548,0.24289693593314765
0.17257142857142857,0.6342857142857141,0.7865853658536586,0.17971428571428577,0.0,0.0,2023-02-27T02:11:18Z,ls8,qd9vgvrnqb48,0.18216044019693028,0.6429192006950477,0.17492035910802203
0.24432926829268298,0.5364634146341463,0.0,0.20518292682926834,0.0,0.0,2023-03-15T02:11:12Z,ls8,qd9vgvrnqb48,0.20810142238713672,0.5440940012368584,0.247804576376005
0.0,0.0,0.7865853658536586,0.0,0.0,1.0,2023-03-31T02:11:02Z,ls8,qd9vgvrnqb48,0.0,0.0,0.0
0.2471341463414634,0.5692682926829268,0.0,0.1695121951219512,0.0,0.0,2023-04-16T02:10:47Z,ls8,qd9vgvrnqb48,0.17193394767765477,0.5774011998268291,0.2506648524955161
0.2532926829268293,0.5795731707317072,0.0,0.15207317073170734,0.0,0.0,2023-05-02T02:10:42Z,ls8,qd9vgvrnqb48,0.15439856373429087,0.5884355847211044,0.2571658515446048
0.2032258064516129,0.5466666666666667,0.43292682926829273,0.23655913978494625,0.0,0.0,2023-05-18T02:10:30Z,ls8,qd9vgvrnqb48,0.2398081534772182,0.5541748419446262,0.20601700457815564
0.16591463414634144,0.31091463414634146,0.0,0.5071951219512195,0.0,0.0,2023-06-03T02:10:34Z,ls8,qd9vgvrnqb48,0.5154294212417896,0.3159623249473293,0.16860825381088113
,,1.0,,,,2023-06-19T02:10:42Z,ls8,qd9vgvrnqb48,,,
0.0,0.0,0.5304878048780488,0.0,0.09090909090909091,0.9090909090909091,2023-07-05T02:10:53Z,ls8,qd9vgvrnqb48,0.0,0.0,0.0
,,1.0,,,,2023-07-21T02:10:56Z,ls8,qd9vgvrnqb48,,,
0.1022560975609756,0.15658536585365854,0.0,0.698170731707317,0.0,0.024390243902439025,2023-08-06T02:11:06Z,ls8,qd9vgvrnqb48,0.7117382419443817,0.15962827994001508,0.10424323421316403
0.12426829268292684,0.14060975609756096,0.0,0.6977439024390244,0.0,0.018292682926829267,2023-08-22T02:11:13Z,ls8,qd9vgvrnqb48,0.7115776796901433,0.1433975469164966,0.12673209046653083
0.13091463414634147,0.2192682926829268,0.0,0.6307317073170732,0.0,0.0,2023-09-07T02:11:12Z,ls8,qd9vgvrnqb48,0.6430036675576553,0.22353453098775405,0.13346180145459066
,,1.0,,,,2023-09-23T02:11:18Z,ls8,qd9vgvrnqb48,,,
0.18573170731707314,0.4826829268292683,0.0,0.31609756097560976,0.0,0.0,2023-10-09T02:11:23Z,ls8,qd9vgvrnqb48,0.3210702341137124,0.49027622940666415,0.1886535364796234
0.17091463414634148,0.5764024390243903,0.0,0.23945121951219508,0.0,0.0,2023-10-25T02:11:26Z,ls8,qd9vgvrnqb48,0.24266205277142677,0.5841314960143361,0.1732064512142372
0.14591463414634145,0.6521951219512195,0.0,0.18945121951219512,0.0,0.0,2023-11-10T02:11:22Z,ls8,qd9vgvrnqb48,0.19183749073845394,0.6604099777722895,0.1477525314892566
,,1.0,,,,2023-11-26T02:11:29Z,ls8,qd9vgvrnqb48,,,
0.19048780487804876,0.6531097560975611,0.0,0.14243902439024392,0.0,0.0,2023-12-12T02:11:24Z,ls8,qd9vgvrnqb48,0.14445612516232764,0.6623585430709295,0.1931853317667429
0.16042682926829266,0.6745121951219513,0.0,0.15115853658536588,0.0,0.0,2023-12-28T02:11:25Z,ls8,qd9vgvrnqb48,0.1532896364086075,0.6840217660153352,0.16268859757605736
0.2277439024390244,0.6037804878048781,0.0,0.15396341463414634,0.0,0.0,2024-01-05T02:11:28Z,ls9,qd9vgvrnqb48,0.1562306645217176,0.6126716990471477,0.23109763643113473
,,1.0,,,,2024-01-13T02:11:22Z,ls8,qd9vgvrnqb48,,,
0.19384146341463415,0.6179878048780487,0.0,0.17396341463414636,0.0,0.0,2024-01-21T02:11:29Z,ls9,qd9vgvrnqb48,0.17647058823529416,0.6268942908393641,0.19663512092534177
0.2241463414634146,0.593170731707317,0.0,0.1676829268292683,0.0,0.0,2024-01-29T02:11:16Z,ls8,qd9vgvrnqb48,0.17023647393834346,0.6022037885353473,0.22755973752630926
0.26481707317073166,0.5641463414634147,0.0,0.15518292682926832,0.0,0.0,2024-02-06T02:11:33Z,ls9,qd9vgvrnqb48,0.1576827757125155,0.5732342007434944,0.26908302354399
0.2396341463414634,0.5876219512195121,0.0,0.15780487804878052,0.0,0.0,2024-02-14T02:11:19Z,ls8,qd9vgvrnqb48,0.16019808108944603,0.5965335809346951,0.24326833797585887
0.24170731707317072,0.5722560975609756,0.0,0.17060975609756096,0.0,0.0,2024-02-22T02:11:20Z,ls9,qd9vgvrnqb48,0.17328296277946365,0.5812225181148201,0.2454945191057162
0.24920731707317076,0.5803658536585367,0.0,0.15603658536585369,0.0,0.0,2024-03-01T02:11:13Z,ls8,qd9vgvrnqb48,0.1583147735708983,0.5888393961890621,0.2528458302400396
0.2838414634146342,0.5525000000000001,0.0,0.14810975609756097,0.0,0.0,2024-03-09T02:11:25Z,ls9,qd9vgvrnqb48,0.1504490554351192,0.5612263858779808,0.28832455868689993
0.29975609756097565,0.5540243902439025,0.0,0.12932926829268293,0.0,0.0,2024-03-17T02:11:03Z,ls8,qd9vgvrnqb48,0.13155120014885566,0.5635427649941078,0.30490603485703655
0.31365853658536585,0.5467682926829267,0.0,0.12414634146341463,0.0,0.0,2024-03-25T02:11:20Z,ls9,qd9vgvrnqb48,0.1260915340310894,0.555335356412956,0.31857310955595475
0.2889024390243902,0.5579268292682927,0.0,0.1379268292682927,0.0,0.0,2024-04-02T02:10:51Z,ls8,qd9vgvrnqb48,0.14006191950464397,0.56656346749226,0.2933746130030959
0.2914634146341463,0.5515243902439024,0.0,0.14195121951219514,0.0,0.0,2024-04-10T02:11:12Z,ls9,qd9vgvrnqb48,0.14412183495325948,0.5599579025568007,0.29592026248993997
0.26658536585365855,0.588048780487805,0.0,0.1299390243902439,0.0,0.0,2024-04-18T02:10:43Z,ls8,qd9vgvrnqb48,0.13197497987242213,0.5972626494085589,0.27076237071901904
0.27939024390243905,0.5640243902439024,0.0,0.14115853658536584,0.0,0.0,2024-05-04T02:10:34Z,ls8,qd9vgvrnqb48,0.14337028550195083,0.572861831919242,0.28376788257880725
,,1.0,,,,2024-05-20T02:10:21Z,ls8,qd9vgvrnqb48,,,
0.28859756097560973,0.5692682926829269,0.0,0.12615853658536588,0.0,0.0,2024-05-28T02:10:36Z,ls9,qd9vgvrnqb48,0.1282067170653117,0.578510348246375,0.29328293468831323
0.2429268292682927,0.46591463414634143,0.0,0.27554878048780485,0.0,0.0,2024-06-05T02:10:19Z,ls8,qd9vgvrnqb48,0.279918235877106,0.47330277502477697,0.24677898909811696
0.14420731707317075,0.30914634146341463,0.0,0.5304268292682928,0.0,0.0,2024-06-13T02:10:30Z,ls9,qd9vgvrnqb48,0.5391719350440065,0.3142432130903681,0.1465848518656254
0.28079268292682924,0.1121951219512195,0.0,0.5909146341463415,0.0,0.0,2024-06-21T02:10:28Z,ls8,qd9vgvrnqb48,0.6005825483391175,0.11403073872087258,0.2853867129400099
,,1.0,,,,2024-06-29T02:10:21Z,ls9,qd9vgvrnqb48,,,
0.15853658536585366,0.051585365853658534,0.0,0.7720731707317072,0.0,0.0,2024-07-15T02:10:41Z,ls9,qd9vgvrnqb48,0.7860690340203624,0.052520486714675935,0.16141047926496152
0.03176829268292683,0.06384146341463415,0.0,0.3590853658536585,0.18292682926829268,0.35365853658536583,2024-07-31T02:10:43Z,ls9,qd9vgvrnqb48,0.36597140679734547,0.06506572642499928,0.03237750092399677
,,1.0,,,,2024-08-08T02:10:46Z,ls8,qd9vgvrnqb48,,,
0.14402439024390246,0.11286585365853662,0.0,0.6764024390243902,0.018292682926829267,0.03048780487804878,2024-08-16T02:10:50Z,ls9,qd9vgvrnqb48,0.6893948810127065,0.11503379831916706,0.14679083286324826
0.0425,0.052621951219512186,0.0,0.36609756097560975,0.06097560975609756,0.4695121951219512,2024-08-24T02:11:00Z,ls8,qd9vgvrnqb48,0.37267996027395495,0.05356808889347486,0.04326414595452142
,,1.0,,,,2024-09-01T02:11:00Z,ls9,qd9vgvrnqb48,,,
0.10763636363636364,0.032363636363636365,0.6646341463414633,0.22,0.0,0.6363636363636364,2024-09-09T02:11:08Z,ls8,qd9vgvrnqb48,0.22222222222222224,0.03269054178145088,0.10872359963269056
0.12445121951219515,0.15000000000000002,0.0,0.6345731707317073,0.018292682926829267,0.054878048780487805,2024-09-17T02:11:04Z,ls9,qd9vgvrnqb48,0.6470024278992453,0.15293801985511135,0.12688882053832615
0.12670731707317073,0.19115853658536586,0.0,0.6264024390243902,0.0,0.036585365853658534,2024-09-25T02:11:07Z,ls8,qd9vgvrnqb48,0.639103612074478,0.1950345394581416,0.12927648261372193
0.12670731707317073,0.3001829268292683,0.0,0.5551219512195121,0.0,0.0,2024-10-11T02:11:13Z,ls8,qd9vgvrnqb48,0.5652902825209563,0.30568146538342134,0.1290282520956225
0.18914110429447853,0.3622085889570552,0.0060975609756097615,0.43380368098159516,0.0,0.0,2024-10-19T02:11:21Z,ls9,qd9vgvrnqb48,0.4403412629219081,0.36766720637688377,0.1919915307012081
0.138109756097561,0.41646341463414643,0.0,0.424390243902439,0.006097560975609756,0.0,2024-10-27T02:11:16Z,ls8,qd9vgvrnqb48,0.43086645752785774,0.42281866449932026,0.14021731699721232
0.16195121951219513,0.4411585365853659,0.0,0.3823780487804878,0.0,0.0,2024-11-04T02:11:20Z,ls9,qd9vgvrnqb48,0.3880089097883925,0.44765499319391167,0.16433609701769583
0.1571951219512195,0.47865853658536583,0.0,0.35018292682926827,0.0,0.0,2024-11-12T02:11:14Z,ls8,qd9vgvrnqb48,0.35514192072228057,0.48543689320388345,0.15942118607383587
0.08758620689655172,0.6306896551724137,0.8231707317073171,0.2703448275862069,0.0,0.0,2024-11-20T02:11:26Z,ls9,qd9vgvrnqb48,0.2734565748168818,0.6379490756888734,0.08859434949424486
0.1843292682926829,0.5520731707317074,0.0,0.2501219512195122,0.0,0.0,2024-11-28T02:11:26Z,ls8,qd9vgvrnqb48,0.25353853761048273,0.5596143148525867,0.18684714753693055
0.18786585365853659,0.5682317073170732,0.0,0.23097560975609754,0.0,0.0,2024-12-06T02:11:24Z,ls9,qd9vgvrnqb48,0.23400049419322955,0.5756733382752657,0.19032616753150483
0.20981707317073173,0.5637804878048781,0.0,0.21323170731707317,0.0,0.0,2024-12-14T02:11:14Z,ls8,qd9vgvrnqb48,0.21607760751359364,0.5713049925852695,0.21261739990113693
0.19457317073170735,0.6040853658536585,0.0,0.18810975609756095,0.0,0.0,2024-12-22T02:11:25Z,ls9,qd9vgvrnqb48,0.1906321448433541,0.612185626892418,0.19718222826422793
0.1928658536585366,0.598170731707317,0.0,0.19542682926829272,0.0,0.0,2024-12-30T02:11:17Z,ls8,qd9vgvrnqb48,0.19810854246507606,0.6063790332550377,0.19551242427988627
0.18426829268292683,0.616280487804878,0.0,0.18560975609756097,0.0,0.0,2025-01-07T02:11:21Z,ls9,qd9vgvrnqb48,0.18821492611142027,0.6249304396215916,0.1868546342669882
0.22432926829268296,0.5665853658536585,0.0,0.1951219512195122,0.0,0.0,2025-01-15T02:11:20Z,ls8,qd9vgvrnqb48,0.19788510296209263,0.5746088677261764,0.2275060293117309
0.23628048780487804,0.5614024390243902,0.0,0.18823170731707314,0.0,0.0,2025-01-31T02:11:18Z,ls8,qd9vgvrnqb48,0.1909208980147195,0.5694229698806358,0.2396561321046447
0.21536585365853664,0.5755487804878048,0.0,0.19548780487804876,0.0,0.0,2025-02-08T02:11:22Z,ls9,qd9vgvrnqb48,0.19818260493292947,0.583482722383631,0.2183346726834395
0.24798780487804878,0.5520121951219512,0.0,0.1857926829268293,0.0,0.0,2025-02-16T02:11:14Z,ls8,qd9vgvrnqb48,0.1884703408177151,0.5599678357147275,0.25156182346755734
0.23353658536585364,0.5579878048780488,0.0,0.19341463414634147,0.0,0.0,2025-02-24T02:11:22Z,ls9,qd9vgvrnqb48,0.1963721909242865,0.5665201510555314,0.237107658020182
,,1.0,,,,2025-03-04T02:11:06Z,ls8,qd9vgvrnqb48,,,
,,1.0,,,,2025-03-12T02:11:17Z,ls9,qd9vgvrnqb48,,,
0.26451219512195123,0.5134146341463415,0.0,0.20750000000000002,0.0,0.0,2025-03-20T02:10:55Z,ls8,qd9vgvrnqb48,0.21056865292989296,0.5210073634057298,0.2684239836643772
0.288780487804878,0.514939024390244,0.0,0.18097560975609756,0.0,0.0,2025-03-28T02:11:06Z,ls9,qd9vgvrnqb48,0.1837884698742956,0.5229425970648337,0.2932689330608706
,,1.0,,,,2025-04-13T02:11:07Z,ls9,qd9vgvrnqb48,,,
0.2623780487804878,0.5510365853658536,0.0,0.1720731707317073,0.0,0.0,2025-04-21T02:10:41Z,ls8,qd9vgvrnqb48,0.17460710308130178,0.5591510951614899,0.26624180175720824
0.2841463414634146,0.5265243902439024,0.0,0.1745121951219512,0.0,0.0,2025-04-29T02:10:58Z,ls9,qd9vgvrnqb48,0.17713684471127067,0.5344432753605248,0.2884198799282045
0.2734146341463415,0.5409146341463414,0.0,0.1694512195121951,0.0,0.0,2025-05-07T02:10:37Z,ls8,qd9vgvrnqb48,0.1722449485558448,0.5498326515433246,0.27792239990083056
0.2896341463414634,0.5272560975609756,0.0,0.16756097560975614,0.0,0.0,2025-05-15T02:10:47Z,ls9,qd9vgvrnqb48,0.1702074945803655,0.535583772065655,0.29420873335397957
0.10213414634146341,0.6315243902439024,0.0,0.2540243902439025,0.0,0.0,2025-05-23T02:10:42Z,ls8,qd9vgvrnqb48,0.257192245956291,0.6393999259167799,0.10340782812692925
0.03902439024390244,0.6745731707317073,0.0,0.2753658536585366,0.0,0.0,2025-05-31T02:10:41Z,ls9,qd9vgvrnqb48,0.27843886799432765,0.6821012392872556,0.03945989271841667
0.18243902439024393,0.39926829268292685,0.0,0.40323170731707314,0.0,0.0,2025-06-08T02:10:46Z,ls8,qd9vgvrnqb48,0.4093976351142202,0.40537361480839473,0.185228750077385
0.19817073170731708,0.2625,0.0,0.5230487804878048,0.0,0.0,2025-06-16T02:10:50Z,ls9,qd9vgvrnqb48,0.5317052005206718,0.26684435628835307,0.20145044319097505
0.12865853658536586,0.21384146341463411,0.0,0.5806707317073172,0.036585365853658534,0.024390243902439025,2025-06-24T02:10:58Z,ls8,qd9vgvrnqb48,0.590642620098592,0.21751377388278498,0.13086799626252535
,,1.0,,,,2025-07-02T02:10:57Z,ls9,qd9vgvrnqb48,,,
0.10182926829268292,0.13658536585365852,0.0,0.6414634146341462,0.036585365853658534,0.06707317073170732,2025-07-10T02:11:00Z,ls8,qd9vgvrnqb48,0.6534658485877997,0.13914101718979766,0.10373459763703666
,,1.0,,,,2025-07-18T02:11:03Z,ls9,qd9vgvrnqb48,,,
0.06298780487804877,0.10621951219512193,0.0,0.4352439024390244,0.15853658536585366,0.22560975609756098,2025-07-26T02:11:07Z,ls8,qd9vgvrnqb48,0.44345439469728093,0.10822324958849303,0.0641760142508113
0.17730769230769228,0.17538461538461542,0.6829268292682926,0.4617307692307693,0.0,0.17307692307692307,2025-08-03T02:11:10Z,ls9,qd9vgvrnqb48,0.4688175460902733,0.1780764689855599,0.1800290618472436
0.0525609756097561,0.10615853658536588,0.0,0.4215853658536585,0.13414634146341464,0.27439024390243905,2025-08-11T02:11:15Z,ls8,qd9vgvrnqb48,0.42969192484821767,0.10819983239235567,0.053571657393572995
0.22035294117647058,0.0763529411764706,0.4817073170731707,0.31952941176470584,0.0,0.3764705882352941,2025-08-19T02:11:20Z,ls9,qd9vgvrnqb48,0.3233115468409586,0.07725669878489771,0.22296116613884961
0.011097560975609757,0.010060975609756098,0.0,0.09268292682926829,0.17073170731707318,0.7134146341463414,2025-08-27T02:11:17Z,ls8,qd9vgvrnqb48,0.09432113603407057,0.01023880753001424,0.011293714972500556
0.05951923076923076,0.10682692307692307,0.36585365853658536,0.40932692307692303,0.057692307692307696,0.3557692307692308,2025-09-04T02:11:25Z,ls9,qd9vgvrnqb48,0.4170526525420462,0.10884319872544358,0.06064261027097172
0.09469512195121951,0.14884146341463414,0.0,0.5945731707317072,0.04878048780487805,0.0975609756097561,2025-09-12T02:11:23Z,ls8,qd9vgvrnqb48,0.6056038115855876,0.1516028001313116,0.0964519248684666
0.0773170731707317,0.1508536585365854,0.0,0.5503048780487805,0.036585365853658534,0.17073170731707318,2025-09-20T02:11:28Z,ls9,qd9vgvrnqb48,0.5603480390564851,0.1536067643906642,0.07872812338211892
,,1.0,,,,2025-09-28T02:11:28Z,ls8,qd9vgvrnqb48,,,
0.12298780487804876,0.17134146341463416,0.0,0.6216463414634146,0.006097560975609756,0.06097560975609756,2025-10-06T02:11:32Z,ls9,qd9vgvrnqb48,0.6331506473432461,0.17451234124909484,0.12526384067595167
0.12109756097560975,0.24652439024390244,0.0,0.6134146341463415,0.0,0.0,2025-10-14T02:11:31Z,ls8,qd9vgvrnqb48,0.6252719249176456,0.25128970103797627,0.12343837404437816
0.13206250000000003,0.4154999999999999,0.024390243902439046,0.4345625,0.0,0.0,2025-10-30T02:11:31Z,ls8,qd9vgvrnqb48,0.4424716813032965,0.42306223749522714,0.13446608120147643
0.15853658536585366,0.45426829268292684,0.0,0.371829268292683,0.0,0.0,2025-11-07T02:11:36Z,ls9,qd9vgvrnqb48,0.3776319048798613,0.46135744364627196,0.16101065147386673
0.18134146341463417,0.47890243902439017,0.0,0.32542682926829264,0.0,0.0,2025-11-15T02:11:31Z,ls8,qd9vgvrnqb48,0.3301577482214661,0.485864522115682,0.18397772966285186
,,1.0,,,,2025-11-23T02:11:34Z,ls9,qd9vgvrnqb48,,,
0.17628048780487804,0.546951219512195,0.0,0.26237804878048776,0.0,0.0,2025-12-01T02:11:30Z,ls8,qd9vgvrnqb48,0.266208859193269,0.5549368968077208,0.17885424399901015
0.17621951219512194,0.5594512195121951,0.0,0.2504268292682927,0.0,0.0,2025-12-09T02:11:34Z,ls9,qd9vgvrnqb48,0.25395745733366315,0.5673386099431116,0.17870393272322532
0.1780487804878049,0.5728658536585366,0.0,0.2347560975609756,0.0,0.0,2025-12-17T02:11:30Z,ls8,qd9vgvrnqb48,0.2381688833900402,0.5811939375193319,0.1806371790906279
0.19804878048780486,0.5854268292682927,0.0,0.20207317073170733,0.0,0.0,2025-12-25T02:11:40Z,ls9,qd9vgvrnqb48,0.20503619377590795,0.5940110128070284,0.20095279341706362
0.21756097560975615,0.5666463414634146,0.0,0.2015853658536585,0.0,0.0,2026-01-02T02:11:26Z,ls8,qd9vgvrnqb48,0.2044906290591946,0.5748128904558669,0.2206964804849385
0.22073170731707314,0.573109756097561,0.0,0.19237804878048784,0.0,0.0,2026-01-10T02:11:32Z,ls9,qd9vgvrnqb48,0.19506615555830348,0.5811178434524545,0.22381600098924198
0.20146341463414633,0.6101829268292682,0.0,0.17506097560975611,0.0,0.0,2026-02-11T02:11:28Z,ls9,qd9vgvrnqb48,0.17741935483870971,0.6184031640093932,0.20417748115189718
0.2365243902439024,0.5979878048780488,0.0,0.15164634146341463,0.0,0.0,2026-02-19T02:11:16Z,ls8,qd9vgvrnqb48,0.15377480986829903,0.606381005379336,0.23984418475236502
0.23402439024390242,0.5897560975609756,0.0,0.16225609756097562,0.0,0.0,2026-02-27T02:11:23Z,ls9,qd9vgvrnqb48,0.16455383093191517,0.598107723702925,0.23733844536515986
0.1807926829268293,0.651829268292683,0.0,0.15359756097560975,0.0,0.0,2026-03-07T02:11:08Z,ls8,qd9vgvrnqb48,0.15574378632372946,0.6609373067886732,0.18331890688759742
0.22634146341463413,0.6022560975609756,0.0,0.1566463414634146,0.0,0.0,2026-03-15T02:11:13Z,ls9,qd9vgvrnqb48,0.15899244956058917,0.6112761480381236,0.22973140240128728
