bare_soil,dry_vegetation,pc_missing,green_vegetation,water,wetness,date,ard_product,nwi_id,norm_pv,norm_npv,norm_bs
0.09571428571428571,0.1142857142857143,0.0,0.07285714285714286,0.5714285714285714,0.14285714285714285,1986-08-16T01:32:51Z,ls5,qd9vcp7ucbsb,0.0735930735930736,0.11544011544011547,0.09668109668109669
,,1.0,,,,1987-05-31T01:35:27Z,ls5,qd9vcp7ucbsb,,,
0.09,0.19571428571428573,0.0,0.13714285714285715,0.42857142857142855,0.14285714285714285,1987-09-04T01:37:49Z,ls5,qd9vcp7ucbsb,0.138996138996139,0.19835907335907338,0.09121621621621621
,,1.0,,,,1987-10-22T01:38:48Z,ls5,qd9vcp7ucbsb,,,
0.08571428571428572,0.7171428571428571,0.0,0.18714285714285714,0.0,0.0,1987-11-07T01:39:08Z,ls5,qd9vcp7ucbsb,0.18903318903318903,0.7243867243867244,0.08658008658008658
,,1.0,,,,1987-11-23T01:39:27Z,ls5,qd9vcp7ucbsb,,,
0.13428571428571429,0.6585714285714287,0.0,0.19714285714285715,0.0,0.0,1987-12-09T01:39:40Z,ls5,qd9vcp7ucbsb,0.1991341991341991,0.6652236652236652,0.13564213564213562
,,1.0,,,,1987-12-25T01:39:56Z,ls5,qd9vcp7ucbsb,,,
0.11714285714285715,0.6842857142857143,0.0,0.18857142857142858,0.0,0.0,1988-01-10T01:40:12Z,ls5,qd9vcp7ucbsb,0.1904761904761905,0.6911976911976911,0.11832611832611833
0.2785714285714285,0.5285714285714286,0.0,0.18285714285714286,0.0,0.0,1988-01-26T01:40:30Z,ls5,qd9vcp7ucbsb,0.1847041847041847,0.5339105339105339,0.28138528138528135
0.1814285714285714,0.63,0.0,0.17428571428571424,0.0,0.0,1988-02-11T01:40:48Z,ls5,qd9vcp7ucbsb,0.17681159420289852,0.6391304347826088,0.18405797101449275
0.1542857142857143,0.6500000000000001,0.0,0.18714285714285714,0.0,0.0,1988-02-27T01:41:00Z,ls5,qd9vcp7ucbsb,0.1887608069164265,0.6556195965417868,0.15561959654178675
0.1842857142857143,0.5985714285714286,0.0,0.20285714285714287,0.0,0.0,1988-03-14T01:41:09Z,ls5,qd9vcp7ucbsb,0.20579710144927538,0.6072463768115942,0.18695652173913044
0.05714285714285714,0.6757142857142856,0.0,0.26,0.0,0.0,1988-03-30T01:41:16Z,ls5,qd9vcp7ucbsb,0.26187050359712233,0.6805755395683453,0.05755395683453238
,,1.0,,,,1988-05-17T01:41:38Z,ls5,qd9vcp7ucbsb,,,
0.0,0.0,0.2857142857142857,0.0,0.0,1.0,1988-06-02T01:41:44Z,ls5,qd9vcp7ucbsb,0.0,0.0,0.0
0.10857142857142857,0.17285714285714285,0.0,0.13999999999999999,0.5714285714285714,0.0,1988-07-20T01:41:56Z,ls5,qd9vcp7ucbsb,0.1423728813559322,0.17578692493946735,0.11041162227602909
0.07714285714285715,0.19571428571428573,0.0,0.14999999999999997,0.5714285714285714,0.0,1988-08-05T01:41:58Z,ls5,qd9vcp7ucbsb,0.152027027027027,0.1983590733590734,0.0781853281853282
0.08,0.10857142857142857,0.0,0.09142857142857143,0.5714285714285714,0.14285714285714285,1988-08-21T01:41:59Z,ls5,qd9vcp7ucbsb,0.09329446064139943,0.1107871720116618,0.0816326530612245
0.0,0.0,0.8571428571428572,0.0,0.0,1.0,1988-09-06T01:42:02Z,ls5,qd9vcp7ucbsb,0.0,0.0,0.0
0.030000000000000002,0.6328571428571428,0.0,0.33,0.0,0.0,1988-09-22T01:41:57Z,ls5,qd9vcp7ucbsb,0.33237410071942447,0.6374100719424459,0.030215827338129497
0.011428571428571429,0.6657142857142857,0.0,0.3157142857142857,0.0,0.0,1988-10-08T01:41:52Z,ls5,qd9vcp7ucbsb,0.31798561151079136,0.6705035971223021,0.011510791366906475
0.017142857142857144,0.7157142857142859,0.0,0.26,0.0,0.0,1988-10-24T01:41:47Z,ls5,qd9vcp7ucbsb,0.2618705035971223,0.7208633093525181,0.017266187050359712
0.027142857142857142,0.72,0.0,0.2485714285714286,0.0,0.0,1988-11-09T01:41:50Z,ls5,qd9vcp7ucbsb,0.2496413199426112,0.7230989956958392,0.027259684361549495
0.04857142857142858,0.7071428571428572,0.0,0.23285714285714287,0.0,0.0,1988-11-25T01:41:50Z,ls5,qd9vcp7ucbsb,0.23554913294797689,0.7153179190751445,0.049132947976878616
0.05857142857142857,0.7014285714285714,0.0,0.23,0.0,0.0,1988-12-11T01:41:39Z,ls5,qd9vcp7ucbsb,0.23232323232323235,0.7085137085137085,0.05916305916305917
0.04428571428571428,0.6914285714285714,0.0,0.25142857142857145,0.0,0.0,1989-01-12T01:41:26Z,ls5,qd9vcp7ucbsb,0.2547033285094067,0.7004341534008683,0.04486251808972504
0.03571428571428571,0.7157142857142859,0.0,0.24000000000000002,0.0,0.0,1989-01-28T01:41:13Z,ls5,qd9vcp7ucbsb,0.2420749279538905,0.7219020172910663,0.03602305475504322
0.06571428571428571,0.7000000000000001,0.0,0.22428571428571428,0.0,0.0,1989-02-13T01:41:14Z,ls5,qd9vcp7ucbsb,0.22655122655122653,0.7070707070707071,0.06637806637806637
,,1.0,,,,1989-03-08T01:46:59Z,ls5,qd9vcp7ucbsb,,,
0.10142857142857144,0.6142857142857144,0.0,0.2742857142857143,0.0,0.0,1989-03-17T01:40:22Z,ls5,qd9vcp7ucbsb,0.277056277056277,0.6204906204906205,0.10245310245310243
0.10714285714285716,0.5842857142857143,0.0,0.2985714285714286,0.0,0.0,1989-03-24T01:46:19Z,ls5,qd9vcp7ucbsb,0.30158730158730157,0.5901875901875901,0.10822510822510824
0.05285714285714286,0.19,0.0,0.18142857142857144,0.42857142857142855,0.14285714285714285,1989-06-05T01:39:27Z,ls5,qd9vcp7ucbsb,0.18326118326118324,0.19191919191919188,0.05339105339105339
0.08857142857142856,0.2785714285714285,0.0,0.1985714285714286,0.14285714285714285,0.2857142857142857,1989-06-21T01:39:02Z,ls5,qd9vcp7ucbsb,0.20057720057720066,0.2813852813852814,0.08946608946608949
,,1.0,,,,1989-07-23T01:38:27Z,ls5,qd9vcp7ucbsb,,,
0.047142857142857146,0.22285714285714286,0.0,0.15285714285714286,0.42857142857142855,0.14285714285714285,1989-08-08T01:38:07Z,ls5,qd9vcp7ucbsb,0.1549227799227799,0.22586872586872583,0.047779922779922775
0.0,0.6925,0.4285714285714286,0.3075,0.0,0.0,1989-09-09T01:37:22Z,ls5,qd9vcp7ucbsb,0.3075,0.6925,0.0
0.014285714285714285,0.6685714285714287,0.0,0.3071428571428571,0.0,0.0,1989-09-25T01:36:58Z,ls5,qd9vcp7ucbsb,0.3102453102453102,0.6753246753246754,0.01443001443001443
,,1.0,,,,1989-10-11T01:36:37Z,ls5,qd9vcp7ucbsb,,,
,,1.0,,,,1989-11-12T01:35:35Z,ls5,qd9vcp7ucbsb,,,
0.028571428571428574,0.7428571428571429,0.0,0.21714285714285714,0.0,0.0,1989-12-14T01:34:45Z,ls5,qd9vcp7ucbsb,0.21965317919075145,0.7514450867052024,0.028901734104046246
,,1.0,,,,1990-01-15T01:33:44Z,ls5,qd9vcp7ucbsb,,,
0.07571428571428572,0.20142857142857146,0.0,0.14714285714285716,0.2857142857142857,0.2857142857142857,1990-01-31T01:33:14Z,ls5,qd9vcp7ucbsb,0.14862914862914864,0.20346320346320346,0.07647907647907647
,,1.0,,,,1990-02-16T01:32:42Z,ls5,qd9vcp7ucbsb,,,
0.012857142857142859,0.6357142857142858,0.0,0.34142857142857147,0.0,0.0,1990-04-05T01:31:16Z,ls5,qd9vcp7ucbsb,0.34487734487734484,0.6421356421356421,0.012987012987012986
0.0071428571428571435,0.65,0.0,0.3371428571428572,0.0,0.0,1990-04-21T01:31:29Z,ls5,qd9vcp7ucbsb,0.339080459770115,0.6537356321839081,0.007183908045977012
0.03,0.66,0.0,0.30428571428571427,0.0,0.0,1990-05-07T01:31:25Z,ls5,qd9vcp7ucbsb,0.30603448275862066,0.6637931034482759,0.030172413793103446
0.01,0.6657142857142858,0.0,0.3171428571428571,0.0,0.0,1990-05-23T01:31:27Z,ls5,qd9vcp7ucbsb,0.3194244604316546,0.6705035971223022,0.010071942446043165
,,1.0,,,,1990-06-08T01:31:25Z,ls5,qd9vcp7ucbsb,,,
0.06571428571428571,0.6128571428571429,0.0,0.3071428571428571,0.0,0.0,1990-06-24T01:31:24Z,ls5,qd9vcp7ucbsb,0.3115942028985507,0.6217391304347827,0.06666666666666667
0.07285714285714286,0.3228571428571429,0.0,0.17142857142857143,0.14285714285714285,0.2857142857142857,1990-07-10T01:31:22Z,ls5,qd9vcp7ucbsb,0.1727240014393667,0.325296869377474,0.07340770061173085
0.06285714285714285,0.18857142857142858,0.0,0.16999999999999998,0.42857142857142855,0.14285714285714285,1990-07-26T01:31:18Z,ls5,qd9vcp7ucbsb,0.17288135593220338,0.19176755447941893,0.06392251815980629
,,1.0,,,,1990-08-11T01:31:13Z,ls5,qd9vcp7ucbsb,,,
0.05857142857142857,0.6157142857142858,0.0,0.3157142857142857,0.0,0.0,1990-08-27T01:31:08Z,ls5,qd9vcp7ucbsb,0.31890331890331886,0.6219336219336219,0.05916305916305916
0.03428571428571429,0.6542857142857141,0.0,0.29857142857142854,0.0,0.0,1990-09-12T01:31:05Z,ls5,qd9vcp7ucbsb,0.30246020260492046,0.662807525325615,0.034732272069464554
0.032857142857142856,0.6628571428571428,0.0,0.30142857142857143,0.0,0.0,1990-09-28T01:30:56Z,ls5,qd9vcp7ucbsb,0.30229226361031525,0.664756446991404,0.032951289398280806
0.002857142857142857,0.7028571428571428,0.0,0.2885714285714286,0.0,0.0,1990-10-30T01:30:41Z,ls5,qd9vcp7ucbsb,0.29022988505747127,0.7068965517241379,0.0028735632183908046
0.024285714285714282,0.7442857142857143,0.0,0.22571428571428573,0.0,0.0,1990-11-15T01:30:43Z,ls5,qd9vcp7ucbsb,0.22701149425287356,0.7485632183908046,0.024425287356321834
0.06,0.7028571428571428,0.0,0.22714285714285715,0.0,0.0,1990-12-17T01:30:41Z,ls5,qd9vcp7ucbsb,0.22943722943722944,0.70995670995671,0.06060606060606061
0.06,0.7371428571428572,0.0,0.19428571428571426,0.0,0.0,1991-01-02T01:31:07Z,ls5,qd9vcp7ucbsb,0.1959654178674351,0.7435158501440922,0.060518731988472615
0.025714285714285714,0.7314285714285714,0.0,0.23285714285714287,0.0,0.0,1991-01-18T01:31:34Z,ls5,qd9vcp7ucbsb,0.23520923520923523,0.7388167388167388,0.025974025974025972
,,1.0,,,,1991-02-03T01:31:46Z,ls5,qd9vcp7ucbsb,,,
0.11,0.6471428571428571,0.0,0.2285714285714286,0.0,0.0,1991-02-19T01:32:08Z,ls5,qd9vcp7ucbsb,0.23188405797101452,0.6565217391304348,0.11159420289855074
0.07428571428571429,0.6671428571428573,0.0,0.25,0.0,0.0,1991-03-07T01:32:25Z,ls5,qd9vcp7ucbsb,0.2521613832853026,0.6729106628242075,0.07492795389048991
,,1.0,,,,1991-03-23T01:32:48Z,ls5,qd9vcp7ucbsb,,,
0.0014285714285714286,0.6971428571428572,0.0,0.2914285714285714,0.0,0.0,1991-04-08T01:33:01Z,ls5,qd9vcp7ucbsb,0.29437229437229434,0.7041847041847041,0.0014430014430014428
0.03571428571428571,0.6471428571428571,0.0,0.31,0.0,0.0,1991-04-24T01:33:16Z,ls5,qd9vcp7ucbsb,0.3122302158273382,0.6517985611510791,0.03597122302158273
0.0,0.0,0.0,0.0,0.8571428571428571,0.14285714285714285,1991-05-10T01:33:35Z,ls5,qd9vcp7ucbsb,0.0,0.0,0.0
0.02857142857142857,0.6685714285714287,0.0,0.2942857142857143,0.0,0.0,1991-05-26T01:33:52Z,ls5,qd9vcp7ucbsb,0.2968299711815562,0.6743515850144092,0.028818443804034574
,,1.0,,,,1991-06-27T01:34:18Z,ls5,qd9vcp7ucbsb,,,
0.08714285714285716,0.1757142857142857,0.0,0.16285714285714287,0.42857142857142855,0.14285714285714285,1991-07-13T01:34:28Z,ls5,qd9vcp7ucbsb,0.16395014381591563,0.1768935762224353,0.08772770853307767
0.030000000000000002,0.14857142857142858,0.0,0.10428571428571429,0.42857142857142855,0.2857142857142857,1991-08-14T01:34:45Z,ls5,qd9vcp7ucbsb,0.10533910533910532,0.15007215007215005,0.030303030303030297
0.06857142857142857,0.647142857142857,0.0,0.27714285714285714,0.0,0.0,1991-08-30T01:34:54Z,ls5,qd9vcp7ucbsb,0.27913669064748203,0.651798561151079,0.06906474820143886
,,1.0,,,,1991-09-15T01:35:08Z,ls5,qd9vcp7ucbsb,,,
0.005714285714285714,0.7128571428571429,0.0,0.2771428571428572,0.0,0.0,1991-10-01T01:35:13Z,ls5,qd9vcp7ucbsb,0.27833572453371597,0.7159253945480631,0.005738880918220947
0.05714285714285714,0.7185714285714285,0.0,0.21571428571428572,0.0,0.0,1991-10-17T01:35:24Z,ls5,qd9vcp7ucbsb,0.2175792507204611,0.7247838616714697,0.05763688760806916
0.005714285714285714,0.75,0.0,0.24000000000000002,0.0,0.0,1991-11-02T01:35:23Z,ls5,qd9vcp7ucbsb,0.2410329985652798,0.7532281205164993,0.005738880918220947
0.014285714285714287,0.7614285714285715,0.0,0.21714285714285714,0.0,0.0,1991-11-18T01:35:27Z,ls5,qd9vcp7ucbsb,0.218705035971223,0.7669064748201438,0.014388489208633094
,,1.0,,,,1991-12-04T01:35:41Z,ls5,qd9vcp7ucbsb,,,
0.11166666666666665,0.6633333333333333,0.1428571428571429,0.21666666666666667,0.0,0.0,1991-12-20T01:35:33Z,ls5,qd9vcp7ucbsb,0.2184873949579832,0.66890756302521,0.1126050420168067
,,1.0,,,,1992-01-05T01:35:30Z,ls5,qd9vcp7ucbsb,,,
0.045714285714285714,0.7385714285714285,0.0,0.21,0.0,0.0,1992-01-21T01:35:30Z,ls5,qd9vcp7ucbsb,0.21120689655172414,0.742816091954023,0.04597701149425288
0.037142857142857144,0.6957142857142856,0.0,0.2557142857142857,0.0,0.0,1992-02-22T01:35:25Z,ls5,qd9vcp7ucbsb,0.2586705202312139,0.703757225433526,0.037572254335260125
0.025714285714285714,0.7528571428571428,0.0,0.21714285714285714,0.0,0.0,1992-03-09T01:35:25Z,ls5,qd9vcp7ucbsb,0.21807747489239598,0.7560975609756098,0.02582496413199426
0.027142857142857142,0.6885714285714286,0.0,0.28,0.0,0.0,1992-04-10T01:35:13Z,ls5,qd9vcp7ucbsb,0.2812051649928264,0.6915351506456241,0.027259684361549495
,,1.0,,,,1992-04-26T01:35:05Z,ls5,qd9vcp7ucbsb,,,
0.005714285714285714,0.7085714285714285,0.0,0.2771428571428572,0.0,0.0,1992-05-12T01:34:58Z,ls5,qd9vcp7ucbsb,0.27953890489913547,0.7146974063400576,0.005763688760806916
0.017142857142857144,0.7214285714285714,0.0,0.25285714285714284,0.0,0.0,1992-05-28T01:34:49Z,ls5,qd9vcp7ucbsb,0.25504322766570603,0.7276657060518733,0.01729106628242075
,,1.0,,,,1992-06-13T01:34:38Z,ls5,qd9vcp7ucbsb,,,
,,1.0,,,,1992-06-29T01:34:27Z,ls5,qd9vcp7ucbsb,,,
0.06857142857142857,0.6314285714285715,0.0,0.2942857142857143,0.0,0.0,1992-07-15T01:34:15Z,ls5,qd9vcp7ucbsb,0.2959770114942529,0.6350574712643678,0.06896551724137931
0.08,0.6242857142857142,0.0,0.2871428571428571,0.0,0.0,1992-07-31T01:34:02Z,ls5,qd9vcp7ucbsb,0.2896253602305476,0.6296829971181557,0.08069164265129684
,,1.0,,,,1992-08-07T01:40:07Z,ls5,qd9vcp7ucbsb,,,
,,1.0,,,,1992-09-01T01:33:32Z,ls5,qd9vcp7ucbsb,,,
0.03142857142857143,0.6471428571428571,0.0,0.31285714285714283,0.0,0.0,1992-09-17T01:33:18Z,ls5,qd9vcp7ucbsb,0.31556195965417866,0.6527377521613833,0.03170028818443804
,,1.0,,,,1992-09-24T01:39:21Z,ls5,qd9vcp7ucbsb,,,
0.005714285714285714,0.19428571428571426,0.0,0.0842857142857143,0.42857142857142855,0.2857142857142857,1992-10-03T01:32:56Z,ls5,qd9vcp7ucbsb,0.08470926058865758,0.195262024407753,0.005743000717875088
0.042857142857142864,0.6642857142857144,0.0,0.2842857142857143,0.0,0.0,1992-10-19T01:32:43Z,ls5,qd9vcp7ucbsb,0.2867435158501441,0.6700288184438041,0.04322766570605188
0.08285714285714287,0.6842857142857143,0.0,0.22142857142857145,0.0,0.0,1992-12-06T01:32:27Z,ls5,qd9vcp7ucbsb,0.2239884393063584,0.6921965317919075,0.08381502890173412
0.16714285714285712,0.6214285714285713,0.0,0.2,0.0,0.0,1993-01-07T01:32:47Z,ls5,qd9vcp7ucbsb,0.2023121387283237,0.6286127167630057,0.1690751445086705
0.11,0.6728571428571428,0.0,0.2085714285714286,0.0,0.0,1993-01-23T01:32:58Z,ls5,qd9vcp7ucbsb,0.21037463976945248,0.6786743515850143,0.11095100864553314
,,1.0,,,,1993-01-30T01:39:13Z,ls5,qd9vcp7ucbsb,,,
,,1.0,,,,1993-02-08T01:33:09Z,ls5,qd9vcp7ucbsb,,,
0.10714285714285716,0.6571428571428571,0.0,0.22571428571428573,0.0,0.0,1993-02-24T01:33:12Z,ls5,qd9vcp7ucbsb,0.22799422799422797,0.6637806637806637,0.10822510822510824
,,1.0,,,,1993-03-03T01:39:29Z,ls5,qd9vcp7ucbsb,,,
0.008571428571428572,0.6871428571428572,0.0,0.29714285714285715,0.0,0.0,1993-03-12T01:33:24Z,ls5,qd9vcp7ucbsb,0.2992805755395683,0.6920863309352518,0.008633093525179856
0.1285714285714286,0.6114285714285714,0.0,0.2485714285714286,0.0,0.0,1993-04-13T01:33:33Z,ls5,qd9vcp7ucbsb,0.2514450867052023,0.6184971098265896,0.13005780346820808
,,1.0,,,,1993-04-29T01:33:40Z,ls5,qd9vcp7ucbsb,,,
,,1.0,,,,1993-05-15T01:33:43Z,ls5,qd9vcp7ucbsb,,,
0.055714285714285716,0.39714285714285713,0.0,0.2542857142857143,0.14285714285714285,0.14285714285714285,1993-05-31T01:33:47Z,ls5,qd9vcp7ucbsb,0.2568542568542569,0.4011544011544012,0.05627705627705628
0.07,0.40714285714285714,0.0,0.23285714285714285,0.0,0.2857142857142857,1993-07-02T01:33:37Z,ls5,qd9vcp7ucbsb,0.2342627191721759,0.4096004599022708,0.07042253521126761
0.1,0.5528571428571428,0.0,0.3385714285714286,0.0,0.0,1993-07-18T01:33:38Z,ls5,qd9vcp7ucbsb,0.3414985590778098,0.5576368876080692,0.10086455331412104
0.1457142857142857,0.21571428571428572,0.0,0.20142857142857146,0.2857142857142857,0.14285714285714285,1993-08-03T01:33:37Z,ls5,qd9vcp7ucbsb,0.2044960116026106,0.2189992748368383,0.14793328498912253
0.11142857142857143,0.4685714285714286,0.0,0.27,0.0,0.14285714285714285,1993-08-19T01:33:37Z,ls5,qd9vcp7ucbsb,0.27226890756302524,0.47250900360144055,0.11236494597839135
,,1.0,,,,1993-09-04T01:33:36Z,ls5,qd9vcp7ucbsb,,,
0.02428571428571429,0.6771428571428572,0.0,0.2885714285714286,0.0,0.0,1993-09-20T01:33:34Z,ls5,qd9vcp7ucbsb,0.2914862914862915,0.683982683982684,0.024531024531024535
0.0,0.62,0.8571428571428572,0.38,0.0,0.0,1993-10-06T01:33:30Z,ls5,qd9vcp7ucbsb,0.38,0.62,0.0
0.047142857142857146,0.7442857142857144,0.0,0.20571428571428574,0.0,0.0,1993-10-22T01:33:22Z,ls5,qd9vcp7ucbsb,0.20630372492836674,0.7464183381088826,0.04727793696275071
0.0175,0.7324999999999999,0.4285714285714286,0.245,0.0,0.0,1993-11-07T01:33:16Z,ls5,qd9vcp7ucbsb,0.24623115577889448,0.7361809045226131,0.017587939698492466
0.04428571428571428,0.7428571428571429,0.0,0.20142857142857146,0.0,0.0,1993-11-23T01:33:08Z,ls5,qd9vcp7ucbsb,0.20375722543352603,0.7514450867052023,0.04479768786127167
0.08857142857142859,0.6985714285714285,0.0,0.20142857142857146,0.0,0.0,1993-12-09T01:33:05Z,ls5,qd9vcp7ucbsb,0.20375722543352603,0.7066473988439306,0.08959537572254338
0.049999999999999996,0.7342857142857142,0.0,0.20428571428571432,0.0,0.0,1993-12-25T01:32:56Z,ls5,qd9vcp7ucbsb,0.20664739884393069,0.7427745664739884,0.05057803468208092
,,1.0,,,,1994-01-10T01:32:43Z,ls5,qd9vcp7ucbsb,,,
0.055714285714285716,0.7499999999999999,0.0,0.18714285714285714,0.0,0.0,1994-01-26T01:32:30Z,ls5,qd9vcp7ucbsb,0.18848920863309354,0.7553956834532374,0.05611510791366907
0.049999999999999996,0.7228571428571428,0.0,0.21714285714285714,0.0,0.0,1994-02-27T01:32:05Z,ls5,qd9vcp7ucbsb,0.21933621933621933,0.73015873015873,0.050505050505050504
,,1.0,,,,1994-03-06T01:38:10Z,ls5,qd9vcp7ucbsb,,,
0.06571428571428571,0.6900000000000001,0.0,0.23142857142857146,0.0,0.0,1994-03-15T01:31:51Z,ls5,qd9vcp7ucbsb,0.2344428364688857,0.6989869753979739,0.06657018813314036
,,1.0,,,,1994-03-22T01:37:55Z,ls5,qd9vcp7ucbsb,,,
0.07571428571428572,0.6628571428571429,0.0,0.25142857142857145,0.0,0.0,1994-03-31T01:31:35Z,ls5,qd9vcp7ucbsb,0.25396825396825395,0.6695526695526696,0.07647907647907648
0.037142857142857144,0.6757142857142858,0.0,0.2785714285714285,0.0,0.0,1994-05-02T01:31:01Z,ls5,qd9vcp7ucbsb,0.2809798270893371,0.6815561959654179,0.037463976945244955
0.037142857142857144,0.14285714285714285,0.0,0.10285714285714286,0.5714285714285714,0.14285714285714285,1994-06-03T01:30:25Z,ls5,qd9vcp7ucbsb,0.10389610389610392,0.1443001443001443,0.03751803751803753
0.07285714285714286,0.17285714285714285,0.0,0.17714285714285713,0.2857142857142857,0.2857142857142857,1994-07-05T01:29:39Z,ls5,qd9vcp7ucbsb,0.17953667953667954,0.1751930501930502,0.07384169884169886
0.08,0.19285714285714287,0.0,0.15,0.5714285714285714,0.0,1994-07-21T01:29:13Z,ls5,qd9vcp7ucbsb,0.15202702702702703,0.1954633204633205,0.08108108108108109
0.07857142857142858,0.59,0.0,0.3228571428571429,0.0,0.0,1994-08-22T01:28:24Z,ls5,qd9vcp7ucbsb,0.32564841498559083,0.5951008645533141,0.07925072046109512
0.08142857142857143,0.6428571428571429,0.0,0.27142857142857146,0.0,0.0,1994-09-07T01:28:00Z,ls5,qd9vcp7ucbsb,0.272596843615495,0.6456241032998565,0.08177905308464849
0.02142857142857143,0.7114285714285715,0.0,0.25857142857142856,0.0,0.0,1994-09-23T01:27:35Z,ls5,qd9vcp7ucbsb,0.26080691642651294,0.7175792507204611,0.021613832853025934
,,1.0,,,,1994-10-25T01:26:34Z,ls5,qd9vcp7ucbsb,,,
0.06999999999999999,0.7028571428571428,0.0,0.22,0.0,0.0,1994-11-10T01:26:00Z,ls5,qd9vcp7ucbsb,0.22158273381294966,0.7079136690647483,0.07050359712230216
,,1.0,,,,1994-11-26T01:25:28Z,ls5,qd9vcp7ucbsb,,,
,,1.0,,,,1994-12-12T01:25:00Z,ls5,qd9vcp7ucbsb,,,
0.18857142857142856,0.6014285714285713,0.0,0.20142857142857146,0.0,0.0,1994-12-28T01:24:28Z,ls5,qd9vcp7ucbsb,0.20317002881844384,0.6066282420749279,0.19020172910662825
0.0,0.0,0.0,0.0,0.2857142857142857,0.7142857142857143,1995-01-13T01:23:54Z,ls5,qd9vcp7ucbsb,0.0,0.0,0.0
,,1.0,,,,1995-01-29T01:23:17Z,ls5,qd9vcp7ucbsb,,,
,,1.0,,,,1995-03-09T01:27:54Z,ls5,qd9vcp7ucbsb,,,
0.11857142857142856,0.6314285714285716,0.0,0.2385714285714286,0.0,0.0,1995-03-18T01:21:20Z,ls5,qd9vcp7ucbsb,0.24132947976878613,0.638728323699422,0.11994219653179189
0.037142857142857144,0.6557142857142857,0.0,0.3,0.0,0.0,1995-04-19T01:20:02Z,ls5,qd9vcp7ucbsb,0.302158273381295,0.660431654676259,0.03741007194244604
,,1.0,,,,1995-04-26T01:25:54Z,ls5,qd9vcp7ucbsb,,,
0.022857142857142857,0.6485714285714286,0.0,0.32142857142857145,0.0,0.0,1995-05-05T01:19:19Z,ls5,qd9vcp7ucbsb,0.32374100719424465,0.6532374100719425,0.02302158273381295
,,1.0,,,,1995-05-12T01:25:11Z,ls5,qd9vcp7ucbsb,,,
,,1.0,,,,1995-05-21T01:18:36Z,ls5,qd9vcp7ucbsb,,,
,,1.0,,,,1995-06-13T01:23:42Z,ls5,qd9vcp7ucbsb,,,
0.0,0.0,0.5714285714285714,0.0,0.0,1.0,1995-07-24T01:15:40Z,ls5,qd9vcp7ucbsb,0.0,0.0,0.0
0.48857142857142855,0.18714285714285714,0.0,0.31714285714285717,0.0,0.0,1995-08-25T01:14:13Z,ls5,qd9vcp7ucbsb,0.3194244604316547,0.1884892086330935,0.4920863309352518
0.06571428571428571,0.21,0.0,0.14714285714285716,0.5714285714285714,0.0,1995-09-10T01:13:27Z,ls5,qd9vcp7ucbsb,0.14913127413127414,0.21283783783783786,0.06660231660231661
,,1.0,,,,1995-10-19T01:17:35Z,ls5,qd9vcp7ucbsb,,,
0.022857142857142857,0.6485714285714285,0.0,0.32142857142857145,0.0,0.0,1995-12-15T01:12:16Z,ls5,qd9vcp7ucbsb,0.32374100719424465,0.6532374100719424,0.02302158273381295
0.09428571428571429,0.6442857142857142,0.0,0.2528571428571429,0.0,0.0,1996-01-16T01:14:35Z,ls5,qd9vcp7ucbsb,0.2550432276657061,0.6498559077809798,0.09510086455331412
0.025714285714285714,0.6657142857142857,0.0,0.29714285714285715,0.0,0.0,1996-02-17T01:16:48Z,ls5,qd9vcp7ucbsb,0.30057803468208094,0.6734104046242775,0.02601156069364162
0.032857142857142856,0.6557142857142857,0.0,0.3028571428571429,0.0,0.0,1996-03-04T01:17:52Z,ls5,qd9vcp7ucbsb,0.3054755043227666,0.6613832853025936,0.03314121037463977
0.14285714285714285,0.5714285714285714,0.0,0.27714285714285714,0.0,0.0,1996-03-20T01:18:54Z,ls5,qd9vcp7ucbsb,0.27953890489913547,0.5763688760806917,0.1440922190201729
0.05285714285714286,0.5842857142857143,0.0,0.3514285714285714,0.0,0.0,1996-04-21T01:20:54Z,ls5,qd9vcp7ucbsb,0.3554913294797688,0.5910404624277457,0.05346820809248555
,,1.0,,,,1996-05-07T01:21:51Z,ls5,qd9vcp7ucbsb,,,
0.08714285714285716,0.5485714285714286,0.0,0.34857142857142864,0.0,0.0,1996-05-23T01:22:46Z,ls5,qd9vcp7ucbsb,0.35413642960812775,0.5573294629898403,0.08853410740203194
0.0,0.0,0.4285714285714286,0.0,0.75,0.25,1996-06-24T01:24:31Z,ls5,qd9vcp7ucbsb,0.0,0.0,0.0
0.09714285714285716,0.16,0.0,0.16571428571428573,0.42857142857142855,0.14285714285714285,1996-07-10T01:25:20Z,ls5,qd9vcp7ucbsb,0.16795366795366795,0.16216216216216214,0.09845559845559845
0.025714285714285714,0.14857142857142858,0.0,0.10571428571428572,0.5714285714285714,0.14285714285714285,1996-07-26T01:26:12Z,ls5,qd9vcp7ucbsb,0.1078717201166181,0.1516034985422741,0.02623906705539359
,,1.0,,,,1996-08-27T01:27:54Z,ls5,qd9vcp7ucbsb,,,
,,1.0,,,,1996-09-12T01:28:47Z,ls5,qd9vcp7ucbsb,,,
0.0014285714285714286,0.6657142857142857,0.0,0.32571428571428573,0.0,0.0,1996-10-14T01:30:29Z,ls5,qd9vcp7ucbsb,0.32805755395683456,0.6705035971223021,0.0014388489208633094
,,1.0,,,,1996-10-30T01:31:16Z,ls5,qd9vcp7ucbsb,,,
,,1.0,,,,1996-11-15T01:32:01Z,ls5,qd9vcp7ucbsb,,,
,,1.0,,,,1996-12-01T01:32:47Z,ls5,qd9vcp7ucbsb,,,
0.05142857142857143,0.6714285714285715,0.0,0.26999999999999996,0.0,0.0,1996-12-17T01:33:32Z,ls5,qd9vcp7ucbsb,0.2719424460431654,0.6762589928057554,0.051798561151079135
0.054285714285714284,0.692857142857143,0.0,0.24571428571428575,0.0,0.0,1997-01-02T01:34:18Z,ls5,qd9vcp7ucbsb,0.2474820143884892,0.697841726618705,0.054676258992805746
0.06999999999999999,0.6728571428571429,0.0,0.2485714285714286,0.0,0.0,1997-01-18T01:35:03Z,ls5,qd9vcp7ucbsb,0.2507204610951009,0.6786743515850144,0.07060518731988472
0.0014285714285714286,0.7285714285714286,0.0,0.2642857142857143,0.0,0.0,1997-02-03T01:35:46Z,ls5,qd9vcp7ucbsb,0.2658045977011494,0.7327586206896552,0.0014367816091954023
0.024285714285714282,0.6785714285714286,0.0,0.2885714285714286,0.0,0.0,1997-03-07T01:37:06Z,ls5,qd9vcp7ucbsb,0.2910662824207493,0.6844380403458213,0.02449567723342939
0.04,0.6499999999999998,0.0,0.3014285714285715,0.0,0.0,1997-03-23T01:37:42Z,ls5,qd9vcp7ucbsb,0.30403458213256496,0.6556195965417866,0.04034582132564842
0.018571428571428572,0.6185714285714285,0.0,0.35428571428571426,0.0,0.0,1997-04-08T01:38:18Z,ls5,qd9vcp7ucbsb,0.3573487031700288,0.6239193083573487,0.018731988472622477
0.015714285714285715,0.6542857142857142,0.0,0.32142857142857145,0.0,0.0,1997-04-24T01:38:52Z,ls5,qd9vcp7ucbsb,0.3242074927953891,0.6599423631123918,0.01585014409221902
,,1.0,,,,1997-05-10T01:39:25Z,ls5,qd9vcp7ucbsb,,,
,,1.0,,,,1997-05-26T01:39:59Z,ls5,qd9vcp7ucbsb,,,
0.07142857142857142,0.10857142857142857,0.0,0.10142857142857142,0.42857142857142855,0.2857142857142857,1997-07-29T01:42:10Z,ls5,qd9vcp7ucbsb,0.10297316896301667,0.11022480058013052,0.0725163161711385
0.030000000000000002,0.2342857142857143,0.0,0.16,0.2857142857142857,0.2857142857142857,1997-08-14T01:42:41Z,ls5,qd9vcp7ucbsb,0.1616161616161616,0.23665223665223664,0.030303030303030304
0.02142857142857143,0.6271428571428571,0.0,0.3442857142857143,0.0,0.0,1997-08-30T01:43:11Z,ls5,qd9vcp7ucbsb,0.3467625899280576,0.6316546762589927,0.02158273381294964
0.07428571428571429,0.47285714285714286,0.0,0.3028571428571429,0.0,0.14285714285714285,1997-09-15T01:43:38Z,ls5,qd9vcp7ucbsb,0.3054021608643458,0.4768307322929171,0.07490996398559424
0.054285714285714284,0.6842857142857143,0.0,0.25000000000000006,0.0,0.0,1997-10-17T01:44:31Z,ls5,qd9vcp7ucbsb,0.25289017341040465,0.6921965317919074,0.054913294797687855
0.055714285714285716,0.6914285714285714,0.0,0.24285714285714288,0.0,0.0,1997-11-02T01:44:57Z,ls5,qd9vcp7ucbsb,0.24531024531024534,0.6984126984126984,0.05627705627705628
0.2333333333333333,0.5133333333333333,0.5714285714285714,0.25,0.0,0.0,1997-12-20T01:46:07Z,ls5,qd9vcp7ucbsb,0.2508361204013378,0.5150501672240803,0.23411371237458192
0.06857142857142857,0.6757142857142858,0.0,0.24285714285714288,0.0,0.0,1998-01-05T01:46:30Z,ls5,qd9vcp7ucbsb,0.2460202604920405,0.6845151953690304,0.06946454413892908
,,1.0,,,,1998-01-21T01:46:50Z,ls5,qd9vcp7ucbsb,,,
0.11142857142857142,0.6285714285714287,0.0,0.25000000000000006,0.0,0.0,1998-02-06T01:47:11Z,ls5,qd9vcp7ucbsb,0.25252525252525254,0.6349206349206349,0.11255411255411252
0.06999999999999999,0.6528571428571429,0.0,0.26857142857142857,0.0,0.0,1998-02-22T01:47:29Z,ls5,qd9vcp7ucbsb,0.27089337175792505,0.6585014409221902,0.07060518731988472
0.07285714285714286,0.6157142857142858,0.0,0.3,0.0,0.0,1998-03-26T01:47:59Z,ls5,qd9vcp7ucbsb,0.30346820809248554,0.6228323699421966,0.07369942196531792
0.030000000000000002,0.6471428571428571,0.0,0.31714285714285717,0.0,0.0,1998-04-11T01:48:10Z,ls5,qd9vcp7ucbsb,0.31896551724137934,0.6508620689655172,0.03017241379310345
,,1.0,,,,1998-05-13T01:48:38Z,ls5,qd9vcp7ucbsb,,,
,,1.0,,,,1998-05-29T01:48:54Z,ls5,qd9vcp7ucbsb,,,
0.07571428571428572,0.17142857142857143,0.0,0.1757142857142857,0.2857142857142857,0.2857142857142857,1998-07-16T01:49:29Z,ls5,qd9vcp7ucbsb,0.1780888030888031,0.17374517374517373,0.07673745173745175
,,1.0,,,,1998-08-01T01:49:35Z,ls5,qd9vcp7ucbsb,,,
0.04,0.14714285714285716,0.0,0.09571428571428572,0.2857142857142857,0.42857142857142855,1998-08-17T01:49:43Z,ls5,qd9vcp7ucbsb,0.0966810966810967,0.14862914862914867,0.04040404040404041
,,1.0,,,,1998-09-02T01:49:54Z,ls5,qd9vcp7ucbsb,,,
,,1.0,,,,1998-09-18T01:50:01Z,ls5,qd9vcp7ucbsb,,,
0.015714285714285715,0.6528571428571429,0.0,0.32571428571428573,0.0,0.0,1998-10-20T01:50:04Z,ls5,qd9vcp7ucbsb,0.3275862068965517,0.6566091954022989,0.015804597701149427
0.05,0.58,0.8571428571428572,0.36,0.0,0.0,1998-11-05T01:50:09Z,ls5,qd9vcp7ucbsb,0.36363636363636365,0.5858585858585859,0.05050505050505051
0.037142857142857144,0.6571428571428573,0.0,0.3014285714285715,0.0,0.0,1998-12-07T01:50:12Z,ls5,qd9vcp7ucbsb,0.30272596843615496,0.6599713055954088,0.03730272596843615
,,1.0,,,,1998-12-23T01:50:17Z,ls5,qd9vcp7ucbsb,,,
0.022857142857142857,0.7299999999999999,0.0,0.24000000000000002,0.0,0.0,1999-01-08T01:50:17Z,ls5,qd9vcp7ucbsb,0.241726618705036,0.735251798561151,0.02302158273381295
0.06285714285714286,0.6728571428571428,0.0,0.2542857142857143,0.0,0.0,1999-02-09T01:50:25Z,ls5,qd9vcp7ucbsb,0.2568542568542569,0.6796536796536797,0.0634920634920635
0.027142857142857142,0.7185714285714286,0.0,0.24285714285714288,0.0,0.0,1999-02-25T01:50:28Z,ls5,qd9vcp7ucbsb,0.24566473988439308,0.726878612716763,0.027456647398843927
,,1.0,,,,1999-03-13T01:50:17Z,ls5,qd9vcp7ucbsb,,,
0.07714285714285714,0.1742857142857143,0.0,0.17142857142857146,0.5714285714285714,0.0,1999-03-29T01:49:59Z,ls5,qd9vcp7ucbsb,0.1737451737451738,0.17664092664092665,0.07818532818532818
0.06571428571428571,0.19999999999999998,0.0,0.15857142857142856,0.42857142857142855,0.14285714285714285,1999-04-14T01:49:58Z,ls5,qd9vcp7ucbsb,0.16017316017316016,0.202020202020202,0.06637806637806637
,,1.0,,,,1999-04-21T01:56:09Z,ls5,qd9vcp7ucbsb,,,
0.05857142857142857,0.5457142857142857,0.0,0.3814285714285714,0.0,0.0,1999-04-30T01:49:56Z,ls5,qd9vcp7ucbsb,0.3869565217391304,0.5536231884057972,0.05942028985507247
0.09571428571428571,0.1757142857142857,0.0,0.15142857142857144,0.2857142857142857,0.2857142857142857,1999-05-16T01:49:42Z,ls5,qd9vcp7ucbsb,0.1534749034749035,0.1780888030888031,0.09700772200772201
0.08857142857142856,0.2542857142857143,0.0,0.21857142857142858,0.2857142857142857,0.14285714285714285,1999-06-01T01:49:20Z,ls5,qd9vcp7ucbsb,0.22246455834242096,0.2588149763722283,0.0901490367139222
0.07142857142857142,0.1842857142857143,0.0,0.16571428571428573,0.14285714285714285,0.42857142857142855,1999-06-17T01:49:11Z,ls5,qd9vcp7ucbsb,0.16852300242130752,0.18740920096852304,0.07263922518159806
0.16999999999999998,0.26142857142857145,0.0,0.2728571428571428,0.0,0.2857142857142857,1999-07-02T02:10:08Z,ls7,qd9vcp7ucbsb,0.27673138220805565,0.26514053897421047,0.1724137931034483
0.20857142857142857,0.25999999999999995,0.0,0.22999999999999998,0.0,0.2857142857142857,1999-07-03T01:49:02Z,ls5,qd9vcp7ucbsb,0.23517382413087937,0.2658486707566462,0.21326321939818876
,,1.0,,,,1999-07-19T01:48:58Z,ls5,qd9vcp7ucbsb,,,
0.028571428571428574,0.05714285714285715,0.0,0.054285714285714284,0.14285714285714285,0.7142857142857143,1999-07-27T02:04:05Z,ls7,qd9vcp7ucbsb,0.055393586005830914,0.058309037900874654,0.029154518950437327
0.09857142857142856,0.09285714285714286,0.0,0.09142857142857143,0.14285714285714285,0.5714285714285714,1999-08-04T01:48:57Z,ls5,qd9vcp7ucbsb,0.09235209235209241,0.09379509379509385,0.09956709956709961
0.03571428571428571,0.05285714285714286,0.0,0.05142857142857143,0.42857142857142855,0.42857142857142855,1999-08-12T02:04:08Z,ls7,qd9vcp7ucbsb,0.05247813411078717,0.05393586005830903,0.036443148688046635
0.09142857142857143,0.08857142857142856,0.0,0.09999999999999999,0.2857142857142857,0.42857142857142855,1999-08-19T02:10:15Z,ls7,qd9vcp7ucbsb,0.10204081632653063,0.0903790087463557,0.09329446064139944
0.045714285714285714,0.041428571428571426,0.0,0.05285714285714286,0.42857142857142855,0.42857142857142855,1999-08-20T01:48:45Z,ls5,qd9vcp7ucbsb,0.05393586005830904,0.04227405247813411,0.04664723032069971
,,1.0,,,,1999-09-04T02:10:21Z,ls7,qd9vcp7ucbsb,,,
0.045714285714285714,0.04285714285714286,0.0,0.05142857142857143,0.5714285714285714,0.2857142857142857,1999-09-05T01:48:17Z,ls5,qd9vcp7ucbsb,0.052478134110787195,0.043731778425655995,0.04664723032069973
,,1.0,,,,1999-09-13T02:04:05Z,ls7,qd9vcp7ucbsb,,,
0.028571428571428574,0.06,0.0,0.05285714285714286,0.5714285714285714,0.2857142857142857,1999-09-29T02:04:15Z,ls7,qd9vcp7ucbsb,0.05339105339105341,0.06060606060606062,0.028860028860028874
,,1.0,,,,1999-10-06T02:10:28Z,ls7,qd9vcp7ucbsb,,,
,,1.0,,,,1999-10-15T02:04:13Z,ls7,qd9vcp7ucbsb,,,
0.06857142857142857,0.11142857142857143,0.0,0.09999999999999999,0.7142857142857143,0.0,1999-10-22T02:10:15Z,ls7,qd9vcp7ucbsb,0.10204081632653061,0.11370262390670555,0.06997084548104958
,,1.0,,,,1999-10-23T01:47:44Z,ls5,qd9vcp7ucbsb,,,
,,1.0,,,,1999-10-30T01:53:43Z,ls5,qd9vcp7ucbsb,,,
,,1.0,,,,1999-11-07T02:10:19Z,ls7,qd9vcp7ucbsb,,,
0.011428571428571429,0.7428571428571429,0.0,0.23714285714285716,0.0,0.0,1999-11-24T01:46:37Z,ls5,qd9vcp7ucbsb,0.23919308357348704,0.7492795389048992,0.011527377521613832
0.012857142857142857,0.7642857142857143,0.0,0.21428571428571427,0.0,0.0,1999-12-02T02:04:02Z,ls7,qd9vcp7ucbsb,0.21613832853025933,0.770893371757925,0.01296829971181556
,,1.0,,,,1999-12-09T02:10:20Z,ls7,qd9vcp7ucbsb,,,
0.011428571428571429,0.7485714285714284,0.0,0.23285714285714287,0.0,0.0,1999-12-10T01:46:18Z,ls5,qd9vcp7ucbsb,0.23453237410071945,0.753956834532374,0.011510791366906475
,,1.0,,,,1999-12-25T02:10:16Z,ls7,qd9vcp7ucbsb,,,
0.015714285714285715,0.7300000000000001,0.0,0.2442857142857143,0.0,0.0,1999-12-26T01:46:20Z,ls5,qd9vcp7ucbsb,0.24675324675324675,0.7373737373737373,0.015873015873015872
0.005714285714285714,0.7528571428571429,0.0,0.2342857142857143,0.0,0.0,2000-01-03T02:04:03Z,ls7,qd9vcp7ucbsb,0.23597122302158274,0.758273381294964,0.0057553956834532375
,,1.0,,,,2000-01-10T02:10:16Z,ls7,qd9vcp7ucbsb,,,
0.002857142857142857,0.7371428571428572,0.0,0.25428571428571434,0.0,0.0,2000-01-19T02:04:00Z,ls7,qd9vcp7ucbsb,0.2557471264367816,0.7413793103448275,0.002873563218390804
0.04857142857142858,0.12285714285714286,0.0,0.10857142857142857,0.5714285714285714,0.14285714285714285,2000-01-26T02:10:13Z,ls7,qd9vcp7ucbsb,0.1107871720116618,0.12536443148688048,0.04956268221574345
0.0,0.7050000000000001,0.4285714285714286,0.2875,0.0,0.0,2000-02-04T02:04:01Z,ls7,qd9vcp7ucbsb,0.2896725440806045,0.7103274559193955,0.0
0.008571428571428572,0.7171428571428571,0.0,0.2671428571428572,0.0,0.0,2000-02-20T02:03:53Z,ls7,qd9vcp7ucbsb,0.2690647482014389,0.7223021582733813,0.008633093525179858
0.012857142857142857,0.7257142857142858,0.0,0.25428571428571434,0.0,0.0,2000-03-07T02:03:49Z,ls7,qd9vcp7ucbsb,0.2561151079136691,0.7309352517985611,0.012949640287769782
0.0,0.6671428571428571,0.0,0.32142857142857145,0.0,0.0,2000-03-14T02:09:59Z,ls7,qd9vcp7ucbsb,0.32514450867052025,0.6748554913294798,0.0
0.02,0.6457142857142858,0.0,0.3285714285714286,0.0,0.0,2000-03-23T02:03:51Z,ls7,qd9vcp7ucbsb,0.33045977011494254,0.6494252873563218,0.02011494252873563
0.017142857142857144,0.6542857142857142,0.0,0.3171428571428571,0.0,0.0,2000-04-08T02:03:39Z,ls7,qd9vcp7ucbsb,0.32080924855491333,0.661849710982659,0.017341040462427747
0.03142857142857143,0.6428571428571429,0.0,0.3157142857142857,0.0,0.0,2000-04-24T02:03:33Z,ls7,qd9vcp7ucbsb,0.31890331890331886,0.6493506493506493,0.031746031746031744
0.0,0.6571428571428571,0.0,0.33428571428571424,0.0,0.0,2000-05-17T02:09:31Z,ls7,qd9vcp7ucbsb,0.3371757925072046,0.6628242074927955,0.0
0.024285714285714282,0.6414285714285715,0.0,0.32285714285714284,0.0,0.0,2000-05-26T02:03:12Z,ls7,qd9vcp7ucbsb,0.3265895953757225,0.6488439306358382,0.024566473988439304
,,1.0,,,,2000-06-27T02:02:56Z,ls7,qd9vcp7ucbsb,,,
0.0,0.0,0.0,0.0,0.7142857142857143,0.2857142857142857,2000-07-29T02:02:26Z,ls7,qd9vcp7ucbsb,0.0,0.0,0.0
0.018571428571428572,0.06714285714285714,0.0,0.054285714285714284,0.5714285714285714,0.2857142857142857,2000-08-14T02:02:19Z,ls7,qd9vcp7ucbsb,0.055393586005830914,0.06851311953352772,0.01895043731778426
0.16571428571428573,0.09857142857142856,0.0,0.15714285714285717,0.5714285714285714,0.0,2000-08-21T02:08:27Z,ls7,qd9vcp7ucbsb,0.15980629539951574,0.10024213075060531,0.1685230024213075
,,1.0,,,,2000-08-30T02:02:09Z,ls7,qd9vcp7ucbsb,,,
0.03428571428571429,0.14714285714285716,0.0,0.10142857142857142,0.2857142857142857,0.42857142857142855,2000-09-15T02:01:50Z,ls7,qd9vcp7ucbsb,0.10245310245310246,0.14862914862914867,0.03463203463203464
0.015714285714285715,0.6828571428571427,0.0,0.2942857142857143,0.0,0.0,2000-10-01T02:01:41Z,ls7,qd9vcp7ucbsb,0.2964028776978418,0.6877697841726618,0.015827338129496406
,,1.0,,,,2000-10-08T02:07:48Z,ls7,qd9vcp7ucbsb,,,
0.028571428571428574,0.6685714285714285,0.0,0.29714285714285715,0.0,0.0,2000-10-17T02:01:23Z,ls7,qd9vcp7ucbsb,0.2988505747126437,0.6724137931034483,0.02873563218390805
,,1.0,,,,2000-11-02T02:01:36Z,ls7,qd9vcp7ucbsb,,,
0.04285714285714286,0.7114285714285715,0.0,0.2385714285714286,0.0,0.0,2000-11-25T02:07:45Z,ls7,qd9vcp7ucbsb,0.24028776978417266,0.716546762589928,0.043165467625899276
0.02428571428571429,0.7414285714285713,0.0,0.22571428571428573,0.0,0.0,2000-12-04T02:01:34Z,ls7,qd9vcp7ucbsb,0.22766570605187322,0.7478386167146974,0.0244956772334294
0.04857142857142858,0.7057142857142856,0.0,0.2385714285714286,0.0,0.0,2000-12-11T02:07:47Z,ls7,qd9vcp7ucbsb,0.2402877697841727,0.7107913669064748,0.04892086330935253
0.027142857142857142,0.7228571428571428,0.0,0.2385714285714286,0.0,0.0,2000-12-20T02:01:39Z,ls7,qd9vcp7ucbsb,0.2413294797687862,0.7312138728323699,0.027456647398843934
0.014285714285714287,0.75,0.0,0.23,0.0,0.0,2001-01-05T02:01:39Z,ls7,qd9vcp7ucbsb,0.2313218390804598,0.7543103448275863,0.014367816091954025
0.006,0.6859999999999999,0.2857142857142857,0.3,0.0,0.0,2001-02-06T02:01:39Z,ls7,qd9vcp7ucbsb,0.3024193548387097,0.6915322580645161,0.006048387096774193
,,1.0,,,,2001-02-13T02:07:51Z,ls7,qd9vcp7ucbsb,,,
,,1.0,,,,2001-02-22T02:01:38Z,ls7,qd9vcp7ucbsb,,,
0.0,0.6899999999999998,0.0,0.3028571428571429,0.0,0.0,2001-03-01T02:07:44Z,ls7,qd9vcp7ucbsb,0.3050359712230217,0.6949640287769784,0.0
0.03,0.687142857142857,0.0,0.27285714285714285,0.0,0.0,2001-03-10T02:01:34Z,ls7,qd9vcp7ucbsb,0.2756132756132756,0.694083694083694,0.030303030303030304
0.038571428571428576,0.6928571428571428,0.0,0.2628571428571429,0.0,0.0,2001-03-17T02:07:40Z,ls7,qd9vcp7ucbsb,0.26436781609195403,0.69683908045977,0.03879310344827586
0.07142857142857142,0.6557142857142858,0.0,0.25857142857142856,0.0,0.0,2001-03-26T02:01:25Z,ls7,qd9vcp7ucbsb,0.2623188405797101,0.6652173913043479,0.07246376811594202
0.05571428571428571,0.6485714285714286,0.0,0.2871428571428572,0.0,0.0,2001-04-02T02:07:31Z,ls7,qd9vcp7ucbsb,0.2896253602305476,0.654178674351585,0.05619596541786743
,,1.0,,,,2001-04-18T02:07:32Z,ls7,qd9vcp7ucbsb,,,
0.047142857142857146,0.6514285714285714,0.0,0.29285714285714287,0.0,0.0,2001-04-27T02:01:19Z,ls7,qd9vcp7ucbsb,0.2953890489913545,0.6570605187319885,0.04755043227665707
,,1.0,,,,2001-05-04T02:07:29Z,ls7,qd9vcp7ucbsb,,,
,,1.0,,,,2001-05-13T02:01:10Z,ls7,qd9vcp7ucbsb,,,
,,1.0,,,,2001-05-20T02:07:16Z,ls7,qd9vcp7ucbsb,,,
0.0,0.8300000000000001,0.0,0.1657142857142857,0.0,0.0,2001-05-29T02:01:01Z,ls7,qd9vcp7ucbsb,0.16642754662840745,0.8335724533715926,0.0
,,1.0,,,,2001-06-05T02:07:05Z,ls7,qd9vcp7ucbsb,,,
,,1.0,,,,2001-06-14T02:00:50Z,ls7,qd9vcp7ucbsb,,,
0.07714285714285715,0.10571428571428572,0.0,0.09428571428571429,0.5714285714285714,0.14285714285714285,2001-06-21T02:06:54Z,ls7,qd9vcp7ucbsb,0.0972017673048601,0.10898379970544922,0.07952871870397647
,,1.0,,,,2001-06-30T02:00:35Z,ls7,qd9vcp7ucbsb,,,
0.014285714285714287,0.06999999999999999,0.0,0.055714285714285716,0.5714285714285714,0.2857142857142857,2001-07-16T02:00:35Z,ls7,qd9vcp7ucbsb,0.05685131195335279,0.07142857142857144,0.014577259475218663
,,1.0,,,,2001-07-23T02:06:42Z,ls7,qd9vcp7ucbsb,,,
0.08,0.09857142857142856,0.0,0.10285714285714286,0.42857142857142855,0.2857142857142857,2001-08-01T02:00:23Z,ls7,qd9vcp7ucbsb,0.10442349528643943,0.10007251631617113,0.08121827411167513
0.02142857142857143,0.06571428571428571,0.0,0.05285714285714286,0.5714285714285714,0.2857142857142857,2001-08-17T02:00:04Z,ls7,qd9vcp7ucbsb,0.053935860058309054,0.06705539358600585,0.02186588921282799
0.011428571428571429,0.08714285714285715,0.0,0.04285714285714286,0.2857142857142857,0.5714285714285714,2001-09-02T01:59:53Z,ls7,qd9vcp7ucbsb,0.04329004329004331,0.08802308802308804,0.011544011544011547
,,1.0,,,,2001-09-18T01:59:42Z,ls7,qd9vcp7ucbsb,,,
,,1.0,,,,2001-09-25T02:05:52Z,ls7,qd9vcp7ucbsb,,,
0.028571428571428574,0.6799999999999999,0.0,0.28285714285714286,0.0,0.0,2001-10-04T01:59:30Z,ls7,qd9vcp7ucbsb,0.28530259365994237,0.685878962536023,0.028818443804034585
,,1.0,,,,2001-10-20T01:59:32Z,ls7,qd9vcp7ucbsb,,,
0.014285714285714287,0.6914285714285714,0.0,0.29,0.0,0.0,2001-11-05T01:59:37Z,ls7,qd9vcp7ucbsb,0.29124820659971307,0.6944045911047346,0.01434720229555237
,,1.0,,,,2001-11-21T01:59:46Z,ls7,qd9vcp7ucbsb,,,
,,1.0,,,,2001-11-28T02:05:59Z,ls7,qd9vcp7ucbsb,,,
0.017142857142857144,0.7385714285714285,0.0,0.2357142857142857,0.0,0.0,2001-12-07T01:59:47Z,ls7,qd9vcp7ucbsb,0.2377521613832853,0.744956772334294,0.01729106628242075
,,1.0,,,,2001-12-14T02:06:05Z,ls7,qd9vcp7ucbsb,,,
0.06571428571428571,0.7085714285714287,0.0,0.21428571428571427,0.0,0.0,2001-12-23T01:59:56Z,ls7,qd9vcp7ucbsb,0.21676300578034677,0.7167630057803468,0.06647398843930634
0.07857142857142858,0.6628571428571429,0.0,0.25,0.0,0.0,2001-12-30T02:06:02Z,ls7,qd9vcp7ucbsb,0.2521613832853026,0.6685878962536023,0.0792507204610951
0.04285714285714286,0.7228571428571428,0.0,0.22571428571428573,0.0,0.0,2002-01-08T01:59:59Z,ls7,qd9vcp7ucbsb,0.22766570605187322,0.729106628242075,0.043227665706051875
0.03428571428571429,0.7428571428571429,0.0,0.21000000000000002,0.0,0.0,2002-01-24T02:00:06Z,ls7,qd9vcp7ucbsb,0.21273516642547036,0.7525325615050652,0.03473227206946455
,,1.0,,,,2002-01-31T02:06:12Z,ls7,qd9vcp7ucbsb,,,
0.0642857142857143,0.6828571428571429,0.0,0.24000000000000002,0.0,0.0,2002-02-09T02:00:08Z,ls7,qd9vcp7ucbsb,0.24312590448625182,0.6917510853835022,0.06512301013024602
,,1.0,,,,2002-02-16T02:06:18Z,ls7,qd9vcp7ucbsb,,,
0.03285714285714286,0.7028571428571428,0.0,0.25142857142857145,0.0,0.0,2002-02-25T02:00:10Z,ls7,qd9vcp7ucbsb,0.2547033285094067,0.7120115774240232,0.033285094066570195
,,1.0,,,,2002-03-04T02:06:22Z,ls7,qd9vcp7ucbsb,,,
,,1.0,,,,2002-03-13T02:00:08Z,ls7,qd9vcp7ucbsb,,,
0.04285714285714286,0.6785714285714287,0.0,0.26857142857142857,0.0,0.0,2002-03-20T02:06:10Z,ls7,qd9vcp7ucbsb,0.27128427128427124,0.6854256854256855,0.04329004329004329
0.06857142857142857,0.6785714285714286,0.0,0.24428571428571427,0.0,0.0,2002-03-29T02:00:03Z,ls7,qd9vcp7ucbsb,0.24639769452449567,0.6844380403458213,0.069164265129683
0.09428571428571429,0.6357142857142858,0.0,0.25428571428571434,0.0,0.0,2002-04-05T02:06:12Z,ls7,qd9vcp7ucbsb,0.25834542815674894,0.6458635703918723,0.0957910014513788
0.018571428571428572,0.6771428571428572,0.0,0.2914285714285714,0.0,0.0,2002-04-14T02:00:02Z,ls7,qd9vcp7ucbsb,0.2952243125904486,0.6859623733719247,0.01881331403762663
0.0014285714285714286,0.6471428571428571,0.0,0.34571428571428575,0.0,0.0,2002-04-30T02:00:04Z,ls7,qd9vcp7ucbsb,0.3477011494252874,0.6508620689655172,0.0014367816091954023
,,1.0,,,,2002-06-08T02:06:00Z,ls7,qd9vcp7ucbsb,,,
0.09857142857142856,0.18285714285714286,0.0,0.13999999999999999,0.5714285714285714,0.0,2002-06-17T01:59:45Z,ls7,qd9vcp7ucbsb,0.1423728813559322,0.18595641646489108,0.10024213075060534
0.06142857142857143,0.6085714285714285,0.0,0.31857142857142856,0.0,0.0,2002-07-03T01:59:40Z,ls7,qd9vcp7ucbsb,0.32225433526011565,0.615606936416185,0.06213872832369943
,,1.0,,,,2002-07-19T01:59:33Z,ls7,qd9vcp7ucbsb,,,
,,1.0,,,,2002-08-11T02:05:35Z,ls7,qd9vcp7ucbsb,,,
0.04,0.21571428571428572,0.0,0.16714285714285712,0.42857142857142855,0.14285714285714285,2002-08-20T01:59:22Z,ls7,qd9vcp7ucbsb,0.16940154440154437,0.21862934362934364,0.04054054054054054
0.0,0.0,0.8571428571428572,0.0,1.0,0.0,2002-09-05T01:59:13Z,ls7,qd9vcp7ucbsb,0.0,0.0,0.0
0.04,0.62,0.5714285714285714,0.3333333333333333,0.0,0.0,2002-09-21T01:59:01Z,ls7,qd9vcp7ucbsb,0.3355704697986577,0.6241610738255033,0.040268456375838924
,,1.0,,,,2002-09-28T02:05:10Z,ls7,qd9vcp7ucbsb,,,
0.037142857142857144,0.7071428571428572,0.0,0.24571428571428575,0.0,0.0,2002-10-23T01:59:02Z,ls7,qd9vcp7ucbsb,0.2481962481962482,0.7142857142857143,0.03751803751803751
0.024285714285714282,0.7614285714285713,0.0,0.20571428571428574,0.0,0.0,2002-11-08T01:59:07Z,ls7,qd9vcp7ucbsb,0.20749279538904905,0.7680115273775217,0.024495677233429394
0.01,0.7585714285714287,0.0,0.22428571428571428,0.0,0.0,2002-11-24T01:59:24Z,ls7,qd9vcp7ucbsb,0.22589928057553954,0.7640287769784173,0.010071942446043165
0.12857142857142856,0.6528571428571429,0.0,0.20428571428571426,0.0,0.0,2002-12-10T01:59:29Z,ls7,qd9vcp7ucbsb,0.20724637681159416,0.6623188405797101,0.13043478260869562
,,1.0,,,,2002-12-17T02:05:40Z,ls7,qd9vcp7ucbsb,,,
,,1.0,,,,2002-12-26T01:59:35Z,ls7,qd9vcp7ucbsb,,,
,,1.0,,,,2003-01-02T02:05:45Z,ls7,qd9vcp7ucbsb,,,
,,1.0,,,,2003-01-11T01:59:37Z,ls7,qd9vcp7ucbsb,,,
,,1.0,,,,2003-01-18T02:05:53Z,ls7,qd9vcp7ucbsb,,,
0.049999999999999996,0.7471428571428572,0.0,0.19,0.0,0.0,2003-01-27T01:59:44Z,ls7,qd9vcp7ucbsb,0.1924746743849493,0.7568740955137482,0.050651230101302444
,,1.0,,,,2003-02-03T02:06:00Z,ls7,qd9vcp7ucbsb,,,
,,1.0,,,,2003-02-19T02:06:06Z,ls7,qd9vcp7ucbsb,,,
0.10428571428571429,0.6514285714285714,0.0,0.23142857142857146,0.0,0.0,2003-02-28T01:59:55Z,ls7,qd9vcp7ucbsb,0.23444283646888572,0.6599131693198262,0.10564399421128799
,,1.0,,,,2003-03-07T02:06:10Z,ls7,qd9vcp7ucbsb,,,
,,1.0,,,,2003-03-16T01:59:58Z,ls7,qd9vcp7ucbsb,,,
0.06714285714285714,0.6542857142857142,0.0,0.2671428571428572,0.0,0.0,2003-03-23T02:06:04Z,ls7,qd9vcp7ucbsb,0.2702312138728324,0.6618497109826589,0.06791907514450866
0.02,0.6642857142857143,0.0,0.3071428571428571,0.0,0.0,2003-04-17T01:59:59Z,ls7,qd9vcp7ucbsb,0.30979827089337175,0.6700288184438041,0.02017291066282421
0.03142857142857143,0.6542857142857142,0.0,0.3028571428571429,0.0,0.0,2003-05-03T02:00:00Z,ls7,qd9vcp7ucbsb,0.3063583815028902,0.661849710982659,0.03179190751445087
0.044285714285714296,0.6271428571428571,0.0,0.31999999999999995,0.0,0.0,2003-05-11T01:46:22Z,ls5,qd9vcp7ucbsb,0.3227665706051873,0.6325648414985591,0.044668587896253616
0.05285714285714286,0.22285714285714286,0.0,0.1457142857142857,0.14285714285714285,0.42857142857142855,2003-05-19T01:59:55Z,ls7,qd9vcp7ucbsb,0.14818401937046008,0.226634382566586,0.05375302663438258
,,1.0,,,,2003-05-26T02:06:07Z,ls7,qd9vcp7ucbsb,,,
0.05142857142857143,0.6442857142857142,0.0,0.2942857142857143,0.0,0.0,2003-05-27T01:46:41Z,ls5,qd9vcp7ucbsb,0.2972582972582973,0.6507936507936507,0.051948051948051945
0.08857142857142856,0.6171428571428572,0.0,0.27999999999999997,0.0,0.0,2003-06-12T01:46:58Z,ls5,qd9vcp7ucbsb,0.2840579710144927,0.6260869565217392,0.0898550724637681
0.35428571428571426,0.05142857142857143,0.0,0.16428571428571428,0.14285714285714285,0.2857142857142857,2003-06-28T01:47:21Z,ls5,qd9vcp7ucbsb,0.1646974579305407,0.05155746509129969,0.35517364840673116
,,1.0,,,,2003-07-22T01:59:46Z,ls7,qd9vcp7ucbsb,,,
0.060000000000000005,0.12,0.0,0.10142857142857142,0.42857142857142855,0.2857142857142857,2003-07-30T01:47:55Z,ls5,qd9vcp7ucbsb,0.10297316896301667,0.12182741116751268,0.06091370558375635
0.09,0.19142857142857142,0.0,0.14142857142857143,0.0,0.5714285714285714,2003-08-07T01:59:37Z,ls7,qd9vcp7ucbsb,0.14333976833976836,0.19401544401544404,0.09121621621621623
,,1.0,,,,2003-08-30T02:05:46Z,ls7,qd9vcp7ucbsb,,,
0.07285714285714286,0.20857142857142857,0.0,0.14142857142857143,0.42857142857142855,0.14285714285714285,2003-08-31T01:48:29Z,ls5,qd9vcp7ucbsb,0.14333976833976833,0.2113899613899614,0.07384169884169885
0.15571428571428572,0.39142857142857146,0.0,0.2985714285714286,0.0,0.14285714285714285,2003-09-16T01:48:45Z,ls5,qd9vcp7ucbsb,0.30260617760617764,0.39671814671814676,0.15781853281853284
0.027142857142857142,0.6571428571428573,0.0,0.3085714285714286,0.0,0.0,2003-10-02T01:48:57Z,ls5,qd9vcp7ucbsb,0.3107913669064748,0.6618705035971223,0.027338129496402873
,,1.0,,,,2003-10-10T01:59:17Z,ls7,qd9vcp7ucbsb,,,
,,1.0,,,,2003-10-18T01:49:10Z,ls5,qd9vcp7ucbsb,,,
,,1.0,,,,2003-10-26T01:59:37Z,ls7,qd9vcp7ucbsb,,,
0.04666666666666667,0.7066666666666667,0.1428571428571429,0.2366666666666667,0.0,0.0,2003-11-03T01:49:15Z,ls5,qd9vcp7ucbsb,0.23905723905723908,0.7138047138047138,0.04713804713804714
,,1.0,,,,2003-11-11T01:59:45Z,ls7,qd9vcp7ucbsb,,,
0.09,0.61,0.8571428571428572,0.29,0.0,0.0,2003-11-27T01:59:55Z,ls7,qd9vcp7ucbsb,0.29292929292929293,0.6161616161616162,0.09090909090909091
,,1.0,,,,2003-12-05T01:49:45Z,ls5,qd9vcp7ucbsb,,,
0.017142857142857144,0.74,0.0,0.23142857142857146,0.0,0.0,2003-12-13T02:00:00Z,ls7,qd9vcp7ucbsb,0.2341040462427746,0.7485549132947977,0.017341040462427747
0.024285714285714282,0.7028571428571428,0.0,0.2671428571428572,0.0,0.0,2003-12-21T01:49:53Z,ls5,qd9vcp7ucbsb,0.2686781609195403,0.706896551724138,0.024425287356321837
0.045,0.655,0.4285714285714286,0.29,0.0,0.0,2003-12-29T02:00:08Z,ls7,qd9vcp7ucbsb,0.2929292929292929,0.6616161616161615,0.04545454545454545
0.03571428571428571,0.7385714285714285,0.0,0.21571428571428572,0.0,0.0,2004-01-14T02:00:09Z,ls7,qd9vcp7ucbsb,0.2178932178932179,0.746031746031746,0.03607503607503607
,,1.0,,,,2004-01-21T02:06:25Z,ls7,qd9vcp7ucbsb,,,
0.03571428571428571,0.7457142857142858,0.0,0.21285714285714286,0.0,0.0,2004-01-22T01:50:03Z,ls5,qd9vcp7ucbsb,0.21408045977011494,0.75,0.035919540229885055
,,1.0,,,,2004-02-06T02:06:31Z,ls7,qd9vcp7ucbsb,,,
0.04857142857142858,0.6914285714285714,0.0,0.24714285714285714,0.0,0.0,2004-02-07T01:50:08Z,ls5,qd9vcp7ucbsb,0.2503617945007236,0.7004341534008683,0.04920405209840811
0.05714285714285715,0.6957142857142857,0.0,0.2342857142857143,0.0,0.0,2004-02-15T02:00:21Z,ls7,qd9vcp7ucbsb,0.23733719247467439,0.7047756874095513,0.057887120115774245
0.08571428571428572,0.6542857142857142,0.0,0.25000000000000006,0.0,0.0,2004-02-23T01:50:13Z,ls5,qd9vcp7ucbsb,0.25252525252525254,0.6608946608946608,0.08658008658008658
0.060000000000000005,0.6771428571428572,0.0,0.25,0.0,0.0,2004-03-02T02:00:23Z,ls7,qd9vcp7ucbsb,0.2532561505065123,0.6859623733719247,0.060781476121562955
,,1.0,,,,2004-03-09T02:06:38Z,ls7,qd9vcp7ucbsb,,,
0.162,0.57,0.2857142857142857,0.256,0.0,0.0,2004-03-10T01:50:18Z,ls5,qd9vcp7ucbsb,0.2591093117408907,0.5769230769230769,0.1639676113360324
0.06999999999999999,0.615,0.7142857142857143,0.29500000000000004,0.0,0.0,2004-03-18T02:00:30Z,ls7,qd9vcp7ucbsb,0.30102040816326536,0.6275510204081632,0.07142857142857142
,,1.0,,,,2004-03-25T02:06:42Z,ls7,qd9vcp7ucbsb,,,
0.13857142857142857,0.6,0.0,0.25,0.0,0.0,2004-03-26T01:50:20Z,ls5,qd9vcp7ucbsb,0.25289017341040465,0.6069364161849711,0.14017341040462428
0.05333333333333334,0.68,0.5714285714285714,0.25666666666666665,0.0,0.0,2004-04-03T02:00:30Z,ls7,qd9vcp7ucbsb,0.25925925925925924,0.6868686868686869,0.05387205387205387
0.015714285714285715,0.6885714285714285,0.0,0.2871428571428572,0.0,0.0,2004-04-11T01:50:47Z,ls5,qd9vcp7ucbsb,0.2896253602305476,0.6945244956772334,0.01585014409221902
0.022857142857142857,0.6728571428571428,0.0,0.2914285714285714,0.0,0.0,2004-04-26T02:06:34Z,ls7,qd9vcp7ucbsb,0.2952243125904486,0.6816208393632417,0.023154848046309698
,,1.0,,,,2004-04-27T01:51:15Z,ls5,qd9vcp7ucbsb,,,
,,1.0,,,,2004-05-05T02:00:25Z,ls7,qd9vcp7ucbsb,,,
0.05857142857142857,0.6042857142857143,0.0,0.33,0.0,0.0,2004-05-13T01:51:43Z,ls5,qd9vcp7ucbsb,0.3323741007194244,0.6086330935251798,0.05899280575539568
0.5085714285714286,0.1842857142857143,0.0,0.29571428571428576,0.0,0.0,2004-05-21T02:00:25Z,ls7,qd9vcp7ucbsb,0.2991329479768786,0.18641618497109827,0.514450867052023
,,1.0,,,,2004-05-28T02:06:34Z,ls7,qd9vcp7ucbsb,,,
0.03428571428571429,0.6128571428571429,0.0,0.34285714285714286,0.0,0.0,2004-05-29T01:52:10Z,ls5,qd9vcp7ucbsb,0.3463203463203463,0.6190476190476191,0.03463203463203463
0.0,0.0,0.0,0.0,0.8571428571428571,0.14285714285714285,2004-06-06T02:00:20Z,ls7,qd9vcp7ucbsb,0.0,0.0,0.0
0.10714285714285714,0.15,0.0,0.16571428571428573,0.5714285714285714,0.0,2004-06-14T01:52:39Z,ls5,qd9vcp7ucbsb,0.16795366795366795,0.15202702702702703,0.10859073359073358
,,1.0,,,,2004-06-30T01:53:08Z,ls5,qd9vcp7ucbsb,,,
,,1.0,,,,2004-07-08T02:00:14Z,ls7,qd9vcp7ucbsb,,,
0.07857142857142858,0.5771428571428572,0.0,0.33714285714285713,0.0,0.0,2004-07-16T01:53:34Z,ls5,qd9vcp7ucbsb,0.33956834532374097,0.5812949640287769,0.07913669064748202
0.06285714285714286,0.6185714285714285,0.0,0.30428571428571427,0.0,0.0,2004-07-24T02:00:09Z,ls7,qd9vcp7ucbsb,0.30869565217391304,0.6275362318840579,0.063768115942029
,,1.0,,,,2004-08-01T01:53:55Z,ls5,qd9vcp7ucbsb,,,
0.06428571428571428,0.61,0.0,0.31428571428571433,0.0,0.0,2004-08-09T02:00:02Z,ls7,qd9vcp7ucbsb,0.3179190751445087,0.6170520231213872,0.06502890173410403
,,1.0,,,,2004-08-17T01:54:17Z,ls5,qd9vcp7ucbsb,,,
0.005714285714285714,0.16285714285714287,0.0,0.1142857142857143,0.14285714285714285,0.5714285714285714,2004-08-25T02:00:01Z,ls7,qd9vcp7ucbsb,0.1154401154401155,0.16450216450216457,0.005772005772005774
,,1.0,,,,2004-09-01T02:06:09Z,ls7,qd9vcp7ucbsb,,,
0.05857142857142857,0.5085714285714286,0.0,0.2842857142857143,0.0,0.14285714285714285,2004-09-02T01:54:43Z,ls5,qd9vcp7ucbsb,0.28619367209971236,0.5119846596356663,0.05896452540747843
0.054285714285714284,0.6485714285714286,0.0,0.2885714285714286,0.0,0.0,2004-09-10T01:59:55Z,ls7,qd9vcp7ucbsb,0.2910662824207493,0.654178674351585,0.0547550432276657
0.03142857142857143,0.6714285714285716,0.0,0.2928571428571428,0.0,0.0,2004-09-18T01:55:08Z,ls5,qd9vcp7ucbsb,0.29411764705882343,0.6743185078909613,0.03156384505021521
0.0,0.0,0.1428571428571429,0.0,0.0,1.0,2004-09-26T01:59:50Z,ls7,qd9vcp7ucbsb,0.0,0.0,0.0
0.054285714285714284,0.6328571428571429,0.0,0.30428571428571427,0.0,0.0,2004-10-04T01:55:29Z,ls5,qd9vcp7ucbsb,0.3069164265129683,0.638328530259366,0.0547550432276657
0.021428571428571432,0.7014285714285714,0.0,0.26857142857142857,0.0,0.0,2004-10-20T01:55:50Z,ls5,qd9vcp7ucbsb,0.27089337175792505,0.707492795389049,0.02161383285302594
0.019999999999999997,0.704,0.2857142857142857,0.26800000000000007,0.0,0.0,2004-10-28T02:00:03Z,ls7,qd9vcp7ucbsb,0.27016129032258074,0.7096774193548386,0.02016129032258064
,,1.0,,,,2004-11-05T01:56:09Z,ls5,qd9vcp7ucbsb,,,
0.02142857142857143,0.7000000000000001,0.0,0.27,0.0,0.0,2004-11-13T02:00:10Z,ls7,qd9vcp7ucbsb,0.2723342939481268,0.7060518731988472,0.021613832853025934
0.0642857142857143,0.6842857142857143,0.0,0.24,0.0,0.0,2004-11-21T01:56:23Z,ls5,qd9vcp7ucbsb,0.24277456647398843,0.6921965317919075,0.06502890173410406
,,1.0,,,,2004-11-29T02:00:20Z,ls7,qd9vcp7ucbsb,,,
,,1.0,,,,2004-12-06T02:06:34Z,ls7,qd9vcp7ucbsb,,,
0.04285714285714286,0.7114285714285715,0.0,0.2385714285714286,0.0,0.0,2004-12-07T01:56:46Z,ls5,qd9vcp7ucbsb,0.24028776978417266,0.716546762589928,0.043165467625899276
0.0,0.7757142857142858,0.0,0.22,0.0,0.0,2004-12-15T02:00:26Z,ls7,qd9vcp7ucbsb,0.22094691535150646,0.7790530846484935,0.0
0.04285714285714286,0.7285714285714285,0.0,0.21857142857142858,0.0,0.0,2004-12-23T01:57:03Z,ls5,qd9vcp7ucbsb,0.22077922077922082,0.735930735930736,0.043290043290043295
,,1.0,,,,2004-12-31T02:00:35Z,ls7,qd9vcp7ucbsb,,,
0.04,0.722857142857143,0.0,0.22428571428571428,0.0,0.0,2005-01-08T01:57:15Z,ls5,qd9vcp7ucbsb,0.22720694645441386,0.7322720694645442,0.04052098408104196
0.07285714285714286,0.6828571428571429,0.0,0.23285714285714287,0.0,0.0,2005-01-16T02:00:38Z,ls7,qd9vcp7ucbsb,0.23554913294797689,0.6907514450867053,0.07369942196531791
0.04285714285714286,0.7057142857142857,0.0,0.24142857142857146,0.0,0.0,2005-01-24T01:57:28Z,ls5,qd9vcp7ucbsb,0.2438672438672439,0.7128427128427128,0.04329004329004329
0.075,0.715,0.1428571428571429,0.19999999999999998,0.0,0.0,2005-02-01T02:00:42Z,ls7,qd9vcp7ucbsb,0.20202020202020202,0.7222222222222223,0.07575757575757576
0.06142857142857143,0.6900000000000001,0.0,0.24142857142857146,0.0,0.0,2005-02-09T01:57:41Z,ls5,qd9vcp7ucbsb,0.2431654676258993,0.6949640287769785,0.0618705035971223
,,1.0,,,,2005-02-17T02:00:51Z,ls7,qd9vcp7ucbsb,,,
,,1.0,,,,2005-02-25T01:57:58Z,ls5,qd9vcp7ucbsb,,,
,,1.0,,,,2005-03-13T01:58:10Z,ls5,qd9vcp7ucbsb,,,
0.008571428571428572,0.6885714285714286,0.0,0.2957142857142857,0.0,0.0,2005-03-21T02:00:56Z,ls7,qd9vcp7ucbsb,0.297841726618705,0.6935251798561152,0.008633093525179856
0.005714285714285714,0.6900000000000001,0.0,0.29857142857142854,0.0,0.0,2005-03-29T01:58:17Z,ls5,qd9vcp7ucbsb,0.30028735632183906,0.6939655172413793,0.005747126436781609
,,1.0,,,,2005-04-06T02:00:52Z,ls7,qd9vcp7ucbsb,,,
0.028571428571428574,0.6814285714285715,0.0,0.2814285714285715,0.0,0.0,2005-04-13T02:07:00Z,ls7,qd9vcp7ucbsb,0.2838616714697406,0.6873198847262247,0.02881844380403458
0.0014285714285714286,0.6799999999999999,0.0,0.3157142857142857,0.0,0.0,2005-04-14T01:58:21Z,ls5,qd9vcp7ucbsb,0.31661891117478513,0.6819484240687679,0.0014326647564469914
0.021666666666666667,0.7000000000000001,0.1428571428571429,0.275,0.0,0.0,2005-04-22T02:00:46Z,ls7,qd9vcp7ucbsb,0.27591973244147155,0.7023411371237458,0.021739130434782605
0.028571428571428574,0.6657142857142857,0.0,0.29714285714285715,0.0,0.0,2005-05-08T02:00:51Z,ls7,qd9vcp7ucbsb,0.29971181556195964,0.6714697406340058,0.028818443804034585
0.030000000000000002,0.23142857142857146,0.0,0.16285714285714284,0.42857142857142855,0.14285714285714285,2005-05-24T02:00:50Z,ls7,qd9vcp7ucbsb,0.16450216450216446,0.2337662337662338,0.0303030303030303
,,1.0,,,,2005-06-01T01:58:41Z,ls5,qd9vcp7ucbsb,,,
0.0,0.0,0.0,0.0,0.5714285714285714,0.42857142857142855,2005-06-17T01:58:48Z,ls5,qd9vcp7ucbsb,0.0,0.0,0.0
0.05142857142857143,0.12142857142857144,0.0,0.11,0.42857142857142855,0.2857142857142857,2005-06-25T02:00:39Z,ls7,qd9vcp7ucbsb,0.1111111111111111,0.12265512265512266,0.051948051948051945
,,1.0,,,,2005-07-02T02:06:49Z,ls7,qd9vcp7ucbsb,,,
0.665,0.07,0.1428571428571429,0.25833333333333336,0.0,0.0,2005-07-03T01:58:51Z,ls5,qd9vcp7ucbsb,0.2600671140939597,0.07046979865771812,0.6694630872483222
0.10714285714285714,0.16285714285714284,0.0,0.1542857142857143,0.5714285714285714,0.0,2005-07-11T02:00:40Z,ls7,qd9vcp7ucbsb,0.15584415584415587,0.16450216450216448,0.10822510822510821
0.14142857142857143,0.4785714285714286,0.0,0.3657142857142857,0.0,0.0,2005-07-19T01:59:02Z,ls5,qd9vcp7ucbsb,0.3710144927536232,0.4855072463768116,0.14347826086956522
0.06285714285714286,0.5642857142857143,0.0,0.3628571428571429,0.0,0.0,2005-07-27T02:00:39Z,ls7,qd9vcp7ucbsb,0.3665223665223665,0.56998556998557,0.0634920634920635
0.12285714285714287,0.54,0.0,0.3271428571428571,0.0,0.0,2005-08-04T01:59:11Z,ls5,qd9vcp7ucbsb,0.3304473304473304,0.5454545454545454,0.1240981240981241
,,1.0,,,,2005-08-12T02:00:35Z,ls7,qd9vcp7ucbsb,,,
,,1.0,,,,2005-08-19T02:06:43Z,ls7,qd9vcp7ucbsb,,,
0.34,0.18714285714285714,0.0,0.17714285714285713,0.14285714285714285,0.14285714285714285,2005-08-20T01:59:17Z,ls5,qd9vcp7ucbsb,0.17965807012460158,0.1898000579542162,0.34482758620689663
,,1.0,,,,2005-08-28T02:00:28Z,ls7,qd9vcp7ucbsb,,,
0.09571428571428572,0.45428571428571424,0.0,0.29714285714285715,0.0,0.14285714285714285,2005-09-05T01:59:21Z,ls5,qd9vcp7ucbsb,0.30065044567574084,0.45964827752348836,0.09684413394362806
,,1.0,,,,2005-10-07T01:59:18Z,ls5,qd9vcp7ucbsb,,,
,,1.0,,,,2005-10-15T02:00:21Z,ls7,qd9vcp7ucbsb,,,
,,1.0,,,,2005-10-22T02:06:38Z,ls7,qd9vcp7ucbsb,,,
0.031428571428571424,0.6742857142857143,0.0,0.2842857142857143,0.0,0.0,2005-10-23T01:59:17Z,ls5,qd9vcp7ucbsb,0.28715728715728717,0.681096681096681,0.03174603174603174
,,1.0,,,,2005-10-31T02:00:34Z,ls7,qd9vcp7ucbsb,,,
0.005714285714285714,0.7028571428571428,0.0,0.2871428571428571,0.0,0.0,2005-11-08T01:59:26Z,ls5,qd9vcp7ucbsb,0.28837876614060254,0.7058823529411765,0.005738880918220947
0.05,0.62,0.8571428571428572,0.32,0.0,0.0,2005-11-16T02:00:44Z,ls7,qd9vcp7ucbsb,0.32323232323232326,0.6262626262626263,0.05050505050505051
0.04714285714285714,0.6985714285714285,0.0,0.2442857142857143,0.0,0.0,2005-11-24T01:59:50Z,ls5,qd9vcp7ucbsb,0.24675324675324678,0.7056277056277056,0.047619047619047616
0.015714285714285715,0.7328571428571429,0.0,0.24571428571428572,0.0,0.0,2005-12-02T02:00:50Z,ls7,qd9vcp7ucbsb,0.2471264367816092,0.7370689655172413,0.015804597701149427
,,1.0,,,,2005-12-18T02:00:52Z,ls7,qd9vcp7ucbsb,,,
0.004,0.7299999999999999,0.2857142857142857,0.26,0.0,0.0,2006-01-19T02:01:09Z,ls7,qd9vcp7ucbsb,0.261569416498994,0.7344064386317907,0.004024144869215292
0.012857142857142857,0.6857142857142857,0.0,0.2914285714285714,0.0,0.0,2006-01-27T02:01:20Z,ls5,qd9vcp7ucbsb,0.2943722943722944,0.6926406926406926,0.012987012987012986
0.04,0.67,0.5714285714285714,0.28,0.0,0.0,2006-02-04T02:01:15Z,ls7,qd9vcp7ucbsb,0.2828282828282828,0.6767676767676767,0.0404040404040404
0.0071428571428571435,0.677142857142857,0.0,0.31285714285714283,0.0,0.0,2006-02-12T02:01:42Z,ls5,qd9vcp7ucbsb,0.31375358166189116,0.6790830945558739,0.007163323782234958
0.008571428571428572,0.6842857142857143,0.0,0.29714285714285715,0.0,0.0,2006-02-20T02:01:19Z,ls7,qd9vcp7ucbsb,0.30014430014430016,0.6911976911976911,0.008658008658008658
0.012857142857142857,0.7085714285714285,0.0,0.26857142857142857,0.0,0.0,2006-02-28T02:02:02Z,ls5,qd9vcp7ucbsb,0.2712842712842713,0.7157287157287157,0.012987012987012986
0.038571428571428576,0.6757142857142858,0.0,0.2757142857142857,0.0,0.0,2006-03-08T02:01:20Z,ls7,qd9vcp7ucbsb,0.27849927849927847,0.6825396825396826,0.03896103896103896
,,1.0,,,,2006-03-15T02:07:31Z,ls7,qd9vcp7ucbsb,,,
,,1.0,,,,2006-04-09T02:01:17Z,ls7,qd9vcp7ucbsb,,,
0.04,0.6542857142857142,0.0,0.29857142857142854,0.0,0.0,2006-04-17T02:02:57Z,ls5,qd9vcp7ucbsb,0.3007194244604316,0.6589928057553956,0.04028776978417266
,,1.0,,,,2006-04-25T02:01:16Z,ls7,qd9vcp7ucbsb,,,
,,1.0,,,,2006-05-02T02:07:28Z,ls7,qd9vcp7ucbsb,,,
0.06571428571428573,0.6014285714285714,0.0,0.3228571428571429,0.0,0.0,2006-05-03T02:03:12Z,ls5,qd9vcp7ucbsb,0.32611832611832614,0.6075036075036074,0.06637806637806638
0.02,0.5971428571428571,0.0,0.37142857142857144,0.0,0.0,2006-05-11T02:01:18Z,ls7,qd9vcp7ucbsb,0.3757225433526012,0.6040462427745664,0.02023121387283237
0.025714285714285714,0.6157142857142858,0.0,0.3485714285714286,0.0,0.0,2006-05-19T02:03:24Z,ls5,qd9vcp7ucbsb,0.35209235209235207,0.6219336219336219,0.025974025974025972
0.03571428571428571,0.5614285714285714,0.0,0.3942857142857143,0.0,0.0,2006-05-27T02:01:18Z,ls7,qd9vcp7ucbsb,0.3976945244956772,0.5662824207492795,0.03602305475504323
,,1.0,,,,2006-06-03T02:07:28Z,ls7,qd9vcp7ucbsb,,,
0.0642857142857143,0.5585714285714286,0.0,0.36857142857142866,0.0,0.0,2006-06-04T02:03:39Z,ls5,qd9vcp7ucbsb,0.37175792507204614,0.5634005763688761,0.06484149855907781
0.053333333333333344,0.6,0.1428571428571429,0.3383333333333334,0.0,0.0,2006-06-12T02:01:15Z,ls7,qd9vcp7ucbsb,0.3411764705882353,0.6050420168067226,0.05378151260504203
,,1.0,,,,2006-06-19T02:07:24Z,ls7,qd9vcp7ucbsb,,,
,,1.0,,,,2006-06-20T02:03:53Z,ls5,qd9vcp7ucbsb,,,
,,1.0,,,,2006-07-05T02:07:18Z,ls7,qd9vcp7ucbsb,,,
0.002857142857142857,0.6214285714285713,0.0,0.36714285714285716,0.0,0.0,2006-07-06T02:04:08Z,ls5,qd9vcp7ucbsb,0.37031700288184444,0.6268011527377522,0.0028818443804034585
,,1.0,,,,2006-07-14T02:01:02Z,ls7,qd9vcp7ucbsb,,,
0.06142857142857144,0.5814285714285715,0.0,0.34714285714285714,0.0,0.0,2006-07-22T02:04:21Z,ls5,qd9vcp7ucbsb,0.35064935064935066,0.5873015873015874,0.062049062049062055
,,1.0,,,,2006-07-29T02:10:37Z,ls5,qd9vcp7ucbsb,,,
0.13,0.3325,0.4285714285714286,0.275,0.0,0.25,2006-07-30T02:00:56Z,ls7,qd9vcp7ucbsb,0.2796610169491526,0.338135593220339,0.13220338983050847
,,1.0,,,,2006-08-14T02:10:49Z,ls5,qd9vcp7ucbsb,,,
,,1.0,,,,2006-08-23T02:04:45Z,ls5,qd9vcp7ucbsb,,,
,,1.0,,,,2006-09-16T02:00:46Z,ls7,qd9vcp7ucbsb,,,
0.05142857142857143,0.6714285714285715,0.0,0.27,0.0,0.0,2006-09-24T02:05:09Z,ls5,qd9vcp7ucbsb,0.2719424460431655,0.6762589928057554,0.051798561151079135
0.03333333333333333,0.6866666666666666,0.5714285714285714,0.27,0.0,0.0,2006-10-02T02:00:39Z,ls7,qd9vcp7ucbsb,0.27272727272727276,0.6936026936026936,0.03367003367003367
0.002857142857142857,0.7142857142857142,0.0,0.2771428571428572,0.0,0.0,2006-10-10T02:05:19Z,ls5,qd9vcp7ucbsb,0.2787356321839081,0.7183908045977011,0.002873563218390805
0.005,0.66,0.7142857142857143,0.33,0.0,0.0,2006-10-18T02:00:46Z,ls7,qd9vcp7ucbsb,0.3316582914572864,0.6633165829145728,0.005025125628140704
0.0,0.7357142857142858,0.0,0.25857142857142856,0.0,0.0,2006-10-26T02:05:29Z,ls5,qd9vcp7ucbsb,0.2600574712643678,0.7399425287356322,0.0
0.028571428571428574,0.7000000000000001,0.0,0.2642857142857143,0.0,0.0,2006-11-03T02:01:01Z,ls7,qd9vcp7ucbsb,0.2661870503597122,0.7050359712230215,0.028776978417266185
0.02142857142857143,0.7228571428571428,0.0,0.25,0.0,0.0,2006-11-11T02:05:37Z,ls5,qd9vcp7ucbsb,0.2514367816091954,0.7270114942528735,0.021551724137931036
0.008571428571428572,0.7414285714285714,0.0,0.24428571428571427,0.0,0.0,2006-11-19T02:01:13Z,ls7,qd9vcp7ucbsb,0.24568965517241376,0.7456896551724138,0.008620689655172414
0.0014285714285714286,0.7642857142857143,0.0,0.2314285714285714,0.0,0.0,2006-11-27T02:05:46Z,ls5,qd9vcp7ucbsb,0.23209169054441256,0.7664756446991404,0.0014326647564469914
0.005714285714285714,0.7657142857142858,0.0,0.22285714285714284,0.0,0.0,2006-12-05T02:01:21Z,ls7,qd9vcp7ucbsb,0.22413793103448273,0.7701149425287357,0.005747126436781609
0.02142857142857143,0.7385714285714285,0.0,0.23285714285714287,0.0,0.0,2006-12-13T02:05:54Z,ls5,qd9vcp7ucbsb,0.23453237410071945,0.7438848920863309,0.02158273381294964
,,1.0,,,,2006-12-21T02:01:26Z,ls7,qd9vcp7ucbsb,,,
0.04285714285714286,0.74,0.0,0.21285714285714286,0.0,0.0,2006-12-29T02:06:01Z,ls5,qd9vcp7ucbsb,0.21377331420373027,0.7431850789096126,0.043041606886657105
0.021666666666666667,0.7033333333333333,0.1428571428571429,0.26833333333333337,0.0,0.0,2007-01-06T02:01:27Z,ls7,qd9vcp7ucbsb,0.2701342281879195,0.7080536912751677,0.02181208053691275
0.015,0.72,0.7142857142857143,0.255,0.0,0.0,2007-01-14T02:06:07Z,ls5,qd9vcp7ucbsb,0.25757575757575757,0.7272727272727273,0.015151515151515152
0.028571428571428574,0.7457142857142858,0.0,0.21857142857142858,0.0,0.0,2007-01-22T02:01:30Z,ls7,qd9vcp7ucbsb,0.2201438848920863,0.7510791366906474,0.028776978417266185
0.02,0.7428571428571429,0.0,0.2285714285714286,0.0,0.0,2007-01-30T02:06:11Z,ls5,qd9vcp7ucbsb,0.23054755043227665,0.7492795389048991,0.020172910662824204
0.055,0.6799999999999999,0.7142857142857143,0.26,0.0,0.0,2007-02-07T02:01:37Z,ls7,qd9vcp7ucbsb,0.2613065326633166,0.6834170854271356,0.05527638190954774
0.018571428571428572,0.7271428571428571,0.0,0.24857142857142858,0.0,0.0,2007-02-15T02:06:13Z,ls5,qd9vcp7ucbsb,0.25000000000000006,0.7313218390804598,0.01867816091954023
0.008571428571428572,0.7257142857142856,0.0,0.2542857142857143,0.0,0.0,2007-02-23T02:01:42Z,ls7,qd9vcp7ucbsb,0.25722543352601157,0.7341040462427745,0.008670520231213874
0.0071428571428571435,0.74,0.0,0.24857142857142858,0.0,0.0,2007-03-03T02:06:12Z,ls5,qd9vcp7ucbsb,0.2496413199426112,0.7431850789096126,0.0071736011477761845
0.04428571428571428,0.7000000000000001,0.0,0.24714285714285714,0.0,0.0,2007-03-11T02:01:45Z,ls7,qd9vcp7ucbsb,0.24927953890489912,0.7060518731988473,0.0446685878962536
0.002857142857142857,0.7328571428571429,0.0,0.2542857142857143,0.0,0.0,2007-03-19T02:06:09Z,ls5,qd9vcp7ucbsb,0.25685425685425683,0.7402597402597403,0.002886002886002886
,,1.0,,,,2007-03-27T02:01:46Z,ls7,qd9vcp7ucbsb,,,
0.05333333333333334,0.6866666666666666,0.5714285714285714,0.25,0.0,0.0,2007-04-03T02:07:57Z,ls7,qd9vcp7ucbsb,0.25252525252525254,0.6936026936026936,0.05387205387205388
,,1.0,,,,2007-04-04T02:06:06Z,ls5,qd9vcp7ucbsb,,,
0.05714285714285715,0.6671428571428571,0.0,0.2642857142857143,0.0,0.0,2007-04-12T02:01:45Z,ls7,qd9vcp7ucbsb,0.26734104046242774,0.6748554913294798,0.057803468208092484
0.030000000000000002,0.6814285714285714,0.0,0.2814285714285714,0.0,0.0,2007-04-20T02:06:00Z,ls5,qd9vcp7ucbsb,0.28345323741007195,0.6863309352517984,0.030215827338129497
,,1.0,,,,2007-04-28T02:01:42Z,ls7,qd9vcp7ucbsb,,,
,,1.0,,,,2007-05-05T02:07:51Z,ls7,qd9vcp7ucbsb,,,
0.1,0.575,0.7142857142857143,0.315,0.0,0.0,2007-05-14T02:01:37Z,ls7,qd9vcp7ucbsb,0.31818181818181823,0.5808080808080809,0.10101010101010102
0.032857142857142856,0.6542857142857142,0.0,0.3,0.0,0.0,2007-05-22T02:05:41Z,ls5,qd9vcp7ucbsb,0.3039073806078148,0.6628075253256152,0.033285094066570195
0.09500000000000001,0.6466666666666666,0.1428571428571429,0.24666666666666667,0.0,0.0,2007-05-30T02:01:29Z,ls7,qd9vcp7ucbsb,0.24957841483979765,0.654300168634064,0.0961214165261383
0.07142857142857142,0.5828571428571429,0.0,0.33428571428571435,0.0,0.0,2007-06-15T02:01:30Z,ls7,qd9vcp7ucbsb,0.33815028901734107,0.5895953757225433,0.0722543352601156
,,1.0,,,,2007-06-23T02:05:08Z,ls5,qd9vcp7ucbsb,,,
,,1.0,,,,2007-07-01T02:01:29Z,ls7,qd9vcp7ucbsb,,,
0.10857142857142857,0.2571428571428571,0.0,0.19999999999999998,0.2857142857142857,0.14285714285714285,2007-07-09T02:04:57Z,ls5,qd9vcp7ucbsb,0.20202020202020204,0.25974025974025977,0.10966810966810969
,,1.0,,,,2007-07-17T02:01:26Z,ls7,qd9vcp7ucbsb,,,
,,1.0,,,,2007-07-25T02:04:49Z,ls5,qd9vcp7ucbsb,,,
0.021666666666666667,0.08,0.1428571428571429,0.06333333333333334,0.6666666666666666,0.16666666666666666,2007-08-02T02:01:21Z,ls7,qd9vcp7ucbsb,0.063973063973064,0.08080808080808083,0.02188552188552189
,,1.0,,,,2007-08-10T02:04:40Z,ls5,qd9vcp7ucbsb,,,
0.08249999999999999,0.605,0.4285714285714286,0.3075,0.0,0.0,2007-08-18T02:01:15Z,ls7,qd9vcp7ucbsb,0.30904522613065327,0.6080402010050251,0.08291457286432159
,,1.0,,,,2007-08-26T02:04:30Z,ls5,qd9vcp7ucbsb,,,
0.049999999999999996,0.64,0.0,0.3028571428571429,0.0,0.0,2007-09-02T02:10:36Z,ls5,qd9vcp7ucbsb,0.3050359712230216,0.6446043165467625,0.05035971223021582
,,1.0,,,,2007-09-03T02:01:08Z,ls7,qd9vcp7ucbsb,,,
,,1.0,,,,2007-09-10T02:07:15Z,ls7,qd9vcp7ucbsb,,,
0.017142857142857144,0.6957142857142857,0.0,0.2814285714285715,0.0,0.0,2007-09-11T02:04:22Z,ls5,qd9vcp7ucbsb,0.2830459770114943,0.6997126436781609,0.017241379310344827
,,1.0,,,,2007-09-19T02:01:02Z,ls7,qd9vcp7ucbsb,,,
0.012857142857142859,0.7128571428571429,0.0,0.26571428571428574,0.0,0.0,2007-10-05T02:00:53Z,ls7,qd9vcp7ucbsb,0.2680115273775216,0.7190201729106628,0.012968299711815562
0.13,0.57,0.7142857142857143,0.28,0.0,0.0,2007-10-12T02:07:10Z,ls7,qd9vcp7ucbsb,0.28571428571428575,0.5816326530612245,0.1326530612244898
0.03142857142857143,0.6871428571428572,0.0,0.27571428571428575,0.0,0.0,2007-10-21T02:01:06Z,ls7,qd9vcp7ucbsb,0.27729885057471265,0.6910919540229885,0.031609195402298854
0.014285714285714287,0.7057142857142856,0.0,0.27285714285714285,0.0,0.0,2007-11-06T02:01:16Z,ls7,qd9vcp7ucbsb,0.2748201438848921,0.7107913669064748,0.014388489208633098
,,1.0,,,,2007-11-22T02:01:25Z,ls7,qd9vcp7ucbsb,,,
0.05857142857142857,0.6928571428571428,0.0,0.2385714285714286,0.0,0.0,2007-12-08T02:01:31Z,ls7,qd9vcp7ucbsb,0.240981240981241,0.6998556998556997,0.05916305916305916
0.06714285714285714,0.6642857142857144,0.0,0.2571428571428572,0.0,0.0,2007-12-24T02:01:34Z,ls7,qd9vcp7ucbsb,0.26011560693641617,0.6719653179190752,0.06791907514450866
,,1.0,,,,2007-12-31T02:07:46Z,ls7,qd9vcp7ucbsb,,,
0.005714285714285714,0.7542857142857144,0.0,0.23142857142857146,0.0,0.0,2008-01-09T02:01:36Z,ls7,qd9vcp7ucbsb,0.2334293948126801,0.760806916426513,0.005763688760806916
,,1.0,,,,2008-01-17T02:02:20Z,ls5,qd9vcp7ucbsb,,,
0.014285714285714287,0.7614285714285713,0.0,0.21142857142857144,0.0,0.0,2008-01-24T02:08:22Z,ls5,qd9vcp7ucbsb,0.21418234442836473,0.7713458755426917,0.014471780028943563
0.04,0.7566666666666667,0.5714285714285714,0.19666666666666668,0.0,0.0,2008-01-25T02:01:35Z,ls7,qd9vcp7ucbsb,0.19798657718120805,0.761744966442953,0.040268456375838924
0.0,0.7857142857142857,0.0,0.20714285714285716,0.0,0.0,2008-02-02T02:02:03Z,ls5,qd9vcp7ucbsb,0.20863309352517986,0.7913669064748201,0.0
0.0,0.6728571428571429,0.0,0.32,0.0,0.0,2008-02-09T02:08:07Z,ls5,qd9vcp7ucbsb,0.32230215827338127,0.6776978417266187,0.0
0.03428571428571429,0.7185714285714286,0.0,0.24,0.0,0.0,2008-02-10T02:01:32Z,ls7,qd9vcp7ucbsb,0.24172661870503595,0.7237410071942446,0.034532374100719423
0.0,0.7571428571428571,0.0,0.23714285714285716,0.0,0.0,2008-02-18T02:01:46Z,ls5,qd9vcp7ucbsb,0.23850574712643682,0.7614942528735632,0.0
,,1.0,,,,2008-02-26T02:01:28Z,ls7,qd9vcp7ucbsb,,,
0.013333333333333334,0.7316666666666666,0.1428571428571429,0.24666666666666667,0.0,0.0,2008-03-13T02:01:22Z,ls7,qd9vcp7ucbsb,0.24873949579831936,0.7378151260504201,0.013445378151260507
0.03,0.59,0.8571428571428572,0.38,0.0,0.0,2008-03-20T02:07:34Z,ls7,qd9vcp7ucbsb,0.38,0.59,0.03
0.04,0.7000000000000001,0.0,0.25142857142857145,0.0,0.0,2008-03-29T02:01:23Z,ls7,qd9vcp7ucbsb,0.25360230547550433,0.7060518731988472,0.04034582132564841
,,1.0,,,,2008-04-14T02:01:22Z,ls7,qd9vcp7ucbsb,,,
0.0,0.6971428571428572,0.0,0.2942857142857143,0.0,0.0,2008-04-30T02:01:19Z,ls7,qd9vcp7ucbsb,0.2968299711815562,0.7031700288184437,0.0
0.045714285714285714,0.6885714285714285,0.0,0.25285714285714284,0.0,0.0,2008-05-16T02:01:14Z,ls7,qd9vcp7ucbsb,0.25615050651230103,0.6975397973950797,0.0463096960926194
,,1.0,,,,2008-06-01T02:01:06Z,ls7,qd9vcp7ucbsb,,,
0.0,0.08285714285714285,0.0,0.058571428571428566,0.42857142857142855,0.42857142857142855,2008-06-17T02:00:57Z,ls7,qd9vcp7ucbsb,0.05916305916305917,0.08369408369408371,0.0
0.065,0.6125,0.4285714285714286,0.31,0.0,0.0,2008-06-24T02:07:04Z,ls7,qd9vcp7ucbsb,0.3139240506329114,0.620253164556962,0.06582278481012659
0.045000000000000005,0.055,0.1428571428571429,0.06333333333333334,0.5,0.3333333333333333,2008-07-03T02:00:47Z,ls7,qd9vcp7ucbsb,0.06462585034013606,0.05612244897959183,0.04591836734693878
0.06428571428571428,0.20142857142857143,0.0,0.15571428571428572,0.42857142857142855,0.14285714285714285,2008-07-10T02:06:53Z,ls7,qd9vcp7ucbsb,0.15835351089588376,0.20484261501210654,0.06537530266343825
0.6799999999999999,0.075,0.7142857142857143,0.245,0.0,0.0,2008-07-19T02:00:35Z,ls7,qd9vcp7ucbsb,0.245,0.075,0.6799999999999999
0.028571428571428574,0.15285714285714283,0.0,0.10142857142857142,0.42857142857142855,0.2857142857142857,2008-08-04T02:00:28Z,ls7,qd9vcp7ucbsb,0.10245310245310246,0.1544011544011544,0.028860028860028867
,,1.0,,,,2008-08-11T02:06:36Z,ls7,qd9vcp7ucbsb,,,
0.08571428571428572,0.61,0.0,0.2928571428571428,0.0,0.0,2008-08-20T02:00:22Z,ls7,qd9vcp7ucbsb,0.29624277456647397,0.6170520231213873,0.08670520231213873
0.024,0.7,0.2857142857142857,0.26399999999999996,0.0,0.0,2008-08-27T02:06:29Z,ls7,qd9vcp7ucbsb,0.2672064777327935,0.7085020242914979,0.024291497975708502
0.0,0.0,0.0,0.0,0.8571428571428571,0.14285714285714285,2008-09-05T02:00:14Z,ls7,qd9vcp7ucbsb,0.0,0.0,0.0
0.06714285714285714,0.21714285714285714,0.0,0.13714285714285715,0.14285714285714285,0.42857142857142855,2008-10-07T01:59:55Z,ls7,qd9vcp7ucbsb,0.1394673123486683,0.2208232445520581,0.06828087167070218
0.054285714285714284,0.6528571428571429,0.0,0.2857142857142857,0.0,0.0,2008-10-15T01:55:20Z,ls5,qd9vcp7ucbsb,0.28776978417266186,0.6575539568345324,0.05467625899280575
,,1.0,,,,2008-10-23T02:00:03Z,ls7,qd9vcp7ucbsb,,,
0.032857142857142856,0.6671428571428573,0.0,0.2928571428571428,0.0,0.0,2008-10-31T01:54:47Z,ls5,qd9vcp7ucbsb,0.29496402877697836,0.6719424460431656,0.033093525179856115
0.0325,0.6825,0.4285714285714286,0.275,0.0,0.0,2008-11-08T02:00:18Z,ls7,qd9vcp7ucbsb,0.2777777777777778,0.6893939393939394,0.03282828282828283
,,1.0,,,,2008-11-15T02:06:34Z,ls7,qd9vcp7ucbsb,,,
,,1.0,,,,2008-11-16T01:54:32Z,ls5,qd9vcp7ucbsb,,,
,,1.0,,,,2008-11-24T02:00:30Z,ls7,qd9vcp7ucbsb,,,
0.34,0.434,0.2857142857142857,0.21600000000000003,0.0,0.0,2008-12-02T01:55:04Z,ls5,qd9vcp7ucbsb,0.2181818181818182,0.4383838383838384,0.3434343434343435
,,1.0,,,,2008-12-10T02:00:41Z,ls7,qd9vcp7ucbsb,,,
0.07428571428571429,0.6742857142857143,0.0,0.24285714285714285,0.0,0.0,2008-12-18T01:55:33Z,ls5,qd9vcp7ucbsb,0.24495677233429394,0.6801152737752161,0.07492795389048991
0.125,0.5700000000000001,0.7142857142857143,0.29000000000000004,0.0,0.0,2008-12-26T02:00:49Z,ls7,qd9vcp7ucbsb,0.29441624365482233,0.5786802030456852,0.12690355329949238
0.028571428571428574,0.7171428571428571,0.0,0.25000000000000006,0.0,0.0,2009-01-03T01:55:59Z,ls5,qd9vcp7ucbsb,0.2510760401721665,0.7202295552367288,0.028694404591104738
,,1.0,,,,2009-01-11T02:00:55Z,ls7,qd9vcp7ucbsb,,,
0.045714285714285714,0.6971428571428573,0.0,0.24714285714285714,0.0,0.0,2009-02-12T02:01:07Z,ls7,qd9vcp7ucbsb,0.2496392496392496,0.7041847041847042,0.04617604617604617
0.04428571428571428,0.7085714285714284,0.0,0.2385714285714286,0.0,0.0,2009-02-20T01:57:14Z,ls5,qd9vcp7ucbsb,0.24063400576368882,0.7146974063400575,0.0446685878962536
,,1.0,,,,2009-02-28T02:01:16Z,ls7,qd9vcp7ucbsb,,,
0.04428571428571428,0.6542857142857142,0.0,0.2942857142857143,0.0,0.0,2009-03-16T02:01:24Z,ls7,qd9vcp7ucbsb,0.29640287769784174,0.6589928057553956,0.044604316546762585
0.025714285714285717,0.6914285714285715,0.0,0.2742857142857143,0.0,0.0,2009-03-24T01:57:59Z,ls5,qd9vcp7ucbsb,0.276657060518732,0.6974063400576369,0.025936599423631128
0.05,0.6075,0.4285714285714286,0.3325,0.0,0.0,2009-04-01T02:01:30Z,ls7,qd9vcp7ucbsb,0.33585858585858586,0.6136363636363636,0.050505050505050504
0.047142857142857146,0.6228571428571428,0.0,0.32,0.0,0.0,2009-04-17T02:01:35Z,ls7,qd9vcp7ucbsb,0.32323232323232326,0.6291486291486291,0.04761904761904762
0.025714285714285714,0.6485714285714286,0.0,0.31714285714285717,0.0,0.0,2009-04-25T01:58:37Z,ls5,qd9vcp7ucbsb,0.31988472622478387,0.654178674351585,0.025936599423631124
0.03142857142857143,0.647142857142857,0.0,0.31142857142857144,0.0,0.0,2009-05-03T02:01:39Z,ls7,qd9vcp7ucbsb,0.3145743145743146,0.6536796536796536,0.03174603174603175
,,1.0,,,,2009-05-10T02:07:51Z,ls7,qd9vcp7ucbsb,,,
0.0014285714285714286,0.687142857142857,0.0,0.3071428571428571,0.0,0.0,2009-05-11T01:58:55Z,ls5,qd9vcp7ucbsb,0.3084648493543759,0.6901004304160688,0.0014347202295552368
0.10250000000000001,0.5375000000000001,0.4285714285714286,0.34750000000000003,0.0,0.0,2009-05-19T02:01:41Z,ls7,qd9vcp7ucbsb,0.3518987341772152,0.5443037974683544,0.10379746835443038
0.04428571428571428,0.5614285714285714,0.0,0.38571428571428573,0.0,0.0,2009-06-04T02:01:41Z,ls7,qd9vcp7ucbsb,0.3890489913544669,0.5662824207492796,0.0446685878962536
0.0,0.5885714285714286,0.0,0.4042857142857143,0.0,0.0,2009-06-20T02:01:39Z,ls7,qd9vcp7ucbsb,0.4071942446043166,0.5928057553956835,0.0
0.0071428571428571435,0.15571428571428572,0.0,0.11857142857142858,0.2857142857142857,0.42857142857142855,2009-06-28T01:59:47Z,ls5,qd9vcp7ucbsb,0.12037708484408995,0.158085569253082,0.007251631617113853
0.07,0.19,0.4285714285714286,0.23,0.5,0.0,2009-07-13T02:07:45Z,ls7,qd9vcp7ucbsb,0.2346938775510204,0.19387755102040816,0.07142857142857142
0.0642857142857143,0.10428571428571429,0.0,0.11285714285714286,0.5714285714285714,0.14285714285714285,2009-07-14T02:00:04Z,ls5,qd9vcp7ucbsb,0.11457577955039887,0.10587382160986224,0.06526468455402468
0.0,0.0,0.4285714285714286,0.0,0.0,1.0,2009-07-22T02:01:32Z,ls7,qd9vcp7ucbsb,0.0,0.0,0.0
,,1.0,,,,2009-07-29T02:07:40Z,ls7,qd9vcp7ucbsb,,,
0.018571428571428572,0.15714285714285717,0.0,0.10714285714285714,0.0,0.7142857142857143,2009-08-07T02:01:26Z,ls7,qd9vcp7ucbsb,0.10822510822510822,0.15873015873015872,0.01875901875901876
,,1.0,,,,2009-08-15T02:00:33Z,ls5,qd9vcp7ucbsb,,,
0.5733333333333334,0.135,0.1428571428571429,0.2866666666666667,0.0,0.0,2009-08-23T02:01:25Z,ls7,qd9vcp7ucbsb,0.288107202680067,0.135678391959799,0.576214405360134
0.04714285714285714,0.6314285714285715,0.0,0.31285714285714283,0.0,0.0,2009-08-31T02:00:47Z,ls5,qd9vcp7ucbsb,0.31556195965417866,0.6368876080691643,0.047550432276657055
,,1.0,,,,2009-09-08T02:01:24Z,ls7,qd9vcp7ucbsb,,,
,,1.0,,,,2009-09-16T02:01:00Z,ls5,qd9vcp7ucbsb,,,
0.025714285714285717,0.6628571428571429,0.0,0.3071428571428571,0.0,0.0,2009-09-24T02:01:23Z,ls7,qd9vcp7ucbsb,0.3084648493543759,0.6657101865136299,0.025824964131994265
,,1.0,,,,2009-10-01T02:07:32Z,ls7,qd9vcp7ucbsb,,,
0.03571428571428571,0.63,0.0,0.32857142857142857,0.0,0.0,2009-10-02T02:01:12Z,ls5,qd9vcp7ucbsb,0.3304597701149425,0.6336206896551724,0.035919540229885055
,,1.0,,,,2009-10-10T02:01:17Z,ls7,qd9vcp7ucbsb,,,
0.043333333333333335,0.6366666666666667,0.5714285714285714,0.31,0.0,0.0,2009-10-17T02:07:35Z,ls7,qd9vcp7ucbsb,0.3131313131313131,0.6430976430976431,0.043771043771043766
0.004285714285714286,0.7014285714285714,0.0,0.2871428571428572,0.0,0.0,2009-10-18T02:01:22Z,ls5,qd9vcp7ucbsb,0.2892086330935252,0.7064748201438847,0.004316546762589928
0.09999999999999999,0.6471428571428571,0.0,0.24285714285714285,0.0,0.0,2009-11-03T02:01:30Z,ls5,qd9vcp7ucbsb,0.2453102453102453,0.6536796536796536,0.10101010101010101
,,1.0,,,,2009-11-10T02:07:44Z,ls5,qd9vcp7ucbsb,,,
,,1.0,,,,2009-11-11T02:01:48Z,ls7,qd9vcp7ucbsb,,,
0.012857142857142857,0.6828571428571429,0.0,0.29857142857142854,0.0,0.0,2009-11-19T02:01:37Z,ls5,qd9vcp7ucbsb,0.300287356321839,0.6867816091954023,0.012931034482758619
0.024285714285714282,0.7114285714285715,0.0,0.2557142857142857,0.0,0.0,2009-11-27T02:01:59Z,ls7,qd9vcp7ucbsb,0.2579250720461095,0.7175792507204611,0.024495677233429387
0.05,0.655,0.7142857142857143,0.28500000000000003,0.0,0.0,2009-12-04T02:08:15Z,ls7,qd9vcp7ucbsb,0.2878787878787879,0.6616161616161615,0.050505050505050504
0.017142857142857144,0.7271428571428572,0.0,0.24714285714285714,0.0,0.0,2009-12-05T02:01:46Z,ls5,qd9vcp7ucbsb,0.24927953890489912,0.7334293948126802,0.01729106628242075
,,1.0,,,,2009-12-13T02:02:11Z,ls7,qd9vcp7ucbsb,,,
0.08428571428571428,0.6542857142857145,0.0,0.25142857142857145,0.0,0.0,2009-12-20T02:08:30Z,ls7,qd9vcp7ucbsb,0.25396825396825395,0.660894660894661,0.08513708513708512
0.02666666666666667,0.7399999999999999,0.5714285714285714,0.22666666666666666,0.0,0.0,2009-12-29T02:02:29Z,ls7,qd9vcp7ucbsb,0.22818791946308728,0.7449664429530202,0.026845637583892624
0.07142857142857142,0.7128571428571429,0.0,0.20428571428571432,0.0,0.0,2010-01-14T02:02:44Z,ls7,qd9vcp7ucbsb,0.20664739884393069,0.7210982658959538,0.0722543352601156
0.05142857142857143,0.7028571428571428,0.0,0.2342857142857143,0.0,0.0,2010-01-22T02:02:03Z,ls5,qd9vcp7ucbsb,0.2369942196531792,0.7109826589595376,0.05202312138728324
,,1.0,,,,2010-01-30T02:02:58Z,ls7,qd9vcp7ucbsb,,,
0.0,0.7766666666666667,0.1428571428571429,0.22,0.0,0.0,2010-02-15T02:03:09Z,ls7,qd9vcp7ucbsb,0.22073578595317725,0.7792642140468228,0.0
0.06857142857142857,0.6785714285714286,0.0,0.2442857142857143,0.0,0.0,2010-02-23T02:02:10Z,ls5,qd9vcp7ucbsb,0.24639769452449567,0.6844380403458212,0.06916426512968299
0.04714285714285714,0.6971428571428572,0.0,0.24571428571428572,0.0,0.0,2010-03-03T02:03:17Z,ls7,qd9vcp7ucbsb,0.2481962481962482,0.7041847041847042,0.047619047619047616
,,1.0,,,,2010-03-10T02:09:31Z,ls7,qd9vcp7ucbsb,,,
,,1.0,,,,2010-03-19T02:03:23Z,ls7,qd9vcp7ucbsb,,,
,,1.0,,,,2010-04-04T02:03:27Z,ls7,qd9vcp7ucbsb,,,
,,1.0,,,,2010-04-11T02:09:38Z,ls7,qd9vcp7ucbsb,,,
,,1.0,,,,2010-04-20T02:03:27Z,ls7,qd9vcp7ucbsb,,,
0.02,0.6416666666666667,0.1428571428571429,0.3316666666666667,0.0,0.0,2010-04-27T02:09:37Z,ls7,qd9vcp7ucbsb,0.3338926174496645,0.6459731543624161,0.020134228187919462
,,1.0,,,,2010-04-28T02:02:03Z,ls5,qd9vcp7ucbsb,,,
0.014000000000000002,0.7200000000000001,0.2857142857142857,0.256,0.0,0.0,2010-05-06T02:03:24Z,ls7,qd9vcp7ucbsb,0.2585858585858586,0.7272727272727273,0.014141414141414142
0.15999999999999998,0.53,0.0,0.3,0.0,0.0,2010-05-14T02:02:01Z,ls5,qd9vcp7ucbsb,0.30303030303030304,0.5353535353535354,0.1616161616161616
,,1.0,,,,2010-05-29T02:09:33Z,ls7,qd9vcp7ucbsb,,,
,,1.0,,,,2010-06-30T02:09:36Z,ls7,qd9vcp7ucbsb,,,
0.08571428571428573,0.5814285714285715,0.0,0.3242857142857143,0.0,0.0,2010-07-25T02:03:28Z,ls7,qd9vcp7ucbsb,0.32708933717579247,0.5864553314121038,0.08645533141210375
0.047142857142857146,0.6128571428571429,0.0,0.32571428571428573,0.0,0.0,2010-08-01T02:09:38Z,ls7,qd9vcp7ucbsb,0.33043478260869563,0.6217391304347826,0.04782608695652174
,,1.0,,,,2010-08-10T02:03:26Z,ls7,qd9vcp7ucbsb,,,
0.07714285714285715,0.11,0.0,0.09571428571428572,0.5714285714285714,0.14285714285714285,2010-08-26T02:03:30Z,ls7,qd9vcp7ucbsb,0.09668109668109669,0.11111111111111109,0.07792207792207792
,,1.0,,,,2010-09-02T02:09:42Z,ls7,qd9vcp7ucbsb,,,
0.02,0.6885714285714286,0.0,0.2814285714285715,0.0,0.0,2010-09-11T02:03:32Z,ls7,qd9vcp7ucbsb,0.2842712842712843,0.6955266955266955,0.0202020202020202
0.027142857142857142,0.6899999999999998,0.0,0.27571428571428575,0.0,0.0,2010-09-27T02:03:31Z,ls7,qd9vcp7ucbsb,0.27769784172661877,0.6949640287769784,0.027338129496402883
0.024285714285714282,0.6742857142857144,0.0,0.2928571428571428,0.0,0.0,2010-10-13T02:03:36Z,ls7,qd9vcp7ucbsb,0.29538904899135443,0.6801152737752162,0.02449567723342939
0.026000000000000002,0.6940000000000001,0.2857142857142857,0.272,0.0,0.0,2010-10-29T02:03:45Z,ls7,qd9vcp7ucbsb,0.27419354838709675,0.6995967741935484,0.02620967741935484
0.025714285714285714,0.6842857142857143,0.0,0.28285714285714286,0.0,0.0,2010-11-14T02:03:57Z,ls7,qd9vcp7ucbsb,0.28489208633093527,0.6892086330935252,0.02589928057553957
0.04,0.6942857142857142,0.0,0.25857142857142856,0.0,0.0,2010-11-30T02:04:08Z,ls7,qd9vcp7ucbsb,0.260431654676259,0.6992805755395682,0.040287769784172665
0.0,0.65,0.8571428571428572,0.35,0.0,0.0,2010-12-07T02:10:23Z,ls7,qd9vcp7ucbsb,0.35,0.65,0.0
,,1.0,,,,2010-12-08T02:01:02Z,ls5,qd9vcp7ucbsb,,,
,,1.0,,,,2010-12-23T02:10:30Z,ls7,qd9vcp7ucbsb,,,
0.0,0.7228571428571428,0.0,0.2742857142857143,0.0,0.0,2010-12-24T02:01:07Z,ls5,qd9vcp7ucbsb,0.27507163323782235,0.7249283667621775,0.0
0.0,0.7366666666666667,0.5714285714285714,0.26333333333333336,0.0,0.0,2011-01-01T02:04:25Z,ls7,qd9vcp7ucbsb,0.26333333333333336,0.7366666666666667,0.0
0.0,0.6985714285714285,0.0,0.2957142857142857,0.0,0.0,2011-01-09T02:01:10Z,ls5,qd9vcp7ucbsb,0.2974137931034483,0.7025862068965517,0.0
0.005714285714285714,0.7185714285714285,0.0,0.27142857142857146,0.0,0.0,2011-01-25T02:01:10Z,ls5,qd9vcp7ucbsb,0.272596843615495,0.7216642754662841,0.005738880918220947
0.011428571428571429,0.6885714285714286,0.0,0.2914285714285714,0.0,0.0,2011-02-02T02:04:38Z,ls7,qd9vcp7ucbsb,0.29394812680115273,0.6945244956772335,0.011527377521613832
0.005714285714285714,0.7214285714285714,0.0,0.27142857142857146,0.0,0.0,2011-02-10T02:01:13Z,ls5,qd9vcp7ucbsb,0.2718168812589414,0.7224606580829757,0.005722460658082976
0.04142857142857143,0.7014285714285714,0.0,0.24428571428571427,0.0,0.0,2011-02-18T02:04:42Z,ls7,qd9vcp7ucbsb,0.24746743849493485,0.7105643994211287,0.041968162083936326
0.004285714285714286,0.7214285714285713,0.0,0.26571428571428574,0.0,0.0,2011-02-26T02:01:12Z,ls5,qd9vcp7ucbsb,0.26801152737752165,0.7276657060518731,0.004322766570605188
,,1.0,,,,2011-03-06T02:04:47Z,ls7,qd9vcp7ucbsb,,,
0.008,0.726,0.2857142857142857,0.258,0.0,0.0,2011-03-22T02:04:47Z,ls7,qd9vcp7ucbsb,0.2600806451612903,0.7318548387096774,0.008064516129032258
0.055714285714285716,0.6757142857142858,0.0,0.26,0.0,0.0,2011-03-30T02:01:03Z,ls5,qd9vcp7ucbsb,0.2622478386167147,0.6815561959654179,0.05619596541786743
,,1.0,,,,2011-04-07T02:04:52Z,ls7,qd9vcp7ucbsb,,,
0.014285714285714287,0.6642857142857144,0.0,0.3071428571428571,0.0,0.0,2011-04-14T02:11:02Z,ls7,qd9vcp7ucbsb,0.31159420289855067,0.6739130434782609,0.014492753623188406
0.017142857142857144,0.6985714285714285,0.0,0.2742857142857143,0.0,0.0,2011-04-15T02:00:58Z,ls5,qd9vcp7ucbsb,0.27705627705627706,0.7056277056277056,0.017316017316017316
,,1.0,,,,2011-04-23T02:04:50Z,ls7,qd9vcp7ucbsb,,,
,,1.0,,,,2011-04-30T02:11:02Z,ls7,qd9vcp7ucbsb,,,
0.015714285714285715,0.6557142857142858,0.0,0.32285714285714284,0.0,0.0,2011-05-01T02:00:52Z,ls5,qd9vcp7ucbsb,0.3247126436781609,0.6594827586206897,0.015804597701149427
0.012857142857142857,0.6557142857142857,0.0,0.3242857142857143,0.0,0.0,2011-05-09T02:04:50Z,ls7,qd9vcp7ucbsb,0.32661870503597124,0.660431654676259,0.012949640287769784
0.04714285714285714,0.6271428571428572,0.0,0.3157142857142857,0.0,0.0,2011-05-25T02:04:49Z,ls7,qd9vcp7ucbsb,0.31890331890331886,0.6334776334776335,0.04761904761904761
0.04857142857142858,0.1942857142857143,0.0,0.17857142857142858,0.2857142857142857,0.2857142857142857,2011-06-10T02:04:50Z,ls7,qd9vcp7ucbsb,0.18159806295399514,0.19757869249394674,0.049394673123486686
0.0842857142857143,0.5471428571428572,0.0,0.36,0.0,0.0,2011-06-26T02:04:46Z,ls7,qd9vcp7ucbsb,0.3631123919308357,0.5518731988472623,0.08501440922190202
0.09999999999999999,0.09333333333333334,0.5714285714285714,0.13333333333333333,0.3333333333333333,0.3333333333333333,2011-07-12T02:04:46Z,ls7,qd9vcp7ucbsb,0.13605442176870752,0.09523809523809527,0.10204081632653064
,,1.0,,,,2011-07-19T02:10:56Z,ls7,qd9vcp7ucbsb,,,
,,1.0,,,,2011-07-28T02:04:43Z,ls7,qd9vcp7ucbsb,,,
,,1.0,,,,2011-08-04T02:10:52Z,ls7,qd9vcp7ucbsb,,,
0.09999999999999999,0.16428571428571428,0.0,0.15857142857142856,0.42857142857142855,0.14285714285714285,2011-08-05T02:00:09Z,ls5,qd9vcp7ucbsb,0.1607142857142857,0.1665057915057915,0.10135135135135134
0.05857142857142857,0.20714285714285713,0.0,0.15714285714285717,0.5714285714285714,0.0,2011-08-13T02:04:39Z,ls7,qd9vcp7ucbsb,0.15926640926640928,0.20994208494208494,0.05936293436293437
,,1.0,,,,2011-08-20T02:10:49Z,ls7,qd9vcp7ucbsb,,,
0.048571428571428564,0.2357142857142857,0.0,0.13999999999999999,0.0,0.5714285714285714,2011-08-29T02:04:37Z,ls7,qd9vcp7ucbsb,0.14141414141414144,0.23809523809523817,0.04906204906204907
0.06142857142857143,0.5128571428571428,0.0,0.27285714285714285,0.0,0.14285714285714285,2011-09-06T01:59:52Z,ls5,qd9vcp7ucbsb,0.276078053481089,0.5189111057576489,0.06215369790411951
0.005714285714285714,0.66,0.0,0.3271428571428571,0.0,0.0,2011-09-14T02:04:31Z,ls7,qd9vcp7ucbsb,0.3294964028776978,0.664748201438849,0.0057553956834532375
0.01,0.6925,0.4285714285714286,0.29250000000000004,0.0,0.0,2011-09-21T02:10:41Z,ls7,qd9vcp7ucbsb,0.29396984924623115,0.6959798994974874,0.010050251256281405
,,1.0,,,,2011-09-30T02:04:29Z,ls7,qd9vcp7ucbsb,,,
,,1.0,,,,2011-10-07T02:10:38Z,ls7,qd9vcp7ucbsb,,,
0.0,0.0,0.0,0.0,0.2857142857142857,0.7142857142857143,2011-10-08T01:59:19Z,ls5,qd9vcp7ucbsb,0.0,0.0,0.0
,,1.0,,,,2011-10-16T02:04:31Z,ls7,qd9vcp7ucbsb,,,
0.023333333333333334,0.6466666666666666,0.5714285714285714,0.32666666666666666,0.0,0.0,2011-10-23T02:10:46Z,ls7,qd9vcp7ucbsb,0.3277591973244147,0.6488294314381271,0.023411371237458196
,,1.0,,,,2011-11-01T02:04:36Z,ls7,qd9vcp7ucbsb,,,
,,1.0,,,,2011-11-17T02:04:50Z,ls7,qd9vcp7ucbsb,,,
,,1.0,,,,2011-11-24T02:11:06Z,ls7,qd9vcp7ucbsb,,,
0.03428571428571429,0.7057142857142856,0.0,0.25,0.0,0.0,2011-12-03T02:04:59Z,ls7,qd9vcp7ucbsb,0.25252525252525254,0.7128427128427128,0.03463203463203464
0.08,0.55,0.8571428571428572,0.36,0.0,0.0,2011-12-19T02:05:06Z,ls7,qd9vcp7ucbsb,0.36363636363636365,0.5555555555555556,0.08080808080808081
0.0025,0.7250000000000001,0.4285714285714286,0.2625,0.0,0.0,2012-01-04T02:05:15Z,ls7,qd9vcp7ucbsb,0.26515151515151514,0.7323232323232324,0.0025252525252525255
,,1.0,,,,2012-01-11T02:11:27Z,ls7,qd9vcp7ucbsb,,,
0.0,0.744,0.2857142857142857,0.246,0.0,0.0,2012-01-20T02:05:15Z,ls7,qd9vcp7ucbsb,0.24848484848484848,0.7515151515151515,0.0
0.08,0.55,0.8571428571428572,0.36,0.0,0.0,2012-02-05T02:05:19Z,ls7,qd9vcp7ucbsb,0.36363636363636365,0.5555555555555556,0.08080808080808081
0.0,0.6775,0.4285714285714286,0.3125,0.0,0.0,2012-02-21T02:05:23Z,ls7,qd9vcp7ucbsb,0.31565656565656564,0.6843434343434344,0.0
,,1.0,,,,2012-03-08T02:05:19Z,ls7,qd9vcp7ucbsb,,,
0.1,0.5,0.7142857142857143,0.39,0.0,0.0,2012-03-15T02:11:32Z,ls7,qd9vcp7ucbsb,0.393939393939394,0.5050505050505051,0.10101010101010102
0.014285714285714287,0.6614285714285714,0.0,0.31857142857142856,0.0,0.0,2012-03-24T02:05:22Z,ls7,qd9vcp7ucbsb,0.32040229885057475,0.6652298850574713,0.014367816091954025
,,1.0,,,,2012-03-31T02:11:32Z,ls7,qd9vcp7ucbsb,,,
0.015714285714285715,0.6614285714285713,0.0,0.31285714285714283,0.0,0.0,2012-04-09T02:05:17Z,ls7,qd9vcp7ucbsb,0.3160173160173161,0.6681096681096681,0.01587301587301588
0.10142857142857142,0.6399999999999999,0.0,0.24714285714285714,0.0,0.0,2012-04-25T02:05:32Z,ls7,qd9vcp7ucbsb,0.25000000000000006,0.6473988439306358,0.10260115606936417
0.041428571428571426,0.6085714285714285,0.0,0.3442857142857143,0.0,0.0,2012-05-11T02:05:55Z,ls7,qd9vcp7ucbsb,0.346264367816092,0.6120689655172414,0.041666666666666664
0.04285714285714286,0.6285714285714287,0.0,0.31857142857142856,0.0,0.0,2012-05-27T02:05:47Z,ls7,qd9vcp7ucbsb,0.32178932178932174,0.634920634920635,0.04329004329004329
,,1.0,,,,2012-06-12T02:05:37Z,ls7,qd9vcp7ucbsb,,,
0.0,0.0,0.0,0.0,0.7142857142857143,0.2857142857142857,2012-06-28T02:05:45Z,ls7,qd9vcp7ucbsb,0.0,0.0,0.0
0.10714285714285716,0.32142857142857145,0.0,0.2742857142857143,0.0,0.2857142857142857,2012-07-14T02:06:00Z,ls7,qd9vcp7ucbsb,0.2787456445993031,0.32665505226480834,0.10888501742160278
0.04,0.6171428571428571,0.0,0.3371428571428572,0.0,0.0,2012-07-30T02:06:10Z,ls7,qd9vcp7ucbsb,0.339080459770115,0.6206896551724137,0.040229885057471264
0.02,0.125,0.4285714285714286,0.1025,0.5,0.25,2012-08-15T02:06:22Z,ls7,qd9vcp7ucbsb,0.10353535353535354,0.12626262626262627,0.020202020202020204
0.017142857142857144,0.18142857142857144,0.0,0.08571428571428572,0.0,0.7142857142857143,2012-08-31T02:06:32Z,ls7,qd9vcp7ucbsb,0.08614501076812635,0.18234027279253412,0.017229002153625272
0.045714285714285714,0.6057142857142858,0.0,0.33571428571428574,0.0,0.0,2012-09-07T02:12:48Z,ls7,qd9vcp7ucbsb,0.34008683068017365,0.613603473227207,0.04630969609261939
0.02428571428571429,0.6542857142857142,0.0,0.31,0.0,0.0,2012-09-16T02:06:41Z,ls7,qd9vcp7ucbsb,0.31358381502890176,0.661849710982659,0.02456647398843931
,,1.0,,,,2012-09-23T02:12:56Z,ls7,qd9vcp7ucbsb,,,
,,1.0,,,,2012-10-02T02:06:51Z,ls7,qd9vcp7ucbsb,,,
,,1.0,,,,2012-10-09T02:13:03Z,ls7,qd9vcp7ucbsb,,,
0.022857142857142857,0.6714285714285714,0.0,0.2985714285714286,0.0,0.0,2012-10-18T02:07:00Z,ls7,qd9vcp7ucbsb,0.30071942446043165,0.6762589928057553,0.02302158273381295
0.0014285714285714286,0.7128571428571429,0.0,0.2785714285714286,0.0,0.0,2012-11-19T02:07:13Z,ls7,qd9vcp7ucbsb,0.2805755395683453,0.7179856115107913,0.0014388489208633094
0.0,0.6900000000000001,0.2857142857142857,0.302,0.0,0.0,2012-11-26T02:13:25Z,ls7,qd9vcp7ucbsb,0.30443548387096775,0.6955645161290324,0.0
,,1.0,,,,2012-12-21T02:07:22Z,ls7,qd9vcp7ucbsb,,,
0.032857142857142856,0.6842857142857143,0.0,0.2742857142857143,0.0,0.0,2013-01-22T02:07:25Z,ls7,qd9vcp7ucbsb,0.276657060518732,0.6902017291066282,0.03314121037463977
,,1.0,,,,2013-01-29T02:13:37Z,ls7,qd9vcp7ucbsb,,,
0.02,0.69,0.5714285714285714,0.28,0.0,0.0,2013-02-07T02:07:27Z,ls7,qd9vcp7ucbsb,0.2828282828282829,0.6969696969696969,0.020202020202020204
0.17,0.56,0.8571428571428572,0.26,0.0,0.0,2013-02-14T02:13:37Z,ls7,qd9vcp7ucbsb,0.2626262626262626,0.5656565656565656,0.1717171717171717
0.04428571428571428,0.6714285714285714,0.0,0.2757142857142857,0.0,0.0,2013-02-23T02:07:24Z,ls7,qd9vcp7ucbsb,0.2780979827089337,0.6772334293948127,0.0446685878962536
0.08714285714285715,0.6071428571428573,0.0,0.29714285714285715,0.0,0.0,2013-03-02T02:13:34Z,ls7,qd9vcp7ucbsb,0.2997118155619596,0.612391930835735,0.08789625360230546
,,1.0,,,,2013-03-11T02:07:23Z,ls7,qd9vcp7ucbsb,,,
,,1.0,,,,2013-03-18T02:13:32Z,ls7,qd9vcp7ucbsb,,,
0.017142857142857144,0.6014285714285715,0.0,0.3714285714285715,0.0,0.0,2013-03-27T02:07:16Z,ls7,qd9vcp7ucbsb,0.37518037518037517,0.6075036075036074,0.017316017316017313
0.015714285714285715,0.6457142857142858,0.0,0.3314285714285714,0.0,0.0,2013-04-03T02:13:28Z,ls7,qd9vcp7ucbsb,0.33381294964028774,0.6503597122302159,0.015827338129496403
0.032857142857142856,0.6428571428571429,0.0,0.31285714285714283,0.0,0.0,2013-04-06T02:17:40Z,ls8,qd9vcp7ucbsb,0.31647398843930635,0.6502890173410405,0.033236994219653176
0.11714285714285715,0.5800000000000001,0.0,0.29285714285714287,0.0,0.0,2013-04-20T02:13:02Z,ls8,qd9vcp7ucbsb,0.2958152958152958,0.5858585858585859,0.11832611832611832
0.018571428571428572,0.6414285714285715,0.0,0.33285714285714285,0.0,0.0,2013-04-28T02:07:09Z,ls7,qd9vcp7ucbsb,0.33525179856115106,0.646043165467626,0.01870503597122302
,,1.0,,,,2013-05-05T02:13:19Z,ls7,qd9vcp7ucbsb,,,
,,1.0,,,,2013-05-06T02:13:04Z,ls8,qd9vcp7ucbsb,,,
,,1.0,,,,2013-05-13T02:19:22Z,ls8,qd9vcp7ucbsb,,,
,,1.0,,,,2013-05-14T02:07:07Z,ls7,qd9vcp7ucbsb,,,
,,1.0,,,,2013-05-21T02:13:16Z,ls7,qd9vcp7ucbsb,,,
0.038571428571428576,0.21714285714285714,0.0,0.1657142857142857,0.14285714285714285,0.42857142857142855,2013-05-22T02:13:16Z,ls8,qd9vcp7ucbsb,0.16852300242130752,0.22082324455205815,0.039225181598062965
0.05285714285714286,0.6014285714285715,0.0,0.33428571428571424,0.0,0.0,2013-06-07T02:13:16Z,ls8,qd9vcp7ucbsb,0.338150289017341,0.6083815028901736,0.05346820809248555
0.005,0.5950000000000001,0.4285714285714286,0.3925,0.0,0.0,2013-06-15T02:06:54Z,ls7,qd9vcp7ucbsb,0.3954659949622166,0.5994962216624685,0.005037783375314861
0.13,0.51,0.7142857142857143,0.34,0.0,0.0,2013-06-22T02:13:02Z,ls7,qd9vcp7ucbsb,0.3469387755102041,0.520408163265306,0.13265306122448978
,,1.0,,,,2013-06-23T02:13:09Z,ls8,qd9vcp7ucbsb,,,
0.07857142857142858,0.59,0.0,0.31714285714285717,0.0,0.0,2013-06-30T02:18:59Z,ls8,qd9vcp7ucbsb,0.32173913043478264,0.5985507246376811,0.07971014492753624
0.10142857142857142,0.5657142857142857,0.0,0.3228571428571429,0.0,0.0,2013-07-01T02:06:46Z,ls7,qd9vcp7ucbsb,0.32611832611832614,0.5714285714285714,0.10245310245310245
0.15285714285714286,0.5285714285714286,0.0,0.30428571428571427,0.0,0.0,2013-07-08T02:12:51Z,ls7,qd9vcp7ucbsb,0.30869565217391304,0.536231884057971,0.15507246376811593
,,1.0,,,,2013-07-09T02:13:14Z,ls8,qd9vcp7ucbsb,,,
,,1.0,,,,2013-07-16T02:19:00Z,ls8,qd9vcp7ucbsb,,,
0.2557142857142857,0.21285714285714288,0.0,0.24,0.0,0.2857142857142857,2013-07-17T02:06:37Z,ls7,qd9vcp7ucbsb,0.24193548387096772,0.21457373271889402,0.25777649769585254
0.05,0.20714285714285713,0.0,0.16714285714285712,0.2857142857142857,0.2857142857142857,2013-07-25T02:13:13Z,ls8,qd9vcp7ucbsb,0.16883116883116886,0.20923520923520927,0.050505050505050525
,,1.0,,,,2013-08-01T02:19:01Z,ls8,qd9vcp7ucbsb,,,
0.09333333333333334,0.3266666666666667,0.1428571428571429,0.23833333333333337,0.16666666666666666,0.16666666666666666,2013-08-02T02:06:29Z,ls7,qd9vcp7ucbsb,0.24135021097046416,0.3308016877637131,0.09451476793248945
0.6466666666666667,0.11333333333333333,0.5714285714285714,0.22999999999999998,0.0,0.0,2013-08-10T02:13:15Z,ls8,qd9vcp7ucbsb,0.23232323232323232,0.11447811447811447,0.6531986531986532
0.02,0.19999999999999998,0.5714285714285714,0.11,0.3333333333333333,0.3333333333333333,2013-08-17T02:19:02Z,ls8,qd9vcp7ucbsb,0.11111111111111113,0.20202020202020204,0.020202020202020207
,,1.0,,,,2013-08-18T02:06:33Z,ls7,qd9vcp7ucbsb,,,
0.13857142857142857,0.32142857142857145,0.0,0.24571428571428575,0.0,0.2857142857142857,2013-08-26T02:13:17Z,ls8,qd9vcp7ucbsb,0.24869866975130134,0.32533256217466744,0.14025448235974552
0.0,0.0,0.0,0.0,0.8571428571428571,0.14285714285714285,2013-09-02T02:19:28Z,ls8,qd9vcp7ucbsb,0.0,0.0,0.0
,,1.0,,,,2013-09-11T02:13:15Z,ls8,qd9vcp7ucbsb,,,
0.09428571428571429,0.19,0.0,0.13999999999999999,0.14285714285714285,0.42857142857142855,2013-09-19T02:06:55Z,ls7,qd9vcp7ucbsb,0.14141414141414144,0.19191919191919196,0.09523809523809526
0.03571428571428571,0.6442857142857142,0.0,0.31,0.0,0.0,2013-09-27T02:13:06Z,ls8,qd9vcp7ucbsb,0.31313131313131315,0.6507936507936508,0.03607503607503608
,,1.0,,,,2013-10-04T02:18:54Z,ls8,qd9vcp7ucbsb,,,
0.015,0.6625,0.4285714285714286,0.3175,0.0,0.0,2013-10-05T02:07:07Z,ls7,qd9vcp7ucbsb,0.31909547738693467,0.6658291457286432,0.01507537688442211
0.032857142857142856,0.6257142857142857,0.0,0.33,0.0,0.0,2013-10-13T02:13:07Z,ls8,qd9vcp7ucbsb,0.33381502890173415,0.6329479768786127,0.033236994219653176
0.024285714285714282,0.5942857142857143,0.0,0.37142857142857144,0.0,0.0,2013-10-20T02:19:14Z,ls8,qd9vcp7ucbsb,0.37518037518037517,0.6002886002886003,0.02453102453102453
0.011666666666666667,0.6599999999999999,0.1428571428571429,0.3233333333333333,0.0,0.0,2013-10-21T02:07:17Z,ls7,qd9vcp7ucbsb,0.32495812395309887,0.6633165829145728,0.01172529313232831
0.025714285714285714,0.6428571428571429,0.0,0.32,0.0,0.0,2013-10-29T02:12:57Z,ls8,qd9vcp7ucbsb,0.3236994219653179,0.6502890173410405,0.02601156069364162
0.032857142857142856,0.65,0.0,0.3071428571428571,0.0,0.0,2013-11-05T02:18:46Z,ls8,qd9vcp7ucbsb,0.31024531024531027,0.6565656565656567,0.03318903318903319
0.012857142857142857,0.6971428571428572,0.0,0.28285714285714286,0.0,0.0,2013-11-06T02:07:22Z,ls7,qd9vcp7ucbsb,0.28489208633093527,0.702158273381295,0.012949640287769784
,,1.0,,,,2013-11-13T02:13:36Z,ls7,qd9vcp7ucbsb,,,
0.03428571428571429,0.6785714285714286,0.0,0.2785714285714286,0.0,0.0,2013-11-14T02:12:57Z,ls8,qd9vcp7ucbsb,0.28097982708933716,0.6844380403458213,0.0345821325648415
0.02428571428571429,0.7157142857142856,0.0,0.25000000000000006,0.0,0.0,2013-11-21T02:19:02Z,ls8,qd9vcp7ucbsb,0.2525252525252526,0.7229437229437229,0.024531024531024535
0.065,0.59,0.7142857142857143,0.32999999999999996,0.0,0.0,2013-11-22T02:07:27Z,ls7,qd9vcp7ucbsb,0.3350253807106599,0.5989847715736041,0.06598984771573606
0.039999999999999994,0.6714285714285715,0.0,0.2785714285714286,0.0,0.0,2013-11-30T02:12:52Z,ls8,qd9vcp7ucbsb,0.28138528138528135,0.6782106782106782,0.040404040404040394
0.0,0.685,0.7142857142857143,0.31,0.0,0.0,2013-12-08T02:07:35Z,ls7,qd9vcp7ucbsb,0.3115577889447236,0.6884422110552764,0.0
,,1.0,,,,2013-12-15T02:13:45Z,ls7,qd9vcp7ucbsb,,,
,,1.0,,,,2013-12-16T02:12:46Z,ls8,qd9vcp7ucbsb,,,
0.037142857142857144,0.7085714285714285,0.0,0.2442857142857143,0.0,0.0,2013-12-23T02:18:52Z,ls8,qd9vcp7ucbsb,0.24675324675324678,0.7157287157287157,0.03751803751803752
0.028571428571428574,0.7028571428571428,0.0,0.2571428571428572,0.0,0.0,2013-12-24T02:07:37Z,ls7,qd9vcp7ucbsb,0.2601156069364162,0.7109826589595376,0.028901734104046246
0.037142857142857144,0.6757142857142856,0.0,0.2742857142857143,0.0,0.0,2014-01-08T02:18:43Z,ls8,qd9vcp7ucbsb,0.2778581765557164,0.6845151953690303,0.03762662807525326
0.024999999999999998,0.7274999999999999,0.4285714285714286,0.2425,0.0,0.0,2014-01-09T02:07:40Z,ls7,qd9vcp7ucbsb,0.24371859296482412,0.7311557788944723,0.025125628140703515
0.047142857142857146,0.6885714285714286,0.0,0.25285714285714284,0.0,0.0,2014-01-17T02:12:23Z,ls8,qd9vcp7ucbsb,0.2557803468208092,0.6965317919075145,0.0476878612716763
0.0,0.59,0.8571428571428572,0.4,0.0,0.0,2014-01-25T02:08:00Z,ls7,qd9vcp7ucbsb,0.4040404040404041,0.5959595959595959,0.0
0.025714285714285714,0.6742857142857143,0.0,0.29,0.0,0.0,2014-02-02T02:12:17Z,ls8,qd9vcp7ucbsb,0.29292929292929293,0.6810966810966812,0.025974025974025976
0.07428571428571429,0.6385714285714286,0.0,0.2785714285714286,0.0,0.0,2014-02-09T02:18:21Z,ls8,qd9vcp7ucbsb,0.28097982708933716,0.6440922190201729,0.07492795389048991
0.03428571428571429,0.7271428571428571,0.0,0.23142857142857146,0.0,0.0,2014-02-10T02:08:05Z,ls7,qd9vcp7ucbsb,0.23309352517985615,0.7323741007194244,0.03453237410071943
0.02428571428571429,0.7199999999999999,0.0,0.24571428571428572,0.0,0.0,2014-02-18T02:12:04Z,ls8,qd9vcp7ucbsb,0.24819624819624825,0.7272727272727273,0.02453102453102454
0.054285714285714284,0.6471428571428571,0.0,0.2871428571428571,0.0,0.0,2014-02-25T02:18:08Z,ls8,qd9vcp7ucbsb,0.2904624277456647,0.6546242774566475,0.05491329479768787
0.08,0.55,0.8571428571428572,0.36,0.0,0.0,2014-02-26T02:07:57Z,ls7,qd9vcp7ucbsb,0.36363636363636365,0.5555555555555556,0.08080808080808081
0.0642857142857143,0.6371428571428571,0.0,0.29000000000000004,0.0,0.0,2014-03-05T02:14:12Z,ls7,qd9vcp7ucbsb,0.29250720461095103,0.6426512968299711,0.06484149855907782
0.055714285714285716,0.6642857142857144,0.0,0.26857142857142857,0.0,0.0,2014-03-06T02:11:48Z,ls8,qd9vcp7ucbsb,0.27167630057803466,0.6719653179190752,0.05635838150289017
,,1.0,,,,2014-03-13T02:17:33Z,ls8,qd9vcp7ucbsb,,,
,,1.0,,,,2014-03-14T02:08:05Z,ls7,qd9vcp7ucbsb,,,
,,1.0,,,,2014-03-21T02:14:20Z,ls7,qd9vcp7ucbsb,,,
,,1.0,,,,2014-03-22T02:11:38Z,ls8,qd9vcp7ucbsb,,,
0.028571428571428574,0.5942857142857143,0.0,0.3642857142857143,0.0,0.0,2014-04-07T02:11:23Z,ls8,qd9vcp7ucbsb,0.3690303907380608,0.6020260492040521,0.028943560057887122
0.025714285714285714,0.6328571428571428,0.0,0.3271428571428571,0.0,0.0,2014-04-14T02:17:01Z,ls8,qd9vcp7ucbsb,0.3318840579710145,0.6420289855072463,0.026086956521739132
0.0175,0.6525,0.4285714285714286,0.3175,0.0,0.0,2014-04-15T02:08:18Z,ls7,qd9vcp7ucbsb,0.3215189873417722,0.660759493670886,0.017721518987341776
,,1.0,,,,2014-04-22T02:14:35Z,ls7,qd9vcp7ucbsb,,,
,,1.0,,,,2014-04-23T02:11:07Z,ls8,qd9vcp7ucbsb,,,
0.06,0.5971428571428571,0.0,0.32857142857142857,0.0,0.0,2014-05-01T02:08:27Z,ls7,qd9vcp7ucbsb,0.3333333333333333,0.6057971014492752,0.0608695652173913
0.12857142857142856,0.42,0.0,0.29857142857142854,0.0,0.14285714285714285,2014-05-09T02:10:51Z,ls8,qd9vcp7ucbsb,0.30209588051072034,0.4249578414839798,0.1300891351481571
,,1.0,,,,2014-05-16T02:16:33Z,ls8,qd9vcp7ucbsb,,,
,,1.0,,,,2014-05-17T02:08:34Z,ls7,qd9vcp7ucbsb,,,
,,1.0,,,,2014-05-25T02:10:45Z,ls8,qd9vcp7ucbsb,,,
0.5525,0.2425,0.4285714285714286,0.1975,0.0,0.0,2014-06-01T02:17:01Z,ls8,qd9vcp7ucbsb,0.19899244332493704,0.2443324937027708,0.5566750629722922
0.02,0.628,0.2857142857142857,0.34,0.0,0.0,2014-06-02T02:08:38Z,ls7,qd9vcp7ucbsb,0.3441295546558705,0.6356275303643725,0.020242914979757085
,,1.0,,,,2014-06-10T02:10:55Z,ls8,qd9vcp7ucbsb,,,
,,1.0,,,,2014-06-17T02:16:44Z,ls8,qd9vcp7ucbsb,,,
,,1.0,,,,2014-06-18T02:08:38Z,ls7,qd9vcp7ucbsb,,,
0.2657142857142857,0.3742857142857143,0.0,0.34571428571428564,0.0,0.0,2014-06-25T02:14:52Z,ls7,qd9vcp7ucbsb,0.35072463768115936,0.37971014492753624,0.26956521739130435
,,1.0,,,,2014-06-26T02:10:57Z,ls8,qd9vcp7ucbsb,,,
0.14714285714285716,0.2942857142857143,0.0,0.26000000000000006,0.0,0.2857142857142857,2014-07-03T02:16:49Z,ls8,qd9vcp7ucbsb,0.264765784114053,0.2996799534477742,0.1498399767238871
,,1.0,,,,2014-07-04T02:08:45Z,ls7,qd9vcp7ucbsb,,,
0.12142857142857144,0.31142857142857144,0.0,0.2685714285714286,0.14285714285714285,0.14285714285714285,2014-07-11T02:14:57Z,ls7,qd9vcp7ucbsb,0.27349432644748334,0.3171370381146349,0.12365434972359618
0.1442857142857143,0.3885714285714285,0.0,0.31285714285714283,0.0,0.14285714285714285,2014-07-12T02:11:06Z,ls8,qd9vcp7ucbsb,0.31708494208494215,0.3938223938223938,0.14623552123552128
0.11142857142857143,0.5514285714285714,0.0,0.3228571428571429,0.0,0.0,2014-07-19T02:16:54Z,ls8,qd9vcp7ucbsb,0.327536231884058,0.5594202898550724,0.11304347826086956
0.0,0.0,0.4285714285714286,0.0,0.25,0.75,2014-07-20T02:08:47Z,ls7,qd9vcp7ucbsb,0.0,0.0,0.0
,,1.0,,,,2014-07-28T02:11:09Z,ls8,qd9vcp7ucbsb,,,
0.10571428571428573,0.5642857142857143,0.0,0.31285714285714283,0.0,0.0,2014-08-04T02:17:01Z,ls8,qd9vcp7ucbsb,0.31831395348837205,0.5741279069767442,0.10755813953488373
0.1075,0.5974999999999999,0.4285714285714286,0.28250000000000003,0.0,0.0,2014-08-05T02:08:53Z,ls7,qd9vcp7ucbsb,0.28607594936708863,0.6050632911392405,0.1088607594936709
0.07714285714285715,0.5942857142857142,0.0,0.3157142857142857,0.0,0.0,2014-08-13T02:11:18Z,ls8,qd9vcp7ucbsb,0.3198263386396527,0.602026049204052,0.07814761215629523
,,1.0,,,,2014-08-20T02:17:06Z,ls8,qd9vcp7ucbsb,,,
0.105,0.51,0.7142857142857143,0.375,0.0,0.0,2014-08-21T02:08:52Z,ls7,qd9vcp7ucbsb,0.3787878787878788,0.5151515151515151,0.10606060606060606
0.0,0.0,0.5714285714285714,0.0,0.3333333333333333,0.6666666666666666,2014-08-28T02:15:02Z,ls7,qd9vcp7ucbsb,0.0,0.0,0.0
0.03142857142857143,0.6414285714285715,0.0,0.32,0.0,0.0,2014-08-29T02:11:19Z,ls8,qd9vcp7ucbsb,0.32230215827338127,0.6460431654676259,0.031654676258992806
0.03428571428571429,0.6228571428571429,0.0,0.33,0.0,0.0,2014-09-05T02:17:09Z,ls8,qd9vcp7ucbsb,0.33429811866859627,0.6309696092619392,0.03473227206946455
0.05285714285714286,0.6142857142857142,0.0,0.32,0.0,0.0,2014-09-14T02:11:23Z,ls8,qd9vcp7ucbsb,0.3241678726483358,0.622286541244573,0.05354558610709118
,,1.0,,,,2014-09-22T02:08:58Z,ls7,qd9vcp7ucbsb,,,
0.049999999999999996,0.6085714285714285,0.0,0.33,0.0,0.0,2014-09-30T02:11:23Z,ls8,qd9vcp7ucbsb,0.3338150289017341,0.6156069364161849,0.05057803468208091
0.038571428571428576,0.6357142857142858,0.0,0.3157142857142857,0.0,0.0,2014-10-07T02:17:37Z,ls8,qd9vcp7ucbsb,0.31890331890331886,0.6421356421356421,0.03896103896103896
0.04285714285714286,0.6057142857142858,0.0,0.3442857142857143,0.0,0.0,2014-10-08T02:09:11Z,ls7,qd9vcp7ucbsb,0.3467625899280576,0.6100719424460432,0.04316546762589928
0.02,0.6,0.8571428571428572,0.37,0.0,0.0,2014-10-15T02:15:23Z,ls7,qd9vcp7ucbsb,0.37373737373737376,0.6060606060606061,0.020202020202020204
,,1.0,,,,2014-10-16T02:11:28Z,ls8,qd9vcp7ucbsb,,,
0.021428571428571432,0.6185714285714285,0.0,0.35000000000000003,0.0,0.0,2014-10-23T02:17:15Z,ls8,qd9vcp7ucbsb,0.35353535353535354,0.6248196248196247,0.021645021645021648
,,1.0,,,,2014-10-24T02:09:20Z,ls7,qd9vcp7ucbsb,,,
0.037142857142857144,0.6542857142857142,0.0,0.29714285714285715,0.0,0.0,2014-11-01T02:11:25Z,ls8,qd9vcp7ucbsb,0.30057803468208094,0.661849710982659,0.03757225433526012
0.055714285714285716,0.6471428571428571,0.0,0.2857142857142857,0.0,0.0,2014-11-08T02:17:15Z,ls8,qd9vcp7ucbsb,0.2890173410404624,0.6546242774566474,0.05635838150289018
0.024285714285714282,0.6885714285714286,0.0,0.2785714285714286,0.0,0.0,2014-11-09T02:09:29Z,ls7,qd9vcp7ucbsb,0.28097982708933716,0.6945244956772335,0.02449567723342939
0.04,0.6425,0.4285714285714286,0.30250000000000005,0.0,0.0,2014-11-17T02:11:26Z,ls8,qd9vcp7ucbsb,0.3071065989847716,0.6522842639593908,0.04060913705583756
0.05857142857142857,0.6542857142857142,0.0,0.2771428571428572,0.0,0.0,2014-11-24T02:17:36Z,ls8,qd9vcp7ucbsb,0.27994227994227994,0.6608946608946608,0.05916305916305916
0.032857142857142856,0.7157142857142856,0.0,0.24857142857142858,0.0,0.0,2014-11-25T02:09:32Z,ls7,qd9vcp7ucbsb,0.24928366762177656,0.7177650429799427,0.032951289398280806
0.034,0.644,0.2857142857142857,0.312,0.0,0.0,2014-12-03T02:11:25Z,ls8,qd9vcp7ucbsb,0.3151515151515151,0.6505050505050505,0.03434343434343435
0.049999999999999996,0.67,0.0,0.26571428571428574,0.0,0.0,2014-12-10T02:17:31Z,ls8,qd9vcp7ucbsb,0.26956521739130435,0.6797101449275362,0.05072463768115942
0.05142857142857143,0.6642857142857144,0.0,0.2742857142857143,0.0,0.0,2014-12-11T02:09:39Z,ls7,qd9vcp7ucbsb,0.27705627705627706,0.670995670995671,0.051948051948051945
0.032857142857142856,0.6957142857142857,0.0,0.26142857142857145,0.0,0.0,2014-12-19T02:11:22Z,ls8,qd9vcp7ucbsb,0.2640692640692641,0.7027417027417028,0.033189033189033185
0.04,0.7028571428571428,0.0,0.25142857142857145,0.0,0.0,2014-12-26T02:17:31Z,ls8,qd9vcp7ucbsb,0.25287356321839083,0.7068965517241379,0.040229885057471264
0.0425,0.7225,0.4285714285714286,0.225,0.0,0.0,2014-12-27T02:09:46Z,ls7,qd9vcp7ucbsb,0.2272727272727273,0.7297979797979799,0.042929292929292935
0.045714285714285714,0.6828571428571429,0.0,0.25857142857142856,0.0,0.0,2015-01-04T02:11:17Z,ls8,qd9vcp7ucbsb,0.2619392185238784,0.6917510853835022,0.04630969609261939
0.06857142857142857,0.6842857142857144,0.0,0.2357142857142857,0.0,0.0,2015-01-11T02:17:28Z,ls8,qd9vcp7ucbsb,0.23843930635838145,0.6921965317919074,0.06936416184971098
,,1.0,,,,2015-01-12T02:09:49Z,ls7,qd9vcp7ucbsb,,,
0.0,0.7,0.7142857142857143,0.29,0.0,0.0,2015-01-19T02:15:58Z,ls7,qd9vcp7ucbsb,0.29292929292929293,0.7070707070707071,0.0
0.054285714285714284,0.6728571428571428,0.0,0.25999999999999995,0.0,0.0,2015-01-20T02:11:13Z,ls8,qd9vcp7ucbsb,0.26338639652677276,0.6816208393632417,0.05499276410998553
0.047142857142857146,0.6685714285714285,0.0,0.27285714285714285,0.0,0.0,2015-01-27T02:16:58Z,ls8,qd9vcp7ucbsb,0.27601156069364163,0.6763005780346821,0.04768786127167631
0.05,0.692,0.2857142857142857,0.244,0.0,0.0,2015-01-28T02:09:53Z,ls7,qd9vcp7ucbsb,0.24746450304259635,0.7018255578093305,0.05070993914807303
0.021428571428571432,0.66,0.0,0.3085714285714286,0.0,0.0,2015-02-05T02:11:10Z,ls8,qd9vcp7ucbsb,0.3116883116883117,0.6666666666666666,0.021645021645021648
0.04857142857142858,0.6571428571428571,0.0,0.28285714285714286,0.0,0.0,2015-02-21T02:11:03Z,ls8,qd9vcp7ucbsb,0.2861271676300578,0.6647398843930636,0.04913294797687862
0.08142857142857142,0.6185714285714285,0.0,0.2871428571428572,0.0,0.0,2015-02-28T02:16:48Z,ls8,qd9vcp7ucbsb,0.29088277858176564,0.6266280752532561,0.08248914616497828
0.03,0.6785714285714286,0.0,0.27714285714285714,0.0,0.0,2015-03-09T02:10:54Z,ls8,qd9vcp7ucbsb,0.2811594202898551,0.6884057971014492,0.03043478260869565
0.23,0.42,0.8571428571428572,0.33,0.0,0.0,2015-03-16T02:17:01Z,ls8,qd9vcp7ucbsb,0.33673469387755106,0.42857142857142855,0.23469387755102042
0.10399999999999998,0.694,0.2857142857142857,0.196,0.0,0.0,2015-03-17T02:10:13Z,ls7,qd9vcp7ucbsb,0.19718309859154934,0.6981891348088531,0.10462776659959758
,,1.0,,,,2015-03-24T02:16:28Z,ls7,qd9vcp7ucbsb,,,
0.054285714285714284,0.6142857142857144,0.0,0.31857142857142856,0.0,0.0,2015-03-25T02:10:46Z,ls8,qd9vcp7ucbsb,0.32272069464544134,0.6222865412445732,0.05499276410998552
0.03142857142857143,0.6357142857142856,0.0,0.32,0.0,0.0,2015-04-01T02:16:50Z,ls8,qd9vcp7ucbsb,0.3241678726483358,0.6439942112879884,0.031837916063675836
0.021428571428571432,0.6528571428571429,0.0,0.31714285714285717,0.0,0.0,2015-04-02T02:10:19Z,ls7,qd9vcp7ucbsb,0.31988472622478387,0.6585014409221902,0.021613832853025938
0.23428571428571426,0.19714285714285715,0.0,0.13285714285714284,0.0,0.42857142857142855,2015-04-10T02:10:36Z,ls8,qd9vcp7ucbsb,0.1345388788426763,0.1996383363471971,0.237251356238698
0.03142857142857143,0.6485714285714286,0.0,0.3057142857142857,0.0,0.0,2015-04-17T02:16:48Z,ls8,qd9vcp7ucbsb,0.31014492753623185,0.6579710144927536,0.03188405797101449
0.038571428571428576,0.6357142857142856,0.0,0.31857142857142856,0.0,0.0,2015-04-18T02:10:28Z,ls7,qd9vcp7ucbsb,0.320863309352518,0.6402877697841726,0.038848920863309364
0.038571428571428576,0.6528571428571429,0.0,0.2957142857142857,0.0,0.0,2015-04-26T02:10:33Z,ls8,qd9vcp7ucbsb,0.29956584659913166,0.6613603473227208,0.039073806078147616
0.04428571428571428,0.6328571428571428,0.0,0.31142857142857144,0.0,0.0,2015-05-03T02:16:13Z,ls8,qd9vcp7ucbsb,0.3150289017341041,0.6401734104046243,0.04479768786127168
0.005714285714285714,0.6642857142857143,0.0,0.32142857142857145,0.0,0.0,2015-05-04T02:10:34Z,ls7,qd9vcp7ucbsb,0.3242074927953891,0.670028818443804,0.005763688760806916
0.014285714285714285,0.6642857142857144,0.0,0.31285714285714283,0.0,0.0,2015-05-11T02:16:49Z,ls7,qd9vcp7ucbsb,0.31556195965417866,0.6700288184438041,0.01440922190201729
0.03,0.6342857142857142,0.0,0.3271428571428571,0.0,0.0,2015-05-12T02:10:17Z,ls8,qd9vcp7ucbsb,0.329971181556196,0.6397694524495677,0.030259365994236315
,,1.0,,,,2015-05-19T02:16:27Z,ls8,qd9vcp7ucbsb,,,
0.06,0.6057142857142858,0.0,0.32571428571428573,0.0,0.0,2015-05-20T02:10:42Z,ls7,qd9vcp7ucbsb,0.3285302593659942,0.6109510086455331,0.060518731988472615
0.10714285714285714,0.5657142857142857,0.0,0.31428571428571433,0.0,0.0,2015-05-27T02:16:53Z,ls7,qd9vcp7ucbsb,0.31837916063675836,0.573082489146165,0.10853835021707668
0.047142857142857146,0.6071428571428571,0.0,0.33428571428571435,0.0,0.0,2015-05-28T02:10:19Z,ls8,qd9vcp7ucbsb,0.33815028901734107,0.6141618497109825,0.0476878612716763
0.03142857142857143,0.6257142857142857,0.0,0.33,0.0,0.0,2015-06-04T02:16:11Z,ls8,qd9vcp7ucbsb,0.3342981186685962,0.6338639652677278,0.03183791606367583
0.05285714285714286,0.14285714285714285,0.0,0.08714285714285715,0.2857142857142857,0.42857142857142855,2015-06-05T02:10:48Z,ls7,qd9vcp7ucbsb,0.08802308802308803,0.1443001443001443,0.0533910533910534
0.048571428571428564,0.6142857142857142,0.0,0.3257142857142857,0.0,0.0,2015-06-13T02:10:31Z,ls8,qd9vcp7ucbsb,0.3294797687861271,0.6213872832369942,0.04913294797687861
0.0,0.0,0.0,0.0,0.0,1.0,2015-06-20T02:16:44Z,ls8,qd9vcp7ucbsb,0.0,0.0,0.0
0.078,0.43,0.2857142857142857,0.28200000000000003,0.2,0.0,2015-06-28T02:17:03Z,ls7,qd9vcp7ucbsb,0.2855696202531646,0.4354430379746836,0.07898734177215191
0.13428571428571429,0.5128571428571428,0.0,0.33999999999999997,0.0,0.0,2015-06-29T02:10:37Z,ls8,qd9vcp7ucbsb,0.34442836468885674,0.5195369030390737,0.13603473227206947
,,1.0,,,,2015-07-06T02:16:53Z,ls8,qd9vcp7ucbsb,,,
,,1.0,,,,2015-07-07T02:10:56Z,ls7,qd9vcp7ucbsb,,,
0.06571428571428573,0.6214285714285713,0.0,0.30142857142857143,0.0,0.0,2015-07-15T02:10:47Z,ls8,qd9vcp7ucbsb,0.30491329479768786,0.6286127167630057,0.06647398843930637
,,1.0,,,,2015-07-22T02:16:36Z,ls8,qd9vcp7ucbsb,,,
0.0,0.0,0.0,0.0,1.0,0.0,2015-08-07T02:16:39Z,ls8,qd9vcp7ucbsb,0.0,0.0,0.0
0.385,0.015,0.7142857142857143,0.1,0.0,0.5,2015-08-08T02:11:03Z,ls7,qd9vcp7ucbsb,0.1,0.015,0.385
,,1.0,,,,2015-08-15T02:17:16Z,ls7,qd9vcp7ucbsb,,,
,,1.0,,,,2015-08-16T02:10:57Z,ls8,qd9vcp7ucbsb,,,
0.06142857142857144,0.12428571428571429,0.0,0.09571428571428572,0.2857142857142857,0.42857142857142855,2015-08-23T02:17:11Z,ls8,qd9vcp7ucbsb,0.0971718636693256,0.126178390137781,0.062364031907179124
0.19,0.45999999999999996,0.7142857142857143,0.33499999999999996,0.0,0.0,2015-08-24T02:11:05Z,ls7,qd9vcp7ucbsb,0.3401015228426396,0.467005076142132,0.19289340101522845
,,1.0,,,,2015-09-01T02:11:03Z,ls8,qd9vcp7ucbsb,,,
0.06999999999999999,0.63,0.0,0.2885714285714286,0.0,0.0,2015-09-08T02:17:17Z,ls8,qd9vcp7ucbsb,0.2919075144508671,0.6372832369942196,0.07080924855491329
0.04142857142857143,0.647142857142857,0.0,0.3057142857142857,0.0,0.0,2015-09-09T02:11:08Z,ls7,qd9vcp7ucbsb,0.30747126436781613,0.6508620689655171,0.04166666666666667
0.054285714285714284,0.64,0.0,0.2942857142857143,0.0,0.0,2015-09-17T02:11:11Z,ls8,qd9vcp7ucbsb,0.2976878612716763,0.6473988439306358,0.054913294797687855
0.08857142857142856,0.63,0.0,0.26999999999999996,0.0,0.0,2015-09-24T02:17:24Z,ls8,qd9vcp7ucbsb,0.273121387283237,0.6372832369942197,0.08959537572254336
0.03142857142857143,0.6842857142857143,0.0,0.27571428571428575,0.0,0.0,2015-09-25T02:11:12Z,ls7,qd9vcp7ucbsb,0.27809798270893377,0.6902017291066282,0.03170028818443804
,,1.0,,,,2015-10-03T02:11:15Z,ls8,qd9vcp7ucbsb,,,
0.04714285714285714,0.6971428571428572,0.0,0.24428571428571427,0.0,0.0,2015-10-10T02:17:02Z,ls8,qd9vcp7ucbsb,0.24710982658959535,0.7052023121387283,0.04768786127167629
0.07750000000000001,0.685,0.4285714285714286,0.22999999999999998,0.0,0.0,2015-10-11T02:11:21Z,ls7,qd9vcp7ucbsb,0.2317380352644836,0.6901763224181361,0.07808564231738037
0.021428571428571432,0.6285714285714287,0.0,0.3385714285714286,0.0,0.0,2015-10-19T02:11:17Z,ls8,qd9vcp7ucbsb,0.34248554913294793,0.6358381502890174,0.02167630057803468
0.06142857142857143,0.6485714285714286,0.0,0.2785714285714285,0.0,0.0,2015-10-26T02:17:30Z,ls8,qd9vcp7ucbsb,0.2817919075144509,0.6560693641618498,0.06213872832369943
,,1.0,,,,2015-10-27T02:11:38Z,ls7,qd9vcp7ucbsb,,,
0.041428571428571426,0.66,0.0,0.2857142857142857,0.0,0.0,2015-11-04T02:11:21Z,ls8,qd9vcp7ucbsb,0.2894356005788712,0.6685962373371925,0.041968162083936326
0.04285714285714286,0.6614285714285714,0.0,0.2842857142857143,0.0,0.0,2015-11-11T02:17:31Z,ls8,qd9vcp7ucbsb,0.2875722543352601,0.6690751445086704,0.04335260115606936
0.0642857142857143,0.6928571428571428,0.0,0.23714285714285713,0.0,0.0,2015-11-12T02:11:54Z,ls7,qd9vcp7ucbsb,0.2385057471264368,0.6968390804597702,0.06465517241379312
0.07571428571428572,0.6728571428571429,0.0,0.24142857142857146,0.0,0.0,2015-11-20T02:11:23Z,ls8,qd9vcp7ucbsb,0.24386724386724387,0.6796536796536796,0.07647907647907648
,,1.0,,,,2015-11-27T02:17:10Z,ls8,qd9vcp7ucbsb,,,
0.0,0.78,0.8571428571428572,0.22,0.0,0.0,2015-11-28T02:12:07Z,ls7,qd9vcp7ucbsb,0.22,0.78,0.0
0.02,0.61,0.4285714285714286,0.36000000000000004,0.0,0.0,2015-12-06T02:11:22Z,ls8,qd9vcp7ucbsb,0.3636363636363637,0.6161616161616161,0.020202020202020204
0.038571428571428576,0.6528571428571428,0.0,0.29571428571428576,0.0,0.0,2015-12-13T02:17:32Z,ls8,qd9vcp7ucbsb,0.2995658465991317,0.6613603473227206,0.039073806078147616
0.03571428571428571,0.6828571428571427,0.0,0.27,0.0,0.0,2015-12-14T02:12:24Z,ls7,qd9vcp7ucbsb,0.27312138728323704,0.6907514450867052,0.036127167630057806
0.05285714285714286,0.6914285714285715,0.0,0.24571428571428575,0.0,0.0,2015-12-22T02:11:23Z,ls8,qd9vcp7ucbsb,0.2481962481962482,0.6984126984126984,0.053391053391053385
0.05,0.61,0.8571428571428572,0.33,0.0,0.0,2015-12-30T02:12:36Z,ls7,qd9vcp7ucbsb,0.33333333333333337,0.6161616161616161,0.05050505050505051
0.032857142857142856,0.6942857142857143,0.0,0.26142857142857145,0.0,0.0,2016-01-07T02:11:18Z,ls8,qd9vcp7ucbsb,0.26445086705202314,0.7023121387283238,0.033236994219653176
0.055714285714285716,0.6714285714285715,0.0,0.25999999999999995,0.0,0.0,2016-01-14T02:17:06Z,ls8,qd9vcp7ucbsb,0.2633863965267727,0.6801736613603473,0.05643994211287988
0.01,0.63,0.8571428571428572,0.35,0.0,0.0,2016-01-15T02:12:52Z,ls7,qd9vcp7ucbsb,0.35353535353535354,0.6363636363636364,0.010101010101010102
0.038571428571428576,0.6471428571428571,0.0,0.30428571428571427,0.0,0.0,2016-01-23T02:11:19Z,ls8,qd9vcp7ucbsb,0.30735930735930733,0.6536796536796536,0.03896103896103897
0.060000000000000005,0.7314285714285714,0.0,0.20285714285714285,0.0,0.0,2016-01-30T02:17:05Z,ls8,qd9vcp7ucbsb,0.2040229885057471,0.735632183908046,0.0603448275862069
,,1.0,,,,2016-02-07T02:19:16Z,ls7,qd9vcp7ucbsb,,,
0.038571428571428576,0.6957142857142857,0.0,0.2542857142857143,0.0,0.0,2016-02-08T02:11:15Z,ls8,qd9vcp7ucbsb,0.25722543352601157,0.703757225433526,0.039017341040462436
0.060000000000000005,0.6628571428571429,0.0,0.2671428571428572,0.0,0.0,2016-02-15T02:16:57Z,ls8,qd9vcp7ucbsb,0.2698412698412698,0.6695526695526695,0.0606060606060606
0.05,0.6799999999999999,0.0,0.2571428571428572,0.0,0.0,2016-02-16T02:13:07Z,ls7,qd9vcp7ucbsb,0.2604920405209841,0.6888567293777135,0.050651230101302465
0.025,0.7625,0.4285714285714286,0.2075,0.0,0.0,2016-02-24T02:11:08Z,ls8,qd9vcp7ucbsb,0.20854271356783918,0.7663316582914572,0.02512562814070352
0.08,0.6228571428571428,0.0,0.2857142857142857,0.0,0.0,2016-03-02T02:16:55Z,ls8,qd9vcp7ucbsb,0.28901734104046245,0.630057803468208,0.0809248554913295
,,1.0,,,,2016-03-03T02:13:13Z,ls7,qd9vcp7ucbsb,,,
,,1.0,,,,2016-03-10T02:19:28Z,ls7,qd9vcp7ucbsb,,,
0.07285714285714286,0.6328571428571428,0.0,0.2842857142857143,0.0,0.0,2016-03-11T02:11:06Z,ls8,qd9vcp7ucbsb,0.2871572871572872,0.6392496392496393,0.0735930735930736
,,1.0,,,,2016-03-18T02:16:50Z,ls8,qd9vcp7ucbsb,,,
0.02,0.66,0.0,0.31285714285714283,0.0,0.0,2016-03-19T02:13:21Z,ls7,qd9vcp7ucbsb,0.3151079136690647,0.6647482014388489,0.02014388489208633
0.03,0.6457142857142858,0.0,0.31285714285714283,0.0,0.0,2016-04-03T02:16:40Z,ls8,qd9vcp7ucbsb,0.3164739884393063,0.6531791907514451,0.03034682080924855
,,1.0,,,,2016-04-04T02:13:24Z,ls7,qd9vcp7ucbsb,,,
0.028000000000000004,0.6859999999999999,0.2857142857142857,0.27599999999999997,0.0,0.0,2016-04-19T02:16:58Z,ls8,qd9vcp7ucbsb,0.27878787878787875,0.6929292929292928,0.028282828282828288
0.04,0.6557142857142857,0.0,0.2957142857142857,0.0,0.0,2016-04-20T02:13:33Z,ls7,qd9vcp7ucbsb,0.29827089337175794,0.6613832853025936,0.040345821325648415
0.17,0.54,0.4285714285714286,0.28250000000000003,0.0,0.0,2016-04-28T02:10:48Z,ls8,qd9vcp7ucbsb,0.2846347607052897,0.5440806045340051,0.1712846347607053
0.036,0.7219999999999999,0.2857142857142857,0.23199999999999998,0.0,0.0,2016-05-06T02:13:38Z,ls7,qd9vcp7ucbsb,0.23434343434343435,0.7292929292929292,0.03636363636363636
0.025714285714285714,0.6428571428571429,0.0,0.31857142857142856,0.0,0.0,2016-05-13T02:19:49Z,ls7,qd9vcp7ucbsb,0.32272069464544134,0.6512301013024602,0.026049204052098405
,,1.0,,,,2016-05-14T02:10:47Z,ls8,qd9vcp7ucbsb,,,
,,1.0,,,,2016-05-22T02:13:40Z,ls7,qd9vcp7ucbsb,,,
0.09428571428571429,0.602857142857143,0.0,0.2885714285714286,0.0,0.0,2016-05-30T02:10:54Z,ls8,qd9vcp7ucbsb,0.29275362318840575,0.6115942028985507,0.09565217391304347
,,1.0,,,,2016-06-06T02:16:42Z,ls8,qd9vcp7ucbsb,,,
,,1.0,,,,2016-06-14T02:19:58Z,ls7,qd9vcp7ucbsb,,,
,,1.0,,,,2016-06-15T02:10:56Z,ls8,qd9vcp7ucbsb,,,
0.06142857142857143,0.1142857142857143,0.0,0.10428571428571429,0.5714285714285714,0.14285714285714285,2016-06-22T02:17:11Z,ls8,qd9vcp7ucbsb,0.10641399416909622,0.1166180758017493,0.06268221574344024
0.05,0.174,0.2857142857142857,0.172,0.0,0.6,2016-06-23T02:13:48Z,ls7,qd9vcp7ucbsb,0.17373737373737375,0.17575757575757578,0.05050505050505051
0.18714285714285714,0.17857142857142858,0.0,0.19714285714285712,0.2857142857142857,0.14285714285714285,2016-06-30T02:19:59Z,ls7,qd9vcp7ucbsb,0.20014503263234226,0.18129079042784627,0.18999274836838287
0.049999999999999996,0.21285714285714286,0.0,0.16142857142857142,0.2857142857142857,0.2857142857142857,2016-07-01T02:11:05Z,ls8,qd9vcp7ucbsb,0.16305916305916307,0.21500721500721504,0.050505050505050504
,,1.0,,,,2016-07-08T02:16:55Z,ls8,qd9vcp7ucbsb,,,
,,1.0,,,,2016-07-09T02:13:48Z,ls7,qd9vcp7ucbsb,,,
,,1.0,,,,2016-07-17T02:11:12Z,ls8,qd9vcp7ucbsb,,,
0.06285714285714286,0.12000000000000001,0.0,0.09714285714285713,0.42857142857142855,0.2857142857142857,2016-07-24T02:17:25Z,ls8,qd9vcp7ucbsb,0.09912536443148685,0.12244897959183672,0.0641399416909621
0.07285714285714286,0.11571428571428573,0.0,0.09142857142857143,0.5714285714285714,0.14285714285714285,2016-07-25T02:13:50Z,ls7,qd9vcp7ucbsb,0.09329446064139943,0.11807580174927115,0.07434402332361516
0.3,0.14666666666666667,0.5714285714285714,0.21333333333333335,0.0,0.3333333333333333,2016-08-01T02:20:02Z,ls7,qd9vcp7ucbsb,0.21548821548821556,0.14814814814814817,0.3030303030303031
0.08571428571428573,0.18571428571428572,0.0,0.14999999999999997,0.42857142857142855,0.14285714285714285,2016-08-02T02:11:16Z,ls8,qd9vcp7ucbsb,0.1525423728813559,0.18886198547215494,0.08716707021791768
,,1.0,,,,2016-08-09T02:17:03Z,ls8,qd9vcp7ucbsb,,,
0.036666666666666674,0.16833333333333333,0.1428571428571429,0.125,0.3333333333333333,0.3333333333333333,2016-08-10T02:13:52Z,ls7,qd9vcp7ucbsb,0.1262626262626263,0.17003367003367006,0.037037037037037056
0.10571428571428572,0.5885714285714284,0.0,0.2942857142857143,0.0,0.0,2016-08-18T02:11:20Z,ls8,qd9vcp7ucbsb,0.29768786127167635,0.5953757225433525,0.1069364161849711
0.10428571428571429,0.59,0.0,0.29571428571428576,0.0,0.0,2016-08-25T02:17:34Z,ls8,qd9vcp7ucbsb,0.29870129870129875,0.5959595959595959,0.10533910533910534
,,1.0,,,,2016-08-26T02:13:54Z,ls7,qd9vcp7ucbsb,,,
0.09285714285714286,0.18,0.0,0.14857142857142858,0.42857142857142855,0.14285714285714285,2016-09-03T02:11:26Z,ls8,qd9vcp7ucbsb,0.15108958837772396,0.1830508474576271,0.09443099273607747
,,1.0,,,,2016-09-10T02:17:14Z,ls8,qd9vcp7ucbsb,,,
0.05714285714285714,0.6114285714285714,0.0,0.3228571428571429,0.0,0.0,2016-09-18T02:20:08Z,ls7,qd9vcp7ucbsb,0.3256484149855908,0.61671469740634,0.057636887608069155
0.03571428571428571,0.63,0.0,0.3271428571428571,0.0,0.0,2016-09-19T02:11:28Z,ls8,qd9vcp7ucbsb,0.3294964028776978,0.6345323741007195,0.03597122302158273
0.055714285714285716,0.6157142857142857,0.0,0.3157142857142857,0.0,0.0,2016-09-26T02:17:15Z,ls8,qd9vcp7ucbsb,0.3198263386396527,0.6237337192474675,0.056439942112879886
0.06714285714285714,0.61,0.0,0.3142857142857142,0.0,0.0,2016-09-27T02:13:59Z,ls7,qd9vcp7ucbsb,0.31700288184438036,0.6152737752161384,0.06772334293948128
0.03,0.6428571428571429,0.0,0.32,0.0,0.0,2016-10-04T02:20:11Z,ls7,qd9vcp7ucbsb,0.32230215827338127,0.6474820143884893,0.030215827338129494
0.055714285714285716,0.62,0.0,0.31142857142857144,0.0,0.0,2016-10-05T02:11:31Z,ls8,qd9vcp7ucbsb,0.3154848046309696,0.6280752532561504,0.05643994211287988
0.06142857142857142,0.62,0.0,0.3071428571428571,0.0,0.0,2016-10-12T02:17:20Z,ls8,qd9vcp7ucbsb,0.3106936416184971,0.6271676300578035,0.062138728323699426
0.060000000000000005,0.6285714285714287,0.0,0.30428571428571427,0.0,0.0,2016-10-13T02:13:59Z,ls7,qd9vcp7ucbsb,0.30647482014388483,0.6330935251798562,0.06043165467625899
0.09142857142857144,0.6157142857142858,0.0,0.28285714285714286,0.0,0.0,2016-10-21T02:11:35Z,ls8,qd9vcp7ucbsb,0.2857142857142857,0.621933621933622,0.09235209235209237
0.08,0.6471428571428571,0.0,0.2642857142857143,0.0,0.0,2016-10-28T02:17:22Z,ls8,qd9vcp7ucbsb,0.2665706051873199,0.6527377521613833,0.08069164265129683
0.12,0.52,0.8571428571428572,0.36,0.0,0.0,2016-10-29T02:13:55Z,ls7,qd9vcp7ucbsb,0.36,0.52,0.12
0.05142857142857143,0.6671428571428573,0.0,0.2714285714285714,0.0,0.0,2016-11-06T02:11:35Z,ls8,qd9vcp7ucbsb,0.2741702741702742,0.673881673881674,0.051948051948051945
0.06285714285714285,0.6571428571428571,0.0,0.26857142857142857,0.0,0.0,2016-11-13T02:17:21Z,ls8,qd9vcp7ucbsb,0.2716763005780347,0.6647398843930636,0.06358381502890173
0.07142857142857142,0.6571428571428571,0.0,0.26,0.0,0.0,2016-11-14T02:13:47Z,ls7,qd9vcp7ucbsb,0.2630057803468208,0.6647398843930636,0.0722543352601156
0.06142857142857144,0.6485714285714287,0.0,0.2785714285714286,0.0,0.0,2016-11-22T02:11:35Z,ls8,qd9vcp7ucbsb,0.2817919075144509,0.6560693641618498,0.062138728323699426
0.06999999999999999,0.64,0.0,0.2814285714285715,0.0,0.0,2016-11-29T02:17:21Z,ls8,qd9vcp7ucbsb,0.2838616714697407,0.6455331412103746,0.07060518731988472
0.02,0.7224999999999999,0.4285714285714286,0.245,0.0,0.0,2016-11-30T02:13:45Z,ls7,qd9vcp7ucbsb,0.24810126582278483,0.7316455696202532,0.020253164556962026
0.07857142857142858,0.6314285714285715,0.0,0.2785714285714286,0.0,0.0,2016-12-08T02:11:33Z,ls8,qd9vcp7ucbsb,0.2817919075144509,0.6387283236994219,0.07947976878612717
0.06999999999999999,0.64,0.0,0.27999999999999997,0.0,0.0,2016-12-15T02:17:41Z,ls8,qd9vcp7ucbsb,0.2828282828282828,0.6464646464646465,0.0707070707070707
0.05142857142857143,0.6928571428571428,0.0,0.2457142857142857,0.0,0.0,2016-12-16T02:13:40Z,ls7,qd9vcp7ucbsb,0.2481962481962482,0.6998556998557,0.05194805194805195
0.038571428571428576,0.6985714285714286,0.0,0.25285714285714284,0.0,0.0,2016-12-24T02:11:28Z,ls8,qd9vcp7ucbsb,0.25541125541125537,0.7056277056277056,0.03896103896103896
0.08,0.6342857142857142,0.0,0.2742857142857143,0.0,0.0,2016-12-31T02:17:15Z,ls8,qd9vcp7ucbsb,0.27745664739884396,0.6416184971098265,0.08092485549132948
0.037142857142857144,0.6957142857142857,0.0,0.2557142857142857,0.0,0.0,2017-01-01T02:13:32Z,ls7,qd9vcp7ucbsb,0.25867052023121384,0.7037572254335259,0.03757225433526011
0.09285714285714286,0.6271428571428571,0.0,0.26857142857142857,0.0,0.0,2017-01-09T02:11:25Z,ls8,qd9vcp7ucbsb,0.2716763005780347,0.634393063583815,0.0939306358381503
,,1.0,,,,2017-01-17T02:13:22Z,ls7,qd9vcp7ucbsb,,,
0.060000000000000005,0.6857142857142858,0.0,0.2442857142857143,0.0,0.0,2017-01-25T02:11:20Z,ls8,qd9vcp7ucbsb,0.24675324675324672,0.6926406926406926,0.0606060606060606
0.02,0.6171428571428572,0.0,0.3514285714285714,0.0,0.0,2017-02-01T02:17:04Z,ls8,qd9vcp7ucbsb,0.35549132947976875,0.6242774566473989,0.02023121387283237
,,1.0,,,,2017-02-02T02:13:14Z,ls7,qd9vcp7ucbsb,,,
,,1.0,,,,2017-02-10T02:11:12Z,ls8,qd9vcp7ucbsb,,,
0.03142857142857143,0.6442857142857142,0.0,0.31428571428571433,0.0,0.0,2017-02-17T02:17:21Z,ls8,qd9vcp7ucbsb,0.3174603174603175,0.6507936507936507,0.031746031746031744
0.01,0.7057142857142857,0.0,0.27571428571428575,0.0,0.0,2017-02-18T02:13:13Z,ls7,qd9vcp7ucbsb,0.2780979827089337,0.7118155619596541,0.010086455331412102
0.04285714285714286,0.6428571428571429,0.0,0.30428571428571427,0.0,0.0,2017-02-26T02:11:07Z,ls8,qd9vcp7ucbsb,0.30735930735930733,0.6493506493506495,0.04329004329004329
0.041428571428571426,0.6271428571428572,0.0,0.32,0.0,0.0,2017-03-05T02:17:14Z,ls8,qd9vcp7ucbsb,0.3236994219653179,0.6343930635838151,0.041907514450867045
0.035,0.605,0.7142857142857143,0.35,0.0,0.0,2017-03-06T02:13:21Z,ls7,qd9vcp7ucbsb,0.35353535353535354,0.611111111111111,0.03535353535353536
,,1.0,,,,2017-03-14T02:10:58Z,ls8,qd9vcp7ucbsb,,,
,,1.0,,,,2017-03-21T02:16:40Z,ls8,qd9vcp7ucbsb,,,
,,1.0,,,,2017-03-22T02:13:27Z,ls7,qd9vcp7ucbsb,,,
0.06857142857142857,0.62,0.0,0.3,0.0,0.0,2017-03-29T02:19:39Z,ls7,qd9vcp7ucbsb,0.30346820809248554,0.6271676300578035,0.06936416184971099
0.055714285714285716,0.6342857142857143,0.0,0.3,0.0,0.0,2017-03-30T02:10:50Z,ls8,qd9vcp7ucbsb,0.303030303030303,0.6406926406926406,0.05627705627705627
,,1.0,,,,2017-04-06T02:16:57Z,ls8,qd9vcp7ucbsb,,,
,,1.0,,,,2017-04-07T02:13:31Z,ls7,qd9vcp7ucbsb,,,
0.02,0.6385714285714287,0.0,0.3314285714285714,0.0,0.0,2017-04-15T02:10:42Z,ls8,qd9vcp7ucbsb,0.3347763347763347,0.645021645021645,0.0202020202020202
0.04285714285714285,0.6214285714285716,0.0,0.32142857142857145,0.0,0.0,2017-04-22T02:16:24Z,ls8,qd9vcp7ucbsb,0.3260869565217391,0.6304347826086957,0.0434782608695652
0.0,0.58,0.8571428571428572,0.41,0.0,0.0,2017-04-23T02:13:38Z,ls7,qd9vcp7ucbsb,0.41414141414141414,0.5858585858585859,0.0
0.032857142857142856,0.6342857142857143,0.0,0.31857142857142856,0.0,0.0,2017-05-01T02:10:31Z,ls8,qd9vcp7ucbsb,0.32318840579710145,0.6434782608695653,0.03333333333333333
0.04285714285714286,0.6228571428571428,0.0,0.32142857142857145,0.0,0.0,2017-05-08T02:16:46Z,ls8,qd9vcp7ucbsb,0.3256150506512302,0.6309696092619392,0.043415340086830685
0.03571428571428571,0.5885714285714287,0.0,0.3614285714285715,0.0,0.0,2017-05-17T02:10:42Z,ls8,qd9vcp7ucbsb,0.36666666666666664,0.5971014492753624,0.03623188405797101
0.041428571428571426,0.5928571428571429,0.0,0.35428571428571437,0.0,0.0,2017-05-24T02:16:57Z,ls8,qd9vcp7ucbsb,0.35838150289017345,0.5997109826589595,0.041907514450867045
0.032857142857142856,0.6214285714285713,0.0,0.3371428571428572,0.0,0.0,2017-05-25T02:13:45Z,ls7,qd9vcp7ucbsb,0.34005763688760815,0.6268011527377522,0.03314121037463977
,,1.0,,,,2017-06-01T02:19:58Z,ls7,qd9vcp7ucbsb,,,
,,1.0,,,,2017-06-02T02:10:51Z,ls8,qd9vcp7ucbsb,,,
0.07714285714285715,0.5728571428571428,0.0,0.33571428571428574,0.0,0.0,2017-06-09T02:17:05Z,ls8,qd9vcp7ucbsb,0.34057971014492755,0.581159420289855,0.0782608695652174
,,1.0,,,,2017-06-10T02:13:50Z,ls7,qd9vcp7ucbsb,,,
,,1.0,,,,2017-06-17T02:20:02Z,ls7,qd9vcp7ucbsb,,,
0.06428571428571428,0.5771428571428572,0.0,0.34857142857142864,0.0,0.0,2017-06-18T02:10:58Z,ls8,qd9vcp7ucbsb,0.3520923520923521,0.5829725829725829,0.06493506493506492
0.13857142857142857,0.2828571428571428,0.0,0.27999999999999997,0.0,0.2857142857142857,2017-06-25T02:17:10Z,ls8,qd9vcp7ucbsb,0.28513238289205706,0.2880418970032005,0.1411114343904568
0.13,0.43,0.8571428571428572,0.43,0.0,0.0,2017-06-26T02:13:53Z,ls7,qd9vcp7ucbsb,0.43434343434343436,0.43434343434343436,0.13131313131313133
,,1.0,,,,2017-07-04T02:11:02Z,ls8,qd9vcp7ucbsb,,,
,,1.0,,,,2017-07-11T02:16:49Z,ls8,qd9vcp7ucbsb,,,
,,1.0,,,,2017-07-12T02:13:54Z,ls7,qd9vcp7ucbsb,,,
0.037142857142857144,0.63,0.0,0.3242857142857143,0.0,0.0,2017-07-20T02:11:06Z,ls8,qd9vcp7ucbsb,0.3270893371757925,0.6354466858789626,0.037463976945244955
0.06571428571428571,0.5771428571428572,0.0,0.34285714285714286,0.0,0.0,2017-07-27T02:16:57Z,ls8,qd9vcp7ucbsb,0.34782608695652173,0.5855072463768116,0.06666666666666667
,,1.0,,,,2017-08-05T02:11:14Z,ls8,qd9vcp7ucbsb,,,
0.696,0.064,0.2857142857142857,0.23199999999999998,0.0,0.0,2017-08-13T02:13:50Z,ls7,qd9vcp7ucbsb,0.23387096774193547,0.06451612903225806,0.7016129032258064
0.07571428571428572,0.6,0.0,0.3157142857142857,0.0,0.0,2017-08-21T02:11:19Z,ls8,qd9vcp7ucbsb,0.31844380403458217,0.6051873198847262,0.07636887608069165
0.05428571428571428,0.6442857142857142,0.0,0.2914285714285714,0.0,0.0,2017-08-28T02:17:07Z,ls8,qd9vcp7ucbsb,0.2943722943722944,0.6507936507936507,0.054834054834054825
,,1.0,,,,2017-08-29T02:13:51Z,ls7,qd9vcp7ucbsb,,,
0.025714285714285714,0.6799999999999999,0.0,0.2871428571428572,0.0,0.0,2017-09-05T02:20:02Z,ls7,qd9vcp7ucbsb,0.28920863309352524,0.6848920863309352,0.02589928057553957
,,1.0,,,,2017-09-06T02:11:21Z,ls8,qd9vcp7ucbsb,,,
0.047142857142857146,0.63,0.0,0.31,0.0,0.0,2017-09-13T02:17:08Z,ls8,qd9vcp7ucbsb,0.3140376266280753,0.638205499276411,0.047756874095513754
0.017142857142857144,0.6828571428571427,0.0,0.2928571428571428,0.0,0.0,2017-09-14T02:13:49Z,ls7,qd9vcp7ucbsb,0.2949640287769784,0.6877697841726619,0.017266187050359715
0.04857142857142858,0.2414285714285714,0.0,0.13428571428571429,0.14285714285714285,0.42857142857142855,2017-09-29T02:17:14Z,ls8,qd9vcp7ucbsb,0.13564213564213567,0.2438672438672439,0.04906204906204908
0.09,0.6057142857142858,0.0,0.29571428571428576,0.0,0.0,2017-09-30T02:13:50Z,ls7,qd9vcp7ucbsb,0.298270893371758,0.6109510086455332,0.09077809798270893
,,1.0,,,,2017-10-08T02:11:30Z,ls8,qd9vcp7ucbsb,,,
0.027142857142857142,0.6528571428571429,0.0,0.31,0.0,0.0,2017-10-15T02:17:43Z,ls8,qd9vcp7ucbsb,0.31313131313131315,0.6594516594516595,0.027417027417027416
0.02,0.7466666666666667,0.5714285714285714,0.22666666666666668,0.0,0.0,2017-10-24T02:11:33Z,ls8,qd9vcp7ucbsb,0.22818791946308725,0.7516778523489933,0.020134228187919462
0.028571428571428574,0.6971428571428572,0.0,0.2642857142857143,0.0,0.0,2017-10-31T02:17:43Z,ls8,qd9vcp7ucbsb,0.26695526695526695,0.7041847041847041,0.02886002886002886
0.008333333333333333,0.7283333333333332,0.1428571428571429,0.25666666666666665,0.0,0.0,2017-11-01T02:13:52Z,ls7,qd9vcp7ucbsb,0.25838926174496646,0.7332214765100671,0.008389261744966445
0.021428571428571432,0.7071428571428571,0.0,0.26,0.0,0.0,2017-11-09T02:11:31Z,ls8,qd9vcp7ucbsb,0.2630057803468208,0.7153179190751444,0.021676300578034685
0.025714285714285717,0.7100000000000001,0.0,0.2542857142857143,0.0,0.0,2017-11-16T02:17:40Z,ls8,qd9vcp7ucbsb,0.25685425685425683,0.7171717171717171,0.025974025974025976
0.027142857142857142,0.7028571428571428,0.0,0.26142857142857145,0.0,0.0,2017-11-25T02:11:25Z,ls8,qd9vcp7ucbsb,0.26368876080691644,0.7089337175792507,0.02737752161383285
0.028571428571428574,0.7242857142857142,0.0,0.23857142857142857,0.0,0.0,2017-12-02T02:17:34Z,ls8,qd9vcp7ucbsb,0.2406340057636888,0.7305475504322766,0.028818443804034588
,,1.0,,,,2017-12-03T02:13:43Z,ls7,qd9vcp7ucbsb,,,
0.025714285714285714,0.7157142857142859,0.0,0.24857142857142858,0.0,0.0,2017-12-11T02:11:23Z,ls8,qd9vcp7ucbsb,0.2510822510822511,0.722943722943723,0.025974025974025972
0.0,0.0,0.0,0.0,0.14285714285714285,0.8571428571428571,2017-12-18T02:17:36Z,ls8,qd9vcp7ucbsb,0.0,0.0,0.0
0.035,0.675,0.7142857142857143,0.28,0.0,0.0,2017-12-19T02:13:34Z,ls7,qd9vcp7ucbsb,0.2828282828282828,0.6818181818181818,0.03535353535353535
0.02857142857142857,0.7157142857142856,0.0,0.24714285714285714,0.0,0.0,2017-12-27T02:11:25Z,ls8,qd9vcp7ucbsb,0.24927953890489915,0.7219020172910663,0.028818443804034585
0.04285714285714285,0.6942857142857143,0.0,0.2542857142857143,0.0,0.0,2018-01-03T02:17:34Z,ls8,qd9vcp7ucbsb,0.2564841498559078,0.7002881844380403,0.04322766570605187
0.028000000000000004,0.7260000000000001,0.2857142857142857,0.238,0.0,0.0,2018-01-04T02:13:22Z,ls7,qd9vcp7ucbsb,0.23991935483870963,0.7318548387096774,0.028225806451612906
0.025714285714285714,0.7142857142857143,0.0,0.24857142857142858,0.0,0.0,2018-01-12T02:11:19Z,ls8,qd9vcp7ucbsb,0.2514450867052023,0.7225433526011561,0.02601156069364162
0.038571428571428576,0.6742857142857143,0.0,0.2757142857142857,0.0,0.0,2018-01-19T02:17:26Z,ls8,qd9vcp7ucbsb,0.27890173410404623,0.6820809248554913,0.039017341040462436
,,1.0,,,,2018-01-20T02:13:08Z,ls7,qd9vcp7ucbsb,,,
0.030000000000000002,0.7128571428571429,0.0,0.24857142857142858,0.0,0.0,2018-01-28T02:11:10Z,ls8,qd9vcp7ucbsb,0.2507204610951009,0.7190201729106628,0.030259365994236315
0.03142857142857143,0.7157142857142856,0.0,0.24428571428571427,0.0,0.0,2018-02-04T02:17:17Z,ls8,qd9vcp7ucbsb,0.24639769452449567,0.7219020172910662,0.03170028818443804
0.042857142857142864,0.6757142857142856,0.0,0.2742857142857143,0.0,0.0,2018-02-12T02:18:58Z,ls7,qd9vcp7ucbsb,0.27625899280575544,0.6805755395683453,0.04316546762589929
0.05,0.686,0.2857142857142857,0.254,0.0,0.0,2018-02-13T02:11:03Z,ls8,qd9vcp7ucbsb,0.25656565656565655,0.692929292929293,0.050505050505050504
0.038571428571428576,0.7085714285714287,0.0,0.24285714285714285,0.0,0.0,2018-02-20T02:16:48Z,ls8,qd9vcp7ucbsb,0.24531024531024526,0.7157287157287158,0.03896103896103896
0.03428571428571429,0.7085714285714285,0.0,0.25,0.0,0.0,2018-02-21T02:12:42Z,ls7,qd9vcp7ucbsb,0.2517985611510792,0.7136690647482015,0.03453237410071943
,,1.0,,,,2018-02-28T02:18:48Z,ls7,qd9vcp7ucbsb,,,
0.02,0.7214285714285715,0.0,0.25142857142857145,0.0,0.0,2018-03-01T02:10:57Z,ls8,qd9vcp7ucbsb,0.25323741007194245,0.7266187050359713,0.02014388489208633
0.02428571428571429,0.7214285714285715,0.0,0.24428571428571427,0.0,0.0,2018-03-08T02:16:39Z,ls8,qd9vcp7ucbsb,0.24675324675324675,0.7287157287157289,0.024531024531024535
,,1.0,,,,2018-03-09T02:12:31Z,ls7,qd9vcp7ucbsb,,,
0.04571428571428571,0.6771428571428572,0.0,0.26571428571428574,0.0,0.0,2018-03-17T02:10:47Z,ls8,qd9vcp7ucbsb,0.26878612716763006,0.684971098265896,0.04624277456647398
,,1.0,,,,2018-04-01T02:18:23Z,ls7,qd9vcp7ucbsb,,,
0.021428571428571432,0.7042857142857143,0.0,0.2642857142857143,0.0,0.0,2018-04-02T02:10:41Z,ls8,qd9vcp7ucbsb,0.26695526695526695,0.7113997113997114,0.021645021645021648
,,1.0,,,,2018-04-09T02:16:24Z,ls8,qd9vcp7ucbsb,,,
,,1.0,,,,2018-04-18T02:10:31Z,ls8,qd9vcp7ucbsb,,,
0.04285714285714285,0.6485714285714286,0.0,0.29714285714285715,0.0,0.0,2018-04-25T02:16:38Z,ls8,qd9vcp7ucbsb,0.30057803468208094,0.6560693641618497,0.043352601156069356
,,1.0,,,,2018-04-26T02:11:47Z,ls7,qd9vcp7ucbsb,,,
0.04428571428571428,0.6500000000000001,0.0,0.29714285714285715,0.0,0.0,2018-05-04T02:10:23Z,ls8,qd9vcp7ucbsb,0.29971181556195964,0.6556195965417868,0.044668587896253595
0.037142857142857144,0.6614285714285714,0.0,0.29,0.0,0.0,2018-05-11T02:16:05Z,ls8,qd9vcp7ucbsb,0.29335260115606937,0.6690751445086706,0.037572254335260125
0.0,0.63,0.8571428571428572,0.36,0.0,0.0,2018-05-12T02:11:30Z,ls7,qd9vcp7ucbsb,0.36363636363636365,0.6363636363636364,0.0
0.06142857142857144,0.6457142857142857,0.0,0.28285714285714286,0.0,0.0,2018-05-19T02:17:35Z,ls7,qd9vcp7ucbsb,0.2857142857142857,0.6522366522366522,0.062049062049062055
0.055714285714285716,0.6328571428571428,0.0,0.29714285714285715,0.0,0.0,2018-05-20T02:10:11Z,ls8,qd9vcp7ucbsb,0.30144927536231886,0.6420289855072463,0.05652173913043479
,,1.0,,,,2018-05-27T02:15:53Z,ls8,qd9vcp7ucbsb,,,
0.13285714285714287,0.5142857142857143,0.0,0.33999999999999997,0.0,0.0,2018-05-28T02:11:16Z,ls7,qd9vcp7ucbsb,0.3444283646888567,0.5209840810419681,0.1345875542691751
0.021428571428571432,0.24,0.0,0.16142857142857142,0.14285714285714285,0.42857142857142855,2018-06-12T02:16:16Z,ls8,qd9vcp7ucbsb,0.16361003861003867,0.24324324324324328,0.021718146718146727
0.09000000000000001,0.5766666666666667,0.5714285714285714,0.32,0.0,0.0,2018-06-13T02:10:59Z,ls7,qd9vcp7ucbsb,0.32432432432432434,0.5844594594594594,0.09121621621621623
,,1.0,,,,2018-06-20T02:17:02Z,ls7,qd9vcp7ucbsb,,,
,,1.0,,,,2018-06-21T02:10:12Z,ls8,qd9vcp7ucbsb,,,
0.11571428571428573,0.54,0.0,0.33,0.0,0.0,2018-06-28T02:16:27Z,ls8,qd9vcp7ucbsb,0.33478260869565213,0.5478260869565217,0.11739130434782608
,,1.0,,,,2018-06-29T02:10:41Z,ls7,qd9vcp7ucbsb,,,
0.09285714285714286,0.17142857142857143,0.0,0.15857142857142856,0.14285714285714285,0.42857142857142855,2018-07-06T02:16:43Z,ls7,qd9vcp7ucbsb,0.16071428571428575,0.1737451737451738,0.09411196911196915
,,1.0,,,,2018-07-07T02:10:21Z,ls8,qd9vcp7ucbsb,,,
,,1.0,,,,2018-07-14T02:16:11Z,ls8,qd9vcp7ucbsb,,,
,,1.0,,,,2018-07-15T02:10:22Z,ls7,qd9vcp7ucbsb,,,
,,1.0,,,,2018-07-23T02:10:27Z,ls8,qd9vcp7ucbsb,,,
,,1.0,,,,2018-07-30T02:16:18Z,ls8,qd9vcp7ucbsb,,,
0.11,0.2571428571428572,0.0,0.1985714285714286,0.42857142857142855,0.0,2018-07-31T02:10:05Z,ls7,qd9vcp7ucbsb,0.20057720057720058,0.25974025974025977,0.1111111111111111
,,1.0,,,,2018-08-08T02:10:36Z,ls8,qd9vcp7ucbsb,,,
0.02428571428571429,0.08285714285714285,0.0,0.03428571428571429,0.0,0.8571428571428571,2018-08-15T02:16:27Z,ls8,qd9vcp7ucbsb,0.034632034632034646,0.08369408369408372,0.024531024531024542
,,1.0,,,,2018-08-16T02:09:47Z,ls7,qd9vcp7ucbsb,,,
0.05714285714285715,0.6271428571428571,0.0,0.3057142857142857,0.0,0.0,2018-08-23T02:15:50Z,ls7,qd9vcp7ucbsb,0.3088023088023088,0.6334776334776334,0.05772005772005773
0.09571428571428572,0.5985714285714286,0.0,0.2914285714285714,0.0,0.0,2018-08-24T02:10:44Z,ls8,qd9vcp7ucbsb,0.29565217391304344,0.6072463768115942,0.09710144927536231
,,1.0,,,,2018-08-31T02:16:34Z,ls8,qd9vcp7ucbsb,,,
,,1.0,,,,2018-09-01T02:09:28Z,ls7,qd9vcp7ucbsb,,,
0.0642857142857143,0.6185714285714285,0.0,0.3057142857142857,0.0,0.0,2018-09-09T02:10:50Z,ls8,qd9vcp7ucbsb,0.3092485549132948,0.6257225433526011,0.06502890173410406
0.07,0.6142857142857142,0.0,0.3028571428571429,0.0,0.0,2018-09-16T02:17:03Z,ls8,qd9vcp7ucbsb,0.3068017366136035,0.622286541244573,0.07091172214182345
,,1.0,,,,2018-09-17T02:09:07Z,ls7,qd9vcp7ucbsb,,,
0.025,0.67,0.4285714285714286,0.2975,0.0,0.0,2018-09-24T02:15:08Z,ls7,qd9vcp7ucbsb,0.2997481108312342,0.6750629722921915,0.02518891687657431
0.041428571428571426,0.6485714285714286,0.0,0.2985714285714286,0.0,0.0,2018-09-25T02:10:55Z,ls8,qd9vcp7ucbsb,0.3020231213872832,0.6560693641618497,0.041907514450867045
0.047142857142857146,0.6428571428571429,0.0,0.3,0.0,0.0,2018-10-02T02:16:46Z,ls8,qd9vcp7ucbsb,0.30303030303030304,0.6493506493506495,0.04761904761904762
,,1.0,,,,2018-10-03T02:08:44Z,ls7,qd9vcp7ucbsb,,,
0.0,0.0,0.4285714285714286,0.0,0.0,1.0,2018-10-11T02:11:03Z,ls8,qd9vcp7ucbsb,0.0,0.0,0.0
,,1.0,,,,2018-10-19T02:08:21Z,ls7,qd9vcp7ucbsb,,,
0.027142857142857142,0.6942857142857142,0.0,0.27142857142857146,0.0,0.0,2018-10-26T02:14:23Z,ls7,qd9vcp7ucbsb,0.27338129496402885,0.6992805755395682,0.02733812949640288
0.06571428571428571,0.6485714285714286,0.0,0.2742857142857143,0.0,0.0,2018-10-27T02:11:08Z,ls8,qd9vcp7ucbsb,0.27745664739884396,0.6560693641618497,0.06647398843930635
,,1.0,,,,2018-11-03T02:16:56Z,ls8,qd9vcp7ucbsb,,,
,,1.0,,,,2018-11-04T02:08:00Z,ls7,qd9vcp7ucbsb,,,
,,1.0,,,,2018-11-12T02:11:10Z,ls8,qd9vcp7ucbsb,,,
0.039999999999999994,0.6771428571428572,0.0,0.27285714285714285,0.0,0.0,2018-11-19T02:16:57Z,ls8,qd9vcp7ucbsb,0.2756132756132756,0.683982683982684,0.0404040404040404
0.025714285714285717,0.7157142857142856,0.0,0.24857142857142858,0.0,0.0,2018-11-20T02:07:38Z,ls7,qd9vcp7ucbsb,0.25108225108225113,0.722943722943723,0.02597402597402598
0.04142857142857143,0.6685714285714287,0.0,0.28,0.0,0.0,2018-11-27T02:13:38Z,ls7,qd9vcp7ucbsb,0.2828282828282828,0.6753246753246753,0.04184704184704184
0.038571428571428576,0.6985714285714286,0.0,0.25142857142857145,0.0,0.0,2018-11-28T02:11:10Z,ls8,qd9vcp7ucbsb,0.2543352601156069,0.7066473988439306,0.03901734104046243
0.055714285714285716,0.6671428571428571,0.0,0.2671428571428572,0.0,0.0,2018-12-05T02:17:19Z,ls8,qd9vcp7ucbsb,0.2698412698412698,0.6738816738816739,0.05627705627705627
0.030000000000000002,0.7142857142857143,0.0,0.25,0.0,0.0,2018-12-13T02:13:12Z,ls7,qd9vcp7ucbsb,0.2514367816091954,0.7183908045977011,0.03017241379310345
0.04285714285714286,0.7271428571428571,0.0,0.22,0.0,0.0,2018-12-14T02:11:06Z,ls8,qd9vcp7ucbsb,0.22222222222222224,0.7344877344877345,0.043290043290043295
0.04,0.7,0.0,0.25142857142857145,0.0,0.0,2018-12-21T02:17:18Z,ls8,qd9vcp7ucbsb,0.25360230547550433,0.7060518731988472,0.040345821325648415
0.01,0.782,0.2857142857142857,0.2,0.0,0.0,2018-12-22T02:06:46Z,ls7,qd9vcp7ucbsb,0.20161290322580647,0.7883064516129032,0.010080645161290322
0.028571428571428574,0.7099999999999999,0.0,0.25142857142857145,0.0,0.0,2018-12-29T02:12:44Z,ls7,qd9vcp7ucbsb,0.253968253968254,0.7171717171717171,0.028860028860028867
0.028571428571428574,0.72,0.0,0.2414285714285714,0.0,0.0,2018-12-30T02:11:07Z,ls8,qd9vcp7ucbsb,0.24386724386724384,0.7272727272727273,0.028860028860028863
0.04571428571428571,0.6971428571428573,0.0,0.24571428571428572,0.0,0.0,2019-01-06T02:16:53Z,ls8,qd9vcp7ucbsb,0.24855491329479765,0.7052023121387283,0.04624277456647397
,,1.0,,,,2019-01-07T02:06:17Z,ls7,qd9vcp7ucbsb,,,
,,1.0,,,,2019-01-14T02:12:14Z,ls7,qd9vcp7ucbsb,,,
0.02428571428571429,0.7342857142857142,0.0,0.2314285714285714,0.0,0.0,2019-01-15T02:11:05Z,ls8,qd9vcp7ucbsb,0.23376623376623376,0.7417027417027418,0.02453102453102454
0.047999999999999994,0.7220000000000001,0.2857142857142857,0.22400000000000003,0.0,0.0,2019-01-22T02:16:50Z,ls8,qd9vcp7ucbsb,0.22535211267605632,0.72635814889336,0.048289738430583484
0.008571428571428572,0.7457142857142858,0.0,0.23714285714285716,0.0,0.0,2019-01-23T02:05:46Z,ls7,qd9vcp7ucbsb,0.23919308357348704,0.7521613832853027,0.008645533141210375
,,1.0,,,,2019-01-30T02:11:43Z,ls7,qd9vcp7ucbsb,,,
0.05,0.6985714285714285,0.0,0.24000000000000002,0.0,0.0,2019-01-31T02:11:01Z,ls8,qd9vcp7ucbsb,0.24277456647398846,0.7066473988439306,0.05057803468208093
0.03428571428571429,0.7071428571428572,0.0,0.2485714285714286,0.0,0.0,2019-02-07T02:17:11Z,ls8,qd9vcp7ucbsb,0.25108225108225113,0.7142857142857143,0.03463203463203463
0.06,0.61,0.8571428571428572,0.32,0.0,0.0,2019-02-08T02:05:17Z,ls7,qd9vcp7ucbsb,0.32323232323232326,0.6161616161616161,0.06060606060606061
0.0757142857142857,0.6771428571428572,0.0,0.2357142857142857,0.0,0.0,2019-02-15T02:11:15Z,ls7,qd9vcp7ucbsb,0.2384393063583815,0.684971098265896,0.07658959537572253
,,1.0,,,,2019-02-16T02:10:59Z,ls8,qd9vcp7ucbsb,,,
0.05142857142857143,0.6785714285714286,0.0,0.2571428571428572,0.0,0.0,2019-02-23T02:17:08Z,ls8,qd9vcp7ucbsb,0.2604920405209841,0.6874095513748192,0.05209840810419682
0.09000000000000001,0.6633333333333332,0.5714285714285714,0.2333333333333333,0.0,0.0,2019-02-24T02:04:48Z,ls7,qd9vcp7ucbsb,0.2364864864864865,0.6722972972972974,0.09121621621621624
0.04142857142857143,0.7185714285714286,0.0,0.22714285714285715,0.0,0.0,2019-03-03T02:10:45Z,ls7,qd9vcp7ucbsb,0.2301013024602026,0.7279305354558611,0.041968162083936326
,,1.0,,,,2019-03-04T02:10:54Z,ls8,qd9vcp7ucbsb,,,
0.027142857142857142,0.6771428571428572,0.0,0.28285714285714286,0.0,0.0,2019-03-11T02:17:02Z,ls8,qd9vcp7ucbsb,0.2865412445730825,0.6859623733719248,0.027496382054992764
0.008571428571428572,0.72,0.0,0.2642857142857143,0.0,0.0,2019-03-12T02:04:17Z,ls7,qd9vcp7ucbsb,0.26618705035971224,0.7251798561151079,0.008633093525179858
,,1.0,,,,2019-03-19T02:10:14Z,ls7,qd9vcp7ucbsb,,,
0.02,0.6842857142857143,0.0,0.2857142857142857,0.0,0.0,2019-03-20T02:10:49Z,ls8,qd9vcp7ucbsb,0.2886002886002886,0.6911976911976911,0.020202020202020204
0.04428571428571428,0.6985714285714285,0.0,0.24714285714285714,0.0,0.0,2019-03-27T02:16:59Z,ls8,qd9vcp7ucbsb,0.24963924963924966,0.7056277056277056,0.044733044733044736
,,1.0,,,,2019-03-28T02:03:45Z,ls7,qd9vcp7ucbsb,,,
0.03428571428571429,0.6542857142857142,0.0,0.29857142857142854,0.0,0.0,2019-04-05T02:10:46Z,ls8,qd9vcp7ucbsb,0.3024602026049204,0.662807525325615,0.03473227206946455
0.028571428571428574,0.6642857142857144,0.0,0.29571428571428576,0.0,0.0,2019-04-12T02:16:54Z,ls8,qd9vcp7ucbsb,0.2991329479768786,0.6719653179190751,0.02890173410404624
,,1.0,,,,2019-04-13T02:03:12Z,ls7,qd9vcp7ucbsb,,,
0.041428571428571426,0.6257142857142857,0.0,0.3157142857142857,0.0,0.0,2019-04-21T02:10:39Z,ls8,qd9vcp7ucbsb,0.32122093023255816,0.6366279069767441,0.04215116279069767
0.052857142857142846,0.6385714285714286,0.0,0.2957142857142857,0.0,0.0,2019-04-28T02:16:49Z,ls8,qd9vcp7ucbsb,0.2995658465991317,0.6468885672937772,0.05354558610709116
0.06142857142857143,0.6128571428571429,0.0,0.31142857142857144,0.0,0.0,2019-05-07T02:10:43Z,ls8,qd9vcp7ucbsb,0.3159420289855073,0.6217391304347826,0.06231884057971014
0.06571428571428573,0.6228571428571428,0.0,0.2985714285714286,0.0,0.0,2019-05-14T02:16:35Z,ls8,qd9vcp7ucbsb,0.30246020260492046,0.6309696092619391,0.06657018813314039
0.08,0.618,0.2857142857142857,0.292,0.0,0.0,2019-05-15T02:01:59Z,ls7,qd9vcp7ucbsb,0.29494949494949496,0.6242424242424243,0.08080808080808081
,,1.0,,,,2019-05-22T02:07:53Z,ls7,qd9vcp7ucbsb,,,
,,1.0,,,,2019-05-23T02:10:53Z,ls8,qd9vcp7ucbsb,,,
,,1.0,,,,2019-05-30T02:16:44Z,ls8,qd9vcp7ucbsb,,,
,,1.0,,,,2019-05-31T02:01:24Z,ls7,qd9vcp7ucbsb,,,
0.24,0.4,0.8571428571428572,0.35,0.0,0.0,2019-06-08T02:11:01Z,ls8,qd9vcp7ucbsb,0.35353535353535354,0.4040404040404041,0.24242424242424243
,,1.0,,,,2019-06-15T02:17:15Z,ls8,qd9vcp7ucbsb,,,
,,1.0,,,,2019-06-24T02:11:07Z,ls8,qd9vcp7ucbsb,,,
,,1.0,,,,2019-07-01T02:16:55Z,ls8,qd9vcp7ucbsb,,,
0.03,0.055714285714285716,0.0,0.055714285714285716,0.5714285714285714,0.2857142857142857,2019-07-02T02:00:13Z,ls7,qd9vcp7ucbsb,0.056277056277056293,0.056277056277056293,0.03030303030303031
0.18142857142857144,0.10285714285714286,0.0,0.1342857142857143,0.2857142857142857,0.2857142857142857,2019-07-09T02:06:08Z,ls7,qd9vcp7ucbsb,0.1374939054119942,0.1053144807411019,0.18576304241833252
0.08285714285714285,0.18857142857142858,0.0,0.15142857142857144,0.42857142857142855,0.14285714285714285,2019-07-10T02:11:10Z,ls8,qd9vcp7ucbsb,0.15347490347490347,0.1911196911196911,0.08397683397683396
0.07142857142857142,0.19285714285714287,0.0,0.15714285714285717,0.42857142857142855,0.14285714285714285,2019-07-17T02:16:58Z,ls8,qd9vcp7ucbsb,0.15980629539951574,0.19612590799031474,0.07263922518159804
,,1.0,,,,2019-07-18T01:59:36Z,ls7,qd9vcp7ucbsb,,,
0.5514285714285715,0.18999999999999997,0.0,0.24428571428571427,0.0,0.0,2019-07-26T02:11:15Z,ls8,qd9vcp7ucbsb,0.24782608695652172,0.19275362318840575,0.5594202898550725
0.12428571428571429,0.5871428571428571,0.0,0.2771428571428572,0.0,0.0,2019-08-02T02:17:05Z,ls8,qd9vcp7ucbsb,0.28034682080924855,0.5939306358381502,0.12572254335260116
,,1.0,,,,2019-08-03T01:58:57Z,ls7,qd9vcp7ucbsb,,,
0.13142857142857142,0.5842857142857143,0.0,0.26999999999999996,0.0,0.0,2019-08-10T02:04:51Z,ls7,qd9vcp7ucbsb,0.27391304347826084,0.5927536231884057,0.13333333333333333
0.07285714285714286,0.6257142857142857,0.0,0.2928571428571428,0.0,0.0,2019-08-11T02:11:21Z,ls8,qd9vcp7ucbsb,0.29538904899135443,0.6311239193083573,0.0734870317002882
0.09571428571428572,0.6128571428571429,0.0,0.2785714285714286,0.0,0.0,2019-08-18T02:17:34Z,ls8,qd9vcp7ucbsb,0.2821997105643994,0.6208393632416787,0.09696092619392185
0.11285714285714286,0.5942857142857143,0.0,0.28285714285714286,0.0,0.0,2019-08-19T01:58:17Z,ls7,qd9vcp7ucbsb,0.2857142857142857,0.6002886002886002,0.11399711399711399
0.10666666666666667,0.5766666666666667,0.5714285714285714,0.30666666666666664,0.0,0.0,2019-08-26T02:04:10Z,ls7,qd9vcp7ucbsb,0.30976430976430974,0.5824915824915825,0.10774410774410775
0.08,0.63,0.0,0.2785714285714286,0.0,0.0,2019-08-27T02:11:25Z,ls8,qd9vcp7ucbsb,0.2817919075144509,0.6372832369942196,0.08092485549132948
0.04428571428571428,0.6528571428571428,0.0,0.2914285714285714,0.0,0.0,2019-09-03T02:17:37Z,ls8,qd9vcp7ucbsb,0.2947976878612717,0.6604046242774567,0.04479768786127168
,,1.0,,,,2019-09-04T01:57:36Z,ls7,qd9vcp7ucbsb,,,
0.03428571428571429,0.6814285714285714,0.0,0.2742857142857143,0.0,0.0,2019-09-12T02:11:30Z,ls8,qd9vcp7ucbsb,0.27705627705627706,0.6883116883116883,0.03463203463203463
,,1.0,,,,2019-09-19T02:17:19Z,ls8,qd9vcp7ucbsb,,,
,,1.0,,,,2019-09-20T01:56:54Z,ls7,qd9vcp7ucbsb,,,
,,1.0,,,,2019-09-27T02:02:46Z,ls7,qd9vcp7ucbsb,,,
0.022857142857142857,0.7,0.0,0.2671428571428572,0.0,0.0,2019-09-28T02:11:35Z,ls8,qd9vcp7ucbsb,0.2698412698412699,0.7070707070707071,0.023088023088023088
,,1.0,,,,2019-10-05T02:17:47Z,ls8,qd9vcp7ucbsb,,,
,,1.0,,,,2019-10-06T01:56:13Z,ls7,qd9vcp7ucbsb,,,
0.02142857142857143,0.6828571428571427,0.0,0.2871428571428571,0.0,0.0,2019-10-14T02:11:38Z,ls8,qd9vcp7ucbsb,0.2896253602305476,0.6887608069164265,0.02161383285302594
0.11,0.68,0.8571428571428572,0.2,0.0,0.0,2019-10-21T02:17:49Z,ls8,qd9vcp7ucbsb,0.20202020202020202,0.6868686868686869,0.1111111111111111
0.06,0.7,0.8571428571428572,0.23,0.0,0.0,2019-10-22T01:55:33Z,ls7,qd9vcp7ucbsb,0.23232323232323235,0.7070707070707071,0.06060606060606061
,,1.0,,,,2019-10-29T02:01:25Z,ls7,qd9vcp7ucbsb,,,
0.02857142857142857,0.7257142857142858,0.0,0.23714285714285713,0.0,0.0,2019-10-30T02:11:38Z,ls8,qd9vcp7ucbsb,0.239193083573487,0.7319884726224785,0.02881844380403458
0.03428571428571429,0.7057142857142856,0.0,0.25,0.0,0.0,2019-11-06T02:17:48Z,ls8,qd9vcp7ucbsb,0.25252525252525254,0.7128427128427128,0.03463203463203464
0.044,0.704,0.2857142857142857,0.244,0.0,0.0,2019-11-07T01:54:50Z,ls7,qd9vcp7ucbsb,0.24596774193548387,0.7096774193548386,0.044354838709677415
0.049999999999999996,0.7085714285714285,0.0,0.23142857142857146,0.0,0.0,2019-11-14T02:00:42Z,ls7,qd9vcp7ucbsb,0.2337662337662338,0.7157287157287157,0.050505050505050504
0.02428571428571429,0.7514285714285714,0.0,0.21714285714285714,0.0,0.0,2019-11-15T02:11:35Z,ls8,qd9vcp7ucbsb,0.218705035971223,0.7568345323741007,0.024460431654676262
,,1.0,,,,2019-11-22T02:17:20Z,ls8,qd9vcp7ucbsb,,,
0.021666666666666667,0.7633333333333333,0.1428571428571429,0.20333333333333337,0.0,0.0,2019-11-23T01:54:06Z,ls7,qd9vcp7ucbsb,0.20573355817875216,0.7723440134907251,0.021922428330522766
0.048571428571428564,0.6957142857142857,0.0,0.24285714285714285,0.0,0.0,2019-11-30T01:59:56Z,ls7,qd9vcp7ucbsb,0.2460202604920405,0.7047756874095513,0.04920405209840809
0.055714285714285716,0.7342857142857143,0.0,0.1985714285714286,0.0,0.0,2019-12-01T02:11:33Z,ls8,qd9vcp7ucbsb,0.20086705202312138,0.7427745664739884,0.05635838150289017
,,1.0,,,,2019-12-08T02:17:44Z,ls8,qd9vcp7ucbsb,,,
0.042857142857142864,0.74,0.0,0.20857142857142857,0.0,0.0,2019-12-09T01:53:19Z,ls7,qd9vcp7ucbsb,0.21037463976945245,0.7463976945244957,0.04322766570605188
0.012857142857142857,0.7957142857142857,0.0,0.18285714285714286,0.0,0.0,2019-12-16T01:59:09Z,ls7,qd9vcp7ucbsb,0.1844380403458213,0.8025936599423631,0.012968299711815562
0.039999999999999994,0.7285714285714285,0.0,0.2214285714285714,0.0,0.0,2019-12-17T02:11:32Z,ls8,qd9vcp7ucbsb,0.22366522366522362,0.7359307359307359,0.0404040404040404
0.04,0.7242857142857143,0.0,0.22571428571428573,0.0,0.0,2019-12-24T02:17:17Z,ls8,qd9vcp7ucbsb,0.22799422799422797,0.7316017316017316,0.0404040404040404
0.03333333333333333,0.77,0.5714285714285714,0.18666666666666668,0.0,0.0,2019-12-25T01:52:30Z,ls7,qd9vcp7ucbsb,0.18855218855218855,0.7777777777777778,0.03367003367003367
0.0,0.758,0.2857142857142857,0.236,0.0,0.0,2020-01-01T01:58:19Z,ls7,qd9vcp7ucbsb,0.23742454728370221,0.7625754527162978,0.0
0.02,0.782,0.2857142857142857,0.19,0.0,0.0,2020-01-02T02:11:27Z,ls8,qd9vcp7ucbsb,0.19153225806451613,0.7883064516129032,0.020161290322580645
0.030000000000000002,0.7528571428571429,0.0,0.20857142857142857,0.0,0.0,2020-01-09T02:17:37Z,ls8,qd9vcp7ucbsb,0.21037463976945242,0.7593659942363112,0.03025936599423631
,,1.0,,,,2020-01-10T01:51:40Z,ls7,qd9vcp7ucbsb,,,
0.037142857142857144,0.7185714285714287,0.0,0.2357142857142857,0.0,0.0,2020-01-17T01:57:30Z,ls7,qd9vcp7ucbsb,0.23775216138328528,0.7247838616714698,0.037463976945244955
0.030000000000000002,0.7657142857142857,0.0,0.1942857142857143,0.0,0.0,2020-01-18T02:11:24Z,ls8,qd9vcp7ucbsb,0.19624819624819628,0.7734487734487734,0.030303030303030307
0.038571428571428576,0.7300000000000002,0.0,0.22,0.0,0.0,2020-01-25T02:17:09Z,ls8,qd9vcp7ucbsb,0.222543352601156,0.7384393063583815,0.03901734104046242
0.04285714285714286,0.7285714285714285,0.0,0.22,0.0,0.0,2020-01-26T01:50:53Z,ls7,qd9vcp7ucbsb,0.22190201729106632,0.7348703170028819,0.043227665706051875
,,1.0,,,,2020-02-02T01:56:43Z,ls7,qd9vcp7ucbsb,,,
0.038571428571428576,0.7785714285714285,0.0,0.17285714285714285,0.0,0.0,2020-02-03T02:11:19Z,ls8,qd9vcp7ucbsb,0.17460317460317462,0.7864357864357864,0.03896103896103897
0.03428571428571429,0.7528571428571428,0.0,0.20285714285714287,0.0,0.0,2020-02-10T02:17:28Z,ls8,qd9vcp7ucbsb,0.20490620490620495,0.7604617604617605,0.03463203463203464
0.012857142857142857,0.7742857142857142,0.0,0.20142857142857146,0.0,0.0,2020-02-11T01:50:04Z,ls7,qd9vcp7ucbsb,0.20375722543352603,0.7832369942196531,0.013005780346820808
0.36571428571428577,0.4328571428571429,0.0,0.19571428571428573,0.0,0.0,2020-02-18T01:55:53Z,ls7,qd9vcp7ucbsb,0.1968390804597701,0.4353448275862069,0.36781609195402304
,,1.0,,,,2020-02-19T02:11:15Z,ls8,qd9vcp7ucbsb,,,
,,1.0,,,,2020-03-05T01:55:02Z,ls7,qd9vcp7ucbsb,,,
,,1.0,,,,2020-03-06T02:11:10Z,ls8,qd9vcp7ucbsb,,,
,,1.0,,,,2020-03-14T01:48:22Z,ls7,qd9vcp7ucbsb,,,
,,1.0,,,,2020-03-21T01:54:09Z,ls7,qd9vcp7ucbsb,,,
0.04714285714285714,0.6900000000000001,0.0,0.25285714285714284,0.0,0.0,2020-03-22T02:11:02Z,ls8,qd9vcp7ucbsb,0.25541125541125537,0.696969696969697,0.047619047619047616
,,1.0,,,,2020-03-29T02:16:45Z,ls8,qd9vcp7ucbsb,,,
0.0275,0.6975,0.4285714285714286,0.27,0.0,0.0,2020-03-30T01:47:28Z,ls7,qd9vcp7ucbsb,0.271356783919598,0.7010050251256281,0.02763819095477387
0.12142857142857143,0.6214285714285713,0.0,0.24571428571428575,0.0,0.0,2020-04-06T01:53:15Z,ls7,qd9vcp7ucbsb,0.24855491329479773,0.6286127167630057,0.12283236994219654
0.029999999999999995,0.6914285714285714,0.0,0.26857142857142857,0.0,0.0,2020-04-07T02:10:53Z,ls8,qd9vcp7ucbsb,0.2712842712842713,0.6984126984126984,0.0303030303030303
,,1.0,,,,2020-04-14T02:16:38Z,ls8,qd9vcp7ucbsb,,,
,,1.0,,,,2020-04-15T01:46:33Z,ls7,qd9vcp7ucbsb,,,
,,1.0,,,,2020-04-22T01:52:19Z,ls7,qd9vcp7ucbsb,,,
,,1.0,,,,2020-04-23T02:10:47Z,ls8,qd9vcp7ucbsb,,,
0.054285714285714284,0.6557142857142857,0.0,0.2757142857142857,0.0,0.0,2020-04-30T02:16:30Z,ls8,qd9vcp7ucbsb,0.2797101449275362,0.6652173913043479,0.05507246376811594
0.06,0.7066666666666667,0.5714285714285714,0.22666666666666666,0.0,0.0,2020-05-01T01:45:36Z,ls7,qd9vcp7ucbsb,0.22818791946308722,0.7114093959731543,0.060402684563758385
0.07571428571428572,0.6028571428571429,0.0,0.31,0.0,0.0,2020-05-08T01:51:22Z,ls7,qd9vcp7ucbsb,0.31358381502890176,0.6098265895953757,0.07658959537572255
,,1.0,,,,2020-05-09T02:10:38Z,ls8,qd9vcp7ucbsb,,,
0.03428571428571429,0.6757142857142858,0.0,0.27999999999999997,0.0,0.0,2020-05-16T02:16:50Z,ls8,qd9vcp7ucbsb,0.2828282828282828,0.6825396825396827,0.03463203463203463
,,1.0,,,,2020-05-17T01:44:38Z,ls7,qd9vcp7ucbsb,,,
,,1.0,,,,2020-05-25T02:10:41Z,ls8,qd9vcp7ucbsb,,,
0.13428571428571429,0.5314285714285715,0.0,0.32,0.0,0.0,2020-06-01T02:16:55Z,ls8,qd9vcp7ucbsb,0.32463768115942027,0.5391304347826087,0.13623188405797101
0.11800000000000002,0.558,0.2857142857142857,0.314,0.0,0.0,2020-06-02T01:43:40Z,ls7,qd9vcp7ucbsb,0.31717171717171716,0.5636363636363636,0.1191919191919192
0.11285714285714286,0.5842857142857143,0.0,0.2928571428571428,0.0,0.0,2020-06-09T01:49:27Z,ls7,qd9vcp7ucbsb,0.29581529581529575,0.5901875901875901,0.113997113997114
0.05857142857142857,0.6557142857142857,0.0,0.27285714285714285,0.0,0.0,2020-06-10T02:10:50Z,ls8,qd9vcp7ucbsb,0.276410998552822,0.6642547033285093,0.059334298118668596
0.0,0.0,0.0,0.0,0.0,1.0,2020-06-17T02:16:41Z,ls8,qd9vcp7ucbsb,0.0,0.0,0.0
0.0,0.0,0.4285714285714286,0.0,0.25,0.75,2020-06-18T01:42:44Z,ls7,qd9vcp7ucbsb,0.0,0.0,0.0
0.036,0.704,0.2857142857142857,0.25,0.0,0.0,2020-06-25T01:48:30Z,ls7,qd9vcp7ucbsb,0.25252525252525254,0.711111111111111,0.03636363636363636
0.08666666666666667,0.6233333333333334,0.5714285714285714,0.27666666666666667,0.0,0.0,2020-06-26T02:10:59Z,ls8,qd9vcp7ucbsb,0.2804054054054054,0.6317567567567567,0.08783783783783783
0.09857142857142856,0.5942857142857143,0.0,0.2942857142857143,0.0,0.0,2020-07-03T02:17:13Z,ls8,qd9vcp7ucbsb,0.29811866859623737,0.6020260492040521,0.09985528219971056
0.1442857142857143,0.5700000000000001,0.0,0.27142857142857146,0.0,0.0,2020-07-04T01:41:47Z,ls7,qd9vcp7ucbsb,0.2753623188405797,0.5782608695652174,0.1463768115942029
0.12142857142857144,0.5700000000000001,0.0,0.2985714285714286,0.0,0.0,2020-07-11T01:47:32Z,ls7,qd9vcp7ucbsb,0.30158730158730157,0.5757575757575758,0.12265512265512266
0.08142857142857143,0.6185714285714285,0.0,0.29,0.0,0.0,2020-07-12T02:11:05Z,ls8,qd9vcp7ucbsb,0.29292929292929293,0.6248196248196248,0.08225108225108226
0.06285714285714286,0.6642857142857144,0.0,0.2642857142857143,0.0,0.0,2020-07-19T02:16:55Z,ls8,qd9vcp7ucbsb,0.2665706051873199,0.6700288184438041,0.06340057636887608
,,1.0,,,,2020-07-20T01:40:49Z,ls7,qd9vcp7ucbsb,,,
0.0842857142857143,0.5742857142857142,0.0,0.33,0.0,0.0,2020-07-27T01:46:33Z,ls7,qd9vcp7ucbsb,0.33381502890173415,0.5809248554913294,0.08526011560693644
,,1.0,,,,2020-07-28T02:11:10Z,ls8,qd9vcp7ucbsb,,,
0.05428571428571428,0.7057142857142857,0.0,0.22571428571428573,0.0,0.0,2020-08-04T02:17:23Z,ls8,qd9vcp7ucbsb,0.2289855072463768,0.7159420289855072,0.055072463768115934
0.06571428571428573,0.6514285714285715,0.0,0.27571428571428575,0.0,0.0,2020-08-05T01:39:49Z,ls7,qd9vcp7ucbsb,0.2776978417266187,0.656115107913669,0.06618705035971223
0.047142857142857146,0.25,0.0,0.12714285714285717,0.2857142857142857,0.2857142857142857,2020-08-13T02:11:14Z,ls8,qd9vcp7ucbsb,0.12842712842712845,0.25252525252525254,0.04761904761904762
0.03142857142857143,0.07285714285714286,0.0,0.03571428571428571,0.42857142857142855,0.42857142857142855,2020-08-20T02:17:05Z,ls8,qd9vcp7ucbsb,0.036443148688046635,0.07434402332361514,0.03206997084548105
,,1.0,,,,2020-08-21T01:38:48Z,ls7,qd9vcp7ucbsb,,,
,,1.0,,,,2020-08-28T01:44:31Z,ls7,qd9vcp7ucbsb,,,
,,1.0,,,,2020-08-29T02:11:22Z,ls8,qd9vcp7ucbsb,,,
0.049999999999999996,0.6900000000000001,0.0,0.24714285714285714,0.0,0.0,2020-09-05T02:17:36Z,ls8,qd9vcp7ucbsb,0.25036179450072354,0.6989869753979739,0.05065123010130245
,,1.0,,,,2020-09-21T02:17:18Z,ls8,qd9vcp7ucbsb,,,
,,1.0,,,,2020-09-22T01:36:41Z,ls7,qd9vcp7ucbsb,,,
0.027142857142857142,0.7142857142857143,0.0,0.24714285714285714,0.0,0.0,2020-09-30T02:11:33Z,ls8,qd9vcp7ucbsb,0.25,0.7225433526011561,0.02745664739884393
0.04428571428571428,0.6942857142857143,0.0,0.24857142857142858,0.0,0.0,2020-10-07T02:17:45Z,ls8,qd9vcp7ucbsb,0.25180897250361794,0.703328509406657,0.04486251808972504
0.011428571428571429,0.7128571428571427,0.0,0.26857142857142857,0.0,0.0,2020-10-08T01:35:40Z,ls7,qd9vcp7ucbsb,0.2705035971223022,0.7179856115107913,0.011510791366906475
,,1.0,,,,2020-10-16T02:11:34Z,ls8,qd9vcp7ucbsb,,,
0.025714285714285717,0.7299999999999999,0.0,0.23428571428571426,0.0,0.0,2020-10-23T02:17:45Z,ls8,qd9vcp7ucbsb,0.23665223665223667,0.7373737373737373,0.02597402597402598
0.028571428571428574,0.7428571428571429,0.0,0.22142857142857145,0.0,0.0,2020-10-24T01:34:38Z,ls7,qd9vcp7ucbsb,0.22302158273381295,0.7482014388489209,0.02877697841726619
,,1.0,,,,2020-11-09T01:33:33Z,ls7,qd9vcp7ucbsb,,,
0.041428571428571426,0.6957142857142857,0.0,0.2542857142857143,0.0,0.0,2020-11-16T01:39:15Z,ls7,qd9vcp7ucbsb,0.2564841498559078,0.7017291066282422,0.04178674351585015
,,1.0,,,,2020-11-17T02:11:32Z,ls8,qd9vcp7ucbsb,,,
0.027142857142857142,0.7400000000000001,0.0,0.2257142857142857,0.0,0.0,2020-11-24T02:17:21Z,ls8,qd9vcp7ucbsb,0.22733812949640286,0.7453237410071943,0.027338129496402876
0.047142857142857146,0.7357142857142857,0.0,0.20857142857142857,0.0,0.0,2020-11-25T01:32:26Z,ls7,qd9vcp7ucbsb,0.21037463976945248,0.7420749279538905,0.04755043227665707
,,1.0,,,,2020-12-02T01:38:06Z,ls7,qd9vcp7ucbsb,,,
0.049999999999999996,0.7271428571428571,0.0,0.21285714285714286,0.0,0.0,2020-12-03T02:11:35Z,ls8,qd9vcp7ucbsb,0.215007215007215,0.7344877344877344,0.050505050505050504
,,1.0,,,,2020-12-10T02:17:22Z,ls8,qd9vcp7ucbsb,,,
0.0,0.8383333333333333,0.1428571428571429,0.16166666666666668,0.0,0.0,2020-12-11T01:31:15Z,ls7,qd9vcp7ucbsb,0.16166666666666668,0.8383333333333333,0.0
0.011428571428571429,0.7514285714285714,0.0,0.22571428571428573,0.0,0.0,2020-12-18T01:36:54Z,ls7,qd9vcp7ucbsb,0.22832369942196531,0.7601156069364161,0.011560693641618497
0.028571428571428574,0.7671428571428571,0.0,0.19571428571428573,0.0,0.0,2020-12-19T02:11:35Z,ls8,qd9vcp7ucbsb,0.1974063400576369,0.7737752161383286,0.028818443804034585
0.021428571428571432,0.7614285714285715,0.0,0.21,0.0,0.0,2020-12-26T02:17:20Z,ls8,qd9vcp7ucbsb,0.21151079136690645,0.7669064748201438,0.021582733812949645
0.0325,0.7475,0.4285714285714286,0.21,0.0,0.0,2020-12-27T01:30:04Z,ls7,qd9vcp7ucbsb,0.21212121212121213,0.7550505050505051,0.03282828282828283
0.012857142857142859,0.7685714285714287,0.0,0.21142857142857138,0.0,0.0,2021-01-03T01:35:46Z,ls7,qd9vcp7ucbsb,0.21294964028776972,0.7741007194244605,0.012949640287769784
0.058571428571428566,0.7457142857142858,0.0,0.18714285714285714,0.0,0.0,2021-01-04T02:11:30Z,ls8,qd9vcp7ucbsb,0.1887608069164265,0.7521613832853026,0.05907780979827088
0.05285714285714286,0.7471428571428572,0.0,0.19,0.0,0.0,2021-01-11T02:17:14Z,ls8,qd9vcp7ucbsb,0.1919191919191919,0.7546897546897547,0.053391053391053385
,,1.0,,,,2021-01-12T01:28:57Z,ls7,qd9vcp7ucbsb,,,
0.02714285714285714,0.74,0.0,0.22571428571428573,0.0,0.0,2021-01-20T02:11:23Z,ls8,qd9vcp7ucbsb,0.2273381294964029,0.7453237410071942,0.027338129496402873
0.02428571428571429,0.7485714285714286,0.0,0.21857142857142858,0.0,0.0,2021-01-27T02:17:09Z,ls8,qd9vcp7ucbsb,0.2204610951008646,0.7550432276657061,0.0244956772334294
0.08857142857142856,0.6528571428571428,0.0,0.24857142857142858,0.0,0.0,2021-01-28T01:27:48Z,ls7,qd9vcp7ucbsb,0.25108225108225113,0.6594516594516595,0.08946608946608947
0.06571428571428571,0.6785714285714286,0.0,0.24571428571428575,0.0,0.0,2021-02-04T01:33:28Z,ls7,qd9vcp7ucbsb,0.2481962481962482,0.6854256854256854,0.06637806637806637
,,1.0,,,,2021-02-05T02:11:21Z,ls8,qd9vcp7ucbsb,,,
0.051428571428571435,0.67,0.0,0.26571428571428574,0.0,0.0,2021-02-12T02:17:07Z,ls8,qd9vcp7ucbsb,0.26917510853835025,0.678726483357453,0.052098408104196824
,,1.0,,,,2021-02-13T01:26:37Z,ls7,qd9vcp7ucbsb,,,
,,1.0,,,,2021-02-20T01:32:16Z,ls7,qd9vcp7ucbsb,,,
0.03428571428571429,0.6985714285714285,0.0,0.25857142857142856,0.0,0.0,2021-02-21T02:11:17Z,ls8,qd9vcp7ucbsb,0.260806916426513,0.7046109510086456,0.0345821325648415
0.028571428571428574,0.7414285714285714,0.0,0.22,0.0,0.0,2021-02-28T02:17:25Z,ls8,qd9vcp7ucbsb,0.22222222222222224,0.748917748917749,0.028860028860028863
0.11,0.692857142857143,0.0,0.18714285714285714,0.0,0.0,2021-03-01T01:25:24Z,ls7,qd9vcp7ucbsb,0.189033189033189,0.6998556998556998,0.1111111111111111
0.041428571428571426,0.6842857142857143,0.0,0.26571428571428574,0.0,0.0,2021-03-08T01:31:02Z,ls7,qd9vcp7ucbsb,0.26801152737752165,0.6902017291066282,0.04178674351585015
,,1.0,,,,2021-03-09T02:11:09Z,ls8,qd9vcp7ucbsb,,,
,,1.0,,,,2021-03-16T02:16:52Z,ls8,qd9vcp7ucbsb,,,
0.018571428571428572,0.7071428571428572,0.0,0.26857142857142857,0.0,0.0,2021-03-17T01:24:08Z,ls7,qd9vcp7ucbsb,0.27011494252873564,0.7112068965517242,0.01867816091954023
0.05714285714285715,0.6585714285714287,0.0,0.2814285714285715,0.0,0.0,2021-03-24T01:29:46Z,ls7,qd9vcp7ucbsb,0.2822349570200573,0.660458452722063,0.05730659025787965
,,1.0,,,,2021-03-25T02:11:02Z,ls8,qd9vcp7ucbsb,,,
0.032857142857142856,0.7071428571428571,0.0,0.25142857142857145,0.0,0.0,2021-04-01T02:16:48Z,ls8,qd9vcp7ucbsb,0.2536023054755044,0.7132564841498559,0.03314121037463977
0.01,0.7185714285714286,0.0,0.26285714285714284,0.0,0.0,2021-04-02T01:22:51Z,ls7,qd9vcp7ucbsb,0.2651296829971181,0.7247838616714697,0.010086455331412102
,,1.0,,,,2021-04-09T01:28:27Z,ls7,qd9vcp7ucbsb,,,
,,1.0,,,,2021-04-10T02:10:58Z,ls8,qd9vcp7ucbsb,,,
,,1.0,,,,2021-04-17T02:16:42Z,ls8,qd9vcp7ucbsb,,,
0.04428571428571428,0.6657142857142857,0.0,0.27999999999999997,0.0,0.0,2021-04-18T01:21:31Z,ls7,qd9vcp7ucbsb,0.2828282828282828,0.6724386724386724,0.04473304473304473
0.0375,0.665,0.4285714285714286,0.28750000000000003,0.0,0.0,2021-04-25T01:27:06Z,ls7,qd9vcp7ucbsb,0.2904040404040404,0.6717171717171717,0.03787878787878787
0.030000000000000002,0.6728571428571428,0.0,0.2871428571428571,0.0,0.0,2021-04-26T02:10:50Z,ls8,qd9vcp7ucbsb,0.29004329004329,0.6796536796536796,0.030303030303030307
0.03142857142857143,0.6628571428571428,0.0,0.2942857142857143,0.0,0.0,2021-05-03T02:16:56Z,ls8,qd9vcp7ucbsb,0.29768786127167635,0.6705202312138728,0.03179190751445087
,,1.0,,,,2021-05-12T02:10:47Z,ls8,qd9vcp7ucbsb,,,
,,1.0,,,,2021-05-19T02:17:03Z,ls8,qd9vcp7ucbsb,,,
0.1,0.54,0.7142857142857143,0.345,0.0,0.0,2021-05-20T01:18:49Z,ls7,qd9vcp7ucbsb,0.350253807106599,0.5482233502538072,0.10152284263959392
,,1.0,,,,2021-06-04T02:17:11Z,ls8,qd9vcp7ucbsb,,,
0.15571428571428572,0.49571428571428583,0.0,0.33428571428571435,0.0,0.0,2021-06-05T01:17:27Z,ls7,qd9vcp7ucbsb,0.3391304347826087,0.5028985507246377,0.1579710144927536
,,1.0,,,,2021-06-12T01:23:04Z,ls7,qd9vcp7ucbsb,,,
0.045714285714285714,0.13285714285714287,0.0,0.10142857142857142,0.5714285714285714,0.14285714285714285,2021-06-13T02:11:04Z,ls8,qd9vcp7ucbsb,0.10349854227405247,0.13556851311953355,0.046647230320699715
,,1.0,,,,2021-06-20T02:16:53Z,ls8,qd9vcp7ucbsb,,,
,,1.0,,,,2021-06-21T01:16:09Z,ls7,qd9vcp7ucbsb,,,
,,1.0,,,,2021-06-29T02:11:08Z,ls8,qd9vcp7ucbsb,,,
0.06428571428571428,0.13,0.0,0.08857142857142859,0.5714285714285714,0.14285714285714285,2021-07-06T02:17:19Z,ls8,qd9vcp7ucbsb,0.0894660894660895,0.13131313131313133,0.06493506493506493
0.049999999999999996,0.13,0.0,0.10142857142857142,0.5714285714285714,0.14285714285714285,2021-07-07T01:14:49Z,ls7,qd9vcp7ucbsb,0.10297316896301668,0.13197969543147212,0.05076142131979696
0.07714285714285715,0.11857142857142858,0.0,0.08571428571428573,0.5714285714285714,0.14285714285714285,2021-07-15T02:11:09Z,ls8,qd9vcp7ucbsb,0.08701957940536623,0.12037708484408992,0.0783176214648296
0.12999999999999998,0.15857142857142859,0.0,0.13285714285714287,0.42857142857142855,0.14285714285714285,2021-07-22T02:16:59Z,ls8,qd9vcp7ucbsb,0.13510895883777238,0.1612590799031477,0.13220338983050842
,,1.0,,,,2021-07-23T01:13:27Z,ls7,qd9vcp7ucbsb,,,
0.22142857142857147,0.23285714285714285,0.0,0.11142857142857143,0.14285714285714285,0.2857142857142857,2021-07-31T02:11:17Z,ls8,qd9vcp7ucbsb,0.11255411255411255,0.23520923520923517,0.2236652236652237
0.21857142857142856,0.17,0.0,0.1742857142857143,0.14285714285714285,0.2857142857142857,2021-08-15T01:17:35Z,ls7,qd9vcp7ucbsb,0.176939811457578,0.1725888324873097,0.22189992748368387
0.1285714285714286,0.16285714285714287,0.0,0.13000000000000003,0.5714285714285714,0.0,2021-08-16T02:11:23Z,ls8,qd9vcp7ucbsb,0.1322033898305085,0.16561743341404359,0.13075060532687652
0.13285714285714284,0.15857142857142859,0.0,0.13000000000000003,0.5714285714285714,0.0,2021-08-23T02:17:36Z,ls8,qd9vcp7ucbsb,0.13220338983050853,0.16125907990314772,0.1351089588377724
0.06428571428571428,0.21285714285714286,0.0,0.1457142857142857,0.42857142857142855,0.14285714285714285,2021-08-24T01:10:38Z,ls7,qd9vcp7ucbsb,0.1476833976833977,0.21573359073359072,0.06515444015444015
0.047142857142857146,0.6557142857142857,0.0,0.2871428571428572,0.0,0.0,2021-09-08T02:17:17Z,ls8,qd9vcp7ucbsb,0.2900432900432901,0.6623376623376623,0.04761904761904762
,,1.0,,,,2021-09-16T01:14:48Z,ls7,qd9vcp7ucbsb,,,
,,1.0,,,,2021-09-17T02:11:32Z,ls8,qd9vcp7ucbsb,,,
0.048571428571428564,0.6514285714285714,0.0,0.2914285714285714,0.0,0.0,2021-09-24T02:17:19Z,ls8,qd9vcp7ucbsb,0.29394812680115273,0.6570605187319883,0.04899135446685878
0.032,0.6880000000000001,0.2857142857142857,0.26999999999999996,0.0,0.0,2021-09-25T01:07:49Z,ls7,qd9vcp7ucbsb,0.2727272727272727,0.694949494949495,0.03232323232323232
0.049999999999999996,0.6399999999999999,0.0,0.29857142857142854,0.0,0.0,2021-10-03T02:11:36Z,ls8,qd9vcp7ucbsb,0.30202312138728327,0.6473988439306358,0.05057803468208093
0.05285714285714286,0.6371428571428571,0.0,0.29857142857142854,0.0,0.0,2021-10-10T02:17:25Z,ls8,qd9vcp7ucbsb,0.3020231213872832,0.6445086705202312,0.05346820809248555
0.03285714285714286,0.6085714285714287,0.0,0.3485714285714286,0.0,0.0,2021-10-26T02:17:51Z,ls8,qd9vcp7ucbsb,0.352092352092352,0.6147186147186147,0.033189033189033185
,,1.0,,,,2021-11-03T01:10:29Z,ls7,qd9vcp7ucbsb,,,
0.05857142857142857,0.6328571428571428,0.0,0.29857142857142854,0.0,0.0,2021-11-04T02:11:39Z,ls8,qd9vcp7ucbsb,0.30158730158730157,0.6392496392496393,0.059163059163059174
0.04285714285714286,0.6528571428571429,0.0,0.2928571428571428,0.0,0.0,2021-11-11T02:17:48Z,ls8,qd9vcp7ucbsb,0.29624277456647397,0.6604046242774567,0.04335260115606936
0.05857142857142857,0.6214285714285713,0.0,0.31,0.0,0.0,2021-11-12T01:03:26Z,ls7,qd9vcp7ucbsb,0.31313131313131315,0.6277056277056277,0.059163059163059174
0.15799999999999997,0.138,0.2857142857142857,0.1,0.0,0.6,2021-11-18T02:13:25Z,ls9,qd9vcp7ucbsb,0.10101010101010102,0.1393939393939394,0.15959595959595957
0.06142857142857143,0.6185714285714285,0.0,0.31142857142857144,0.0,0.0,2021-11-19T01:08:56Z,ls7,qd9vcp7ucbsb,0.314121037463977,0.6239193083573488,0.061959654178674356
0.05142857142857143,0.6757142857142858,0.0,0.26285714285714284,0.0,0.0,2021-11-20T02:11:34Z,ls8,qd9vcp7ucbsb,0.2655122655122655,0.6825396825396827,0.051948051948051945
0.04428571428571428,0.6771428571428573,0.0,0.2671428571428572,0.0,0.0,2021-11-27T02:17:23Z,ls8,qd9vcp7ucbsb,0.2702312138728324,0.684971098265896,0.04479768786127167
,,1.0,,,,2021-11-28T01:01:54Z,ls7,qd9vcp7ucbsb,,,
,,1.0,,,,2021-12-05T02:17:25Z,ls9,qd9vcp7ucbsb,,,
0.04,0.6928571428571428,0.0,0.2557142857142857,0.0,0.0,2021-12-06T02:11:36Z,ls8,qd9vcp7ucbsb,0.25867052023121384,0.7008670520231213,0.04046242774566474
0.04142857142857143,0.7000000000000001,0.0,0.25,0.0,0.0,2021-12-13T02:17:46Z,ls8,qd9vcp7ucbsb,0.2521613832853026,0.7060518731988472,0.04178674351585014
0.05142857142857143,0.6785714285714285,0.0,0.2571428571428571,0.0,0.0,2021-12-14T02:11:32Z,ls9,qd9vcp7ucbsb,0.26049204052098407,0.6874095513748192,0.052098408104196824
,,1.0,,,,2021-12-21T02:17:18Z,ls9,qd9vcp7ucbsb,,,
0.03428571428571429,0.6957142857142857,0.0,0.26,0.0,0.0,2021-12-22T02:11:33Z,ls8,qd9vcp7ucbsb,0.26262626262626265,0.7027417027417028,0.03463203463203463
0.03571428571428571,0.7071428571428571,0.0,0.24857142857142853,0.0,0.0,2021-12-29T02:17:41Z,ls8,qd9vcp7ucbsb,0.2507204610951008,0.7132564841498559,0.03602305475504323
0.01,0.39285714285714285,0.0,0.16285714285714287,0.0,0.42857142857142855,2021-12-30T00:58:48Z,ls7,qd9vcp7ucbsb,0.1645021645021645,0.3968253968253968,0.0101010101010101
0.7714285714285714,1.1928571428571428,0.0,0.9285714285714286,0.0,0.0,2022-01-06T01:04:17Z,ls7,qd9vcp7ucbsb,0.3209876543209877,0.4123456790123457,0.26666666666666666
0.045714285714285714,0.6857142857142858,0.0,0.2571428571428572,0.0,0.0,2022-01-07T02:11:29Z,ls8,qd9vcp7ucbsb,0.26011560693641617,0.6936416184971098,0.04624277456647398
0.041428571428571426,0.6857142857142856,0.0,0.2642857142857143,0.0,0.0,2022-01-14T02:17:39Z,ls8,qd9vcp7ucbsb,0.2665706051873199,0.6916426512968299,0.04178674351585015
0.045714285714285714,0.647142857142857,0.0,0.29571428571428576,0.0,0.0,2022-01-15T00:57:16Z,ls7,qd9vcp7ucbsb,0.29913294797687867,0.6546242774566473,0.046242774566473986
0.08,0.6442857142857142,0.0,0.2671428571428572,0.0,0.0,2022-01-22T01:02:46Z,ls7,qd9vcp7ucbsb,0.2694524495677234,0.6498559077809798,0.08069164265129683
0.047142857142857146,0.7357142857142857,0.0,0.20571428571428574,0.0,0.0,2022-01-23T02:11:25Z,ls8,qd9vcp7ucbsb,0.20809248554913298,0.7442196531791907,0.047687861271676305
0.04714285714285714,0.6842857142857142,0.0,0.2557142857142857,0.0,0.0,2022-01-30T02:17:09Z,ls8,qd9vcp7ucbsb,0.2590448625180897,0.6931982633863965,0.04775687409551375
0.05714285714285715,0.21142857142857144,0.0,0.15285714285714283,0.0,0.5714285714285714,2022-01-31T00:55:42Z,ls7,qd9vcp7ucbsb,0.15544794188861985,0.21501210653753028,0.05811138014527845
0.0,0.0,0.0,0.0,0.0,1.0,2022-02-07T01:01:11Z,ls7,qd9vcp7ucbsb,0.0,0.0,0.0
0.0642857142857143,0.6685714285714284,0.0,0.2571428571428571,0.0,0.0,2022-02-08T02:11:21Z,ls8,qd9vcp7ucbsb,0.25974025974025977,0.6753246753246753,0.06493506493506496
0.03142857142857143,0.7071428571428572,0.0,0.25,0.0,0.0,2022-02-15T02:17:30Z,ls8,qd9vcp7ucbsb,0.2528901734104046,0.7153179190751445,0.031791907514450865
0.030000000000000002,0.15285714285714283,0.0,0.09999999999999999,0.0,0.7142857142857143,2022-02-16T00:54:03Z,ls7,qd9vcp7ucbsb,0.101010101010101,0.15440115440115437,0.030303030303030304
0.11285714285714286,0.5314285714285714,0.0,0.3442857142857143,0.0,0.0,2022-02-23T00:59:35Z,ls7,qd9vcp7ucbsb,0.34826589595375723,0.53757225433526,0.11416184971098267
0.03571428571428571,0.6814285714285714,0.0,0.2728571428571428,0.0,0.0,2022-02-24T02:11:16Z,ls8,qd9vcp7ucbsb,0.2756132756132756,0.6883116883116883,0.03607503607503608
0.041428571428571426,0.682857142857143,0.0,0.2642857142857143,0.0,0.0,2022-03-03T02:17:02Z,ls8,qd9vcp7ucbsb,0.26734104046242774,0.6907514450867054,0.041907514450867045
0.0,0.0,0.0,0.0,0.0,1.0,2022-03-04T00:52:32Z,ls7,qd9vcp7ucbsb,0.0,0.0,0.0
0.002857142857142857,0.10857142857142857,0.0,0.03,0.0,0.8571428571428571,2022-03-12T02:11:12Z,ls8,qd9vcp7ucbsb,0.03030303030303031,0.10966810966810969,0.002886002886002887
,,1.0,,,,2022-03-19T02:17:18Z,ls8,qd9vcp7ucbsb,,,
0.022857142857142857,0.6328571428571428,0.0,0.33,0.0,0.0,2022-03-20T00:50:56Z,ls7,qd9vcp7ucbsb,0.3347826086956522,0.6420289855072463,0.02318840579710145
,,1.0,,,,2022-03-27T00:56:28Z,ls7,qd9vcp7ucbsb,,,
0.02428571428571429,0.5914285714285715,0.0,0.37,0.0,0.0,2022-03-28T02:11:00Z,ls8,qd9vcp7ucbsb,0.3753623188405797,0.6000000000000001,0.02463768115942029
0.0,0.0,0.0,0.0,0.0,1.0,2022-04-05T00:49:24Z,ls7,qd9vcp7ucbsb,0.0,0.0,0.0
0.044285714285714275,0.6085714285714285,0.0,0.33285714285714285,0.0,0.0,2022-04-13T02:11:04Z,ls8,qd9vcp7ucbsb,0.33768115942028987,0.6173913043478261,0.04492753623188405
,,1.0,,,,2022-04-20T02:17:14Z,ls8,qd9vcp7ucbsb,,,
0.054285714285714284,0.10714285714285714,0.0,0.11857142857142858,0.5714285714285714,0.14285714285714285,2022-04-29T02:11:00Z,ls8,qd9vcp7ucbsb,0.12099125364431491,0.10932944606413997,0.05539358600583092
,,1.0,,,,2022-05-06T02:16:52Z,ls8,qd9vcp7ucbsb,,,
,,1.0,,,,2022-05-15T02:11:10Z,ls8,qd9vcp7ucbsb,,,
0.05714285714285715,0.18142857142857144,0.0,0.18285714285714286,0.42857142857142855,0.14285714285714285,2022-05-22T02:16:58Z,ls8,qd9vcp7ucbsb,0.185956416464891,0.18450363196125907,0.058111380145278446
0.16571428571428573,0.4257142857142857,0.0,0.3914285714285714,0.0,0.0,2022-05-31T02:11:13Z,ls8,qd9vcp7ucbsb,0.39825581395348836,0.4331395348837209,0.16860465116279072
,,1.0,,,,2022-06-07T02:17:06Z,ls8,qd9vcp7ucbsb,,,
0.015714285714285715,0.058571428571428566,0.0,0.06571428571428571,0.5714285714285714,0.2857142857142857,2022-06-16T02:11:25Z,ls8,qd9vcp7ucbsb,0.06705539358600586,0.05976676384839653,0.01603498542274053
,,1.0,,,,2022-06-23T02:17:15Z,ls8,qd9vcp7ucbsb,,,
0.09571428571428572,0.15285714285714283,0.0,0.17142857142857143,0.5714285714285714,0.0,2022-07-02T02:11:29Z,ls8,qd9vcp7ucbsb,0.1749271137026239,0.1559766763848396,0.09766763848396502
0.08571428571428573,0.17285714285714285,0.0,0.16428571428571428,0.42857142857142855,0.14285714285714285,2022-07-09T02:17:16Z,ls8,qd9vcp7ucbsb,0.16650579150579148,0.17519305019305018,0.08687258687258688
0.017142857142857144,0.06285714285714286,0.0,0.06142857142857143,0.2857142857142857,0.5714285714285714,2022-07-18T02:11:29Z,ls8,qd9vcp7ucbsb,0.062049062049062076,0.06349206349206352,0.017316017316017323
0.12571428571428572,0.1357142857142857,0.0,0.15857142857142856,0.5714285714285714,0.0,2022-07-25T02:17:46Z,ls8,qd9vcp7ucbsb,0.1618075801749271,0.13848396501457727,0.12827988338192423
,,1.0,,,,2022-08-03T02:11:41Z,ls8,qd9vcp7ucbsb,,,
,,1.0,,,,2022-08-10T02:17:31Z,ls8,qd9vcp7ucbsb,,,
0.02142857142857143,0.06,0.0,0.058571428571428566,0.42857142857142855,0.42857142857142855,2022-08-19T02:11:46Z,ls8,qd9vcp7ucbsb,0.0597667638483965,0.061224489795918366,0.021865889212827987
,,1.0,,,,2022-08-26T02:17:57Z,ls8,qd9vcp7ucbsb,,,
,,1.0,,,,2022-09-11T02:18:01Z,ls8,qd9vcp7ucbsb,,,
,,1.0,,,,2022-09-27T02:18:04Z,ls8,qd9vcp7ucbsb,,,
,,1.0,,,,2022-10-06T02:11:50Z,ls8,qd9vcp7ucbsb,,,
0.05714285714285713,0.6142857142857144,0.0,0.31714285714285717,0.0,0.0,2022-10-13T02:17:31Z,ls8,qd9vcp7ucbsb,0.3208092485549133,0.6213872832369942,0.05780346820809246
,,1.0,,,,2022-10-22T02:11:50Z,ls8,qd9vcp7ucbsb,,,
0.039999999999999994,0.5914285714285714,0.0,0.36000000000000004,0.0,0.0,2022-10-29T02:17:39Z,ls8,qd9vcp7ucbsb,0.3631123919308357,0.5965417867435158,0.0403458213256484
,,1.0,,,,2022-11-07T02:11:52Z,ls8,qd9vcp7ucbsb,,,
0.042857142857142864,0.6814285714285714,0.0,0.2642857142857143,0.0,0.0,2022-11-14T02:17:35Z,ls8,qd9vcp7ucbsb,0.26734104046242774,0.6893063583815029,0.04335260115606937
0.041428571428571426,0.6314285714285715,0.0,0.3157142857142857,0.0,0.0,2022-11-23T02:11:47Z,ls8,qd9vcp7ucbsb,0.31936416184971095,0.6387283236994219,0.041907514450867045
,,1.0,,,,2022-11-30T02:17:35Z,ls8,qd9vcp7ucbsb,,,
,,1.0,,,,2022-12-09T02:11:47Z,ls8,qd9vcp7ucbsb,,,
0.04,0.6900000000000001,0.0,0.26,0.0,0.0,2022-12-16T02:17:30Z,ls8,qd9vcp7ucbsb,0.2626262626262626,0.6969696969696969,0.0404040404040404
0.04285714285714285,0.6642857142857144,0.0,0.2814285714285715,0.0,0.0,2022-12-25T02:11:38Z,ls8,qd9vcp7ucbsb,0.28468208092485553,0.6719653179190752,0.043352601156069356
0.047142857142857146,0.6928571428571428,0.0,0.24857142857142858,0.0,0.0,2023-01-01T02:17:26Z,ls8,qd9vcp7ucbsb,0.2514450867052023,0.7008670520231214,0.047687861271676305
,,1.0,,,,2023-01-10T02:11:37Z,ls8,qd9vcp7ucbsb,,,
0.054285714285714284,0.6957142857142857,0.0,0.24000000000000002,0.0,0.0,2023-01-17T02:17:18Z,ls8,qd9vcp7ucbsb,0.24242424242424246,0.7027417027417028,0.05483405483405483
0.039999999999999994,0.6885714285714286,0.0,0.26142857142857145,0.0,0.0,2023-01-26T02:11:36Z,ls8,qd9vcp7ucbsb,0.26406926406926406,0.6955266955266955,0.040404040404040394
,,1.0,,,,2023-02-02T02:17:48Z,ls8,qd9vcp7ucbsb,,,
0.0642857142857143,0.6542857142857142,0.0,0.26857142857142857,0.0,0.0,2023-02-11T02:11:33Z,ls8,qd9vcp7ucbsb,0.27206946454413894,0.662807525325615,0.06512301013024603
0.04428571428571428,0.6685714285714285,0.0,0.27571428571428575,0.0,0.0,2023-02-18T02:17:38Z,ls8,qd9vcp7ucbsb,0.27890173410404634,0.6763005780346821,0.04479768786127168
0.025714285714285714,0.7042857142857143,0.0,0.25999999999999995,0.0,0.0,2023-02-27T02:11:18Z,ls8,qd9vcp7ucbsb,0.2626262626262626,0.7113997113997115,0.025974025974025976
0.044285714285714296,0.6157142857142858,0.0,0.3285714285714286,0.0,0.0,2023-03-06T02:17:26Z,ls8,qd9vcp7ucbsb,0.3323699421965318,0.6228323699421965,0.04479768786127168
0.038571428571428576,0.6171428571428571,0.0,0.3285714285714286,0.0,0.0,2023-03-15T02:11:12Z,ls8,qd9vcp7ucbsb,0.3338171262699565,0.6269956458635704,0.039187227866473155
,,1.0,,,,2023-03-22T02:17:17Z,ls8,qd9vcp7ucbsb,,,
0.030000000000000002,0.2671428571428572,0.0,0.12428571428571429,0.14285714285714285,0.42857142857142855,2023-03-31T02:11:02Z,ls8,qd9vcp7ucbsb,0.12639225181598063,0.2716707021791768,0.030508474576271195
,,1.0,,,,2023-04-07T02:16:41Z,ls8,qd9vcp7ucbsb,,,
0.04857142857142858,0.5885714285714286,0.0,0.35000000000000003,0.0,0.0,2023-04-16T02:10:47Z,ls8,qd9vcp7ucbsb,0.3545586107091172,0.5962373371924747,0.049204052098408106
0.06714285714285714,0.5700000000000001,0.0,0.35285714285714287,0.0,0.0,2023-05-02T02:10:42Z,ls8,qd9vcp7ucbsb,0.3564213564213564,0.5757575757575758,0.06782106782106781
0.025714285714285714,0.5742857142857142,0.0,0.3871428571428572,0.0,0.0,2023-05-09T02:16:46Z,ls8,qd9vcp7ucbsb,0.39218523878437056,0.5817655571635311,0.026049204052098412
0.060000000000000005,0.5928571428571429,0.0,0.3371428571428572,0.0,0.0,2023-05-18T02:10:30Z,ls8,qd9vcp7ucbsb,0.34054834054834054,0.5988455988455987,0.06060606060606061
0.12571428571428572,0.38285714285714284,0.0,0.33571428571428574,0.0,0.14285714285714285,2023-05-25T02:16:20Z,ls8,qd9vcp7ucbsb,0.34082668600435106,0.3886874546773024,0.12762871646120377
0.05714285714285715,0.18714285714285714,0.0,0.18,0.14285714285714285,0.42857142857142855,2023-06-03T02:10:34Z,ls8,qd9vcp7ucbsb,0.18181818181818185,0.18903318903318908,0.05772005772005774
0.058571428571428566,0.1842857142857143,0.0,0.17857142857142858,0.14285714285714285,0.42857142857142855,2023-06-10T02:16:50Z,ls8,qd9vcp7ucbsb,0.1815980629539952,0.18740920096852307,0.059564164648910414
0.7542857142857143,0.02428571428571429,0.0,0.21714285714285714,0.0,0.0,2023-06-19T02:10:42Z,ls8,qd9vcp7ucbsb,0.21807747489239596,0.024390243902439025,0.757532281205165
0.018571428571428572,0.055714285714285716,0.0,0.06571428571428571,0.2857142857142857,0.5714285714285714,2023-06-26T02:16:57Z,ls8,qd9vcp7ucbsb,0.06705539358600585,0.05685131195335279,0.01895043731778426
0.1757142857142857,0.35857142857142854,0.0,0.31142857142857144,0.0,0.14285714285714285,2023-07-05T02:10:53Z,ls8,qd9vcp7ucbsb,0.31563706563706573,0.36341698841698844,0.17808880308880312
0.11000000000000001,0.5542857142857143,0.0,0.3228571428571429,0.0,0.0,2023-07-12T02:17:07Z,ls8,qd9vcp7ucbsb,0.3270622286541245,0.5615050651230101,0.11143270622286541
0.05857142857142857,0.5842857142857143,0.0,0.34285714285714286,0.0,0.0,2023-07-21T02:10:56Z,ls8,qd9vcp7ucbsb,0.34782608695652173,0.5927536231884057,0.059420289855072465
,,1.0,,,,2023-07-28T02:16:49Z,ls8,qd9vcp7ucbsb,,,
0.04142857142857143,0.6057142857142858,0.0,0.34285714285714286,0.0,0.0,2023-08-06T02:11:06Z,ls8,qd9vcp7ucbsb,0.3463203463203463,0.6118326118326118,0.04184704184704185
0.08714285714285716,0.5857142857142856,0.0,0.31428571428571433,0.0,0.0,2023-08-13T02:17:18Z,ls8,qd9vcp7ucbsb,0.31837916063675836,0.5933429811866859,0.08827785817655574
0.07428571428571429,0.6028571428571429,0.0,0.31,0.0,0.0,2023-08-22T02:11:13Z,ls8,qd9vcp7ucbsb,0.3140376266280753,0.6107091172214183,0.07525325615050651
0.054285714285714284,0.6285714285714284,0.0,0.30428571428571427,0.0,0.0,2023-08-29T02:17:25Z,ls8,qd9vcp7ucbsb,0.30824891461649784,0.6367583212735166,0.054992764109985534
0.044285714285714275,0.6342857142857142,0.0,0.31000000000000005,0.0,0.0,2023-09-07T02:11:12Z,ls8,qd9vcp7ucbsb,0.3135838150289018,0.6416184971098265,0.04479768786127167
,,1.0,,,,2023-09-23T02:11:18Z,ls8,qd9vcp7ucbsb,,,
0.03857142857142857,0.6414285714285715,0.0,0.31,0.0,0.0,2023-09-30T02:17:09Z,ls8,qd9vcp7ucbsb,0.3131313131313131,0.6479076479076479,0.03896103896103895
,,1.0,,,,2023-10-09T02:11:23Z,ls8,qd9vcp7ucbsb,,,
0.02428571428571429,0.6771428571428572,0.0,0.2871428571428571,0.0,0.0,2023-10-16T02:17:35Z,ls8,qd9vcp7ucbsb,0.2904624277456647,0.6849710982658961,0.02456647398843931
0.032857142857142856,0.6757142857142856,0.0,0.28285714285714286,0.0,0.0,2023-10-25T02:11:26Z,ls8,qd9vcp7ucbsb,0.2853025936599424,0.6815561959654179,0.033141210374639775
0.0475,0.68,0.4285714285714286,0.265,0.0,0.0,2023-11-01T02:17:38Z,ls8,qd9vcp7ucbsb,0.26700251889168763,0.6851385390428212,0.04785894206549118
0.037142857142857144,0.7000000000000001,0.0,0.2528571428571429,0.0,0.0,2023-11-10T02:11:22Z,ls8,qd9vcp7ucbsb,0.2554112554112554,0.7070707070707071,0.03751803751803751
0.030000000000000002,0.7214285714285714,0.0,0.24,0.0,0.0,2023-11-17T02:17:14Z,ls8,qd9vcp7ucbsb,0.2420749279538905,0.7276657060518732,0.030259365994236315
,,1.0,,,,2023-11-26T02:11:29Z,ls8,qd9vcp7ucbsb,,,
0.02,0.722857142857143,0.0,0.24714285714285714,0.0,0.0,2023-12-03T02:17:35Z,ls8,qd9vcp7ucbsb,0.2496392496392496,0.7301587301587302,0.0202020202020202
0.04285714285714286,0.7257142857142858,0.0,0.22,0.0,0.0,2023-12-12T02:11:24Z,ls8,qd9vcp7ucbsb,0.22254335260115607,0.7341040462427746,0.04335260115606936
0.030000000000000002,0.7199999999999999,0.0,0.24000000000000002,0.0,0.0,2023-12-19T02:17:14Z,ls8,qd9vcp7ucbsb,0.2424242424242425,0.7272727272727272,0.03030303030303031
0.02,0.78,0.8571428571428572,0.19,0.0,0.0,2023-12-28T02:11:25Z,ls8,qd9vcp7ucbsb,0.19191919191919193,0.787878787878788,0.020202020202020204
0.02428571428571429,0.7214285714285714,0.0,0.2442857142857143,0.0,0.0,2024-01-04T02:17:06Z,ls8,qd9vcp7ucbsb,0.24675324675324678,0.7287157287157288,0.024531024531024535
0.030000000000000002,0.7328571428571429,0.0,0.22571428571428573,0.0,0.0,2024-01-05T02:11:28Z,ls9,qd9vcp7ucbsb,0.22832369942196531,0.741329479768786,0.030346820809248554
0.02,0.7,0.0,0.27142857142857146,0.0,0.0,2024-01-12T02:17:18Z,ls9,qd9vcp7ucbsb,0.27377521613832856,0.7060518731988472,0.020172910662824207
,,1.0,,,,2024-01-13T02:11:22Z,ls8,qd9vcp7ucbsb,,,
0.022857142857142857,0.71,0.0,0.2557142857142857,0.0,0.0,2024-01-20T02:17:31Z,ls8,qd9vcp7ucbsb,0.25867052023121384,0.7182080924855491,0.023121387283236993
0.03,0.6900000000000001,0.0,0.27,0.0,0.0,2024-01-21T02:11:29Z,ls9,qd9vcp7ucbsb,0.2727272727272727,0.6969696969696969,0.0303030303030303
0.032857142857142856,0.7142857142857143,0.0,0.2414285714285714,0.0,0.0,2024-01-28T02:17:17Z,ls9,qd9vcp7ucbsb,0.24421965317919073,0.7225433526011561,0.033236994219653176
0.030000000000000002,0.7214285714285714,0.0,0.2385714285714286,0.0,0.0,2024-01-29T02:11:16Z,ls8,qd9vcp7ucbsb,0.24098124098124102,0.7287157287157288,0.030303030303030307
0.04285714285714286,0.7071428571428572,0.0,0.2414285714285714,0.0,0.0,2024-02-05T02:17:31Z,ls8,qd9vcp7ucbsb,0.2435158501440922,0.713256484149856,0.043227665706051875
0.037142857142857144,0.7200000000000001,0.0,0.23285714285714285,0.0,0.0,2024-02-06T02:11:33Z,ls9,qd9vcp7ucbsb,0.23520923520923517,0.7272727272727273,0.03751803751803751
0.05714285714285713,0.6885714285714285,0.0,0.24285714285714285,0.0,0.0,2024-02-13T02:17:42Z,ls9,qd9vcp7ucbsb,0.24566473988439308,0.6965317919075144,0.05780346820809247
0.028571428571428574,0.722857142857143,0.0,0.24,0.0,0.0,2024-02-14T02:11:19Z,ls8,qd9vcp7ucbsb,0.24207492795389046,0.729106628242075,0.02881844380403458
,,1.0,,,,2024-02-21T02:17:05Z,ls8,qd9vcp7ucbsb,,,
0.022857142857142857,0.7142857142857143,0.0,0.25,0.0,0.0,2024-02-22T02:11:20Z,ls9,qd9vcp7ucbsb,0.2532561505065123,0.723589001447178,0.023154848046309694
0.03428571428571429,0.6685714285714285,0.0,0.2871428571428571,0.0,0.0,2024-02-29T02:17:10Z,ls9,qd9vcp7ucbsb,0.29004329004329005,0.6753246753246754,0.03463203463203464
0.022857142857142857,0.6771428571428572,0.0,0.2914285714285714,0.0,0.0,2024-03-01T02:11:13Z,ls8,qd9vcp7ucbsb,0.2939481268011527,0.6829971181556195,0.023054755043227664
0.02,0.6757142857142858,0.0,0.2928571428571428,0.0,0.0,2024-03-08T02:16:53Z,ls8,qd9vcp7ucbsb,0.2962427745664739,0.6835260115606937,0.02023121387283237
0.032857142857142856,0.6914285714285714,0.0,0.26285714285714284,0.0,0.0,2024-03-09T02:11:25Z,ls9,qd9vcp7ucbsb,0.26628075253256156,0.7004341534008683,0.033285094066570195
,,1.0,,,,2024-03-16T02:17:11Z,ls9,qd9vcp7ucbsb,,,
,,1.0,,,,2024-03-17T02:11:03Z,ls8,qd9vcp7ucbsb,,,
0.038571428571428576,0.6842857142857143,0.0,0.26857142857142857,0.0,0.0,2024-03-24T02:16:42Z,ls8,qd9vcp7ucbsb,0.27089337175792505,0.6902017291066282,0.03890489913544669
0.04142857142857143,0.6957142857142857,0.0,0.25285714285714284,0.0,0.0,2024-03-25T02:11:20Z,ls9,qd9vcp7ucbsb,0.25541125541125537,0.7027417027417027,0.04184704184704185
0.04714285714285714,0.6542857142857142,0.0,0.2857142857142857,0.0,0.0,2024-04-01T02:17:02Z,ls9,qd9vcp7ucbsb,0.2894356005788712,0.662807525325615,0.04775687409551375
0.03142857142857143,0.6885714285714286,0.0,0.26857142857142857,0.0,0.0,2024-04-02T02:10:51Z,ls8,qd9vcp7ucbsb,0.27167630057803466,0.6965317919075145,0.031791907514450865
0.041428571428571426,0.6671428571428573,0.0,0.2814285714285715,0.0,0.0,2024-04-09T02:17:01Z,ls8,qd9vcp7ucbsb,0.28427128427128423,0.6738816738816739,0.041847041847041834
0.04714285714285714,0.6714285714285715,0.0,0.2714285714285714,0.0,0.0,2024-04-10T02:11:12Z,ls9,qd9vcp7ucbsb,0.2741702741702742,0.6782106782106783,0.047619047619047616
0.04428571428571428,0.63,0.0,0.3157142857142857,0.0,0.0,2024-04-17T02:17:16Z,ls9,qd9vcp7ucbsb,0.3189033189033189,0.6363636363636364,0.04473304473304473
0.032857142857142856,0.6342857142857143,0.0,0.32142857142857145,0.0,0.0,2024-04-18T02:10:43Z,ls8,qd9vcp7ucbsb,0.32514450867052025,0.6416184971098267,0.033236994219653176
0.02142857142857143,0.62,0.0,0.34714285714285714,0.0,0.0,2024-05-03T02:16:37Z,ls9,qd9vcp7ucbsb,0.3511560693641619,0.6271676300578035,0.02167630057803468
0.037142857142857144,0.6071428571428571,0.0,0.3442857142857143,0.0,0.0,2024-05-04T02:10:34Z,ls8,qd9vcp7ucbsb,0.34826589595375723,0.6141618497109826,0.03757225433526012
0.02428571428571429,0.6128571428571429,0.0,0.3485714285714286,0.0,0.0,2024-05-11T02:16:16Z,ls8,qd9vcp7ucbsb,0.3536231884057971,0.6217391304347826,0.02463768115942029
0.045714285714285714,0.6157142857142858,0.0,0.3242857142857143,0.0,0.0,2024-05-19T02:16:53Z,ls9,qd9vcp7ucbsb,0.3289855072463768,0.6246376811594203,0.0463768115942029
,,1.0,,,,2024-05-20T02:10:21Z,ls8,qd9vcp7ucbsb,,,
0.045714285714285714,0.5971428571428571,0.0,0.3457142857142857,0.0,0.0,2024-05-27T02:16:28Z,ls8,qd9vcp7ucbsb,0.3497109826589595,0.6040462427745664,0.046242774566473986
,,1.0,,,,2024-05-28T02:10:36Z,ls9,qd9vcp7ucbsb,,,
,,1.0,,,,2024-06-04T02:16:47Z,ls9,qd9vcp7ucbsb,,,
0.09,0.17285714285714285,0.0,0.1557142857142857,0.42857142857142855,0.14285714285714285,2024-06-05T02:10:19Z,ls8,qd9vcp7ucbsb,0.15943442223305707,0.1769868356899074,0.09215017064846417
,,1.0,,,,2024-06-12T02:16:05Z,ls8,qd9vcp7ucbsb,,,
0.06428571428571428,0.11,0.0,0.10714285714285714,0.2857142857142857,0.42857142857142855,2024-06-13T02:10:30Z,ls9,qd9vcp7ucbsb,0.10877447425670776,0.11167512690355332,0.06526468455402466
0.05714285714285715,0.12,0.0,0.10428571428571429,0.5714285714285714,0.14285714285714285,2024-06-20T02:16:31Z,ls9,qd9vcp7ucbsb,0.10587382160986224,0.12182741116751271,0.05801305293691082
0.09428571428571429,0.17142857142857143,0.0,0.1557142857142857,0.42857142857142855,0.14285714285714285,2024-06-21T02:10:28Z,ls8,qd9vcp7ucbsb,0.15835351089588376,0.17433414043583537,0.09588377723970945
,,1.0,,,,2024-06-29T02:10:21Z,ls9,qd9vcp7ucbsb,,,
,,1.0,,,,2024-07-14T02:16:52Z,ls8,qd9vcp7ucbsb,,,
0.04428571428571428,0.13714285714285715,0.0,0.09857142857142856,0.42857142857142855,0.2857142857142857,2024-07-15T02:10:41Z,ls9,qd9vcp7ucbsb,0.10058309037900874,0.13994169096209916,0.04518950437317784
,,1.0,,,,2024-07-30T02:17:02Z,ls8,qd9vcp7ucbsb,,,
0.06285714285714286,0.1257142857142857,0.0,0.09285714285714285,0.2857142857142857,0.42857142857142855,2024-07-31T02:10:43Z,ls9,qd9vcp7ucbsb,0.09427121102248008,0.1276287164612038,0.06381435823060191
,,1.0,,,,2024-08-08T02:10:46Z,ls8,qd9vcp7ucbsb,,,
,,1.0,,,,2024-08-15T02:17:05Z,ls8,qd9vcp7ucbsb,,,
0.03,0.64,0.8571428571428572,0.32,0.0,0.0,2024-08-16T02:10:50Z,ls9,qd9vcp7ucbsb,0.32323232323232326,0.6464646464646465,0.030303030303030304
,,1.0,,,,2024-08-23T02:17:10Z,ls9,qd9vcp7ucbsb,,,
0.09000000000000001,0.03666666666666667,0.1428571428571429,0.03833333333333334,0.0,0.8333333333333334,2024-08-24T02:11:00Z,ls8,qd9vcp7ucbsb,0.038720538720538704,0.03703703703703702,0.09090909090909088
,,1.0,,,,2024-08-31T02:16:49Z,ls8,qd9vcp7ucbsb,,,
0.004285714285714286,0.09142857142857143,0.0,0.045714285714285714,0.42857142857142855,0.42857142857142855,2024-09-01T02:11:00Z,ls9,qd9vcp7ucbsb,0.04617604617604617,0.09235209235209234,0.004329004329004329
0.06857142857142857,0.12285714285714286,0.0,0.09142857142857141,0.5714285714285714,0.14285714285714285,2024-09-08T02:16:46Z,ls9,qd9vcp7ucbsb,0.09235209235209235,0.12409812409812412,0.06926406926406928
,,1.0,,,,2024-09-09T02:11:08Z,ls8,qd9vcp7ucbsb,,,
,,1.0,,,,2024-09-16T02:17:21Z,ls8,qd9vcp7ucbsb,,,
0.1042857142857143,0.5414285714285713,0.0,0.33999999999999997,0.0,0.0,2024-09-17T02:11:04Z,ls9,qd9vcp7ucbsb,0.3449275362318841,0.5492753623188406,0.1057971014492754
0.052857142857142846,0.6857142857142857,0.0,0.25,0.0,0.0,2024-09-24T02:16:47Z,ls9,qd9vcp7ucbsb,0.25289017341040465,0.6936416184971098,0.053468208092485536
0.055714285714285716,0.7,0.0,0.2357142857142857,0.0,0.0,2024-09-25T02:11:07Z,ls8,qd9vcp7ucbsb,0.23775216138328528,0.7060518731988472,0.056195965417867436
0.06428571428571428,0.7042857142857144,0.0,0.22142857142857147,0.0,0.0,2024-10-10T02:17:20Z,ls9,qd9vcp7ucbsb,0.22366522366522365,0.7113997113997114,0.06493506493506492
0.04285714285714286,0.7000000000000001,0.0,0.25,0.0,0.0,2024-10-11T02:11:13Z,ls8,qd9vcp7ucbsb,0.2517985611510791,0.7050359712230216,0.04316546762589928
,,1.0,,,,2024-10-18T02:17:06Z,ls8,qd9vcp7ucbsb,,,
,,1.0,,,,2024-10-19T02:11:21Z,ls9,qd9vcp7ucbsb,,,
0.04285714285714286,0.7214285714285714,0.0,0.2285714285714286,0.0,0.0,2024-10-27T02:11:16Z,ls8,qd9vcp7ucbsb,0.23021582733812954,0.7266187050359713,0.04316546762589928
0.045000000000000005,0.7133333333333333,0.1428571428571429,0.2316666666666667,0.0,0.0,2024-11-03T02:17:22Z,ls8,qd9vcp7ucbsb,0.23400673400673402,0.7205387205387205,0.04545454545454546
,,1.0,,,,2024-11-04T02:11:20Z,ls9,qd9vcp7ucbsb,,,
0.032857142857142856,0.7314285714285715,0.0,0.22571428571428573,0.0,0.0,2024-11-11T02:17:28Z,ls9,qd9vcp7ucbsb,0.22799422799422797,0.7388167388167388,0.033189033189033185
0.045714285714285714,0.7071428571428571,0.0,0.2414285714285714,0.0,0.0,2024-11-12T02:11:14Z,ls8,qd9vcp7ucbsb,0.24281609195402298,0.7112068965517241,0.04597701149425288
0.037142857142857144,0.7214285714285713,0.0,0.23142857142857146,0.0,0.0,2024-11-20T02:11:26Z,ls9,qd9vcp7ucbsb,0.23376623376623382,0.7287157287157287,0.03751803751803753
0.048571428571428564,0.7285714285714285,0.0,0.20999999999999996,0.0,0.0,2024-11-28T02:11:26Z,ls8,qd9vcp7ucbsb,0.2127351664254703,0.7380607814761215,0.0492040520984081
,,1.0,,,,2024-12-05T02:17:09Z,ls8,qd9vcp7ucbsb,,,
0.042857142857142864,0.7357142857142858,0.0,0.21000000000000002,0.0,0.0,2024-12-06T02:11:24Z,ls9,qd9vcp7ucbsb,0.2124277456647399,0.7442196531791908,0.04335260115606937
0.037142857142857144,0.7685714285714287,0.0,0.18285714285714286,0.0,0.0,2024-12-14T02:11:14Z,ls8,qd9vcp7ucbsb,0.18497109826589594,0.777456647398844,0.03757225433526011
0.037142857142857144,0.75,0.0,0.20285714285714285,0.0,0.0,2024-12-21T02:17:04Z,ls8,qd9vcp7ucbsb,0.2049062049062049,0.7575757575757576,0.03751803751803752
0.04714285714285714,0.7542857142857142,0.0,0.18857142857142858,0.0,0.0,2024-12-22T02:11:25Z,ls9,qd9vcp7ucbsb,0.1904761904761905,0.7619047619047619,0.047619047619047616
,,1.0,,,,2024-12-29T02:17:35Z,ls9,qd9vcp7ucbsb,,,
0.03571428571428571,0.7542857142857143,0.0,0.19999999999999998,0.0,0.0,2024-12-30T02:11:17Z,ls8,qd9vcp7ucbsb,0.20202020202020202,0.761904761904762,0.03607503607503607
0.025714285714285714,0.7542857142857142,0.0,0.21000000000000002,0.0,0.0,2025-01-06T02:17:05Z,ls8,qd9vcp7ucbsb,0.21212121212121215,0.761904761904762,0.025974025974025976
0.037142857142857144,0.7428571428571429,0.0,0.20999999999999996,0.0,0.0,2025-01-07T02:11:21Z,ls9,qd9vcp7ucbsb,0.2121212121212121,0.7503607503607503,0.03751803751803752
,,1.0,,,,2025-01-14T02:17:12Z,ls9,qd9vcp7ucbsb,,,
0.037142857142857144,0.7557142857142859,0.0,0.19714285714285712,0.0,0.0,2025-01-15T02:11:20Z,ls8,qd9vcp7ucbsb,0.19913419913419908,0.7633477633477633,0.03751803751803751
,,1.0,,,,2025-01-22T02:17:02Z,ls8,qd9vcp7ucbsb,,,
0.030000000000000002,0.7657142857142857,0.0,0.19428571428571426,0.0,0.0,2025-01-30T02:17:07Z,ls9,qd9vcp7ucbsb,0.19624819624819623,0.7734487734487734,0.030303030303030307
0.027142857142857142,0.7657142857142858,0.0,0.1985714285714286,0.0,0.0,2025-01-31T02:11:18Z,ls8,qd9vcp7ucbsb,0.20028818443804033,0.7723342939481268,0.027377521613832848
0.02,0.8433333333333334,0.5714285714285714,0.12666666666666668,0.0,0.0,2025-02-07T02:17:29Z,ls8,qd9vcp7ucbsb,0.12794612794612795,0.8518518518518519,0.0202020202020202
0.037142857142857144,0.7614285714285715,0.0,0.1942857142857143,0.0,0.0,2025-02-08T02:11:22Z,ls9,qd9vcp7ucbsb,0.1956834532374101,0.7669064748201438,0.03741007194244604
0.03142857142857143,0.7642857142857143,0.0,0.19285714285714287,0.0,0.0,2025-02-15T02:17:36Z,ls9,qd9vcp7ucbsb,0.19508670520231214,0.773121387283237,0.031791907514450865
0.03571428571428571,0.7614285714285715,0.0,0.19285714285714287,0.0,0.0,2025-02-16T02:11:14Z,ls8,qd9vcp7ucbsb,0.19480519480519481,0.7691197691197692,0.03607503607503607
0.06285714285714285,0.7114285714285714,0.0,0.22,0.0,0.0,2025-02-23T02:16:56Z,ls8,qd9vcp7ucbsb,0.22126436781609196,0.7155172413793104,0.0632183908045977
0.032857142857142856,0.7328571428571429,0.0,0.22285714285714286,0.0,0.0,2025-02-24T02:11:22Z,ls9,qd9vcp7ucbsb,0.22543352601156072,0.7413294797687862,0.033236994219653176
0.04857142857142858,0.7085714285714285,0.0,0.23142857142857146,0.0,0.0,2025-03-03T02:17:29Z,ls9,qd9vcp7ucbsb,0.2341040462427746,0.7167630057803468,0.04913294797687862
,,1.0,,,,2025-03-04T02:11:06Z,ls8,qd9vcp7ucbsb,,,
0.032857142857142856,0.7557142857142857,0.0,0.20142857142857146,0.0,0.0,2025-03-11T02:16:51Z,ls8,qd9vcp7ucbsb,0.2034632034632035,0.7633477633477634,0.03318903318903319
,,1.0,,,,2025-03-12T02:11:17Z,ls9,qd9vcp7ucbsb,,,
0.048571428571428564,0.6928571428571428,0.0,0.24714285714285714,0.0,0.0,2025-03-19T02:16:56Z,ls9,qd9vcp7ucbsb,0.25,0.7008670520231214,0.04913294797687861
0.04714285714285714,0.71,0.0,0.23285714285714285,0.0,0.0,2025-03-20T02:10:55Z,ls8,qd9vcp7ucbsb,0.2352092352092352,0.7171717171717171,0.047619047619047616
0.04,0.7485714285714284,0.0,0.20142857142857146,0.0,0.0,2025-03-27T02:17:05Z,ls8,qd9vcp7ucbsb,0.20346320346320348,0.756132756132756,0.04040404040404041
0.04857142857142858,0.7300000000000001,0.0,0.21000000000000002,0.0,0.0,2025-03-28T02:11:06Z,ls9,qd9vcp7ucbsb,0.21242774566473988,0.7384393063583814,0.04913294797687861
0.042,0.736,0.2857142857142857,0.21600000000000003,0.0,0.0,2025-04-04T02:16:50Z,ls9,qd9vcp7ucbsb,0.2173038229376258,0.7404426559356136,0.04225352112676057
0.02666666666666667,0.62,0.5714285714285714,0.34,0.0,0.0,2025-04-12T02:16:36Z,ls8,qd9vcp7ucbsb,0.3445945945945946,0.6283783783783784,0.027027027027027032
,,1.0,,,,2025-04-13T02:11:07Z,ls9,qd9vcp7ucbsb,,,
0.06428571428571428,0.6914285714285714,0.0,0.23285714285714285,0.0,0.0,2025-04-20T02:17:14Z,ls9,qd9vcp7ucbsb,0.23554913294797689,0.699421965317919,0.06502890173410404
0.021428571428571432,0.6542857142857142,0.0,0.17857142857142858,0.0,0.14285714285714285,2025-04-21T02:10:41Z,ls8,qd9vcp7ucbsb,0.179168657429527,0.6564739608217869,0.021500238891543243
0.038571428571428576,0.6928571428571428,0.0,0.2571428571428572,0.0,0.0,2025-04-28T02:16:50Z,ls8,qd9vcp7ucbsb,0.2601156069364162,0.7008670520231214,0.039017341040462436
0.054285714285714284,0.6757142857142859,0.0,0.25857142857142856,0.0,0.0,2025-04-29T02:10:58Z,ls9,qd9vcp7ucbsb,0.26156069364161844,0.6835260115606937,0.05491329479768785
0.037142857142857144,0.6671428571428571,0.0,0.2842857142857143,0.0,0.0,2025-05-06T02:16:42Z,ls9,qd9vcp7ucbsb,0.2875722543352601,0.6748554913294798,0.03757225433526011
0.05142857142857143,0.6557142857142857,0.0,0.27999999999999997,0.0,0.0,2025-05-07T02:10:37Z,ls8,qd9vcp7ucbsb,0.28364688856729375,0.6642547033285094,0.05209840810419682
,,1.0,,,,2025-05-14T02:16:25Z,ls8,qd9vcp7ucbsb,,,
0.03571428571428571,0.6885714285714286,0.0,0.26285714285714284,0.0,0.0,2025-05-15T02:10:47Z,ls9,qd9vcp7ucbsb,0.26628075253256145,0.6975397973950795,0.0361794500723589
0.06857142857142856,0.62,0.0,0.29857142857142854,0.0,0.0,2025-05-22T02:16:31Z,ls9,qd9vcp7ucbsb,0.3024602026049204,0.6280752532561505,0.06946454413892908
0.06571428571428571,0.5814285714285715,0.0,0.34142857142857147,0.0,0.0,2025-05-23T02:10:42Z,ls8,qd9vcp7ucbsb,0.3453757225433526,0.588150289017341,0.06647398843930634
,,1.0,,,,2025-05-30T02:16:30Z,ls8,qd9vcp7ucbsb,,,
0.002857142857142857,0.06571428571428571,0.0,0.07285714285714286,0.0,0.8571428571428571,2025-05-31T02:10:41Z,ls9,qd9vcp7ucbsb,0.07359307359307361,0.0663780663780664,0.002886002886002887
0.06857142857142857,0.5928571428571429,0.0,0.32571428571428573,0.0,0.0,2025-06-07T02:16:27Z,ls9,qd9vcp7ucbsb,0.3299565846599132,0.6005788712011577,0.0694645441389291
0.0642857142857143,0.6114285714285715,0.0,0.3114285714285714,0.0,0.0,2025-06-08T02:10:46Z,ls8,qd9vcp7ucbsb,0.31548480463096956,0.6193921852387845,0.06512301013024602
,,1.0,,,,2025-06-15T02:17:03Z,ls8,qd9vcp7ucbsb,,,
0.1542857142857143,0.5528571428571428,0.0,0.28,0.0,0.0,2025-06-16T02:10:50Z,ls9,qd9vcp7ucbsb,0.2836468885672938,0.5600578871201157,0.15629522431259046
0.09857142857142857,0.1757142857142857,0.0,0.1457142857142857,0.42857142857142855,0.14285714285714285,2025-06-24T02:10:58Z,ls8,qd9vcp7ucbsb,0.14868804664723032,0.1793002915451895,0.10058309037900874
,,1.0,,,,2025-07-02T02:10:57Z,ls9,qd9vcp7ucbsb,,,
0.060000000000000005,0.11857142857142856,0.0,0.10285714285714286,0.42857142857142855,0.2857142857142857,2025-07-09T02:17:08Z,ls9,qd9vcp7ucbsb,0.10442349528643943,0.1203770848440899,0.06091370558375635
0.10571428571428572,0.15857142857142859,0.0,0.1557142857142857,0.42857142857142855,0.14285714285714285,2025-07-10T02:11:00Z,ls8,qd9vcp7ucbsb,0.15889212827988336,0.1618075801749271,0.10787172011661807
0.06285714285714285,0.11714285714285715,0.0,0.10142857142857142,0.42857142857142855,0.2857142857142857,2025-07-17T02:16:51Z,ls8,qd9vcp7ucbsb,0.10297316896301667,0.11892675852066716,0.06381435823060187
,,1.0,,,,2025-07-18T02:11:03Z,ls9,qd9vcp7ucbsb,,,
0.025714285714285714,0.05714285714285715,0.0,0.05714285714285715,0.5714285714285714,0.2857142857142857,2025-07-25T02:16:53Z,ls9,qd9vcp7ucbsb,0.058309037900874654,0.058309037900874654,0.026239067055393594
0.10857142857142857,0.1742857142857143,0.0,0.1357142857142857,0.42857142857142855,0.14285714285714285,2025-07-26T02:11:07Z,ls8,qd9vcp7ucbsb,0.1389566065333983,0.17844953681131154,0.11116528522671866
0.1,0.18142857142857144,0.0,0.14142857142857143,0.0,0.5714285714285714,2025-08-02T02:16:56Z,ls8,qd9vcp7ucbsb,0.14333976833976836,0.18388030888030893,0.10135135135135137
0.11714285714285713,0.17142857142857143,0.0,0.13142857142857142,0.0,0.5714285714285714,2025-08-03T02:11:10Z,ls9,qd9vcp7ucbsb,0.1341107871720117,0.17492711370262395,0.11953352769679303
,,1.0,,,,2025-08-10T02:17:27Z,ls9,qd9vcp7ucbsb,,,
0.07142857142857142,0.12000000000000001,0.0,0.09,0.2857142857142857,0.42857142857142855,2025-08-11T02:11:15Z,ls8,qd9vcp7ucbsb,0.09137055837563451,0.1218274111675127,0.07251631617113849
,,1.0,,,,2025-08-18T02:17:04Z,ls8,qd9vcp7ucbsb,,,
0.33999999999999997,0.3871428571428572,0.0,0.25857142857142856,0.0,0.0,2025-08-19T02:11:20Z,ls9,qd9vcp7ucbsb,0.26231884057971017,0.39275362318840584,0.34492753623188405
0.0,0.0,0.0,0.0,1.0,0.0,2025-08-26T02:17:08Z,ls9,qd9vcp7ucbsb,0.0,0.0,0.0
,,1.0,,,,2025-08-27T02:11:17Z,ls8,qd9vcp7ucbsb,,,
0.05142857142857143,0.13999999999999999,0.0,0.09,0.5714285714285714,0.14285714285714285,2025-09-03T02:17:08Z,ls8,qd9vcp7ucbsb,0.09137055837563453,0.14213197969543148,0.05221174764321973
0.06714285714285714,0.12428571428571429,0.0,0.09,0.5714285714285714,0.14285714285714285,2025-09-04T02:11:25Z,ls9,qd9vcp7ucbsb,0.09137055837563451,0.126178390137781,0.0681653372008702
0.048571428571428564,0.14857142857142858,0.0,0.08428571428571428,0.42857142857142855,0.2857142857142857,2025-09-11T02:17:38Z,ls9,qd9vcp7ucbsb,0.08556925308194344,0.15083393763596809,0.04931109499637418
0.10857142857142857,0.19142857142857145,0.0,0.12285714285714287,0.2857142857142857,0.2857142857142857,2025-09-12T02:11:23Z,ls8,qd9vcp7ucbsb,0.12451737451737452,0.19401544401544402,0.11003861003861001
0.0,0.0,0.5714285714285714,0.0,0.6666666666666666,0.3333333333333333,2025-09-19T02:17:14Z,ls8,qd9vcp7ucbsb,0.0,0.0,0.0
0.07571428571428572,0.11285714285714286,0.0,0.09142857142857143,0.5714285714285714,0.14285714285714285,2025-09-20T02:11:28Z,ls9,qd9vcp7ucbsb,0.09329446064139943,0.11516034985422742,0.0772594752186589
0.09571428571428572,0.1757142857142857,0.0,0.14999999999999997,0.2857142857142857,0.2857142857142857,2025-09-27T02:17:42Z,ls9,qd9vcp7ucbsb,0.15254237288135591,0.17869249394673126,0.09733656174334143
0.05285714285714286,0.22142857142857145,0.0,0.14999999999999997,0.2857142857142857,0.2857142857142857,2025-09-28T02:11:28Z,ls8,qd9vcp7ucbsb,0.1515151515151515,0.22366522366522365,0.0533910533910534
0.10285714285714287,0.4928571428571429,0.0,0.25285714285714284,0.0,0.14285714285714285,2025-10-06T02:11:32Z,ls9,qd9vcp7ucbsb,0.2554112554112554,0.49783549783549785,0.1038961038961039
0.06999999999999999,0.675,0.7142857142857143,0.24,0.0,0.0,2025-10-13T02:17:47Z,ls9,qd9vcp7ucbsb,0.24365482233502536,0.6852791878172589,0.07106598984771573
0.03428571428571429,0.7128571428571429,0.0,0.24571428571428575,0.0,0.0,2025-10-14T02:11:31Z,ls8,qd9vcp7ucbsb,0.24748201438848924,0.7179856115107913,0.034532374100719423
0.011428571428571429,0.19,0.0,0.08142857142857143,0.0,0.7142857142857143,2025-10-21T02:17:15Z,ls8,qd9vcp7ucbsb,0.08225108225108224,0.19191919191919188,0.01154401154401154
0.03428571428571429,0.7100000000000001,0.0,0.2485714285714286,0.0,0.0,2025-10-30T02:11:31Z,ls8,qd9vcp7ucbsb,0.25035971223021586,0.7151079136690648,0.034532374100719423
,,1.0,,,,2025-11-06T02:17:43Z,ls8,qd9vcp7ucbsb,,,
0.01,0.33999999999999997,0.4285714285714286,0.14500000000000002,0.25,0.25,2025-11-07T02:11:36Z,ls9,qd9vcp7ucbsb,0.1464646464646465,0.3434343434343434,0.010101010101010102
0.05142857142857142,0.7071428571428572,0.0,0.23142857142857146,0.0,0.0,2025-11-14T02:17:24Z,ls9,qd9vcp7ucbsb,0.2337662337662338,0.7142857142857143,0.05194805194805194
0.06857142857142857,0.7057142857142857,0.0,0.21714285714285714,0.0,0.0,2025-11-15T02:11:31Z,ls8,qd9vcp7ucbsb,0.2190201729106628,0.7118155619596542,0.069164265129683
,,1.0,,,,2025-11-22T02:17:20Z,ls8,qd9vcp7ucbsb,,,
,,1.0,,,,2025-11-23T02:11:34Z,ls9,qd9vcp7ucbsb,,,
0.05142857142857143,0.7442857142857144,0.0,0.19285714285714287,0.0,0.0,2025-11-30T02:17:47Z,ls9,qd9vcp7ucbsb,0.19508670520231214,0.7528901734104048,0.05202312138728323
0.032857142857142856,0.7628571428571428,0.0,0.19571428571428573,0.0,0.0,2025-12-01T02:11:30Z,ls8,qd9vcp7ucbsb,0.19740634005763694,0.7694524495677234,0.03314121037463977
0.025714285714285717,0.7542857142857143,0.0,0.21142857142857147,0.0,0.0,2025-12-08T02:17:41Z,ls8,qd9vcp7ucbsb,0.21325648414985596,0.760806916426513,0.025936599423631128
0.049999999999999996,0.7357142857142857,0.0,0.20428571428571432,0.0,0.0,2025-12-09T02:11:34Z,ls9,qd9vcp7ucbsb,0.2063492063492064,0.7431457431457431,0.050505050505050504
0.03142857142857143,0.74,0.0,0.2185714285714286,0.0,0.0,2025-12-16T02:17:23Z,ls9,qd9vcp7ucbsb,0.2207792207792208,0.7474747474747474,0.031746031746031744
,,1.0,,,,2025-12-17T02:11:30Z,ls8,qd9vcp7ucbsb,,,
0.06285714285714286,0.7314285714285714,0.0,0.19571428571428573,0.0,0.0,2025-12-24T02:17:17Z,ls8,qd9vcp7ucbsb,0.1976911976911977,0.7388167388167388,0.0634920634920635
0.05142857142857143,0.75,0.0,0.18571428571428572,0.0,0.0,2025-12-25T02:11:40Z,ls9,qd9vcp7ucbsb,0.1881331403762663,0.759768451519537,0.05209840810419682
0.048571428571428564,0.7057142857142857,0.0,0.2342857142857143,0.0,0.0,2026-01-01T02:17:49Z,ls9,qd9vcp7ucbsb,0.23699421965317918,0.7138728323699421,0.0491329479768786
0.057999999999999996,0.6839999999999999,0.2857142857142857,0.246,0.0,0.0,2026-01-02T02:11:26Z,ls8,qd9vcp7ucbsb,0.24898785425101214,0.6923076923076923,0.058704453441295545
0.044285714285714275,0.7185714285714285,0.0,0.22714285714285712,0.0,0.0,2026-01-09T02:17:07Z,ls8,qd9vcp7ucbsb,0.22943722943722944,0.7258297258297258,0.04473304473304473
0.04857142857142858,0.7614285714285715,0.0,0.18,0.0,0.0,2026-01-10T02:11:32Z,ls9,qd9vcp7ucbsb,0.1818181818181818,0.7691197691197691,0.049062049062049064
0.022857142857142857,0.6585714285714286,0.0,0.3057142857142857,0.0,0.0,2026-02-11T02:11:28Z,ls9,qd9vcp7ucbsb,0.3096960926193922,0.6671490593342981,0.023154848046309694
0.04857142857142858,0.6742857142857143,0.0,0.2671428571428572,0.0,0.0,2026-02-18T02:17:34Z,ls9,qd9vcp7ucbsb,0.2698412698412698,0.681096681096681,0.049062049062049064
0.047142857142857146,0.6885714285714285,0.0,0.25428571428571434,0.0,0.0,2026-02-19T02:11:16Z,ls8,qd9vcp7ucbsb,0.2568542568542569,0.6955266955266954,0.04761904761904762
0.03571428571428571,0.72,0.0,0.2342857142857143,0.0,0.0,2026-02-26T02:17:25Z,ls8,qd9vcp7ucbsb,0.23665223665223667,0.7272727272727273,0.03607503607503607
0.048,0.6739999999999999,0.2857142857142857,0.26399999999999996,0.0,0.0,2026-02-27T02:11:23Z,ls9,qd9vcp7ucbsb,0.2677484787018255,0.6835699797160243,0.0486815415821501
0.04142857142857143,0.7057142857142856,0.0,0.2414285714285714,0.0,0.0,2026-03-06T02:17:32Z,ls9,qd9vcp7ucbsb,0.24421965317919073,0.7138728323699421,0.04190751445086706
0.021428571428571432,0.7271428571428571,0.0,0.2414285714285714,0.0,0.0,2026-03-07T02:11:08Z,ls8,qd9vcp7ucbsb,0.24386724386724384,0.7344877344877344,0.021645021645021648
0.06142857142857142,0.6842857142857143,0.0,0.24571428571428575,0.0,0.0,2026-03-14T02:17:14Z,ls8,qd9vcp7ucbsb,0.24783861671469742,0.6902017291066282,0.06195965417867434
0.037142857142857144,0.72,0.0,0.2328571428571429,0.0,0.0,2026-03-15T02:11:13Z,ls9,qd9vcp7ucbsb,0.23520923520923526,0.7272727272727273,0.03751803751803752
