bare_soil,dry_vegetation,pc_missing,green_vegetation,water,wetness,date,ard_product,nwi_id,norm_pv,norm_npv,norm_bs
0.058684210526315776,0.17105263157894737,0.0,0.7555263157894737,0.0,0.0,1986-08-16T01:32:51Z,ls5,qd9v7z8u4j49,0.7668269230769231,0.1736111111111111,0.0595619658119658
0.5175000000000001,0.19625000000000004,0.7894736842105263,0.27,0.0,0.0,1987-05-31T01:35:27Z,ls5,qd9v7z8u4j49,0.27445997458703936,0.1994917407878018,0.5260482846251588
0.007105263157894737,0.07973684210526316,0.0,0.48315789473684206,0.0,0.42105263157894735,1987-09-04T01:37:49Z,ls5,qd9v7z8u4j49,0.49074209068377317,0.08098848228604755,0.007216795451231959
0.14289473684210527,0.40131578947368424,0.0,0.4426315789473683,0.0,0.0,1987-10-22T01:38:48Z,ls5,qd9v7z8u4j49,0.44853333333333323,0.40666666666666673,0.1448
0.19078947368421054,0.6039473684210526,0.0,0.1910526315789474,0.0,0.0,1987-11-07T01:39:08Z,ls5,qd9v7z8u4j49,0.19380672717565406,0.6126534970635344,0.19353977576081155
,,1.0,,,,1987-11-23T01:39:27Z,ls5,qd9v7z8u4j49,,,
0.28684210526315784,0.6478947368421053,0.0,0.048947368421052635,0.0,0.0,1987-12-09T01:39:40Z,ls5,qd9v7z8u4j49,0.04975922953451044,0.6586409844836812,0.2915997859818084
,,1.0,,,,1987-12-25T01:39:56Z,ls5,qd9v7z8u4j49,,,
0.25500000000000006,0.6868421052631578,0.0,0.04447368421052632,0.0,0.0,1988-01-10T01:40:12Z,ls5,qd9v7z8u4j49,0.045090715048025615,0.6963713980789753,0.258537886872999
0.3586842105263159,0.5744736842105261,0.0,0.05157894736842106,0.0,0.0,1988-01-26T01:40:30Z,ls5,qd9v7z8u4j49,0.0523784072688402,0.5833778727952965,0.3642437199358633
0.3210526315789474,0.6189473684210526,0.0,0.04526315789473684,0.0,0.0,1988-02-11T01:40:48Z,ls5,qd9v7z8u4j49,0.04594017094017094,0.6282051282051282,0.3258547008547009
0.34789473684210526,0.5784210526315788,0.0,0.05763157894736842,0.0,0.0,1988-02-27T01:41:00Z,ls5,qd9v7z8u4j49,0.05857181064455738,0.587857715966836,0.35357047338860664
0.3863157894736842,0.5334210526315789,0.0,0.06552631578947368,0.0,0.0,1988-03-14T01:41:09Z,ls5,qd9v7z8u4j49,0.06650641025641026,0.5413995726495726,0.3920940170940171
0.34815789473684217,0.6034210526315789,0.0,0.034210526315789476,0.0,0.0,1988-03-30T01:41:16Z,ls5,qd9v7z8u4j49,0.03470368392952483,0.6121195942338493,0.3531767218366258
,,1.0,,,,1988-05-17T01:41:38Z,ls5,qd9v7z8u4j49,,,
0.11815789473684211,0.1505263157894737,0.0,0.7155263157894737,0.0,0.0,1988-06-02T01:41:44Z,ls5,qd9v7z8u4j49,0.7270053475935828,0.15294117647058825,0.12005347593582888
0.03026315789473684,0.07710526315789473,0.0,0.5902631578947369,0.0,0.2894736842105263,1988-07-20T01:41:56Z,ls5,qd9v7z8u4j49,0.6011733407452997,0.07853044531358572,0.03082252973058825
0.013421052631578948,0.11447368421052631,0.0,0.8560526315789474,0.0,0.0,1988-08-05T01:41:58Z,ls5,qd9v7z8u4j49,0.8700187215833111,0.11634126771864134,0.013640010698047607
0.0018421052631578945,0.008947368421052631,0.0,0.041315789473684215,0.0,0.9473684210526315,1988-08-21T01:41:59Z,ls5,qd9v7z8u4j49,0.04173312068048915,0.009037745879851152,0.001860712387028178
,,1.0,,,,1988-09-06T01:42:02Z,ls5,qd9v7z8u4j49,,,
0.0968421052631579,0.06447368421052632,0.0,0.5163157894736843,0.0,0.3157894736842105,1988-09-22T01:41:57Z,ls5,qd9v7z8u4j49,0.5213285641287685,0.06509964230965763,0.0977823198773633
0.11310344827586206,0.21827586206896551,0.23684210526315785,0.6520689655172414,0.0,0.0,1988-10-08T01:41:52Z,ls5,qd9v7z8u4j49,0.6630434782608695,0.22194950911640954,0.1150070126227209
0.14394736842105266,0.46421052631578946,0.0,0.37763157894736843,0.0,0.0,1988-10-24T01:41:47Z,ls5,qd9v7z8u4j49,0.3830752802989856,0.47090229578216763,0.1460224239188468
0.17657894736842109,0.6052631578947368,0.0,0.20631578947368426,0.0,0.0,1988-11-09T01:41:50Z,ls5,qd9v7z8u4j49,0.20878828229027968,0.6125166444740346,0.1786950732356858
0.15342105263157896,0.7057894736842105,0.0,0.12789473684210528,0.0,0.0,1988-11-25T01:41:50Z,ls5,qd9v7z8u4j49,0.12956544921354307,0.715009330845108,0.155425219941349
0.18842105263157893,0.7136842105263159,0.0,0.0844736842105263,0.0,0.0,1988-12-11T01:41:39Z,ls5,qd9v7z8u4j49,0.08562283275540142,0.7233929047746066,0.19098426246999198
0.18052631578947367,0.7357894736842104,0.0,0.06894736842105262,0.0,0.0,1989-01-12T01:41:26Z,ls5,qd9v7z8u4j49,0.06997863247863248,0.7467948717948718,0.18322649572649574
0.24105263157894738,0.7031578947368421,0.0,0.04236842105263159,0.0,0.0,1989-01-28T01:41:13Z,ls5,qd9v7z8u4j49,0.04294478527607363,0.7127233929047746,0.24433182181915178
0.2513157894736842,0.6865789473684211,0.0,0.048157894736842115,0.0,0.0,1989-02-13T01:41:14Z,ls5,qd9v7z8u4j49,0.048839071257005616,0.696290365625834,0.25487056311716044
0.3339473684210526,0.5210526315789474,0.0,0.12921052631578947,0.0,0.0,1989-03-17T01:40:22Z,ls5,qd9v7z8u4j49,0.13128342245989305,0.5294117647058825,0.3393048128342246
,,1.0,,,,1989-03-24T01:46:19Z,ls5,qd9v7z8u4j49,,,
0.23894736842105258,0.18078947368421053,0.0,0.5657894736842106,0.0,0.0,1989-06-05T01:39:27Z,ls5,qd9v7z8u4j49,0.5740987983978639,0.1834445927903872,0.24245660881174894
0.1863157894736842,0.14421052631578946,0.0,0.6544736842105264,0.0,0.0,1989-06-21T01:39:02Z,ls5,qd9v7z8u4j49,0.6644402885386055,0.14640662570130908,0.18915308576008547
,,1.0,,,,1989-07-23T01:38:27Z,ls5,qd9v7z8u4j49,,,
0.0368421052631579,0.10026315789473686,0.0,0.6139473684210526,0.0,0.23684210526315788,1989-08-08T01:38:07Z,ls5,qd9v7z8u4j49,0.6238428060340059,0.10187917235274596,0.037435916350090366
0.02235294117647059,0.07411764705882354,0.5526315789473684,0.3070588235294118,0.0,0.5882352941176471,1989-09-09T01:37:22Z,ls5,qd9v7z8u4j49,0.31332533013205277,0.07563025210084033,0.02280912364945978
0.08315789473684211,0.21052631578947367,0.0,0.6657894736842106,0.0,0.02631578947368421,1989-09-25T01:36:58Z,ls5,qd9v7z8u4j49,0.6756503161359241,0.21364436873863207,0.08438952565175968
,,1.0,,,,1989-10-11T01:36:37Z,ls5,qd9v7z8u4j49,,,
,,1.0,,,,1989-11-12T01:35:35Z,ls5,qd9v7z8u4j49,,,
0.18078947368421053,0.726578947368421,0.0,0.07947368421052631,0.0,0.0,1989-12-14T01:34:45Z,ls5,qd9v7z8u4j49,0.08053333333333333,0.7362666666666666,0.1832
,,1.0,,,,1990-01-15T01:33:44Z,ls5,qd9v7z8u4j49,,,
0.2873684210526316,0.6834210526315792,0.0,0.014473684210526317,0.0,0.0,1990-01-31T01:33:14Z,ls5,qd9v7z8u4j49,0.014690170940170938,0.6936431623931625,0.29166666666666663
,,1.0,,,,1990-02-16T01:32:42Z,ls5,qd9v7z8u4j49,,,
0.26447368421052636,0.6247368421052631,0.0,0.09342105263157895,0.0,0.0,1990-04-05T01:31:16Z,ls5,qd9v7z8u4j49,0.09507230851633636,0.6357793251205142,0.2691483663631495
0.18131578947368424,0.6505263157894735,0.0,0.15473684210526314,0.0,0.0,1990-04-21T01:31:29Z,ls5,qd9v7z8u4j49,0.15684182448652975,0.6593758335556148,0.18378234195785548
0.21999999999999997,0.5771052631578948,0.0,0.18736842105263155,0.0,0.0,1990-05-07T01:31:25Z,ls5,qd9v7z8u4j49,0.1903234429296979,0.5862068965517242,0.2234696605185779
0.1755263157894737,0.3449999999999999,0.0,0.46578947368421053,0.0,0.0,1990-05-23T01:31:27Z,ls5,qd9v7z8u4j49,0.47225186766275346,0.34978655282817495,0.17796157950907152
,,1.0,,,,1990-06-08T01:31:25Z,ls5,qd9v7z8u4j49,,,
0.1386842105263158,0.12842105263157894,0.0,0.7171052631578947,0.0,0.0,1990-06-24T01:31:24Z,ls5,qd9v7z8u4j49,0.7286096256684492,0.13048128342245988,0.14090909090909093
0.05500000000000001,0.16342105263157897,0.0,0.7576315789473684,0.0,0.0,1990-07-10T01:31:22Z,ls5,qd9v7z8u4j49,0.776220005392289,0.16743057427878136,0.05634942032892964
0.024210526315789474,0.13657894736842108,0.0,0.7189473684210528,0.0,0.10526315789473684,1990-07-26T01:31:18Z,ls5,qd9v7z8u4j49,0.7312058189146213,0.13890769400318023,0.02462332918746162
,,1.0,,,,1990-08-11T01:31:13Z,ls5,qd9v7z8u4j49,,,
0.295,0.095,0.8947368421052632,0.355,0.0,0.25,1990-08-27T01:31:08Z,ls5,qd9v7z8u4j49,0.3573825503355705,0.09563758389261745,0.2969798657718121
0.038421052631578946,0.13684210526315788,0.0,0.5489473684210527,0.0,0.2631578947368421,1990-09-12T01:31:05Z,ls5,qd9v7z8u4j49,0.5585220318237455,0.13922888616891063,0.039091187270501836
0.034736842105263156,0.17578947368421058,0.0,0.591842105263158,0.0,0.18421052631578946,1990-09-28T01:30:56Z,ls5,qd9v7z8u4j49,0.6017417272272185,0.17872986829158827,0.03531787816540366
0.1905263157894737,0.44815789473684203,0.0,0.3463157894736842,0.0,0.0,1990-10-30T01:30:41Z,ls5,qd9v7z8u4j49,0.3515896339834358,0.4549826342506011,0.19342773176596317
0.1513157894736842,0.6478947368421051,0.0,0.18684210526315792,0.0,0.0,1990-11-15T01:30:43Z,ls5,qd9v7z8u4j49,0.1894849212703497,0.6570589805177475,0.1534560982119029
0.1160526315789474,0.7581578947368421,0.0,0.11210526315789475,0.0,0.0,1990-12-17T01:30:41Z,ls5,qd9v7z8u4j49,0.1136606189967983,0.7686766275346851,0.11766275346851657
0.11470588235294116,0.7988235294117648,0.5526315789473684,0.07588235294117647,0.0,0.0,1991-01-02T01:31:07Z,ls5,qd9v7z8u4j49,0.07669441141498216,0.8073721759809751,0.11593341260404277
0.20736842105263156,0.6860526315789472,0.0,0.09342105263157896,0.0,0.0,1991-01-18T01:31:34Z,ls5,qd9v7z8u4j49,0.09466666666666669,0.6951999999999999,0.21013333333333334
,,1.0,,,,1991-02-03T01:31:46Z,ls5,qd9v7z8u4j49,,,
0.32605263157894737,0.586842105263158,0.0,0.07105263157894737,0.0,0.0,1991-02-19T01:32:08Z,ls5,qd9v7z8u4j49,0.07221182134260497,0.5964161540518856,0.33137202460550946
0.3413157894736842,0.5581578947368421,0.0,0.08605263157894738,0.0,0.0,1991-03-07T01:32:25Z,ls5,qd9v7z8u4j49,0.08731642189586117,0.5663551401869159,0.34632843791722295
0.23727272727272725,0.6890909090909091,0.13157894736842102,0.0596969696969697,0.0,0.0,1991-03-23T01:32:48Z,ls5,qd9v7z8u4j49,0.06054087277197296,0.6988322065150584,0.24062692071296862
0.34842105263157896,0.5626315789473686,0.0,0.07342105263157894,0.0,0.0,1991-04-08T01:33:01Z,ls5,qd9v7z8u4j49,0.07457898957497994,0.5715049452018177,0.3539160652232023
0.28921052631578953,0.6099999999999999,0.0,0.0844736842105263,0.0,0.0,1991-04-24T01:33:16Z,ls5,qd9v7z8u4j49,0.08587479935794541,0.6201177100053503,0.29400749063670417
0.21631578947368427,0.6507894736842106,0.0,0.12105263157894734,0.0,0.0,1991-05-10T01:33:35Z,ls5,qd9v7z8u4j49,0.12250332889480689,0.6585885486018642,0.21890812250332894
0.24684210526315792,0.46157894736842103,0.0,0.278421052631579,0.0,0.0,1991-05-26T01:33:52Z,ls5,qd9v7z8u4j49,0.2821333333333334,0.4677333333333333,0.2501333333333333
0.0,0.0,0.9736842105263158,0.0,0.0,1.0,1991-06-27T01:34:18Z,ls5,qd9v7z8u4j49,0.0,0.0,0.0
0.042105263157894736,0.15473684210526317,0.0,0.7873684210526316,0.0,0.0,1991-07-13T01:34:28Z,ls5,qd9v7z8u4j49,0.7999999999999999,0.1572192513368984,0.0427807486631016
0.049473684210526316,0.14631578947368423,0.0,0.7852631578947369,0.0,0.0,1991-08-14T01:34:45Z,ls5,qd9v7z8u4j49,0.8004291845493562,0.14914163090128757,0.05042918454935622
0.06,0.14526315789473687,0.0,0.7773684210526315,0.0,0.0,1991-08-30T01:34:54Z,ls5,qd9v7z8u4j49,0.7911087305838244,0.147830744509909,0.06106052490626674
,,1.0,,,,1991-09-15T01:35:08Z,ls5,qd9v7z8u4j49,,,
,,1.0,,,,1991-10-01T01:35:13Z,ls5,qd9v7z8u4j49,,,
0.10368421052631578,0.2994736842105263,0.0,0.5821052631578947,0.0,0.0,1991-10-17T01:35:24Z,ls5,qd9v7z8u4j49,0.5908119658119657,0.30395299145299143,0.10523504273504272
0.0,0.69,0.9473684210526316,0.305,0.0,0.0,1991-11-02T01:35:23Z,ls5,qd9v7z8u4j49,0.30653266331658297,0.6934673366834171,0.0
0.14657894736842106,0.6497368421052631,0.0,0.19,0.0,0.0,1991-11-18T01:35:27Z,ls5,qd9v7z8u4j49,0.19263607257203844,0.6587513340448239,0.14861259338313768
0.085,0.7747368421052632,0.0,0.12657894736842104,0.0,0.0,1991-12-04T01:35:41Z,ls5,qd9v7z8u4j49,0.1283351120597652,0.7854855923159019,0.08617929562433299
0.11421052631578944,0.7836842105263158,0.0,0.0881578947368421,0.0,0.0,1991-12-20T01:35:33Z,ls5,qd9v7z8u4j49,0.08940485721910862,0.7947691486522551,0.11582599412863621
,,1.0,,,,1992-01-05T01:35:30Z,ls5,qd9v7z8u4j49,,,
0.172,0.7513333333333334,0.6052631578947368,0.06266666666666668,0.0,0.0,1992-01-21T01:35:30Z,ls5,qd9v7z8u4j49,0.06355645706558487,0.7620013522650441,0.1744421906693712
0.1652631578947368,0.5178947368421052,0.0,0.3026315789473684,0.0,0.0,1992-02-22T01:35:25Z,ls5,qd9v7z8u4j49,0.3069941270688735,0.5253603844100374,0.16764548852108915
0.23184210526315796,0.5944736842105263,0.0,0.15842105263157896,0.0,0.0,1992-03-09T01:35:25Z,ls5,qd9v7z8u4j49,0.16087653661143775,0.6036878674505611,0.23543559593800112
0.1276315789473684,0.5792105263157895,0.0,0.28078947368421053,0.0,0.0,1992-04-10T01:35:13Z,ls5,qd9v7z8u4j49,0.2843058886224354,0.5864641620037303,0.12922994937383422
,,1.0,,,,1992-04-26T01:35:05Z,ls5,qd9v7z8u4j49,,,
0.24157894736842103,0.2505263157894737,0.0,0.49421052631578943,0.0,0.0,1992-05-12T01:34:58Z,ls5,qd9v7z8u4j49,0.5010672358591248,0.25400213447171827,0.24493062966915688
0.1623684210526316,0.38000000000000006,0.0,0.4471052631578947,0.0,0.0,1992-05-28T01:34:49Z,ls5,qd9v7z8u4j49,0.45186170212765947,0.3840425531914894,0.16409574468085109
0.026000000000000002,0.6399999999999999,0.868421052631579,0.33,0.0,0.0,1992-06-13T01:34:38Z,ls5,qd9v7z8u4j49,0.3313253012048193,0.6425702811244979,0.026104417670682733
0.04971428571428572,0.47085714285714286,0.07894736842105265,0.4671428571428571,0.0,0.0,1992-06-29T01:34:27Z,ls5,qd9v7z8u4j49,0.47295342782759614,0.47671391379809086,0.05033265837431299
0.2405263157894737,0.29342105263157897,0.0,0.4507894736842106,0.0,0.0,1992-07-15T01:34:15Z,ls5,qd9v7z8u4j49,0.4577765900587921,0.29796900053447356,0.24425440940673437
0.1368421052631579,0.13578947368421054,0.0,0.6102631578947367,0.0,0.10526315789473684,1992-07-31T01:34:02Z,ls5,qd9v7z8u4j49,0.618448505765158,0.13761079300337284,0.13867754333673232
0.19789473684210526,0.08605263157894737,0.0,0.6786842105263157,0.0,0.02631578947368421,1992-09-01T01:33:32Z,ls5,qd9v7z8u4j49,0.6864766481540099,0.08704066070041151,0.20016690167189435
0.011052631578947368,0.08552631578947369,0.0,0.4476315789473684,0.0,0.4473684210526316,1992-09-17T01:33:18Z,ls5,qd9v7z8u4j49,0.45455817978214397,0.08684974040517154,0.011223658760052936
,,1.0,,,,1992-10-03T01:32:56Z,ls5,qd9v7z8u4j49,,,
0.20921052631578949,0.3397368421052631,0.0,0.43578947368421056,0.0,0.0,1992-10-19T01:32:43Z,ls5,qd9v7z8u4j49,0.4425440940673437,0.34500267236771776,0.21245323356493856
0.30210526315789477,0.6292105263157893,0.0,0.05447368421052631,0.0,0.0,1992-12-06T01:32:27Z,ls5,qd9v7z8u4j49,0.05525894287239723,0.6382808328884142,0.3064602242391885
0.3400000000000001,0.618421052631579,0.0,0.026842105263157896,0.0,0.0,1993-01-07T01:32:47Z,ls5,qd9v7z8u4j49,0.02724358974358974,0.6276709401709402,0.34508547008547014
0.3431578947368421,0.603421052631579,0.0,0.03815789473684211,0.0,0.0,1993-01-23T01:32:58Z,ls5,qd9v7z8u4j49,0.03874933190807056,0.6127739176910744,0.3484767504008552
0.315,0.631578947368421,0.0,0.03894736842105264,0.0,0.0,1993-02-08T01:33:09Z,ls5,qd9v7z8u4j49,0.039519359145527386,0.6408544726301736,0.3196261682242991
0.3881578947368421,0.5413157894736842,0.0,0.05368421052631579,0.0,0.0,1993-02-24T01:33:12Z,ls5,qd9v7z8u4j49,0.05460385438972164,0.5505888650963597,0.39480728051391867
0.2986842105263158,0.5957894736842105,0.0,0.0918421052631579,0.0,0.0,1993-03-12T01:33:24Z,ls5,qd9v7z8u4j49,0.09311632870864461,0.6040554962646745,0.30282817502668086
0.42368421052631583,0.5363157894736842,0.0,0.023947368421052634,0.0,0.0,1993-04-13T01:33:33Z,ls5,qd9v7z8u4j49,0.024338058304359457,0.5450655255415886,0.4305964161540519
0.13722222222222222,0.7677777777777778,0.5263157894736843,0.08611111111111112,0.0,0.0,1993-04-29T01:33:40Z,ls5,qd9v7z8u4j49,0.0868834080717489,0.7746636771300448,0.13845291479820626
,,1.0,,,,1993-05-15T01:33:43Z,ls5,qd9v7z8u4j49,,,
0.22736842105263158,0.6452631578947369,0.0,0.11236842105263159,0.0,0.0,1993-05-31T01:33:47Z,ls5,qd9v7z8u4j49,0.11407961528185949,0.6550895004007481,0.23083088431739246
0.010666666666666668,0.42900000000000005,0.21052631578947367,0.222,0.0,0.3333333333333333,1993-07-02T01:33:37Z,ls5,qd9v7z8u4j49,0.22367758186397985,0.4322418136020152,0.010747271200671706
0.26763157894736844,0.2176315789473684,0.0,0.4978947368421052,0.0,0.0,1993-07-18T01:33:38Z,ls5,qd9v7z8u4j49,0.5064239828693791,0.22135974304068523,0.2722162740899358
0.06131578947368421,0.12289473684210528,0.0,0.645,0.0,0.15789473684210525,1993-08-03T01:33:37Z,ls5,qd9v7z8u4j49,0.655030149158997,0.12480582605355026,0.06226928794534734
0.021578947368421055,0.05394736842105264,0.0,0.3402631578947368,0.0,0.5789473684210527,1993-08-19T01:33:37Z,ls5,qd9v7z8u4j49,0.3445702864756829,0.05463024650233179,0.021852098600932717
0.00368421052631579,0.03263157894736842,0.0,0.17157894736842108,0.0,0.7894736842105263,1993-09-04T01:33:36Z,ls5,qd9v7z8u4j49,0.17375083277814787,0.033044636908727505,0.003730846102598267
0.019473684210526317,0.0942105263157895,0.0,0.3534210526315789,0.0,0.5263157894736842,1993-09-20T01:33:34Z,ls5,qd9v7z8u4j49,0.3583988139362491,0.09553743513713865,0.0197479614529281
,,1.0,,,,1993-10-06T01:33:30Z,ls5,qd9v7z8u4j49,,,
0.18368421052631578,0.4044736842105263,0.0,0.3973684210526316,0.0,0.0,1993-10-22T01:33:22Z,ls5,qd9v7z8u4j49,0.4032042723631509,0.4104138851802403,0.1863818424566088
0.17,0.5636842105263158,0.0,0.2536842105263158,0.0,0.0,1993-11-07T01:33:16Z,ls5,qd9v7z8u4j49,0.25692963752665243,0.5708955223880597,0.17217484008528786
0.24236842105263165,0.6321052631578947,0.0,0.10999999999999999,0.0,0.0,1993-11-23T01:33:08Z,ls5,qd9v7z8u4j49,0.11173483025928894,0.6420743116813685,0.2461908580593425
,,1.0,,,,1993-12-09T01:33:05Z,ls5,qd9v7z8u4j49,,,
0.3681578947368422,0.543421052631579,0.0,0.07447368421052632,0.0,0.0,1993-12-25T01:32:56Z,ls5,qd9v7z8u4j49,0.07552708833733653,0.5511075527088337,0.3733653589538298
0.37578947368421056,0.5428947368421052,0.0,0.06499999999999999,0.0,0.0,1994-01-10T01:32:43Z,ls5,qd9v7z8u4j49,0.06607811663991439,0.5518994114499732,0.3820224719101124
0.39289473684210524,0.5244736842105263,0.0,0.06710526315789474,0.0,0.0,1994-01-26T01:32:30Z,ls5,qd9v7z8u4j49,0.0681635926222935,0.532745255279337,0.3990911520983694
0.4486842105263158,0.4618421052631579,0.0,0.07421052631578946,0.0,0.0,1994-02-27T01:32:05Z,ls5,qd9v7z8u4j49,0.07536076964190272,0.46900053447354356,0.45563869588455375
0.478421052631579,0.4321052631578947,0.0,0.07394736842105262,0.0,0.0,1994-03-15T01:31:51Z,ls5,qd9v7z8u4j49,0.07511360598770381,0.43892007484629775,0.4859663191659984
0.5018421052631579,0.4076315789473684,0.0,0.07605263157894737,0.0,0.0,1994-03-31T01:31:35Z,ls5,qd9v7z8u4j49,0.07716955941255008,0.4136181575433912,0.5092122830440587
0.4844736842105264,0.456578947368421,0.0,0.04447368421052632,0.0,0.0,1994-05-02T01:31:01Z,ls5,qd9v7z8u4j49,0.04512683578104139,0.46328437917222953,0.49158878504672904
0.0,0.73,0.9473684210526316,0.26,0.0,0.0,1994-06-03T01:30:25Z,ls5,qd9v7z8u4j49,0.26262626262626265,0.7373737373737373,0.0
0.04894736842105263,0.06684210526315788,0.0,0.14421052631578946,0.0,0.7368421052631579,1994-07-05T01:29:39Z,ls5,qd9v7z8u4j49,0.14596207116982743,0.06765395269550395,0.049541870871510775
0.030263157894736846,0.09473684210526316,0.0,0.7560526315789474,0.0,0.10526315789473684,1994-07-21T01:29:13Z,ls5,qd9v7z8u4j49,0.7677953845186444,0.09620826259196379,0.030733194994655096
0.026578947368421053,0.12842105263157894,0.0,0.6457894736842106,0.0,0.18421052631578946,1994-08-22T01:28:24Z,ls5,qd9v7z8u4j49,0.6578860888665964,0.13082657349914384,0.027076811318470347
0.008684210526315789,0.08921052631578949,0.0,0.4202631578947369,0.0,0.47368421052631576,1994-09-07T01:28:00Z,ls5,qd9v7z8u4j49,0.4268797947127851,0.0906150597417872,0.008820935019112025
0.13605263157894737,0.205,0.0,0.6186842105263157,0.0,0.02631578947368421,1994-09-23T01:27:35Z,ls5,qd9v7z8u4j49,0.6276752341506358,0.20797916095420899,0.13802981542147116
0.10588235294117646,0.7141176470588235,0.5526315789473684,0.16705882352941176,0.0,0.0,1994-10-25T01:26:34Z,ls5,qd9v7z8u4j49,0.16924910607866508,0.7234803337306318,0.10727056019070322
0.13368421052631582,0.7023684210526316,0.0,0.15078947368421053,0.0,0.0,1994-11-10T01:26:00Z,ls5,qd9v7z8u4j49,0.1528,0.7117333333333333,0.13546666666666668
0.0,0.9039999999999999,0.868421052631579,0.092,0.0,0.0,1994-11-26T01:25:28Z,ls5,qd9v7z8u4j49,0.0923694779116466,0.9076305220883535,0.0
,,1.0,,,,1994-12-12T01:25:00Z,ls5,qd9v7z8u4j49,,,
0.37552631578947365,0.5142105263157896,0.0,0.09578947368421051,0.0,0.0,1994-12-28T01:24:28Z,ls5,qd9v7z8u4j49,0.09719626168224296,0.521762349799733,0.38104138851802394
0.2878947368421053,0.5568421052631578,0.0,0.1402631578947368,0.0,0.0,1995-01-13T01:23:54Z,ls5,qd9v7z8u4j49,0.1423991450707988,0.5653219342773176,0.29227892065188354
0.4075,0.48500000000000004,0.6842105263157895,0.09000000000000001,0.0,0.0,1995-01-29T01:23:17Z,ls5,qd9v7z8u4j49,0.09160305343511452,0.49363867684478374,0.4147582697201017
0.45815789473684204,0.44157894736842107,0.0,0.08368421052631578,0.0,0.0,1995-03-18T01:21:20Z,ls5,qd9v7z8u4j49,0.08509499598608508,0.44902328070644904,0.4658817233074658
0.3571052631578948,0.31184210526315786,0.0,0.3173684210526316,0.0,0.0,1995-04-19T01:20:02Z,ls5,qd9v7z8u4j49,0.32177161152614725,0.3161686232657417,0.36205976520811106
0.3473684210526316,0.2623684210526316,0.0,0.3747368421052632,0.0,0.0,1995-05-05T01:19:19Z,ls5,qd9v7z8u4j49,0.3806468858593959,0.2665062817428495,0.3528468323977546
,,1.0,,,,1995-05-21T01:18:36Z,ls5,qd9v7z8u4j49,,,
0.006,0.6120000000000001,0.868421052631579,0.184,0.0,0.2,1995-07-24T01:15:40Z,ls5,qd9v7z8u4j49,0.18354114713216957,0.6104738154613467,0.0059850374064837905
0.0,0.0,0.0,0.0,0.0,1.0,1995-08-25T01:14:13Z,ls5,qd9v7z8u4j49,0.0,0.0,0.0
0.003157894736842105,0.00631578947368421,0.0,0.016578947368421054,0.0,0.9736842105263158,1995-09-10T01:13:27Z,ls5,qd9v7z8u4j49,0.01674641148325357,0.006379585326953739,0.0031897926634768697
0.13499999999999998,0.6623684210526316,0.0,0.16500000000000004,0.02631578947368421,0.0,1995-12-15T01:12:16Z,ls5,qd9v7z8u4j49,0.1669401148482363,0.670156728984068,0.13658736669401148
0.2821052631578947,0.5573684210526316,0.0,0.14763157894736842,0.0,0.0,1996-01-16T01:14:35Z,ls5,qd9v7z8u4j49,0.1495601173020528,0.5646494268195149,0.2857904558784324
0.3105263157894737,0.49157894736842106,0.0,0.1831578947368421,0.0,0.0,1996-02-17T01:16:48Z,ls5,qd9v7z8u4j49,0.1858974358974359,0.49893162393162394,0.3151709401709402
0.20588235294117646,0.5717647058823528,0.5526315789473684,0.21235294117647063,0.0,0.0,1996-03-04T01:17:52Z,ls5,qd9v7z8u4j49,0.21449792038027338,0.5775401069518715,0.20796197266785502
0.3489473684210526,0.505263157894737,0.0,0.12973684210526318,0.0,0.0,1996-03-20T01:18:54Z,ls5,qd9v7z8u4j49,0.13185343674779354,0.5135062851029688,0.3546402781492377
0.333421052631579,0.5831578947368419,0.0,0.06868421052631579,0.0,0.0,1996-04-21T01:20:54Z,ls5,qd9v7z8u4j49,0.06971153846153848,0.5918803418803418,0.3384081196581198
,,1.0,,,,1996-05-07T01:21:51Z,ls5,qd9v7z8u4j49,,,
0.32842105263157895,0.4942105263157895,0.0,0.16105263157894734,0.0,0.0,1996-05-23T01:22:46Z,ls5,qd9v7z8u4j49,0.16372391653290527,0.5024077046548957,0.33386837881219905
0.16499999999999995,0.49294117647058816,0.10526315789473684,0.3297058823529411,0.0,0.0,1996-06-24T01:24:31Z,ls5,qd9v7z8u4j49,0.3338296605122097,0.4991066110780227,0.16706372840976771
0.42078947368421055,0.48578947368421044,0.0,0.07710526315789472,0.0,0.0,1996-07-10T01:25:20Z,ls5,qd9v7z8u4j49,0.07838416265382556,0.49384697699304436,0.42776886035313005
0.15263157894736845,0.41157894736842104,0.0,0.4218421052631579,0.0,0.0,1996-07-26T01:26:12Z,ls5,qd9v7z8u4j49,0.4278089137977048,0.41740058713637573,0.15479049906591943
0.07289473684210526,0.07684210526315788,0.0,0.8344736842105264,0.0,0.0,1996-08-27T01:27:54Z,ls5,qd9v7z8u4j49,0.847860962566845,0.0780748663101604,0.07406417112299464
0.15848484848484853,0.10121212121212121,0.13157894736842102,0.7254545454545452,0.0,0.0,1996-09-12T01:28:47Z,ls5,qd9v7z8u4j49,0.7363888034450937,0.10273761919409415,0.16087357736081212
0.26631578947368423,0.19684210526315787,0.0,0.5207894736842105,0.0,0.0,1996-10-14T01:30:29Z,ls5,qd9v7z8u4j49,0.5292859053222786,0.20005349023803154,0.27066060443968976
,,1.0,,,,1996-10-30T01:31:16Z,ls5,qd9v7z8u4j49,,,
,,1.0,,,,1996-11-15T01:32:01Z,ls5,qd9v7z8u4j49,,,
,,1.0,,,,1996-12-01T01:32:47Z,ls5,qd9v7z8u4j49,,,
0.25947368421052636,0.6099999999999999,0.0,0.11473684210526316,0.0,0.0,1996-12-17T01:33:32Z,ls5,qd9v7z8u4j49,0.11657754010695189,0.6197860962566843,0.26363636363636367
0.28078947368421053,0.6071052631578948,0.0,0.09763157894736842,0.0,0.0,1997-01-02T01:34:18Z,ls5,qd9v7z8u4j49,0.09906542056074764,0.6160213618157543,0.28491321762349797
0.32236842105263164,0.5639473684210525,0.0,0.0981578947368421,0.0,0.0,1997-01-18T01:35:03Z,ls5,qd9v7z8u4j49,0.09970596097300187,0.5728414862336273,0.3274525527933708
0.28842105263157897,0.6026315789473684,0.0,0.09263157894736843,0.0,0.0,1997-02-03T01:35:46Z,ls5,qd9v7z8u4j49,0.09416800428036384,0.6126270733012307,0.2932049224184056
0.3768421052631578,0.5144736842105264,0.0,0.09342105263157895,0.0,0.0,1997-03-07T01:37:06Z,ls5,qd9v7z8u4j49,0.0948690539818279,0.5224478888295031,0.3826830571886691
0.34026315789473677,0.44684210526315793,0.0,0.19815789473684212,0.0,0.0,1997-03-23T01:37:42Z,ls5,qd9v7z8u4j49,0.20112179487179488,0.4535256410256411,0.34535256410256404
0.14421052631578948,0.5136842105263156,0.0,0.32947368421052636,0.0,0.0,1997-04-08T01:38:18Z,ls5,qd9v7z8u4j49,0.33368869936034123,0.5202558635394455,0.14605543710021324
0.22842105263157894,0.21947368421052635,0.0,0.538421052631579,0.0,0.0,1997-04-24T01:38:52Z,ls5,qd9v7z8u4j49,0.5458911419423692,0.2225186766275347,0.23159018143009602
,,1.0,,,,1997-05-10T01:39:25Z,ls5,qd9v7z8u4j49,,,
,,1.0,,,,1997-05-26T01:39:59Z,ls5,qd9v7z8u4j49,,,
0.015526315789473687,0.07973684210526315,0.0,0.7057894736842104,0.0,0.18421052631578946,1997-07-29T01:42:10Z,ls5,qd9v7z8u4j49,0.7187737741199254,0.08120374853032714,0.015811951033958094
0.024736842105263158,0.09026315789473685,0.0,0.6857894736842104,0.0,0.18421052631578946,1997-08-14T01:42:41Z,ls5,qd9v7z8u4j49,0.6986353494646903,0.09195392358648842,0.02520020063303181
0.028947368421052635,0.1160526315789474,0.0,0.6557894736842107,0.0,0.18421052631578946,1997-08-30T01:43:11Z,ls5,qd9v7z8u4j49,0.6680734040161198,0.11822647318262795,0.02948959648546275
0.01789473684210527,0.14000000000000004,0.0,0.6189473684210526,0.0,0.21052631578947367,1997-09-15T01:43:38Z,ls5,qd9v7z8u4j49,0.6290115532734274,0.1422764227642277,0.01818570817287121
0.2063157894736842,0.5128947368421052,0.0,0.26526315789473687,0.0,0.0,1997-10-17T01:44:31Z,ls5,qd9v7z8u4j49,0.26944667201283085,0.5209836941994118,0.20956963378775728
0.2794736842105263,0.5218421052631579,0.0,0.18447368421052635,0.0,0.0,1997-11-02T01:44:57Z,ls5,qd9v7z8u4j49,0.18713294180459158,0.5293646556326749,0.28350240256273357
0.2805263157894737,0.5802631578947368,0.0,0.12526315789473683,0.0,0.0,1997-12-20T01:46:07Z,ls5,qd9v7z8u4j49,0.12703496130237524,0.5884707766212971,0.2844942620763277
0.3136842105263158,0.518421052631579,0.0,0.15289473684210528,0.0,0.0,1998-01-05T01:46:30Z,ls5,qd9v7z8u4j49,0.15522308308843175,0.5263157894736842,0.318461127437884
0.32605263157894737,0.52,0.0,0.13868421052631577,0.0,0.0,1998-01-21T01:46:50Z,ls5,qd9v7z8u4j49,0.14083377872795294,0.5280598610368787,0.3311063602351684
0.4118421052631579,0.4507894736842105,0.0,0.12236842105263161,0.0,0.0,1998-02-06T01:47:11Z,ls5,qd9v7z8u4j49,0.1242318995458189,0.45765428800427466,0.4181138124499065
0.4042105263157896,0.4547368421052631,0.0,0.12657894736842104,0.0,0.0,1998-02-22T01:47:29Z,ls5,qd9v7z8u4j49,0.12843791722296394,0.4614152202937249,0.41014686248331117
0.44789473684210523,0.43447368421052635,0.0,0.10157894736842105,0.0,0.0,1998-03-26T01:47:59Z,ls5,qd9v7z8u4j49,0.10323615940090933,0.4415619149505216,0.45520192564856915
0.43999999999999995,0.4310526315789474,0.0,0.11342105263157896,0.0,0.0,1998-04-11T01:48:10Z,ls5,qd9v7z8u4j49,0.11520983694199415,0.4378508420208501,0.4469393210371558
,,1.0,,,,1998-05-13T01:48:38Z,ls5,qd9v7z8u4j49,,,
0.073,0.6990000000000001,0.736842105263158,0.21800000000000003,0.0,0.0,1998-05-29T01:48:54Z,ls5,qd9v7z8u4j49,0.22020202020202023,0.7060606060606062,0.07373737373737374
0.23842105263157892,0.18710526315789477,0.0,0.5336842105263158,0.0,0.02631578947368421,1998-07-16T01:49:29Z,ls5,qd9v7z8u4j49,0.541737058696123,0.18992852501624435,0.24201862681394842
,,1.0,,,,1998-08-01T01:49:35Z,ls5,qd9v7z8u4j49,,,
,,1.0,,,,1998-08-17T01:49:43Z,ls5,qd9v7z8u4j49,,,
,,1.0,,,,1998-09-02T01:49:54Z,ls5,qd9v7z8u4j49,,,
,,1.0,,,,1998-09-18T01:50:01Z,ls5,qd9v7z8u4j49,,,
0.0963157894736842,0.3128947368421053,0.0,0.5757894736842106,0.0,0.0,1998-10-20T01:50:04Z,ls5,qd9v7z8u4j49,0.584557841303767,0.31765963131178193,0.09778252738445095
,,1.0,,,,1998-11-05T01:50:09Z,ls5,qd9v7z8u4j49,,,
0.0284,0.7276,0.3421052631578947,0.22760000000000002,0.0,0.0,1998-12-07T01:50:12Z,ls5,qd9v7z8u4j49,0.2313948759658398,0.7397315982106547,0.02887352582350549
,,1.0,,,,1998-12-23T01:50:17Z,ls5,qd9v7z8u4j49,,,
0.2707894736842105,0.6121052631578948,0.0,0.10263157894736841,0.0,0.0,1999-01-08T01:50:17Z,ls5,qd9v7z8u4j49,0.10413885180240318,0.6210947930574099,0.2747663551401869
0.3584210526315789,0.5234210526315789,0.0,0.1018421052631579,0.0,0.0,1999-02-09T01:50:25Z,ls5,qd9v7z8u4j49,0.10353130016051365,0.5321027287319422,0.36436597110754415
0.3876315789473685,0.5018421052631579,0.0,0.09578947368421054,0.0,0.0,1999-02-25T01:50:28Z,ls5,qd9v7z8u4j49,0.09722222222222224,0.5093482905982906,0.3934294871794873
0.22608695652173919,0.6339130434782608,0.39473684210526316,0.12739130434782608,0.0,0.0,1999-03-13T01:50:17Z,ls5,qd9v7z8u4j49,0.12901805372082784,0.642007926023778,0.22897402025539415
0.35394736842105273,0.386578947368421,0.0,0.24447368421052634,0.0,0.0,1999-03-29T01:49:59Z,ls5,qd9v7z8u4j49,0.24819663371627038,0.3924659364146406,0.359337429869089
0.21184210526315791,0.40736842105263166,0.0,0.36789473684210533,0.0,0.0,1999-04-14T01:49:58Z,ls5,qd9v7z8u4j49,0.3727006131698214,0.41268994934684083,0.21460943748333774
0.26552631578947367,0.19368421052631576,0.0,0.5271052631578946,0.0,0.0,1999-04-30T01:49:56Z,ls5,qd9v7z8u4j49,0.5344183564567769,0.19637139807897547,0.26921024546424766
0.21736842105263163,0.06052631578947369,0.0,0.7076315789473685,0.0,0.0,1999-05-16T01:49:42Z,ls5,qd9v7z8u4j49,0.7180240320427236,0.06141522029372497,0.22056074766355144
0.05552631578947368,0.12078947368421052,0.0,0.7821052631578947,0.0,0.02631578947368421,1999-06-01T01:49:20Z,ls5,qd9v7z8u4j49,0.7945605364316888,0.12271308419318476,0.05641058990144224
0.05684210526315791,0.1281578947368421,0.0,0.7986842105263158,0.0,0.0,1999-06-17T01:49:11Z,ls5,qd9v7z8u4j49,0.8119315141787051,0.13028357410379882,0.057784911717496
0.0668421052631579,0.1797368421052632,0.0,0.7368421052631579,0.0,0.0,1999-07-03T01:49:02Z,ls5,qd9v7z8u4j49,0.7492641156007492,0.1827669253411828,0.06796895905806798
0.2775,0.1375,0.8947368421052632,0.575,0.0,0.0,1999-07-19T01:48:58Z,ls5,qd9v7z8u4j49,0.5808080808080808,0.1388888888888889,0.28030303030303033
0.028947368421052635,0.20447368421052634,0.0,0.7507894736842105,0.0,0.0,1999-07-27T02:04:05Z,ls7,qd9v7z8u4j49,0.7628342245989305,0.2077540106951872,0.029411764705882356
0.10789473684210525,0.17842105263157895,0.0,0.6986842105263159,0.0,0.0,1999-08-04T01:48:57Z,ls5,qd9v7z8u4j49,0.7093240716003206,0.1811381244990649,0.10953780390061446
,,1.0,,,,1999-08-12T02:04:08Z,ls7,qd9v7z8u4j49,,,
0.0886842105263158,0.19368421052631576,0.0,0.7028947368421052,0.0,0.0,1999-08-20T01:48:45Z,ls5,qd9v7z8u4j49,0.7134081196581197,0.19658119658119655,0.09001068376068377
0.10500000000000001,0.195,0.0,0.6839473684210526,0.0,0.0,1999-09-05T01:48:17Z,ls5,qd9v7z8u4j49,0.6951056432201123,0.198181331906927,0.1067130248729607
,,1.0,,,,1999-09-13T02:04:05Z,ls7,qd9v7z8u4j49,,,
0.16236842105263163,0.22131578947368422,0.0,0.5997368421052631,0.0,0.0,1999-09-29T02:04:15Z,ls7,qd9v7z8u4j49,0.6098474712336098,0.22504682900722506,0.16510569975916517
,,1.0,,,,1999-10-15T02:04:13Z,ls7,qd9v7z8u4j49,,,
0.26,0.2235714285714286,0.631578947368421,0.5028571428571429,0.0,0.0,1999-10-23T01:47:44Z,ls5,qd9v7z8u4j49,0.5097755249818972,0.2266473569876901,0.2635771180304127
0.20657894736842108,0.5760526315789473,0.0,0.20289473684210524,0.0,0.0,1999-11-24T01:46:37Z,ls5,qd9v7z8u4j49,0.20587449933244326,0.584512683578104,0.20961281708945265
0.10166666666666668,0.755,0.8421052631578947,0.13,0.0,0.0,1999-12-02T02:04:02Z,ls7,qd9v7z8u4j49,0.13175675675675677,0.7652027027027027,0.10304054054054056
0.22000000000000003,0.5678947368421052,0.0,0.19763157894736838,0.0,0.0,1999-12-10T01:46:18Z,ls5,qd9v7z8u4j49,0.20053404539385847,0.5762349799732978,0.22323097463284383
0.19894736842105268,0.6455263157894736,0.0,0.1402631578947368,0.0,0.0,1999-12-26T01:46:20Z,ls5,qd9v7z8u4j49,0.14243719935863175,0.6555318011758419,0.20203099946552652
0.2205263157894737,0.6271052631578948,0.0,0.13894736842105262,0.0,0.0,2000-01-03T02:04:03Z,ls7,qd9v7z8u4j49,0.1408375566817818,0.6356361696452388,0.22352627367297948
0.23315789473684215,0.6239473684210526,0.0,0.1281578947368421,0.0,0.0,2000-01-19T02:04:00Z,ls7,qd9v7z8u4j49,0.13007478632478633,0.6332799145299145,0.2366452991452992
0.24187499999999998,0.608125,0.5789473684210527,0.138125,0.0,0.0,2000-02-04T02:04:01Z,ls7,qd9v7z8u4j49,0.13978494623655913,0.6154332700822265,0.2447817836812144
0.2205263157894737,0.5863157894736842,0.0,0.17868421052631578,0.0,0.0,2000-02-20T02:03:53Z,ls7,qd9v7z8u4j49,0.18130841121495325,0.5949265687583445,0.2237650200267023
0.22815789473684214,0.586578947368421,0.0,0.17052631578947366,0.0,0.0,2000-03-07T02:03:49Z,ls7,qd9v7z8u4j49,0.17307692307692307,0.5953525641025641,0.23157051282051289
0.30710526315789477,0.5031578947368419,0.0,0.17473684210526313,0.0,0.0,2000-03-23T02:03:51Z,ls7,qd9v7z8u4j49,0.17739780924392198,0.5108201977023776,0.3117819930537003
0.33342105263157895,0.4978947368421055,0.0,0.15289473684210522,0.0,0.0,2000-04-08T02:03:39Z,ls7,qd9v7z8u4j49,0.15534759358288763,0.5058823529411767,0.33877005347593575
0.37,0.509736842105263,0.0,0.1036842105263158,0.0,0.0,2000-04-24T02:03:33Z,ls7,qd9v7z8u4j49,0.10543216483810544,0.5183302113995183,0.37623762376237624
0.29421052631578953,0.36868421052631584,0.0,0.3223684210526315,0.0,0.0,2000-05-26T02:03:12Z,ls7,qd9v7z8u4j49,0.3271901709401709,0.374198717948718,0.29861111111111116
,,1.0,,,,2000-06-27T02:02:56Z,ls7,qd9v7z8u4j49,,,
0.17157894736842108,0.08499999999999999,0.0,0.5984210526315789,0.0,0.13157894736842105,2000-07-29T02:02:26Z,ls7,qd9v7z8u4j49,0.6078145502259805,0.0863342566943675,0.17427224571123104
0.05131578947368422,0.12157894736842105,0.0,0.7828947368421053,0.0,0.02631578947368421,2000-08-14T02:02:19Z,ls7,qd9v7z8u4j49,0.7975524576860654,0.12385520519360073,0.05227654764664967
,,1.0,,,,2000-08-30T02:02:09Z,ls7,qd9v7z8u4j49,,,
0.01740740740740741,0.11370370370370371,0.2894736842105263,0.5614814814814816,0.0,0.2962962962962963,2000-09-15T02:01:50Z,ls7,qd9v7z8u4j49,0.5704892057833234,0.11552782729253315,0.0176866706278471
0.09815789473684211,0.19842105263157897,0.0,0.6860526315789474,0.0,0.0,2000-10-01T02:01:41Z,ls7,qd9v7z8u4j49,0.6981788966256026,0.20192822710230318,0.09989287627209427
0.13815789473684212,0.3336842105263158,0.0,0.5142105263157895,0.0,0.0,2000-10-17T02:01:23Z,ls7,qd9v7z8u4j49,0.5214838537496663,0.33840405657859624,0.1401120896717374
,,1.0,,,,2000-11-02T02:01:36Z,ls7,qd9v7z8u4j49,,,
0.20894736842105266,0.6226315789473683,0.0,0.15342105263157899,0.0,0.0,2000-12-04T02:01:34Z,ls7,qd9v7z8u4j49,0.1557574138391665,0.6321132781191556,0.21212930804167782
0.24894736842105256,0.6068421052631578,0.0,0.12710526315789475,0.0,0.0,2000-12-20T02:01:39Z,ls7,qd9v7z8u4j49,0.12931726907630525,0.6174029451137885,0.25327978580990623
0.2465789473684211,0.6228947368421053,0.0,0.11447368421052628,0.0,0.0,2001-01-05T02:01:39Z,ls7,qd9v7z8u4j49,0.11634126771864131,0.6330569671035036,0.2506017651778551
0.36793103448275855,0.5175862068965518,0.23684210526315785,0.09862068965517241,0.0,0.0,2001-02-06T02:01:39Z,ls7,qd9v7z8u4j49,0.10021023125437982,0.5259285213735109,0.37386124737210924
0.02620689655172414,0.9037931034482759,0.23684210526315785,0.05586206896551724,0.0,0.0,2001-02-22T02:01:38Z,ls7,qd9v7z8u4j49,0.05666316894018888,0.9167541098286114,0.02658272123119972
0.38736842105263153,0.49868421052631584,0.0,0.09815789473684208,0.0,0.0,2001-03-10T02:01:34Z,ls7,qd9v7z8u4j49,0.0997326203208556,0.5066844919786097,0.39358288770053473
0.39789473684210525,0.5168421052631579,0.0,0.0681578947368421,0.0,0.0,2001-03-26T02:01:25Z,ls7,qd9v7z8u4j49,0.06934404283801873,0.5258366800535476,0.40481927710843374
0.3981578947368421,0.5155263157894736,0.0,0.06921052631578947,0.0,0.0,2001-04-27T02:01:19Z,ls7,qd9v7z8u4j49,0.07041499330655956,0.5244979919678714,0.40508701472556896
0.007419354838709678,0.7619354838709678,0.1842105263157895,0.22322580645161297,0.0,0.0,2001-05-13T02:01:10Z,ls7,qd9v7z8u4j49,0.22489437764055903,0.7676308092297692,0.007474813129671758
0.38911764705882357,0.20088235294117648,0.10526315789473684,0.3770588235294118,0.0,0.029411764705882353,2001-05-29T02:01:01Z,ls7,qd9v7z8u4j49,0.3784349506225848,0.20161550021468438,0.39053778445684845
0.0395,0.354,0.4736842105263158,0.595,0.0,0.0,2001-06-14T02:00:50Z,ls7,qd9v7z8u4j49,0.6019221041982802,0.3581183611532625,0.03995953464845726
0.016315789473684214,0.0723684210526316,0.0,0.8939473684210528,0.0,0.0,2001-06-30T02:00:35Z,ls7,qd9v7z8u4j49,0.9097482592394215,0.07364756293519015,0.016604177825388325
0.03973684210526316,0.11421052631578947,0.0,0.8278947368421052,0.0,0.0,2001-07-16T02:00:35Z,ls7,qd9v7z8u4j49,0.843205574912892,0.11632270168855535,0.04047172339855267
0.028684210526315784,0.0781578947368421,0.0,0.8757894736842106,0.0,0.0,2001-08-01T02:00:23Z,ls7,qd9v7z8u4j49,0.891269416175683,0.07953936797000535,0.029191215854311725
0.02131578947368421,0.07605263157894737,0.0,0.8847368421052633,0.0,0.0,2001-08-17T02:00:04Z,ls7,qd9v7z8u4j49,0.9008574490889604,0.07743837084673097,0.02170418006430868
0.35000000000000003,0.012857142857142857,0.8157894736842105,0.6342857142857142,0.0,0.0,2001-09-02T01:59:53Z,ls7,qd9v7z8u4j49,0.6361031518624641,0.012893982808022923,0.3510028653295129
0.17555555555555558,0.09333333333333332,0.7631578947368421,0.6111111111111112,0.0,0.1111111111111111,2001-09-18T01:59:42Z,ls7,qd9v7z8u4j49,0.617283950617284,0.09427609427609426,0.1773288439955107
0.05473684210526316,0.22078947368421054,0.0,0.7076315789473684,0.0,0.0,2001-10-04T01:59:30Z,ls7,qd9v7z8u4j49,0.7197537473233404,0.22457173447537473,0.0556745182012848
,,1.0,,,,2001-10-20T01:59:32Z,ls7,qd9v7z8u4j49,,,
0.11710526315789471,0.471842105263158,0.0,0.39789473684210525,0.0,0.0,2001-11-05T01:59:37Z,ls7,qd9v7z8u4j49,0.40319999999999995,0.4781333333333334,0.11866666666666663
0.15242424242424243,0.6093939393939394,0.13157894736842102,0.22545454545454546,0.0,0.0,2001-11-21T01:59:46Z,ls7,qd9v7z8u4j49,0.2283609576427256,0.6172498465316144,0.1543891958256599
0.12078947368421052,0.673421052631579,0.0,0.19421052631578944,0.0,0.0,2001-12-07T01:59:47Z,ls7,qd9v7z8u4j49,0.19648562300319483,0.6813099041533546,0.12220447284345046
0.13157894736842105,0.7139473684210527,0.0,0.14289473684210527,0.0,0.0,2001-12-23T01:59:56Z,ls7,qd9v7z8u4j49,0.14456869009584664,0.722310969116081,0.13312034078807242
0.17368421052631577,0.7015789473684212,0.0,0.10973684210526316,0.0,0.0,2002-01-08T01:59:59Z,ls7,qd9v7z8u4j49,0.11140796152818594,0.7122628907293616,0.17632914774245254
0.19578947368421057,0.6936842105263159,0.0,0.09657894736842106,0.0,0.0,2002-01-24T02:00:06Z,ls7,qd9v7z8u4j49,0.0979450226848145,0.7034961302375233,0.19855884707766214
0.23736842105263162,0.6439473684210525,0.0,0.10499999999999998,0.0,0.0,2002-02-09T02:00:08Z,ls7,qd9v7z8u4j49,0.10645677694770544,0.6528815368196371,0.2406616862326575
0.25210526315789467,0.6457894736842105,0.0,0.0876315789473684,0.0,0.0,2002-02-25T02:00:10Z,ls7,qd9v7z8u4j49,0.08891855807743657,0.6552736982643524,0.2558077436582109
0.1781578947368421,0.7471052631578947,0.0,0.06052631578947368,0.0,0.0,2002-03-13T02:00:08Z,ls7,qd9v7z8u4j49,0.06139882541377469,0.7578750667378538,0.1807261078483716
0.2931578947368421,0.6257894736842106,0.0,0.06578947368421052,0.0,0.0,2002-03-29T02:00:03Z,ls7,qd9v7z8u4j49,0.06680919294494922,0.6354890432923571,0.29770176376269375
0.29921052631578954,0.6007894736842105,0.0,0.08394736842105263,0.0,0.0,2002-04-14T02:00:02Z,ls7,qd9v7z8u4j49,0.08531692966033698,0.6105910671302487,0.3040920032094143
0.10947368421052629,0.3460526315789474,0.0,0.531578947368421,0.0,0.0,2002-04-30T02:00:04Z,ls7,qd9v7z8u4j49,0.5385230605171955,0.350573180485204,0.11090375899760062
0.11105263157894736,0.09999999999999999,0.0,0.7721052631578946,0.0,0.0,2002-06-17T01:59:45Z,ls7,qd9v7z8u4j49,0.7853319057815845,0.10171306209850108,0.11295503211991435
0.20157894736842102,0.3052631578947368,0.0,0.4773684210526315,0.0,0.0,2002-07-03T01:59:40Z,ls7,qd9v7z8u4j49,0.4850267379679144,0.3101604278074866,0.20481283422459892
,,1.0,,,,2002-07-19T01:59:33Z,ls7,qd9v7z8u4j49,,,
0.0523684210526316,0.09289473684210525,0.0,0.7357894736842105,0.0,0.10526315789473684,2002-08-20T01:59:22Z,ls7,qd9v7z8u4j49,0.7472175061309188,0.0943375463748978,0.053181789599446666
,,1.0,,,,2002-09-05T01:59:13Z,ls7,qd9v7z8u4j49,,,
0.23333333333333336,0.14333333333333334,0.9210526315789473,0.6166666666666667,0.0,0.0,2002-09-21T01:59:01Z,ls7,qd9v7z8u4j49,0.6208053691275167,0.1442953020134228,0.23489932885906042
0.1105263157894737,0.45578947368421063,0.0,0.41868421052631577,0.0,0.0,2002-10-23T01:59:02Z,ls7,qd9v7z8u4j49,0.4250601122094576,0.4627304301362544,0.112209457654288
0.11236842105263156,0.616842105263158,0.0,0.25921052631578945,0.0,0.0,2002-11-08T01:59:07Z,ls7,qd9v7z8u4j49,0.26224707135250264,0.6240681576144835,0.11368477103301382
0.1473684210526316,0.6678947368421052,0.0,0.17210526315789476,0.0,0.0,2002-11-24T01:59:24Z,ls7,qd9v7z8u4j49,0.1743070362473348,0.6764392324093816,0.1492537313432836
0.16605263157894737,0.7021052631578947,0.0,0.11657894736842105,0.0,0.0,2002-12-10T01:59:29Z,ls7,qd9v7z8u4j49,0.11838588989845003,0.7129877071084981,0.16862640299305187
0.02230769230769231,0.8873076923076924,0.3157894736842105,0.0753846153846154,0.0,0.0,2002-12-26T01:59:35Z,ls7,qd9v7z8u4j49,0.07653260445138618,0.9008199921905505,0.022647403358063256
,,1.0,,,,2003-01-11T01:59:37Z,ls7,qd9v7z8u4j49,,,
0.2,0.7123684210526315,0.0,0.07184210526315789,0.0,0.0,2003-01-27T01:59:44Z,ls7,qd9v7z8u4j49,0.07299465240641712,0.7237967914438502,0.20320855614973266
0.32315789473684214,0.5694736842105265,0.0,0.09052631578947368,0.0,0.0,2003-02-28T01:59:55Z,ls7,qd9v7z8u4j49,0.09207708779443254,0.5792291220556746,0.3286937901498929
,,1.0,,,,2003-03-16T01:59:58Z,ls7,qd9v7z8u4j49,,,
0.26210526315789473,0.5150000000000001,0.0,0.21,0.0,0.0,2003-04-17T01:59:59Z,ls7,qd9v7z8u4j49,0.21274326846174352,0.5217275393228473,0.2655291922154092
0.28342105263157896,0.5536842105263159,0.0,0.14868421052631578,0.0,0.0,2003-05-03T02:00:00Z,ls7,qd9v7z8u4j49,0.15082754938601173,0.5616657768286173,0.2875066737853711
0.25026315789473685,0.548157894736842,0.0,0.1886842105263158,0.0,0.0,2003-05-11T01:46:22Z,ls5,qd9v7z8u4j49,0.19114902692615304,0.5553185817115435,0.25353239136230343
0.12394736842105261,0.42026315789473684,0.0,0.44421052631578944,0.0,0.0,2003-05-19T01:59:55Z,ls7,qd9v7z8u4j49,0.4494142705005325,0.42518636847710334,0.1253993610223642
0.27289473684210525,0.3744736842105264,0.0,0.3357894736842105,0.0,0.0,2003-05-27T01:46:41Z,ls5,qd9v7z8u4j49,0.34154175588865093,0.3808886509635975,0.27756959314775154
0.33999999999999997,0.21815789473684213,0.0,0.42710526315789477,0.0,0.0,2003-06-12T01:46:58Z,ls5,qd9v7z8u4j49,0.43349358974358976,0.2214209401709402,0.3450854700854701
,,1.0,,,,2003-06-28T01:47:21Z,ls5,qd9v7z8u4j49,,,
0.28625000000000006,0.21624999999999997,0.368421052631579,0.3629166666666666,0.0,0.125,2003-07-22T01:59:46Z,ls7,qd9v7z8u4j49,0.36693548387096764,0.21864467982667304,0.28941983630235923
0.041052631578947375,0.15657894736842107,0.0,0.763157894736842,0.0,0.02631578947368421,2003-07-30T01:47:55Z,ls5,qd9v7z8u4j49,0.7734002220011822,0.15868039037610465,0.041603598149029114
0.0078125,0.0703125,0.1578947368421053,0.38312499999999994,0.0,0.53125,2003-08-07T01:59:37Z,ls7,qd9v7z8u4j49,0.38935467479674796,0.07145579268292684,0.007939532520325204
0.024473684210526318,0.14289473684210527,0.0,0.7392105263157894,0.0,0.07894736842105263,2003-08-31T01:48:29Z,ls5,qd9v7z8u4j49,0.7510121457489878,0.14517607516614467,0.024864410663814836
0.011842105263157895,0.09131578947368421,0.0,0.5457894736842106,0.0,0.34210526315789475,2003-09-16T01:48:45Z,ls5,qd9v7z8u4j49,0.5533145515857771,0.0925748068468007,0.012005378409527468
0.02,0.155,0.0,0.5771052631578947,0.0,0.23684210526315788,2003-10-02T01:48:57Z,ls5,qd9v7z8u4j49,0.5855861662553865,0.1572778166550035,0.020293911826452068
,,1.0,,,,2003-10-10T01:59:17Z,ls7,qd9v7z8u4j49,,,
0.09181818181818184,0.3481818181818182,0.7105263157894737,0.5436363636363637,0.0,0.0,2003-10-18T01:49:10Z,ls5,qd9v7z8u4j49,0.5526802218114604,0.3539741219963032,0.09334565619223661
0.09,0.45909090909090905,0.7105263157894737,0.4318181818181818,0.0,0.0,2003-10-26T01:59:37Z,ls7,qd9v7z8u4j49,0.44022242817423546,0.4680259499536608,0.0917516218721038
0.04973684210526317,0.6557894736842106,0.0,0.2802631578947368,0.0,0.0,2003-11-03T01:49:15Z,ls5,qd9v7z8u4j49,0.28430325680726104,0.6652429257875067,0.050453817405232255
0.015172413793103448,0.8106896551724139,0.23684210526315785,0.16241379310344828,0.0,0.0,2003-11-11T01:59:45Z,ls7,qd9v7z8u4j49,0.16434054431263084,0.8203070481507327,0.015352407536636426
0.0965625,0.7209374999999998,0.1578947368421053,0.1709375,0.0,0.0,2003-11-27T01:59:55Z,ls7,qd9v7z8u4j49,0.1729370850458426,0.7293708504584255,0.09769206449573192
,,1.0,,,,2003-12-05T01:49:45Z,ls5,qd9v7z8u4j49,,,
0.09533333333333333,0.7816666666666667,0.21052631578947367,0.107,0.0,0.0,2003-12-13T02:00:00Z,ls7,qd9v7z8u4j49,0.10873983739837398,0.7943766937669378,0.09688346883468835
0.0755263157894737,0.8168421052631579,0.0,0.09342105263157893,0.0,0.0,2003-12-21T01:49:53Z,ls5,qd9v7z8u4j49,0.09476775226908701,0.8286171916711159,0.07661505605979714
0.1270967741935484,0.7709677419354837,0.1842105263157895,0.0832258064516129,0.0,0.0,2003-12-29T02:00:08Z,ls7,qd9v7z8u4j49,0.08481262327416175,0.7856673241288625,0.12952005259697572
0.1427586206896552,0.7655172413793103,0.23684210526315785,0.07379310344827586,0.0,0.0,2004-01-14T02:00:09Z,ls7,qd9v7z8u4j49,0.07514044943820225,0.7794943820224719,0.14536516853932588
0.12342105263157893,0.7747368421052631,0.0,0.085,0.0,0.0,2004-01-22T01:50:03Z,ls5,qd9v7z8u4j49,0.08645610278372592,0.7880085653104925,0.1255353319057816
0.20842105263157892,0.6713157894736842,0.0,0.10473684210526314,0.0,0.0,2004-02-07T01:50:08Z,ls5,qd9v7z8u4j49,0.10638866613205024,0.681903234429297,0.21170809943865276
0.24114285714285713,0.6311428571428571,0.07894736842105265,0.11142857142857143,0.0,0.0,2004-02-15T02:00:21Z,ls7,qd9v7z8u4j49,0.11327330816148709,0.6415916352018589,0.24513505663665408
0.25184210526315787,0.6326315789473684,0.0,0.10105263157894737,0.0,0.0,2004-02-23T01:50:13Z,ls5,qd9v7z8u4j49,0.10253671562082776,0.6419225634178906,0.25554072096128166
0.2757142857142857,0.6021428571428572,0.26315789473684215,0.10642857142857143,0.0,0.0,2004-03-02T02:00:23Z,ls7,qd9v7z8u4j49,0.1081277213352685,0.611756168359942,0.2801161103047895
0.3221052631578947,0.5613157894736842,0.0,0.09973684210526317,0.0,0.0,2004-03-10T01:50:18Z,ls5,qd9v7z8u4j49,0.1014453961456103,0.57093147751606,0.32762312633832974
0.3325,0.5482142857142859,0.26315789473684215,0.10285714285714284,0.0,0.0,2004-03-18T02:00:30Z,ls7,qd9v7z8u4j49,0.10457516339869277,0.557371096586783,0.33805374001452426
0.31052631578947365,0.5855263157894736,0.0,0.08684210526315789,0.0,0.0,2004-03-26T01:50:20Z,ls5,qd9v7z8u4j49,0.08835341365461848,0.5957161981258366,0.31593038821954483
0.340625,0.5634375000000001,0.1578947368421053,0.07749999999999999,0.0,0.0,2004-04-03T02:00:30Z,ls7,qd9v7z8u4j49,0.07895574657752306,0.574021012416428,0.347023241006049
0.23605263157894743,0.6652631578947369,0.0,0.08236842105263156,0.0,0.0,2004-04-11T01:50:47Z,ls5,qd9v7z8u4j49,0.08373461744248259,0.6762974852862493,0.2399678972712681
,,1.0,,,,2004-04-27T01:51:15Z,ls5,qd9v7z8u4j49,,,
0.34206896551724136,0.5706896551724138,0.23684210526315785,0.07344827586206898,0.0,0.0,2004-05-05T02:00:25Z,ls7,qd9v7z8u4j49,0.0744755244755245,0.5786713286713286,0.34685314685314683
0.2694736842105263,0.5931578947368421,0.0,0.12184210526315792,0.0,0.0,2004-05-13T01:51:43Z,ls5,qd9v7z8u4j49,0.12376369954557606,0.6025126971398022,0.27372360331462176
0.10423076923076925,0.34884615384615386,0.3157894736842105,0.45846153846153836,0.038461538461538464,0.038461538461538464,2004-05-21T02:00:25Z,ls7,qd9v7z8u4j49,0.4642648490749756,0.3532619279454723,0.1055501460564752
0.11447368421052632,0.1665789473684211,0.0,0.7039473684210525,0.0,0.0,2004-05-29T01:52:10Z,ls5,qd9v7z8u4j49,0.7146673791076676,0.16911568260753412,0.11621693828479832
0.021428571428571432,0.11285714285714288,0.26315789473684215,0.8489285714285714,0.0,0.0,2004-06-06T02:00:20Z,ls7,qd9v7z8u4j49,0.8634217217580821,0.11478387213948422,0.021794406102433713
0.03315789473684211,0.11894736842105265,0.0,0.833421052631579,0.0,0.0,2004-06-14T01:52:39Z,ls5,qd9v7z8u4j49,0.8456608811748998,0.12069425901201603,0.03364485981308411
0.04216216216216216,0.07675675675675676,0.02631578947368418,0.8664864864864865,0.0,0.0,2004-06-30T01:53:08Z,ls5,qd9v7z8u4j49,0.8793198025233132,0.07789358200767965,0.04278661546900713
,,1.0,,,,2004-07-08T02:00:14Z,ls7,qd9v7z8u4j49,,,
0.0368421052631579,0.13499999999999998,0.0,0.8107894736842106,0.0,0.0,2004-07-16T01:53:34Z,ls5,qd9v7z8u4j49,0.825120514193894,0.13738618103910014,0.037493304767005894
0.03900000000000001,0.09866666666666665,0.21052631578947367,0.8133333333333334,0.0,0.03333333333333333,2004-07-24T02:00:09Z,ls7,qd9v7z8u4j49,0.826732094870896,0.10029209019745296,0.03964248159831756
,,1.0,,,,2004-08-01T01:53:55Z,ls5,qd9v7z8u4j49,,,
0.05642857142857143,0.11035714285714285,0.26315789473684215,0.8146428571428571,0.0,0.0,2004-08-09T02:00:02Z,ls7,qd9v7z8u4j49,0.8300582241630278,0.11244541484716157,0.05749636098981078
0.01368421052631579,0.13026315789473686,0.0,0.5789473684210527,0.0,0.2631578947368421,2004-08-17T01:54:17Z,ls5,qd9v7z8u4j49,0.5901174487000174,0.1327764259575039,0.013948230605636774
0.0004166666666666667,0.00875,0.368421052631579,0.07333333333333333,0.0,0.9166666666666666,2004-08-25T02:00:01Z,ls7,qd9v7z8u4j49,0.0740740740740741,0.008838383838383843,0.0004208754208754211
0.00631578947368421,0.12000000000000001,0.0,0.5981578947368421,0.0,0.2631578947368421,2004-09-02T01:54:43Z,ls5,qd9v7z8u4j49,0.6083698166593382,0.1220486741736288,0.006423614430190989
0.03333333333333333,0.14185185185185187,0.2894736842105263,0.6629629629629629,0.0,0.14814814814814814,2004-09-10T01:59:55Z,ls7,qd9v7z8u4j49,0.6738023927595292,0.14417112649547473,0.033878332596847846
0.09216216216216216,0.11243243243243244,0.02631578947368418,0.6183783783783784,0.0,0.16216216216216217,2004-09-18T01:55:08Z,ls5,qd9v7z8u4j49,0.6295477743753606,0.11446323170461103,0.09382683175786624
0.0125,0.27625,0.7894736842105263,0.7075,0.0,0.0,2004-09-26T01:59:50Z,ls7,qd9v7z8u4j49,0.7101631116687579,0.27728983688833125,0.012547051442910916
0.08894736842105264,0.23894736842105263,0.0,0.6555263157894737,0.0,0.0,2004-10-04T01:55:29Z,ls5,qd9v7z8u4j49,0.6665774685576666,0.24297564891624296,0.09044688252609046
0.09263157894736843,0.4407894736842105,0.0,0.45394736842105265,0.0,0.0,2004-10-20T01:55:50Z,ls5,qd9v7z8u4j49,0.45975479744136466,0.4464285714285714,0.09381663113006397
0.12,0.5913793103448275,0.23684210526315785,0.27586206896551724,0.0,0.0,2004-10-28T02:00:03Z,ls7,qd9v7z8u4j49,0.2794271742927,0.5990220048899755,0.12155082081732449
,,1.0,,,,2004-11-05T01:56:09Z,ls5,qd9v7z8u4j49,,,
0.20964285714285716,0.589642857142857,0.26315789473684215,0.19107142857142856,0.0,0.0,2004-11-13T02:00:10Z,ls7,qd9v7z8u4j49,0.19293184276956366,0.5953840605842048,0.21168409664623156
0.21263157894736848,0.6405263157894736,0.0,0.13473684210526315,0.0,0.0,2004-11-21T01:56:23Z,ls5,qd9v7z8u4j49,0.13638785295684602,0.6483750665956313,0.2152370804475227
,,1.0,,,,2004-11-29T02:00:20Z,ls7,qd9v7z8u4j49,,,
0.2157894736842105,0.6947368421052633,0.0,0.07578947368421052,0.0,0.0,2004-12-07T01:56:46Z,ls5,qd9v7z8u4j49,0.07684098185699037,0.704375667022412,0.2187833511205976
0.17193548387096777,0.7458064516129033,0.1842105263157895,0.0696774193548387,0.0,0.0,2004-12-15T02:00:26Z,ls7,qd9v7z8u4j49,0.07056517477948382,0.7553087226396602,0.17412610258085592
0.18263157894736842,0.7471052631578947,0.0,0.05605263157894737,0.0,0.0,2004-12-23T01:57:03Z,ls5,qd9v7z8u4j49,0.056860651361452214,0.7578750667378537,0.18526428190069408
0.21032258064516132,0.7287096774193551,0.1842105263157895,0.04741935483870968,0.0,0.0,2004-12-31T02:00:35Z,ls7,qd9v7z8u4j49,0.04807063440156965,0.7387181164159583,0.2132112491824722
0.19763157894736844,0.730263157894737,0.0,0.05710526315789472,0.0,0.0,2005-01-08T01:57:15Z,ls5,qd9v7z8u4j49,0.05797488645471545,0.741383916644403,0.20064119690088164
0.27516129032258063,0.6274193548387098,0.1842105263157895,0.08258064516129031,0.0,0.0,2005-01-16T02:00:38Z,ls7,qd9v7z8u4j49,0.08382449246889323,0.6368696791093649,0.27930582842174195
0.22947368421052633,0.6739473684210526,0.0,0.08078947368421052,0.0,0.0,2005-01-24T01:57:28Z,ls5,qd9v7z8u4j49,0.08208556149732621,0.6847593582887701,0.23315508021390377
0.23258064516129034,0.6767741935483871,0.1842105263157895,0.0764516129032258,0.0,0.0,2005-02-01T02:00:42Z,ls7,qd9v7z8u4j49,0.0775523560209424,0.6865183246073298,0.23592931937172776
0.258421052631579,0.6578947368421053,0.0,0.06710526315789474,0.0,0.0,2005-02-09T01:57:41Z,ls5,qd9v7z8u4j49,0.06823655338506823,0.668985817500669,0.2627776291142628
,,1.0,,,,2005-02-17T02:00:51Z,ls7,qd9v7z8u4j49,,,
,,1.0,,,,2005-02-25T01:57:58Z,ls5,qd9v7z8u4j49,,,
,,1.0,,,,2005-03-13T01:58:10Z,ls5,qd9v7z8u4j49,,,
0.273939393939394,0.6375757575757576,0.13157894736842102,0.07212121212121209,0.0,0.0,2005-03-21T02:00:56Z,ls7,qd9v7z8u4j49,0.07332101047443003,0.6481823783117683,0.27849661121380165
0.25894736842105265,0.6707894736842104,0.0,0.05447368421052631,0.0,0.0,2005-03-29T01:58:17Z,ls5,qd9v7z8u4j49,0.055347593582887704,0.6815508021390373,0.2631016042780749
0.2743333333333334,0.6043333333333332,0.21052631578947367,0.10766666666666667,0.0,0.0,2005-04-06T02:00:52Z,ls7,qd9v7z8u4j49,0.10915849949307199,0.6127069956066237,0.2781345049003042
0.26263157894736844,0.6263157894736843,0.0,0.09526315789473684,0.0,0.0,2005-04-14T01:58:21Z,ls5,qd9v7z8u4j49,0.09679144385026738,0.6363636363636364,0.26684491978609626
0.2603571428571429,0.6064285714285713,0.26315789473684215,0.11892857142857143,0.0,0.0,2005-04-22T02:00:46Z,ls7,qd9v7z8u4j49,0.12065217391304349,0.6152173913043478,0.2641304347826088
0.155,0.3828125,0.1578947368421053,0.44875,0.0,0.0,2005-05-08T02:00:51Z,ls7,qd9v7z8u4j49,0.4548622109597719,0.38802660753880264,0.1571111815014254
0.10041666666666667,0.02291666666666667,0.368421052631579,0.45416666666666666,0.0,0.4166666666666667,2005-05-24T02:00:50Z,ls7,qd9v7z8u4j49,0.45875420875420864,0.023148148148148147,0.10143097643097643
,,1.0,,,,2005-06-01T01:58:41Z,ls5,qd9v7z8u4j49,,,
0.0,0.0,0.26315789473684215,0.0,0.0,1.0,2005-06-17T01:58:48Z,ls5,qd9v7z8u4j49,0.0,0.0,0.0
0.018125000000000002,0.155,0.1578947368421053,0.56875,0.0,0.25,2005-06-25T02:00:39Z,ls7,qd9v7z8u4j49,0.5749789385004211,0.15669755686604886,0.018323504633529906
0.3726086956521739,0.10956521739130433,0.39473684210526316,0.5108695652173914,0.0,0.0,2005-07-03T01:58:51Z,ls5,qd9v7z8u4j49,0.5144483362521892,0.11033274956217161,0.37521891418563924
0.05633333333333334,0.18633333333333335,0.21052631578947367,0.7396666666666667,0.0,0.0,2005-07-11T02:00:40Z,ls7,qd9v7z8u4j49,0.7529691211401425,0.18968442483881914,0.05734645402103835
0.06710526315789474,0.1418421052631579,0.0,0.7744736842105263,0.0,0.0,2005-07-19T01:59:02Z,ls5,qd9v7z8u4j49,0.7875301043617875,0.14423334225314424,0.06823655338506823
0.025,0.11178571428571428,0.26315789473684215,0.8467857142857144,0.0,0.0,2005-07-27T02:00:39Z,ls7,qd9v7z8u4j49,0.8609295570079883,0.11365286855482933,0.02541757443718228
0.06342105263157895,0.13736842105263158,0.0,0.7826315789473683,0.0,0.0,2005-08-04T01:59:11Z,ls5,qd9v7z8u4j49,0.7958255284987958,0.1396842386941397,0.0644902328070645
,,1.0,,,,2005-08-12T02:00:35Z,ls7,qd9v7z8u4j49,,,
0.03157894736842106,0.13815789473684212,0.0,0.6578947368421052,0.0,0.15789473684210525,2005-08-20T01:59:17Z,ls5,qd9v7z8u4j49,0.6694000502050037,0.1405740105430508,0.03213120240984019
,,1.0,,,,2005-08-28T02:00:28Z,ls7,qd9v7z8u4j49,,,
0.08763157894736842,0.14105263157894737,0.0,0.6781578947368422,0.0,0.07894736842105263,2005-09-05T01:59:21Z,ls5,qd9v7z8u4j49,0.6887848611662644,0.14326297461587803,0.08900479579680483
0.22605263157894742,0.12842105263157894,0.0,0.6318421052631579,0.0,0.0,2005-10-07T01:59:18Z,ls5,qd9v7z8u4j49,0.6406083244397012,0.13020277481323372,0.22918890074706516
0.1564516129032258,0.29258064516129034,0.1842105263157895,0.535483870967742,0.0,0.0,2005-10-15T02:00:21Z,ls7,qd9v7z8u4j49,0.5439056356487549,0.29718217562254257,0.15891218872870247
0.11078947368421055,0.42289473684210527,0.0,0.4518421052631578,0.0,0.0,2005-10-23T01:59:17Z,ls5,qd9v7z8u4j49,0.4584779706275033,0.4291054739652871,0.11241655540720964
,,1.0,,,,2005-10-31T02:00:34Z,ls7,qd9v7z8u4j49,,,
0.12815789473684214,0.5805263157894736,0.0,0.2786842105263158,0.0,0.0,2005-11-08T01:59:26Z,ls5,qd9v7z8u4j49,0.28224946695095954,0.5879530916844349,0.12979744136460558
0.10727272727272727,0.6884848484848486,0.13157894736842102,0.19333333333333336,0.0,0.0,2005-11-16T02:00:44Z,ls7,qd9v7z8u4j49,0.1954656862745098,0.696078431372549,0.10845588235294115
0.1613157894736842,0.6734210526315789,0.0,0.15210526315789474,0.0,0.0,2005-11-24T01:59:50Z,ls5,qd9v7z8u4j49,0.15413333333333334,0.6824,0.16346666666666665
0.19967741935483868,0.6448387096774194,0.1842105263157895,0.1435483870967742,0.0,0.0,2005-12-02T02:00:50Z,ls7,qd9v7z8u4j49,0.14528240287300034,0.6526281423441072,0.20208945478289256
0.22,0.656774193548387,0.1842105263157895,0.10903225806451614,0.0,0.0,2005-12-18T02:00:52Z,ls7,qd9v7z8u4j49,0.11060209424083772,0.6662303664921466,0.22316753926701574
0.22655172413793107,0.6903448275862066,0.23684210526315785,0.0703448275862069,0.0,0.0,2006-01-19T02:01:09Z,ls7,qd9v7z8u4j49,0.07125392944463851,0.6992665036674817,0.22947956688787996
0.24552631578947368,0.6876315789473683,0.0,0.05342105263157895,0.0,0.0,2006-01-27T02:01:20Z,ls5,qd9v7z8u4j49,0.054147772739397186,0.6969858628967724,0.2488663643638304
0.3103571428571429,0.6185714285714285,0.26315789473684215,0.055,0.0,0.0,2006-02-04T02:01:15Z,ls7,qd9v7z8u4j49,0.0558983666061706,0.6286751361161524,0.31542649727767696
0.2231578947368421,0.695,0.0,0.06657894736842103,0.0,0.0,2006-02-12T02:01:42Z,ls5,qd9v7z8u4j49,0.0676109032602886,0.7057723142704436,0.22661678246926778
0.23518518518518516,0.6848148148148149,0.2894736842105263,0.0662962962962963,0.0,0.0,2006-02-20T02:01:19Z,ls7,qd9v7z8u4j49,0.06721742395794217,0.6943297033420954,0.2384528726999624
0.248421052631579,0.6852631578947368,0.0,0.052105263157894745,0.0,0.0,2006-02-28T02:02:02Z,ls5,qd9v7z8u4j49,0.052856380138814746,0.6951414842498664,0.2520021356113188
0.29600000000000004,0.6283333333333334,0.21052631578947367,0.06066666666666667,0.0,0.0,2006-03-08T02:01:20Z,ls7,qd9v7z8u4j49,0.06159052453468697,0.6379018612521151,0.300507614213198
0.025,0.905,0.9473684210526316,0.055,0.0,0.0,2006-04-09T02:01:17Z,ls7,qd9v7z8u4j49,0.055837563451776644,0.9187817258883249,0.025380710659898477
0.41526315789473683,0.5413157894736842,0.0,0.027894736842105264,0.0,0.0,2006-04-17T02:02:57Z,ls5,qd9v7z8u4j49,0.028334669874365143,0.5498529804865009,0.4218123496391339
,,1.0,,,,2006-04-25T02:01:16Z,ls7,qd9v7z8u4j49,,,
0.38078947368421057,0.5826315789473684,0.0,0.022105263157894735,0.0,0.0,2006-05-03T02:03:12Z,ls5,qd9v7z8u4j49,0.022429906542056073,0.5911882510013351,0.38638184245660884
0.40727272727272734,0.540909090909091,0.13157894736842102,0.03575757575757576,0.0,0.0,2006-05-11T02:01:18Z,ls7,qd9v7z8u4j49,0.036341238065906986,0.5497382198952879,0.4139205420388051
0.37763157894736843,0.5839473684210527,0.0,0.023947368421052634,0.0,0.0,2006-05-19T02:03:24Z,ls5,qd9v7z8u4j49,0.02429906542056075,0.5925233644859813,0.38317757009345793
0.406060606060606,0.5103030303030304,0.13157894736842102,0.06727272727272726,0.0,0.0,2006-05-27T02:01:18Z,ls7,qd9v7z8u4j49,0.06839186691312384,0.5187923598274801,0.4128157732593961
0.3960526315789473,0.5247368421052631,0.0,0.061578947368421046,0.0,0.0,2006-06-04T02:03:39Z,ls5,qd9v7z8u4j49,0.06268416822930618,0.5341548352531476,0.4031609965175462
0.54,0.4029629629629629,0.2894736842105263,0.040740740740740744,0.0,0.0,2006-06-12T02:01:15Z,ls7,qd9v7z8u4j49,0.04141566265060241,0.4096385542168674,0.5489457831325302
,,1.0,,,,2006-06-20T02:03:53Z,ls5,qd9v7z8u4j49,,,
0.49526315789473674,0.43500000000000005,0.0,0.05131578947368422,0.0,0.0,2006-07-06T02:04:08Z,ls5,qd9v7z8u4j49,0.05227882037533513,0.44316353887399473,0.5045576407506701
0.4926315789473685,0.31684210526315787,0.5,0.17526315789473687,0.0,0.0,2006-07-14T02:01:02Z,ls7,qd9v7z8u4j49,0.17797969000534478,0.32175307322287544,0.5002672367717799
0.1718421052631579,0.4423684210526315,0.0,0.3731578947368421,0.0,0.0,2006-07-22T02:04:21Z,ls5,qd9v7z8u4j49,0.3779317697228145,0.44802771855010654,0.1740405117270789
0.15535714285714283,0.2842857142857143,0.26315789473684215,0.5482142857142858,0.0,0.0,2006-07-30T02:00:56Z,ls7,qd9v7z8u4j49,0.5549530007230659,0.28778018799710775,0.15726681127982645
0.16950000000000004,0.09999999999999999,0.4736842105263158,0.717,0.0,0.0,2006-08-23T02:04:45Z,ls5,qd9v7z8u4j49,0.7268119614799797,0.10136847440446022,0.17181956411556012
0.021666666666666667,0.03777777777777778,0.5263157894736843,0.05,0.0,0.8888888888888888,2006-09-16T02:00:46Z,ls7,qd9v7z8u4j49,0.050761421319796975,0.038353073886068824,0.021996615905245355
0.10526315789473684,0.2726315789473684,0.0,0.6089473684210527,0.0,0.0,2006-09-24T02:05:09Z,ls5,qd9v7z8u4j49,0.6170666666666668,0.27626666666666666,0.10666666666666666
0.10344827586206896,0.3893103448275863,0.23684210526315785,0.49344827586206896,0.0,0.0,2006-10-02T02:00:39Z,ls7,qd9v7z8u4j49,0.5003496503496503,0.3947552447552448,0.10489510489510488
0.1318421052631579,0.4818421052631578,0.0,0.37236842105263157,0.0,0.0,2006-10-10T02:05:19Z,ls5,qd9v7z8u4j49,0.3776354416866827,0.48865759274085935,0.133706965572458
0.15642857142857144,0.5396428571428571,0.26315789473684215,0.29035714285714287,0.0,0.0,2006-10-18T02:00:46Z,ls7,qd9v7z8u4j49,0.2943519188993483,0.5470673425054308,0.15858073859522087
0.13157894736842105,0.6039473684210527,0.0,0.25394736842105264,0.0,0.0,2006-10-26T02:05:29Z,ls5,qd9v7z8u4j49,0.2566489361702128,0.610372340425532,0.13297872340425532
0.14657142857142857,0.6271428571428571,0.07894736842105265,0.214,0.0,0.0,2006-11-03T02:01:01Z,ls7,qd9v7z8u4j49,0.21666184553080706,0.6349435927104425,0.14839456175875038
,,1.0,,,,2006-11-11T02:05:37Z,ls5,qd9v7z8u4j49,,,
0.18558823529411764,0.6641176470588236,0.10526315789473684,0.13764705882352943,0.0,0.0,2006-11-19T02:01:13Z,ls7,qd9v7z8u4j49,0.13941018766756033,0.6726243669943403,0.18796544533809947
0.24394736842105258,0.643421052631579,0.0,0.0976315789473684,0.0,0.0,2006-11-27T02:05:46Z,ls5,qd9v7z8u4j49,0.09911835426128772,0.6532193427731766,0.24766230296553562
0.2775,0.6168750000000002,0.1578947368421053,0.090625,0.0,0.0,2006-12-05T02:01:21Z,ls7,qd9v7z8u4j49,0.09200507614213196,0.6262690355329951,0.2817258883248731
0.2989473684210527,0.6286842105263158,0.0,0.057894736842105256,0.0,0.0,2006-12-13T02:05:54Z,ls5,qd9v7z8u4j49,0.05874499332443256,0.6379172229639519,0.3033377837116155
,,1.0,,,,2006-12-21T02:01:26Z,ls7,qd9v7z8u4j49,,,
0.36263157894736836,0.6097368421052632,0.0,0.014210526315789472,0.0,0.0,2006-12-29T02:06:01Z,ls5,qd9v7z8u4j49,0.014403841024273138,0.6180314750600161,0.3675646839157108
0.38000000000000006,0.5707407407407407,0.2894736842105263,0.034444444444444444,0.0,0.0,2007-01-06T02:01:27Z,ls7,qd9v7z8u4j49,0.0349624060150376,0.5793233082706766,0.3857142857142858
0.39921052631578946,0.5805263157894736,0.0,0.007631578947368421,0.0,0.0,2007-01-14T02:06:07Z,ls5,qd9v7z8u4j49,0.007729211087420043,0.5879530916844349,0.40431769722814503
0.4100000000000001,0.5628124999999999,0.1578947368421053,0.015,0.0,0.0,2007-01-22T02:01:30Z,ls7,qd9v7z8u4j49,0.01518506801645049,0.5697564062005693,0.4150585257829802
0.3665789473684211,0.606842105263158,0.0,0.010526315789473684,0.0,0.0,2007-01-30T02:06:11Z,ls5,qd9v7z8u4j49,0.010698047606311847,0.616742444503878,0.3725595078898101
0.3972413793103448,0.5851724137931034,0.23684210526315785,0.005517241379310345,0.0,0.0,2007-02-07T02:01:37Z,ls7,qd9v7z8u4j49,0.005584642233856895,0.5923211169284467,0.40209424083769635
0.4052631578947368,0.5647368421052633,0.0,0.016315789473684214,0.0,0.0,2007-02-15T02:06:13Z,ls5,qd9v7z8u4j49,0.016542155816435436,0.5725720384204911,0.4108858057630736
0.41250000000000003,0.5399999999999999,0.26315789473684215,0.03142857142857143,0.0,0.0,2007-02-23T02:01:42Z,ls7,qd9v7z8u4j49,0.031941923774954625,0.5488203266787658,0.4192377495462795
0.4044736842105263,0.5557894736842105,0.0,0.022368421052631576,0.0,0.0,2007-03-03T02:06:12Z,ls5,qd9v7z8u4j49,0.022763792179967858,0.5656132833422602,0.4116229244777718
0.4821875,0.46968750000000004,0.1578947368421053,0.0321875,0.0,0.0,2007-03-11T02:01:45Z,ls7,qd9v7z8u4j49,0.032708796443315334,0.47729437916798984,0.4899968243886948
0.5844736842105263,0.39499999999999996,0.0,0.006578947368421052,0.0,0.0,2007-03-19T02:06:09Z,ls5,qd9v7z8u4j49,0.006672004270082733,0.40058713637576726,0.59274085935415
0.489,0.4636666666666666,0.21052631578947367,0.03133333333333334,0.0,0.0,2007-03-27T02:01:46Z,ls7,qd9v7z8u4j49,0.03184281842818429,0.47120596205962056,0.4969512195121951
,,1.0,,,,2007-04-04T02:06:06Z,ls5,qd9v7z8u4j49,,,
0.4755172413793104,0.4641379310344828,0.23684210526315785,0.04310344827586207,0.0,0.0,2007-04-12T02:01:45Z,ls7,qd9v7z8u4j49,0.043859649122807015,0.47228070175438597,0.48385964912280705
0.46815789473684216,0.5015789473684211,0.0,0.015789473684210527,0.0,0.0,2007-04-20T02:06:00Z,ls5,qd9v7z8u4j49,0.016021361815754337,0.5089452603471295,0.47503337783711613
0.48333333333333334,0.4826666666666667,0.21052631578947367,0.019666666666666666,0.0,0.0,2007-04-28T02:01:42Z,ls7,qd9v7z8u4j49,0.019952654717619207,0.4896854920527562,0.4903618532296246
0.40125,0.484375,0.1578947368421053,0.09781249999999998,0.0,0.0,2007-05-14T02:01:37Z,ls7,qd9v7z8u4j49,0.0994598029869717,0.49253257070225615,0.4080076263107722
0.41526315789473683,0.5284210526315791,0.0,0.03815789473684211,0.0,0.0,2007-05-22T02:05:41Z,ls5,qd9v7z8u4j49,0.038863575448941305,0.53819351380327,0.4229429107477887
0.3316129032258065,0.5225806451612903,0.1842105263157895,0.13129032258064513,0.0,0.0,2007-05-30T02:01:29Z,ls7,qd9v7z8u4j49,0.13322422258592467,0.530278232405892,0.33649754500818335
0.26354838709677425,0.5561290322580645,0.1842105263157895,0.1667741935483871,0.0,0.0,2007-06-15T02:01:30Z,ls7,qd9v7z8u4j49,0.16906474820143882,0.5637671680837149,0.26716808371484635
0.0,0.0,0.9210526315789473,0.0,0.0,1.0,2007-06-23T02:05:08Z,ls5,qd9v7z8u4j49,0.0,0.0,0.0
,,1.0,,,,2007-07-01T02:01:29Z,ls7,qd9v7z8u4j49,,,
0.38894736842105254,0.38605263157894737,0.0,0.20789473684210524,0.0,0.0,2007-07-09T02:04:57Z,ls5,qd9v7z8u4j49,0.21151271753681394,0.3927710843373495,0.3957161981258367
0.40892857142857136,0.1957142857142857,0.26315789473684215,0.3821428571428571,0.0,0.0,2007-07-17T02:01:26Z,ls7,qd9v7z8u4j49,0.3872602243937749,0.19833514296055013,0.41440463264567495
,,1.0,,,,2007-07-25T02:04:49Z,ls5,qd9v7z8u4j49,,,
0.03838709677419355,0.2067741935483871,0.1842105263157895,0.7399999999999998,0.0,0.0,2007-08-02T02:01:21Z,ls7,qd9v7z8u4j49,0.7511460379829731,0.20988867059593982,0.038965291421087116
0.33999999999999997,0.015,0.9473684210526316,0.645,0.0,0.0,2007-08-10T02:04:40Z,ls5,qd9v7z8u4j49,0.645,0.015,0.33999999999999997
0.134,0.06866666666666665,0.21052631578947367,0.781,0.0,0.0,2007-08-18T02:01:15Z,ls7,qd9v7z8u4j49,0.7939681463910538,0.0698068451372416,0.13622500847170452
0.1942857142857143,0.030714285714285715,0.631578947368421,0.6935714285714286,0.0,0.07142857142857142,2007-08-26T02:04:30Z,ls5,qd9v7z8u4j49,0.7011219728949123,0.03104865585425461,0.19640079982226175
,,1.0,,,,2007-09-02T02:10:36Z,ls5,qd9v7z8u4j49,,,
0.09357142857142856,0.12714285714285714,0.26315789473684215,0.7635714285714287,0.0,0.0,2007-09-03T02:01:08Z,ls7,qd9v7z8u4j49,0.7757619738751815,0.12917271407837444,0.0950653120464441
0.06689655172413794,0.04758620689655172,0.23684210526315785,0.22551724137931034,0.0,0.6551724137931034,2007-09-11T02:04:22Z,ls5,qd9v7z8u4j49,0.22871931174372245,0.04826187312023501,0.06784640134293908
0.13499999999999998,0.10678571428571428,0.26315789473684215,0.6042857142857143,0.0,0.14285714285714285,2007-09-19T02:01:02Z,ls7,qd9v7z8u4j49,0.6121932099137672,0.10818307905686547,0.13676656817222457
0.09827586206896552,0.31517241379310346,0.23684210526315785,0.5737931034482757,0.0,0.0,2007-10-05T02:00:53Z,ls7,qd9v7z8u4j49,0.5812085225288158,0.31924554662940974,0.09954593084177438
0.13709677419354838,0.44290322580645164,0.1842105263157895,0.40580645161290324,0.0,0.0,2007-10-21T02:01:06Z,ls7,qd9v7z8u4j49,0.41164921465968585,0.4492801047120419,0.13907068062827224
0.195,0.5571875,0.1578947368421053,0.233125,0.0,0.0,2007-11-06T02:01:16Z,ls7,qd9v7z8u4j49,0.23660006343165238,0.5654931810973675,0.19790675547098002
,,1.0,,,,2007-11-22T02:01:25Z,ls7,qd9v7z8u4j49,,,
0.26176470588235295,0.6032352941176472,0.10526315789473684,0.12029411764705882,0.0,0.0,2007-12-08T02:01:31Z,ls7,qd9v7z8u4j49,0.12208955223880595,0.6122388059701493,0.2656716417910448
0.31606060606060604,0.5787878787878789,0.13157894736842102,0.0903030303030303,0.0,0.0,2007-12-24T02:01:34Z,ls7,qd9v7z8u4j49,0.09166410335281451,0.5875115349123347,0.3208243617348508
0.29000000000000004,0.5964705882352941,0.10526315789473684,0.1002941176470588,0.0,0.0,2008-01-09T02:01:36Z,ls7,qd9v7z8u4j49,0.10163934426229507,0.6044709388971684,0.29388971684053655
0.26,0.6447368421052633,0.0,0.07973684210526315,0.0,0.0,2008-01-17T02:02:20Z,ls5,qd9v7z8u4j49,0.08099438652766638,0.6549051055867415,0.2641005078855921
,,1.0,,,,2008-01-24T02:08:22Z,ls5,qd9v7z8u4j49,,,
0.3006451612903226,0.5893548387096774,0.1842105263157895,0.09516129032258064,0.0,0.0,2008-01-25T02:01:35Z,ls7,qd9v7z8u4j49,0.0965946299934512,0.5982318271119842,0.3051735428945645
0.30289473684210527,0.5986842105263157,0.0,0.08394736842105262,0.0,0.0,2008-02-02T02:02:03Z,ls5,qd9v7z8u4j49,0.08518024032042723,0.6074766355140186,0.3073431241655541
,,1.0,,,,2008-02-09T02:08:07Z,ls5,qd9v7z8u4j49,,,
0.29321428571428576,0.5771428571428572,0.26315789473684215,0.11535714285714287,0.0,0.0,2008-02-10T02:01:32Z,ls7,qd9v7z8u4j49,0.11702898550724639,0.5855072463768116,0.29746376811594205
0.26842105263157895,0.6031578947368421,0.0,0.1126315789473684,0.0,0.0,2008-02-18T02:01:46Z,ls5,qd9v7z8u4j49,0.11443850267379678,0.6128342245989306,0.27272727272727276
0.197,0.693,0.736842105263158,0.099,0.0,0.0,2008-02-26T02:01:28Z,ls7,qd9v7z8u4j49,0.1001011122345804,0.7007077856420627,0.19919110212335697
0.4156521739130436,0.4899999999999999,0.39473684210526316,0.07826086956521741,0.0,0.0,2008-03-13T02:01:22Z,ls7,qd9v7z8u4j49,0.07954043305346888,0.49801148917366317,0.422448077772868
0.3283333333333333,0.5666666666666668,0.8421052631578947,0.09000000000000001,0.0,0.0,2008-03-29T02:01:23Z,ls7,qd9v7z8u4j49,0.09137055837563451,0.5752961082910322,0.33333333333333326
0.4441379310344827,0.4693103448275861,0.23684210526315785,0.07103448275862069,0.0,0.0,2008-04-14T02:01:22Z,ls7,qd9v7z8u4j49,0.07215411558669003,0.476707530647986,0.451138353765324
0.425,0.43600000000000005,0.736842105263158,0.119,0.0,0.0,2008-04-30T02:01:19Z,ls7,qd9v7z8u4j49,0.12142857142857143,0.44489795918367353,0.4336734693877551
0.5118181818181818,0.4203030303030304,0.13157894736842102,0.05,0.0,0.0,2008-05-16T02:01:14Z,ls7,qd9v7z8u4j49,0.050910212897253934,0.42795433508176495,0.5211354520209812
0.19965517241379313,0.6358620689655173,0.23684210526315785,0.15482758620689657,0.0,0.0,2008-06-01T02:01:06Z,ls7,qd9v7z8u4j49,0.15633704735376044,0.6420612813370474,0.2016016713091922
0.1909090909090909,0.48454545454545456,0.7105263157894737,0.30909090909090914,0.0,0.0,2008-06-17T02:00:57Z,ls7,qd9v7z8u4j49,0.3139427516158818,0.4921514312096029,0.19390581717451522
0.06741935483870967,0.2525806451612903,0.1842105263157895,0.6661290322580646,0.0,0.0,2008-07-03T02:00:47Z,ls7,qd9v7z8u4j49,0.6754988550866864,0.25613346418056915,0.0683676807327445
0.11607142857142858,0.1789285714285714,0.26315789473684215,0.6892857142857143,0.0,0.0,2008-07-19T02:00:35Z,ls7,qd9v7z8u4j49,0.7002902757619739,0.18178519593613932,0.1179245283018868
0.061379310344827596,0.10862068965517242,0.23684210526315785,0.8131034482758621,0.0,0.0,2008-08-04T02:00:28Z,ls7,qd9v7z8u4j49,0.8270782181690635,0.11048754822869168,0.06243423360224483
0.06857142857142857,0.21457142857142858,0.07894736842105265,0.6982857142857143,0.0,0.0,2008-08-20T02:00:22Z,ls7,qd9v7z8u4j49,0.7114992721979622,0.21863173216885007,0.06986899563318778
0.06166666666666667,0.23033333333333333,0.21052631578947367,0.6903333333333334,0.0,0.0,2008-09-05T02:00:14Z,ls7,qd9v7z8u4j49,0.7027485578554462,0.2344757380386834,0.06277570410587037
0.1014705882352941,0.37558823529411756,0.10526315789473684,0.5097058823529411,0.0,0.0,2008-10-07T01:59:55Z,ls7,qd9v7z8u4j49,0.5165424739195231,0.3806259314456035,0.10283159463487333
0.20078947368421052,0.41815789473684206,0.0,0.36815789473684213,0.0,0.0,2008-10-15T01:55:20Z,ls5,qd9v7z8u4j49,0.37296720874433487,0.4236203679018928,0.20341242335377233
,,1.0,,,,2008-10-23T02:00:03Z,ls7,qd9v7z8u4j49,,,
0.1586842105263158,0.6373684210526317,0.0,0.19131578947368422,0.0,0.0,2008-10-31T01:54:47Z,ls5,qd9v7z8u4j49,0.19376332622601278,0.6455223880597015,0.1607142857142857
0.17290322580645165,0.646451612903226,0.1842105263157895,0.1693548387096774,0.0,0.0,2008-11-08T02:00:18Z,ls7,qd9v7z8u4j49,0.1712887438825448,0.6538336052202284,0.17487765089722676
0.2016666666666667,0.6475000000000001,0.6842105263157895,0.14083333333333334,0.0,0.0,2008-11-16T01:54:32Z,ls5,qd9v7z8u4j49,0.14225589225589225,0.6540404040404041,0.2037037037037037
0.02,0.8346428571428568,0.26315789473684215,0.10107142857142855,0.0,0.03571428571428571,2008-11-24T02:00:30Z,ls7,qd9v7z8u4j49,0.10197789878283152,0.8421284433055732,0.020179372197309423
0.1466666666666667,0.7458333333333335,0.6842105263157895,0.09500000000000003,0.0,0.0,2008-12-02T01:55:04Z,ls5,qd9v7z8u4j49,0.09620253164556962,0.7552742616033754,0.14852320675105485
0.022916666666666665,0.80375,0.368421052631579,0.1625,0.0,0.0,2008-12-10T02:00:41Z,ls7,qd9v7z8u4j49,0.16427969671440606,0.8125526537489469,0.023167649536647007
0.1910526315789474,0.6939473684210526,0.0,0.10210526315789473,0.0,0.0,2008-12-18T01:55:33Z,ls5,qd9v7z8u4j49,0.10343908291122367,0.7030125299920021,0.19354838709677422
0.175,0.7262500000000001,0.1578947368421053,0.08531249999999999,0.0,0.0,2008-12-26T02:00:49Z,ls7,qd9v7z8u4j49,0.08647450110864743,0.7361419068736142,0.17738359201773835
0.16315789473684206,0.7586842105263158,0.0,0.06499999999999997,0.0,0.0,2009-01-03T01:55:59Z,ls5,qd9v7z8u4j49,0.06586666666666664,0.7688,0.1653333333333333
0.23034482758620686,0.6993103448275865,0.23684210526315785,0.05689655172413794,0.0,0.0,2009-01-11T02:00:55Z,ls7,qd9v7z8u4j49,0.057672142607479895,0.7088430618664803,0.23348479552603973
0.253125,0.6809375000000001,0.1578947368421053,0.05125000000000001,0.0,0.0,2009-02-12T02:01:07Z,ls7,qd9v7z8u4j49,0.05201395496352681,0.6910878528385666,0.2568981921979067
0.2028947368421053,0.7355263157894737,0.0,0.04736842105263159,0.0,0.0,2009-02-20T01:57:14Z,ls5,qd9v7z8u4j49,0.048051254671649765,0.7461292044847838,0.2058195408435665
,,1.0,,,,2009-02-28T02:01:16Z,ls7,qd9v7z8u4j49,,,
0.2627586206896552,0.6475862068965518,0.23684210526315785,0.07310344827586207,0.0,0.0,2009-03-16T02:01:24Z,ls7,qd9v7z8u4j49,0.07433380084151472,0.6584852734922861,0.26718092566619916
0.31700000000000006,0.603,0.736842105263158,0.06,0.0,0.0,2009-03-24T01:57:59Z,ls5,qd9v7z8u4j49,0.06122448979591836,0.6153061224489795,0.3234693877551021
0.2826666666666667,0.6066666666666667,0.21052631578947367,0.095,0.0,0.0,2009-04-01T02:01:30Z,ls7,qd9v7z8u4j49,0.09651202167287505,0.6163223840162547,0.28716559431087035
0.5684375,0.3865625,0.1578947368421053,0.029375,0.0,0.0,2009-04-17T02:01:35Z,ls7,qd9v7z8u4j49,0.02984126984126984,0.39269841269841266,0.5774603174603175
0.6355263157894736,0.3265789473684211,0.0,0.024473684210526314,0.0,0.0,2009-04-25T01:58:37Z,ls5,qd9v7z8u4j49,0.024806615097359295,0.33102160576153644,0.6441717791411042
0.6708571428571428,0.29400000000000004,0.07894736842105265,0.021714285714285714,0.0,0.0,2009-05-03T02:01:39Z,ls7,qd9v7z8u4j49,0.022009846510280914,0.29800173761946136,0.6799884158702577
0.7107894736842105,0.2578947368421052,0.0,0.018157894736842106,0.0,0.0,2009-05-11T01:58:55Z,ls5,qd9v7z8u4j49,0.018400000000000003,0.2613333333333333,0.7202666666666668
0.6583870967741935,0.30516129032258066,0.1842105263157895,0.022903225806451617,0.0,0.0,2009-05-19T02:01:41Z,ls7,qd9v7z8u4j49,0.023217789404839772,0.3093525179856116,0.6674296926095488
,,1.0,,,,2009-06-04T02:01:41Z,ls7,qd9v7z8u4j49,,,
,,1.0,,,,2009-06-20T02:01:39Z,ls7,qd9v7z8u4j49,,,
0.05973684210526316,0.3331578947368421,0.0,0.5931578947368422,0.0,0.0,2009-06-28T01:59:47Z,ls5,qd9v7z8u4j49,0.6015479049906592,0.33787029623698955,0.0605817987723512
0.12631578947368421,0.1213157894736842,0.0,0.7394736842105262,0.0,0.0,2009-07-14T02:00:04Z,ls5,qd9v7z8u4j49,0.7491335643828313,0.1229005598507065,0.12796587576646232
,,1.0,,,,2009-07-22T02:01:32Z,ls7,qd9v7z8u4j49,,,
0.05516129032258066,0.09064516129032259,0.1842105263157895,0.7770967741935485,0.0,0.06451612903225806,2009-08-07T02:01:26Z,ls7,qd9v7z8u4j49,0.7876898445163546,0.09188079963017667,0.05591322682121073
,,1.0,,,,2009-08-15T02:00:33Z,ls5,qd9v7z8u4j49,,,
,,1.0,,,,2009-08-23T02:01:25Z,ls7,qd9v7z8u4j49,,,
0.008157894736842107,0.16289473684210526,0.0,0.4789473684210526,0.0,0.34210526315789475,2009-08-31T02:00:47Z,ls5,qd9v7z8u4j49,0.4847645429362881,0.16487321542723204,0.008256978478585128
0.02724137931034483,0.16724137931034483,0.23684210526315785,0.5206896551724137,0.0,0.27586206896551724,2009-09-08T02:01:24Z,ls7,qd9v7z8u4j49,0.527217105044392,0.1693379443354504,0.02758288165464038
,,1.0,,,,2009-09-16T02:01:00Z,ls5,qd9v7z8u4j49,,,
0.14,0.23478260869565215,0.39473684210526316,0.6095652173913043,0.0,0.0,2009-09-24T02:01:23Z,ls7,qd9v7z8u4j49,0.6192579505300353,0.23851590106007065,0.142226148409894
0.08052631578947368,0.4318421052631578,0.0,0.4721052631578947,0.0,0.0,2009-10-02T02:01:12Z,ls5,qd9v7z8u4j49,0.47955092221331197,0.4386527666399358,0.08179631114675222
0.044,0.5589999999999999,0.736842105263158,0.382,0.0,0.0,2009-10-10T02:01:17Z,ls7,qd9v7z8u4j49,0.38781725888324875,0.5675126903553299,0.04467005076142132
0.10285714285714288,0.6171428571428572,0.4473684210526315,0.2652380952380953,0.0,0.0,2009-10-18T02:01:22Z,ls5,qd9v7z8u4j49,0.2692121797970034,0.626389560173997,0.10439826002899953
0.08815789473684212,0.7528947368421053,0.0,0.14789473684210527,0.0,0.0,2009-11-03T02:01:30Z,ls5,qd9v7z8u4j49,0.14954763171899946,0.7613092070250133,0.08914316125598723
0.06896551724137931,0.7927586206896552,0.23684210526315785,0.12758620689655173,0.0,0.0,2009-11-11T02:01:48Z,ls7,qd9v7z8u4j49,0.12896479609620076,0.8013245033112583,0.06971070059254095
0.0,0.8564285714285714,0.631578947368421,0.1385714285714286,0.0,0.0,2009-11-19T02:01:37Z,ls5,qd9v7z8u4j49,0.13926776740847094,0.8607322325915291,0.0
0.1503225806451613,0.7393548387096774,0.1842105263157895,0.09999999999999999,0.0,0.0,2009-11-27T02:01:59Z,ls7,qd9v7z8u4j49,0.10104302477183831,0.7470664928292047,0.15189048239895697
0.1018421052631579,0.791842105263158,0.0,0.09552631578947368,0.0,0.0,2009-12-05T02:01:46Z,ls5,qd9v7z8u4j49,0.0965682362330407,0.8004788507581805,0.10295291300877893
0.06999999999999999,0.865,0.9473684210526316,0.05,0.0,0.0,2009-12-13T02:02:11Z,ls7,qd9v7z8u4j49,0.05076142131979696,0.8781725888324873,0.07106598984771573
0.18433333333333335,0.736,0.21052631578947367,0.06566666666666668,0.0,0.0,2009-12-29T02:02:29Z,ls7,qd9v7z8u4j49,0.06659905341446926,0.7464503042596349,0.1869506423258959
0.17806451612903226,0.7312903225806452,0.1842105263157895,0.0764516129032258,0.0,0.0,2010-01-14T02:02:44Z,ls7,qd9v7z8u4j49,0.0775523560209424,0.7418193717277487,0.1806282722513089
0.1726315789473684,0.7284210526315789,0.0,0.08657894736842105,0.0,0.0,2010-01-22T02:02:03Z,ls5,qd9v7z8u4j49,0.08766320277111643,0.7375432986943777,0.1747934985345057
0.15620689655172418,0.7448275862068965,0.23684210526315785,0.08310344827586205,0.0,0.0,2010-01-30T02:02:58Z,ls7,qd9v7z8u4j49,0.08444288717589347,0.7568325157673441,0.1587245970567625
0.11062500000000001,0.7881249999999999,0.1578947368421053,0.08625,0.0,0.0,2010-02-15T02:03:09Z,ls7,qd9v7z8u4j49,0.08756345177664974,0.8001269035532994,0.11230964467005079
0.16447368421052636,0.7305263157894738,0.0,0.09184210526315789,0.0,0.0,2010-02-23T02:02:10Z,ls5,qd9v7z8u4j49,0.09306666666666666,0.7402666666666667,0.16666666666666669
0.1674193548387097,0.7129032258064515,0.1842105263157895,0.10580645161290325,0.0,0.0,2010-03-03T02:03:17Z,ls7,qd9v7z8u4j49,0.10729473339875698,0.7229309780830879,0.1697742885181551
,,1.0,,,,2010-03-19T02:03:23Z,ls7,qd9v7z8u4j49,,,
,,1.0,,,,2010-04-04T02:03:27Z,ls7,qd9v7z8u4j49,,,
,,1.0,,,,2010-04-20T02:03:27Z,ls7,qd9v7z8u4j49,,,
0.19729729729729728,0.5594594594594595,0.02631578947368418,0.23189189189189188,0.0,0.0,2010-04-28T02:02:03Z,ls5,qd9v7z8u4j49,0.23455440131219243,0.565882996172772,0.19956260251503552
0.12806451612903227,0.5358064516129033,0.1842105263157895,0.3241935483870968,0.0,0.0,2010-05-06T02:03:24Z,ls7,qd9v7z8u4j49,0.3281096963761019,0.5422788116225923,0.12961149200130592
0.10315789473684209,0.5839473684210527,0.0,0.30078947368421055,0.0,0.0,2010-05-14T02:02:01Z,ls5,qd9v7z8u4j49,0.3044752264251465,0.5911028236547682,0.10442194992008522
0.06258064516129032,0.23612903225806453,0.1842105263157895,0.6870967741935485,0.0,0.0,2010-07-25T02:03:28Z,ls7,qd9v7z8u4j49,0.6969895287958116,0.2395287958115183,0.06348167539267015
0.07500000000000001,0.28733333333333333,0.21052631578947367,0.6233333333333334,0.0,0.0,2010-08-10T02:03:26Z,ls7,qd9v7z8u4j49,0.6323977003719987,0.291511667230301,0.07609063239770038
0.09636363636363636,0.22393939393939394,0.13157894736842102,0.6645454545454546,0.0,0.0,2010-08-26T02:03:30Z,ls7,qd9v7z8u4j49,0.6747692307692308,0.2273846153846154,0.09784615384615385
0.07970588235294118,0.24882352941176467,0.10526315789473684,0.6573529411764706,0.0,0.0,2010-09-11T02:03:32Z,ls7,qd9v7z8u4j49,0.6667661097852029,0.25238663484486873,0.08084725536992841
0.10176470588235294,0.3105882352941176,0.10526315789473684,0.5720588235294117,0.0,0.0,2010-09-27T02:03:31Z,ls7,qd9v7z8u4j49,0.5811174185838064,0.31550642366298176,0.10337615775321184
0.16085714285714284,0.44314285714285717,0.07894736842105265,0.38114285714285717,0.0,0.0,2010-10-13T02:03:36Z,ls7,qd9v7z8u4j49,0.3868909512761021,0.44982598607888635,0.16328306264501158
0.20999999999999996,0.5567741935483871,0.1842105263157895,0.21838709677419355,0.0,0.0,2010-10-29T02:03:45Z,ls7,qd9v7z8u4j49,0.22167648984937788,0.5651604453176162,0.21316306483300587
0.21275862068965518,0.62,0.23684210526315785,0.1548275862068966,0.0,0.0,2010-11-14T02:03:57Z,ls7,qd9v7z8u4j49,0.1567737430167598,0.6277932960893855,0.21543296089385475
0.2566666666666667,0.6033333333333334,0.13157894736842102,0.12484848484848485,0.0,0.0,2010-11-30T02:04:08Z,ls7,qd9v7z8u4j49,0.12676923076923075,0.6126153846153846,0.26061538461538464
0.15657894736842107,0.74,0.0,0.08973684210526316,0.0,0.0,2010-12-08T02:01:02Z,ls5,qd9v7z8u4j49,0.09098185699039488,0.7502668089647813,0.15875133404482394
0.12026315789473682,0.8231578947368422,0.0,0.04342105263157895,0.0,0.0,2010-12-24T02:01:07Z,ls5,qd9v7z8u4j49,0.044,0.8341333333333334,0.12186666666666664
0.27466666666666667,0.6476666666666667,0.21052631578947367,0.065,0.0,0.0,2011-01-01T02:04:25Z,ls7,qd9v7z8u4j49,0.06583389601620526,0.6559756920999325,0.27819041188386223
0.2242105263157895,0.7407894736842104,0.0,0.022894736842105266,0.0,0.0,2011-01-09T02:01:10Z,ls5,qd9v7z8u4j49,0.023175279701651574,0.7498668087373468,0.22695791156100162
0.23710526315789474,0.7160526315789472,0.0,0.03289473684210527,0.0,0.0,2011-01-25T02:01:10Z,ls5,qd9v7z8u4j49,0.033360021350413674,0.7261809447558045,0.24045903389378173
0.28967741935483865,0.6267741935483871,0.1842105263157895,0.06806451612903225,0.0,0.0,2011-02-02T02:04:38Z,ls7,qd9v7z8u4j49,0.06913499344692005,0.6366317169069464,0.29423328964613366
0.24815789473684213,0.6978947368421052,0.0,0.041578947368421056,0.0,0.0,2011-02-10T02:01:13Z,ls5,qd9v7z8u4j49,0.04209965361044498,0.706634692246203,0.251265654143352
0.33233333333333337,0.5903333333333335,0.21052631578947367,0.06266666666666666,0.0,0.0,2011-02-18T02:04:42Z,ls7,qd9v7z8u4j49,0.06359945872801082,0.5991204330175914,0.3372801082543978
0.27131578947368423,0.6681578947368421,0.0,0.046052631578947366,0.0,0.0,2011-02-26T02:01:12Z,ls5,qd9v7z8u4j49,0.04672897196261683,0.6779706275033378,0.2753004005340454
0.41055555555555556,0.5194444444444445,0.5263157894736843,0.053888888888888896,0.0,0.0,2011-03-06T02:04:47Z,ls7,qd9v7z8u4j49,0.05477131564088086,0.5279503105590062,0.4172783738001129
0.3726666666666667,0.5573333333333333,0.21052631578947367,0.054666666666666676,0.0,0.0,2011-03-22T02:04:47Z,ls7,qd9v7z8u4j49,0.05551794177386595,0.5660121868652674,0.3784698713608666
0.3747368421052631,0.5768421052631579,0.0,0.03289473684210526,0.0,0.0,2011-03-30T02:01:03Z,ls5,qd9v7z8u4j49,0.033413525795241907,0.5859395883453622,0.38064688585939577
0.5137931034482758,0.39965517241379317,0.23684210526315785,0.0696551724137931,0.0,0.0,2011-04-07T02:04:52Z,ls7,qd9v7z8u4j49,0.07085233251490705,0.4065240266573133,0.5226236408277797
0.3694736842105263,0.5936842105263159,0.0,0.02315789473684211,0.0,0.0,2011-04-15T02:00:58Z,ls5,qd9v7z8u4j49,0.023479188900747065,0.6019210245464248,0.3745997865528281
0.35913043478260875,0.6056521739130435,0.39473684210526316,0.021304347826086957,0.0,0.0,2011-04-23T02:04:50Z,ls7,qd9v7z8u4j49,0.021604938271604937,0.6141975308641975,0.3641975308641976
0.40736842105263155,0.5684210526315789,0.0,0.010526315789473684,0.0,0.0,2011-05-01T02:00:52Z,ls5,qd9v7z8u4j49,0.010672358591248664,0.5763073639274279,0.4130202774813233
0.42600000000000005,0.5296666666666667,0.21052631578947367,0.028000000000000004,0.0,0.0,2011-05-09T02:04:50Z,ls7,qd9v7z8u4j49,0.02846492714334124,0.5384615384615384,0.4330735343951203
0.3399999999999999,0.4875,0.1578947368421053,0.156875,0.0,0.0,2011-05-25T02:04:49Z,ls7,qd9v7z8u4j49,0.15936507936507938,0.49523809523809537,0.34539682539682537
0.433235294117647,0.5155882352941177,0.10526315789473684,0.03411764705882353,0.0,0.0,2011-06-10T02:04:50Z,ls7,qd9v7z8u4j49,0.034709754637941355,0.5245362058647517,0.44075403949730696
0.3657142857142857,0.41285714285714287,0.26315789473684215,0.2060714285714286,0.0,0.0,2011-06-26T02:04:46Z,ls7,qd9v7z8u4j49,0.2092854552049329,0.4192963365977512,0.3714182081973159
0.1413333333333333,0.32766666666666666,0.21052631578947367,0.5180000000000001,0.0,0.0,2011-07-12T02:04:46Z,ls7,qd9v7z8u4j49,0.5248226950354611,0.3319824383654171,0.14319486659912187
0.09482758620689653,0.27724137931034487,0.23684210526315785,0.6162068965517242,0.0,0.0,2011-07-28T02:04:43Z,ls7,qd9v7z8u4j49,0.6235170969993021,0.28053035589672015,0.09595254710397763
0.06605263157894736,0.18026315789473682,0.0,0.7365789473684209,0.0,0.0,2011-08-05T02:00:09Z,ls5,qd9v7z8u4j49,0.7493975903614458,0.18340026773761714,0.0672021419009371
0.03181818181818182,0.19363636363636366,0.13157894736842102,0.7590909090909091,0.0,0.0,2011-08-13T02:04:39Z,ls7,qd9v7z8u4j49,0.7710064635272391,0.1966759002770083,0.032317636195752536
0.04785714285714286,0.18607142857142858,0.26315789473684215,0.7521428571428571,0.0,0.0,2011-08-29T02:04:37Z,ls7,qd9v7z8u4j49,0.7627671133647229,0.1886997464686708,0.048533140166606314
0.044736842105263165,0.21921052631578947,0.0,0.721578947368421,0.0,0.0,2011-09-06T01:59:52Z,ls5,qd9v7z8u4j49,0.7321762349799733,0.22242990654205608,0.04539385847797064
0.039032258064516136,0.2358064516129032,0.1842105263157895,0.7103225806451614,0.0,0.0,2011-09-14T02:04:31Z,ls7,qd9v7z8u4j49,0.7210216110019646,0.23935821872953497,0.03962017026850033
,,1.0,,,,2011-09-30T02:04:29Z,ls7,qd9v7z8u4j49,,,
,,1.0,,,,2011-10-08T01:59:19Z,ls5,qd9v7z8u4j49,,,
0.157741935483871,0.47161290322580646,0.1842105263157895,0.35451612903225793,0.0,0.0,2011-10-16T02:04:31Z,ls7,qd9v7z8u4j49,0.36032786885245893,0.4793442622950821,0.1603278688524591
0.18321428571428572,0.6925,0.26315789473684215,0.11178571428571428,0.0,0.0,2011-11-01T02:04:36Z,ls7,qd9v7z8u4j49,0.11320072332730559,0.7012658227848101,0.18553345388788425
,,1.0,,,,2011-11-17T02:04:50Z,ls7,qd9v7z8u4j49,,,
0.24250000000000002,0.6503571428571429,0.26315789473684215,0.09321428571428572,0.0,0.0,2011-12-03T02:04:59Z,ls7,qd9v7z8u4j49,0.0945309670409272,0.6595436436073886,0.24592538935168418
0.2909677419354839,0.554516129032258,0.1842105263157895,0.1396774193548387,0.0,0.0,2011-12-19T02:05:06Z,ls7,qd9v7z8u4j49,0.141781270464964,0.56286836935167,0.29535036018336613
0.21433333333333326,0.6433333333333333,0.21052631578947367,0.12799999999999997,0.0,0.0,2012-01-04T02:05:15Z,ls7,qd9v7z8u4j49,0.12986134595874196,0.6526885356780521,0.2174501183632059
0.22612903225806452,0.5783870967741936,0.1842105263157895,0.18193548387096772,0.0,0.0,2012-01-20T02:05:15Z,ls7,qd9v7z8u4j49,0.18443427076520597,0.5863309352517986,0.2292347939829954
0.27032258064516124,0.5058064516129032,0.1842105263157895,0.20967741935483875,0.0,0.0,2012-02-05T02:05:19Z,ls7,qd9v7z8u4j49,0.21269633507853408,0.5130890052356021,0.27421465968586384
0.23677419354838708,0.5170967741935484,0.1842105263157895,0.23161290322580644,0.0,0.0,2012-02-21T02:05:23Z,ls7,qd9v7z8u4j49,0.23502454991816696,0.5247135842880525,0.2402618657937807
0.24249999999999997,0.5267857142857143,0.26315789473684215,0.21714285714285714,0.0,0.0,2012-03-08T02:05:19Z,ls7,qd9v7z8u4j49,0.22013034033309195,0.5340333091962346,0.2458363504706734
0.2509677419354839,0.5493548387096774,0.1842105263157895,0.18483870967741933,0.0,0.0,2012-03-24T02:05:22Z,ls7,qd9v7z8u4j49,0.18762278978388996,0.5576293385723641,0.2547478716437459
0.22344827586206897,0.5989655172413794,0.23684210526315785,0.1651724137931034,0.0,0.0,2012-04-09T02:05:17Z,ls7,qd9v7z8u4j49,0.16724860335195527,0.6064944134078213,0.22625698324022347
,,1.0,,,,2012-04-25T02:05:32Z,ls7,qd9v7z8u4j49,,,
0.18058823529411766,0.6623529411764706,0.10526315789473684,0.14323529411764704,0.0,0.0,2012-05-11T02:05:55Z,ls7,qd9v7z8u4j49,0.14524306591112437,0.6716373396957949,0.18311959439308084
0.151875,0.626875,0.1578947368421053,0.205625,0.0,0.0,2012-05-27T02:05:47Z,ls7,qd9v7z8u4j49,0.2088888888888889,0.6368253968253967,0.1542857142857143
,,1.0,,,,2012-06-12T02:05:37Z,ls7,qd9v7z8u4j49,,,
0.03727272727272728,0.316969696969697,0.13157894736842102,0.630909090909091,0.0,0.0,2012-06-28T02:05:45Z,ls7,qd9v7z8u4j49,0.6404183328206706,0.32174715472162413,0.037834512457705326
0.025357142857142863,0.23178571428571432,0.26315789473684215,0.7292857142857142,0.0,0.0,2012-07-14T02:06:00Z,ls7,qd9v7z8u4j49,0.7393193338160752,0.23497465604634327,0.02570601013758147
0.044687500000000005,0.165,0.1578947368421053,0.7740625,0.0,0.0,2012-07-30T02:06:10Z,ls7,qd9v7z8u4j49,0.786848792884371,0.16772554002541296,0.04542566709021601
0.09833333333333333,0.083,0.21052631578947367,0.4423333333333333,0.0,0.36666666666666664,2012-08-15T02:06:22Z,ls7,qd9v7z8u4j49,0.4491893817922679,0.08428647781934795,0.09985747372171745
0.014516129032258063,0.12064516129032259,0.1842105263157895,0.6587096774193548,0.0,0.1935483870967742,2012-08-31T02:06:32Z,ls7,qd9v7z8u4j49,0.6691483923398566,0.12255705129045366,0.014746169272915548
0.02689655172413793,0.23137931034482762,0.23684210526315785,0.7268965517241379,0.0,0.0,2012-09-16T02:06:41Z,ls7,qd9v7z8u4j49,0.7378368918445922,0.23486174308715438,0.02730136506825341
,,1.0,,,,2012-10-02T02:06:51Z,ls7,qd9v7z8u4j49,,,
0.27785714285714286,0.3378571428571428,0.631578947368421,0.3685714285714286,0.0,0.0,2012-10-18T02:07:00Z,ls7,qd9v7z8u4j49,0.374455732946299,0.34325108853410735,0.2822931785195936
0.10586206896551724,0.67,0.23684210526315785,0.2117241379310345,0.0,0.0,2012-11-19T02:07:13Z,ls7,qd9v7z8u4j49,0.2143854748603352,0.6784217877094972,0.10719273743016759
0.12,0.6248275862068966,0.23684210526315785,0.243448275862069,0.0,0.0,2012-12-21T02:07:22Z,ls7,qd9v7z8u4j49,0.2463363572923936,0.6322400558269365,0.12142358688066991
0.1510344827586207,0.6551724137931032,0.23684210526315785,0.18068965517241373,0.0,0.0,2013-01-22T02:07:25Z,ls7,qd9v7z8u4j49,0.18308874912648496,0.6638714185883996,0.15303983228511533
0.20935483870967742,0.6216129032258064,0.1842105263157895,0.1551612903225806,0.0,0.0,2013-02-07T02:07:27Z,ls7,qd9v7z8u4j49,0.15734380111220148,0.6303565587176971,0.21229964017010142
0.2121428571428572,0.6278571428571428,0.26315789473684215,0.1464285714285714,0.0,0.0,2013-02-23T02:07:24Z,ls7,qd9v7z8u4j49,0.14844315713251266,0.6364952932657494,0.21506154960173793
0.1390909090909091,0.77,0.42105263157894735,0.08181818181818182,0.0,0.0,2013-03-11T02:07:23Z,ls7,qd9v7z8u4j49,0.08256880733944953,0.7770642201834862,0.14036697247706423
,,1.0,,,,2013-03-27T02:07:16Z,ls7,qd9v7z8u4j49,,,
0.2665789473684211,0.5031578947368422,0.0,0.216578947368421,0.0,0.0,2013-04-06T02:17:40Z,ls8,qd9v7z8u4j49,0.21958377801494125,0.5101387406616864,0.2702774813233725
0.2853846153846153,0.5057692307692307,0.3157894736842105,0.19192307692307692,0.0,0.0,2013-04-20T02:13:02Z,ls8,qd9v7z8u4j49,0.195226917057903,0.5144757433489828,0.29029733959311416
0.2751724137931035,0.5562068965517241,0.23684210526315785,0.15379310344827585,0.0,0.0,2013-04-28T02:07:09Z,ls7,qd9v7z8u4j49,0.1561078053902695,0.5645782289114455,0.2793139656982849
,,1.0,,,,2013-05-06T02:13:04Z,ls8,qd9v7z8u4j49,,,
,,1.0,,,,2013-05-14T02:07:07Z,ls7,qd9v7z8u4j49,,,
0.16526315789473683,0.3742105263157895,0.0,0.4452631578947368,0.0,0.0,2013-05-22T02:13:16Z,ls8,qd9v7z8u4j49,0.4521646178514163,0.38001068947087124,0.16782469267771244
0.21842105263157896,0.13894736842105262,0.0,0.625,0.0,0.0,2013-06-07T02:13:16Z,ls8,qd9v7z8u4j49,0.6362175194213769,0.14144120010715241,0.2223412804714707
0.08,0.2066666666666667,0.9210526315789473,0.6966666666666667,0.0,0.0,2013-06-15T02:06:54Z,ls7,qd9v7z8u4j49,0.7084745762711865,0.21016949152542377,0.08135593220338984
,,1.0,,,,2013-06-23T02:13:09Z,ls8,qd9v7z8u4j49,,,
0.13999999999999999,0.13142857142857142,0.26315789473684215,0.7128571428571429,0.0,0.0,2013-07-01T02:06:46Z,ls7,qd9v7z8u4j49,0.7242380261248186,0.13352685050798258,0.14223512336719882
,,1.0,,,,2013-07-09T02:13:14Z,ls8,qd9v7z8u4j49,,,
0.1564705882352941,0.32117647058823534,0.5526315789473684,0.511764705882353,0.0,0.0,2013-07-17T02:06:37Z,ls7,qd9v7z8u4j49,0.5172413793103449,0.32461355529131986,0.15814506539833528
0.14394736842105263,0.15552631578947368,0.0,0.68,0.0,0.0,2013-07-25T02:13:13Z,ls8,qd9v7z8u4j49,0.694250403009135,0.15878559914024717,0.14696399785061795
0.06741935483870969,0.21580645161290324,0.1842105263157895,0.6993548387096774,0.0,0.0,2013-08-02T02:06:29Z,ls7,qd9v7z8u4j49,0.7117531188443861,0.21963230466185163,0.06861457649376232
,,1.0,,,,2013-08-10T02:13:15Z,ls8,qd9v7z8u4j49,,,
,,1.0,,,,2013-08-18T02:06:33Z,ls7,qd9v7z8u4j49,,,
0.10947368421052632,0.13789473684210524,0.0,0.7326315789473683,0.0,0.0,2013-08-26T02:13:17Z,ls8,qd9v7z8u4j49,0.7475832438238453,0.14070891514500536,0.11170784103114932
0.08078947368421054,0.1423684210526316,0.0,0.6010526315789474,0.0,0.15789473684210525,2013-09-11T02:13:15Z,ls8,qd9v7z8u4j49,0.61410230557236,0.1454594340256772,0.0825435235598575
0.07588235294117646,0.2061764705882353,0.10526315789473684,0.7026470588235294,0.0,0.0,2013-09-19T02:06:55Z,ls7,qd9v7z8u4j49,0.7135603345280765,0.20937873357228198,0.07706093189964157
0.1542105263157895,0.14842105263157893,0.0,0.6768421052631579,0.0,0.0,2013-09-27T02:13:06Z,ls8,qd9v7z8u4j49,0.6910263299301451,0.15153143471252015,0.1574422353573348
0.11607142857142856,0.22714285714285712,0.26315789473684215,0.6407142857142858,0.0,0.0,2013-10-05T02:07:07Z,ls7,qd9v7z8u4j49,0.6511796733212342,0.23085299455535385,0.11796733212341196
0.15,0.26315789473684215,0.0,0.568157894736842,0.0,0.0,2013-10-13T02:13:07Z,ls8,qd9v7z8u4j49,0.5789755966747117,0.26816840976133016,0.15285599356395818
0.10962962962962963,0.4325925925925926,0.2894736842105263,0.44333333333333336,0.0,0.0,2013-10-21T02:07:17Z,ls7,qd9v7z8u4j49,0.44983089064261556,0.43893273205561817,0.11123637730176625
0.12607142857142856,0.5082142857142857,0.26315789473684215,0.35035714285714287,0.0,0.0,2013-10-29T02:12:57Z,ls8,qd9v7z8u4j49,0.3558215451577802,0.5161407326804498,0.12803772216177003
0.11970588235294119,0.6002941176470588,0.10526315789473684,0.26588235294117657,0.0,0.0,2013-11-06T02:07:22Z,ls7,qd9v7z8u4j49,0.26968973747016717,0.6088902147971359,0.1214200477326969
0.16263157894736846,0.559736842105263,0.0,0.26210526315789484,0.0,0.0,2013-11-14T02:12:57Z,ls8,qd9v7z8u4j49,0.2662389735364877,0.5685645549318362,0.16519647153167608
0.12560000000000002,0.6912000000000001,0.3421052631578947,0.1684,0.0,0.0,2013-11-22T02:07:27Z,ls7,qd9v7z8u4j49,0.17092976045472996,0.7015834348355664,0.1274868047097036
,,1.0,,,,2013-11-30T02:12:52Z,ls8,qd9v7z8u4j49,,,
0.1372727272727273,0.7163636363636363,0.7105263157894737,0.13454545454545455,0.0,0.0,2013-12-08T02:07:35Z,ls7,qd9v7z8u4j49,0.1361545538178473,0.7249310027598895,0.13891444342226314
,,1.0,,,,2013-12-16T02:12:46Z,ls8,qd9v7z8u4j49,,,
0.16814814814814813,0.7222222222222223,0.2894736842105263,0.09407407407407407,0.0,0.0,2013-12-24T02:07:37Z,ls7,qd9v7z8u4j49,0.09556057185854025,0.7336343115124153,0.17080511662904435
0.1596666666666667,0.7300000000000001,0.21052631578947367,0.09533333333333333,0.0,0.0,2014-01-09T02:07:40Z,ls7,qd9v7z8u4j49,0.0967851099830795,0.7411167512690354,0.16209813874788495
0.24578947368421053,0.5994736842105265,0.0,0.14026315789473684,0.0,0.0,2014-01-17T02:12:23Z,ls8,qd9v7z8u4j49,0.14232309746328434,0.6082777036048065,0.24939919893190915
0.13933333333333336,0.7899999999999998,0.21052631578947367,0.053333333333333344,0.0,0.0,2014-01-25T02:08:00Z,ls7,qd9v7z8u4j49,0.05427408412483041,0.80393487109905,0.14179104477611945
0.21815789473684213,0.6223684210526315,0.0,0.1423684210526316,0.0,0.0,2014-02-02T02:12:17Z,ls8,qd9v7z8u4j49,0.1448460508701473,0.6331994645247657,0.22195448460508707
0.19451612903225804,0.7006451612903225,0.1842105263157895,0.08645161290322581,0.0,0.0,2014-02-10T02:08:05Z,ls7,qd9v7z8u4j49,0.08807098258297734,0.7137693066053237,0.19815971081169897
0.019999999999999997,0.883,0.736842105263158,0.08499999999999998,0.0,0.0,2014-02-18T02:12:04Z,ls8,qd9v7z8u4j49,0.08603238866396759,0.8937246963562753,0.020242914979757082
0.2426666666666667,0.6529999999999999,0.21052631578947367,0.08766666666666666,0.0,0.0,2014-02-26T02:07:57Z,ls7,qd9v7z8u4j49,0.08915254237288135,0.6640677966101695,0.2467796610169492
0.31105263157894736,0.5342105263157895,0.0,0.13894736842105265,0.0,0.0,2014-03-06T02:11:48Z,ls8,qd9v7z8u4j49,0.14117647058823532,0.5427807486631016,0.3160427807486631
,,1.0,,,,2014-03-14T02:08:05Z,ls7,qd9v7z8u4j49,,,
0.37105263157894736,0.45736842105263154,0.0,0.15289473684210525,0.0,0.0,2014-03-22T02:11:38Z,ls8,qd9v7z8u4j49,0.1558058460713328,0.4660766961651917,0.3781174577634755
0.2926315789473684,0.5715789473684211,0.0,0.12105263157894736,0.0,0.0,2014-04-07T02:11:23Z,ls8,qd9v7z8u4j49,0.12286324786324786,0.5801282051282052,0.297008547008547
0.2716129032258065,0.6516129032258067,0.1842105263157895,0.06161290322580646,0.0,0.0,2014-04-15T02:08:18Z,ls7,qd9v7z8u4j49,0.06256141500163773,0.6616442843105144,0.275794300687848
,,1.0,,,,2014-04-23T02:11:07Z,ls8,qd9v7z8u4j49,,,
0.17558823529411768,0.6126470588235295,0.10526315789473684,0.1988235294117647,0.0,0.0,2014-05-01T02:08:27Z,ls7,qd9v7z8u4j49,0.201430274135876,0.6206793802145412,0.17789034564958284
,,1.0,,,,2014-05-09T02:10:51Z,ls8,qd9v7z8u4j49,,,
0.0692857142857143,0.11214285714285714,0.26315789473684215,0.8017857142857142,0.0,0.0,2014-05-17T02:08:34Z,ls7,qd9v7z8u4j49,0.815474028332728,0.11405739193606976,0.07046857973120235
0.0,0.0,0.9210526315789473,0.0,0.0,1.0,2014-05-25T02:10:45Z,ls8,qd9v7z8u4j49,0.0,0.0,0.0
0.03580645161290323,0.06032258064516129,0.1842105263157895,0.8890322580645161,0.0,0.0,2014-06-02T02:08:38Z,ls7,qd9v7z8u4j49,0.902423051735429,0.06123117223313688,0.03634577603143419
,,1.0,,,,2014-06-10T02:10:55Z,ls8,qd9v7z8u4j49,,,
0.08896551724137931,0.28862068965517246,0.23684210526315785,0.6068965517241381,0.0,0.0,2014-06-18T02:08:38Z,ls7,qd9v7z8u4j49,0.6164623467600701,0.293169877408056,0.09036777583187387
,,1.0,,,,2014-06-26T02:10:57Z,ls8,qd9v7z8u4j49,,,
,,1.0,,,,2014-07-04T02:08:45Z,ls7,qd9v7z8u4j49,,,
0.1497368421052632,0.08236842105263156,0.0,0.6707894736842105,0.0,0.07894736842105263,2014-07-12T02:11:06Z,ls8,qd9v7z8u4j49,0.6842795563668718,0.08402491217843501,0.1527481630336407
0.0,0.0,0.5263157894736843,0.0,0.2222222222222222,0.7777777777777778,2014-07-20T02:08:47Z,ls7,qd9v7z8u4j49,0.0,0.0,0.0
0.03210526315789474,0.06473684210526316,0.0,0.4942105263157893,0.0,0.39473684210526316,2014-07-28T02:11:09Z,ls8,qd9v7z8u4j49,0.5060927028167033,0.06629329334020717,0.032877161737826316
0.05233333333333334,0.07533333333333334,0.21052631578947367,0.5926666666666667,0.0,0.26666666666666666,2014-08-05T02:08:53Z,ls7,qd9v7z8u4j49,0.6033626407527379,0.07669288909455499,0.05327780348604042
0.10631578947368421,0.04631578947368422,0.0,0.7468421052631578,0.0,0.07894736842105263,2014-08-13T02:11:18Z,ls8,qd9v7z8u4j49,0.7647593237042284,0.04742693480336302,0.10886637307135599
0.010000000000000002,0.09064516129032259,0.1842105263157895,0.47129032258064524,0.0,0.41935483870967744,2014-08-21T02:08:52Z,ls7,qd9v7z8u4j49,0.47846733256918283,0.09202554445718027,0.01015228426395939
0.10861111111111112,0.029444444444444447,0.052631578947368474,0.4883333333333333,0.0,0.3611111111111111,2014-08-29T02:11:19Z,ls8,qd9v7z8u4j49,0.49807834441980775,0.030032027593003205,0.11077851687607784
0.052368421052631585,0.05578947368421053,0.0,0.3823684210526316,0.0,0.5,2014-09-14T02:11:23Z,ls8,qd9v7z8u4j49,0.3897532188841202,0.056866952789699575,0.05337982832618027
0.06448275862068965,0.04310344827586207,0.23684210526315785,0.3351724137931034,0.0,0.5517241379310345,2014-09-22T02:08:58Z,ls7,qd9v7z8u4j49,0.33934901708024495,0.043640562896122045,0.06528628209259857
0.08605263157894737,0.10947368421052635,0.0,0.5528947368421053,0.0,0.23684210526315788,2014-09-30T02:11:23Z,ls8,qd9v7z8u4j49,0.5637815530387149,0.11162928418091646,0.08774705751721074
0.09857142857142857,0.08499999999999999,0.631578947368421,0.37785714285714284,0.0,0.42857142857142855,2014-10-08T02:09:11Z,ls7,qd9v7z8u4j49,0.3845874227553617,0.08651399491094147,0.10032715376226826
,,1.0,,,,2014-10-16T02:11:28Z,ls8,qd9v7z8u4j49,,,
0.11966666666666666,0.4776666666666667,0.21052631578947367,0.3896666666666666,0.0,0.0,2014-10-24T02:09:20Z,ls7,qd9v7z8u4j49,0.3947990543735224,0.4839581222559946,0.12124282337048294
0.16421052631578945,0.45921052631578946,0.0,0.3623684210526316,0.0,0.0,2014-11-01T02:11:25Z,ls8,qd9v7z8u4j49,0.36759209823812067,0.46583021890016013,0.16657768286171915
0.14718750000000003,0.576875,0.1578947368421053,0.26500000000000007,0.0,0.0,2014-11-09T02:09:29Z,ls7,qd9v7z8u4j49,0.2679304897314376,0.583254344391785,0.14881516587677726
0.16605263157894737,0.5692105263157894,0.0,0.2523684210526316,0.0,0.0,2014-11-17T02:11:26Z,ls8,qd9v7z8u4j49,0.2555289102051692,0.5763389288569144,0.16813216093791636
0.17,0.6490909090909092,0.13157894736842102,0.1709090909090909,0.0,0.0,2014-11-25T02:09:32Z,ls7,qd9v7z8u4j49,0.17263544536271805,0.6556473829201102,0.1717171717171717
0.22888888888888895,0.6005555555555553,0.052631578947368474,0.15722222222222224,0.0,0.0,2014-12-03T02:11:25Z,ls8,qd9v7z8u4j49,0.15934684684684688,0.608671171171171,0.23198198198198208
0.20281250000000003,0.646875,0.1578947368421053,0.13937499999999997,0.0,0.0,2014-12-11T02:09:39Z,ls7,qd9v7z8u4j49,0.1409162717219589,0.6540284360189573,0.20505529225908378
0.20789473684210527,0.6215789473684211,0.0,0.15657894736842107,0.0,0.0,2014-12-19T02:11:22Z,ls8,qd9v7z8u4j49,0.15879370162796905,0.6303709634374166,0.21083533493461437
0.20633333333333337,0.67,0.21052631578947367,0.11066666666666665,0.0,0.0,2014-12-27T02:09:46Z,ls7,qd9v7z8u4j49,0.11212428233704827,0.6788247213779128,0.20905099628503884
0.22499999999999998,0.6042105263157896,0.0,0.15921052631578952,0.0,0.0,2015-01-04T02:11:17Z,ls8,qd9v7z8u4j49,0.16107561235356763,0.6112886048988285,0.22763578274760377
0.23571428571428577,0.6553571428571429,0.26315789473684215,0.09464285714285715,0.0,0.0,2015-01-12T02:09:49Z,ls7,qd9v7z8u4j49,0.0960144927536232,0.6648550724637681,0.23913043478260873
0.2539473684210526,0.5786842105263157,0.0,0.1534210526315789,0.0,0.0,2015-01-20T02:11:13Z,ls8,qd9v7z8u4j49,0.15559113957832932,0.5868694955964772,0.2575393648251935
0.2113333333333334,0.6499999999999999,0.21052631578947367,0.12566666666666665,0.0,0.0,2015-01-28T02:09:53Z,ls7,qd9v7z8u4j49,0.12732185072610605,0.6585612968591692,0.21411685241472486
0.2423684210526315,0.5857894736842105,0.0,0.15763157894736837,0.0,0.0,2015-02-05T02:11:10Z,ls8,qd9v7z8u4j49,0.15990389749065667,0.5942338494394022,0.24586225306994125
0.2473684210526316,0.4786842105263158,0.0,0.2589473684210527,0.0,0.0,2015-02-21T02:11:03Z,ls8,qd9v7z8u4j49,0.2628907293614748,0.48597381779321397,0.25113545284531125
0.30447368421052634,0.513421052631579,0.0,0.1671052631578947,0.0,0.0,2015-03-09T02:10:54Z,ls8,qd9v7z8u4j49,0.16965001335826874,0.5212396473417046,0.30911033930002674
0.07,0.89,0.9736842105263158,0.03,0.0,0.0,2015-03-17T02:10:13Z,ls7,qd9v7z8u4j49,0.030303030303030304,0.898989898989899,0.07070707070707072
0.3505263157894737,0.5013157894736843,0.0,0.13105263157894737,0.0,0.0,2015-03-25T02:10:46Z,ls8,qd9v7z8u4j49,0.1333333333333333,0.5100401606425703,0.35662650602409635
0.3156666666666667,0.58,0.21052631578947367,0.09,0.0,0.0,2015-04-02T02:10:19Z,ls7,qd9v7z8u4j49,0.09130875887724044,0.5884342238755494,0.32025701724721006
,,1.0,,,,2015-04-10T02:10:36Z,ls8,qd9v7z8u4j49,,,
0.16903225806451616,0.4093548387096775,0.1842105263157895,0.4090322580645161,0.0,0.0,2015-04-18T02:10:28Z,ls7,qd9v7z8u4j49,0.41424371120548836,0.4145704018294675,0.17118588696504414
0.2794736842105263,0.3628947368421052,0.0,0.34263157894736845,0.0,0.0,2015-04-26T02:10:33Z,ls8,qd9v7z8u4j49,0.34784931872829283,0.3684210526315789,0.28372962864012824
0.24206896551724136,0.3665517241379311,0.23684210526315785,0.3786206896551724,0.0,0.0,2015-05-04T02:10:34Z,ls7,qd9v7z8u4j49,0.3835137967167307,0.3712888578414251,0.24519734544184418
0.2905263157894737,0.4086842105263158,0.0,0.28605263157894745,0.0,0.0,2015-05-12T02:10:17Z,ls8,qd9v7z8u4j49,0.2903311965811966,0.41479700854700846,0.2948717948717948
0.19870967741935489,0.43806451612903224,0.1842105263157895,0.35032258064516125,0.0,0.0,2015-05-20T02:10:42Z,ls7,qd9v7z8u4j49,0.3549019607843137,0.4437908496732026,0.20130718954248372
0.27789473684210525,0.2068421052631579,0.0,0.49921052631578955,0.0,0.0,2015-05-28T02:10:19Z,ls8,qd9v7z8u4j49,0.5073549077293394,0.21021663546402783,0.28242845680663275
0.24785714285714283,0.3728571428571429,0.631578947368421,0.3671428571428571,0.0,0.0,2015-06-05T02:10:48Z,ls7,qd9v7z8u4j49,0.37165582067968184,0.3774403470715836,0.25090383224873464
0.2584210526315789,0.06342105263157893,0.0,0.6594736842105263,0.0,0.0,2015-06-13T02:10:31Z,ls8,qd9v7z8u4j49,0.6720300348618933,0.06462858675248055,0.2633413783856261
0.26236842105263164,0.16657894736842102,0.0,0.5513157894736841,0.0,0.0,2015-06-29T02:10:37Z,ls8,qd9v7z8u4j49,0.5624161073825503,0.16993288590604025,0.2676510067114095
0.21464285714285714,0.25214285714285717,0.26315789473684215,0.5153571428571428,0.0,0.0,2015-07-07T02:10:56Z,ls7,qd9v7z8u4j49,0.5247272727272727,0.25672727272727275,0.21854545454545451
0.27657894736842104,0.16710526315789473,0.0,0.5344736842105263,0.0,0.0,2015-07-15T02:10:47Z,ls8,qd9v7z8u4j49,0.546408393866021,0.17083669626042505,0.2827549098735539
0.0,0.0,0.8421052631578947,0.0,0.0,1.0,2015-08-08T02:11:03Z,ls7,qd9v7z8u4j49,0.0,0.0,0.0
,,1.0,,,,2015-08-16T02:10:57Z,ls8,qd9v7z8u4j49,,,
0.12366666666666667,0.2336666666666667,0.21052631578947367,0.628,0.0,0.0,2015-08-24T02:11:05Z,ls7,qd9v7z8u4j49,0.6373477672530447,0.2371447902571042,0.12550744248985116
0.195,0.10236842105263157,0.0,0.683421052631579,0.0,0.0,2015-09-01T02:11:03Z,ls8,qd9v7z8u4j49,0.6968070834451301,0.10437349074322509,0.19881942581164475
0.14310344827586205,0.13965517241379313,0.23684210526315785,0.7017241379310344,0.0,0.0,2015-09-09T02:11:08Z,ls7,qd9v7z8u4j49,0.712784588441331,0.1418563922942207,0.14535901926444833
0.21184210526315791,0.11000000000000001,0.0,0.6592105263157894,0.0,0.0,2015-09-17T02:11:11Z,ls8,qd9v7z8u4j49,0.6719420600858369,0.11212446351931332,0.21593347639484983
0.17176470588235293,0.2232352941176471,0.10526315789473684,0.5902941176470587,0.0,0.0,2015-09-25T02:11:12Z,ls7,qd9v7z8u4j49,0.5991044776119403,0.22656716417910452,0.17432835820895523
,,1.0,,,,2015-10-03T02:11:15Z,ls8,qd9v7z8u4j49,,,
0.09,0.61,0.868421052631579,0.28200000000000003,0.0,0.0,2015-10-11T02:11:21Z,ls7,qd9v7z8u4j49,0.28716904276985744,0.6211812627291242,0.09164969450101833
0.13833333333333334,0.49888888888888894,0.5263157894736843,0.34833333333333333,0.0,0.0,2015-10-19T02:11:17Z,ls8,qd9v7z8u4j49,0.35343855693348364,0.5062006764374295,0.1403607666290868
,,1.0,,,,2015-10-27T02:11:38Z,ls7,qd9v7z8u4j49,,,
0.23263157894736838,0.5242105263157895,0.0,0.22789473684210523,0.0,0.0,2015-11-04T02:11:21Z,ls8,qd9v7z8u4j49,0.2314270443613041,0.5323356493853554,0.23623730625334044
0.17,0.659,0.736842105263158,0.16,0.0,0.0,2015-11-12T02:11:54Z,ls7,qd9v7z8u4j49,0.16177957532861476,0.666329625884732,0.17189079878665317
0.278421052631579,0.525,0.0,0.18210526315789474,0.0,0.0,2015-11-20T02:11:23Z,ls8,qd9v7z8u4j49,0.18477970627503337,0.5327102803738317,0.2825100133511349
0.26466666666666666,0.6056666666666667,0.21052631578947367,0.116,0.0,0.0,2015-11-28T02:12:07Z,ls7,qd9v7z8u4j49,0.1176072997634336,0.6140588036498817,0.2683338965866847
,,1.0,,,,2015-12-06T02:11:22Z,ls8,qd9v7z8u4j49,,,
0.2753125,0.6018749999999998,0.1578947368421053,0.10875,0.0,0.0,2015-12-14T02:12:24Z,ls7,qd9v7z8u4j49,0.11030110935023772,0.6104595879556258,0.2792393026941363
0.33657894736842114,0.5210526315789473,0.0,0.1255263157894737,0.0,0.0,2015-12-22T02:11:23Z,ls8,qd9v7z8u4j49,0.12767665952890794,0.5299785867237686,0.34234475374732337
0.3383333333333334,0.538888888888889,0.5263157894736843,0.10833333333333336,0.0,0.0,2015-12-30T02:12:36Z,ls7,qd9v7z8u4j49,0.10992108229988727,0.5467869222096956,0.3432919954904171
0.31526315789473686,0.531842105263158,0.0,0.1376315789473684,0.0,0.0,2016-01-07T02:11:18Z,ls8,qd9v7z8u4j49,0.13976483164083375,0.5400855157669695,0.32014965259219663
0.38399999999999995,0.5333333333333333,0.21052631578947367,0.06866666666666667,0.0,0.0,2016-01-15T02:12:52Z,ls7,qd9v7z8u4j49,0.06964164976335362,0.5409060175794456,0.38945233265720075
0.40052631578947373,0.49000000000000005,0.0,0.0918421052631579,0.0,0.0,2016-01-23T02:11:19Z,ls8,qd9v7z8u4j49,0.09349049022234128,0.4987945352263595,0.40771497455129924
0.45184210526315793,0.44552631578947377,0.0,0.08578947368421053,0.0,0.0,2016-02-08T02:11:15Z,ls8,qd9v7z8u4j49,0.08725910064239828,0.4531584582441114,0.45958244111349034
0.5045454545454546,0.4257575757575757,0.13157894736842102,0.052727272727272734,0.0,0.0,2016-02-16T02:13:07Z,ls7,qd9v7z8u4j49,0.05363748458692972,0.4331072749691738,0.5132552404438965
0.5900000000000001,0.3208,0.3421052631578947,0.0704,0.0,0.0,2016-02-24T02:11:08Z,ls8,qd9v7z8u4j49,0.07174887892376682,0.3269465960048919,0.6013045250713412
0.445,0.46499999999999997,0.9473684210526316,0.08,0.0,0.0,2016-03-03T02:13:13Z,ls7,qd9v7z8u4j49,0.08080808080808081,0.46969696969696967,0.4494949494949495
0.5184210526315788,0.36815789473684213,0.0,0.09394736842105263,0.0,0.0,2016-03-11T02:11:06Z,ls8,qd9v7z8u4j49,0.09581320450885669,0.37546967257112196,0.5287171229200214
0.2785714285714286,0.6447619047619048,0.4473684210526315,0.06285714285714286,0.0,0.0,2016-03-19T02:13:21Z,ls7,qd9v7z8u4j49,0.06373732496378562,0.6537904394012555,0.282472235634959
0.26629629629629625,0.6437037037037037,0.2894736842105263,0.07777777777777777,0.0,0.0,2016-04-04T02:13:24Z,ls7,qd9v7z8u4j49,0.07874015748031496,0.651668541432321,0.26959130108736407
0.2517241379310345,0.23965517241379308,0.23684210526315785,0.4951724137931035,0.0,0.0,2016-04-20T02:13:33Z,ls7,qd9v7z8u4j49,0.5019224047535826,0.2429220552254456,0.2551555400209717
,,1.0,,,,2016-04-28T02:10:48Z,ls8,qd9v7z8u4j49,,,
0.2364516129032258,0.21903225806451615,0.1842105263157895,0.5332258064516128,0.0,0.0,2016-05-06T02:13:38Z,ls7,qd9v7z8u4j49,0.5393148450244697,0.2215334420880914,0.23915171288743883
,,1.0,,,,2016-05-14T02:10:47Z,ls8,qd9v7z8u4j49,,,
,,1.0,,,,2016-05-22T02:13:40Z,ls7,qd9v7z8u4j49,,,
0.22894736842105257,0.03947368421052633,0.0,0.7139473684210526,0.0,0.0,2016-05-30T02:10:54Z,ls8,qd9v7z8u4j49,0.7267613179748192,0.04018215912135014,0.23305652290383067
0.40800000000000003,0.004,0.868421052631579,0.584,0.0,0.0,2016-06-15T02:10:56Z,ls8,qd9v7z8u4j49,0.5863453815261044,0.004016064257028113,0.4096385542168675
0.11558823529411764,0.09382352941176471,0.10526315789473684,0.43,0.0,0.35294117647058826,2016-06-23T02:13:48Z,ls7,qd9v7z8u4j49,0.4351425942962281,0.09494561394014826,0.11697061529303532
0.10447368421052632,0.031052631578947373,0.0,0.586578947368421,0.0,0.2631578947368421,2016-07-01T02:11:05Z,ls8,qd9v7z8u4j49,0.5985499462943074,0.03168635875402794,0.1066058002148228
0.0,0.0,0.9210526315789473,0.0,0.3333333333333333,0.6666666666666666,2016-07-09T02:13:48Z,ls7,qd9v7z8u4j49,0.0,0.0,0.0
,,1.0,,,,2016-07-17T02:11:12Z,ls8,qd9v7z8u4j49,,,
0.04379310344827586,0.11862068965517242,0.23684210526315785,0.6517241379310345,0.0,0.1724137931034483,2016-07-25T02:13:50Z,ls7,qd9v7z8u4j49,0.6624895938307848,0.12058011654909523,0.04451649651667178
0.1126315789473684,0.060000000000000005,0.0,0.5473684210526315,0.0,0.2631578947368421,2016-08-02T02:11:16Z,ls8,qd9v7z8u4j49,0.5601723607263773,0.061403508771929835,0.11526623576485072
0.04322580645161291,0.10483870967741936,0.1842105263157895,0.613225806451613,0.0,0.22580645161290322,2016-08-10T02:13:52Z,ls7,qd9v7z8u4j49,0.6236194641880809,0.10661563696008747,0.04395844723892838
0.10575757575757574,0.05272727272727273,0.13157894736842102,0.40818181818181815,0.0,0.42424242424242425,2016-08-18T02:11:20Z,ls8,qd9v7z8u4j49,0.41473018959649965,0.05357316480311132,0.10745422135796465
0.2952941176470589,0.1429411764705882,0.5526315789473684,0.5523529411764706,0.0,0.0,2016-08-26T02:13:54Z,ls7,qd9v7z8u4j49,0.5576009501187648,0.14429928741092632,0.2980997624703088
0.08078947368421054,0.08342105263157895,0.0,0.5049999999999999,0.0,0.3157894736842105,2016-09-03T02:11:26Z,ls8,qd9v7z8u4j49,0.5163193079040503,0.0852908914046816,0.08260032700705758
0.0,0.0,0.9736842105263158,0.0,0.0,1.0,2016-09-19T02:11:28Z,ls8,qd9v7z8u4j49,0.0,0.0,0.0
0.04624999999999999,0.13416666666666666,0.368421052631579,0.5566666666666666,0.0,0.25,2016-09-27T02:13:59Z,ls7,qd9v7z8u4j49,0.5664217071791973,0.13651780667043525,0.04706048615036744
0.09921052631578947,0.1623684210526316,0.0,0.5905263157894737,0.0,0.13157894736842105,2016-10-05T02:11:31Z,ls8,qd9v7z8u4j49,0.6018334904586978,0.16547739020187904,0.10111017197100225
0.0861764705882353,0.2702941176470589,0.10526315789473684,0.6276470588235294,0.0,0.0,2016-10-13T02:13:59Z,ls7,qd9v7z8u4j49,0.6377764494919306,0.2746563060370592,0.08756724447101015
0.12894736842105262,0.3128947368421052,0.0,0.5389473684210525,0.0,0.0,2016-10-21T02:11:35Z,ls8,qd9v7z8u4j49,0.5495036222162597,0.3190233431714516,0.1314730346122887
0.12,0.5039999999999999,0.868421052631579,0.362,0.0,0.0,2016-10-29T02:13:55Z,ls7,qd9v7z8u4j49,0.3671399594320487,0.511156186612576,0.12170385395537527
0.18052631578947367,0.46473684210526317,0.0,0.3389473684210526,0.0,0.0,2016-11-06T02:11:35Z,ls8,qd9v7z8u4j49,0.3443850267379679,0.472192513368984,0.18342245989304812
0.17838709677419357,0.5735483870967741,0.1842105263157895,0.23580645161290323,0.0,0.0,2016-11-14T02:13:47Z,ls7,qd9v7z8u4j49,0.23873285434356628,0.5806662312214238,0.1806009144350098
0.21131578947368423,0.5507894736842105,0.0,0.2236842105263158,0.0,0.0,2016-11-22T02:11:35Z,ls8,qd9v7z8u4j49,0.22690870261612386,0.5587293112653496,0.21436198611852644
0.17967741935483872,0.6606451612903227,0.1842105263157895,0.14677419354838708,0.0,0.0,2016-11-30T02:13:45Z,ls7,qd9v7z8u4j49,0.1486928104575163,0.669281045751634,0.18202614379084966
0.23763157894736844,0.5721052631578947,0.0,0.17500000000000002,0.0,0.0,2016-12-08T02:11:33Z,ls8,qd9v7z8u4j49,0.17771245323356497,0.5809727418492784,0.24131480491715662
0.1876666666666667,0.67,0.21052631578947367,0.12733333333333335,0.0,0.0,2016-12-16T02:13:40Z,ls7,qd9v7z8u4j49,0.12927241962774957,0.6802030456852791,0.19052453468697125
0.2128947368421053,0.6192105263157894,0.0,0.15157894736842104,0.0,0.0,2016-12-24T02:11:28Z,ls8,qd9v7z8u4j49,0.15409309791332262,0.6294810058855003,0.21642589620117716
0.21617647058823533,0.6617647058823528,0.10526315789473684,0.10852941176470589,0.0,0.0,2017-01-01T02:13:32Z,ls7,qd9v7z8u4j49,0.11001788908765656,0.6708407871198568,0.21914132379248666
0.26447368421052636,0.5815789473684211,0.0,0.13789473684210526,0.0,0.0,2017-01-09T02:11:25Z,ls8,qd9v7z8u4j49,0.1401444236426852,0.5910671302487296,0.2687884461085852
0.2786206896551724,0.5872413793103448,0.23684210526315785,0.12,0.0,0.0,2017-01-17T02:13:22Z,ls7,qd9v7z8u4j49,0.12172088142707241,0.5956628191675412,0.28261629940538646
0.2797368421052631,0.5723684210526315,0.0,0.13078947368421054,0.0,0.0,2017-01-25T02:11:20Z,ls8,qd9v7z8u4j49,0.13306559571619814,0.5823293172690762,0.28460508701472553
0.2551724137931035,0.63,0.23684210526315785,0.10103448275862068,0.0,0.0,2017-02-02T02:13:14Z,ls7,qd9v7z8u4j49,0.10244755244755242,0.6388111888111888,0.2587412587412588
,,1.0,,,,2017-02-10T02:11:12Z,ls8,qd9v7z8u4j49,,,
0.21037037037037035,0.6522222222222224,0.2894736842105263,0.12259259259259257,0.0,0.0,2017-02-18T02:13:13Z,ls7,qd9v7z8u4j49,0.12443609022556387,0.66203007518797,0.21353383458646613
0.2626315789473684,0.5468421052631581,0.0,0.17500000000000002,0.0,0.0,2017-02-26T02:11:07Z,ls8,qd9v7z8u4j49,0.17775995723068694,0.5554664528201017,0.2667735899492113
0.22633333333333336,0.6063333333333334,0.21052631578947367,0.15200000000000002,0.0,0.0,2017-03-06T02:13:21Z,ls7,qd9v7z8u4j49,0.15436696005416384,0.6157752200406229,0.22985781990521326
0.23000000000000004,0.5813888888888888,0.052631578947368474,0.17250000000000001,0.0,0.0,2017-03-14T02:10:58Z,ls8,qd9v7z8u4j49,0.17532467532467536,0.5909090909090909,0.23376623376623382
0.03375,0.79625,0.7894736842105263,0.1625,0.0,0.0,2017-03-22T02:13:27Z,ls7,qd9v7z8u4j49,0.16372795969773302,0.8022670025188917,0.03400503778337532
0.3305263157894738,0.4797368421052631,0.0,0.1726315789473684,0.0,0.0,2017-03-30T02:10:50Z,ls8,qd9v7z8u4j49,0.17563587684069612,0.48808567603748315,0.3362784471218207
0.3028571428571429,0.6071428571428571,0.8157894736842105,0.07428571428571429,0.0,0.0,2017-04-07T02:13:31Z,ls7,qd9v7z8u4j49,0.07547169811320756,0.6168359941944848,0.30769230769230776
0.35026315789473683,0.4286842105263158,0.0,0.20421052631578948,0.0,0.0,2017-04-15T02:10:42Z,ls8,qd9v7z8u4j49,0.20770877944325483,0.4360278372591006,0.3562633832976445
0.28903225806451616,0.5261290322580646,0.1842105263157895,0.17032258064516126,0.0,0.0,2017-04-23T02:13:38Z,ls7,qd9v7z8u4j49,0.17283142389525363,0.5338788870703765,0.29328968903436986
0.32263157894736844,0.4681578947368421,0.0,0.1918421052631579,0.0,0.0,2017-05-01T02:10:31Z,ls8,qd9v7z8u4j49,0.19523299410819495,0.4764327798607391,0.3283342260310659
0.32078947368421057,0.4842105263157894,0.0,0.17921052631578946,0.0,0.0,2017-05-17T02:10:42Z,ls8,qd9v7z8u4j49,0.1820855614973262,0.4919786096256684,0.3259358288770054
0.25281250000000005,0.5628125,0.1578947368421053,0.169375,0.0,0.0,2017-05-25T02:13:45Z,ls7,qd9v7z8u4j49,0.17195431472081216,0.5713832487309645,0.25666243654822335
0.23473684210526322,0.5647368421052632,0.5,0.18578947368421053,0.0,0.0,2017-06-02T02:10:51Z,ls8,qd9v7z8u4j49,0.18856837606837606,0.5731837606837606,0.2382478632478633
,,1.0,,,,2017-06-10T02:13:50Z,ls7,qd9v7z8u4j49,,,
0.33710526315789474,0.47210526315789475,0.0,0.1723684210526316,0.0,0.0,2017-06-18T02:10:58Z,ls8,qd9v7z8u4j49,0.17560321715817695,0.4809651474530831,0.34343163538873994
0.27033333333333337,0.5766666666666667,0.21052631578947367,0.1383333333333333,0.0,0.0,2017-06-26T02:13:53Z,ls7,qd9v7z8u4j49,0.14039242219215153,0.5852503382949932,0.27435723951285523
,,1.0,,,,2017-07-04T02:11:02Z,ls8,qd9v7z8u4j49,,,
,,1.0,,,,2017-07-12T02:13:54Z,ls7,qd9v7z8u4j49,,,
0.2197142857142857,0.3542857142857143,0.07894736842105265,0.4097142857142857,0.0,0.0,2017-07-20T02:11:06Z,ls8,qd9v7z8u4j49,0.4164972407783909,0.36015103107754864,0.22335172814406037
,,1.0,,,,2017-08-05T02:11:14Z,ls8,qd9v7z8u4j49,,,
0.0,0.0,0.8421052631578947,0.0,0.0,1.0,2017-08-13T02:13:50Z,ls7,qd9v7z8u4j49,0.0,0.0,0.0
0.15071428571428572,0.08321428571428571,0.26315789473684215,0.6053571428571429,0.0,0.14285714285714285,2017-08-21T02:11:19Z,ls8,qd9v7z8u4j49,0.6182370820668694,0.08498480243161095,0.1539209726443769
,,1.0,,,,2017-08-29T02:13:51Z,ls7,qd9v7z8u4j49,,,
,,1.0,,,,2017-09-06T02:11:21Z,ls8,qd9v7z8u4j49,,,
0.18666666666666668,0.07083333333333335,0.6842105263157895,0.7266666666666667,0.0,0.0,2017-09-14T02:13:49Z,ls7,qd9v7z8u4j49,0.7383573243014395,0.07197290431837428,0.1896697713801863
0.08363636363636365,0.23393939393939395,0.13157894736842102,0.6675757575757576,0.0,0.0,2017-09-30T02:13:50Z,ls7,qd9v7z8u4j49,0.6776376499538603,0.23746539526299598,0.08489695478314366
,,1.0,,,,2017-10-08T02:11:30Z,ls8,qd9v7z8u4j49,,,
0.30131578947368426,0.3134210526315789,0.0,0.3673684210526316,0.0,0.0,2017-10-24T02:11:33Z,ls8,qd9v7z8u4j49,0.3740621650589496,0.3191318327974276,0.30680600214362275
0.24451612903225803,0.5141935483870969,0.1842105263157895,0.22838709677419353,0.0,0.0,2017-11-01T02:13:52Z,ls7,qd9v7z8u4j49,0.2313725490196078,0.5209150326797386,0.24771241830065355
0.25236842105263163,0.5113157894736842,0.0,0.22026315789473683,0.0,0.0,2017-11-09T02:11:31Z,ls8,qd9v7z8u4j49,0.2238566461620754,0.519657662476598,0.2564856913613266
0.29157894736842105,0.5526315789473685,0.0,0.13999999999999999,0.0,0.0,2017-11-25T02:11:25Z,ls8,qd9v7z8u4j49,0.1422459893048128,0.5614973262032086,0.29625668449197856
,,1.0,,,,2017-12-03T02:13:43Z,ls7,qd9v7z8u4j49,,,
0.29605263157894735,0.5960526315789474,0.0,0.0918421052631579,0.0,0.0,2017-12-11T02:11:23Z,ls8,qd9v7z8u4j49,0.09334046536507089,0.6057769457074084,0.3008825889275207
0.37333333333333335,0.5812499999999999,0.368421052631579,0.029166666666666674,0.0,0.0,2017-12-19T02:13:34Z,ls7,qd9v7z8u4j49,0.02964845404489624,0.590851334180432,0.3795002117746718
0.33921052631578946,0.5697368421052631,0.0,0.07447368421052629,0.0,0.0,2017-12-27T02:11:25Z,ls8,qd9v7z8u4j49,0.07572919454107571,0.5793417179555794,0.344929087503345
0.3535483870967742,0.5748387096774193,0.1842105263157895,0.05612903225806452,0.0,0.0,2018-01-04T02:13:22Z,ls7,qd9v7z8u4j49,0.05701179554390564,0.5838794233289646,0.35910878112712974
0.3423684210526316,0.5642105263157895,0.0,0.07842105263157895,0.0,0.0,2018-01-12T02:11:19Z,ls8,qd9v7z8u4j49,0.079615281859471,0.5728025647876035,0.34758215335292547
,,1.0,,,,2018-01-20T02:13:08Z,ls7,qd9v7z8u4j49,,,
0.3344736842105263,0.5392105263157895,0.0,0.10789473684210521,0.0,0.0,2018-01-28T02:11:10Z,ls8,qd9v7z8u4j49,0.10991957104557637,0.5493297587131368,0.3407506702412869
,,1.0,,,,2018-02-12T02:18:58Z,ls7,qd9v7z8u4j49,,,
0.3636842105263158,0.5228947368421053,0.0,0.09552631578947367,0.0,0.0,2018-02-13T02:11:03Z,ls8,qd9v7z8u4j49,0.09726688102893888,0.532422293676313,0.37031082529474807
0.33928571428571436,0.5835714285714284,0.26315789473684215,0.06214285714285715,0.0,0.0,2018-02-21T02:12:42Z,ls7,qd9v7z8u4j49,0.06308919506889052,0.5924583031182015,0.34445250181290804
0.3405263157894736,0.5639473684210525,0.0,0.07868421052631576,0.0,0.0,2018-03-01T02:10:57Z,ls8,qd9v7z8u4j49,0.08003211991434687,0.5736081370449678,0.3463597430406852
0.3333333333333333,0.6073333333333334,0.21052631578947367,0.044000000000000004,0.0,0.0,2018-03-09T02:12:31Z,ls7,qd9v7z8u4j49,0.04468517264725795,0.6167907921462423,0.3385240352064996
0.4328947368421052,0.4844736842105264,0.0,0.06394736842105264,0.0,0.0,2018-03-17T02:10:47Z,ls8,qd9v7z8u4j49,0.06516492357200322,0.49369804237060877,0.44113703405738797
0.3742105263157894,0.543157894736842,0.0,0.06526315789473683,0.0,0.0,2018-04-02T02:10:41Z,ls8,qd9v7z8u4j49,0.0664167113015533,0.5527584359935727,0.38082485270487415
,,1.0,,,,2018-04-18T02:10:31Z,ls8,qd9v7z8u4j49,,,
,,1.0,,,,2018-04-26T02:11:47Z,ls7,qd9v7z8u4j49,,,
0.44657894736842113,0.4739473684210527,0.0,0.06026315789473683,0.0,0.0,2018-05-04T02:10:23Z,ls8,qd9v7z8u4j49,0.061443520257579806,0.4832304802790448,0.4553259994633754
0.3893333333333333,0.5656666666666667,0.21052631578947367,0.03133333333333333,0.0,0.0,2018-05-12T02:11:30Z,ls7,qd9v7z8u4j49,0.031767489016559645,0.573504562352146,0.39472794863129435
,,1.0,,,,2018-05-19T02:17:35Z,ls7,qd9v7z8u4j49,,,
0.45921052631578957,0.46736842105263154,0.0,0.05394736842105264,0.0,0.0,2018-05-20T02:10:11Z,ls8,qd9v7z8u4j49,0.05501878690284488,0.4766505636070853,0.46833064949006986
0.18533333333333335,0.6833333333333335,0.21052631578947367,0.12066666666666666,0.0,0.0,2018-05-28T02:11:16Z,ls7,qd9v7z8u4j49,0.12196765498652289,0.6907008086253369,0.18733153638814015
0.11896551724137933,0.39793103448275857,0.23684210526315785,0.4700000000000001,0.0,0.0,2018-06-13T02:10:59Z,ls7,qd9v7z8u4j49,0.47624039133473106,0.40321453529000695,0.12054507337526207
,,1.0,,,,2018-06-20T02:17:02Z,ls7,qd9v7z8u4j49,,,
,,1.0,,,,2018-06-21T02:10:12Z,ls8,qd9v7z8u4j49,,,
0.15750000000000003,0.27678571428571425,0.26315789473684215,0.5507142857142856,0.0,0.0,2018-06-29T02:10:41Z,ls7,qd9v7z8u4j49,0.5591007976794778,0.2810007251631617,0.15989847715736047
,,1.0,,,,2018-07-06T02:16:43Z,ls7,qd9v7z8u4j49,,,
,,1.0,,,,2018-07-07T02:10:21Z,ls8,qd9v7z8u4j49,,,
,,1.0,,,,2018-07-15T02:10:22Z,ls7,qd9v7z8u4j49,,,
,,1.0,,,,2018-07-23T02:10:27Z,ls8,qd9v7z8u4j49,,,
0.06225806451612904,0.05129032258064516,0.1842105263157895,0.8380645161290322,0.0,0.03225806451612903,2018-07-31T02:10:05Z,ls7,qd9v7z8u4j49,0.8522689994532532,0.05215965008201203,0.0633132859486058
,,1.0,,,,2018-08-08T02:10:36Z,ls8,qd9v7z8u4j49,,,
0.051111111111111114,0.0562962962962963,0.2894736842105263,0.764814814814815,0.0,0.1111111111111111,2018-08-16T02:09:47Z,ls7,qd9v7z8u4j49,0.7794291106393016,0.05737202170323189,0.052087756546355266
,,1.0,,,,2018-08-23T02:15:50Z,ls7,qd9v7z8u4j49,,,
0.16421052631578947,0.021578947368421055,0.0,0.773157894736842,0.0,0.02631578947368421,2018-08-24T02:10:44Z,ls8,qd9v7z8u4j49,0.7850395747876828,0.02191056675717835,0.16673406898145476
0.25333333333333335,0.017777777777777778,0.7631578947368421,0.7133333333333334,0.0,0.0,2018-09-01T02:09:28Z,ls7,qd9v7z8u4j49,0.7246049661399548,0.01805869074492099,0.25733634311512416
0.06526315789473686,0.037368421052631585,0.0,0.4381578947368421,0.0,0.4473684210526316,2018-09-09T02:10:50Z,ls8,qd9v7z8u4j49,0.44775259316173643,0.03818670764502498,0.066692278140607
0.03666666666666666,0.11700000000000002,0.21052631578947367,0.5363333333333333,0.0,0.3,2018-09-17T02:09:07Z,ls7,qd9v7z8u4j49,0.5441062801932367,0.11869565217391306,0.03719806763285023
,,1.0,,,,2018-09-24T02:15:08Z,ls7,qd9v7z8u4j49,,,
0.04631578947368422,0.16605263157894737,0.0,0.5863157894736842,0.0,0.18421052631578946,2018-09-25T02:10:55Z,ls8,qd9v7z8u4j49,0.5988727997919016,0.16960894823549813,0.0473077256568109
0.0,0.0,0.736842105263158,0.0,0.0,1.0,2018-10-03T02:08:44Z,ls7,qd9v7z8u4j49,0.0,0.0,0.0
,,1.0,,,,2018-10-11T02:11:03Z,ls8,qd9v7z8u4j49,,,
0.11967741935483873,0.5022580645161291,0.1842105263157895,0.36451612903225805,0.0,0.0,2018-10-19T02:08:21Z,ls7,qd9v7z8u4j49,0.369522563767168,0.5091563113145847,0.12132112491824723
,,1.0,,,,2018-10-26T02:14:23Z,ls7,qd9v7z8u4j49,,,
0.2123684210526316,0.48815789473684223,0.0,0.285,0.0,0.0,2018-10-27T02:11:08Z,ls8,qd9v7z8u4j49,0.28918558077436574,0.4953271028037384,0.21548731642189586
0.17655172413793108,0.6234482758620691,0.23684210526315785,0.186551724137931,0.0,0.0,2018-11-04T02:08:00Z,ls7,qd9v7z8u4j49,0.189094722125131,0.6319468717231738,0.17895840615169523
0.22466666666666665,0.5389999999999999,0.21052631578947367,0.2216666666666667,0.0,0.0,2018-11-12T02:11:10Z,ls8,qd9v7z8u4j49,0.22496617050067663,0.5470230040595399,0.2280108254397835
0.17500000000000004,0.6791176470588234,0.10526315789473684,0.13411764705882354,0.0,0.0,2018-11-20T02:07:38Z,ls7,qd9v7z8u4j49,0.13571428571428573,0.6872023809523808,0.1770833333333334
,,1.0,,,,2018-11-27T02:13:38Z,ls7,qd9v7z8u4j49,,,
0.21289473684210525,0.628421052631579,0.0,0.14578947368421055,0.0,0.0,2018-11-28T02:11:10Z,ls8,qd9v7z8u4j49,0.14769394828045856,0.6366302319381498,0.2156758197813916
,,1.0,,,,2018-12-13T02:13:12Z,ls7,qd9v7z8u4j49,,,
0.21789473684210525,0.648421052631579,0.0,0.11947368421052629,0.0,0.0,2018-12-14T02:11:06Z,ls8,qd9v7z8u4j49,0.12119594233849436,0.6577682861719167,0.2210357714895889
0.1996666666666667,0.7106666666666668,0.21052631578947367,0.076,0.0,0.0,2018-12-22T02:06:46Z,ls7,qd9v7z8u4j49,0.07705305846569786,0.720513687056438,0.20243325447786414
,,1.0,,,,2018-12-29T02:12:44Z,ls7,qd9v7z8u4j49,,,
0.19631578947368422,0.6705263157894737,0.0,0.11947368421052634,0.0,0.0,2018-12-30T02:11:07Z,ls8,qd9v7z8u4j49,0.12113127001067238,0.67982924226254,0.19903948772678762
0.20413793103448274,0.6955172413793105,0.23684210526315785,0.08655172413793102,0.0,0.0,2019-01-07T02:06:17Z,ls7,qd9v7z8u4j49,0.08776223776223774,0.7052447552447553,0.20699300699300696
,,1.0,,,,2019-01-14T02:12:14Z,ls7,qd9v7z8u4j49,,,
0.23026315789473684,0.6384210526315789,0.0,0.11763157894736839,0.0,0.0,2019-01-15T02:11:05Z,ls8,qd9v7z8u4j49,0.11926360725720382,0.6472785485592316,0.23345784418356458
,,1.0,,,,2019-01-23T02:05:46Z,ls7,qd9v7z8u4j49,,,
,,1.0,,,,2019-01-30T02:11:43Z,ls7,qd9v7z8u4j49,,,
0.2847368421052632,0.5957894736842105,0.0,0.105,0.0,0.0,2019-01-31T02:11:01Z,ls8,qd9v7z8u4j49,0.10654205607476636,0.6045393858477971,0.2889185580774366
0.26233333333333336,0.6549999999999999,0.21052631578947367,0.06666666666666667,0.0,0.0,2019-02-08T02:05:17Z,ls7,qd9v7z8u4j49,0.06775067750677506,0.6656504065040649,0.2665989159891599
,,1.0,,,,2019-02-15T02:11:15Z,ls7,qd9v7z8u4j49,,,
0.2863157894736842,0.578421052631579,0.0,0.11894736842105262,0.0,0.0,2019-02-16T02:10:59Z,ls8,qd9v7z8u4j49,0.12092027822364901,0.5880149812734082,0.29106474050294273
0.25933333333333336,0.6423333333333333,0.21052631578947367,0.0833333333333333,0.0,0.0,2019-02-24T02:04:48Z,ls7,qd9v7z8u4j49,0.08460236886632823,0.6521150592216582,0.2632825719120136
,,1.0,,,,2019-03-03T02:10:45Z,ls7,qd9v7z8u4j49,,,
,,1.0,,,,2019-03-04T02:10:54Z,ls8,qd9v7z8u4j49,,,
0.281875,0.59875,0.1578947368421053,0.10531249999999999,0.0,0.0,2019-03-12T02:04:17Z,ls7,qd9v7z8u4j49,0.10681458003169571,0.6072900158478606,0.28589540412044373
,,1.0,,,,2019-03-19T02:10:14Z,ls7,qd9v7z8u4j49,,,
0.2889473684210526,0.5644736842105262,0.0,0.13263157894736843,0.0,0.0,2019-03-20T02:10:49Z,ls8,qd9v7z8u4j49,0.13450760608486792,0.5724579663730984,0.2930344275420336
0.1128,0.8244,0.3421052631578947,0.054400000000000004,0.0,0.0,2019-03-28T02:03:45Z,ls7,qd9v7z8u4j49,0.05486083098023397,0.8313836224283986,0.11375554659136748
0.3613157894736842,0.5026315789473683,0.0,0.11973684210526316,0.0,0.0,2019-04-05T02:10:46Z,ls8,qd9v7z8u4j49,0.12172284644194757,0.5109684323167468,0.36730872124130554
0.27875,0.6271875,0.1578947368421053,0.07999999999999999,0.0,0.0,2019-04-13T02:03:12Z,ls7,qd9v7z8u4j49,0.08114104595879555,0.6361331220285262,0.2827258320126783
0.3315789473684211,0.5397368421052631,0.0,0.11394736842105262,0.0,0.0,2019-04-21T02:10:39Z,ls8,qd9v7z8u4j49,0.1156517094017094,0.547809829059829,0.3365384615384616
0.3331578947368421,0.521578947368421,0.0,0.12710526315789475,0.0,0.0,2019-05-07T02:10:43Z,ls8,qd9v7z8u4j49,0.12945590994371484,0.5312248726882873,0.33931921736799786
0.34,0.5706896551724138,0.23684210526315785,0.07379310344827585,0.0,0.0,2019-05-15T02:01:59Z,ls7,qd9v7z8u4j49,0.07495621716287214,0.5796847635726795,0.34535901926444834
,,1.0,,,,2019-05-22T02:07:53Z,ls7,qd9v7z8u4j49,,,
,,1.0,,,,2019-05-23T02:10:53Z,ls8,qd9v7z8u4j49,,,
,,1.0,,,,2019-05-31T02:01:24Z,ls7,qd9v7z8u4j49,,,
,,1.0,,,,2019-06-08T02:11:01Z,ls8,qd9v7z8u4j49,,,
,,1.0,,,,2019-06-24T02:11:07Z,ls8,qd9v7z8u4j49,,,
0.18285714285714283,0.37999999999999995,0.26315789473684215,0.42071428571428576,0.0,0.0,2019-07-02T02:00:13Z,ls7,qd9v7z8u4j49,0.4277414669571533,0.38634713144517063,0.18591140159767608
,,1.0,,,,2019-07-09T02:06:08Z,ls7,qd9v7z8u4j49,,,
0.2552631578947368,0.2623684210526316,0.0,0.4636842105263157,0.0,0.0,2019-07-10T02:11:10Z,ls8,qd9v7z8u4j49,0.4725127379994636,0.26736390453204617,0.2601233574684902
0.2343333333333333,0.199,0.21052631578947367,0.5530000000000002,0.0,0.0,2019-07-18T01:59:36Z,ls7,qd9v7z8u4j49,0.5606623859411964,0.2017573504562352,0.23758026360256837
0.2544736842105263,0.1542105263157895,0.0,0.5739473684210527,0.0,0.0,2019-07-26T02:11:15Z,ls8,qd9v7z8u4j49,0.584092126405999,0.15693626138189612,0.25897161221210496
0.25576923076923075,0.08923076923076922,0.3157894736842105,0.6399999999999999,0.0,0.0,2019-08-03T01:58:57Z,ls7,qd9v7z8u4j49,0.649746192893401,0.09058961343225302,0.25966419367434596
,,1.0,,,,2019-08-10T02:04:51Z,ls7,qd9v7z8u4j49,,,
0.18684210526315792,0.03947368421052632,0.0,0.7513157894736843,0.0,0.0,2019-08-11T02:11:21Z,ls8,qd9v7z8u4j49,0.7685060565275909,0.04037685060565276,0.1911170928667564
0.0846875,0.1278125,0.1578947368421053,0.7715624999999998,0.0,0.0,2019-08-19T01:58:17Z,ls7,qd9v7z8u4j49,0.7840584312480152,0.1298825023817085,0.08605906637027629
,,1.0,,,,2019-08-26T02:04:10Z,ls7,qd9v7z8u4j49,,,
0.16868421052631577,0.047894736842105275,0.0,0.7600000000000001,0.0,0.0,2019-08-27T02:11:25Z,ls8,qd9v7z8u4j49,0.7782268930207491,0.049043384532471035,0.17272972244677978
0.010499999999999999,0.1345,0.4736842105263158,0.24900000000000003,0.0,0.6,2019-09-04T01:57:36Z,ls7,qd9v7z8u4j49,0.2527918781725888,0.1365482233502538,0.010659898477157358
0.1731578947368421,0.17842105263157895,0.0,0.6289473684210527,0.0,0.0,2019-09-12T02:11:30Z,ls8,qd9v7z8u4j49,0.6414385399892647,0.1819645732689211,0.17659688674181426
0.27806451612903227,0.185483870967742,0.1842105263157895,0.5212903225806451,0.0,0.0,2019-09-20T01:56:54Z,ls7,qd9v7z8u4j49,0.5293154274484113,0.18833933835571573,0.28234523419587293
,,1.0,,,,2019-09-27T02:02:46Z,ls7,qd9v7z8u4j49,,,
0.2326315789473684,0.2989473684210527,0.0,0.4505263157894736,0.0,0.0,2019-09-28T02:11:35Z,ls8,qd9v7z8u4j49,0.45873526259378344,0.3043944265809218,0.23687031082529475
0.275,0.4636666666666666,0.21052631578947367,0.24733333333333335,0.0,0.0,2019-10-06T01:56:13Z,ls7,qd9v7z8u4j49,0.2508451656524679,0.47025016903313044,0.27890466531440167
,,1.0,,,,2019-10-14T02:11:38Z,ls8,qd9v7z8u4j49,,,
0.2655172413793104,0.5624137931034482,0.23684210526315785,0.1603448275862069,0.0,0.0,2019-10-22T01:55:33Z,ls7,qd9v7z8u4j49,0.1622470341939986,0.5690858339148638,0.2686671318911375
,,1.0,,,,2019-10-29T02:01:25Z,ls7,qd9v7z8u4j49,,,
0.32,0.5319354838709677,0.1842105263157895,0.132258064516129,0.0,0.0,2019-10-30T02:11:38Z,ls8,qd9v7z8u4j49,0.13438216978039985,0.5404785316289741,0.32513929859062607
0.328,0.5583333333333333,0.21052631578947367,0.09866666666666668,0.0,0.0,2019-11-07T01:54:50Z,ls7,qd9v7z8u4j49,0.10016920473773266,0.5668358714043993,0.332994923857868
,,1.0,,,,2019-11-14T02:00:42Z,ls7,qd9v7z8u4j49,,,
0.35000000000000003,0.5234210526315788,0.0,0.11157894736842106,0.0,0.0,2019-11-15T02:11:35Z,ls8,qd9v7z8u4j49,0.11327811915575743,0.5313919316056638,0.35532994923857875
0.35193548387096774,0.5564516129032256,0.1842105263157895,0.07451612903225806,0.0,0.0,2019-11-23T01:54:06Z,ls7,qd9v7z8u4j49,0.07581227436823106,0.5661306202822448,0.3580571053495242
,,1.0,,,,2019-11-30T01:59:56Z,ls7,qd9v7z8u4j49,,,
0.39131578947368423,0.5086842105263161,0.0,0.08526315789473685,0.0,0.0,2019-12-01T02:11:33Z,ls8,qd9v7z8u4j49,0.08653846153846152,0.5162927350427352,0.39716880341880334
0.35407407407407415,0.5507407407407408,0.2894736842105263,0.07962962962962962,0.0,0.0,2019-12-09T01:53:19Z,ls7,qd9v7z8u4j49,0.08088788562829194,0.5594431903686983,0.35966892400300987
,,1.0,,,,2019-12-16T01:59:09Z,ls7,qd9v7z8u4j49,,,
0.3473684210526316,0.5499999999999998,0.0,0.08552631578947369,0.0,0.0,2019-12-17T02:11:32Z,ls8,qd9v7z8u4j49,0.08701472556894246,0.5595716198125836,0.353413654618474
0.27680000000000005,0.6568,0.3421052631578947,0.05080000000000001,0.0,0.0,2019-12-25T01:52:30Z,ls7,qd9v7z8u4j49,0.05160503860219424,0.6672084518488419,0.28118650954896385
0.37,0.545,0.9473684210526316,0.065,0.0,0.0,2020-01-01T01:58:19Z,ls7,qd9v7z8u4j49,0.06632653061224489,0.5561224489795918,0.37755102040816324
0.4078947368421052,0.4921052631578948,0.0,0.08236842105263156,0.0,0.0,2020-01-02T02:11:27Z,ls8,qd9v7z8u4j49,0.08384677203321723,0.5009375837128316,0.4152156442539512
0.4244827586206896,0.523103448275862,0.23684210526315785,0.036551724137931035,0.0,0.0,2020-01-10T01:51:40Z,ls7,qd9v7z8u4j49,0.03714085494043448,0.5315346881569726,0.43132445690259286
0.4266666666666667,0.5333333333333333,0.9210526315789473,0.02333333333333333,0.0,0.0,2020-01-17T01:57:30Z,ls7,qd9v7z8u4j49,0.02372881355932203,0.5423728813559322,0.43389830508474575
0.3878947368421053,0.5284210526315789,0.0,0.06552631578947367,0.0,0.0,2020-01-18T02:11:24Z,ls8,qd9v7z8u4j49,0.0667381399088716,0.5381935138032699,0.39506834628785853
0.41333333333333333,0.5236363636363636,0.13157894736842102,0.04818181818181819,0.0,0.0,2020-01-26T01:50:53Z,ls7,qd9v7z8u4j49,0.04890802829898493,0.531528760381421,0.419563211319594
,,1.0,,,,2020-02-02T01:56:43Z,ls7,qd9v7z8u4j49,,,
0.43736842105263163,0.49552631578947365,0.0,0.04973684210526316,0.0,0.0,2020-02-03T02:11:19Z,ls8,qd9v7z8u4j49,0.05061596143545796,0.5042849491162292,0.44509908944831283
0.17333333333333334,0.7533333333333334,0.6052631578947368,0.062000000000000006,0.0,0.0,2020-02-11T01:50:04Z,ls7,qd9v7z8u4j49,0.06271072151045179,0.7619689817936615,0.1753202966958867
,,1.0,,,,2020-02-18T01:55:53Z,ls7,qd9v7z8u4j49,,,
0.48,0.45499999999999996,0.9473684210526316,0.045,0.0,0.0,2020-02-19T02:11:15Z,ls8,qd9v7z8u4j49,0.04591836734693878,0.46428571428571425,0.4897959183673469
,,1.0,,,,2020-03-05T01:55:02Z,ls7,qd9v7z8u4j49,,,
,,1.0,,,,2020-03-06T02:11:10Z,ls8,qd9v7z8u4j49,,,
0.6366666666666667,0.14916666666666667,0.6842105263157895,0.19333333333333336,0.0,0.0,2020-03-14T01:48:22Z,ls7,qd9v7z8u4j49,0.1974468085106383,0.15234042553191487,0.6502127659574468
,,1.0,,,,2020-03-21T01:54:09Z,ls7,qd9v7z8u4j49,,,
0.41789473684210526,0.2755263157894737,0.0,0.28763157894736835,0.0,0.0,2020-03-22T02:11:02Z,ls8,qd9v7z8u4j49,0.2931866952789699,0.28084763948497854,0.4259656652360515
0.42586206896551715,0.30965517241379314,0.23684210526315785,0.2489655172413793,0.0,0.0,2020-03-30T01:47:28Z,ls7,qd9v7z8u4j49,0.2528896672504378,0.3145359019264449,0.4325744308231173
0.56,0.4,0.9736842105263158,0.02,0.0,0.0,2020-04-06T01:53:15Z,ls7,qd9v7z8u4j49,0.02040816326530612,0.40816326530612246,0.5714285714285714
0.428421052631579,0.3192105263157895,0.0,0.23421052631578954,0.0,0.0,2020-04-07T02:10:53Z,ls8,qd9v7z8u4j49,0.23854194585901906,0.3251139104797641,0.43634414366121677
0.43722222222222223,0.3533333333333333,0.5263157894736843,0.19555555555555557,0.0,0.0,2020-04-15T01:46:33Z,ls7,qd9v7z8u4j49,0.19830985915492957,0.3583098591549295,0.4433802816901408
0.3383333333333333,0.3866666666666667,0.8421052631578947,0.26,0.0,0.0,2020-04-22T01:52:19Z,ls7,qd9v7z8u4j49,0.2639593908629441,0.39255499153976314,0.3434856175972927
0.41157894736842104,0.36394736842105263,0.0,0.20789473684210524,0.0,0.0,2020-04-23T02:10:47Z,ls8,qd9v7z8u4j49,0.21139951833021137,0.37008295424137005,0.4185175274284185
0.466551724137931,0.3603448275862069,0.23684210526315785,0.15758620689655173,0.0,0.0,2020-05-01T01:45:36Z,ls7,qd9v7z8u4j49,0.16007005253940457,0.36602451838879163,0.4739054290718039
0.043333333333333335,0.6758333333333333,0.6842105263157895,0.27166666666666667,0.0,0.0,2020-05-08T01:51:22Z,ls7,qd9v7z8u4j49,0.27417998317914216,0.6820857863751051,0.04373423044575273
,,1.0,,,,2020-05-09T02:10:38Z,ls8,qd9v7z8u4j49,,,
0.463,0.3696666666666667,0.21052631578947367,0.15533333333333335,0.0,0.0,2020-05-17T01:44:38Z,ls7,qd9v7z8u4j49,0.1572199730094467,0.37415654520917685,0.4686234817813765
0.0,0.0,0.5526315789473684,0.0,0.7647058823529411,0.23529411764705882,2020-05-25T02:10:41Z,ls8,qd9v7z8u4j49,0.0,0.0,0.0
0.5882758620689656,0.22137931034482758,0.23684210526315785,0.17517241379310342,0.0,0.0,2020-06-02T01:43:40Z,ls7,qd9v7z8u4j49,0.1778711484593837,0.2247899159663865,0.5973389355742298
0.40157894736842104,0.2573684210526316,0.5,0.3273684210526316,0.0,0.0,2020-06-09T01:49:27Z,ls7,qd9v7z8u4j49,0.3319103521878335,0.26093916755602986,0.4071504802561366
0.5121052631578947,0.1731578947368421,0.0,0.2944736842105263,0.0,0.0,2020-06-10T02:10:50Z,ls8,qd9v7z8u4j49,0.3005640612409347,0.17673918882621542,0.5226967499328499
0.0,0.635,0.8947368421052632,0.35500000000000004,0.0,0.0,2020-06-18T01:42:44Z,ls7,qd9v7z8u4j49,0.3585858585858586,0.6414141414141414,0.0
0.15499999999999997,0.20571428571428577,0.631578947368421,0.6271428571428572,0.0,0.0,2020-06-25T01:48:30Z,ls7,qd9v7z8u4j49,0.6348517715112075,0.2082429501084599,0.15690527838033255
0.23157894736842102,0.10921052631578948,0.0,0.6405263157894737,0.0,0.0,2020-06-26T02:10:59Z,ls8,qd9v7z8u4j49,0.6527219093590775,0.111289890050952,0.23598820058997047
0.19222222222222224,0.13185185185185186,0.2894736842105263,0.6625925925925925,0.0,0.0,2020-07-04T01:41:47Z,ls7,qd9v7z8u4j49,0.6715465465465466,0.13363363363363365,0.19481981981981986
0.20375,0.06375,0.7894736842105263,0.72,0.0,0.0,2020-07-11T01:47:32Z,ls7,qd9v7z8u4j49,0.7291139240506329,0.06455696202531647,0.20632911392405062
0.26842105263157895,0.027894736842105264,0.0,0.6865789473684212,0.0,0.0,2020-07-12T02:11:05Z,ls8,qd9v7z8u4j49,0.6985274431057563,0.028380187416331987,0.2730923694779116
0.14740740740740738,0.0811111111111111,0.2894736842105263,0.7537037037037038,0.0,0.0,2020-07-20T01:40:49Z,ls7,qd9v7z8u4j49,0.7673453996983408,0.08257918552036198,0.15007541478129707
0.16888888888888887,0.11666666666666667,0.7631578947368421,0.6977777777777777,0.0,0.0,2020-07-27T01:46:33Z,ls7,qd9v7z8u4j49,0.7096045197740113,0.11864406779661017,0.17175141242937852
0.3325,0.05499999999999999,0.8947368421052632,0.6,0.0,0.0,2020-07-28T02:11:10Z,ls8,qd9v7z8u4j49,0.6075949367088607,0.05569620253164556,0.3367088607594937
0.08225806451612902,0.13774193548387095,0.1842105263157895,0.7638709677419355,0.0,0.0,2020-08-05T01:39:49Z,ls7,qd9v7z8u4j49,0.7763934426229508,0.13999999999999999,0.08360655737704917
,,1.0,,,,2020-08-13T02:11:14Z,ls8,qd9v7z8u4j49,,,
,,1.0,,,,2020-08-21T01:38:48Z,ls7,qd9v7z8u4j49,,,
0.07458333333333333,0.08083333333333333,0.368421052631579,0.49833333333333335,0.0,0.3333333333333333,2020-08-28T01:44:31Z,ls7,qd9v7z8u4j49,0.5081793074144891,0.08243042277459103,0.07605693647758659
,,1.0,,,,2020-08-29T02:11:22Z,ls8,qd9v7z8u4j49,,,
0.14241379310344823,0.20758620689655172,0.23684210526315785,0.6341379310344828,0.0,0.0,2020-09-22T01:36:41Z,ls7,qd9v7z8u4j49,0.6443587946741416,0.2109320252277505,0.14470918009810788
0.2668421052631579,0.1971052631578947,0.0,0.5144736842105263,0.0,0.0,2020-09-30T02:11:33Z,ls8,qd9v7z8u4j49,0.5258203335126412,0.20145239376008606,0.27272727272727276
0.13874999999999998,0.5275,0.7894736842105263,0.32125,0.0,0.0,2020-10-08T01:35:40Z,ls7,qd9v7z8u4j49,0.32531645569620254,0.5341772151898735,0.14050632911392405
,,1.0,,,,2020-10-16T02:11:34Z,ls8,qd9v7z8u4j49,,,
0.21172413793103448,0.553448275862069,0.23684210526315785,0.21965517241379307,0.0,0.0,2020-10-24T01:34:38Z,ls7,qd9v7z8u4j49,0.22303921568627447,0.5619747899159664,0.2149859943977591
0.2551724137931034,0.6158620689655172,0.23684210526315785,0.11379310344827588,0.0,0.0,2020-11-09T01:33:33Z,ls7,qd9v7z8u4j49,0.11554621848739499,0.6253501400560224,0.2591036414565826
0.32,0.5262500000000001,0.7894736842105263,0.13625,0.0,0.0,2020-11-16T01:39:15Z,ls7,qd9v7z8u4j49,0.138676844783715,0.5356234096692112,0.32569974554707376
,,1.0,,,,2020-11-17T02:11:32Z,ls8,qd9v7z8u4j49,,,
0.2838235294117647,0.5744117647058823,0.10526315789473684,0.12588235294117642,0.0,0.0,2020-11-25T01:32:26Z,ls7,qd9v7z8u4j49,0.12791392707710694,0.5836820083682008,0.2884040645546922
0.28791666666666665,0.5970833333333333,0.368421052631579,0.10166666666666667,0.0,0.0,2020-12-02T01:38:06Z,ls7,qd9v7z8u4j49,0.10304054054054056,0.6051520270270271,0.29180743243243246
0.3255263157894738,0.5363157894736843,0.0,0.12263157894736842,0.0,0.0,2020-12-03T02:11:35Z,ls8,qd9v7z8u4j49,0.12456562416466184,0.5447741245656241,0.330660251269714
0.2537931034482758,0.6506896551724138,0.23684210526315785,0.08206896551724134,0.0,0.0,2020-12-11T01:31:15Z,ls7,qd9v7z8u4j49,0.08318769660957705,0.6595595945473612,0.25725270884306184
0.3499999999999999,0.5700000000000001,0.4473684210526315,0.06476190476190477,0.0,0.0,2020-12-18T01:36:54Z,ls7,qd9v7z8u4j49,0.06576402321083173,0.5788201160541587,0.3554158607350096
0.3194736842105263,0.5842105263157895,0.0,0.08026315789473683,0.0,0.0,2020-12-19T02:11:35Z,ls8,qd9v7z8u4j49,0.08157261299812782,0.5937416421503076,0.32468574485156454
0.30166666666666664,0.6316666666666666,0.21052631578947367,0.05233333333333334,0.0,0.0,2020-12-27T01:30:04Z,ls7,qd9v7z8u4j49,0.05309435238417316,0.6408522150828543,0.3060534325329726
0.3180952380952381,0.638095238095238,0.4473684210526315,0.03095238095238096,0.0,0.0,2021-01-03T01:35:46Z,ls7,qd9v7z8u4j49,0.03135552339604439,0.6464061746261457,0.32223830197780995
0.3231578947368422,0.5907894736842106,0.0,0.07052631578947367,0.0,0.0,2021-01-04T02:11:30Z,ls8,qd9v7z8u4j49,0.07163859930499863,0.6001069232825448,0.3282544774124566
,,1.0,,,,2021-01-12T01:28:57Z,ls7,qd9v7z8u4j49,,,
0.209,0.73,0.736842105263158,0.041999999999999996,0.0,0.0,2021-01-20T02:11:23Z,ls8,qd9v7z8u4j49,0.04281345565749235,0.744138634046891,0.2130479102956167
0.4088888888888889,0.5133333333333333,0.2894736842105263,0.061481481481481484,0.0,0.0,2021-01-28T01:27:48Z,ls7,qd9v7z8u4j49,0.0625,0.5218373493975903,0.41566265060240964
0.5214285714285715,0.40571428571428575,0.8157894736842105,0.055714285714285716,0.0,0.0,2021-02-04T01:33:28Z,ls7,qd9v7z8u4j49,0.05668604651162791,0.4127906976744186,0.5305232558139535
,,1.0,,,,2021-02-05T02:11:21Z,ls8,qd9v7z8u4j49,,,
,,1.0,,,,2021-02-13T01:26:37Z,ls7,qd9v7z8u4j49,,,
0.375,0.27499999999999997,0.8421052631578947,0.3383333333333333,0.0,0.0,2021-02-20T01:32:16Z,ls7,qd9v7z8u4j49,0.342327150084317,0.2782462057335582,0.3794266441821248
0.3594736842105263,0.37894736842105264,0.0,0.24421052631578952,0.0,0.0,2021-02-21T02:11:17Z,ls8,qd9v7z8u4j49,0.24852704874129625,0.38564542046063205,0.36582753079807173
0.5162962962962963,0.3185185185185186,0.2894736842105263,0.14925925925925926,0.0,0.0,2021-03-01T01:25:24Z,ls7,qd9v7z8u4j49,0.15167482122694767,0.3236733157696651,0.5246518630033872
0.3709090909090909,0.4690909090909091,0.7105263157894737,0.14545454545454548,0.0,0.0,2021-03-08T01:31:02Z,ls7,qd9v7z8u4j49,0.14760147601476015,0.4760147601476014,0.37638376383763833
0.3454054054054054,0.4772972972972974,0.02631578947368418,0.1608108108108108,0.0,0.0,2021-03-09T02:11:09Z,ls8,qd9v7z8u4j49,0.16350645781808187,0.48529815883484484,0.35119538334707334
0.39444444444444443,0.5218518518518519,0.2894736842105263,0.06777777777777778,0.0,0.0,2021-03-17T01:24:08Z,ls7,qd9v7z8u4j49,0.06887467068121943,0.5302973278133233,0.4008280015054573
0.5359999999999999,0.39249999999999996,0.4736842105263158,0.054000000000000006,0.0,0.0,2021-03-24T01:29:46Z,ls7,qd9v7z8u4j49,0.054961832061068715,0.39949109414758266,0.5455470737913486
,,1.0,,,,2021-03-25T02:11:02Z,ls8,qd9v7z8u4j49,,,
0.39062499999999994,0.553125,0.1578947368421053,0.0415625,0.0,0.0,2021-04-02T01:22:51Z,ls7,qd9v7z8u4j49,0.042182048842372345,0.5613701236917221,0.3964478274659054
0.44799999999999995,0.5088,0.3421052631578947,0.027200000000000002,0.0,0.0,2021-04-09T01:28:27Z,ls7,qd9v7z8u4j49,0.02764227642276423,0.5170731707317073,0.45528455284552843
,,1.0,,,,2021-04-10T02:10:58Z,ls8,qd9v7z8u4j49,,,
0.49821428571428567,0.4407142857142858,0.26315789473684215,0.042857142857142864,0.0,0.0,2021-04-18T01:21:31Z,ls7,qd9v7z8u4j49,0.043652237177155336,0.44889050563841404,0.5074572571844307
0.3834782608695652,0.5617391304347827,0.39473684210526316,0.0382608695652174,0.0,0.0,2021-04-25T01:27:06Z,ls7,qd9v7z8u4j49,0.038903625110521665,0.5711759504862953,0.389920424403183
0.4565789473684212,0.45736842105263154,0.0,0.06631578947368422,0.0,0.0,2021-04-26T02:10:50Z,ls8,qd9v7z8u4j49,0.06765100671140939,0.4665771812080536,0.46577181208053703
0.32866666666666666,0.5873333333333334,0.6052631578947368,0.07066666666666668,0.0,0.0,2021-05-12T02:10:47Z,ls8,qd9v7z8u4j49,0.07162162162162164,0.5952702702702702,0.3331081081081081
0.373448275862069,0.523448275862069,0.23684210526315785,0.08620689655172414,0.0,0.0,2021-05-20T01:18:49Z,ls7,qd9v7z8u4j49,0.08768853034023151,0.5324447562258857,0.3798667134338829
0.29666666666666663,0.3218181818181818,0.13157894736842102,0.36848484848484847,0.0,0.0,2021-06-05T01:17:27Z,ls7,qd9v7z8u4j49,0.37334970832054043,0.3260669327602088,0.30058335891925086
0.07833333333333335,0.48166666666666663,0.368421052631579,0.4291666666666667,0.0,0.0,2021-06-12T01:23:04Z,ls7,qd9v7z8u4j49,0.43386689132266215,0.48694187026116253,0.07919123841617524
0.2555263157894737,0.23342105263157892,0.0,0.4939473684210527,0.0,0.0,2021-06-13T02:11:04Z,ls8,qd9v7z8u4j49,0.5025435073627845,0.237483266398929,0.2599732262382865
,,1.0,,,,2021-06-21T01:16:09Z,ls7,qd9v7z8u4j49,,,
,,1.0,,,,2021-06-29T02:11:08Z,ls8,qd9v7z8u4j49,,,
0.03379310344827586,0.09344827586206897,0.23684210526315785,0.5886206896551724,0.0,0.27586206896551724,2021-07-07T01:14:49Z,ls7,qd9v7z8u4j49,0.595425553119394,0.0945286027506478,0.0341837751644409
0.10421052631578946,0.0681578947368421,0.0,0.8068421052631579,0.0,0.0,2021-07-15T02:11:09Z,ls8,qd9v7z8u4j49,0.8239720505240528,0.06960494490728299,0.10642300456866433
0.12374999999999999,0.011875,0.1578947368421053,0.14468750000000002,0.0,0.71875,2021-07-23T01:13:27Z,ls7,qd9v7z8u4j49,0.14517140468227427,0.011914715719063544,0.12416387959866218
0.0,0.0,0.868421052631579,0.0,0.6,0.4,2021-07-31T02:11:17Z,ls8,qd9v7z8u4j49,0.0,0.0,0.0
0.03476190476190476,0.13571428571428573,0.4473684210526315,0.5809523809523809,0.0,0.23809523809523808,2021-08-15T01:17:35Z,ls7,qd9v7z8u4j49,0.5890518438046954,0.13760637334781825,0.03524654475224817
0.1694736842105263,0.05763157894736842,0.0,0.6771052631578948,0.0,0.07894736842105263,2021-08-16T02:11:23Z,ls8,qd9v7z8u4j49,0.6897172354635133,0.058705042583175056,0.17263035353225903
0.07192307692307692,0.07461538461538461,0.3157894736842105,0.5726923076923077,0.0,0.2692307692307692,2021-08-24T01:10:38Z,ls7,qd9v7z8u4j49,0.5818798848210612,0.07581242287124638,0.07307692307692307
0.02538461538461538,0.04846153846153846,0.6578947368421053,0.1546153846153846,0.23076923076923078,0.5384615384615384,2021-09-16T01:14:48Z,ls7,qd9v7z8u4j49,0.15617715617715616,0.048951048951048945,0.025641025641025633
,,1.0,,,,2021-09-17T02:11:32Z,ls8,qd9v7z8u4j49,,,
0.24555555555555553,0.3237037037037037,0.2894736842105263,0.4177777777777778,0.0,0.0,2021-09-25T01:07:49Z,ls7,qd9v7z8u4j49,0.4232645403377111,0.3279549718574109,0.24878048780487802
0.16868421052631583,0.5092105263157896,0.0,0.2576315789473684,0.0,0.05263157894736842,2021-10-03T02:11:36Z,ls8,qd9v7z8u4j49,0.2608927381745503,0.5156562291805463,0.170819453697535
0.23720000000000002,0.5691999999999999,0.3421052631578947,0.18080000000000002,0.0,0.0,2021-11-03T01:10:29Z,ls7,qd9v7z8u4j49,0.18314424635332252,0.5765802269043759,0.24027552674230146
0.26736842105263153,0.5307894736842106,0.0,0.18710526315789472,0.0,0.0,2021-11-04T02:11:39Z,ls8,qd9v7z8u4j49,0.18990384615384615,0.5387286324786326,0.27136752136752135
0.22384615384615386,0.5776923076923077,0.3157894736842105,0.18538461538461537,0.0,0.0,2021-11-12T01:03:26Z,ls7,qd9v7z8u4j49,0.1878409976617303,0.5853468433359313,0.22681215900233825
0.2117241379310345,0.5920689655172414,0.23684210526315785,0.18310344827586209,0.0,0.0,2021-11-18T02:13:25Z,ls9,qd9v7z8u4j49,0.18553459119496854,0.5999301187980433,0.21453529000698812
0.2613636363636363,0.5290909090909091,0.42105263157894735,0.1959090909090909,0.0,0.0,2021-11-19T01:08:56Z,ls7,qd9v7z8u4j49,0.1986175115207373,0.536405529953917,0.2649769585253456
0.288421052631579,0.5210526315789474,0.0,0.17605263157894738,0.0,0.0,2021-11-20T02:11:34Z,ls8,qd9v7z8u4j49,0.17863818424566086,0.5287049399198932,0.292656875834446
0.32111111111111107,0.5618518518518518,0.2894736842105263,0.10259259259259258,0.0,0.0,2021-11-28T01:01:54Z,ls7,qd9v7z8u4j49,0.10409620443442315,0.5700864336715521,0.32581736189402477
,,1.0,,,,2021-12-05T01:07:25Z,ls7,qd9v7z8u4j49,,,
0.3439473684210526,0.5260526315789473,0.0,0.115,0.0,0.0,2021-12-06T02:11:36Z,ls8,qd9v7z8u4j49,0.11675126903553301,0.5340635853593374,0.3491851456051296
0.39657894736842103,0.47421052631578947,0.0,0.11263157894736843,0.0,0.0,2021-12-14T02:11:32Z,ls9,qd9v7z8u4j49,0.11453037195611454,0.4822049772544822,0.4032646507894032
0.3352631578947369,0.5328947368421054,0.0,0.11526315789473685,0.0,0.0,2021-12-22T02:11:33Z,ls8,qd9v7z8u4j49,0.11720631522611719,0.541878512175542,0.34091517259834087
0.285,0.41210526315789475,0.0,0.05447368421052632,0.0,0.23684210526315788,2021-12-30T00:58:48Z,ls7,qd9v7z8u4j49,0.05531291463954002,0.41845422379478103,0.289390756302521
,,1.0,,,,2022-01-06T01:04:17Z,ls7,qd9v7z8u4j49,,,
0.38526315789473686,0.48763157894736847,0.0,0.11157894736842106,0.0,0.0,2022-01-07T02:11:29Z,ls8,qd9v7z8u4j49,0.11333867949746057,0.49532210638866614,0.3913392141138733
0.28157894736842104,0.34868421052631576,0.0,0.06842105263157897,0.0,0.2894736842105263,2022-01-15T00:57:16Z,ls7,qd9v7z8u4j49,0.06958073148974132,0.3545941123996431,0.2863514719000892
,,1.0,,,,2022-01-22T01:02:46Z,ls7,qd9v7z8u4j49,,,
0.4186842105263158,0.47605263157894717,0.0,0.08789473684210525,0.0,0.0,2022-01-23T02:11:25Z,ls8,qd9v7z8u4j49,0.08944831280128548,0.48446705945366886,0.42608462774504563
0.42710526315789477,0.3765789473684209,0.0,0.14736842105263157,0.0,0.21052631578947367,2022-01-31T00:55:42Z,ls7,qd9v7z8u4j49,0.12233128476975505,0.3126001223312847,0.3545422771094866
,,1.0,,,,2022-02-07T01:01:11Z,ls7,qd9v7z8u4j49,,,
0.4273684210526316,0.4413157894736842,0.0,0.11473684210526314,0.0,0.0,2022-02-08T02:11:21Z,ls8,qd9v7z8u4j49,0.11667112657211665,0.44875568637944874,0.4345731870484346
0.38499999999999995,0.42026315789473684,0.0,0.14763157894736842,0.0,0.21052631578947367,2022-02-16T00:54:03Z,ls7,qd9v7z8u4j49,0.12231282431430691,0.3481882004098897,0.3189726594863297
,,1.0,,,,2022-02-23T00:59:35Z,ls7,qd9v7z8u4j49,,,
0.4415789473684212,0.4257894736842106,0.0,0.115,0.0,0.0,2022-02-24T02:11:16Z,ls8,qd9v7z8u4j49,0.11706402357353334,0.4334315563889633,0.4495044200375034
0.36315789473684207,0.2992105263157894,0.0,0.06315789473684211,0.0,0.2631578947368421,2022-03-04T00:52:32Z,ls7,qd9v7z8u4j49,0.06414294713933912,0.30387721207261903,0.36882194605119983
0.43447368421052635,0.43289473684210533,0.0,0.11605263157894735,0.0,0.0,2022-03-12T02:11:12Z,ls8,qd9v7z8u4j49,0.11800909820711798,0.44019266791544026,0.4417982338774418
0.4991666666666666,0.25583333333333336,0.6842105263157895,0.06416666666666669,0.0,0.16666666666666666,2022-03-20T00:50:56Z,ls7,qd9v7z8u4j49,0.0652763648694473,0.26025771447948465,0.5077992539844015
,,1.0,,,,2022-03-27T00:56:28Z,ls7,qd9v7z8u4j49,,,
0.39921052631578946,0.45763157894736844,0.0,0.12657894736842107,0.0,0.0,2022-03-28T02:11:00Z,ls8,qd9v7z8u4j49,0.12871287128712872,0.46534653465346537,0.4059405940594059
0.21052631578947367,0.4221052631578948,0.0,0.14605263157894735,0.0,0.21052631578947367,2022-04-05T00:49:24Z,ls7,qd9v7z8u4j49,0.14807634158054817,0.42795396737873753,0.2134433752512406
0.2660526315789473,0.3578947368421053,0.0,0.35947368421052633,0.0,0.0,2022-04-13T02:11:04Z,ls8,qd9v7z8u4j49,0.36553385068236555,0.363928284720364,0.27053786459727047
0.19500000000000003,0.2176315789473684,0.0,0.5673684210526315,0.0,0.0,2022-04-29T02:11:00Z,ls8,qd9v7z8u4j49,0.5789473684210525,0.22207303974221265,0.19897959183673472
,,1.0,,,,2022-05-15T02:11:10Z,ls8,qd9v7z8u4j49,,,
0.03263157894736843,0.03921052631578948,0.0,0.21263157894736842,0.0,0.7105263157894737,2022-05-31T02:11:13Z,ls8,qd9v7z8u4j49,0.21636885924339064,0.0398997030040411,0.03320512196309461
0.028684210526315798,0.037894736842105266,0.0,0.31947368421052635,0.0,0.6052631578947368,2022-06-16T02:11:25Z,ls8,qd9v7z8u4j49,0.32666020880421914,0.0387471746851792,0.02932945861586482
0.058157894736842096,0.03868421052631579,0.0,0.31552631578947365,0.0,0.5789473684210527,2022-07-02T02:11:29Z,ls8,qd9v7z8u4j49,0.3221710946159272,0.03949887481946731,0.05938266214355288
0.01763157894736842,0.02868421052631579,0.0,0.18631578947368418,0.0,0.7631578947368421,2022-07-18T02:11:29Z,ls8,qd9v7z8u4j49,0.18968802095737078,0.029203381757561327,0.017950702548225762
0.0,0.0,0.868421052631579,0.0,0.0,1.0,2022-08-03T02:11:41Z,ls8,qd9v7z8u4j49,0.0,0.0,0.0
0.012105263157894737,0.011578947368421053,0.0,0.10578947368421054,0.0,0.868421052631579,2022-08-19T02:11:46Z,ls8,qd9v7z8u4j49,0.1075096277278562,0.011767222935387246,0.012302096705177575
0.26263157894736844,0.11605263157894737,0.0,0.6013157894736841,0.0,0.0,2022-10-06T02:11:50Z,ls8,qd9v7z8u4j49,0.6135875402792695,0.11842105263157894,0.2679914070891515
0.09833333333333334,0.5433333333333333,0.8421052631578947,0.34333333333333327,0.0,0.0,2022-10-22T02:11:50Z,ls8,qd9v7z8u4j49,0.34856175972927234,0.5516074450084603,0.09983079526226736
,,1.0,,,,2022-11-07T02:11:52Z,ls8,qd9v7z8u4j49,,,
0.1892105263157895,0.5628947368421052,0.0,0.23394736842105265,0.0,0.0,2022-11-23T02:11:47Z,ls8,qd9v7z8u4j49,0.237256471844142,0.5708566853482786,0.19188684280757942
0.1552941176470588,0.673529411764706,0.5526315789473684,0.15941176470588236,0.0,0.0,2022-12-09T02:11:47Z,ls8,qd9v7z8u4j49,0.1613095238095238,0.6815476190476191,0.1571428571428571
0.1718421052631579,0.6186842105263158,0.0,0.1957894736842105,0.0,0.0,2022-12-25T02:11:38Z,ls8,qd9v7z8u4j49,0.19850586979722518,0.6272678762006404,0.17422625400213448
,,1.0,,,,2023-01-10T02:11:37Z,ls8,qd9v7z8u4j49,,,
0.23342105263157897,0.5768421052631578,0.0,0.17578947368421058,0.0,0.0,2023-01-26T02:11:36Z,ls8,qd9v7z8u4j49,0.17827595409661068,0.5850013344008539,0.23672271150253538
0.27447368421052637,0.5155263157894737,0.0,0.19631578947368422,0.0,0.0,2023-02-11T02:11:33Z,ls8,qd9v7z8u4j49,0.19903948772678762,0.5226787620064034,0.278281750266809
0.3163157894736843,0.5047368421052632,0.0,0.16210526315789472,0.0,0.0,2023-02-27T02:11:18Z,ls8,qd9v7z8u4j49,0.16488222698072802,0.5133832976445395,0.3217344753747324
0.29368421052631577,0.4947368421052631,0.0,0.19631578947368422,0.0,0.0,2023-03-15T02:11:12Z,ls8,qd9v7z8u4j49,0.1993586317477285,0.5024051309460181,0.2982362373062533
0.20258064516129026,0.6183870967741936,0.1842105263157895,0.16516129032258065,0.0,0.0,2023-03-31T02:11:02Z,ls8,qd9v7z8u4j49,0.16748446189074256,0.6270853778213936,0.20543016028786387
0.536896551724138,0.3127586206896552,0.23684210526315785,0.13310344827586204,0.0,0.0,2023-04-16T02:10:47Z,ls8,qd9v7z8u4j49,0.13543859649122802,0.3182456140350877,0.5463157894736842
0.6313157894736843,0.2628947368421053,0.0,0.0868421052631579,0.0,0.0,2023-05-02T02:10:42Z,ls8,qd9v7z8u4j49,0.08851931330472103,0.26797210300429186,0.6435085836909872
0.6023684210526317,0.2410526315789474,0.0,0.13763157894736844,0.0,0.0,2023-05-18T02:10:30Z,ls8,qd9v7z8u4j49,0.14028969957081544,0.24570815450643776,0.6140021459227468
0.3815789473684211,0.46315789473684205,0.0,0.1363157894736842,0.0,0.0,2023-06-03T02:10:34Z,ls8,qd9v7z8u4j49,0.13894849785407723,0.47210300429184543,0.38894849785407726
,,1.0,,,,2023-06-19T02:10:42Z,ls8,qd9v7z8u4j49,,,
0.1105263157894737,0.5073684210526315,0.0,0.34263157894736845,0.0,0.02631578947368421,2023-07-05T02:10:53Z,ls8,qd9v7z8u4j49,0.34732516222062015,0.5143186733958183,0.11204037490987746
0.3870370370370371,0.1262962962962963,0.2894736842105263,0.4374074074074073,0.0,0.037037037037037035,2023-07-21T02:10:56Z,ls8,qd9v7z8u4j49,0.44303048666118394,0.12791989496313613,0.39201258133864303
0.07736842105263159,0.007894736842105265,0.0,0.9013157894736841,0.0,0.0,2023-08-06T02:11:06Z,ls8,qd9v7z8u4j49,0.9135769538543611,0.008002133902373969,0.07842091224326488
0.09578947368421052,0.065,0.0,0.6915789473684212,0.0,0.13157894736842105,2023-08-22T02:11:13Z,ls8,qd9v7z8u4j49,0.7046034351083018,0.06622414325409075,0.09759347426918637
0.1694736842105263,0.10026315789473685,0.0,0.6618421052631579,0.0,0.05263157894736842,2023-09-07T02:11:12Z,ls8,qd9v7z8u4j49,0.6730597680642284,0.10196253345227475,0.17234611953612844
,,1.0,,,,2023-09-23T02:11:18Z,ls8,qd9v7z8u4j49,,,
0.16894736842105262,0.4028947368421052,0.0,0.3613157894736842,0.0,0.05263157894736842,2023-10-09T02:11:23Z,ls8,qd9v7z8u4j49,0.36681806037937487,0.4090301896874165,0.17152017098584024
0.21342105263157898,0.5178947368421053,0.0,0.253421052631579,0.0,0.0,2023-10-25T02:11:26Z,ls8,qd9v7z8u4j49,0.25734901122394443,0.5259219668626403,0.2167290219134153
0.17888888888888888,0.5822222222222222,0.7631578947368421,0.22333333333333336,0.0,0.0,2023-11-10T02:11:22Z,ls8,qd9v7z8u4j49,0.22686230248307,0.5914221218961625,0.18171557562076748
,,1.0,,,,2023-11-26T02:11:29Z,ls8,qd9v7z8u4j49,,,
0.3628947368421052,0.4963157894736842,0.0,0.12263157894736838,0.0,0.0,2023-12-12T02:11:24Z,ls8,qd9v7z8u4j49,0.12489949075314925,0.5054945054945055,0.3696060037523452
0.38605263157894737,0.4692105263157894,0.0,0.1276315789473684,0.0,0.0,2023-12-28T02:11:25Z,ls8,qd9v7z8u4j49,0.1298527443105756,0.4773761713520749,0.3927710843373494
0.3792105263157895,0.4813157894736841,0.0,0.12394736842105258,0.0,0.0,2024-01-05T02:11:28Z,ls9,qd9v7z8u4j49,0.12590216519647152,0.48890670943597964,0.38519112536754885
,,1.0,,,,2024-01-13T02:11:22Z,ls8,qd9v7z8u4j49,,,
0.3813157894736842,0.4586842105263157,0.0,0.14157894736842108,0.0,0.0,2024-01-21T02:11:29Z,ls9,qd9v7z8u4j49,0.1442359249329759,0.4672922252010723,0.38847184986595173
0.3957894736842105,0.44973684210526305,0.0,0.1368421052631579,0.0,0.0,2024-01-29T02:11:16Z,ls8,qd9v7z8u4j49,0.13929815162068043,0.4578087329225823,0.4028931154567372
0.4410526315789474,0.41,0.0,0.13105263157894734,0.0,0.0,2024-02-06T02:11:33Z,ls9,qd9v7z8u4j49,0.13344051446945335,0.41747052518756694,0.4490889603429796
0.40210526315789474,0.45578947368421036,0.0,0.12342105263157892,0.0,0.0,2024-02-14T02:11:19Z,ls8,qd9v7z8u4j49,0.12577098417806382,0.46446768570662367,0.4097613301153125
0.4,0.45157894736842097,0.0,0.13078947368421054,0.0,0.0,2024-02-22T02:11:20Z,ls9,qd9v7z8u4j49,0.13313688722207342,0.4596839003482453,0.40717921242968125
0.42289473684210527,0.4342105263157895,0.0,0.1255263157894737,0.0,0.0,2024-03-01T02:11:13Z,ls8,qd9v7z8u4j49,0.12774504552758437,0.44188537761114083,0.43036957686127475
0.4784210526315789,0.38763157894736844,0.0,0.11684210526315789,0.0,0.0,2024-03-09T02:11:25Z,ls9,qd9v7z8u4j49,0.11887550200803212,0.39437751004016064,0.4867469879518072
0.4081578947368421,0.47657894736842105,0.0,0.09842105263157892,0.0,0.0,2024-03-17T02:11:03Z,ls8,qd9v7z8u4j49,0.1001070663811563,0.4847430406852249,0.41514989293361887
0.48342105263157886,0.41921052631578953,0.0,0.07921052631578947,0.0,0.0,2024-03-25T02:11:20Z,ls9,qd9v7z8u4j49,0.08067542213883677,0.42696328062181726,0.49236129723934596
0.45,0.44947368421052625,0.0,0.08315789473684211,0.0,0.0,2024-04-02T02:10:51Z,ls8,qd9v7z8u4j49,0.0846277450455276,0.45741831815747186,0.4579539367970006
0.5960526315789474,0.30947368421052635,0.0,0.07605263157894736,0.0,0.0,2024-04-10T02:11:12Z,ls9,qd9v7z8u4j49,0.07747989276139408,0.3152815013404826,0.6072386058981233
0.6278947368421053,0.2792105263157895,0.0,0.07210526315789473,0.0,0.0,2024-04-18T02:10:43Z,ls8,qd9v7z8u4j49,0.07363611932276269,0.2851384036549315,0.6412254770223058
0.7665789473684212,0.14710526315789474,0.0,0.06736842105263156,0.0,0.0,2024-05-04T02:10:34Z,ls8,qd9v7z8u4j49,0.06866952789699568,0.14994635193133043,0.7813841201716738
,,1.0,,,,2024-05-20T02:10:21Z,ls8,qd9v7z8u4j49,,,
,,1.0,,,,2024-05-28T02:10:36Z,ls9,qd9v7z8u4j49,,,
0.5486842105263158,0.2731578947368421,0.0,0.16,0.0,0.0,2024-06-05T02:10:19Z,ls8,qd9v7z8u4j49,0.1629589922272849,0.278209595282766,0.558831412489949
0.2755263157894737,0.2357894736842105,0.0,0.47263157894736835,0.0,0.0,2024-06-13T02:10:30Z,ls9,qd9v7z8u4j49,0.480342337523402,0.2396362663813854,0.28002139609521265
0.325,0.00125,0.7894736842105263,0.66375,0.0,0.0,2024-06-21T02:10:28Z,ls8,qd9v7z8u4j49,0.6704545454545454,0.0012626262626262627,0.3282828282828283
,,1.0,,,,2024-06-29T02:10:21Z,ls9,qd9v7z8u4j49,,,
,,1.0,,,,2024-07-15T02:10:41Z,ls9,qd9v7z8u4j49,,,
0.15921052631578947,0.006315789473684211,0.0,0.8228947368421053,0.0,0.0,2024-07-31T02:10:43Z,ls9,qd9v7z8u4j49,0.832534611288605,0.006389776357827477,0.16107561235356763
,,1.0,,,,2024-08-08T02:10:46Z,ls8,qd9v7z8u4j49,,,
0.1339473684210526,0.02947368421052632,0.0,0.7918421052631578,0.0,0.02631578947368421,2024-08-16T02:10:50Z,ls9,qd9v7z8u4j49,0.8071117877337974,0.03004204726692766,0.13653037552559083
0.305,0.0,0.7894736842105263,0.57125,0.0,0.125,2024-08-24T02:11:00Z,ls8,qd9v7z8u4j49,0.5704350927246791,0.0,0.304564907275321
,,1.0,,,,2024-09-01T02:11:00Z,ls9,qd9v7z8u4j49,,,
,,1.0,,,,2024-09-09T02:11:08Z,ls8,qd9v7z8u4j49,,,
0.06263157894736841,0.17578947368421058,0.0,0.738157894736842,0.0,0.0,2024-09-17T02:11:04Z,ls9,qd9v7z8u4j49,0.755860953920776,0.18000538938291571,0.06413365669630827
0.24263157894736845,0.21973684210526315,0.0,0.5123684210526317,0.0,0.0,2024-09-25T02:11:07Z,ls8,qd9v7z8u4j49,0.525647948164147,0.22543196544276456,0.24892008639308857
0.2921052631578947,0.4355263157894737,0.0,0.2555263157894737,0.0,0.0,2024-10-11T02:11:13Z,ls8,qd9v7z8u4j49,0.2599036402569594,0.4429871520342613,0.2971092077087794
,,1.0,,,,2024-10-19T02:11:21Z,ls9,qd9v7z8u4j49,,,
0.3263157894736842,0.5007894736842107,0.0,0.15657894736842107,0.0,0.0,2024-10-27T02:11:16Z,ls8,qd9v7z8u4j49,0.15917602996254682,0.5090957731407171,0.33172819689673616
0.3328124999999999,0.5037499999999999,0.1578947368421053,0.1465625,0.0,0.0,2024-11-04T02:11:20Z,ls9,qd9v7z8u4j49,0.14907819453274002,0.5123966942148761,0.33852511125238394
0.3142105263157895,0.506578947368421,0.0,0.16263157894736843,0.0,0.0,2024-11-12T02:11:14Z,ls8,qd9v7z8u4j49,0.16537329408616538,0.515119079475515,0.31950762643831954
0.2727272727272727,0.5509090909090909,0.7105263157894737,0.1590909090909091,0.0,0.0,2024-11-20T02:11:26Z,ls9,qd9v7z8u4j49,0.16188714153561518,0.5605920444033303,0.27752081406105455
0.31789473684210523,0.5294736842105263,0.0,0.13736842105263156,0.0,0.0,2024-11-28T02:11:26Z,ls8,qd9v7z8u4j49,0.13949759486905397,0.5376803848209514,0.32282202030999463
0.3094736842105263,0.5184210526315788,0.0,0.1563157894736842,0.0,0.0,2024-12-06T02:11:24Z,ls9,qd9v7z8u4j49,0.15882352941176475,0.5267379679144385,0.31443850267379686
0.33763157894736845,0.49368421052631584,0.0,0.15210526315789474,0.0,0.0,2024-12-14T02:11:14Z,ls8,qd9v7z8u4j49,0.15466952100615466,0.502006957452502,0.3433235215413433
0.33894736842105255,0.5123684210526317,0.0,0.13263157894736843,0.0,0.0,2024-12-22T02:11:25Z,ls9,qd9v7z8u4j49,0.1347953998395293,0.5207274672372293,0.3444771329232414
0.34684210526315784,0.513157894736842,0.0,0.1228947368421053,0.0,0.0,2024-12-30T02:11:17Z,ls8,qd9v7z8u4j49,0.12503346720214195,0.5220883534136546,0.35287817938420346
0.33315789473684215,0.5363157894736844,0.0,0.11473684210526314,0.0,0.0,2025-01-07T02:11:21Z,ls9,qd9v7z8u4j49,0.11657754010695183,0.5449197860962568,0.33850267379679144
0.3923684210526316,0.47473684210526323,0.0,0.1155263157894737,0.0,0.0,2025-01-15T02:11:20Z,ls8,qd9v7z8u4j49,0.1175682913765399,0.48312801285484736,0.39930369576861274
0.4136842105263158,0.4602631578947368,0.0,0.10789473684210525,0.0,0.0,2025-01-31T02:11:18Z,ls8,qd9v7z8u4j49,0.10989010989010989,0.46877512731171267,0.4213347627981775
0.38236842105263164,0.4847368421052632,0.0,0.11526315789473686,0.0,0.0,2025-02-08T02:11:22Z,ls9,qd9v7z8u4j49,0.11733190463434234,0.4934369140101794,0.38923118135547813
0.4157894736842105,0.465,0.0,0.10263157894736843,0.0,0.0,2025-02-16T02:11:14Z,ls8,qd9v7z8u4j49,0.10436178753010437,0.4728391758094729,0.42279903666042273
0.39684210526315783,0.47447368421052627,0.0,0.11289473684210524,0.0,0.0,2025-02-24T02:11:22Z,ls9,qd9v7z8u4j49,0.11470588235294116,0.4820855614973262,0.40320855614973256
,,1.0,,,,2025-03-04T02:11:06Z,ls8,qd9v7z8u4j49,,,
,,1.0,,,,2025-03-12T02:11:17Z,ls9,qd9v7z8u4j49,,,
0.4363157894736844,0.42263157894736847,0.0,0.12447368421052633,0.0,0.0,2025-03-20T02:10:55Z,ls8,qd9v7z8u4j49,0.12657211667112656,0.4297564891624297,0.44367139416644374
0.46263157894736845,0.4202631578947369,0.0,0.09921052631578946,0.0,0.0,2025-03-28T02:11:06Z,ls9,qd9v7z8u4j49,0.10101822079314038,0.4279206859592712,0.47106109324758844
,,1.0,,,,2025-04-13T02:11:07Z,ls9,qd9v7z8u4j49,,,
0.44842105263157894,0.4234210526315789,0.0,0.11210526315789471,0.0,0.0,2025-04-21T02:10:41Z,ls8,qd9v7z8u4j49,0.11393420700722116,0.4303289649638941,0.45573682802888477
0.4786842105263157,0.403157894736842,0.0,0.10026315789473682,0.0,0.0,2025-04-29T02:10:58Z,ls9,qd9v7z8u4j49,0.10209003215434084,0.4105037513397642,0.487406216505895
0.46499999999999986,0.4165789473684211,0.0,0.1013157894736842,0.0,0.0,2025-05-07T02:10:37Z,ls8,qd9v7z8u4j49,0.10307898259705489,0.42382864792503355,0.47309236947791156
0.4747368421052631,0.4128947368421053,0.0,0.09552631578947368,0.0,0.0,2025-05-15T02:10:47Z,ls9,qd9v7z8u4j49,0.0971627408993576,0.41996788008565317,0.4828693790149893
0.16421052631578945,0.6607894736842106,0.0,0.16052631578947366,0.0,0.0,2025-05-23T02:10:42Z,ls8,qd9v7z8u4j49,0.16288384512683576,0.6704939919893191,0.1666221628838451
0.022631578947368423,0.8213157894736842,0.0,0.14552631578947367,0.0,0.0,2025-05-31T02:10:41Z,ls9,qd9v7z8u4j49,0.14707446808510635,0.8300531914893616,0.022872340425531913
0.28342105263157896,0.39789473684210525,0.0,0.30184210526315786,0.0,0.0,2025-06-08T02:10:46Z,ls8,qd9v7z8u4j49,0.30701284796573874,0.40471092077087795,0.28827623126338336
0.22552631578947369,0.44763157894736844,0.0,0.31105263157894736,0.0,0.0,2025-06-16T02:10:50Z,ls9,qd9v7z8u4j49,0.3160427807486631,0.4548128342245989,0.22914438502673795
0.3010526315789473,0.48,0.0,0.20236842105263161,0.0,0.0,2025-06-24T02:10:58Z,ls8,qd9v7z8u4j49,0.2057800374632058,0.4880920524484881,0.30612791008830603
,,1.0,,,,2025-07-02T02:10:57Z,ls9,qd9v7z8u4j49,,,
0.33657894736842114,0.2981578947368421,0.0,0.3484210526315789,0.0,0.0,2025-07-10T02:11:00Z,ls8,qd9v7z8u4j49,0.3543897216274089,0.3032655246252676,0.34234475374732337
,,1.0,,,,2025-07-18T02:11:03Z,ls9,qd9v7z8u4j49,,,
0.19578947368421054,0.1268421052631579,0.0,0.6576315789473686,0.0,0.0,2025-07-26T02:11:07Z,ls8,qd9v7z8u4j49,0.6708724832214766,0.1293959731543624,0.19973154362416107
0.1452631578947368,0.0818421052631579,0.0,0.7518421052631578,0.0,0.0,2025-08-03T02:11:10Z,ls9,qd9v7z8u4j49,0.7680107526881721,0.08360215053763442,0.1483870967741935
0.11026315789473685,0.04368421052631579,0.0,0.8044736842105263,0.0,0.02631578947368421,2025-08-11T02:11:15Z,ls8,qd9v7z8u4j49,0.817285181652649,0.04437989537269863,0.11201913350096825
0.30500000000000005,0.01,0.9473684210526316,0.6799999999999999,0.0,0.0,2025-08-19T02:11:20Z,ls9,qd9v7z8u4j49,0.6834170854271356,0.010050251256281407,0.30653266331658297
0.02921052631578947,0.010789473684210528,0.0,0.24500000000000002,0.0,0.7105263157894737,2025-08-27T02:11:17Z,ls8,qd9v7z8u4j49,0.24884579870729456,0.010958837537055937,0.029669047966175824
0.17473684210526316,0.015789473684210527,0.5,0.38526315789473686,0.0,0.42105263157894735,2025-09-04T02:11:25Z,ls9,qd9v7z8u4j49,0.3873761185413259,0.015876070432021556,0.17569517944770519
0.09947368421052631,0.028684210526315784,0.0,0.5444736842105262,0.0,0.3157894736842105,2025-09-12T02:11:23Z,ls8,qd9v7z8u4j49,0.5538464706366857,0.029177991928177254,0.10118606375092663
0.027105263157894736,0.022894736842105263,0.0,0.1831578947368421,0.0,0.7631578947368421,2025-09-20T02:11:28Z,ls9,qd9v7z8u4j49,0.18605203754306757,0.023256504692883446,0.027533563027206838
0.12333333333333335,0.09000000000000001,0.5263157894736843,0.6616666666666666,0.0,0.1111111111111111,2025-09-28T02:11:28Z,ls8,qd9v7z8u4j49,0.6721693121693121,0.09142857142857143,0.1252910052910053
0.08868421052631577,0.17078947368421052,0.0,0.6452631578947369,0.0,0.07894736842105263,2025-10-06T02:11:32Z,ls9,qd9v7z8u4j49,0.6568996662686385,0.17386944674076116,0.09028351856954776
0.26815789473684204,0.2752631578947369,0.0,0.43868421052631584,0.0,0.0,2025-10-14T02:11:31Z,ls8,qd9v7z8u4j49,0.44667738478027874,0.2802786709539122,0.27304394426580914
0.2576470588235294,0.5241176470588236,0.5526315789473684,0.2,0.0,0.0,2025-10-30T02:11:31Z,ls8,qd9v7z8u4j49,0.2037147992810066,0.5338526063511085,0.26243259436788496
0.30368421052631583,0.5013157894736843,0.0,0.1794736842105263,0.0,0.0,2025-11-07T02:11:36Z,ls9,qd9v7z8u4j49,0.18230419673883985,0.5092221331194868,0.3084736701416734
0.3331578947368422,0.4749999999999999,0.0,0.17552631578947367,0.0,0.0,2025-11-15T02:11:31Z,ls8,qd9v7z8u4j49,0.1784376672017121,0.48287854467629737,0.33868378812199046
,,1.0,,,,2025-11-23T02:11:34Z,ls9,qd9v7z8u4j49,,,
0.3068421052631579,0.5402631578947369,0.0,0.13868421052631577,0.0,0.0,2025-12-01T02:11:30Z,ls8,qd9v7z8u4j49,0.14068339562199678,0.5480512546716498,0.31126534970635344
0.28842105263157886,0.5468421052631578,0.0,0.15052631578947365,0.0,0.0,2025-12-09T02:11:34Z,ls9,qd9v7z8u4j49,0.15269620928990923,0.5547250400427123,0.2925787506673785
0.19399999999999998,0.6699999999999998,0.6052631578947368,0.12133333333333335,0.0,0.0,2025-12-17T02:11:30Z,ls8,qd9v7z8u4j49,0.12313937753721249,0.6799729364005412,0.1968876860622463
0.28815789473684206,0.5668421052631579,0.0,0.13078947368421057,0.0,0.0,2025-12-25T02:11:40Z,ls9,qd9v7z8u4j49,0.13267485317672187,0.5750133475707422,0.292311799252536
0.29763157894736836,0.5423684210526316,0.0,0.14526315789473684,0.0,0.0,2026-01-02T02:11:26Z,ls8,qd9v7z8u4j49,0.14743589743589744,0.5504807692307693,0.30208333333333326
0.28736842105263155,0.5531578947368422,0.0,0.14368421052631578,0.0,0.0,2026-01-10T02:11:32Z,ls9,qd9v7z8u4j49,0.14598930481283423,0.5620320855614974,0.29197860962566846
0.27157894736842103,0.5471052631578948,0.0,0.16710526315789467,0.0,0.0,2026-02-11T02:11:28Z,ls9,qd9v7z8u4j49,0.1695141484249866,0.5549919914575548,0.27549386011745863
0.32684210526315793,0.5239473684210527,0.0,0.13342105263157897,0.0,0.0,2026-02-19T02:11:16Z,ls8,qd9v7z8u4j49,0.1355614973262032,0.5323529411764706,0.3320855614973262
0.33184210526315794,0.5189473684210526,0.0,0.1326315789473684,0.0,0.0,2026-02-27T02:11:23Z,ls9,qd9v7z8u4j49,0.13486754080813484,0.5276960128445276,0.3374364463473375
0.31842105263157894,0.5499999999999999,0.0,0.11499999999999995,0.0,0.0,2026-03-07T02:11:08Z,ls8,qd9v7z8u4j49,0.1169387208991169,0.5592721434305592,0.3237891356703238
0.3328947368421052,0.5236842105263158,0.0,0.12710526315789475,0.0,0.0,2026-03-15T02:11:13Z,ls9,qd9v7z8u4j49,0.12921348314606743,0.5323702514713751,0.3384162653825575
