bare_soil,dry_vegetation,pc_missing,green_vegetation,water,wetness,date,ard_product,nwi_id,norm_pv,norm_npv,norm_bs
0.24366906474820146,0.32906474820143894,0.0,0.2321942446043166,0.10431654676258993,0.07913669064748201,1986-08-16T01:32:51Z,ls5,qd9v314u1kyr,0.23554584405943538,0.3338146214493749,0.24718629708111778
,,1.0,,,,1987-05-31T01:35:27Z,ls5,qd9v314u1kyr,,,
0.1984892086330935,0.3719424460431655,0.0,0.2991726618705036,0.039568345323741004,0.07913669064748201,1987-09-04T01:37:49Z,ls5,qd9v314u1kyr,0.30319463147165826,0.37694270643464556,0.20115762612247326
0.15422018348623853,0.4460550458715597,0.2158273381294964,0.386651376146789,0.0,0.0,1987-10-22T01:38:48Z,ls5,qd9v314u1kyr,0.39177318150127816,0.451963746223565,0.15626307227515684
0.10841726618705036,0.5194604316546763,0.0,0.36064748201438845,0.0,0.0,1987-11-07T01:39:08Z,ls5,qd9v314u1kyr,0.3648338852297951,0.5254903387795204,0.10967577599068447
,,1.0,,,,1987-11-23T01:39:27Z,ls5,qd9v314u1kyr,,,
0.14532374100719425,0.5486690647482015,0.0,0.2937410071942446,0.0,0.0,1987-12-09T01:39:40Z,ls5,qd9v314u1kyr,0.2973888342619906,0.555482719691176,0.14712844604683345
0.07131428571428572,0.6730285714285714,0.3705035971223022,0.22342857142857145,0.0,0.022857142857142857,1987-12-25T01:39:56Z,ls5,qd9v314u1kyr,0.22559214521897566,0.6795458532964438,0.07200485862743776
0.09,0.7825,0.9856115107913669,0.1175,0.0,0.0,1988-01-10T01:40:12Z,ls5,qd9v314u1kyr,0.11868686868686869,0.7904040404040404,0.09090909090909091
0.1970863309352518,0.5067625899280576,0.0,0.28406474820143884,0.0,0.0,1988-01-26T01:40:30Z,ls5,qd9v314u1kyr,0.287540052432275,0.5129624235362658,0.19949752403145937
0.13392086330935254,0.5602877697841726,0.0,0.29370503597122305,0.0,0.0,1988-02-11T01:40:48Z,ls5,qd9v314u1kyr,0.29729828138654246,0.5671424410136907,0.13555927759976702
0.14223021582733814,0.551978417266187,0.0,0.2938489208633093,0.0,0.0,1988-02-27T01:41:00Z,ls5,qd9v314u1kyr,0.2974006116207951,0.5586500655307995,0.14394932284840545
0.16730215827338132,0.5225899280575539,0.0,0.29769784172661873,0.0,0.0,1988-03-14T01:41:09Z,ls5,qd9v314u1kyr,0.30143871790202154,0.5291568020397013,0.1694044800582772
0.1139568345323741,0.5619424460431655,0.0,0.31233812949640294,0.0,0.0,1988-03-30T01:41:16Z,ls5,qd9v314u1kyr,0.316055763840862,0.5686310195464638,0.11531321661267425
,,1.0,,,,1988-05-17T01:41:38Z,ls5,qd9v314u1kyr,,,
0.003793103448275862,0.022413793103448276,0.89568345323741,0.008620689655172414,0.1724137931034483,0.7931034482758621,1988-06-02T01:41:44Z,ls5,qd9v314u1kyr,0.008535336292249906,0.02219187435984975,0.0037555479685899584
0.12104316546762592,0.4768705035971223,0.0,0.36571942446043165,0.0,0.025179856115107913,1988-07-20T01:41:56Z,ls5,qd9v314u1kyr,0.3699651499823695,0.4824066089619625,0.12244838494056003
0.18255395683453238,0.4167625899280576,0.0,0.3591007194244604,0.0,0.02877697841726619,1988-08-05T01:41:58Z,ls5,qd9v314u1kyr,0.3638987923907983,0.42233110374033755,0.1849931254515979
0.17219424460431654,0.36960431654676257,0.0,0.30953237410071943,0.025179856115107913,0.11151079136690648,1988-08-21T01:41:59Z,ls5,qd9v314u1kyr,0.31388756405194007,0.37480473220612254,0.17461705625992296
,,1.0,,,,1988-09-06T01:42:02Z,ls5,qd9v314u1kyr,,,
,,1.0,,,,1988-09-22T01:41:57Z,ls5,qd9v314u1kyr,,,
0.10670411985018727,0.199812734082397,0.03956834532374098,0.15277153558052434,0.04868913857677903,0.4868913857677903,1988-10-08T01:41:52Z,ls5,qd9v314u1kyr,0.1544782713201094,0.20204500551428872,0.10789619882103256
0.09546762589928057,0.4711510791366907,0.0,0.4203956834532374,0.0,0.0,1988-10-24T01:41:47Z,ls5,qd9v314u1kyr,0.4259266008236452,0.47734975764422904,0.0967236415321258
0.09697841726618706,0.493273381294964,0.0,0.39776978417266184,0.0,0.0,1988-11-09T01:41:50Z,ls5,qd9v314u1kyr,0.40259220155095204,0.49925364983434667,0.09815414861470129
0.09492805755395683,0.5303597122302158,0.0,0.3630935251798561,0.0,0.0,1988-11-25T01:41:50Z,ls5,qd9v314u1kyr,0.3673617935000182,0.536594242457328,0.09604396404265386
0.10877697841726619,0.5470503597122301,0.0,0.33276978417266184,0.0,0.0,1988-12-11T01:41:39Z,ls5,qd9v314u1kyr,0.33660808499799877,0.5533602590692428,0.11003165593275845
0.08571942446043165,0.5681294964028777,0.0,0.3342446043165468,0.0,0.0,1989-01-12T01:41:26Z,ls5,qd9v314u1kyr,0.3382722341548655,0.5749754268448068,0.08675233900032764
0.0942086330935252,0.562158273381295,0.0,0.33205035971223024,0.0,0.0,1989-01-28T01:41:13Z,ls5,qd9v314u1kyr,0.33594148045709293,0.5687459058155615,0.09531261372734552
0.08769784172661871,0.564568345323741,0.0,0.3358992805755395,0.0,0.0,1989-02-13T01:41:14Z,ls5,qd9v314u1kyr,0.33992209966874154,0.571329765934986,0.08874813439627244
,,1.0,,,,1989-03-08T01:46:59Z,ls5,qd9v314u1kyr,,,
0.13406474820143882,0.525863309352518,0.0,0.32755395683453237,0.0,0.0,1989-03-17T01:40:22Z,ls5,qd9v314u1kyr,0.33170625091068046,0.5325295060469183,0.13576424304240126
0.10129496402877697,0.541294964028777,0.0,0.346043165467626,0.0,0.0,1989-03-24T01:46:19Z,ls5,qd9v314u1kyr,0.35002183088342315,0.5475185562509096,0.10245961286566728
0.0843884892086331,0.4940647482014388,0.0,0.41035971223021583,0.0,0.0,1989-06-05T01:39:27Z,ls5,qd9v314u1kyr,0.4150023645821965,0.4996544072174324,0.08534322820037106
0.0929136690647482,0.49640287769784175,0.0,0.39949640287769783,0.0,0.0,1989-06-21T01:39:02Z,ls5,qd9v314u1kyr,0.4040161519153116,0.5020189894139474,0.09396485867074102
0.3097247706422019,0.39486238532110096,0.6079136690647482,0.2840366972477064,0.0,0.0,1989-07-23T01:38:27Z,ls5,qd9v314u1kyr,0.2873051224944321,0.39940608760207874,0.3132887899034893
0.13075539568345326,0.4784892086330936,0.0,0.3780935251798561,0.0,0.0,1989-08-08T01:38:07Z,ls5,qd9v314u1kyr,0.3829422908772952,0.48462547362285047,0.13243223549985428
0.13726618705035973,0.4724820143884892,0.0,0.3773381294964029,0.0,0.0,1989-09-09T01:37:22Z,ls5,qd9v314u1kyr,0.3822746984439343,0.4786633140191684,0.13906198753689736
0.10071942446043167,0.4850359712230215,0.0,0.40161870503597125,0.0,0.0,1989-09-25T01:36:58Z,ls5,qd9v314u1kyr,0.4067543444205618,0.49123829647710293,0.10200735910233526
,,1.0,,,,1989-10-11T01:36:37Z,ls5,qd9v314u1kyr,,,
0.33475524475524476,0.3861538461538461,0.4856115107913669,0.2702097902097902,0.0,0.0,1989-11-12T01:35:35Z,ls5,qd9v314u1kyr,0.2726310590559515,0.38961405489310663,0.33775488605094195
0.07179856115107915,0.6280575539568345,0.0,0.2891007194244605,0.0,0.0,1989-12-14T01:34:45Z,ls5,qd9v314u1kyr,0.2923289564616448,0.6350707452806168,0.07260029825773834
,,1.0,,,,1990-01-15T01:33:44Z,ls5,qd9v314u1kyr,,,
0.11978417266187052,0.558273381294964,0.0,0.31,0.0,0.0,1990-01-31T01:33:14Z,ls5,qd9v314u1kyr,0.3137469054900248,0.5650211154798311,0.12123197903014421
,,1.0,,,,1990-02-16T01:32:42Z,ls5,qd9v314u1kyr,,,
0.09938848920863311,0.5663669064748201,0.0,0.3229856115107914,0.0,0.0,1990-04-05T01:31:16Z,ls5,qd9v314u1kyr,0.32666351366100344,0.5728162404045548,0.10052024593444175
0.08478417266187051,0.5555035971223021,0.0,0.34888489208633094,0.0,0.0,1990-04-21T01:31:29Z,ls5,qd9v314u1kyr,0.3527037346812611,0.5615840576020945,0.08571220771664424
0.10402877697841727,0.5676978417266186,0.0,0.3170863309352518,0.0,0.0,1990-05-07T01:31:25Z,ls5,qd9v314u1kyr,0.3206737240350686,0.5741205573138346,0.10520571865109682
0.10568345323741007,0.5379496402877697,0.0,0.34636690647482016,0.0,0.0,1990-05-23T01:31:27Z,ls5,qd9v314u1kyr,0.34986556209577796,0.5433834750381512,0.10675096286607079
,,1.0,,,,1990-06-08T01:31:25Z,ls5,qd9v314u1kyr,,,
0.12996402877697844,0.5129496402877698,0.0,0.34593525179856116,0.0,0.0,1990-06-24T01:31:24Z,ls5,qd9v314u1kyr,0.34983630411058564,0.5187340851218625,0.13142961076755183
0.0,0.0,0.0,0.0,0.27697841726618705,0.7230215827338129,1990-07-10T01:31:22Z,ls5,qd9v314u1kyr,0.0,0.0,0.0
0.12424460431654676,0.506726618705036,0.0,0.35895683453237415,0.0,0.0,1990-07-26T01:31:18Z,ls5,qd9v314u1kyr,0.36260901162790704,0.5118822674418605,0.12550872093023255
0.30058823529411766,0.36264705882352943,0.6330935251798562,0.32617647058823523,0.0,0.0,1990-08-11T01:31:13Z,ls5,qd9v314u1kyr,0.32966706302021404,0.3665279429250893,0.30380499405469685
0.23795031055900623,0.4431055900621118,0.42086330935251803,0.3067701863354037,0.0,0.0,1990-08-27T01:31:08Z,ls5,qd9v314u1kyr,0.31055080482897385,0.4485663983903421,0.24088279678068414
0.12104316546762589,0.5172661870503598,0.0,0.34910071942446047,0.0,0.0,1990-09-12T01:31:05Z,ls5,qd9v314u1kyr,0.35355191256830604,0.5238615664845173,0.12258652094717666
0.10287769784172664,0.515863309352518,0.0,0.3691726618705036,0.0,0.0,1990-09-28T01:30:56Z,ls5,qd9v314u1kyr,0.3736891931255462,0.5221744829595106,0.10413632391494322
0.1164388489208633,0.5182374100719425,0.0,0.3524460431654676,0.0,0.0,1990-10-30T01:30:41Z,ls5,qd9v314u1kyr,0.3570439472341666,0.5249981779753662,0.11795787479046715
0.10388489208633092,0.5608273381294964,0.0,0.3229136690647482,0.0,0.0,1990-11-15T01:30:43Z,ls5,qd9v314u1kyr,0.3269594988344989,0.5678540209790209,0.10518648018648018
0.07510791366906476,0.6078057553956835,0.0,0.3064028776978417,0.0,0.0,1990-12-17T01:30:41Z,ls5,qd9v314u1kyr,0.30971166781805615,0.614369341526379,0.07591899065556486
0.096878612716763,0.538150289017341,0.3776978417266187,0.2845086705202312,0.0,0.06936416184971098,1991-01-02T01:31:07Z,ls5,qd9v314u1kyr,0.28794251919636177,0.5446454396014074,0.09804787935251977
0.09035971223021581,0.5897482014388489,0.0,0.3086330935251799,0.0,0.0,1991-01-18T01:31:34Z,ls5,qd9v314u1kyr,0.31214756066504173,0.5964637828791792,0.09138865645577908
,,1.0,,,,1991-02-03T01:31:46Z,ls5,qd9v314u1kyr,,,
0.10669064748201437,0.570863309352518,0.0,0.31039568345323737,0.0,0.0,1991-02-19T01:32:08Z,ls5,qd9v314u1kyr,0.31418168578190425,0.5778263244128892,0.10799198980520662
0.0931294964028777,0.5744244604316546,0.0,0.3210791366906475,0.0,0.0,1991-03-07T01:32:25Z,ls5,qd9v314u1kyr,0.32477077572405766,0.5810289623053412,0.09420026197060107
,,1.0,,,,1991-03-23T01:32:48Z,ls5,qd9v314u1kyr,,,
0.07920863309352519,0.586115107913669,0.0,0.3233812949640288,0.0,0.0,1991-04-08T01:33:01Z,ls5,qd9v314u1kyr,0.32707560212471803,0.5928108855417303,0.08011351233355163
0.08528776978417267,0.5471942446043165,0.0,0.3561870503597122,0.0,0.0,1991-04-24T01:33:16Z,ls5,qd9v314u1kyr,0.36026923776605424,0.5534655266509005,0.08626523558304532
0.0024637681159420293,0.11028985507246376,0.7517985611510791,0.017536231884057972,0.014492753623188406,0.855072463768116,1991-05-10T01:33:35Z,ls5,qd9v314u1kyr,0.017555738259902313,0.11041253566765005,0.0024665086811433003
0.10546762589928056,0.5277697841726618,0.0,0.35647482014388493,0.0,0.0,1991-05-26T01:33:52Z,ls5,qd9v314u1kyr,0.36018027186159773,0.5332557970487751,0.10656393108962707
0.0,0.0,0.42805755395683454,0.0,0.5660377358490566,0.4339622641509434,1991-06-27T01:34:18Z,ls5,qd9v314u1kyr,0.0,0.0,0.0
0.11611510791366904,0.49521582733812947,0.0,0.37830935251798564,0.0,0.0,1991-07-13T01:34:28Z,ls5,qd9v314u1kyr,0.3822695551032277,0.5003998255306775,0.11733061936609476
0.19007194244604314,0.44183453237410075,0.0,0.34007194244604316,0.01079136690647482,0.0035971223021582736,1991-08-14T01:34:45Z,ls5,qd9v314u1kyr,0.34484183498099935,0.4480317600033441,0.1927379158070235
0.18237410071942448,0.46262589928057557,0.0,0.34172661870503596,0.0,0.0,1991-08-30T01:34:54Z,ls5,qd9v314u1kyr,0.34632350260654005,0.4688491123181802,0.18482738507527982
0.3302654867256637,0.28752212389380527,0.5935251798561151,0.2793805309734514,0.0,0.09734513274336283,1991-09-15T01:35:08Z,ls5,qd9v314u1kyr,0.2810891118493987,0.2892804955333215,0.3322852598739169
0.11053956834532376,0.5203237410071943,0.0,0.35687050359712236,0.0,0.0,1991-10-01T01:35:13Z,ls5,qd9v314u1kyr,0.36130230525510765,0.5267853891256055,0.11191230561928694
0.1120863309352518,0.5074460431654676,0.0,0.368273381294964,0.0,0.0,1991-10-17T01:35:24Z,ls5,qd9v314u1kyr,0.3728196351188959,0.5137103528640617,0.11347001201704236
0.21,0.46,0.9964028776978417,0.32,0.0,0.0,1991-11-02T01:35:23Z,ls5,qd9v314u1kyr,0.32323232323232326,0.4646464646464647,0.21212121212121213
0.10942446043165469,0.5399640287769784,0.0,0.33802158273381294,0.0,0.0,1991-11-18T01:35:27Z,ls5,qd9v314u1kyr,0.34233151183970856,0.5468488160291438,0.11081967213114756
,,1.0,,,,1991-12-04T01:35:41Z,ls5,qd9v314u1kyr,,,
0.12482014388489207,0.5523741007194245,0.0,0.2900719424460432,0.0,0.02158273381294964,1991-12-20T01:35:33Z,ls5,qd9v314u1kyr,0.2934160221097945,0.5587421174997526,0.12625912657750332
,,1.0,,,,1992-01-05T01:35:30Z,ls5,qd9v314u1kyr,,,
,,1.0,,,,1992-01-21T01:35:30Z,ls5,qd9v314u1kyr,,,
0.11201438848920864,0.538705035971223,0.0,0.336726618705036,0.0,0.0,1992-02-22T01:35:25Z,ls5,qd9v314u1kyr,0.3410076135659903,0.5455538960329314,0.11343849040107828
,,1.0,,,,1992-03-09T01:35:25Z,ls5,qd9v314u1kyr,,,
0.08079136690647483,0.532158273381295,0.0,0.37467625899280577,0.0,0.0,1992-04-10T01:35:13Z,ls5,qd9v314u1kyr,0.3793706293706294,0.5388257575757576,0.08180361305361307
,,1.0,,,,1992-04-26T01:35:05Z,ls5,qd9v314u1kyr,,,
0.20586206896551723,0.45655172413793105,0.6870503597122302,0.3260919540229886,0.0,0.0,1992-05-12T01:34:58Z,ls5,qd9v314u1kyr,0.3298837209302326,0.46186046511627904,0.20825581395348833
0.08658273381294965,0.5328057553956834,0.0,0.3698920863309353,0.0,0.0,1992-05-28T01:34:49Z,ls5,qd9v314u1kyr,0.3739000799941823,0.5385790124354591,0.08752090757035852
0.1509677419354839,0.6375268817204301,0.6654676258992807,0.20817204301075268,0.0,0.0,1992-06-13T01:34:38Z,ls5,qd9v314u1kyr,0.2088682705793505,0.639659078649261,0.15147265077138852
0.17025179856115108,0.45287769784172666,0.0,0.36456834532374105,0.0,0.0,1992-06-29T01:34:27Z,ls5,qd9v314u1kyr,0.3691091849369946,0.4585184645640614,0.1723723504989438
0.1396402877697842,0.4678057553956835,0.0,0.3796043165467626,0.0,0.0,1992-07-15T01:34:15Z,ls5,qd9v314u1kyr,0.38458454810495624,0.47394314868804666,0.14147230320699714
0.13697841726618704,0.46381294964028774,0.0,0.38669064748201437,0.0,0.0,1992-07-31T01:34:02Z,ls5,qd9v314u1kyr,0.3915925979892176,0.4696925542765555,0.13871484773422701
0.04460144927536232,0.06101449275362319,0.007194244604316502,0.059202898550724636,0.4891304347826087,0.3442028985507246,1992-09-01T01:33:32Z,ls5,qd9v314u1kyr,0.059866637356195525,0.06169854180405953,0.045101487506411686
0.15071942446043168,0.4451798561151079,0.0,0.3765467625899281,0.007194244604316547,0.007194244604316547,1992-09-17T01:33:18Z,ls5,qd9v314u1kyr,0.3816446435956214,0.4512069267423968,0.15275994045334867
,,1.0,,,,1992-09-24T01:39:21Z,ls5,qd9v314u1kyr,,,
,,1.0,,,,1992-10-03T01:32:56Z,ls5,qd9v314u1kyr,,,
0.11428057553956834,0.4820863309352517,0.0,0.39082733812949644,0.0,0.0,1992-10-19T01:32:43Z,ls5,qd9v314u1kyr,0.39589709954817087,0.4883398921440023,0.11576300830782685
0.1723161764705882,0.4924264705882353,0.021582733812949617,0.32367647058823534,0.0,0.0,1992-12-06T01:32:27Z,ls5,qd9v314u1kyr,0.3274688488004464,0.4981960200855496,0.17433513111400406
0.12697841726618703,0.5368345323741006,0.0,0.32384892086330935,0.0,0.0,1993-01-07T01:32:47Z,ls5,qd9v314u1kyr,0.3278945259860874,0.5435408092653968,0.12856466474851586
0.11838129496402877,0.5507553956834532,0.0,0.31870503597122307,0.0,0.0,1993-01-23T01:32:58Z,ls5,qd9v314u1kyr,0.322627630908164,0.5575340470468283,0.11983832204500762
0.06597122302158274,0.5845323741007195,0.0,0.3386330935251799,0.0,0.0,1993-02-08T01:33:09Z,ls5,qd9v314u1kyr,0.3423521710669867,0.5909520692413993,0.06669575969161394
0.11449640287769784,0.543705035971223,0.0,0.32953237410071945,0.0,0.0,1993-02-24T01:33:12Z,ls5,qd9v314u1kyr,0.33362467679085184,0.5504570450489821,0.11591827816016607
0.07280575539568346,0.5396043165467626,0.0,0.3760431654676259,0.0,0.0,1993-03-12T01:33:24Z,ls5,qd9v314u1kyr,0.3804359692856363,0.5459077841260599,0.0736562465883038
0.12125899280575538,0.512769784172662,0.0,0.3534172661870504,0.0,0.0,1993-04-13T01:33:33Z,ls5,qd9v314u1kyr,0.3579104586353867,0.5192889147936324,0.122800626570981
0.17550359712230218,0.5083453237410072,0.0,0.3061870503597122,0.0,0.0,1993-04-29T01:33:40Z,ls5,qd9v314u1kyr,0.30926861170657266,0.5134614685899066,0.1772699197035207
,,1.0,,,,1993-05-15T01:33:43Z,ls5,qd9v314u1kyr,,,
0.1264748201438849,0.47230215827338135,0.0,0.3888489208633094,0.0,0.0,1993-05-31T01:33:47Z,ls5,qd9v314u1kyr,0.39372086247086246,0.47821969696969696,0.12805944055944055
0.09554716981132076,0.47875471698113203,0.046762589928057596,0.4148301886792453,0.0,0.0,1993-07-02T01:33:37Z,ls5,qd9v314u1kyr,0.4193880665344118,0.4840149549824508,0.09659697848313752
0.11823741007194247,0.47258992805755395,0.0,0.39679856115107914,0.0,0.0,1993-07-18T01:33:38Z,ls5,qd9v314u1kyr,0.4017701048951049,0.47851107226107226,0.11971882284382286
0.12201438848920863,0.4752517985611511,0.0,0.39057553956834534,0.0,0.0,1993-08-03T01:33:37Z,ls5,qd9v314u1kyr,0.3953827106547229,0.4811011579637317,0.12351613138154541
0.1464388489208633,0.4624820143884892,0.0,0.3775899280575539,0.0,0.0,1993-08-19T01:33:37Z,ls5,qd9v314u1kyr,0.3827529626253418,0.4688058340929808,0.14844120328167731
,,1.0,,,,1993-09-04T01:33:36Z,ls5,qd9v314u1kyr,,,
0.1276618705035971,0.4774460431654677,0.0,0.3820143884892086,0.0,0.0,1993-09-20T01:33:34Z,ls5,qd9v314u1kyr,0.38699803221339546,0.4836746592813935,0.12932730850521096
,,1.0,,,,1993-10-06T01:33:30Z,ls5,qd9v314u1kyr,,,
0.07424460431654677,0.546043165467626,0.0,0.36787769784172664,0.0,0.0,1993-10-22T01:33:22Z,ls5,qd9v314u1kyr,0.3722834989625423,0.5525827235994322,0.07513377743802555
0.08780575539568346,0.5860431654676259,0.0,0.31532374100719424,0.0,0.0,1993-11-07T01:33:16Z,ls5,qd9v314u1kyr,0.31877522819011594,0.5924579075602748,0.08876686424960907
0.115,0.5726978417266186,0.0,0.3001438848920863,0.0,0.0,1993-11-23T01:33:08Z,ls5,qd9v314u1kyr,0.30383803073337706,0.5797465588813633,0.11641541038525964
0.13,0.54,0.9964028776978417,0.31,0.0,0.0,1993-12-09T01:33:05Z,ls5,qd9v314u1kyr,0.31632653061224486,0.5510204081632653,0.13265306122448978
0.09917266187050361,0.586294964028777,0.0,0.30208633093525183,0.0,0.0,1993-12-25T01:32:56Z,ls5,qd9v314u1kyr,0.3058934945727399,0.5936839804764333,0.10042252495082685
,,1.0,,,,1994-01-10T01:32:43Z,ls5,qd9v314u1kyr,,,
0.08802158273381294,0.6060791366906475,0.0,0.2944604316546763,0.0,0.0,1994-01-26T01:32:30Z,ls5,qd9v314u1kyr,0.2978676952186886,0.6130922058074375,0.0890400989738738
0.09971223021582734,0.5779496402877697,0.0,0.3097482014388489,0.0,0.0,1994-02-27T01:32:05Z,ls5,qd9v314u1kyr,0.3136976320582878,0.5853187613843351,0.10098360655737706
,,1.0,,,,1994-03-06T01:38:10Z,ls5,qd9v314u1kyr,,,
0.09000000000000001,0.5690287769784173,0.0,0.328884892086331,0.0,0.0,1994-03-15T01:31:51Z,ls5,qd9v314u1kyr,0.33290853480920485,0.575990387416254,0.09110107777454123
,,1.0,,,,1994-03-22T01:37:55Z,ls5,qd9v314u1kyr,,,
0.09039568345323741,0.5510791366906475,0.0,0.3470143884892086,0.0,0.0,1994-03-31T01:31:35Z,ls5,qd9v314u1kyr,0.35105531295487624,0.5574963609898107,0.09144832605531296
0.10348920863309352,0.5431294964028778,0.0,0.3413309352517986,0.0,0.0,1994-05-02T01:31:01Z,ls5,qd9v314u1kyr,0.34549426542872747,0.5497542326597488,0.10475150191152374
0.12161870503597123,0.5314748201438849,0.0,0.3367625899280576,0.0,0.0,1994-06-03T01:30:25Z,ls5,qd9v314u1kyr,0.3402136783196453,0.5369212878842938,0.12286503379606076
0.1418345323741007,0.43687050359712226,0.0,0.39025179856115105,0.0035971223021582736,0.014388489208633094,1994-07-05T01:29:39Z,ls5,qd9v314u1kyr,0.39551078816198626,0.4427577216542837,0.14374587867293867
0.12985611510791367,0.4756834532374101,0.0,0.3784532374100719,0.0,0.0035971223021582736,1994-07-21T01:29:13Z,ls5,qd9v314u1kyr,0.38322627220833455,0.48168275103916136,0.13149385445034575
0.13895683453237412,0.44255395683453236,0.0,0.38676258992805757,0.0035971223021582736,0.014388489208633094,1994-08-22T01:28:24Z,ls5,qd9v314u1kyr,0.3922512335625222,0.4488343495647052,0.14092880536198135
0.15356115107913668,0.4617625899280576,0.0,0.3715827338129496,0.0,0.0,1994-09-07T01:28:00Z,ls5,qd9v314u1kyr,0.3765126111678087,0.46788890508820535,0.155598483743986
0.09593525179856116,0.5072302158273381,0.0,0.3842446043165467,0.0,0.0,1994-09-23T01:27:35Z,ls5,qd9v314u1kyr,0.389143897996357,0.5136976320582878,0.09715846994535522
,,1.0,,,,1994-10-25T01:26:34Z,ls5,qd9v314u1kyr,,,
,,1.0,,,,1994-11-10T01:26:00Z,ls5,qd9v314u1kyr,,,
,,1.0,,,,1994-11-26T01:25:28Z,ls5,qd9v314u1kyr,,,
,,1.0,,,,1994-12-12T01:25:00Z,ls5,qd9v314u1kyr,,,
0.13370503597122302,0.5264388489208632,0.0,0.327589928057554,0.0,0.0,1994-12-28T01:24:28Z,ls5,qd9v314u1kyr,0.33165810845260213,0.5329764375978732,0.13536545394952476
0.08495145631067962,0.5836893203883495,0.25899280575539574,0.32077669902912626,0.0,0.0,1995-01-13T01:23:54Z,ls5,qd9v314u1kyr,0.3242076341870278,0.5899322931998823,0.08586007261308998
,,1.0,,,,1995-01-29T01:23:17Z,ls5,qd9v314u1kyr,,,
,,1.0,,,,1995-03-09T01:27:54Z,ls5,qd9v314u1kyr,,,
0.10233812949640288,0.5253597122302158,0.0,0.35949640287769785,0.0,0.0,1995-03-18T01:21:20Z,ls5,qd9v314u1kyr,0.36415974347762714,0.5321746101151436,0.10366564640722926
0.0929496402877698,0.4957553956834532,0.0,0.3986690647482014,0.0,0.0,1995-04-19T01:20:02Z,ls5,qd9v314u1kyr,0.4037669860468505,0.5020947939815658,0.09413821997158367
,,1.0,,,,1995-04-26T01:25:54Z,ls5,qd9v314u1kyr,,,
0.09154676258992807,0.48010791366906486,0.0,0.4161870503597122,0.0,0.0,1995-05-05T01:19:19Z,ls5,qd9v314u1kyr,0.42130944577962265,0.4860170417303911,0.09267351248998616
,,1.0,,,,1995-05-12T01:25:11Z,ls5,qd9v314u1kyr,,,
,,1.0,,,,1995-05-21T01:18:36Z,ls5,qd9v314u1kyr,,,
,,1.0,,,,1995-06-13T01:23:42Z,ls5,qd9v314u1kyr,,,
,,1.0,,,,1995-07-24T01:15:40Z,ls5,qd9v314u1kyr,,,
0.18089928057553958,0.40535971223021583,0.0,0.4005035971223021,0.0,0.0,1995-08-25T01:14:13Z,ls5,qd9v314u1kyr,0.40587634878973455,0.4107976086322543,0.1833260425780111
0.1391726618705036,0.4323021582733813,0.0,0.41496402877697847,0.0,0.0,1995-09-10T01:13:27Z,ls5,qd9v314u1kyr,0.4206687816796121,0.4382452685701783,0.14108594975020966
,,1.0,,,,1995-10-19T01:17:35Z,ls5,qd9v314u1kyr,,,
0.09201438848920863,0.52068345323741,0.0,0.3617985611510791,0.01079136690647482,0.0035971223021582736,1995-12-15T01:12:16Z,ls5,qd9v314u1kyr,0.36592523626073487,0.5266223697429048,0.09306390478772716
0.12564748201438847,0.4977697841726619,0.0,0.3645323741007194,0.0,0.0,1996-01-16T01:14:35Z,ls5,qd9v314u1kyr,0.3689787001638449,0.5038412525031859,0.12718004733296923
0.08906474820143885,0.5096762589928058,0.0,0.38884892086330936,0.0,0.0,1996-02-17T01:16:48Z,ls5,qd9v314u1kyr,0.393735203059552,0.5160808595884174,0.09018393735203059
0.08410071942446044,0.5200719424460432,0.0,0.383021582733813,0.0,0.0,1996-03-04T01:17:52Z,ls5,qd9v314u1kyr,0.38799008890832243,0.5268182480687946,0.08519166302288297
0.0918705035971223,0.49302158273381297,0.0,0.4029136690647482,0.0,0.0,1996-03-20T01:18:54Z,ls5,qd9v314u1kyr,0.40788754961581875,0.4991078256436401,0.09300462474054112
0.08633093525179857,0.4855035971223022,0.0,0.41597122302158274,0.0,0.0,1996-04-21T01:20:54Z,ls5,qd9v314u1kyr,0.4211062962018863,0.4914970321546921,0.08739667164342158
,,1.0,,,,1996-05-07T01:21:51Z,ls5,qd9v314u1kyr,,,
0.0820863309352518,0.4683812949640288,0.0,0.4380215827338129,0.0,0.0,1996-05-23T01:22:46Z,ls5,qd9v314u1kyr,0.4431222707423581,0.47383551673944696,0.08304221251819506
0.1128776978417266,0.3133812949640288,0.0,0.4676258992805755,0.0,0.09352517985611511,1996-06-24T01:24:31Z,ls5,qd9v314u1kyr,0.47421217955213296,0.3177951160198602,0.11446752457189177
0.08773381294964029,0.45374100719424465,0.0,0.4467625899280576,0.0,0.0,1996-07-10T01:25:20Z,ls5,qd9v314u1kyr,0.4520802242201434,0.45914170276271243,0.08877807301714409
0.11618705035971222,0.4432374100719425,0.0,0.42755395683453234,0.0,0.0,1996-07-26T01:26:12Z,ls5,qd9v314u1kyr,0.43319483927399954,0.4490852102922954,0.11771995043370506
,,1.0,,,,1996-08-27T01:27:54Z,ls5,qd9v314u1kyr,,,
,,1.0,,,,1996-09-12T01:28:47Z,ls5,qd9v314u1kyr,,,
0.08794117647058823,0.3405882352941177,0.38848920863309355,0.3254705882352941,0.029411764705882353,0.20588235294117646,1996-10-14T01:30:29Z,ls5,qd9v314u1kyr,0.3300918744779859,0.34542417372628564,0.0891898341486696
,,1.0,,,,1996-10-30T01:31:16Z,ls5,qd9v314u1kyr,,,
,,1.0,,,,1996-11-15T01:32:01Z,ls5,qd9v314u1kyr,,,
,,1.0,,,,1996-12-01T01:32:47Z,ls5,qd9v314u1kyr,,,
0.08165467625899282,0.5464028776978418,0.0,0.3593165467625899,0.0,0.0,1996-12-17T01:33:32Z,ls5,qd9v314u1kyr,0.3639112535975809,0.5533899231301688,0.08269882327225038
0.08017985611510792,0.5626978417266187,0.0,0.3455755395683453,0.0,0.0,1997-01-02T01:34:18Z,ls5,qd9v314u1kyr,0.3496124313111831,0.5692710797336148,0.08111648895520215
0.10384892086330935,0.5468345323741006,0.0,0.33726618705035966,0.0,0.0,1997-01-18T01:35:03Z,ls5,qd9v314u1kyr,0.34137993810304024,0.5535044602221009,0.10511560167485892
0.06075539568345324,0.5864028776978416,0.0,0.3424460431654677,0.0,0.0,1997-02-03T01:35:46Z,ls5,qd9v314u1kyr,0.34604340082148966,0.5925629748100759,0.06139362436843446
0.10848920863309353,0.5252158273381294,0.0,0.3537769784172662,0.0,0.0,1997-03-07T01:37:06Z,ls5,qd9v314u1kyr,0.3582616931371121,0.5318738161154014,0.10986449074748653
0.09262589928057553,0.5224820143884892,0.0,0.37305755395683454,0.0,0.0,1997-03-23T01:37:42Z,ls5,qd9v314u1kyr,0.3775253904117069,0.5287393979105238,0.09373521167776927
0.07762589928057555,0.48564748201438845,0.0,0.42377697841726614,0.0,0.0,1997-04-08T01:38:18Z,ls5,qd9v314u1kyr,0.42933673469387756,0.4920189504373178,0.07864431486880469
0.08690647482014388,0.4988489208633094,0.0,0.4017625899280576,0.0,0.0,1997-04-24T01:38:52Z,ls5,qd9v314u1kyr,0.4068407824281499,0.5051542636506028,0.0880049539212472
,,1.0,,,,1997-05-10T01:39:25Z,ls5,qd9v314u1kyr,,,
,,1.0,,,,1997-05-26T01:39:59Z,ls5,qd9v314u1kyr,,,
0.09701438848920863,0.45219424460431656,0.0,0.43834532374100726,0.0,0.0,1997-07-29T01:42:10Z,ls5,qd9v314u1kyr,0.4438697457565382,0.457893203176222,0.09823705106723972
0.2903474903474903,0.15015444015444016,0.06834532374100721,0.1369111969111969,0.03861003861003861,0.3783783783783784,1997-08-14T01:42:41Z,ls5,qd9v314u1kyr,0.13823865418649772,0.15161030065744208,0.29316262816764316
0.10553956834532376,0.46118705035971214,0.0,0.4205035971223022,0.0,0.0,1997-08-30T01:43:11Z,ls5,qd9v314u1kyr,0.4259427946802697,0.4671524867917653,0.10690471852796504
0.1174460431654676,0.4645683453237409,0.0,0.4046402877697842,0.0,0.0,1997-09-15T01:43:38Z,ls5,qd9v314u1kyr,0.4101133836450473,0.4708520179372197,0.11903459841773303
0.10352517985611512,0.47381294964028775,0.0,0.41000000000000003,0.0,0.0,1997-10-17T01:44:31Z,ls5,qd9v314u1kyr,0.4152579422908773,0.4798892451180414,0.10485281259108133
0.11787769784172664,0.4905755395683453,0.0,0.3791726618705036,0.0,0.0,1997-11-02T01:44:57Z,ls5,qd9v314u1kyr,0.38392336829836826,0.49672202797202797,0.11935460372960374
0.11010791366906475,0.546726618705036,0.0,0.3312589928057554,0.0,0.0,1997-12-20T01:46:07Z,ls5,qd9v314u1kyr,0.33525064618296985,0.5533146456004951,0.111434708216535
0.09039568345323742,0.55,0.0,0.3477338129496403,0.0,0.0,1998-01-05T01:46:30Z,ls5,qd9v314u1kyr,0.35191117582817616,0.5566072078631233,0.0914816163087004
0.103739837398374,0.516991869918699,0.5575539568345323,0.3672357723577236,0.0,0.0,1998-01-21T01:46:50Z,ls5,qd9v314u1kyr,0.3717083607636604,0.5232883475971033,0.10500329163923637
0.10456834532374101,0.5353597122302157,0.0,0.3482014388489209,0.0,0.0,1998-02-06T01:47:11Z,ls5,qd9v314u1kyr,0.3523844193665818,0.5417910447761194,0.10582453585729888
0.09341726618705036,0.5496043165467626,0.0,0.3448920863309352,0.0,0.0,1998-02-22T01:47:29Z,ls5,qd9v314u1kyr,0.3491115642295368,0.5563282842994465,0.09456015147101661
0.09651079136690646,0.5139568345323741,0.0,0.3768705035971223,0.0,0.0,1998-03-26T01:47:59Z,ls5,qd9v314u1kyr,0.3817035849606529,0.5205479452054794,0.09774846983386766
0.08654676258992805,0.504064748201439,0.0,0.39661870503597124,0.0,0.0,1998-04-11T01:48:10Z,ls5,qd9v314u1kyr,0.4017489524503552,0.5105848059755876,0.08766624157405718
,,1.0,,,,1998-05-13T01:48:38Z,ls5,qd9v314u1kyr,,,
,,1.0,,,,1998-05-29T01:48:54Z,ls5,qd9v314u1kyr,,,
0.0841726618705036,0.4585971223021583,0.0,0.4456115107913669,0.0,0.0,1998-07-16T01:49:29Z,ls5,qd9v314u1kyr,0.45084980165229094,0.46398806274338533,0.0851621356043236
,,1.0,,,,1998-08-01T01:49:35Z,ls5,qd9v314u1kyr,,,
,,1.0,,,,1998-08-17T01:49:43Z,ls5,qd9v314u1kyr,,,
0.6243478260869565,0.13318840579710145,0.7517985611510791,0.23565217391304344,0.0,0.0,1998-09-02T01:49:54Z,ls5,qd9v314u1kyr,0.23726834962790017,0.1341018532029768,0.628629797169123
,,1.0,,,,1998-09-18T01:50:01Z,ls5,qd9v314u1kyr,,,
0.10604316546762592,0.459820143884892,0.0,0.42097122302158274,0.0,0.0,1998-10-20T01:50:04Z,ls5,qd9v314u1kyr,0.42658744623459943,0.46595465480790255,0.10745789895749802
,,1.0,,,,1998-11-05T01:50:09Z,ls5,qd9v314u1kyr,,,
0.05816479400749064,0.5041198501872659,0.03956834532374098,0.42595505617977525,0.0,0.0,1998-12-07T01:50:12Z,ls5,qd9v314u1kyr,0.4310240278935799,0.5101190025013265,0.058856969605093616
0.0919047619047619,0.503673469387755,0.47122302158273377,0.39231292517006805,0.0,0.0,1998-12-23T01:50:17Z,ls5,qd9v314u1kyr,0.39712160859385764,0.5098471284946977,0.09303126291144471
0.08985611510791366,0.5271942446043165,0.0,0.370863309352518,0.0,0.0,1999-01-08T01:50:17Z,ls5,qd9v314u1kyr,0.3754005243227498,0.5336440431109816,0.09095543256626856
0.09723021582733814,0.5296043165467625,0.0,0.3610071942446043,0.0,0.0,1999-02-09T01:50:25Z,ls5,qd9v314u1kyr,0.36545044060884135,0.5361226421964896,0.09842691719466902
0.08762589928057554,0.5214388489208632,0.0,0.3785611510791367,0.0,0.0,1999-02-25T01:50:28Z,ls5,qd9v314u1kyr,0.38330419580419584,0.5279720279720279,0.08872377622377624
0.26999999999999996,0.47000000000000003,0.9820143884892086,0.246,0.0,0.0,1999-03-13T01:50:17Z,ls5,qd9v314u1kyr,0.24949290060851928,0.47667342799188644,0.2738336713995943
,,1.0,,,,1999-03-29T01:49:59Z,ls5,qd9v314u1kyr,,,
0.0741726618705036,0.43956834532374095,0.0,0.4733453237410072,0.0,0.0,1999-04-14T01:49:58Z,ls5,qd9v314u1kyr,0.479537917714369,0.445319048139645,0.07514303414598594
,,1.0,,,,1999-04-21T01:56:09Z,ls5,qd9v314u1kyr,,,
0.07535971223021583,0.44079136690647486,0.0,0.4708992805755395,0.0,0.0,1999-04-30T01:49:56Z,ls5,qd9v314u1kyr,0.47707725947521856,0.44657434402332363,0.07634839650145772
0.07119133574007219,0.41833935018050544,0.003597122302158251,0.49758122743682326,0.0,0.0,1999-05-16T01:49:42Z,ls5,qd9v314u1kyr,0.5040778261346598,0.4238013385510002,0.07212083531434003
0.07622302158273382,0.2905035971223021,0.0,0.3396762589928058,0.0,0.2841726618705036,1999-06-01T01:49:20Z,ls5,qd9v314u1kyr,0.344208043281232,0.29437934528637394,0.07723994956189036
0.27967272727272724,0.27796363636363636,0.010791366906474864,0.38636363636363635,0.0,0.04363636363636364,1999-06-17T01:49:11Z,ls5,qd9v314u1kyr,0.39142386888920017,0.28160414623896907,0.2833356212354671
,,1.0,,,,1999-07-02T02:10:08Z,ls7,qd9v314u1kyr,,,
0.06931654676258993,0.3266546762589928,0.0,0.36446043165467623,0.0035971223021582736,0.22661870503597123,1999-07-03T01:49:02Z,ls5,qd9v314u1kyr,0.36894291567691917,0.3306721888336067,0.07016906815134458
,,1.0,,,,1999-07-19T01:48:58Z,ls5,qd9v314u1kyr,,,
0.07205035971223021,0.20758992805755397,0.0,0.26615107913669067,0.0035971223021582736,0.44244604316546765,1999-07-27T02:04:05Z,ls7,qd9v314u1kyr,0.2701329083704631,0.21069563646519024,0.07312828969672083
0.08370503597122303,0.23201438848920863,0.0,0.2651798561151079,0.014388489208633094,0.39568345323741005,1999-08-04T01:48:57Z,ls5,qd9v314u1kyr,0.26930148246255314,0.2356205319972148,0.08500604309418898
0.2670220588235294,0.18272058823529413,0.021582733812949617,0.26819852941176464,0.011029411764705883,0.2610294117647059,1999-08-12T02:04:08Z,ls7,qd9v314u1kyr,0.27193419102585725,0.18526565173386034,0.2707413337108707
,,1.0,,,,1999-08-19T02:10:15Z,ls7,qd9v314u1kyr,,,
0.0710071942446043,0.1673381294964029,0.0,0.20125899280575535,0.007194244604316547,0.5467625899280576,1999-08-20T01:48:45Z,ls5,qd9v314u1kyr,0.20420681701917734,0.16978911756447065,0.07204723088397785
,,1.0,,,,1999-09-04T02:10:21Z,ls7,qd9v314u1kyr,,,
0.06791366906474822,0.10575539568345324,0.0,0.14223021582733814,0.0683453237410072,0.6115107913669064,1999-09-05T01:48:17Z,ls5,qd9v314u1kyr,0.1441413027628455,0.10717638596933883,0.06882619615990196
,,1.0,,,,1999-09-13T02:04:05Z,ls7,qd9v314u1kyr,,,
0.0719064748201439,0.15079136690647482,0.0,0.1956474820143885,0.02877697841726619,0.5467625899280576,1999-09-29T02:04:15Z,ls7,qd9v314u1kyr,0.19850733342818433,0.15299553993950152,0.07295755828699035
,,1.0,,,,1999-10-15T02:04:13Z,ls7,qd9v314u1kyr,,,
,,1.0,,,,1999-10-22T02:10:15Z,ls7,qd9v314u1kyr,,,
,,1.0,,,,1999-10-23T01:47:44Z,ls5,qd9v314u1kyr,,,
0.06992805755395684,0.5301798561151079,0.0,0.3876978417266187,0.0,0.0,1999-11-24T01:46:37Z,ls5,qd9v314u1kyr,0.39248388623866576,0.5367248097301628,0.0707913040311715
0.07611510791366906,0.5326978417266187,0.0,0.3789568345323741,0.0,0.0,1999-12-02T02:04:02Z,ls7,qd9v314u1kyr,0.38364894391842685,0.5392935178441369,0.07705753823743627
,,1.0,,,,1999-12-09T02:10:20Z,ls7,qd9v314u1kyr,,,
0.08370503597122303,0.5294964028776978,0.0,0.3743525179856115,0.0,0.0,1999-12-10T01:46:18Z,ls5,qd9v314u1kyr,0.3790704451081809,0.5361695927733663,0.08475996211845269
,,1.0,,,,1999-12-25T02:10:16Z,ls7,qd9v314u1kyr,,,
0.0770503597122302,0.5375539568345323,0.0,0.37366906474820144,0.0,0.0,1999-12-26T01:46:20Z,ls5,qd9v314u1kyr,0.37810293368275466,0.5439324452209362,0.07796462109630924
0.08507194244604317,0.5220143884892087,0.0,0.38000000000000006,0.0,0.0,2000-01-03T02:04:03Z,ls7,qd9v314u1kyr,0.38497139317080287,0.5288437010313035,0.08618490579789366
,,1.0,,,,2000-01-10T02:10:16Z,ls7,qd9v314u1kyr,,,
0.0810431654676259,0.5152877697841727,0.0,0.3909352517985612,0.0,0.0,2000-01-19T02:04:00Z,ls7,qd9v314u1kyr,0.3959775559280041,0.5219339794505574,0.08208846462143846
,,1.0,,,,2000-01-26T02:10:13Z,ls7,qd9v314u1kyr,,,
0.11007407407407409,0.46659259259259256,0.5143884892086331,0.4097777777777778,0.0,0.0,2000-02-04T02:04:01Z,ls7,qd9v314u1kyr,0.4154088758729444,0.47300443042727336,0.11158669369978225
0.09780575539568347,0.506906474820144,0.0,0.3822302158273381,0.0,0.0,2000-02-20T02:03:53Z,ls7,qd9v314u1kyr,0.3872872398585851,0.5136130043372089,0.099099755804206
0.08802158273381296,0.5029496402877698,0.0,0.3958992805755396,0.0,0.0,2000-03-07T02:03:49Z,ls7,qd9v314u1kyr,0.40116639329323855,0.509640969564425,0.08919263714233643
,,1.0,,,,2000-03-14T02:09:59Z,ls7,qd9v314u1kyr,,,
0.09381294964028777,0.47906474820143885,0.0,0.41388489208633095,0.0,0.0,2000-03-23T02:03:51Z,ls7,qd9v314u1kyr,0.4194371536891222,0.48549139690871973,0.09507144940215807
0.09287769784172661,0.47478417266187056,0.0,0.4191007194244604,0.0,0.0,2000-04-08T02:03:39Z,ls7,qd9v314u1kyr,0.42472295129775445,0.4811533974919802,0.09412365121026538
0.09888489208633094,0.45762589928057557,0.0,0.42992805755395685,0.0,0.0,2000-04-24T02:03:33Z,ls7,qd9v314u1kyr,0.4358385297013456,0.46391714983772747,0.10024432046092698
,,1.0,,,,2000-05-17T02:09:31Z,ls7,qd9v314u1kyr,,,
0.09453237410071944,0.43848920863309354,0.0,0.4530935251798561,0.0,0.0,2000-05-26T02:03:12Z,ls7,qd9v314u1kyr,0.4594732618370176,0.4446633107171518,0.09586342744583061
0.26681818181818184,0.45522727272727276,0.841726618705036,0.27,0.0,0.0,2000-06-27T02:02:56Z,ls7,qd9v314u1kyr,0.2721649484536082,0.4588774341351661,0.26895761741122565
0.28776255707762555,0.15963470319634704,0.21223021582733814,0.24251141552511415,0.0,0.3013698630136986,2000-07-29T02:02:26Z,ls7,qd9v314u1kyr,0.2455771167869645,0.16165272082229862,0.29140029937703826
0.16453237410071944,0.40874100719424467,0.0,0.41312949640287766,0.0,0.0,2000-08-14T02:02:19Z,ls7,qd9v314u1kyr,0.41882430165560497,0.4143753190868646,0.16680037925753047
,,1.0,,,,2000-08-21T02:08:27Z,ls7,qd9v314u1kyr,,,
0.17161870503597124,0.3981294964028777,0.0,0.41758992805755396,0.0,0.0,2000-08-30T02:02:09Z,ls7,qd9v314u1kyr,0.4229452054794521,0.40323520839405425,0.17381958612649376
0.242,0.388,0.9820143884892086,0.356,0.0,0.0,2000-09-15T02:01:50Z,ls7,qd9v314u1kyr,0.3610547667342799,0.3935091277890467,0.2454361054766734
0.0866906474820144,0.481906474820144,0.0,0.4185611510791367,0.0,0.0,2000-10-01T02:01:41Z,ls7,qd9v314u1kyr,0.42400612177968877,0.4881754910177459,0.08781838720256531
,,1.0,,,,2000-10-08T02:07:48Z,ls7,qd9v314u1kyr,,,
0.09381294964028777,0.4932014388489209,0.0,0.3997122302158273,0.0,0.0,2000-10-17T02:01:23Z,ls7,qd9v314u1kyr,0.4050891327330392,0.4998359520250812,0.09507491524187962
,,1.0,,,,2000-11-02T02:01:36Z,ls7,qd9v314u1kyr,,,
,,1.0,,,,2000-11-25T02:07:45Z,ls7,qd9v314u1kyr,,,
0.0708273381294964,0.5731654676258993,0.0,0.3442086330935252,0.0,0.0,2000-12-04T02:01:34Z,ls7,qd9v314u1kyr,0.34831828771112405,0.5800087361677344,0.07167297612114153
,,1.0,,,,2000-12-11T02:07:47Z,ls7,qd9v314u1kyr,,,
0.07081712062256809,0.5656031128404668,0.07553956834532372,0.35194552529182876,0.0,0.0,2000-12-20T02:01:39Z,ls7,qd9v314u1kyr,0.3560883429786229,0.5722609346088736,0.07165072241250345
0.06453237410071942,0.6003597122302159,0.0,0.3235971223021583,0.0,0.0,2001-01-05T02:01:39Z,ls7,qd9v314u1kyr,0.32736535662299854,0.6073508005822417,0.06528384279475982
0.08917197452229299,0.5326114649681529,0.43525179856115104,0.24611464968152866,0.0,0.12101910828025478,2001-02-06T02:01:39Z,ls7,qd9v314u1kyr,0.24925746114817962,0.5394127562425151,0.09031067432905059
,,1.0,,,,2001-02-13T02:07:51Z,ls7,qd9v314u1kyr,,,
,,1.0,,,,2001-02-22T02:01:38Z,ls7,qd9v314u1kyr,,,
,,1.0,,,,2001-03-01T02:07:44Z,ls7,qd9v314u1kyr,,,
0.08503597122302159,0.5170863309352517,0.0,0.38521582733812954,0.0,0.0,2001-03-10T02:01:34Z,ls7,qd9v314u1kyr,0.39015593121538916,0.5237175750510055,0.08612649373360538
,,1.0,,,,2001-03-17T02:07:40Z,ls7,qd9v314u1kyr,,,
0.1055755395683453,0.5020143884892087,0.0,0.3794604316546763,0.0,0.0,2001-03-26T02:01:25Z,ls7,qd9v314u1kyr,0.3844387755102041,0.508600583090379,0.10696064139941688
,,1.0,,,,2001-04-02T02:07:31Z,ls7,qd9v314u1kyr,,,
,,1.0,,,,2001-04-18T02:07:32Z,ls7,qd9v314u1kyr,,,
0.09859712230215828,0.492410071942446,0.0,0.3960791366906475,0.0,0.0,2001-04-27T02:01:19Z,ls7,qd9v314u1kyr,0.4012608869939142,0.49885208265004916,0.09988703035603659
0.11113475177304966,0.5221985815602836,0.4928057553956835,0.2528368794326241,0.0,0.10638297872340426,2001-05-13T02:01:10Z,ls7,qd9v314u1kyr,0.2549615590917218,0.5265868049347399,0.11206865725013411
,,1.0,,,,2001-05-20T02:07:16Z,ls7,qd9v314u1kyr,,,
0.0029856115107913667,0.0,0.0,0.0006115107913669065,0.7733812949640287,0.22302158273381295,2001-05-29T02:01:01Z,ls7,qd9v314u1kyr,0.0006115107913669121,0.0,0.0029856115107913944
,,1.0,,,,2001-06-05T02:07:05Z,ls7,qd9v314u1kyr,,,
0.4153846153846154,0.18692307692307691,0.9532374100719424,0.22769230769230772,0.15384615384615385,0.0,2001-06-14T02:00:50Z,ls7,qd9v314u1kyr,0.23212376131745918,0.19056106081129248,0.42346902402509445
,,1.0,,,,2001-06-21T02:06:54Z,ls7,qd9v314u1kyr,,,
0.287841726618705,0.305863309352518,0.0,0.3943165467625899,0.0,0.0,2001-06-30T02:00:35Z,ls7,qd9v314u1kyr,0.39909709833618523,0.3095714857829395,0.2913314158808752
0.09964028776978419,0.42618705035971227,0.0,0.44690647482014384,0.0035971223021582736,0.01079136690647482,2001-07-16T02:00:35Z,ls7,qd9v314u1kyr,0.45282292027482957,0.43182919827882976,0.10095939223770752
0.13636690647482014,0.28428057553956837,0.0,0.33,0.025179856115107913,0.21223021582733814,2001-08-01T02:00:23Z,ls7,qd9v314u1kyr,0.3352501437607821,0.28880334490314596,0.138536439393626
0.13802158273381293,0.32694244604316547,0.0,0.3464028776978418,0.01079136690647482,0.16546762589928057,2001-08-17T02:00:04Z,ls7,qd9v314u1kyr,0.3516858440894031,0.3319286227340171,0.14012654037082445
0.10877697841726619,0.3181294964028777,0.0,0.35356115107913666,0.01079136690647482,0.19784172661870503,2001-09-02T01:59:53Z,ls7,qd9v314u1kyr,0.35849865528603064,0.32257219527415354,0.11029605591463595
,,1.0,,,,2001-09-18T01:59:42Z,ls7,qd9v314u1kyr,,,
,,1.0,,,,2001-09-25T02:05:52Z,ls7,qd9v314u1kyr,,,
0.12384892086330936,0.4450719424460432,0.0,0.4139208633093525,0.0,0.0035971223021582736,2001-10-04T01:59:30Z,ls7,qd9v314u1kyr,0.4196321016604716,0.45121300024724215,0.12555777579012806
,,1.0,,,,2001-10-20T01:59:32Z,ls7,qd9v314u1kyr,,,
0.11035971223021583,0.4782374100719424,0.0,0.39820143884892095,0.0,0.0,2001-11-05T01:59:37Z,ls7,qd9v314u1kyr,0.4035285969452849,0.48463529325994237,0.11183610979477271
0.08597122302158273,0.5164748201438849,0.0,0.3855035971223021,0.0,0.0,2001-11-21T01:59:46Z,ls7,qd9v314u1kyr,0.3902057163662843,0.5227744401966139,0.08701984343710177
0.07965517241379311,0.13724137931034483,0.89568345323741,0.05586206896551724,0.06896551724137931,0.6551724137931034,2001-12-07T01:59:47Z,ls7,qd9v314u1kyr,0.056497667727451066,0.1388029120711452,0.08056148916692096
0.0764388489208633,0.5518705035971223,0.0,0.3597841726618705,0.0,0.0,2001-12-23T01:59:56Z,ls7,qd9v314u1kyr,0.3641195529505989,0.558520514034002,0.07735993301539917
,,1.0,,,,2001-12-30T02:06:02Z,ls7,qd9v314u1kyr,,,
0.07769784172661871,0.5566546762589928,0.0,0.35320143884892086,0.0,0.0,2002-01-08T01:59:59Z,ls7,qd9v314u1kyr,0.35765280104902747,0.5636701391418372,0.0786770598091353
0.07924460431654676,0.5569784172661871,0.0,0.35140287769784173,0.0,0.0,2002-01-24T02:00:06Z,ls7,qd9v314u1kyr,0.3558056526806527,0.5639568764568765,0.08023747086247085
,,1.0,,,,2002-01-31T02:06:12Z,ls7,qd9v314u1kyr,,,
0.06694244604316546,0.5442805755395683,0.0,0.3761870503597122,0.0,0.0,2002-02-09T02:00:08Z,ls7,qd9v314u1kyr,0.38098360655737706,0.5512204007285975,0.06779599271402549
,,1.0,,,,2002-02-16T02:06:18Z,ls7,qd9v314u1kyr,,,
0.07402877697841727,0.5473021582733814,0.0,0.36622302158273384,0.0,0.0,2002-02-25T02:00:10Z,ls7,qd9v314u1kyr,0.3708384934800029,0.5541997523129598,0.07496175420703721
0.13567567567567568,0.6064864864864864,0.8669064748201438,0.2481081081081081,0.0,0.0,2002-03-13T02:00:08Z,ls7,qd9v314u1kyr,0.2505458515283843,0.6124454148471615,0.13700873362445418
,,1.0,,,,2002-03-20T02:06:10Z,ls7,qd9v314u1kyr,,,
0.07237410071942446,0.5198201438848921,0.0,0.3955395683453238,0.0,0.0,2002-03-29T02:00:03Z,ls7,qd9v314u1kyr,0.4004515823591537,0.5262755380749481,0.07327287956589826
,,1.0,,,,2002-04-05T02:06:12Z,ls7,qd9v314u1kyr,,,
0.1645967741935484,0.5191935483870969,0.5539568345323741,0.30282258064516127,0.0,0.0,2002-04-14T02:00:02Z,ls7,qd9v314u1kyr,0.30693150237044303,0.5262383521333989,0.16683014549615827
0.08629496402877698,0.4710791366906475,0.0,0.4294244604316547,0.0,0.0,2002-04-30T02:00:04Z,ls7,qd9v314u1kyr,0.43516932161994676,0.4773812561513505,0.08744942222870265
,,1.0,,,,2002-06-08T02:06:00Z,ls7,qd9v314u1kyr,,,
0.09629496402877698,0.4335251798561151,0.0,0.4575179856115108,0.0,0.0,2002-06-17T01:59:45Z,ls7,qd9v314u1kyr,0.4633853104051297,0.439084814922763,0.09752987467210726
0.10492805755395684,0.4178057553956835,0.0,0.4632374100719426,0.0,0.0,2002-07-03T01:59:40Z,ls7,qd9v314u1kyr,0.4698285297336739,0.4237504560379423,0.10642101422838379
0.3107777777777778,0.43533333333333324,0.6762589928057554,0.2517777777777778,0.0,0.0,2002-07-19T01:59:33Z,ls7,qd9v314u1kyr,0.2523104331366218,0.4362543146642912,0.311435252199087
,,1.0,,,,2002-08-11T02:05:35Z,ls7,qd9v314u1kyr,,,
0.1460431654676259,0.43201438848920864,0.0,0.4077697841726618,0.0,0.0,2002-08-20T01:59:22Z,ls7,qd9v314u1kyr,0.4136320513756111,0.4382252061592352,0.14814274246515363
0.4125,0.305,0.9856115107913669,0.2725,0.0,0.0,2002-09-05T01:59:13Z,ls7,qd9v314u1kyr,0.27525252525252525,0.30808080808080807,0.41666666666666663
,,1.0,,,,2002-09-21T01:59:01Z,ls7,qd9v314u1kyr,,,
,,1.0,,,,2002-09-28T02:05:10Z,ls7,qd9v314u1kyr,,,
0.10035971223021582,0.5210071942446043,0.0,0.3660071942446043,0.0,0.0,2002-10-23T01:59:02Z,ls7,qd9v314u1kyr,0.37068745673795045,0.5276694961565085,0.10164304710554119
0.0829496402877698,0.5704676258992805,0.0,0.33431654676258993,0.0,0.0,2002-11-08T01:59:07Z,ls7,qd9v314u1kyr,0.3384682617720966,0.5775519865982008,0.08397975162970249
0.06982014388489208,0.5921942446043166,0.0,0.32643884892086333,0.0,0.0,2002-11-24T01:59:24Z,ls7,qd9v314u1kyr,0.33025219258342736,0.5991120492012082,0.07063575821536446
0.08935251798561152,0.5778057553956835,0.0,0.32133093525179857,0.0,0.0,2002-12-10T01:59:29Z,ls7,qd9v314u1kyr,0.32507278020378455,0.5845342066957787,0.09039301310043668
,,1.0,,,,2002-12-17T02:05:40Z,ls7,qd9v314u1kyr,,,
,,1.0,,,,2002-12-26T01:59:35Z,ls7,qd9v314u1kyr,,,
,,1.0,,,,2003-01-02T02:05:45Z,ls7,qd9v314u1kyr,,,
,,1.0,,,,2003-01-11T01:59:37Z,ls7,qd9v314u1kyr,,,
,,1.0,,,,2003-01-18T02:05:53Z,ls7,qd9v314u1kyr,,,
0.058525179856115106,0.6227338129496403,0.0,0.30737410071942445,0.0,0.0,2003-01-27T01:59:44Z,ls7,qd9v314u1kyr,0.3109081647504003,0.629893756367341,0.059198078882258774
,,1.0,,,,2003-02-03T02:06:00Z,ls7,qd9v314u1kyr,,,
,,1.0,,,,2003-02-19T02:06:06Z,ls7,qd9v314u1kyr,,,
0.09705035971223022,0.5630215827338129,0.0,0.32773381294964027,0.0,0.0,2003-02-28T01:59:55Z,ls7,qd9v314u1kyr,0.3317796147263392,0.5699719602345145,0.09824842503914645
,,1.0,,,,2003-03-07T02:06:10Z,ls7,qd9v314u1kyr,,,
,,1.0,,,,2003-03-16T01:59:58Z,ls7,qd9v314u1kyr,,,
,,1.0,,,,2003-03-23T02:06:04Z,ls7,qd9v314u1kyr,,,
0.12231884057971014,0.4895652173913044,0.007194244604316502,0.35485507246376813,0.0,0.021739130434782608,2003-04-17T01:59:59Z,ls7,qd9v314u1kyr,0.35908428740430776,0.4953999276502967,0.12377665451061293
0.09820143884892087,0.5103956834532374,0.0,0.3795323741007194,0.0,0.0,2003-05-03T02:00:00Z,ls7,qd9v314u1kyr,0.3840917364397525,0.5165271204950855,0.099381143065162
0.09723021582733814,0.48946043165467623,0.0,0.4013669064748202,0.0,0.0,2003-05-11T01:46:22Z,ls5,qd9v314u1kyr,0.40621814475025486,0.49537643803698844,0.09840541721275667
0.17464028776978416,0.4493884892086331,0.0,0.36201438848920864,0.0,0.0,2003-05-19T01:59:55Z,ls7,qd9v314u1kyr,0.3671384794980301,0.45574930687290244,0.17711221362906757
,,1.0,,,,2003-05-26T02:06:07Z,ls7,qd9v314u1kyr,,,
0.119136690647482,0.47859712230215834,0.0,0.3898920863309353,0.0,0.0,2003-05-27T01:46:41Z,ls5,qd9v314u1kyr,0.3947770979020979,0.48459353146853146,0.1206293706293706
0.4056896551724138,0.286551724137931,0.7913669064748201,0.2939655172413793,0.0,0.0,2003-06-12T01:46:58Z,ls5,qd9v314u1kyr,0.2980769230769231,0.29055944055944055,0.4113636363636364
0.4362008733624454,0.2234934497816594,0.1762589928057554,0.1465065502183406,0.026200873362445413,0.1615720524017467,2003-06-28T01:47:21Z,ls5,qd9v314u1kyr,0.14760165930349559,0.225164021554483,0.43946139337782936
,,1.0,,,,2003-07-22T01:59:46Z,ls7,qd9v314u1kyr,,,
0.16179856115107916,0.4357553956834532,0.0,0.3894604316546763,0.0,0.0,2003-07-30T01:47:55Z,ls5,qd9v314u1kyr,0.39458435074164516,0.4414883924341265,0.16392725682422832
0.16297674418604652,0.4526046511627907,0.22661870503597126,0.3710697674418605,0.0,0.0,2003-08-07T01:59:37Z,ls7,qd9v314u1kyr,0.3760901334087588,0.4587281384056946,0.1651817281855466
,,1.0,,,,2003-08-30T02:05:46Z,ls7,qd9v314u1kyr,,,
0.16586330935251797,0.4592805755395683,0.0,0.35809352517985615,0.0035971223021582736,0.0,2003-08-31T01:48:29Z,ls5,qd9v314u1kyr,0.3628883678745159,0.46543030447230715,0.16808420535101884
0.12741007194244605,0.4981294964028777,0.0,0.361546762589928,0.0,0.0,2003-09-16T01:48:45Z,ls5,qd9v314u1kyr,0.3662767391858897,0.5046463321307533,0.12907692868335705
0.09892086330935251,0.5078057553956834,0.0,0.3806834532374101,0.0,0.0,2003-10-02T01:48:57Z,ls5,qd9v314u1kyr,0.38553734061930783,0.5142805100182148,0.10018214936247721
,,1.0,,,,2003-10-10T01:59:17Z,ls7,qd9v314u1kyr,,,
,,1.0,,,,2003-10-18T01:49:10Z,ls5,qd9v314u1kyr,,,
,,1.0,,,,2003-10-26T01:59:37Z,ls7,qd9v314u1kyr,,,
0.09323741007194246,0.5729496402877698,0.0,0.31489208633093524,0.0,0.007194244604316547,2003-11-03T01:49:15Z,ls5,qd9v314u1kyr,0.31865592075727117,0.5797979787322156,0.09435185590619681
0.11829268292682926,0.544390243902439,0.8525179856115108,0.32536585365853665,0.0,0.0,2003-11-11T01:59:45Z,ls7,qd9v314u1kyr,0.3293014070599853,0.5509750678844729,0.11972352505554183
0.08269035532994926,0.5503045685279188,0.2913669064748201,0.35482233502538074,0.0,0.0,2003-11-27T01:59:55Z,ls7,qd9v314u1kyr,0.3591983556012333,0.5570914696813977,0.08371017471736897
,,1.0,,,,2003-12-05T01:49:45Z,ls5,qd9v314u1kyr,,,
0.07203883495145631,0.6012135922330096,0.25899280575539574,0.3149514563106796,0.0,0.0,2003-12-13T02:00:00Z,ls7,qd9v314u1kyr,0.3187110084983053,0.6083902343174338,0.07289875718426095
0.05255395683453237,0.5968705035971223,0.0,0.33913669064748203,0.0,0.0,2003-12-21T01:49:53Z,ls5,qd9v314u1kyr,0.3430609125973364,0.6037770176843025,0.053162069718361106
0.062283105022831055,0.4671689497716895,0.21223021582733814,0.23753424657534247,0.0,0.2237442922374429,2003-12-29T02:00:08Z,ls7,qd9v314u1kyr,0.24040496468302805,0.47281491612304116,0.06303582695648795
0.06253658536585366,0.6175121951219512,0.262589928057554,0.30917073170731707,0.0,0.0,2004-01-14T02:00:09Z,ls7,qd9v314u1kyr,0.312540066078209,0.6242418265200453,0.06321810740174565
,,1.0,,,,2004-01-21T02:06:25Z,ls7,qd9v314u1kyr,,,
0.06723021582733814,0.6020143884892086,0.0,0.31946043165467625,0.0,0.0,2004-01-22T01:50:03Z,ls5,qd9v314u1kyr,0.323109946882049,0.608891799461544,0.06799825365640691
,,1.0,,,,2004-02-06T02:06:31Z,ls7,qd9v314u1kyr,,,
0.07226618705035971,0.5893884892086331,0.0,0.32730215827338127,0.0,0.0,2004-02-07T01:50:08Z,ls5,qd9v314u1kyr,0.3309569708653112,0.5959698832430074,0.07307314589168153
0.07290748898678415,0.575726872246696,0.1834532374100719,0.339295154185022,0.0,0.0,2004-02-15T02:00:21Z,ls7,qd9v314u1kyr,0.3434406492464104,0.5827610808882547,0.07379826986533489
0.0937410071942446,0.5610431654676258,0.0,0.33327338129496403,0.0,0.0,2004-02-23T01:50:13Z,ls5,qd9v314u1kyr,0.3373015873015874,0.567824377457405,0.09487403524100772
0.08933649289099525,0.5522748815165877,0.24100719424460426,0.3461137440758294,0.0,0.0,2004-03-02T02:00:23Z,ls7,qd9v314u1kyr,0.3504150472626074,0.5591382371287367,0.09044671560865601
,,1.0,,,,2004-03-09T02:06:38Z,ls7,qd9v314u1kyr,,,
0.13125899280575543,0.5305755395683454,0.0,0.32604316546762596,0.0,0.0,2004-03-10T01:50:18Z,ls5,qd9v314u1kyr,0.3300440592797582,0.5370862615154935,0.1328696792047482
0.08362244897959184,0.5590816326530613,0.29496402877697847,0.3455612244897959,0.0,0.0,2004-03-18T02:00:30Z,ls7,qd9v314u1kyr,0.3496644295302013,0.5657201858544141,0.0846153846153846
0.09370503597122302,0.5529496402877698,0.0,0.34111510791366906,0.0,0.0,2004-03-26T01:50:20Z,ls5,qd9v314u1kyr,0.34533867443554256,0.559796067006555,0.0948652585579024
0.0963959390862944,0.5446700507614214,0.2913669064748201,0.3456852791878172,0.0,0.0,2004-04-03T02:00:30Z,ls7,qd9v314u1kyr,0.35032666289418174,0.5519831267040486,0.09769021040176962
0.07402877697841727,0.5474820143884892,0.0,0.3667985611510791,0.0,0.0,2004-04-11T01:50:47Z,ls5,qd9v314u1kyr,0.37113739763421294,0.553958143767061,0.07490445859872612
,,1.0,,,,2004-04-26T02:06:34Z,ls7,qd9v314u1kyr,,,
0.42530120481927713,0.3855421686746988,0.7014388489208634,0.18650602409638556,0.0,0.0,2004-04-27T01:51:15Z,ls5,qd9v314u1kyr,0.18700169122976565,0.38656680357574297,0.42643150519449147
0.10463157894736844,0.5128947368421053,0.3165467625899281,0.3699473684210527,0.0,0.0,2004-05-05T02:00:25Z,ls7,qd9v314u1kyr,0.3746402302526383,0.5194009167466155,0.1059588530007462
0.12561151079136693,0.4703597122302158,0.0,0.39079136690647487,0.0,0.0,2004-05-13T01:51:43Z,ls5,qd9v314u1kyr,0.3960338291046953,0.4766695829687955,0.12729658792650922
0.17191176470588235,0.4715686274509804,0.26618705035971224,0.34563725490196073,0.0,0.0,2004-05-21T02:00:25Z,ls7,qd9v314u1kyr,0.3494399841411438,0.47675686391119043,0.1738031519476658
,,1.0,,,,2004-05-28T02:06:34Z,ls7,qd9v314u1kyr,,,
0.11226618705035972,0.47075539568345326,0.0,0.40460431654676254,0.0,0.0,2004-05-29T01:52:10Z,ls5,qd9v314u1kyr,0.40967365967365965,0.4766535547785548,0.11367278554778555
0.030952380952380946,0.04666666666666667,0.8489208633093526,0.017619047619047618,0.11904761904761904,0.7857142857142857,2004-06-06T02:00:20Z,ls7,qd9v314u1kyr,0.017619047619047618,0.04666666666666667,0.030952380952380946
0.14104316546762588,0.42758992805755397,0.0,0.41809352517985615,0.0,0.0,2004-06-14T01:52:39Z,ls5,qd9v314u1kyr,0.4237176916627174,0.43334183952462546,0.1429404688126572
,,1.0,,,,2004-06-30T01:53:08Z,ls5,qd9v314u1kyr,,,
0.005652173913043478,0.036014492753623194,0.5035971223021583,0.009130434782608696,0.5217391304347826,0.427536231884058,2004-07-08T02:00:14Z,ls7,qd9v314u1kyr,0.009117409911306829,0.03596311687237694,0.005644110897475655
0.10913669064748202,0.44273381294964026,0.0,0.43449640287769786,0.0,0.0,2004-07-16T01:53:34Z,ls5,qd9v314u1kyr,0.4405018051858065,0.448853068815871,0.11064512599832246
0.13577889447236183,0.43783919597989956,0.2841726618705036,0.4134170854271357,0.0,0.0,2004-07-24T02:00:09Z,ls7,qd9v314u1kyr,0.41884736788514404,0.44359026575705124,0.13756236635780472
,,1.0,,,,2004-08-01T01:53:55Z,ls5,qd9v314u1kyr,,,
0.1051980198019802,0.446039603960396,0.27338129496402874,0.43559405940594065,0.0,0.0,2004-08-09T02:00:02Z,ls7,qd9v314u1kyr,0.44140664191833057,0.4519915721882211,0.10660178589344838
0.16924460431654675,0.4360071942446043,0.0,0.38075539568345323,0.0,0.0,2004-08-17T01:54:17Z,ls5,qd9v314u1kyr,0.3861588413410675,0.4421947393382219,0.17164641932071067
0.1739351851851852,0.41421296296296295,0.2230215827338129,0.39819444444444446,0.0,0.0,2004-08-25T02:00:01Z,ls7,qd9v314u1kyr,0.403708049753579,0.4199483689274818,0.17634358131893924
,,1.0,,,,2004-09-01T02:06:09Z,ls7,qd9v314u1kyr,,,
0.12884892086330937,0.4668345323741007,0.0,0.3917625899280575,0.0,0.0,2004-09-02T01:54:43Z,ls5,qd9v314u1kyr,0.3967432880405085,0.4727696623073841,0.13048704965210742
0.11917475728155343,0.45524271844660197,0.25899280575539574,0.41208737864077666,0.0,0.0,2004-09-10T01:59:55Z,ls7,qd9v314u1kyr,0.4177246334022241,0.46147032772364927,0.12080503887412658
0.1265107913669065,0.4691726618705036,0.0,0.39122302158273375,0.0,0.0,2004-09-18T01:55:08Z,ls5,qd9v314u1kyr,0.39641347135150895,0.47539728823443655,0.12818924041405455
,,1.0,,,,2004-09-26T01:59:50Z,ls7,qd9v314u1kyr,,,
0.12093525179856114,0.4943165467625899,0.0,0.3722302158273382,0.0,0.0,2004-10-04T01:55:29Z,ls5,qd9v314u1kyr,0.3769488561853417,0.5005828354946815,0.12246830831997667
0.11971223021582734,0.5199280575539568,0.0,0.3484172661870504,0.0,0.0,2004-10-20T01:55:50Z,ls5,qd9v314u1kyr,0.3526285131789719,0.5262123197903014,0.12115916703072668
0.0942281879194631,0.5045637583892618,0.46402877697841727,0.38724832214765104,0.0,0.0,2004-10-28T02:00:03Z,ls7,qd9v314u1kyr,0.39273073781649875,0.511707051456575,0.09556221072692622
,,1.0,,,,2004-11-05T01:56:09Z,ls5,qd9v314u1kyr,,,
0.06013636363636364,0.5140454545454546,0.2086330935251799,0.4178636363636363,0.0,0.0,2004-11-13T02:00:10Z,ls7,qd9v314u1kyr,0.4212142038946162,0.5181672394043528,0.06061855670103093
0.07654676258992806,0.5369424460431655,0.0,0.3769064748201439,0.0,0.0,2004-11-21T01:56:23Z,ls5,qd9v314u1kyr,0.3805615080085715,0.5421494206951658,0.07728907129626265
,,1.0,,,,2004-11-29T02:00:20Z,ls7,qd9v314u1kyr,,,
0.10953237410071943,0.5614028776978417,0.0,0.3169064748201439,0.0,0.0,2004-12-07T01:56:46Z,ls5,qd9v314u1kyr,0.3208069332168087,0.5683125773796518,0.11088048940353944
0.0751923076923077,0.6300480769230768,0.2517985611510791,0.28302884615384616,0.0,0.0,2004-12-15T02:00:26Z,ls7,qd9v314u1kyr,0.28638840241292085,0.6375267561782447,0.07608484140883441
0.0979136690647482,0.5869424460431655,0.0,0.30363309352517986,0.0,0.0,2004-12-23T01:57:03Z,ls5,qd9v314u1kyr,0.3071688500727802,0.5937772925764192,0.09905385735080058
0.07608247422680413,0.5957216494845361,0.302158273381295,0.3166494845360825,0.0,0.0,2004-12-31T02:00:35Z,ls7,qd9v314u1kyr,0.3203483521068001,0.6026804338756779,0.0769712140175219
0.08848920863309354,0.5986690647482015,0.0,0.3013669064748201,0.0,0.0,2005-01-08T01:57:15Z,ls5,qd9v314u1kyr,0.3048651795786179,0.6056184272770279,0.08951639314435429
0.13177884615384616,0.5391826923076922,0.2517985611510791,0.31653846153846155,0.0,0.0,2005-01-16T02:00:38Z,ls7,qd9v314u1kyr,0.32054527750730283,0.5460077896786757,0.13344693281402145
0.11783216783216784,0.5760839160839161,0.4856115107913669,0.29454545454545455,0.0,0.0,2005-01-24T01:57:28Z,ls5,qd9v314u1kyr,0.2979837283339229,0.5828086310576582,0.11920764060841882
0.1015,0.57595,0.28057553956834536,0.3103,0.0,0.0,2005-02-01T02:00:42Z,ls7,qd9v314u1kyr,0.3141483168818021,0.5830928878764869,0.10275879524171097
0.08640287769784173,0.5776618705035972,0.0,0.3243165467625899,0.0,0.0,2005-02-09T01:57:41Z,ls5,qd9v314u1kyr,0.328128980601958,0.5844524511409543,0.08741856825708774
,,1.0,,,,2005-02-17T02:00:51Z,ls7,qd9v314u1kyr,,,
,,1.0,,,,2005-02-25T01:57:58Z,ls5,qd9v314u1kyr,,,
,,1.0,,,,2005-03-13T01:58:10Z,ls5,qd9v314u1kyr,,,
0.08381974248927039,0.5478111587982832,0.1618705035971223,0.35669527896995706,0.0,0.0,2005-03-21T02:00:56Z,ls7,qd9v314u1kyr,0.3609084592669793,0.5542817439638701,0.0848097967691506
0.05438848920863308,0.5756115107913669,0.0,0.35874100719424457,0.0,0.0,2005-03-29T01:58:17Z,ls5,qd9v314u1kyr,0.3628260632298905,0.5821661148906757,0.05500782187943391
0.09233160621761659,0.5169430051813472,0.3057553956834532,0.3791191709844559,0.0,0.0,2005-04-06T02:00:52Z,ls7,qd9v314u1kyr,0.383570979240931,0.5230132103166283,0.09341581044244077
,,1.0,,,,2005-04-13T02:07:00Z,ls7,qd9v314u1kyr,,,
0.08834532374100719,0.5401079136690646,0.0,0.35967625899280575,0.0,0.0,2005-04-14T01:58:21Z,ls5,qd9v314u1kyr,0.3639970877320714,0.5465962868583909,0.08940662540953769
0.10120603015075377,0.5093969849246232,0.2841726618705036,0.37743718592964826,0.0,0.0,2005-04-22T02:00:46Z,ls7,qd9v314u1kyr,0.38200589970501475,0.5155630149527006,0.10243108534228461
0.12189814814814814,0.4839351851851852,0.2230215827338129,0.38157407407407407,0.0,0.0,2005-05-08T02:00:51Z,ls7,qd9v314u1kyr,0.38644036009002247,0.49010690172543137,0.12345273818454613
0.16834170854271358,0.4262311557788944,0.2841726618705036,0.3579396984924623,0.0,0.035175879396984924,2005-05-24T02:00:50Z,ls7,qd9v314u1kyr,0.36256619419969804,0.43174034244024123,0.17051758396307573
,,1.0,,,,2005-06-01T01:58:41Z,ls5,qd9v314u1kyr,,,
0.043992805755395686,0.11381294964028776,0.0,0.18978417266187053,0.0,0.6474820143884892,2005-06-17T01:58:48Z,ls5,qd9v314u1kyr,0.192474893106316,0.11542656591895066,0.0446165265862442
0.1230952380952381,0.4034285714285714,0.24460431654676262,0.45133333333333336,0.0,0.009523809523809525,2005-06-25T02:00:39Z,ls7,qd9v314u1kyr,0.4571576982387793,0.40863473512122156,0.12468375711618955
,,1.0,,,,2005-07-02T02:06:49Z,ls7,qd9v314u1kyr,,,
0.13967509025270758,0.3064259927797834,0.003597122302158251,0.3203249097472924,0.04693140794223827,0.17689530685920576,2005-07-03T01:58:51Z,ls5,qd9v314u1kyr,0.32439875457215195,0.3103230732343544,0.14145145739204962
0.11318407960199005,0.4613432835820896,0.2769784172661871,0.41308457711442786,0.0,0.0,2005-07-11T02:00:40Z,ls7,qd9v314u1kyr,0.4182660823132336,0.4671301193894514,0.11460379829731498
0.12143884892086333,0.4501798561151079,0.0,0.41503597122302155,0.0,0.0,2005-07-19T01:59:02Z,ls5,qd9v314u1kyr,0.42064967734879144,0.4562689124649094,0.1230814101862992
0.11785388127853882,0.4410502283105023,0.21223021582733814,0.42730593607305944,0.0,0.0,2005-07-27T02:00:39Z,ls7,qd9v314u1kyr,0.4332808593388277,0.44721733493842014,0.11950180572275211
0.15431654676258996,0.4379496402877698,0.0,0.39449640287769777,0.0,0.0,2005-08-04T01:59:11Z,ls5,qd9v314u1kyr,0.39978856809565466,0.4438247302420531,0.15638670166229224
,,1.0,,,,2005-08-12T02:00:35Z,ls7,qd9v314u1kyr,,,
,,1.0,,,,2005-08-19T02:06:43Z,ls7,qd9v314u1kyr,,,
,,1.0,,,,2005-08-20T01:59:17Z,ls5,qd9v314u1kyr,,,
,,1.0,,,,2005-08-28T02:00:28Z,ls7,qd9v314u1kyr,,,
0.3515596330275229,0.29000000000000004,0.6079136690647482,0.3470642201834862,0.0,0.0,2005-09-05T01:59:21Z,ls5,qd9v314u1kyr,0.3510579064587973,0.2933370452858204,0.35560504825538236
,,1.0,,,,2005-10-07T01:59:18Z,ls5,qd9v314u1kyr,,,
0.1543298969072165,0.4554123711340206,0.302158273381295,0.37675257731958767,0.0,0.0,2005-10-15T02:00:21Z,ls7,qd9v314u1kyr,0.38191033545825065,0.46164698505590973,0.1564426794858397
0.12100719424460432,0.4803597122302159,0.0,0.38553956834532377,0.0,0.0,2005-10-23T01:59:17Z,ls5,qd9v314u1kyr,0.3906546143752734,0.4867327598775332,0.12261262574719346
,,1.0,,,,2005-10-31T02:00:34Z,ls7,qd9v314u1kyr,,,
0.09897435897435895,0.4796153846153846,0.15827338129496404,0.3882478632478632,0.0,0.021367521367521368,2005-11-08T01:59:26Z,ls5,qd9v314u1kyr,0.3929842675201586,0.4854664209552824,0.10018179015703767
0.11562130177514793,0.4997633136094675,0.3920863309352518,0.37201183431952667,0.0,0.0,2005-11-16T02:00:44Z,ls7,qd9v314u1kyr,0.37676035237010846,0.5061425061425062,0.11709714148738538
0.09420863309352519,0.5331654676258993,0.0,0.36057553956834537,0.0,0.0,2005-11-24T01:59:50Z,ls5,qd9v314u1kyr,0.36497360276715823,0.539668669215365,0.09535772801747679
0.08941176470588236,0.5420588235294117,0.26618705035971224,0.35661764705882354,0.0,0.0,2005-12-02T02:00:50Z,ls7,qd9v314u1kyr,0.3609168030956988,0.5485935407054621,0.09048965619883913
0.08615789473684209,0.5372105263157895,0.3165467625899281,0.364,0.0,0.0,2005-12-18T02:00:52Z,ls7,qd9v314u1kyr,0.3686567164179104,0.5440831556503198,0.08726012793176971
0.09152709359605911,0.5159605911330049,0.2697841726618705,0.3796551724137931,0.0,0.0,2006-01-19T02:01:09Z,ls7,qd9v314u1kyr,0.38460002994161385,0.5226807724936373,0.09271919756474874
0.07176258992805755,0.5567625899280576,0.0,0.35964028776978424,0.0,0.0,2006-01-27T02:01:20Z,ls5,qd9v314u1kyr,0.36394743547741254,0.5634305267372866,0.07262203778530085
0.08846153846153847,0.5463076923076923,0.2985611510791367,0.35338461538461535,0.0,0.0,2006-02-04T02:01:15Z,ls7,qd9v314u1kyr,0.3576210493538845,0.5528569204421611,0.08952203020395455
0.05510791366906475,0.5420863309352517,0.0,0.3907913669064748,0.0,0.0,2006-02-12T02:01:42Z,ls5,qd9v314u1kyr,0.3955435811548824,0.5486783659797567,0.05577805286536081
0.08747663551401869,0.5064485981308411,0.2302158273381295,0.3938317757009346,0.0,0.0,2006-02-20T02:01:19Z,ls7,qd9v314u1kyr,0.3987132179014098,0.5127258964897341,0.08856088560885608
0.054928057553956834,0.5359352517985612,0.0,0.3973021582733813,0.0,0.0,2006-02-28T02:02:02Z,ls5,qd9v314u1kyr,0.40206035455571326,0.5423537548687707,0.055585890575515995
0.07366812227074236,0.49720524017467244,0.1762589928057554,0.4173799126637555,0.0,0.0,2006-03-08T02:01:20Z,ls7,qd9v314u1kyr,0.42234103663116973,0.5031151959701294,0.0745437673987009
,,1.0,,,,2006-03-15T02:07:31Z,ls7,qd9v314u1kyr,,,
,,1.0,,,,2006-04-09T02:01:17Z,ls7,qd9v314u1kyr,,,
0.11633093525179858,0.48377697841726613,0.0,0.38661870503597123,0.0,0.0,2006-04-17T02:02:57Z,ls5,qd9v314u1kyr,0.3918194743173782,0.49028471437424803,0.11789581130837376
,,1.0,,,,2006-04-25T02:01:16Z,ls7,qd9v314u1kyr,,,
,,1.0,,,,2006-05-02T02:07:28Z,ls7,qd9v314u1kyr,,,
0.10917266187050359,0.484820143884892,0.0,0.39341726618705036,0.0,0.0,2006-05-03T02:03:12Z,ls5,qd9v314u1kyr,0.3984335154826959,0.49100182149362476,0.11056466302367943
0.11165898617511523,0.4625806451612903,0.21942446043165464,0.4129032258064516,0.0,0.0,2006-05-11T02:01:18Z,ls7,qd9v314u1kyr,0.41828112599785255,0.46860557396946917,0.11311330003267822
0.09992805755395684,0.4571223021582734,0.0,0.4297122302158274,0.0,0.0,2006-05-19T02:03:24Z,ls5,qd9v314u1kyr,0.4354768153980753,0.463254593175853,0.10126859142607175
0.09437768240343349,0.4390557939914163,0.1618705035971223,0.45274678111587985,0.0,0.0,2006-05-27T02:01:18Z,ls7,qd9v314u1kyr,0.45909130472625986,0.4452084602663417,0.09570023500739838
0.10359712230215828,0.45122302158273386,0.0,0.4313669064748201,0.0,0.0,2006-06-04T02:03:39Z,ls5,qd9v314u1kyr,0.43740881237233725,0.4575430405602568,0.1050481470674059
0.09114832535885167,0.43794258373205736,0.24820143884892087,0.4576076555023924,0.0,0.0,2006-06-12T02:01:15Z,ls7,qd9v314u1kyr,0.4637765493162643,0.44384637765493157,0.09237707302880419
,,1.0,,,,2006-06-19T02:07:24Z,ls7,qd9v314u1kyr,,,
0.14869565217391303,0.5213043478260869,0.9172661870503597,0.15173913043478263,0.0,0.17391304347826086,2006-06-20T02:03:53Z,ls5,qd9v314u1kyr,0.1525419829767656,0.5240625718886589,0.14948240165631468
,,1.0,,,,2006-07-05T02:07:18Z,ls7,qd9v314u1kyr,,,
0.0969064748201439,0.4467985611510792,0.0,0.44323741007194245,0.0,0.0,2006-07-06T02:04:08Z,ls5,qd9v314u1kyr,0.4491015781608776,0.45270984437074024,0.09818857746838211
0.23773109243697482,0.3818487394957983,0.5719424460431655,0.366890756302521,0.0,0.0,2006-07-14T02:01:02Z,ls7,qd9v314u1kyr,0.3719226509924184,0.38708578243461955,0.24099156657296192
0.09953237410071943,0.4542446043165468,0.0,0.4333093525179856,0.0,0.0,2006-07-22T02:04:21Z,ls5,qd9v314u1kyr,0.4389781713494406,0.4601873109580555,0.10083451769250393
,,1.0,,,,2006-07-29T02:10:37Z,ls5,qd9v314u1kyr,,,
0.1066,0.43295,0.28057553956834536,0.44684999999999986,0.0,0.0,2006-07-30T02:00:56Z,ls7,qd9v314u1kyr,0.45301094890510935,0.43891930251419303,0.1080697485806975
,,1.0,,,,2006-08-14T02:10:49Z,ls5,qd9v314u1kyr,,,
0.11887323943661972,0.45483568075117375,0.23381294964028776,0.4132863849765258,0.0,0.0,2006-08-23T02:04:45Z,ls5,qd9v314u1kyr,0.4187318651001284,0.46082861627741045,0.1204395186224611
0.07238805970149254,0.33268656716417905,0.2769784172661871,0.2380099502487562,0.1890547263681592,0.15920398009950248,2006-09-16T02:00:46Z,ls7,qd9v314u1kyr,0.24121385952798288,0.3371649411922285,0.07336249281212691
0.12586330935251802,0.519388489208633,0.0,0.34190647482014386,0.0,0.0,2006-09-24T02:05:09Z,ls5,qd9v314u1kyr,0.34635426156032506,0.5261451007542907,0.1275006376853843
0.10884210526315789,0.5316842105263159,0.3165467625899281,0.34705263157894733,0.0,0.0,2006-10-02T02:00:39Z,ls7,qd9v314u1kyr,0.3514176081858878,0.5383713493924537,0.11021104242165848
0.12406474820143885,0.5330215827338128,0.0,0.3305035971223022,0.0,0.0,2006-10-10T02:05:19Z,ls5,qd9v314u1kyr,0.3346567109816063,0.5397195410672008,0.12562374795119288
0.09809278350515463,0.5443298969072164,0.302158273381295,0.3456701030927835,0.0,0.0,2006-10-18T02:00:46Z,ls7,qd9v314u1kyr,0.3498356721790391,0.5508894569356775,0.09927487088528353
0.08946043165467625,0.5625179856115108,0.0,0.33633093525179864,0.0,0.0,2006-10-26T02:05:29Z,ls5,qd9v314u1kyr,0.340309372156506,0.569171974522293,0.09051865332120107
0.11089285714285715,0.5517410714285714,0.19424460431654678,0.32486607142857143,0.0,0.0,2006-11-03T02:01:01Z,ls7,qd9v314u1kyr,0.3289783001808318,0.5587251356238698,0.11229656419529838
,,1.0,,,,2006-11-11T02:05:37Z,ls5,qd9v314u1kyr,,,
0.06204545454545454,0.6005681818181818,0.6834532374100719,0.3265909090909091,0.0,0.0,2006-11-19T02:01:13Z,ls7,qd9v314u1kyr,0.3301550832854681,0.6071223434807582,0.06272257323377368
0.11525179856115104,0.5993884892086331,0.0,0.27316546762589927,0.0,0.0,2006-11-27T02:05:46Z,ls5,qd9v314u1kyr,0.2765376351917264,0.6067878081643057,0.11667455664396777
0.09724299065420562,0.6015420560747664,0.2302158273381295,0.2892523364485981,0.0,0.0,2006-12-05T02:01:21Z,ls7,qd9v314u1kyr,0.29275444570563747,0.6088251986379115,0.098420355656451
0.1106474820143885,0.5934892086330935,0.0,0.2838489208633093,0.0,0.0,2006-12-13T02:05:54Z,ls5,qd9v314u1kyr,0.28730066263744264,0.6007063278234909,0.11199300953906649
0.096,0.6569999999999999,0.6762589928057554,0.21677777777777776,0.0,0.022222222222222223,2006-12-21T02:01:26Z,ls7,qd9v314u1kyr,0.21856604542214075,0.6624197983501375,0.09679193400549956
0.10816546762589928,0.6012949640287769,0.0,0.27809352517985614,0.0,0.0,2006-12-29T02:06:01Z,ls5,qd9v314u1kyr,0.28159830990019674,0.6088730239673635,0.10952866613243972
0.10047846889952153,0.5646411483253588,0.24820143884892087,0.3223923444976076,0.0,0.0,2007-01-06T02:01:27Z,ls7,qd9v314u1kyr,0.3264693056834149,0.571781578564853,0.10174911575173216
0.0943884892086331,0.5963309352517986,0.0,0.29733812949640287,0.0,0.0,2007-01-14T02:06:07Z,ls5,qd9v314u1kyr,0.300931993592544,0.6035386631716907,0.09552934323576526
0.11791469194312798,0.5699052132701422,0.24100719424460426,0.29962085308056874,0.0,0.0,2007-01-22T02:01:30Z,ls7,qd9v314u1kyr,0.30343172546196306,0.5771538276937845,0.11941444684425247
0.10381294964028778,0.5900359712230216,0.0,0.29417266187050367,0.0,0.0,2007-01-30T02:06:11Z,ls5,qd9v314u1kyr,0.29773910510794777,0.597189354498125,0.10507154039392727
0.09104712041884817,0.5918324607329842,0.31294964028776984,0.30523560209424083,0.0,0.0,2007-02-07T02:01:37Z,ls7,qd9v314u1kyr,0.30890690404281246,0.5989508822126848,0.09214221374450274
0.09539568345323741,0.5800359712230215,0.0,0.3122302158273382,0.0,0.0,2007-02-15T02:06:13Z,ls5,qd9v314u1kyr,0.3161306770586736,0.5872819317478238,0.09658739119350257
0.09765258215962441,0.55056338028169,0.23381294964028776,0.34018779342723005,0.0,0.0,2007-02-23T02:01:42Z,ls7,qd9v314u1kyr,0.34417897686790483,0.5570227521018382,0.09879827103025697
0.08625899280575541,0.5703956834532374,0.0,0.3310791366906475,0.0,0.0,2007-03-03T02:06:12Z,ls5,qd9v314u1kyr,0.3351906478750136,0.5774791507338213,0.08733020139116503
0.11378109452736317,0.552189054726368,0.2769784172661871,0.32159203980099504,0.0,0.0,2007-03-11T02:01:45Z,ls7,qd9v314u1kyr,0.3256423173803527,0.5591435768261964,0.11521410579345087
0.09604316546762591,0.5844964028776979,0.0,0.3079496402877697,0.0,0.0,2007-03-19T02:06:09Z,ls5,qd9v314u1kyr,0.31153566229985435,0.5913027656477439,0.09716157205240175
,,1.0,,,,2007-03-27T02:01:46Z,ls7,qd9v314u1kyr,,,
,,1.0,,,,2007-04-03T02:07:57Z,ls7,qd9v314u1kyr,,,
,,1.0,,,,2007-04-04T02:06:06Z,ls5,qd9v314u1kyr,,,
0.14396135265700485,0.5144444444444445,0.2553956834532374,0.3289371980676329,0.0,0.0,2007-04-12T02:01:45Z,ls7,qd9v314u1kyr,0.33315392895586654,0.5210392406301987,0.14580683041393483
0.11435251798561151,0.5277697841726618,0.0,0.3456115107913669,0.0,0.0,2007-04-20T02:06:00Z,ls5,qd9v314u1kyr,0.34990349247969704,0.5343239010888962,0.11577260643140683
0.11879807692307692,0.5157692307692308,0.2517985611510791,0.3528365384615384,0.0,0.0,2007-04-28T02:01:42Z,ls7,qd9v314u1kyr,0.3573376180738143,0.5223488168273445,0.12031356509884117
,,1.0,,,,2007-05-05T02:07:51Z,ls7,qd9v314u1kyr,,,
0.12233333333333332,0.4978095238095239,0.24460431654676262,0.36728571428571427,0.0,0.0,2007-05-14T02:01:37Z,ls7,qd9v314u1kyr,0.3719618055555555,0.50414737654321,0.12389081790123456
0.11330935251798561,0.5050359712230215,0.0,0.36884892086330934,0.0,0.0,2007-05-22T02:05:41Z,ls5,qd9v314u1kyr,0.37363358111062533,0.5115872321818976,0.11477918670747707
0.11560185185185184,0.47027777777777785,0.2230215827338129,0.40194444444444444,0.0,0.0,2007-05-30T02:01:29Z,ls7,qd9v314u1kyr,0.406898814266298,0.47607442470825334,0.11702676102544875
0.1701801801801802,0.4254954954954954,0.20143884892086328,0.3917567567567567,0.0,0.0,2007-06-15T02:01:30Z,ls7,qd9v314u1kyr,0.3967428493225674,0.43091099858583093,0.1723461520916017
,,1.0,,,,2007-06-23T02:05:08Z,ls5,qd9v314u1kyr,,,
,,1.0,,,,2007-07-01T02:01:29Z,ls7,qd9v314u1kyr,,,
0.1196043165467626,0.4775899280575539,0.0,0.3904676258992806,0.0,0.0,2007-07-09T02:04:57Z,ls5,qd9v314u1kyr,0.3953454492479149,0.4835561059110609,0.12109844484102415
0.12307317073170734,0.4860975609756097,0.262589928057554,0.3781463414634147,0.0,0.0,2007-07-17T02:01:26Z,ls7,qd9v314u1kyr,0.38300395256917,0.49234189723320154,0.12465415019762849
,,1.0,,,,2007-07-25T02:04:49Z,ls5,qd9v314u1kyr,,,
0.1462162162162162,0.4382432432432432,0.20143884892086328,0.40256756756756756,0.0,0.0,2007-08-02T02:01:21Z,ls7,qd9v314u1kyr,0.40785870755750275,0.44400328587075577,0.1481380065717415
,,1.0,,,,2007-08-10T02:04:40Z,ls5,qd9v314u1kyr,,,
0.1243661971830986,0.4860093896713614,0.23381294964028776,0.3775586854460094,0.0,0.0,2007-08-18T02:01:15Z,ls7,qd9v314u1kyr,0.38216984270303667,0.49194506486717665,0.12588509242978663
,,1.0,,,,2007-08-26T02:04:30Z,ls5,qd9v314u1kyr,,,
0.13510791366906474,0.5037769784172661,0.0,0.3480575539568346,0.0,0.0,2007-09-02T02:10:36Z,ls5,qd9v314u1kyr,0.35266246309727745,0.5104421037285417,0.13689543317418085
0.14176470588235293,0.5059313725490197,0.26618705035971224,0.3390196078431372,0.0,0.0,2007-09-03T02:01:08Z,ls7,qd9v314u1kyr,0.34358388394853195,0.5127428088827066,0.14367330716876148
0.11921568627450979,0.5270588235294117,0.6330935251798562,0.3419607843137255,0.0,0.0,2007-09-10T02:07:15Z,ls7,qd9v314u1kyr,0.34603174603174613,0.5333333333333333,0.12063492063492065
0.13737777777777777,0.49173333333333336,0.19064748201438853,0.3593777777777778,0.0,0.0,2007-09-11T02:04:22Z,ls5,qd9v314u1kyr,0.3635627894429207,0.49745964659862413,0.1389775639584551
0.166,0.458,0.9820143884892086,0.364,0.0,0.0,2007-09-19T02:01:02Z,ls7,qd9v314u1kyr,0.3684210526315789,0.46356275303643724,0.1680161943319838
0.12389162561576357,0.5016748768472906,0.2697841726618705,0.3615270935960591,0.0,0.0,2007-10-05T02:00:53Z,ls7,qd9v314u1kyr,0.36625411717736295,0.5082343547260205,0.12551152809661645
,,1.0,,,,2007-10-12T02:07:10Z,ls7,qd9v314u1kyr,,,
0.1028125,0.4958928571428571,0.19424460431654678,0.3886607142857143,0.0,0.0,2007-10-21T02:01:06Z,ls7,qd9v314u1kyr,0.3936338563096261,0.5022380973911471,0.10412804629922685
0.11744680851063831,0.5163404255319148,0.1546762589928058,0.35336170212765955,0.0,0.0,2007-11-06T02:01:16Z,ls7,qd9v314u1kyr,0.3579618932666609,0.5230623329597379,0.11897577377360119
,,1.0,,,,2007-11-22T02:01:25Z,ls7,qd9v314u1kyr,,,
0.10358333333333333,0.5502916666666666,0.13669064748201443,0.33408333333333334,0.0,0.0,2007-12-08T02:01:31Z,ls7,qd9v314u1kyr,0.3381552865758509,0.5569988612880098,0.10484585213613935
0.1264888888888889,0.5232444444444445,0.19064748201438853,0.3376,0.0,0.0,2007-12-24T02:01:34Z,ls7,qd9v314u1kyr,0.3419311276164753,0.5299572361017331,0.1281116362817916
,,1.0,,,,2007-12-31T02:07:46Z,ls7,qd9v314u1kyr,,,
0.11156118143459914,0.5395780590717298,0.14748201438848918,0.33696202531645575,0.0,0.0,2008-01-09T02:01:36Z,ls7,qd9v314u1kyr,0.34101972841404055,0.54607566828935,0.11290460329660944
0.08172661870503596,0.5999640287769784,0.0,0.30633093525179855,0.0,0.0,2008-01-17T02:02:20Z,ls5,qd9v314u1kyr,0.3100447810099392,0.6072377762405796,0.08271744274948119
0.07089928057553957,0.594136690647482,0.0,0.32309352517985607,0.0,0.0,2008-01-24T02:08:22Z,ls5,qd9v314u1kyr,0.3269748816891154,0.6012741172187842,0.07175100109210049
0.10238532110091747,0.5697706422018349,0.2158273381294964,0.3154128440366973,0.0,0.0,2008-01-25T02:01:35Z,ls7,qd9v314u1kyr,0.3193831576013749,0.5769427284128386,0.10367411398578665
0.06402877697841729,0.5928057553956835,0.0,0.3314028776978417,0.0,0.0,2008-02-02T02:02:03Z,ls5,qd9v314u1kyr,0.33534743202416917,0.5998616823790631,0.06479088559676775
0.049784172661870504,0.5708992805755396,0.0,0.36787769784172664,0.0,0.0,2008-02-09T02:08:07Z,ls5,qd9v314u1kyr,0.3721344880285277,0.5775052761807729,0.05036023579069936
0.08809045226130653,0.527537688442211,0.2841726618705036,0.37185929648241206,0.0,0.0,2008-02-10T02:01:32Z,ls7,qd9v314u1kyr,0.37657116686173736,0.5342221769884484,0.08920665614981427
0.06093023255813954,0.5688759689922481,0.07194244604316546,0.35829457364341083,0.0,0.0,2008-02-18T02:01:46Z,ls5,qd9v314u1kyr,0.3626093437414192,0.5757266700662927,0.061663986192288085
0.09222748815165877,0.5434123222748816,0.24100719424460426,0.35265402843601895,0.0,0.0,2008-02-26T02:01:28Z,ls7,qd9v314u1kyr,0.3568311513930849,0.5498489425981873,0.09331990600872775
0.07545454545454545,0.5125974025974026,0.4460431654676259,0.40058441558441554,0.0,0.0,2008-03-13T02:01:22Z,ls7,qd9v314u1kyr,0.4051888341543514,0.5184893267651889,0.07632183908045978
0.10921052631578948,0.5373684210526316,0.7266187050359711,0.34144736842105267,0.0,0.0,2008-03-20T02:07:34Z,ls7,qd9v314u1kyr,0.34558529764282864,0.5438806765215075,0.11053402583566387
,,1.0,,,,2008-03-29T02:01:23Z,ls7,qd9v314u1kyr,,,
0.10524038461538462,0.5023076923076922,0.2517985611510791,0.3800480769230769,0.0,0.0,2008-04-14T02:01:22Z,ls7,qd9v314u1kyr,0.384821341641515,0.5086164930386525,0.10656216531983256
0.10142131979695432,0.47903553299492374,0.2913669064748201,0.406751269035533,0.0,0.0,2008-04-30T02:01:19Z,ls7,qd9v314u1kyr,0.41202180172768416,0.48524269847799256,0.10273549979432334
0.10621739130434782,0.4599565217391305,0.17266187050359716,0.4212173913043478,0.0,0.0,2008-05-16T02:01:14Z,ls7,qd9v314u1kyr,0.42659621312197266,0.46583003082342583,0.10757375605460148
0.1264423076923077,0.42721153846153836,0.2517985611510791,0.4350480769230769,0.0,0.0,2008-06-01T02:01:06Z,ls7,qd9v314u1kyr,0.44001945052273284,0.4320933625091174,0.12788718696814977
0.34063829787234046,0.4327659574468085,0.8309352517985611,0.22212765957446806,0.0,0.0,2008-06-17T02:00:57Z,ls7,qd9v314u1kyr,0.223124599273349,0.4347082709980765,0.3421671297285745
0.14431818181818182,0.48204545454545455,0.841726618705036,0.36159090909090913,0.0,0.0,2008-06-24T02:07:04Z,ls7,qd9v314u1kyr,0.3659995399125834,0.4879227053140096,0.14607775477340693
0.11723404255319149,0.4242553191489362,0.3237410071942446,0.44632978723404254,0.0,0.0,2008-07-03T02:00:47Z,ls7,qd9v314u1kyr,0.4518335038500888,0.42948683431156104,0.1186796618383501
0.08944444444444444,0.4618888888888889,0.3525179856115108,0.4369444444444444,0.0,0.0,2008-07-10T02:06:53Z,ls7,qd9v314u1kyr,0.44212715723199725,0.4673674742818596,0.09050536848614311
,,1.0,,,,2008-07-19T02:00:35Z,ls7,qd9v314u1kyr,,,
0.1603240740740741,0.3397222222222222,0.2230215827338129,0.3342592592592592,0.009259259259259259,0.14351851851851852,2008-08-04T02:00:28Z,ls7,qd9v314u1kyr,0.339434240299897,0.3449817805153247,0.16280620140700047
0.19823529411764707,0.3934558823529412,0.5107913669064748,0.32830882352941176,0.014705882352941176,0.051470588235294115,2008-08-11T02:06:36Z,ls7,qd9v314u1kyr,0.333241852527456,0.39936778339852563,0.20121389348578306
0.17106837606837608,0.40782051282051285,0.15827338129496404,0.39444444444444443,0.0,0.01282051282051282,2008-08-20T02:00:22Z,ls7,qd9v314u1kyr,0.40005561409671,0.41362196374050963,0.1735019093422676
0.13197916666666668,0.4548958333333333,0.6546762589928057,0.39916666666666667,0.0,0.0,2008-08-27T02:06:29Z,ls7,qd9v314u1kyr,0.4048172406507501,0.46133530530319034,0.1338474540460596
0.15534031413612567,0.47172774869109946,0.31294964028776984,0.3596858638743456,0.0,0.0,2008-09-05T02:00:14Z,ls7,qd9v314u1kyr,0.3645142462991458,0.4780601687271184,0.15742558497373588
0.14374468085106384,0.4556170212765957,0.1546762589928058,0.3872340425531915,0.0,0.0,2008-10-07T01:59:55Z,ls7,qd9v314u1kyr,0.3924951477248221,0.4618072029329307,0.14569764934224716
0.2682374100719424,0.3882014388489209,0.0,0.33017985611510786,0.0,0.0035971223021582736,2008-10-15T01:55:20Z,ls5,qd9v314u1kyr,0.33345420790391167,0.39205118332051586,0.2708974864734142
,,1.0,,,,2008-10-23T02:00:03Z,ls7,qd9v314u1kyr,,,
0.16546762589928057,0.46323741007194247,0.0,0.35816546762589924,0.0,0.0,2008-10-31T01:54:47Z,ls5,qd9v314u1kyr,0.36293056314926186,0.4694004009476946,0.16766903590304355
0.1253061224489796,0.49341836734693884,0.29496402877697847,0.3685204081632653,0.0,0.0,2008-11-08T02:00:18Z,ls7,qd9v314u1kyr,0.37328165374677,0.4997932816537468,0.12692506459948322
,,1.0,,,,2008-11-15T02:06:34Z,ls7,qd9v314u1kyr,,,
,,1.0,,,,2008-11-16T01:54:32Z,ls5,qd9v314u1kyr,,,
0.10009569377990432,0.5023444976076555,0.24820143884892087,0.38516746411483255,0.0,0.0,2008-11-24T02:00:30Z,ls7,qd9v314u1kyr,0.3900004844726515,0.508647836829611,0.10135167869773752
0.15719424460431655,0.48622302158273367,0.0,0.34428057553956837,0.0,0.0,2008-12-02T01:55:04Z,ls5,qd9v314u1kyr,0.3485687231407969,0.49227911719717377,0.1591521596620293
0.08980263157894737,0.49184210526315786,0.4532374100719424,0.4,0.0,0.006578947368421052,2008-12-10T02:00:41Z,ls7,qd9v314u1kyr,0.4047986059915556,0.49774249644619556,0.09087995019382784
0.14507194244604316,0.5044964028776978,0.0,0.3375539568345324,0.0,0.0,2008-12-18T01:55:33Z,ls5,qd9v314u1kyr,0.34195758326652576,0.5110779097733401,0.1469645069601341
0.1145754716981132,0.5337264150943396,0.237410071942446,0.3394811320754717,0.0,0.0,2008-12-26T02:00:49Z,ls7,qd9v314u1kyr,0.34367986247075116,0.5403275870302278,0.11599255049902106
0.11989208633093525,0.5332374100719425,0.0,0.3346762589928058,0.0,0.0,2009-01-03T01:55:59Z,ls5,qd9v314u1kyr,0.33880776373766436,0.5398201085175339,0.1213721277448017
0.10519417475728154,0.5525728155339805,0.25899280575539574,0.3301941747572816,0.0,0.0,2009-01-11T02:00:55Z,ls7,qd9v314u1kyr,0.33421776729559755,0.5593062106918238,0.10647602201257862
0.1035064935064935,0.5282683982683982,0.1690647482014388,0.3563636363636363,0.0,0.0,2009-02-12T02:01:07Z,ls7,qd9v314u1kyr,0.36064137387190043,0.5346096556558311,0.10474897047226847
0.08776978417266186,0.5523381294964029,0.0,0.34758992805755395,0.0,0.0,2009-02-20T01:57:14Z,ls5,qd9v314u1kyr,0.3519192949231553,0.5592177143273364,0.08886299074950832
,,1.0,,,,2009-02-28T02:01:16Z,ls7,qd9v314u1kyr,,,
0.08462264150943397,0.5192924528301887,0.237410071942446,0.3836792452830189,0.0,0.0,2009-03-16T02:01:24Z,ls7,qd9v314u1kyr,0.38849882982280176,0.5258155418636863,0.08568562831351197
0.1396078431372549,0.4858823529411765,0.44964028776978415,0.36281045751633983,0.0,0.0,2009-03-24T01:57:59Z,ls5,qd9v314u1kyr,0.3671053501752529,0.4916341511804775,0.14126049864426957
0.10553488372093023,0.5082790697674417,0.22661870503597126,0.3739069767441861,0.0,0.0,2009-04-01T02:01:30Z,ls7,qd9v314u1kyr,0.37855528348088163,0.5145978527029572,0.10684686381616125
0.08170984455958549,0.504300518134715,0.3057553956834532,0.4015025906735752,0.0,0.0,2009-04-17T02:01:35Z,ls7,qd9v314u1kyr,0.4065795687076972,0.5106773702712628,0.08274306102103993
0.08913669064748202,0.49280575539568344,0.0,0.4054676258992806,0.0,0.0,2009-04-25T01:58:37Z,ls5,qd9v314u1kyr,0.4106375227686703,0.4990892531876138,0.09027322404371585
0.10596638655462184,0.4645798319327731,0.14388489208633093,0.4159243697478992,0.0,0.0,2009-05-03T02:01:39Z,ls7,qd9v314u1kyr,0.42162875883806117,0.4709515290910639,0.10741971207087485
,,1.0,,,,2009-05-10T02:07:51Z,ls7,qd9v314u1kyr,,,
0.09309352517985613,0.47859712230215834,0.0,0.41568345323741007,0.0,0.0,2009-05-11T01:58:55Z,ls5,qd9v314u1kyr,0.4209989434952093,0.48471711173448945,0.09428394477030129
0.09276018099547512,0.4729411764705882,0.20503597122302153,0.4206334841628959,0.0,0.0,2009-05-19T02:01:41Z,ls7,qd9v314u1kyr,0.426461143224149,0.47949353151665286,0.09404532525919809
,,1.0,,,,2009-06-04T02:01:41Z,ls7,qd9v314u1kyr,,,
0.07695652173913044,0.42801932367149753,0.2553956834532374,0.47202898550724637,0.0,0.00966183574879227,2009-06-20T02:01:39Z,ls7,qd9v314u1kyr,0.4784708367730691,0.4338605683972359,0.0780067590809026
0.0927338129496403,0.4068345323741008,0.0,0.4842805755395683,0.0,0.0035971223021582736,2009-06-28T01:59:47Z,ls5,qd9v314u1kyr,0.49046001763906405,0.4120257594516687,0.09391710060710891
,,1.0,,,,2009-07-13T02:07:45Z,ls7,qd9v314u1kyr,,,
0.09762589928057554,0.4507194244604316,0.0,0.43884892086330934,0.0,0.0,2009-07-14T02:00:04Z,ls5,qd9v314u1kyr,0.4445416120099111,0.4565660982364087,0.09889228975368022
,,1.0,,,,2009-07-22T02:01:32Z,ls7,qd9v314u1kyr,,,
0.09019047619047618,0.4615238095238096,0.6223021582733813,0.4351428571428573,0.0,0.0,2009-07-29T02:07:40Z,ls7,qd9v314u1kyr,0.4409380428488709,0.4676703339123721,0.09139162323875696
0.1315909090909091,0.4212727272727273,0.2086330935251799,0.4330454545454545,0.0,0.0,2009-08-07T02:01:26Z,ls7,qd9v314u1kyr,0.4392346703550023,0.42729368372521903,0.1334716459197787
,,1.0,,,,2009-08-15T02:00:33Z,ls5,qd9v314u1kyr,,,
0.44825581395348835,0.2523837209302326,0.38129496402877694,0.27244186046511626,0.0,0.01744186046511628,2009-08-23T02:01:25Z,ls7,qd9v314u1kyr,0.27509514499972904,0.2548416612129373,0.45262133332221743
0.15079136690647482,0.4529496402877698,0.0,0.38280575539568346,0.0,0.0,2009-08-31T02:00:47Z,ls5,qd9v314u1kyr,0.3880259607671553,0.4591263764311238,0.152847662801721
0.12622448979591835,0.44081632653061226,0.29496402877697847,0.4147959183673469,0.0,0.00510204081632653,2009-09-08T02:01:24Z,ls7,qd9v314u1kyr,0.42031388527142305,0.44668043896003634,0.1279036349522141
0.21845323741007194,0.36884892086330934,0.0,0.3345323741007194,0.0,0.0683453237410072,2009-09-16T02:01:00Z,ls5,qd9v314u1kyr,0.33809608964016985,0.37277820464196787,0.220780381976855
0.033114754098360656,0.14704918032786887,0.7805755395683454,0.09524590163934425,0.0,0.7213114754098361,2009-09-24T02:01:23Z,ls7,qd9v314u1kyr,0.096379781420765,0.1487997658079625,0.03350897736143637
,,1.0,,,,2009-10-01T02:07:32Z,ls7,qd9v314u1kyr,,,
0.11924460431654678,0.49244604316546753,0.0,0.3753956834532374,0.0,0.0,2009-10-02T02:01:12Z,ls5,qd9v314u1kyr,0.3803068401297329,0.4988885244706825,0.12080463539958458
0.07080645161290323,0.0932258064516129,0.7769784172661871,0.07564516129032259,0.1774193548387097,0.5806451612903226,2009-10-10T02:01:17Z,ls7,qd9v314u1kyr,0.07635783441149652,0.09410411149220678,0.07147353796726433
,,1.0,,,,2009-10-17T02:07:35Z,ls7,qd9v314u1kyr,,,
0.11244604316546765,0.5045323741007194,0.0,0.37014388489208633,0.0,0.0,2009-10-18T02:01:22Z,ls5,qd9v314u1kyr,0.3749726696304934,0.5111143502660156,0.11391298010349103
0.21151079136690645,0.4573021582733813,0.0,0.32,0.0,0.0,2009-11-03T02:01:30Z,ls5,qd9v314u1kyr,0.32362035723380267,0.4624758994506894,0.21390374331550802
,,1.0,,,,2009-11-10T02:07:44Z,ls5,qd9v314u1kyr,,,
0.14675257731958763,0.545360824742268,0.302158273381295,0.29711340206185566,0.0,0.0,2009-11-11T02:01:48Z,ls7,qd9v314u1kyr,0.30034912198426345,0.55130008858319,0.1483507894325465
0.08168498168498169,0.5200732600732602,0.017985611510791366,0.3214652014652014,0.01098901098901099,0.054945054945054944,2009-11-19T02:01:37Z,ls5,qd9v314u1kyr,0.32524054266634805,0.5261810875999101,0.08264430379967597
0.13324607329842933,0.5248167539267016,0.31294964028776984,0.32937172774869106,0.0,0.0,2009-11-27T02:01:59Z,ls7,qd9v314u1kyr,0.3335630965005302,0.5314952279957582,0.13494167550371158
0.12328947368421055,0.549078947368421,0.7266187050359711,0.3146052631578948,0.0,0.0,2009-12-04T02:08:15Z,ls7,qd9v314u1kyr,0.31875749900013334,0.5563258232235702,0.12491667777629652
0.09845323741007193,0.5684892086330936,0.0,0.3208273381294964,0.0,0.0,2009-12-05T02:01:46Z,ls5,qd9v314u1kyr,0.3247997086671522,0.5755280407865987,0.09967225054624908
,,1.0,,,,2009-12-13T02:02:11Z,ls7,qd9v314u1kyr,,,
,,1.0,,,,2009-12-20T02:08:30Z,ls7,qd9v314u1kyr,,,
0.10822429906542054,0.5786448598130842,0.2302158273381295,0.3004672897196262,0.0,0.0,2009-12-29T02:02:29Z,ls7,qd9v314u1kyr,0.3043210752993516,0.5860665436130437,0.10961238108760468
0.1022051282051282,0.557025641025641,0.2985611510791367,0.32851282051282055,0.0,0.0,2010-01-14T02:02:44Z,ls7,qd9v314u1kyr,0.33258916982503506,0.5639374902653029,0.103473339909662
0.10651079136690647,0.5560791366906475,0.0,0.32557553956834534,0.0,0.0,2010-01-22T02:02:03Z,ls5,qd9v314u1kyr,0.329474718794365,0.5627388882821885,0.10778639292344655
0.0986046511627907,0.5777906976744186,0.38129496402877694,0.3119767441860465,0.0,0.0,2010-01-30T02:02:58Z,ls7,qd9v314u1kyr,0.3156470588235294,0.5845882352941176,0.09976470588235295
0.07039647577092512,0.5923788546255506,0.1834532374100719,0.32519823788546254,0.0,0.0,2010-02-15T02:03:09Z,ls7,qd9v314u1kyr,0.3291568199045793,0.5995897801756811,0.07125339991973961
0.10802158273381296,0.5623381294964028,0.0,0.31773381294964026,0.0,0.0,2010-02-23T02:02:10Z,ls5,qd9v314u1kyr,0.3215624886235393,0.5691142742728167,0.10932323710364414
0.08597014925373135,0.5654726368159204,0.2769784172661871,0.3362686567164179,0.0,0.0,2010-03-03T02:03:17Z,ls7,qd9v314u1kyr,0.3404523245857049,0.5725079333098272,0.08703974210446784
,,1.0,,,,2010-03-19T02:03:23Z,ls7,qd9v314u1kyr,,,
,,1.0,,,,2010-04-04T02:03:27Z,ls7,qd9v314u1kyr,,,
,,1.0,,,,2010-04-11T02:09:38Z,ls7,qd9v314u1kyr,,,
0.18876190476190477,0.5064761904761905,0.6223021582733813,0.25609523809523804,0.0,0.0380952380952381,2010-04-20T02:03:27Z,ls7,qd9v314u1kyr,0.2589410256043552,0.5121042670747347,0.19085946922567204
,,1.0,,,,2010-04-27T02:09:37Z,ls7,qd9v314u1kyr,,,
,,1.0,,,,2010-04-28T02:02:03Z,ls5,qd9v314u1kyr,,,
0.11261780104712041,0.48659685863874347,0.31294964028776984,0.3878010471204188,0.0,0.0,2010-05-06T02:03:24Z,ls7,qd9v314u1kyr,0.39290260980267344,0.4929980903882878,0.11409929980903884
0.18856088560885606,0.34498154981549817,0.025179856115107868,0.314280442804428,0.0,0.14022140221402213,2010-05-14T02:02:01Z,ls5,qd9v314u1kyr,0.3187123223077635,0.34984636623873205,0.19121990923948234
0.13397727272727275,0.46380681818181824,0.36690647482014394,0.38948863636363645,0.0,0.0,2010-05-29T02:09:33Z,ls7,qd9v314u1kyr,0.3945096685082873,0.4697859116022099,0.13570441988950274
0.14517441860465116,0.46430232558139534,0.38129496402877694,0.3784883720930232,0.0,0.0,2010-06-30T02:09:36Z,ls7,qd9v314u1kyr,0.38309892308597654,0.46995821808980165,0.14694285882422173
0.10691964285714287,0.46017857142857144,0.19424460431654678,0.42058035714285713,0.0,0.0,2010-07-25T02:03:28Z,ls7,qd9v314u1kyr,0.42582715602965104,0.4659193635870548,0.10825348038329417
0.12394444444444444,0.4587777777777778,0.3525179856115108,0.4048333333333334,0.0,0.0,2010-08-01T02:09:38Z,ls7,qd9v314u1kyr,0.4099347434743475,0.4645589558955896,0.12550630063006302
0.14576354679802955,0.4832512315270936,0.2697841726618705,0.3578817733990148,0.0,0.0,2010-08-10T02:03:26Z,ls7,qd9v314u1kyr,0.36263352301088153,0.48966756513926324,0.14769891184985523
0.17949152542372881,0.41497175141242937,0.3633093525179856,0.3531073446327684,0.0,0.03954802259887006,2010-08-26T02:03:30Z,ls7,qd9v314u1kyr,0.35790751602415116,0.42061291283158236,0.18193154854539648
0.17091954022988504,0.49045977011494263,0.6870503597122302,0.3247126436781609,0.0,0.0,2010-09-02T02:09:42Z,ls7,qd9v314u1kyr,0.3292924583284764,0.49737731670357854,0.17333022496794492
0.14838983050847457,0.4989830508474576,0.15107913669064743,0.33949152542372885,0.0,0.0,2010-09-11T02:03:32Z,ls7,qd9v314u1kyr,0.3440103048518678,0.5056247316444825,0.1503649635036496
0.12268085106382981,0.496,0.1546762589928058,0.36838297872340425,0.0,0.0,2010-09-27T02:03:31Z,ls7,qd9v314u1kyr,0.37321089843076394,0.5025004311088118,0.12428867046042423
0.11748936170212768,0.507404255319149,0.1546762589928058,0.3618297872340426,0.0,0.0,2010-10-13T02:03:36Z,ls7,qd9v314u1kyr,0.36669829222011385,0.5142314990512334,0.11907020872865276
0.09650537634408601,0.549516129032258,0.3309352517985612,0.3416129032258065,0.0,0.0,2010-10-29T02:03:45Z,ls7,qd9v314u1kyr,0.34589003810560703,0.556396298312466,0.09771366358192705
0.09887254901960785,0.5643627450980392,0.26618705035971224,0.32524509803921575,0.0,0.0,2010-11-14T02:03:57Z,ls7,qd9v314u1kyr,0.3290354574758245,0.570939747086536,0.10002479543763948
0.09425531914893616,0.5694468085106382,0.1546762589928058,0.3246382978723404,0.0,0.0,2010-11-30T02:04:08Z,ls7,qd9v314u1kyr,0.32846809609919914,0.5761646430724188,0.09536726082838198
0.07973333333333334,0.574,0.7302158273381295,0.3334666666666667,0.0,0.0,2010-12-07T02:10:23Z,ls7,qd9v314u1kyr,0.3377903835764452,0.5814424635332253,0.08076715289032955
0.09445945945945947,0.6627027027027027,0.7338129496402878,0.2321621621621622,0.0,0.0,2010-12-08T02:01:02Z,ls5,qd9v314u1kyr,0.23466739516459503,0.669853845103128,0.09547875973227701
0.05330882352941176,0.6135294117647059,0.5107913669064748,0.32191176470588234,0.0,0.0,2010-12-23T02:10:30Z,ls7,qd9v314u1kyr,0.32557447757864205,0.6205101509630401,0.05391537145831784
0.023848920863309354,0.6564748201438849,0.0,0.3103237410071943,0.0,0.0,2010-12-24T02:01:07Z,ls5,qd9v314u1kyr,0.31325344952795936,0.6626724763979666,0.024074074074074074
0.09536082474226804,0.5900000000000001,0.302158273381295,0.30242268041237114,0.0,0.0,2011-01-01T02:04:25Z,ls7,qd9v314u1kyr,0.3061629181234671,0.5972968741846267,0.09654020769190627
0.059568345323741015,0.6119424460431655,0.0,0.31712230215827336,0.0,0.0,2011-01-09T02:01:10Z,ls5,qd9v314u1kyr,0.32076844709649244,0.6189783146557998,0.060253238247707765
0.06798561151079136,0.6016546762589928,0.0,0.318884892086331,0.0,0.0,2011-01-25T02:01:10Z,ls5,qd9v314u1kyr,0.32258651431898405,0.6086386958262071,0.06877478985480875
0.09168181818181818,0.5503636363636364,0.2086330935251799,0.3458181818181818,0.0,0.0,2011-02-02T02:04:38Z,ls7,qd9v314u1kyr,0.35006671881470575,0.5571251092808172,0.09280817190447706
0.053884892086330946,0.6036690647482014,0.0,0.3311151079136691,0.0,0.0,2011-02-10T02:01:13Z,ls5,qd9v314u1kyr,0.3349099508822995,0.6105875932326723,0.05450245588502821
0.08865116279069768,0.5473023255813952,0.22661870503597126,0.3516279069767442,0.0,0.0,2011-02-18T02:04:42Z,ls7,qd9v314u1kyr,0.356049545518768,0.5541845240898601,0.08976593039137194
0.06654676258992806,0.5939928057553957,0.0,0.3272661870503597,0.0,0.0,2011-02-26T02:01:12Z,ls5,qd9v314u1kyr,0.3313062160882706,0.6013255161865919,0.06736826772513747
0.08705882352941179,0.5586764705882353,0.26618705035971224,0.3425490196078431,0.0,0.0,2011-03-06T02:04:47Z,ls7,qd9v314u1kyr,0.346609791180993,0.5652993403105006,0.08809086850850655
0.09190217391304348,0.553913043478261,0.3381294964028777,0.34195652173913044,0.0,0.0,2011-03-22T02:04:47Z,ls7,qd9v314u1kyr,0.3461898211829436,0.5607702888583219,0.09303988995873452
0.1102158273381295,0.5457913669064749,0.0,0.3318345323741007,0.0,0.0,2011-03-30T02:01:03Z,ls5,qd9v314u1kyr,0.33591872405505785,0.5525089214186877,0.11157235452625444
0.12071065989847715,0.5319289340101523,0.2913669064748201,0.3344162436548223,0.0,0.0,2011-04-07T02:04:52Z,ls7,qd9v314u1kyr,0.33880174852147077,0.5389046027256363,0.12229364875289277
0.10234972677595629,0.5110382513661201,0.34172661870503596,0.3743715846994536,0.0,0.0,2011-04-14T02:11:02Z,ls7,qd9v314u1kyr,0.37901084310688204,0.5173710998008407,0.10361805709227705
0.10712230215827337,0.5334172661870504,0.0,0.3474460431654676,0.0,0.0,2011-04-15T02:00:58Z,ls5,qd9v314u1kyr,0.3516711570669191,0.5399038811621643,0.10842496177091676
0.1962307692307692,0.5193846153846153,0.5323741007194245,0.21146153846153848,0.0,0.06153846153846154,2011-04-23T02:04:50Z,ls7,qd9v314u1kyr,0.21405831141974524,0.5257627205187776,0.19864050652301563
0.12828402366863906,0.5110059171597634,0.3920863309352518,0.34852071005917157,0.0,0.0,2011-04-30T02:11:02Z,ls7,qd9v314u1kyr,0.3528213729483646,0.5173116089613035,0.12986701809033183
0.10726618705035972,0.528273381294964,0.0,0.3523021582733813,0.0,0.0,2011-05-01T02:00:52Z,ls5,qd9v314u1kyr,0.3566382637826815,0.5347753259048867,0.10858641031243173
0.10305263157894738,0.5050526315789473,0.3165467625899281,0.37915789473684214,0.0,0.0,2011-05-09T02:04:50Z,ls7,qd9v314u1kyr,0.38404947222518393,0.5115683974837402,0.10438213029107582
0.09834224598930481,0.4857754010695187,0.32733812949640284,0.4031550802139037,0.0,0.0,2011-05-25T02:04:49Z,ls7,qd9v314u1kyr,0.40835229119272015,0.49203769905752354,0.09961000974975626
0.12400000000000001,0.4561739130434782,0.17266187050359716,0.4067826086956522,0.0,0.0,2011-06-10T02:04:50Z,ls7,qd9v314u1kyr,0.4121585903083701,0.46220264317180615,0.1256387665198238
0.12205741626794259,0.4509090909090909,0.24820143884892087,0.4138755980861244,0.0,0.0,2011-06-26T02:04:46Z,ls7,qd9v314u1kyr,0.4193939393939394,0.4569212121212121,0.12368484848484848
0.13119791666666666,0.4584375,0.3093525179856115,0.39729166666666665,0.0,0.0,2011-07-12T02:04:46Z,ls7,qd9v314u1kyr,0.4025542244973349,0.46451000052773234,0.1329357749749327
0.14335714285714285,0.48599999999999993,0.49640287769784175,0.3595714285714286,0.0,0.0,2011-07-19T02:10:56Z,ls7,qd9v314u1kyr,0.36359696641386785,0.4914409534127844,0.14496208017334777
0.2670807453416149,0.16732919254658388,0.42086330935251803,0.1439130434782609,0.13664596273291926,0.2795031055900621,2011-07-28T02:04:43Z,ls7,qd9v314u1kyr,0.14528864876980477,0.16892862312725682,0.269633659779957
,,1.0,,,,2011-08-04T02:10:52Z,ls7,qd9v314u1kyr,,,
0.14302158273381296,0.4642446043165468,0.0,0.3794244604316546,0.0,0.0,2011-08-05T02:00:09Z,ls5,qd9v314u1kyr,0.38454247174626316,0.47050674444039375,0.14495078381334306
0.15068965517241378,0.4417672413793104,0.16546762589928055,0.3943534482758621,0.0,0.0,2011-08-13T02:04:39Z,ls7,qd9v314u1kyr,0.3996243557263912,0.4476718790949594,0.15270376517864942
0.156993006993007,0.46503496503496505,0.4856115107913669,0.35797202797202793,0.006993006993006993,0.0,2011-08-20T02:10:49Z,ls7,qd9v314u1kyr,0.36272319089501903,0.47120711456375797,0.15907668754821602
0.1570952380952381,0.45795238095238106,0.24460431654676262,0.37214285714285716,0.0,0.0,2011-08-29T02:04:37Z,ls7,qd9v314u1kyr,0.3769716849163089,0.46389465052337087,0.15913366456032027
0.17489208633093528,0.46377697841726623,0.0,0.3483453237410072,0.0,0.0,2011-09-06T01:59:52Z,ls5,qd9v314u1kyr,0.35292831371405664,0.46987863989212436,0.17719304639381905
0.13276018099547512,0.4794570135746607,0.20503597122302153,0.3744796380090497,0.0,0.0,2011-09-14T02:04:31Z,ls7,qd9v314u1kyr,0.379528570118316,0.4859213060625517,0.13455012381913237
0.1328494623655914,0.46822580645161294,0.3309352517985612,0.38553763440860217,0.0,0.0,2011-09-21T02:10:41Z,ls7,qd9v314u1kyr,0.3907688954280421,0.4745790420140592,0.13465206255789874
,,1.0,,,,2011-09-30T02:04:29Z,ls7,qd9v314u1kyr,,,
,,1.0,,,,2011-10-07T02:10:38Z,ls7,qd9v314u1kyr,,,
,,1.0,,,,2011-10-08T01:59:19Z,ls5,qd9v314u1kyr,,,
0.11756613756613755,0.4900529100529101,0.32014388489208634,0.3797354497354498,0.0,0.0,2011-10-16T02:04:31Z,ls7,qd9v314u1kyr,0.384598896093457,0.4963292428058518,0.11907186110069126
0.08961538461538462,0.25653846153846155,0.9064748201438849,0.26153846153846155,0.0,0.38461538461538464,2011-10-23T02:10:46Z,ls7,qd9v314u1kyr,0.26484907497565724,0.25978578383641676,0.09074975657254139
0.11740196078431374,0.5088235294117648,0.26618705035971224,0.3614705882352941,0.0,0.0,2011-11-01T02:04:36Z,ls7,qd9v314u1kyr,0.36597349744404184,0.5151620427812795,0.11886445977467865
,,1.0,,,,2011-11-17T02:04:50Z,ls7,qd9v314u1kyr,,,
,,1.0,,,,2011-11-24T02:11:06Z,ls7,qd9v314u1kyr,,,
0.1220673076923077,0.5017307692307692,0.2517985611510791,0.3631730769230769,0.0,0.0,2011-12-03T02:04:59Z,ls7,qd9v314u1kyr,0.3679672658190852,0.5083540357542988,0.12367869842661602
0.09674033149171271,0.5143093922651933,0.34892086330935257,0.3772375690607735,0.0,0.0,2011-12-19T02:05:06Z,ls7,qd9v314u1kyr,0.38170840787119864,0.520404740608229,0.09788685152057247
0.08,0.5761224489795918,0.29496402877697847,0.3322448979591837,0.0,0.0,2012-01-04T02:05:15Z,ls7,qd9v314u1kyr,0.33615527565558545,0.5829031591988437,0.08094156514557094
,,1.0,,,,2012-01-11T02:11:27Z,ls7,qd9v314u1kyr,,,
0.06953125,0.6103125,0.7697841726618705,0.30828125,0.0,0.0,2012-01-20T02:05:15Z,ls7,qd9v314u1kyr,0.3119860847564832,0.6176470588235293,0.07036685641998734
0.10606635071090048,0.4934597156398104,0.24100719424460426,0.38753554502369664,0.0,0.0,2012-02-05T02:05:19Z,ls7,qd9v314u1kyr,0.39261535506794065,0.499927978105344,0.10745666682671534
0.09036082474226804,0.5292268041237113,0.302158273381295,0.36793814432989697,0.0,0.0,2012-02-21T02:05:23Z,ls7,qd9v314u1kyr,0.37258586491283024,0.5359118905940077,0.09150224449316213
0.10774509803921568,0.5105392156862745,0.26618705035971224,0.36877450980392157,0.0,0.0,2012-03-08T02:05:19Z,ls7,qd9v314u1kyr,0.3736094557012316,0.5172328168454509,0.10915772745331744
0.12486338797814206,0.48278688524590163,0.34172661870503596,0.379672131147541,0.0,0.0,2012-03-15T02:11:32Z,ls7,qd9v314u1kyr,0.3845472658844366,0.48898605268983836,0.12646668142572504
0.16349775784753365,0.43887892376681614,0.19784172661870503,0.3858295964125561,0.0,0.0,2012-03-24T02:05:22Z,ls7,qd9v314u1kyr,0.390434269637428,0.44411671280119797,0.16544901756137406
0.10832402234636872,0.5035195530726256,0.35611510791366907,0.3753631284916201,0.0,0.0,2012-03-31T02:11:32Z,ls7,qd9v314u1kyr,0.38022749137004136,0.5100447060155056,0.10972780261445307
0.09649214659685863,0.48497382198952876,0.31294964028776984,0.4064397905759162,0.0,0.0,2012-04-09T02:05:17Z,ls7,qd9v314u1kyr,0.41141554931368907,0.49091101807196985,0.09767343261434097
,,1.0,,,,2012-04-25T02:05:32Z,ls7,qd9v314u1kyr,,,
0.09545081967213115,0.4427049180327869,0.12230215827338131,0.4491803278688525,0.0,0.0,2012-05-11T02:05:55Z,ls7,qd9v314u1kyr,0.45494167946536057,0.4483832136482504,0.09667510688638911
0.10114537444933921,0.4517621145374449,0.1834532374100719,0.43378854625550667,0.0,0.0,2012-05-27T02:05:47Z,ls7,qd9v314u1kyr,0.43963746763103856,0.4578533797660505,0.10250915260291098
,,1.0,,,,2012-06-12T02:05:37Z,ls7,qd9v314u1kyr,,,
0.11,0.41000000000000003,0.9928057553956835,0.46499999999999997,0.0,0.0,2012-06-28T02:05:45Z,ls7,qd9v314u1kyr,0.47208121827411165,0.41624365482233505,0.1116751269035533
0.09217171717171717,0.440959595959596,0.28776978417266186,0.453989898989899,0.0,0.0,2012-07-14T02:06:00Z,ls7,qd9v314u1kyr,0.45991302123305194,0.44671271424916864,0.09337426451777948
0.09964444444444445,0.4536888888888889,0.19064748201438853,0.4336,0.0,0.0,2012-07-30T02:06:10Z,ls7,qd9v314u1kyr,0.439340718724669,0.45969557777177344,0.1009637035035576
0.23629629629629628,0.32170370370370377,0.5143884892086331,0.36377777777777776,0.0,0.06666666666666667,2012-08-15T02:06:22Z,ls7,qd9v314u1kyr,0.36833815493410477,0.32573663345119475,0.23925854494803386
0.16465437788018436,0.4171889400921659,0.21942446043165464,0.4055299539170506,0.0,0.0,2012-08-31T02:06:32Z,ls7,qd9v314u1kyr,0.4107159525809763,0.4225240362176795,0.1667600112013442
0.11313432835820895,0.4775373134328358,0.5179856115107914,0.39634328358208953,0.0,0.0,2012-09-07T02:12:48Z,ls7,qd9v314u1kyr,0.4015575381823681,0.48381974897928326,0.11462271283834873
0.11817708333333332,0.45140625000000006,0.3093525179856115,0.41651041666666666,0.0,0.0,2012-09-16T02:06:41Z,ls7,qd9v314u1kyr,0.4223841969048751,0.45777214387577253,0.11984365921935244
0.14232876712328768,0.4848630136986301,0.47482014388489213,0.3599315068493151,0.0,0.0,2012-09-23T02:12:56Z,ls7,qd9v314u1kyr,0.36462669997224534,0.49118789897307796,0.14418540105467667
0.26,0.43222222222222223,0.9676258992805755,0.29666666666666663,0.0,0.0,2012-10-02T02:06:51Z,ls7,qd9v314u1kyr,0.29999999999999993,0.4370786516853932,0.26292134831460673
0.14602649006622517,0.47503311258278147,0.45683453237410077,0.3655629139072848,0.0,0.0,2012-10-09T02:13:03Z,ls7,qd9v314u1kyr,0.3705195328231978,0.4814740233588401,0.14800644381796216
0.11901709401709401,0.4786752136752137,0.15827338129496404,0.38927350427350427,0.0,0.0,2012-10-18T02:07:00Z,ls7,qd9v314u1kyr,0.394414375405932,0.48499675254384067,0.12058887205022731
0.1095852534562212,0.5263594470046082,0.21942446043165464,0.3517511520737327,0.0,0.0,2012-11-19T02:07:13Z,ls7,qd9v314u1kyr,0.3561330658330612,0.5329165305836794,0.11095040358325947
0.10301470588235292,0.5254411764705883,0.5107913669064748,0.3586764705882353,0.0,0.0,2012-11-26T02:13:25Z,ls7,qd9v314u1kyr,0.36335195530726255,0.532290502793296,0.10435754189944131
0.12573529411764706,0.534656862745098,0.26618705035971224,0.32666666666666666,0.0,0.0,2012-12-21T02:07:22Z,ls7,qd9v314u1kyr,0.33094954310687325,0.5416666666666666,0.12738379022646007
0.09740932642487048,0.5288082901554404,0.3057553956834532,0.3612953367875648,0.0,0.0,2013-01-22T02:07:25Z,ls7,qd9v314u1kyr,0.3658638963219477,0.5354950417125768,0.09864106196547565
0.14224242424242425,0.5055757575757576,0.4064748201438849,0.3393939393939394,0.0,0.0,2013-01-29T02:13:37Z,ls7,qd9v314u1kyr,0.34379028792436617,0.5121247467616182,0.1440849653140156
0.12113989637305701,0.5136269430051813,0.3057553956834532,0.35295336787564763,0.0,0.0,2013-02-07T02:07:27Z,ls7,qd9v314u1kyr,0.35734144678172375,0.5200125898337092,0.12264596338456699
0.15988888888888889,0.5223333333333334,0.6762589928057554,0.3057777777777778,0.0,0.0,2013-02-14T02:13:37Z,ls7,qd9v314u1kyr,0.3094916779127305,0.5286774628879892,0.16183085919928022
0.1276842105263158,0.5016315789473684,0.3165467625899281,0.3586842105263158,0.0,0.0,2013-02-23T02:07:24Z,ls7,qd9v314u1kyr,0.3630406989132751,0.5077242701896442,0.12923503089708077
0.10905109489051096,0.5102189781021899,0.5071942446043165,0.3693430656934307,0.0,0.0,2013-03-02T02:13:34Z,ls7,qd9v314u1kyr,0.3735971647962197,0.5160956881275841,0.11030714707619609
0.07685990338164252,0.4565700483091787,0.2553956834532374,0.33429951690821263,0.0,0.12077294685990338,2013-03-11T02:07:23Z,ls7,qd9v314u1kyr,0.33872905064744846,0.4626196904146004,0.07787831207804775
0.10028985507246377,0.5311594202898551,0.5035971223021583,0.35615942028985503,0.0,0.0,2013-03-18T02:13:32Z,ls7,qd9v314u1kyr,0.36062807249247925,0.5378237581627412,0.10154816934477952
,,1.0,,,,2013-03-27T02:07:16Z,ls7,qd9v314u1kyr,,,
0.10338235294117648,0.5044852941176471,0.5107913669064748,0.3806617647058823,0.0,0.0,2013-04-03T02:13:28Z,ls7,qd9v314u1kyr,0.3850788455816721,0.5103391847664386,0.10458196965188933
0.10741007194244605,0.48133093525179854,0.0,0.39708633093525175,0.0,0.0,2013-04-06T02:17:40Z,ls8,qd9v314u1kyr,0.40279500839232285,0.4882507480113844,0.1089542435962928
0.09172661870503597,0.3195323741007194,0.0,0.205431654676259,0.0,0.37410071942446044,2013-04-20T02:13:02Z,ls8,qd9v314u1kyr,0.2084992295477664,0.3243037394629327,0.09309631156484054
0.08562189054726368,0.4734825870646766,0.2769784172661871,0.42805970149253736,0.0,0.0,2013-04-28T02:07:09Z,ls7,qd9v314u1kyr,0.4336256425763532,0.4796391492793065,0.08673520814434028
,,1.0,,,,2013-05-05T02:13:19Z,ls7,qd9v314u1kyr,,,
,,1.0,,,,2013-05-06T02:13:04Z,ls8,qd9v314u1kyr,,,
,,1.0,,,,2013-05-13T02:19:22Z,ls8,qd9v314u1kyr,,,
,,1.0,,,,2013-05-14T02:07:07Z,ls7,qd9v314u1kyr,,,
0.12463235294117647,0.4663235294117647,0.5107913669064748,0.39522058823529405,0.0,0.0,2013-05-21T02:13:16Z,ls7,qd9v314u1kyr,0.40076051297345655,0.4728601252609604,0.12637936176558306
0.12633093525179856,0.4194604316546763,0.0,0.43823741007194245,0.0,0.0,2013-05-22T02:13:16Z,ls8,qd9v314u1kyr,0.4453501973972803,0.4262684603012136,0.12838134230150605
0.1352158273381295,0.4047841726618705,0.0,0.4433812949640288,0.0,0.0,2013-06-07T02:13:16Z,ls8,qd9v314u1kyr,0.45087424098324674,0.41162484453873727,0.13750091447801596
0.1249019607843137,0.40980392156862744,0.26618705035971224,0.45029411764705884,0.0,0.0,2013-06-15T02:06:54Z,ls7,qd9v314u1kyr,0.4571513884741714,0.41604459042500247,0.1268040211008261
0.12586956521739132,0.4394565217391305,0.3381294964028777,0.42108695652173916,0.0,0.0,2013-06-22T02:13:02Z,ls7,qd9v314u1kyr,0.4268870523415978,0.4455096418732783,0.12760330578512397
,,1.0,,,,2013-06-23T02:13:09Z,ls8,qd9v314u1kyr,,,
,,1.0,,,,2013-06-30T02:19:23Z,ls8,qd9v314u1kyr,,,
0.0783732057416268,0.4560765550239234,0.24820143884892087,0.45363636363636367,0.0,0.0,2013-07-01T02:06:46Z,ls7,qd9v314u1kyr,0.4591060965570675,0.4615757106193405,0.07931819282359209
0.09234042553191489,0.45510638297872347,0.3237410071942446,0.441436170212766,0.0,0.0,2013-07-08T02:12:51Z,ls7,qd9v314u1kyr,0.4463987951159163,0.46022268839761177,0.09337851648647194
0.28176991150442476,0.2877433628318584,0.18705035971223016,0.3810619469026548,0.0,0.030973451327433628,2013-07-09T02:13:14Z,ls8,qd9v314u1kyr,0.3884586248274515,0.2933286620126472,0.2872392618324676
,,1.0,,,,2013-07-17T02:06:37Z,ls7,qd9v314u1kyr,,,
0.11735772357723576,0.27902439024390246,0.1151079136690647,0.291260162601626,0.0,0.3008130081300813,2013-07-25T02:13:13Z,ls8,qd9v314u1kyr,0.2961500825696363,0.2837088858001373,0.11932802350014515
0.14226851851851852,0.4211574074074074,0.2230215827338129,0.4223611111111111,0.0,0.0,2013-08-02T02:06:29Z,ls7,qd9v314u1kyr,0.4284506645376414,0.4272296059737942,0.1443197294885643
,,1.0,,,,2013-08-10T02:13:15Z,ls8,qd9v314u1kyr,,,
0.264,0.47400000000000003,0.9820143884892086,0.25,0.0,0.0,2013-08-18T02:06:33Z,ls7,qd9v314u1kyr,0.25303643724696356,0.47975708502024295,0.26720647773279355
0.16539568345323744,0.40802158273381295,0.0,0.4104676258992806,0.0,0.0,2013-08-26T02:13:17Z,ls8,qd9v314u1kyr,0.41719069903480555,0.4147045919859608,0.1681047089792337
,,1.0,,,,2013-09-02T02:19:28Z,ls8,qd9v314u1kyr,,,
,,1.0,,,,2013-09-11T02:13:15Z,ls8,qd9v314u1kyr,,,
0.20303418803418805,0.3557264957264958,0.15827338129496404,0.3902991452991452,0.0,0.038461538461538464,2013-09-19T02:06:55Z,ls7,qd9v314u1kyr,0.3954309604300598,0.36040373531367775,0.20570376579472405
0.18079136690647482,0.3846762589928057,0.0,0.4188489208633093,0.0,0.0,2013-09-27T02:13:06Z,ls8,qd9v314u1kyr,0.42552258441748286,0.390805437801491,0.18367197778102617
0.13790697674418603,0.41546511627906973,0.38129496402877694,0.4277325581395349,0.0,0.005813953488372093,2013-10-05T02:07:07Z,ls7,qd9v314u1kyr,0.4334356589147287,0.4210046511627906,0.1397457364341085
0.15762589928057558,0.41140287769784173,0.0,0.4147841726618705,0.0,0.0,2013-10-13T02:13:07Z,ls8,qd9v314u1kyr,0.42160877513711154,0.4181718464351006,0.16021937842778797
,,1.0,,,,2013-10-20T02:19:14Z,ls8,qd9v314u1kyr,,,
0.1370899470899471,0.43873015873015875,0.32014388489208634,0.41100529100529104,0.0,0.0,2013-10-21T02:07:17Z,ls7,qd9v314u1kyr,0.41649241327542763,0.444587421585974,0.13892016513859848
0.1502777777777778,0.40288888888888885,0.3525179856115108,0.4315555555555556,0.0,0.0,2013-10-29T02:12:57Z,ls8,qd9v314u1kyr,0.43825105782792667,0.4091396332863187,0.15260930888575458
0.12415584415584417,0.4451948051948052,0.1690647482014388,0.4173593073593073,0.0,0.0,2013-11-06T02:07:22Z,ls7,qd9v314u1kyr,0.4229807397007853,0.4511911551792217,0.125828105119993
0.14914285714285716,0.42719999999999997,0.3705035971223022,0.4098857142857143,0.0,0.0,2013-11-13T02:13:36Z,ls7,qd9v314u1kyr,0.4156092473492092,0.4331653050582305,0.15122544759256043
0.12431654676258994,0.43899280575539573,0.0,0.42194244604316544,0.0,0.0,2013-11-14T02:12:57Z,ls8,qd9v314u1kyr,0.4282584884994523,0.44556407447973717,0.12617743702081052
0.11637681159420289,0.4390217391304348,0.007194244604316502,0.4287318840579711,0.0,0.0,2013-11-21T02:19:02Z,ls8,qd9v314u1kyr,0.4356453869376335,0.4461011707532582,0.1182534423091083
0.2925,0.35250000000000004,0.9856115107913669,0.33999999999999997,0.0,0.0,2013-11-22T02:07:27Z,ls7,qd9v314u1kyr,0.34517766497461927,0.35786802030456855,0.2969543147208122
0.3476829268292684,0.32170731707317074,0.7050359712230216,0.3179268292682927,0.0,0.0,2013-11-30T02:12:52Z,ls8,qd9v314u1kyr,0.32201086956521735,0.3258399209486166,0.35214920948616607
0.10242268041237114,0.5047422680412371,0.302158273381295,0.3801030927835052,0.0,0.0,2013-12-08T02:07:35Z,ls7,qd9v314u1kyr,0.3850049600584765,0.5112515010703284,0.10374353887119511
0.12393258426966292,0.4792134831460674,0.3597122302158273,0.3835393258426966,0.0,0.0,2013-12-15T02:13:45Z,ls7,qd9v314u1kyr,0.38871491203097425,0.48568012298582247,0.12560496498320334
,,1.0,,,,2013-12-16T02:12:46Z,ls8,qd9v314u1kyr,,,
,,1.0,,,,2013-12-23T02:18:52Z,ls8,qd9v314u1kyr,,,
0.11166666666666668,0.48457142857142854,0.24460431654676262,0.3909047619047619,0.0,0.0,2013-12-24T02:07:37Z,ls7,qd9v314u1kyr,0.3959961408586589,0.4908827785817655,0.1131210805595755
,,1.0,,,,2014-01-08T02:18:43Z,ls8,qd9v314u1kyr,,,
0.1099530516431925,0.5013145539906103,0.23381294964028776,0.3754460093896714,0.0,0.0,2014-01-09T02:07:40Z,ls7,qd9v314u1kyr,0.3805014987866965,0.5080648998429842,0.11143360137031927
0.10118705035971222,0.48679856115107906,0.0,0.39766187050359714,0.0,0.0,2014-01-17T02:12:23Z,ls8,qd9v314u1kyr,0.40345242874347653,0.4938870844129776,0.10266048684354585
0.06150943396226415,0.5539150943396227,0.237410071942446,0.3725943396226415,0.0,0.0,2014-01-25T02:08:00Z,ls7,qd9v314u1kyr,0.37711257519335434,0.5606321015945765,0.062255323212069134
0.0846043165467626,0.5026618705035971,0.0,0.398021582733813,0.0,0.0,2014-02-02T02:12:17Z,ls8,qd9v314u1kyr,0.4039648059581614,0.5101675732904968,0.08586762075134169
0.11892857142857143,0.5510714285714285,0.8992805755395683,0.3164285714285714,0.0,0.0,2014-02-09T02:18:21Z,ls8,qd9v314u1kyr,0.32078204199855176,0.558653149891383,0.12056480811006517
0.09623115577889446,0.49698492462311555,0.2841726618705036,0.3940703517587939,0.0,0.0,2014-02-10T02:08:05Z,ls7,qd9v314u1kyr,0.39914490761948385,0.5033847406728763,0.09747035170763985
0.12097122302158274,0.5212949640287771,0.0,0.34410071942446047,0.0,0.0,2014-02-18T02:12:04Z,ls8,qd9v314u1kyr,0.3488567156558842,0.5285000547026003,0.12264322964151562
0.08377697841726618,0.46194244604316553,0.0,0.43920863309352515,0.0,0.0,2014-02-25T02:18:08Z,ls8,qd9v314u1kyr,0.44592965925276645,0.46901135824111617,0.08505898250611738
0.08701923076923078,0.5148557692307693,0.2517985611510791,0.38504807692307697,0.0,0.0,2014-02-26T02:07:57Z,ls7,qd9v314u1kyr,0.39015003897116135,0.5216777084957132,0.0881722525331255
0.087953216374269,0.4865497076023393,0.3848920863309353,0.4126900584795321,0.0,0.0,2014-03-05T02:14:12Z,ls7,qd9v314u1kyr,0.41804395474201755,0.49286179728689067,0.08909424797109175
0.09147482014388489,0.4769424460431655,0.0,0.4166906474820144,0.0,0.0,2014-03-06T02:11:48Z,ls8,qd9v314u1kyr,0.4229898488278682,0.4841524866720222,0.09285766450010953
,,1.0,,,,2014-03-13T02:17:57Z,ls8,qd9v314u1kyr,,,
,,1.0,,,,2014-03-14T02:08:05Z,ls7,qd9v314u1kyr,,,
0.10276315789473685,0.5001315789473684,0.4532374100719424,0.38414473684210526,0.0,0.0,2014-03-21T02:14:20Z,ls7,qd9v314u1kyr,0.38918882890088646,0.5066986602679464,0.10411251083116711
0.09133093525179857,0.4612230215827338,0.0,0.43215827338129503,0.0,0.0,2014-03-22T02:11:38Z,ls8,qd9v314u1kyr,0.4388675799086758,0.4683835616438356,0.09274885844748859
0.09176258992805755,0.44172661870503593,0.0,0.4507194244604317,0.0,0.0,2014-04-07T02:11:23Z,ls8,qd9v314u1kyr,0.4579510982785717,0.44881400533606225,0.09323489638536604
0.09618705035971223,0.4600359712230216,0.0,0.4284172661870504,0.0,0.0,2014-04-14T02:17:25Z,ls8,qd9v314u1kyr,0.4351002812990904,0.4672122164176378,0.09768750228327183
0.09255208333333333,0.4829687500000001,0.3093525179856115,0.4109895833333334,0.0,0.0,2014-04-15T02:08:18Z,ls7,qd9v314u1kyr,0.4166094715168154,0.48957288421941825,0.0938176442637664
0.10286666666666666,0.47919999999999996,0.460431654676259,0.40466666666666673,0.0,0.0,2014-04-22T02:14:35Z,ls7,qd9v314u1kyr,0.4101074251739748,0.48564286196878587,0.10424971285723937
,,1.0,,,,2014-04-23T02:11:07Z,ls8,qd9v314u1kyr,,,
0.17685106382978724,0.3948936170212766,0.1546762589928058,0.41523404255319146,0.0,0.0,2014-05-01T02:08:27Z,ls7,qd9v314u1kyr,0.42071225316892297,0.40010347503664745,0.1791842717944296
0.16530075187969925,0.37657894736842107,0.043165467625899234,0.44236842105263163,0.0,0.0,2014-05-09T02:10:51Z,ls8,qd9v314u1kyr,0.44944807303006,0.38260570642832586,0.16794622054161415
,,1.0,,,,2014-05-16T02:16:57Z,ls8,qd9v314u1kyr,,,
0.11057971014492754,0.4354106280193237,0.2553956834532374,0.4403381642512077,0.0,0.0,2014-05-17T02:08:34Z,ls7,qd9v314u1kyr,0.44644169074790613,0.4414458539452417,0.11211245530685214
0.3392207792207792,0.3703896103896104,0.7230215827338129,0.28103896103896103,0.0,0.0,2014-05-25T02:10:45Z,ls8,qd9v314u1kyr,0.28369166229680126,0.3738856843209229,0.3424226533822758
,,1.0,,,,2014-06-01T02:17:01Z,ls8,qd9v314u1kyr,,,
0.12622340425531914,0.4129255319148936,0.3237410071942446,0.4467021276595745,0.0,0.0,2014-06-02T02:08:38Z,ls7,qd9v314u1kyr,0.45311319736700123,0.41885183986187546,0.12803496277112333
,,1.0,,,,2014-06-10T02:10:55Z,ls8,qd9v314u1kyr,,,
0.00782051282051282,0.009743589743589742,0.4388489208633094,0.0076282051282051296,0.03205128205128205,0.9423076923076923,2014-06-18T02:08:38Z,ls7,qd9v314u1kyr,0.0077640764663665495,0.00991713968813206,0.00795980948652705
0.07141891891891892,0.43527027027027027,0.4676258992805755,0.4812162162162162,0.0,0.0,2014-06-25T02:14:52Z,ls7,qd9v314u1kyr,0.4871075849805075,0.44059913822583957,0.07229327679365297
0.02333333333333333,0.061111111111111116,0.9676258992805755,0.025555555555555557,0.0,0.8888888888888888,2014-06-26T02:10:57Z,ls8,qd9v314u1kyr,0.02581369248035916,0.061728395061728426,0.023569023569023576
,,1.0,,,,2014-07-03T02:17:13Z,ls8,qd9v314u1kyr,,,
,,1.0,,,,2014-07-04T02:08:45Z,ls7,qd9v314u1kyr,,,
0.08970370370370372,0.4266666666666667,0.5143884892086331,0.4694074074074074,0.0,0.0,2014-07-11T02:14:57Z,ls7,qd9v314u1kyr,0.4761797415088668,0.43282236248872863,0.09099789600240459
0.14025179856115105,0.37856115107913674,0.0,0.4639568345323741,0.0,0.0,2014-07-12T02:11:06Z,ls8,qd9v314u1kyr,0.4720910654807657,0.38519819918743825,0.142710735331796
,,1.0,,,,2014-07-19T02:17:18Z,ls8,qd9v314u1kyr,,,
0.0,0.0,0.8669064748201438,0.0,0.2702702702702703,0.7297297297297297,2014-07-20T02:08:47Z,ls7,qd9v314u1kyr,0.0,0.0,0.0
,,1.0,,,,2014-07-28T02:11:09Z,ls8,qd9v314u1kyr,,,
0.12699481865284976,0.43689119170984453,0.3057553956834532,0.4229015544041451,0.0,0.0,2014-08-05T02:08:53Z,ls7,qd9v314u1kyr,0.4285639275400368,0.4427408768705697,0.12869519558939355
0.1581294964028777,0.37892086330935254,0.0,0.44611510791366904,0.0,0.0,2014-08-13T02:11:18Z,ls8,qd9v314u1kyr,0.45375384165081223,0.3854090443436266,0.16083711400556128
0.15401913875598086,0.4001913875598087,0.24820143884892087,0.4317224880382776,0.0,0.0,2014-08-21T02:08:52Z,ls7,qd9v314u1kyr,0.4378821702416772,0.40590119382704065,0.15621663593128213
0.18357142857142858,0.3507692307692307,0.3453237410071942,0.3531868131868132,0.0,0.0989010989010989,2014-08-28T02:15:02Z,ls7,qd9v314u1kyr,0.35858749063726475,0.35613294029687265,0.18637847016476372
0.1539208633093525,0.4013669064748202,0.0,0.42906474820143886,0.0,0.0,2014-08-29T02:11:19Z,ls8,qd9v314u1kyr,0.43588525488763014,0.4077471222364334,0.1563676228759364
,,1.0,,,,2014-09-05T02:17:33Z,ls8,qd9v314u1kyr,,,
0.1601798561151079,0.4085971223021583,0.0,0.41543165467625903,0.0,0.0,2014-09-14T02:11:23Z,ls8,qd9v314u1kyr,0.42209714557216477,0.4151529549358576,0.1627498994919776
0.151968085106383,0.3973936170212766,0.3237410071942446,0.4368085106382979,0.0,0.0,2014-09-22T02:08:58Z,ls7,qd9v314u1kyr,0.44293419633225456,0.4029665587918015,0.1540992448759439
0.13906474820143883,0.4201438848920863,0.0,0.42474820143884895,0.0,0.0,2014-09-30T02:11:23Z,ls8,qd9v314u1kyr,0.43167361263434967,0.4269942238795057,0.14133216348614458
,,1.0,,,,2014-10-07T02:17:37Z,ls8,qd9v314u1kyr,,,
0.10579545454545455,0.3648863636363636,0.6834532374100719,0.415,0.0,0.10227272727272728,2014-10-08T02:09:11Z,ls7,qd9v314u1kyr,0.42064408519373875,0.3698488930879231,0.10723429444561086
0.13140740740740742,0.47918518518518516,0.5143884892086331,0.3760740740740741,0.0,0.0,2014-10-15T02:15:23Z,ls7,qd9v314u1kyr,0.38115615615615617,0.4856606606606606,0.1331831831831832
,,1.0,,,,2014-10-16T02:11:28Z,ls8,qd9v314u1kyr,,,
,,1.0,,,,2014-10-23T02:17:39Z,ls8,qd9v314u1kyr,,,
0.11470297029702971,0.49683168316831683,0.27338129496402874,0.37599009900990094,0.0,0.0,2014-10-24T02:09:20Z,ls7,qd9v314u1kyr,0.38073992380188487,0.5031080810106277,0.11615199518748748
0.1176618705035971,0.4699280575539568,0.0,0.39751798561151075,0.0,0.0,2014-11-01T02:11:25Z,ls8,qd9v314u1kyr,0.40352734974074345,0.4770320601767326,0.1194405900825239
,,1.0,,,,2014-11-08T02:17:39Z,ls8,qd9v314u1kyr,,,
0.12068669527896995,0.48283261802575106,0.1618705035971223,0.3837339055793991,0.0,0.0,2014-11-09T02:09:29Z,ls7,qd9v314u1kyr,0.38868843194365954,0.4890666434812851,0.12224492457505544
0.0976978417266187,0.5039208633093525,0.0,0.3842446043165468,0.0,0.0,2014-11-17T02:11:26Z,ls8,qd9v314u1kyr,0.3897544422957639,0.5111467873171088,0.09909877038712739
,,1.0,,,,2014-11-24T02:17:36Z,ls8,qd9v314u1kyr,,,
0.1165665236051502,0.4964377682403433,0.1618705035971223,0.37433476394849785,0.0,0.0,2014-11-25T02:09:32Z,ls7,qd9v314u1kyr,0.37913497065855256,0.502803738317757,0.1180612910236905
,,1.0,,,,2014-12-03T02:11:25Z,ls8,qd9v314u1kyr,,,
0.11784172661870503,0.4846762589928058,0.0,0.3826618705035971,0.0,0.0,2014-12-10T02:17:31Z,ls8,qd9v314u1kyr,0.3884182853804586,0.49196728494231057,0.11961442967723089
0.12263157894736842,0.49973684210526315,0.17985611510791366,0.3649561403508772,0.0,0.0,2014-12-11T02:09:39Z,ls7,qd9v314u1kyr,0.36964150859579764,0.5061525476433744,0.12420594376082804
0.08589928057553958,0.5372661870503598,0.0,0.36287769784172663,0.0,0.0,2014-12-19T02:11:22Z,ls8,qd9v314u1kyr,0.3680140084634466,0.544870859477601,0.08711513205895229
0.0991726618705036,0.49604316546762595,0.0,0.3905395683453238,0.0,0.0,2014-12-26T02:17:31Z,ls8,qd9v314u1kyr,0.3961830389724128,0.5032112100423296,0.10060575098525762
0.10236842105263158,0.5338947368421052,0.3165467625899281,0.351421052631579,0.0,0.0,2014-12-27T02:09:46Z,ls7,qd9v314u1kyr,0.3558030480656507,0.5405520622402216,0.10364488969412768
0.09233812949640288,0.5147841726618706,0.0,0.37830935251798564,0.0,0.0,2015-01-04T02:11:17Z,ls8,qd9v314u1kyr,0.3839021719291842,0.5223945975542983,0.09370323051651762
0.10812949640287771,0.5,0.0,0.37751798561151084,0.0,0.0,2015-01-11T02:17:28Z,ls8,qd9v314u1kyr,0.3830152184226853,0.5072807561767818,0.10970402540053283
0.10411764705882354,0.5474509803921568,0.26618705035971224,0.3354411764705882,0.0,0.0,2015-01-12T02:09:49Z,ls7,qd9v314u1kyr,0.3398559721877328,0.5546560715172585,0.1054879562950087
0.10673913043478261,0.5275543478260869,0.3381294964028777,0.3530434782608696,0.0,0.0,2015-01-19T02:15:58Z,ls7,qd9v314u1kyr,0.35757142070787695,0.5343204711840149,0.10810810810810811
0.0929496402877698,0.5216187050359712,0.0,0.3719424460431655,0.0,0.0,2015-01-20T02:11:13Z,ls8,qd9v314u1kyr,0.37702825888787606,0.5287511394712853,0.09422060164083866
0.07931654676258994,0.5286330935251798,0.0,0.3783453237410072,0.0,0.0,2015-01-27T02:17:22Z,ls8,qd9v314u1kyr,0.38360261132791135,0.5359787009008352,0.08041868777125352
0.09255707762557078,0.5417808219178083,0.21223021582733814,0.3529223744292237,0.0,0.0,2015-01-28T02:09:53Z,ls7,qd9v314u1kyr,0.3574765274501641,0.548772027195782,0.09375144535405393
0.08769784172661871,0.49571942446043166,0.0,0.4023741007194245,0.0,0.0,2015-02-05T02:11:10Z,ls8,qd9v314u1kyr,0.40817369093231165,0.5028644407954753,0.0889618682722131
0.10733812949640288,0.48446043165467617,0.0,0.39384892086330936,0.0,0.0,2015-02-21T02:11:03Z,ls8,qd9v314u1kyr,0.3995839567898982,0.49151490821502863,0.10890113499507319
0.14971428571428572,0.5137142857142857,0.8741007194244604,0.32342857142857145,0.0,0.0,2015-02-28T02:17:12Z,ls8,qd9v314u1kyr,0.3277359583092067,0.5205558772437753,0.15170816444701796
0.10561151079136691,0.479568345323741,0.0,0.3999280575539569,0.0,0.0,2015-03-09T02:10:54Z,ls8,qd9v314u1kyr,0.40597385525450963,0.48681808223179723,0.10720806251369312
0.057590361445783125,0.05879518072289156,0.7014388489208634,0.03819277108433735,0.0,0.8433734939759037,2015-03-16T02:17:01Z,ls8,qd9v314u1kyr,0.03869883274328803,0.059574228324052236,0.05835344495675608
0.1437323943661972,0.4361267605633803,0.48920863309352514,0.25577464788732396,0.0,0.15492957746478872,2015-03-17T02:10:13Z,ls7,qd9v314u1kyr,0.2586630519676291,0.4410518394370945,0.14535553113048763
0.11156716417910449,0.505,0.5179856115107914,0.3711194029850746,0.0,0.0,2015-03-24T02:16:28Z,ls7,qd9v314u1kyr,0.37574612769172644,0.5112958065734794,0.11295806573479411
0.11435251798561151,0.4605395683453237,0.0,0.41010791366906474,0.0,0.0,2015-03-25T02:10:46Z,ls8,qd9v314u1kyr,0.4163532118467662,0.4675528612642881,0.1160939268889457
0.1039568345323741,0.4776618705035972,0.0,0.40305755395683457,0.0,0.0,2015-04-01T02:16:50Z,ls8,qd9v314u1kyr,0.4093300211879886,0.4850953459487105,0.10557463286330093
0.10188073394495413,0.481743119266055,0.2158273381294964,0.40412844036697243,0.0,0.0,2015-04-02T02:10:19Z,ls7,qd9v314u1kyr,0.4091394603631635,0.48771652811963034,0.10314401151720616
0.27393442622950825,0.3778688524590164,0.34172661870503596,0.3360655737704918,0.0,0.0,2015-04-10T02:10:36Z,ls8,qd9v314u1kyr,0.3401924991702622,0.3825091271158314,0.2772983737139064
,,1.0,,,,2015-04-17T02:16:48Z,ls8,qd9v314u1kyr,,,
0.10085561497326202,0.4835828877005348,0.32733812949640284,0.40358288770053474,0.0,0.0,2015-04-18T02:10:28Z,ls7,qd9v314u1kyr,0.4084758605758822,0.489445767482139,0.10207837194197877
0.12100719424460432,0.44597122302158276,0.0,0.41744604316546763,0.0,0.0,2015-04-26T02:10:33Z,ls8,qd9v314u1kyr,0.42405086417948623,0.4530273687287609,0.12292176709175283
,,1.0,,,,2015-05-03T02:16:37Z,ls8,qd9v314u1kyr,,,
,,1.0,,,,2015-05-04T02:10:34Z,ls7,qd9v314u1kyr,,,
0.11913043478260871,0.46994565217391304,0.3381294964028777,0.39847826086956517,0.0,0.0,2015-05-11T02:16:49Z,ls7,qd9v314u1kyr,0.40350008254911673,0.47586814154421886,0.12063177590666449
0.10996402877697842,0.44115107913669066,0.0,0.43323741007194244,0.0,0.0,2015-05-12T02:10:17Z,ls8,qd9v314u1kyr,0.4401242463000183,0.4481637127717888,0.11171204092819295
,,1.0,,,,2015-05-19T02:16:27Z,ls8,qd9v314u1kyr,,,
0.12364444444444445,0.4369777777777778,0.19064748201438853,0.4254222222222222,0.0,0.0,2015-05-20T02:10:42Z,ls7,qd9v314u1kyr,0.4314432525015775,0.44316235463806003,0.12539439286036239
0.10013333333333334,0.4592,0.460431654676259,0.4276,0.0,0.0,2015-05-27T02:16:53Z,ls7,qd9v314u1kyr,0.43326128073493647,0.4652796541475277,0.1014590651175358
0.12453237410071942,0.42755395683453234,0.0,0.43230215827338125,0.0,0.0,2015-05-28T02:10:19Z,ls8,qd9v314u1kyr,0.43915807936855955,0.4343345757509318,0.12650734488050866
,,1.0,,,,2015-06-04T02:16:35Z,ls8,qd9v314u1kyr,,,
0.11644549763033175,0.4258767772511849,0.24100719424460426,0.406824644549763,0.004739336492890996,0.03317535545023697,2015-06-05T02:10:48Z,ls7,qd9v314u1kyr,0.41237031429371296,0.4316821579966572,0.11803283576650195
0.11830935251798562,0.42370503597122305,0.0,0.4417985611510792,0.0,0.0,2015-06-13T02:10:31Z,ls8,qd9v314u1kyr,0.44906764168190133,0.4306764168190128,0.12025594149908593
,,1.0,,,,2015-06-20T02:16:44Z,ls8,qd9v314u1kyr,,,
0.12772972972972974,0.4465945945945946,0.33453237410071945,0.4123243243243243,0.0,0.0,2015-06-28T02:17:03Z,ls7,qd9v314u1kyr,0.4179039062071988,0.4526379225332822,0.129458171259519
0.12823741007194245,0.422410071942446,0.0,0.4337769784172662,0.0,0.0,2015-06-29T02:10:37Z,ls8,qd9v314u1kyr,0.4406401870866372,0.4290934336975189,0.1302663792158439
,,1.0,,,,2015-07-06T02:16:53Z,ls8,qd9v314u1kyr,,,
0.13014634146341464,0.4502439024390244,0.262589928057554,0.4067804878048781,0.0,0.0,2015-07-07T02:10:56Z,ls7,qd9v314u1kyr,0.4120670059791471,0.4560952710381973,0.13183772298265553
0.13064748201438847,0.4253237410071943,0.0,0.42884892086330934,0.0,0.0,2015-07-15T02:10:47Z,ls8,qd9v314u1kyr,0.43545912776682005,0.43187961136679087,0.13266126086638905
,,1.0,,,,2015-07-22T02:17:00Z,ls8,qd9v314u1kyr,,,
,,1.0,,,,2015-08-08T02:11:03Z,ls7,qd9v314u1kyr,,,
0.15335443037974683,0.4484177215189874,0.4316546762589928,0.37234177215189873,0.006329113924050633,0.006329113924050633,2015-08-15T02:17:16Z,ls7,qd9v314u1kyr,0.3773979368182457,0.45450694923632007,0.15543688609733286
,,1.0,,,,2015-08-16T02:10:57Z,ls8,qd9v314u1kyr,,,
,,1.0,,,,2015-08-23T02:17:11Z,ls8,qd9v314u1kyr,,,
0.1629665071770335,0.43952153110047854,0.24820143884892087,0.384066985645933,0.0,0.0,2015-08-24T02:11:05Z,ls7,qd9v314u1kyr,0.3893011300257044,0.4455114215044377,0.1651874484698579
0.2914028776978417,0.33420863309352516,0.0,0.3590647482014388,0.0,0.0,2015-09-01T02:11:03Z,ls8,qd9v314u1kyr,0.36465259004895156,0.3394096588003215,0.29593775115072696
,,1.0,,,,2015-09-08T02:17:17Z,ls8,qd9v314u1kyr,,,
0.12497435897435898,0.46235897435897433,0.2985611510791367,0.39979487179487183,0.0,0.0,2015-09-09T02:11:08Z,ls7,qd9v314u1kyr,0.40500805236635673,0.46838796820614054,0.12660397942750273
0.15154676258992805,0.4386690647482015,0.0,0.3942086330935252,0.0,0.0,2015-09-17T02:11:11Z,ls8,qd9v314u1kyr,0.40044579237768113,0.4456096758870172,0.15394453173530162
,,1.0,,,,2015-09-24T02:17:24Z,ls8,qd9v314u1kyr,,,
0.13455319148936173,0.4625106382978723,0.1546762589928058,0.38961702127659575,0.0,0.0,2015-09-25T02:11:12Z,ls7,qd9v314u1kyr,0.3948764393841377,0.4687540432138698,0.13636951740199255
,,1.0,,,,2015-10-03T02:11:15Z,ls8,qd9v314u1kyr,,,
,,1.0,,,,2015-10-10T02:17:26Z,ls8,qd9v314u1kyr,,,
,,1.0,,,,2015-10-11T02:11:21Z,ls7,qd9v314u1kyr,,,
0.2563157894736842,0.2521052631578947,0.9316546762589928,0.22157894736842104,0.0,0.2631578947368421,2015-10-19T02:11:17Z,ls8,qd9v314u1kyr,0.22365575076841349,0.25446818199066523,0.2587181725040793
,,1.0,,,,2015-10-26T02:17:30Z,ls8,qd9v314u1kyr,,,
,,1.0,,,,2015-10-27T02:11:38Z,ls7,qd9v314u1kyr,,,
0.11449640287769784,0.5001079136690647,0.0,0.37140287769784175,0.0,0.0,2015-11-04T02:11:21Z,ls8,qd9v314u1kyr,0.3766735981905075,0.507205136623983,0.11612126518550947
,,1.0,,,,2015-11-11T02:17:31Z,ls8,qd9v314u1kyr,,,
0.19153846153846155,0.4846153846153846,0.5323741007194245,0.3136923076923077,0.0,0.0,2015-11-12T02:11:54Z,ls7,qd9v314u1kyr,0.31691016474976685,0.48958657133975747,0.1935032639104756
0.1252158273381295,0.4966546762589928,0.0,0.3638489208633094,0.0,0.0,2015-11-20T02:11:23Z,ls8,qd9v314u1kyr,0.3691201693245265,0.50384994343685,0.12702988723862352
,,1.0,,,,2015-11-27T02:17:34Z,ls8,qd9v314u1kyr,,,
0.08890625,0.395,0.7697841726618705,0.16531250000000003,0.0,0.34375,2015-11-28T02:12:07Z,ls7,qd9v314u1kyr,0.16710288808664264,0.3992779783393502,0.08986913357400723
0.07895683453237409,0.5204316546762591,0.0,0.3862589928057554,0.0,0.0,2015-12-06T02:11:22Z,ls8,qd9v314u1kyr,0.39188350790117144,0.528009926645013,0.08010656545381555
,,1.0,,,,2015-12-13T02:17:32Z,ls8,qd9v314u1kyr,,,
0.11350427350427351,0.5191025641025641,0.15827338129496404,0.35457264957264956,0.0,0.0,2015-12-14T02:12:24Z,ls7,qd9v314u1kyr,0.3591774891774892,0.5258441558441558,0.114978354978355
0.09258992805755396,0.5376618705035973,0.0,0.3557913669064748,0.0,0.0,2015-12-22T02:11:23Z,ls8,qd9v314u1kyr,0.3608273748723186,0.5452721435867504,0.09390048154093097
0.07038277511961723,0.570334928229665,0.24820143884892087,0.3472727272727273,0.0,0.0,2015-12-30T02:12:36Z,ls7,qd9v314u1kyr,0.35149401908082717,0.5772676642936704,0.07123831662550245
0.06931654676258993,0.5491007194244605,0.0,0.36769784172661873,0.0,0.0,2016-01-07T02:11:18Z,ls8,qd9v314u1kyr,0.3728751732691326,0.556832275479682,0.07029255125118553
0.10205128205128206,0.5166300366300367,0.017985611510791366,0.3679120879120879,0.0,0.0,2016-01-14T02:17:30Z,ls8,qd9v314u1kyr,0.37291156159501004,0.5236504046929532,0.10343803371203684
0.09681159420289855,0.5697101449275362,0.2553956834532374,0.3208695652173913,0.0,0.0,2016-01-15T02:12:52Z,ls7,qd9v314u1kyr,0.3249669749009247,0.5769851753999706,0.09804784969910466
0.10737410071942446,0.5012230215827338,0.0,0.3769064748201439,0.0,0.0,2016-01-23T02:11:19Z,ls8,qd9v314u1kyr,0.3824506332810162,0.5085958316604008,0.10895353505858307
,,1.0,,,,2016-01-30T02:17:29Z,ls8,qd9v314u1kyr,,,
0.09676923076923077,0.49123076923076925,0.7661870503597122,0.3998461538461538,0.0,0.0,2016-02-07T02:19:16Z,ls7,qd9v314u1kyr,0.40476561283289203,0.49727456782432644,0.0979598193427815
0.0973021582733813,0.505431654676259,0.0,0.3824820143884892,0.0,0.0,2016-02-08T02:11:15Z,ls8,qd9v314u1kyr,0.3882215487969623,0.5130161743765744,0.09876227682646319
0.10535971223021583,0.48352517985611504,0.0,0.3970863309352518,0.0,0.0,2016-02-15T02:17:21Z,ls8,qd9v314u1kyr,0.4027362276541409,0.49040496169281284,0.10685881065304635
0.11333333333333334,0.5035042735042735,0.15827338129496404,0.37017094017094015,0.0,0.0,2016-02-16T02:13:07Z,ls7,qd9v314u1kyr,0.37504329754069965,0.5101316245237271,0.11482507793557327
0.09618705035971224,0.49309352517985605,0.0,0.3958273381294964,0.0,0.0,2016-02-24T02:11:08Z,ls8,qd9v314u1kyr,0.4018111443803404,0.5005477251150223,0.09764113050463744
0.12442446043165468,0.48366906474820137,0.0,0.3771223021582734,0.0,0.0,2016-03-02T02:17:19Z,ls8,qd9v314u1kyr,0.38278140859469134,0.49092701449487014,0.1262915769104385
,,1.0,,,,2016-03-03T02:13:13Z,ls7,qd9v314u1kyr,,,
0.16321678321678323,0.5264335664335664,0.4856115107913669,0.2980419580419581,0.0,0.0,2016-03-10T02:19:28Z,ls7,qd9v314u1kyr,0.3017558765222317,0.5329934862645143,0.16525063721325403
0.10208633093525181,0.4914388489208633,0.0,0.3913309352517985,0.0,0.0,2016-03-11T02:11:06Z,ls8,qd9v314u1kyr,0.3973483326637203,0.4989955805544396,0.10365608678184011
0.08522842639593908,0.4885786802030457,0.2913669064748201,0.38822335025380705,0.0,0.025380710659898477,2016-03-19T02:13:21Z,ls7,qd9v314u1kyr,0.3933035207299017,0.49497206943322486,0.08634369917697501
0.094568345323741,0.47902877697841734,0.0,0.41176258992805753,0.0,0.0,2016-04-03T02:17:04Z,ls8,qd9v314u1kyr,0.41788048041470444,0.48614609571788414,0.09597342386741137
0.15783251231527093,0.5021674876847291,0.2697841726618705,0.32793103448275857,0.0,0.0,2016-04-04T02:13:24Z,ls7,qd9v314u1kyr,0.33193717277486906,0.5083021690351534,0.15976065818997756
0.049573643410852714,0.22844961240310077,0.07194244604316546,0.1726744186046512,0.0,0.5426356589147286,2016-04-19T02:16:58Z,ls8,qd9v314u1kyr,0.17522859817121467,0.2318288120361704,0.05030693087788631
0.09757425742574258,0.47143564356435647,0.27338129496402874,0.4188118811881188,0.0,0.0,2016-04-20T02:13:33Z,ls7,qd9v314u1kyr,0.42397514282850557,0.47724766964017246,0.09877718753132204
0.21799999999999997,0.4061,0.28057553956834536,0.3619,0.0,0.0,2016-04-28T02:10:48Z,ls8,qd9v314u1kyr,0.36703853955375254,0.4118661257606491,0.22109533468559836
0.10153439153439155,0.4433333333333333,0.32014388489208634,0.36915343915343923,0.015873015873015872,0.0582010582010582,2016-05-06T02:13:38Z,ls7,qd9v314u1kyr,0.3739615157849601,0.44910757356488173,0.10285683657608405
0.10513812154696134,0.4685082872928177,0.34892086330935257,0.41458563535911597,0.0,0.0,2016-05-13T02:19:49Z,ls7,qd9v314u1kyr,0.4195225582825515,0.47408732599094316,0.1063901157265053
,,1.0,,,,2016-05-14T02:10:47Z,ls8,qd9v314u1kyr,,,
,,1.0,,,,2016-05-22T02:13:40Z,ls7,qd9v314u1kyr,,,
0.11928057553956833,0.42787769784172663,0.0,0.4370143884892086,0.0,0.0,2016-05-30T02:10:54Z,ls8,qd9v314u1kyr,0.4440423976608187,0.4347587719298246,0.12119883040935672
0.16233695652173913,0.4068478260869565,0.3381294964028777,0.41608695652173916,0.0,0.0,2016-06-14T02:19:58Z,ls7,qd9v314u1kyr,0.42230680125765346,0.4129295603728832,0.16476363836946328
0.49666666666666676,0.2533333333333333,0.9784172661870504,0.24,0.0,0.0,2016-06-15T02:10:56Z,ls8,qd9v314u1kyr,0.24242424242424243,0.25589225589225584,0.5016835016835017
,,1.0,,,,2016-06-22T02:17:11Z,ls8,qd9v314u1kyr,,,
0.15680851063829787,0.36880851063829784,0.1546762589928058,0.4462553191489362,0.0,0.01276595744680851,2016-06-23T02:13:48Z,ls7,qd9v314u1kyr,0.45330896292549233,0.37463800721610013,0.15928707241159906
0.10219780219780221,0.45032967032967036,0.3453237410071942,0.4356593406593406,0.0,0.0,2016-06-30T02:19:59Z,ls7,qd9v314u1kyr,0.44086738949124266,0.4557130942452044,0.10341951626355297
0.11971223021582734,0.4150359712230216,0.0,0.4491726618705036,0.0,0.0,2016-07-01T02:11:05Z,ls8,qd9v314u1kyr,0.4565129967462435,0.421818447702263,0.12166855555149343
,,1.0,,,,2016-07-09T02:13:48Z,ls7,qd9v314u1kyr,,,
,,1.0,,,,2016-07-17T02:11:12Z,ls8,qd9v314u1kyr,,,
,,1.0,,,,2016-07-24T02:17:25Z,ls8,qd9v314u1kyr,,,
0.12229665071770336,0.37421052631578944,0.24820143884892087,0.38540669856459336,0.009569377990430622,0.09569377990430622,2016-07-25T02:13:50Z,ls7,qd9v314u1kyr,0.3910104851973685,0.3796515213815789,0.1240748355263158
0.1531720430107527,0.4163978494623657,0.3309352517985612,0.41069892473118286,0.0,0.005376344086021506,2016-08-01T02:20:02Z,ls7,qd9v314u1kyr,0.41671310851351295,0.42249548703196205,0.15541506036850353
0.1662589928057554,0.37467625899280577,0.0,0.42805755395683454,0.007194244604316547,0.007194244604316547,2016-08-02T02:11:16Z,ls8,qd9v314u1kyr,0.43539895235048137,0.38110214182206836,0.1691104166188172
0.16203208556149734,0.4046524064171123,0.32733812949640284,0.4029411764705882,0.0106951871657754,0.0053475935828877,2016-08-10T02:13:52Z,ls7,qd9v314u1kyr,0.4088968479516226,0.4106333707299175,0.1644270005697965
0.1756707317073171,0.14786585365853658,0.41007194244604317,0.10298780487804879,0.018292682926829267,0.5487804878048781,2016-08-18T02:11:20Z,ls8,qd9v314u1kyr,0.10453372618072142,0.15008542687285342,0.17830767621471783
,,1.0,,,,2016-08-25T02:17:34Z,ls8,qd9v314u1kyr,,,
0.4153571428571428,0.21357142857142858,0.8992805755395683,0.3578571428571428,0.0,0.0,2016-08-26T02:13:54Z,ls7,qd9v314u1kyr,0.36264929424538545,0.21643141512848357,0.42091929062613104
0.1692086330935252,0.38798561151079136,0.0,0.40812949640287766,0.0035971223021582736,0.014388489208633094,2016-09-03T02:11:26Z,ls8,qd9v314u1kyr,0.41518613995373976,0.394693963118371,0.17213428541709788
0.13902857142857145,0.4441714285714285,0.3705035971223022,0.40291428571428567,0.0,0.0,2016-09-18T02:20:08Z,ls7,qd9v314u1kyr,0.4085878194355913,0.45042591412180555,0.140986266442603
0.1946043165467626,0.3755395683453237,0.0,0.41406474820143885,0.0,0.0,2016-09-19T02:11:28Z,ls8,qd9v314u1kyr,0.42070830744490334,0.381565001279193,0.1977266912759037
0.15878431372549018,0.4218431372549019,0.08273381294964033,0.40368627450980393,0.0,0.0,2016-09-26T02:17:39Z,ls8,qd9v314u1kyr,0.4101195219123506,0.4285657370517928,0.16131474103585655
0.19885106382978726,0.40038297872340434,0.1546762589928058,0.3881702127659574,0.0,0.0,2016-09-27T02:13:59Z,ls7,qd9v314u1kyr,0.39312187553870015,0.4054904326840201,0.2013876917772798
0.11750000000000001,0.47051470588235295,0.5107913669064748,0.39897058823529413,0.0,0.0,2016-10-04T02:20:11Z,ls7,qd9v314u1kyr,0.4042315428741712,0.476719064292632,0.11904939283319675
0.1476618705035971,0.4319784172661871,0.0,0.40456834532374103,0.0,0.0,2016-10-05T02:11:31Z,ls8,qd9v314u1kyr,0.4110595372976134,0.43890939658638206,0.1500310661160045
,,1.0,,,,2016-10-12T02:17:44Z,ls8,qd9v314u1kyr,,,
0.14719148936170215,0.4412765957446808,0.1546762589928058,0.3987234042553191,0.0,0.0,2016-10-13T02:13:59Z,ls7,qd9v314u1kyr,0.4038967196861934,0.4470020259493944,0.1491012543644123
0.1537410071942446,0.4222302158273381,0.0,0.40834532374100724,0.0,0.0,2016-10-21T02:11:35Z,ls8,qd9v314u1kyr,0.4148516298786727,0.428957754714223,0.15619061540710422
,,1.0,,,,2016-10-28T02:17:46Z,ls8,qd9v314u1kyr,,,
0.13814814814814816,0.46444444444444444,0.41726618705035967,0.38598765432098764,0.0,0.0,2016-10-29T02:13:55Z,ls7,qd9v314u1kyr,0.3904464564470808,0.4698095535435529,0.13974399000936621
0.12291366906474821,0.45676258992805757,0.0,0.4050719424460431,0.0,0.0,2016-11-06T02:11:35Z,ls8,qd9v314u1kyr,0.4113457042665108,0.4638369374634717,0.12481735827001754
,,1.0,,,,2016-11-13T02:17:45Z,ls8,qd9v314u1kyr,,,
0.1064021164021164,0.48502645502645503,0.32014388489208634,0.39587301587301593,0.0,0.0,2016-11-14T02:13:47Z,ls7,qd9v314u1kyr,0.40096463022508044,0.4912647374062165,0.1077706323687031
0.11320143884892087,0.47420863309352523,0.0,0.39773381294964033,0.0,0.0,2016-11-22T02:11:35Z,ls8,qd9v314u1kyr,0.4037316975207215,0.481359769233578,0.11490853324570051
,,1.0,,,,2016-11-29T02:17:45Z,ls8,qd9v314u1kyr,,,
0.10588541666666666,0.5154166666666667,0.3093525179856115,0.36609374999999994,0.0,0.0,2016-11-30T02:13:45Z,ls7,qd9v314u1kyr,0.3707669585399303,0.5219959911383057,0.1072370503217639
0.11985611510791366,0.47996402877697847,0.0,0.3857194244604317,0.0,0.0,2016-12-08T02:11:33Z,ls8,qd9v314u1kyr,0.39137893276881525,0.4870063508285276,0.12161471640265711
,,1.0,,,,2016-12-15T02:17:41Z,ls8,qd9v314u1kyr,,,
0.10251141552511416,0.5078995433789955,0.21223021582733814,0.37643835616438354,0.0,0.0,2016-12-16T02:13:40Z,ls7,qd9v314u1kyr,0.38145474736257634,0.5146677771608366,0.10387747547658709
0.09402877697841727,0.5131294964028777,0.0,0.378273381294964,0.0,0.0,2016-12-24T02:11:28Z,ls8,qd9v314u1kyr,0.3838656689176857,0.5207154590253696,0.0954188720569447
,,1.0,,,,2016-12-31T02:17:39Z,ls8,qd9v314u1kyr,,,
0.10752136752136754,0.49709401709401707,0.15827338129496404,0.3824358974358974,0.0,0.0,2017-01-01T02:13:32Z,ls7,qd9v314u1kyr,0.3874529159631121,0.5036151881196692,0.1089318959172187
0.09100719424460434,0.5092446043165467,0.0,0.38553956834532377,0.0,0.0,2017-01-09T02:11:25Z,ls8,qd9v314u1kyr,0.3910965152344463,0.5165845648604269,0.09231891990512682
0.10683168316831683,0.516980198019802,0.27338129496402874,0.3637128712871287,0.0,0.0,2017-01-17T02:13:22Z,ls7,qd9v314u1kyr,0.3683075997593744,0.5235111289352317,0.10818127130539403
0.09431654676258994,0.5129136690647482,0.0,0.378273381294964,0.0,0.0,2017-01-25T02:11:20Z,ls8,qd9v314u1kyr,0.38383764645764135,0.5204584443552214,0.09570390918713728
0.08741007194244604,0.4631654676258993,0.0,0.4347482014388489,0.0,0.0,2017-02-01T02:17:28Z,ls8,qd9v314u1kyr,0.441223714953271,0.4700642523364486,0.08871203271028037
0.08788944723618092,0.5153266331658292,0.2841726618705036,0.3836683417085427,0.0,0.0,2017-02-02T02:13:14Z,ls7,qd9v314u1kyr,0.38876724884159064,0.5221752635062885,0.08905748765212079
,,1.0,,,,2017-02-10T02:11:12Z,ls8,qd9v314u1kyr,,,
0.09651079136690646,0.45330935251798565,0.0,0.43561151079136695,0.0,0.0,2017-02-17T02:17:21Z,ls8,qd9v314u1kyr,0.44205146924621286,0.46001095090344957,0.09793757985033763
0.08380000000000001,0.4936,0.28057553956834536,0.4092,0.0,0.0,2017-02-18T02:13:13Z,ls7,qd9v314u1kyr,0.4147577539022907,0.5003040745996351,0.0849381714980742
0.10086330935251799,0.4665827338129497,0.0,0.41730215827338124,0.0,0.0,2017-02-26T02:11:07Z,ls8,qd9v314u1kyr,0.4237653419053185,0.47380917592051436,0.10242548217416715
0.10557553956834533,0.46377697841726623,0.0,0.4156115107913669,0.0,0.0,2017-03-05T02:17:14Z,ls8,qd9v314u1kyr,0.4219560295084362,0.4708567672193412,0.10718720327222263
0.1002857142857143,0.5087142857142857,0.24460431654676262,0.37852380952380954,0.0,0.0,2017-03-06T02:13:21Z,ls7,qd9v314u1kyr,0.38330600829395317,0.5151412865271482,0.10155270517889865
0.06258992805755396,0.4382374100719424,0.0,0.3815827338129496,0.0,0.10431654676258993,2017-03-14T02:10:58Z,ls8,qd9v314u1kyr,0.3873225743729341,0.4448294611223092,0.0635314177421668
0.09009900990099011,0.4973762376237624,0.27338129496402874,0.4000000000000001,0.0,0.0,2017-03-22T02:13:27Z,ls7,qd9v314u1kyr,0.405073444628265,0.5036847646262596,0.09124179074547552
0.11333333333333334,0.4716312056737589,0.4928057553956835,0.4015602836879432,0.0,0.0,2017-03-29T02:19:39Z,ls7,qd9v314u1kyr,0.4070452911574407,0.4780733285406183,0.11488138030194106
0.11899280575539568,0.44557553956834534,0.0,0.4196402877697842,0.0,0.0,2017-03-30T02:10:50Z,ls8,qd9v314u1kyr,0.42637330506925913,0.4527246811154563,0.12090201381528452
0.07676258992805757,0.4523021582733813,0.0,0.3847841726618705,0.0,0.07194244604316546,2017-04-06T02:16:57Z,ls8,qd9v314u1kyr,0.39076684332518236,0.4593346067094366,0.07795610392221552
0.38199999999999995,0.396,0.9820143884892086,0.21000000000000002,0.0,0.0,2017-04-07T02:13:31Z,ls7,qd9v314u1kyr,0.21255060728744943,0.4008097165991903,0.38663967611336025
0.605,0.095,0.9928057553956835,0.275,0.0,0.0,2017-04-15T02:10:42Z,ls8,qd9v314u1kyr,0.2820512820512821,0.09743589743589744,0.6205128205128205
0.11075539568345324,0.4585971223021583,0.0,0.4148920863309353,0.0,0.0,2017-04-22T02:16:48Z,ls8,qd9v314u1kyr,0.4215335136320444,0.4659381624150281,0.1125283239529274
0.10543269230769231,0.48572115384615383,0.2517985611510791,0.39605769230769233,0.0,0.0,2017-04-23T02:13:38Z,ls7,qd9v314u1kyr,0.40118827310801597,0.4920132463231713,0.10679848056881269
0.10964028776978417,0.43593525179856113,0.0,0.4385971223021583,0.0,0.0,2017-05-01T02:10:31Z,ls8,qd9v314u1kyr,0.44565058479532166,0.44294590643274856,0.11140350877192982
0.12535911602209945,0.4528176795580111,0.34892086330935257,0.4060220994475138,0.0,0.0,2017-05-08T02:16:46Z,ls8,qd9v314u1kyr,0.41254069832715834,0.4600875715729202,0.12737173009992142
0.11122302158273382,0.4118705035971223,0.0,0.45971223021582736,0.0,0.0,2017-05-17T02:10:42Z,ls8,qd9v314u1kyr,0.4677549227728571,0.41907620232779447,0.11316887489934853
,,1.0,,,,2017-05-24T02:16:57Z,ls8,qd9v314u1kyr,,,
0.10376106194690267,0.434646017699115,0.18705035971223016,0.4484070796460177,0.0,0.0,2017-05-25T02:13:45Z,ls7,qd9v314u1kyr,0.4543987086359968,0.44045377096224547,0.1051475204017577
0.12710344827586206,0.4706896551724138,0.4784172661870504,0.3895862068965517,0.0,0.0,2017-06-01T02:19:58Z,ls7,qd9v314u1kyr,0.39456590067751623,0.47670601382971295,0.12872808549277084
0.11179687499999999,0.408671875,0.07913669064748197,0.4626171875,0.0,0.0,2017-06-02T02:10:51Z,ls8,qd9v314u1kyr,0.4705765486549847,0.41570310327015536,0.11372034807485992
,,1.0,,,,2017-06-09T02:17:05Z,ls8,qd9v314u1kyr,,,
,,1.0,,,,2017-06-10T02:13:50Z,ls7,qd9v314u1kyr,,,
0.10859375,0.4825,0.539568345323741,0.39656250000000004,0.0,0.0,2017-06-17T02:20:02Z,ls7,qd9v314u1kyr,0.40151874703369717,0.4885302958392659,0.10995095712703686
0.11446043165467626,0.40507194244604317,0.0,0.4639208633093525,0.0,0.0,2017-06-18T02:10:58Z,ls8,qd9v314u1kyr,0.4717264081931236,0.4118873445501097,0.11638624725676663
,,1.0,,,,2017-06-25T02:17:10Z,ls8,qd9v314u1kyr,,,
0.11166666666666668,0.43946078431372554,0.26618705035971224,0.43558823529411766,0.0,0.0,2017-06-26T02:13:53Z,ls7,qd9v314u1kyr,0.4414526305330617,0.44537731630980176,0.11317005315713648
0.08014492753623187,0.17405797101449277,0.7517985611510791,0.0781159420289855,0.08695652173913043,0.5797101449275363,2017-07-04T02:11:02Z,ls8,qd9v314u1kyr,0.07835441197848526,0.17458932984445422,0.08038959151039395
0.48096774193548386,0.2506451612903226,0.6654676258992807,0.22913978494623655,0.0,0.03225806451612903,2017-07-12T02:13:54Z,ls7,qd9v314u1kyr,0.23080672238568875,0.252468545228081,0.4844666678701013
,,1.0,,,,2017-07-20T02:11:06Z,ls8,qd9v314u1kyr,,,
,,1.0,,,,2017-07-27T02:17:21Z,ls8,qd9v314u1kyr,,,
,,1.0,,,,2017-08-05T02:11:14Z,ls8,qd9v314u1kyr,,,
0.13172093023255815,0.38851162790697674,0.22661870503597126,0.3689302325581395,0.0,0.09767441860465116,2017-08-13T02:13:50Z,ls7,qd9v314u1kyr,0.37439172002029114,0.39426299008188254,0.13367087129317506
0.16766187050359713,0.41654676258992807,0.0,0.3999280575539569,0.0,0.0,2017-08-21T02:11:19Z,ls8,qd9v314u1kyr,0.4063745019920319,0.42326108410395114,0.17036441390401694
,,1.0,,,,2017-08-29T02:13:51Z,ls7,qd9v314u1kyr,,,
0.11604519774011302,0.4666666666666666,0.3633093525179856,0.40412429378531073,0.0,0.0,2017-09-05T02:20:02Z,ls7,qd9v314u1kyr,0.4095150855899697,0.4728917387072765,0.1175931757027538
,,1.0,,,,2017-09-06T02:11:21Z,ls8,qd9v314u1kyr,,,
0.13419607843137255,0.45713725490196083,0.08273381294964033,0.39298039215686276,0.0,0.0,2017-09-13T02:17:31Z,ls8,qd9v314u1kyr,0.3992430278884462,0.46442231075697216,0.13633466135458167
0.1455729166666667,0.45437500000000003,0.3093525179856115,0.38682291666666674,0.0,0.0,2017-09-14T02:13:49Z,ls7,qd9v314u1kyr,0.3920088673070833,0.4604665892536683,0.1475245434392484
,,1.0,,,,2017-09-29T02:17:38Z,ls8,qd9v314u1kyr,,,
0.13815450643776822,0.46806866952789705,0.1618705035971223,0.3801287553648069,0.0,0.0,2017-09-30T02:13:50Z,ls7,qd9v314u1kyr,0.38538856496388474,0.4745452963188582,0.14006613871725693
0.15781250000000002,0.449375,0.7697841726618705,0.25984375000000004,0.0,0.125,2017-10-08T02:11:30Z,ls8,qd9v314u1kyr,0.2622319336817445,0.45350513606055143,0.1592629302577041
,,1.0,,,,2017-10-15T02:17:43Z,ls8,qd9v314u1kyr,,,
0.11864541832669323,0.4849402390438248,0.09712230215827333,0.38167330677290834,0.0,0.0,2017-10-24T02:11:33Z,ls8,qd9v314u1kyr,0.3873837444399514,0.49219571370804693,0.12042054185200161
,,1.0,,,,2017-10-31T02:17:43Z,ls8,qd9v314u1kyr,,,
0.11580310880829014,0.5283419689119171,0.3057553956834532,0.3429533678756477,0.0,0.0,2017-11-01T02:13:52Z,ls7,qd9v314u1kyr,0.3474358301401501,0.5352474935698913,0.11731667628995852
0.08989208633093526,0.547158273381295,0.0,0.3492086330935251,0.0,0.0,2017-11-09T02:11:31Z,ls8,qd9v314u1kyr,0.3540739660077321,0.5547815303815012,0.09114450361076666
,,1.0,,,,2017-11-16T02:17:40Z,ls8,qd9v314u1kyr,,,
0.1058273381294964,0.5332374100719425,0.0,0.34726618705035966,0.0,0.0,2017-11-25T02:11:25Z,ls8,qd9v314u1kyr,0.3520787746170678,0.5406272793581328,0.10729394602479943
0.12190647482014388,0.5211870503597121,0.0,0.3431654676258993,0.0,0.0,2017-12-02T02:17:34Z,ls8,qd9v314u1kyr,0.3479466044204538,0.5284484645123642,0.12360493106718216
,,1.0,,,,2017-12-03T02:13:43Z,ls7,qd9v314u1kyr,,,
0.08773381294964029,0.5735611510791366,0.0,0.3256474820143885,0.0,0.0,2017-12-11T02:11:23Z,ls8,qd9v314u1kyr,0.3299558989685461,0.5811495425884753,0.08889455844297846
,,1.0,,,,2017-12-18T02:17:36Z,ls8,qd9v314u1kyr,,,
0.1153048780487805,0.569390243902439,0.41007194244604317,0.3035975609756098,0.0,0.0,2017-12-19T02:13:34Z,ls7,qd9v314u1kyr,0.30719397828232975,0.5761352418558735,0.11667077986179664
0.11499999999999999,0.5767105263157893,0.17985611510791366,0.29583333333333334,0.0,0.0,2017-12-27T02:11:25Z,ls8,qd9v314u1kyr,0.2995647539527448,0.5839847219754841,0.1164505240717712
,,1.0,,,,2018-01-03T02:17:34Z,ls8,qd9v314u1kyr,,,
0.11813471502590674,0.5444559585492228,0.3057553956834532,0.32528497409326423,0.0,0.0,2018-01-04T02:13:22Z,ls7,qd9v314u1kyr,0.32927724745620474,0.5511381516836253,0.11958460086016993
0.11449640287769784,0.5318705035971223,0.0,0.3404676258992806,0.0,0.0,2018-01-12T02:11:19Z,ls8,qd9v314u1kyr,0.34500984180214334,0.5389662462637603,0.11602391193409638
0.11782894736842105,0.5231578947368422,0.4532374100719424,0.345328947368421,0.0,0.0,2018-01-19T02:17:26Z,ls8,qd9v314u1kyr,0.35012006403415147,0.5304162219850588,0.11946371398078974
,,1.0,,,,2018-01-20T02:13:08Z,ls7,qd9v314u1kyr,,,
0.11064748201438851,0.5293525179856116,0.0,0.34543165467625897,0.0,0.0,2018-01-28T02:11:10Z,ls8,qd9v314u1kyr,0.35053841941960207,0.5371783172111699,0.11228326336922796
0.11161870503597121,0.49532374100719423,0.0,0.38007194244604314,0.0,0.0,2018-02-04T02:17:17Z,ls8,qd9v314u1kyr,0.3850723422865264,0.5018404460803965,0.113087211633077
0.10325714285714285,0.5112571428571429,0.3705035971223022,0.3741714285714286,0.0,0.0,2018-02-12T02:18:58Z,ls7,qd9v314u1kyr,0.3784533579932956,0.5171078488036065,0.1044387932030979
0.12064748201438849,0.5169064748201438,0.0,0.3485251798561151,0.0,0.0,2018-02-13T02:11:03Z,ls8,qd9v314u1kyr,0.3534454455915077,0.52420384489111,0.12235070951738228
0.11449640287769784,0.49492805755395686,0.0,0.3776618705035972,0.0,0.0,2018-02-20T02:17:12Z,ls8,qd9v314u1kyr,0.38260267482963456,0.5014030100943844,0.1159943150759812
0.11180851063829789,0.53,0.3237410071942446,0.3458510638297872,0.0,0.0,2018-02-21T02:12:42Z,ls7,qd9v314u1kyr,0.35017233950883236,0.536622145626885,0.11320551486428265
0.11033707865168539,0.5269662921348315,0.3597122302158273,0.3517977528089888,0.0,0.0,2018-02-28T02:18:48Z,ls7,qd9v314u1kyr,0.3556742019765989,0.5327729183232989,0.11155287970010222
0.08122302158273383,0.5431294964028778,0.0,0.3619424460431655,0.0,0.0,2018-03-01T02:10:57Z,ls8,qd9v314u1kyr,0.36697180787045475,0.5506765381669645,0.08235165396258069
0.09676258992805754,0.5176978417266188,0.0,0.372158273381295,0.0,0.0,2018-03-08T02:17:03Z,ls8,qd9v314u1kyr,0.37720577512031495,0.5247192649846872,0.09807495989499779
0.10346341463414635,0.5679024390243902,0.262589928057554,0.31658536585365854,0.0,0.0,2018-03-09T02:12:31Z,ls7,qd9v314u1kyr,0.32044635362662327,0.5748284204809164,0.1047252258924604
0.0929585798816568,0.549585798816568,0.3920863309352518,0.3431952662721893,0.0,0.0,2018-03-17T02:10:47Z,ls8,qd9v314u1kyr,0.34816015367068853,0.5575364667747164,0.09430337955459513
0.11890710382513663,0.5107650273224044,0.34172661870503596,0.3584699453551913,0.0,0.0,2018-04-01T02:18:23Z,ls7,qd9v314u1kyr,0.36277166399380634,0.5168943206326384,0.12033401537355529
0.0893884892086331,0.5142446043165467,0.0,0.38190647482014384,0.0,0.0,2018-04-02T02:10:41Z,ls8,qd9v314u1kyr,0.3875100372289948,0.5217899116723849,0.09070005109862035
0.3170588235294118,0.4363025210084034,0.14388489208633093,0.21474789915966386,0.0,0.02100840336134454,2018-04-18T02:10:31Z,ls8,qd9v314u1kyr,0.2171618441222242,0.4412069241567553,0.320622828359676
0.12377697841726618,0.4754676258992806,0.0,0.38575539568345324,0.0,0.0,2018-04-25T02:16:38Z,ls8,qd9v314u1kyr,0.391629843333455,0.48270824964393966,0.12566190702260524
,,1.0,,,,2018-04-26T02:11:47Z,ls7,qd9v314u1kyr,,,
0.12133093525179857,0.46564748201438844,0.0,0.39809352517985613,0.0,0.0,2018-05-04T02:10:23Z,ls8,qd9v314u1kyr,0.4041263465400767,0.4727040350556873,0.12316961840423589
0.10333333333333333,0.5081481481481481,0.12589928057553956,0.37415637860082307,0.0,0.0,2018-05-11T02:16:29Z,ls8,qd9v314u1kyr,0.37960836708279405,0.5155525865308337,0.10483904638637218
0.11572815533980582,0.508495145631068,0.25899280575539574,0.36262135922330097,0.0,0.0,2018-05-12T02:11:30Z,ls7,qd9v314u1kyr,0.36745535933887546,0.5152737468640858,0.1172708937970387
0.11837837837837839,0.47789189189189185,0.33453237410071945,0.39156756756756755,0.0,0.0,2018-05-19T02:17:35Z,ls7,qd9v314u1kyr,0.3963885088919289,0.48377564979480164,0.11983584131326952
0.12086330935251799,0.45258992805755394,0.0,0.4110431654676259,0.0,0.0,2018-05-20T02:10:11Z,ls8,qd9v314u1kyr,0.4175161679272169,0.4597171982900361,0.1227666337827469
0.4546875000000001,0.31281249999999994,0.8848920863309353,0.22031250000000002,0.0,0.0,2018-05-28T02:11:16Z,ls7,qd9v314u1kyr,0.22303068649161661,0.31667193925972786,0.4602973742486556
,,1.0,,,,2018-06-12T02:16:16Z,ls8,qd9v314u1kyr,,,
0.1708133971291866,0.4032535885167464,0.24820143884892087,0.4117224880382775,0.0,0.0,2018-06-13T02:10:59Z,ls7,qd9v314u1kyr,0.41765762267630924,0.40906664078046884,0.17327573654322187
0.15721893491124259,0.4768639053254438,0.3920863309352518,0.3523668639053254,0.0,0.0,2018-06-20T02:17:02Z,ls7,qd9v314u1kyr,0.3572071261472017,0.48341431227880755,0.15937856157399075
0.38145251396648044,0.3365921787709497,0.35611510791366907,0.26944134078212284,0.0,0.0,2018-06-21T02:10:12Z,ls8,qd9v314u1kyr,0.27285584973976007,0.34085766010409596,0.38628649015614397
,,1.0,,,,2018-06-28T02:16:27Z,ls8,qd9v314u1kyr,,,
0.13120603015075377,0.4642713567839197,0.2841726618705036,0.39150753768844226,0.0,0.0,2018-06-29T02:10:41Z,ls7,qd9v314u1kyr,0.3966702306399878,0.47039356448246017,0.13293620487755203
0.10776223776223777,0.45468531468531476,0.4856115107913669,0.42643356643356645,0.0,0.0,2018-07-06T02:16:43Z,ls7,qd9v314u1kyr,0.4312283431157626,0.45979775121985716,0.10897390566438016
,,1.0,,,,2018-07-07T02:10:21Z,ls8,qd9v314u1kyr,,,
,,1.0,,,,2018-07-15T02:10:22Z,ls7,qd9v314u1kyr,,,
,,1.0,,,,2018-07-23T02:10:27Z,ls8,qd9v314u1kyr,,,
0.15151351351351353,0.42145945945945945,0.33453237410071945,0.41324324324324324,0.0,0.0,2018-07-31T02:10:05Z,ls7,qd9v314u1kyr,0.41901890929021646,0.4273499588928473,0.15363113181693616
,,1.0,,,,2018-08-08T02:10:36Z,ls8,qd9v314u1kyr,,,
,,1.0,,,,2018-08-15T02:16:51Z,ls8,qd9v314u1kyr,,,
0.16534653465346533,0.4592079207920792,0.27338129496402874,0.3564356435643564,0.0049504950495049506,0.0,2018-08-16T02:09:47Z,ls7,qd9v314u1kyr,0.3615440268290051,0.46578922123136823,0.1677162568901218
0.13478494623655915,0.4559139784946236,0.3309352517985612,0.3959139784946237,0.0,0.0,2018-08-23T02:15:50Z,ls7,qd9v314u1kyr,0.40128603345866715,0.46210015802953514,0.13661380851179775
0.15467625899280577,0.43913669064748206,0.0,0.39043165467625895,0.0,0.0,2018-08-24T02:10:44Z,ls8,qd9v314u1kyr,0.39668152912798765,0.4461662159198889,0.15715225495212337
,,1.0,,,,2018-08-31T02:16:58Z,ls8,qd9v314u1kyr,,,
0.1441614906832298,0.3485714285714286,0.42086330935251803,0.2986956521739131,0.08695652173913043,0.11180124223602485,2018-09-01T02:09:28Z,ls7,qd9v314u1kyr,0.30239945950741476,0.3528936924008342,0.14594908411659588
0.14183453237410074,0.46187050359712234,0.0,0.3809712230215827,0.0,0.0,2018-09-09T02:10:50Z,ls8,qd9v314u1kyr,0.3868999780813911,0.4690582304376416,0.14404179148096735
0.15250000000000002,0.4693867924528302,0.237410071942446,0.36297169811320756,0.0,0.0,2018-09-16T02:17:03Z,ls8,qd9v314u1kyr,0.3685521337228794,0.4766032855979693,0.15484458067915133
0.34125,0.3941666666666667,0.9136690647482014,0.2529166666666667,0.0,0.0,2018-09-17T02:09:07Z,ls7,qd9v314u1kyr,0.255902192242833,0.3988195615514334,0.3452782462057335
0.14806666666666668,0.30373333333333336,0.460431654676259,0.23253333333333331,0.13333333333333333,0.17333333333333334,2018-09-24T02:15:08Z,ls7,qd9v314u1kyr,0.235591492125345,0.30772787790225686,0.15001396330573147
0.13359712230215828,0.47190647482014386,0.0,0.3794244604316546,0.0,0.0,2018-09-25T02:10:55Z,ls8,qd9v314u1kyr,0.3852306343815054,0.4791278623863263,0.1356415032321683
,,1.0,,,,2018-10-02T02:17:10Z,ls8,qd9v314u1kyr,,,
,,1.0,,,,2018-10-03T02:08:44Z,ls7,qd9v314u1kyr,,,
0.0,0.0,0.9928057553956835,0.0,0.0,1.0,2018-10-11T02:11:03Z,ls8,qd9v314u1kyr,0.0,0.0,0.0
,,1.0,,,,2018-10-19T02:08:21Z,ls7,qd9v314u1kyr,,,
0.12570552147239264,0.4968098159509203,0.4136690647482014,0.3648466257668712,0.0,0.0,2018-10-26T02:14:23Z,ls7,qd9v314u1kyr,0.3695165900335529,0.5031688828134708,0.12731452715297625
0.13514388489208634,0.4829856115107914,0.0,0.36758992805755397,0.0,0.0,2018-10-27T02:11:08Z,ls8,qd9v314u1kyr,0.372915374229099,0.4899828485932197,0.13710177717768127
,,1.0,,,,2018-11-03T02:17:20Z,ls8,qd9v314u1kyr,,,
0.14145454545454547,0.5019090909090909,0.60431654676259,0.29872727272727273,0.0,0.045454545454545456,2018-11-04T02:08:00Z,ls7,qd9v314u1kyr,0.30267648013474513,0.5085443843042994,0.14332459010641005
0.09050359712230216,0.5024820143884892,0.0,0.37859712230215825,0.0,0.014388489208633094,2018-11-12T02:11:10Z,ls8,qd9v314u1kyr,0.38406372273525125,0.5097374007495226,0.09181038730659309
,,1.0,,,,2018-11-19T02:17:21Z,ls8,qd9v314u1kyr,,,
0.12935064935064935,0.5170995670995671,0.1690647482014388,0.3400865800865801,0.0,0.0,2018-11-20T02:07:38Z,ls7,qd9v314u1kyr,0.34472771951380055,0.5241563912413884,0.1311158892448111
0.1268108108108108,0.5075135135135136,0.33453237410071945,0.3523783783783784,0.0,0.0,2018-11-27T02:13:38Z,ls7,qd9v314u1kyr,0.3571272049961652,0.5143530185164896,0.12851977648734522
0.10107913669064748,0.5360071942446044,0.0,0.3488489208633093,0.0,0.0,2018-11-28T02:11:10Z,ls8,qd9v314u1kyr,0.35382538582217515,0.5436535444562006,0.10252106972162428
,,1.0,,,,2018-12-05T02:17:19Z,ls8,qd9v314u1kyr,,,
0.1027906976744186,0.5411046511627906,0.38129496402877694,0.34360465116279076,0.0,0.0,2018-12-13T02:13:12Z,ls7,qd9v314u1kyr,0.3479540771268767,0.5479540771268765,0.10409184574624668
0.08967625899280576,0.5676618705035972,0.0,0.3294964028776978,0.0,0.0,2018-12-14T02:11:06Z,ls8,qd9v314u1kyr,0.3338922504920901,0.5752351097178684,0.09087263979004155
0.08647482014388488,0.5592805755395683,0.0,0.34071942446043163,0.0,0.0,2018-12-21T02:17:18Z,ls8,qd9v314u1kyr,0.3453908984830805,0.566948658109685,0.08766044340723454
0.11631578947368419,0.5686842105263158,0.5899280575539568,0.302280701754386,0.0,0.0,2018-12-22T02:06:46Z,ls7,qd9v314u1kyr,0.30617503331852514,0.5760106619280321,0.1178143047534429
0.10472602739726028,0.5339041095890411,0.47482014388489213,0.34876712328767123,0.0,0.0,2018-12-29T02:12:44Z,ls7,qd9v314u1kyr,0.3532186459489456,0.5407186459489456,0.10606270810210877
0.07881294964028777,0.5764748201438848,0.0,0.33172661870503595,0.0,0.0,2018-12-30T02:11:07Z,ls8,qd9v314u1kyr,0.3360909654141915,0.5840591858303874,0.07984984875542113
0.10402877697841727,0.5431294964028777,0.0,0.3396043165467626,0.0,0.0,2019-01-06T02:17:17Z,ls8,qd9v314u1kyr,0.34416010498687666,0.5504155730533683,0.10542432195975503
0.09693877551020408,0.5729081632653061,0.29496402877697847,0.3185204081632653,0.0,0.0,2019-01-07T02:06:17Z,ls7,qd9v314u1kyr,0.32226925459425976,0.579651042742102,0.09807970266363825
0.1002054794520548,0.5854794520547946,0.47482014388489213,0.3027397260273973,0.0,0.0,2019-01-14T02:12:14Z,ls7,qd9v314u1kyr,0.3062850807289862,0.592335943455062,0.10137897581595176
0.08115107913669066,0.5727697841726619,0.0,0.33298561151079137,0.0,0.0,2019-01-15T02:11:05Z,ls8,qd9v314u1kyr,0.33740341157603154,0.5803688584341742,0.08222772998979445
0.10558035714285716,0.5677232142857144,0.19424460431654678,0.3145982142857143,0.0,0.0,2019-01-23T02:05:46Z,ls7,qd9v314u1kyr,0.31845090153192634,0.5746757648334764,0.10687333363459713
0.08304054054054055,0.5948648648648649,0.4676258992805755,0.3093918918918918,0.0,0.0,2019-01-30T02:11:43Z,ls7,qd9v314u1kyr,0.3133725704900081,0.6025184779633178,0.08410895154667397
0.08920863309352518,0.5619424460431655,0.0,0.3361870503597122,0.0,0.0,2019-01-31T02:11:01Z,ls8,qd9v314u1kyr,0.34049839696881373,0.5691489361702128,0.09035266686097349
0.0896043165467626,0.5351438848920864,0.0,0.362589928057554,0.0,0.0,2019-02-07T02:17:11Z,ls8,qd9v314u1kyr,0.3672398717575051,0.5420067035849607,0.09075342465753425
0.07920792079207921,0.5918316831683168,0.27338129496402874,0.31712871287128713,0.0,0.0,2019-02-08T02:05:17Z,ls7,qd9v314u1kyr,0.32092580532037474,0.5989178898852763,0.08015630479434899
0.12473404255319151,0.5473936170212766,0.3237410071942446,0.3152127659574468,0.0,0.0,2019-02-15T02:11:15Z,ls7,qd9v314u1kyr,0.3192543906906583,0.5544122400603384,0.12633336924900335
,,1.0,,,,2019-02-16T02:10:59Z,ls8,qd9v314u1kyr,,,
0.11230215827338129,0.5056115107913669,0.0,0.3701798561151079,0.0,0.0,2019-02-23T02:17:08Z,ls8,qd9v314u1kyr,0.37464050384069314,0.5117041028068005,0.11365539335250646
0.11033175355450238,0.5612796208530806,0.24100719424460426,0.3158293838862559,0.0,0.0,2019-02-24T02:04:48Z,ls7,qd9v314u1kyr,0.319846412287017,0.5684185265178785,0.11173506119510439
0.1162237762237762,0.5390909090909091,0.4856115107913669,0.3332867132867133,0.0,0.0,2019-03-03T02:10:45Z,ls7,qd9v314u1kyr,0.33712951828535054,0.5453066421447267,0.11756383956992289
,,1.0,,,,2019-03-04T02:10:54Z,ls8,qd9v314u1kyr,,,
0.08967625899280575,0.5410071942446043,0.0,0.3565107913669065,0.0,0.0,2019-03-11T02:17:02Z,ls8,qd9v314u1kyr,0.3611354030024778,0.5480250692318904,0.09083952776563183
0.12600000000000003,0.5446399999999999,0.5503597122302158,0.3169599999999999,0.0,0.0,2019-03-12T02:04:17Z,ls7,qd9v314u1kyr,0.32093965168084243,0.551478331308222,0.12758201701093566
0.08383928571428571,0.5870535714285714,0.5971223021582734,0.316875,0.0,0.0,2019-03-19T02:10:14Z,ls7,qd9v314u1kyr,0.32079905992949476,0.5943234204103769,0.08487751966012835
0.049679999999999995,0.6593600000000002,0.5503597122302158,0.2416,0.0,0.04,2019-03-20T02:10:49Z,ls8,qd9v314u1kyr,0.2439787932340318,0.665852057561222,0.05016914920474626
0.10287769784172662,0.5494244604316547,0.0,0.334820143884892,0.0,0.0,2019-03-27T02:16:59Z,ls8,qd9v314u1kyr,0.33918810582319064,0.5565920851249909,0.1042198090518184
,,1.0,,,,2019-03-28T02:03:45Z,ls7,qd9v314u1kyr,,,
0.11762589928057553,0.5066187050359712,0.0,0.3613669064748201,0.0,0.0,2019-04-05T02:10:46Z,ls8,qd9v314u1kyr,0.36664233576642336,0.514014598540146,0.11934306569343064
0.10514388489208631,0.5364028776978418,0.0,0.345,0.0,0.0,2019-04-12T02:16:54Z,ls8,qd9v314u1kyr,0.34970465981185733,0.5437176401954351,0.10657769999270764
0.048458149779735685,0.34651982378854623,0.1834532374100719,0.23594713656387667,0.048458149779735685,0.31277533039647576,2019-04-13T02:03:12Z,ls7,qd9v314u1kyr,0.2388795894551188,0.3508265217800531,0.049060408588616634
0.1198201438848921,0.4878057553956835,0.0,0.37780575539568345,0.0,0.0,2019-04-21T02:10:39Z,ls8,qd9v314u1kyr,0.3833911297682059,0.49501733893046185,0.12159153130133238
,,1.0,,,,2019-04-28T02:16:49Z,ls8,qd9v314u1kyr,,,
0.11571942446043167,0.48352517985611515,0.0,0.38633093525179857,0.0,0.0,2019-05-07T02:10:43Z,ls8,qd9v314u1kyr,0.3919851089455819,0.4906018467827293,0.11741304427168875
,,1.0,,,,2019-05-14T02:16:59Z,ls8,qd9v314u1kyr,,,
0.11227777777777778,0.49877777777777776,0.3525179856115108,0.3774444444444444,0.0,0.0,2019-05-15T02:01:59Z,ls7,qd9v314u1kyr,0.3818355533074804,0.5045804529871297,0.11358399370538975
0.12836257309941523,0.5057894736842105,0.3848920863309353,0.35403508771929826,0.0,0.0,2019-05-22T02:07:53Z,ls7,qd9v314u1kyr,0.3582672505621967,0.5118357202035744,0.12989702923422894
,,1.0,,,,2019-05-23T02:10:53Z,ls8,qd9v314u1kyr,,,
,,1.0,,,,2019-05-30T02:17:08Z,ls8,qd9v314u1kyr,,,
,,1.0,,,,2019-05-31T02:01:24Z,ls7,qd9v314u1kyr,,,
0.5506896551724138,0.20275862068965517,0.89568345323741,0.23413793103448277,0.0,0.0,2019-06-08T02:11:01Z,ls8,qd9v314u1kyr,0.23708100558659218,0.2053072625698324,0.5576117318435754
,,1.0,,,,2019-06-15T02:17:15Z,ls8,qd9v314u1kyr,,,
,,1.0,,,,2019-06-24T02:11:07Z,ls8,qd9v314u1kyr,,,
0.14163461538461536,0.44639423076923074,0.2517985611510791,0.39961538461538465,0.0,0.0,2019-07-02T02:00:13Z,ls7,qd9v314u1kyr,0.4046147106070194,0.4519787762254782,0.14340651316750228
0.09713114754098362,0.30598360655737705,0.5611510791366907,0.2774590163934426,0.06557377049180328,0.2459016393442623,2019-07-09T02:06:08Z,ls7,qd9v314u1kyr,0.28070043811934464,0.30955826750354903,0.0982658845410409
,,1.0,,,,2019-07-10T02:11:10Z,ls8,qd9v314u1kyr,,,
,,1.0,,,,2019-07-17T02:17:22Z,ls8,qd9v314u1kyr,,,
0.12442786069651744,0.4769651741293532,0.2769784172661871,0.38587064676616917,0.0,0.0,2019-07-18T01:59:36Z,ls7,qd9v314u1kyr,0.390848619229994,0.48311832291876633,0.1260330578512397
0.4009302325581396,0.303953488372093,0.6906474820143884,0.28325581395348837,0.0,0.0,2019-07-26T02:11:15Z,ls8,qd9v314u1kyr,0.28665568369028005,0.3076017886561544,0.40574252765356555
,,1.0,,,,2019-08-02T02:17:29Z,ls8,qd9v314u1kyr,,,
0.5047692307692309,0.22384615384615383,0.7661870503597122,0.2612307692307692,0.0,0.0,2019-08-03T01:58:57Z,ls7,qd9v314u1kyr,0.26391047559838354,0.2261423686664594,0.509947155735157
0.15594736842105264,0.4675263157894737,0.3165467625899281,0.3633684210526316,0.0,0.0,2019-08-10T02:04:51Z,ls7,qd9v314u1kyr,0.36821333333333334,0.47375999999999996,0.15802666666666668
0.14733812949640288,0.47003597122302154,0.0,0.36737410071942445,0.0,0.0,2019-08-11T02:11:21Z,ls8,qd9v314u1kyr,0.37306399766218584,0.47731589713617767,0.14962010520163646
,,1.0,,,,2019-08-18T02:17:34Z,ls8,qd9v314u1kyr,,,
0.1633482142857143,0.48084821428571434,0.19424460431654678,0.3429910714285714,0.0,0.0,2019-08-19T01:58:17Z,ls7,qd9v314u1kyr,0.34744268077601403,0.4870890426445982,0.1654682765793877
0.1617894736842105,0.4814210526315789,0.3165467625899281,0.34457894736842104,0.0,0.0,2019-08-26T02:04:10Z,ls7,qd9v314u1kyr,0.3488384484228474,0.48737212276214836,0.16378942881500427
0.15017985611510792,0.47974820143884894,0.0,0.3548561151079137,0.0,0.0,2019-08-27T02:11:25Z,ls8,qd9v314u1kyr,0.36033897066880954,0.48716075537860243,0.15250027395258792
0.1394857142857143,0.4989714285714285,0.3705035971223022,0.34702857142857146,0.0,0.0,2019-09-03T02:17:37Z,ls8,qd9v314u1kyr,0.3521396265800766,0.5063203061579497,0.1415400672619738
,,1.0,,,,2019-09-04T01:57:36Z,ls7,qd9v314u1kyr,,,
0.12208633093525179,0.519208633093525,0.0,0.3441007194244604,0.0,0.0,2019-09-12T02:11:30Z,ls8,qd9v314u1kyr,0.3492005548660291,0.5269037015404833,0.12389574359348764
,,1.0,,,,2019-09-20T01:56:54Z,ls7,qd9v314u1kyr,,,
0.15158730158730158,0.5263492063492063,0.32014388489208634,0.30973544973544975,0.0,0.0,2019-09-27T02:02:46Z,ls7,qd9v314u1kyr,0.31360154282959235,0.5329190550168746,0.15347940215353295
0.1073021582733813,0.5334892086330936,0.0,0.3171223021582734,0.0,0.02877697841726619,2019-09-28T02:11:35Z,ls8,qd9v314u1kyr,0.3215284325299805,0.5409015633906693,0.10879302566208392
,,1.0,,,,2019-10-05T02:17:47Z,ls8,qd9v314u1kyr,,,
0.10988095238095238,0.5427380952380952,0.39568345323741005,0.2883928571428572,0.017857142857142856,0.02976190476190476,2019-10-06T01:56:13Z,ls7,qd9v314u1kyr,0.2918771405076674,0.5492953079770715,0.11120850389621341
,,1.0,,,,2019-10-14T02:11:38Z,ls8,qd9v314u1kyr,,,
,,1.0,,,,2019-10-21T02:17:49Z,ls8,qd9v314u1kyr,,,
0.11041884816753926,0.5881151832460733,0.31294964028776984,0.2894240837696335,0.0,0.0,2019-10-22T01:55:33Z,ls7,qd9v314u1kyr,0.29295177530471656,0.5952835188129306,0.11176470588235295
,,1.0,,,,2019-10-29T02:01:25Z,ls7,qd9v314u1kyr,,,
0.10155737704918033,0.5943032786885245,0.12230215827338131,0.29127049180327874,0.0,0.0,2019-10-30T02:11:38Z,ls8,qd9v314u1kyr,0.2950676741675663,0.6020509839740928,0.10288134185834096
,,1.0,,,,2019-11-06T02:17:48Z,ls8,qd9v314u1kyr,,,
0.11360655737704918,0.5776502732240437,0.34172661870503596,0.2973224043715847,0.0,0.0,2019-11-07T01:54:50Z,ls7,qd9v314u1kyr,0.30075728262672047,0.584323696865845,0.11491902050743465
0.1305714285714286,0.5822857142857143,0.49640287769784175,0.2750714285714286,0.0,0.0,2019-11-14T02:00:42Z,ls7,qd9v314u1kyr,0.27843250668787506,0.5894006217916274,0.13216687152049744
0.11568345323741006,0.5939928057553957,0.0,0.27766187050359714,0.0,0.0,2019-11-15T02:11:35Z,ls8,qd9v314u1kyr,0.28122267560478,0.6016103176916351,0.11716700670358494
0.12875,0.5792592592592594,0.2230215827338129,0.279675925925926,0.0,0.0,2019-11-23T01:54:06Z,ls7,qd9v314u1kyr,0.28316302615543265,0.586481672447736,0.13035530139683132
0.1339896373056995,0.5668911917098446,0.3057553956834532,0.286580310880829,0.0,0.0,2019-11-30T01:59:56Z,ls7,qd9v314u1kyr,0.2902193304648966,0.5740896211564698,0.13569104837863366
0.11129496402877698,0.5950000000000001,0.0,0.28082733812949645,0.0,0.0,2019-12-01T02:11:33Z,ls8,qd9v314u1kyr,0.2844909263173238,0.6027621893447999,0.11274688433787622
0.06309803921568627,0.6263529411764707,0.08273381294964033,0.29854901960784314,0.0,0.0,2019-12-08T02:17:44Z,ls8,qd9v314u1kyr,0.30217512106056993,0.6339604667778043,0.06386441216162578
0.11941176470588236,0.5861764705882353,0.26618705035971224,0.2817647058823529,0.0,0.0,2019-12-09T01:53:19Z,ls7,qd9v314u1kyr,0.2853738456955615,0.5936848376526661,0.12094131665177242
0.09984536082474227,0.6358247422680413,0.302158273381295,0.2527835051546392,0.0,0.0,2019-12-16T01:59:09Z,ls7,qd9v314u1kyr,0.25573633708802673,0.6432519816437213,0.10101168126825197
0.08233812949640287,0.6349280575539568,0.0,0.27075539568345325,0.0,0.0,2019-12-17T02:11:32Z,ls8,qd9v314u1kyr,0.2740379364328103,0.6426256962900935,0.08333636727709615
0.10431654676258993,0.5934532374100719,0.0,0.2886690647482014,0.0,0.0,2019-12-24T02:17:41Z,ls8,qd9v314u1kyr,0.292637567005798,0.6016117857273092,0.10575064726689276
0.1740119760479042,0.607005988023952,0.3992805755395683,0.20658682634730538,0.0,0.0,2019-12-25T01:52:30Z,ls7,qd9v314u1kyr,0.20917965197356456,0.6146243861031953,0.1761959619232402
0.10620689655172413,0.6066896551724138,0.4784172661870504,0.27586206896551724,0.0,0.0,2020-01-01T01:58:19Z,ls7,qd9v314u1kyr,0.2789983957592244,0.6135872218734743,0.10741438236730139
0.09147482014388489,0.6111870503597122,0.0,0.2853956834532374,0.0,0.0,2020-01-02T02:11:27Z,ls8,qd9v314u1kyr,0.2888452016892384,0.6185743410514053,0.09258045725935635
0.09701438848920863,0.5988489208633093,0.0,0.29147482014388487,0.0,0.0,2020-01-09T02:17:37Z,ls8,qd9v314u1kyr,0.2952127659574468,0.6065287088312445,0.09825852521130865
0.11340314136125657,0.6019371727748691,0.31294964028776984,0.27272251308900525,0.0,0.0,2020-01-10T01:51:40Z,ls7,qd9v314u1kyr,0.27601738024586686,0.6092094107672742,0.11477320898685885
0.09082901554404145,0.597979274611399,0.3057553956834532,0.299119170984456,0.0,0.0,2020-01-17T01:57:30Z,ls7,qd9v314u1kyr,0.30277442702050666,0.6052866208632716,0.09193895211622173
0.08482014388489209,0.613201438848921,0.0,0.2894244604316547,0.0,0.0,2020-01-18T02:11:24Z,ls8,qd9v314u1kyr,0.29310407635423114,0.620997413573276,0.0858985100724928
0.0983453237410072,0.6014028776978417,0.0,0.28802158273381295,0.0,0.0,2020-01-25T02:17:33Z,ls8,qd9v314u1kyr,0.29158776402039327,0.6088492352512745,0.09956300072833212
0.10301310043668124,0.5906113537117904,0.1762589928057554,0.2947161572052402,0.0,0.0,2020-01-26T01:50:53Z,ls7,qd9v314u1kyr,0.2981929041664826,0.5975787566827199,0.10422833915079752
0.12627906976744185,0.5677906976744186,0.38129496402877694,0.29424418604651165,0.0,0.0,2020-02-02T01:56:43Z,ls7,qd9v314u1kyr,0.2977233954938526,0.5745043826107419,0.1277722218954056
0.09636690647482016,0.6099640287769784,0.0,0.28104316546762587,0.0,0.0,2020-02-03T02:11:19Z,ls8,qd9v314u1kyr,0.2846369630951947,0.6177638529636781,0.0975991839411272
0.10816546762589928,0.5784172661870504,0.0,0.3011151079136691,0.0,0.0,2020-02-10T02:17:28Z,ls8,qd9v314u1kyr,0.30486561293612063,0.5856216767426615,0.10951271032121784
,,1.0,,,,2020-02-11T01:50:04Z,ls7,qd9v314u1kyr,,,
0.5631216931216931,0.24423280423280422,0.32014388489208634,0.19095238095238093,0.0,0.0,2020-02-18T01:55:53Z,ls7,qd9v314u1kyr,0.1912762348950604,0.24464702141191436,0.5640767436930253
0.07285714285714286,0.6771428571428572,0.9748201438848921,0.23857142857142857,0.0,0.0,2020-02-19T02:11:15Z,ls8,qd9v314u1kyr,0.24132947976878613,0.684971098265896,0.07369942196531792
,,1.0,,,,2020-03-05T01:55:02Z,ls7,qd9v314u1kyr,,,
,,1.0,,,,2020-03-06T02:11:10Z,ls8,qd9v314u1kyr,,,
,,1.0,,,,2020-03-14T01:48:22Z,ls7,qd9v314u1kyr,,,
0.12630208333333334,0.5372916666666668,0.3093525179856115,0.3253125,0.0,0.0,2020-03-21T01:54:09Z,ls7,qd9v314u1kyr,0.32896192131458357,0.5433191130773688,0.1277189656080476
0.10935251798561152,0.5435971223021583,0.0,0.33449640287769783,0.0,0.0,2020-03-22T02:11:02Z,ls8,qd9v314u1kyr,0.33874904375068304,0.5505081782084442,0.11074277804087285
0.027484662576687118,0.41312883435582826,0.4136690647482014,0.1177914110429448,0.0,0.43558282208588955,2020-03-29T02:17:09Z,ls8,qd9v314u1kyr,0.11905965519612087,0.41757693650556144,0.0277805862124282
0.11044198895027624,0.5530386740331492,0.34892086330935257,0.32552486187845303,0.0,0.0,2020-03-30T01:47:28Z,ls7,qd9v314u1kyr,0.32914362326127033,0.5591866376180102,0.11166973912071951
0.1201639344262295,0.5209836065573771,0.34172661870503596,0.3490710382513661,0.0,0.0,2020-04-06T01:53:15Z,ls7,qd9v314u1kyr,0.35251917664588045,0.5261299045306551,0.12135091882346448
0.10726618705035972,0.545431654676259,0.0,0.3341726618705036,0.0,0.0,2020-04-07T02:10:53Z,ls8,qd9v314u1kyr,0.33861855294332055,0.5526881720430107,0.10869327501366867
0.5356521739130435,0.27295652173913043,0.5863309352517986,0.1801739130434783,0.0,0.0,2020-04-15T01:46:33Z,ls7,qd9v314u1kyr,0.18221792278603466,0.27605311757980827,0.5417289596341571
0.12074829931972789,0.5285034013605442,0.47122302158273377,0.3386394557823129,0.0,0.0,2020-04-22T01:52:19Z,ls7,qd9v314u1kyr,0.3427902492769591,0.5349814075196254,0.12222834320341551
,,1.0,,,,2020-04-23T02:10:47Z,ls8,qd9v314u1kyr,,,
,,1.0,,,,2020-04-30T02:16:54Z,ls8,qd9v314u1kyr,,,
0.1332972972972973,0.5206486486486486,0.33453237410071945,0.3348648648648649,0.0,0.0,2020-05-01T01:45:36Z,ls7,qd9v314u1kyr,0.3386541299950801,0.5265402066364182,0.13480566336850164
0.12384615384615384,0.4837869822485207,0.3920863309352518,0.37917159763313607,0.0,0.0,2020-05-08T01:51:22Z,ls7,qd9v314u1kyr,0.3842417701025364,0.49025604125442224,0.1255021886430413
,,1.0,,,,2020-05-09T02:10:38Z,ls8,qd9v314u1kyr,,,
,,1.0,,,,2020-05-16T02:16:50Z,ls8,qd9v314u1kyr,,,
0.246,0.4789999999999999,0.9640287769784173,0.266,0.0,0.0,2020-05-17T01:44:38Z,ls7,qd9v314u1kyr,0.2684157416750757,0.48335015136226034,0.24823410696266401
,,1.0,,,,2020-05-25T02:10:41Z,ls8,qd9v314u1kyr,,,
,,1.0,,,,2020-06-01T02:16:55Z,ls8,qd9v314u1kyr,,,
,,1.0,,,,2020-06-02T01:43:40Z,ls7,qd9v314u1kyr,,,
0.14418604651162792,0.48122093023255813,0.38129496402877694,0.36383720930232555,0.0,0.0,2020-06-09T01:49:27Z,ls7,qd9v314u1kyr,0.3677931237143696,0.48645312959153686,0.14575374669409347
,,1.0,,,,2020-06-10T02:10:50Z,ls8,qd9v314u1kyr,,,
0.24285714285714288,0.4657142857142857,0.8992805755395683,0.28035714285714286,0.0,0.0,2020-06-18T01:42:44Z,ls7,qd9v314u1kyr,0.2834958468761286,0.4709281328999639,0.2455760202239076
0.11356164383561643,0.5063013698630137,0.7374100719424461,0.36835616438356167,0.0,0.0,2020-06-25T01:48:30Z,ls7,qd9v314u1kyr,0.3727474355420017,0.5123371222622678,0.11491544219573052
0.14097122302158271,0.4891726618705036,0.0,0.355251798561151,0.0,0.0,2020-06-26T02:10:59Z,ls8,qd9v314u1kyr,0.3605169015112798,0.4964225742863401,0.14306052420238008
,,1.0,,,,2020-07-03T02:17:13Z,ls8,qd9v314u1kyr,,,
0.13150537634408602,0.47569892473118275,0.3309352517985612,0.3796236559139785,0.0,0.0,2020-07-04T01:41:47Z,ls7,qd9v314u1kyr,0.38469081994007087,0.48204848815036777,0.13326069190956144
0.13218309859154928,0.47556338028169015,0.48920863309352514,0.3858450704225352,0.0,0.0,2020-07-11T01:47:32Z,ls7,qd9v314u1kyr,0.38833368771706,0.478630661280034,0.13303565100290593
0.14895683453237413,0.47820143884892086,0.0,0.35888489208633095,0.0,0.0,2020-07-12T02:11:05Z,ls8,qd9v314u1kyr,0.36396468699839485,0.48497008609368153,0.15106522690792354
,,1.0,,,,2020-07-19T02:17:19Z,ls8,qd9v314u1kyr,,,
0.14353846153846156,0.49451282051282053,0.2985611510791367,0.3502564102564103,0.0,0.0,2020-07-20T01:40:49Z,ls7,qd9v314u1kyr,0.3544001660440017,0.5003632212536322,0.14523661270236615
0.13309278350515463,0.47592783505154646,0.302158273381295,0.3833505154639176,0.0,0.0,2020-07-27T01:46:33Z,ls7,qd9v314u1kyr,0.38629752752960733,0.47958653646374405,0.13411593600664865
,,1.0,,,,2020-07-28T02:11:10Z,ls8,qd9v314u1kyr,,,
0.3385714285714286,0.3907142857142857,0.9496402877697842,0.25357142857142856,0.0,0.0,2020-08-04T02:17:23Z,ls8,qd9v314u1kyr,0.2579941860465116,0.39752906976744184,0.3444767441860465
0.16427927927927927,0.45351351351351354,0.20143884892086328,0.3688288288288288,0.0,0.0,2020-08-05T01:39:49Z,ls7,qd9v314u1kyr,0.3738300689403277,0.4596630598548144,0.16650687120485774
0.13679856115107913,0.49607913669064746,0.0,0.3519424460431655,0.0,0.0,2020-08-13T02:11:14Z,ls8,qd9v314u1kyr,0.357367229162101,0.5037256191102345,0.13890715172766455
0.15474025974025976,0.48766233766233763,0.4460431654676259,0.3425324675324675,0.0,0.0,2020-08-20T02:17:29Z,ls8,qd9v314u1kyr,0.34777162447257387,0.49512130801687765,0.15710706751054856
,,1.0,,,,2020-08-21T01:38:48Z,ls7,qd9v314u1kyr,,,
0.14783333333333332,0.49644444444444447,0.3525179856115108,0.3433333333333333,0.0,0.0,2020-08-28T01:44:31Z,ls7,qd9v314u1kyr,0.3476402092591551,0.5026719918996457,0.14968779884119932
,,1.0,,,,2020-08-29T02:11:22Z,ls8,qd9v314u1kyr,,,
,,1.0,,,,2020-09-05T02:17:36Z,ls8,qd9v314u1kyr,,,
0.1413333333333333,0.508051282051282,0.2985611510791367,0.33820512820512816,0.0,0.0,2020-09-22T01:36:41Z,ls7,qd9v314u1kyr,0.3424550836016201,0.5144355592481047,0.1431093571502752
0.10021621621621624,0.5497297297297297,0.33453237410071945,0.3375675675675675,0.0,0.0,2020-09-30T02:11:33Z,ls8,qd9v314u1kyr,0.3418358968744868,0.5566807159669385,0.10148338715857466
,,1.0,,,,2020-10-07T02:17:45Z,ls8,qd9v314u1kyr,,,
0.18777777777777782,0.4787373737373737,0.28776978417266186,0.32171717171717173,0.0,0.0,2020-10-08T01:35:40Z,ls7,qd9v314u1kyr,0.3255481167271427,0.4844380845300761,0.19001379874278126
,,1.0,,,,2020-10-16T02:11:34Z,ls8,qd9v314u1kyr,,,
,,1.0,,,,2020-10-23T02:17:45Z,ls8,qd9v314u1kyr,,,
0.12916666666666668,0.5291666666666667,0.2230215827338129,0.32962962962962955,0.0,0.0,2020-10-24T01:34:38Z,ls7,qd9v314u1kyr,0.3336457357075913,0.5356138706654171,0.13074039362699158
,,1.0,,,,2020-11-09T01:33:33Z,ls7,qd9v314u1kyr,,,
0.1358695652173913,0.5367934782608696,0.3381294964028777,0.3151630434782609,0.0,0.0,2020-11-16T01:39:15Z,ls7,qd9v314u1kyr,0.31904709507042256,0.5434088908450705,0.13754401408450703
,,1.0,,,,2020-11-17T02:11:32Z,ls8,qd9v314u1kyr,,,
0.13183673469387758,0.5464897959183673,0.11870503597122306,0.30848979591836734,0.0,0.0,2020-11-24T02:17:45Z,ls8,qd9v314u1kyr,0.3126111593663399,0.5537907929023452,0.13359804773131492
0.1371806167400881,0.5247136563876651,0.1834532374100719,0.3255066079295154,0.0,0.0,2020-11-25T01:32:26Z,ls7,qd9v314u1kyr,0.32966003390737936,0.531408940840546,0.1389310252520746
0.15335294117647058,0.5313529411764707,0.38848920863309355,0.302764705882353,0.0,0.0,2020-12-02T01:38:06Z,ls7,qd9v314u1kyr,0.30660630249597903,0.5380949544290226,0.1552987430749985
0.126726618705036,0.5522302158273381,0.0,0.307158273381295,0.0,0.0,2020-12-03T02:11:35Z,ls8,qd9v314u1kyr,0.3114831837747137,0.5600058364339389,0.1285109797913475
0.08825842696629213,0.5994943820224719,0.3597122302158273,0.29971910112359545,0.0,0.0,2020-12-11T01:31:15Z,ls7,qd9v314u1kyr,0.3035216476076691,0.607100187745349,0.08937816464698185
0.11275167785234898,0.55248322147651,0.46402877697841727,0.32308724832214764,0.0,0.0,2020-12-18T01:36:54Z,ls7,qd9v314u1kyr,0.32690479424147767,0.5590112725791118,0.11408393317941057
0.09816546762589928,0.5933453237410072,0.0,0.29568345323741,0.0,0.0,2020-12-19T02:11:35Z,ls8,qd9v314u1kyr,0.29951902055094004,0.6010421221396298,0.09943885730943011
,,1.0,,,,2020-12-26T02:17:44Z,ls8,qd9v314u1kyr,,,
0.12850961538461536,0.5543750000000001,0.2517985611510791,0.30490384615384614,0.0,0.0,2020-12-27T01:30:04Z,ls7,qd9v314u1kyr,0.30867322106492745,0.5612284629611604,0.13009831597391217
0.10864864864864864,0.5826351351351352,0.4676258992805755,0.29655405405405405,0.0,0.0,2021-01-03T01:35:46Z,ls7,qd9v314u1kyr,0.30020519835841314,0.5898084815321478,0.10998632010943911
0.05876344086021505,0.5343548387096774,0.3309352517985612,0.22,0.0,0.1774193548387097,2021-01-04T02:11:30Z,ls8,qd9v314u1kyr,0.2225601692673896,0.5405731970548839,0.05944727883901682
0.12589928057553956,0.5611151079136691,0.0,0.2995323741007195,0.0,0.0,2021-01-11T02:17:38Z,ls8,qd9v314u1kyr,0.3036170057609568,0.5687668635601255,0.1276161306789178
0.24687861271676306,0.4760693641618497,0.3776978417266187,0.2674566473988439,0.0,0.0,2021-01-12T01:28:57Z,ls7,qd9v314u1kyr,0.27004785805999765,0.4806816855375277,0.24927045640247467
0.04888,0.6406400000000001,0.5503597122302158,0.29936,0.0,0.0,2021-01-20T02:11:23Z,ls8,qd9v314u1kyr,0.30272631664104843,0.6478440255642747,0.0494296577946768
0.06842105263157895,0.6726315789473685,0.9316546762589928,0.24684210526315786,0.0,0.0,2021-01-27T02:17:33Z,ls8,qd9v314u1kyr,0.2498668087373468,0.6808737346830048,0.06925945657964838
0.12004950495049503,0.5371782178217821,0.27338129496402874,0.33079207920792075,0.0,0.0,2021-01-28T01:27:48Z,ls7,qd9v314u1kyr,0.3348030864816114,0.5436917526806293,0.1215051608377593
0.11612244897959184,0.5278231292517007,0.47122302158273377,0.34442176870748303,0.0,0.0,2021-02-04T01:33:28Z,ls7,qd9v314u1kyr,0.34847546286736875,0.5340353775208205,0.11748915961181088
,,1.0,,,,2021-02-05T02:11:21Z,ls8,qd9v314u1kyr,,,
0.1315107913669065,0.503956834532374,0.0,0.3521223021582734,0.0,0.0,2021-02-12T02:17:31Z,ls8,qd9v314u1kyr,0.35654707703514843,0.5102895647423056,0.133163358222546
,,1.0,,,,2021-02-13T01:26:37Z,ls7,qd9v314u1kyr,,,
0.1267065868263473,0.5204790419161677,0.3992805755395683,0.341437125748503,0.0,0.0,2021-02-20T01:32:16Z,ls7,qd9v314u1kyr,0.345366444579043,0.5264688067837674,0.12816474863718957
0.11575539568345324,0.5333453237410072,0.0,0.3374460431654676,0.0,0.0,2021-02-21T02:11:17Z,ls8,qd9v314u1kyr,0.3420476919711223,0.5406183913075183,0.11733391672135929
0.12532374100719426,0.4993525179856115,0.0,0.36291366906474826,0.0,0.0,2021-02-28T02:17:25Z,ls8,qd9v314u1kyr,0.36747404844290665,0.5056273902749954,0.126898561282098
0.12321951219512196,0.5035121951219513,0.262589928057554,0.36009756097560974,0.0,0.0,2021-03-01T01:25:24Z,ls7,qd9v314u1kyr,0.36490360850222436,0.5102323282254079,0.12486406327236776
0.108,0.4971176470588235,0.38848920863309355,0.3851176470588235,0.0,0.0,2021-03-08T01:31:02Z,ls7,qd9v314u1kyr,0.38891529048354523,0.5020197219912083,0.10906498752524653
0.12197841726618704,0.5246762589928058,0.0,0.3403956834532374,0.0,0.0,2021-03-09T02:11:09Z,ls8,qd9v314u1kyr,0.34486151603498544,0.5315597667638484,0.12357871720116617
,,1.0,,,,2021-03-16T02:17:15Z,ls8,qd9v314u1kyr,,,
0.09635467980295567,0.5163054187192119,0.2697841726618705,0.3759113300492611,0.0,0.0,2021-03-17T01:24:08Z,ls7,qd9v314u1kyr,0.3802571257723739,0.5222742674905323,0.09746860673709389
0.11137566137566136,0.4937566137566138,0.32014388489208634,0.38492063492063494,0.0,0.0,2021-03-24T01:29:46Z,ls7,qd9v314u1kyr,0.38878794356562635,0.4987174005985464,0.11249465583582727
,,1.0,,,,2021-03-25T02:11:02Z,ls8,qd9v314u1kyr,,,
0.1133453237410072,0.5282014388489209,0.0,0.34528776978417264,0.0,0.0,2021-04-01T02:17:12Z,ls8,qd9v314u1kyr,0.34989429175475684,0.5352482321207261,0.11485747612451702
0.09974489795918368,0.5049489795918367,0.29496402877697847,0.3833163265306122,0.0,0.0,2021-04-02T01:22:51Z,ls7,qd9v314u1kyr,0.3879679834753421,0.5110766847405113,0.10095533178414667
0.11294478527607361,0.5206748466257669,0.4136690647482014,0.35521472392638037,0.0,0.0,2021-04-09T01:28:27Z,ls7,qd9v314u1kyr,0.35922571038590395,0.5265541630475246,0.11422012656657153
,,1.0,,,,2021-04-10T02:10:58Z,ls8,qd9v314u1kyr,,,
,,1.0,,,,2021-04-17T02:17:06Z,ls8,qd9v314u1kyr,,,
0.08701657458563536,0.4895027624309392,0.34892086330935257,0.41198895027624316,0.0,0.0,2021-04-18T01:21:31Z,ls7,qd9v314u1kyr,0.4167784484685893,0.4951933825173261,0.0880281690140845
0.12835714285714286,0.49264285714285716,0.49640287769784175,0.36714285714285716,0.0,0.0,2021-04-25T01:27:06Z,ls7,qd9v314u1kyr,0.3715483591152234,0.4985542865404077,0.12989735434436894
0.11471223021582734,0.5041007194244603,0.0,0.36812949640287773,0.0,0.0,2021-04-26T02:10:50Z,ls8,qd9v314u1kyr,0.37299996355286663,0.5107701279294383,0.11622990851769509
,,1.0,,,,2021-05-03T02:16:56Z,ls8,qd9v314u1kyr,,,
0.08942446043165467,0.5014028776978416,0.0,0.3944964028776978,0.0,0.0,2021-05-12T02:10:47Z,ls8,qd9v314u1kyr,0.4003723714953271,0.508871203271028,0.09075642523364487
0.14150000000000001,0.4608499999999999,0.28057553956834536,0.38495000000000007,0.0,0.0,2021-05-20T01:18:49Z,ls7,qd9v314u1kyr,0.389901752253621,0.4667780816367871,0.14332016610959183
0.12923766816143498,0.43269058295964125,0.19784172661870503,0.426188340807175,0.0,0.0,2021-06-05T01:17:27Z,ls7,qd9v314u1kyr,0.4313138189244385,0.43789425913319713,0.13079192194236441
0.2201234567901235,0.3275925925925926,0.41726618705035967,0.4209259259259259,0.0,0.018518518518518517,2021-06-12T01:23:04Z,ls7,qd9v314u1kyr,0.4265053672076359,0.33193488543348343,0.22304122884036218
0.14028776978417265,0.45255395683453237,0.0,0.3914028776978417,0.0,0.0,2021-06-13T02:11:04Z,ls8,qd9v314u1kyr,0.3976682991009429,0.45979826036108473,0.14253344053797237
,,1.0,,,,2021-06-21T01:16:09Z,ls7,qd9v314u1kyr,,,
,,1.0,,,,2021-06-29T02:11:08Z,ls8,qd9v314u1kyr,,,
,,1.0,,,,2021-07-06T02:17:19Z,ls8,qd9v314u1kyr,,,
0.0,0.0,0.3633093525179856,0.0,0.3220338983050847,0.6779661016949152,2021-07-07T01:14:49Z,ls7,qd9v314u1kyr,0.0,0.0,0.0
0.26260869565217393,0.33956521739130435,0.5035971223021583,0.3822463768115942,0.0,0.0,2021-07-15T02:11:09Z,ls8,qd9v314u1kyr,0.38829591461170404,0.34493927125506074,0.2667648141332352
0.0,0.0,0.8848920863309353,0.0,0.4375,0.5625,2021-07-23T01:13:27Z,ls7,qd9v314u1kyr,0.0,0.0,0.0
0.23665467625899278,0.3464748201438849,0.0,0.3932014388489209,0.0,0.007194244604316547,2021-07-31T02:11:17Z,ls8,qd9v314u1kyr,0.39983640528443803,0.3523213114719337,0.2406480386393118
0.09841269841269842,0.46026455026455015,0.32014388489208634,0.4035978835978836,0.005291005291005291,0.021164021164021163,2021-08-15T01:17:35Z,ls7,qd9v314u1kyr,0.40832468566564356,0.46565501318896596,0.09956527469036405
0.20158273381294967,0.3959352517985612,0.0,0.375,0.01079136690647482,0.0,2021-08-16T02:11:23Z,ls8,qd9v314u1kyr,0.3814358632933865,0.40273041220818284,0.20504235759195572
,,1.0,,,,2021-08-23T02:17:36Z,ls8,qd9v314u1kyr,,,
0.15485000000000002,0.41894999999999993,0.28057553956834536,0.4023,0.005,0.005,2021-08-24T01:10:38Z,ls7,qd9v314u1kyr,0.4080288904825325,0.4249159922139124,0.157055117303555
,,1.0,,,,2021-09-08T02:17:41Z,ls8,qd9v314u1kyr,,,
0.028618421052631578,0.06638157894736842,0.4532374100719424,0.06052631578947368,0.18421052631578946,0.6578947368421053,2021-09-16T01:14:48Z,ls7,qd9v314u1kyr,0.06144803633449102,0.06739246593641461,0.02905423457119956
0.283855421686747,0.30204819277108436,0.40287769784172667,0.3998795180722891,0.0,0.0,2021-09-17T02:11:32Z,ls8,qd9v314u1kyr,0.40564654118797355,0.3064043021266194,0.287949156685407
,,1.0,,,,2021-09-24T02:17:43Z,ls8,qd9v314u1kyr,,,
0.14273255813953487,0.4663953488372093,0.38129496402877694,0.3784883720930232,0.0,0.0,2021-09-25T01:07:49Z,ls7,qd9v314u1kyr,0.3832342379466651,0.47224348030847124,0.14452228174486373
0.21601990049751243,0.3981592039800995,0.2769784172661871,0.3723880597014925,0.0,0.0,2021-10-03T02:11:36Z,ls8,qd9v314u1kyr,0.3774583963691377,0.4035804336863339,0.2189611699445285
,,1.0,,,,2021-10-10T02:17:49Z,ls8,qd9v314u1kyr,,,
,,1.0,,,,2021-10-26T02:17:51Z,ls8,qd9v314u1kyr,,,
0.14718390804597703,0.4644252873563218,0.37410071942446044,0.3757471264367816,0.0,0.0,2021-11-03T01:10:29Z,ls7,qd9v314u1kyr,0.3805587892898719,0.47037252619324793,0.1490686845168801
0.15025179856115106,0.45575539568345325,0.0,0.37888489208633097,0.0,0.0,2021-11-04T02:11:39Z,ls8,qd9v314u1kyr,0.38469685902118333,0.46274653031409785,0.15255661066471873
,,1.0,,,,2021-11-11T02:17:48Z,ls8,qd9v314u1kyr,,,
0.12205405405405405,0.44594594594594594,0.33453237410071945,0.4184324324324325,0.0,0.0,2021-11-12T01:03:26Z,ls7,qd9v314u1kyr,0.42418762671927235,0.4520795660036166,0.12373280727711106
0.13525179856115108,0.4757553956834532,0.0,0.3739568345323741,0.0,0.0,2021-11-18T02:13:25Z,ls9,qd9v314u1kyr,0.3796654736688335,0.4830180410488642,0.13731648528230225
0.12762711864406778,0.4497175141242937,0.3633093525179856,0.40887005649717517,0.0,0.0,2021-11-19T01:08:56Z,ls7,qd9v314u1kyr,0.4145852428964253,0.4560036663611365,0.12941109074243812
0.13597122302158274,0.476546762589928,0.0,0.37305755395683454,0.0,0.0,2021-11-20T02:11:34Z,ls8,qd9v314u1kyr,0.37851746414102705,0.4835212963976787,0.1379612394612942
,,1.0,,,,2021-11-27T02:17:46Z,ls8,qd9v314u1kyr,,,
0.1351063829787234,0.4866489361702128,0.3237410071942446,0.36558510638297864,0.0,0.0,2021-11-28T01:01:54Z,ls7,qd9v314u1kyr,0.3702725999353517,0.4928886973386489,0.13683870272599935
,,1.0,,,,2021-12-05T01:07:25Z,ls7,qd9v314u1kyr,,,
0.12169064748201439,0.4903597122302158,0.0,0.3738129496402877,0.0,0.0,2021-12-06T02:11:36Z,ls8,qd9v314u1kyr,0.3791732039260043,0.49739117743642136,0.12343561863757435
,,1.0,,,,2021-12-13T02:17:46Z,ls8,qd9v314u1kyr,,,
0.13399280575539568,0.4787410071942445,0.0,0.3723741007194245,0.0,0.0,2021-12-14T02:11:32Z,ls9,qd9v314u1kyr,0.37800335938070556,0.48597823705542975,0.13601840356386477
0.10014388489208632,0.5158992805755396,0.0,0.36989208633093523,0.0,0.0,2021-12-22T02:11:33Z,ls8,qd9v314u1kyr,0.3751687401948265,0.5232587836112226,0.10157247619395089
0.3204580152671756,0.46618320610687025,0.5287769784172662,0.2034351145038168,0.0,0.0,2021-12-29T02:17:41Z,ls8,qd9v314u1kyr,0.20547417116422514,0.47085582112567465,0.32367000771010024
0.08723021582733813,0.33661870503597124,0.0,0.2704676258992806,0.0,0.34532374100719426,2021-12-30T00:58:48Z,ls7,qd9v314u1kyr,0.2550259450506116,0.3174002917653443,0.08225002217684974
0.08949494949494949,0.3463131313131313,0.28776978417266186,0.27954545454545454,0.0,0.3434343434343434,2022-01-06T01:04:17Z,ls7,qd9v314u1kyr,0.2565723601447973,0.31785305754523485,0.08214023887562434
0.10017985611510791,0.5157553956834532,0.0,0.37035971223021585,0.0,0.0,2022-01-07T02:11:29Z,ls8,qd9v314u1kyr,0.3755060359604654,0.5229220613443232,0.10157190269521134
0.1006474820143885,0.5073741007194245,0.0,0.3779136690647482,0.0,0.0,2022-01-14T02:17:39Z,ls8,qd9v314u1kyr,0.3833047539129483,0.5146119887628151,0.10208325732423658
0.08435251798561151,0.338021582733813,0.0,0.3105755395683453,0.0,0.3057553956834532,2022-01-15T00:57:16Z,ls7,qd9v314u1kyr,0.29417490742388425,0.3201716012349132,0.07989809565774943
,,1.0,,,,2022-01-22T01:02:46Z,ls7,qd9v314u1kyr,,,
0.10859712230215826,0.5203237410071941,0.0,0.35794964028776977,0.0,0.0,2022-01-23T02:11:25Z,ls8,qd9v314u1kyr,0.3627118644067797,0.5272462183342446,0.11004191725897576
0.10093525179856117,0.5097122302158273,0.0,0.37550359712230214,0.0,0.0,2022-01-30T02:17:33Z,ls8,qd9v314u1kyr,0.38077694692686487,0.5168703264636149,0.10235272660952036
0.08003597122302158,0.34589928057553954,0.0,0.309136690647482,0.0,0.25539568345323743,2022-01-31T00:55:42Z,ls7,qd9v314u1kyr,0.3131455589137694,0.35038488416509267,0.0810738734679005
,,1.0,,,,2022-02-07T01:01:11Z,ls7,qd9v314u1kyr,,,
0.09960431654676259,0.5109712230215828,0.0,0.37557553956834533,0.0,0.0,2022-02-08T02:11:21Z,ls8,qd9v314u1kyr,0.3808498996899507,0.5181469998176181,0.10100310049243114
0.07744604316546763,0.5092086330935252,0.0,0.39928057553956836,0.0,0.0,2022-02-15T02:17:30Z,ls8,qd9v314u1kyr,0.4049764675836404,0.5164726914517129,0.07855084096464665
0.08233812949640287,0.35974820143884895,0.0,0.29302158273381296,0.0,0.25539568345323743,2022-02-16T00:54:03Z,ls7,qd9v314u1kyr,0.29680694669161917,0.36439556516853466,0.08340180468660892
0.09949640287769784,0.3126618705035971,0.0,0.30348920863309353,0.0,0.420863309352518,2022-02-23T00:59:35Z,ls7,qd9v314u1kyr,0.24559820351811035,0.25302116688152365,0.08051732024784795
0.08586330935251799,0.5076258992805756,0.0,0.39262589928057556,0.0,0.0,2022-02-24T02:11:16Z,ls8,qd9v314u1kyr,0.39815422776683446,0.5147734734077479,0.08707229882541767
0.09938848920863308,0.48892086330935247,0.0,0.3966906474820144,0.0,0.0,2022-03-03T02:17:26Z,ls8,qd9v314u1kyr,0.4027316218091517,0.496366358689698,0.10090201950115034
0.10917266187050359,0.36892086330935253,0.0,0.31676258992805756,0.0,0.29136690647482016,2022-03-04T00:52:32Z,ls7,qd9v314u1kyr,0.28240136767808904,0.32890170643952776,0.09733001940756306
0.0915,0.5428999999999999,0.6402877697841727,0.32270000000000004,0.0,0.03,2022-03-12T02:11:12Z,ls8,qd9v314u1kyr,0.3270494201232892,0.5502173231637237,0.09273325671298714
,,1.0,,,,2022-03-19T02:17:18Z,ls8,qd9v314u1kyr,,,
0.2823741007194245,0.18845323741007194,0.0,0.23899280575539567,0.0,0.33093525179856115,2022-03-20T00:50:56Z,ls7,qd9v314u1kyr,0.22527067283486343,0.1776329101417594,0.2661611652248161
0.36915492957746476,0.33732394366197177,0.7446043165467626,0.2811267605633803,0.0,0.0,2022-03-27T00:56:28Z,ls7,qd9v314u1kyr,0.284654877353109,0.3415573302909298,0.3737877923559612
0.0743884892086331,0.4848920863309353,0.0,0.4262230215827338,0.0,0.0,2022-03-28T02:11:00Z,ls8,qd9v314u1kyr,0.43249260867978245,0.4920246742344053,0.07548271708581233
0.09154676258992804,0.34208633093525176,0.0,0.3553956834532374,0.0,0.2733812949640288,2022-04-05T00:49:24Z,ls7,qd9v314u1kyr,0.32728483272192366,0.3150282144924589,0.08430565782158862
0.12967625899280574,0.4234892086330936,0.0,0.4309352517985612,0.0,0.0,2022-04-13T02:11:04Z,ls8,qd9v314u1kyr,0.437897507127714,0.4303311645588128,0.13177132831347318
0.12906474820143884,0.4055395683453238,0.0,0.44910071942446045,0.0,0.0,2022-04-29T02:11:00Z,ls8,qd9v314u1kyr,0.456540022671591,0.41225728599115075,0.13120269133725818
0.22517241379310343,0.3658620689655172,0.89568345323741,0.3951724137931034,0.0,0.0,2022-05-15T02:11:10Z,ls8,qd9v314u1kyr,0.40069930069930065,0.37097902097902097,0.22832167832167832
,,1.0,,,,2022-05-22T02:17:22Z,ls8,qd9v314u1kyr,,,
0.12122302158273382,0.3839928057553957,0.0,0.47834532374100724,0.0,0.0,2022-05-31T02:11:13Z,ls8,qd9v314u1kyr,0.48634019675968254,0.390410708408002,0.1232490948323154
,,1.0,,,,2022-06-07T02:17:30Z,ls8,qd9v314u1kyr,,,
0.12471223021582735,0.3736690647482015,0.0,0.4845323741007195,0.0,0.0,2022-06-16T02:11:25Z,ls8,qd9v314u1kyr,0.4929551692589204,0.3801646843549863,0.12688014638609332
0.13032374100719427,0.3883453237410072,0.0,0.4642086330935252,0.0,0.0,2022-07-02T02:11:29Z,ls8,qd9v314u1kyr,0.4722954179475919,0.3951105255453082,0.13259405650710002
,,1.0,,,,2022-07-09T02:17:39Z,ls8,qd9v314u1kyr,,,
0.12338129496402879,0.3506834532374101,0.0,0.5078417266187051,0.0,0.0,2022-07-18T02:11:29Z,ls8,qd9v314u1kyr,0.5171996922738762,0.3571454738615965,0.12565483386452722
,,1.0,,,,2022-07-25T02:17:46Z,ls8,qd9v314u1kyr,,,
0.76,0.0,0.9964028776978417,0.24,0.0,0.0,2022-08-03T02:11:41Z,ls8,qd9v314u1kyr,0.24,0.0,0.76
0.12399280575539567,0.2041726618705036,0.0,0.2791726618705036,0.014388489208633094,0.3669064748201439,2022-08-19T02:11:46Z,ls8,qd9v314u1kyr,0.28439764180127114,0.20799394599459023,0.1263134481753616
,,1.0,,,,2022-10-06T02:11:50Z,ls8,qd9v314u1kyr,,,
0.17179856115107917,0.40816546762589934,0.0,0.4039928057553957,0.0,0.0,2022-10-13T02:17:55Z,ls8,qd9v314u1kyr,0.41057980551290485,0.41482050157198214,0.17459969291511296
,,1.0,,,,2022-10-22T02:11:50Z,ls8,qd9v314u1kyr,,,
,,1.0,,,,2022-10-29T02:18:03Z,ls8,qd9v314u1kyr,,,
,,1.0,,,,2022-11-07T02:11:52Z,ls8,qd9v314u1kyr,,,
,,1.0,,,,2022-11-14T02:17:59Z,ls8,qd9v314u1kyr,,,
0.14194656488549617,0.46996183206106873,0.05755395683453235,0.3733969465648855,0.0,0.0,2022-11-23T02:11:47Z,ls8,qd9v314u1kyr,0.378965717606043,0.4769707534379237,0.1440635289560333
0.1164903846153846,0.43865384615384617,0.2517985611510791,0.42985576923076924,0.0,0.0,2022-12-09T02:11:47Z,ls8,qd9v314u1kyr,0.4364017961733697,0.44533385396329556,0.11826434986333462
,,1.0,,,,2022-12-16T02:17:54Z,ls8,qd9v314u1kyr,,,
0.08881294964028776,0.5189928057553957,0.0,0.3779496402877698,0.0,0.0,2022-12-25T02:11:38Z,ls8,qd9v314u1kyr,0.383411180849511,0.5264924828492191,0.09009633630126987
,,1.0,,,,2023-01-01T02:17:50Z,ls8,qd9v314u1kyr,,,
,,1.0,,,,2023-01-10T02:11:37Z,ls8,qd9v314u1kyr,,,
0.11420863309352519,0.49485611510791366,0.0,0.37669064748201436,0.0,0.0,2023-01-17T02:17:42Z,ls8,qd9v314u1kyr,0.3821339950372208,0.502007006276456,0.11585899868632317
0.08701438848920863,0.5314748201438849,0.0,0.36701438848920864,0.0,0.0,2023-01-26T02:11:36Z,ls8,qd9v314u1kyr,0.37241303792386027,0.5392926232799212,0.08829433879621856
0.09183453237410072,0.5164748201438849,0.0,0.3775899280575539,0.0,0.0,2023-02-11T02:11:33Z,ls8,qd9v314u1kyr,0.38299036777583184,0.523861646234676,0.09314798598949212
,,1.0,,,,2023-02-18T02:17:38Z,ls8,qd9v314u1kyr,,,
,,1.0,,,,2023-02-27T02:11:18Z,ls8,qd9v314u1kyr,,,
0.10244604316546763,0.4866546762589928,0.0,0.3965827338129496,0.0,0.0,2023-03-06T02:17:26Z,ls8,qd9v314u1kyr,0.40234289467922046,0.49372308590613817,0.10393401941464125
0.09672661870503597,0.4922661870503598,0.0,0.3961510791366906,0.0,0.0,2023-03-15T02:11:12Z,ls8,qd9v314u1kyr,0.4021250958483952,0.49968963376784614,0.09818527038375871
0.12320143884892086,0.49643884892086326,0.0,0.36586330935251804,0.0,0.0,2023-03-22T02:17:17Z,ls8,qd9v314u1kyr,0.3712450268277549,0.5037412855422126,0.12501368763003248
0.06366906474820144,0.31226618705035974,0.0,0.31751798561151073,0.06474820143884892,0.2302158273381295,2023-03-31T02:11:02Z,ls8,qd9v314u1kyr,0.32282148137698985,0.3174819621427042,0.06473252770332753
0.11291366906474819,0.45442446043165474,0.0,0.41762589928057553,0.0,0.0,2023-04-16T02:10:47Z,ls8,qd9v314u1kyr,0.42400116865093856,0.4613614783434374,0.11463735300562412
0.12176258992805758,0.44773381294964026,0.0,0.41500000000000004,0.0,0.0,2023-05-02T02:10:42Z,ls8,qd9v314u1kyr,0.4215353136760569,0.4547846103255508,0.12368007599839237
,,1.0,,,,2023-05-09T02:16:46Z,ls8,qd9v314u1kyr,,,
0.12579136690647483,0.4313669064748202,0.0,0.42690647482014393,0.0,0.0,2023-05-18T02:10:30Z,ls8,qd9v314u1kyr,0.4338194977519465,0.43835215849691117,0.1278283437511423
,,1.0,,,,2023-05-25T02:16:43Z,ls8,qd9v314u1kyr,,,
0.14093525179856117,0.4133093525179856,0.0,0.42924460431654676,0.0,0.0,2023-06-03T02:10:34Z,ls8,qd9v314u1kyr,0.4364507516184485,0.42024797922533924,0.1433012691562123
,,1.0,,,,2023-06-10T02:16:50Z,ls8,qd9v314u1kyr,,,
,,1.0,,,,2023-06-19T02:10:42Z,ls8,qd9v314u1kyr,,,
,,1.0,,,,2023-06-26T02:16:57Z,ls8,qd9v314u1kyr,,,
0.17532374100719422,0.39913669064748203,0.0,0.4083812949640288,0.0,0.0,2023-07-05T02:10:53Z,ls8,qd9v314u1kyr,0.41551074186582737,0.4061047469165172,0.17838451121765542
,,1.0,,,,2023-07-12T02:17:07Z,ls8,qd9v314u1kyr,,,
0.28927710843373494,0.38042168674698795,0.40287769784172667,0.316867469879518,0.0,0.0,2023-07-21T02:10:56Z,ls8,qd9v314u1kyr,0.32118214569212916,0.38560175856383955,0.2932160957440313
0.1373381294964029,0.4609352517985611,0.0,0.3863309352517985,0.0,0.0,2023-08-06T02:11:06Z,ls8,qd9v314u1kyr,0.39237176676896096,0.46814262750255736,0.13948560572848168
,,1.0,,,,2023-08-13T02:17:18Z,ls8,qd9v314u1kyr,,,
0.15791366906474819,0.45935251798561155,0.0,0.3673021582733813,0.0,0.0,2023-08-22T02:11:13Z,ls8,qd9v314u1kyr,0.37305907712542474,0.466552190274378,0.16038873260019726
,,1.0,,,,2023-08-29T02:17:25Z,ls8,qd9v314u1kyr,,,
0.1416906474820144,0.47485611510791365,0.0,0.3685251798561151,0.0,0.0,2023-09-07T02:11:12Z,ls8,qd9v314u1kyr,0.3741099141865985,0.48205221836771955,0.14383786744568197
,,1.0,,,,2023-09-23T02:11:18Z,ls8,qd9v314u1kyr,,,
0.04529411764705882,0.34705882352941175,0.14388489208633093,0.20521008403361346,0.0,0.3949579831932773,2023-10-09T02:11:23Z,ls8,qd9v314u1kyr,0.2077784566224184,0.3514025494883652,0.04586101069593919
,,1.0,,,,2023-10-16T02:17:35Z,ls8,qd9v314u1kyr,,,
0.1041726618705036,0.5492805755395684,0.0,0.33363309352517984,0.0,0.0,2023-10-25T02:11:26Z,ls8,qd9v314u1kyr,0.3379978863744032,0.5564666010713896,0.1055355125542072
,,1.0,,,,2023-11-01T02:17:38Z,ls8,qd9v314u1kyr,,,
0.1516818181818182,0.5283181818181818,0.2086330935251799,0.3058636363636364,0.0,0.0,2023-11-10T02:11:22Z,ls8,qd9v314u1kyr,0.3102494351975656,0.535893771036009,0.1538567937664254
,,1.0,,,,2023-11-17T02:17:38Z,ls8,qd9v314u1kyr,,,
,,1.0,,,,2023-11-26T02:11:29Z,ls8,qd9v314u1kyr,,,
,,1.0,,,,2023-12-03T02:17:35Z,ls8,qd9v314u1kyr,,,
0.07953237410071942,0.5998201438848921,0.0,0.3082014388489208,0.0,0.0,2023-12-12T02:11:24Z,ls8,qd9v314u1kyr,0.31208567057623654,0.6073796168135791,0.0805347126101843
,,1.0,,,,2023-12-19T02:17:38Z,ls8,qd9v314u1kyr,,,
0.05464028776978418,0.6076618705035971,0.0,0.3251798561151079,0.0,0.0,2023-12-28T02:11:25Z,ls8,qd9v314u1kyr,0.3293020544951188,0.6153650007285444,0.055332944776336886
0.08255395683453237,0.5747482014388489,0.0,0.32982014388489206,0.0,0.0,2024-01-04T02:17:30Z,ls8,qd9v314u1kyr,0.33412287734130164,0.5822461919685153,0.08363093069018293
0.08363309352517985,0.5842805755395684,0.0,0.31920863309352515,0.0,0.0,2024-01-05T02:11:28Z,ls9,qd9v314u1kyr,0.32337293200204065,0.5919029225275126,0.08472414547044675
,,1.0,,,,2024-01-12T02:17:42Z,ls9,qd9v314u1kyr,,,
,,1.0,,,,2024-01-13T02:11:22Z,ls8,qd9v314u1kyr,,,
,,1.0,,,,2024-01-20T02:17:31Z,ls8,qd9v314u1kyr,,,
0.05838129496402878,0.6016906474820143,0.0,0.32687050359712233,0.0,0.0,2024-01-21T02:11:29Z,ls9,qd9v314u1kyr,0.33119510150526665,0.6096512009330466,0.05915369756168678
,,1.0,,,,2024-01-28T02:17:41Z,ls9,qd9v314u1kyr,,,
0.06341726618705036,0.5973021582733813,0.0,0.3260791366906475,0.0,0.0,2024-01-29T02:11:16Z,ls8,qd9v314u1kyr,0.3304414391426384,0.6052928954179273,0.06426566543943427
,,1.0,,,,2024-02-05T02:17:31Z,ls8,qd9v314u1kyr,,,
0.08715827338129496,0.5733093525179856,0.0,0.3262589928057554,0.0,0.0,2024-02-06T02:11:33Z,ls9,qd9v314u1kyr,0.3306478072254019,0.5810214720571616,0.08833072071743646
0.06266187050359713,0.6002517985611511,0.0,0.32478417266187054,0.0,0.0,2024-02-14T02:11:19Z,ls8,qd9v314u1kyr,0.32882948503168474,0.6077281666545269,0.06344234831378834
0.06827338129496403,0.5868705035971222,0.0,0.3318705035971224,0.0,0.0,2024-02-22T02:11:20Z,ls9,qd9v314u1kyr,0.3362367433215497,0.5945916396370129,0.06917161704143737
,,1.0,,,,2024-02-29T02:17:34Z,ls9,qd9v314u1kyr,,,
0.0789568345323741,0.5633812949640288,0.0,0.34424460431654674,0.0,0.0,2024-03-01T02:11:13Z,ls8,qd9v314u1kyr,0.34892624056586574,0.5710431326794765,0.08003062675465783
,,1.0,,,,2024-03-08T02:17:17Z,ls8,qd9v314u1kyr,,,
0.09964028776978417,0.5434172661870503,0.0,0.3437769784172662,0.0,0.0,2024-03-09T02:11:25Z,ls9,qd9v314u1kyr,0.34836334475468395,0.5506670554786032,0.10096959976671284
0.05870370370370371,0.5661851851851852,0.02877697841726623,0.36137037037037034,0.0,0.0,2024-03-17T02:11:03Z,ls8,qd9v314u1kyr,0.3664050471290698,0.5740733786473394,0.05952157422359083
0.11252747252747253,0.5313919413919413,0.017985611510791366,0.3428937728937729,0.0,0.0,2024-03-24T02:17:06Z,ls8,qd9v314u1kyr,0.3474758723088345,0.5384929472902746,0.11403118040089087
0.11305755395683453,0.5322661870503597,0.0,0.34100719424460435,0.0,0.0,2024-03-25T02:11:20Z,ls9,qd9v314u1kyr,0.34573304157549234,0.5396425966447848,0.11462436177972282
0.08827338129496402,0.5449999999999999,0.0,0.35312949640287766,0.0,0.0,2024-04-02T02:10:51Z,ls8,qd9v314u1kyr,0.3579972285026621,0.5525125811392313,0.08949019035810664
,,1.0,,,,2024-04-09T02:17:01Z,ls8,qd9v314u1kyr,,,
0.10032374100719425,0.5304676258992805,0.0,0.3553597122302158,0.0,0.0,2024-04-10T02:11:12Z,ls9,qd9v314u1kyr,0.3603501732628123,0.5379171986138975,0.10173262812329019
,,1.0,,,,2024-04-17T02:17:16Z,ls9,qd9v314u1kyr,,,
0.08510791366906476,0.5350359712230215,0.0,0.3660431654676259,0.0,0.0,2024-04-18T02:10:43Z,ls8,qd9v314u1kyr,0.3711701196381675,0.5425299095418733,0.08629997081995916
0.01678294573643411,0.009302325581395349,0.07194244604316546,0.004534883720930232,0.35658914728682173,0.6124031007751938,2024-05-03T02:17:01Z,ls9,qd9v314u1kyr,0.00459228731233442,0.009420076538121889,0.016995388087528242
0.08611510791366907,0.5075179856115108,0.0,0.3925179856115108,0.0,0.0,2024-05-04T02:10:34Z,ls8,qd9v314u1kyr,0.3980302753966806,0.5146452671894948,0.08732445741382454
,,1.0,,,,2024-05-11T02:16:40Z,ls8,qd9v314u1kyr,,,
0.11658273381294963,0.5168705035971223,0.0,0.35248201438848925,0.0,0.0,2024-05-19T02:16:53Z,ls9,qd9v314u1kyr,0.3575103068335219,0.524243861505345,0.1182458316611332
,,1.0,,,,2024-05-20T02:10:21Z,ls8,qd9v314u1kyr,,,
,,1.0,,,,2024-05-27T02:16:28Z,ls8,qd9v314u1kyr,,,
,,1.0,,,,2024-05-28T02:10:36Z,ls9,qd9v314u1kyr,,,
,,1.0,,,,2024-06-04T02:16:47Z,ls9,qd9v314u1kyr,,,
0.14586330935251798,0.44589928057553957,0.0,0.39284172661870503,0.0,0.0,2024-06-05T02:10:19Z,ls8,qd9v314u1kyr,0.3989843635832237,0.45287154756685666,0.14814408884991961
0.15848920863309354,0.4290287769784173,0.0,0.3971942446043165,0.0,0.0,2024-06-13T02:10:30Z,ls9,qd9v314u1kyr,0.4033607305936073,0.435689497716895,0.16094977168949773
0.15575539568345323,0.4676618705035971,0.0,0.36089928057553955,0.0,0.0,2024-06-20T02:16:31Z,ls9,qd9v314u1kyr,0.3666496126297325,0.47511328753106274,0.1582370998392048
0.16866906474820145,0.448021582733813,0.0,0.3676618705035971,0.0,0.0,2024-06-21T02:10:28Z,ls8,qd9v314u1kyr,0.3735063036725744,0.4551434313904623,0.1713502649369633
0.4556709956709958,0.26064935064935063,0.1690647482014388,0.267965367965368,0.0,0.0,2024-06-29T02:10:21Z,ls9,qd9v314u1kyr,0.2722434797906496,0.26481066103707607,0.4629458591722743
0.1326618705035971,0.4199640287769784,0.0,0.388705035971223,0.0,0.04316546762589928,2024-07-15T02:10:41Z,ls9,qd9v314u1kyr,0.3951069569656667,0.4268807812857819,0.1348467941226521
0.16989208633093528,0.4058992805755396,0.0,0.39050359712230215,0.01079136690647482,0.007194244604316547,2024-07-31T02:10:43Z,ls9,qd9v314u1kyr,0.3968562037538193,0.41250234001087854,0.1726558447245108
,,1.0,,,,2024-08-08T02:10:46Z,ls8,qd9v314u1kyr,,,
,,1.0,,,,2024-08-15T02:17:05Z,ls8,qd9v314u1kyr,,,
0.2393884892086331,0.3913309352517985,0.0,0.3474460431654676,0.0,0.007194244604316547,2024-08-16T02:10:50Z,ls9,qd9v314u1kyr,0.35264629836233247,0.39718801945168386,0.2429714375816671
,,1.0,,,,2024-08-24T02:11:00Z,ls8,qd9v314u1kyr,,,
,,1.0,,,,2024-09-01T02:11:00Z,ls9,qd9v314u1kyr,,,
,,1.0,,,,2024-09-08T02:17:10Z,ls9,qd9v314u1kyr,,,
,,1.0,,,,2024-09-09T02:11:08Z,ls8,qd9v314u1kyr,,,
0.17428057553956836,0.43460431654676257,0.0,0.3761151079136691,0.0,0.0,2024-09-17T02:11:04Z,ls9,qd9v314u1kyr,0.3818427491509331,0.44122265639265235,0.17693459445641457
0.14751798561151078,0.4543165467625899,0.0,0.38258992805755393,0.0,0.0,2024-09-25T02:11:07Z,ls8,qd9v314u1kyr,0.3886432564767786,0.4615047319764681,0.1498520115467534
,,1.0,,,,2024-10-10T02:17:20Z,ls9,qd9v314u1kyr,,,
0.1314388489208633,0.4844604316546763,0.0,0.36964028776978414,0.0,0.0,2024-10-11T02:11:13Z,ls8,qd9v314u1kyr,0.3750638732754215,0.4915687276443536,0.13336739908022482
,,1.0,,,,2024-10-19T02:11:21Z,ls9,qd9v314u1kyr,,,
0.14309352517985613,0.4734892086330935,0.0,0.36798561151079134,0.0,0.0,2024-10-27T02:11:16Z,ls8,qd9v314u1kyr,0.37375324248291986,0.4809104526688831,0.145336304848197
0.13715976331360946,0.4817751479289941,0.3920863309352518,0.36585798816568044,0.0,0.0,2024-11-03T02:17:22Z,ls8,qd9v314u1kyr,0.37150754070780506,0.4892146848524906,0.13927777443970438
0.227,0.422,0.9640287769784173,0.33799999999999997,0.0,0.0,2024-11-04T02:11:20Z,ls9,qd9v314u1kyr,0.34245187436676794,0.42755825734549135,0.22998986828774065
,,1.0,,,,2024-11-11T02:17:28Z,ls9,qd9v314u1kyr,,,
0.1347482014388489,0.48805755395683453,0.0,0.36334532374100714,0.0,0.0,2024-11-12T02:11:14Z,ls8,qd9v314u1kyr,0.36844792996534736,0.49491154477475835,0.1366405252598942
0.12237410071942448,0.5115827338129496,0.0,0.35223021582733816,0.0,0.0,2024-11-20T02:11:26Z,ls9,qd9v314u1kyr,0.3571637000291801,0.5187481762474467,0.12408812372337323
0.12323741007194246,0.5074460431654676,0.0,0.3548201438848921,0.0,0.0,2024-11-28T02:11:26Z,ls8,qd9v314u1kyr,0.3600394203744936,0.5149103916487207,0.1250501879767858
0.11974820143884894,0.5216546762589929,0.0,0.34482014388489207,0.0,0.0,2024-12-06T02:11:24Z,ls9,qd9v314u1kyr,0.34963708647919167,0.52894189736295,0.12142101615785827
0.12161870503597123,0.5224820143884892,0.0,0.34223021582733815,0.0,0.0,2024-12-14T02:11:14Z,ls8,qd9v314u1kyr,0.34697301239970824,0.5297228300510576,0.12330415754923414
,,1.0,,,,2024-12-21T02:17:28Z,ls8,qd9v314u1kyr,,,
0.09938848920863308,0.5433093525179857,0.0,0.3433453237410072,0.0,0.0,2024-12-22T02:11:25Z,ls9,qd9v314u1kyr,0.34820516562089593,0.5509995622355174,0.10079527214358673
,,1.0,,,,2024-12-29T02:17:35Z,ls9,qd9v314u1kyr,,,
0.1014748201438849,0.543273381294964,0.0,0.34136690647482015,0.0,0.0,2024-12-30T02:11:17Z,ls8,qd9v314u1kyr,0.34617348799883274,0.5509228861165828,0.10290362588458453
,,1.0,,,,2025-01-06T02:17:29Z,ls8,qd9v314u1kyr,,,
0.08071942446043165,0.5529136690647483,0.0,0.3526978417266187,0.0,0.0,2025-01-07T02:11:21Z,ls9,qd9v314u1kyr,0.3575857038657914,0.5605762217359592,0.08183807439824944
,,1.0,,,,2025-01-14T02:17:36Z,ls9,qd9v314u1kyr,,,
0.09327338129496403,0.5439928057553958,0.0,0.349748201438849,0.0,0.0,2025-01-15T02:11:20Z,ls8,qd9v314u1kyr,0.3543496483107985,0.5511498232442873,0.09450052844491416
0.09107913669064749,0.5310791366906474,0.0,0.3635971223021583,0.0,0.0,2025-01-30T02:17:31Z,ls9,qd9v314u1kyr,0.36885126258940304,0.5387534666472048,0.09239527076339223
0.07942446043165467,0.5530215827338129,0.0,0.3536690647482014,0.0,0.0,2025-01-31T02:11:18Z,ls8,qd9v314u1kyr,0.3586488655431532,0.5608083461005327,0.0805427883563143
,,1.0,,,,2025-02-07T02:17:29Z,ls8,qd9v314u1kyr,,,
0.07820143884892088,0.54931654676259,0.0,0.35888489208633095,0.0,0.0,2025-02-08T02:11:22Z,ls9,qd9v314u1kyr,0.3638319597403544,0.5568886295675005,0.079279410692145
0.08471223021582736,0.5469424460431656,0.0,0.35435251798561146,0.0,0.0,2025-02-16T02:11:14Z,ls8,qd9v314u1kyr,0.359381270292948,0.5547043157856335,0.08591441392141841
,,1.0,,,,2025-02-23T02:17:19Z,ls8,qd9v314u1kyr,,,
0.07733812949640288,0.5466546762589929,0.0,0.3623021582733813,0.0,0.0,2025-02-24T02:11:22Z,ls9,qd9v314u1kyr,0.36733651847259197,0.5542507020679092,0.07841277945949889
,,1.0,,,,2025-03-03T02:17:29Z,ls9,qd9v314u1kyr,,,
,,1.0,,,,2025-03-04T02:11:06Z,ls8,qd9v314u1kyr,,,
,,1.0,,,,2025-03-11T02:17:15Z,ls8,qd9v314u1kyr,,,
,,1.0,,,,2025-03-12T02:11:17Z,ls9,qd9v314u1kyr,,,
0.10288389513108614,0.5091760299625467,0.03956834532374098,0.3732209737827716,0.0,0.0,2025-03-19T02:17:19Z,ls9,qd9v314u1kyr,0.37879651803702435,0.5167826053902002,0.1044208765727753
0.08794964028776979,0.512661870503597,0.0,0.385431654676259,0.0,0.0,2025-03-20T02:10:55Z,ls8,qd9v314u1kyr,0.3908872026849555,0.5199182839632277,0.08919451335181673
0.09316546762589928,0.5236690647482015,0.0,0.36917266187050357,0.0,0.0,2025-03-27T02:17:05Z,ls8,qd9v314u1kyr,0.3744117325161431,0.5311006530225093,0.09448761446134762
0.08985611510791366,0.5223021582733812,0.0,0.3738848920863309,0.0,0.0,2025-03-28T02:11:06Z,ls9,qd9v314u1kyr,0.3791770027725084,0.5296950240770465,0.09112797315044506
0.05377697841726618,0.5410071942446043,0.0,0.3911151079136691,0.0,0.0,2025-04-04T02:17:14Z,ls9,qd9v314u1kyr,0.3967089900758903,0.5487448920023351,0.05454611792177466
,,1.0,,,,2025-04-12T02:17:00Z,ls8,qd9v314u1kyr,,,
,,1.0,,,,2025-04-13T02:11:07Z,ls9,qd9v314u1kyr,,,
,,1.0,,,,2025-04-20T02:17:14Z,ls9,qd9v314u1kyr,,,
0.2972881355932203,0.4354802259887006,0.3633093525179856,0.23163841807909605,0.0,0.022598870056497175,2025-04-21T02:10:41Z,ls8,qd9v314u1kyr,0.23475949811179622,0.44134785645017693,0.3012937753815297
0.11241935483870967,0.55,0.7769784172661871,0.32354838709677425,0.0,0.0,2025-04-28T02:16:50Z,ls8,qd9v314u1kyr,0.32815311630950433,0.5578275805660069,0.11401930312448877
0.10845323741007194,0.4681654676258992,0.0,0.408705035971223,0.0,0.0,2025-04-29T02:10:58Z,ls9,qd9v314u1kyr,0.41479264018691586,0.475138726635514,0.1100686331775701
,,1.0,,,,2025-05-06T02:17:06Z,ls9,qd9v314u1kyr,,,
0.10244604316546761,0.46485611510791375,0.0,0.4171942446043166,0.0,0.0,2025-05-07T02:10:37Z,ls8,qd9v314u1kyr,0.42376411268223174,0.47217655011144,0.1040593372063283
0.10320143884892087,0.4643165467625899,0.0,0.41694244604316544,0.0,0.0,2025-05-15T02:10:47Z,ls9,qd9v314u1kyr,0.42352382344343764,0.47164571762642504,0.10483045893013741
,,1.0,,,,2025-05-22T02:16:55Z,ls9,qd9v314u1kyr,,,
0.13535971223021584,0.3895323741007194,0.0,0.4577697841726619,0.0,0.0,2025-05-23T02:10:42Z,ls8,qd9v314u1kyr,0.4658466944871514,0.3964053005344461,0.13774800497840253
,,1.0,,,,2025-05-31T02:10:41Z,ls9,qd9v314u1kyr,,,
,,1.0,,,,2025-06-07T02:16:51Z,ls9,qd9v314u1kyr,,,
0.14017985611510791,0.42348920863309353,0.0,0.4203956834532374,0.0,0.0,2025-06-08T02:10:46Z,ls8,qd9v314u1kyr,0.4272032752129254,0.43034689476185256,0.14244983002522207
,,1.0,,,,2025-06-15T02:17:03Z,ls8,qd9v314u1kyr,,,
0.14442446043165466,0.40748201438848924,0.0,0.43086330935251793,0.0,0.0,2025-06-16T02:10:50Z,ls9,qd9v314u1kyr,0.43841733465100097,0.41462611178214565,0.1469565535668533
0.3427338129496403,0.34043165467625897,0.0,0.30154676258992813,0.0,0.0,2025-06-24T02:10:58Z,ls8,qd9v314u1kyr,0.30622831050228316,0.34571689497716895,0.34805479452054794
,,1.0,,,,2025-07-02T02:10:57Z,ls9,qd9v314u1kyr,,,
,,1.0,,,,2025-07-09T02:17:08Z,ls9,qd9v314u1kyr,,,
0.15906474820143884,0.40294964028776975,0.0,0.4215107913669065,0.0,0.0,2025-07-10T02:11:00Z,ls8,qd9v314u1kyr,0.4285714285714286,0.4096993636164143,0.1617292078121571
,,1.0,,,,2025-07-17T02:17:15Z,ls8,qd9v314u1kyr,,,
,,1.0,,,,2025-07-18T02:11:03Z,ls9,qd9v314u1kyr,,,
,,1.0,,,,2025-07-25T02:17:17Z,ls9,qd9v314u1kyr,,,
0.17007194244604318,0.36647482014388494,0.0,0.4074460431654676,0.014388489208633094,0.025179856115107913,2025-07-26T02:11:07Z,ls8,qd9v314u1kyr,0.41454137684403397,0.3728566740784867,0.17303360375373825
,,1.0,,,,2025-08-02T02:17:20Z,ls8,qd9v314u1kyr,,,
0.26730215827338133,0.3201079136690647,0.0,0.3788848920863309,0.0,0.017985611510791366,2025-08-03T02:11:10Z,ls9,qd9v314u1kyr,0.38504848877477704,0.3253153424102099,0.27165055730422183
0.18388489208633096,0.3210431654676259,0.0,0.3777697841726619,0.01079136690647482,0.08992805755395683,2025-08-11T02:11:15Z,ls8,qd9v314u1kyr,0.38486672661137566,0.3270744177305777,0.18733943119761498
,,1.0,,,,2025-08-18T02:17:28Z,ls8,qd9v314u1kyr,,,
0.15708633093525182,0.2976258992805756,0.0,0.3625179856115108,0.0035971223021582736,0.16546762589928057,2025-08-19T02:11:20Z,ls9,qd9v314u1kyr,0.3685974500473568,0.30261711665924096,0.1597206850919634
0.1558273381294964,0.26884892086330936,0.0,0.32802158273381293,0.01079136690647482,0.22302158273381295,2025-08-27T02:11:17Z,ls8,qd9v314u1kyr,0.3339001057218741,0.2736670018823651,0.15861994275547303
,,1.0,,,,2025-09-03T02:17:32Z,ls8,qd9v314u1kyr,,,
0.2323021582733813,0.3299280575539568,0.0,0.37446043165467624,0.007194244604316547,0.039568345323741004,2025-09-04T02:11:25Z,ls9,qd9v314u1kyr,0.38107532407253925,0.3357562797688117,0.2364058062305916
0.19744604316546763,0.3260431654676259,0.0,0.37079136690647485,0.01079136690647482,0.07913669064748201,2025-09-12T02:11:23Z,ls8,qd9v314u1kyr,0.37733886741216416,0.33180049420099494,0.20093258083288407
0.17571942446043165,0.3287769784172662,0.0,0.35147482014388487,0.01079136690647482,0.11870503597122302,2025-09-20T02:11:28Z,ls9,qd9v314u1kyr,0.3574420342697097,0.334358836682545,0.1787027261700473
,,1.0,,,,2025-09-27T02:17:42Z,ls9,qd9v314u1kyr,,,
0.07439655172413792,0.12387931034482759,0.5827338129496402,0.10896551724137932,0.3103448275862069,0.3793103448275862,2025-09-28T02:11:28Z,ls8,qd9v314u1kyr,0.11006617903169631,0.1251306165099269,0.07514803204458378
0.19737410071942446,0.3764028776978417,0.0,0.3601438848920864,0.007194244604316547,0.04316546762589928,2025-10-06T02:11:32Z,ls9,qd9v314u1kyr,0.3662056989235096,0.38273835732477074,0.20069623152150393
0.18553956834532373,0.41762589928057553,0.0,0.36701438848920864,0.0,0.014388489208633094,2025-10-14T02:11:31Z,ls8,qd9v314u1kyr,0.37285210947329783,0.4242686455929617,0.18849075572510735
,,1.0,,,,2025-10-21T02:17:39Z,ls8,qd9v314u1kyr,,,
0.15489208633093526,0.47082733812949645,0.0,0.3595323741007194,0.0,0.0,2025-10-30T02:11:31Z,ls8,qd9v314u1kyr,0.36491420226359983,0.47787513691128153,0.15721066082511867
,,1.0,,,,2025-11-06T02:17:43Z,ls8,qd9v314u1kyr,,,
0.13502793296089385,0.4493854748603352,0.35611510791366907,0.40022346368715084,0.0,0.0,2025-11-07T02:11:36Z,ls9,qd9v314u1kyr,0.40646808510638294,0.45639716312056733,0.13713475177304962
,,1.0,,,,2025-11-14T02:17:48Z,ls9,qd9v314u1kyr,,,
0.1379856115107914,0.4776258992805755,0.0,0.36917266187050357,0.0,0.0,2025-11-15T02:11:31Z,ls8,qd9v314u1kyr,0.37487672133542754,0.4850056616868174,0.14011761697775507
,,1.0,,,,2025-11-23T02:11:34Z,ls9,qd9v314u1kyr,,,
,,1.0,,,,2025-11-30T02:17:47Z,ls9,qd9v314u1kyr,,,
0.12816546762589925,0.49834532374100715,0.0,0.35949640287769785,0.0,0.0,2025-12-01T02:11:30Z,ls8,qd9v314u1kyr,0.3645981540257561,0.5054175331071468,0.12998431286709713
,,1.0,,,,2025-12-08T02:17:41Z,ls8,qd9v314u1kyr,,,
0.11866906474820145,0.5051079136690648,0.0,0.361294964028777,0.0,0.0,2025-12-09T02:11:34Z,ls9,qd9v314u1kyr,0.3667701296330107,0.5127624612013876,0.1204674091656016
,,1.0,,,,2025-12-16T02:17:47Z,ls9,qd9v314u1kyr,,,
0.16000000000000003,0.48854838709677423,0.7769784172661871,0.33725806451612905,0.0,0.0,2025-12-17T02:11:30Z,ls8,qd9v314u1kyr,0.3421138743455497,0.49558246073298423,0.16230366492146597
0.10276978417266186,0.5422302158273382,0.0,0.3412230215827339,0.0,0.0,2025-12-25T02:11:40Z,ls9,qd9v314u1kyr,0.3459897144107671,0.5498048655943393,0.10420541999489366
0.10284172661870504,0.5312589928057554,0.0,0.35179856115107916,0.0,0.0,2026-01-02T02:11:26Z,ls8,qd9v314u1kyr,0.35683012259194397,0.5388572679509631,0.10431260945709281
0.09219512195121951,0.511219512195122,0.8525179856115108,0.3821951219512195,0.0,0.0,2026-01-09T02:17:31Z,ls8,qd9v314u1kyr,0.38777530314278646,0.5186834941846078,0.0935412026726058
0.10456834532374101,0.5257913669064749,0.0,0.3553956834532374,0.0,0.0,2026-01-10T02:11:32Z,ls9,qd9v314u1kyr,0.36053130929791266,0.533389286235586,0.10607940446650123
0.07597122302158274,0.516294964028777,0.0,0.39298561151079137,0.0,0.0,2026-02-11T02:11:28Z,ls9,qd9v314u1kyr,0.3988682000730194,0.5240233661920408,0.07710843373493977
0.08946043165467625,0.5043884892086331,0.0,0.39248201438848923,0.0,0.0,2026-02-18T02:17:34Z,ls9,qd9v314u1kyr,0.39792122538293223,0.5113785557986872,0.09070021881838074
0.08769784172661871,0.5296402877697842,0.0,0.36917266187050357,0.0,0.0,2026-02-19T02:11:16Z,ls8,qd9v314u1kyr,0.37422060164083865,0.5368824065633546,0.08889699179580675
,,1.0,,,,2026-02-26T02:17:25Z,ls8,qd9v314u1kyr,,,
0.08676258992805755,0.5249640287769785,0.0,0.3738848920863309,0.0,0.0,2026-02-27T02:11:23Z,ls9,qd9v314u1kyr,0.3793430656934306,0.5326277372262774,0.08802919708029197
,,1.0,,,,2026-03-06T02:17:32Z,ls9,qd9v314u1kyr,,,
,,1.0,,,,2026-03-07T02:11:08Z,ls8,qd9v314u1kyr,,,
,,1.0,,,,2026-03-14T02:17:14Z,ls8,qd9v314u1kyr,,,
0.08672661870503597,0.5168345323741007,0.0,0.38190647482014384,0.0,0.0,2026-03-15T02:11:13Z,ls9,qd9v314u1kyr,0.38753832676303107,0.5244561249817492,0.08800554825521974
