bare_soil,dry_vegetation,pc_missing,green_vegetation,water,wetness,date,ard_product,nwi_id,norm_pv,norm_npv,norm_bs
0.18423312883435583,0.23797546012269938,0.0,0.17073619631901843,0.3067484662576687,0.09202453987730061,1986-08-16T01:32:51Z,ls5,qd9y2b8127dm,0.17312102679010663,0.2412994836215679,0.18680648345335613
,,1.0,,,,1987-05-31T01:35:27Z,ls5,qd9y2b8127dm,,,
0.11539877300613496,0.5223312883435584,0.0,0.3448466257668712,0.006134969325153374,0.0,1987-09-04T01:37:49Z,ls5,qd9y2b8127dm,0.3488084001887683,0.5283320973505022,0.11672453313557607
,,1.0,,,,1987-10-22T01:38:48Z,ls5,qd9y2b8127dm,,,
0.04544303797468355,0.6823417721518987,0.030674846625766916,0.265253164556962,0.0,0.0,1987-11-07T01:39:08Z,ls5,qd9y2b8127dm,0.26711281070745696,0.687125557680051,0.04576163161249204
,,1.0,,,,1987-11-23T01:39:27Z,ls5,qd9y2b8127dm,,,
0.05595092024539878,0.6669938650306748,0.0,0.26680981595092024,0.0,0.0,1987-12-09T01:39:40Z,ls5,qd9y2b8127dm,0.2695716853654001,0.6738982210376248,0.056530093596975146
,,1.0,,,,1987-12-25T01:39:56Z,ls5,qd9y2b8127dm,,,
0.04822085889570553,0.7098159509202455,0.0,0.23263803680981596,0.0,0.0,1988-01-10T01:40:12Z,ls5,qd9y2b8127dm,0.23482784245727023,0.716497399058707,0.04867475848402279
0.10558282208588958,0.6442944785276075,0.0,0.23901840490797546,0.0,0.0,1988-01-26T01:40:30Z,ls5,qd9y2b8127dm,0.24170233885476766,0.6515292511942429,0.10676840995098952
0.0445398773006135,0.7153374233128834,0.0,0.23049079754601226,0.0,0.0,1988-02-11T01:40:48Z,ls5,qd9y2b8127dm,0.23273245369510004,0.7222944929690888,0.04497305333581119
0.05638036809815951,0.7014110429447854,0.0,0.23226993865030673,0.0,0.0,1988-02-27T01:41:00Z,ls5,qd9y2b8127dm,0.2346015615317883,0.7084521006320487,0.05694633783616308
0.06975460122699387,0.6777300613496933,0.0,0.2412269938650307,0.0,0.0,1988-03-14T01:41:09Z,ls5,qd9y2b8127dm,0.2439811367585009,0.6854678580292877,0.07055100521221147
0.04073619631901841,0.6938650306748466,0.0,0.2562576687116564,0.0,0.0,1988-03-30T01:41:16Z,ls5,qd9y2b8127dm,0.25862175716673885,0.7002662373846821,0.04111200544857904
,,1.0,,,,1988-05-17T01:41:38Z,ls5,qd9y2b8127dm,,,
,,1.0,,,,1988-06-02T01:41:44Z,ls5,qd9y2b8127dm,,,
0.11460122699386505,0.4495705521472393,0.0,0.3811656441717791,0.03067484662576687,0.012269938650306749,1988-07-20T01:41:56Z,ls5,qd9y2b8127dm,0.38589032702185433,0.45514313800356493,0.11602174969850701
0.15349693251533741,0.4334969325153374,0.0,0.33306748466257674,0.049079754601226995,0.018404907975460124,1988-08-05T01:41:58Z,ls5,qd9y2b8127dm,0.33757589963800533,0.4393647645684556,0.15557467321685195
0.13282208588957053,0.2675460122699386,0.0,0.23546012269938651,0.2331288343558282,0.12269938650306748,1988-08-21T01:41:59Z,ls5,qd9y2b8127dm,0.23854991203623685,0.2710568437702003,0.13456502333466722
0.4338235294117647,0.18735294117647058,0.7914110429447853,0.25500000000000006,0.0,0.11764705882352941,1988-09-06T01:42:02Z,ls5,qd9y2b8127dm,0.256797583081571,0.18867365677388778,0.43688170132101173
,,1.0,,,,1988-09-22T01:41:57Z,ls5,qd9y2b8127dm,,,
0.10748466257668711,0.520920245398773,0.0,0.3606134969325153,0.0,0.0,1988-10-08T01:41:52Z,ls5,qd9y2b8127dm,0.3646175795546182,0.526704298740773,0.10867812170460889
0.07312883435582822,0.5804294478527607,0.0,0.33631901840490797,0.0,0.0,1988-10-24T01:41:47Z,ls5,qd9y2b8127dm,0.3397582894329098,0.5863650449333747,0.07387666563371553
0.0598159509202454,0.6209202453987731,0.0,0.3095092024539877,0.0,0.0,1988-11-09T01:41:50Z,ls5,qd9y2b8127dm,0.31255808190322776,0.6270367387398551,0.060405179356917166
0.03496932515337424,0.6747852760736196,0.0,0.2819018404907976,0.0,0.0,1988-11-25T01:41:50Z,ls5,qd9y2b8127dm,0.2842736946300421,0.6804627567433803,0.03526354862657759
0.05110429447852761,0.666441717791411,0.0,0.2737423312883436,0.0,0.0,1988-12-11T01:41:39Z,ls5,qd9y2b8127dm,0.27614803812353017,0.6722985518009654,0.051553410075504395
0.027730061349693254,0.6861349693251534,0.0,0.27705521472392636,0.0,0.0,1989-01-12T01:41:26Z,ls5,qd9y2b8127dm,0.2795938583457157,0.6924219910846954,0.027984150569588907
0.03159509202453988,0.6908588957055215,0.0,0.26834355828220857,0.0,0.0,1989-01-28T01:41:13Z,ls5,qd9y2b8127dm,0.27083591331269347,0.6972755417956656,0.03188854489164087
0.027546012269938653,0.6876687116564417,0.0,0.27699386503067486,0.0,0.0,1989-02-13T01:41:14Z,ls5,qd9y2b8127dm,0.2791689853459469,0.6930686947381437,0.02776231991590923
,,1.0,,,,1989-03-08T01:46:59Z,ls5,qd9y2b8127dm,,,
0.08128834355828221,0.6203067484662578,0.0,0.28797546012269937,0.0,0.0,1989-03-17T01:40:22Z,ls5,qd9y2b8127dm,0.2910105393676379,0.6268443893366399,0.08214507129572225
0.0787116564417178,0.623558282208589,0.0,0.287239263803681,0.0,0.0,1989-03-24T01:46:19Z,ls5,qd9y2b8127dm,0.2902845805691611,0.6301692603385207,0.0795461590923182
0.08147239263803682,0.5198159509202455,0.0,0.3868711656441718,0.0,0.0,1989-06-05T01:39:27Z,ls5,qd9y2b8127dm,0.3915067982864593,0.5260445768920345,0.08244862482150618
0.10073619631901841,0.50920245398773,0.0,0.37828220858895706,0.0,0.0,1989-06-21T01:39:02Z,ls5,qd9y2b8127dm,0.3827911596722126,0.5152719145766079,0.10193692575117955
,,1.0,,,,1989-07-23T01:38:27Z,ls5,qd9y2b8127dm,,,
0.12392638036809815,0.5143558282208589,0.0,0.3496932515337423,0.0,0.0,1989-08-08T01:38:07Z,ls5,qd9y2b8127dm,0.35394932935916545,0.5206159960258321,0.1254346746150025
0.08447852760736196,0.5642944785276074,0.0,0.34049079754601225,0.0,0.0,1989-09-09T01:37:22Z,ls5,qd9y2b8127dm,0.3441860465116279,0.5704186046511628,0.0853953488372093
0.07042944785276074,0.5766871165644172,0.0,0.3424539877300614,0.0,0.0,1989-09-25T01:36:58Z,ls5,qd9y2b8127dm,0.3460632362058277,0.5827650340979541,0.07117172969621822
,,1.0,,,,1989-10-11T01:36:37Z,ls5,qd9y2b8127dm,,,
,,1.0,,,,1989-11-12T01:35:35Z,ls5,qd9y2b8127dm,,,
0.04473333333333333,0.6886,0.07975460122699385,0.25753333333333334,0.0,0.0,1989-11-19T01:41:04Z,ls5,qd9y2b8127dm,0.25990715198815856,0.6949471842831192,0.045145663728722335
0.03147239263803681,0.7262576687116564,0.0,0.23245398773006135,0.0,0.0,1989-12-14T01:34:45Z,ls5,qd9y2b8127dm,0.23475836431226765,0.733457249070632,0.031784386617100376
,,1.0,,,,1990-01-15T01:33:44Z,ls5,qd9y2b8127dm,,,
0.08028368794326242,0.635886524822695,0.13496932515337423,0.2733333333333334,0.0,0.0,1990-01-31T01:33:14Z,ls5,qd9y2b8127dm,0.2762327981651376,0.6426318807339448,0.08113532110091742
,,1.0,,,,1990-02-16T01:32:42Z,ls5,qd9y2b8127dm,,,
0.056503067484662585,0.6415950920245399,0.0,0.29141104294478526,0.0,0.0,1990-04-05T01:31:16Z,ls5,qd9y2b8127dm,0.294500589001178,0.6483972967945936,0.057102114204228414
0.04828220858895705,0.6211042944785277,0.0,0.3220858895705521,0.0,0.0,1990-04-21T01:31:29Z,ls5,qd9y2b8127dm,0.3248561351401522,0.6264463832683622,0.048697481591485674
0.06914110429447852,0.622760736196319,0.0,0.2977914110429448,0.0,0.0,1990-05-07T01:31:25Z,ls5,qd9y2b8127dm,0.3008926357550211,0.6292462186957599,0.06986114554921893
0.08128834355828223,0.5920245398773006,0.0,0.3158895705521473,0.0,0.0,1990-05-23T01:31:27Z,ls5,qd9y2b8127dm,0.3193376333416026,0.5984867278590921,0.0821756387993054
,,1.0,,,,1990-06-08T01:31:25Z,ls5,qd9y2b8127dm,,,
0.13165644171779142,0.5350306748466258,0.0,0.32190184049079756,0.0,0.0,1990-06-24T01:31:24Z,ls5,qd9y2b8127dm,0.325617475487154,0.5412064043688718,0.13317612014397417
0.11067484662576689,0.5534969325153374,0.0,0.3249079754601227,0.0,0.0,1990-07-10T01:31:22Z,ls5,qd9y2b8127dm,0.3284952239176281,0.5596079890832403,0.11189678699913164
0.12214723926380368,0.5207975460122699,0.0,0.34570552147239264,0.0,0.0,1990-07-26T01:31:18Z,ls5,qd9y2b8127dm,0.3496742165684145,0.526776295376978,0.12354948805460751
,,1.0,,,,1990-08-11T01:31:13Z,ls5,qd9y2b8127dm,,,
0.08484662576687117,0.5728834355828221,0.0,0.33122699386503063,0.0,0.0,1990-08-27T01:31:08Z,ls5,qd9y2b8127dm,0.3349255583126551,0.5792803970223325,0.08579404466501242
0.08447852760736196,0.5952147239263803,0.0,0.3102453987730061,0.0,0.0,1990-09-12T01:31:05Z,ls5,qd9y2b8127dm,0.3133986117997025,0.6012642538423402,0.08533713435795738
0.07779141104294478,0.5990184049079754,0.0,0.31337423312883433,0.0,0.0,1990-09-28T01:30:56Z,ls5,qd9y2b8127dm,0.31648079306071875,0.6049566294919455,0.07856257744733582
0.1443548387096774,0.6088709677419355,0.6196319018404908,0.23774193548387093,0.0,0.0,1990-10-30T01:30:41Z,ls5,qd9y2b8127dm,0.23990885416666663,0.6144205729166666,0.14567057291666666
0.05938650306748467,0.6668098159509203,0.0,0.2641717791411043,0.0,0.0,1990-11-15T01:30:43Z,ls5,qd9y2b8127dm,0.2667410022920151,0.6732949265935699,0.059964071114414916
0.030628930817610065,0.7242767295597484,0.024539877300613466,0.23635220125786163,0.0,0.0,1990-12-17T01:30:41Z,ls5,qd9y2b8127dm,0.23843664742084894,0.7306642979506377,0.03089905462851342
0.03662576687116565,0.7028220858895705,0.0,0.25122699386503067,0.0,0.0,1991-01-02T01:31:07Z,ls5,qd9y2b8127dm,0.2535917760713401,0.7094377012633143,0.03697052266534556
,,1.0,,,,1991-01-09T01:37:27Z,ls5,qd9y2b8127dm,,,
0.048404907975460126,0.7174233128834355,0.0,0.22472392638036806,0.0,0.0,1991-01-18T01:31:34Z,ls5,qd9y2b8127dm,0.22686733556298772,0.724266072092159,0.04886659234485322
,,1.0,,,,1991-02-03T01:31:46Z,ls5,qd9y2b8127dm,,,
0.08128834355828221,0.6847852760736196,0.0,0.22337423312883434,0.0,0.0,1991-02-19T01:32:08Z,ls5,qd9y2b8127dm,0.22575644841269843,0.6920882936507937,0.08215525793650795
0.049631901840490794,0.7008588957055214,0.0,0.24030674846625769,0.0,0.0,1991-03-07T01:32:25Z,ls5,qd9y2b8127dm,0.2425386996904025,0.7073684210526315,0.05009287925696594
0.3247741935483871,0.5143870967741937,0.049079754601227044,0.15180645161290324,0.0,0.0,1991-03-23T01:32:48Z,ls5,qd9y2b8127dm,0.15319010416666667,0.5190755208333334,0.32773437499999997
0.041226993865030676,0.7049693251533742,0.0,0.24552147239263802,0.0,0.0,1991-04-08T01:33:01Z,ls5,qd9y2b8127dm,0.24757191463037426,0.7108567893597278,0.04157129600989793
0.054969325153374236,0.6473619631901841,0.0,0.28828220858895703,0.0,0.0,1991-04-24T01:33:16Z,ls5,qd9y2b8127dm,0.2910138106149749,0.6534960054499288,0.0554901839350963
,,1.0,,,,1991-05-10T01:33:35Z,ls5,qd9y2b8127dm,,,
0.0785276073619632,0.6077914110429448,0.0,0.3039263803680982,0.0,0.0,1991-05-26T01:33:52Z,ls5,qd9y2b8127dm,0.3069202651632489,0.613778576296388,0.07930115854036304
,,1.0,,,,1991-06-27T01:34:18Z,ls5,qd9y2b8127dm,,,
0.13355828220858895,0.48766871165644177,0.0,0.3416564417177914,0.018404907975460124,0.006134969325153374,1991-07-13T01:34:28Z,ls5,qd9y2b8127dm,0.34611898205242964,0.49403838899888014,0.13530275164807673
0.16153374233128834,0.42871165644171777,0.0,0.2885889570552147,0.09202453987730061,0.018404907975460124,1991-08-14T01:34:45Z,ls5,qd9y2b8127dm,0.29211447660039186,0.43394897161639845,0.16350710393044895
0.15171779141104297,0.515521472392638,0.0,0.3219631901840491,0.0,0.0,1991-08-30T01:34:54Z,ls5,qd9y2b8127dm,0.3254775489952865,0.521148598362689,0.1533738526420243
,,1.0,,,,1991-09-15T01:35:08Z,ls5,qd9y2b8127dm,,,
0.05441717791411042,0.6033742331288343,0.0,0.3323312883435583,0.0,0.0,1991-10-01T01:35:13Z,ls5,qd9y2b8127dm,0.3356465704194808,0.609393394881963,0.05496003469855629
0.07117283950617284,0.5948765432098765,0.006134969325153339,0.3240123456790123,0.0,0.0,1991-10-17T01:35:24Z,ls5,qd9y2b8127dm,0.327264792069331,0.6008479331629154,0.07188727476775361
0.05171779141104294,0.5609815950920245,0.0,0.25699386503067484,0.006134969325153374,0.1165644171779141,1991-11-02T01:35:23Z,ls5,qd9y2b8127dm,0.25924183619770386,0.5658886011439017,0.052170176155326896
0.07288343558282208,0.6473006134969326,0.0,0.27018404907975463,0.0,0.0,1991-11-18T01:35:27Z,ls5,qd9y2b8127dm,0.27281174502880506,0.6535959858762311,0.07359226909496375
,,1.0,,,,1991-12-04T01:35:41Z,ls5,qd9y2b8127dm,,,
0.047914110429447855,0.7004294478527607,0.0,0.24233128834355833,0.0,0.0,1991-12-20T01:35:33Z,ls5,qd9y2b8127dm,0.2446123358929899,0.7070225414912064,0.048365122615803814
0.0,0.0,0.14110429447852757,0.0,1.0,0.0,1992-01-05T01:35:30Z,ls5,qd9y2b8127dm,0.0,0.0,0.0
0.04914110429447852,0.7023926380368097,0.0,0.23950920245398777,0.0,0.0,1992-01-21T01:35:30Z,ls5,qd9y2b8127dm,0.24167388882010654,0.7087408691345797,0.04958524204531385
0.04638036809815951,0.6749693251533742,0.0,0.2688343558282208,0.0,0.0,1992-02-22T01:35:25Z,ls5,qd9y2b8127dm,0.2714993804213135,0.6816604708798017,0.04684014869888477
,,1.0,,,,1992-03-09T01:35:25Z,ls5,qd9y2b8127dm,,,
0.05717791411042945,0.6019631901840491,0.0,0.3300613496932515,0.0,0.0,1992-04-10T01:35:13Z,ls5,qd9y2b8127dm,0.3336641032001984,0.6085338625651203,0.057802034234681214
,,1.0,,,,1992-04-26T01:35:05Z,ls5,qd9y2b8127dm,,,
0.11533742331288342,0.5996319018404909,0.0,0.2745398773006135,0.0,0.0,1992-05-12T01:34:58Z,ls5,qd9y2b8127dm,0.2774505549011098,0.605989211978424,0.11656023312046622
0.05361963190184049,0.6160736196319019,0.0,0.32098159509202456,0.0,0.0,1992-05-28T01:34:49Z,ls5,qd9y2b8127dm,0.3240029725043349,0.6218726777309884,0.05412434976467674
,,1.0,,,,1992-06-13T01:34:38Z,ls5,qd9y2b8127dm,,,
0.17809523809523808,0.5945238095238095,0.7423312883435582,0.22023809523809523,0.0,0.0,1992-06-29T01:34:27Z,ls5,qd9y2b8127dm,0.22182254196642687,0.5988009592326139,0.17937649880095924
0.1294478527607362,0.5028220858895706,0.0,0.35625766871165643,0.0,0.0,1992-07-15T01:34:15Z,ls5,qd9y2b8127dm,0.3603922298764972,0.508657605660026,0.13095016446347668
0.12368098159509204,0.5236809815950919,0.0,0.3402453987730061,0.0,0.0,1992-07-31T01:34:02Z,ls5,qd9y2b8127dm,0.34451484656479064,0.5302522052428873,0.12523294819232206
,,1.0,,,,1992-08-07T01:40:07Z,ls5,qd9y2b8127dm,,,
0.0789516129032258,0.6118548387096775,0.23926380368098155,0.29411290322580647,0.0,0.008064516129032258,1992-09-01T01:33:32Z,ls5,qd9y2b8127dm,0.29620803321685246,0.6162134214467397,0.07951402920737552
0.09141104294478528,0.5674233128834356,0.0,0.3308588957055214,0.0,0.0,1992-09-17T01:33:18Z,ls5,qd9y2b8127dm,0.3343044879742127,0.5733325068187454,0.09236300520704191
,,1.0,,,,1992-09-24T01:39:21Z,ls5,qd9y2b8127dm,,,
0.06621428571428571,0.5683571428571428,0.14110429447852757,0.32321428571428573,0.0,0.03571428571428571,1992-10-03T01:32:56Z,ls5,qd9y2b8127dm,0.32540777516167185,0.5722142910411984,0.06666364808284415
0.07085889570552148,0.5899386503067484,0.0,0.32883435582822085,0.0,0.0,1992-10-19T01:32:43Z,ls5,qd9y2b8127dm,0.3322794619056475,0.5961192734486392,0.07160126464571323
0.05668711656441718,0.6519631901840491,0.0,0.2588957055214724,0.006134969325153374,0.018404907975460124,1992-12-06T01:32:27Z,ls5,qd9y2b8127dm,0.26101336109260104,0.6572959687988321,0.05715079280795341
0.07546012269938651,0.6744785276073619,0.0,0.24012269938650307,0.0,0.0,1993-01-07T01:32:47Z,ls5,qd9y2b8127dm,0.24253315156772834,0.6812492254306605,0.07621762300161111
0.06748466257668712,0.6802453987730062,0.0,0.24220858895705524,0.0,0.0,1993-01-23T01:32:58Z,ls5,qd9y2b8127dm,0.24467030242935056,0.6871591472483888,0.06817055032226078
,,1.0,,,,1993-01-30T01:39:13Z,ls5,qd9y2b8127dm,,,
0.029570552147239266,0.7171779141104295,0.0,0.24478527607361966,0.0,0.0,1993-02-08T01:33:09Z,ls5,qd9y2b8127dm,0.24687538670956566,0.7233015715876748,0.02982304170275956
0.07687116564417179,0.662760736196319,0.0,0.24975460122699386,0.0,0.0,1993-02-24T01:33:12Z,ls5,qd9y2b8127dm,0.2524338066596391,0.6698704036708626,0.07769578966949837
,,1.0,,,,1993-03-03T01:39:29Z,ls5,qd9y2b8127dm,,,
0.039141104294478535,0.6728834355828222,0.0,0.2790184049079754,0.0,0.0,1993-03-12T01:33:24Z,ls5,qd9y2b8127dm,0.2815401758078494,0.678964962238455,0.03949486195369569
0.07920245398773006,0.6426993865030675,0.0,0.26711656441717785,0.0,0.0,1993-04-13T01:33:33Z,ls5,qd9y2b8127dm,0.27008250108554055,0.6498356181378327,0.08008188077662677
,,1.0,,,,1993-04-29T01:33:40Z,ls5,qd9y2b8127dm,,,
,,1.0,,,,1993-05-15T01:33:43Z,ls5,qd9y2b8127dm,,,
0.10662576687116564,0.5667484662576687,0.0,0.3150306748466257,0.0,0.0,1993-05-31T01:33:47Z,ls5,qd9y2b8127dm,0.3187263360436968,0.5733970579107442,0.10787660604555893
0.1177914110429448,0.5361963190184049,0.0,0.3351533742331288,0.0,0.0,1993-07-02T01:33:37Z,ls5,qd9y2b8127dm,0.338832723438566,0.5420827389443652,0.1190845376170688
0.13441717791411043,0.5242944785276072,0.0,0.3298159509202454,0.0,0.0,1993-07-18T01:33:38Z,ls5,qd9y2b8127dm,0.3336436417799293,0.5303791969217402,0.13597716129833054
0.1403680981595092,0.5184662576687116,0.0,0.32963190184049085,0.0,0.0,1993-08-03T01:33:37Z,ls5,qd9y2b8127dm,0.3334781529294936,0.52451588877855,0.1420059582919563
0.1344171779141104,0.52920245398773,0.0,0.3242331288343558,0.0,0.0,1993-08-19T01:33:37Z,ls5,qd9y2b8127dm,0.32822009688237486,0.5357098497081109,0.13607005340951434
,,1.0,,,,1993-09-04T01:33:36Z,ls5,qd9y2b8127dm,,,
0.09055214723926382,0.566073619631902,0.0,0.3320245398773006,0.0,0.0,1993-09-20T01:33:34Z,ls5,qd9y2b8127dm,0.33583617747440264,0.572572137759851,0.0915916847657462
,,1.0,,,,1993-10-06T01:33:30Z,ls5,qd9y2b8127dm,,,
0.033496932515337426,0.66,0.0,0.29815950920245393,0.0,0.0,1993-10-22T01:33:22Z,ls5,qd9y2b8127dm,0.3006681514476614,0.6655530809205642,0.033778767631774315
0.028951048951048955,0.7064335664335665,0.12269938650306744,0.25692307692307687,0.0,0.0,1993-11-07T01:33:16Z,ls5,qd9y2b8127dm,0.25891472868217047,0.7119097956307259,0.029175475687103596
0.06098159509202455,0.6784049079754602,0.0,0.2514110429447853,0.0,0.0,1993-11-23T01:33:08Z,ls5,qd9y2b8127dm,0.25374613003095975,0.6847058823529412,0.06154798761609907
0.0849079754601227,0.6777914110429449,0.0,0.227239263803681,0.0,0.0,1993-12-09T01:33:05Z,ls5,qd9y2b8127dm,0.22954883490332176,0.6846802181457611,0.08577094695091719
0.05079754601226995,0.7055214723926381,0.0,0.23368098159509204,0.0,0.0,1993-12-25T01:32:56Z,ls5,qd9y2b8127dm,0.236041395550598,0.7126479519117556,0.051310652537646405
,,1.0,,,,1994-01-10T01:32:43Z,ls5,qd9y2b8127dm,,,
0.04386503067484663,0.7335582822085889,0.0,0.21417177914110427,0.0,0.0,1994-01-26T01:32:30Z,ls5,qd9y2b8127dm,0.2159871311018994,0.7397760316772877,0.04423683722081297
0.05570552147239265,0.7101840490797545,0.0,0.2245398773006135,0.0,0.0,1994-02-27T01:32:05Z,ls5,qd9y2b8127dm,0.2267096134786918,0.7170465807730426,0.056243805748265624
,,1.0,,,,1994-03-06T01:38:10Z,ls5,qd9y2b8127dm,,,
0.053435582822085895,0.6930061349693252,0.0,0.24337423312883436,0.0,0.0,1994-03-15T01:31:51Z,ls5,qd9y2b8127dm,0.24587826949299615,0.7001363580017355,0.05398537250526838
,,1.0,,,,1994-03-22T01:37:55Z,ls5,qd9y2b8127dm,,,
0.07214723926380369,0.6823312883435583,0.0,0.2354601226993865,0.0,0.0,1994-03-31T01:31:35Z,ls5,qd9y2b8127dm,0.2378532473971244,0.6892662369856222,0.07288051561725335
0.06901840490797546,0.6832515337423313,0.0,0.2369938650306749,0.0,0.0,1994-05-02T01:31:01Z,ls5,qd9y2b8127dm,0.23956589147286825,0.6906666666666667,0.06976744186046512
0.2711656441717792,0.4396319018404908,0.0,0.16926380368098157,0.012269938650306749,0.09815950920245399,1994-06-03T01:30:25Z,ls5,qd9y2b8127dm,0.1710927259236133,0.4443821942619113,0.27409563196171477
0.11852760736196322,0.4297546012269938,0.0,0.3238650306748466,0.03067484662576687,0.08588957055214724,1994-07-05T01:29:39Z,ls5,qd9y2b8127dm,0.3280568684382239,0.4353169849232352,0.12006172946062678
0.12662576687116564,0.5030674846625767,0.0,0.3588343558282209,0.0,0.0,1994-07-21T01:29:13Z,ls5,qd9y2b8127dm,0.36299882082790297,0.5089058524173028,0.12809532675479426
0.08963190184049082,0.5330674846625768,0.0,0.36546012269938644,0.0,0.0,1994-08-22T01:28:24Z,ls5,qd9y2b8127dm,0.3698392003476748,0.5394548953870988,0.0907059042652263
0.09687116564417178,0.53920245398773,0.0,0.3174846625766871,0.0,0.03680981595092025,1994-09-07T01:28:00Z,ls5,qd9y2b8127dm,0.32069157836029,0.5446489434219495,0.09784966226684018
0.06496932515337424,0.5860122699386504,0.0,0.33920245398773,0.0,0.0,1994-09-23T01:27:35Z,ls5,qd9y2b8127dm,0.34256505576208174,0.59182156133829,0.06561338289962826
0.046134969325153374,0.64920245398773,0.0,0.29576687116564415,0.0,0.0,1994-10-25T01:26:34Z,ls5,qd9y2b8127dm,0.29842154131847726,0.6550294026617146,0.04654905601980811
0.23512820512820512,0.4834615384615385,0.5214723926380368,0.22076923076923075,0.0,0.05128205128205128,1994-11-10T01:26:00Z,ls5,qd9y2b8127dm,0.22296878772926265,0.4882783382851624,0.23747082270352368
,,1.0,,,,1994-11-26T01:25:28Z,ls5,qd9y2b8127dm,,,
,,1.0,,,,1994-12-12T01:25:00Z,ls5,qd9y2b8127dm,,,
0.08822085889570551,0.673680981595092,0.0,0.22723926380368098,0.0,0.0,1994-12-28T01:24:28Z,ls5,qd9y2b8127dm,0.22973392048626184,0.6810767226942877,0.08918935681945046
0.017791411042944783,0.6803067484662576,0.0,0.2946625766871166,0.0,0.0,1995-01-13T01:23:54Z,ls5,qd9y2b8127dm,0.29681127178346317,0.6852675812631318,0.017921146953405017
0.05142857142857143,0.7299999999999999,0.6993865030674846,0.2116326530612245,0.0,0.0,1995-01-29T01:23:17Z,ls5,qd9y2b8127dm,0.21311138512124955,0.7351006987258528,0.05178791615289766
,,1.0,,,,1995-03-09T01:27:54Z,ls5,qd9y2b8127dm,,,
0.06705521472392638,0.6746625766871166,0.0,0.24754601226993866,0.0,0.0,1995-03-18T01:21:20Z,ls5,qd9y2b8127dm,0.2502325581395349,0.681984496124031,0.0677829457364341
0.07386503067484662,0.6306748466257669,0.0,0.2844171779141104,0.0,0.0,1995-04-19T01:20:02Z,ls5,qd9y2b8127dm,0.2875930521091811,0.6377171215880894,0.07468982630272952
,,1.0,,,,1995-04-26T01:25:54Z,ls5,qd9y2b8127dm,,,
0.08509202453987731,0.5906134969325154,0.0,0.31337423312883433,0.0,0.0,1995-05-05T01:19:19Z,ls5,qd9y2b8127dm,0.3168341396849026,0.5971343505768516,0.08603150973824589
,,1.0,,,,1995-05-12T01:25:11Z,ls5,qd9y2b8127dm,,,
,,1.0,,,,1995-05-21T01:18:36Z,ls5,qd9y2b8127dm,,,
,,1.0,,,,1995-06-13T01:23:42Z,ls5,qd9y2b8127dm,,,
,,1.0,,,,1995-07-24T01:15:40Z,ls5,qd9y2b8127dm,,,
0.15337423312883436,0.4855828220858896,0.0,0.34883435582822087,0.0,0.0,1995-08-25T01:14:13Z,ls5,qd9y2b8127dm,0.3531457673436432,0.49158437364138874,0.155269859014968
0.11613496932515337,0.5095705521472392,0.0,0.3628834355828221,0.0,0.0,1995-09-10T01:13:27Z,ls5,qd9y2b8127dm,0.36707211120764555,0.515452401638327,0.11747548715402756
,,1.0,,,,1995-10-19T01:17:35Z,ls5,qd9y2b8127dm,,,
0.0396319018404908,0.6617791411042944,0.0,0.29092024539877304,0.0,0.0,1995-12-15T01:12:16Z,ls5,qd9y2b8127dm,0.2931684698608965,0.6668933539412674,0.03993817619783617
0.08349693251533744,0.6545398773006135,0.0,0.25202453987730067,0.0,0.0,1996-01-16T01:14:35Z,ls5,qd9y2b8127dm,0.25455446771595,0.6611104226050316,0.08433510967901847
0.0505521472392638,0.6575460122699387,0.0,0.2816564417177914,0.0,0.0,1996-02-17T01:16:48Z,ls5,qd9y2b8127dm,0.28457199528915883,0.66435256926796,0.05107543544288104
0.05380368098159509,0.6668711656441717,0.0,0.2695092024539877,0.0,0.0,1996-03-04T01:17:52Z,ls5,qd9y2b8127dm,0.272180916976456,0.6734820322180918,0.0543370508054523
0.0677914110429448,0.6513496932515338,0.0,0.26975460122699385,0.0,0.0,1996-03-20T01:18:54Z,ls5,qd9y2b8127dm,0.2727836714436379,0.6586636888144426,0.06855263974191947
0.059263803680981594,0.6220245398773007,0.0,0.3085889570552147,0.0,0.0,1996-04-21T01:20:54Z,ls5,qd9y2b8127dm,0.31174465447784316,0.6283854973659746,0.05986984815618221
,,1.0,,,,1996-05-07T01:21:51Z,ls5,qd9y2b8127dm,,,
0.07699386503067485,0.5880981595092024,0.0,0.32447852760736196,0.0,0.0,1996-05-23T01:22:46Z,ls5,qd9y2b8127dm,0.32789832610043396,0.5942963422194668,0.0778053316800992
0.09226993865030675,0.5031901840490798,0.0,0.3931901840490798,0.0,0.0,1996-06-24T01:24:31Z,ls5,qd9y2b8127dm,0.3977040024821595,0.5089668011169718,0.09332919640086874
0.1282822085889571,0.4793865030674846,0.0,0.3803067484662576,0.0,0.0,1996-07-10T01:25:20Z,ls5,qd9y2b8127dm,0.3849354197714853,0.4852210630899155,0.12984351713859915
0.1261349693251534,0.4854601226993865,0.0,0.376319018404908,0.0,0.0,1996-07-26T01:26:12Z,ls5,qd9y2b8127dm,0.3809228094143948,0.49139911817673715,0.12767807240886792
0.09742331288343557,0.4689570552147239,0.0,0.37920245398773006,0.024539877300613498,0.018404907975460124,1996-08-27T01:27:54Z,ls5,qd9y2b8127dm,0.3838031714921553,0.47464673076946046,0.09860531246231072
,,1.0,,,,1996-09-12T01:28:47Z,ls5,qd9y2b8127dm,,,
0.057116564417177905,0.5558895705521473,0.0,0.37723926380368095,0.0,0.0,1996-10-14T01:30:29Z,ls5,qd9y2b8127dm,0.3809553311442909,0.5613654668236169,0.05767920203209218
,,1.0,,,,1996-10-30T01:31:16Z,ls5,qd9y2b8127dm,,,
,,1.0,,,,1996-11-15T01:32:01Z,ls5,qd9y2b8127dm,,,
,,1.0,,,,1996-12-01T01:32:47Z,ls5,qd9y2b8127dm,,,
0.037730061349693256,0.6731288343558283,0.0,0.28092024539877297,0.0,0.0,1996-12-17T01:33:32Z,ls5,qd9y2b8127dm,0.28324879376469125,0.678708400346406,0.03804280588890264
0.048220858895705515,0.6802453987730062,0.0,0.26239263803680984,0.0,0.0,1997-01-02T01:34:18Z,ls5,qd9y2b8127dm,0.2648133242523683,0.6865209584545849,0.04866571729304687
0.051656441717791414,0.6854601226993865,0.0,0.2526993865030675,0.0,0.0,1997-01-18T01:35:03Z,ls5,qd9y2b8127dm,0.2552993677947193,0.6925127060865254,0.05218792611875543
0.022331288343558284,0.7049079754601227,0.0,0.2639877300613497,0.0,0.0,1997-02-03T01:35:46Z,ls5,qd9y2b8127dm,0.26632419384786776,0.7111468713251223,0.022528934827009968
0.0596319018404908,0.6698159509202455,0.0,0.25987730061349695,0.0,0.0,1997-03-07T01:37:06Z,ls5,qd9y2b8127dm,0.26268138410021086,0.6770432841374179,0.06027533176237133
0.04999999999999999,0.6531901840490798,0.0,0.2867484662576687,0.0,0.0,1997-03-23T01:37:42Z,ls5,qd9y2b8127dm,0.28966286564204263,0.6598289538919188,0.05050818046603866
0.05177914110429448,0.5928834355828221,0.0,0.3457055214723927,0.0,0.0,1997-04-08T01:38:18Z,ls5,qd9y2b8127dm,0.3490677073654216,0.5986495694728364,0.05228272316174192
0.06595092024539877,0.6162576687116563,0.0,0.3079754601226994,0.0,0.0,1997-04-24T01:38:52Z,ls5,qd9y2b8127dm,0.31102850061957876,0.622366790582404,0.06660470879801736
,,1.0,,,,1997-05-10T01:39:25Z,ls5,qd9y2b8127dm,,,
0.13379746835443035,0.33367088607594936,0.5153374233128835,0.14835443037974685,0.012658227848101266,0.3670886075949367,1997-05-26T01:39:59Z,ls5,qd9y2b8127dm,0.1494217284400328,0.3360713960477188,0.13476004006921044
0.08699386503067484,0.51920245398773,0.0,0.38288343558282206,0.0,0.0,1997-07-29T01:42:10Z,ls5,qd9y2b8127dm,0.38711078030021084,0.5249348716040193,0.08795434809576975
0.11220858895705521,0.5125766871165643,0.0,0.35736196319018404,0.0,0.006134969325153374,1997-08-14T01:42:41Z,ls5,qd9y2b8127dm,0.3616255733450548,0.5186921313816193,0.11354732594817259
0.08791411042944787,0.5334355828220859,0.0,0.36730061349693255,0.0,0.0,1997-08-30T01:43:11Z,ls5,qd9y2b8127dm,0.3715172199813838,0.5395594166925225,0.08892336332609371
0.08042944785276075,0.5388343558282208,0.0,0.3704294478527607,0.0,0.0,1997-09-15T01:43:38Z,ls5,qd9y2b8127dm,0.37428713116786516,0.5444458219687578,0.08126704686337717
0.061963190184049076,0.5733742331288344,0.0,0.3543558282208589,0.0,0.0,1997-10-17T01:44:31Z,ls5,qd9y2b8127dm,0.35804611951400944,0.5793454004463179,0.0626084800396727
0.06576687116564417,0.6173006134969325,0.0,0.30717791411042944,0.0,0.0,1997-11-02T01:44:57Z,ls5,qd9y2b8127dm,0.3102038287590608,0.6233814509633853,0.06641472027755406
0.04662576687116564,0.6962576687116563,0.0,0.24723926380368097,0.0,0.0,1997-12-20T01:46:07Z,ls5,qd9y2b8127dm,0.24970568188859288,0.703203420286263,0.047090897825144064
0.04079754601226993,0.6927607361963192,0.0,0.2577300613496933,0.0,0.0,1998-01-05T01:46:30Z,ls5,qd9y2b8127dm,0.2599950488921896,0.6988488674340885,0.041156083673721984
0.04809815950920245,0.6978527607361963,0.0,0.24441717791411044,0.0,0.0,1998-01-21T01:46:50Z,ls5,qd9y2b8127dm,0.24679427615684818,0.7046397819488323,0.048565941894319516
0.06828220858895705,0.6822699386503066,0.0,0.23852760736196316,0.0,0.0,1998-02-06T01:47:11Z,ls5,qd9y2b8127dm,0.24116114625976928,0.6898027540007443,0.06903609973948642
0.048220858895705515,0.6851533742331288,0.0,0.256319018404908,0.0,0.0,1998-02-22T01:47:29Z,ls5,qd9y2b8127dm,0.2589883461443095,0.6922886188941235,0.04872303496156707
0.06711656441717792,0.6586503067484663,0.0,0.26368098159509207,0.0,0.0,1998-03-26T01:47:59Z,ls5,qd9y2b8127dm,0.2664930555555556,0.665674603174603,0.06783234126984126
0.06070967741935484,0.5986451612903226,0.049079754601227044,0.24761290322580642,0.04516129032258064,0.03870967741935484,1998-04-11T01:48:10Z,ls5,qd9y2b8127dm,0.25011404366243073,0.604692082111437,0.061322906484196804
,,1.0,,,,1998-05-13T01:48:38Z,ls5,qd9y2b8127dm,,,
,,1.0,,,,1998-05-29T01:48:54Z,ls5,qd9y2b8127dm,,,
0.10276073619631902,0.4965030674846626,0.0,0.38865030674846623,0.0,0.0,1998-07-16T01:49:29Z,ls5,qd9y2b8127dm,0.3934049555983357,0.5025771595354903,0.10401788486617401
,,1.0,,,,1998-08-01T01:49:35Z,ls5,qd9y2b8127dm,,,
0.2785436893203883,0.4251456310679611,0.36809815950920244,0.28563106796116505,0.0,0.0,1998-08-17T01:49:43Z,ls5,qd9y2b8127dm,0.2887144259077527,0.42973503434739935,0.28155053974484784
,,1.0,,,,1998-09-02T01:49:54Z,ls5,qd9y2b8127dm,,,
,,1.0,,,,1998-09-18T01:50:01Z,ls5,qd9y2b8127dm,,,
0.07343558282208588,0.5631901840490798,0.0,0.35288343558282204,0.0,0.0,1998-10-20T01:50:04Z,ls5,qd9y2b8127dm,0.35662471324942646,0.5691611383222767,0.07421414842829685
,,1.0,,,,1998-11-05T01:50:09Z,ls5,qd9y2b8127dm,,,
0.024047619047619047,0.6207142857142858,0.22699386503067487,0.3471428571428571,0.0,0.0,1998-12-07T01:50:12Z,ls5,qd9y2b8127dm,0.3499759961593854,0.6257801248199713,0.024243879020643302
0.023537414965986395,0.6936054421768708,0.09815950920245398,0.2752380952380952,0.0,0.0,1998-12-23T01:50:17Z,ls5,qd9y2b8127dm,0.27735124760076774,0.6989306279133535,0.023718124485878806
0.1853846153846154,0.6255769230769231,0.6809815950920246,0.17923076923076925,0.0,0.0,1999-01-08T01:50:17Z,ls5,qd9y2b8127dm,0.18100602058652168,0.6317731598368616,0.18722081957661682
0.04766871165644172,0.6850920245398773,0.0,0.25717791411042945,0.0,0.0,1999-02-09T01:50:25Z,ls5,qd9y2b8127dm,0.2597917699553793,0.6920550322260783,0.048153197818542395
0.04625766871165644,0.6894478527607362,0.0,0.254601226993865,0.0,0.0,1999-02-25T01:50:28Z,ls5,qd9y2b8127dm,0.2570932969892206,0.6961962582084005,0.04671044480237888
,,1.0,,,,1999-03-13T01:50:17Z,ls5,qd9y2b8127dm,,,
,,1.0,,,,1999-03-29T01:49:59Z,ls5,qd9y2b8127dm,,,
0.07932515337423313,0.5141104294478528,0.0,0.3650920245398773,0.024539877300613498,0.006134969325153374,1999-04-14T01:49:58Z,ls5,qd9y2b8127dm,0.36920468431452,0.5199017399690268,0.08021872909068634
,,1.0,,,,1999-04-21T01:56:09Z,ls5,qd9y2b8127dm,,,
0.08386503067484663,0.5369938650306748,0.0,0.36809815950920244,0.0,0.0,1999-04-30T01:49:56Z,ls5,qd9y2b8127dm,0.37220843672456577,0.5429900744416873,0.08480148883374691
0.10153374233128835,0.30073619631901843,0.0,0.29938650306748466,0.17177914110429449,0.1165644171779141,1999-05-16T01:49:42Z,ls5,qd9y2b8127dm,0.3036533562632528,0.30502228532837405,0.10298080012616463
0.06325153374233128,0.11226993865030672,0.0,0.1322085889570552,0.24539877300613497,0.44171779141104295,1999-06-01T01:49:20Z,ls5,qd9y2b8127dm,0.13442260838935038,0.1141500572401444,0.06431076995332725
0.07085889570552148,0.09325153374233128,0.0,0.1196319018404908,0.22699386503067484,0.48466257668711654,1999-06-17T01:49:11Z,ls5,qd9y2b8127dm,0.12157187862709334,0.0947637207759907,0.07200795887912452
0.05742331288343558,0.1107361963190184,0.0,0.1517791411042945,0.03067484662576687,0.6441717791411042,1999-07-02T02:10:08Z,ls7,qd9y2b8127dm,0.15425301013475756,0.11254110076525359,0.05835926333311765
0.06429447852760736,0.10460122699386504,0.0,0.12711656441717792,0.08588957055214724,0.6134969325153374,1999-07-03T01:49:02Z,ls5,qd9y2b8127dm,0.12909246956355894,0.10622715280205984,0.0652938745668966
,,1.0,,,,1999-07-19T01:48:58Z,ls5,qd9y2b8127dm,,,
0.03515337423312884,0.045092024539877304,0.0,0.058711656441717795,0.07975460122699386,0.7791411042944786,1999-07-27T02:04:05Z,ls7,qd9y2b8127dm,0.05961890058099377,0.04578881079104537,0.03569658310648843
0.05331288343558283,0.05558282208588957,0.0,0.06595092024539877,0.15337423312883436,0.6687116564417178,1999-08-04T01:48:57Z,ls5,qd9y2b8127dm,0.06710795393391453,0.056557959315466574,0.05424819718006674
0.03159509202453988,0.0298159509202454,0.0,0.04110429447852761,0.18404907975460122,0.7116564417177914,1999-08-12T02:04:08Z,ls7,qd9y2b8127dm,0.04181765446648528,0.03033340309061469,0.03214342097050735
0.02877300613496932,0.04319018404907975,0.0,0.060920245398773006,0.22699386503067484,0.6380368098159509,1999-08-19T02:10:15Z,ls7,qd9y2b8127dm,0.061876518872253275,0.04386814631023797,0.029224659970882964
0.03736196319018405,0.05220858895705521,0.0,0.061472392638036805,0.18404907975460122,0.6625766871165644,1999-08-20T01:48:45Z,ls5,qd9y2b8127dm,0.062421194798981325,0.053014407958017075,0.03793863037183595
0.02165644171779141,0.03601226993865031,0.0,0.050981595092024545,0.22085889570552147,0.6687116564417178,1999-09-04T02:10:21Z,ls7,qd9y2b8127dm,0.05181641511329425,0.03660196831709232,0.022011064422374087
0.03386503067484662,0.03257668711656442,0.0,0.036503067484662574,0.3128834355828221,0.5828220858895705,1999-09-05T01:48:17Z,ls5,qd9y2b8127dm,0.03698165358994423,0.03300379505253847,0.03430902988512473
,,1.0,,,,1999-09-13T02:04:05Z,ls7,qd9y2b8127dm,,,
0.04539877300613497,0.05226993865030675,0.0,0.059263803680981594,0.2331288343558282,0.6073619631901841,1999-09-29T02:04:15Z,ls7,qd9y2b8127dm,0.06023686066088824,0.05312816281892006,0.0461441789741794
,,1.0,,,,1999-10-06T02:10:28Z,ls7,qd9y2b8127dm,,,
,,1.0,,,,1999-10-15T02:04:13Z,ls7,qd9y2b8127dm,,,
0.060184049079754595,0.08116564417177913,0.0,0.08809815950920245,0.34355828220858897,0.4233128834355828,1999-10-22T02:10:15Z,ls7,qd9y2b8127dm,0.08951149896656932,0.08246776680555097,0.061149568583707875
,,1.0,,,,1999-10-23T01:47:44Z,ls5,qd9y2b8127dm,,,
,,1.0,,,,1999-10-30T01:53:43Z,ls5,qd9y2b8127dm,,,
0.11521472392638038,0.16914110429447854,0.0,0.16245398773006134,0.32515337423312884,0.22085889570552147,1999-11-07T02:10:19Z,ls7,qd9y2b8127dm,0.16506377992619167,0.1718583237373529,0.11706562639780514
0.022699386503067485,0.7128834355828221,0.0,0.2439263803680982,0.006134969325153374,0.006134969325153374,1999-11-24T01:46:37Z,ls5,qd9y2b8127dm,0.2459736141755218,0.718866548470715,0.022889898703456504
0.0070967741935483875,0.7663225806451613,0.049079754601227044,0.21793548387096776,0.0,0.0,1999-12-02T02:04:02Z,ls7,qd9y2b8127dm,0.2198360015618899,0.7730053364571131,0.007158661980997007
0.02349693251533743,0.727116564417178,0.0,0.2402453987730061,0.0,0.0,1999-12-09T02:10:20Z,ls7,qd9y2b8127dm,0.24246176707324618,0.7338245309887933,0.023713701937960505
0.012578616352201259,0.7576100628930819,0.024539877300613466,0.22194968553459124,0.0,0.0,1999-12-10T01:46:18Z,ls5,qd9y2b8127dm,0.22370839936608558,0.7636133122028526,0.012678288431061805
0.01325153374233129,0.7538650306748466,0.0,0.22429447852760737,0.0,0.0,1999-12-25T02:10:16Z,ls7,qd9y2b8127dm,0.22623762376237624,0.7603960396039603,0.013366336633663366
0.005276073619631902,0.7661963190184049,0.0,0.22067484662576686,0.0,0.0,1999-12-26T01:46:20Z,ls5,qd9y2b8127dm,0.22242146920603512,0.7722606975018551,0.00531783329210982
0.003865030674846626,0.7841717791411041,0.0,0.20496932515337427,0.0,0.0,2000-01-03T02:04:03Z,ls7,qd9y2b8127dm,0.2064129494624985,0.7896947979735572,0.0038922525639441493
0.01128834355828221,0.7604294478527608,0.0,0.21828220858895708,0.0,0.0,2000-01-10T02:10:16Z,ls7,qd9y2b8127dm,0.22048707938278492,0.7681105533866269,0.011402367230588089
0.0098159509202454,0.7844171779141105,0.0,0.19680981595092023,0.0,0.0,2000-01-19T02:04:00Z,ls7,qd9y2b8127dm,0.19858858487062025,0.7915067475547852,0.009904667574594527
0.02198757763975155,0.7184472049689441,0.012269938650306789,0.24987577639751554,0.0,0.0,2000-01-26T02:10:13Z,ls7,qd9y2b8127dm,0.2523206221776217,0.7254766683391871,0.022202709483191165
0.008834355828220859,0.756319018404908,0.0,0.22558282208588953,0.0,0.0,2000-02-04T02:04:01Z,ls7,qd9y2b8127dm,0.22769211715895718,0.7633909220385163,0.008916960802526472
0.01392638036809816,0.7778527607361964,0.0,0.19846625766871168,0.0,0.0,2000-02-20T02:03:53Z,ls7,qd9y2b8127dm,0.2004212874047457,0.7855151477603619,0.01406356483489251
0.0033128834355828224,0.7856441717791411,0.0,0.20153374233128835,0.0,0.0,2000-03-07T02:03:49Z,ls7,qd9y2b8127dm,0.20346856611954164,0.7931867451223289,0.0033446887581294518
0.0252760736196319,0.7395092024539878,0.0,0.2243558282208589,0.0,0.0,2000-03-14T02:09:59Z,ls7,qd9y2b8127dm,0.2268188302425107,0.7476276127271599,0.02555355703032934
0.022085889570552148,0.7443558282208589,0.0,0.22319018404907973,0.0,0.0,2000-03-23T02:03:51Z,ls7,qd9y2b8127dm,0.22552848552476595,0.7521542371830636,0.022317277292170357
0.03907975460122699,0.681963190184049,0.0,0.26791411042944785,0.0,0.0,2000-04-08T02:03:39Z,ls7,qd9y2b8127dm,0.2709057071960298,0.6895781637717122,0.03951612903225807
0.05515337423312883,0.6882208588957056,0.0,0.2447239263803681,0.0,0.0,2000-04-24T02:03:33Z,ls7,qd9y2b8127dm,0.24767167515211722,0.6965106171613064,0.055817707686576415
0.04969325153374233,0.7008588957055215,0.0,0.2395092024539877,0.0,0.0,2000-05-17T02:09:31Z,ls7,qd9y2b8127dm,0.2419134960961705,0.7078944107076465,0.05019209319618291
0.049079754601226995,0.673006134969325,0.0,0.2661963190184049,0.0,0.0,2000-05-26T02:03:12Z,ls7,qd9y2b8127dm,0.2693525358495251,0.6809857843441554,0.049661679806319456
,,1.0,,,,2000-06-27T02:02:56Z,ls7,qd9y2b8127dm,,,
0.10466257668711658,0.568036809815951,0.0,0.31656441717791406,0.0,0.0,2000-07-29T02:02:26Z,ls7,qd9y2b8127dm,0.31999999999999995,0.5742015503875969,0.10579844961240312
0.06478527607361963,0.6011042944785275,0.0,0.3241717791411043,0.0,0.0,2000-08-14T02:02:19Z,ls7,qd9y2b8127dm,0.32742595117114887,0.607138431032346,0.06543561779650514
0.07736196319018405,0.5809815950920245,0.0,0.3307361963190184,0.0,0.0,2000-08-21T02:08:27Z,ls7,qd9y2b8127dm,0.33438779307778194,0.5873961047016499,0.07821610222056817
,,1.0,,,,2000-08-30T02:02:09Z,ls7,qd9y2b8127dm,,,
0.05588957055214724,0.5566257668711657,0.0,0.37760736196319017,0.0,0.0,2000-09-15T02:01:50Z,ls7,qd9y2b8127dm,0.38137431067600214,0.5621785736414896,0.0564471156825082
0.04374233128834356,0.5812269938650306,0.0,0.3640490797546012,0.0,0.0,2000-10-01T02:01:41Z,ls7,qd9y2b8127dm,0.3680913094721171,0.5876806649711556,0.04422802555672725
0.052331288343558276,0.5861349693251533,0.0,0.3495092024539877,0.0,0.0,2000-10-08T02:07:48Z,ls7,qd9y2b8127dm,0.35376304023845007,0.5932687531048186,0.05296820665673124
0.04993865030674847,0.6233128834355828,0.0,0.31576687116564417,0.0,0.0,2000-10-17T02:01:23Z,ls7,qd9y2b8127dm,0.3192729979529806,0.6302338564605173,0.05049314558650208
0.07,0.6678571428571429,0.9141104294478528,0.2507142857142857,0.0,0.0,2000-11-02T02:01:36Z,ls7,qd9y2b8127dm,0.2536127167630058,0.6755780346820809,0.0708092485549133
0.030981595092024538,0.7148466257668712,0.0,0.24447852760736197,0.0,0.0,2000-11-25T02:07:45Z,ls7,qd9y2b8127dm,0.2468715153016974,0.7218436377152768,0.031284846983025645
0.02325153374233129,0.7504294478527607,0.0,0.2166871165644172,0.0,0.0,2000-12-04T02:01:34Z,ls7,qd9y2b8127dm,0.21879452394226603,0.7577278077185158,0.023477668339218244
0.01901840490797546,0.7386503067484663,0.0,0.23294478527607362,0.0,0.0,2000-12-11T02:07:47Z,ls7,qd9y2b8127dm,0.2351520406267418,0.7456493466278565,0.019198612745401623
0.023312883435582826,0.7455828220858896,0.0,0.22153374233128834,0.0,0.0,2000-12-20T02:01:39Z,ls7,qd9y2b8127dm,0.22367443012884045,0.7527874132804757,0.02353815659068385
0.025521472392638037,0.7547239263803681,0.0,0.20975460122699385,0.0,0.0,2001-01-05T02:01:39Z,ls7,qd9y2b8127dm,0.21187333457272106,0.7623474003842102,0.025779265043068725
0.01049079754601227,0.7648466257668711,0.0,0.2158282208588957,0.0,0.0,2001-02-06T02:01:39Z,ls7,qd9y2b8127dm,0.21775191879178013,0.7716637781629117,0.010584303045308245
0.046257668711656444,0.7237423312883435,0.0,0.2192638036809816,0.0,0.0,2001-02-13T02:07:51Z,ls7,qd9y2b8127dm,0.2216434108527132,0.7315968992248061,0.04675968992248062
0.004946236559139785,0.8201075268817204,0.42944785276073616,0.1670967741935484,0.0,0.0,2001-02-22T02:01:38Z,ls7,qd9y2b8127dm,0.16841877099815758,0.8265958599761569,0.004985369025685488
0.018404907975460124,0.7535582822085889,0.0,0.21803680981595097,0.0,0.0,2001-03-01T02:07:44Z,ls7,qd9y2b8127dm,0.2202392018342939,0.7611699820288776,0.01859081613682841
0.03717791411042944,0.7371779141104297,0.0,0.2141104294478528,0.0,0.0,2001-03-10T02:01:34Z,ls7,qd9y2b8127dm,0.21660873882820258,0.7457795431976167,0.03761171797418072
0.040858895705521474,0.7234969325153374,0.0,0.22398773006134967,0.0,0.0,2001-03-17T02:07:40Z,ls7,qd9y2b8127dm,0.22662942271880818,0.7320297951582868,0.04134078212290503
0.058711656441717795,0.7103067484662576,0.0,0.219079754601227,0.0,0.0,2001-03-26T02:01:25Z,ls7,qd9y2b8127dm,0.22171861418105054,0.718862535700981,0.059418850117968464
0.05533742331288343,0.7296932515337423,0.0,0.20306748466257665,0.0,0.0,2001-04-02T02:07:31Z,ls7,qd9y2b8127dm,0.20551347323978642,0.7384825530858066,0.05600397367440706
0.06239263803680981,0.712638036809816,0.0,0.21343558282208588,0.0,0.0,2001-04-18T02:07:32Z,ls7,qd9y2b8127dm,0.21592601787487586,0.7209533267130089,0.06312065541211519
0.05987730061349693,0.7039263803680982,0.0,0.22496932515337426,0.0,0.0,2001-04-27T02:01:19Z,ls7,qd9y2b8127dm,0.22752373270459766,0.7119190916423652,0.060557175653037164
0.08095238095238096,0.6771428571428572,0.8711656441717791,0.22952380952380955,0.0,0.0,2001-05-04T02:07:29Z,ls7,qd9y2b8127dm,0.23240115718418514,0.6856316297010607,0.08196721311475409
0.0,0.0,0.7361963190184049,0.0,0.7674418604651163,0.23255813953488372,2001-05-13T02:01:10Z,ls7,qd9y2b8127dm,0.0,0.0,0.0
0.11350649350649351,0.32694805194805193,0.05521472392638038,0.09246753246753246,0.01948051948051948,0.44155844155844154,2001-05-20T02:07:16Z,ls7,qd9y2b8127dm,0.0935153551213013,0.3306529585925225,0.11479272524721534
0.03883435582822086,0.7814723926380368,0.0,0.1725766871165644,0.0,0.0,2001-05-29T02:01:01Z,ls7,qd9y2b8127dm,0.17381364310430056,0.787073652990608,0.03911270390509145
0.09098159509202454,0.6204907975460122,0.0,0.2777914110429448,0.0,0.0,2001-06-05T02:07:05Z,ls7,qd9y2b8127dm,0.2808062015503876,0.6272248062015504,0.09196899224806201
,,1.0,,,,2001-06-14T02:00:50Z,ls7,qd9y2b8127dm,,,
0.06895705521472392,0.6048466257668712,0.0,0.31576687116564417,0.0,0.0,2001-06-21T02:06:54Z,ls7,qd9y2b8127dm,0.31909485430874146,0.6112213267203968,0.06968381897086175
0.37,0.43,0.9877300613496932,0.18,0.0,0.0,2001-06-30T02:00:35Z,ls7,qd9y2b8127dm,0.1836734693877551,0.4387755102040816,0.37755102040816324
0.11184049079754602,0.5371779141104295,0.0,0.3394478527607362,0.0,0.0,2001-07-16T02:00:35Z,ls7,qd9y2b8127dm,0.3434086395233366,0.5434458788480636,0.1131454816285998
0.08833333333333335,0.5826282051282052,0.042944785276073594,0.31756410256410256,0.0,0.0,2001-07-23T02:06:42Z,ls7,qd9y2b8127dm,0.32125024317489137,0.5893910900719799,0.08935866675312885
0.13588957055214723,0.42024539877300615,0.0,0.2922699386503067,0.09202453987730061,0.049079754601226995,2001-08-01T02:00:23Z,ls7,qd9y2b8127dm,0.29588394975083476,0.4254418672949661,0.1375698884756715
0.1056441717791411,0.4945398773006134,0.0,0.3150306748466257,0.04294478527607362,0.03067484662576687,2001-08-17T02:00:04Z,ls7,qd9y2b8127dm,0.31887405752674947,0.5005732770639002,0.10693303350750977
,,1.0,,,,2001-09-02T01:59:53Z,ls7,qd9y2b8127dm,,,
,,1.0,,,,2001-09-18T01:59:42Z,ls7,qd9y2b8127dm,,,
0.11993865030674847,0.5617177914110429,0.0,0.306319018404908,0.0,0.0,2001-09-25T02:05:52Z,ls7,qd9y2b8127dm,0.31004719324391455,0.5685543964232489,0.12139841033283656
0.05846625766871166,0.5826993865030675,0.0,0.34828220858895703,0.0,0.0,2001-10-04T01:59:30Z,ls7,qd9y2b8127dm,0.35199652777777773,0.5889136904761905,0.05908978174603175
,,1.0,,,,2001-10-20T01:59:32Z,ls7,qd9y2b8127dm,,,
0.05619631901840492,0.6323926380368098,0.0,0.3010429447852761,0.0,0.0,2001-11-05T01:59:37Z,ls7,qd9y2b8127dm,0.3041968879796665,0.6390180397991444,0.05678507222118902
0.030844155844155844,0.668051948051948,0.05521472392638038,0.29207792207792205,0.0,0.0,2001-11-21T01:59:46Z,ls7,qd9y2b8127dm,0.2947382216106415,0.6741366882904134,0.031125090098945023
0.057204968944099384,0.6349068322981366,0.012269938650306789,0.2967080745341615,0.0,0.0,2001-11-28T02:05:59Z,ls7,qd9y2b8127dm,0.30006281407035174,0.6420854271356784,0.05785175879396985
0.04429447852760736,0.6695092024539877,0.0,0.27607361963190186,0.0,0.0,2001-12-07T01:59:47Z,ls7,qd9y2b8127dm,0.27889680818097307,0.676355748373102,0.04474744344592501
0.07506172839506174,0.6451851851851852,0.006134969325153339,0.2692592592592593,0.0,0.0,2001-12-14T02:06:05Z,ls7,qd9y2b8127dm,0.2721147847785403,0.6520274485339987,0.07585776668746101
0.06294478527607361,0.6843558282208589,0.0,0.24184049079754602,0.0,0.0,2001-12-23T01:59:56Z,ls7,qd9y2b8127dm,0.24449544129504436,0.6918687589158345,0.06363579978912112
0.08233128834355828,0.6505521472392638,0.0,0.2556441717791411,0.0,0.0,2001-12-30T02:06:02Z,ls7,qd9y2b8127dm,0.2586110593930367,0.6581021535406194,0.08328678706634395
0.07159509202453988,0.6782208588957055,0.0,0.2383435582822086,0.0,0.0,2002-01-08T01:59:59Z,ls7,qd9y2b8127dm,0.24119947848761408,0.6863475507543304,0.07245297075805551
0.06582822085889571,0.6937423312883436,0.0,0.22944785276073623,0.0,0.0,2002-01-24T02:00:06Z,ls7,qd9y2b8127dm,0.23199553377582038,0.7014453197692451,0.06655914645493456
0.02147239263803681,0.6809202453987729,0.0,0.28883435582822087,0.0,0.0,2002-01-31T02:06:12Z,ls7,qd9y2b8127dm,0.29139072847682124,0.6869468341895154,0.02166243733366343
0.057914110429447864,0.683680981595092,0.0,0.24723926380368097,0.0,0.0,2002-02-09T02:00:08Z,ls7,qd9y2b8127dm,0.25003102121851345,0.691400918228068,0.058568060553418545
0.08196319018404907,0.6546625766871166,0.0,0.25239263803680984,0.0,0.0,2002-02-16T02:06:18Z,ls7,qd9y2b8127dm,0.25519508715340244,0.6619316419576949,0.08287327088890267
0.058220858895705524,0.6907361963190184,0.0,0.23920245398773002,0.0,0.0,2002-02-25T02:00:10Z,ls7,qd9y2b8127dm,0.24206866579747935,0.6990128515552245,0.05891848264729622
0.07263157894736842,0.6321052631578947,0.8834355828220859,0.2836842105263158,0.0,0.0,2002-03-04T02:06:22Z,ls7,qd9y2b8127dm,0.2870074547390842,0.6395101171458999,0.07348242811501599
,,1.0,,,,2002-03-13T02:00:08Z,ls7,qd9y2b8127dm,,,
0.07631901840490798,0.6823926380368097,0.0,0.22987730061349693,0.0,0.0,2002-03-20T02:06:10Z,ls7,qd9y2b8127dm,0.23253071862976296,0.6902693310165074,0.0771999503537297
0.06392638036809817,0.688036809815951,0.0,0.23613496932515335,0.0,0.0,2002-03-29T02:00:03Z,ls7,qd9y2b8127dm,0.23897926238668818,0.6963243511734758,0.06469638643983609
0.109079754601227,0.6611042944785276,0.0,0.218159509202454,0.0,0.0,2002-04-05T02:06:12Z,ls7,qd9y2b8127dm,0.22073246430788332,0.668901303538175,0.11036623215394166
0.0683448275862069,0.6657931034482758,0.11042944785276076,0.2533793103448275,0.0,0.0,2002-04-14T02:00:02Z,ls7,qd9y2b8127dm,0.2565821635589077,0.674209092813744,0.06920874362734829
0.05533742331288343,0.6576687116564418,0.0,0.2764417177914111,0.0,0.0,2002-04-30T02:00:04Z,ls7,qd9y2b8127dm,0.279389880952381,0.6646825396825398,0.05592757936507936
0.10570552147239264,0.5926993865030675,0.0,0.2779754601226994,0.006134969325153374,0.006134969325153374,2002-06-08T02:06:00Z,ls7,qd9y2b8127dm,0.2812067174348389,0.5995890746276712,0.10693426928718325
0.09141104294478528,0.5656441717791412,0.0,0.3309815950920245,0.0,0.0,2002-06-17T01:59:45Z,ls7,qd9y2b8127dm,0.33498913380937595,0.5724930145917417,0.09251785159888233
0.09226993865030676,0.5471165644171779,0.0,0.34865030674846625,0.0,0.0,2002-07-03T01:59:40Z,ls7,qd9y2b8127dm,0.3528717789506365,0.5537410742005588,0.09338714684880474
0.0,0.0,0.049079754601227044,0.0,0.08387096774193549,0.9161290322580645,2002-07-19T01:59:33Z,ls7,qd9y2b8127dm,0.0,0.0,0.0
0.10398773006134969,0.4957055214723927,0.0,0.3341104294478528,0.024539877300613498,0.03067484662576687,2002-08-11T02:05:35Z,ls7,qd9y2b8127dm,0.3380395909268072,0.5015350522748077,0.1052106328720048
0.10711656441717791,0.5324539877300614,0.0,0.32987730061349696,0.006134969325153374,0.012269938650306749,2002-08-20T01:59:22Z,ls7,qd9y2b8127dm,0.3340106828133117,0.539125667869952,0.10845874134127621
0.06588957055214724,0.558957055214724,0.0,0.3651533742331289,0.0,0.0,2002-09-05T01:59:13Z,ls7,qd9y2b8127dm,0.36884179215467555,0.5646030860754787,0.06655512176984568
0.08078947368421054,0.6076315789473684,0.7668711656441718,0.30368421052631583,0.0,0.0,2002-09-21T01:59:01Z,ls7,qd9y2b8127dm,0.3061007957559682,0.6124668435013262,0.08143236074270557
0.07350993377483443,0.5700000000000001,0.07361963190184051,0.3452317880794702,0.0,0.0,2002-09-28T02:05:10Z,ls7,qd9y2b8127dm,0.3491627595445412,0.5764902880107168,0.07434695244474213
0.06214723926380369,0.6036196319018405,0.0,0.32398773006134973,0.0,0.0,2002-10-23T01:59:02Z,ls7,qd9y2b8127dm,0.32734147399739666,0.6098679724787702,0.06279055352383313
0.04478527607361963,0.6597546012269938,0.0,0.28564417177914114,0.0,0.0,2002-11-08T01:59:07Z,ls7,qd9y2b8127dm,0.2884758364312268,0.6662949194547707,0.045229244114002476
0.05214723926380368,0.6758282208588957,0.0,0.26245398773006146,0.0,0.0,2002-11-24T01:59:24Z,ls7,qd9y2b8127dm,0.26499008919722505,0.6823587710604558,0.052651139742319115
0.0977914110429448,0.6595092024539877,0.0,0.23110429447852762,0.0,0.0,2002-12-10T01:59:29Z,ls7,qd9y2b8127dm,0.23381540562348707,0.6672459810067656,0.0989386133697474
0.07779141104294478,0.6555828220858896,0.0,0.25472392638036806,0.0,0.0,2002-12-17T02:05:40Z,ls7,qd9y2b8127dm,0.257792127157581,0.663479448652676,0.07872842418974295
,,1.0,,,,2002-12-26T01:59:35Z,ls7,qd9y2b8127dm,,,
0.08472392638036809,0.657361963190184,0.0,0.2461349693251534,0.0,0.0,2003-01-02T02:05:45Z,ls7,qd9y2b8127dm,0.24906878569654833,0.6651974174323317,0.08573379687111993
,,1.0,,,,2003-01-11T01:59:37Z,ls7,qd9y2b8127dm,,,
0.08159509202453988,0.6780981595092025,0.0,0.2283435582822086,0.0,0.0,2003-01-18T02:05:53Z,ls7,qd9y2b8127dm,0.23110835144365105,0.6863085998137225,0.08258304874262652
0.04619631901840491,0.7430061349693251,0.0,0.20024539877300615,0.0,0.0,2003-01-27T01:59:44Z,ls7,qd9y2b8127dm,0.20238095238095238,0.7509300595238094,0.046688988095238096
0.08417177914110428,0.6424539877300613,0.0,0.26092024539877295,0.0,0.0,2003-02-03T02:06:00Z,ls7,qd9y2b8127dm,0.26421072249487476,0.6505560042243896,0.08523327328073553
0.07098159509202454,0.6768711656441718,0.0,0.2398159509202454,0.0,0.0,2003-02-19T02:06:06Z,ls7,qd9y2b8127dm,0.24281011242934344,0.6853220696937699,0.07186781787688676
0.11018404907975461,0.6544171779141105,0.0,0.22355828220858895,0.0,0.0,2003-02-28T01:59:55Z,ls7,qd9y2b8127dm,0.22623703979636178,0.6622586453094927,0.1115043148941454
0.11300613496932517,0.6465644171779142,0.0,0.22815950920245398,0.0,0.0,2003-03-07T02:06:10Z,ls7,qd9y2b8127dm,0.23099378881987573,0.6545962732919255,0.11440993788819875
,,1.0,,,,2003-03-16T01:59:58Z,ls7,qd9y2b8127dm,,,
0.07294478527607362,0.6690184049079755,0.0,0.24601226993865036,0.0,0.0,2003-03-23T02:06:04Z,ls7,qd9y2b8127dm,0.2490064580228515,0.6771609538002981,0.07383258817685047
0.0601840490797546,0.6654601226993865,0.0,0.26319018404907973,0.0,0.0,2003-04-17T01:59:59Z,ls7,qd9y2b8127dm,0.26616205484551436,0.6729743144310709,0.06086363072341482
0.07987730061349693,0.6596319018404908,0.0,0.24920245398773008,0.0,0.0,2003-05-03T02:00:00Z,ls7,qd9y2b8127dm,0.2520476545048399,0.667163067758749,0.08078927773641101
0.08558282208588958,0.6188343558282207,0.0,0.2858895705521472,0.0,0.0,2003-05-11T01:46:22Z,ls5,qd9y2b8127dm,0.28868789493247426,0.6248915871639201,0.08642051790360551
0.10165644171779141,0.6022085889570552,0.0,0.2847239263803681,0.0,0.0,2003-05-19T01:59:55Z,ls7,qd9y2b8127dm,0.28801042571676805,0.6091597368747673,0.1028298374084647
0.09024539877300614,0.6357668711656442,0.0,0.2637423312883435,0.0,0.0,2003-05-26T02:06:07Z,ls7,qd9y2b8127dm,0.2664724477778466,0.6423479823963306,0.09117956982582286
0.10668711656441718,0.5861963190184049,0.0,0.2960736196319018,0.0,0.0,2003-05-27T01:46:41Z,ls5,qd9y2b8127dm,0.29937965260545907,0.592741935483871,0.10787841191066998
0.1141717791411043,0.5817177914110429,0.0,0.29282208588957054,0.0,0.0,2003-06-12T01:46:58Z,ls5,qd9y2b8127dm,0.29616530156366344,0.5883593943906675,0.1154753040456689
0.11938650306748466,0.5601840490797545,0.0,0.3095092024539878,0.0,0.0,2003-06-28T01:47:21Z,ls5,qd9y2b8127dm,0.3129264359260638,0.5663689368564693,0.12070462721746682
,,1.0,,,,2003-07-22T01:59:46Z,ls7,qd9y2b8127dm,,,
0.11380281690140848,0.5190845070422536,0.1288343558282209,0.35570422535211266,0.0,0.0,2003-07-30T01:47:55Z,ls5,qd9y2b8127dm,0.35980908961390506,0.5250747969796268,0.11511611340646817
0.08854838709677419,0.5540322580645162,0.6196319018404908,0.3470967741935484,0.0,0.0,2003-08-07T01:59:37Z,ls7,qd9y2b8127dm,0.35071707953063885,0.5598109517601044,0.08947196870925685
0.10376146788990824,0.5512844036697248,0.3312883435582822,0.333211009174312,0.0,0.0,2003-08-30T02:05:46Z,ls7,qd9y2b8127dm,0.33717044188637213,0.5578351281099145,0.10499443000371331
0.1346625766871166,0.5166257668711657,0.0,0.3315950920245399,0.0,0.006134969325153374,2003-08-31T01:48:29Z,ls5,qd9y2b8127dm,0.3352999494911395,0.5223979416586282,0.13616713952507886
0.08147239263803682,0.5561963190184049,0.0,0.3454601226993865,0.0,0.006134969325153374,2003-09-16T01:48:45Z,ls5,qd9y2b8127dm,0.3492326981422815,0.5622702257783563,0.08236210675420882
0.05276073619631902,0.5849079754601227,0.0,0.35214723926380365,0.0,0.0,2003-10-02T01:48:57Z,ls5,qd9y2b8127dm,0.35577042270980536,0.5909259947936036,0.05330358249659105
,,1.0,,,,2003-10-10T01:59:17Z,ls7,qd9y2b8127dm,,,
0.038164556962025316,0.5812658227848101,0.030674846625766916,0.3715189873417722,0.0,0.0,2003-10-18T01:49:10Z,ls5,qd9y2b8127dm,0.3749121798556556,0.5865746950245896,0.038513125119754736
,,1.0,,,,2003-10-26T01:59:37Z,ls7,qd9y2b8127dm,,,
0.036730769230769234,0.6614743589743589,0.042944785276073594,0.29288461538461535,0.0,0.0,2003-11-03T01:49:15Z,ls5,qd9y2b8127dm,0.295517754349654,0.6674212534764893,0.03706099217385681
0.026333333333333334,0.7013333333333333,0.8159509202453987,0.2643333333333333,0.0,0.0,2003-11-11T01:59:45Z,ls7,qd9y2b8127dm,0.2664650537634409,0.706989247311828,0.026545698924731187
0.051216216216216214,0.6646621621621622,0.09202453987730064,0.27425675675675676,0.0,0.0,2003-11-27T01:59:55Z,ls7,qd9y2b8127dm,0.27698921796096626,0.6712842909785725,0.0517264910604613
,,1.0,,,,2003-12-05T01:49:45Z,ls5,qd9y2b8127dm,,,
0.04805825242718447,0.6863106796116505,0.36809815950920244,0.2542718446601942,0.0,0.0,2003-12-13T02:00:00Z,ls7,qd9y2b8127dm,0.2571933614848277,0.6941962093685555,0.04861042914661692
0.03883435582822086,0.7092638036809816,0.0,0.24233128834355827,0.0,0.0,2003-12-21T01:49:53Z,ls5,qd9y2b8127dm,0.24467294350842417,0.716117443012884,0.03920961347869178
0.03893203883495146,0.7242718446601941,0.36809815950920244,0.2262135922330097,0.0,0.0,2003-12-29T02:00:08Z,ls7,qd9y2b8127dm,0.22863310764399963,0.7320184476498871,0.03934844470611324
0.038571428571428576,0.7193877551020408,0.39877300613496935,0.23112244897959186,0.0,0.0,2004-01-14T02:00:09Z,ls7,qd9y2b8127dm,0.23367378520581863,0.7273290003095016,0.03899721448467967
0.07384615384615387,0.678076923076923,0.6809815950920246,0.23576923076923076,0.0,0.0,2004-01-21T02:06:25Z,ls7,qd9y2b8127dm,0.23870716510903428,0.6865264797507787,0.07476635514018694
0.03061349693251534,0.7317791411042945,0.0,0.2268711656441718,0.0,0.0,2004-01-22T01:50:03Z,ls5,qd9y2b8127dm,0.22933333333333333,0.739720930232558,0.030945736434108525
0.08235294117647059,0.6761764705882354,0.7914110429447853,0.2288235294117647,0.0,0.0,2004-02-06T02:06:31Z,ls7,qd9y2b8127dm,0.23175454274649984,0.6848376526660709,0.08340780458742925
0.04466257668711656,0.709079754601227,0.0,0.2350920245398773,0.0,0.0,2004-02-07T01:50:08Z,ls5,qd9y2b8127dm,0.23774661868718203,0.7170864871572155,0.045166894155602426
0.03621212121212121,0.7353030303030305,0.5950920245398773,0.21833333333333335,0.0,0.0,2004-02-15T02:00:21Z,ls7,qd9y2b8127dm,0.2205724781876626,0.742844022654217,0.0365834991581203
0.07085889570552148,0.6930674846625767,0.0,0.22521472392638037,0.0,0.0,2004-02-23T01:50:13Z,ls5,qd9y2b8127dm,0.22768715499596848,0.7006760528437636,0.07163679216026794
0.0700625,0.6910624999999999,0.018404907975460127,0.22824999999999998,0.0,0.0,2004-03-02T02:00:23Z,ls7,qd9y2b8127dm,0.23070120025268478,0.6984838913455464,0.0708149084017688
0.0946875,0.6821875,0.803680981595092,0.21,0.0,0.0,2004-03-09T02:06:38Z,ls7,qd9y2b8127dm,0.21279290690310323,0.6912602913236225,0.09594680177327422
0.11791411042944784,0.6520245398773006,0.0,0.2184662576687117,0.0,0.0,2004-03-10T01:50:18Z,ls5,qd9y2b8127dm,0.22102911054559,0.6596735149897585,0.11929737446465145
0.06745762711864407,0.6862711864406779,0.2760736196319018,0.23491525423728815,0.0,0.0,2004-03-18T02:00:30Z,ls7,qd9y2b8127dm,0.23761357791873824,0.6941539516543802,0.06823247042688155
0.07363636363636364,0.6615909090909091,0.7300613496932515,0.25386363636363635,0.0,0.0,2004-03-25T02:06:42Z,ls7,qd9y2b8127dm,0.25666360294117646,0.6688878676470589,0.0744485294117647
0.08030674846625767,0.680122699386503,0.0,0.2283435582822086,0.0,0.0,2004-03-26T01:50:20Z,ls5,qd9y2b8127dm,0.23093627846373396,0.6878451324688217,0.08121858906744431
0.06516339869281046,0.6892156862745099,0.06134969325153372,0.23411764705882357,0.0,0.0,2004-04-03T02:00:30Z,ls7,qd9y2b8127dm,0.23684210526315788,0.6972361809045226,0.06592171383231948
0.05214723926380368,0.6701840490797547,0.0,0.2677300613496933,0.0,0.0,2004-04-11T01:50:47Z,ls5,qd9y2b8127dm,0.27041764778782995,0.6769116371297559,0.052670715082414166
0.065,0.708,0.4478527607361963,0.2164444444444444,0.0,0.0,2004-04-26T02:06:34Z,ls7,qd9y2b8127dm,0.21875350926445816,0.7155530600786075,0.06569343065693431
,,1.0,,,,2004-04-27T01:51:15Z,ls5,qd9y2b8127dm,,,
0.06504,0.6592,0.2331288343558282,0.26439999999999997,0.0,0.0,2004-05-05T02:00:25Z,ls7,qd9y2b8127dm,0.2674380967794141,0.6667745589901278,0.06578734423045801
0.09472392638036811,0.5849693251533742,0.0,0.30907975460122694,0.0,0.0,2004-05-13T01:51:43Z,ls5,qd9y2b8127dm,0.3125891915368865,0.5916113420611777,0.09579946640193587
0.11454545454545455,0.6119191919191919,0.3926380368098159,0.26313131313131316,0.0,0.0,2004-05-21T02:00:25Z,ls7,qd9y2b8127dm,0.26589772379299786,0.618352556905175,0.11574971930182709
0.113984375,0.57171875,0.21472392638036808,0.303046875,0.0,0.0,2004-05-28T02:06:34Z,ls7,qd9y2b8127dm,0.30649494310998737,0.5782237673830595,0.11528128950695322
0.0941717791411043,0.568957055214724,0.0,0.32625766871165646,0.0,0.0,2004-05-29T01:52:10Z,ls5,qd9y2b8127dm,0.32975754945123087,0.5750604576176599,0.09518199293110934
0.048375,0.595375,0.018404907975460127,0.34631249999999997,0.0,0.0,2004-06-06T02:00:20Z,ls7,qd9y2b8127dm,0.3497885234518022,0.6013509248153525,0.04886055173284515
0.10257668711656441,0.510920245398773,0.0,0.3749079754601227,0.0,0.0,2004-06-14T01:52:39Z,ls5,qd9y2b8127dm,0.379306064179753,0.5169139097511017,0.1037800260691453
0.13012269938650306,0.3752760736196319,0.0,0.2445398773006135,0.0,0.24539877300613497,2004-06-30T01:53:08Z,ls5,qd9y2b8127dm,0.2460602495744066,0.3776092691035236,0.13093170831593484
,,1.0,,,,2004-07-08T02:00:14Z,ls7,qd9y2b8127dm,,,
0.1145398773006135,0.48079754601227,0.0,0.3928834355828221,0.0,0.0,2004-07-16T01:53:34Z,ls5,qd9y2b8127dm,0.3975664266203129,0.48652843307673205,0.11590514030295504
0.10673267326732673,0.48316831683168315,0.3803680981595092,0.3966336633663366,0.0,0.0,2004-07-24T02:00:09Z,ls7,qd9y2b8127dm,0.40204737053392214,0.48976314733038945,0.10818948213568849
,,1.0,,,,2004-08-01T01:53:55Z,ls5,qd9y2b8127dm,,,
0.1040490797546012,0.4972392638036809,0.0,0.38650306748466257,0.0,0.0,2004-08-09T02:00:02Z,ls7,qd9y2b8127dm,0.39128004471771943,0.5033848829265263,0.10533507235575429
,,1.0,,,,2004-08-17T01:54:17Z,ls5,qd9y2b8127dm,,,
0.09442622950819674,0.5247540983606558,0.6257668711656441,0.3701639344262295,0.0,0.0,2004-08-25T02:00:01Z,ls7,qd9y2b8127dm,0.3741507870753935,0.5304059652029826,0.09544324772162387
0.09320261437908497,0.509281045751634,0.06134969325153372,0.38516339869281047,0.0,0.0,2004-09-01T02:06:09Z,ls7,qd9y2b8127dm,0.3899808086824168,0.5156508503738998,0.09436834094368342
0.10042944785276074,0.5144171779141103,0.0,0.37349693251533744,0.0,0.0,2004-09-02T01:54:43Z,ls5,qd9y2b8127dm,0.3779019242706394,0.5204841713221601,0.1016139044072005
0.0987116564417178,0.5128220858895706,0.0,0.3769325153374233,0.0,0.0,2004-09-10T01:59:55Z,ls7,qd9y2b8127dm,0.38133068520357494,0.5188058589870904,0.09986345580933466
0.0739795918367347,0.4373469387755103,0.39877300613496935,0.266734693877551,0.08163265306122448,0.1326530612244898,2004-09-18T01:55:08Z,ls5,qd9y2b8127dm,0.26935831381733016,0.441648711943794,0.0747072599531616
,,1.0,,,,2004-09-26T01:59:50Z,ls7,qd9y2b8127dm,,,
0.0801840490797546,0.560122699386503,0.0,0.34852760736196314,0.0,0.0,2004-10-04T01:55:29Z,ls5,qd9y2b8127dm,0.35246308474996896,0.5664474500558382,0.08108946519419283
0.06969325153374233,0.5968711656441718,0.0,0.32466257668711657,0.0,0.0,2004-10-20T01:55:50Z,ls5,qd9y2b8127dm,0.327536052484991,0.602153865197747,0.07031008231726187
0.16698924731182796,0.5836559139784946,0.42944785276073616,0.23731182795698924,0.0,0.0,2004-10-28T02:00:03Z,ls7,qd9y2b8127dm,0.24020461471484544,0.5907705703090989,0.16902481497605573
,,1.0,,,,2004-11-05T01:56:09Z,ls5,qd9y2b8127dm,,,
0.07068749999999999,0.5846875,0.018404907975460127,0.3345625,0.0,0.0,2004-11-13T02:00:10Z,ls7,qd9y2b8127dm,0.3379632552560136,0.590630721636467,0.0714060231075194
0.07214723926380368,0.6049079754601226,0.0,0.3123312883435583,0.0,0.0,2004-11-21T01:56:23Z,ls5,qd9y2b8127dm,0.3156817759037639,0.6113970360265393,0.07292118806969677
,,1.0,,,,2004-11-29T02:00:20Z,ls7,qd9y2b8127dm,,,
0.07157894736842106,0.6178947368421052,0.7668711656441718,0.29947368421052634,0.0,0.0,2004-12-06T02:06:34Z,ls7,qd9y2b8127dm,0.3028206492815328,0.624800425758382,0.07237892496008516
0.0736196319018405,0.6597546012269938,0.0,0.25607361963190184,0.0,0.0,2004-12-07T01:56:46Z,ls5,qd9y2b8127dm,0.2588045634920635,0.6667906746031745,0.0744047619047619
0.42636363636363633,0.4932467532467533,0.5276073619631902,0.07051948051948051,0.0,0.0,2004-12-15T02:00:26Z,ls7,qd9y2b8127dm,0.07122245540398739,0.4981636935991606,0.430613850996852
0.4769325153374232,0.45631901840490796,0.0,0.055092024539877306,0.0,0.0,2004-12-23T01:57:03Z,ls5,qd9y2b8127dm,0.05574177529484794,0.46170080695220367,0.48255741775294847
0.4197777777777778,0.5199999999999999,0.17177914110429449,0.04777777777777778,0.0,0.0,2004-12-31T02:00:35Z,ls7,qd9y2b8127dm,0.048379837983798385,0.5265526552655265,0.4250675067506751
0.461840490797546,0.48631901840490804,0.0,0.039938650306748466,0.0,0.0,2005-01-08T01:57:15Z,ls5,qd9y2b8127dm,0.040419719359245,0.49217682851111394,0.46740345212964113
0.5044155844155844,0.43909090909090914,0.5276073619631902,0.04246753246753246,0.0,0.0,2005-01-16T02:00:38Z,ls7,qd9y2b8127dm,0.043071654373024224,0.44533719704952585,0.5115911485774499
0.4588957055214723,0.48490797546012276,0.0,0.04331288343558282,0.0,0.0,2005-01-24T01:57:28Z,ls5,qd9y2b8127dm,0.04387818520820386,0.49123679303915485,0.4648850217526413
0.4454716981132075,0.5036792452830189,0.3496932515337423,0.036603773584905665,0.0,0.0,2005-02-01T02:00:42Z,ls7,qd9y2b8127dm,0.03713273997511724,0.5109579864101829,0.45190927361469996
0.452760736196319,0.4949693251533743,0.0,0.038404907975460124,0.0,0.0,2005-02-09T01:57:41Z,ls5,qd9y2b8127dm,0.038944879930322265,0.5019285803160384,0.45912653975363943
,,1.0,,,,2005-02-17T02:00:51Z,ls7,qd9y2b8127dm,,,
,,1.0,,,,2005-02-25T01:57:58Z,ls5,qd9y2b8127dm,,,
,,1.0,,,,2005-03-13T01:58:10Z,ls5,qd9y2b8127dm,,,
0.3457407407407408,0.5790740740740742,0.33742331288343563,0.060925925925925925,0.0,0.0,2005-03-21T02:00:56Z,ls7,qd9y2b8127dm,0.06180725154987788,0.5874506857035506,0.3507420627465715
0.3095092024539877,0.6108588957055214,0.0,0.06668711656441718,0.0,0.0,2005-03-29T01:58:17Z,ls5,qd9y2b8127dm,0.06756168810988876,0.6188700354279322,0.31356827646217916
0.24955882352941175,0.6475735294117646,0.16564417177914115,0.09242647058823529,0.0,0.0,2005-04-06T02:00:52Z,ls7,qd9y2b8127dm,0.09340169415960768,0.6544063010848566,0.25219200475553577
0.30027027027027026,0.6278378378378378,0.7730061349693251,0.05918918918918919,0.0,0.0,2005-04-13T02:07:00Z,ls7,qd9y2b8127dm,0.05995072543115249,0.6359156857377498,0.30413358883109776
0.2750920245398773,0.6468711656441718,0.0,0.06730061349693253,0.0,0.0,2005-04-14T01:58:21Z,ls5,qd9y2b8127dm,0.068031007751938,0.6538914728682171,0.278077519379845
0.2814110429447853,0.6244171779141104,0.0,0.08128834355828221,0.0,0.0,2005-04-22T02:00:46Z,ls7,qd9y2b8127dm,0.08234928527035425,0.6325668116842759,0.2850839030453698
0.22906250000000003,0.6848437500000001,0.6073619631901841,0.07796875000000002,0.0,0.0,2005-05-08T02:00:51Z,ls7,qd9y2b8127dm,0.07860743541272842,0.6904536862003781,0.2309388783868935
0.2203061224489796,0.6829591836734694,0.39877300613496935,0.08693877551020408,0.0,0.0,2005-05-24T02:00:50Z,ls7,qd9y2b8127dm,0.08779884583676834,0.6897155812036273,0.22248557295960428
,,1.0,,,,2005-06-01T01:58:41Z,ls5,qd9y2b8127dm,,,
0.1812883435582822,0.5361349693251534,0.0,0.08509202453987731,0.09202453987730061,0.09815950920245399,2005-06-17T01:58:48Z,ls5,qd9y2b8127dm,0.08586612062735116,0.5410122769736277,0.1829375533192665
0.24333333333333335,0.5814035087719299,0.6503067484662577,0.1307017543859649,0.03508771929824561,0.0,2005-06-25T02:00:39Z,ls7,qd9y2b8127dm,0.13199773211950183,0.5871684352268848,0.24574611335536783
0.315,0.528,0.38650306748466257,0.0983,0.04,0.01,2005-07-02T02:06:49Z,ls7,qd9y2b8127dm,0.099208541378944,0.5328800594921916,0.31791139912886435
0.7462500000000001,0.12125,0.950920245398773,0.13,0.0,0.0,2005-07-03T01:58:51Z,ls5,qd9y2b8127dm,0.13032581453634084,0.12155388471177944,0.7481203007518797
0.2417241379310345,0.6101149425287357,0.4662576687116564,0.13724137931034483,0.0,0.0,2005-07-11T02:00:40Z,ls7,qd9y2b8127dm,0.1387565368971528,0.6168506682161533,0.24439279488669377
0.21398773006134966,0.6306134969325153,0.0,0.13846625766871165,0.006134969325153374,0.0,2005-07-19T01:59:02Z,ls5,qd9y2b8127dm,0.13998710523172297,0.6375398558603813,0.21633806958274243
0.1998136645962733,0.6319875776397516,0.012269938650306789,0.1568944099378882,0.0,0.0,2005-07-27T02:00:39Z,ls7,qd9y2b8127dm,0.15868827742178668,0.6392134690287725,0.20209825354944091
0.19411042944785276,0.6336196319018405,0.0,0.16122699386503067,0.0,0.0,2005-08-04T01:59:11Z,ls5,qd9y2b8127dm,0.1630272952853598,0.6406947890818858,0.19627791563275435
,,1.0,,,,2005-08-12T02:00:35Z,ls7,qd9y2b8127dm,,,
0.21295081967213117,0.5416393442622951,0.6257668711656441,0.18426229508196726,0.03278688524590164,0.01639344262295082,2005-08-19T02:06:43Z,ls7,qd9y2b8127dm,0.18661101998872184,0.5485434253049261,0.2156652268374997
0.1473006134969325,0.41957055214723926,0.0,0.12435582822085889,0.2392638036809816,0.06134969325153374,2005-08-20T01:59:17Z,ls5,qd9y2b8127dm,0.12582377223021138,0.4245233242636485,0.14903940657362483
,,1.0,,,,2005-08-28T02:00:28Z,ls7,qd9y2b8127dm,,,
0.14374233128834354,0.6213496932515338,0.0,0.18263803680981597,0.018404907975460124,0.024539877300613498,2005-09-05T01:59:21Z,ls5,qd9y2b8127dm,0.18443509672663963,0.6274634395859611,0.14515667841132568
,,1.0,,,,2005-10-07T01:59:18Z,ls5,qd9y2b8127dm,,,
0.13440944881889763,0.6481102362204725,0.22085889570552142,0.20763779527559054,0.0,0.0,2005-10-15T02:00:21Z,ls7,qd9y2b8127dm,0.2097017892644135,0.6545526838966204,0.1357455268389662
,,1.0,,,,2005-10-22T02:06:38Z,ls7,qd9y2b8127dm,,,
0.09595092024539875,0.7228220858895706,0.0,0.17116564417177912,0.0,0.0,2005-10-23T01:59:17Z,ls5,qd9y2b8127dm,0.1729053049082796,0.7301685671789787,0.09692612791274166
0.13295774647887326,0.6801408450704226,0.5644171779141105,0.17943661971830988,0.0,0.0,2005-10-31T02:00:34Z,ls7,qd9y2b8127dm,0.18078615013480914,0.6852561373634171,0.13395771250177382
0.06613496932515338,0.7711042944785276,0.0,0.15423312883435583,0.0,0.0,2005-11-08T01:59:26Z,ls5,qd9y2b8127dm,0.1555596807128272,0.7777365262050616,0.06670379308211126
0.04232142857142857,0.8054464285714287,0.31288343558282206,0.14482142857142857,0.0,0.0,2005-11-16T02:00:44Z,ls7,qd9y2b8127dm,0.14590267158406042,0.8114599262390932,0.042637402176846265
0.07049079754601227,0.7976687116564416,0.0,0.12245398773006136,0.0,0.0,2005-11-24T01:59:50Z,ls5,qd9y2b8127dm,0.12361429367684403,0.8052269771474577,0.07115872917569828
0.0707843137254902,0.7897058823529413,0.3742331288343558,0.12862745098039216,0.0,0.0,2005-12-02T02:00:50Z,ls7,qd9y2b8127dm,0.13004262067598374,0.7983942908117752,0.07156308851224105
0.08528,0.7884800000000001,0.2331288343558282,0.11656,0.0,0.0,2005-12-18T02:00:52Z,ls7,qd9y2b8127dm,0.11769932950965344,0.7961870910412796,0.08611357944906696
0.0726751592356688,0.8071974522292994,0.036809815950920255,0.11121019108280256,0.0,0.0,2006-01-19T02:01:09Z,ls7,qd9y2b8127dm,0.1122107969151671,0.8144601542416452,0.07332904884318765
0.0843558282208589,0.8103067484662576,0.0,0.09484662576687117,0.0,0.0,2006-01-27T02:01:20Z,ls5,qd9y2b8127dm,0.09585219170438342,0.8188976377952756,0.085250170500341
0.1363963963963964,0.7515315315315314,0.3190184049079755,0.10009009009009008,0.0,0.0,2006-02-04T02:01:15Z,ls7,qd9y2b8127dm,0.10130391173520563,0.760645573082885,0.1380505151819094
0.07239263803680981,0.8093865030674847,0.0,0.10803680981595092,0.0,0.0,2006-02-12T02:01:42Z,ls5,qd9y2b8127dm,0.10914838229825213,0.8177141440436346,0.0731374736581133
0.11595092024539877,0.7733742331288342,0.0,0.10024539877300613,0.0,0.0,2006-02-20T02:01:19Z,ls7,qd9y2b8127dm,0.10130192188468694,0.7815251084934904,0.1171729696218227
0.07319018404907976,0.8152147239263804,0.0,0.10184049079754602,0.0,0.0,2006-02-28T02:02:02Z,ls5,qd9y2b8127dm,0.10284368998203335,0.823245152097144,0.07391115792082276
0.13335570469798658,0.7612080536912751,0.08588957055214719,0.09409395973154361,0.0,0.0,2006-03-08T02:01:20Z,ls7,qd9y2b8127dm,0.09517344375806124,0.769940940872989,0.13488561536894986
0.17040540540540539,0.7314864864864865,0.09202453987730064,0.08567567567567567,0.0,0.0,2006-03-15T02:07:31Z,ls7,qd9y2b8127dm,0.08675424192665572,0.7406951286261632,0.17255062944718114
0.31900000000000006,0.58,0.9386503067484663,0.096,0.0,0.0,2006-04-09T02:01:17Z,ls7,qd9y2b8127dm,0.0964824120603015,0.5829145728643216,0.320603015075377
0.16957055214723926,0.7257668711656442,0.0,0.0919631901840491,0.0,0.0,2006-04-17T02:02:57Z,ls5,qd9y2b8127dm,0.09314608836139938,0.7351022183558069,0.17175169328279374
0.21220858895705524,0.63920245398773,0.0,0.13680981595092023,0.0,0.0,2006-04-25T02:01:16Z,ls7,qd9y2b8127dm,0.1384405264464862,0.6468214551775514,0.2147380183759623
0.1487162162162162,0.7526351351351351,0.09202453987730064,0.08831081081081081,0.0,0.0,2006-05-02T02:07:28Z,ls7,qd9y2b8127dm,0.0892332900935345,0.7604970301085546,0.1502696797979108
0.14159509202453988,0.7408588957055214,0.0,0.10662576687116564,0.0,0.0,2006-05-03T02:03:12Z,ls5,qd9y2b8127dm,0.10780300210891948,0.749038580821238,0.14315841706984245
0.18913043478260871,0.692463768115942,0.5766871165644172,0.10695652173913045,0.0,0.0,2006-05-11T02:01:18Z,ls7,qd9y2b8127dm,0.1081952792845624,0.7004838000293212,0.19132092068611642
0.0983435582822086,0.7669938650306748,0.0,0.1261349693251534,0.0,0.0,2006-05-19T02:03:24Z,ls5,qd9y2b8127dm,0.12721985025679106,0.7735907431470824,0.09918940659612649
0.15059829059829058,0.6911111111111112,0.28220858895705525,0.14871794871794872,0.0,0.0,2006-05-27T02:01:18Z,ls7,qd9y2b8127dm,0.1501553331032102,0.697790818087677,0.15205384880911285
0.1531578947368421,0.7359210526315789,0.5337423312883436,0.10315789473684212,0.0,0.0,2006-06-03T02:07:28Z,ls7,qd9y2b8127dm,0.10396499138045352,0.7416788224373425,0.15435618618220395
0.16,0.7332515337423313,0.0,0.09742331288343559,0.0,0.0,2006-06-04T02:03:39Z,ls5,qd9y2b8127dm,0.09834035174634628,0.7401535793906365,0.16150606886301708
0.1852147239263804,0.6807361963190184,0.0,0.12276073619631903,0.0,0.0,2006-06-12T02:01:15Z,ls7,qd9y2b8127dm,0.12416232315711095,0.6885083147182923,0.1873293621245967
0.1291823899371069,0.7712578616352201,0.024539877300613466,0.09012578616352201,0.0,0.0,2006-06-19T02:07:24Z,ls7,qd9y2b8127dm,0.09098412698412697,0.7786031746031745,0.13041269841269837
,,1.0,,,,2006-06-20T02:03:53Z,ls5,qd9y2b8127dm,,,
0.15666666666666665,0.7133333333333334,0.7791411042944785,0.12111111111111111,0.0,0.0,2006-07-05T02:07:18Z,ls7,qd9y2b8127dm,0.12219730941704035,0.7197309417040358,0.15807174887892375
0.12141104294478527,0.7320858895705522,0.0,0.13699386503067484,0.0,0.0,2006-07-06T02:04:08Z,ls5,qd9y2b8127dm,0.13830907401672346,0.7391142768659028,0.1225766491173738
0.12374999999999999,0.7066176470588235,0.16564417177914115,0.15941176470588236,0.0,0.0,2006-07-14T02:01:02Z,ls7,qd9y2b8127dm,0.16105787088626403,0.7139142708565485,0.12502785825718743
0.10030674846625767,0.7524539877300613,0.0,0.13858895705521473,0.0,0.0,2006-07-22T02:04:21Z,ls5,qd9y2b8127dm,0.13979825484250263,0.7590197413206262,0.10118200383687109
,,1.0,,,,2006-07-29T02:10:37Z,ls5,qd9y2b8127dm,,,
0.13666666666666666,0.7108496732026143,0.06134969325153372,0.14261437908496732,0.0,0.0,2006-07-30T02:00:56Z,ls7,qd9y2b8127dm,0.14403590996105356,0.7179351772394217,0.13802891279952473
,,1.0,,,,2006-08-14T02:10:49Z,ls5,qd9y2b8127dm,,,
,,1.0,,,,2006-08-23T02:04:45Z,ls5,qd9y2b8127dm,,,
0.09325153374233128,0.7657055214723927,0.0,0.13165644171779142,0.0,0.0,2006-09-16T02:00:46Z,ls7,qd9y2b8127dm,0.13290394500526415,0.7729609215334118,0.09413513346132406
0.1368711656441718,0.7332515337423313,0.0,0.1196319018404908,0.0,0.0,2006-09-24T02:05:09Z,ls5,qd9y2b8127dm,0.12087026591458501,0.7408417529287795,0.1382879811566355
0.14477477477477477,0.7031531531531531,0.3190184049079755,0.14072072072072073,0.0,0.0,2006-10-02T02:00:39Z,ls7,qd9y2b8127dm,0.1423364315655185,0.7112265354474212,0.14643703298706034
0.16871165644171782,0.7055828220858895,0.0,0.11460122699386503,0.0,0.0,2006-10-10T02:05:19Z,ls5,qd9y2b8127dm,0.11588808238724488,0.7135058006079782,0.170606117004777
0.13596491228070176,0.7098245614035088,0.3006134969325154,0.14333333333333334,0.0,0.0,2006-10-18T02:00:46Z,ls7,qd9y2b8127dm,0.14490954239091877,0.7176303653777936,0.1374600922312877
0.13957055214723926,0.7376687116564417,0.0,0.11190184049079756,0.0,0.0,2006-10-26T02:05:29Z,ls5,qd9y2b8127dm,0.11313031073621536,0.7457669168268932,0.1411027724368914
0.17755813953488372,0.7076744186046512,0.47239263803680986,0.10465116279069768,0.0,0.0,2006-11-03T02:01:01Z,ls7,qd9y2b8127dm,0.10572066251615177,0.7149066134147775,0.17937272406907084
0.1276073619631902,0.7622699386503068,0.0,0.0994478527607362,0.0,0.0,2006-11-11T02:05:37Z,ls5,qd9y2b8127dm,0.10052089792881061,0.7704948530323701,0.1289842490388193
0.16753086419753088,0.7207407407407407,0.5030674846625767,0.10123456790123458,0.0,0.0,2006-11-19T02:01:13Z,ls7,qd9y2b8127dm,0.10230817217716784,0.7283842794759826,0.1693075483468497
0.19049079754601228,0.7102453987730062,0.0,0.08754601226993865,0.0,0.0,2006-11-27T02:05:46Z,ls5,qd9y2b8127dm,0.08858402135452231,0.7186665838972004,0.19274939474827738
0.168,0.7212307692307691,0.6012269938650308,0.09876923076923076,0.0,0.0,2006-12-05T02:01:21Z,ls7,qd9y2b8127dm,0.0999688570538773,0.7299906571161632,0.17004048582995954
0.1577914110429448,0.7431901840490798,0.0,0.08865030674846626,0.0,0.0,2006-12-13T02:05:54Z,ls5,qd9y2b8127dm,0.08957907135329489,0.7509763808815324,0.15944454776517267
0.11086206896551723,0.6687931034482758,0.6441717791411044,0.12637931034482758,0.0,0.08620689655172414,2006-12-21T02:01:26Z,ls7,qd9y2b8127dm,0.12746153089012108,0.6745201614226188,0.11181141113553594
0.17251533742331288,0.7324539877300613,0.0,0.0834355828220859,0.0,0.0,2006-12-29T02:06:01Z,ls5,qd9y2b8127dm,0.08441437527155361,0.741046489975793,0.17453913475265348
0.14654320987654323,0.7360493827160495,0.006134969325153339,0.10598765432098767,0.0,0.0,2007-01-06T02:01:27Z,ls7,qd9y2b8127dm,0.107211988760537,0.7445519825163909,0.14823602872307212
0.16024539877300617,0.7320858895705521,0.0,0.09613496932515339,0.0,0.0,2007-01-14T02:06:07Z,ls5,qd9y2b8127dm,0.09725670307845086,0.7406281032770605,0.16211519364448862
0.1977777777777778,0.7195238095238095,0.6134969325153374,0.07031746031746032,0.0,0.0,2007-01-22T02:01:30Z,ls7,qd9y2b8127dm,0.07119897139183543,0.7285438765670201,0.20025715204114436
0.1934355828220859,0.706319018404908,0.0,0.08803680981595093,0.0,0.0,2007-01-30T02:06:11Z,ls5,qd9y2b8127dm,0.08912489907459163,0.7150487547357306,0.19582634618967765
0.20930434782608692,0.6876521739130436,0.29447852760736193,0.08991304347826087,0.0,0.0,2007-02-07T02:01:37Z,ls7,qd9y2b8127dm,0.0911093488413076,0.696801480306635,0.21208917085205742
0.20674846625766874,0.6912269938650307,0.0,0.08957055214723927,0.0,0.0,2007-02-15T02:06:13Z,ls5,qd9y2b8127dm,0.09070013045909175,0.6999440889606758,0.20935578058023235
0.20533742331288343,0.6879754601226994,0.0,0.0939877300613497,0.0,0.0,2007-02-23T02:01:42Z,ls7,qd9y2b8127dm,0.09519666935934878,0.6968247063940843,0.20797862424656682
0.18588957055214725,0.7058895705521473,0.0,0.09582822085889571,0.0,0.0,2007-03-03T02:06:12Z,ls5,qd9y2b8127dm,0.09703068704186854,0.7147471735619331,0.18822213939619828
0.22842105263157894,0.6717894736842106,0.4171779141104295,0.08663157894736842,0.0,0.0,2007-03-11T02:01:45Z,ls7,qd9y2b8127dm,0.08778666666666667,0.6807466666666667,0.23146666666666665
0.18306748466257672,0.7336809815950921,0.0,0.07165644171779142,0.0,0.0,2007-03-19T02:06:09Z,ls5,qd9y2b8127dm,0.07249705170380485,0.7422878778474334,0.18521507044876173
,,1.0,,,,2007-03-27T02:01:46Z,ls7,qd9y2b8127dm,,,
0.24580645161290327,0.6593548387096774,0.42944785276073616,0.08193548387096775,0.0,0.0,2007-04-03T02:07:57Z,ls7,qd9y2b8127dm,0.08300653594771243,0.6679738562091503,0.24901960784313731
0.21843137254901962,0.6716993464052288,0.06134969325153372,0.09790849673202615,0.0,0.0,2007-04-04T02:06:06Z,ls5,qd9y2b8127dm,0.09909373552953629,0.6798306542303367,0.22107561024012704
0.21303797468354432,0.679620253164557,0.5153374233128835,0.09468354430379747,0.0,0.0,2007-04-12T02:01:45Z,ls7,qd9y2b8127dm,0.09589743589743589,0.6883333333333334,0.21576923076923077
0.20797546012269943,0.6826993865030674,0.0,0.09723926380368099,0.0,0.0,2007-04-20T02:06:00Z,ls5,qd9y2b8127dm,0.09842886418679751,0.6910513568900205,0.21051977892318208
0.19524822695035463,0.6678723404255319,0.13496932515337423,0.12446808510638298,0.0,0.0,2007-04-28T02:01:42Z,ls7,qd9y2b8127dm,0.12603231597845602,0.6762657091561939,0.19770197486535013
0.12805194805194806,0.7666233766233767,0.05521472392638038,0.09603896103896105,0.0,0.0,2007-05-05T02:07:51Z,ls7,qd9y2b8127dm,0.09693910991675952,0.7738087435275611,0.12925214655567935
0.21840909090909089,0.6429545454545454,0.1901840490797546,0.1262878787878788,0.0,0.0,2007-05-14T02:01:37Z,ls7,qd9y2b8127dm,0.12786684053079697,0.6509933266855872,0.22113983278361585
0.17386503067484663,0.71079754601227,0.0,0.10306748466257669,0.0,0.0,2007-05-22T02:05:41Z,ls5,qd9y2b8127dm,0.10434782608695653,0.7196273291925467,0.1760248447204969
0.1512280701754386,0.6803508771929825,0.3006134969325154,0.15947368421052632,0.0,0.0,2007-05-30T02:01:29Z,ls7,qd9y2b8127dm,0.1609134360063728,0.6864931846344485,0.1525933793591786
0.3647169811320755,0.5279245283018869,0.6748466257668712,0.09735849056603774,0.0,0.0,2007-06-15T02:01:30Z,ls7,qd9y2b8127dm,0.09834190966266437,0.5332570992948351,0.36840099104250046
0.0676875,0.4790000000000001,0.018404907975460127,0.10062499999999999,0.0875,0.2625,2007-06-23T02:05:08Z,ls5,qd9y2b8127dm,0.10104277300376553,0.4809887032924592,0.06796852370377521
,,1.0,,,,2007-07-01T02:01:29Z,ls7,qd9y2b8127dm,,,
0.14846625766871166,0.6938036809815951,0.0,0.147239263803681,0.0,0.0,2007-07-09T02:04:57Z,ls5,qd9y2b8127dm,0.1488002976005952,0.7011594023188046,0.15004030008060015
0.15986754966887418,0.7000662251655628,0.07361963190184051,0.12874172185430463,0.0,0.0,2007-07-17T02:01:26Z,ls7,qd9y2b8127dm,0.1302163574251457,0.7080849353607073,0.16169870721414698
,,1.0,,,,2007-07-25T02:04:49Z,ls5,qd9y2b8127dm,,,
0.1484347826086957,0.6514782608695651,0.29447852760736193,0.1891304347826087,0.0,0.0,2007-08-02T02:01:21Z,ls7,qd9y2b8127dm,0.19122560225074733,0.6586952699138385,0.15007912783541416
0.13895348837209304,0.6838372093023257,0.47239263803680986,0.16999999999999998,0.0,0.0,2007-08-10T02:04:40Z,ls5,qd9y2b8127dm,0.1712344811431248,0.6888029983602718,0.1399625204966034
0.15941176470588234,0.6434453781512606,0.26993865030674846,0.18689075630252103,0.0,0.0,2007-08-18T02:01:15Z,ls7,qd9y2b8127dm,0.18882662591271862,0.6501103752759382,0.16106299881134314
,,1.0,,,,2007-08-26T02:04:30Z,ls5,qd9y2b8127dm,,,
0.13184049079754603,0.6792638036809816,0.0,0.1786503067484663,0.0,0.0,2007-09-02T02:10:36Z,ls5,qd9y2b8127dm,0.18049959709911365,0.6862951713878386,0.1332052315130478
0.1409090909090909,0.6765034965034966,0.12269938650306744,0.17321678321678324,0.0,0.0,2007-09-03T02:01:08Z,ls7,qd9y2b8127dm,0.17485528730763802,0.6829027248341099,0.14224198785825212
0.14734177215189875,0.6556962025316455,0.030674846625766916,0.1870253164556962,0.0,0.0,2007-09-10T02:07:15Z,ls7,qd9y2b8127dm,0.18890238445311003,0.6622770568305313,0.1488205587163588
0.1477914110429448,0.6611656441717793,0.0,0.18184049079754602,0.0,0.0,2007-09-11T02:04:22Z,ls5,qd9y2b8127dm,0.18352941176470586,0.6673065015479877,0.1491640866873065
,,1.0,,,,2007-09-19T02:01:02Z,ls7,qd9y2b8127dm,,,
0.14410714285714285,0.6601785714285714,0.31288343558282206,0.1860714285714286,0.0,0.0,2007-10-05T02:00:53Z,ls7,qd9y2b8127dm,0.18788315903353772,0.6666065632888568,0.1455102776776055
0.11180952380952382,0.6756190476190476,0.35582822085889576,0.20314285714285715,0.0,0.0,2007-10-12T02:07:10Z,ls7,qd9y2b8127dm,0.20507643495817712,0.6820498029035669,0.11287376213825595
0.1222448979591837,0.6081632653061224,0.6993865030674846,0.2583673469387755,0.0,0.0,2007-10-21T02:01:06Z,ls7,qd9y2b8127dm,0.2613003095975232,0.6150670794633643,0.12363261093911251
0.13256637168141594,0.681504424778761,0.3067484662576687,0.1753982300884956,0.0,0.0,2007-11-06T02:01:16Z,ls7,qd9y2b8127dm,0.17726500313031035,0.6887577139790716,0.13397728289061803
,,1.0,,,,2007-11-22T02:01:25Z,ls7,qd9y2b8127dm,,,
0.15924731182795698,0.6988172043010752,0.42944785276073616,0.12935483870967743,0.0,0.0,2007-12-08T02:01:31Z,ls7,qd9y2b8127dm,0.13100294021561584,0.7077207884133725,0.16127627137101166
0.14512605042016805,0.7336134453781512,0.26993865030674846,0.10974789915966388,0.0,0.0,2007-12-24T02:01:34Z,ls7,qd9y2b8127dm,0.11102609878432375,0.7421576128538638,0.14681628836181246
0.09375,0.748125,0.803680981595092,0.1478125,0.0,0.0,2007-12-31T02:07:46Z,ls7,qd9y2b8127dm,0.14935269971581938,0.7559204294284813,0.09472687085569939
0.10707865168539327,0.7753932584269664,0.45398773006134974,0.10640449438202249,0.0,0.0,2008-01-09T02:01:36Z,ls7,qd9y2b8127dm,0.10760140893080332,0.7841154414271106,0.10828314964208613
0.06312883435582821,0.8499386503067486,0.0,0.07723926380368099,0.0,0.0,2008-01-17T02:02:20Z,ls5,qd9y2b8127dm,0.07799529178540453,0.858257960599678,0.06374674761491758
0.0836196319018405,0.8346012269938652,0.0,0.07067484662576687,0.0,0.0,2008-01-24T02:08:22Z,ls5,qd9y2b8127dm,0.0714684533780011,0.8439729511756313,0.08455859544636764
0.08904347826086957,0.7932173913043478,0.29447852760736193,0.10695652173913044,0.0,0.0,2008-01-25T02:01:35Z,ls7,qd9y2b8127dm,0.10812236286919832,0.8018635724331927,0.09001406469760902
0.08858895705521473,0.8153987730061352,0.0,0.08515337423312884,0.0,0.0,2008-02-02T02:02:03Z,ls5,qd9y2b8127dm,0.08608819698567263,0.8243503070148236,0.0895614959995038
0.04165644171779141,0.8362576687116564,0.0,0.11319018404907977,0.0,0.0,2008-02-09T02:08:07Z,ls5,qd9y2b8127dm,0.11420612813370476,0.8437635406994739,0.04203033116682142
0.12179104477611938,0.7734328358208955,0.17791411042944782,0.09343283582089552,0.0,0.0,2008-02-10T02:01:32Z,ls7,qd9y2b8127dm,0.0945048309178744,0.7823067632850241,0.12318840579710143
0.07891891891891892,0.8202702702702703,0.09202453987730064,0.08912162162162163,0.0,0.0,2008-02-18T02:01:46Z,ls5,qd9y2b8127dm,0.09017570246803856,0.8299719696451767,0.07985232788678472
0.12727272727272726,0.7336363636363636,0.9325153374233128,0.12545454545454546,0.0,0.0,2008-02-26T02:01:28Z,ls7,qd9y2b8127dm,0.12718894009216591,0.743778801843318,0.12903225806451613
0.16785276073619637,0.7070552147239264,0.0,0.11294478527607361,0.0,0.0,2008-03-13T02:01:22Z,ls7,qd9y2b8127dm,0.1143336231524034,0.715749596323438,0.1699167805241585
0.18865384615384614,0.7090384615384614,0.042944785276073594,0.08916666666666667,0.0,0.0,2008-03-20T02:07:34Z,ls7,qd9y2b8127dm,0.0903540110425463,0.7184800259824617,0.1911659629749919
0.2261842105263158,0.651578947368421,0.5337423312883436,0.11105263157894739,0.0,0.0,2008-03-29T02:01:23Z,ls7,qd9y2b8127dm,0.1123087159015303,0.6589487691284098,0.22874251497005987
0.21463576158940395,0.6614569536423841,0.07361963190184051,0.11059602649006624,0.0,0.0,2008-04-14T02:01:22Z,ls7,qd9y2b8127dm,0.11208805960131553,0.6703805624538559,0.21753137794482846
,,1.0,,,,2008-04-30T02:01:19Z,ls7,qd9y2b8127dm,,,
0.11253333333333335,0.7214666666666667,0.5398773006134969,0.15560000000000002,0.0,0.0,2008-05-16T02:01:14Z,ls7,qd9y2b8127dm,0.1572352465642684,0.7290487739153867,0.11371597952034493
0.10482993197278911,0.7375510204081632,0.09815950920245398,0.15027210884353742,0.0,0.0,2008-06-01T02:01:06Z,ls7,qd9y2b8127dm,0.1513843201754386,0.7430098684210525,0.10560581140350876
0.0,0.0,0.9570552147239264,0.0,0.0,1.0,2008-06-17T02:00:57Z,ls7,qd9y2b8127dm,0.0,0.0,0.0
0.1293220338983051,0.7798305084745762,0.2760736196319018,0.08161016949152541,0.0,0.0,2008-06-24T02:07:04Z,ls7,qd9y2b8127dm,0.08237105465742878,0.787101188948764,0.1305277563938072
0.10398773006134966,0.7344171779141104,0.0,0.1530061349693252,0.0,0.0,2008-07-03T02:00:47Z,ls7,qd9y2b8127dm,0.15433168316831686,0.740779702970297,0.1048886138613861
0.14555555555555555,0.7241666666666666,0.7791411042944785,0.12055555555555555,0.0,0.0,2008-07-10T02:06:53Z,ls7,qd9y2b8127dm,0.12173913043478261,0.7312762973352034,0.14698457223001404
,,1.0,,,,2008-07-19T02:00:35Z,ls7,qd9y2b8127dm,,,
0.1738983050847458,0.6057627118644067,0.6380368098159509,0.12559322033898304,0.06779661016949153,0.01694915254237288,2008-08-04T02:00:28Z,ls7,qd9y2b8127dm,0.12698060097931257,0.6124543426451594,0.17581929366366364
0.13173076923076923,0.6902564102564103,0.042944785276073594,0.12974358974358974,0.019230769230769232,0.019230769230769232,2008-08-11T02:06:36Z,ls7,qd9y2b8127dm,0.13108061198584536,0.6973695799721259,0.13308826958049022
0.13463917525773195,0.7054639175257733,0.4049079754601227,0.14989690721649485,0.0,0.0,2008-08-20T02:00:22Z,ls7,qd9y2b8127dm,0.1514110173903988,0.7125898156825993,0.13599916692700195
0.054941176470588236,0.7877647058823529,0.4785276073619632,0.14847058823529413,0.0,0.0,2008-08-27T02:06:29Z,ls7,qd9y2b8127dm,0.14979228486646884,0.7947774480712165,0.05543026706231454
0.06813333333333332,0.7964000000000001,0.07975460122699385,0.1272666666666667,0.0,0.0,2008-09-05T02:00:14Z,ls7,qd9y2b8127dm,0.12831888149492504,0.8029844726759426,0.0686966458291322
0.07446808510638298,0.7118085106382979,0.4233128834355828,0.20425531914893616,0.0,0.0,2008-10-07T01:59:55Z,ls7,qd9y2b8127dm,0.20620771130920418,0.7186123939426485,0.07517989474814736
0.12361963190184048,0.6823312883435582,0.0,0.18539877300613494,0.0,0.0,2008-10-15T01:55:20Z,ls5,qd9y2b8127dm,0.18701652329970914,0.6882851661612723,0.12469831053901852
,,1.0,,,,2008-10-23T02:00:03Z,ls7,qd9y2b8127dm,,,
0.12865030674846625,0.6950920245398774,0.0,0.16644171779141104,0.0,0.0,2008-10-31T01:54:47Z,ls5,qd9y2b8127dm,0.16809169764560097,0.7019826517967782,0.12992565055762081
0.08797546012269938,0.7340490797546012,0.0,0.16828220858895707,0.0,0.0,2008-11-08T02:00:18Z,ls7,qd9y2b8127dm,0.16992937678106804,0.7412340478255482,0.08883657539338372
0.11663934426229508,0.6973770491803278,0.25153374233128833,0.17581967213114758,0.0,0.0,2008-11-15T02:06:34Z,ls7,qd9y2b8127dm,0.1776250414044386,0.7045379264657171,0.11783703212984432
0.12866666666666665,0.6838333333333334,0.6319018404907976,0.18,0.0,0.0,2008-11-16T01:54:32Z,ls5,qd9y2b8127dm,0.18136020151133497,0.6890008396305625,0.1296389588581024
0.017483870967741934,0.785225806451613,0.049079754601227044,0.19096774193548385,0.0,0.0,2008-11-24T02:00:30Z,ls7,qd9y2b8127dm,0.19218283339825992,0.7902220490845345,0.017595117517205557
0.17027397260273971,0.671095890410959,0.5521472392638036,0.14986301369863014,0.0,0.0,2008-12-02T01:55:04Z,ls5,qd9y2b8127dm,0.1511885019347706,0.6770315091210615,0.17177998894416804
0.007202797202797203,0.7784615384615385,0.12269938650306744,0.2081818181818182,0.0,0.0,2008-12-10T02:00:41Z,ls7,qd9y2b8127dm,0.20947086968758794,0.7832817337461301,0.007247396566282015
0.1358282208588957,0.7192024539877301,0.0,0.1345398773006135,0.0,0.0,2008-12-18T01:55:33Z,ls5,qd9y2b8127dm,0.13595784252944823,0.7267823930564166,0.13725976441413515
0.10307692307692308,0.7398461538461539,0.2024539877300614,0.14615384615384616,0.0,0.0,2008-12-26T02:00:49Z,ls7,qd9y2b8127dm,0.14776792658267227,0.7480167988800747,0.10421527453725306
0.1371165644171779,0.7247239263803681,0.0,0.1280368098159509,0.0,0.0,2009-01-03T01:55:59Z,ls5,qd9y2b8127dm,0.1293461419274868,0.7321351100092965,0.1385187480632166
0.1691156462585034,0.6986394557823129,0.09815950920245398,0.12013605442176874,0.0,0.0,2009-01-11T02:00:55Z,ls7,qd9y2b8127dm,0.1216085938575954,0.7072028646191985,0.17118854152320614
0.20647619047619048,0.6794285714285715,0.35582822085889576,0.10238095238095238,0.0,0.0,2009-02-12T02:01:07Z,ls7,qd9y2b8127dm,0.10359448780957888,0.6874819311939867,0.2089235809964344
0.20208588957055212,0.6945398773006135,0.0,0.09239263803680983,0.0,0.0,2009-02-20T01:57:14Z,ls5,qd9y2b8127dm,0.09341852242416725,0.7022517213572359,0.2043297562185968
0.06353846153846154,0.37984615384615383,0.6012269938650308,0.05861538461538462,0.03076923076923077,0.46153846153846156,2009-02-28T02:01:16Z,ls7,qd9y2b8127dm,0.05928003960489404,0.384153327518329,0.06425894056908461
0.21266666666666667,0.6788,0.5398773006134969,0.09613333333333332,0.0,0.0,2009-03-16T02:01:24Z,ls7,qd9y2b8127dm,0.09734035371945457,0.6873228027541515,0.21533684352639398
0.1660122699386503,0.7068098159509203,0.0,0.11558282208588957,0.0,0.0,2009-03-24T01:57:59Z,ls5,qd9y2b8127dm,0.11693873750853455,0.7151014834585067,0.16795977903295883
0.21434426229508197,0.6404918032786885,0.25153374233128833,0.1328688524590164,0.0,0.0,2009-04-01T02:01:30Z,ls7,qd9y2b8127dm,0.13452282157676348,0.6484647302904565,0.2170124481327801
0.20705521472392638,0.661042944785276,0.0,0.11920245398773006,0.0,0.0,2009-04-17T02:01:35Z,ls7,qd9y2b8127dm,0.120735723606537,0.6695457652395451,0.20971851115391785
0.13177914110429445,0.713680981595092,0.0,0.14319018404907977,0.0,0.0,2009-04-25T01:58:37Z,ls5,qd9y2b8127dm,0.14483400558485884,0.7218740304064536,0.13329196400868754
0.2101904761904762,0.6463809523809524,0.35582822085889576,0.13028571428571428,0.0,0.0,2009-05-03T02:01:39Z,ls7,qd9y2b8127dm,0.13202084539664158,0.6549893842887473,0.21298977031461108
,,1.0,,,,2009-05-10T02:07:51Z,ls7,qd9y2b8127dm,,,
0.3045833333333333,0.5731944444444443,0.558282208588957,0.11083333333333334,0.0,0.0,2009-05-11T01:58:55Z,ls5,qd9y2b8127dm,0.11211014329867942,0.5797976959820174,0.3080921607193032
0.1735245901639344,0.6898360655737704,0.25153374233128833,0.12426229508196723,0.0,0.0,2009-05-19T02:01:41Z,ls7,qd9y2b8127dm,0.12581957008880407,0.698481201759482,0.17569922815171382
0.1292,0.6988,0.8466257668711656,0.16760000000000003,0.0,0.0,2009-06-04T02:01:41Z,ls7,qd9y2b8127dm,0.16834069907593413,0.7018883085576536,0.1297709923664122
0.02990990990990991,0.7546846846846847,0.3190184049079755,0.20792792792792794,0.0,0.0,2009-06-20T02:01:39Z,ls7,qd9y2b8127dm,0.20949441771807206,0.7603703367522919,0.030135245529636014
0.05723926380368098,0.7372392638036809,0.0,0.19699386503067484,0.0,0.0,2009-06-28T01:59:47Z,ls5,qd9y2b8127dm,0.19868819998762455,0.7435802239960398,0.057731576016335634
0.1380681818181818,0.6348863636363636,0.4601226993865031,0.20568181818181824,0.011363636363636364,0.0,2009-07-13T02:07:45Z,ls7,qd9y2b8127dm,0.20778353671409877,0.6413738229953975,0.13947900392686735
0.11368098159509203,0.6768711656441717,0.0,0.19337423312883434,0.006134969325153374,0.0,2009-07-14T02:00:04Z,ls5,qd9y2b8127dm,0.1953275082109438,0.6837082481254261,0.11482927433847681
0.035178571428571434,0.7364285714285714,0.656441717791411,0.20767857142857143,0.0,0.017857142857142856,2009-07-22T02:01:32Z,ls7,qd9y2b8127dm,0.20828448994477441,0.7385771595290196,0.03528120766906326
0.14830188679245285,0.6136792452830189,0.3496932515337423,0.19830188679245284,0.018867924528301886,0.009433962264150943,2009-07-29T02:07:40Z,ls7,qd9y2b8127dm,0.2006591447059892,0.6209741847347573,0.15006478376680069
0.08984615384615384,0.6935384615384617,0.6012269938650308,0.20861538461538465,0.0,0.0,2009-08-07T02:01:26Z,ls7,qd9y2b8127dm,0.21029776674937967,0.6991315136476427,0.09057071960297765
,,1.0,,,,2009-08-15T02:00:33Z,ls5,qd9y2b8127dm,,,
0.0923404255319149,0.6474468085106383,0.13496932515337423,0.23872340425531913,0.0,0.014184397163120567,2009-08-23T02:01:25Z,ls7,qd9y2b8127dm,0.24050556781539,0.652280252105376,0.09302978291611344
0.09625766871165643,0.6649079754601227,0.0,0.22963190184049084,0.0,0.0,2009-08-31T02:00:47Z,ls5,qd9y2b8127dm,0.23176470588235298,0.6710835913312693,0.09715170278637769
0.14386861313868612,0.5949635036496351,0.1595092024539877,0.2510948905109489,0.0,0.0,2009-09-08T02:01:24Z,ls7,qd9y2b8127dm,0.25364990414393157,0.6010175490340658,0.14533254682200264
,,1.0,,,,2009-09-16T02:01:00Z,ls5,qd9y2b8127dm,,,
0.11030303030303032,0.6316161616161616,0.3926380368098159,0.24939393939393936,0.0,0.0,2009-09-24T02:01:23Z,ls7,qd9y2b8127dm,0.25157937640105965,0.6371510087629916,0.11126961483594866
0.08950704225352113,0.6392957746478873,0.1288343558282209,0.261056338028169,0.0,0.0,2009-10-01T02:07:32Z,ls7,qd9y2b8127dm,0.2637307911212294,0.6458451906659078,0.09042401821286283
0.08030674846625767,0.6538650306748466,0.0,0.2561349693251534,0.0,0.0,2009-10-02T02:01:12Z,ls5,qd9y2b8127dm,0.2586420517903606,0.6602651468219551,0.08109280138768431
,,1.0,,,,2009-10-10T02:01:17Z,ls7,qd9y2b8127dm,,,
0.11461538461538463,0.6290109890109891,0.44171779141104295,0.24549450549450547,0.0,0.0,2009-10-17T02:07:35Z,ls7,qd9y2b8127dm,0.24819464503944003,0.6359293411843129,0.1158760137762471
0.09429447852760736,0.6575460122699387,0.0,0.239079754601227,0.0,0.0,2009-10-18T02:01:22Z,ls5,qd9y2b8127dm,0.24127043090638928,0.6635710747894997,0.09515849430411094
,,1.0,,,,2009-11-03T02:01:30Z,ls5,qd9y2b8127dm,,,
,,1.0,,,,2009-11-10T02:07:44Z,ls5,qd9y2b8127dm,,,
0.08538961038961038,0.7057792207792207,0.05521472392638038,0.20012987012987013,0.0,0.0,2009-11-11T02:01:48Z,ls7,qd9y2b8127dm,0.20188654526398533,0.7119743220227958,0.08613913271321891
0.029263803680981592,0.7515950920245399,0.0,0.21226993865030672,0.0,0.0,2009-11-19T02:01:37Z,ls5,qd9y2b8127dm,0.21373857178156655,0.7567951569063504,0.02946627131208302
0.17349693251533743,0.6394478527607361,0.0,0.17558282208588954,0.0,0.0,2009-11-27T02:01:59Z,ls7,qd9y2b8127dm,0.1776205548315025,0.6468689877738472,0.1755104573946503
0.15905405405405404,0.6464864864864865,0.09202453987730064,0.18283783783783786,0.0,0.0,2009-12-04T02:08:15Z,ls7,qd9y2b8127dm,0.18498769483182936,0.6540880503144654,0.16092425485370518
,,1.0,,,,2009-12-05T02:01:46Z,ls5,qd9y2b8127dm,,,
,,1.0,,,,2009-12-13T02:02:11Z,ls7,qd9y2b8127dm,,,
0.18463768115942028,0.6236231884057971,0.5766871165644172,0.17942028985507244,0.0,0.0,2009-12-20T02:08:30Z,ls7,qd9y2b8127dm,0.18165810711665442,0.6314013206162876,0.18694057226705796
0.19433070866141733,0.6509448818897637,0.22085889570552142,0.14440944881889764,0.0,0.0,2009-12-29T02:02:29Z,ls7,qd9y2b8127dm,0.14591455167475537,0.6577293340759011,0.19635611424934363
0.2570186335403727,0.6029192546583851,0.012269938650306789,0.12881987577639753,0.0,0.0,2010-01-14T02:02:44Z,ls7,qd9y2b8127dm,0.13028456561341795,0.6097744833218167,0.2599409510647654
0.28030674846625764,0.5907361963190183,0.0,0.11687116564417181,0.0,0.0,2010-01-22T02:02:03Z,ls5,qd9y2b8127dm,0.11830093771346958,0.5979631124635161,0.28373594982301437
0.2319607843137255,0.622483660130719,0.06134969325153372,0.13411764705882356,0.0,0.0,2010-01-30T02:02:58Z,ls7,qd9y2b8127dm,0.13566942148760333,0.6296859504132232,0.23464462809917355
0.23873949579831935,0.6163025210084034,0.26993865030674846,0.13252100840336134,0.0,0.0,2010-02-15T02:03:09Z,ls7,qd9y2b8127dm,0.13418992511912864,0.6240639891082369,0.24174608577263446
0.3187730061349693,0.5539263803680982,0.0,0.11539877300613498,0.0,0.0,2010-02-23T02:02:10Z,ls5,qd9y2b8127dm,0.11678877436980009,0.5605985347075624,0.3226126909226375
0.2531875,0.6126875,0.018404907975460127,0.12174999999999998,0.0,0.0,2010-03-03T02:03:17Z,ls7,qd9y2b8127dm,0.12327553474243765,0.620364510821415,0.2563599544361473
,,1.0,,,,2010-03-10T02:09:31Z,ls7,qd9y2b8127dm,,,
,,1.0,,,,2010-03-19T02:03:23Z,ls7,qd9y2b8127dm,,,
,,1.0,,,,2010-04-04T02:03:27Z,ls7,qd9y2b8127dm,,,
0.05604166666666668,0.7777083333333333,0.41104294478527603,0.1578125,0.0,0.0,2010-04-11T02:09:38Z,ls7,qd9y2b8127dm,0.15915537346359912,0.7843260846727598,0.05651854186364115
0.25,0.52,0.9938650306748467,0.22,0.0,0.0,2010-04-20T02:03:27Z,ls7,qd9y2b8127dm,0.22222222222222224,0.5252525252525253,0.25252525252525254
0.08820512820512821,0.7283333333333335,0.5214723926380368,0.17358974358974358,0.0,0.0,2010-04-27T02:09:37Z,ls7,qd9y2b8127dm,0.17532047131943543,0.7355949760455782,0.08908455263498641
0.1112269938650307,0.7034969325153373,0.0,0.17429447852760735,0.0,0.0,2010-04-28T02:02:03Z,ls5,qd9y2b8127dm,0.176229762421686,0.7113082314992866,0.1124620060790274
0.11067484662576686,0.6996319018404907,0.0,0.17889570552147238,0.0,0.0,2010-05-06T02:03:24Z,ls7,qd9y2b8127dm,0.18084842470850906,0.7072686678243612,0.11188290746712974
0.0983435582822086,0.6916564417177914,0.0,0.19926380368098157,0.0,0.0,2010-05-14T02:02:01Z,ls5,qd9y2b8127dm,0.20142635658914723,0.6991627906976744,0.0994108527131783
0.10459016393442624,0.6994262295081967,0.25153374233128833,0.1855737704918033,0.0,0.0,2010-05-29T02:09:33Z,ls7,qd9y2b8127dm,0.1875258842044231,0.7067837322952041,0.10569038350037274
0.12954128440366974,0.6574311926605504,0.3312883435582822,0.2024770642201835,0.0,0.0,2010-06-30T02:09:36Z,ls7,qd9y2b8127dm,0.2046360686138155,0.6644413537320352,0.1309225776541493
0.12954545454545455,0.6462121212121211,0.5950920245398773,0.2131818181818182,0.0,0.0,2010-07-25T02:03:28Z,ls7,qd9y2b8127dm,0.2155661100045963,0.6534395587559368,0.13099433123946683
0.08305555555555556,0.7238888888888889,0.7791411042944785,0.18305555555555555,0.0,0.0,2010-08-01T02:09:38Z,ls7,qd9y2b8127dm,0.18490460157126823,0.7312008978675646,0.08389450056116723
0.14355072463768118,0.6457971014492754,0.15337423312883436,0.1991304347826087,0.0,0.0,2010-08-10T02:03:26Z,ls7,qd9y2b8127dm,0.20145150648779414,0.6533245363243164,0.14522395718788947
0.1377064220183486,0.6171559633027522,0.3312883435582822,0.19926605504587155,0.01834862385321101,0.01834862385321101,2010-08-26T02:03:30Z,ls7,qd9y2b8127dm,0.201182074805928,0.6230901552575864,0.13903052223006349
0.10493421052631578,0.6552631578947368,0.06748466257668717,0.2168421052631579,0.0,0.013157894736842105,2010-09-02T02:09:42Z,ls7,qd9y2b8127dm,0.21901768089336532,0.6618374094957277,0.10598701487406482
0.06829787234042553,0.7086170212765955,0.4233128834355828,0.214468085106383,0.0,0.0,2010-09-11T02:03:32Z,ls7,qd9y2b8127dm,0.216332224487606,0.7147762635475908,0.0688915119648031
0.07495238095238095,0.6883809523809524,0.35582822085889576,0.22704761904761905,0.0,0.0,2010-09-27T02:03:31Z,ls7,qd9y2b8127dm,0.22925281277045867,0.6950668333493605,0.07568035388018078
0.0955,0.6658000000000002,0.38650306748466257,0.2279,0.0,0.0,2010-10-13T02:03:36Z,ls7,qd9y2b8127dm,0.23038819247877068,0.6730691467852811,0.09654266073594822
0.10441717791411043,0.6787730061349693,0.0,0.20674846625766874,0.0,0.0,2010-10-29T02:03:45Z,ls7,qd9y2b8127dm,0.2088497768963808,0.6856717897868121,0.10547843331680713
0.06188679245283019,0.7377358490566037,0.3496932515337423,0.19113207547169808,0.0,0.0,2010-11-14T02:03:57Z,ls7,qd9y2b8127dm,0.1929156351171205,0.7446200723671681,0.0624642925157113
0.10880733944954128,0.7222018348623853,0.3312883435582822,0.15908256880733945,0.0,0.0,2010-11-30T02:04:08Z,ls7,qd9y2b8127dm,0.16067457375833952,0.7294292068198667,0.10989621942179394
0.0603921568627451,0.7234640522875817,0.06134969325153372,0.20751633986928106,0.0,0.0,2010-12-07T02:10:23Z,ls7,qd9y2b8127dm,0.20932225738396623,0.7297600210970464,0.06091772151898734
,,1.0,,,,2010-12-08T02:01:02Z,ls5,qd9y2b8127dm,,,
,,1.0,,,,2010-12-23T02:10:30Z,ls7,qd9y2b8127dm,,,
0.013291139240506329,0.8205063291139242,0.030674846625766916,0.15955696202531647,0.0,0.0,2010-12-24T02:01:07Z,ls5,qd9y2b8127dm,0.16062440267601147,0.8259955399808857,0.013380057343102898
0.11763975155279503,0.7267701863354038,0.012269938650306789,0.14590062111801244,0.0,0.0,2011-01-01T02:04:25Z,ls7,qd9y2b8127dm,0.14732814851981937,0.7338810837932765,0.11879076768690416
0.039938650306748466,0.7823312883435583,0.0,0.16987730061349693,0.0,0.0,2011-01-09T02:01:10Z,ls5,qd9y2b8127dm,0.1712218649517685,0.7885233737323769,0.040254761315854565
0.11680981595092024,0.7339263803680981,0.0,0.13785276073619632,0.0,0.0,2011-01-25T02:01:10Z,ls5,qd9y2b8127dm,0.13944396177237187,0.7423979148566464,0.11815812337098176
0.10640625000000001,0.7018749999999998,0.6073619631901841,0.18093749999999997,0.0,0.0,2011-02-02T02:04:38Z,ls7,qd9y2b8127dm,0.18290949297109463,0.7095245616806191,0.10756594534828624
0.0673006134969325,0.7659509202453988,0.0,0.15723926380368097,0.0,0.0,2011-02-10T02:01:13Z,ls5,qd9y2b8127dm,0.15874883864973677,0.7733044286156705,0.06794673273459274
0.1934920634920635,0.6471428571428574,0.6134969325153374,0.14730158730158732,0.0,0.0,2011-02-18T02:04:42Z,ls7,qd9y2b8127dm,0.14910025706940871,0.6550449871465296,0.19585475578406164
0.10711656441717791,0.7239263803680982,0.0,0.1583435582822086,0.0,0.0,2011-02-26T02:01:12Z,ls5,qd9y2b8127dm,0.16004216531282944,0.7316921932163453,0.10826564147082532
0.16541666666666666,0.6790277777777778,0.558282208588957,0.1448611111111111,0.0,0.0,2011-03-06T02:04:47Z,ls7,qd9y2b8127dm,0.1464270672469465,0.6863681033272497,0.16720482942580372
0.2211656441717791,0.6098773006134969,0.0,0.15644171779141106,0.0,0.0,2011-03-22T02:04:47Z,ls7,qd9y2b8127dm,0.15842445328031812,0.6176068588469185,0.22396868787276342
0.24865030674846628,0.597116564417178,0.0,0.14257668711656443,0.0,0.0,2011-03-30T02:01:03Z,ls5,qd9y2b8127dm,0.1442582247051521,0.6041589075108629,0.2515828677839851
0.12176470588235294,0.6445882352941177,0.4785276073619632,0.22270588235294117,0.0,0.0,2011-04-07T02:04:52Z,ls7,qd9y2b8127dm,0.22516950160580468,0.6517188057571072,0.12311169263708814
0.15181818181818182,0.6584090909090908,0.7300613496932515,0.17636363636363636,0.0,0.0,2011-04-14T02:11:02Z,ls7,qd9y2b8127dm,0.1787606542271366,0.667357751670122,0.15388159410274133
0.14822085889570555,0.6722699386503067,0.0,0.1679754601226994,0.0,0.0,2011-04-15T02:00:58Z,ls5,qd9y2b8127dm,0.16993545183714004,0.6801142005958292,0.14995034756703082
0.12477272727272727,0.6904545454545454,0.7300613496932515,0.17113636363636364,0.0,0.0,2011-04-23T02:04:50Z,ls7,qd9y2b8127dm,0.17350230414746545,0.7,0.12649769585253456
0.14753968253968253,0.6162698412698413,0.22699386503067487,0.22412698412698412,0.0,0.0,2011-04-30T02:11:02Z,ls7,qd9y2b8127dm,0.22686375321336757,0.6237949871465296,0.1493412596401028
0.11472392638036812,0.6626993865030675,0.0,0.21184049079754602,0.0,0.0,2011-05-01T02:00:52Z,ls5,qd9y2b8127dm,0.21413953488372095,0.669891472868217,0.11596899224806204
0.13037267080745343,0.6562732919254658,0.012269938650306789,0.20242236024844723,0.0,0.0,2011-05-09T02:04:50Z,ls7,qd9y2b8127dm,0.2046596332579754,0.6635267520723436,0.131813614669681
0.36361290322580647,0.45309677419354843,0.049079754601227044,0.1716774193548387,0.0,0.0,2011-05-25T02:04:49Z,ls7,qd9y2b8127dm,0.17369451697127936,0.458420365535248,0.3678851174934726
0.10383561643835615,0.6706849315068493,0.5521472392638036,0.2150684931506849,0.0,0.0,2011-06-10T02:04:50Z,ls7,qd9y2b8127dm,0.21733111849390918,0.6777408637873754,0.10492801771871539
0.13962962962962963,0.6267901234567902,0.5030674846625767,0.2228395061728395,0.0,0.0,2011-06-26T02:04:46Z,ls7,qd9y2b8127dm,0.2252589541994259,0.6335954074628728,0.14114563833770122
0.13079754601226995,0.5929447852760736,0.0,0.25282208588957056,0.006134969325153374,0.006134969325153374,2011-07-12T02:04:46Z,ls7,qd9y2b8127dm,0.255712751779249,0.5997242771042081,0.13229303246623608
0.14511278195488722,0.6030827067669172,0.18404907975460127,0.24037593984962405,0.0,0.0,2011-07-19T02:10:56Z,ls7,qd9y2b8127dm,0.2431548524490417,0.6100547611804077,0.14679038637055067
0.032857142857142856,0.6557142857142857,0.9141104294478528,0.30357142857142855,0.0,0.0,2011-07-28T02:04:43Z,ls7,qd9y2b8127dm,0.30597552195824335,0.6609071274298056,0.03311735061195104
0.2002777777777778,0.5166666666666667,0.33742331288343563,0.2614814814814815,0.009259259259259259,0.0,2011-08-04T02:10:52Z,ls7,qd9y2b8127dm,0.26477257990459463,0.5231696161004384,0.2027985447357076
0.12975460122699387,0.581840490797546,0.0,0.25920245398773006,0.012269938650306749,0.006134969325153374,2011-08-05T02:00:09Z,ls5,qd9y2b8127dm,0.2620853933141861,0.5883119219388736,0.13119777677148015
0.09769230769230769,0.5871153846153846,0.3619631901840491,0.26615384615384613,0.019230769230769232,0.019230769230769232,2011-08-13T02:04:39Z,ls7,qd9y2b8127dm,0.26911410126779184,0.5936454849498327,0.0987788753208369
0.1140268456375839,0.5543624161073825,0.08588957055214719,0.254496644295302,0.013422818791946308,0.053691275167785234,2011-08-20T02:10:49Z,ls7,qd9y2b8127dm,0.25725426192311096,0.560369251973865,0.11526239214329259
0.13818181818181818,0.561818181818182,0.4601226993865031,0.2889772727272727,0.0,0.0,2011-08-29T02:04:37Z,ls7,qd9y2b8127dm,0.292198092611743,0.5680799724233024,0.1397219349649546
0.12141104294478527,0.5898773006134969,0.0,0.26625766871165646,0.006134969325153374,0.006134969325153374,2011-09-06T01:59:52Z,ls5,qd9y2b8127dm,0.26903153421976084,0.5960226270790323,0.12267590005090015
0.09513513513513513,0.6158558558558559,0.3190184049079755,0.27819819819819824,0.0,0.0,2011-09-14T02:04:31Z,ls7,qd9y2b8127dm,0.2812386156648452,0.6225865209471767,0.09617486338797814
0.11808988764044943,0.5850561797752809,0.45398773006134974,0.2858426966292135,0.0,0.0,2011-09-21T02:10:41Z,ls7,qd9y2b8127dm,0.289025221540559,0.591570097705067,0.11940468075437398
0.22,0.41,0.9938650306748467,0.36,0.0,0.0,2011-09-30T02:04:29Z,ls7,qd9y2b8127dm,0.36363636363636365,0.41414141414141414,0.22222222222222224
0.09618705035971224,0.6013669064748202,0.14723926380368102,0.29194244604316544,0.0,0.0,2011-10-07T02:10:38Z,ls7,qd9y2b8127dm,0.2950414424894576,0.6077504725897921,0.09720808492075034
0.07625,0.3175,0.950920245398773,0.10375000000000001,0.0,0.5,2011-10-08T01:59:19Z,ls5,qd9y2b8127dm,0.1042713567839196,0.31909547738693467,0.07663316582914573
,,1.0,,,,2011-10-16T02:04:31Z,ls7,qd9y2b8127dm,,,
0.07410526315789474,0.6176842105263157,0.4171779141104295,0.29726315789473684,0.0,0.0,2011-10-23T02:10:46Z,ls7,qd9y2b8127dm,0.3005534269902086,0.6245210727969348,0.07492550021285654
0.10083333333333333,0.6309722222222223,0.1165644171779141,0.25750000000000006,0.0,0.0,2011-11-01T02:04:36Z,ls7,qd9y2b8127dm,0.26028358837568444,0.6377930647199214,0.1019233469043942
,,1.0,,,,2011-11-17T02:04:50Z,ls7,qd9y2b8127dm,,,
0.10423076923076924,0.643076923076923,0.5214723926380368,0.24333333333333335,0.0,0.0,2011-11-24T02:11:06Z,ls7,qd9y2b8127dm,0.24563219878348652,0.6491523230231655,0.10521547819334802
0.16184466019417473,0.6330097087378641,0.36809815950920244,0.1945631067961165,0.0,0.0,2011-12-03T02:04:59Z,ls7,qd9y2b8127dm,0.19664409773329408,0.6397801982141106,0.16357570405259542
0.10408759124087592,0.6632116788321167,0.1595092024539877,0.22204379562043794,0.0,0.0,2011-12-19T02:05:06Z,ls7,qd9y2b8127dm,0.22443559096945548,0.6703556145787221,0.10520879445182235
0.0971551724137931,0.7050862068965518,0.2883435582822086,0.18724137931034482,0.0,0.0,2012-01-04T02:05:15Z,ls7,qd9y2b8127dm,0.189231573444851,0.7125805889527792,0.09818783760236974
0.16116788321167883,0.6278832116788322,0.1595092024539877,0.19963503649635037,0.0,0.0,2012-01-11T02:11:27Z,ls7,qd9y2b8127dm,0.20191952750092282,0.6350682908822444,0.16301218161683276
0.19766871165644176,0.6517791411042946,0.0,0.14,0.0,0.0,2012-01-20T02:05:15Z,ls7,qd9y2b8127dm,0.14149305555555555,0.6587301587301587,0.19977678571428573
0.10350746268656716,0.6790298507462688,0.17791411042944782,0.20746268656716416,0.0,0.0,2012-02-05T02:05:19Z,ls7,qd9y2b8127dm,0.20955826925976176,0.6858887381275441,0.10455299261269409
0.13423312883435584,0.685521472392638,0.0,0.16834355828220857,0.0,0.0,2012-02-21T02:05:23Z,ls7,qd9y2b8127dm,0.17037129020240901,0.6937787160064572,0.13584999379113374
0.18630136986301368,0.6291780821917807,0.10429447852760731,0.17232876712328768,0.0,0.0,2012-03-08T02:05:19Z,ls7,qd9y2b8127dm,0.174455692691721,0.6369435584523644,0.18860074885591457
0.23183486238532106,0.5803669724770641,0.3312883435582822,0.17587155963302753,0.0,0.0,2012-03-15T02:11:32Z,ls7,qd9y2b8127dm,0.17799442896935935,0.587372330547818,0.23463324048282264
0.1790350877192982,0.6309649122807018,0.3006134969325154,0.1769298245614035,0.0,0.0,2012-03-24T02:05:22Z,ls7,qd9y2b8127dm,0.17927295351524306,0.6393209492489557,0.18140609723580123
0.15974358974358974,0.6494017094017094,0.28220858895705525,0.17854700854700856,0.0,0.0,2012-03-31T02:11:32Z,ls7,qd9y2b8127dm,0.18077189338871583,0.6574939425406715,0.16173416407061267
0.13326241134751773,0.6684397163120568,0.13496932515337423,0.18609929078014187,0.0,0.0,2012-04-09T02:05:17Z,ls7,qd9y2b8127dm,0.1883974727168294,0.6766944284893739,0.13490809879379667
,,1.0,,,,2012-04-25T02:05:32Z,ls7,qd9y2b8127dm,,,
0.11571428571428571,0.6616666666666667,0.22699386503067487,0.21119047619047618,0.0,0.0,2012-05-11T02:05:55Z,ls7,qd9y2b8127dm,0.21363198458574179,0.6693159922928709,0.11705202312138727
0.154025974025974,0.6542857142857142,0.5276073619631902,0.17961038961038958,0.0,0.0,2012-05-27T02:05:47Z,ls7,qd9y2b8127dm,0.18180623110293148,0.6622847377415538,0.15590903115551466
,,1.0,,,,2012-06-12T02:05:37Z,ls7,qd9y2b8127dm,,,
0.15686046511627907,0.10430232558139535,0.47239263803680986,0.05081395348837208,0.11627906976744186,0.5697674418604651,2012-06-28T02:05:45Z,ls7,qd9y2b8127dm,0.05113592039456006,0.10496320502041277,0.15785436295712021
0.15455223880597016,0.6140298507462687,0.17791411042944782,0.2194776119402985,0.0,0.0,2012-07-14T02:06:00Z,ls7,qd9y2b8127dm,0.2221299093655589,0.6214501510574019,0.15641993957703929
0.14071428571428574,0.6134285714285714,0.5705521472392638,0.2337142857142857,0.0,0.0,2012-07-30T02:06:10Z,ls7,qd9y2b8127dm,0.236587129428778,0.6209689081706434,0.14244396240057847
0.14932773109243697,0.5611764705882353,0.26993865030674846,0.24521008403361344,0.01680672268907563,0.01680672268907563,2012-08-15T02:06:22Z,ls7,qd9y2b8127dm,0.2479482956464041,0.5674430151907769,0.1509952437846676
0.08720588235294117,0.6619117647058824,0.5828220858895705,0.22691176470588234,0.0,0.014705882352941176,2012-08-31T02:06:32Z,ls7,qd9y2b8127dm,0.2290656657419635,0.6681947903464536,0.08803366155864184
0.11245283018867924,0.6340566037735849,0.3496932515337423,0.2438679245283019,0.0,0.0,2012-09-07T02:12:48Z,ls7,qd9y2b8127dm,0.24623737854829494,0.6402171842255667,0.11354543722613832
0.10139860139860139,0.6462237762237762,0.12269938650306744,0.2428671328671329,0.0,0.0,2012-09-16T02:06:41Z,ls7,qd9y2b8127dm,0.24519909630048012,0.6524286924597571,0.10237221123976277
0.10046979865771813,0.6236241610738256,0.08588957055214719,0.26624161073825503,0.0,0.0,2012-09-23T02:12:56Z,ls7,qd9y2b8127dm,0.26883979398210894,0.6297099484955273,0.1014502575223638
0.049930555555555554,0.49069444444444443,0.1165644171779141,0.16993055555555556,0.0,0.2847222222222222,2012-10-02T02:06:51Z,ls7,qd9y2b8127dm,0.17105988293805924,0.4939555099470072,0.05026238489271132
0.10929078014184397,0.6292198581560283,0.13496932515337423,0.250709219858156,0.0,0.0,2012-10-09T02:13:03Z,ls7,qd9y2b8127dm,0.25344135359908226,0.6360768568970462,0.11048178950387152
0.0692233009708738,0.6783495145631067,0.36809815950920244,0.2424271844660194,0.0,0.0,2012-10-18T02:07:00Z,ls7,qd9y2b8127dm,0.24487594390507014,0.685201529861724,0.06992252623320587
0.09555555555555555,0.7219047619047619,0.6134969325153374,0.17222222222222225,0.0,0.0,2012-11-19T02:07:13Z,ls7,qd9y2b8127dm,0.1740176423416199,0.7294306335204491,0.09655172413793102
0.09614754098360656,0.6701639344262295,0.25153374233128833,0.22327868852459018,0.0,0.0,2012-11-26T02:13:25Z,ls7,qd9y2b8127dm,0.2256274331152158,0.6772136171622628,0.09715894972252133
0.1279220779220779,0.6557792207792208,0.05521472392638038,0.2047402597402597,0.0,0.0,2012-12-21T02:07:22Z,ls7,qd9y2b8127dm,0.20713441072132438,0.6634476415714099,0.1294179477072658
0.12916083916083917,0.6732167832167832,0.12269938650306744,0.18629370629370628,0.0,0.0,2013-01-22T02:07:25Z,ls7,qd9y2b8127dm,0.18842834913000422,0.6809308247276843,0.1306408261423115
0.19007633587786257,0.6026717557251907,0.19631901840490795,0.19580152671755724,0.0,0.0,2013-01-29T02:13:37Z,ls7,qd9y2b8127dm,0.19806949806949808,0.6096525096525096,0.1922779922779923
0.23361963190184049,0.5679754601226994,0.0,0.18644171779141105,0.0,0.0,2013-02-07T02:07:27Z,ls7,qd9y2b8127dm,0.18869916175100904,0.5748525302701025,0.23644830797888855
0.1876875,0.6239375,0.018404907975460127,0.1765,0.0,0.0,2013-02-14T02:13:37Z,ls7,qd9y2b8127dm,0.1786211258697027,0.6314358001265022,0.18994307400379506
0.2206896551724138,0.6013103448275863,0.11042944785276076,0.16537931034482756,0.0,0.0,2013-02-23T02:07:24Z,ls7,qd9y2b8127dm,0.16749318991408813,0.6089962981071454,0.22351051197876648
0.20550000000000002,0.63625,0.50920245398773,0.14575000000000002,0.0,0.0,2013-03-02T02:13:34Z,ls7,qd9y2b8127dm,0.14759493670886076,0.6443037974683544,0.20810126582278482
,,1.0,,,,2013-03-11T02:07:23Z,ls7,qd9y2b8127dm,,,
0.12591194968553462,0.6735849056603774,0.024539877300613466,0.18937106918238994,0.0,0.0,2013-03-18T02:13:32Z,ls7,qd9y2b8127dm,0.1915028938497742,0.6811677160847167,0.12732939006550914
0.08328125,0.7228124999999999,0.6073619631901841,0.18421875,0.0,0.0,2013-03-27T02:07:16Z,ls7,qd9y2b8127dm,0.18602082675923007,0.7298832439255285,0.08409592931524142
0.15891891891891893,0.6685585585585586,0.3190184049079755,0.16045045045045048,0.0,0.0,2013-04-03T02:13:28Z,ls7,qd9y2b8127dm,0.16241108881998906,0.6767280685755973,0.16086084260441363
0.127239263803681,0.6585276073619633,0.0,0.20269938650306749,0.0,0.0,2013-04-06T02:17:40Z,ls8,qd9y2b8127dm,0.20506454816285996,0.6662115193644489,0.12872393247269118
0.05829113924050632,0.23734177215189872,0.030674846625766916,0.07335443037974684,0.0,0.6265822784810127,2013-04-20T02:13:02Z,ls8,qd9y2b8127dm,0.07423518683370607,0.2401915018346831,0.058991032850598174
0.11390909090909092,0.6900909090909091,0.32515337423312884,0.1851818181818182,0.0,0.0,2013-04-28T02:07:09Z,ls7,qd9y2b8127dm,0.1872070581748001,0.6976380847348589,0.11515485709034096
,,1.0,,,,2013-05-05T02:13:19Z,ls7,qd9y2b8127dm,,,
,,1.0,,,,2013-05-06T02:13:04Z,ls8,qd9y2b8127dm,,,
,,1.0,,,,2013-05-13T02:18:58Z,ls8,qd9y2b8127dm,,,
,,1.0,,,,2013-05-14T02:07:07Z,ls7,qd9y2b8127dm,,,
0.12942307692307692,0.6498076923076923,0.042944785276073594,0.20346153846153847,0.00641025641025641,0.0,2013-05-21T02:13:16Z,ls7,qd9y2b8127dm,0.2057177981835516,0.6570136484520046,0.13085829695418735
0.14116564417177913,0.602515337423313,0.0,0.24368098159509202,0.0,0.0,2013-05-22T02:13:16Z,ls8,qd9y2b8127dm,0.24680004970796568,0.6102274139430844,0.1429725363489499
0.1387116564417178,0.5995705521472394,0.0,0.24895705521472392,0.0,0.0,2013-05-29T02:19:05Z,ls8,qd9y2b8127dm,0.252174993785732,0.6073204076559782,0.1405045985582898
0.13963190184049082,0.605521472392638,0.0,0.24251533742331288,0.0,0.0,2013-06-07T02:13:16Z,ls8,qd9y2b8127dm,0.2455432014410833,0.6130815578607367,0.14137524069818005
0.10633986928104575,0.4779738562091503,0.06134969325153372,0.11869281045751631,0.013071895424836602,0.27450980392156865,2013-06-14T02:19:00Z,ls8,qd9y2b8127dm,0.12028185514939829,0.4843729111825715,0.10776353432162503
0.11937500000000001,0.6698437500000001,0.6073619631901841,0.19968749999999996,0.0,0.0,2013-06-15T02:06:54Z,ls7,qd9y2b8127dm,0.2019276346974245,0.6773581924474641,0.12071417285511139
0.3452777777777778,0.45333333333333337,0.7791411042944785,0.18750000000000003,0.0,0.0,2013-06-22T02:13:02Z,ls7,qd9y2b8127dm,0.19014084507042256,0.45971830985915496,0.35014084507042254
,,1.0,,,,2013-06-23T02:13:09Z,ls8,qd9y2b8127dm,,,
0.16000000000000003,0.5920261437908496,0.06134969325153372,0.23516339869281047,0.0,0.0,2013-06-30T02:18:59Z,ls8,qd9y2b8127dm,0.23821504237288138,0.599708686440678,0.16207627118644072
0.1635,0.608625,0.50920245398773,0.21674999999999994,0.0,0.0,2013-07-01T02:06:46Z,ls7,qd9y2b8127dm,0.21918847174819867,0.6154721274175199,0.1653394008342814
0.14275000000000002,0.586125,0.50920245398773,0.259375,0.0,0.0,2013-07-08T02:12:51Z,ls7,qd9y2b8127dm,0.2624588919807741,0.593093852770048,0.14444725524917784
,,1.0,,,,2013-07-09T02:13:14Z,ls8,qd9y2b8127dm,,,
,,1.0,,,,2013-07-16T02:19:00Z,ls8,qd9y2b8127dm,,,
0.09304347826086955,0.1843478260869565,0.7177914110429449,0.06804347826086957,0.043478260869565216,0.6086956521739131,2013-07-17T02:06:37Z,ls7,qd9y2b8127dm,0.06851451555531234,0.18562399102525512,0.09368758037595423
0.2157668711656442,0.4923926380368098,0.0,0.27932515337423314,0.0,0.0,2013-07-25T02:13:13Z,ls8,qd9y2b8127dm,0.28286530815109345,0.49863320079522866,0.21850149105367794
,,1.0,,,,2013-08-01T02:19:01Z,ls8,qd9y2b8127dm,,,
0.13382608695652173,0.5915652173913044,0.29447852760736193,0.2636521739130435,0.0,0.0,2013-08-02T02:06:29Z,ls7,qd9y2b8127dm,0.2665728855283981,0.5981185159134869,0.13530859855811497
0.352112676056338,0.38070422535211274,0.5644171779141105,0.25704225352112675,0.0,0.0,2013-08-10T02:13:15Z,ls8,qd9y2b8127dm,0.2596755833807627,0.38460443938531597,0.35571997723392146
0.05232558139534884,0.506046511627907,0.7361963190184049,0.20162790697674418,0.0,0.23255813953488372,2013-08-17T02:19:02Z,ls8,qd9y2b8127dm,0.2036022316472631,0.5110016794284251,0.05283794938942815
0.27,0.5,0.9754601226993865,0.22749999999999998,0.0,0.0,2013-08-18T02:06:33Z,ls7,qd9y2b8127dm,0.22807017543859645,0.5012531328320802,0.2706766917293233
0.13030674846625767,0.5807361963190184,0.0,0.25889570552147234,0.006134969325153374,0.012269938650306749,2013-08-26T02:13:17Z,ls8,qd9y2b8127dm,0.26200703911091444,0.5877153156928713,0.13187273722075415
0.09920245398773007,0.5033742331288344,0.0,0.2355828220858896,0.06748466257668712,0.08588957055214724,2013-09-02T02:19:28Z,ls8,qd9y2b8127dm,0.2379624465514036,0.508458821342257,0.10020449897750511
0.0,0.0,0.9325153374233128,0.0,0.0,1.0,2013-09-11T02:13:15Z,ls8,qd9y2b8127dm,0.0,0.0,0.0
0.0851,0.5948,0.38650306748466257,0.2704,0.0,0.04,2013-09-19T02:06:55Z,ls7,qd9y2b8127dm,0.27316005471956223,0.6008713037988004,0.08596864148163737
0.09766871165644173,0.5986503067484662,0.0,0.2810429447852761,0.0,0.012269938650306749,2013-09-27T02:13:06Z,ls8,qd9y2b8127dm,0.28402431806182565,0.6050009377095164,0.09870480557835111
,,1.0,,,,2013-10-04T02:18:54Z,ls8,qd9y2b8127dm,,,
0.09056818181818181,0.6476136363636363,0.4601226993865031,0.2525,0.0,0.0,2013-10-05T02:07:07Z,ls7,qd9y2b8127dm,0.2548749713236981,0.6537049782060105,0.09142005047029134
0.10552147239263805,0.6113496932515338,0.0,0.2722699386503068,0.0,0.0,2013-10-13T02:13:07Z,ls8,qd9y2b8127dm,0.27525894684612046,0.618061154871922,0.10667989828195745
0.0015950920245398773,0.0033128834355828224,0.0,0.001165644171779141,0.0,0.9938650306748467,2013-10-20T02:19:14Z,ls8,qd9y2b8127dm,0.001177418355332459,0.0033463469046290943,0.0016112040651917862
0.08901840490797547,0.6287116564417178,0.0,0.2723312883435583,0.0,0.0,2013-10-21T02:07:17Z,ls7,qd9y2b8127dm,0.27506506382451357,0.6350229272524476,0.0899120089230388
0.08134969325153374,0.6482208588957055,0.0,0.25981595092024545,0.0,0.0,2013-10-29T02:12:57Z,ls8,qd9y2b8127dm,0.26260308798908666,0.6551745519935511,0.08222236001736219
0.08165644171779142,0.6609815950920245,0.0,0.24662576687116566,0.0,0.0,2013-11-05T02:18:46Z,ls8,qd9y2b8127dm,0.24930232558139537,0.6681550387596898,0.08254263565891475
0.06133333333333333,0.6817333333333334,0.5398773006134969,0.24719999999999998,0.0,0.0,2013-11-06T02:07:22Z,ls7,qd9y2b8127dm,0.24962972936582734,0.6884340918271173,0.061936178807055334
0.10086614173228345,0.6336220472440944,0.22085889570552142,0.2547244094488189,0.0,0.0,2013-11-13T02:13:36Z,ls7,qd9y2b8127dm,0.2575021889676033,0.640531720130542,0.10196609090185464
0.08036809815950921,0.6722085889570552,0.0,0.23693251533742335,0.0,0.0,2013-11-14T02:12:57Z,ls8,qd9y2b8127dm,0.23944447888895784,0.6793353586707174,0.0812201624403249
0.08312883435582823,0.6869938650306748,0.0,0.21901840490797547,0.0,0.0,2013-11-21T02:19:02Z,ls8,qd9y2b8127dm,0.22142281213173728,0.6945357563728835,0.08404143149537928
0.06110429447852761,0.7068711656441717,0.0,0.22319018404907973,0.0,0.0,2013-11-22T02:07:27Z,ls7,qd9y2b8127dm,0.22517949987620697,0.7131715771230502,0.06164892300074276
0.055337423312883445,0.70079754601227,0.0,0.2341104294478528,0.0,0.0,2013-11-30T02:12:52Z,ls8,qd9y2b8127dm,0.23641657889845735,0.7077008859426305,0.05588253515891209
0.051043478260869565,0.7217391304347824,0.29447852760736193,0.21730434782608699,0.0,0.0,2013-12-08T02:07:35Z,ls7,qd9y2b8127dm,0.2194800632355525,0.7289653961004743,0.05155454066397331
0.13577586206896552,0.6336206896551724,0.2883435582822086,0.21836206896551721,0.0,0.0,2013-12-15T02:13:45Z,ls7,qd9y2b8127dm,0.2210682492581602,0.6414732064932798,0.13745854424855997
,,1.0,,,,2013-12-16T02:12:46Z,ls8,qd9y2b8127dm,,,
0.12331288343558283,0.6847239263803682,0.0,0.18141104294478527,0.0,0.0,2013-12-23T02:18:52Z,ls8,qd9y2b8127dm,0.18334573412698413,0.6920262896825398,0.12462797619047619
0.10915662650602412,0.7322891566265058,0.49079754601227,0.14795180722891565,0.0,0.0,2013-12-24T02:07:37Z,ls7,qd9y2b8127dm,0.14953726254262056,0.7401363857769118,0.11032635168046766
0.10190184049079755,0.7069938650306749,0.0,0.17993865030674847,0.0,0.0,2014-01-08T02:18:43Z,ls8,qd9y2b8127dm,0.18197046779997517,0.7149770442983,0.10305248790172478
0.09423728813559323,0.7235593220338983,0.2760736196319018,0.1709322033898305,0.0,0.0,2014-01-09T02:07:40Z,ls7,qd9y2b8127dm,0.17288077483500472,0.7318076626382104,0.09531156252678497
0.12349693251533744,0.7067484662576686,0.0,0.15871165644171778,0.0,0.0,2014-01-17T02:12:23Z,ls8,qd9y2b8127dm,0.16048387096774194,0.7146401985111662,0.12487593052109183
,,1.0,,,,2014-01-25T02:08:00Z,ls7,qd9y2b8127dm,,,
0.07828220858895707,0.7412269938650307,0.0,0.1698159509202454,0.0,0.0,2014-02-02T02:12:17Z,ls8,qd9y2b8127dm,0.17164826987473647,0.7492248542726032,0.07912687585266032
0.15098159509202455,0.6714723926380368,0.0,0.16509202453987729,0.0,0.0,2014-02-09T02:18:21Z,ls8,qd9y2b8127dm,0.167174007579052,0.6799403615580543,0.15288563086289372
0.0846341463414634,0.7131707317073172,0.7484662576687117,0.19170731707317074,0.0,0.0,2014-02-10T02:08:05Z,ls7,qd9y2b8127dm,0.19373921616958342,0.7207296031550406,0.08553118067537588
0.08607361963190185,0.7434355828220859,0.0,0.15895705521472392,0.0,0.0,2014-02-18T02:12:04Z,ls8,qd9y2b8127dm,0.16081181727904667,0.7521102284011917,0.08707795431976169
0.11950920245398772,0.6950920245398772,0.0,0.17306748466257668,0.0,0.0,2014-02-25T02:18:08Z,ls8,qd9y2b8127dm,0.17522827504813965,0.7037704205230139,0.12100130442884652
0.09007407407407408,0.7558518518518519,0.17177914110429449,0.14251851851851852,0.0,0.0,2014-02-26T02:07:57Z,ls7,qd9y2b8127dm,0.14418465227817745,0.7646882494004796,0.09112709832134293
0.10472222222222222,0.7894444444444444,0.7791411042944785,0.09388888888888888,0.0,0.0,2014-03-05T02:14:12Z,ls7,qd9y2b8127dm,0.0950238965420298,0.7989879111610908,0.10598819229687939
0.12527607361963192,0.7048466257668711,0.0,0.15865030674846625,0.0,0.0,2014-03-06T02:11:48Z,ls8,qd9y2b8127dm,0.1604516969659366,0.7128497859403115,0.12669851709375196
,,1.0,,,,2014-03-13T02:17:33Z,ls8,qd9y2b8127dm,,,
,,1.0,,,,2014-03-14T02:08:05Z,ls7,qd9y2b8127dm,,,
0.11859154929577465,0.7173239436619718,0.1288343558282209,0.15161971830985915,0.0,0.0,2014-03-21T02:14:20Z,ls7,qd9y2b8127dm,0.1535334807102617,0.7263780931327106,0.12008842615702775
,,1.0,,,,2014-03-22T02:11:38Z,ls8,qd9y2b8127dm,,,
0.08539877300613498,0.7057668711656441,0.0,0.19730061349693254,0.0,0.0,2014-04-07T02:11:23Z,ls8,qd9y2b8127dm,0.19960278053624633,0.7140019860973188,0.08639523336643498
0.0919631901840491,0.7099386503067484,0.0,0.1869325153374233,0.0,0.0,2014-04-14T02:17:01Z,ls8,qd9y2b8127dm,0.1890433056210448,0.7179550812755925,0.09300161310336272
0.07595092024539879,0.7518404907975461,0.0,0.16128834355828223,0.0,0.0,2014-04-15T02:08:18Z,ls7,qd9y2b8127dm,0.16306909812678327,0.7601414216598437,0.07678948021337303
0.07336,0.7518400000000002,0.2331288343558282,0.16376,0.0,0.0,2014-04-22T02:14:35Z,ls7,qd9y2b8127dm,0.16558809254165988,0.7602329720110015,0.0741789354473386
,,1.0,,,,2014-04-23T02:11:07Z,ls8,qd9y2b8127dm,,,
0.056831683168316834,0.7189108910891089,0.3803680981595092,0.21455445544554458,0.0,0.0,2014-05-01T02:08:27Z,ls7,qd9y2b8127dm,0.21665666866626676,0.7259548090381923,0.057388522295540895
,,1.0,,,,2014-05-09T02:10:51Z,ls8,qd9y2b8127dm,,,
0.10134969325153374,0.6680368098159508,0.0,0.2076073619631902,0.0,0.012269938650306749,2014-05-16T02:16:33Z,ls8,qd9y2b8127dm,0.2098887615452033,0.6753778736600822,0.10246342614440773
0.11270833333333331,0.6652777777777777,0.1165644171779141,0.2107638888888889,0.0,0.0,2014-05-17T02:08:34Z,ls7,qd9y2b8127dm,0.2131619609495716,0.6728473100154516,0.11399072903497681
,,1.0,,,,2014-05-25T02:10:45Z,ls8,qd9y2b8127dm,,,
,,1.0,,,,2014-06-01T02:17:01Z,ls8,qd9y2b8127dm,,,
0.10773006134969326,0.6682822085889571,0.0,0.2144785276073619,0.0,0.0,2014-06-02T02:08:38Z,ls7,qd9y2b8127dm,0.21653762774852892,0.6746980489315579,0.1087643233199133
,,1.0,,,,2014-06-10T02:10:55Z,ls8,qd9y2b8127dm,,,
,,1.0,,,,2014-06-17T02:16:44Z,ls8,qd9y2b8127dm,,,
0.20111111111111113,0.5355555555555556,0.9447852760736196,0.25,0.0,0.0,2014-06-18T02:08:38Z,ls7,qd9y2b8127dm,0.2533783783783784,0.5427927927927928,0.20382882882882883
0.1121153846153846,0.7007692307692308,0.6809815950920246,0.17730769230769228,0.0,0.0,2014-06-25T02:14:52Z,ls7,qd9y2b8127dm,0.17906389590211688,0.7077102349970869,0.11322586910079625
0.14857142857142858,0.6223809523809524,0.8711656441717791,0.2219047619047619,0.0,0.0,2014-06-26T02:10:57Z,ls8,qd9y2b8127dm,0.22350119904076737,0.6268585131894484,0.14964028776978416
0.15263803680981597,0.6003067484662576,0.0,0.23453987730061351,0.0,0.0,2014-07-03T02:16:49Z,ls8,qd9y2b8127dm,0.23751242544731613,0.6079150099403579,0.15457256461232607
,,1.0,,,,2014-07-04T02:08:45Z,ls7,qd9y2b8127dm,,,
0.13829787234042556,0.6396808510638298,0.4233128834355828,0.2098936170212766,0.0,0.0,2014-07-11T02:14:57Z,ls7,qd9y2b8127dm,0.21247038552659916,0.6475339220331682,0.13999569244023263
0.14343558282208588,0.6115337423312884,0.0,0.23325153374233126,0.0,0.0,2014-07-12T02:11:06Z,ls8,qd9y2b8127dm,0.23603178544822445,0.6188229451204371,0.14514526943133846
0.16171779141104298,0.5992024539877301,0.0,0.22644171779141103,0.0,0.0,2014-07-19T02:16:54Z,ls8,qd9y2b8127dm,0.22934012675531248,0.6068721262582328,0.1637877469864546
,,1.0,,,,2014-07-20T02:08:47Z,ls7,qd9y2b8127dm,,,
,,1.0,,,,2014-07-28T02:11:09Z,ls8,qd9y2b8127dm,,,
0.1553548387096774,0.6054193548387097,0.049079754601227044,0.22670967741935485,0.0,0.0,2014-08-04T02:17:01Z,ls8,qd9y2b8127dm,0.22958316999869335,0.613092904743238,0.1573239252580687
0.1412883435582822,0.6193865030674847,0.0,0.228282208588957,0.0,0.0,2014-08-05T02:08:53Z,ls7,qd9y2b8127dm,0.23083126550868482,0.626302729528536,0.14286600496277915
0.12644171779141103,0.6308588957055216,0.0,0.23098159509202448,0.0,0.0,2014-08-13T02:11:18Z,ls8,qd9y2b8127dm,0.23372028058849084,0.6383388168104787,0.12794090260103047
,,1.0,,,,2014-08-20T02:17:06Z,ls8,qd9y2b8127dm,,,
,,1.0,,,,2014-08-21T02:08:52Z,ls7,qd9y2b8127dm,,,
0.09722222222222222,0.6333333333333334,0.8895705521472392,0.26,0.0,0.0,2014-08-28T02:15:02Z,ls7,qd9y2b8127dm,0.26247896803140774,0.6393718452047112,0.0981491867638811
0.0705511811023622,0.6703937007874016,0.22085889570552142,0.24905511811023623,0.0,0.0,2014-08-29T02:11:19Z,ls8,qd9y2b8127dm,0.251570826373976,0.6771653543307087,0.07126381929531536
0.08533742331288344,0.6366871165644172,0.0,0.2668711656441718,0.0,0.0,2014-09-05T02:17:09Z,ls8,qd9y2b8127dm,0.2698678578075563,0.6438364662820274,0.08629567591041627
0.08957055214723927,0.637361963190184,0.0,0.26226993865030673,0.0,0.0,2014-09-14T02:11:23Z,ls8,qd9y2b8127dm,0.2651327214090796,0.6443190275365913,0.09054825105432895
0.0,0.0,0.9325153374233128,0.0,0.0,1.0,2014-09-22T02:08:58Z,ls7,qd9y2b8127dm,0.0,0.0,0.0
0.08938650306748466,0.6343558282208589,0.0,0.2657055214723926,0.0,0.0,2014-09-30T02:11:23Z,ls8,qd9y2b8127dm,0.2685391865079365,0.6411210317460319,0.09033978174603176
0.0976073619631902,0.6356441717791411,0.0,0.25564417177914106,0.0,0.0,2014-10-07T02:17:37Z,ls8,qd9y2b8127dm,0.25851479620323836,0.6427818102859979,0.09870339351076371
0.07209876543209877,0.6611728395061728,0.006134969325153339,0.25790123456790126,0.0,0.0,2014-10-08T02:09:11Z,ls7,qd9y2b8127dm,0.2601980444665878,0.6670610948495982,0.07274086068381391
0.08662251655629138,0.67,0.07361963190184051,0.23331125827814572,0.0,0.0,2014-10-15T02:15:23Z,ls7,qd9y2b8127dm,0.2356837035054857,0.6768129515654269,0.0875033449290875
,,1.0,,,,2014-10-16T02:11:28Z,ls8,qd9y2b8127dm,,,
0.05588957055214724,0.6757055214723926,0.0,0.2582822085889571,0.0,0.0,2014-10-23T02:17:15Z,ls8,qd9y2b8127dm,0.2609234583204215,0.6826154322900526,0.05646110938952587
0.062142857142857146,0.7066233766233766,0.05521472392638038,0.2219480519480519,0.0,0.0,2014-10-24T02:09:20Z,ls7,qd9y2b8127dm,0.22402831487186206,0.7132463787114112,0.06272530641672676
0.07957055214723925,0.688036809815951,0.0,0.22177914110429442,0.0,0.0,2014-11-01T02:11:25Z,ls8,qd9y2b8127dm,0.22415824393873623,0.6954176226204503,0.08042413344081353
0.08030674846625767,0.6938036809815951,0.0,0.21490797546012272,0.0,0.0,2014-11-08T02:17:15Z,ls8,qd9y2b8127dm,0.2172942125178339,0.701507350660629,0.08119843682153713
0.06407407407407409,0.7100925925925926,0.33742331288343563,0.21537037037037035,0.0,0.0,2014-11-09T02:09:29Z,ls7,qd9y2b8127dm,0.21764760924487694,0.7176008234303359,0.06475156732478714
0.06644171779141103,0.7257055214723926,0.0,0.19815950920245398,0.0,0.0,2014-11-17T02:11:26Z,ls8,qd9y2b8127dm,0.20009912030727295,0.7328088217073473,0.06709205798537975
0.0930674846625767,0.7119018404907975,0.0,0.18392638036809816,0.0,0.0,2014-11-24T02:17:36Z,ls8,qd9y2b8127dm,0.18599168682920778,0.7198957751721571,0.09411253799863516
0.07025316455696204,0.7454430379746836,0.5153374233128835,0.17468354430379748,0.0,0.0,2014-11-25T02:09:32Z,ls7,qd9y2b8127dm,0.1763803680981595,0.7526840490797545,0.0709355828220859
0.07858895705521474,0.7145398773006135,0.0,0.19607361963190184,0.0,0.0,2014-12-03T02:11:25Z,ls8,qd9y2b8127dm,0.1982138427189283,0.7223393698834036,0.07944678739766808
0.10687116564417179,0.7066871165644173,0.0,0.17570552147239263,0.0,0.0,2014-12-10T02:17:31Z,ls8,qd9y2b8127dm,0.17761240310077517,0.714356589147287,0.10803100775193798
0.09972477064220184,0.7129357798165137,0.3312883435582822,0.17577981651376143,0.0,0.0,2014-12-11T02:09:39Z,ls7,qd9y2b8127dm,0.17783552997958046,0.7212734360497494,0.10089103397067015
0.07883435582822086,0.7474846625766871,0.0,0.16319018404907976,0.0,0.0,2014-12-19T02:11:22Z,ls8,qd9y2b8127dm,0.16492032984065969,0.7554095108190216,0.0796701593403187
0.09975460122699388,0.7319631901840491,0.0,0.15742331288343556,0.0,0.0,2014-12-26T02:17:31Z,ls8,qd9y2b8127dm,0.15915152266947835,0.7399987595360665,0.10084971779445515
0.09582822085889571,0.7607975460122699,0.0,0.13263803680981592,0.0,0.0,2014-12-27T02:09:46Z,ls7,qd9y2b8127dm,0.13407751937984494,0.7690542635658915,0.09686821705426357
0.09049079754601227,0.7411656441717791,0.0,0.15754601226993864,0.0,0.0,2015-01-04T02:11:17Z,ls8,qd9y2b8127dm,0.15926569089555942,0.7492557677995535,0.09147854130488714
0.1125153374233129,0.733803680981595,0.0,0.14276073619631902,0.0,0.0,2015-01-11T02:17:28Z,ls8,qd9y2b8127dm,0.14433693090187322,0.7419054707852624,0.11375759831286444
0.08889655172413793,0.7728965517241378,0.11042944785276076,0.128,0.0,0.0,2015-01-12T02:09:49Z,ls7,qd9y2b8127dm,0.12931995540691194,0.7808667781493869,0.08981326644370125
0.0845945945945946,0.7361261261261262,0.3190184049079755,0.16909909909909907,0.0,0.0,2015-01-19T02:15:58Z,ls7,qd9y2b8127dm,0.17083826340220257,0.7436970965686721,0.08546464002912534
0.10343558282208588,0.7394478527607362,0.0,0.14668711656441719,0.0,0.0,2015-01-20T02:11:13Z,ls8,qd9y2b8127dm,0.14823310601363918,0.7472411655300681,0.10452572845629261
0.08828220858895706,0.74920245398773,0.0,0.1514110429447853,0.0,0.0,2015-01-27T02:16:58Z,ls8,qd9y2b8127dm,0.15311123518828715,0.7576152366772132,0.08927352813449968
0.07775862068965517,0.7656034482758621,0.2883435582822086,0.14560344827586205,0.0,0.0,2015-01-28T02:09:53Z,ls7,qd9y2b8127dm,0.14722803347280333,0.7741457461645747,0.07862622036262203
0.07386503067484664,0.7038036809815951,0.0,0.21159509202453994,0.0,0.0,2015-02-05T02:11:10Z,ls8,qd9y2b8127dm,0.2138914728682171,0.7114418604651163,0.07466666666666667
0.13515337423312884,0.6768098159509202,0.0,0.17607361963190185,0.0,0.0,2015-02-21T02:11:03Z,ls8,qd9y2b8127dm,0.1782055262340888,0.6850046569388388,0.13678981682707236
0.17564417177914113,0.6370552147239265,0.0,0.17417177914110427,0.0,0.0,2015-02-28T02:16:48Z,ls8,qd9y2b8127dm,0.17648887231132657,0.6455302747730947,0.17798085291557877
0.1273006134969325,0.6765644171779142,0.0,0.18423312883435583,0.0,0.0,2015-03-09T02:10:54Z,ls8,qd9y2b8127dm,0.18645225381845276,0.684713771265367,0.1288339749161803
0.025987654320987656,0.7137037037037037,0.006134969325153339,0.23827160493827163,0.0,0.012345679012345678,2015-03-16T02:17:01Z,ls8,qd9y2b8127dm,0.24063281442986464,0.7207763213570194,0.02624518520077021
0.027484662576687118,0.7315337423312884,0.0,0.15404907975460122,0.0,0.07975460122699386,2015-03-17T02:10:13Z,ls7,qd9y2b8127dm,0.15526010860169442,0.7372845619142192,0.027700728257092435
0.1360377358490566,0.6922012578616352,0.024539877300613466,0.16031446540880503,0.0,0.0,2015-03-24T02:16:28Z,ls7,qd9y2b8127dm,0.16217075963863087,0.7002163125079527,0.13761292785341644
0.1326993865030675,0.6785889570552148,0.0,0.17693251533742332,0.0,0.0,2015-03-25T02:10:46Z,ls8,qd9y2b8127dm,0.1790414700769804,0.6866774273652844,0.13428110255773532
0.1096319018404908,0.6847239263803682,0.0,0.1943558282208589,0.0,0.0,2015-04-01T02:16:50Z,ls8,qd9y2b8127dm,0.19657483246463142,0.692541573591462,0.11088359394390669
0.12161290322580647,0.7316129032258065,0.6196319018404908,0.1353225806451613,0.0,0.0,2015-04-02T02:10:19Z,ls7,qd9y2b8127dm,0.13689019415891662,0.7400881057268722,0.12302170011421112
,,1.0,,,,2015-04-10T02:10:36Z,ls8,qd9y2b8127dm,,,
0.09404907975460124,0.685644171779141,0.0,0.21000000000000002,0.0,0.0,2015-04-17T02:16:48Z,ls8,qd9y2b8127dm,0.2121869575998017,0.692784527646913,0.09502851475328541
0.08380368098159509,0.7138036809815951,0.0,0.1925153374233129,0.0,0.0,2015-04-18T02:10:28Z,ls7,qd9y2b8127dm,0.19443583865171327,0.7209244686783568,0.08463969266992999
0.13429447852760737,0.6827607361963189,0.0,0.1721472392638037,0.0,0.0,2015-04-26T02:10:33Z,ls8,qd9y2b8127dm,0.17402629620441581,0.690213346564128,0.13576035723145624
0.09613496932515339,0.6970552147239263,0.0,0.19570552147239262,0.0,0.0,2015-05-03T02:16:13Z,ls8,qd9y2b8127dm,0.19790309572554127,0.7048824368757367,0.09721446739872203
0.0,0.0,0.9815950920245399,0.0,0.0,1.0,2015-05-04T02:10:34Z,ls7,qd9y2b8127dm,0.0,0.0,0.0
0.10916666666666666,0.6977777777777777,0.558282208588957,0.18180555555555555,0.0,0.0,2015-05-11T02:16:49Z,ls7,qd9y2b8127dm,0.18387413962635202,0.705717095097626,0.11040876527602192
0.1036196319018405,0.6960122699386504,0.0,0.18865030674846625,0.0,0.0,2015-05-12T02:10:17Z,ls8,qd9y2b8127dm,0.19088708175554034,0.7042646967533677,0.10484822149109192
0.015337423312883436,0.21251533742331288,0.0,0.03975460122699387,0.006134969325153374,0.7239263803680982,2015-05-19T02:16:27Z,ls8,qd9y2b8127dm,0.040100927418334015,0.21436668607578555,0.015471036812628864
0.06761194029850745,0.7232835820895523,0.5889570552147239,0.19970149253731345,0.0,0.0,2015-05-20T02:10:42Z,ls7,qd9y2b8127dm,0.2015971071267139,0.7301491637788158,0.06825372909447038
0.06081632653061225,0.803469387755102,0.6993865030674846,0.12775510204081633,0.0,0.0,2015-05-27T02:16:53Z,ls7,qd9y2b8127dm,0.1287800864019749,0.8099156552149763,0.06130425838304876
0.1134355828220859,0.6671165644171779,0.0,0.20809815950920246,0.0,0.0,2015-05-28T02:10:19Z,ls8,qd9y2b8127dm,0.210487123797704,0.6747750542972386,0.11473782190505742
0.07901840490797546,0.6941717791411043,0.0,0.2159509202453988,0.0,0.0,2015-06-04T02:16:11Z,ls8,qd9y2b8127dm,0.2183216522979595,0.7017924703839237,0.07988587731811699
0.07239436619718309,0.7657746478873239,0.5644171779141105,0.15323943661971828,0.0,0.0,2015-06-05T02:10:48Z,ls7,qd9y2b8127dm,0.1545674101434863,0.7724108538144623,0.07302173604205144
0.09190184049079755,0.6909202453987731,0.0,0.20607361963190185,0.0,0.0,2015-06-13T02:10:31Z,ls8,qd9y2b8127dm,0.20838761709783485,0.698678578075563,0.09293380482660216
0.01601226993865031,0.6449693251533742,0.0,0.11969325153374231,0.0,0.2147239263803681,2015-06-20T02:16:44Z,ls8,qd9y2b8127dm,0.12039871274121033,0.6487707160678341,0.016106644810587344
0.12650602409638553,0.65,0.49079754601227,0.21313253012048194,0.0,0.0,2015-06-28T02:17:03Z,ls7,qd9y2b8127dm,0.21536401266130997,0.6568054541027514,0.12783053323593863
0.13079754601226995,0.638282208588957,0.0,0.21846625766871167,0.0,0.0,2015-06-29T02:10:37Z,ls8,qd9y2b8127dm,0.2212213455923464,0.6463316145865688,0.1324470398210847
0.11037037037037037,0.6466666666666666,0.006134969325153339,0.23104938271604938,0.0,0.0,2015-07-06T02:16:53Z,ls8,qd9y2b8127dm,0.2338351971012682,0.6544636721434373,0.11170113075529457
0.09860139860139862,0.6523076923076924,0.12269938650306744,0.23881118881118885,0.0,0.0,2015-07-07T02:10:56Z,ls7,qd9y2b8127dm,0.2412915989542853,0.6590828799547799,0.09962552109093478
0.13110429447852764,0.6360122699386502,0.0,0.2211042944785276,0.0,0.0,2015-07-15T02:10:47Z,ls8,qd9y2b8127dm,0.22373975664266202,0.6435932455922522,0.1326669977650857
,,1.0,,,,2015-07-22T02:16:36Z,ls8,qd9y2b8127dm,,,
0.0,0.0,0.0,0.0,0.12269938650306748,0.8773006134969326,2015-08-07T02:16:39Z,ls8,qd9y2b8127dm,0.0,0.0,0.0
0.03902777777777777,0.39375000000000004,0.1165644171779141,0.07527777777777778,0.1875,0.3055555555555556,2015-08-08T02:11:03Z,ls7,qd9y2b8127dm,0.0751131462244092,0.39288887370147624,0.038942424518559005
0.13257142857142856,0.5880714285714286,0.14110429447852757,0.246,0.014285714285714285,0.007142857142857143,2015-08-15T02:17:16Z,ls7,qd9y2b8127dm,0.24903569053424962,0.5953283508038552,0.13420738723332384
,,1.0,,,,2015-08-16T02:10:57Z,ls8,qd9y2b8127dm,,,
0.184,0.4723333333333333,0.2638036809815951,0.23224999999999998,0.06666666666666667,0.03333333333333333,2015-08-23T02:17:11Z,ls8,qd9y2b8127dm,0.23523398668292225,0.47840195067054303,0.18636406264653474
0.143,0.5391538461538462,0.2024539877300614,0.23869230769230768,0.03076923076923077,0.038461538461538464,2015-08-24T02:11:05Z,ls7,qd9y2b8127dm,0.24126446604936286,0.5449637906993183,0.14454097402054966
,,1.0,,,,2015-09-01T02:11:03Z,ls8,qd9y2b8127dm,,,
0.11944785276073619,0.6188957055214723,0.0,0.24987730061349692,0.0,0.0,2015-09-08T02:17:17Z,ls8,qd9y2b8127dm,0.2528557238639186,0.6262726595480507,0.12087161658803079
0.09030534351145038,0.6590076335877864,0.19631901840490795,0.24068702290076333,0.0,0.0,2015-09-09T02:11:08Z,ls7,qd9y2b8127dm,0.24311820495026595,0.6656642763512993,0.09121751869843471
0.08993865030674847,0.6366257668711657,0.0,0.26226993865030673,0.0,0.0,2015-09-17T02:11:11Z,ls8,qd9y2b8127dm,0.26523141829011043,0.6438143690284155,0.09095421268147413
0.09226993865030675,0.6303680981595093,0.0,0.26668711656441724,0.0,0.0,2015-09-24T02:17:24Z,ls8,qd9y2b8127dm,0.269564678159494,0.637169787920129,0.09326553392037701
0.04576086956521739,0.6886956521739132,0.4355828220858896,0.25706521739130433,0.0,0.0,2015-09-25T02:11:12Z,ls7,qd9y2b8127dm,0.25926331944748954,0.6945845209383907,0.0461521596141197
,,1.0,,,,2015-10-03T02:11:15Z,ls8,qd9y2b8127dm,,,
0.0734355828220859,0.6573006134969325,0.0,0.258159509202454,0.0,0.0,2015-10-10T02:17:02Z,ls8,qd9y2b8127dm,0.2610583783113096,0.664681431850611,0.07426018983807929
,,1.0,,,,2015-10-11T02:11:21Z,ls7,qd9y2b8127dm,,,
0.0969230769230769,0.6707692307692307,0.9202453987730062,0.22307692307692312,0.0,0.0,2015-10-19T02:11:17Z,ls8,qd9y2b8127dm,0.22515527950310565,0.6770186335403727,0.09782608695652173
0.07662576687116565,0.6760736196319018,0.0,0.23705521472392638,0.0,0.0,2015-10-26T02:17:30Z,ls8,qd9y2b8127dm,0.23950908076613156,0.6830719642967831,0.07741895493708549
,,1.0,,,,2015-10-27T02:11:38Z,ls7,qd9y2b8127dm,,,
0.08055214723926382,0.6852760736196318,0.0,0.22325153374233128,0.0,0.0,2015-11-04T02:11:21Z,ls8,qd9y2b8127dm,0.22571641235578713,0.6928420791465079,0.08144150849770501
0.08196319018404907,0.6883435582822085,0.0,0.21920245398773006,0.0,0.0,2015-11-11T02:17:31Z,ls8,qd9y2b8127dm,0.22152644305288613,0.6956413912827826,0.08283216566433133
0.08939393939393939,0.7019696969696968,0.5950920245398773,0.19954545454545458,0.0,0.0,2015-11-12T02:11:54Z,ls7,qd9y2b8127dm,0.2013761467889909,0.7084097859327216,0.09021406727828747
0.10552147239263805,0.6896319018404908,0.0,0.19460122699386503,0.0,0.0,2015-11-20T02:11:23Z,ls8,qd9y2b8127dm,0.1966156325543916,0.6967705944337692,0.1066137730118391
0.3866666666666667,0.4366666666666667,0.9815950920245399,0.16666666666666666,0.0,0.0,2015-11-27T02:17:10Z,ls8,qd9y2b8127dm,0.16835016835016833,0.44107744107744107,0.39057239057239057
0.0830674846625767,0.7326993865030674,0.0,0.17472392638036807,0.0,0.0,2015-11-28T02:12:07Z,ls7,qd9y2b8127dm,0.17640136265097553,0.7397336636729638,0.08386497367606072
0.08903225806451612,0.7159139784946238,0.42944785276073616,0.18591397849462366,0.0,0.0,2015-12-06T02:11:22Z,ls8,qd9y2b8127dm,0.18762886597938142,0.7225176342919154,0.08985349972870318
0.08711656441717791,0.7131288343558282,0.0,0.189079754601227,0.0,0.0,2015-12-13T02:17:32Z,ls8,qd9y2b8127dm,0.19111993054694285,0.7208235148207863,0.08805655463227087
0.09137614678899084,0.7155045871559634,0.3312883435582822,0.18211009174311923,0.0,0.0,2015-12-14T02:12:24Z,ls7,qd9y2b8127dm,0.18413729128014836,0.7234693877551021,0.09239332096474953
0.08920245398773005,0.7387730061349692,0.0,0.16141104294478525,0.0,0.0,2015-12-22T02:11:23Z,ls8,qd9y2b8127dm,0.1631425559620512,0.7466980839585787,0.09015936007937
0.06440298507462686,0.761044776119403,0.17791411042944782,0.16350746268656713,0.0,0.0,2015-12-30T02:12:36Z,ls7,qd9y2b8127dm,0.16533353456082098,0.7695442197404166,0.06512224569876245
0.083,0.7333333333333333,0.8159509202453987,0.17233333333333334,0.0,0.0,2016-01-07T02:11:18Z,ls8,qd9y2b8127dm,0.17430883344571815,0.7417397167902899,0.08395144976399192
0.11018633540372672,0.7236645962732918,0.012269938650306789,0.1542857142857143,0.0,0.0,2016-01-14T02:17:06Z,ls8,qd9y2b8127dm,0.15613803507448618,0.7323527563014646,0.11150920862404931
0.06710691823899372,0.7999371069182389,0.024539877300613466,0.12188679245283021,0.0,0.0,2016-01-15T02:12:52Z,ls7,qd9y2b8127dm,0.12325108114983467,0.8088908674637496,0.06785805138641568
0.1129447852760736,0.6911042944785276,0.0,0.18417177914110427,0.0,0.0,2016-01-23T02:11:19Z,ls8,qd9y2b8127dm,0.18636702259746707,0.6993419418922274,0.11429103551030542
0.0820408163265306,0.7204081632653062,0.09815950920245398,0.18741496598639457,0.0,0.0,2016-01-30T02:17:05Z,ls8,qd9y2b8127dm,0.1893340663871899,0.7277850319565666,0.08288090165624354
0.12911504424778758,0.6826548672566372,0.3067484662576687,0.17663716814159292,0.0,0.0,2016-02-07T02:19:16Z,ls7,qd9y2b8127dm,0.17870892649297163,0.6906616527889695,0.1306294207180589
0.11079754601226995,0.7212269938650308,0.0,0.1569325153374233,0.0,0.0,2016-02-08T02:11:15Z,ls8,qd9y2b8127dm,0.15868486352357317,0.7292803970223325,0.11203473945409428
0.1314110429447853,0.7003680981595092,0.0,0.15680981595092025,0.0,0.0,2016-02-15T02:16:57Z,ls8,qd9y2b8127dm,0.1586198336849944,0.708452277522651,0.1329278887923545
0.1364423076923077,0.706346153846154,0.3619631901840491,0.14471153846153847,0.0,0.0,2016-02-16T02:13:07Z,ls7,qd9y2b8127dm,0.14654333008763387,0.7152872444011684,0.13816942551119765
0.09809815950920245,0.7237423312883436,0.0,0.16588957055214723,0.0,0.0,2016-02-24T02:11:08Z,ls8,qd9y2b8127dm,0.1679503105590062,0.7327329192546584,0.09931677018633539
0.15723926380368097,0.6711042944785276,0.0,0.15993865030674848,0.0,0.0,2016-03-02T02:16:55Z,ls8,qd9y2b8127dm,0.1618349990688435,0.6790613942516606,0.1591036066794959
,,1.0,,,,2016-03-03T02:13:13Z,ls7,qd9y2b8127dm,,,
,,1.0,,,,2016-03-10T02:19:28Z,ls7,qd9y2b8127dm,,,
0.11319018404907975,0.7150306748466259,0.0,0.1603680981595092,0.0,0.0,2016-03-11T02:11:06Z,ls8,qd9y2b8127dm,0.1622191882834802,0.7232841007819288,0.11449671093459103
0.07250000000000001,0.6875,0.9754601226993865,0.23,0.0,0.0,2016-03-18T02:16:50Z,ls8,qd9y2b8127dm,0.23232323232323235,0.6944444444444444,0.07323232323232325
0.08131782945736435,0.790077519379845,0.20858895705521474,0.11775193798449614,0.0,0.0,2016-03-19T02:13:21Z,ls7,qd9y2b8127dm,0.11904388714733542,0.7987460815047023,0.08221003134796238
0.09570552147239264,0.7046625766871165,0.0,0.18957055214723925,0.0,0.0,2016-04-03T02:16:40Z,ls8,qd9y2b8127dm,0.1914972731779871,0.7118244918195339,0.09667823500247893
0.07347826086956522,0.7644202898550725,0.15337423312883436,0.1528985507246377,0.0,0.0,2016-04-04T02:13:24Z,ls7,qd9y2b8127dm,0.15431873034447455,0.7715205148833467,0.07416075477217875
0.06975460122699387,0.6764417177914109,0.0,0.20674846625766874,0.0,0.03680981595092025,2016-04-19T02:16:58Z,ls8,qd9y2b8127dm,0.2089712818029614,0.6837143481185316,0.07050455412758667
0.07424528301886793,0.7585849056603775,0.3496932515337423,0.15877358490566043,0.0,0.0,2016-04-20T02:13:33Z,ls7,qd9y2b8127dm,0.16011797164874897,0.7650080867662449,0.07487394158500618
,,1.0,,,,2016-04-28T02:10:48Z,ls8,qd9y2b8127dm,,,
,,1.0,,,,2016-05-05T02:16:38Z,ls8,qd9y2b8127dm,,,
0.06558282208588957,0.7476687116564417,0.0,0.17791411042944785,0.0,0.0,2016-05-06T02:13:38Z,ls7,qd9y2b8127dm,0.17949987620698193,0.7543327556325823,0.06616736816043575
0.0811764705882353,0.8076470588235294,0.7914110429447853,0.10117647058823531,0.0,0.0,2016-05-13T02:19:49Z,ls7,qd9y2b8127dm,0.10219845513963163,0.815805109922757,0.08199643493761141
,,1.0,,,,2016-05-14T02:10:47Z,ls8,qd9y2b8127dm,,,
0.0448951048951049,0.7727972027972029,0.12269938650306744,0.17706293706293708,0.0,0.0,2016-05-22T02:13:40Z,ls7,qd9y2b8127dm,0.17799648506151142,0.776871704745167,0.04513181019332162
0.40720000000000006,0.38592000000000004,0.2331288343558282,0.19471999999999998,0.0,0.0,2016-05-30T02:10:54Z,ls8,qd9y2b8127dm,0.19711694201490115,0.3906705539358601,0.41221250404923876
,,1.0,,,,2016-06-06T02:16:42Z,ls8,qd9y2b8127dm,,,
0.13273972602739728,0.6147945205479453,0.5521472392638036,0.2267123287671233,0.0,0.0136986301369863,2016-06-14T02:19:58Z,ls7,qd9y2b8127dm,0.22951754318381434,0.6224016518483134,0.13438217483088588
0.1980981595092024,0.5433742331288343,0.0,0.2469325153374233,0.0,0.0,2016-06-15T02:10:56Z,ls8,qd9y2b8127dm,0.24982930916764945,0.5497486189559928,0.20042207187635774
0.12024539877300615,0.6857055214723926,0.0,0.1468711656441718,0.012269938650306749,0.024539877300613498,2016-06-22T02:17:11Z,ls8,qd9y2b8127dm,0.14846933878137256,0.6931670006513788,0.1215538446163284
0.15729166666666666,0.5895833333333333,0.705521472392638,0.24395833333333336,0.0,0.0,2016-06-23T02:13:48Z,ls7,qd9y2b8127dm,0.24621530698065602,0.5950378469301933,0.15874684608915052
0.08536585365853659,0.6973170731707317,0.7484662576687117,0.2065853658536585,0.0,0.0,2016-06-30T02:19:59Z,ls7,qd9y2b8127dm,0.20882642998027612,0.7048816568047338,0.08629191321499015
0.12214723926380366,0.6262576687116564,0.0,0.23993865030674846,0.0,0.0,2016-07-01T02:11:05Z,ls8,qd9y2b8127dm,0.24276846679081318,0.6336436995654873,0.12358783364369956
,,1.0,,,,2016-07-08T02:16:55Z,ls8,qd9y2b8127dm,,,
,,1.0,,,,2016-07-09T02:13:48Z,ls7,qd9y2b8127dm,,,
,,1.0,,,,2016-07-17T02:11:12Z,ls8,qd9y2b8127dm,,,
0.17380368098159507,0.46496932515337425,0.0,0.22208588957055217,0.07975460122699386,0.049079754601226995,2016-07-24T02:17:25Z,ls8,qd9y2b8127dm,0.2247448426383866,0.47053623269511935,0.17588456883827325
0.1628,0.5233333333333333,0.5398773006134969,0.2109333333333333,0.08,0.013333333333333334,2016-07-25T02:13:50Z,ls7,qd9y2b8127dm,0.21319064605628218,0.5289338089575902,0.16454221165279428
0.13806122448979594,0.5676530612244898,0.39877300613496935,0.2627551020408163,0.02040816326530612,0.0,2016-08-01T02:20:02Z,ls7,qd9y2b8127dm,0.2657727299116886,0.5741723093198927,0.1396467975031125
0.15337423312883436,0.5514723926380369,0.0,0.2641717791411043,0.012269938650306749,0.006134969325153374,2016-08-02T02:11:16Z,ls8,qd9y2b8127dm,0.2676004093863671,0.5586298374301102,0.15536484520806265
,,1.0,,,,2016-08-09T02:17:03Z,ls8,qd9y2b8127dm,,,
0.11877300613496933,0.5971779141104295,0.0,0.25435582822085884,0.006134969325153374,0.012269938650306749,2016-08-10T02:13:52Z,ls7,qd9y2b8127dm,0.25731495014755573,0.6041253557009909,0.12015478617599326
0.1292024539877301,0.5718404907975461,0.0,0.274601226993865,0.012269938650306749,0.0,2016-08-18T02:11:20Z,ls8,qd9y2b8127dm,0.27800287710502586,0.5789242219606672,0.13080296228400012
0.1274233128834356,0.5842331288343559,0.0,0.27570552147239263,0.0,0.0,2016-08-25T02:17:34Z,ls8,qd9y2b8127dm,0.2792344973281968,0.5917111967192742,0.1290543059525289
0.33268965517241383,0.37455172413793103,0.11042944785276076,0.28262068965517245,0.0,0.0,2016-08-26T02:13:54Z,ls7,qd9y2b8127dm,0.2855152232982652,0.37838779349264956,0.3360969832090852
0.10134969325153376,0.5646625766871165,0.0,0.2922085889570552,0.012269938650306749,0.018404907975460124,2016-09-03T02:11:26Z,ls8,qd9y2b8127dm,0.2955948335694649,0.5712061407040426,0.10252417910072563
,,1.0,,,,2016-09-10T02:17:14Z,ls8,qd9y2b8127dm,,,
0.045714285714285714,0.6348571428571428,0.7852760736196319,0.30914285714285716,0.0,0.0,2016-09-18T02:20:08Z,ls7,qd9y2b8127dm,0.3123556581986144,0.6414549653579676,0.046189376443418015
,,1.0,,,,2016-09-19T02:11:28Z,ls8,qd9y2b8127dm,,,
0.087239263803681,0.5904907975460123,0.0,0.31030674846625766,0.0,0.0,2016-09-26T02:17:15Z,ls8,qd9y2b8127dm,0.31406395529338715,0.5976404843216393,0.08829556038497363
0.04224489795918367,0.6441836734693878,0.39877300613496935,0.3046938775510204,0.0,0.0,2016-09-27T02:13:59Z,ls7,qd9y2b8127dm,0.30742304128487596,0.6499536703387213,0.04262328837640276
0.06437499999999999,0.6147499999999999,0.50920245398773,0.31074999999999997,0.0,0.0,2016-10-04T02:20:11Z,ls7,qd9y2b8127dm,0.31392852632908197,0.6210380098497285,0.06503346382118955
0.08404907975460123,0.5912883435582823,0.0,0.31257668711656444,0.0,0.0,2016-10-05T02:11:31Z,ls8,qd9y2b8127dm,0.3164006706824815,0.5985220145314538,0.0850773147860647
0.08914110429447854,0.5926993865030675,0.0,0.30601226993865027,0.0,0.0,2016-10-12T02:17:20Z,ls8,qd9y2b8127dm,0.309775183207055,0.5999875791827103,0.09023723761023476
0.04628571428571429,0.6505714285714285,0.35582822085889576,0.2942857142857143,0.0,0.0,2016-10-13T02:13:59Z,ls7,qd9y2b8127dm,0.2969155376189104,0.6563851253963677,0.046699336984721826
0.08582822085889572,0.6065644171779141,0.0,0.29595092024539876,0.0,0.0,2016-10-21T02:11:35Z,ls8,qd9y2b8127dm,0.2994413407821229,0.6137181874612042,0.0868404717566729
0.07031446540880502,0.6518867924528302,0.024539877300613466,0.2665408805031447,0.0,0.0,2016-10-28T02:17:22Z,ls8,qd9y2b8127dm,0.26957572673494057,0.6593092042490936,0.0711150690159659
0.036000000000000004,0.6986666666666667,0.17177914110429449,0.25674074074074077,0.0,0.0,2016-10-29T02:13:55Z,ls7,qd9y2b8127dm,0.2589659294680215,0.7047220561864912,0.03631201434548715
0.053067484662576686,0.6898159509202454,0.0,0.2457668711656442,0.0,0.0,2016-11-06T02:11:35Z,ls8,qd9y2b8127dm,0.24858827179646292,0.6977350294756438,0.05367669872789326
0.06521472392638036,0.693680981595092,0.0,0.23012269938650307,0.0,0.0,2016-11-13T02:17:21Z,ls8,qd9y2b8127dm,0.23267787358104336,0.7013832888778612,0.06593883754109546
0.04214723926380369,0.7414110429447853,0.0,0.20699386503067485,0.0,0.0,2016-11-14T02:13:47Z,ls7,qd9y2b8127dm,0.2089681654899046,0.7484825963086833,0.04254923820141212
0.057239263803680995,0.692638036809816,0.0,0.23877300613496932,0.0,0.0,2016-11-22T02:11:35Z,ls8,qd9y2b8127dm,0.24151411728203537,0.7005895128762023,0.05789636984176235
0.057239263803680995,0.7120858895705521,0.0,0.2198159509202454,0.0,0.0,2016-11-29T02:17:21Z,ls8,qd9y2b8127dm,0.22222911368851953,0.7199032438131862,0.05786764249829438
0.043128834355828226,0.7533742331288343,0.0,0.19429447852760737,0.0,0.0,2016-11-30T02:13:45Z,ls7,qd9y2b8127dm,0.19609907120743034,0.7603715170278638,0.043529411764705886
0.06638036809815952,0.7273619631901841,0.0,0.19533742331288345,0.0,0.0,2016-12-08T02:11:33Z,ls8,qd9y2b8127dm,0.19749410743083987,0.7353926311871977,0.06711326138196254
0.193125,0.63359375,0.21472392638036808,0.16304687499999998,0.0,0.0,2016-12-15T02:17:41Z,ls8,qd9y2b8127dm,0.16473281237666743,0.6401452364038203,0.1951219512195122
0.045781249999999996,0.785,0.6073619631901841,0.1590625,0.0,0.0,2016-12-16T02:13:40Z,ls7,qd9y2b8127dm,0.1606945540647198,0.7930544593528019,0.04625098658247829
0.04993865030674847,0.7579754601226995,0.0,0.1814723926380368,0.0,0.0,2016-12-24T02:11:28Z,ls8,qd9y2b8127dm,0.18341911080796178,0.7661065294227073,0.05047435976933093
0.07858895705521472,0.7285276073619632,0.0,0.18171779141104294,0.0,0.0,2016-12-31T02:17:15Z,ls8,qd9y2b8127dm,0.18376969847375604,0.7367539396947512,0.07947636183149275
0.06074074074074074,0.7640740740740741,0.5030674846625767,0.16481481481481483,0.0,0.0,2017-01-01T02:13:32Z,ls7,qd9y2b8127dm,0.16654191616766467,0.7720808383233533,0.06137724550898203
0.07263803680981595,0.751840490797546,0.0,0.16429447852760737,0.0,0.0,2017-01-09T02:11:25Z,ls8,qd9y2b8127dm,0.16615995532667371,0.7603772414221008,0.07346280325122542
0.07266233766233766,0.7595454545454545,0.05521472392638038,0.15636363636363634,0.0,0.0,2017-01-17T02:13:22Z,ls7,qd9y2b8127dm,0.1581713084603258,0.7683263268523384,0.07350236468733579
0.06742331288343559,0.774601226993865,0.0,0.1461963190184049,0.0,0.0,2017-01-25T02:11:20Z,ls8,qd9y2b8127dm,0.14793891234169357,0.7838341196920784,0.06822696796622796
0.03478527607361963,0.742760736196319,0.0,0.21263803680981594,0.0,0.0,2017-02-01T02:17:04Z,ls8,qd9y2b8127dm,0.2147459727385378,0.7501239157372986,0.035130111524163565
0.03685897435897436,0.7731410256410255,0.042944785276073594,0.181025641025641,0.0,0.0,2017-02-02T02:13:14Z,ls7,qd9y2b8127dm,0.18266494178525228,0.7801423027166883,0.03719275549805952
,,1.0,,,,2017-02-10T02:11:12Z,ls8,qd9y2b8127dm,,,
0.049631901840490794,0.7269938650306749,0.0,0.21282208588957055,0.0,0.0,2017-02-17T02:17:21Z,ls8,qd9y2b8127dm,0.21509176587301587,0.7347470238095238,0.05016121031746031
0.030390624999999998,0.8125781249999999,0.21472392638036808,0.147890625,0.0,0.0,2017-02-18T02:13:13Z,ls7,qd9y2b8127dm,0.1492549081447607,0.8200741149570291,0.0306709768982102
0.061349693251533756,0.7287116564417178,0.0,0.19993865030674846,0.0,0.0,2017-02-26T02:11:07Z,ls8,qd9y2b8127dm,0.20195823263307927,0.7360723802441594,0.06196938712276138
0.09558282208588957,0.7001840490797546,0.0,0.19349693251533742,0.0,0.0,2017-03-05T02:17:14Z,ls8,qd9y2b8127dm,0.19559689922480622,0.7077829457364342,0.09662015503875969
0.0662015503875969,0.7463565891472869,0.20858895705521474,0.17674418604651163,0.0,0.0,2017-03-06T02:13:21Z,ls7,qd9y2b8127dm,0.1786553831687823,0.7544272057671211,0.06691741106409653
0.0887741935483871,0.748258064516129,0.049079754601227044,0.1550967741935484,0.0,0.0,2017-03-14T02:10:58Z,ls8,qd9y2b8127dm,0.15632722070490312,0.7541943035505267,0.08947847574457017
,,1.0,,,,2017-03-21T02:16:40Z,ls8,qd9y2b8127dm,,,
0.055096774193548394,0.7647741935483872,0.049079754601227044,0.16987096774193547,0.0,0.0,2017-03-22T02:13:27Z,ls7,qd9y2b8127dm,0.1716315755165895,0.7727006062186298,0.05566781826478066
0.09514705882352942,0.7844117647058823,0.5828220858895705,0.11029411764705883,0.0,0.0,2017-03-29T02:19:39Z,ls7,qd9y2b8127dm,0.11142475115138911,0.7924528301886792,0.09612241865993168
0.11687116564417176,0.7026993865030674,0.0,0.1685889570552147,0.0,0.0,2017-03-30T02:10:50Z,ls8,qd9y2b8127dm,0.17060905196498416,0.7111193890854908,0.11827155894952504
0.08006535947712418,0.7162745098039216,0.06134969325153372,0.1926143790849673,0.0,0.0,2017-04-06T02:16:33Z,ls8,qd9y2b8127dm,0.1947657127750975,0.7242746679003371,0.08095961932456547
0.08954545454545455,0.7339772727272728,0.4601226993865031,0.16522727272727275,0.0,0.0,2017-04-07T02:13:31Z,ls7,qd9y2b8127dm,0.16710722905413172,0.7423284679921848,0.09056430295368348
0.06226993865030675,0.7261349693251534,0.0,0.20098159509202454,0.0,0.0,2017-04-15T02:10:42Z,ls8,qd9y2b8127dm,0.20313759533701248,0.7339244744837851,0.06293793017920259
0.11620370370370371,0.671111111111111,0.33742331288343563,0.2013888888888889,0.0,0.0,2017-04-22T02:16:24Z,ls8,qd9y2b8127dm,0.20368982955609669,0.6787787975276269,0.11753137291627648
0.0703731343283582,0.7565671641791045,0.17791411042944782,0.1621641791044776,0.0,0.0,2017-04-23T02:13:38Z,ls7,qd9y2b8127dm,0.1639505055077712,0.7649011619133846,0.0711483325788441
0.089079754601227,0.7177914110429447,0.0,0.18122699386503066,0.0,0.0,2017-05-01T02:10:31Z,ls8,qd9y2b8127dm,0.18340990935055257,0.7264373525394263,0.09015273811002111
0.11019480519480519,0.7012337662337663,0.05521472392638038,0.1774025974025974,0.0,0.0,2017-05-08T02:16:46Z,ls8,qd9y2b8127dm,0.17940635671132124,0.7091541896506436,0.1114394536380352
0.09079754601226994,0.7020245398773006,0.0,0.19595092024539876,0.0,0.0,2017-05-17T02:10:42Z,ls8,qd9y2b8127dm,0.1981758391760253,0.7099956567599429,0.09182850406403177
0.09355828220858896,0.681165644171779,0.0,0.21404907975460122,0.0,0.0,2017-05-24T02:16:57Z,ls8,qd9y2b8127dm,0.21647949370230193,0.6888999193398275,0.09462058695787058
0.0819090909090909,0.697090909090909,0.32515337423312884,0.20990909090909093,0.0,0.0,2017-05-25T02:13:45Z,ls7,qd9y2b8127dm,0.21226328369185515,0.7049089906232763,0.08282772568486854
0.10386206896551724,0.7340689655172413,0.11042944785276076,0.15186206896551724,0.0,0.0,2017-06-01T02:19:58Z,ls7,qd9y2b8127dm,0.15342809364548496,0.7416387959866221,0.10493311036789299
0.06656441717791411,0.7374233128834355,0.0,0.18515337423312883,0.0,0.0,2017-06-02T02:10:51Z,ls8,qd9y2b8127dm,0.18718600756683001,0.7455188240401911,0.06729516839297899
0.1477914110429448,0.6634969325153375,0.0,0.1767484662576687,0.0,0.0,2017-06-09T02:17:05Z,ls8,qd9y2b8127dm,0.17888854393045636,0.6715305805650419,0.14958087550450172
,,1.0,,,,2017-06-10T02:13:50Z,ls7,qd9y2b8127dm,,,
0.0788961038961039,0.7633766233766234,0.05521472392638038,0.14805194805194805,0.0,0.0,2017-06-17T02:20:02Z,ls7,qd9y2b8127dm,0.14949839354796404,0.7708346993639761,0.07966690708805979
0.11650306748466259,0.6770552147239263,0.0,0.1946625766871166,0.0,0.0,2017-06-18T02:10:58Z,ls8,qd9y2b8127dm,0.19698286565681652,0.6851254035261981,0.11789173081698537
0.1282208588957055,0.6289570552147239,0.0,0.230920245398773,0.0,0.0,2017-06-25T02:17:10Z,ls8,qd9y2b8127dm,0.23370172606482056,0.636532969079846,0.1297653048553334
0.11622641509433962,0.6720125786163522,0.024539877300613466,0.2006918238993711,0.0,0.0,2017-06-26T02:13:53Z,ls7,qd9y2b8127dm,0.20293818366827782,0.6795344696006105,0.11752734673111166
,,1.0,,,,2017-07-04T02:11:02Z,ls8,qd9y2b8127dm,,,
,,1.0,,,,2017-07-11T02:16:49Z,ls8,qd9y2b8127dm,,,
0.3471428571428571,0.48,0.9570552147239264,0.1685714285714286,0.0,0.0,2017-07-12T02:13:54Z,ls7,qd9y2b8127dm,0.16929698708751797,0.48206599713055953,0.34863701578192247
,,1.0,,,,2017-07-20T02:11:06Z,ls8,qd9y2b8127dm,,,
0.0903680981595092,0.6620245398773006,0.0,0.23668711656441715,0.0,0.0,2017-07-27T02:16:57Z,ls8,qd9y2b8127dm,0.23930033494603647,0.6693338295496837,0.09136583550427987
,,1.0,,,,2017-08-05T02:11:14Z,ls8,qd9y2b8127dm,,,
0.008333333333333335,0.6533333333333333,0.7423312883435582,0.2164285714285714,0.023809523809523808,0.09523809523809523,2017-08-13T02:13:50Z,ls7,qd9y2b8127dm,0.21713278586922835,0.6554591467823572,0.008360448300795374
0.09343558282208589,0.663435582822086,0.0,0.23208588957055212,0.0,0.0,2017-08-21T02:11:19Z,ls8,qd9y2b8127dm,0.23467741935483866,0.6708436724565758,0.0944789081885856
0.0,0.0,0.4662576687116564,0.0,0.7816091954022989,0.21839080459770116,2017-08-28T02:17:07Z,ls8,qd9y2b8127dm,0.0,0.0,0.0
,,1.0,,,,2017-08-29T02:13:51Z,ls7,qd9y2b8127dm,,,
0.05969696969696971,0.7263636363636365,0.7975460122699387,0.2054545454545455,0.0,0.0,2017-09-05T02:20:02Z,ls7,qd9y2b8127dm,0.20721271393643031,0.7325794621026894,0.06020782396088019
,,1.0,,,,2017-09-06T02:11:21Z,ls8,qd9y2b8127dm,,,
0.09374233128834357,0.6661963190184048,0.0,0.22889570552147237,0.0,0.0,2017-09-13T02:17:08Z,ls8,qd9y2b8127dm,0.23148033254746248,0.6737188236753939,0.09480084377714358
0.06180645161290324,0.7096129032258065,0.049079754601227044,0.21858064516129033,0.0,0.0,2017-09-14T02:13:49Z,ls7,qd9y2b8127dm,0.22078853046594982,0.7167807103290974,0.06243075920495276
0.06760736196319019,0.6763803680981595,0.0,0.2452760736196319,0.0,0.0,2017-09-29T02:17:14Z,ls8,qd9y2b8127dm,0.24793798449612406,0.6837209302325582,0.06834108527131784
0.05712962962962963,0.6959259259259261,0.33742331288343563,0.23777777777777778,0.0,0.0,2017-09-30T02:13:50Z,ls7,qd9y2b8127dm,0.239977572189515,0.7023642650219606,0.057658162788524425
0.0443103448275862,0.6975862068965516,0.6441717791411044,0.24879310344827585,0.0,0.0,2017-10-08T02:11:30Z,ls8,qd9y2b8127dm,0.251131221719457,0.7041420118343195,0.04472676644622346
0.06705521472392639,0.7034355828220858,0.0,0.21895705521472392,0.0,0.0,2017-10-15T02:17:43Z,ls8,qd9y2b8127dm,0.2212921626984127,0.7109375,0.06777033730158732
0.08067484662576688,0.7036809815950921,0.0,0.20546012269938646,0.0,0.0,2017-10-24T02:11:33Z,ls8,qd9y2b8127dm,0.20757406718730625,0.7109210363208132,0.0815048964918805
0.08938650306748466,0.7079754601226994,0.0,0.19233128834355828,0.0,0.0,2017-10-31T02:17:43Z,ls8,qd9y2b8127dm,0.1943342424993801,0.7153483758988346,0.09031738160178528
0.07073619631901841,0.741042944785276,0.0,0.17858895705521471,0.0,0.0,2017-11-01T02:13:52Z,ls7,qd9y2b8127dm,0.18032583782444403,0.7482500154865886,0.07142414668896736
0.07920245398773006,0.7336196319018404,0.0,0.17699386503067485,0.0,0.0,2017-11-09T02:11:31Z,ls8,qd9y2b8127dm,0.17881492500309906,0.7411677203421346,0.08001735465476634
0.10024539877300613,0.7308588957055214,0.0,0.15803680981595092,0.0,0.0,2017-11-16T02:17:40Z,ls8,qd9y2b8127dm,0.15977175463623397,0.7388823419959065,0.10134590336785959
0.08417177914110431,0.726196319018405,0.0,0.1793865030674847,0.0,0.0,2017-11-25T02:11:25Z,ls8,qd9y2b8127dm,0.18124341412012646,0.7337135064774065,0.085043079402467
0.12098159509202454,0.7143558282208589,0.0,0.15392638036809816,0.0,0.0,2017-12-02T02:17:34Z,ls8,qd9y2b8127dm,0.1555968992248062,0.722108527131783,0.12229457364341086
,,1.0,,,,2017-12-03T02:13:43Z,ls7,qd9y2b8127dm,,,
0.07245398773006137,0.7615950920245398,0.0,0.15638036809815953,0.0,0.0,2017-12-11T02:11:23Z,ls8,qd9y2b8127dm,0.1578914767096135,0.7689544103072349,0.07315411298315166
0.006666666666666667,0.16272727272727272,0.5950920245398773,0.026818181818181817,0.0,0.803030303030303,2017-12-18T02:17:36Z,ls8,qd9y2b8127dm,0.02692172692172693,0.1633555633555634,0.006692406692406694
0.07075757575757576,0.7671212121212121,0.1901840490797546,0.15333333333333332,0.0,0.0,2017-12-19T02:13:34Z,ls7,qd9y2b8127dm,0.15469275450932435,0.7739223479058391,0.07138489758483645
0.1107975460122699,0.7357668711656441,0.0,0.14282208588957057,0.0,0.0,2017-12-27T02:11:25Z,ls8,qd9y2b8127dm,0.14435418862776714,0.7436597011223415,0.11198611024989147
0.13233128834355828,0.7111656441717791,0.0,0.14533742331288343,0.0,0.0,2018-01-03T02:17:34Z,ls8,qd9y2b8127dm,0.14697853331678867,0.7191959300161309,0.13382553666708027
0.12447852760736196,0.7310429447852761,0.0,0.13374233128834354,0.0,0.0,2018-01-04T02:13:22Z,ls7,qd9y2b8127dm,0.13519379844961238,0.7389767441860465,0.12582945736434106
0.12736196319018406,0.7290184049079755,0.0,0.13300613496932515,0.0,0.0,2018-01-12T02:11:19Z,ls8,qd9y2b8127dm,0.1344329385502573,0.7368388416940536,0.12872821975568924
0.07625766871165644,0.7305521472392639,0.0,0.18343558282208589,0.0,0.0,2018-01-19T02:17:26Z,ls8,qd9y2b8127dm,0.18524255002787932,0.7377485905458151,0.07700885942630568
,,1.0,,,,2018-01-20T02:13:08Z,ls7,qd9y2b8127dm,,,
0.08901840490797547,0.7414723926380368,0.0,0.15865030674846622,0.0,0.0,2018-01-28T02:11:10Z,ls8,qd9y2b8127dm,0.1603919866029895,0.7496123550207778,0.08999565837623273
0.10687116564417179,0.7316564417177914,0.0,0.15049079754601227,0.0,0.0,2018-02-04T02:17:17Z,ls8,qd9y2b8127dm,0.15216177656472923,0.739780410644501,0.10805781279076981
0.11868421052631578,0.7702631578947369,0.7668711656441718,0.09947368421052633,0.0,0.0,2018-02-12T02:18:58Z,ls7,qd9y2b8127dm,0.10063897763578276,0.779286474973376,0.12007454739084132
0.11319018404907975,0.7308588957055214,0.0,0.14496932515337424,0.0,0.0,2018-02-13T02:11:03Z,ls8,qd9y2b8127dm,0.14657899634017743,0.7389740090565101,0.11444699460331245
0.11711656441717791,0.7241104294478528,0.0,0.14754601226993866,0.0,0.0,2018-02-20T02:16:48Z,ls8,qd9y2b8127dm,0.14922131910405162,0.7323323199106534,0.11844636098529503
0.11662251655629138,0.7666887417218543,0.07361963190184051,0.10582781456953642,0.0,0.0,2018-02-21T02:12:42Z,ls7,qd9y2b8127dm,0.10698982324584896,0.7751071237279058,0.1179030530262453
0.11336,0.73864,0.2331288343558282,0.1356,0.0,0.0,2018-02-28T02:18:48Z,ls7,qd9y2b8127dm,0.13730255164034022,0.7479141352774403,0.11478331308221953
0.07895705521472393,0.776196319018405,0.0,0.13460122699386506,0.0,0.0,2018-03-01T02:10:57Z,ls8,qd9y2b8127dm,0.1359945453418459,0.7842310791545279,0.0797743755036261
0.10926380368098161,0.7274846625766871,0.0,0.15190184049079752,0.0,0.0,2018-03-08T02:16:39Z,ls8,qd9y2b8127dm,0.15364567173440893,0.7358361774744028,0.11051815079118836
0.07676258992805757,0.7888489208633094,0.14723926380368102,0.12402877697841728,0.0,0.0,2018-03-09T02:12:31Z,ls7,qd9y2b8127dm,0.12532712997964524,0.7971067170689153,0.07756615295143937
0.2777777777777778,0.6177777777777779,0.9447852760736196,0.09555555555555556,0.0,0.0,2018-03-17T02:10:47Z,ls8,qd9y2b8127dm,0.09641255605381166,0.6233183856502242,0.2802690582959641
0.14093220338983053,0.6999152542372882,0.2760736196319018,0.14703389830508476,0.0,0.0,2018-04-01T02:18:23Z,ls7,qd9y2b8127dm,0.14883760830402334,0.7085013296731577,0.14266106202281892
0.08417177914110428,0.7706748466257668,0.0,0.13503067484662576,0.0,0.0,2018-04-02T02:10:41Z,ls8,qd9y2b8127dm,0.13641152773473814,0.7785559343043074,0.08503253796095445
,,1.0,,,,2018-04-09T02:16:24Z,ls8,qd9y2b8127dm,,,
,,1.0,,,,2018-04-18T02:10:31Z,ls8,qd9y2b8127dm,,,
0.12570552147239264,0.7042331288343557,0.0,0.15858895705521472,0.0,0.0,2018-04-25T02:16:38Z,ls8,qd9y2b8127dm,0.16042946689008877,0.7124061316949047,0.12716440141500654
,,1.0,,,,2018-04-26T02:11:47Z,ls7,qd9y2b8127dm,,,
0.12570552147239264,0.7214723926380368,0.0,0.1412883435582822,0.0,0.0,2018-05-04T02:10:23Z,ls8,qd9y2b8127dm,0.1429369414101291,0.7298907646474677,0.12717229394240318
0.10953947368421052,0.7176973684210527,0.06748466257668717,0.16184210526315787,0.0,0.0,2018-05-11T02:16:29Z,ls8,qd9y2b8127dm,0.1636291073566582,0.7256219236397499,0.11074896900359184
0.07719696969696971,0.766439393939394,0.1901840490797546,0.1459848484848485,0.0,0.0,2018-05-12T02:11:30Z,ls7,qd9y2b8127dm,0.1475158845594427,0.7744775319604991,0.07800658348005818
0.14600000000000002,0.7355555555555556,0.7239263803680982,0.10777777777777779,0.0,0.0,2018-05-19T02:17:35Z,ls7,qd9y2b8127dm,0.10893980233602876,0.743486073674753,0.14757412398921835
0.12552147239263803,0.7171779141104294,0.0,0.14588957055214724,0.0,0.0,2018-05-20T02:10:11Z,ls8,qd9y2b8127dm,0.14757353853791735,0.7254561251086012,0.12697033635348146
,,1.0,,,,2018-05-27T02:15:53Z,ls8,qd9y2b8127dm,,,
0.08470588235294117,0.7072058823529411,0.5828220858895705,0.0838235294117647,0.014705882352941176,0.10294117647058823,2018-05-28T02:11:16Z,ls7,qd9y2b8127dm,0.08445695658616093,0.7125500074085049,0.08534597718180471
0.07006134969325153,0.7139263803680982,0.0,0.20570552147239266,0.0,0.0,2018-06-12T02:16:16Z,ls8,qd9y2b8127dm,0.20784775601289365,0.7213612695264072,0.07079097446069924
0.08887096774193548,0.7106451612903226,0.23926380368098155,0.1913709677419355,0.0,0.0,2018-06-13T02:10:59Z,ls7,qd9y2b8127dm,0.19313095141206152,0.7171807601530072,0.08968828843493122
0.08872180451127819,0.740375939849624,0.18404907975460127,0.1612781954887218,0.0,0.0,2018-06-20T02:17:02Z,ls7,qd9y2b8127dm,0.16284542969936228,0.7475706043121774,0.08958396598846037
0.0830674846625767,0.7021472392638037,0.0,0.20386503067484665,0.0,0.0,2018-06-21T02:10:12Z,ls8,qd9y2b8127dm,0.20611586651780175,0.7098995161890584,0.08398461729313982
0.0745398773006135,0.6941717791411042,0.0,0.21987730061349695,0.0,0.0,2018-06-28T02:16:27Z,ls8,qd9y2b8127dm,0.2224152910512598,0.7021844358942534,0.07540027305448678
0.10629870129870131,0.6890909090909091,0.05521472392638038,0.19402597402597405,0.0,0.0,2018-06-29T02:10:41Z,ls7,qd9y2b8127dm,0.1961015948021264,0.6964625582463739,0.10743584695149964
0.09033333333333332,0.6972222222222223,0.4478527607361963,0.20266666666666666,0.0,0.0,2018-07-06T02:16:43Z,ls7,qd9y2b8127dm,0.2046678635547576,0.7041068222621185,0.09122531418312385
,,1.0,,,,2018-07-07T02:10:21Z,ls8,qd9y2b8127dm,,,
,,1.0,,,,2018-07-14T02:16:11Z,ls8,qd9y2b8127dm,,,
,,1.0,,,,2018-07-15T02:10:22Z,ls7,qd9y2b8127dm,,,
0.059452054794520544,0.5415753424657535,0.10429447852760731,0.16041095890410956,0.0273972602739726,0.2054794520547945,2018-07-23T02:10:27Z,ls8,qd9y2b8127dm,0.16160859402051153,0.5456187672588322,0.059895926391889
,,1.0,,,,2018-07-30T02:16:18Z,ls8,qd9y2b8127dm,,,
0.09754601226993866,0.6233742331288343,0.0,0.2503680981595092,0.0,0.018404907975460124,2018-07-31T02:10:05Z,ls7,qd9y2b8127dm,0.2530248591809088,0.6299891188770433,0.09858111396658784
,,1.0,,,,2018-08-08T02:10:36Z,ls8,qd9y2b8127dm,,,
0.13957055214723926,0.5828220858895705,0.0,0.26588957055214724,0.0,0.0,2018-08-15T02:16:27Z,ls8,qd9y2b8127dm,0.26904215035073564,0.5897324477000434,0.14122540194922095
0.10632653061224491,0.6209523809523809,0.09815950920245398,0.26238095238095244,0.0,0.0,2018-08-16T02:09:47Z,ls7,qd9y2b8127dm,0.26512235358812214,0.627440197965356,0.10743744844652187
0.06266666666666668,0.6457777777777778,0.7239263803680982,0.2817777777777778,0.0,0.0,2018-08-23T02:15:50Z,ls7,qd9y2b8127dm,0.28456014362657095,0.6521543985637342,0.0632854578096948
0.09460122699386503,0.6120858895705521,0.0,0.2810429447852761,0.0,0.0,2018-08-24T02:10:44Z,ls8,qd9y2b8127dm,0.2845341614906833,0.6196894409937889,0.09577639751552797
,,1.0,,,,2018-08-31T02:16:34Z,ls8,qd9y2b8127dm,,,
0.12238095238095238,0.26206349206349205,0.6134969325153374,0.10349206349206348,0.0,0.5079365079365079,2018-09-01T02:09:28Z,ls7,qd9y2b8127dm,0.10436740300110503,0.2642800342865405,0.1234160547758466
0.07840490797546013,0.6159509202453988,0.0,0.2941717791411043,0.0,0.0,2018-09-09T02:10:50Z,ls8,qd9y2b8127dm,0.2975858002854838,0.6230993607646,0.07931483894991623
0.10318749999999999,0.5925625,0.018404907975460127,0.29225,0.0,0.0,2018-09-16T02:17:03Z,ls8,qd9y2b8127dm,0.2957995951417004,0.5997596153846154,0.1044407894736842
0.07946153846153846,0.6153076923076922,0.2024539877300614,0.2947692307692308,0.0,0.0,2018-09-17T02:09:07Z,ls7,qd9y2b8127dm,0.2978855721393035,0.6218128109452736,0.08030161691542288
0.040824742268041246,0.6788659793814432,0.4049079754601227,0.27298969072164947,0.0,0.0,2018-09-24T02:15:08Z,ls7,qd9y2b8127dm,0.2750025963236058,0.6838716377609305,0.04112576591546372
0.06300613496932515,0.6360736196319019,0.0,0.29024539877300615,0.0,0.0,2018-09-25T02:10:55Z,ls8,qd9y2b8127dm,0.2933771549051222,0.6429368721319608,0.06368597296291702
0.0583435582822086,0.6479141104294478,0.0,0.28294478527607364,0.0,0.0,2018-10-02T02:16:46Z,ls8,qd9y2b8127dm,0.28603324237162,0.6549863557429917,0.05898040188538825
,,1.0,,,,2018-10-03T02:08:44Z,ls7,qd9y2b8127dm,,,
0.02222222222222222,0.7033333333333334,0.9447852760736196,0.2666666666666667,0.0,0.0,2018-10-11T02:11:03Z,ls8,qd9y2b8127dm,0.2687569988801792,0.7088465845464725,0.02239641657334826
0.0,0.71,0.9938650306748467,0.29,0.0,0.0,2018-10-19T02:08:21Z,ls7,qd9y2b8127dm,0.29,0.71,0.0
0.05851063829787234,0.721276595744681,0.7116564417177914,0.21021276595744687,0.0,0.0,2018-10-26T02:14:23Z,ls7,qd9y2b8127dm,0.21233612722974426,0.72856221792392,0.059101654846335686
0.087239263803681,0.6596932515337424,0.0,0.24196319018404908,0.0,0.0,2018-10-27T02:11:08Z,ls8,qd9y2b8127dm,0.24468019107885103,0.6671009367826788,0.08821887213847014
,,1.0,,,,2018-11-03T02:16:56Z,ls8,qd9y2b8127dm,,,
,,1.0,,,,2018-11-04T02:08:00Z,ls7,qd9y2b8127dm,,,
0.07073619631901841,0.6800613496932515,0.0,0.2374233128834356,0.0,0.0,2018-11-12T02:11:10Z,ls8,qd9y2b8127dm,0.2402532902905389,0.6881673702508071,0.07157933945865409
0.060122699386503074,0.5402453987730061,0.0,0.14595092024539877,0.0,0.24539877300613497,2018-11-19T02:16:57Z,ls8,qd9y2b8127dm,0.14757059753542168,0.5462407237902157,0.06078990566822751
0.08301075268817205,0.7047311827956988,0.42944785276073616,0.20161290322580644,0.0,0.0,2018-11-20T02:07:38Z,ls7,qd9y2b8127dm,0.2037821975872188,0.7123138789262036,0.08390392348657756
0.09368421052631579,0.6687719298245615,0.6503067484662577,0.22701754385964915,0.0,0.0,2018-11-27T02:13:38Z,ls7,qd9y2b8127dm,0.22943262411347518,0.6758865248226951,0.09468085106382977
0.09030674846625768,0.6976687116564418,0.0,0.2007361963190184,0.0,0.0,2018-11-28T02:11:10Z,ls8,qd9y2b8127dm,0.20302804666170263,0.7056341523951354,0.09133780094316207
0.10865030674846626,0.6947852760736196,0.0,0.18595092024539878,0.0,0.0,2018-12-05T02:17:19Z,ls8,qd9y2b8127dm,0.18794568115582563,0.7022384820487382,0.10981583679543623
0.11289473684210528,0.7163157894736841,0.7668711656441718,0.16,0.0,0.0,2018-12-13T02:13:12Z,ls7,qd9y2b8127dm,0.16174514498536846,0.7241287576483106,0.11412609736632086
0.11582822085889573,0.7036196319018405,0.0,0.169079754601227,0.0,0.0,2018-12-14T02:11:06Z,ls8,qd9y2b8127dm,0.1710420157636691,0.7117855148017128,0.11717246943461802
0.11134969325153378,0.7111656441717792,0.0,0.16644171779141104,0.0,0.0,2018-12-21T02:17:18Z,ls8,qd9y2b8127dm,0.1683002481389578,0.719106699751861,0.11259305210918118
0.1023926380368098,0.7393251533742332,0.0,0.1471165644171779,0.0,0.0,2018-12-22T02:06:46Z,ls7,qd9y2b8127dm,0.14877776399056955,0.7476734086114903,0.10354882739794018
0.1575,0.6842857142857143,0.656441717791411,0.14625000000000002,0.0,0.0,2018-12-29T02:12:44Z,ls7,qd9y2b8127dm,0.14802096511838064,0.6925718416772095,0.1594071932044099
0.11877300613496933,0.6987116564417177,0.0,0.17190184049079757,0.0,0.0,2018-12-30T02:11:07Z,ls8,qd9y2b8127dm,0.1737458919823898,0.706206982079742,0.12004712593786818
0.14104294478527607,0.6818404907975459,0.0,0.16515337423312884,0.0,0.0,2019-01-06T02:16:53Z,ls8,qd9y2b8127dm,0.1671530580565042,0.69009624340267,0.14275069854082584
0.09935064935064934,0.7364285714285714,0.05521472392638038,0.15298701298701298,0.0,0.0,2019-01-07T02:06:17Z,ls7,qd9y2b8127dm,0.1547251592565837,0.7447954291718658,0.10047941157155053
0.13954545454545456,0.6888961038961039,0.05521472392638038,0.1590909090909091,0.0,0.0,2019-01-14T02:12:14Z,ls7,qd9y2b8127dm,0.16109942135718044,0.6975933719095213,0.14130720673329827
0.12018404907975458,0.7086503067484662,0.0,0.1594478527607362,0.0,0.0,2019-01-15T02:11:05Z,ls8,qd9y2b8127dm,0.16133838227078034,0.717052579303495,0.12160903842572475
0.1025,0.7094871794871795,0.042944785276073594,0.17679487179487177,0.0,0.0,2019-01-22T02:16:50Z,ls8,qd9y2b8127dm,0.17880064829821715,0.7175364667747164,0.10366288492706643
0.06398058252427184,0.7625242718446602,0.36809815950920244,0.16330097087378642,0.0,0.0,2019-01-23T02:05:46Z,ls7,qd9y2b8127dm,0.1649828347229034,0.7703776360961255,0.06463952918097106
0.12826923076923075,0.7088461538461538,0.042944785276073594,0.15096153846153845,0.0,0.0,2019-01-30T02:11:43Z,ls7,qd9y2b8127dm,0.15278318411833397,0.7173997664460879,0.12981704943557804
0.15466257668711658,0.6882208588957056,0.0,0.14460122699386505,0.0,0.0,2019-01-31T02:11:01Z,ls8,qd9y2b8127dm,0.14643389662027834,0.6969433399602386,0.1566227634194831
0.13644171779141107,0.6954601226993866,0.0,0.15619631901840492,0.0,0.0,2019-02-07T02:17:11Z,ls8,qd9y2b8127dm,0.15807773500558794,0.7038370793493108,0.1380851856451012
0.08860465116279069,0.7610077519379845,0.20858895705521474,0.1385271317829457,0.0,0.0,2019-02-08T02:05:17Z,ls7,qd9y2b8127dm,0.14018984859182548,0.7701419941947125,0.08966815721346198
0.1401851851851852,0.6909259259259259,0.6687116564417178,0.1575925925925926,0.0,0.0,2019-02-15T02:11:15Z,ls7,qd9y2b8127dm,0.15939314478366734,0.6988200037460198,0.14178685147031278
0.11404907975460123,0.7174233128834355,0.0,0.15711656441717792,0.0,0.0,2019-02-16T02:10:59Z,ls8,qd9y2b8127dm,0.15893012287451908,0.7257043564602209,0.11536552066526003
0.16926380368098162,0.6573006134969325,0.0,0.16141104294478528,0.0,0.0,2019-02-23T02:17:08Z,ls8,qd9y2b8127dm,0.16337555886736216,0.6653005464480874,0.17132389468455045
0.10957983193277311,0.7343697478991597,0.26993865030674846,0.14453781512605043,0.0,0.0,2019-02-24T02:04:48Z,ls7,qd9y2b8127dm,0.14622120207430078,0.7429227237949503,0.11085607413074895
0.22761904761904758,0.6499999999999999,0.48466257668711654,0.10904761904761905,0.0,0.0,2019-03-03T02:10:45Z,ls7,qd9y2b8127dm,0.11052123552123552,0.6587837837837838,0.23069498069498068
,,1.0,,,,2019-03-04T02:10:54Z,ls8,qd9y2b8127dm,,,
0.1221472392638037,0.6863803680981595,0.0,0.17932515337423316,0.0,0.0,2019-03-11T02:17:02Z,ls8,qd9y2b8127dm,0.18153024469010065,0.6948205191901627,0.1236492361197367
0.13666666666666666,0.7094202898550726,0.5766871165644172,0.14043478260869566,0.0,0.0,2019-03-12T02:04:17Z,ls7,qd9y2b8127dm,0.14235345967386515,0.7191126781254591,0.13853386220067576
0.0746031746031746,0.7496825396825397,0.22699386503067487,0.16349206349206347,0.0,0.0,2019-03-19T02:10:14Z,ls7,qd9y2b8127dm,0.1655150249076008,0.7589587015908726,0.07552627350152659
0.07891025641025641,0.7575641025641026,0.042944785276073594,0.1532051282051282,0.0,0.0,2019-03-20T02:10:49Z,ls8,qd9y2b8127dm,0.15480277220027203,0.7654640844614289,0.07973314333829912
0.1606748466257669,0.6759509202453988,0.0,0.1520245398773006,0.0,0.0,2019-03-27T02:16:59Z,ls8,qd9y2b8127dm,0.15376977970834624,0.6837108284207261,0.16251939187092773
0.10090909090909092,0.7488111888111888,0.12269938650306744,0.13783216783216784,0.0,0.0,2019-03-28T02:03:45Z,ls7,qd9y2b8127dm,0.1395694660812916,0.7582495397252513,0.10218099419345703
0.12337423312883435,0.6749693251533743,0.0,0.19012269938650309,0.0,0.0,2019-04-05T02:10:46Z,ls8,qd9y2b8127dm,0.19234111221449854,0.682845084409136,0.12481380337636543
0.11398773006134968,0.683680981595092,0.0,0.190920245398773,0.0,0.0,2019-04-12T02:16:54Z,ls8,qd9y2b8127dm,0.19312399156013405,0.6915725456125109,0.1153034628273551
0.04378640776699029,0.6192233009708737,0.36809815950920244,0.1253398058252427,0.0,0.20388349514563106,2019-04-13T02:03:12Z,ls7,qd9y2b8127dm,0.12657468075948156,0.6253240231479267,0.04421780094696064
0.12208588957055216,0.6716564417177914,0.0,0.1948466257668712,0.0,0.0,2019-04-21T02:10:39Z,ls8,qd9y2b8127dm,0.19709569318604944,0.6794092093831451,0.12349509743080554
0.14503067484662577,0.6671165644171779,0.0,0.1768098159509202,0.0,0.0,2019-04-28T02:16:49Z,ls8,qd9y2b8127dm,0.17878411910669972,0.6745657568238214,0.14665012406947892
0.1379754601226994,0.6695705521472392,0.0,0.18061349693251533,0.0,0.0,2019-05-07T02:10:43Z,ls8,qd9y2b8127dm,0.18277767430309802,0.67759359284783,0.13962873284907185
0.2103125,0.64875,0.803680981595092,0.12656250000000002,0.0,0.0,2019-05-14T02:16:35Z,ls8,qd9y2b8127dm,0.12840837032339886,0.6582117945466075,0.21337983512999364
0.15717791411042945,0.68,0.0,0.15024539877300613,0.0,0.0,2019-05-15T02:01:59Z,ls7,qd9y2b8127dm,0.15215905560733145,0.6886610748679715,0.1591798695246971
0.06999999999999999,0.7477777777777778,0.17177914110429449,0.17259259259259258,0.0,0.0,2019-05-22T02:07:53Z,ls7,qd9y2b8127dm,0.17427075542258788,0.7550486163051608,0.07068062827225131
,,1.0,,,,2019-05-23T02:10:53Z,ls8,qd9y2b8127dm,,,
0.20748466257668713,0.6132515337423313,0.0,0.16760736196319018,0.0,0.0,2019-05-30T02:16:44Z,ls8,qd9y2b8127dm,0.1695841092489137,0.6204841713221602,0.20993171942892613
,,1.0,,,,2019-05-31T02:01:24Z,ls7,qd9y2b8127dm,,,
,,1.0,,,,2019-06-08T02:11:01Z,ls8,qd9y2b8127dm,,,
,,1.0,,,,2019-06-15T02:17:15Z,ls8,qd9y2b8127dm,,,
0.05595092024539878,0.6732515337423314,0.0,0.2597546012269939,0.0,0.0,2019-06-24T02:11:07Z,ls8,qd9y2b8127dm,0.2626550868486352,0.6807692307692308,0.05657568238213399
,,1.0,,,,2019-07-01T02:16:55Z,ls8,qd9y2b8127dm,,,
0.07048387096774192,0.7116129032258066,0.6196319018404908,0.20822580645161287,0.0,0.0,2019-07-02T02:00:13Z,ls7,qd9y2b8127dm,0.2102605863192182,0.7185667752442998,0.07117263843648207
0.07431372549019608,0.6976470588235294,0.6871165644171779,0.21862745098039216,0.0,0.0,2019-07-09T02:06:08Z,ls7,qd9y2b8127dm,0.2207046714172605,0.7042755344418052,0.07501979414093428
0.10957055214723926,0.6083435582822085,0.0,0.2582208588957055,0.012269938650306749,0.0,2019-07-10T02:11:10Z,ls8,qd9y2b8127dm,0.2612881546238991,0.6155698126040826,0.11087209412171153
0.1383435582822086,0.5892024539877301,0.0,0.2602453987730061,0.0,0.0,2019-07-17T02:16:58Z,ls8,qd9y2b8127dm,0.2634618967765977,0.5964846903919011,0.14005341283150116
0.11764285714285713,0.6009999999999999,0.14110429447852757,0.2692857142857143,0.0,0.0,2019-07-18T01:59:36Z,ls7,qd9y2b8127dm,0.2725760971730172,0.6083435760248717,0.11908032680211121
,,1.0,,,,2019-07-26T02:11:15Z,ls8,qd9y2b8127dm,,,
0.1395625,0.5820624999999999,0.018404907975460127,0.2656875,0.0,0.0,2019-08-02T02:17:05Z,ls8,qd9y2b8127dm,0.269101728176236,0.5895423181616761,0.14135595366208775
0.33417475728155344,0.4424271844660194,0.36809815950920244,0.2133980582524272,0.0,0.0,2019-08-03T01:58:57Z,ls7,qd9y2b8127dm,0.2155535941943709,0.44689614592527216,0.33755025988035703
0.0740909090909091,0.629090909090909,0.4601226993865031,0.2873863636363636,0.0,0.0,2019-08-10T02:04:51Z,ls7,qd9y2b8127dm,0.29012274865205917,0.6350808764483193,0.07479637489962145
0.10220858895705524,0.6069938650306749,0.0,0.2792638036809816,0.0,0.0,2019-08-11T02:11:21Z,ls8,qd9y2b8127dm,0.28252234359483613,0.6140764647467726,0.10340119165839129
0.10957055214723926,0.6039263803680981,0.0,0.2751533742331288,0.0,0.0,2019-08-18T02:17:34Z,ls8,qd9y2b8127dm,0.27831213155445234,0.610859447719516,0.11082842072603165
0.10556603773584905,0.6070754716981132,0.3496932515337423,0.27688679245283015,0.0,0.0,2019-08-19T01:58:17Z,ls7,qd9y2b8127dm,0.2798169510916198,0.6134998569930403,0.10668319191533988
0.09174757281553397,0.6141747572815535,0.36809815950920244,0.283495145631068,0.0,0.0,2019-08-26T02:04:10Z,ls7,qd9y2b8127dm,0.2865273280345403,0.6207437935433227,0.09272887842213717
0.09883435582822085,0.6177300613496932,0.0,0.27202453987730063,0.0,0.0,2019-08-27T02:11:25Z,ls8,qd9y2b8127dm,0.2751644532704481,0.6248603698647138,0.09997517686483802
0.06730061349693253,0.6307361963190184,0.0,0.26085889570552145,0.0,0.03067484662576687,2019-09-03T02:17:37Z,ls8,qd9y2b8127dm,0.26369613257499924,0.6375964108663141,0.06803260993291964
,,1.0,,,,2019-09-04T01:57:36Z,ls7,qd9y2b8127dm,,,
0.06840490797546012,0.6585276073619633,0.0,0.2623312883435583,0.0,0.0,2019-09-12T02:11:30Z,ls8,qd9y2b8127dm,0.26517829457364345,0.6656744186046513,0.06914728682170543
0.01969325153374233,0.4684049079754601,0.0,0.16282208588957056,0.0,0.34355828220858897,2019-09-19T02:17:19Z,ls8,qd9y2b8127dm,0.1642032345917441,0.47237818240692014,0.01986030079274674
,,1.0,,,,2019-09-20T01:56:54Z,ls7,qd9y2b8127dm,,,
0.07957983193277311,0.6810924369747899,0.26993865030674846,0.2289075630252101,0.0,0.0,2019-09-27T02:02:46Z,ls7,qd9y2b8127dm,0.2313179347826087,0.6882642663043479,0.08041779891304349
0.07165644171779141,0.6790184049079755,0.0,0.23822085889570552,0.0,0.0,2019-09-28T02:11:35Z,ls8,qd9y2b8127dm,0.24089583721074506,0.686643092003226,0.07246107078602891
,,1.0,,,,2019-10-05T02:17:47Z,ls8,qd9y2b8127dm,,,
0.06776470588235294,0.71,0.4785276073619632,0.21305882352941174,0.0,0.0,2019-10-06T01:56:13Z,ls7,qd9y2b8127dm,0.21503205889337448,0.7165756352410354,0.06839230586559011
0.061656441717791416,0.7057668711656442,0.0,0.2223926380368098,0.0,0.0,2019-10-14T02:11:38Z,ls8,qd9y2b8127dm,0.22468079831411927,0.713028387256725,0.06229081442915583
0.06892307692307692,0.7984615384615386,0.6012269938650308,0.12630769230769232,0.0,0.0,2019-10-21T02:17:49Z,ls8,qd9y2b8127dm,0.12710945966867934,0.8035299581978634,0.06936058213345718
0.07742138364779876,0.7322012578616354,0.024539877300613466,0.180503144654088,0.0,0.0,2019-10-22T01:55:33Z,ls7,qd9y2b8127dm,0.18230324588706087,0.7395032712951789,0.07819348281776028
,,1.0,,,,2019-10-29T02:01:25Z,ls7,qd9y2b8127dm,,,
0.07803680981595092,0.7217791411042943,0.0,0.18950920245398772,0.0,0.0,2019-10-30T02:11:38Z,ls8,qd9y2b8127dm,0.19155401215428502,0.7295671586258216,0.07887882921989335
0.10030674846625767,0.698036809815951,0.0,0.19067484662576686,0.0,0.0,2019-11-06T02:17:48Z,ls8,qd9y2b8127dm,0.19279201042118976,0.7057874821661188,0.10142050741269153
0.09773006134969325,0.7141104294478527,0.0,0.17693251533742332,0.0,0.0,2019-11-07T01:54:50Z,ls7,qd9y2b8127dm,0.17894149035180246,0.7222187752063038,0.09883973444189366
0.1301282051282051,0.7256410256410256,0.5214723926380368,0.13384615384615386,0.0,0.0,2019-11-14T02:00:42Z,ls7,qd9y2b8127dm,0.1352506801399145,0.7332556030573909,0.13149371680269464
0.11938650306748466,0.7053374233128834,0.0,0.1642331288343558,0.0,0.0,2019-11-15T02:11:35Z,ls8,qd9y2b8127dm,0.16606699751861043,0.7132133995037221,0.1207196029776675
,,1.0,,,,2019-11-22T02:17:20Z,ls8,qd9y2b8127dm,,,
0.13339285714285715,0.6909821428571429,0.31288343558282206,0.16348214285714285,0.0,0.0,2019-11-23T01:54:06Z,ls7,qd9y2b8127dm,0.16549168474331166,0.699475777295734,0.13503253796095446
0.1416470588235294,0.6734117647058824,0.4785276073619632,0.17423529411764704,0.0,0.0,2019-11-30T01:59:56Z,ls7,qd9y2b8127dm,0.17612082292781542,0.6806992508027113,0.14317992626947318
0.1398159509202454,0.7131901840490797,0.0,0.13613496932515337,0.0,0.0,2019-12-01T02:11:33Z,ls8,qd9y2b8127dm,0.13762947342306023,0.7210196613533462,0.14135086522359364
,,1.0,,,,2019-12-08T02:17:44Z,ls8,qd9y2b8127dm,,,
0.16930555555555554,0.7215277777777778,0.558282208588957,0.09722222222222224,0.0,0.0,2019-12-09T01:53:19Z,ls7,qd9y2b8127dm,0.09839752600506046,0.7302502108518415,0.17135226314309812
0.07267441860465117,0.7626744186046512,0.47239263803680986,0.15453488372093024,0.0,0.0,2019-12-16T01:59:09Z,ls7,qd9y2b8127dm,0.15611417831551744,0.7704686949371549,0.07341712674732762
0.12453987730061349,0.7260736196319018,0.0,0.13791411042944784,0.0,0.0,2019-12-17T02:11:32Z,ls8,qd9y2b8127dm,0.139514677589524,0.734500093092534,0.12598522931794204
0.14196319018404907,0.6969325153374233,0.0,0.1498159509202454,0.0,0.0,2019-12-24T02:17:17Z,ls8,qd9y2b8127dm,0.1515264333581534,0.7048895507570117,0.14358401588483494
0.11524691358024693,0.7467901234567902,0.006134969325153339,0.1277777777777778,0.0,0.0,2019-12-25T01:52:30Z,ls7,qd9y2b8127dm,0.12909260991580918,0.7544745868412847,0.11643280324290614
0.12122137404580154,0.7425954198473282,0.19631901840490795,0.12435114503816794,0.0,0.0,2020-01-01T01:58:19Z,ls7,qd9y2b8127dm,0.1258400926998841,0.7514870606411742,0.12267284665894168
0.11509202453987731,0.7412883435582823,0.0,0.1326993865030675,0.0,0.0,2020-01-02T02:11:27Z,ls8,qd9y2b8127dm,0.13416449572013397,0.7494727701277757,0.1163627341520903
0.13202453987730062,0.7195705521472392,0.0,0.13730061349693254,0.0,0.0,2020-01-09T02:17:37Z,ls8,qd9y2b8127dm,0.1388423599478876,0.7276505986723741,0.1335070413797382
0.132,0.7409032258064516,0.049079754601227044,0.11587096774193549,0.0,0.0,2020-01-10T01:51:40Z,ls7,qd9y2b8127dm,0.11718648049066946,0.7493148897298708,0.13349862977945975
0.09236111111111112,0.7476388888888889,0.558282208588957,0.14777777777777779,0.0,0.0,2020-01-17T01:57:30Z,ls7,qd9y2b8127dm,0.14960629921259844,0.7568897637795275,0.09350393700787402
0.1038036809815951,0.7597546012269939,0.0,0.12552147239263803,0.0,0.0,2020-01-18T02:11:24Z,ls8,qd9y2b8127dm,0.1269073315965761,0.7681429103088947,0.10494975809452924
0.1722085889570552,0.6758282208588957,0.0,0.13975460122699387,0.0,0.0,2020-01-25T02:17:09Z,ls8,qd9y2b8127dm,0.14148189553443885,0.684181106763555,0.17433699770200606
0.12797619047619047,0.7265476190476191,0.48466257668711654,0.13369047619047622,0.0,0.0,2020-01-26T01:50:53Z,ls7,qd9y2b8127dm,0.13528490543308036,0.7352126249849416,0.12950246958197806
0.13157894736842105,0.725639097744361,0.18404907975460127,0.13090225563909774,0.0,0.0,2020-02-02T01:56:43Z,ls7,qd9y2b8127dm,0.13247603104550296,0.7343631106376504,0.13316085831684674
0.13969325153374232,0.7372392638036809,0.0,0.1116564417177914,0.0,0.0,2020-02-03T02:11:19Z,ls8,qd9y2b8127dm,0.11294526498696786,0.7457490381035125,0.14130569690951966
0.13386503067484662,0.7277300613496933,0.0,0.12687116564417178,0.0,0.0,2020-02-10T02:17:28Z,ls8,qd9y2b8127dm,0.12835153922542203,0.7362214498510427,0.13542701092353523
0.048155339805825245,0.8199029126213594,0.36809815950920244,0.12135922330097089,0.0,0.0,2020-02-11T01:50:04Z,ls7,qd9y2b8127dm,0.12265724659012854,0.8286723579629085,0.048670395446963
0.1290909090909091,0.7345454545454546,0.5950920245398773,0.13393939393939394,0.0,0.0,2020-02-18T01:55:53Z,ls7,qd9y2b8127dm,0.1342648845686513,0.7363304981773998,0.12940461725394897
,,1.0,,,,2020-02-19T02:11:15Z,ls8,qd9y2b8127dm,,,
,,1.0,,,,2020-03-05T01:55:02Z,ls7,qd9y2b8127dm,,,
0.02,0.7766666666666667,0.9447852760736196,0.19444444444444445,0.0,0.0,2020-03-06T02:11:10Z,ls8,qd9y2b8127dm,0.19618834080717487,0.7836322869955157,0.020179372197309416
0.18499999999999997,0.6906578947368421,0.5337423312883436,0.11460526315789472,0.0,0.0,2020-03-14T01:48:22Z,ls7,qd9y2b8127dm,0.11573212862078128,0.6974488440074409,0.1868190273717778
0.07563636363636364,0.7449090909090909,0.32515337423312884,0.16927272727272727,0.0,0.0,2020-03-21T01:54:09Z,ls7,qd9y2b8127dm,0.17101396032329172,0.7525716385011022,0.07641440117560619
0.1038036809815951,0.7252147239263804,0.0,0.15969325153374234,0.0,0.0,2020-03-22T02:11:02Z,ls8,qd9y2b8127dm,0.16151650533631173,0.7334946636882601,0.10498883097542815
0.1183435582822086,0.6966871165644172,0.0,0.17282208588957054,0.0,0.0,2020-03-29T02:16:45Z,ls8,qd9y2b8127dm,0.17494721152651846,0.705254005713576,0.11979878275990563
0.10895705521472392,0.735398773006135,0.0,0.14490797546012268,0.0,0.0,2020-03-30T01:47:28Z,ls7,qd9y2b8127dm,0.14648062015503877,0.7433798449612403,0.11013953488372093
0.14476190476190473,0.7509523809523809,0.7423312883435582,0.09357142857142858,0.0,0.0,2020-04-06T01:53:15Z,ls7,qd9y2b8127dm,0.09458483754512638,0.7590854392298436,0.14632972322503007
0.09932515337423312,0.7398159509202454,0.0,0.14975460122699386,0.0,0.0,2020-04-07T02:10:53Z,ls8,qd9y2b8127dm,0.1514361933122402,0.7481233327129475,0.10044047397481233
,,1.0,,,,2020-04-14T02:16:38Z,ls8,qd9y2b8127dm,,,
,,1.0,,,,2020-04-15T01:46:33Z,ls7,qd9y2b8127dm,,,
0.08144927536231884,0.7395652173913043,0.15337423312883436,0.1686231884057971,0.0,0.0,2020-04-22T01:52:19Z,ls7,qd9y2b8127dm,0.17038881159844768,0.7473090722706304,0.08230211613092188
0.07914110429447851,0.42588957055214716,0.0,0.06748466257668712,0.0,0.4233128834355828,2020-04-23T02:10:47Z,ls8,qd9y2b8127dm,0.06797640679606291,0.42899292361660785,0.07971778615174649
0.15975460122699386,0.6711042944785277,0.0,0.15748466257668714,0.0,0.0,2020-04-30T02:16:30Z,ls8,qd9y2b8127dm,0.15934202358783367,0.6790192427063936,0.1616387337057728
0.11839506172839506,0.7248765432098766,0.006134969325153339,0.14555555555555555,0.0,0.0,2020-05-01T01:45:36Z,ls7,qd9y2b8127dm,0.14720019976278167,0.7330669829577376,0.11973281727948061
0.049555555555555554,0.8446666666666665,0.7239263803680982,0.09777777777777778,0.0,0.0,2020-05-08T01:51:22Z,ls7,qd9y2b8127dm,0.09856630824372763,0.8514784946236559,0.0499551971326165
,,1.0,,,,2020-05-09T02:10:38Z,ls8,qd9y2b8127dm,,,
0.11654411764705881,0.6951470588235295,0.16564417177914115,0.17691176470588238,0.0,0.0,2020-05-16T02:16:50Z,ls8,qd9y2b8127dm,0.17895128300483454,0.7031610264038676,0.11788769059129786
,,1.0,,,,2020-05-17T01:44:38Z,ls7,qd9y2b8127dm,,,
,,1.0,,,,2020-05-25T02:10:41Z,ls8,qd9y2b8127dm,,,
0.11337423312883436,0.676441717791411,0.0,0.1985889570552147,0.0,0.0,2020-06-01T02:16:55Z,ls8,qd9y2b8127dm,0.20091862702501395,0.6843771336354044,0.11470423933958167
0.089079754601227,0.714601226993865,0.0,0.18625766871165647,0.0,0.0,2020-06-02T01:43:40Z,ls7,qd9y2b8127dm,0.1881507188894398,0.721864154685176,0.08998512642538424
0.09090909090909091,0.8197727272727273,0.7300613496932515,0.0825,0.0,0.0,2020-06-09T01:49:27Z,ls7,qd9y2b8127dm,0.08306636155606408,0.8254004576659039,0.09153318077803203
0.0823312883435583,0.7212269938650306,0.0,0.1854601226993865,0.0,0.0,2020-06-10T02:10:50Z,ls8,qd9y2b8127dm,0.18751938465355747,0.7292351591092364,0.08324545623720614
0.06613496932515336,0.7446012269938651,0.0,0.1793865030674847,0.0,0.0,2020-06-17T02:16:41Z,ls8,qd9y2b8127dm,0.1811760332114753,0.7520292459260177,0.06679472086250696
0.03875,0.8182812500000001,0.6073619631901841,0.13546874999999997,0.0,0.0,2020-06-18T01:42:44Z,ls7,qd9y2b8127dm,0.13649244332493699,0.8244647355163728,0.03904282115869018
0.11385245901639345,0.7708196721311474,0.25153374233128833,0.10745901639344262,0.0,0.0,2020-06-25T01:48:30Z,ls7,qd9y2b8127dm,0.10831130204890947,0.7769332452081957,0.11475545274289493
0.09190184049079755,0.703558282208589,0.0,0.19404907975460123,0.0,0.0,2020-06-26T02:10:59Z,ls8,qd9y2b8127dm,0.19610639221278445,0.7110174220348441,0.09287618575237153
0.1201840490797546,0.6835582822085889,0.0,0.1858282208588957,0.0,0.0,2020-07-03T02:17:13Z,ls8,qd9y2b8127dm,0.18778673279603222,0.6907625542467452,0.12145071295722257
0.2883739837398374,0.5882113821138211,0.245398773006135,0.11227642276422763,0.0,0.0,2020-07-04T01:41:47Z,ls7,qd9y2b8127dm,0.11354106717092821,0.5948368001315465,0.29162213269752535
0.10577777777777778,0.7716666666666667,0.4478527607361963,0.11433333333333334,0.0,0.0,2020-07-11T01:47:32Z,ls7,qd9y2b8127dm,0.11528120098588393,0.7780640824557472,0.10665471655836879
0.12361963190184048,0.6858282208588956,0.0,0.17981595092024538,0.0,0.0,2020-07-12T02:11:05Z,ls8,qd9y2b8127dm,0.18176744186046512,0.6932713178294574,0.12496124031007753
0.10944785276073622,0.7033742331288344,0.0,0.17644171779141105,0.0,0.0,2020-07-19T02:16:55Z,ls8,qd9y2b8127dm,0.1783565891472868,0.7110077519379845,0.11063565891472871
0.11542483660130719,0.7201960784313726,0.06134969325153372,0.15431372549019606,0.0,0.0,2020-07-20T01:40:49Z,ls7,qd9y2b8127dm,0.15588274131783966,0.7275188168493332,0.11659844183282715
0.12235955056179776,0.6625842696629214,0.45398773006134974,0.2043820224719101,0.0,0.0,2020-07-27T01:46:33Z,ls7,qd9y2b8127dm,0.20658716638273708,0.6697331061896651,0.12367972742759797
,,1.0,,,,2020-07-28T02:11:10Z,ls8,qd9y2b8127dm,,,
0.05828220858895705,0.7011042944785276,0.0,0.11042944785276074,0.0,0.12269938650306748,2020-08-04T02:17:23Z,ls8,qd9y2b8127dm,0.11137968008848065,0.7071372133617537,0.05878372004669811
0.0809375,0.75296875,0.6073619631901841,0.15796875000000002,0.0,0.0,2020-08-05T01:39:49Z,ls7,qd9y2b8127dm,0.15926275992438566,0.7591367359798362,0.0816005040957782
0.07552147239263803,0.7276073619631902,0.0,0.17006134969325154,0.0,0.018404907975460124,2020-08-13T02:11:14Z,ls8,qd9y2b8127dm,0.17153007596873385,0.7338913062731541,0.07617370978265198
0.16125,0.633625,0.50920245398773,0.194,0.0,0.0,2020-08-20T02:17:05Z,ls8,qd9y2b8127dm,0.1961825306535204,0.6407533813677158,0.16306408797876373
,,1.0,,,,2020-08-21T01:38:48Z,ls7,qd9y2b8127dm,,,
0.07023622047244095,0.7539370078740157,0.22085889570552142,0.16700787401574804,0.0,0.0,2020-08-28T01:44:31Z,ls7,qd9y2b8127dm,0.16849380362249763,0.7606450587861455,0.07086113759135686
,,1.0,,,,2020-08-29T02:11:22Z,ls8,qd9y2b8127dm,,,
0.07539877300613498,0.7399386503067485,0.0,0.1750920245398773,0.0,0.0,2020-09-05T02:17:36Z,ls8,qd9y2b8127dm,0.17678394449950444,0.7470887016848365,0.07612735381565908
,,1.0,,,,2020-09-21T02:17:18Z,ls8,qd9y2b8127dm,,,
0.07925373134328359,0.7508955223880598,0.17791411042944782,0.1598507462686567,0.0,0.0,2020-09-22T01:36:41Z,ls7,qd9y2b8127dm,0.16146540027137038,0.7584803256445047,0.08005427408412483
0.07284810126582279,0.7339873417721519,0.030674846625766916,0.18303797468354432,0.0,0.0,2020-09-30T02:11:33Z,ls8,qd9y2b8127dm,0.18491048593350387,0.7414961636828644,0.07359335038363173
0.10441717791411045,0.7178527607361963,0.0,0.16723926380368098,0.0,0.0,2020-10-07T02:17:45Z,ls8,qd9y2b8127dm,0.16901233802467605,0.7254634509269019,0.10552421104842213
0.028625,0.8268749999999999,0.50920245398773,0.138875,0.0,0.0,2020-10-08T01:35:40Z,ls7,qd9y2b8127dm,0.13966059082338153,0.8315524827152734,0.02878692646134507
,,1.0,,,,2020-10-16T02:11:34Z,ls8,qd9y2b8127dm,,,
0.1032515337423313,0.7346012269938649,0.0,0.15184049079754602,0.0,0.0,2020-10-23T02:17:45Z,ls8,qd9y2b8127dm,0.15342177039424748,0.7422514257376642,0.10432680386808829
0.11783333333333333,0.7481666666666664,0.6319018404907976,0.12366666666666666,0.0,0.0,2020-10-24T01:34:38Z,ls7,qd9y2b8127dm,0.12495789828224993,0.7559784439205118,0.11906365779723815
,,1.0,,,,2020-11-09T01:33:33Z,ls7,qd9y2b8127dm,,,
0.05650000000000001,0.7985,0.754601226993865,0.13574999999999998,0.0,0.0,2020-11-16T01:39:15Z,ls7,qd9y2b8127dm,0.13701741105223314,0.8059550845319202,0.057027504415846586
,,1.0,,,,2020-11-17T02:11:32Z,ls8,qd9y2b8127dm,,,
0.09085889570552148,0.7500613496932516,0.0,0.14914110429447855,0.0,0.0,2020-11-24T02:17:21Z,ls8,qd9y2b8127dm,0.15063824513570456,0.7575907795265832,0.09177097533771224
0.079010989010989,0.7482417582417583,0.44171779141104295,0.16252747252747252,0.0,0.0,2020-11-25T01:32:26Z,ls7,qd9y2b8127dm,0.16420561785278115,0.7559675807705118,0.079826801376707
0.11742857142857144,0.7188571428571428,0.14110429447852757,0.15257142857142858,0.0,0.0,2020-12-02T01:38:06Z,ls7,qd9y2b8127dm,0.15429066743715691,0.7269575267263796,0.11875180583646347
0.10717791411042946,0.7293251533742331,0.0,0.153680981595092,0.0,0.0,2020-12-03T02:11:35Z,ls8,qd9y2b8127dm,0.15520446096654272,0.736555142503098,0.10824039653035937
,,1.0,,,,2020-12-10T02:17:22Z,ls8,qd9y2b8127dm,,,
0.034482758620689655,0.8735862068965519,0.11042944785276076,0.08779310344827586,0.0,0.0,2020-12-11T01:31:15Z,ls7,qd9y2b8127dm,0.08815789473684209,0.8772160664819946,0.03462603878116343
0.12675925925925927,0.7570370370370371,0.33742331288343563,0.10537037037037036,0.0,0.0,2020-12-18T01:36:54Z,ls7,qd9y2b8127dm,0.10652438453617898,0.7653280913601049,0.1281475241037162
0.10447852760736195,0.7535582822085889,0.0,0.13177914110429448,0.0,0.0,2020-12-19T02:11:35Z,ls8,qd9y2b8127dm,0.1331349944217181,0.7613115160530557,0.10555348952522622
0.12202453987730062,0.7296932515337423,0.0,0.13760736196319018,0.0,0.0,2020-12-26T02:17:20Z,ls8,qd9y2b8127dm,0.1390921493240729,0.7375666625325561,0.12334118814337096
0.124375,0.7284821428571427,0.31288343558282206,0.13732142857142857,0.0,0.0,2020-12-27T01:30:04Z,ls7,qd9y2b8127dm,0.13868349864743013,0.73570784490532,0.12560865644724978
0.16425,0.7351666666666666,0.2638036809815951,0.08966666666666666,0.0,0.0,2021-01-03T01:35:46Z,ls7,qd9y2b8127dm,0.09065633162018703,0.7432808155699722,0.16606285280984076
0.14251533742331288,0.7401226993865031,0.0,0.10723926380368101,0.0,0.0,2021-01-04T02:11:30Z,ls8,qd9y2b8127dm,0.10833591571118689,0.7476913541989464,0.14397273008986675
0.21865030674846625,0.6550920245398774,0.0,0.11496932515337424,0.0,0.0,2021-01-11T02:17:14Z,ls8,qd9y2b8127dm,0.11628195582030282,0.6625713576569869,0.22114668652271036
,,1.0,,,,2021-01-12T01:28:57Z,ls7,qd9y2b8127dm,,,
0.11930555555555555,0.7511111111111111,0.1165644171779141,0.11868055555555555,0.0,0.0,2021-01-20T02:11:23Z,ls8,qd9y2b8127dm,0.1199887664115706,0.7593905778277048,0.12062065576072457
0.1577272727272727,0.7452272727272727,0.7300613496932515,0.08750000000000001,0.0,0.0,2021-01-27T02:17:09Z,ls8,qd9y2b8127dm,0.08834327673244609,0.752409362092703,0.1592473611748508
0.26555555555555554,0.6681944444444443,0.558282208588957,0.055972222222222215,0.0,0.0,2021-01-28T01:27:48Z,ls7,qd9y2b8127dm,0.05655346618018524,0.6751333146225091,0.26831321919730566
0.2622,0.6443000000000001,0.38650306748466257,0.08190000000000001,0.0,0.0,2021-02-04T01:33:28Z,ls7,qd9y2b8127dm,0.08286118980169972,0.6518615944961554,0.26527721570214485
,,1.0,,,,2021-02-05T02:11:21Z,ls8,qd9y2b8127dm,,,
0.0747239263803681,0.730920245398773,0.0,0.18447852760736197,0.0,0.0,2021-02-12T02:17:07Z,ls8,qd9y2b8127dm,0.1863188549476424,0.7382117851167979,0.07546935993555982
,,1.0,,,,2021-02-13T01:26:37Z,ls7,qd9y2b8127dm,,,
0.08959459459459461,0.7224324324324325,0.09202453987730064,0.1785135135135135,0.0,0.0,2021-02-20T01:32:16Z,ls7,qd9y2b8127dm,0.18021828103683488,0.729331514324693,0.09045020463847205
0.06822085889570553,0.7502453987730062,0.0,0.1717177914110429,0.0,0.0,2021-02-21T02:11:17Z,ls8,qd9y2b8127dm,0.17342007434944232,0.7576827757125155,0.06889714993804213
0.100920245398773,0.7309815950920245,0.0,0.15791411042944783,0.0,0.0,2021-02-28T02:17:25Z,ls8,qd9y2b8127dm,0.1595388620304946,0.7385025412173051,0.10195859675220033
0.1394736842105263,0.77,0.6503067484662577,0.0807017543859649,0.0,0.0,2021-03-01T01:25:24Z,ls7,qd9y2b8127dm,0.08150248051027638,0.7776399716513112,0.14085754783841245
0.10553191489361702,0.8134042553191488,0.7116564417177914,0.07063829787234042,0.0,0.0,2021-03-08T01:31:02Z,ls7,qd9y2b8127dm,0.07138249838744357,0.8219737690819179,0.10664373253063858
,,1.0,,,,2021-03-09T02:11:09Z,ls8,qd9y2b8127dm,,,
,,1.0,,,,2021-03-16T02:16:52Z,ls8,qd9y2b8127dm,,,
0.098125,0.81578125,0.6073619631901841,0.07593749999999999,0.0,0.0,2021-03-17T01:24:08Z,ls7,qd9y2b8127dm,0.07671665351223361,0.8241515390686661,0.09913180741910024
0.17945454545454548,0.6650909090909091,0.6625766871165644,0.14436363636363636,0.0,0.0,2021-03-24T01:29:46Z,ls7,qd9y2b8127dm,0.14598271741128882,0.6725501011215297,0.1814671814671815
0.14570552147239263,0.7070552147239264,0.0,0.1352760736196319,0.0,0.0,2021-03-25T02:11:02Z,ls8,qd9y2b8127dm,0.13691400186277553,0.7156162682396772,0.14746972989754734
0.13030674846625767,0.7026993865030675,0.0,0.15552147239263805,0.0,0.0,2021-04-01T02:16:48Z,ls8,qd9y2b8127dm,0.1573263824241296,0.7108545894619251,0.13181902811394527
0.06702380952380953,0.7623809523809525,0.48466257668711654,0.16059523809523807,0.0,0.0,2021-04-02T01:22:51Z,ls7,qd9y2b8127dm,0.16221741221741218,0.7700817700817701,0.06770081770081769
0.10163120567375887,0.7516312056737589,0.13496932515337423,0.13617021276595745,0.0,0.0,2021-04-09T01:28:27Z,ls7,qd9y2b8127dm,0.13762454304350943,0.7596588058203714,0.10271665113611929
,,1.0,,,,2021-04-10T02:10:58Z,ls8,qd9y2b8127dm,,,
,,1.0,,,,2021-04-17T02:16:42Z,ls8,qd9y2b8127dm,,,
0.10016949152542373,0.7325423728813558,0.2760736196319018,0.1564406779661017,0.0,0.0,2021-04-18T01:21:31Z,ls7,qd9y2b8127dm,0.15815627141878,0.7405757368060315,0.1012679917751885
0.06946969696969699,0.7754545454545454,0.1901840490797546,0.1465909090909091,0.0,0.0,2021-04-25T01:27:06Z,ls7,qd9y2b8127dm,0.14784535452322742,0.7820904645476773,0.07006418092909537
0.09000000000000001,0.7263190184049079,0.0,0.17282208588957054,0.0,0.0,2021-04-26T02:10:50Z,ls8,qd9y2b8127dm,0.17471934503504313,0.7342926254419153,0.09098802952304165
0.10226993865030676,0.7185276073619631,0.0,0.16883435582822084,0.0,0.0,2021-05-03T02:16:56Z,ls8,qd9y2b8127dm,0.17060318641125782,0.7260554212386089,0.1033413923501333
,,1.0,,,,2021-05-12T02:10:47Z,ls8,qd9y2b8127dm,,,
0.048897637795275596,0.7529921259842519,0.22085889570552142,0.18125984251968505,0.0,0.007874015748031496,2021-05-19T02:17:03Z,ls8,qd9y2b8127dm,0.1829147858199609,0.7598671141599851,0.04934408427202247
0.07184,0.7429600000000001,0.2331288343558282,0.17632,0.0,0.0,2021-05-20T01:18:49Z,ls7,qd9y2b8127dm,0.1778997497780289,0.7496165953668577,0.0724836548551134
0.09975460122699388,0.7160122699386503,0.0,0.17411042944785277,0.0,0.0,2021-06-04T02:17:11Z,ls8,qd9y2b8127dm,0.17589092035946702,0.7233343662844748,0.10077471335605828
0.08935064935064936,0.711168831168831,0.5276073619631902,0.19103896103896104,0.0,0.0,2021-06-05T01:17:27Z,ls7,qd9y2b8127dm,0.19266535690897185,0.7172233136869679,0.09011132940406028
0.1089171974522293,0.720828025477707,0.036809815950920255,0.1567515923566879,0.006369426751592357,0.0,2021-06-12T01:23:04Z,ls7,qd9y2b8127dm,0.1578851265989367,0.7260406248355004,0.10970482181397063
0.08104294478527607,0.7230061349693252,0.0,0.18711656441717792,0.0,0.0,2021-06-13T02:11:04Z,ls8,qd9y2b8127dm,0.18878435256251547,0.7294503589997524,0.0817652884377321
,,1.0,,,,2021-06-20T02:16:53Z,ls8,qd9y2b8127dm,,,
,,1.0,,,,2021-06-21T01:16:09Z,ls7,qd9y2b8127dm,,,
,,1.0,,,,2021-06-29T02:11:08Z,ls8,qd9y2b8127dm,,,
0.14906250000000001,0.5944791666666666,0.41104294478527603,0.22322916666666667,0.0,0.020833333333333332,2021-07-06T02:16:55Z,ls8,qd9y2b8127dm,0.2260913874223324,0.6021015156412742,0.15097376360306006
0.15365517241379312,0.6417931034482759,0.11042944785276076,0.19413793103448274,0.0,0.0,2021-07-07T01:14:49Z,ls7,qd9y2b8127dm,0.19618091853090805,0.6485469370687853,0.15527214440030665
0.18748466257668708,0.4952147239263804,0.0,0.209079754601227,0.06134969325153374,0.03680981595092025,2021-07-15T02:11:09Z,ls8,qd9y2b8127dm,0.2114386621242458,0.5008019016041408,0.18959992706915935
0.12699386503067486,0.36883435582822083,0.0,0.18263803680981594,0.17791411042944785,0.13496932515337423,2021-07-22T02:16:59Z,ls8,qd9y2b8127dm,0.1849666346206654,0.3735369188241318,0.12861301097238076
,,1.0,,,,2021-07-23T01:13:27Z,ls7,qd9y2b8127dm,,,
0.11601226993865031,0.3316564417177914,0.0,0.17098159509202457,0.2085889570552147,0.1656441717791411,2021-07-31T02:11:17Z,ls8,qd9y2b8127dm,0.17294845993044924,0.3354716090362427,0.11734680219895209
0.09934782608695653,0.6430434782608695,0.7177914110429449,0.2491304347826087,0.0,0.0,2021-08-15T01:17:35Z,ls7,qd9y2b8127dm,0.25126068844551636,0.6485419864064897,0.10019732514799387
0.11472392638036812,0.5934355828220859,0.0,0.22006134969325153,0.04294478527607362,0.018404907975460124,2021-08-16T02:11:23Z,ls8,qd9y2b8127dm,0.2225339491280072,0.6001033983594126,0.11601295926104642
0.11730061349693252,0.6211656441717791,0.0,0.2319631901840491,0.012269938650306749,0.006134969325153374,2021-08-23T02:17:36Z,ls8,qd9y2b8127dm,0.23463213067042518,0.6283127011473301,0.1186502602067847
0.08854545454545452,0.7032727272727272,0.6625766871165644,0.19854545454545455,0.0,0.0,2021-08-24T01:10:38Z,ls7,qd9y2b8127dm,0.20047732696897377,0.7101156599963282,0.08940701303469799
0.06809815950920246,0.6650920245398773,0.0,0.256441717791411,0.0,0.0,2021-09-08T02:17:17Z,ls8,qd9y2b8127dm,0.25912838633686686,0.6720600086789411,0.06881160498419193
0.0316875,0.43531250000000005,0.018404907975460127,0.1714375,0.025,0.33125,2021-09-16T01:14:48Z,ls7,qd9y2b8127dm,0.17286404796867352,0.4389347772883016,0.03195117474302497
0.06073619631901841,0.6533742331288344,0.0,0.27521472392638036,0.0,0.0,2021-09-17T02:11:32Z,ls8,qd9y2b8127dm,0.27818429864814587,0.6604241597420315,0.06139154160982265
0.06895705521472394,0.6561349693251532,0.0,0.26423312883435585,0.0,0.0,2021-09-24T02:17:19Z,ls8,qd9y2b8127dm,0.26708421183182446,0.6632146843606598,0.06970110380751583
0.07319018404907976,0.6753374233128835,0.0,0.2422085889570552,0.0,0.0,2021-09-25T01:07:49Z,ls7,qd9y2b8127dm,0.24447334200260074,0.6816521146820237,0.07387454331537557
0.0583435582822086,0.661840490797546,0.0,0.26993865030674846,0.0,0.0,2021-10-03T02:11:36Z,ls8,qd9y2b8127dm,0.2726315137245182,0.668442902286387,0.05892558398909475
0.07257668711656441,0.6677300613496933,0.0,0.24889570552147236,0.0,0.0,2021-10-10T02:17:25Z,ls8,qd9y2b8127dm,0.2516125031009675,0.6750186058050113,0.07336889109402134
0.04,0.61,0.9815950920245399,0.34,0.0,0.0,2021-10-26T02:17:51Z,ls8,qd9y2b8127dm,0.3434343434343435,0.6161616161616161,0.04040404040404041
0.10237410071942446,0.6479856115107914,0.14723926380368102,0.23913669064748197,0.0,0.0,2021-11-03T01:10:29Z,ls7,qd9y2b8127dm,0.24167514904754978,0.6548640395521304,0.10346081140031992
0.06360248447204969,0.6921739130434782,0.012269938650306789,0.23472049689440994,0.0,0.0,2021-11-04T02:11:39Z,ls8,qd9y2b8127dm,0.2369724713112184,0.6988148241048472,0.06421270458393429
0.06159509202453988,0.7000000000000002,0.0,0.22822085889570554,0.0,0.0,2021-11-11T02:17:48Z,ls8,qd9y2b8127dm,0.23056898475269616,0.7072021817280278,0.06222883351927606
0.09578947368421054,0.6889473684210526,0.4171779141104295,0.20505263157894735,0.0,0.0,2021-11-12T01:03:26Z,ls7,qd9y2b8127dm,0.20716792513027754,0.696054450707221,0.09677762416250134
0.06503067484662577,0.6945398773006135,0.0,0.23006134969325154,0.0,0.0,2021-11-18T02:13:25Z,ls9,qd9y2b8127dm,0.23247163846010788,0.701816378401835,0.06571198313805716
0.07086956521739131,0.7356521739130436,0.7177914110429449,0.1826086956521739,0.0,0.0,2021-11-19T01:08:56Z,ls7,qd9y2b8127dm,0.1846153846153846,0.7437362637362638,0.07164835164835165
0.07110429447852762,0.7025766871165644,0.0,0.2159509202453988,0.0,0.0,2021-11-20T02:11:34Z,ls8,qd9y2b8127dm,0.21821337796788792,0.709937387638708,0.07184923439340402
0.08993865030674847,0.7066871165644172,0.0,0.19319018404907976,0.0,0.0,2021-11-27T02:17:23Z,ls8,qd9y2b8127dm,0.19517788521135493,0.7139581009049213,0.09086401388372382
0.10232394366197184,0.6870422535211267,0.1288343558282209,0.19992957746478873,0.0,0.0,2021-11-28T01:01:54Z,ls7,qd9y2b8127dm,0.20209282460136677,0.6944760820045558,0.10343109339407747
0.13073619631901842,0.673680981595092,0.0,0.18496932515337425,0.0,0.0,2021-12-05T02:17:25Z,ls9,qd9y2b8127dm,0.18695355614807466,0.680907794382092,0.1321386494698332
0.09245398773006135,0.7140490797546012,0.0,0.18355828220858894,0.0,0.0,2021-12-06T02:11:36Z,ls8,qd9y2b8127dm,0.1854009170900979,0.7212170033461396,0.09338207956376256
0.1374233128834356,0.6761349693251534,0.0,0.1752760736196319,0.0,0.0,2021-12-13T02:17:46Z,ls8,qd9y2b8127dm,0.17725524258592879,0.683769698473756,0.13897505894031517
0.12392638036809818,0.691042944785276,0.0,0.1743558282208589,0.0,0.0,2021-12-14T02:11:32Z,ls9,qd9y2b8127dm,0.17623713258092522,0.6984993178717598,0.12526354954731492
,,1.0,,,,2021-12-21T02:17:18Z,ls9,qd9y2b8127dm,,,
0.07337423312883436,0.7293251533742331,0.0,0.186319018404908,0.0,0.0,2021-12-22T02:11:33Z,ls8,qd9y2b8127dm,0.18838781713293223,0.7374232367719123,0.07418894609515539
0.1079754601226994,0.7206748466257669,0.0,0.1605521472392638,0.0,0.0,2021-12-29T02:17:41Z,ls8,qd9y2b8127dm,0.1623046390473828,0.7285413048871248,0.10915405606549244
0.11797546012269941,0.6938036809815951,0.0,0.17662576687116566,0.0,0.0,2021-12-30T00:58:48Z,ls7,qd9y2b8127dm,0.1786977841226491,0.7019427720191173,0.11935944385823352
0.1339877300613497,0.5833128834355829,0.0,0.14257668711656443,0.0,0.12883435582822086,2022-01-06T01:04:17Z,ls7,qd9y2b8127dm,0.14444841303190745,0.5909705297363924,0.1357467014034793
0.13588957055214723,0.688957055214724,0.0,0.16392638036809815,0.0,0.0,2022-01-07T02:11:29Z,ls8,qd9y2b8127dm,0.1657876776074952,0.6967797977291059,0.1374325246633989
0.12214723926380368,0.7022699386503067,0.0,0.1643558282208589,0.0,0.0,2022-01-14T02:17:39Z,ls8,qd9y2b8127dm,0.16622200161320344,0.7102438419060619,0.12353415648073462
0.09300613496932514,0.3844171779141104,0.0,0.08079754601226995,0.0,0.43558282208588955,2022-01-15T00:57:16Z,ls7,qd9y2b8127dm,0.08169440854081586,0.3886842550620745,0.09403851431122007
0.059079754601227,0.2188957055214724,0.0,0.024539877300613498,0.0,0.6932515337423313,2022-01-22T01:02:46Z,ls7,qd9y2b8127dm,0.024883266376610726,0.22195873607936764,0.059906463801690325
0.15159509202453988,0.7094478527607362,0.0,0.1276687116564417,0.0,0.0,2022-01-23T02:11:25Z,ls8,qd9y2b8127dm,0.12912633407793495,0.717547778605113,0.1533258873169521
0.16079754601226995,0.6698159509202454,0.0,0.15822085889570553,0.0,0.0,2022-01-30T02:17:09Z,ls8,qd9y2b8127dm,0.16000744509244325,0.6773793274599826,0.16261322744757414
0.16723926380368098,0.46607361963190186,0.0,0.17564417177914107,0.0,0.26380368098159507,2022-01-31T00:55:42Z,ls7,qd9y2b8127dm,0.1598460534923171,0.42415314997594594,0.15219711555014195
0.17380368098159507,0.7095705521472393,0.0,0.1787730061349693,0.0,0.049079754601226995,2022-02-07T01:01:11Z,ls7,qd9y2b8127dm,0.16005207619084064,0.6352650354232201,0.15560313378471227
0.14613496932515338,0.7023312883435583,0.0,0.14055214723926382,0.0,0.0,2022-02-08T02:11:21Z,ls8,qd9y2b8127dm,0.14211277216053597,0.7101296445629924,0.1477575832764717
0.1294478527607362,0.7159509202453987,0.0,0.14337423312883435,0.0,0.0,2022-02-15T02:17:30Z,ls8,qd9y2b8127dm,0.14500217162002854,0.7240801638021964,0.130917664577775
0.18766871165644172,0.4852760736196319,0.0,0.1611042944785276,0.0,0.2392638036809816,2022-02-16T00:54:03Z,ls7,qd9y2b8127dm,0.1469432329189954,0.44262032459606004,0.17117263880396305
0.1305521472392638,0.3133742331288344,0.0,0.06472392638036809,0.0,0.48466257668711654,2022-02-23T00:59:35Z,ls7,qd9y2b8127dm,0.06557483796828996,0.3174940970066589,0.13226848833793461
0.1567484662576687,0.6893251533742332,0.0,0.14190184049079754,0.0,0.0,2022-02-24T02:11:16Z,ls8,qd9y2b8127dm,0.14362891207153503,0.6977148534525583,0.15865623447590657
0.18895705521472392,0.6461349693251534,0.0,0.15300613496932514,0.0,0.0,2022-03-03T02:17:02Z,ls8,qd9y2b8127dm,0.1548491245498572,0.6539177946107041,0.1912330808394387
0.22736196319018406,0.6206748466257668,0.0,0.1836196319018405,0.0,0.07975460122699386,2022-03-04T00:52:32Z,ls7,qd9y2b8127dm,0.16379010933204136,0.5536466876419185,0.20280860179904622
0.12141104294478527,0.7024539877300614,0.0,0.16472392638036812,0.0,0.0,2022-03-12T02:11:12Z,ls8,qd9y2b8127dm,0.16662529477473004,0.7105622440114185,0.1228124612138513
,,1.0,,,,2022-03-19T02:17:18Z,ls8,qd9y2b8127dm,,,
0.1350306748466258,0.5588343558282208,0.0,0.11177914110429447,0.0,0.18404907975460122,2022-03-20T00:50:56Z,ls7,qd9y2b8127dm,0.11320915143825133,0.5659836226405222,0.13675814616662527
,,1.0,,,,2022-03-27T00:56:28Z,ls7,qd9y2b8127dm,,,
0.25328947368421045,0.5680263157894737,0.5337423312883436,0.16855263157894734,0.0,0.0,2022-03-28T02:11:00Z,ls8,qd9y2b8127dm,0.17027781470158182,0.5738402233151669,0.25588196198325136
0.10073619631901841,0.621717791411043,0.0,0.25122699386503067,0.0,0.09815950920245399,2022-04-05T00:49:24Z,ls7,qd9y2b8127dm,0.2326908707589913,0.5758459790651081,0.09330364097344657
0.07515337423312883,0.678957055214724,0.0,0.23539877300613496,0.0,0.0,2022-04-13T02:11:04Z,ls8,qd9y2b8127dm,0.23789447578895154,0.6861553723107446,0.07595015190030378
0.09323529411764706,0.6345588235294117,0.5828220858895705,0.2613235294117647,0.0,0.0,2022-04-20T02:16:51Z,ls8,qd9y2b8127dm,0.26419863217365447,0.6415402914064824,0.09426107641986323
0.08588957055214726,0.6504907975460122,0.0,0.2517791411042945,0.0,0.0,2022-04-29T02:11:00Z,ls8,qd9y2b8127dm,0.2547960514062209,0.6582852176072514,0.08691873098652761
0.09828220858895705,0.6522699386503067,0.0,0.23840490797546013,0.0,0.0,2022-05-06T02:16:52Z,ls8,qd9y2b8127dm,0.24106699751861044,0.6595533498759305,0.09937965260545906
,,1.0,,,,2022-05-15T02:11:10Z,ls8,qd9y2b8127dm,,,
0.08429447852760738,0.6438650306748467,0.0,0.2603680981595092,0.0,0.0,2022-05-22T02:16:58Z,ls8,qd9y2b8127dm,0.26338980947061374,0.6513374294048284,0.08527276112455781
0.10766871165644172,0.6434355828220859,0.0,0.2378527607361963,0.0,0.0,2022-05-31T02:11:13Z,ls8,qd9y2b8127dm,0.24050868486352353,0.6506203473945409,0.10887096774193548
0.10546012269938651,0.6268711656441718,0.0,0.25619631901840484,0.0,0.0,2022-06-07T02:17:06Z,ls8,qd9y2b8127dm,0.2591696145969093,0.6341463414634146,0.10668404393967605
0.08668711656441719,0.6133742331288343,0.0,0.2884662576687117,0.0,0.0,2022-06-16T02:11:25Z,ls8,qd9y2b8127dm,0.29181406317879977,0.6204927698131942,0.08769316700800596
0.06196319018404909,0.6019631901840491,0.0,0.2883435582822086,0.012269938650306749,0.024539877300613498,2022-06-23T02:17:15Z,ls8,qd9y2b8127dm,0.2916501652512998,0.6088662598820752,0.06267375891570486
0.12251533742331287,0.5782208588957055,0.0,0.2873006134969325,0.0,0.0,2022-07-02T02:11:29Z,ls8,qd9y2b8127dm,0.29077926109903757,0.5852219807513195,0.12399875814964297
0.18,0.5038961038961038,0.5276073619631902,0.30220779220779226,0.0,0.0,2022-07-09T02:17:16Z,ls8,qd9y2b8127dm,0.3064664822863164,0.5109969708942447,0.18253654681943896
0.07453987730061351,0.6068711656441718,0.0,0.3061963190184049,0.0,0.0,2022-07-18T02:11:29Z,ls8,qd9y2b8127dm,0.3100385141011306,0.6144862715865326,0.07547521431233696
0.16349693251533742,0.5093865030674847,0.0,0.27226993865030674,0.012269938650306749,0.03067484662576687,2022-07-25T02:17:46Z,ls8,qd9y2b8127dm,0.27569849688074677,0.5158009507888329,0.1655557670543466
,,1.0,,,,2022-08-03T02:11:41Z,ls8,qd9y2b8127dm,,,
0.08233128834355828,0.4425766871165645,0.0,0.26380368098159507,0.049079754601226995,0.15337423312883436,2022-08-10T02:17:31Z,ls8,qd9y2b8127dm,0.26675854486315614,0.4475339866611184,0.08325348074566409
0.09987730061349694,0.2163803680981595,0.0,0.17987730061349694,0.31901840490797545,0.17791411042944785,2022-08-19T02:11:46Z,ls8,qd9y2b8127dm,0.18239073389769692,0.21940386031963746,0.10127289044524238
0.0,0.0,0.0,0.0,0.9141104294478528,0.08588957055214724,2022-08-26T02:17:57Z,ls8,qd9y2b8127dm,0.0,0.0,0.0
0.08153374233128836,0.4943558282208589,0.0,0.29042944785276076,0.0736196319018405,0.049079754601226995,2022-09-11T02:18:01Z,ls8,qd9y2b8127dm,0.29411097686385373,0.5006223598582452,0.08256727677483347
0.07773006134969325,0.5687730061349694,0.0,0.3242331288343558,0.006134969325153374,0.012269938650306749,2022-09-27T02:18:04Z,ls8,qd9y2b8127dm,0.3278600809801992,0.5751354419616703,0.07859956908267028
0.034444444444444444,0.5944444444444444,0.9447852760736196,0.3655555555555556,0.0,0.0,2022-10-06T02:11:50Z,ls8,qd9y2b8127dm,0.3675977653631285,0.5977653631284916,0.034636871508379886
0.06783950617283951,0.6039506172839506,0.006134969325153339,0.31598765432098763,0.0,0.0,2022-10-13T02:17:31Z,ls8,qd9y2b8127dm,0.3198975128108986,0.6114235720534933,0.06867891513560806
,,1.0,,,,2022-10-22T02:11:50Z,ls8,qd9y2b8127dm,,,
0.046871165644171785,0.5987116564417179,0.0,0.34214723926380364,0.0,0.0,2022-10-29T02:17:39Z,ls8,qd9y2b8127dm,0.34639751552795023,0.6061490683229814,0.047453416149068325
,,1.0,,,,2022-11-07T02:11:52Z,ls8,qd9y2b8127dm,,,
0.0701840490797546,0.6627607361963191,0.0,0.2560122699386503,0.0,0.0,2022-11-14T02:17:35Z,ls8,qd9y2b8127dm,0.2588709677419354,0.6701612903225806,0.07096774193548386
0.051656441717791414,0.6885276073619632,0.0,0.24950920245398775,0.0,0.0,2022-11-23T02:11:47Z,ls8,qd9y2b8127dm,0.25210761219935535,0.6956979915695511,0.05219439623109348
,,1.0,,,,2022-11-30T02:17:35Z,ls8,qd9y2b8127dm,,,
,,1.0,,,,2022-12-09T02:11:47Z,ls8,qd9y2b8127dm,,,
0.09196319018404908,0.6854601226993865,0.0,0.21110429447852758,0.0,0.0,2022-12-16T02:17:30Z,ls8,qd9y2b8127dm,0.21355427294730958,0.6934152547632346,0.09303047228945571
0.07073619631901841,0.7109815950920245,0.0,0.2069325153374233,0.0,0.0,2022-12-25T02:11:38Z,ls8,qd9y2b8127dm,0.2093080980452994,0.7191436549798325,0.07154824697486814
0.10687116564417179,0.6835582822085888,0.0,0.1985889570552147,0.0,0.0,2023-01-01T02:17:26Z,ls8,qd9y2b8127dm,0.20079399540971404,0.6911481917995161,0.10805781279076983
,,1.0,,,,2023-01-10T02:11:37Z,ls8,qd9y2b8127dm,,,
0.10404907975460123,0.6955214723926381,0.0,0.18883435582822086,0.0,0.0,2023-01-17T02:17:18Z,ls8,qd9y2b8127dm,0.19104959344547204,0.7036807150394141,0.10526969151511391
0.0796319018404908,0.7317791411042945,0.0,0.17736196319018402,0.0,0.0,2023-01-26T02:11:36Z,ls8,qd9y2b8127dm,0.17937581435751065,0.7400881057268722,0.08053607991561705
0.06736196319018405,0.7166871165644171,0.0,0.204601226993865,0.0,0.0,2023-02-02T02:17:48Z,ls8,qd9y2b8127dm,0.2069500465404902,0.7249146757679181,0.0681352776915917
0.09190184049079755,0.6984662576687116,0.0,0.19705521472392637,0.0,0.0,2023-02-11T02:11:33Z,ls8,qd9y2b8127dm,0.199565082323703,0.7073625349487418,0.09307238272755515
0.11386503067484664,0.6705521472392638,0.0,0.2025766871165644,0.0,0.0,2023-02-18T02:17:38Z,ls8,qd9y2b8127dm,0.2052461461959224,0.679388363998011,0.11536548980606665
,,1.0,,,,2023-02-27T02:11:18Z,ls8,qd9y2b8127dm,,,
0.09509202453987732,0.6661963190184049,0.0,0.22662576687116562,0.0,0.0,2023-03-06T02:17:26Z,ls8,qd9y2b8127dm,0.22939824877352044,0.6743463950816618,0.09625535614481776
0.0988957055214724,0.6760736196319018,0.0,0.2122085889570552,0.0,0.0,2023-03-15T02:11:12Z,ls8,qd9y2b8127dm,0.21496488720402707,0.6848548878254925,0.10018022497048039
,,1.0,,,,2023-03-22T02:17:17Z,ls8,qd9y2b8127dm,,,
0.027187500000000003,0.6146875,0.803680981595092,0.34468750000000004,0.0,0.0,2023-03-31T02:11:02Z,ls8,qd9y2b8127dm,0.3493823249920811,0.623059866962306,0.027557808045612923
0.13224299065420558,0.6235514018691589,0.34355828220858897,0.18878504672897192,0.0,0.04672897196261682,2023-04-07T02:16:41Z,ls8,qd9y2b8127dm,0.19052216054571225,0.6292890372084121,0.13345983028325883
0.100920245398773,0.649877300613497,0.0,0.23613496932515335,0.0,0.0,2023-04-16T02:10:47Z,ls8,qd9y2b8127dm,0.23926151550941752,0.6584820041026918,0.10225648038789084
0.11392638036809816,0.6484049079754601,0.0,0.2254601226993865,0.0,0.0,2023-05-02T02:10:42Z,ls8,qd9y2b8127dm,0.22824669275200296,0.6564188559716787,0.11533445127631822
0.055889570552147244,0.6699999999999999,0.0,0.2620858895705521,0.0,0.0,2023-05-09T02:16:46Z,ls8,qd9y2b8127dm,0.26527570789865873,0.6781544957774466,0.056569796323894694
0.10541935483870968,0.6463870967741935,0.049079754601227044,0.23619354838709677,0.0,0.0,2023-05-18T02:10:30Z,ls8,qd9y2b8127dm,0.23906229593835707,0.6542379522006007,0.10669975186104219
0.10625766871165644,0.610920245398773,0.0,0.2698773006134969,0.0,0.0,2023-05-25T02:16:20Z,ls8,qd9y2b8127dm,0.2734166200509665,0.6189321896948226,0.10765119025421095
0.11349693251533742,0.6150920245398773,0.0,0.2588957055214724,0.0,0.0,2023-06-03T02:10:34Z,ls8,qd9y2b8127dm,0.26217693836978134,0.6228876739562624,0.11493538767395627
0.12085889570552144,0.605398773006135,0.0,0.26079754601226995,0.0,0.0,2023-06-10T02:16:50Z,ls8,qd9y2b8127dm,0.26421778855118405,0.6133383056746845,0.12244390577413136
,,1.0,,,,2023-06-19T02:10:42Z,ls8,qd9y2b8127dm,,,
0.11374233128834357,0.5870552147239264,0.0,0.2865644171779141,0.0,0.0,2023-06-26T02:16:57Z,ls8,qd9y2b8127dm,0.2902323847396545,0.5945694047471107,0.11519821051323476
,,1.0,,,,2023-07-05T02:10:53Z,ls8,qd9y2b8127dm,,,
0.14116564417177915,0.584478527607362,0.0,0.26147239263803684,0.0,0.0,2023-07-12T02:17:07Z,ls8,qd9y2b8127dm,0.26488502175264145,0.5921068986948416,0.1430080795525171
0.15171779141104297,0.5612269938650307,0.0,0.27441717791411047,0.0,0.0,2023-07-21T02:10:56Z,ls8,qd9y2b8127dm,0.27792966322853235,0.5684105877966944,0.15365974897477322
0.530375,0.18687499999999999,0.50920245398773,0.17675000000000002,0.0,0.1,2023-07-28T02:16:49Z,ls8,qd9y2b8127dm,0.17793624161073826,0.1881291946308725,0.5339345637583893
0.07098159509202454,0.6407975460122699,0.0,0.27723926380368097,0.0,0.0,2023-08-06T02:11:06Z,ls8,qd9y2b8127dm,0.28031759816388563,0.6479126605049315,0.07176974133118294
0.11079754601226995,0.6061349693251534,0.0,0.27110429447852763,0.0,0.0,2023-08-13T02:17:18Z,ls8,qd9y2b8127dm,0.27438683638621547,0.6134740763737969,0.11213908723998758
0.0921472392638037,0.6252760736196319,0.0,0.27134969325153374,0.0,0.0,2023-08-22T02:11:13Z,ls8,qd9y2b8127dm,0.2744307253210895,0.6323757523112241,0.09319352236768631
0.07803680981595093,0.6503067484662577,0.0,0.26,0.0,0.0,2023-08-29T02:17:25Z,ls8,qd9y2b8127dm,0.26306641837368094,0.6579764121663563,0.07895716945996276
0.07466257668711658,0.6474233128834356,0.0,0.2668711656441718,0.0,0.0,2023-09-07T02:11:12Z,ls8,qd9y2b8127dm,0.2698511166253102,0.654652605459057,0.07549627791563276
,,1.0,,,,2023-09-23T02:11:18Z,ls8,qd9y2b8127dm,,,
0.06404907975460124,0.6770552147239264,0.0,0.2475460122699386,0.0,0.0,2023-09-30T02:17:09Z,ls8,qd9y2b8127dm,0.2503878374185541,0.684827800186162,0.0647843623952839
,,1.0,,,,2023-10-09T02:11:23Z,ls8,qd9y2b8127dm,,,
0.11214723926380368,0.6747239263803682,0.0,0.20239263803680982,0.0,0.0,2023-10-16T02:17:35Z,ls8,qd9y2b8127dm,0.2045891472868217,0.682046511627907,0.11336434108527131
0.10128834355828222,0.6925766871165644,0.0,0.19564417177914112,0.0,0.0,2023-10-25T02:11:26Z,ls8,qd9y2b8127dm,0.1977183954367909,0.6999193998387997,0.10236220472440946
0.11711656441717794,0.6840490797546012,0.0,0.18766871165644172,0.0,0.0,2023-11-01T02:17:38Z,ls8,qd9y2b8127dm,0.18978781486536792,0.6917731728502294,0.11843901228440255
0.11245398773006134,0.6873619631901842,0.0,0.18975460122699386,0.0,0.0,2023-11-10T02:11:22Z,ls8,qd9y2b8127dm,0.19175449473031617,0.6946063236205828,0.11363918164910103
0.12809815950920247,0.691042944785276,0.0,0.16963190184049082,0.0,0.0,2023-11-17T02:17:14Z,ls8,qd9y2b8127dm,0.1715579822547621,0.6988893714711174,0.12955264627412053
,,1.0,,,,2023-11-26T02:11:29Z,ls8,qd9y2b8127dm,,,
0.08668711656441719,0.7310429447852761,0.0,0.17147239263803682,0.0,0.0,2023-12-03T02:17:35Z,ls8,qd9y2b8127dm,0.17334408335400645,0.7390225750434135,0.08763334160258002
0.12042944785276075,0.7222085889570552,0.0,0.1465644171779141,0.0,0.0,2023-12-12T02:11:24Z,ls8,qd9y2b8127dm,0.14816422723889852,0.730091788638055,0.12174398412304639
0.10171779141104294,0.7300613496932515,0.0,0.15846625766871164,0.0,0.0,2023-12-19T02:17:14Z,ls8,qd9y2b8127dm,0.16002725977324822,0.7372529583049376,0.102719781921814
0.08822085889570552,0.7446012269938651,0.0,0.1566871165644172,0.0,0.0,2023-12-28T02:11:25Z,ls8,qd9y2b8127dm,0.15834831669663338,0.7524955049910099,0.08915617831235662
0.12441717791411043,0.7100613496932516,0.0,0.15441717791411044,0.0,0.0,2024-01-04T02:17:06Z,ls8,qd9y2b8127dm,0.15615112600037223,0.718034617532105,0.12581425646752278
0.12159509202453989,0.7237423312883435,0.0,0.1432515337423313,0.0,0.0,2024-01-05T02:11:28Z,ls9,qd9y2b8127dm,0.14490505150800548,0.7320963137644285,0.12299863472756611
0.11411042944785277,0.7048466257668711,0.0,0.16993865030674846,0.0,0.0,2024-01-12T02:17:18Z,ls9,qd9y2b8127dm,0.17184688876481172,0.7127613375519573,0.11539177368323099
,,1.0,,,,2024-01-13T02:11:22Z,ls8,qd9y2b8127dm,,,
0.11361963190184049,0.7138036809815951,0.0,0.16196319018404906,0.0,0.0,2024-01-20T02:17:31Z,ls8,qd9y2b8127dm,0.16370062627891113,0.7214609040739133,0.11483846964717555
0.1003680981595092,0.7261349693251534,0.0,0.16226993865030676,0.0,0.0,2024-01-21T02:11:29Z,ls9,qd9y2b8127dm,0.16411242787119193,0.7343798473661352,0.10150772476267295
0.12460122699386503,0.7015950920245398,0.0,0.16202453987730064,0.0,0.0,2024-01-28T02:17:17Z,ls9,qd9y2b8127dm,0.16395579836106286,0.7099577849515768,0.12608641668736031
0.10552147239263804,0.736564417177914,0.0,0.1467484662576687,0.0,0.0,2024-01-29T02:11:16Z,ls8,qd9y2b8127dm,0.14840550936840802,0.7448814989452786,0.10671299168631346
0.157239263803681,0.6808588957055214,0.0,0.15061349693251533,0.0,0.0,2024-02-05T02:17:31Z,ls8,qd9y2b8127dm,0.1523330851327873,0.6886324149913129,0.15903449987589974
0.14245398773006138,0.7052147239263804,0.0,0.14024539877300612,0.0,0.0,2024-02-06T02:11:33Z,ls9,qd9y2b8127dm,0.14196112525616345,0.7138421412159225,0.14419673352791407
0.16865030674846626,0.6663190184049079,0.0,0.1526380368098159,0.0,0.0,2024-02-13T02:17:42Z,ls9,qd9y2b8127dm,0.1545533606659212,0.6746800844825445,0.17076655485153436
0.10895705521472393,0.7433128834355828,0.0,0.1367484662576687,0.0,0.0,2024-02-14T02:11:19Z,ls8,qd9y2b8127dm,0.1382668568947336,0.7515662800074437,0.11016686309782274
0.10061349693251535,0.7312883435582822,0.0,0.15607361963190183,0.0,0.0,2024-02-21T02:17:05Z,ls8,qd9y2b8127dm,0.15797317436661698,0.7401887729756582,0.10183805265772482
0.10441717791411045,0.7385276073619632,0.0,0.14558282208588957,0.0,0.0,2024-02-22T02:11:20Z,ls9,qd9y2b8127dm,0.1472723887544219,0.7470986160243281,0.10562899522124994
0.0952760736196319,0.7001226993865031,0.0,0.19319018404907976,0.0,0.0,2024-02-29T02:17:10Z,ls9,qd9y2b8127dm,0.19542013156261637,0.7082040461710315,0.09637582226635225
0.07969325153374235,0.7339877300613497,0.0,0.17546012269938652,0.0,0.0,2024-03-01T02:11:13Z,ls8,qd9y2b8127dm,0.17738634249209206,0.7420455250263599,0.08056813248154812
0.09440789473684212,0.7401973684210525,0.06748466257668717,0.15394736842105264,0.0,0.0,2024-03-08T02:16:53Z,ls8,qd9y2b8127dm,0.15573006788233731,0.7487688007453747,0.09550113137228806
0.11742331288343559,0.7046625766871166,0.0,0.16644171779141106,0.0,0.0,2024-03-09T02:11:25Z,ls9,qd9y2b8127dm,0.16837336312294424,0.712840563520139,0.11878607335691678
0.10748466257668714,0.7095092024539877,0.0,0.17110429447852762,0.0,0.0,2024-03-16T02:17:11Z,ls9,qd9y2b8127dm,0.1731652800198684,0.7180553830870483,0.10877933689308335
,,1.0,,,,2024-03-17T02:11:03Z,ls8,qd9y2b8127dm,,,
0.13079754601226995,0.6956441717791411,0.0,0.16141104294478528,0.0,0.0,2024-03-24T02:16:42Z,ls8,qd9y2b8127dm,0.16339585144702523,0.7041982362439448,0.13240591230902996
0.13993865030674849,0.6971779141104295,0.0,0.1503680981595092,0.0,0.0,2024-03-25T02:11:20Z,ls9,qd9y2b8127dm,0.1522738568588469,0.706013916500994,0.14171222664015906
0.11460122699386503,0.7055214723926381,0.0,0.16828220858895707,0.0,0.0,2024-04-01T02:17:02Z,ls9,qd9y2b8127dm,0.17025634659549377,0.7137980261932841,0.11594562721122215
0.10411042944785276,0.7283435582822085,0.0,0.15521472392638036,0.0,0.0,2024-04-02T02:10:51Z,ls8,qd9y2b8127dm,0.15715261817504192,0.7374371078949002,0.10541027393005778
0.1154601226993865,0.7077914110429449,0.0,0.16496932515337423,0.0,0.0,2024-04-09T02:17:01Z,ls8,qd9y2b8127dm,0.16693568413210824,0.7162279612614849,0.11683635460640675
0.12269938650306748,0.7073006134969325,0.0,0.15809815950920245,0.0,0.0,2024-04-10T02:11:12Z,ls9,qd9y2b8127dm,0.1600024835465044,0.7158201912330808,0.12417732522041476
0.11300613496932517,0.7091411042944785,0.0,0.16607361963190184,0.0,0.0,2024-04-17T02:17:16Z,ls9,qd9y2b8127dm,0.16805314129625032,0.7175937422398808,0.11435311646386889
0.08631901840490798,0.7452147239263803,0.0,0.15668711656441717,0.0,0.0,2024-04-18T02:10:43Z,ls8,qd9y2b8127dm,0.15855475540104297,0.7540973429351875,0.08734790166376957
0.06429447852760736,0.7195092024539878,0.0,0.20460122699386504,0.0,0.0,2024-05-03T02:16:37Z,ls9,qd9y2b8127dm,0.2070014275960524,0.7279498479299856,0.06504872447396189
0.09177914110429448,0.7132515337423313,0.0,0.1826993865030675,0.0,0.0,2024-05-04T02:10:34Z,ls8,qd9y2b8127dm,0.1849689440993789,0.722111801242236,0.09291925465838509
0.13547826086956521,0.6694782608695653,0.29447852760736193,0.18295652173913043,0.0,0.0,2024-05-11T02:16:16Z,ls8,qd9y2b8127dm,0.18519496523193377,0.677669219258868,0.13713581550919812
0.13012269938650306,0.6753987730061349,0.0,0.18245398773006136,0.0,0.0,2024-05-19T02:16:53Z,ls9,qd9y2b8127dm,0.18467461500248386,0.6836189766517635,0.13170640834575262
,,1.0,,,,2024-05-20T02:10:21Z,ls8,qd9y2b8127dm,,,
0.11374233128834357,0.6738650306748466,0.0,0.20055214723926384,0.0,0.0,2024-05-27T02:16:28Z,ls8,qd9y2b8127dm,0.20295523685354197,0.6819395293971565,0.11510523374930157
0.16079646017699117,0.6236283185840708,0.3067484662576687,0.20345132743362834,0.0,0.0,2024-05-28T02:10:36Z,ls9,qd9y2b8127dm,0.20594822180417452,0.6312819134641224,0.16276986473170296
,,1.0,,,,2024-06-04T02:16:47Z,ls9,qd9y2b8127dm,,,
0.1177914110429448,0.621963190184049,0.0,0.24760736196319022,0.0,0.0,2024-06-05T02:10:19Z,ls8,qd9y2b8127dm,0.25077668696408606,0.6299241953523051,0.11929911768360882
,,1.0,,,,2024-06-12T02:16:05Z,ls8,qd9y2b8127dm,,,
0.1196319018404908,0.5924539877300613,0.0,0.26957055214723924,0.006134969325153374,0.0,2024-06-13T02:10:30Z,ls9,qd9y2b8127dm,0.27292312635368265,0.5998221736908315,0.12111973063033254
0.12625766871165645,0.5815337423312884,0.0,0.2787730061349693,0.0,0.0,2024-06-20T02:16:31Z,ls9,qd9y2b8127dm,0.2825694919470182,0.5894533922019776,0.1279771158510043
0.1588,0.5538666666666666,0.07975460122699385,0.2740666666666667,0.0,0.0,2024-06-21T02:10:28Z,ls8,qd9y2b8127dm,0.27775150327680564,0.5613134247685967,0.16093507195459766
,,1.0,,,,2024-06-29T02:10:21Z,ls9,qd9y2b8127dm,,,
,,1.0,,,,2024-07-06T02:16:19Z,ls9,qd9y2b8127dm,,,
0.18,0.51,0.9938650306748467,0.29,0.0,0.0,2024-07-14T02:16:52Z,ls8,qd9y2b8127dm,0.29591836734693877,0.5204081632653061,0.1836734693877551
0.12883435582822086,0.5325153374233129,0.0,0.3203680981595092,0.0,0.006134969325153374,2024-07-15T02:10:41Z,ls9,qd9y2b8127dm,0.3243321578667697,0.5391043910922177,0.13042848171585913
0.13226993865030676,0.2723926380368098,0.0,0.18779141104294478,0.37423312883435583,0.024539877300613498,2024-07-22T02:16:52Z,ls9,qd9y2b8127dm,0.1905722096117696,0.27642620407587615,0.13422858017738493
0.02570552147239264,0.0596319018404908,0.0,0.03564417177914111,0.7852760736196319,0.09202453987730061,2024-07-30T02:17:02Z,ls8,qd9y2b8127dm,0.036150275638074145,0.060478602272303034,0.0260705085926903
0.042515337423312885,0.07607361963190185,0.0,0.05006134969325154,0.7116564417177914,0.1165644171779141,2024-07-31T02:10:43Z,ls9,qd9y2b8127dm,0.050990097905094324,0.07748495269891785,0.04330409050028231
0.041349693251533745,0.07570552147239264,0.0,0.04104294478527608,0.3987730061349693,0.44171779141104295,2024-08-08T02:10:46Z,ls8,qd9y2b8127dm,0.041409257447309986,0.07638120133031467,0.04171874367636313
,,1.0,,,,2024-08-15T02:17:05Z,ls8,qd9y2b8127dm,,,
0.09085889570552147,0.10006134969325155,0.0,0.08723926380368098,0.4539877300613497,0.26380368098159507,2024-08-16T02:10:50Z,ls9,qd9y2b8127dm,0.08850917809813244,0.10151791102535444,0.09218149983356831
0.2726041666666667,0.22458333333333333,0.41104294478527603,0.1415625,0.0,0.3541666666666667,2024-08-23T02:17:10Z,ls9,qd9y2b8127dm,0.14313233855185908,0.22707382039573817,0.27562717438573603
,,1.0,,,,2024-08-24T02:11:00Z,ls8,qd9y2b8127dm,,,
,,1.0,,,,2024-08-31T02:16:49Z,ls8,qd9y2b8127dm,,,
,,1.0,,,,2024-09-01T02:11:00Z,ls9,qd9y2b8127dm,,,
0.07760736196319018,0.11404907975460125,0.0,0.09226993865030675,0.48466257668711654,0.22699386503067484,2024-09-08T02:16:46Z,ls9,qd9y2b8127dm,0.09370542602775317,0.11582339560212312,0.07881473665233228
0.10662576687116566,0.1296319018404908,0.0,0.11429447852760735,0.37423312883435583,0.26993865030674846,2024-09-09T02:11:08Z,ls8,qd9y2b8127dm,0.11601469644034347,0.13158295951607396,0.10823056490247825
0.0884049079754601,0.3331288343558282,0.0,0.1659509202453988,0.294478527607362,0.11042944785276074,2024-09-16T02:17:21Z,ls8,qd9y2b8127dm,0.16809982522769087,0.33744253271214836,0.0895496666000379
0.0769325153374233,0.3756441717791411,0.0,0.17116564417177912,0.25766871165644173,0.11042944785276074,2024-09-17T02:11:04Z,ls9,qd9y2b8127dm,0.1734047541034056,0.3805581754032805,0.07793891098411133
0.13428571428571426,0.6300000000000001,0.5276073619631902,0.22610389610389606,0.0,0.0,2024-09-24T02:16:47Z,ls9,qd9y2b8127dm,0.22829792814057168,0.6361132966168372,0.1355887752425911
0.037607361963190186,0.6119631901840491,0.0,0.20687116564417177,0.05521472392638037,0.07975460122699386,2024-09-25T02:11:07Z,ls8,qd9y2b8127dm,0.2089458048411764,0.6181003568477861,0.03798451315766344
0.03644171779141104,0.6776687116564417,0.0,0.2273006134969325,0.024539877300613498,0.024539877300613498,2024-10-10T02:17:20Z,ls9,qd9y2b8127dm,0.22959657928983082,0.684513850158022,0.03680981595092024
0.028650306748466258,0.7014110429447854,0.0,0.23595092024539877,0.012269938650306749,0.012269938650306749,2024-10-11T02:11:13Z,ls8,qd9y2b8127dm,0.23825858198284258,0.7082710264716172,0.028930514244926545
0.03067484662576687,0.6691411042944785,0.0,0.2601226993865031,0.012269938650306749,0.018404907975460124,2024-10-18T02:17:06Z,ls8,qd9y2b8127dm,0.2626662395543394,0.6756841214196178,0.03097479240027587
,,1.0,,,,2024-10-19T02:11:21Z,ls9,qd9y2b8127dm,,,
0.029509202453987735,0.5446625766871166,0.0,0.18564417177914108,0.03680981595092025,0.19631901840490798,2024-10-26T02:17:11Z,ls9,qd9y2b8127dm,0.1873679569833883,0.5497200006934968,0.029783207967286777
0.0350920245398773,0.7140490797546012,0.0,0.24116564417177916,0.0,0.0,2024-10-27T02:11:16Z,ls8,qd9y2b8127dm,0.2435262049312353,0.7210382852186842,0.03543550985008054
0.033167701863354035,0.7233540372670806,0.012269938650306789,0.2333540372670807,0.0,0.0,2024-11-03T02:17:22Z,ls8,qd9y2b8127dm,0.2357407291209136,0.7307523373282299,0.0335069335508565
,,1.0,,,,2024-11-04T02:11:20Z,ls9,qd9y2b8127dm,,,
0.04156250000000001,0.71525,0.018404907975460127,0.2324375,0.0,0.0,2024-11-11T02:17:28Z,ls9,qd9y2b8127dm,0.23496335607783672,0.7230224917867071,0.04201415213545616
0.03515337423312884,0.7285889570552148,0.0,0.2265030674846626,0.0,0.0,2024-11-12T02:11:14Z,ls8,qd9y2b8127dm,0.2287342791648597,0.735766061582306,0.0354996592528344
0.026687116564417177,0.7220245398773006,0.0,0.24116564417177916,0.0,0.0,2024-11-20T02:11:26Z,ls9,qd9y2b8127dm,0.24363185621320116,0.7294081189959716,0.026960024790827392
0.04460122699386504,0.731840490797546,0.0,0.21337423312883436,0.0,0.0,2024-11-27T02:17:41Z,ls9,qd9y2b8127dm,0.21556960456179497,0.7393702739556216,0.04506012148258337
0.038773006134969326,0.736319018404908,0.0,0.21466257668711658,0.0,0.0,2024-11-28T02:11:26Z,ls8,qd9y2b8127dm,0.21688464637699126,0.7439409905163329,0.039174363106675755
0.03355828220858896,0.7495705521472393,0.0,0.20613496932515338,0.0,0.0,2024-12-05T02:17:09Z,ls8,qd9y2b8127dm,0.2083720930232558,0.7577054263565892,0.03392248062015504
0.03386503067484663,0.7683435582822087,0.0,0.18693251533742333,0.0,0.0,2024-12-06T02:11:24Z,ls9,qd9y2b8127dm,0.18898468027042115,0.7767785151646717,0.034236804564907276
0.040552147239263814,0.7789570552147239,0.0,0.16993865030674846,0.0,0.0,2024-12-14T02:11:14Z,ls8,qd9y2b8127dm,0.17175099206349206,0.7872643849206349,0.04098462301587302
0.027177914110429448,0.7944171779141105,0.0,0.16785276073619632,0.0,0.0,2024-12-21T02:17:04Z,ls8,qd9y2b8127dm,0.16964285714285712,0.8028893849206349,0.027467757936507933
0.029509202453987735,0.8075460122699386,0.0,0.15208588957055214,0.0,0.0,2024-12-22T02:11:25Z,ls9,qd9y2b8127dm,0.15375550455870496,0.8164113378403524,0.02983315760094276
,,1.0,,,,2024-12-29T02:17:35Z,ls9,qd9y2b8127dm,,,
0.03251533742331288,0.8074846625766869,0.0,0.14907975460122702,0.0,0.0,2024-12-30T02:11:17Z,ls8,qd9y2b8127dm,0.15072571641235583,0.8163999503783649,0.03287433320927925
0.026503067484662572,0.8066257668711657,0.0,0.15607361963190186,0.0,0.0,2025-01-06T02:17:05Z,ls8,qd9y2b8127dm,0.15777722649466636,0.8154304142892583,0.02679235921607541
0.025521472392638037,0.819631901840491,0.0,0.14374233128834354,0.0,0.0,2025-01-07T02:11:21Z,ls9,qd9y2b8127dm,0.14535641168806995,0.8288355357032074,0.025808052608722622
,,1.0,,,,2025-01-14T02:17:12Z,ls9,qd9y2b8127dm,,,
0.03306748466257669,0.819631901840491,0.0,0.13613496932515337,0.0,0.0,2025-01-15T02:11:20Z,ls8,qd9y2b8127dm,0.1376721677627497,0.8288869586797369,0.03344087355751334
,,1.0,,,,2025-01-22T02:17:02Z,ls8,qd9y2b8127dm,,,
0.03423312883435583,0.8084662576687117,0.0,0.1458282208588957,0.0,0.0,2025-01-30T02:17:07Z,ls9,qd9y2b8127dm,0.14752063551169864,0.8178489418481971,0.03463042264010426
0.026809815950920246,0.8309815950920248,0.0,0.1305521472392638,0.0,0.0,2025-01-31T02:11:18Z,ls8,qd9y2b8127dm,0.13209186840471754,0.840782122905028,0.027126008690254493
0.028282208588957056,0.8185889570552147,0.0,0.14196319018404907,0.0,0.0,2025-02-07T02:17:29Z,ls8,qd9y2b8127dm,0.14356619928030773,0.8278322372502793,0.02860156346941308
0.02803680981595092,0.8270552147239264,0.0,0.13349693251533742,0.0,0.0,2025-02-08T02:11:22Z,ls9,qd9y2b8127dm,0.135037855281122,0.8366017127963261,0.028360431922551818
0.03957055214723927,0.8182208588957055,0.0,0.13061349693251534,0.0,0.0,2025-02-15T02:17:36Z,ls9,qd9y2b8127dm,0.1321457389361306,0.8278195022034635,0.040034758860405945
0.03343558282208589,0.8360122699386504,0.0,0.11914110429447854,0.0,0.0,2025-02-16T02:11:14Z,ls8,qd9y2b8127dm,0.12051632121136899,0.8456621571304456,0.03382152165818542
0.04625766871165645,0.8015950920245398,0.0,0.1403680981595092,0.0,0.0,2025-02-23T02:16:56Z,ls8,qd9y2b8127dm,0.14204122175316614,0.811149739259995,0.046809038986838844
0.025521472392638037,0.8349079754601229,0.0,0.1273006134969325,0.0,0.0,2025-02-24T02:11:22Z,ls9,qd9y2b8127dm,0.12888198757763972,0.8452795031055902,0.025838509316770186
0.02699386503067485,0.8015337423312884,0.0,0.15883435582822086,0.0,0.0,2025-03-03T02:17:29Z,ls9,qd9y2b8127dm,0.16086740400149124,0.8117932148626817,0.02733938113582702
,,1.0,,,,2025-03-04T02:11:06Z,ls8,qd9y2b8127dm,,,
0.0345398773006135,0.8034355828220859,0.0,0.15061349693251533,0.0,0.0,2025-03-11T02:16:51Z,ls8,qd9y2b8127dm,0.15235199205659672,0.8127094452029291,0.034938562740474126
,,1.0,,,,2025-03-12T02:11:17Z,ls9,qd9y2b8127dm,,,
0.0443558282208589,0.7797546012269939,0.0,0.16392638036809817,0.0,0.0,2025-03-19T02:16:56Z,ls9,qd9y2b8127dm,0.1659112076994722,0.7891959018938218,0.04489289040670599
0.0352760736196319,0.8071165644171779,0.0,0.14576687116564419,0.0,0.0,2025-03-20T02:10:55Z,ls8,qd9y2b8127dm,0.14751350344570682,0.8167877320419693,0.03569876451232383
0.03938650306748467,0.8144171779141104,0.0,0.13539877300613498,0.0,0.0,2025-03-27T02:17:05Z,ls8,qd9y2b8127dm,0.13687670553212603,0.8233068717439841,0.039816422723889855
0.03533742331288344,0.8271165644171778,0.0,0.12527607361963192,0.0,0.0,2025-03-28T02:11:06Z,ls9,qd9y2b8127dm,0.12683229813664598,0.837391304347826,0.035776397515527955
0.05,0.73,0.9877300613496932,0.21000000000000002,0.0,0.0,2025-04-04T02:16:50Z,ls9,qd9y2b8127dm,0.21212121212121215,0.7373737373737373,0.05050505050505051
0.032403100775193795,0.7748062015503876,0.20858895705521474,0.1811627906976744,0.0,0.0,2025-04-12T02:16:36Z,ls8,qd9y2b8127dm,0.18329411764705883,0.783921568627451,0.03278431372549019
,,1.0,,,,2025-04-13T02:11:07Z,ls9,qd9y2b8127dm,,,
0.05900000000000001,0.7649375,0.018404907975460127,0.16412500000000002,0.0,0.0,2025-04-20T02:17:14Z,ls9,qd9y2b8127dm,0.16610791321399201,0.7741792649756467,0.05971282181036119
0.09745454545454545,0.04627272727272728,0.32515337423312884,0.008636363636363636,0.23636363636363636,0.6090909090909091,2025-04-21T02:10:41Z,ls8,qd9y2b8127dm,0.008760034714688652,0.04693534389238446,0.09885007593838142
0.052125,0.7644374999999999,0.018404907975460127,0.17181249999999998,0.0,0.0,2025-04-28T02:16:50Z,ls8,qd9y2b8127dm,0.17383331225496398,0.773428607562919,0.05273808018211712
0.048527607361963196,0.7843558282208588,0.0,0.1550920245398773,0.0,0.0,2025-04-29T02:10:58Z,ls9,qd9y2b8127dm,0.15697963238946847,0.7939021361152508,0.04911823149528068
0.04496932515337424,0.7346625766871165,0.0,0.2085889570552147,0.0,0.0,2025-05-06T02:16:42Z,ls9,qd9y2b8127dm,0.21107524211571888,0.7434194189222746,0.04550533896200647
0.05128834355828222,0.7447852760736197,0.0,0.19245398773006137,0.0,0.0,2025-05-07T02:10:37Z,ls8,qd9y2b8127dm,0.1946875193942779,0.7534289083348849,0.05188357227083722
0.06801324503311258,0.71158940397351,0.07361963190184051,0.20781456953642385,0.0,0.0,2025-05-14T02:16:25Z,ls8,qd9y2b8127dm,0.21046277665995974,0.7206572769953052,0.06887994634473507
0.06171779141104294,0.7441717791411043,0.0,0.1817791411042945,0.0,0.0,2025-05-15T02:10:47Z,ls9,qd9y2b8127dm,0.18404869867693646,0.7534629480091931,0.06248835331387041
0.08118012422360249,0.7099378881987578,0.012269938650306789,0.19652173913043477,0.0,0.0,2025-05-22T02:16:31Z,ls9,qd9y2b8127dm,0.19898119615118545,0.718822715552481,0.08219608829633357
0.049079754601227,0.6779141104294478,0.0,0.2538650306748466,0.0,0.006134969325153374,2025-05-23T02:10:42Z,ls8,qd9y2b8127dm,0.25723126700853866,0.6869032142204813,0.049730549445826715
,,1.0,,,,2025-05-30T02:16:30Z,ls8,qd9y2b8127dm,,,
,,1.0,,,,2025-05-31T02:10:41Z,ls9,qd9y2b8127dm,,,
0.09325153374233128,0.6547852760736197,0.0,0.2398773006134969,0.0,0.0,2025-06-07T02:16:27Z,ls9,qd9y2b8127dm,0.24281189840402406,0.6627957523442837,0.09439234925169222
0.09963190184049081,0.6557055214723926,0.0,0.232760736196319,0.0,0.0,2025-06-08T02:10:46Z,ls8,qd9y2b8127dm,0.2355643859431268,0.6636036259778963,0.1008319880789768
0.030758620689655174,0.6800689655172414,0.11042944785276076,0.2782068965517241,0.0,0.0,2025-06-15T02:17:03Z,ls8,qd9y2b8127dm,0.28129140227320265,0.6876089533505334,0.03109964437626386
0.12067484662576689,0.6284049079754601,0.0,0.23901840490797543,0.0,0.0,2025-06-16T02:10:50Z,ls9,qd9y2b8127dm,0.2418974295293679,0.6359741711163541,0.12212839935427793
0.12993865030674848,0.5816564417177914,0.0,0.2576073619631902,0.012269938650306749,0.006134969325153374,2025-06-24T02:10:58Z,ls8,qd9y2b8127dm,0.2609012401197014,0.5890937503155249,0.13160010158931354
,,1.0,,,,2025-07-02T02:10:57Z,ls9,qd9y2b8127dm,,,
0.14509202453987732,0.5092638036809816,0.0,0.2950920245398773,0.018404907975460124,0.018404907975460124,2025-07-09T02:17:08Z,ls9,qd9y2b8127dm,0.29936319367252995,0.5166349003483722,0.14719209002817743
0.14509202453987732,0.5265644171779141,0.0,0.29110429447852765,0.012269938650306749,0.012269938650306749,2025-07-10T02:11:00Z,ls8,qd9y2b8127dm,0.2949441331936907,0.5335101149001996,0.147005874605496
0.1356441717791411,0.5158282208588958,0.0,0.2860122699386503,0.018404907975460124,0.03067484662576687,2025-07-17T02:16:51Z,ls8,qd9y2b8127dm,0.29011126130810017,0.5232208247701645,0.13758815932050827
,,1.0,,,,2025-07-18T02:11:03Z,ls9,qd9y2b8127dm,,,
0.07711656441717792,0.08797546012269937,0.0,0.09386503067484664,0.5828220858895705,0.15337423312883436,2025-07-25T02:16:53Z,ls9,qd9y2b8127dm,0.09562180334087672,0.08962200391556678,0.07855987372515165
0.12595092024539878,0.12147239263803682,0.0,0.1325153374233129,0.4785276073619632,0.13496932515337423,2025-07-26T02:11:07Z,ls8,qd9y2b8127dm,0.13480488063408222,0.12357114058124202,0.12812704626933832
0.10042944785276071,0.11423312883435584,0.0,0.10607361963190183,0.4233128834355828,0.25153374233128833,2025-08-02T02:16:56Z,ls8,qd9y2b8127dm,0.10753446519684004,0.11580634713505852,0.10181256190123027
0.290188679245283,0.330125786163522,0.024539877300613466,0.2015723270440252,0.06289308176100629,0.1069182389937107,2025-08-03T02:11:10Z,ls9,qd9y2b8127dm,0.203608411155581,0.3334603900641636,0.2931198780255384
0.15804878048780488,0.1430487804878049,0.49693251533742333,0.14353658536585365,0.15853658536585366,0.3902439024390244,2025-08-10T02:17:03Z,ls9,qd9y2b8127dm,0.14566247006408622,0.14516744042920404,0.16038960170183156
0.044110429447852754,0.06466257668711656,0.0,0.05398773006134969,0.7484662576687117,0.08588957055214724,2025-08-11T02:11:15Z,ls8,qd9y2b8127dm,0.05494416553548593,0.06580812553909338,0.04489188070456179
0.14446808510638295,0.10574468085106382,0.4233128834355828,0.10638297872340426,0.5212765957446809,0.11702127659574468,2025-08-18T02:17:04Z,ls8,qd9y2b8127dm,0.1079063626669375,0.10725892449093587,0.14653684050170107
0.11888888888888888,0.0780246913580247,0.5030674846625767,0.07160493827160495,0.49382716049382713,0.2345679012345679,2025-08-19T02:11:20Z,ls9,qd9y2b8127dm,0.07242798353909467,0.07892152689087557,0.12025542784163473
,,1.0,,,,2025-08-26T02:17:08Z,ls9,qd9y2b8127dm,,,
0.003496932515337423,0.0010429447852760736,0.0,0.0015337423312883436,0.6319018404907976,0.3619631901840491,2025-08-27T02:11:17Z,ls8,qd9y2b8127dm,0.001549234678069025,0.001053479581086937,0.0035322550659973766
0.028098159509202456,0.05809815950920246,0.0,0.04073619631901841,0.7484662576687117,0.12269938650306748,2025-09-03T02:17:08Z,ls8,qd9y2b8127dm,0.04134655015463443,0.05896864909102229,0.028519156582564105
0.03907975460122699,0.06987730061349694,0.0,0.05404907975460123,0.7177914110429447,0.1165644171779141,2025-09-04T02:11:25Z,ls9,qd9y2b8127dm,0.05492379199752479,0.07100817149282716,0.03971220828878921
0.03717791411042945,0.05558282208588956,0.0,0.04595092024539878,0.7852760736196319,0.0736196319018405,2025-09-11T02:17:38Z,ls9,qd9y2b8127dm,0.046743527892267656,0.05654157045446526,0.03781919613179465
0.06300613496932515,0.0685276073619632,0.0,0.06791411042944785,0.5828220858895705,0.2147239263803681,2025-09-12T02:11:23Z,ls8,qd9y2b8127dm,0.06893773128796613,0.06956047502137144,0.06395578142072378
,,1.0,,,,2025-09-19T02:17:14Z,ls8,qd9y2b8127dm,,,
0.04711656441717791,0.08595092024539877,0.0,0.07257668711656441,0.6687116564417178,0.12269938650306748,2025-09-20T02:11:28Z,ls9,qd9y2b8127dm,0.07361597141894957,0.08718172101263597,0.047791264623629134
0.07325153374233129,0.11950920245398773,0.0,0.10957055214723926,0.44171779141104295,0.25153374233128833,2025-09-27T02:17:42Z,ls9,qd9y2b8127dm,0.11117142060393595,0.12125527846386742,0.07432176718986536
0.07153374233128836,0.1561349693251534,0.0,0.12368098159509204,0.3374233128834356,0.3067484662576687,2025-09-28T02:11:28Z,ls8,qd9y2b8127dm,0.12525749838511152,0.15812516537207777,0.07244555710170637
0.07730061349693253,0.3066257668711656,0.0,0.18533742331288347,0.27607361963190186,0.147239263803681,2025-10-06T02:11:32Z,ls9,qd9y2b8127dm,0.1877542600647812,0.3106242276742059,0.07830862882543008
0.05595092024539878,0.5370552147239264,0.0,0.22644171779141103,0.07975460122699386,0.09202453987730061,2025-10-13T02:17:47Z,ls9,qd9y2b8127dm,0.22886600211005834,0.5428049261640343,0.0565499306216129
0.03456250000000001,0.5706249999999999,0.018404907975460127,0.23625000000000002,0.05625,0.09375,2025-10-14T02:11:31Z,ls8,qd9y2b8127dm,0.2386540889846245,0.576431701700958,0.0349142093144173
0.031042944785276076,0.6602453987730061,0.0,0.2503067484662577,0.006134969325153374,0.04294478527607362,2025-10-21T02:17:15Z,ls8,qd9y2b8127dm,0.2527856789957646,0.6667841856255926,0.0313503807774159
0.02644171779141104,0.6865030674846626,0.0,0.24171779141104288,0.0,0.03680981595092025,2025-10-30T02:11:31Z,ls8,qd9y2b8127dm,0.24387695682497096,0.6926353164648289,0.026677910759279826
,,1.0,,,,2025-11-06T02:17:43Z,ls8,qd9y2b8127dm,,,
0.0254601226993865,0.6901840490797546,0.0,0.2500613496932515,0.006134969325153374,0.018404907975460124,2025-11-07T02:11:36Z,ls9,qd9y2b8127dm,0.25258722191237526,0.6971556051310653,0.02571729565594596
0.03660256410256411,0.7066025641025641,0.042944785276073594,0.24628205128205125,0.0,0.0,2025-11-14T02:17:24Z,ls9,qd9y2b8127dm,0.24889867841409688,0.7141098730240995,0.03699144856180358
0.02938650306748466,0.7205521472392639,0.0,0.23963190184049082,0.0,0.0,2025-11-15T02:11:31Z,ls8,qd9y2b8127dm,0.2421574705517669,0.7281463112213268,0.029696218226906382
,,1.0,,,,2025-11-22T02:17:20Z,ls8,qd9y2b8127dm,,,
,,1.0,,,,2025-11-23T02:11:34Z,ls9,qd9y2b8127dm,,,
0.03484662576687116,0.7384662576687117,0.0,0.21588957055214728,0.0,0.0,2025-11-30T02:17:47Z,ls9,qd9y2b8127dm,0.21824609278094767,0.7465269163979161,0.03522699082113619
0.027300613496932517,0.7547239263803681,0.0,0.20730061349693252,0.0,0.0,2025-12-01T02:11:30Z,ls8,qd9y2b8127dm,0.20953739302988963,0.7628674190747861,0.027595187895324325
0.029263803680981592,0.7541104294478527,0.0,0.20552147239263804,0.0,0.0,2025-12-08T02:17:41Z,ls8,qd9y2b8127dm,0.20782926980581923,0.7625783237173521,0.029592406476828585
0.02564417177914111,0.7646012269938651,0.0,0.19791411042944787,0.0,0.0,2025-12-09T02:11:34Z,ls9,qd9y2b8127dm,0.2002855901160986,0.7737629602036382,0.025951449680263243
0.03,0.749079754601227,0.0,0.21018404907975463,0.0,0.0,2025-12-16T02:17:23Z,ls9,qd9y2b8127dm,0.21246511627906978,0.7572093023255814,0.030325581395348834
,,1.0,,,,2025-12-17T02:11:30Z,ls8,qd9y2b8127dm,,,
0.03711656441717792,0.775398773006135,0.0,0.17601226993865032,0.0,0.0,2025-12-24T02:17:17Z,ls8,qd9y2b8127dm,0.1780549866567368,0.7843976913051574,0.03754732203810589
0.03067484662576687,0.7900613496932516,0.0,0.16742331288343557,0.0,0.0,2025-12-25T02:11:40Z,ls9,qd9y2b8127dm,0.16942944061588125,0.7995281554603588,0.031042403923759853
0.033742331288343565,0.7826380368098159,0.0,0.17245398773006138,0.0,0.0,2026-01-01T02:17:49Z,ls9,qd9y2b8127dm,0.17440129048269018,0.7914753691525003,0.03412334036480954
0.03145569620253165,0.7844303797468354,0.030674846625766916,0.17259493670886075,0.0,0.0,2026-01-02T02:11:26Z,ls8,qd9y2b8127dm,0.17460622358816752,0.7935715200409784,0.03182225637085415
0.029079754601226995,0.7820858895705523,0.0,0.1768711656441718,0.0,0.0,2026-01-09T02:17:07Z,ls8,qd9y2b8127dm,0.17901272896615955,0.7915554175721825,0.029431853461657866
0.03159509202453988,0.8020858895705522,0.0,0.1550920245398773,0.0,0.0,2026-01-10T02:11:32Z,ls9,qd9y2b8127dm,0.156853012347211,0.8111931500899671,0.031953837562821864
0.02650306748466258,0.7736196319018405,0.0,0.18834355828220858,0.0,0.0,2026-02-11T02:11:28Z,ls9,qd9y2b8127dm,0.19054121151936446,0.7826464746772591,0.026812313803376366
0.03993865030674847,0.7820858895705523,0.0,0.16631901840490798,0.0,0.0,2026-02-18T02:17:34Z,ls9,qd9y2b8127dm,0.16828057107386715,0.7913097454996897,0.04040968342644321
0.036441717791411046,0.796441717791411,0.0,0.1552760736196319,0.0,0.0,2026-02-19T02:11:16Z,ls8,qd9y2b8127dm,0.1571366486620724,0.8059849754765009,0.03687837586142671
0.030434782608695653,0.7802484472049688,0.012269938650306789,0.17832298136645963,0.0,0.0,2026-02-26T02:17:25Z,ls8,qd9y2b8127dm,0.18030521886579165,0.7889216856120077,0.030773095522200596
0.034150943396226416,0.789245283018868,0.024539877300613466,0.16415094339622643,0.0,0.0,2026-02-27T02:11:23Z,ls9,qd9y2b8127dm,0.1662208635842568,0.7991975544516623,0.03458158196408101
0.15627450980392157,0.6299999999999999,0.3742331288343558,0.20274509803921567,0.0,0.0,2026-03-06T02:17:32Z,ls9,qd9y2b8127dm,0.20499603489294213,0.6369944488501189,0.15800951625693896
0.024785276073619633,0.8096932515337425,0.0,0.15380368098159508,0.0,0.0,2026-03-07T02:11:08Z,ls8,qd9y2b8127dm,0.15562728909305357,0.8192935626047553,0.025079148302191323
0.038853503184713374,0.7887261146496816,0.036809815950920255,0.16076433121019107,0.0,0.0,2026-03-14T02:17:14Z,ls8,qd9y2b8127dm,0.1626603080492363,0.7980279693239672,0.039311722626796414
0.03190184049079755,0.801042944785276,0.0,0.15447852760736197,0.0,0.0,2026-03-15T02:11:13Z,ls9,qd9y2b8127dm,0.1564461012736875,0.8112457284871079,0.03230817023920473
