bare_soil,dry_vegetation,pc_missing,green_vegetation,water,wetness,date,ard_product,nwi_id,norm_pv,norm_npv,norm_bs
0.23543859649122806,0.23859649122807017,0.0,0.5116666666666666,0.0,0.0,1986-08-16T01:32:51Z,ls5,qd9y5ct8ket9,0.5190887247485984,0.24205748865355525,0.23885378659784642
,,1.0,,,,1987-05-31T01:35:27Z,ls5,qd9y5ct8ket9,,,
0.23201754385964915,0.24692982456140353,0.0,0.507280701754386,0.0,0.0,1987-09-04T01:37:49Z,ls5,qd9y5ct8ket9,0.5143644934625989,0.2503780129858579,0.23525749355154318
0.3162,0.44400000000000006,0.5614035087719298,0.22719999999999999,0.0,0.0,1987-10-22T01:38:48Z,ls5,qd9y5ct8ket9,0.2300992505570184,0.44966578894065223,0.3202349605023293
0.2862280701754386,0.526842105263158,0.0,0.1720175438596491,0.0,0.0,1987-11-07T01:39:08Z,ls5,qd9y5ct8ket9,0.1746215494211932,0.5348174532502227,0.29056099732858415
,,1.0,,,,1987-11-23T01:39:27Z,ls5,qd9y5ct8ket9,,,
0.38675438596491224,0.4698245614035088,0.0,0.1279824561403509,0.0,0.0,1987-12-09T01:39:40Z,ls5,qd9y5ct8ket9,0.12998930862437635,0.47719173200285103,0.39281895937277256
0.26451219512195123,0.655,0.2807017543859649,0.0651219512195122,0.0,0.0,1987-12-25T01:39:56Z,ls5,qd9y5ct8ket9,0.06613822145157294,0.6652216992816448,0.26864007926678224
0.36385964912280705,0.4937719298245615,0.0,0.1279824561403509,0.0,0.0,1988-01-10T01:40:12Z,ls5,qd9y5ct8ket9,0.1298504805980776,0.5009789960840156,0.36917052331790673
0.45219298245614037,0.39868421052631575,0.0,0.13403508771929826,0.0,0.0,1988-01-26T01:40:30Z,ls5,qd9y5ct8ket9,0.13608835055219096,0.4047915924474528,0.45912005700035624
0.3937719298245614,0.46008771929824566,0.0,0.13122807017543858,0.0,0.0,1988-02-11T01:40:48Z,ls5,qd9y5ct8ket9,0.13321460373998217,0.4670525378450579,0.39973285841495987
0.4267543859649123,0.42622807017543857,0.0,0.13307017543859648,0.0,0.0,1988-02-27T01:41:00Z,ls5,qd9y5ct8ket9,0.13495240636954006,0.43225691664442667,0.4327906769860333
0.5101754385964913,0.33561403508771936,0.0,0.1401754385964912,0.0,0.0,1988-03-14T01:41:09Z,ls5,qd9y5ct8ket9,0.14217081850533805,0.3403914590747331,0.5174377224199288
0.4621052631578947,0.39166666666666666,0.0,0.13149122807017544,0.0,0.0,1988-03-30T01:41:16Z,ls5,qd9y5ct8ket9,0.13345797720797722,0.39752492877492884,0.469017094017094
,,1.0,,,,1988-05-17T01:41:38Z,ls5,qd9y5ct8ket9,,,
0.17078947368421055,0.2662280701754386,0.0,0.5504385964912281,0.0,0.0,1988-06-02T01:41:44Z,ls5,qd9y5ct8ket9,0.5574309318646176,0.2696100204317313,0.17295904770365106
0.15333333333333335,0.24868421052631584,0.0,0.583859649122807,0.0,0.0,1988-07-20T01:41:56Z,ls5,qd9y5ct8ket9,0.5922235074294866,0.25224664116024564,0.15552985141026784
0.18482456140350875,0.2342105263157895,0.0,0.5660526315789474,0.0,0.0,1988-08-05T01:41:58Z,ls5,qd9y5ct8ket9,0.5746215494211931,0.23775601068566343,0.18762243989314334
0.09692982456140352,0.27938596491228074,0.0,0.6096491228070177,0.0,0.0,1988-08-21T01:41:59Z,ls5,qd9y5ct8ket9,0.6183274021352313,0.2833629893238434,0.09830960854092526
,,1.0,,,,1988-09-06T01:42:02Z,ls5,qd9y5ct8ket9,,,
0.18596491228070172,0.3034210526315789,0.0,0.49789473684210533,0.0,0.0,1988-09-22T01:41:57Z,ls5,qd9y5ct8ket9,0.5043091959129277,0.3073300755219902,0.18836072856508218
0.21008771929824563,0.38947368421052636,0.0,0.38596491228070184,0.0,0.0,1988-10-08T01:41:52Z,ls5,qd9y5ct8ket9,0.3916332888295505,0.39519359145527366,0.21317311971517575
0.22429824561403505,0.5073684210526317,0.0,0.25570175438596493,0.0,0.0,1988-10-24T01:41:47Z,ls5,qd9y5ct8ket9,0.2589729921819474,0.513859275053305,0.22716773276474764
0.255438596491228,0.5386842105263159,0.0,0.1919298245614035,0.0,0.0,1988-11-09T01:41:50Z,ls5,qd9y5ct8ket9,0.19464460457254693,0.5463037096343742,0.25905168579307886
0.2551754385964912,0.5572807017543859,0.0,0.17359649122807017,0.0,0.0,1988-11-25T01:41:50Z,ls5,qd9y5ct8ket9,0.17605195267324972,0.5651632417044747,0.2587848056222756
0.30149122807017553,0.5339473684210526,0.0,0.15000000000000002,0.0,0.0,1988-12-11T01:41:39Z,ls5,qd9y5ct8ket9,0.15221648566850632,0.5418372796866654,0.30594623464482823
0.2542105263157895,0.557280701754386,0.0,0.17377192982456138,0.0,0.0,1989-01-12T01:41:26Z,ls5,qd9y5ct8ket9,0.17637108262108261,0.5656160968660969,0.25801282051282054
0.32947368421052636,0.5142982456140351,0.0,0.14122807017543862,0.0,0.0,1989-01-28T01:41:13Z,ls5,qd9y5ct8ket9,0.1433787514471458,0.522130198592929,0.33449104995992524
0.33342105263157895,0.5032456140350878,0.0,0.1482456140350877,0.0,0.0,1989-02-13T01:41:14Z,ls5,qd9y5ct8ket9,0.15051656572853578,0.5109547559672248,0.3385286783042394
0.48719298245614034,0.35754385964912283,0.0,0.14166666666666666,0.0,0.0,1989-03-17T01:40:22Z,ls5,qd9y5ct8ket9,0.14361938639395286,0.36247220987105383,0.49390840373499334
0.39999999999999997,0.3314285714285714,0.9385964912280702,0.2542857142857143,0.0,0.0,1989-03-24T01:46:19Z,ls5,qd9y5ct8ket9,0.25797101449275367,0.33623188405797105,0.4057971014492754
0.2513157894736842,0.23403508771929826,0.0,0.5021052631578947,0.0,0.0,1989-06-05T01:39:27Z,ls5,qd9y5ct8ket9,0.508483610198099,0.2370080838589322,0.2545083059429688
0.21719298245614035,0.2528947368421052,0.0,0.5170175438596492,0.0,0.0,1989-06-21T01:39:02Z,ls5,qd9y5ct8ket9,0.5237714387274505,0.25619834710743794,0.2200302141651115
0.19780701754385965,0.24473684210526314,0.0,0.5440350877192982,0.0,0.0,1989-07-23T01:38:27Z,ls5,qd9y5ct8ket9,0.5514359384724815,0.24806615097359294,0.20049791055392552
0.22561403508771927,0.2603508771929825,0.0,0.5014035087719299,0.0,0.0,1989-08-08T01:38:07Z,ls5,qd9y5ct8ket9,0.507818052594172,0.263681592039801,0.22850035536602697
0.23860759493670883,0.31012658227848094,0.3070175438596491,0.4399999999999999,0.0,0.0,1989-09-09T01:37:22Z,ls5,qd9y5ct8ket9,0.4450134425809755,0.31366022276277045,0.24132633465625403
0.251140350877193,0.33807017543859647,0.0,0.39850877192982465,0.0,0.0,1989-09-25T01:36:58Z,ls5,qd9y5ct8ket9,0.4034635879218473,0.3422735346358792,0.25426287744227355
0.18554216867469878,0.5397590361445783,0.27192982456140347,0.26373493975903617,0.0,0.0,1989-10-11T01:36:37Z,ls5,qd9y5ct8ket9,0.26665854549884277,0.5457424777683031,0.18759897673285417
,,1.0,,,,1989-11-12T01:35:35Z,ls5,qd9y5ct8ket9,,,
,,1.0,,,,1989-11-19T01:41:04Z,ls5,qd9y5ct8ket9,,,
0.30140350877192984,0.5467543859649122,0.0,0.13736842105263158,0.0,0.0,1989-12-14T01:34:45Z,ls5,qd9y5ct8ket9,0.13938584779706276,0.5547841566533155,0.30582999554962176
0.2535087719298245,0.6020175438596491,0.0,0.13315789473684214,0.0,0.0,1990-01-15T01:33:44Z,ls5,qd9y5ct8ket9,0.13468192706947035,0.6089078165202733,0.25641025641025633
0.48385964912280705,0.39710526315789474,0.0,0.10666666666666667,0.0,0.0,1990-01-31T01:33:14Z,ls5,qd9y5ct8ket9,0.10800248689936941,0.40207833733013587,0.48991917577049476
,,1.0,,,,1990-02-16T01:32:42Z,ls5,qd9y5ct8ket9,,,
0.45710526315789474,0.4057894736842104,0.0,0.1230701754385965,0.0,0.0,1990-04-05T01:31:16Z,ls5,qd9y5ct8ket9,0.12482206405693952,0.4115658362989323,0.46361209964412814
0.43377192982456136,0.39991228070175433,0.0,0.15052631578947373,0.0,0.0,1990-04-21T01:31:29Z,ls5,qd9y5ct8ket9,0.1529411764705883,0.40632798573975043,0.4407308377896613
0.42271929824561416,0.3924561403508772,0.0,0.16947368421052633,0.0,0.0,1990-05-07T01:31:25Z,ls5,qd9y5ct8ket9,0.17211581291759465,0.39857461024498886,0.42930957683741655
0.39061403508771936,0.33026315789473676,0.0,0.266140350877193,0.0,0.0,1990-05-23T01:31:27Z,ls5,qd9y5ct8ket9,0.26964095271951655,0.3346071809456096,0.39575186633487386
0.4640000000000001,0.296,0.956140350877193,0.24,0.0,0.0,1990-06-08T01:31:25Z,ls5,qd9y5ct8ket9,0.24,0.296,0.4640000000000001
0.22666666666666666,0.27307017543859646,0.0,0.48666666666666664,0.0,0.0,1990-06-24T01:31:24Z,ls5,qd9y5ct8ket9,0.4933748332592263,0.2768341485104491,0.2297910182303246
0.31,0.3833333333333333,0.9736842105263158,0.2933333333333333,0.0,0.0,1990-07-10T01:31:22Z,ls5,qd9y5ct8ket9,0.29729729729729726,0.38851351351351354,0.3141891891891892
0.1774561403508772,0.3440350877192982,0.0,0.4658771929824561,0.0,0.0,1990-07-26T01:31:18Z,ls5,qd9y5ct8ket9,0.4718372423596304,0.3484363894811656,0.179726368159204
0.17,0.46,0.9912280701754386,0.36,0.0,0.0,1990-08-11T01:31:13Z,ls5,qd9y5ct8ket9,0.3636363636363636,0.46464646464646464,0.1717171717171717
0.11142857142857142,0.0038095238095238095,0.8157894736842105,0.02619047619047619,0.3333333333333333,0.5238095238095238,1990-08-27T01:31:08Z,ls5,qd9y5ct8ket9,0.02645502645502647,0.0038480038480038503,0.1125541125541126
0.3166666666666666,0.28578947368421054,0.0,0.38526315789473686,0.0,0.0,1990-09-12T01:31:05Z,ls5,qd9y5ct8ket9,0.39005328596802846,0.2893428063943162,0.32060390763765534
0.323421052631579,0.31807017543859656,0.0,0.34570175438596495,0.0,0.0,1990-09-28T01:30:56Z,ls5,qd9y5ct8ket9,0.35018660031988624,0.3221965523369469,0.3276168473431669
0.3598058252427184,0.39825242718446613,0.0964912280701754,0.22699029126213593,0.0,0.0,1990-10-30T01:30:41Z,ls5,qd9y5ct8ket9,0.23043563966095013,0.4042972600039425,0.3652671003351074
0.37921052631578944,0.45719298245614026,0.0,0.14894736842105266,0.0,0.0,1990-11-15T01:30:43Z,ls5,qd9y5ct8ket9,0.1511617555417075,0.46399002937772627,0.38484821508056616
0.37421052631578944,0.4920175438596491,0.0,0.11885964912280703,0.0,0.0,1990-12-17T01:30:41Z,ls5,qd9y5ct8ket9,0.12065894924309886,0.49946571682991986,0.3798753339269813
0.2641935483870968,0.5203225806451613,0.45614035087719296,0.20193548387096774,0.0,0.0,1991-01-02T01:31:07Z,ls5,qd9y5ct8ket9,0.20470896010464354,0.527468933943754,0.26782210595160233
0.4605263157894736,0.4136842105263158,0.0,0.11105263157894738,0.0,0.0,1991-01-18T01:31:34Z,ls5,qd9y5ct8ket9,0.11271367521367522,0.4198717948717949,0.46741452991452986
0.38037735849056603,0.5347169811320754,0.5350877192982456,0.0718867924528302,0.0,0.0,1991-02-03T01:31:46Z,ls5,qd9y5ct8ket9,0.07283502198432422,0.5417702160198814,0.38539476199579425
0.5558771929824562,0.326578947368421,0.0,0.10473684210526317,0.0,0.0,1991-02-19T01:32:08Z,ls5,qd9y5ct8ket9,0.10609561044961792,0.3308157099697885,0.5630886795805936
0.5405263157894737,0.33894736842105255,0.0,0.10736842105263159,0.0,0.0,1991-03-07T01:32:25Z,ls5,qd9y5ct8ket9,0.10880000000000001,0.3434666666666666,0.5477333333333334
0.4383168316831682,0.4144554455445544,0.11403508771929827,0.11514851485148514,0.0,0.019801980198019802,1991-03-23T01:32:48Z,ls5,qd9y5ct8ket9,0.1166090729367536,0.4197124499684011,0.4438764968968255
0.5779824561403509,0.3008771929824562,0.0,0.10973684210526316,0.0,0.0,1991-04-08T01:33:01Z,ls5,qd9y5ct8ket9,0.11100266193433894,0.30434782608695654,0.5846495119787045
0.5271052631578947,0.27429824561403504,0.0,0.1847368421052632,0.0,0.0,1991-04-24T01:33:16Z,ls5,qd9y5ct8ket9,0.18733321473047504,0.2781533534958192,0.5345134317737058
,,1.0,,,,1991-05-10T01:33:35Z,ls5,qd9y5ct8ket9,,,
0.4003508771929825,0.2771052631578947,0.0,0.30912280701754397,0.0,0.0,1991-05-26T01:33:52Z,ls5,qd9y5ct8ket9,0.31332799857739846,0.2808748999733261,0.40579710144927533
0.03242105263157895,0.03768421052631579,0.16666666666666663,0.024000000000000004,0.11578947368421053,0.7894736842105263,1991-06-27T01:34:18Z,ls5,qd9y5ct8ket9,0.024161073825503348,0.03793712469092192,0.03263864358883785
0.15228070175438596,0.2707894736842105,0.0,0.5625438596491228,0.0,0.0,1991-07-13T01:34:28Z,ls5,qd9y5ct8ket9,0.5707547169811321,0.27474190103239593,0.15450338198647207
0.27675438596491225,0.19578947368421049,0.0,0.5141228070175439,0.0,0.0,1991-08-14T01:34:45Z,ls5,qd9y5ct8ket9,0.521070412517781,0.19843527738264577,0.28049431009957326
0.2852631578947369,0.20517543859649123,0.0,0.49543859649122807,0.0,0.0,1991-08-30T01:34:54Z,ls5,qd9y5ct8ket9,0.5025358127947326,0.2081146009431444,0.28934958626212304
,,1.0,,,,1991-09-15T01:35:08Z,ls5,qd9y5ct8ket9,,,
0.27533333333333326,0.41000000000000003,0.868421052631579,0.306,0.0,0.0,1991-10-01T01:35:13Z,ls5,qd9y5ct8ket9,0.308675184936113,0.4135843981170142,0.27774041694687285
0.24964912280701748,0.4856140350877193,0.0,0.2516666666666667,0.0,0.0,1991-10-17T01:35:24Z,ls5,qd9y5ct8ket9,0.25499955559505827,0.49204515154208517,0.2529552928628566
0.2385869565217391,0.5891304347826086,0.19298245614035092,0.15891304347826088,0.0,0.0,1991-11-02T01:35:23Z,ls5,qd9y5ct8ket9,0.16106643164040985,0.5971135837831882,0.24181998457640191
0.2833333333333334,0.5855263157894738,0.0,0.11763157894736845,0.0,0.0,1991-11-18T01:35:27Z,ls5,qd9y5ct8ket9,0.11924239729681665,0.5935443713320292,0.2872132313711542
0.254125,0.6133749999999999,0.29824561403508776,0.11937500000000001,0.0,0.0,1991-12-04T01:35:41Z,ls5,qd9y5ct8ket9,0.12096263457884739,0.6215326155794806,0.25750474984167193
0.2726315789473684,0.6008771929824561,0.0,0.11298245614035088,0.0,0.0,1991-12-20T01:35:33Z,ls5,qd9y5ct8ket9,0.1145296105281878,0.6091054597190112,0.27636492975280097
,,1.0,,,,1992-01-05T01:35:30Z,ls5,qd9y5ct8ket9,,,
0.298,0.622,0.4736842105263158,0.0665,0.0,0.0,1992-01-21T01:35:30Z,ls5,qd9y5ct8ket9,0.06741003547896605,0.6305119107957425,0.30207805372529145
0.3435087719298246,0.5164912280701754,0.0,0.12614035087719297,0.0,0.0,1992-02-22T01:35:25Z,ls5,qd9y5ct8ket9,0.12791318270770322,0.5237502223803593,0.34833659491193736
0.23966666666666667,0.5795555555555555,0.21052631578947367,0.16933333333333336,0.0,0.0,1992-03-09T01:35:25Z,ls5,qd9y5ct8ket9,0.17129369450376536,0.586265033157244,0.24244127233899068
0.27359649122807017,0.4542105263157895,0.0,0.2586842105263158,0.0,0.0,1992-04-10T01:35:13Z,ls5,qd9y5ct8ket9,0.26222656944691447,0.46043037524453145,0.27734305530855413
,,1.0,,,,1992-04-26T01:35:05Z,ls5,qd9y5ct8ket9,,,
0.2839473684210526,0.26842105263157895,0.0,0.43552631578947376,0.0,0.0,1992-05-12T01:34:58Z,ls5,qd9y5ct8ket9,0.4408630793819926,0.2717101758124667,0.28742674480554076
0.19219298245614036,0.31438596491228066,0.0,0.48,0.0,0.0,1992-05-28T01:34:49Z,ls5,qd9y5ct8ket9,0.4865297412643372,0.31866275451231435,0.19480750422334847
0.0,0.0,0.631578947368421,0.0,0.42857142857142855,0.5714285714285714,1992-06-13T01:34:38Z,ls5,qd9y5ct8ket9,0.0,0.0,0.0
0.04929577464788732,0.3622535211267606,0.3771929824561403,0.538450704225352,0.0,0.04225352112676056,1992-06-29T01:34:27Z,ls5,qd9y5ct8ket9,0.5428413326512074,0.3652074045458817,0.049697741676150306
0.18263157894736842,0.2843859649122808,0.0,0.5192982456140351,0.0,0.0,1992-07-15T01:34:15Z,ls5,qd9y5ct8ket9,0.5265030238349341,0.28833155460690146,0.18516542155816432
0.21035087719298243,0.2757017543859649,0.0,0.5012280701754386,0.0,0.0,1992-07-31T01:34:02Z,ls5,qd9y5ct8ket9,0.5076854731230565,0.279253665037761,0.21306086183918257
0.19412698412698412,0.3549206349206349,0.4473684210526315,0.4406349206349206,0.0,0.0,1992-09-01T01:33:32Z,ls5,qd9y5ct8ket9,0.4452285485164394,0.3586206896551724,0.19615076182838811
0.29105263157894734,0.2592105263157895,0.0,0.4379824561403509,0.0,0.0,1992-09-17T01:33:18Z,ls5,qd9y5ct8ket9,0.4431919048464406,0.26229362684182495,0.2945144683117344
0.0,0.77,0.9912280701754386,0.13,0.0,0.0,1992-10-03T01:32:56Z,ls5,qd9y5ct8ket9,0.14444444444444446,0.8555555555555555,0.0
0.2717543859649123,0.3733333333333333,0.0,0.3419298245614035,0.0,0.0,1992-10-19T01:32:43Z,ls5,qd9y5ct8ket9,0.34642730181301096,0.3782438677568432,0.2753288304301458
0.1933766233766234,0.3353246753246753,0.32456140350877194,0.07467532467532467,0.15584415584415584,0.23376623376623376,1992-12-06T01:32:27Z,ls5,qd9y5ct8ket9,0.07554326861257554,0.33922212096986093,0.1956242208071739
0.4681578947368421,0.4403508771929825,0.0,0.07675438596491228,0.0,0.0,1993-01-07T01:32:47Z,ls5,qd9y5ct8ket9,0.07790242165242166,0.446937321937322,0.4751602564102564
0.42280701754385963,0.48763157894736847,0.0,0.07456140350877194,0.0,0.0,1993-01-23T01:32:58Z,ls5,qd9y5ct8ket9,0.07569685635408319,0.495057440555704,0.42924570309021276
0.39099999999999996,0.489,0.9122807017543859,0.11000000000000001,0.0,0.0,1993-02-08T01:33:09Z,ls5,qd9y5ct8ket9,0.11111111111111113,0.49393939393939396,0.3949494949494949
0.4344736842105264,0.47368421052631576,0.0,0.07657894736842105,0.0,0.0,1993-02-24T01:33:12Z,ls5,qd9y5ct8ket9,0.0777659005879209,0.4810261892036344,0.4412079102084448
0.3475438596491228,0.5217543859649123,0.0,0.11596491228070177,0.0,0.0,1993-03-12T01:33:24Z,ls5,qd9y5ct8ket9,0.1176994301994302,0.5295584045584045,0.35274216524216523
0.4705263157894736,0.4402631578947369,0.0,0.07421052631578948,0.0,0.0,1993-04-13T01:33:33Z,ls5,qd9y5ct8ket9,0.07534063585359337,0.44696767298958057,0.47769169115682597
0.17525773195876285,0.6807216494845361,0.14912280701754388,0.1327835051546392,0.0,0.0,1993-04-29T01:33:40Z,ls5,qd9y5ct8ket9,0.13429256594724223,0.688457929308727,0.17724950474403084
0.48500000000000004,0.4042982456140351,0.0,0.10026315789473686,0.0,0.0,1993-05-15T01:33:43Z,ls5,qd9y5ct8ket9,0.10132080489318324,0.40856307064976505,0.49011612445705166
0.365,0.39122807017543865,0.0,0.23008771929824562,0.0,0.0,1993-05-31T01:33:47Z,ls5,qd9y5ct8ket9,0.23327997154037708,0.39665599430807547,0.3700640341515475
0.09990740740740742,0.2813888888888889,0.052631578947368474,0.5312962962962963,0.009259259259259259,0.06481481481481481,1993-07-02T01:33:37Z,ls5,qd9y5ct8ket9,0.5390587421837422,0.2855000901875902,0.10136709355459356
0.29236842105263156,0.24631578947368424,0.0,0.44868421052631585,0.0,0.0,1993-07-18T01:33:38Z,ls5,qd9y5ct8ket9,0.45442430703624737,0.2494669509594883,0.29610874200426435
0.32114035087719306,0.22631578947368425,0.0,0.4399122807017544,0.0,0.0,1993-08-03T01:33:37Z,ls5,qd9y5ct8ket9,0.4455401563610519,0.22921108742004265,0.32524875621890553
0.2892105263157895,0.24105263157894735,0.0,0.45771929824561397,0.0,0.0,1993-08-19T01:33:37Z,ls5,qd9y5ct8ket9,0.4632868685075024,0.24398472875787977,0.2927284027346178
,,1.0,,,,1993-09-04T01:33:36Z,ls5,qd9y5ct8ket9,,,
0.27535087719298246,0.31578947368421056,0.0,0.3952631578947368,0.0,0.0,1993-09-20T01:33:34Z,ls5,qd9y5ct8ket9,0.40071142730102266,0.32014228546020457,0.2791462872387728
0.22947368421052633,0.5352631578947369,0.8333333333333334,0.2252631578947368,0.0,0.0,1993-10-06T01:33:30Z,ls5,qd9y5ct8ket9,0.22753854332801698,0.5406698564593302,0.23179160021265285
0.24289473684210527,0.5667543859649122,0.0,0.17657894736842109,0.0,0.0,1993-10-22T01:33:22Z,ls5,qd9y5ct8ket9,0.17904473894867923,0.5746686827359245,0.24628657831539627
0.24043859649122806,0.6321929824561404,0.0,0.11342105263157896,0.0,0.0,1993-11-07T01:33:16Z,ls5,qd9y5ct8ket9,0.11502535361622632,0.6411351303264834,0.24383951605729023
0.3383333333333334,0.5812280701754386,0.0,0.0655263157894737,0.0,0.0,1993-11-23T01:33:08Z,ls5,qd9y5ct8ket9,0.06651825467497775,0.590026714158504,0.34345503116651827
0.29857142857142854,0.5914285714285714,0.9385964912280702,0.09999999999999999,0.0,0.0,1993-12-09T01:33:05Z,ls5,qd9y5ct8ket9,0.10101010101010101,0.5974025974025974,0.30158730158730157
0.2845614035087719,0.6278070175438596,0.0,0.07350877192982455,0.0,0.0,1993-12-25T01:32:56Z,ls5,qd9y5ct8ket9,0.0745617937538927,0.6368004270842602,0.28863777916184713
0.2789473684210526,0.6366666666666666,0.0,0.06903508771929827,0.0,0.0,1994-01-10T01:32:43Z,ls5,qd9y5ct8ket9,0.07011135857461027,0.6465924276169265,0.28329621380846326
0.27017543859649124,0.6447368421052632,0.0,0.0699122807017544,0.0,0.0,1994-01-26T01:32:30Z,ls5,qd9y5ct8ket9,0.0709895786942193,0.6546717734034025,0.2743386479023782
0.2680701754385965,0.6226315789473683,0.0,0.09464912280701755,0.0,0.0,1994-02-27T01:32:05Z,ls5,qd9y5ct8ket9,0.09605626279711565,0.6318881865930739,0.2720555506098104
0.3128070175438597,0.5710526315789475,0.0,0.1010526315789474,0.0,0.0,1994-03-15T01:31:51Z,ls5,qd9y5ct8ket9,0.10260064125400785,0.5798004987531172,0.31759885999287496
0.34008771929824566,0.5414912280701755,0.0,0.10350877192982458,0.0,0.0,1994-03-31T01:31:35Z,ls5,qd9y5ct8ket9,0.10507569011576136,0.5496883348174533,0.34523597506678544
0.34921052631578947,0.5467543859649122,0.0,0.08929824561403508,0.0,0.0,1994-05-02T01:31:01Z,ls5,qd9y5ct8ket9,0.09063390313390313,0.5549323361823361,0.3544337606837607
0.18560975609756097,0.5730487804878049,0.2807017543859649,0.23024390243902443,0.0,0.0,1994-06-03T01:30:25Z,ls5,qd9y5ct8ket9,0.23282772228388213,0.5794795905783697,0.18769268713774817
0.36011904761904767,0.16892857142857146,0.26315789473684215,0.4604761904761904,0.0,0.0,1994-07-05T01:29:39Z,ls5,qd9y5ct8ket9,0.46535129932627517,0.1707170356111646,0.36393166506256025
0.21543859649122807,0.2615789473684211,0.0,0.5100000000000001,0.0,0.0,1994-07-21T01:29:13Z,ls5,qd9y5ct8ket9,0.5167081407749734,0.2650195520796303,0.21827230714539636
0.21657894736842107,0.25859649122807016,0.0,0.5118421052631579,0.0,0.0,1994-08-22T01:28:24Z,ls5,qd9y5ct8ket9,0.5185744756487736,0.2619978670458585,0.21942765730536795
0.2387619047619048,0.27628571428571425,0.07894736842105265,0.46352380952380956,0.0,0.009523809523809525,1994-09-07T01:28:00Z,ls5,qd9y5ct8ket9,0.4691627853087707,0.2796468543621828,0.24166655080523694
0.22666666666666666,0.3992105263157895,0.0,0.36140350877192984,0.0,0.0,1994-09-23T01:27:35Z,ls5,qd9y5ct8ket9,0.36605952909817857,0.4043536206130609,0.22958685028876052
0.24739130434782605,0.5517391304347826,0.7982456140350878,0.1882608695652174,0.0,0.0,1994-10-25T01:26:34Z,ls5,qd9y5ct8ket9,0.19066490532804933,0.5587846763540291,0.2505504183179216
0.19140350877192983,0.6399122807017545,0.0,0.15842105263157893,0.0,0.0,1994-11-10T01:26:00Z,ls5,qd9y5ct8ket9,0.16006381281574047,0.6465479039262608,0.19338828325799876
,,1.0,,,,1994-11-26T01:25:28Z,ls5,qd9y5ct8ket9,,,
0.30558558558558563,0.5772972972972973,0.02631578947368418,0.10279279279279281,0.0,0.0,1994-12-12T01:25:00Z,ls5,qd9y5ct8ket9,0.10428662827895076,0.5856868659171922,0.3100265058038571
0.3585964912280702,0.5297368421052632,0.0,0.09666666666666669,0.0,0.0,1994-12-28T01:24:28Z,ls5,qd9y5ct8ket9,0.0981387478849408,0.5378039006144804,0.36405735150057883
0.17298245614035088,0.6353508771929826,0.0,0.17842105263157895,0.0,0.0,1995-01-13T01:23:54Z,ls5,qd9y5ct8ket9,0.1808160725397813,0.6438794559516402,0.17530447150857853
0.22749999999999998,0.6769642857142857,0.5087719298245614,0.08267857142857142,0.0,0.0,1995-01-29T01:23:17Z,ls5,qd9y5ct8ket9,0.08375542691751085,0.6857814761215629,0.23046309696092618
,,1.0,,,,1995-03-09T01:27:54Z,ls5,qd9y5ct8ket9,,,
0.3742105263157895,0.5108771929824562,0.0,0.10131578947368425,0.0,0.0,1995-03-18T01:21:20Z,ls5,qd9y5ct8ket9,0.102712316585149,0.5179190751445086,0.3793686082703424
0.40780701754385973,0.43052631578947376,0.0,0.14666666666666667,0.0,0.0,1995-04-19T01:20:02Z,ls5,qd9y5ct8ket9,0.14890016920473773,0.43708255410098856,0.4140172766942738
,,1.0,,,,1995-04-26T01:25:54Z,ls5,qd9y5ct8ket9,,,
0.3857017543859649,0.3531578947368421,0.0,0.2474561403508772,0.0,0.0,1995-05-05T01:19:19Z,ls5,qd9y5ct8ket9,0.2508893632159374,0.35805763073639274,0.3910530060476698
,,1.0,,,,1995-05-12T01:25:11Z,ls5,qd9y5ct8ket9,,,
,,1.0,,,,1995-05-21T01:18:36Z,ls5,qd9y5ct8ket9,,,
,,1.0,,,,1995-06-13T01:23:42Z,ls5,qd9y5ct8ket9,,,
0.0,0.0,0.9824561403508771,0.0,0.0,1.0,1995-07-24T01:15:40Z,ls5,qd9y5ct8ket9,0.0,0.0,0.0
0.22149122807017543,0.2604385964912281,0.0,0.5054385964912281,0.0,0.0,1995-08-25T01:14:13Z,ls5,qd9y5ct8ket9,0.511904761904762,0.26377043354655294,0.22432480454868514
0.22885964912280704,0.29236842105263156,0.0,0.46561403508771926,0.0,0.0,1995-09-10T01:13:27Z,ls5,qd9y5ct8ket9,0.47182222222222225,0.2962666666666667,0.23191111111111118
0.3235087719298245,0.5678070175438596,0.0,0.09491228070175439,0.0,0.0,1995-12-15T01:12:16Z,ls5,qd9y5ct8ket9,0.09623765898781465,0.5757360135195233,0.3280263274926621
0.37403508771929816,0.5139473684210527,0.0,0.09807017543859649,0.0,0.0,1996-01-16T01:14:35Z,ls5,qd9y5ct8ket9,0.09945734365269993,0.5212169735788631,0.37932568276843687
0.3637719298245614,0.5191228070175439,0.0,0.10333333333333335,0.0,0.0,1996-02-17T01:16:48Z,ls5,qd9y5ct8ket9,0.10477630525660411,0.5263719647780841,0.36885172996531174
0.3573076923076923,0.53,0.7719298245614035,0.09769230769230769,0.0,0.0,1996-03-04T01:17:52Z,ls5,qd9y5ct8ket9,0.09918000780944942,0.5380710659898477,0.3627489262007028
0.41350877192982455,0.4721052631578948,0.0,0.10052631578947367,0.0,0.0,1996-03-20T01:18:54Z,ls5,qd9y5ct8ket9,0.10193915673367726,0.47874043764454727,0.4193204056217754
0.4077192982456141,0.46885964912280703,0.0,0.10973684210526315,0.0,0.0,1996-04-21T01:20:54Z,ls5,qd9y5ct8ket9,0.11125933831376733,0.4753646389185343,0.41337602276769836
0.3970833333333334,0.515,0.7894736842105263,0.0775,0.0,0.0,1996-05-07T01:21:51Z,ls5,qd9y5ct8ket9,0.0783157894736842,0.5204210526315789,0.4012631578947368
0.3513157894736842,0.33464912280701753,0.0,0.30043859649122806,0.0,0.0,1996-05-23T01:22:46Z,ls5,qd9y5ct8ket9,0.30457981325033345,0.3392618941751889,0.3561582925744775
0.1105263157894737,0.2717543859649123,0.0,0.6046491228070177,0.0,0.0,1996-06-24T01:24:31Z,ls5,qd9y5ct8ket9,0.6126566527419786,0.27535330192871743,0.11199004532930405
0.1685087719298246,0.24105263157894738,0.0,0.5782456140350878,0.0,0.0,1996-07-10T01:25:20Z,ls5,qd9y5ct8ket9,0.5853831808897966,0.24402806145102562,0.17058875765917772
0.1356140350877193,0.27114035087719296,0.0,0.5794736842105265,0.0,0.0,1996-07-26T01:26:12Z,ls5,qd9y5ct8ket9,0.5875655963710754,0.2749266210086275,0.13750778262029706
0.11210526315789474,0.282280701754386,0.0,0.5840350877192982,0.0,0.008771929824561403,1996-08-27T01:27:54Z,ls5,qd9y5ct8ket9,0.5916798001818244,0.28597560783795606,0.1135726621556581
0.19857142857142857,0.0980952380952381,0.8157894736842105,0.31714285714285717,0.0,0.38095238095238093,1996-09-12T01:28:47Z,ls5,qd9y5ct8ket9,0.3198492740773579,0.09893235804795154,0.20026598692230965
0.20817204301075273,0.4374193548387097,0.1842105263157895,0.3317204301075269,0.010752688172043012,0.0,1996-10-14T01:30:29Z,ls5,qd9y5ct8ket9,0.3357715873021506,0.4427613669838408,0.21071435754196557
,,1.0,,,,1996-10-30T01:31:16Z,ls5,qd9y5ct8ket9,,,
,,1.0,,,,1996-11-15T01:32:01Z,ls5,qd9y5ct8ket9,,,
,,1.0,,,,1996-12-01T01:32:47Z,ls5,qd9y5ct8ket9,,,
0.26456140350877194,0.5966666666666667,0.0,0.12526315789473685,0.0,0.0,1996-12-17T01:33:32Z,ls5,qd9y5ct8ket9,0.12697848123777344,0.6048372754757247,0.26818424328650187
0.27456140350877195,0.5896491228070176,0.0,0.12149122807017547,0.0,0.0,1997-01-02T01:34:18Z,ls5,qd9y5ct8ket9,0.12325353742101987,0.5982023671798523,0.2785440953991279
0.33342105263157895,0.5270175438596492,0.0,0.12429824561403509,0.0,0.0,1997-01-18T01:35:03Z,ls5,qd9y5ct8ket9,0.12622483520399072,0.5351861749510066,0.33858898984500263
0.31394736842105264,0.5250877192982456,0.0,0.14605263157894735,0.0,0.0,1997-02-03T01:35:46Z,ls5,qd9y5ct8ket9,0.14826357969723952,0.5330365093499555,0.31869991095280503
0.3757894736842105,0.5192105263157893,0.33333333333333337,0.09276315789473683,0.0,0.0,1997-03-07T01:37:06Z,ls5,qd9y5ct8ket9,0.09391234847475691,0.5256427334487812,0.3804449180764621
0.46929824561403516,0.39596491228070174,0.0,0.11964912280701756,0.0,0.0,1997-03-23T01:37:42Z,ls5,qd9y5ct8ket9,0.1214820092625579,0.4020306376914855,0.4764873530459565
0.35061403508771927,0.41622807017543856,0.0,0.21973684210526312,0.0,0.0,1997-04-08T01:38:18Z,ls5,qd9y5ct8ket9,0.22272606028274206,0.4218902818529386,0.3553836578643194
0.372719298245614,0.29622807017543856,0.0,0.3173684210526316,0.0,0.0,1997-04-24T01:38:52Z,ls5,qd9y5ct8ket9,0.3217716115261473,0.3003379580220562,0.3778904304517965
,,1.0,,,,1997-05-10T01:39:25Z,ls5,qd9y5ct8ket9,,,
0.16106060606060604,0.4007575757575758,0.42105263157894735,0.42742424242424243,0.0,0.0,1997-05-26T01:39:59Z,ls5,qd9y5ct8ket9,0.4320722928472967,0.40511563792311234,0.16281206922959104
0.07412280701754387,0.3201754385964912,0.0,0.5398245614035087,0.0,0.05263157894736842,1997-07-29T01:42:10Z,ls5,qd9y5ct8ket9,0.5474791307313263,0.3247154415289798,0.07517384879232546
0.13798245614035087,0.2845614035087719,0.0,0.5625438596491228,0.0,0.0,1997-08-14T01:42:41Z,ls5,qd9y5ct8ket9,0.5710596616206589,0.2888691006233304,0.14007123775601069
0.17,0.28192982456140353,0.0,0.5339473684210527,0.0,0.0,1997-08-30T01:43:11Z,ls5,qd9y5ct8ket9,0.5415962274223686,0.2859685025358128,0.17243527004181866
0.17587719298245616,0.2881578947368421,0.0,0.5219298245614035,0.0,0.0,1997-09-15T01:43:38Z,ls5,qd9y5ct8ket9,0.5293594306049821,0.2922597864768683,0.17838078291814946
0.2149122807017544,0.4614035087719298,0.0,0.3106140350877193,0.0,0.0,1997-10-17T01:44:31Z,ls5,qd9y5ct8ket9,0.31472757977068705,0.4675139987556662,0.2177584214736468
0.22666666666666666,0.5491228070175439,0.0,0.21017543859649127,0.0,0.0,1997-11-02T01:44:57Z,ls5,qd9y5ct8ket9,0.21316725978647688,0.5569395017793595,0.22989323843416368
0.25105263157894736,0.5860526315789473,0.0,0.14868421052631575,0.0,0.0,1997-12-20T01:46:07Z,ls5,qd9y5ct8ket9,0.15082754938601173,0.5945008008542445,0.25467164975974377
0.2779824561403509,0.5458771929824561,0.0,0.16157894736842104,0.0,0.0,1998-01-05T01:46:30Z,ls5,qd9y5ct8ket9,0.16396653017625068,0.5539433861491899,0.2820900836745594
0.28885964912280704,0.5467543859649122,0.0,0.15017543859649124,0.0,0.0,1998-01-21T01:46:50Z,ls5,qd9y5ct8ket9,0.15234027407011924,0.5546360562377647,0.2930236696921161
0.31719298245614036,0.5170175438596492,0.0,0.15192982456140355,0.0,0.0,1998-02-06T01:47:11Z,ls5,qd9y5ct8ket9,0.1540651129692226,0.5242839352428393,0.32165095178793807
0.316140350877193,0.5023684210526316,0.0,0.1678947368421053,0.0,0.0,1998-02-22T01:47:29Z,ls5,qd9y5ct8ket9,0.17020898176967544,0.5092930191196087,0.32049799911071586
0.37052631578947365,0.46605263157894733,0.0,0.14868421052631578,0.0,0.0,1998-03-26T01:47:59Z,ls5,qd9y5ct8ket9,0.15090811965811965,0.47302350427350426,0.376068376068376
0.33754385964912276,0.4830701754385965,0.0,0.16570175438596488,0.0,0.0,1998-04-11T01:48:10Z,ls5,qd9y5ct8ket9,0.16800071149057275,0.48977232301672013,0.34222696549270726
,,1.0,,,,1998-05-13T01:48:38Z,ls5,qd9y5ct8ket9,,,
,,1.0,,,,1998-05-29T01:48:54Z,ls5,qd9y5ct8ket9,,,
0.17596491228070174,0.27701754385964916,0.0,0.5349122807017543,0.0,0.0,1998-07-16T01:49:29Z,ls5,qd9y5ct8ket9,0.5414668797726868,0.2804120049724738,0.17812111525483926
,,1.0,,,,1998-08-01T01:49:35Z,ls5,qd9y5ct8ket9,,,
,,1.0,,,,1998-08-17T01:49:43Z,ls5,qd9y5ct8ket9,,,
,,1.0,,,,1998-09-02T01:49:54Z,ls5,qd9y5ct8ket9,,,
,,1.0,,,,1998-09-18T01:50:01Z,ls5,qd9y5ct8ket9,,,
0.21464912280701753,0.49157894736842106,0.0,0.28114035087719297,0.0,0.0,1998-10-20T01:50:04Z,ls5,qd9y5ct8ket9,0.2847370291400142,0.4978678038379531,0.21739516702203268
0.19413793103448276,0.5926436781609196,0.23684210526315785,0.19988505747126437,0.0,0.0,1998-11-05T01:50:09Z,ls5,qd9y5ct8ket9,0.2025862068965517,0.6006523765144455,0.19676141658900279
0.1462244897959184,0.6594897959183673,0.14035087719298245,0.18234693877551023,0.0,0.0,1998-12-07T01:50:12Z,ls5,qd9y5ct8ket9,0.18455024269338016,0.667458432304038,0.14799132500258189
0.04956521739130435,0.778695652173913,0.5964912280701755,0.16260869565217392,0.0,0.0,1998-12-23T01:50:17Z,ls5,qd9y5ct8ket9,0.16410706450197454,0.7858709960508995,0.050021939447125935
0.2844736842105264,0.555,0.0,0.14657894736842106,0.0,0.0,1999-01-08T01:50:17Z,ls5,qd9y5ct8ket9,0.14865225513744326,0.5628502802241793,0.2884974646383774
0.3355263157894737,0.5021929824561405,0.0,0.14710526315789474,0.0,0.0,1999-02-09T01:50:25Z,ls5,qd9y5ct8ket9,0.1493720495234702,0.5099314153380246,0.34069653513850534
0.3435087719298246,0.4947368421052632,0.0,0.14701754385964913,0.0,0.0,1999-02-25T01:50:28Z,ls5,qd9y5ct8ket9,0.14921652421652423,0.5021367521367521,0.34864672364672367
,,1.0,,,,1999-03-13T01:50:17Z,ls5,qd9y5ct8ket9,,,
,,1.0,,,,1999-03-29T01:49:59Z,ls5,qd9y5ct8ket9,,,
0.29403508771929826,0.434561403508772,0.0,0.25763157894736843,0.0,0.0,1999-04-14T01:49:58Z,ls5,qd9y5ct8ket9,0.2612292092857778,0.44062972516232324,0.29814106555189895
0.37938596491228077,0.37271929824561406,0.0,0.23456140350877192,0.0,0.0,1999-04-30T01:49:56Z,ls5,qd9y5ct8ket9,0.23773115220483637,0.3777560455192034,0.3845128022759602
0.17205882352941176,0.3735294117647059,0.7017543859649122,0.4132352941176471,0.0,0.029411764705882353,1999-05-16T01:49:42Z,ls5,qd9y5ct8ket9,0.418305665824612,0.37811259473114395,0.17416997473836157
0.2268421052631579,0.4056140350877193,0.0,0.35456140350877197,0.0,0.0,1999-06-01T01:49:20Z,ls5,qd9y5ct8ket9,0.3592250266619268,0.41094916459296127,0.229825808745112
0.24526315789473685,0.3539473684210526,0.0,0.3879824561403509,0.0,0.0,1999-06-17T01:49:11Z,ls5,qd9y5ct8ket9,0.39301581659854273,0.3585391860671761,0.24844499733428116
0.23394736842105263,0.25342105263157894,0.0,0.2646491228070176,0.15789473684210525,0.07894736842105263,1999-07-03T01:49:02Z,ls5,qd9y5ct8ket9,0.2685696218851105,0.25717521963078693,0.23741305322094453
,,1.0,,,,1999-07-19T01:48:58Z,ls5,qd9y5ct8ket9,,,
0.04122807017543859,0.045350877192982454,0.0,0.04289473684210527,0.5964912280701754,0.2719298245614035,1999-07-27T02:04:05Z,ls7,qd9y5ct8ket9,0.04359221223791187,0.04608828983026672,0.041898445300242476
0.046403508771929815,0.05359649122807017,0.0,0.04710526315789474,0.6666666666666666,0.18421052631578946,1999-08-04T01:48:57Z,ls5,qd9y5ct8ket9,0.04775131029720996,0.05433156534747724,0.04703993137285672
0.1490990990990991,0.06297297297297297,0.02631578947368418,0.08099099099099098,0.5765765765765766,0.12612612612612611,1999-08-12T02:04:08Z,ls7,qd9y5ct8ket9,0.08216116516147255,0.0638828191856166,0.15125331295020814
0.036228070175438595,0.03517543859649123,0.0,0.04964912280701755,0.6666666666666666,0.21052631578947367,1999-08-20T01:48:45Z,ls5,qd9y5ct8ket9,0.0503686753114671,0.035685227561657776,0.03675311467073482
0.029385964912280703,0.0493859649122807,0.0,0.04271929824561404,0.7807017543859649,0.09649122807017543,1999-09-05T01:48:17Z,ls5,qd9y5ct8ket9,0.04318196212553044,0.04992083095826208,0.029704224460067135
,,1.0,,,,1999-09-13T02:04:05Z,ls7,qd9y5ct8ket9,,,
0.03657894736842105,0.058333333333333334,0.0,0.060526315789473685,0.6929824561403509,0.14912280701754385,1999-09-29T02:04:15Z,ls7,qd9y5ct8ket9,0.06148271355589876,0.059255079006772,0.037156944279434466
,,1.0,,,,1999-10-15T02:04:13Z,ls7,qd9y5ct8ket9,,,
0.06090909090909091,0.061818181818181814,0.9035087719298246,0.15000000000000002,0.2727272727272727,0.45454545454545453,1999-10-23T01:47:44Z,ls5,qd9y5ct8ket9,0.15000000000000002,0.061818181818181814,0.06090909090909091
0.16359649122807018,0.20438596491228073,0.0,0.12649122807017543,0.3508771929824561,0.14912280701754385,1999-11-24T01:46:37Z,ls5,qd9y5ct8ket9,0.12790491396132694,0.20667021465318433,0.16542487138548873
0.11095744680851063,0.15734042553191488,0.17543859649122806,0.0675531914893617,0.48936170212765956,0.1702127659574468,1999-12-02T02:04:02Z,ls7,qd9y5ct8ket9,0.06847330147797195,0.15948348485971733,0.11246874557720433
0.2569298245614035,0.2482456140350877,0.0,0.11763157894736842,0.21929824561403508,0.14912280701754385,1999-12-10T01:46:18Z,ls5,qd9y5ct8ket9,0.11928836174944404,0.2517420311341735,0.2605485544848036
0.31491228070175437,0.2731578947368421,0.0,0.13087719298245615,0.15789473684210525,0.11403508771929824,1999-12-26T01:46:20Z,ls5,qd9y5ct8ket9,0.1325379089500227,0.2766240271249133,0.3189082393636605
0.29491228070175435,0.2921929824561404,0.0,0.14798245614035085,0.14035087719298245,0.11403508771929824,2000-01-03T02:04:03Z,ls7,qd9y5ct8ket9,0.1501015366578738,0.2963771301762761,0.29913536825356946
0.3310526315789473,0.30535087719298243,0.0,0.1586842105263158,0.10526315789473684,0.08771929824561403,2000-01-19T02:04:00Z,ls7,qd9y5ct8ket9,0.16106517396757564,0.30993248788343325,0.33601988200864036
0.3025438596491228,0.32342105263157894,0.0,0.16210526315789478,0.08771929824561403,0.11403508771929824,2000-02-04T02:04:01Z,ls7,qd9y5ct8ket9,0.16419834091015612,0.3275970145756198,0.3064502585493118
0.41052631578947374,0.3446491228070176,0.0,0.1454385964912281,0.008771929824561403,0.07894736842105263,2000-02-20T02:03:53Z,ls7,qd9y5ct8ket9,0.14732262623052222,0.34911375057884314,0.41584432494502055
0.4537719298245614,0.3201754385964913,0.0,0.13473684210526315,0.008771929824561403,0.07017543859649122,2000-03-07T02:03:49Z,ls7,qd9y5ct8ket9,0.13657079275077352,0.32453345933614813,0.4599483794920257
0.5313157894736842,0.23640350877192978,0.0,0.14964912280701753,0.008771929824561403,0.06140350877192982,2000-03-23T02:03:51Z,ls7,qd9y5ct8ket9,0.1516810768554586,0.23961342445806616,0.538530060089984
0.4843859649122807,0.29184210526315785,0.0,0.17552631578947367,0.017543859649122806,0.017543859649122806,2000-04-08T02:03:39Z,ls7,qd9y5ct8ket9,0.17795294688333735,0.2958767887460586,0.49108254507235827
0.5681578947368422,0.2528947368421052,0.0,0.16657894736842108,0.0,0.0,2000-04-24T02:03:33Z,ls7,qd9y5ct8ket9,0.16866506794564348,0.2560618172128963,0.5752731148414602
0.5571929824561404,0.2642982456140351,0.0,0.16728070175438597,0.0,0.0,2000-05-26T02:03:12Z,ls7,qd9y5ct8ket9,0.16918026969481903,0.26729950319375445,0.5635202271114266
0.27,0.44,0.9912280701754386,0.28,0.0,0.0,2000-06-27T02:02:56Z,ls7,qd9y5ct8ket9,0.2828282828282829,0.4444444444444445,0.27272727272727276
0.39280000000000004,0.21160000000000004,0.1228070175438597,0.24580000000000005,0.02,0.12,2000-07-29T02:02:26Z,ls7,qd9y5ct8ket9,0.24863326276170317,0.21403904963537992,0.397327687602917
0.4193859649122807,0.2586842105263158,0.0,0.27631578947368424,0.02631578947368421,0.008771929824561403,2000-08-14T02:02:19Z,ls7,qd9y5ct8ket9,0.2793633900928793,0.2615373452012384,0.4240115454076367
0.21000000000000002,0.35571428571428576,0.9385964912280702,0.2842857142857143,0.0,0.14285714285714285,2000-08-30T02:02:09Z,ls7,qd9y5ct8ket9,0.2866746698679472,0.35870348139255703,0.21176470588235297
0.28736842105263155,0.24596491228070178,0.0,0.2650877192982456,0.14035087719298245,0.05263157894736842,2000-09-15T02:01:50Z,ls7,qd9y5ct8ket9,0.2679418828327686,0.24861318314463376,0.29046247788224683
0.22570175438596488,0.4597368421052631,0.0,0.22394736842105262,0.07017543859649122,0.008771929824561403,2000-10-01T02:01:41Z,ls7,qd9y5ct8ket9,0.2268204271651445,0.4656348839688688,0.22859732044493408
0.40535087719298246,0.32973684210526316,0.0,0.1826315789473684,0.03508771929824561,0.03508771929824561,2000-10-17T02:01:23Z,ls7,qd9y5ct8ket9,0.18504059805411058,0.3340862670919317,0.4106976962574665
0.16880000000000003,0.5672,0.7807017543859649,0.212,0.04,0.0,2000-11-02T02:01:36Z,ls7,qd9y5ct8ket9,0.21468354430379746,0.574379746835443,0.1709367088607595
0.523157894736842,0.32710526315789473,0.0,0.13710526315789473,0.0,0.0,2000-12-04T02:01:34Z,ls7,qd9y5ct8ket9,0.13885927505330492,0.33128997867803844,0.5298507462686567
0.5269298245614035,0.3197368421052631,0.0,0.14087719298245613,0.0,0.0,2000-12-20T02:01:39Z,ls7,qd9y5ct8ket9,0.14265411263101793,0.3237697637235743,0.5335761236454077
0.5109649122807017,0.3493859649122808,0.0,0.12596491228070175,0.0,0.0,2001-01-05T02:01:39Z,ls7,qd9y5ct8ket9,0.12771255780860902,0.35423336890786206,0.5180540732835289
0.5423214285714286,0.3246428571428571,0.01754385964912286,0.12080357142857144,0.0,0.0,2001-02-06T02:01:39Z,ls7,qd9y5ct8ket9,0.12229955708216578,0.32866311127180686,0.5490373316460273
0.1875,0.6465,0.8245614035087719,0.15550000000000003,0.0,0.0,2001-02-22T02:01:38Z,ls7,qd9y5ct8ket9,0.15715007579585652,0.6533602829711975,0.18948964123294593
0.5992105263157894,0.25903508771929823,0.0,0.12877192982456143,0.0,0.0,2001-03-10T02:01:34Z,ls7,qd9y5ct8ket9,0.13046569498755778,0.2624422324920014,0.6070920725204407
0.627719298245614,0.24587719298245614,0.0,0.11473684210526316,0.0,0.0,2001-03-26T02:01:25Z,ls7,qd9y5ct8ket9,0.11609123990414486,0.2487796219046774,0.6351291381911778
0.5721052631578949,0.3008771929824562,0.0,0.1142982456140351,0.0,0.0,2001-04-27T02:01:19Z,ls7,qd9y5ct8ket9,0.11577076854731229,0.3047534429142603,0.5794757885384274
,,1.0,,,,2001-05-13T02:01:10Z,ls7,qd9y5ct8ket9,,,
0.07035087719298247,0.14780701754385966,0.0,0.05140350877192982,0.017543859649122806,0.7105263157894737,2001-05-29T02:01:01Z,ls7,qd9y5ct8ket9,0.051855150404485004,0.14910567991733317,0.07096899423958529
,,1.0,,,,2001-06-14T02:00:50Z,ls7,qd9y5ct8ket9,,,
0.5092105263157894,0.22254385964912282,0.0,0.25552631578947366,0.0,0.0,2001-06-30T02:00:35Z,ls7,qd9y5ct8ket9,0.2588183029764549,0.2254109284762328,0.5157707685473123
0.38780701754385966,0.2031578947368421,0.0,0.39745614035087723,0.0,0.0,2001-07-16T02:00:35Z,ls7,qd9y5ct8ket9,0.40211217607383737,0.20553780617678377,0.3923500177493787
0.3371929824561403,0.2048245614035088,0.0,0.4464035087719298,0.0,0.0,2001-08-01T02:00:23Z,ls7,qd9y5ct8ket9,0.4516329428470004,0.20722399716009943,0.34114305999290023
0.33377192982456144,0.18728070175438594,0.0,0.467280701754386,0.0,0.0,2001-08-17T02:00:04Z,ls7,qd9y5ct8ket9,0.4727966628206267,0.1894914351646401,0.33771190201473333
,,1.0,,,,2001-09-02T01:59:53Z,ls7,qd9y5ct8ket9,,,
0.5188235294117647,0.013529411764705884,0.8508771929824561,0.4576470588235294,0.0,0.0,2001-09-18T01:59:42Z,ls7,qd9y5ct8ket9,0.4622697563874034,0.013666072489601902,0.5240641711229946
0.32210526315789473,0.26456140350877194,0.0,0.40157894736842104,0.0,0.0,2001-10-04T01:59:30Z,ls7,qd9y5ct8ket9,0.4063554056453044,0.2677081484111486,0.3259364459435469
,,1.0,,,,2001-10-20T01:59:32Z,ls7,qd9y5ct8ket9,,,
0.37692982456140356,0.388859649122807,0.0,0.22052631578947368,0.0,0.0,2001-11-05T01:59:37Z,ls7,qd9y5ct8ket9,0.22358591248665954,0.39425471362504444,0.382159373888296
0.3363855421686747,0.475421686746988,0.27192982456140347,0.17385542168674697,0.0,0.0,2001-11-21T01:59:46Z,ls7,qd9y5ct8ket9,0.17638430509717634,0.48233712260114897,0.3412785723016746
0.3823684210526315,0.4746491228070176,0.0,0.12868421052631582,0.0,0.0,2001-12-07T01:59:47Z,ls7,qd9y5ct8ket9,0.1305508587701344,0.48153421731778945,0.3879149239120761
0.4035087719298245,0.4632456140350877,0.0,0.11903508771929826,0.0,0.0,2001-12-23T01:59:56Z,ls7,qd9y5ct8ket9,0.12075102331375692,0.46992347392774514,0.40932550275849794
0.42254385964912283,0.43736842105263163,0.0,0.12631578947368421,0.0,0.0,2002-01-08T01:59:59Z,ls7,qd9y5ct8ket9,0.12807969403184202,0.4434759405852531,0.4284443653829049
0.4270175438596492,0.43421052631578955,0.0,0.12456140350877193,0.0,0.0,2002-01-24T02:00:06Z,ls7,qd9y5ct8ket9,0.12635700302544936,0.44046983449012284,0.43317316248442783
0.46956140350877196,0.3907017543859649,0.0,0.12570175438596493,0.0,0.0,2002-02-09T02:00:08Z,ls7,qd9y5ct8ket9,0.12749110320284698,0.3962633451957295,0.47624555160142346
0.481140350877193,0.3863157894736842,0.0,0.11921052631578949,0.0,0.0,2002-02-25T02:00:10Z,ls7,qd9y5ct8ket9,0.12082147937411096,0.3915362731152205,0.48764224751066854
0.4062280701754386,0.4728947368421053,0.0,0.1079824561403509,0.0,0.0,2002-03-13T02:00:08Z,ls7,qd9y5ct8ket9,0.10939305074202436,0.47907224740069315,0.41153470185728247
0.4886842105263158,0.38350877192982463,0.0,0.1142982456140351,0.0,0.0,2002-03-29T02:00:03Z,ls7,qd9y5ct8ket9,0.11586341810421484,0.38876044815934563,0.49537613373643963
0.47175438596491237,0.3871929824561404,0.0,0.12736842105263158,0.0,0.0,2002-04-14T02:00:02Z,ls7,qd9y5ct8ket9,0.12913553895410884,0.39256492351476346,0.47829953753112775
0.17280701754385963,0.5571929824561404,0.0,0.25780701754385965,0.0,0.0,2002-04-30T02:00:04Z,ls7,qd9y5ct8ket9,0.2609892549507149,0.5640706864399254,0.17494005860935974
0.28096491228070175,0.23903508771929827,0.0,0.46842105263157896,0.0,0.0,2002-06-17T01:59:45Z,ls7,qd9y5ct8ket9,0.4739084132055378,0.24183528576499824,0.284256301029464
0.22815789473684212,0.2723684210526316,0.0,0.4874561403508772,0.0,0.0,2002-07-03T01:59:40Z,ls7,qd9y5ct8ket9,0.49338542129095264,0.27568143478646895,0.23093314392257835
,,1.0,,,,2002-07-19T01:59:33Z,ls7,qd9y5ct8ket9,,,
0.23438596491228073,0.2431578947368421,0.0,0.5100877192982456,0.0,0.0,2002-08-20T01:59:22Z,ls7,qd9y5ct8ket9,0.5164757083222311,0.24620303756994405,0.23732125410782487
,,1.0,,,,2002-09-05T01:59:13Z,ls7,qd9y5ct8ket9,,,
,,1.0,,,,2002-09-21T01:59:01Z,ls7,qd9y5ct8ket9,,,
0.3039473684210527,0.4144736842105263,0.0,0.26850877192982453,0.0,0.0,2002-10-23T01:59:02Z,ls7,qd9y5ct8ket9,0.27206470535952354,0.41996266998489024,0.3079726246555862
0.3266666666666666,0.4905263157894737,0.0,0.16815789473684212,0.0,0.0,2002-11-08T01:59:07Z,ls7,qd9y5ct8ket9,0.17065788302323512,0.49781892637763736,0.3315231905991275
0.32219298245614036,0.5128070175438597,0.0,0.15078947368421053,0.0,0.0,2002-11-24T01:59:24Z,ls7,qd9y5ct8ket9,0.15296316070475172,0.5201993237230824,0.32683751557216584
0.376578947368421,0.4621929824561403,0.0,0.14631578947368423,0.0,0.0,2002-12-10T01:59:29Z,ls7,qd9y5ct8ket9,0.14853072128227965,0.46918967052537847,0.3822796081923419
0.192,0.6779999999999999,0.8245614035087719,0.119,0.0,0.0,2002-12-26T01:59:35Z,ls7,qd9y5ct8ket9,0.12032355915065723,0.6855409504550051,0.19413549039433775
,,1.0,,,,2003-01-11T01:59:37Z,ls7,qd9y5ct8ket9,,,
0.3353508771929825,0.5366666666666666,0.0,0.11412280701754388,0.0,0.0,2003-01-27T01:59:44Z,ls7,qd9y5ct8ket9,0.11572673901441026,0.5442092154420921,0.3400640455434977
0.41666666666666674,0.4399122807017544,0.0,0.12938596491228072,0.0,0.0,2003-02-28T01:59:55Z,ls7,qd9y5ct8ket9,0.13122775800711742,0.4461743772241992,0.4225978647686833
0.2670754716981132,0.5886792452830187,0.07017543859649122,0.13216981132075473,0.0,0.0,2003-03-16T01:59:58Z,ls7,qd9y5ct8ket9,0.1337853323147441,0.5958747135217722,0.27033995416348355
0.36912280701754385,0.39456140350877195,0.0,0.22219298245614036,0.0,0.0,2003-04-17T01:59:59Z,ls7,qd9y5ct8ket9,0.22537592312483318,0.40021354213008276,0.37441053474508407
0.4008771929824561,0.4298245614035088,0.0,0.15377192982456142,0.0,0.0,2003-05-03T02:00:00Z,ls7,qd9y5ct8ket9,0.1561970952508242,0.4366034037244943,0.4071995010246814
0.4492982456140351,0.37061403508771934,0.0,0.16561403508771932,0.0,0.0,2003-05-11T01:46:22Z,ls5,qd9y5ct8ket9,0.1680462839341344,0.37605696484201157,0.455896751223854
0.3786842105263158,0.3701754385964912,0.0,0.23885964912280705,0.0,0.0,2003-05-19T01:59:55Z,ls7,qd9y5ct8ket9,0.2418294849023091,0.3747779751332149,0.38339253996447603
0.4837719298245614,0.22780701754385968,0.0,0.2754385964912281,0.0,0.0,2003-05-27T01:46:41Z,ls5,qd9y5ct8ket9,0.27906150017774617,0.23080341272662638,0.4901350870956274
0.4092105263157894,0.17938596491228073,0.0,0.40157894736842115,0.0,0.0,2003-06-12T01:46:58Z,ls5,qd9y5ct8ket9,0.40556343019135366,0.18116583982990786,0.41327072997873837
0.0,0.0,0.9035087719298246,0.0,0.0,1.0,2003-06-28T01:47:21Z,ls5,qd9y5ct8ket9,0.0,0.0,0.0
0.23,0.41272727272727283,0.9035087719298246,0.3463636363636364,0.0,0.0,2003-07-22T01:59:46Z,ls7,qd9y5ct8ket9,0.35018382352941174,0.4172794117647059,0.23253676470588233
0.1273684210526316,0.3614035087719298,0.0,0.49745614035087726,0.0,0.0,2003-07-30T01:47:55Z,ls5,qd9y5ct8ket9,0.5044027394823446,0.36645023570221463,0.12914702481544074
0.11948717948717949,0.35397435897435897,0.3157894736842105,0.5132051282051282,0.0,0.0,2003-08-07T01:59:37Z,ls7,qd9y5ct8ket9,0.5201403326403327,0.3587577962577963,0.12110187110187111
0.30000000000000004,0.2613157894736842,0.0,0.42710526315789477,0.0,0.0,2003-08-31T01:48:29Z,ls5,qd9y5ct8ket9,0.43210862619808305,0.2643769968051118,0.3035143769968051
0.29596491228070176,0.24947368421052632,0.0,0.4424561403508772,0.0,0.0,2003-09-16T01:48:45Z,ls5,qd9y5ct8ket9,0.44787781921505954,0.25253063399041026,0.29959154679453026
0.28245614035087724,0.2889473684210526,0.0,0.4162280701754386,0.0,0.0,2003-10-02T01:48:57Z,ls5,qd9y5ct8ket9,0.42144062527755577,0.29256594724220625,0.2859934274802381
,,1.0,,,,2003-10-10T01:59:17Z,ls7,qd9y5ct8ket9,,,
0.30587719298245614,0.3871052631578948,0.0,0.29368421052631577,0.0,0.0,2003-10-18T01:49:10Z,ls5,qd9y5ct8ket9,0.29765291607396865,0.3923364153627312,0.3100106685633001
0.25666666666666665,0.5299999999999999,0.9736842105263158,0.19999999999999998,0.0,0.0,2003-10-26T01:59:37Z,ls7,qd9y5ct8ket9,0.20270270270270271,0.5371621621621622,0.26013513513513514
0.26875,0.5361458333333332,0.1578947368421053,0.18083333333333337,0.0,0.0,2003-11-03T01:49:15Z,ls5,qd9y5ct8ket9,0.18345133678537467,0.5439078516326745,0.2726408115819508
0.3326262626262626,0.48757575757575766,0.13157894736842102,0.165959595959596,0.0,0.0,2003-11-11T01:59:45Z,ls7,qd9y5ct8ket9,0.16828843593157844,0.49441769947761965,0.33729386459080196
0.40906249999999994,0.4490625,0.1578947368421053,0.12739583333333335,0.0,0.0,2003-11-27T01:59:55Z,ls7,qd9y5ct8ket9,0.12926751928971572,0.4556600782158335,0.41507240249445093
,,1.0,,,,2003-12-05T01:49:45Z,ls5,qd9y5ct8ket9,,,
0.36872093023255814,0.4805813953488372,0.24561403508771928,0.13593023255813955,0.0,0.0,2003-12-13T02:00:00Z,ls7,qd9y5ct8ket9,0.13796766198512925,0.4877847279594004,0.3742476100554703
0.33824561403508774,0.5325438596491228,0.0,0.11473684210526318,0.0,0.0,2003-12-21T01:49:53Z,ls5,qd9y5ct8ket9,0.11642189586114823,0.5403649310191366,0.3432131731197152
0.34423076923076923,0.5032051282051282,0.3157894736842105,0.1388461538461539,0.0,0.0,2003-12-29T02:00:08Z,ls7,qd9y5ct8ket9,0.14077733004029644,0.5102040816326531,0.34901858832705057
0.3618604651162791,0.5034883720930232,0.24561403508771928,0.12058139534883722,0.0,0.0,2004-01-14T02:00:09Z,ls7,qd9y5ct8ket9,0.1223021582733813,0.5106734284703384,0.36702441325628027
0.36412280701754385,0.4978070175438596,0.0,0.12464912280701755,0.0,0.0,2004-01-22T01:50:03Z,ls5,qd9y5ct8ket9,0.1263448030585934,0.5045789988441362,0.3690761980972704
0.3856140350877193,0.4697368421052632,0.0,0.13052631578947368,0.0,0.0,2004-02-07T01:50:08Z,ls5,qd9y5ct8ket9,0.1323961206513035,0.47646587774713056,0.391138001601566
0.33922077922077926,0.4997402597402598,0.32456140350877194,0.14844155844155846,0.0,0.0,2004-02-15T02:00:21Z,ls7,qd9y5ct8ket9,0.15033539392345127,0.5061160068394055,0.34354859923714326
0.4245614035087719,0.4406140350877193,0.0,0.12070175438596492,0.0,0.0,2004-02-23T01:50:13Z,ls5,qd9y5ct8ket9,0.12243082124744195,0.44692588308568376,0.43064329566687426
0.41125000000000006,0.44072916666666667,0.1578947368421053,0.13416666666666668,0.0,0.0,2004-03-02T02:00:23Z,ls7,qd9y5ct8ket9,0.1360515474807225,0.44692088306749755,0.4170275694517799
0.47833333333333333,0.3777192982456141,0.0,0.1307017543859649,0.0,0.0,2004-03-10T01:50:18Z,ls5,qd9y5ct8ket9,0.13245621833051824,0.38278958129611523,0.4847542003733665
0.45150537634408594,0.4153763440860215,0.1842105263157895,0.11946236559139785,0.0,0.0,2004-03-18T02:00:30Z,ls7,qd9y5ct8ket9,0.12111631963370763,0.4211272211926306,0.4577564591736618
0.45456140350877194,0.4097368421052631,0.0,0.12324561403508773,0.0,0.0,2004-03-26T01:50:20Z,ls5,qd9y5ct8ket9,0.1248001421211583,0.4149049564753952,0.4602949014034464
0.3681818181818182,0.4903030303030303,0.13157894736842102,0.1288888888888889,0.0,0.0,2004-04-03T02:00:30Z,ls7,qd9y5ct8ket9,0.13053708439897696,0.4965728900255754,0.3728900255754476
0.4001754385964912,0.44728070175438606,0.0,0.13894736842105262,0.0,0.0,2004-04-11T01:50:47Z,ls5,qd9y5ct8ket9,0.14086260560248998,0.4534459759893287,0.40569141840818135
,,1.0,,,,2004-04-27T01:51:15Z,ls5,qd9y5ct8ket9,,,
0.471595744680851,0.4018085106382978,0.17543859649122806,0.11340425531914895,0.0,0.0,2004-05-05T02:00:25Z,ls7,qd9y5ct8ket9,0.1149202242345839,0.4071798188874515,0.47789995687796466
0.46043859649122804,0.34087719298245606,0.0,0.1849122807017544,0.0,0.0,2004-05-13T01:51:43Z,ls5,qd9y5ct8ket9,0.1874944409855021,0.34563728542204036,0.4668682735924576
0.25732558139534883,0.4319767441860465,0.24561403508771928,0.298953488372093,0.0,0.0,2004-05-21T02:00:25Z,ls7,qd9y5ct8ket9,0.30250617719731737,0.43711024826450173,0.260383574538181
0.3092105263157895,0.26298245614035093,0.0,0.41517543859649125,0.0,0.0,2004-05-29T01:52:10Z,ls5,qd9y5ct8ket9,0.4204868514570007,0.26634683724235964,0.31316631130063965
0.1170967741935484,0.33967741935483875,0.45614035087719296,0.2796774193548387,0.0,0.25806451612903225,2004-06-06T02:00:20Z,ls7,qd9y5ct8ket9,0.2817599932177525,0.34220677376965797,0.1179687168835573
0.14280701754385966,0.2664035087719298,0.0,0.578421052631579,0.0,0.0,2004-06-14T01:52:39Z,ls5,qd9y5ct8ket9,0.5856648014921396,0.2697397637445599,0.14459543476330047
0.0575,0.1925892857142857,0.01754385964912286,0.4191964285714286,0.008928571428571428,0.3125,2004-06-30T01:53:08Z,ls5,qd9y5ct8ket9,0.42501238755907916,0.19526128220765362,0.05829775880469585
0.0,0.0,0.6403508771929824,0.0,0.3170731707317073,0.6829268292682927,2004-07-08T02:00:14Z,ls7,qd9y5ct8ket9,0.0,0.0,0.0
0.18228070175438602,0.25271929824561407,0.0,0.5524561403508772,0.0,0.0,2004-07-16T01:53:34Z,ls5,qd9y5ct8ket9,0.5594741050013324,0.2559296437772053,0.18459625122146223
0.14837209302325582,0.2720930232558139,0.24561403508771928,0.566046511627907,0.0,0.0,2004-07-24T02:00:09Z,ls7,qd9y5ct8ket9,0.5737859500235738,0.2758132956152758,0.1504007543611504
0.0,0.0,0.9298245614035088,0.0,0.0,1.0,2004-08-01T01:53:55Z,ls5,qd9y5ct8ket9,0.0,0.0,0.0
0.2121505376344086,0.2452688172043011,0.1842105263157895,0.5296774193548387,0.0,0.0,2004-08-09T02:00:02Z,ls7,qd9y5ct8ket9,0.5366013071895425,0.2484749455337691,0.21492374727668848
,,1.0,,,,2004-08-17T01:54:17Z,ls5,qd9y5ct8ket9,,,
0.09764705882352942,0.4147058823529411,0.8508771929824561,0.4758823529411765,0.0,0.0,2004-08-25T02:00:01Z,ls7,qd9y5ct8ket9,0.4815476190476191,0.4196428571428571,0.09880952380952382
0.21587719298245614,0.24745614035087724,0.0,0.523421052631579,0.0,0.0,2004-09-02T01:54:43Z,ls5,qd9y5ct8ket9,0.530447150857854,0.2507778469197262,0.21877500222241975
0.21172043010752686,0.23806451612903223,0.1842105263157895,0.5370967741935483,0.0,0.0,2004-09-10T01:59:55Z,ls7,qd9y5ct8ket9,0.5442362170407496,0.24122902593157552,0.21453475702767488
0.27635514018691587,0.2202803738317757,0.06140350877192979,0.4898130841121494,0.0,0.0,2004-09-18T01:55:08Z,ls5,qd9y5ct8ket9,0.49654192325911883,0.22330648981525347,0.2801515869256277
0.02,0.052000000000000005,0.9122807017543859,0.028000000000000004,0.0,0.9,2004-09-26T01:59:50Z,ls7,qd9y5ct8ket9,0.02799999999999999,0.05199999999999998,0.01999999999999999
0.22228070175438594,0.38307017543859645,0.0,0.3826315789473684,0.0,0.0,2004-10-04T01:55:29Z,ls5,qd9y5ct8ket9,0.3872858030720057,0.38772973452898873,0.2249844623990056
0.23770114942528736,0.5077011494252873,0.23684210526315785,0.24160919540229883,0.0,0.0,2004-10-20T01:55:50Z,ls5,qd9y5ct8ket9,0.24478863398160006,0.5143822056597182,0.24082916035868174
0.23927835051546392,0.5625773195876289,0.14912280701754388,0.1851546391752577,0.0,0.0,2004-10-28T02:00:03Z,ls7,qd9y5ct8ket9,0.18759139335700856,0.569981199080844,0.2424274075621475
,,1.0,,,,2004-11-05T01:56:09Z,ls5,qd9y5ct8ket9,,,
0.2962626262626262,0.519090909090909,0.13157894736842102,0.1703030303030303,0.0,0.0,2004-11-13T02:00:10Z,ls7,qd9y5ct8ket9,0.17278130764500924,0.5266448042631687,0.30057388809182206
0.3185087719298246,0.5199122807017544,0.0,0.14657894736842106,0.0,0.0,2004-11-21T01:56:23Z,ls5,qd9y5ct8ket9,0.14881111407961528,0.5278297266007659,0.32335915931961884
0.14714285714285716,0.6628571428571429,0.9385964912280702,0.18142857142857144,0.0,0.0,2004-11-29T02:00:20Z,ls7,qd9y5ct8ket9,0.18299711815561961,0.6685878962536024,0.14841498559077812
0.33596491228070174,0.5432456140350878,0.0,0.10508771929824563,0.0,0.0,2004-12-07T01:56:46Z,ls5,qd9y5ct8ket9,0.10676410302112112,0.5519115943320559,0.34132430264682284
0.27313253012048194,0.6014457831325302,0.27192982456140347,0.11240963855421689,0.0,0.0,2004-12-15T02:00:26Z,ls7,qd9y5ct8ket9,0.1138916015625,0.6093749999999999,0.27673339843749994
0.32385964912280707,0.5685964912280702,0.0,0.09307017543859651,0.0,0.0,2004-12-23T01:57:03Z,ls5,qd9y5ct8ket9,0.09443702714730753,0.5769470404984424,0.32861593235425013
0.31499999999999995,0.5779591836734693,0.14035087719298245,0.09214285714285715,0.0,0.0,2004-12-31T02:00:35Z,ls7,qd9y5ct8ket9,0.09353635798632692,0.5866998135487881,0.319763828464885
0.3285087719298246,0.5631578947368421,0.0,0.09315789473684213,0.0,0.0,2005-01-08T01:57:15Z,ls5,qd9y5ct8ket9,0.0945933909325733,0.571835753095217,0.33357085597220987
0.3598795180722892,0.5027710843373494,0.27192982456140347,0.12301204819277109,0.0,0.0,2005-01-16T02:00:38Z,ls7,qd9y5ct8ket9,0.12480136902579146,0.51008434176751,0.3651142892066984
0.3357017543859649,0.5460526315789473,0.0,0.10403508771929826,0.0,0.0,2005-01-24T01:57:28Z,ls5,qd9y5ct8ket9,0.10553479266773448,0.5539241857981847,0.3405410215340808
0.3214772727272727,0.5647727272727273,0.22807017543859653,0.1,0.0,0.0,2005-02-01T02:00:42Z,ls7,qd9y5ct8ket9,0.10139416983523447,0.5726466182739947,0.3259592118907708
0.3548245614035087,0.5228947368421053,0.0,0.1086842105263158,0.0,0.0,2005-02-09T01:57:41Z,ls5,qd9y5ct8ket9,0.11018230324588707,0.5301022676745221,0.35971542907959086
,,1.0,,,,2005-02-17T02:00:51Z,ls7,qd9y5ct8ket9,,,
,,1.0,,,,2005-02-25T01:57:58Z,ls5,qd9y5ct8ket9,,,
,,1.0,,,,2005-03-13T01:58:10Z,ls5,qd9y5ct8ket9,,,
0.3410344827586207,0.520919540229885,0.23684210526315785,0.12344827586206897,0.0,0.0,2005-03-21T02:00:56Z,ls7,qd9y5ct8ket9,0.1252770325440336,0.5286364166569462,0.34608655079902023
0.332280701754386,0.5420175438596492,0.0,0.111140350877193,0.0,0.0,2005-03-29T01:58:17Z,ls5,qd9y5ct8ket9,0.11278262417660673,0.5500267046466085,0.33719067117678475
0.4242105263157894,0.46073684210526317,0.16666666666666663,0.1006315789473684,0.0,0.0,2005-04-06T02:00:52Z,ls7,qd9y5ct8ket9,0.102104026487237,0.4674783723165653,0.4304176011961978
0.40342105263157896,0.4714035087719298,0.0,0.11008771929824564,0.0,0.0,2005-04-14T01:58:21Z,ls5,qd9y5ct8ket9,0.11177413608835056,0.47862486640541496,0.40960099750623435
0.4021505376344086,0.48268817204301073,0.1842105263157895,0.10043010752688172,0.0,0.0,2005-04-22T02:00:46Z,ls7,qd9y5ct8ket9,0.10193168176361453,0.48990505293026293,0.4081632653061224
0.2928,0.4208,0.3421052631578947,0.27453333333333335,0.0,0.0,2005-05-08T02:00:51Z,ls7,qd9y5ct8ket9,0.27783025232762115,0.4258534610713804,0.2963162866009985
0.1928235294117647,0.24329411764705883,0.2543859649122807,0.5516470588235294,0.0,0.0,2005-05-24T02:00:50Z,ls7,qd9y5ct8ket9,0.5584802286803239,0.24630776560266793,0.19521200571700809
,,1.0,,,,2005-06-01T01:58:41Z,ls5,qd9y5ct8ket9,,,
0.0,0.0,0.8508771929824561,0.0,0.23529411764705882,0.7647058823529411,2005-06-17T01:58:48Z,ls5,qd9y5ct8ket9,0.0,0.0,0.0
0.12636363636363637,0.31766233766233765,0.32456140350877194,0.5433766233766235,0.0,0.0,2005-06-25T02:00:39Z,ls7,qd9y5ct8ket9,0.5503090885176904,0.3217151124556096,0.12797579902669998
0.5619999999999999,0.19899999999999998,0.9122807017543859,0.23399999999999999,0.0,0.0,2005-07-03T01:58:51Z,ls5,qd9y5ct8ket9,0.23517587939698495,0.2,0.5648241206030151
0.21011235955056182,0.26842696629213486,0.2192982456140351,0.5085393258426966,0.0,0.0,2005-07-11T02:00:40Z,ls7,qd9y5ct8ket9,0.515196357427433,0.2719408081957883,0.2128628343767786
0.24043859649122806,0.24929824561403507,0.0,0.4985964912280702,0.0,0.0,2005-07-19T01:59:02Z,ls5,qd9y5ct8ket9,0.5044821159137304,0.2522410579568652,0.24327682612940446
0.22947916666666668,0.26156250000000003,0.1578947368421053,0.4965625,0.0,0.0,2005-07-27T02:00:39Z,ls7,qd9y5ct8ket9,0.5027950638118341,0.26484548043455336,0.2323594557536125
0.27131578947368423,0.24552631578947368,0.0,0.4697368421052631,0.0,0.0,2005-08-04T01:59:11Z,ls5,qd9y5ct8ket9,0.47612696719125097,0.24886636436383036,0.27500666844491867
,,1.0,,,,2005-08-12T02:00:35Z,ls7,qd9y5ct8ket9,,,
0.2451754385964912,0.3090350877192983,0.0,0.4330701754385965,0.0,0.0,2005-08-20T01:59:17Z,ls5,qd9y5ct8ket9,0.4386494891159484,0.3130164371390493,0.2483340737450022
0.2702040816326531,0.26755102040816325,0.5701754385964912,0.45081632653061215,0.0,0.0,2005-08-28T02:00:28Z,ls7,qd9y5ct8ket9,0.4560280759702724,0.27064409578860443,0.27332782824112306
0.16666666666666666,0.4566666666666667,0.8947368421052632,0.3666666666666667,0.0,0.0,2005-09-05T01:59:21Z,ls5,qd9y5ct8ket9,0.37037037037037035,0.4612794612794613,0.16835016835016833
0.3262686567164179,0.35805970149253735,0.4122807017543859,0.3053731343283582,0.0,0.0,2005-10-07T01:59:18Z,ls5,qd9y5ct8ket9,0.3085507464937415,0.36178555270698237,0.3296637007992761
0.34438775510204084,0.3579591836734693,0.14035087719298245,0.28500000000000003,0.0,0.0,2005-10-15T02:00:21Z,ls7,qd9y5ct8ket9,0.28865233567589915,0.3625465068210003,0.3488011575031005
0.32359649122807016,0.4478070175438596,0.0,0.21464912280701756,0.0,0.0,2005-10-23T01:59:17Z,ls5,qd9y5ct8ket9,0.217685259318566,0.454141090650298,0.328173650031136
0.18259259259259258,0.5614814814814815,0.7631578947368421,0.242962962962963,0.0,0.0,2005-10-31T02:00:34Z,ls7,qd9y5ct8ket9,0.24615384615384614,0.5688555347091931,0.18499061913696058
0.3223469387755102,0.5054081632653061,0.14035087719298245,0.1576530612244898,0.0,0.0,2005-11-08T01:59:26Z,ls5,qd9y5ct8ket9,0.1599875737806772,0.5128922025473749,0.32712022367194776
0.29879120879120874,0.551098901098901,0.20175438596491224,0.13582417582417583,0.0,0.0,2005-11-16T02:00:44Z,ls7,qd9y5ct8ket9,0.13779264214046827,0.5590858416945373,0.30312151616499444
0.35570175438596485,0.5248245614035087,0.0,0.10500000000000002,0.0,0.0,2005-11-24T01:59:50Z,ls5,qd9y5ct8ket9,0.10654205607476638,0.5325322652425456,0.360925678682688
0.31662790697674414,0.5411627906976744,0.24561403508771928,0.12790697674418608,0.0,0.0,2005-12-02T02:00:50Z,ls7,qd9y5ct8ket9,0.1297628878140852,0.5490149817152294,0.3212221304706854
0.3846391752577319,0.49938144329896905,0.14912280701754388,0.10216494845360825,0.0,0.0,2005-12-18T02:00:52Z,ls7,qd9y5ct8ket9,0.10359606941250263,0.5063767509931005,0.39002717959439676
0.48530612244897964,0.4261224489795919,0.14035087719298245,0.0760204081632653,0.0,0.0,2006-01-19T02:01:09Z,ls7,qd9y5ct8ket9,0.07698666942234161,0.4315387000103338,0.49147463056732454
0.4964912280701754,0.39771929824561403,0.0,0.09219298245614037,0.0,0.0,2006-01-27T02:01:20Z,ls5,qd9y5ct8ket9,0.09346376167185418,0.40320142285460203,0.5033348154735438
0.5527659574468086,0.3458510638297872,0.17543859649122806,0.08893617021276597,0.0,0.0,2006-02-04T02:01:15Z,ls7,qd9y5ct8ket9,0.09005709361197889,0.3502100614025638,0.5597328449854574
0.49824561403508777,0.39526315789473687,0.0,0.09438596491228071,0.0,0.0,2006-02-12T02:01:42Z,ls5,qd9y5ct8ket9,0.09554253240987391,0.40010655301012255,0.5043509145800036
0.5225263157894736,0.37705263157894736,0.16666666666666663,0.09000000000000001,0.0,0.0,2006-02-20T02:01:19Z,ls7,qd9y5ct8ket9,0.09094777151366877,0.381023295394107,0.5280289330922242
0.495701754385965,0.3975438596491228,0.0,0.09394736842105264,0.0,0.0,2006-02-28T02:02:02Z,ls5,qd9y5ct8ket9,0.09516616314199396,0.4027012617735916,0.5021325750844144
0.5283333333333333,0.3564583333333334,0.1578947368421053,0.10416666666666667,0.0,0.0,2006-03-08T02:01:20Z,ls7,qd9y5ct8ket9,0.10532968190436065,0.3604381714767222,0.5342321466189172
0.35866666666666663,0.58,0.868421052631579,0.05,0.0,0.0,2006-04-09T02:01:17Z,ls7,qd9y5ct8ket9,0.050573162508428866,0.5866486850977748,0.36277815239379635
0.6670175438596492,0.22657894736842105,0.0,0.09447368421052632,0.0,0.0,2006-04-17T02:02:57Z,ls5,qd9y5ct8ket9,0.09561434659090909,0.22931463068181818,0.6750710227272727
0.6445161290322581,0.24376344086021504,0.1842105263157895,0.10139784946236559,0.0,0.0,2006-04-25T02:01:16Z,ls7,qd9y5ct8ket9,0.1024554541503694,0.24630595393307253,0.651238591916558
0.5704385964912281,0.3164912280701755,0.0,0.10017543859649124,0.0,0.0,2006-05-03T02:03:12Z,ls5,qd9y5ct8ket9,0.10148404869812494,0.32062561094819164,0.5778903403536835
0.598961038961039,0.2687012987012987,0.32456140350877194,0.12142857142857144,0.0,0.0,2006-05-11T02:01:18Z,ls7,qd9y5ct8ket9,0.12276785714285714,0.27166491596638653,0.6055672268907563
0.6003508771929825,0.27789473684210525,0.0,0.11043859649122807,0.0,0.0,2006-05-19T02:03:24Z,ls5,qd9y5ct8ket9,0.11170259959187294,0.281075326058025,0.6072220743501021
0.6004395604395605,0.2520879120879121,0.20175438596491224,0.13615384615384615,0.0,0.0,2006-05-27T02:01:18Z,ls7,qd9y5ct8ket9,0.13771257085695232,0.254973880182283,0.6073135489607647
0.5943859649122806,0.27166666666666667,0.0,0.12078947368421052,0.0,0.0,2006-06-04T02:03:39Z,ls5,qd9y5ct8ket9,0.12240000000000001,0.2752888888888889,0.602311111111111
0.6706315789473684,0.21305263157894733,0.16666666666666663,0.10736842105263157,0.0,0.0,2006-06-12T02:01:15Z,ls7,qd9y5ct8ket9,0.10833775889537972,0.21497610196494954,0.6766861391396708
0.07333333333333335,0.7399999999999999,0.9473684210526316,0.18000000000000002,0.0,0.0,2006-06-20T02:03:53Z,ls5,qd9y5ct8ket9,0.18120805369127518,0.7449664429530201,0.07382550335570472
0.6221052631578947,0.2436842105263158,0.0,0.12280701754385964,0.0,0.0,2006-07-06T02:04:08Z,ls5,qd9y5ct8ket9,0.12422360248447205,0.24649511978704527,0.6292812777284827
0.5955882352941178,0.29602941176470593,0.4035087719298246,0.095,0.0,0.0,2006-07-14T02:01:02Z,ls7,qd9y5ct8ket9,0.09628856759576686,0.30004471605306304,0.6036667163511701
0.4325438596491228,0.3360526315789473,0.0,0.21763157894736845,0.0,0.0,2006-07-22T02:04:21Z,ls5,qd9y5ct8ket9,0.22067063950902788,0.34074535266387973,0.4385840078270924
0.5120833333333333,0.20812499999999998,0.1578947368421053,0.26885416666666667,0.0,0.0,2006-07-30T02:00:56Z,ls7,qd9y5ct8ket9,0.2718272775144813,0.21042654028436017,0.5177461822011585
0.19692982456140354,0.2967543859649123,0.0,0.4933333333333334,0.0,0.0,2006-08-23T02:04:45Z,ls5,qd9y5ct8ket9,0.49982225382154283,0.3006576608602915,0.19952008531816567
0.29847457627118645,0.11016949152542373,0.48245614035087714,0.5286440677966101,0.0,0.05084745762711865,2006-09-16T02:00:46Z,ls7,qd9y5ct8ket9,0.5353357648573267,0.111564042051062,0.3022527354644926
0.3274561403508772,0.2540350877192982,0.0,0.40666666666666673,0.0,0.0,2006-09-24T02:05:09Z,ls5,qd9y5ct8ket9,0.41154016866400356,0.2570794496227252,0.33138038171327117
0.3303225806451613,0.33892473118279576,0.1842105263157895,0.31731182795698926,0.0,0.0,2006-10-02T02:00:39Z,ls7,qd9y5ct8ket9,0.3216348773841962,0.34354223433242514,0.33482288828337875
0.35912280701754384,0.4048245614035088,0.0,0.2225438596491228,0.0,0.0,2006-10-10T02:05:19Z,ls5,qd9y5ct8ket9,0.2255913213587053,0.4103681308909835,0.3640405477503112
0.3614583333333334,0.4289583333333334,0.1578947368421053,0.19697916666666668,0.0,0.0,2006-10-18T02:00:46Z,ls7,qd9y5ct8ket9,0.19949361747019725,0.43443401202658505,0.3660723705032176
0.33403508771929824,0.4875438596491228,0.0,0.16403508771929828,0.0,0.0,2006-10-26T02:05:29Z,ls5,qd9y5ct8ket9,0.1664293342826629,0.49466002135991455,0.3389106443574226
0.3274358974358974,0.4962820512820513,0.3157894736842105,0.1634615384615385,0.0,0.0,2006-11-03T02:01:01Z,ls7,qd9y5ct8ket9,0.1655844155844156,0.5027272727272728,0.3316883116883117
0.20166666666666666,0.595,0.9473684210526316,0.19666666666666668,0.0,0.0,2006-11-11T02:05:37Z,ls5,qd9y5ct8ket9,0.19798657718120807,0.5989932885906041,0.20302013422818793
0.3210344827586206,0.551896551724138,0.49122807017543857,0.11396551724137932,0.0,0.0,2006-11-19T02:01:13Z,ls7,qd9y5ct8ket9,0.11547868623340322,0.5592243186582809,0.3252969951083158
0.333421052631579,0.5428070175438596,0.0,0.10912280701754386,0.0,0.0,2006-11-27T02:05:46Z,ls5,qd9y5ct8ket9,0.11074512596812962,0.5508768806196029,0.3383779934122675
0.309875,0.5635,0.29824561403508776,0.11299999999999999,0.0,0.0,2006-12-05T02:01:21Z,ls7,qd9y5ct8ket9,0.11456089215562032,0.5712837409707261,0.31415536687365353
0.36385964912280705,0.536578947368421,0.0,0.08473684210526317,0.0,0.0,2006-12-13T02:05:54Z,ls5,qd9y5ct8ket9,0.08601193126168641,0.5446531920576975,0.36933487668061615
0.0,0.94,0.9912280701754386,0.06,0.0,0.0,2006-12-21T02:01:26Z,ls7,qd9y5ct8ket9,0.06,0.94,0.0
0.4054385964912281,0.5185964912280702,0.0,0.06385964912280702,0.0,0.0,2006-12-29T02:06:01Z,ls5,qd9y5ct8ket9,0.06464215947433848,0.5249511632036937,0.4104066773219677
0.40468085106382995,0.5237234042553192,0.17543859649122806,0.06010638297872341,0.0,0.0,2007-01-06T02:01:27Z,ls7,qd9y5ct8ket9,0.06080499354283254,0.5298105897546276,0.4093844167025399
0.4232456140350877,0.5019298245614036,0.0,0.06280701754385964,0.0,0.0,2007-01-14T02:06:07Z,ls5,qd9y5ct8ket9,0.06357098463997157,0.5080351593713931,0.4283938559886353
0.4224358974358974,0.4980769230769231,0.3157894736842105,0.0673076923076923,0.0,0.0,2007-01-22T02:01:30Z,ls7,qd9y5ct8ket9,0.06813757300454251,0.5042180402336146,0.4276443867618429
0.42412280701754385,0.4957017543859649,0.0,0.06640350877192983,0.0,0.0,2007-01-30T02:06:11Z,ls5,qd9y5ct8ket9,0.06733078359868362,0.5026238548430134,0.4300453615583029
0.43684782608695655,0.493804347826087,0.19298245614035092,0.05695652173913044,0.0,0.0,2007-02-07T02:01:37Z,ls7,qd9y5ct8ket9,0.05767114241690514,0.5000000000000001,0.4423288575830949
0.4428070175438597,0.47210526315789475,0.0,0.07052631578947369,0.0,0.0,2007-02-15T02:06:13Z,ls5,qd9y5ct8ket9,0.07156845291080648,0.4790813601566672,0.44935018693252626
0.4490425531914893,0.4709574468085106,0.17543859649122806,0.06595744680851064,0.0,0.0,2007-02-23T02:01:42Z,ls7,qd9y5ct8ket9,0.06689684937419077,0.4776650841605524,0.45543806646525675
0.4622807017543859,0.44999999999999996,0.0,0.07464912280701755,0.0,0.0,2007-03-03T02:06:12Z,ls5,qd9y5ct8ket9,0.07563772109145855,0.45595947026930944,0.4684028086392321
0.4847126436781609,0.42229885057471267,0.23684210526315785,0.07942528735632184,0.0,0.0,2007-03-11T02:01:45Z,ls7,qd9y5ct8ket9,0.0805173619202983,0.42810533675134,0.49137730132836166
0.3828571428571429,0.5035714285714287,0.8771929824561404,0.10214285714285713,0.0,0.0,2007-03-19T02:06:09Z,ls5,qd9y5ct8ket9,0.1033236994219653,0.5093930635838151,0.3872832369942197
0.5494897959183673,0.36571428571428566,0.14035087719298245,0.07193877551020408,0.0,0.0,2007-03-27T02:01:46Z,ls7,qd9y5ct8ket9,0.07287574943146578,0.3704775687409551,0.556646681827579
0.4359649122807017,0.4760526315789474,0.0,0.07605263157894739,0.0,0.0,2007-04-04T02:06:06Z,ls5,qd9y5ct8ket9,0.07697088068181819,0.48180042613636365,0.4412286931818181
,,1.0,,,,2007-04-12T02:01:45Z,ls7,qd9y5ct8ket9,,,
0.6162886597938144,0.31649484536082473,0.14912280701754388,0.05484536082474227,0.0,0.0,2007-04-20T02:06:00Z,ls5,qd9y5ct8ket9,0.055532359081419624,0.32045929018789143,0.6240083507306889
0.5987755102040817,0.3195918367346938,0.14035087719298245,0.07,0.0,0.0,2007-04-28T02:01:42Z,ls7,qd9y5ct8ket9,0.07082386950237457,0.3233532934131736,0.6058228370844518
0.5870526315789474,0.31599999999999995,0.16666666666666663,0.08326315789473686,0.0,0.0,2007-05-14T02:01:37Z,ls7,qd9y5ct8ket9,0.08441835645677696,0.3203842049092849,0.595197438633938
0.5571052631578948,0.35201754385964906,0.0,0.07798245614035088,0.0,0.0,2007-05-22T02:05:41Z,ls5,qd9y5ct8ket9,0.07900115524748956,0.35661601350750904,0.5643828312450014
0.5315384615384616,0.36021978021978024,0.20175438596491224,0.09549450549450551,0.0,0.0,2007-05-30T02:01:29Z,ls7,qd9y5ct8ket9,0.09672751558325914,0.36487088156723063,0.5384016028495102
0.532,0.3855,0.4736842105263158,0.067,0.0,0.0,2007-06-15T02:01:30Z,ls7,qd9y5ct8ket9,0.06805485017775521,0.39156932453021837,0.5403758252920264
0.005,0.659,0.8245614035087719,0.23200000000000004,0.0,0.1,2007-06-23T02:05:08Z,ls5,qd9y5ct8ket9,0.23303571428571432,0.6619419642857143,0.005022321428571429
,,1.0,,,,2007-07-01T02:01:29Z,ls7,qd9y5ct8ket9,,,
0.5071929824561404,0.2864035087719299,0.0,0.1919298245614035,0.0,0.0,2007-07-09T02:04:57Z,ls5,qd9y5ct8ket9,0.19474855362705829,0.2906097018246551,0.5146417445482866
0.53625,0.21927083333333333,0.1578947368421053,0.23135416666666667,0.0,0.0,2007-07-17T02:01:26Z,ls7,qd9y5ct8ket9,0.23443107451973824,0.22218703820983746,0.5433818872704244
,,1.0,,,,2007-07-25T02:04:49Z,ls5,qd9y5ct8ket9,,,
0.11340659340659341,0.3535164835164835,0.20175438596491224,0.5196703296703297,0.0,0.0,2007-08-02T02:01:21Z,ls7,qd9y5ct8ket9,0.5267320115838716,0.35832033860548,0.11494764981064824
0.17333333333333334,0.38666666666666666,0.9736842105263158,0.4266666666666667,0.0,0.0,2007-08-10T02:04:40Z,ls5,qd9y5ct8ket9,0.43243243243243246,0.3918918918918919,0.17567567567567569
0.23333333333333336,0.18645161290322582,0.1842105263157895,0.5683870967741935,0.0,0.0,2007-08-18T02:01:15Z,ls7,qd9y5ct8ket9,0.5751904243743198,0.18868335146898801,0.23612622415669207
0.24666666666666665,0.3181666666666667,0.4736842105263158,0.4256666666666666,0.0,0.0,2007-08-26T02:04:30Z,ls5,qd9y5ct8ket9,0.4297492848729597,0.3212182399461552,0.24903247518088506
,,1.0,,,,2007-09-02T02:10:36Z,ls5,qd9y5ct8ket9,,,
0.234375,0.23666666666666666,0.1578947368421053,0.5161458333333334,0.0,0.0,2007-09-03T02:01:08Z,ls7,qd9y5ct8ket9,0.5228447821040414,0.23973831381238786,0.23741690408357072
0.27037037037037037,0.20962962962962964,0.7631578947368421,0.3625925925925926,0.0,0.14814814814814814,2007-09-11T02:04:22Z,ls5,qd9y5ct8ket9,0.3665771265771266,0.21193325193325194,0.27334147334147335
0.35192307692307695,0.17000000000000004,0.3157894736842105,0.46653846153846157,0.0,0.0,2007-09-19T02:01:02Z,ls7,qd9y5ct8ket9,0.47198443579766536,0.1719844357976654,0.3560311284046693
0.245,0.37684782608695655,0.19298245614035092,0.36641304347826087,0.0,0.0,2007-10-05T02:00:53Z,ls7,qd9y5ct8ket9,0.3707655081390233,0.3813242410910691,0.2479102507699076
0.2434666666666667,0.44813333333333344,0.3421052631578947,0.29506666666666664,0.0,0.0,2007-10-21T02:01:06Z,ls7,qd9y5ct8ket9,0.299054054054054,0.4541891891891892,0.24675675675675676
0.2608045977011494,0.5339080459770116,0.23684210526315785,0.192183908045977,0.0,0.0,2007-11-06T02:01:16Z,ls7,qd9y5ct8ket9,0.1947356161192639,0.540996971814582,0.2642674120661542
,,1.0,,,,2007-11-22T02:01:25Z,ls7,qd9y5ct8ket9,,,
0.2604705882352941,0.5762352941176472,0.2543859649122807,0.1502352941176471,0.0,0.0,2007-12-08T02:01:31Z,ls7,qd9y5ct8ket9,0.1522231493622601,0.5838598164262725,0.26391703421146734
0.321505376344086,0.5635483870967741,0.1842105263157895,0.10118279569892476,0.0,0.0,2007-12-24T02:01:34Z,ls7,qd9y5ct8ket9,0.10259485390318364,0.571412996075011,0.32599215002180554
0.32235294117647056,0.5411764705882353,0.2543859649122807,0.12270588235294118,0.0,0.0,2008-01-09T02:01:36Z,ls7,qd9y5ct8ket9,0.12441846594297984,0.5487295717523559,0.3268519623046642
0.28491228070175434,0.6053508771929825,0.0,0.09701754385964913,0.0,0.0,2008-01-17T02:02:20Z,ls5,qd9y5ct8ket9,0.09826743669480231,0.6131497112394492,0.2885828520657485
0.2814545454545455,0.5720000000000001,0.5175438596491229,0.13454545454545455,0.0,0.0,2008-01-24T02:08:22Z,ls5,qd9y5ct8ket9,0.13617960986382038,0.5789473684210527,0.284873021715127
0.29085106382978726,0.5861702127659575,0.17543859649122806,0.10851063829787236,0.0,0.0,2008-01-25T02:01:35Z,ls7,qd9y5ct8ket9,0.1101036269430052,0.5947754749568221,0.2951208981001727
0.3078070175438597,0.5757017543859648,0.0,0.10201754385964913,0.0,0.0,2008-02-02T02:02:03Z,ls5,qd9y5ct8ket9,0.10351579884290167,0.5841566533155318,0.31232754784156663
0.32000000000000006,0.5178947368421053,0.5,0.15789473684210525,0.0,0.0,2008-02-09T02:08:07Z,ls5,qd9y5ct8ket9,0.15856236786469344,0.5200845665961945,0.3213530655391121
0.3548979591836735,0.5182653061224489,0.14035087719298245,0.1136734693877551,0.0,0.0,2008-02-10T02:01:32Z,ls7,qd9y5ct8ket9,0.11518974252921105,0.5251783683176506,0.35963188915313826
0.3242857142857143,0.5890816326530612,0.14035087719298245,0.07367346938775511,0.0,0.0,2008-02-18T02:01:46Z,ls5,qd9y5ct8ket9,0.07464075261035874,0.5968158792515249,0.3285433681381164
0.38327272727272726,0.568,0.5175438596491229,0.03545454545454546,0.0,0.0,2008-02-26T02:01:28Z,ls7,qd9y5ct8ket9,0.03593145384190161,0.5756403169338492,0.38842822922424913
0.4822916666666666,0.3992708333333334,0.1578947368421053,0.10614583333333333,0.0,0.0,2008-03-13T02:01:22Z,ls7,qd9y5ct8ket9,0.10746677916051464,0.4042396118962245,0.48829360894326085
0.4640243902439024,0.4018292682926829,0.2807017543859649,0.12085365853658536,0.0,0.0,2008-03-29T02:01:23Z,ls7,qd9y5ct8ket9,0.12248176986775429,0.407242615251514,0.47027561488073166
0.6366666666666666,0.24583333333333335,0.1578947368421053,0.1046875,0.0,0.0,2008-04-14T02:01:22Z,ls7,qd9y5ct8ket9,0.10604621715732829,0.24902395272765648,0.6449298301150153
0.06317647058823529,0.7078823529411764,0.2543859649122807,0.21788235294117647,0.0,0.0,2008-04-30T02:01:19Z,ls7,qd9y5ct8ket9,0.2203188198905544,0.7157982393528433,0.06388294075660243
0.5519512195121952,0.279390243902439,0.2807017543859649,0.15475609756097564,0.0,0.0,2008-05-16T02:01:14Z,ls7,qd9y5ct8ket9,0.1569379173880782,0.2833292109819441,0.5597328716299778
0.144375,0.5826041666666667,0.1578947368421053,0.26083333333333336,0.0,0.0,2008-06-01T02:01:06Z,ls7,qd9y5ct8ket9,0.264051460508278,0.589792259833386,0.14615627965833597
0.15479591836734696,0.44867346938775515,0.14035087719298245,0.3839795918367348,0.0,0.0,2008-06-17T02:00:57Z,ls7,qd9y5ct8ket9,0.3888601839413041,0.4543763563087733,0.15676345974992248
0.2603157894736842,0.25652631578947366,0.16666666666666663,0.469578947368421,0.0,0.0,2008-07-03T02:00:47Z,ls7,qd9y5ct8ket9,0.47604311172767044,0.26005762458649023,0.2638992636858393
0.15080459770114943,0.21942528735632183,0.23684210526315785,0.44689655172413795,0.0,0.1724137931034483,2008-07-19T02:00:35Z,ls7,qd9y5ct8ket9,0.4526171293309598,0.22223407919053553,0.1527349983750564
0.22746666666666665,0.2288,0.3421052631578947,0.5326666666666666,0.0,0.0,2008-08-04T02:00:28Z,ls7,qd9y5ct8ket9,0.5386274774167453,0.23136038829715522,0.2300121342860995
0.34058139534883713,0.22441860465116276,0.24561403508771928,0.42290697674418604,0.0,0.0,2008-08-20T02:00:22Z,ls7,qd9y5ct8ket9,0.42808380414312625,0.22716572504708096,0.3447504708097928
0.4247619047619048,0.18333333333333335,0.4473684210526315,0.38063492063492066,0.0,0.0,2008-09-05T02:00:14Z,ls7,qd9y5ct8ket9,0.38497351099694976,0.18542302135174185,0.4296034676513084
0.3856626506024096,0.34325301204819275,0.27192982456140347,0.25903614457831325,0.0,0.0,2008-10-07T01:59:55Z,ls7,qd9y5ct8ket9,0.26219512195121947,0.3474390243902439,0.39036585365853654
0.5066666666666666,0.2786842105263158,0.0,0.20271929824561402,0.0,0.0,2008-10-15T01:55:20Z,ls5,qd9y5ct8ket9,0.2051669034090909,0.28204900568181823,0.5127840909090908
,,1.0,,,,2008-10-23T02:00:03Z,ls7,qd9y5ct8ket9,,,
0.519561403508772,0.3300877192982456,0.0,0.1367543859649123,0.0,0.0,2008-10-31T01:54:47Z,ls5,qd9y5ct8ket9,0.13863939528679414,0.33463761671854153,0.5267229879946643
0.4895789473684211,0.3622105263157894,0.16666666666666663,0.1342105263157895,0.0,0.0,2008-11-08T02:00:18Z,ls7,qd9y5ct8ket9,0.1361161524500908,0.3673534749653037,0.4965303725846056
0.5261403508771929,0.33850877192982454,0.0,0.12192982456140353,0.0,0.0,2008-11-16T01:54:32Z,ls5,qd9y5ct8ket9,0.12358851249222018,0.3431137192140126,0.5332977682937672
0.02404040404040404,0.7849494949494951,0.13157894736842102,0.18232323232323236,0.0,0.0,2008-11-24T02:00:30Z,ls7,qd9y5ct8ket9,0.18392092928469533,0.791828000815162,0.024251069900142648
0.30000000000000004,0.425,0.9824561403508771,0.26,0.0,0.0,2008-12-02T01:55:04Z,ls5,qd9y5ct8ket9,0.2639593908629441,0.4314720812182741,0.30456852791878175
0.003608247422680412,0.7835051546391752,0.14912280701754388,0.20597938144329897,0.0,0.0,2008-12-10T02:00:41Z,ls7,qd9y5ct8ket9,0.20741202117720337,0.7889546351084813,0.003633343714315374
0.574122807017544,0.32342105263157894,0.0,0.09096491228070176,0.0,0.0,2008-12-18T01:55:33Z,ls5,qd9y5ct8ket9,0.09202236223267371,0.32718076138077906,0.5807968763865473
0.4953684210526316,0.4050526315789474,0.16666666666666663,0.08663157894736842,0.0,0.0,2008-12-26T02:00:49Z,ls7,qd9y5ct8ket9,0.08776794283886104,0.41036578863175854,0.5018662685293804
0.504298245614035,0.39324561403508773,0.0,0.09052631578947369,0.0,0.0,2009-01-03T01:55:59Z,ls5,qd9y5ct8ket9,0.09161931818181819,0.39799360795454547,0.5103870738636364
0.5235051546391752,0.37020618556701035,0.14912280701754388,0.09329896907216495,0.0,0.0,2009-01-11T02:00:55Z,ls7,qd9y5ct8ket9,0.0945268435345728,0.37507833716315025,0.5303948193022769
0.5456470588235294,0.3325882352941177,0.2543859649122807,0.10776470588235294,0.0,0.0,2009-02-12T02:01:07Z,ls7,qd9y5ct8ket9,0.1092948335520821,0.337310583462594,0.553394582985324
0.5699122807017544,0.3156140350877193,0.0,0.10263157894736843,0.0,0.0,2009-02-20T01:57:14Z,ls5,qd9y5ct8ket9,0.10386151797603196,0.3193963604083444,0.5767421216156235
,,1.0,,,,2009-02-28T02:01:16Z,ls7,qd9y5ct8ket9,,,
0.5877777777777777,0.28740740740740744,0.2894736842105263,0.11407407407407408,0.0,0.0,2009-03-16T02:01:24Z,ls7,qd9y5ct8ket9,0.11531261699737926,0.2905278921752153,0.5941594908274054
,,1.0,,,,2009-03-24T01:57:59Z,ls5,qd9y5ct8ket9,,,
0.6640860215053763,0.22290322580645158,0.1842105263157895,0.10344086021505378,0.0,0.0,2009-04-01T02:01:30Z,ls7,qd9y5ct8ket9,0.1044403430680708,0.22505699706872218,0.670502659863207
0.5980412371134021,0.2841237113402062,0.14912280701754388,0.10845360824742267,0.0,0.0,2009-04-17T02:01:35Z,ls7,qd9y5ct8ket9,0.10948069518160057,0.28681444479134144,0.6037048600270579
0.626140350877193,0.2468421052631579,0.0,0.11701754385964912,0.0,0.0,2009-04-25T01:58:37Z,ls5,qd9y5ct8ket9,0.11819953925217083,0.24933545986177566,0.6324650008860535
0.6314285714285715,0.24142857142857146,0.20175438596491224,0.11813186813186813,0.0,0.0,2009-05-03T02:01:39Z,ls7,qd9y5ct8ket9,0.11920603237968506,0.24362386338434244,0.6371701042359725
0.5856190476190476,0.3031428571428571,0.07894736842105265,0.10123809523809525,0.0,0.0,2009-05-11T01:58:55Z,ls5,qd9y5ct8ket9,0.10226070226070227,0.30620490620490615,0.5915343915343915
0.5996808510638298,0.2843617021276596,0.17543859649122806,0.10446808510638299,0.0,0.0,2009-05-19T02:01:41Z,ls7,qd9y5ct8ket9,0.1056823073611709,0.2876668101592768,0.6066508824795523
0.2423943661971831,0.5774647887323943,0.3771929824561403,0.16830985915492958,0.0,0.0,2009-06-04T02:01:41Z,ls7,qd9y5ct8ket9,0.17032497149372863,0.5843785632839223,0.24529646522234894
0.0,0.0,0.5350877192982456,0.0,0.32075471698113206,0.6792452830188679,2009-06-20T02:01:39Z,ls7,qd9y5ct8ket9,0.0,0.0,0.0
0.21175438596491228,0.35263157894736846,0.0,0.4228070175438597,0.0,0.0,2009-06-28T01:59:47Z,ls5,qd9y5ct8ket9,0.4282921627865648,0.3572063266394171,0.21450151057401812
0.31350877192982457,0.1912280701754386,0.0,0.48315789473684206,0.0,0.0,2009-07-14T02:00:04Z,ls5,qd9y5ct8ket9,0.4890783164624401,0.19357130172260703,0.317350381814953
0.10278688524590164,0.16508196721311477,0.4649122807017544,0.5431147540983606,0.0,0.18032786885245902,2009-07-22T02:01:32Z,ls7,qd9y5ct8ket9,0.5489334486540941,0.1668505833971243,0.10388809909632268
0.10815789473684212,0.32052631578947366,0.33333333333333337,0.5452631578947368,0.0,0.013157894736842105,2009-08-07T02:01:26Z,ls7,qd9y5ct8ket9,0.552482259417796,0.3247699768199206,0.10958986902544122
,,1.0,,,,2009-08-15T02:00:33Z,ls5,qd9y5ct8ket9,,,
,,1.0,,,,2009-08-23T02:01:25Z,ls7,qd9y5ct8ket9,,,
0.21789473684210528,0.2553508771929825,0.0,0.5145614035087719,0.0,0.0,2009-08-31T02:00:47Z,ls5,qd9y5ct8ket9,0.5209128851789361,0.25850279726489656,0.2205843175561673
0.1654081632653061,0.26979591836734695,0.14035087719298245,0.4720408163265306,0.0,0.08163265306122448,2009-09-08T02:01:24Z,ls7,qd9y5ct8ket9,0.47782784241803794,0.2731035052644385,0.16743599925629907
,,1.0,,,,2009-09-16T02:01:00Z,ls5,qd9y5ct8ket9,,,
0.2835555555555555,0.2625555555555556,0.21052631578947367,0.44188888888888883,0.0,0.0,2009-09-24T02:01:23Z,ls7,qd9y5ct8ket9,0.44725596041385507,0.2657444894287,0.2869995501574448
0.2709649122807018,0.3493859649122807,0.0,0.3663157894736842,0.0,0.0,2009-10-02T02:01:12Z,ls5,qd9y5ct8ket9,0.37126600284495015,0.3541073968705547,0.27462660028449504
,,1.0,,,,2009-10-10T02:01:17Z,ls7,qd9y5ct8ket9,,,
0.23801980198019804,0.48930693069306924,0.11403508771929827,0.26009900990099005,0.0,0.0,2009-10-18T02:01:22Z,ls5,qd9y5ct8ket9,0.26341121026772285,0.49553795247167354,0.24105083726060367
0.2831578947368421,0.5111403508771929,0.0,0.19298245614035087,0.0,0.0,2009-11-03T02:01:30Z,ls5,qd9y5ct8ket9,0.19546868058640604,0.5177254553531764,0.28680586406041764
,,1.0,,,,2009-11-11T02:01:48Z,ls7,qd9y5ct8ket9,,,
0.09210526315789473,0.7728947368421053,0.6666666666666667,0.12236842105263158,0.0,0.0,2009-11-19T02:01:37Z,ls5,qd9y5ct8ket9,0.12393390191897656,0.7827825159914713,0.09328358208955223
0.28742268041237107,0.5590721649484535,0.14912280701754388,0.1409278350515464,0.0,0.0,2009-11-27T02:01:59Z,ls7,qd9y5ct8ket9,0.1427229066610984,0.5661933597828357,0.291083733556066
0.2916666666666667,0.570877192982456,0.0,0.12359649122807019,0.0,0.0,2009-12-05T02:01:46Z,ls5,qd9y5ct8ket9,0.12533357053905003,0.5789005515032911,0.29576587795765885
0.27,0.64,0.9912280701754386,0.08,0.0,0.0,2009-12-13T02:02:11Z,ls7,qd9y5ct8ket9,0.08080808080808081,0.6464646464646465,0.27272727272727276
0.2857446808510638,0.5954255319148936,0.17543859649122806,0.10468085106382981,0.0,0.0,2009-12-29T02:02:29Z,ls7,qd9y5ct8ket9,0.1061832308190353,0.603971080176972,0.2898456890039926
0.31101010101010096,0.5584848484848486,0.13157894736842102,0.11727272727272728,0.0,0.0,2010-01-14T02:02:44Z,ls7,qd9y5ct8ket9,0.1188453270549698,0.5659739993858123,0.31518067355921786
0.307719298245614,0.5564912280701754,0.0,0.12131578947368422,0.0,0.0,2010-01-22T02:02:03Z,ls5,qd9y5ct8ket9,0.1230974632843792,0.5646639964396973,0.31223854027592346
0.2917171717171717,0.5775757575757575,0.13157894736842102,0.11616161616161617,0.0,0.0,2010-01-30T02:02:58Z,ls7,qd9y5ct8ket9,0.11787617876178764,0.58610086100861,0.29602296022960234
0.228936170212766,0.6259574468085106,0.17543859649122806,0.13095744680851065,0.0,0.0,2010-02-15T02:03:09Z,ls7,qd9y5ct8ket9,0.13283694831121184,0.6349411891658573,0.23222186252293087
0.32447368421052625,0.5332456140350876,0.0,0.12859649122807018,0.0,0.0,2010-02-23T02:02:10Z,ls5,qd9y5ct8ket9,0.13038064745642122,0.5406438989683386,0.3289754535752401
0.30484848484848487,0.5384848484848485,0.13157894736842102,0.14272727272727276,0.0,0.0,2010-03-03T02:03:17Z,ls7,qd9y5ct8ket9,0.14474492931776278,0.5460971112476951,0.3091579594345421
,,1.0,,,,2010-03-19T02:03:23Z,ls7,qd9y5ct8ket9,,,
0.15608695652173912,0.7373913043478261,0.7982456140350878,0.09130434782608696,0.0,0.0,2010-04-04T02:03:27Z,ls7,qd9y5ct8ket9,0.09271523178807947,0.7487858719646799,0.15849889624724062
,,1.0,,,,2010-04-20T02:03:27Z,ls7,qd9y5ct8ket9,,,
,,1.0,,,,2010-04-28T02:02:03Z,ls5,qd9y5ct8ket9,,,
0.34312500000000007,0.41874999999999996,0.1578947368421053,0.2238541666666667,0.0,0.0,2010-05-06T02:03:24Z,ls7,qd9y5ct8ket9,0.227095001585121,0.42481242734862085,0.34809257106625807
0.2580487804878049,0.4753658536585366,0.6403508771929824,0.2548780487804878,0.0,0.0,2010-05-14T02:02:01Z,ls5,qd9y5ct8ket9,0.2578973346495558,0.4809970384995065,0.2611056268509378
0.2702564102564103,0.305,0.3157894736842105,0.4117948717948718,0.0,0.0,2010-07-25T02:03:28Z,ls7,qd9y5ct8ket9,0.41719703857643853,0.3090011689829848,0.27380179244057673
0.34247422680412365,0.339381443298969,0.14912280701754388,0.30515463917525776,0.0,0.0,2010-08-10T02:03:26Z,ls7,qd9y5ct8ket9,0.30917067056611663,0.3438479214539377,0.34698140797994564
0.3112790697674418,0.34813953488372096,0.24561403508771928,0.3266279069767442,0.0,0.0,2010-08-26T02:03:30Z,ls7,qd9y5ct8ket9,0.33125,0.35306603773584905,0.31568396226415085
0.30279069767441863,0.3645348837209302,0.24561403508771928,0.31976744186046513,0.0,0.0,2010-09-11T02:03:32Z,ls7,qd9y5ct8ket9,0.32394863941571445,0.3693014489339144,0.3067499116503711
0.31764044943820224,0.4064044943820224,0.2192982456140351,0.26325842696629215,0.0,0.0,2010-09-27T02:03:31Z,ls7,qd9y5ct8ket9,0.2666439057698874,0.4116308182542392,0.32172527597587347
0.34677777777777785,0.44700000000000006,0.21052631578947367,0.19199999999999998,0.0,0.0,2010-10-13T02:03:36Z,ls7,qd9y5ct8ket9,0.1947700631199278,0.4534490532010821,0.35178088367899013
0.3794736842105263,0.45873684210526317,0.16666666666666663,0.14810526315789474,0.0,0.0,2010-10-29T02:03:45Z,ls7,qd9y5ct8ket9,0.15016008537886874,0.4651013874066169,0.3847385272145144
0.37354838709677424,0.4849462365591397,0.1842105263157895,0.1275268817204301,0.0,0.0,2010-11-14T02:03:57Z,ls7,qd9y5ct8ket9,0.12933478735005452,0.49182115594329323,0.37884405670665217
0.32174418604651167,0.5303488372093024,0.24561403508771928,0.1340697674418605,0.0,0.0,2010-11-30T02:04:08Z,ls7,qd9y5ct8ket9,0.13595094918052117,0.5377903549109775,0.3262586959085014
0.30346666666666666,0.5769333333333333,0.3421052631578947,0.10586666666666668,0.0,0.0,2010-12-08T02:01:02Z,ls5,qd9y5ct8ket9,0.10734081384345007,0.5849668784642422,0.3076923076923077
0.27499999999999997,0.6313157894736842,0.0,0.0813157894736842,0.0,0.0,2010-12-24T02:01:07Z,ls5,qd9y5ct8ket9,0.08233413269384492,0.6392219557687183,0.2784439115374367
0.41635416666666675,0.49718749999999995,0.1578947368421053,0.07270833333333333,0.0,0.0,2011-01-01T02:04:25Z,ls7,qd9y5ct8ket9,0.0737220109843684,0.5041191381495563,0.42215885086607524
0.3944736842105263,0.510438596491228,0.0,0.08333333333333333,0.0,0.0,2011-01-09T02:01:10Z,ls5,qd9y5ct8ket9,0.0843245162435647,0.5165098526540032,0.3991656311024321
0.4247368421052632,0.47991228070175435,0.0,0.08315789473684211,0.0,0.0,2011-01-25T02:01:10Z,ls5,qd9y5ct8ket9,0.08418435307699139,0.48583607139685636,0.42997957552615224
0.45858974358974364,0.4261538461538461,0.3157894736842105,0.10282051282051281,0.0,0.0,2011-02-02T02:04:38Z,ls7,qd9y5ct8ket9,0.10411527976113201,0.4315201869401531,0.4643645332987148
0.39464912280701747,0.508157894736842,0.0,0.08535087719298246,0.0,0.0,2011-02-10T02:01:13Z,ls5,qd9y5ct8ket9,0.08637372392365736,0.5142476697736352,0.3993786063027075
0.45761194029850744,0.4498507462686567,0.4122807017543859,0.08014925373134328,0.0,0.0,2011-02-18T02:04:42Z,ls7,qd9y5ct8ket9,0.08115460178328548,0.45549342602387793,0.4633519721928367
0.44526315789473686,0.4546491228070176,0.0,0.08842105263157897,0.0,0.0,2011-02-26T02:01:12Z,ls5,qd9y5ct8ket9,0.08946480873346943,0.46001597585870235,0.45051921540782813
0.5535416666666667,0.3485416666666667,0.1578947368421053,0.0865625,0.0,0.0,2011-03-06T02:04:47Z,ls7,qd9y5ct8ket9,0.0875566325993046,0.3525445158571278,0.5598988515435676
0.5243617021276595,0.3728723404255319,0.17543859649122806,0.09212765957446808,0.0,0.0,2011-03-22T02:04:47Z,ls7,qd9y5ct8ket9,0.09311827956989248,0.37688172043010754,0.53
0.543421052631579,0.3549122807017544,0.0,0.0900877192982456,0.0,0.0,2011-03-30T02:01:03Z,ls5,qd9y5ct8ket9,0.09114305999290023,0.35906993255236064,0.5497870074547391
0.3892156862745098,0.5433333333333333,0.5526315789473684,0.05490196078431373,0.0,0.0,2011-04-07T02:04:52Z,ls7,qd9y5ct8ket9,0.05559968228752979,0.5502382843526608,0.3941620333598093
0.5536842105263158,0.3426315789473684,0.0,0.0924561403508772,0.0,0.0,2011-04-15T02:00:58Z,ls5,qd9y5ct8ket9,0.09350603264726756,0.3465223562810504,0.559971611071682
0.4980392156862744,0.3872549019607843,0.5526315789473684,0.10450980392156863,0.0,0.0,2011-04-23T02:04:50Z,ls7,qd9y5ct8ket9,0.1055863708399366,0.391244057052298,0.5031695721077654
0.5650877192982456,0.3228947368421053,0.0,0.10087719298245613,0.0,0.0,2011-05-01T02:00:52Z,ls5,qd9y5ct8ket9,0.10201366095981548,0.326532422602679,0.5714539164375055
0.5535051546391753,0.3285567010309278,0.14912280701754388,0.10639175257731959,0.0,0.0,2011-05-09T02:04:50Z,ls7,qd9y5ct8ket9,0.10763454317897372,0.33239465999165624,0.55997079682937
0.5530526315789474,0.32410526315789473,0.16666666666666663,0.11263157894736842,0.0,0.0,2011-05-25T02:04:49Z,ls7,qd9y5ct8ket9,0.11379347016909497,0.32744868658938636,0.5587578432415187
0.552716049382716,0.2758024691358025,0.2894736842105263,0.15987654320987654,0.0,0.0,2011-06-10T02:04:50Z,ls7,qd9y5ct8ket9,0.1617536847364477,0.2790407194604047,0.5592055958031477
0.39529411764705885,0.37611764705882356,0.2543859649122807,0.21552941176470583,0.0,0.0,2011-06-26T02:04:46Z,ls7,qd9y5ct8ket9,0.21838121349386097,0.3810942901418525,0.4005244963642866
0.32958333333333334,0.37885416666666666,0.1578947368421053,0.27854166666666663,0.0,0.0,2011-07-12T02:04:46Z,ls7,qd9y5ct8ket9,0.2822163588390501,0.3838522427440633,0.33393139841688657
0.2326027397260274,0.3472602739726028,0.35964912280701755,0.40835616438356165,0.0,0.0,2011-07-28T02:04:43Z,ls7,qd9y5ct8ket9,0.413224286110341,0.35140005544774056,0.2353756584419185
0.39324561403508773,0.1978947368421053,0.0,0.39807017543859646,0.0,0.0,2011-08-05T02:00:09Z,ls5,qd9y5ct8ket9,0.40241198900416775,0.20005320563979784,0.3975348053560344
0.32235294117647056,0.22623529411764706,0.2543859649122807,0.43870588235294117,0.0,0.0,2011-08-13T02:04:39Z,ls7,qd9y5ct8ket9,0.444351763584366,0.22914680648236416,0.32650142993326975
0.40441558441558445,0.13233766233766237,0.32456140350877194,0.4512987012987013,0.0,0.0,2011-08-29T02:04:37Z,ls7,qd9y5ct8ket9,0.4567560462670872,0.133937960042061,0.40930599369085174
0.36964912280701756,0.20184210526315788,0.0,0.4166666666666667,0.0,0.0,2011-09-06T01:59:52Z,ls5,qd9y5ct8ket9,0.42166000887705285,0.20426098535286283,0.37407900577008435
0.3396629213483146,0.23595505617977527,0.2192982456140351,0.41292134831460675,0.0,0.0,2011-09-14T02:04:31Z,ls7,qd9y5ct8ket9,0.4177085701295749,0.23869061150261422,0.34360081836781087
,,1.0,,,,2011-09-30T02:04:29Z,ls7,qd9y5ct8ket9,,,
,,1.0,,,,2011-10-08T01:59:19Z,ls5,qd9y5ct8ket9,,,
,,1.0,,,,2011-10-16T02:04:31Z,ls7,qd9y5ct8ket9,,,
0.3739583333333334,0.4344791666666666,0.1578947368421053,0.17760416666666667,0.0,0.0,2011-11-01T02:04:36Z,ls7,qd9y5ct8ket9,0.18011831819142193,0.44062962180435233,0.3792520600042257
0.2008695652173913,0.6656521739130435,0.7982456140350878,0.12304347826086957,0.0,0.0,2011-11-17T02:04:50Z,ls7,qd9y5ct8ket9,0.12434094903339192,0.6726713532513181,0.20298769771528996
0.40844444444444433,0.4407777777777778,0.21052631578947367,0.13733333333333334,0.0,0.0,2011-12-03T02:04:59Z,ls7,qd9y5ct8ket9,0.13920486541277174,0.4467845478094381,0.41401058677779023
0.4104,0.4482,0.1228070175438597,0.1274,0.0,0.0,2011-12-19T02:05:06Z,ls7,qd9y5ct8ket9,0.12920892494929007,0.4545638945233266,0.41622718052738333
0.358842105263158,0.5291578947368422,0.16666666666666663,0.0988421052631579,0.0,0.0,2012-01-04T02:05:15Z,ls7,qd9y5ct8ket9,0.10015999999999997,0.5362133333333332,0.3636266666666667
0.3675903614457831,0.5474698795180722,0.27192982456140347,0.06132530120481928,0.0,0.012048192771084338,2012-01-20T02:05:15Z,ls7,qd9y5ct8ket9,0.06205176084396818,0.5539552087917315,0.37194483759321584
0.4584,0.42500000000000004,0.1228070175438597,0.10470000000000003,0.0,0.0,2012-02-05T02:05:19Z,ls7,qd9y5ct8ket9,0.10596093512802351,0.43011840906790816,0.4639206558040684
0.40344086021505365,0.48172043010752685,0.1842105263157895,0.10258064516129033,0.0,0.0,2012-02-21T02:05:23Z,ls7,qd9y5ct8ket9,0.10385369039843242,0.48769867189200966,0.408447637709558
0.42333333333333334,0.45864583333333325,0.1578947368421053,0.10562500000000001,0.0,0.0,2012-03-08T02:05:19Z,ls7,qd9y5ct8ket9,0.10695074359244806,0.4644024891889041,0.42864676721864786
0.2689473684210526,0.6086842105263158,0.33333333333333337,0.11013157894736843,0.0,0.0,2012-03-24T02:05:22Z,ls7,qd9y5ct8ket9,0.11149593712534968,0.6162248568003197,0.2722792060743306
0.4263636363636364,0.43323232323232325,0.13157894736842102,0.1283838383838384,0.0,0.0,2012-04-09T02:05:17Z,ls7,qd9y5ct8ket9,0.12994581331152236,0.43850322052959817,0.43155096615887945
0.3439285714285715,0.5642857142857143,0.7543859649122807,0.07964285714285715,0.0,0.0,2012-04-25T02:05:32Z,ls7,qd9y5ct8ket9,0.08062183658712944,0.5712219812002892,0.3481561822125814
0.3672340425531914,0.4393617021276596,0.17543859649122806,0.18085106382978725,0.0,0.0,2012-05-11T02:05:55Z,ls7,qd9y5ct8ket9,0.18315018315018317,0.4449472096530921,0.3719026071967248
0.3981927710843374,0.4365060240963855,0.27192982456140347,0.1533734939759036,0.0,0.0,2012-05-27T02:05:47Z,ls7,qd9y5ct8ket9,0.1552249725643214,0.4417753932447262,0.4029996341909524
,,1.0,,,,2012-06-12T02:05:37Z,ls7,qd9y5ct8ket9,,,
0.20269841269841268,0.4220634920634921,0.4473684210526315,0.30063492063492064,0.0,0.06349206349206349,2012-06-28T02:05:45Z,ls7,qd9y5ct8ket9,0.30424460235780987,0.4271311497726592,0.20513218437746739
0.3209183673469388,0.2690816326530612,0.14035087719298245,0.3989795918367347,0.0,0.0,2012-07-14T02:06:00Z,ls7,qd9y5ct8ket9,0.40342550557160545,0.2720800660338423,0.3244944283945522
0.3553086419753086,0.21444444444444447,0.2894736842105263,0.4175308641975309,0.0,0.0,2012-07-30T02:06:10Z,ls7,qd9y5ct8ket9,0.4229085907215206,0.21720645241965741,0.35988495685882205
0.2492391304347826,0.23956521739130435,0.19298245614035092,0.4989130434782609,0.0,0.0,2012-08-15T02:06:22Z,ls7,qd9y5ct8ket9,0.5051172003961704,0.24254429404643996,0.2523385055573897
0.2803703703703704,0.23888888888888896,0.2894736842105263,0.46703703703703703,0.0,0.0,2012-08-31T02:06:32Z,ls7,qd9y5ct8ket9,0.4735260983852797,0.24220803604956823,0.2842658655651521
0.30767676767676766,0.29737373737373735,0.13157894736842102,0.38242424242424244,0.0,0.0,2012-09-16T02:06:41Z,ls7,qd9y5ct8ket9,0.3872749590834697,0.3011456628477905,0.31157937806873975
0.31093750000000003,0.32135416666666666,0.1578947368421053,0.3545833333333333,0.0,0.0,2012-10-02T02:06:51Z,ls7,qd9y5ct8ket9,0.3592991344732953,0.3256280346210682,0.31507283090563654
0.1925,0.5325,0.9649122807017544,0.2625,0.0,0.0,2012-10-18T02:07:00Z,ls7,qd9y5ct8ket9,0.2658227848101266,0.5392405063291139,0.1949367088607595
0.29959183673469386,0.5134693877551021,0.5701754385964912,0.17469387755102042,0.0,0.0,2012-11-19T02:07:13Z,ls7,qd9y5ct8ket9,0.1768595041322314,0.5198347107438016,0.3033057851239669
0.3375257731958763,0.5355670103092783,0.14912280701754388,0.11350515463917528,0.0,0.0,2012-12-21T02:07:22Z,ls7,qd9y5ct8ket9,0.11504702194357369,0.5428422152560083,0.34211076280041797
0.31707070707070706,0.5497979797979796,0.13157894736842102,0.12000000000000001,0.0,0.0,2013-01-22T02:07:25Z,ls7,qd9y5ct8ket9,0.12159672466734907,0.5571136131013306,0.32128966223132044
0.40614583333333326,0.46354166666666674,0.1578947368421053,0.11614583333333334,0.0,0.0,2013-02-07T02:07:27Z,ls7,qd9y5ct8ket9,0.11781487743026205,0.47020287404902794,0.41198224852070997
0.3991578947368421,0.463578947368421,0.16666666666666663,0.12463157894736844,0.0,0.0,2013-02-23T02:07:24Z,ls7,qd9y5ct8ket9,0.126226012793177,0.4695095948827292,0.4042643923240939
,,1.0,,,,2013-03-11T02:07:23Z,ls7,qd9y5ct8ket9,,,
0.3413793103448276,0.5627586206896552,0.49122807017543857,0.08258620689655174,0.0,0.0,2013-03-27T02:07:16Z,ls7,qd9y5ct8ket9,0.0836973615236764,0.5703302463742792,0.3459723921020444
0.4076315789473684,0.4369298245614035,0.0,0.13798245614035087,0.0,0.0,2013-04-06T02:17:40Z,ls8,qd9y5ct8ket9,0.14043388983126506,0.44469243817516296,0.414873671993572
0.31192982456140345,0.5329824561403509,0.0,0.13894736842105265,0.0,0.0,2013-04-20T02:13:02Z,ls8,qd9y5ct8ket9,0.14122681883024252,0.5417261055634807,0.31704707560627665
0.3868131868131868,0.47516483516483526,0.20175438596491224,0.12505494505494508,0.0,0.0,2013-04-28T02:07:09Z,ls7,qd9y5ct8ket9,0.12669784012469384,0.48140725896236924,0.39189490091293694
,,1.0,,,,2013-05-06T02:13:04Z,ls8,qd9y5ct8ket9,,,
,,1.0,,,,2013-05-14T02:07:07Z,ls7,qd9y5ct8ket9,,,
0.3239473684210527,0.28342105263157896,0.0,0.3767543859649123,0.0,0.0,2013-05-22T02:13:16Z,ls8,qd9y5ct8ket9,0.38283269453605484,0.28799358231571437,0.3291737231482307
0.3499122807017544,0.19447368421052633,0.0,0.4403508771929825,0.0,0.0,2013-06-07T02:13:16Z,ls8,qd9y5ct8ket9,0.4471761981115268,0.1974879743452699,0.35533582754320325
0.14150000000000001,0.32,0.8245614035087719,0.5239999999999999,0.0,0.0,2013-06-15T02:06:54Z,ls7,qd9y5ct8ket9,0.5317097919837646,0.32470826991374946,0.1435819381024861
,,1.0,,,,2013-06-23T02:13:09Z,ls8,qd9y5ct8ket9,,,
0.32352941176470584,0.21152941176470594,0.2543859649122807,0.452235294117647,0.0,0.0,2013-07-01T02:06:46Z,ls7,qd9y5ct8ket9,0.45805529075309814,0.21425166825548148,0.3276930409914204
,,1.0,,,,2013-07-08T02:12:51Z,ls7,qd9y5ct8ket9,,,
,,1.0,,,,2013-07-09T02:13:14Z,ls8,qd9y5ct8ket9,,,
0.10041666666666667,0.11166666666666668,0.5789473684210527,0.07625000000000003,0.16666666666666666,0.5416666666666666,2013-07-17T02:06:37Z,ls7,qd9y5ct8ket9,0.07713150289017344,0.11295761078998075,0.10157755298651254
0.24000000000000002,0.3081578947368421,0.0,0.4350877192982457,0.0,0.0,2013-07-25T02:13:13Z,ls8,qd9y5ct8ket9,0.44250156124542783,0.3134088678740297,0.24408957088054242
0.24944444444444444,0.3093333333333333,0.21052631578947367,0.42800000000000005,0.0,0.0,2013-08-02T02:06:29Z,ls7,qd9y5ct8ket9,0.43373493975903615,0.3134782119130728,0.252786848327891
,,1.0,,,,2013-08-10T02:13:15Z,ls8,qd9y5ct8ket9,,,
,,1.0,,,,2013-08-18T02:06:33Z,ls7,qd9y5ct8ket9,,,
0.16533980582524274,0.3912621359223301,0.0964912280701754,0.4270873786407767,0.0,0.0,2013-08-26T02:13:17Z,ls8,qd9y5ct8ket9,0.43416896960126333,0.397749703908409,0.1680813264903277
0.12468354430379748,0.45151898734177215,0.3070175438596491,0.37240506329113926,0.0,0.0379746835443038,2013-09-11T02:13:15Z,ls8,qd9y5ct8ket9,0.37767260221679455,0.45790556495829576,0.12644714928060594
0.353125,0.24703125000000004,0.4385964912280702,0.38765625,0.0,0.0,2013-09-19T02:06:55Z,ls7,qd9y5ct8ket9,0.3924391015501423,0.250079088895919,0.3574818095539386
0.3486407766990291,0.25446601941747576,0.0964912280701754,0.38174757281553406,0.0,0.0,2013-09-27T02:13:06Z,ls8,qd9y5ct8ket9,0.3876182965299685,0.25837933753943215,0.35400236593059925
0.41809523809523813,0.3219047619047619,0.8157894736842105,0.24761904761904757,0.0,0.0,2013-10-05T02:07:07Z,ls7,qd9y5ct8ket9,0.2507232401157184,0.32594021215043395,0.42333654773384766
0.35771929824561405,0.3118421052631579,0.0,0.31482456140350873,0.0,0.0,2013-10-13T02:13:07Z,ls8,qd9y5ct8ket9,0.31981821422206375,0.3167884512564605,0.36339333452147565
0.3215463917525773,0.3963917525773196,0.14912280701754388,0.26845360824742265,0.0,0.0,2013-10-21T02:07:17Z,ls7,qd9y5ct8ket9,0.27215719063545146,0.40186036789297663,0.3259824414715719
0.3644736842105263,0.36771929824561406,0.0,0.2518421052631579,0.0,0.0,2013-10-29T02:12:57Z,ls8,qd9y5ct8ket9,0.25592797290069536,0.3736851488678909,0.37038687823141375
0.2869879518072289,0.4959036144578314,0.27192982456140347,0.2043373493975904,0.0,0.0,2013-11-06T02:07:22Z,ls7,qd9y5ct8ket9,0.20698071759824263,0.5023187698315841,0.29070051257017326
0.3427192982456141,0.4421052631578948,0.0,0.19947368421052633,0.0,0.0,2013-11-14T02:12:57Z,ls8,qd9y5ct8ket9,0.20265573478299614,0.4491578290704928,0.348186436146511
0.4700000000000001,0.3781818181818182,0.6140350877192983,0.14250000000000002,0.0,0.0,2013-11-22T02:07:27Z,ls7,qd9y5ct8ket9,0.14384033035099794,0.38173893094746497,0.47442073870153706
0.3335714285714286,0.5194642857142856,0.5087719298245614,0.12964285714285714,0.0,0.0,2013-11-30T02:12:52Z,ls8,qd9y5ct8ket9,0.1319280392513175,0.528620752316918,0.3394512084317645
0.3198850574712644,0.5067816091954023,0.23684210526315785,0.15942528735632186,0.0,0.0,2013-12-08T02:07:35Z,ls7,qd9y5ct8ket9,0.16167385476162724,0.5139293623965496,0.32439678284182305
,,1.0,,,,2013-12-16T02:12:46Z,ls8,qd9y5ct8ket9,,,
0.38529411764705884,0.4409411764705883,0.2543859649122807,0.16058823529411767,0.0,0.0,2013-12-24T02:07:37Z,ls7,qd9y5ct8ket9,0.16273247496423462,0.446828803051979,0.3904387219837863
0.3565591397849462,0.4863440860215054,0.1842105263157895,0.14408602150537636,0.0,0.0,2014-01-09T02:07:40Z,ls7,qd9y5ct8ket9,0.14598540145985403,0.4927552020917311,0.36125939644841476
0.3864912280701754,0.4317543859649123,0.0,0.16552631578947366,0.0,0.0,2014-01-17T02:12:23Z,ls8,qd9y5ct8ket9,0.16825679893000445,0.4388765046812305,0.39286669638876504
0.17050632911392405,0.7260759493670886,0.3070175438596491,0.0917721518987342,0.0,0.0,2014-01-25T02:08:00Z,ls7,qd9y5ct8ket9,0.09285348360655739,0.7346311475409836,0.172515368852459
0.366140350877193,0.438859649122807,0.0,0.17885964912280705,0.0,0.0,2014-02-02T02:12:17Z,ls8,qd9y5ct8ket9,0.1817938659058488,0.44605920114122677,0.3721469329529244
0.3864705882352941,0.4552941176470588,0.10526315789473684,0.1443137254901961,0.0,0.0,2014-02-10T02:08:05Z,ls7,qd9y5ct8ket9,0.14635116325313186,0.4617220123284947,0.39192682441837345
0.10352941176470588,0.7247058823529412,0.8508771929824561,0.16294117647058823,0.0,0.0,2014-02-18T02:12:04Z,ls8,qd9y5ct8ket9,0.16439169139465873,0.7311572700296736,0.10445103857566765
0.42265306122448976,0.43275510204081635,0.14035087719298245,0.13142857142857145,0.0,0.0,2014-02-26T02:07:57Z,ls7,qd9y5ct8ket9,0.13318167717919555,0.438527556612553,0.4282907662082514
0.43499999999999994,0.3774561403508772,0.0,0.17052631578947366,0.0,0.0,2014-03-06T02:11:48Z,ls8,qd9y5ct8ket9,0.1734784936641085,0.38399071925754064,0.44253078707835086
,,1.0,,,,2014-03-14T02:08:05Z,ls7,qd9y5ct8ket9,,,
0.4564035087719298,0.3374561403508771,0.0,0.1900877192982456,0.0,0.0,2014-03-22T02:11:38Z,ls8,qd9y5ct8ket9,0.19318890969064814,0.34296157617901396,0.46384951413033787
0.4316666666666666,0.36833333333333335,0.0,0.17473684210526313,0.0,0.008771929824561403,2014-04-07T02:11:23Z,ls8,qd9y5ct8ket9,0.1776931529688151,0.37456503479721626,0.43896988240940715
0.4525806451612904,0.413763440860215,0.1842105263157895,0.12193548387096775,0.0,0.0,2014-04-15T02:08:18Z,ls7,qd9y5ct8ket9,0.1233815689261234,0.4186704384724186,0.457947992601458
,,1.0,,,,2014-04-23T02:11:07Z,ls8,qd9y5ct8ket9,,,
0.38426966292134834,0.3887640449438202,0.2192982456140351,0.21280898876404497,0.0,0.0,2014-05-01T02:08:27Z,ls7,qd9y5ct8ket9,0.21586505584682017,0.3943469341235468,0.38978801002963304
0.39964285714285713,0.10250000000000001,0.7543859649122807,0.485,0.0,0.0,2014-05-09T02:10:51Z,ls8,qd9y5ct8ket9,0.4913169319826339,0.10383502170767006,0.4048480463096961
0.3636458333333334,0.17354166666666668,0.1578947368421053,0.450625,0.0,0.0,2014-05-17T02:08:34Z,ls7,qd9y5ct8ket9,0.4561847516608668,0.17568280080143417,0.3681324475376991
0.25210526315789467,0.13473684210526315,0.16666666666666663,0.5370526315789474,0.0,0.06315789473684211,2014-05-25T02:10:45Z,ls8,qd9y5ct8ket9,0.544578833434275,0.13662503073223678,0.25563824109664607
0.2656842105263158,0.17557894736842106,0.16666666666666663,0.5462105263157895,0.0,0.0,2014-06-02T02:08:38Z,ls7,qd9y5ct8ket9,0.5531393241658672,0.17780620402942118,0.26905447180471165
0.07333333333333333,0.37333333333333335,0.9736842105263158,0.54,0.0,0.0,2014-06-10T02:10:55Z,ls8,qd9y5ct8ket9,0.5472972972972974,0.3783783783783784,0.07432432432432433
0.12556701030927836,0.2105154639175258,0.14912280701754388,0.4652577319587629,0.020618556701030927,0.16494845360824742,2014-06-18T02:08:38Z,ls7,qd9y5ct8ket9,0.4728593956611639,0.21395499356084569,0.12761860046871207
,,1.0,,,,2014-06-26T02:10:57Z,ls8,qd9y5ct8ket9,,,
,,1.0,,,,2014-07-04T02:08:45Z,ls7,qd9y5ct8ket9,,,
0.31342105263157904,0.16491228070175437,0.0,0.5050877192982456,0.0,0.0,2014-07-12T02:11:06Z,ls8,qd9y5ct8ket9,0.5136027116225136,0.16769244492016766,0.3187048434573188
0.03207317073170732,0.35597560975609754,0.2807017543859649,0.5998780487804878,0.0,0.0,2014-07-20T02:08:47Z,ls7,qd9y5ct8ket9,0.607208986544871,0.3603258856931243,0.03246512776200469
0.1579824561403509,0.2857017543859649,0.0,0.5385087719298245,0.0,0.0,2014-07-28T02:11:09Z,ls8,qd9y5ct8ket9,0.5482718585335358,0.29088148611235154,0.16084665535411274
0.29126315789473683,0.188,0.16666666666666663,0.5076842105263157,0.0,0.0,2014-08-05T02:08:53Z,ls7,qd9y5ct8ket9,0.5143984641638225,0.1904863481228669,0.2951151877133106
0.3509649122807017,0.13324561403508772,0.0,0.5007017543859649,0.0,0.0,2014-08-13T02:11:18Z,ls8,qd9y5ct8ket9,0.5083719273245458,0.13528678304239403,0.35634128963306017
0.09297872340425532,0.3447872340425532,0.17543859649122806,0.5472340425531914,0.0,0.0,2014-08-21T02:08:52Z,ls7,qd9y5ct8ket9,0.5555675558915649,0.3500378010584297,0.09439464305000542
,,1.0,,,,2014-08-28T02:15:02Z,ls7,qd9y5ct8ket9,,,
0.08500000000000002,0.0977777777777778,0.8421052631578947,0.09222222222222222,0.0,0.7222222222222222,2014-08-29T02:11:19Z,ls8,qd9y5ct8ket9,0.09315375982042648,0.09876543209876544,0.08585858585858587
0.3187719298245614,0.2139473684210526,0.0,0.45043859649122814,0.0,0.0,2014-09-14T02:11:23Z,ls8,qd9y5ct8ket9,0.4581548893647395,0.2176124197002141,0.32423269093504636
0.11094736842105264,0.433578947368421,0.16666666666666663,0.44105263157894725,0.0,0.0,2014-09-22T02:08:58Z,ls7,qd9y5ct8ket9,0.4475061411940617,0.43992310157000963,0.11257075723592869
0.3059649122807018,0.3007894736842105,0.0,0.37736842105263163,0.0,0.0,2014-09-30T02:11:23Z,ls8,qd9y5ct8ket9,0.38345663606382036,0.3056422141010785,0.3109011498351012
0.2768604651162791,0.3766279069767442,0.24561403508771928,0.332906976744186,0.0,0.0,2014-10-08T02:09:11Z,ls7,qd9y5ct8ket9,0.3374985264646941,0.3818224684663445,0.2806790050689615
,,1.0,,,,2014-10-16T02:11:28Z,ls8,qd9y5ct8ket9,,,
0.2609278350515464,0.5343298969072164,0.14912280701754388,0.19154639175257734,0.0,0.0,2014-10-24T02:09:20Z,ls7,qd9y5ct8ket9,0.19410781445883832,0.5414751358127873,0.26441704972837443
0.28938596491228075,0.48368421052631577,0.0,0.21122807017543863,0.0,0.0,2014-11-01T02:11:25Z,ls8,qd9y5ct8ket9,0.21459762944479105,0.4914000534711701,0.2940023170840389
0.23325581395348835,0.5753488372093024,0.24561403508771928,0.1780232558139535,0.0,0.0,2014-11-09T02:09:29Z,ls7,qd9y5ct8ket9,0.18043606364172068,0.5831467295226871,0.23641720683559217
0.26245614035087717,0.539298245614035,0.0,0.1830701754385965,0.0,0.0,2014-11-17T02:11:26Z,ls8,qd9y5ct8ket9,0.18589115525073485,0.547608443929812,0.2665004008194531
0.24012345679012345,0.5809876543209876,0.2894736842105263,0.16481481481481486,0.0,0.0,2014-11-25T02:09:32Z,ls7,qd9y5ct8ket9,0.1671675432006011,0.5892812421738041,0.24355121462559476
0.3014912280701755,0.5124561403508772,0.0,0.17026315789473687,0.0,0.0,2014-12-03T02:11:25Z,ls8,qd9y5ct8ket9,0.17299465240641712,0.5206773618538324,0.30632798573975045
0.2793023255813954,0.561046511627907,0.24561403508771928,0.146046511627907,0.0,0.0,2014-12-11T02:09:39Z,ls7,qd9y5ct8ket9,0.14806082753742783,0.5687846280796888,0.28315454438288346
0.281140350877193,0.5432456140350876,0.0,0.16052631578947368,0.0,0.0,2014-12-19T02:11:22Z,ls8,qd9y5ct8ket9,0.16298539365871037,0.5515675097969363,0.28544709654435346
0.34521276595744677,0.5182978723404256,0.17543859649122806,0.12319148936170214,0.0,0.0,2014-12-27T02:09:46Z,ls7,qd9y5ct8ket9,0.12485175202156336,0.5252830188679246,0.3498652291105121
0.2950877192982457,0.5264912280701755,0.0,0.16315789473684209,0.0,0.0,2015-01-04T02:11:17Z,ls8,qd9y5ct8ket9,0.16568679850347406,0.534651701407447,0.299661500089079
0.3379166666666667,0.5267708333333333,0.1578947368421053,0.123125,0.0,0.0,2015-01-12T02:09:49Z,ls7,qd9y5ct8ket9,0.12464409996836444,0.5332700622165981,0.3420858378150375
,,1.0,,,,2015-01-19T02:15:58Z,ls7,qd9y5ct8ket9,,,
0.3132456140350877,0.5131578947368421,0.0,0.15710526315789475,0.0,0.0,2015-01-20T02:11:13Z,ls8,qd9y5ct8ket9,0.1597395647520514,0.5217623974313236,0.31849803781662506
0.2839130434782609,0.566304347826087,0.19298245614035092,0.13706521739130437,0.0,0.0,2015-01-28T02:09:53Z,ls7,qd9y5ct8ket9,0.13883078278101948,0.5735990311571066,0.28757018606187384
0.31912280701754386,0.49719298245614035,0.0,0.16754385964912283,0.0,0.0,2015-02-05T02:11:10Z,ls8,qd9y5ct8ket9,0.17029243937232524,0.5053495007132667,0.32435805991440797
0.365,0.45508771929824565,0.0,0.162280701754386,0.0,0.0,2015-02-21T02:11:03Z,ls8,qd9y5ct8ket9,0.1651933208322172,0.4632556478256987,0.37155103134208406
0.3970175438596491,0.4170175438596492,0.0,0.16780701754385963,0.0,0.0,2015-03-09T02:10:54Z,ls8,qd9y5ct8ket9,0.17091039042258552,0.4247297418029126,0.40435986777450195
0.10400000000000001,0.6808,0.7807017543859649,0.1668,0.0,0.04,2015-03-17T02:10:13Z,ls7,qd9y5ct8ket9,0.1682723833543506,0.6868095838587642,0.10491803278688526
0.42692982456140344,0.40359649122807023,0.0,0.15210526315789477,0.0,0.0,2015-03-25T02:10:46Z,ls8,qd9y5ct8ket9,0.15479378682378148,0.4107302267452241,0.43447598643099433
0.39285714285714285,0.4397402597402597,0.32456140350877194,0.15493506493506493,0.0,0.0,2015-04-02T02:10:19Z,ls7,qd9y5ct8ket9,0.1568911099421357,0.4452919516044187,0.39781693845344557
,,1.0,,,,2015-04-10T02:10:36Z,ls8,qd9y5ct8ket9,,,
0.3809473684210527,0.37652631578947354,0.16666666666666663,0.2286315789473684,0.0,0.0,2015-04-18T02:10:28Z,ls7,qd9y5ct8ket9,0.23185311699402222,0.3818317677198974,0.3863151152860804
0.44184210526315787,0.32684210526315793,0.0,0.2142105263157895,0.0,0.0,2015-04-26T02:10:33Z,ls8,qd9y5ct8ket9,0.2179384203480589,0.33253012048192776,0.44953145917001336
0.18071428571428574,0.6542857142857141,0.7543859649122807,0.155,0.0,0.0,2015-05-04T02:10:34Z,ls7,qd9y5ct8ket9,0.15656565656565657,0.6608946608946609,0.18253968253968259
0.39763157894736845,0.3410526315789474,0.0,0.24421052631578943,0.0,0.0,2015-05-12T02:10:17Z,ls8,qd9y5ct8ket9,0.24846050870147252,0.3469879518072289,0.4045515394912986
0.34125000000000005,0.3475,0.29824561403508776,0.298625,0.0,0.0,2015-05-20T02:10:42Z,ls7,qd9y5ct8ket9,0.3024433472591467,0.3519432839599949,0.3456133687808584
,,1.0,,,,2015-05-27T02:16:53Z,ls7,qd9y5ct8ket9,,,
0.4295614035087719,0.23894736842105266,0.0,0.31491228070175437,0.0,0.0,2015-05-28T02:10:19Z,ls8,qd9y5ct8ket9,0.3202212113103202,0.242975648916243,0.43680313977343677
0.3095,0.35950000000000004,0.8245614035087719,0.3185,0.0,0.0,2015-06-05T02:10:48Z,ls7,qd9y5ct8ket9,0.3225316455696202,0.36405063291139245,0.31341772151898734
0.40149122807017545,0.23307017543859648,0.0,0.3485964912280701,0.0,0.0,2015-06-13T02:10:31Z,ls8,qd9y5ct8ket9,0.35456816559600285,0.23706281227694506,0.4083690221270522
,,1.0,,,,2015-06-28T02:17:03Z,ls7,qd9y5ct8ket9,,,
0.4094736842105263,0.18859649122807015,0.0,0.38666666666666666,0.0,0.0,2015-06-29T02:10:37Z,ls8,qd9y5ct8ket9,0.39265989666844825,0.19151968644218775,0.415820416889364
0.3602083333333333,0.21729166666666666,0.1578947368421053,0.4102083333333333,0.0,0.0,2015-07-07T02:10:56Z,ls7,qd9y5ct8ket9,0.41531322505800466,0.21999578148070031,0.3646909934612951
0.43140350877192984,0.17614035087719296,0.0,0.3773684210526315,0.0,0.0,2015-07-15T02:10:47Z,ls8,qd9y5ct8ket9,0.3831492696829355,0.17883861774136087,0.43801211257570366
0.013111111111111113,0.10555555555555556,0.6052631578947368,0.12311111111111109,0.6,0.15555555555555556,2015-08-08T02:11:03Z,ls7,qd9y5ct8ket9,0.12446895424836601,0.10671977124183009,0.013255718954248373
,,1.0,,,,2015-08-16T02:10:57Z,ls8,qd9y5ct8ket9,,,
0.35946808510638295,0.210531914893617,0.17543859649122806,0.41776595744680856,0.0,0.0,2015-08-24T02:11:05Z,ls7,qd9y5ct8ket9,0.422940226171244,0.21313947226709745,0.36392030156165855
,,1.0,,,,2015-09-01T02:11:03Z,ls8,qd9y5ct8ket9,,,
0.4040816326530613,0.20448979591836738,0.14035087719298245,0.37897959183673463,0.0,0.0,2015-09-09T02:11:08Z,ls7,qd9y5ct8ket9,0.383756974581525,0.20706757594544328,0.40917544947303164
0.42061403508771933,0.17342105263157892,0.0,0.39035087719298245,0.0,0.0,2015-09-17T02:11:11Z,ls8,qd9y5ct8ket9,0.3965425057921939,0.17617180538228477,0.4272856888255213
0.3298888888888889,0.29077777777777775,0.21052631578947367,0.3667777777777778,0.0,0.0,2015-09-25T02:11:12Z,ls7,qd9y5ct8ket9,0.37144143130415214,0.2944750759536401,0.3340834927422077
,,1.0,,,,2015-10-03T02:11:15Z,ls8,qd9y5ct8ket9,,,
0.3180952380952381,0.4671428571428572,0.8157894736842105,0.20571428571428574,0.0,0.0,2015-10-11T02:11:21Z,ls7,qd9y5ct8ket9,0.20759250360403653,0.4714079769341663,0.32099951946179717
0.18956521739130439,0.5957971014492754,0.39473684210526316,0.20304347826086958,0.0,0.0,2015-10-19T02:11:17Z,ls8,qd9y5ct8ket9,0.20542521994134896,0.6027859237536657,0.19178885630498535
,,1.0,,,,2015-10-27T02:11:38Z,ls7,qd9y5ct8ket9,,,
0.396578947368421,0.41885964912280704,0.0,0.16807017543859648,0.0,0.0,2015-11-04T02:11:21Z,ls8,qd9y5ct8ket9,0.17088833392793434,0.42588298251872997,0.40322868355333563
0.30575757575757573,0.5572727272727273,0.7105263157894737,0.12545454545454546,0.0,0.0,2015-11-12T02:11:54Z,ls7,qd9y5ct8ket9,0.12691600245248313,0.5637645616186389,0.30931943592887795
0.4268421052631579,0.39622807017543854,0.0,0.16087719298245615,0.0,0.0,2015-11-20T02:11:23Z,ls8,qd9y5ct8ket9,0.16350182758313275,0.4026923419809218,0.4338058304359455
0.45421052631578945,0.40031578947368424,0.16666666666666663,0.13221052631578953,0.0,0.0,2015-11-28T02:12:07Z,ls7,qd9y5ct8ket9,0.13398762534670372,0.4056966076381481,0.46031576701514826
0.0925,0.7225,0.9298245614035088,0.17625000000000002,0.0,0.0,2015-12-06T02:11:22Z,ls8,qd9y5ct8ket9,0.17780580075662045,0.7288776796973518,0.09331651954602774
0.3990804597701149,0.4516091954022988,0.23684210526315785,0.1352873563218391,0.0,0.0,2015-12-14T02:12:24Z,ls7,qd9y5ct8ket9,0.13721147120540922,0.45803217533224533,0.40475635346234556
0.4330701754385965,0.41122807017543855,0.0,0.13833333333333334,0.0,0.0,2015-12-22T02:11:23Z,ls8,qd9y5ct8ket9,0.14077843242278165,0.41849669701838954,0.4407248705588288
0.2545,0.5207499999999999,0.6491228070175439,0.2125,0.0,0.0,2015-12-30T02:12:36Z,ls7,qd9y5ct8ket9,0.21513540875727666,0.5272083016957732,0.2576562895469502
0.3899122807017543,0.4440350877192982,0.0,0.1497368421052632,0.0,0.0,2016-01-07T02:11:18Z,ls8,qd9y5ct8ket9,0.1522204387372927,0.4514000356696986,0.3963795255930087
0.4735353535353535,0.40373737373737373,0.13157894736842102,0.10989898989898991,0.0,0.0,2016-01-15T02:12:52Z,ls7,qd9y5ct8ket9,0.11132712575463012,0.40898393533203725,0.4796889389133326
0.5124561403508772,0.3408771929824561,0.0,0.1292982456140351,0.0,0.0,2016-01-23T02:11:19Z,ls8,qd9y5ct8ket9,0.13158364577753975,0.34690233886805927,0.521514015354401
0.5098245614035087,0.3408771929824561,0.0,0.1318421052631579,0.0,0.0,2016-02-08T02:11:15Z,ls8,qd9y5ct8ket9,0.13418444781715919,0.3469333095259352,0.5188822426569056
0.515340909090909,0.3556818181818182,0.22807017543859653,0.11738636363636364,0.0,0.0,2016-02-16T02:13:07Z,ls7,qd9y5ct8ket9,0.1187629340078179,0.3598528397332721,0.5213842262589101
0.6210204081632652,0.3048979591836734,0.5701754385964912,0.055102040816326525,0.0,0.0,2016-02-24T02:11:08Z,ls8,qd9y5ct8ket9,0.056168088204701476,0.3107967547326815,0.633035157062617
,,1.0,,,,2016-03-03T02:13:13Z,ls7,qd9y5ct8ket9,,,
0.510701754385965,0.3319298245614035,0.0,0.1400877192982456,0.0,0.0,2016-03-11T02:11:06Z,ls8,qd9y5ct8ket9,0.14255110238329016,0.33776666964206015,0.5196822279746497
0.3729411764705882,0.41705882352941176,0.4035087719298246,0.19735294117647062,0.0,0.0,2016-03-19T02:13:21Z,ls7,qd9y5ct8ket9,0.19988084599344655,0.4224009532320524,0.377718200774501
,,1.0,,,,2016-04-04T02:13:24Z,ls7,qd9y5ct8ket9,,,
0.4496703296703297,0.21142857142857144,0.20175438596491224,0.3261538461538461,0.0,0.0,2016-04-20T02:13:33Z,ls7,qd9y5ct8ket9,0.33036509349955473,0.21415850400712377,0.4554764024933215
,,1.0,,,,2016-04-28T02:10:48Z,ls8,qd9y5ct8ket9,,,
0.44457446808510637,0.2020212765957447,0.17543859649122806,0.34042553191489355,0.0,0.0,2016-05-06T02:13:38Z,ls7,qd9y5ct8ket9,0.3449019185169217,0.2046777322698858,0.4504203492131925
,,1.0,,,,2016-05-14T02:10:47Z,ls8,qd9y5ct8ket9,,,
,,1.0,,,,2016-05-22T02:13:40Z,ls7,qd9y5ct8ket9,,,
0.401140350877193,0.1619298245614035,0.0,0.4253508771929824,0.0,0.0,2016-05-30T02:10:54Z,ls8,qd9y5ct8ket9,0.43033368832090874,0.16382676606318777,0.40583954561590346
0.37176470588235294,0.20980392156862743,0.5526315789473684,0.40313725490196084,0.0,0.0,2016-06-15T02:10:56Z,ls8,qd9y5ct8ket9,0.40939864595778575,0.21306252489048183,0.3775388291517323
0.21865671641791046,0.34358208955223885,0.4122807017543859,0.4264179104477612,0.0,0.0,2016-06-23T02:13:48Z,ls7,qd9y5ct8ket9,0.4313103864734299,0.34752415458937197,0.22116545893719805
,,1.0,,,,2016-06-30T02:19:59Z,ls7,qd9y5ct8ket9,,,
0.3128947368421053,0.19719298245614028,0.0,0.47412280701754383,0.0,0.0,2016-07-01T02:11:05Z,ls8,qd9y5ct8ket9,0.48172905525846704,0.20035650623885912,0.3179144385026738
,,1.0,,,,2016-07-09T02:13:48Z,ls7,qd9y5ct8ket9,,,
,,1.0,,,,2016-07-17T02:11:12Z,ls8,qd9y5ct8ket9,,,
0.31139240506329113,0.22126582278481013,0.3070175438596491,0.4543037974683544,0.0,0.0,2016-07-25T02:13:50Z,ls7,qd9y5ct8ket9,0.4603052456072848,0.22418879056047197,0.31550596383224316
,,1.0,,,,2016-08-01T02:20:02Z,ls7,qd9y5ct8ket9,,,
0.37219298245614035,0.15026315789473688,0.0,0.462280701754386,0.0,0.0,2016-08-02T02:11:16Z,ls8,qd9y5ct8ket9,0.4694459290931766,0.15259219668626406,0.37796187422055944
0.26843749999999994,0.2353125,0.1578947368421053,0.4830208333333333,0.0,0.0,2016-08-10T02:13:52Z,ls7,qd9y5ct8ket9,0.4894964636334847,0.23846722263274575,0.27203631373376963
0.16360000000000002,0.055200000000000006,0.7807017543859649,0.408,0.08,0.28,2016-08-18T02:11:20Z,ls8,qd9y5ct8ket9,0.4165922144224633,0.05636247606892151,0.1670453095086152
0.3844047619047619,0.1330952380952381,0.26315789473684215,0.47071428571428564,0.0,0.0,2016-08-26T02:13:54Z,ls7,qd9y5ct8ket9,0.47632815323454997,0.13468256836525722,0.38898927840019276
0.33859649122807023,0.18096491228070175,0.0,0.4641228070175438,0.0,0.0,2016-09-03T02:11:26Z,ls8,qd9y5ct8ket9,0.4718209381130729,0.1839664704833244,0.34421259140360266
0.21407407407407406,0.3718518518518518,0.7631578947368421,0.39925925925925926,0.0,0.0,2016-09-19T02:11:28Z,ls8,qd9y5ct8ket9,0.4052631578947368,0.37744360902255636,0.21729323308270676
0.28625000000000006,0.23636363636363641,0.22807017543859653,0.46329545454545457,0.0,0.0,2016-09-27T02:13:59Z,ls7,qd9y5ct8ket9,0.4699170124481327,0.239741816505302,0.29034117104656526
0.34087719298245606,0.25894736842105265,0.0,0.38368421052631574,0.0,0.0,2016-10-05T02:11:31Z,ls8,qd9y5ct8ket9,0.39011773100249725,0.26328933285765255,0.3465929361398501
0.2595505617977528,0.3840449438202247,0.2192982456140351,0.34404494382022477,0.0,0.0,2016-10-13T02:13:59Z,ls7,qd9y5ct8ket9,0.3483503981797498,0.38885096700796357,0.2627986348122867
0.3345614035087719,0.35938596491228075,0.0,0.29035087719298247,0.0,0.0,2016-10-21T02:11:35Z,ls8,qd9y5ct8ket9,0.29498262186970864,0.36511897335353366,0.33989840477675787
0.35988636363636367,0.40363636363636357,0.22807017543859653,0.22215909090909092,0.0,0.0,2016-10-29T02:13:55Z,ls7,qd9y5ct8ket9,0.22538621166705097,0.40949965413880557,0.36511413419414346
0.3083333333333334,0.44043859649122813,0.0,0.23517543859649126,0.0,0.0,2016-11-06T02:11:35Z,ls8,qd9y5ct8ket9,0.23901221360435057,0.4476241419274316,0.31336364446821796
0.32833333333333337,0.46937499999999993,0.1578947368421053,0.18822916666666667,0.0,0.0,2016-11-14T02:13:47Z,ls7,qd9y5ct8ket9,0.1909138932910724,0.4760697305863708,0.33301637612255686
0.337280701754386,0.45149122807017544,0.0,0.1952631578947369,0.0,0.0,2016-11-22T02:11:35Z,ls8,qd9y5ct8ket9,0.19843109288643257,0.4588161882688536,0.3427527188447139
0.33297872340425533,0.4887234042553192,0.17543859649122806,0.16521276595744683,0.0,0.0,2016-11-30T02:13:45Z,ls7,qd9y5ct8ket9,0.16740325536272502,0.49520319068664437,0.3373935539506306
0.3364912280701755,0.4608771929824561,0.0,0.18649122807017543,0.0,0.0,2016-12-08T02:11:33Z,ls8,qd9y5ct8ket9,0.18955064194008556,0.46843794579172604,0.3420114122681883
0.32142857142857145,0.4806493506493506,0.32456140350877194,0.1853246753246753,0.0,0.0,2016-12-16T02:13:40Z,ls7,qd9y5ct8ket9,0.18768907010390637,0.48678153360515586,0.32552939629093786
0.30815789473684213,0.4930701754385965,0.0,0.18280701754385967,0.0,0.0,2016-12-24T02:11:28Z,ls8,qd9y5ct8ket9,0.18577286503833126,0.5010697093956142,0.3131574255660546
0.3053012048192771,0.49867469879518084,0.27192982456140347,0.1821686746987952,0.0,0.0,2017-01-01T02:13:32Z,ls7,qd9y5ct8ket9,0.18472816127061695,0.5056811240073305,0.30959071472205246
0.34763157894736846,0.45535087719298245,0.0,0.18078947368421053,0.0,0.0,2017-01-09T02:11:25Z,ls8,qd9y5ct8ket9,0.18377173428444046,0.46286223807400795,0.3533660276415515
0.41020833333333334,0.40687499999999993,0.1578947368421053,0.16906250000000003,0.0,0.0,2017-01-17T02:13:22Z,ls7,qd9y5ct8ket9,0.17143762543572413,0.4125911059469736,0.4159712686173022
0.3790350877192983,0.4287719298245614,0.0,0.1756140350877193,0.0,0.0,2017-01-25T02:11:20Z,ls8,qd9y5ct8ket9,0.17857461421817858,0.436000356792436,0.38542502898938547
0.39999999999999997,0.43711340206185567,0.14912280701754388,0.14907216494845363,0.0,0.0,2017-02-02T02:13:14Z,ls7,qd9y5ct8ket9,0.15116035960694127,0.44323646247125237,0.4056031779218064
,,1.0,,,,2017-02-10T02:11:12Z,ls8,qd9y5ct8ket9,,,
0.3481052631578948,0.4708421052631578,0.16666666666666663,0.1686315789473684,0.0,0.0,2017-02-18T02:13:13Z,ls7,qd9y5ct8ket9,0.17075250479641868,0.4767640162012363,0.352483479002345
0.3787719298245615,0.40929824561403505,0.0,0.1953508771929825,0.0,0.0,2017-02-26T02:11:07Z,ls8,qd9y5ct8ket9,0.19864418874319867,0.41619837659441616,0.3851574346623852
0.4331578947368421,0.41505263157894734,0.16666666666666663,0.13821052631578945,0.0,0.0,2017-03-06T02:13:21Z,ls7,qd9y5ct8ket9,0.1401131149290364,0.4207661935759257,0.4391206914950379
0.2643076923076923,0.5983076923076923,0.4298245614035088,0.12400000000000001,0.0,0.0,2017-03-14T02:10:58Z,ls8,qd9y5ct8ket9,0.1256822080149696,0.6064244503352565,0.26789334164977385
0.08260869565217392,0.5917391304347825,0.39473684210526316,0.1426086956521739,0.014492753623188406,0.15942028985507245,2017-03-22T02:13:27Z,ls7,qd9y5ct8ket9,0.14420251290001623,0.5983525001735428,0.08353194344818014
,,1.0,,,,2017-03-29T02:19:39Z,ls7,qd9y5ct8ket9,,,
0.4987719298245614,0.3209649122807018,0.0,0.16271929824561404,0.0,0.0,2017-03-30T02:10:50Z,ls8,qd9y5ct8ket9,0.165625,0.3266964285714286,0.5076785714285714
0.4372000000000001,0.43360000000000004,0.3421052631578947,0.11706666666666668,0.0,0.0,2017-04-07T02:13:31Z,ls7,qd9y5ct8ket9,0.1185045215278715,0.43892563098933723,0.4425698474827912
0.4973684210526316,0.31298245614035086,0.0,0.1719298245614035,0.0,0.0,2017-04-15T02:10:42Z,ls8,qd9y5ct8ket9,0.1750312555813538,0.3186283264868726,0.5063404179317735
0.49839999999999995,0.35019999999999996,0.1228070175438597,0.1384,0.0,0.0,2017-04-23T02:13:38Z,ls7,qd9y5ct8ket9,0.1402228976697062,0.3548125633232016,0.5049645390070923
0.5060526315789473,0.3078947368421053,0.0,0.1683333333333333,0.0,0.0,2017-05-01T02:10:31Z,ls8,qd9y5ct8ket9,0.1713698874799071,0.3134488301482408,0.5151812823718521
0.47964912280701755,0.3219298245614035,0.0,0.18166666666666664,0.0,0.0,2017-05-17T02:10:42Z,ls8,qd9y5ct8ket9,0.184762244624855,0.3274154697118387,0.48782228566330627
0.48183908045977014,0.33885057471264374,0.23684210526315785,0.165632183908046,0.0,0.0,2017-05-25T02:13:45Z,ls7,qd9y5ct8ket9,0.1679291457872043,0.34354970283183783,0.488521151380958
0.5220652173913043,0.3103260869565217,0.19298245614035092,0.1497826086956522,0.0,0.0,2017-06-02T02:10:51Z,ls8,qd9y5ct8ket9,0.15250110668437364,0.315958388667552,0.5315405046480743
,,1.0,,,,2017-06-10T02:13:50Z,ls7,qd9y5ct8ket9,,,
0.5575438596491228,0.25035087719298244,0.0,0.17403508771929824,0.0,0.0,2017-06-18T02:10:58Z,ls8,qd9y5ct8ket9,0.1772378059674826,0.2549580132213686,0.5678041808111488
0.5442424242424243,0.29373737373737374,0.13157894736842102,0.1504040404040404,0.0,0.0,2017-06-26T02:13:53Z,ls7,qd9y5ct8ket9,0.15217169136433314,0.2971895758814512,0.5506387327542156
,,1.0,,,,2017-07-04T02:11:02Z,ls8,qd9y5ct8ket9,,,
,,1.0,,,,2017-07-12T02:13:54Z,ls7,qd9y5ct8ket9,,,
0.15654545454545454,0.4978181818181819,0.03508771929824561,0.2615454545454545,0.0,0.07272727272727272,2017-07-20T02:11:06Z,ls8,qd9y5ct8ket9,0.2647904353710805,0.5039945860591022,0.15848770584254454
,,1.0,,,,2017-08-05T02:11:14Z,ls8,qd9y5ct8ket9,,,
,,1.0,,,,2017-08-13T02:13:50Z,ls7,qd9y5ct8ket9,,,
0.37657894736842107,0.1520175438596491,0.0,0.4592982456140351,0.0,0.0,2017-08-21T02:11:19Z,ls8,qd9y5ct8ket9,0.4649263008346652,0.15388030545196232,0.38119339371337235
,,1.0,,,,2017-08-29T02:13:51Z,ls7,qd9y5ct8ket9,,,
,,1.0,,,,2017-09-06T02:11:21Z,ls8,qd9y5ct8ket9,,,
0.40061855670103086,0.15061855670103091,0.14912280701754388,0.437938144329897,0.0,0.0,2017-09-14T02:13:49Z,ls7,qd9y5ct8ket9,0.44273058884835864,0.1522668056279312,0.4050026055237102
0.3298837209302325,0.23837209302325577,0.24561403508771928,0.4188372093023256,0.0,0.0,2017-09-30T02:13:50Z,ls7,qd9y5ct8ket9,0.4243138178819649,0.24148898574625982,0.3341971963717752
,,1.0,,,,2017-10-08T02:11:30Z,ls8,qd9y5ct8ket9,,,
0.36428571428571427,0.4271428571428571,0.6929824561403508,0.19485714285714287,0.0,0.0,2017-10-24T02:11:33Z,ls8,qd9y5ct8ket9,0.197566628041715,0.4330822711471611,0.369351100811124
0.3896907216494845,0.4125773195876289,0.14912280701754388,0.18505154639175256,0.0,0.0,2017-11-01T02:13:52Z,ls7,qd9y5ct8ket9,0.1874282134280046,0.41787616163725594,0.3946956249347394
0.3407017543859649,0.4496491228070175,0.0,0.19394736842105265,0.0,0.0,2017-11-09T02:11:31Z,ls8,qd9y5ct8ket9,0.19704126191961505,0.4568220301220925,0.3461367079582925
0.37587719298245614,0.44938596491228067,0.0,0.15877192982456143,0.0,0.0,2017-11-25T02:11:25Z,ls8,qd9y5ct8ket9,0.1613478338384739,0.4566767694776252,0.38197539668390085
,,1.0,,,,2017-12-03T02:13:43Z,ls7,qd9y5ct8ket9,,,
0.3828947368421052,0.4646491228070175,0.0,0.13631578947368422,0.0,0.0,2017-12-11T02:11:23Z,ls8,qd9y5ct8ket9,0.13855206847360915,0.47227175463623394,0.3891761768901569
0.4398913043478261,0.44880434782608697,0.19298245614035092,0.0983695652173913,0.0,0.0,2017-12-19T02:13:34Z,ls7,qd9y5ct8ket9,0.0996586279044158,0.45468560731197005,0.44565576478361413
0.4402631578947369,0.428859649122807,0.0,0.11412280701754388,0.0,0.0,2017-12-27T02:11:25Z,ls8,qd9y5ct8ket9,0.11606744580248016,0.4361673655098581,0.44776518868766174
0.5026041666666666,0.38177083333333334,0.1578947368421053,0.10291666666666667,0.0,0.0,2018-01-04T02:13:22Z,ls7,qd9y5ct8ket9,0.10424140113948091,0.3866849546317789,0.5090736442287402
0.45535087719298245,0.4096491228070176,0.0,0.11763157894736843,0.0,0.0,2018-01-12T02:11:19Z,ls8,qd9y5ct8ket9,0.11971076593465453,0.4168898410998036,0.46339939296554183
0.125,0.7250000000000001,0.9649122807017544,0.14,0.0,0.0,2018-01-20T02:13:08Z,ls7,qd9y5ct8ket9,0.1414141414141414,0.7323232323232324,0.12626262626262624
0.47377192982456146,0.3930701754385965,0.0,0.11596491228070177,0.0,0.0,2018-01-28T02:11:10Z,ls8,qd9y5ct8ket9,0.11799357372367013,0.399946447697251,0.48205997857907895
,,1.0,,,,2018-02-12T02:18:58Z,ls7,qd9y5ct8ket9,,,
0.48780701754385963,0.3728947368421052,0.0,0.12210526315789473,0.0,0.0,2018-02-13T02:11:03Z,ls8,qd9y5ct8ket9,0.12424134237772225,0.379418064976794,0.4963405926454838
0.5098979591836735,0.3762244897959183,0.14035087719298245,0.10142857142857142,0.0,0.0,2018-02-21T02:12:42Z,ls7,qd9y5ct8ket9,0.10270717090307915,0.3809671419714817,0.5163256871254392
,,1.0,,,,2018-02-28T02:18:48Z,ls7,qd9y5ct8ket9,,,
0.43245614035087715,0.42500000000000004,0.0,0.12570175438596493,0.0,0.0,2018-03-01T02:10:57Z,ls8,qd9y5ct8ket9,0.12785510349750182,0.43228051391862965,0.4398643825838687
0.5007142857142857,0.3961224489795918,0.14035087719298245,0.09081632653061225,0.0,0.0,2018-03-09T02:12:31Z,ls7,qd9y5ct8ket9,0.09195164789751009,0.40107449116644284,0.5069738609360471
0.5050892857142857,0.3545535714285715,0.01754385964912286,0.12276785714285716,0.0,0.0,2018-03-17T02:10:47Z,ls8,qd9y5ct8ket9,0.12496591838589477,0.36090157229846415,0.5141325093156411
,,1.0,,,,2018-04-01T02:18:23Z,ls7,qd9y5ct8ket9,,,
0.46026315789473676,0.3955263157894737,0.0,0.12666666666666668,0.0,0.0,2018-04-02T02:10:41Z,ls8,qd9y5ct8ket9,0.12892857142857145,0.40258928571428576,0.4684821428571428
0.0,0.0,0.9649122807017544,0.0,1.0,0.0,2018-04-18T02:10:31Z,ls8,qd9y5ct8ket9,0.0,0.0,0.0
,,1.0,,,,2018-04-26T02:11:47Z,ls7,qd9y5ct8ket9,,,
0.543859649122807,0.30333333333333323,0.0,0.135,0.0,0.0,2018-05-04T02:10:23Z,ls8,qd9y5ct8ket9,0.13744753058855053,0.3088327230508171,0.5537197463606324
0.5347368421052632,0.34863157894736846,0.16666666666666663,0.10536842105263158,0.0,0.0,2018-05-12T02:11:30Z,ls7,qd9y5ct8ket9,0.10656872138826785,0.35260300223570745,0.5408282763760247
,,1.0,,,,2018-05-19T02:17:35Z,ls7,qd9y5ct8ket9,,,
0.5487719298245614,0.2958771929824561,0.0,0.13780701754385968,0.0,0.0,2018-05-20T02:10:11Z,ls8,qd9y5ct8ket9,0.1402678571428572,0.3011607142857143,0.5585714285714286
0.39752577319587623,0.4381443298969072,0.14912280701754388,0.15164948453608246,0.0,0.0,2018-05-28T02:11:16Z,ls7,qd9y5ct8ket9,0.15359715986216976,0.44377153597159863,0.40263130416623155
0.10804347826086957,0.4398913043478261,0.19298245614035092,0.4383695652173913,0.0,0.0,2018-06-13T02:10:59Z,ls7,qd9y5ct8ket9,0.4444566894423628,0.4459995591800749,0.10954375137756227
,,1.0,,,,2018-06-20T02:17:02Z,ls7,qd9y5ct8ket9,,,
0.5208163265306123,0.03836734693877551,0.5701754385964912,0.42959183673469387,0.0,0.0,2018-06-21T02:10:12Z,ls8,qd9y5ct8ket9,0.434468524251806,0.03880288957688339,0.5267285861713107
0.3026041666666667,0.19229166666666667,0.1578947368421053,0.491875,0.0,0.0,2018-06-29T02:10:41Z,ls7,qd9y5ct8ket9,0.49846933389633696,0.1948696294732397,0.3066610366304233
,,1.0,,,,2018-07-06T02:16:43Z,ls7,qd9y5ct8ket9,,,
,,1.0,,,,2018-07-07T02:10:21Z,ls8,qd9y5ct8ket9,,,
0.08507462686567165,0.2614925373134328,0.4122807017543859,0.3504477611940299,0.0,0.29850746268656714,2018-07-15T02:10:22Z,ls7,qd9y5ct8ket9,0.35269903160855265,0.26317236089360474,0.08562114481127553
0.0846153846153846,0.16,0.8859649122807017,0.7415384615384616,0.0,0.0,2018-07-23T02:10:27Z,ls8,qd9y5ct8ket9,0.7519500780031201,0.16224648985959436,0.08580343213728547
0.22875,0.19760416666666666,0.1578947368421053,0.5602083333333333,0.0,0.0,2018-07-31T02:10:05Z,ls7,qd9y5ct8ket9,0.567838665399641,0.20029563932002956,0.23186569528032944
,,1.0,,,,2018-08-08T02:10:36Z,ls8,qd9y5ct8ket9,,,
0.19589473684210526,0.22063157894736843,0.16666666666666663,0.5687368421052632,0.0,0.0,2018-08-16T02:09:47Z,ls7,qd9y5ct8ket9,0.5772435897435898,0.22393162393162394,0.1988247863247863
,,1.0,,,,2018-08-23T02:15:50Z,ls7,qd9y5ct8ket9,,,
0.2912280701754386,0.16815789473684212,0.0,0.5257017543859649,0.0,0.0,2018-08-24T02:10:44Z,ls8,qd9y5ct8ket9,0.5336598397150489,0.17070347284060552,0.2956366874443455
0.2266216216216216,0.21621621621621623,0.3508771929824561,0.5432432432432434,0.0,0.0,2018-09-01T02:09:28Z,ls7,qd9y5ct8ket9,0.5509113334246951,0.21926819240783882,0.22982047416746604
0.27596491228070175,0.19842105263157894,0.0,0.5075438596491229,0.0,0.0,2018-09-09T02:10:50Z,ls8,qd9y5ct8ket9,0.5168840450241201,0.20207253886010362,0.28104341611577627
0.32875000000000004,0.17203125000000002,0.4385964912280702,0.48671875,0.0,0.0,2018-09-17T02:09:07Z,ls7,qd9y5ct8ket9,0.492879746835443,0.17420886075949368,0.33291139240506334
,,1.0,,,,2018-09-24T02:15:08Z,ls7,qd9y5ct8ket9,,,
0.29859649122807025,0.2580701754385965,0.0,0.4263157894736842,0.0,0.0,2018-09-25T02:10:55Z,ls8,qd9y5ct8ket9,0.4336962341602712,0.2625379261110119,0.3037658397287168
0.13999999999999999,0.47850000000000004,0.6491228070175439,0.36924999999999997,0.0,0.0,2018-10-03T02:08:44Z,ls7,qd9y5ct8ket9,0.37382941027587946,0.48443432042520884,0.14173626929891164
0.08205128205128205,0.38025641025641027,0.6578947368421053,0.1466666666666667,0.0,0.38461538461538464,2018-10-11T02:11:03Z,ls8,qd9y5ct8ket9,0.1482105263157895,0.38425910931174084,0.08291497975708502
0.10511627906976745,0.6611627906976744,0.24561403508771928,0.22267441860465115,0.0,0.0,2018-10-19T02:08:21Z,ls7,qd9y5ct8ket9,0.22516166960611406,0.6685479129923574,0.10629041740152853
,,1.0,,,,2018-10-26T02:14:23Z,ls7,qd9y5ct8ket9,,,
0.3173684210526315,0.44499999999999995,0.0,0.22307017543859653,0.0,0.0,2018-10-27T02:11:08Z,ls8,qd9y5ct8ket9,0.2263663877514688,0.45157557414990207,0.32205803809862915
0.23735632183908045,0.5673563218390805,0.23684210526315785,0.18160919540229883,0.0,0.0,2018-11-04T02:08:00Z,ls7,qd9y5ct8ket9,0.184127724041487,0.5752243328283417,0.2406479431301713
0.26660194174757285,0.5270873786407767,0.0964912280701754,0.19184466019417476,0.0,0.0,2018-11-12T02:11:10Z,ls8,qd9y5ct8ket9,0.19466062456900798,0.5348241552556399,0.27051522017535223
0.24951219512195127,0.5554878048780487,0.2807017543859649,0.18243902439024393,0.0,0.0,2018-11-20T02:07:38Z,ls7,qd9y5ct8ket9,0.18475978757564532,0.5625540323576632,0.2526861800666914
,,1.0,,,,2018-11-27T02:13:38Z,ls7,qd9y5ct8ket9,,,
0.28184210526315784,0.5253508771929825,0.0,0.17859649122807017,0.0,0.0,2018-11-28T02:11:10Z,ls8,qd9y5ct8ket9,0.1811710268731091,0.5329240078305748,0.285904965296316
,,1.0,,,,2018-12-13T02:13:12Z,ls7,qd9y5ct8ket9,,,
0.2837719298245614,0.5202631578947369,0.0,0.18070175438596492,0.0,0.0,2018-12-14T02:11:06Z,ls8,qd9y5ct8ket9,0.18350258328879387,0.5283270978086585,0.2881703189025477
0.2969148936170213,0.5342553191489362,0.17543859649122806,0.15510638297872342,0.0,0.0,2018-12-22T02:06:46Z,ls7,qd9y5ct8ket9,0.15726458850177974,0.5416891381727968,0.30104627332542333
,,1.0,,,,2018-12-29T02:12:44Z,ls7,qd9y5ct8ket9,,,
0.25570175438596493,0.5450877192982456,0.0,0.18482456140350875,0.0,0.0,2018-12-30T02:11:07Z,ls8,qd9y5ct8ket9,0.18752224991100033,0.5530437878248486,0.25943396226415094
0.29031250000000003,0.5392708333333334,0.1578947368421053,0.15666666666666668,0.0,0.0,2019-01-07T02:06:17Z,ls7,qd9y5ct8ket9,0.1588508660752007,0.5467891846218842,0.2943599493029151
,,1.0,,,,2019-01-14T02:12:14Z,ls7,qd9y5ct8ket9,,,
0.26315789473684215,0.5335087719298246,0.0,0.1881578947368421,0.0,0.0,2019-01-15T02:11:05Z,ls8,qd9y5ct8ket9,0.1910572726462991,0.5417297586176183,0.2672129687360827
0.29627906976744184,0.46860465116279065,0.6228070175438596,0.22209302325581398,0.0,0.0,2019-01-23T02:05:46Z,ls7,qd9y5ct8ket9,0.22502356267672013,0.47478793590951934,0.30018850141376063
0.2673913043478261,0.5234782608695652,0.7982456140350878,0.19608695652173913,0.0,0.0,2019-01-30T02:11:43Z,ls7,qd9y5ct8ket9,0.1986784140969163,0.5303964757709251,0.2709251101321586
0.29333333333333333,0.5079824561403509,0.0,0.1835964912280702,0.0,0.0,2019-01-31T02:11:01Z,ls8,qd9y5ct8ket9,0.18640897755610975,0.5157641610260064,0.29782686141788384
0.2682608695652174,0.5575,0.19298245614035092,0.1597826086956522,0.0,0.0,2019-02-08T02:05:17Z,ls7,qd9y5ct8ket9,0.16212639241204369,0.5656777324363075,0.27219587515164884
0.32,0.5,0.9912280701754386,0.17,0.0,0.0,2019-02-15T02:11:15Z,ls7,qd9y5ct8ket9,0.17171717171717174,0.5050505050505051,0.32323232323232326
0.276140350877193,0.5106140350877193,0.0,0.19754385964912283,0.0,0.0,2019-02-16T02:10:59Z,ls8,qd9y5ct8ket9,0.20069512521165672,0.5187594688530434,0.2805454059352999
0.2777777777777778,0.5527777777777778,0.21052631578947367,0.1567777777777778,0.0,0.0,2019-02-24T02:04:48Z,ls7,qd9y5ct8ket9,0.15878910645959937,0.5598694575737114,0.28134143596668915
0.35,0.44,0.9912280701754386,0.19,0.0,0.0,2019-03-03T02:10:45Z,ls7,qd9y5ct8ket9,0.19387755102040816,0.4489795918367347,0.35714285714285715
,,1.0,,,,2019-03-04T02:10:54Z,ls8,qd9y5ct8ket9,,,
0.2688311688311688,0.5235064935064935,0.32456140350877194,0.19428571428571428,0.0,0.0,2019-03-12T02:04:17Z,ls7,qd9y5ct8ket9,0.1969198367776754,0.5306041858628406,0.27247597735948403
,,1.0,,,,2019-03-19T02:10:14Z,ls7,qd9y5ct8ket9,,,
0.28438596491228074,0.4878947368421053,0.0,0.21228070175438593,0.0,0.0,2019-03-20T02:10:49Z,ls8,qd9y5ct8ket9,0.2156094084105488,0.4955452601568069,0.28884533143264435
0.31673684210526315,0.5223157894736842,0.16666666666666663,0.14631578947368426,0.0,0.0,2019-03-28T02:03:45Z,ls7,qd9y5ct8ket9,0.1484884093579746,0.5300715735498344,0.32144001709219094
0.3833333333333333,0.4085087719298246,0.0,0.1917543859649123,0.0,0.0,2019-04-05T02:10:46Z,ls8,qd9y5ct8ket9,0.19495228752341034,0.41532150182823513,0.38972621064835455
0.23929577464788734,0.5778873239436619,0.3771929824561403,0.1715492957746479,0.0,0.0,2019-04-13T02:03:12Z,ls7,qd9y5ct8ket9,0.17350427350427353,0.5844729344729345,0.24202279202279206
0.39850877192982453,0.4066666666666667,0.0,0.17710526315789474,0.0,0.0,2019-04-21T02:10:39Z,ls8,qd9y5ct8ket9,0.1803000535809966,0.4140025004465083,0.4056974459724951
0.3812280701754386,0.41175438596491226,0.0,0.19026315789473686,0.0,0.0,2019-05-07T02:10:43Z,ls8,qd9y5ct8ket9,0.19350521902043002,0.4187706307431528,0.38772415023641715
0.4141758241758242,0.4272527472527472,0.20175438596491224,0.1458241758241758,0.0,0.0,2019-05-15T02:01:59Z,ls7,qd9y5ct8ket9,0.14770703472840604,0.43276936776491537,0.41952359750667856
0.27825,0.515,0.6491228070175439,0.1935,0.0,0.0,2019-05-22T02:07:53Z,ls7,qd9y5ct8ket9,0.1960983025082341,0.5219153787686851,0.28198631872308083
,,1.0,,,,2019-05-23T02:10:53Z,ls8,qd9y5ct8ket9,,,
,,1.0,,,,2019-05-31T02:01:24Z,ls7,qd9y5ct8ket9,,,
,,1.0,,,,2019-06-08T02:11:01Z,ls8,qd9y5ct8ket9,,,
0.25,0.49,0.9912280701754386,0.26,0.0,0.0,2019-06-24T02:11:07Z,ls8,qd9y5ct8ket9,0.26,0.49,0.25
0.12460526315789475,0.42026315789473684,0.33333333333333337,0.4423684210526315,0.0,0.0,2019-07-02T02:00:13Z,ls7,qd9y5ct8ket9,0.448087431693989,0.4256963881114221,0.12621618019458883
,,1.0,,,,2019-07-09T02:06:08Z,ls7,qd9y5ct8ket9,,,
0.3458771929824562,0.22184210526315787,0.0,0.4169298245614035,0.0,0.0,2019-07-10T02:11:10Z,ls8,qd9y5ct8ket9,0.4234298440979955,0.22530066815144764,0.3512694877505569
0.3489690721649485,0.20556701030927832,0.14912280701754388,0.43257731958762885,0.0,0.0,2019-07-18T01:59:36Z,ls7,qd9y5ct8ket9,0.4382245430809399,0.20825065274151433,0.3535248041775457
0.44415094339622646,0.15735849056603773,0.5350877192982456,0.38641509433962273,0.0,0.0,2019-07-26T02:11:15Z,ls8,qd9y5ct8ket9,0.3911382734912147,0.1592818945760122,0.44957983193277307
0.4118867924528302,0.15641509433962267,0.5350877192982456,0.42132075471698116,0.0,0.0,2019-08-03T01:58:57Z,ls7,qd9y5ct8ket9,0.42573879885605337,0.1580552907530982,0.4162059103908484
0.13,0.42,0.9912280701754386,0.43,0.0,0.0,2019-08-10T02:04:51Z,ls7,qd9y5ct8ket9,0.4387755102040816,0.42857142857142855,0.1326530612244898
0.38578947368421057,0.1912280701754386,0.0,0.40684210526315784,0.0,0.0,2019-08-11T02:11:21Z,ls8,qd9y5ct8ket9,0.4135164051355206,0.1943651925820257,0.3921184022824537
0.2951190476190476,0.21904761904761902,0.26315789473684215,0.4725,0.0,0.0,2019-08-19T01:58:17Z,ls7,qd9y5ct8ket9,0.47888513513513514,0.222007722007722,0.2991071428571429
0.19375,0.40375,0.9298245614035088,0.39,0.0,0.0,2019-08-26T02:04:10Z,ls7,qd9y5ct8ket9,0.39493670886075954,0.4088607594936709,0.19620253164556964
0.3844736842105263,0.193859649122807,0.0,0.4062280701754386,0.0,0.0,2019-08-27T02:11:25Z,ls8,qd9y5ct8ket9,0.41259800427655025,0.19689950106913753,0.39050249465431214
,,1.0,,,,2019-09-04T01:57:36Z,ls7,qd9y5ct8ket9,,,
0.3557017543859649,0.26684210526315794,0.0,0.3612280701754386,0.0,0.0,2019-09-12T02:11:30Z,ls8,qd9y5ct8ket9,0.3671868033883192,0.2712438698172091,0.3615693267944716
0.30941176470588233,0.3383529411764706,0.2543859649122807,0.3396470588235294,0.0,0.0,2019-09-20T01:56:54Z,ls7,qd9y5ct8ket9,0.3439771237936376,0.3426665078041225,0.31335636840223996
0.2984210526315789,0.40350877192982454,0.5,0.28543859649122805,0.0,0.0,2019-09-27T02:02:46Z,ls7,qd9y5ct8ket9,0.28909026297086,0.40867093105899077,0.30223880597014924
0.3603508771929824,0.3517543859649124,0.0,0.2719298245614035,0.0,0.0,2019-09-28T02:11:35Z,ls8,qd9y5ct8ket9,0.27634159386699947,0.3574612230344091,0.3661971830985915
0.3670967741935484,0.4221505376344086,0.1842105263157895,0.19634408602150535,0.0,0.0,2019-10-06T01:56:13Z,ls7,qd9y5ct8ket9,0.19921448832642372,0.4283220597861662,0.37246345188741004
0.11545454545454546,0.7490909090909091,0.9035087719298246,0.1281818181818182,0.0,0.0,2019-10-14T02:11:38Z,ls8,qd9y5ct8ket9,0.12912087912087913,0.7545787545787546,0.1163003663003663
0.4180851063829787,0.4372340425531915,0.17543859649122806,0.13074468085106386,0.0,0.0,2019-10-22T01:55:33Z,ls7,qd9y5ct8ket9,0.13259251267666416,0.44341352896752617,0.42399395835580966
0.26,0.5366666666666666,0.9736842105263158,0.19666666666666668,0.0,0.0,2019-10-29T02:01:25Z,ls7,qd9y5ct8ket9,0.19798657718120807,0.5402684563758389,0.26174496644295303
0.35714285714285715,0.47040816326530616,0.14035087719298245,0.1573469387755102,0.0,0.0,2019-10-30T02:11:38Z,ls8,qd9y5ct8ket9,0.1597596353087443,0.47762121840033156,0.3626191462909242
0.4504347826086958,0.42478260869565215,0.19298245614035092,0.11032608695652174,0.0,0.0,2019-11-07T01:54:50Z,ls7,qd9y5ct8ket9,0.11194441380831587,0.4310135656777324,0.4570420205139518
0.54,0.345,0.9824561403508771,0.1,0.0,0.0,2019-11-14T02:00:42Z,ls7,qd9y5ct8ket9,0.10152284263959392,0.350253807106599,0.5482233502538072
0.43359649122807015,0.42210526315789476,0.0,0.12719298245614039,0.0,0.0,2019-11-15T02:11:35Z,ls8,qd9y5ct8ket9,0.12940651494868366,0.4294511378848728,0.4411423471664435
0.43255813953488376,0.4430232558139535,0.24561403508771928,0.11011627906976745,0.0,0.0,2019-11-23T01:54:06Z,ls7,qd9y5ct8ket9,0.11171404978176243,0.4494514568833314,0.43883449333490626
0.199,0.522,0.9122807017543859,0.268,0.0,0.0,2019-11-30T01:59:56Z,ls7,qd9y5ct8ket9,0.27098078867542974,0.5278058645096056,0.2012133468149646
0.4425438596491228,0.4181578947368422,0.0,0.12175438596491228,0.0,0.0,2019-12-01T02:11:33Z,ls8,qd9y5ct8ket9,0.12392857142857142,0.42562500000000003,0.4504464285714285
0.4616867469879518,0.4053012048192771,0.27192982456140347,0.11939759036144576,0.0,0.0,2019-12-09T01:53:19Z,ls7,qd9y5ct8ket9,0.12104556003420054,0.4108953218517161,0.4680591181140833
0.2313793103448276,0.5744827586206896,0.7456140350877193,0.1803448275862069,0.0,0.0,2019-12-16T01:59:09Z,ls7,qd9y5ct8ket9,0.18286713286713288,0.5825174825174825,0.23461538461538461
0.3926315789473684,0.46833333333333327,0.0,0.12175438596491228,0.0,0.0,2019-12-17T02:11:32Z,ls8,qd9y5ct8ket9,0.12389538516468805,0.4765687762206552,0.3995358386146568
0.40744680851063825,0.49457446808510636,0.17543859649122806,0.08648936170212765,0.0,0.0,2019-12-25T01:52:30Z,ls7,qd9y5ct8ket9,0.0874946190271201,0.5003228583727938,0.41218252260008603
0.5071052631578948,0.3789473684210526,0.33333333333333337,0.10223684210526315,0.0,0.0,2020-01-01T01:58:19Z,ls7,qd9y5ct8ket9,0.10344827586206895,0.3834376248169351,0.5131140993209959
0.4207246376811594,0.4520289855072464,0.39473684210526316,0.10855072463768116,0.0,0.0,2020-01-02T02:11:27Z,ls8,qd9y5ct8ket9,0.11061881553684833,0.4606409688376902,0.4287402156254615
0.5392631578947369,0.34357894736842104,0.16666666666666663,0.10526315789473686,0.0,0.0,2020-01-10T01:51:40Z,ls7,qd9y5ct8ket9,0.10653030787258977,0.3477149248961329,0.5457547672312772
0.3532727272727273,0.4918181818181818,0.5175438596491229,0.14072727272727276,0.0,0.0,2020-01-17T01:57:30Z,ls7,qd9y5ct8ket9,0.1427517521209886,0.49889339727037996,0.35835485060863154
0.43412280701754385,0.4264912280701755,0.0,0.12219298245614035,0.0,0.0,2020-01-18T02:11:24Z,ls8,qd9y5ct8ket9,0.12433059621563727,0.43395215994287756,0.44171724384148514
0.4145,0.45050000000000007,0.29824561403508776,0.12125000000000001,0.0,0.0,2020-01-26T01:50:53Z,ls7,qd9y5ct8ket9,0.1229404309252218,0.4567807351077313,0.42027883396704685
0.4359016393442623,0.44180327868852465,0.4649122807017544,0.10868852459016395,0.0,0.0,2020-02-02T01:56:43Z,ls7,qd9y5ct8ket9,0.11018780122984877,0.44789762340036565,0.44191457536978557
0.48824561403508776,0.37552631578947376,0.0,0.1193859649122807,0.0,0.0,2020-02-03T02:11:19Z,ls8,qd9y5ct8ket9,0.12143112062812277,0.38195931477516065,0.4966095645967166
0.3039024390243903,0.5839024390243903,0.2807017543859649,0.09963414634146343,0.0,0.0,2020-02-11T01:50:04Z,ls7,qd9y5ct8ket9,0.1009015684821539,0.5913301222675065,0.30776830925033966
,,1.0,,,,2020-02-18T01:55:53Z,ls7,qd9y5ct8ket9,,,
,,1.0,,,,2020-02-19T02:11:15Z,ls8,qd9y5ct8ket9,,,
0.1,0.75,0.9912280701754386,0.15,0.0,0.0,2020-03-05T01:55:02Z,ls7,qd9y5ct8ket9,0.15,0.75,0.1
,,1.0,,,,2020-03-06T02:11:10Z,ls8,qd9y5ct8ket9,,,
0.36318181818181816,0.5056818181818182,0.6140350877192983,0.11818181818181821,0.0,0.0,2020-03-14T01:48:22Z,ls7,qd9y5ct8ket9,0.11973290352291045,0.5123186737278379,0.36794842274925166
0.3876595744680851,0.4397872340425532,0.5877192982456141,0.15765957446808512,0.0,0.0,2020-03-21T01:54:09Z,ls7,qd9y5ct8ket9,0.16004319654427646,0.44643628509719224,0.3935205183585313
0.5289473684210526,0.2996491228070175,0.0,0.15385964912280703,0.0,0.0,2020-03-22T02:11:02Z,ls8,qd9y5ct8ket9,0.1566071428571429,0.305,0.5383928571428571
0.576236559139785,0.2868817204301075,0.1842105263157895,0.12440860215053766,0.0,0.0,2020-03-30T01:47:28Z,ls7,qd9y5ct8ket9,0.12597996515679444,0.2905052264808362,0.5835148083623694
0.5272881355932203,0.3189830508474577,0.48245614035087714,0.1411864406779661,0.0,0.0,2020-04-06T01:53:15Z,ls7,qd9y5ct8ket9,0.14297974596635768,0.323034672159286,0.5339855818743563
0.5212280701754386,0.3192982456140351,0.0,0.14149122807017542,0.0,0.0,2020-04-07T02:10:53Z,ls8,qd9y5ct8ket9,0.14408217954443947,0.3251451540866458,0.5307726663689147
0.4105333333333333,0.4173333333333332,0.3421052631578947,0.15946666666666667,0.0,0.0,2020-04-15T01:46:33Z,ls7,qd9y5ct8ket9,0.16151249155975694,0.42268737339635376,0.4158001350438893
0.5672131147540983,0.32311475409836066,0.4649122807017544,0.09475409836065574,0.0,0.0,2020-04-22T01:52:19Z,ls7,qd9y5ct8ket9,0.0961890497586953,0.32800798801797304,0.5758029622233316
0.5684210526315789,0.2628070175438596,0.0,0.15087719298245614,0.0,0.0,2020-04-23T02:10:47Z,ls8,qd9y5ct8ket9,0.1536262951053948,0.26759556984637367,0.5787781350482315
0.6218085106382978,0.24425531914893617,0.17543859649122806,0.12180851063829788,0.0,0.0,2020-05-01T01:45:36Z,ls7,qd9y5ct8ket9,0.1233038983415895,0.24725393064828777,0.6294421710101227
0.15681159420289856,0.6215942028985506,0.39473684210526316,0.20869565217391306,0.0,0.0,2020-05-08T01:51:22Z,ls7,qd9y5ct8ket9,0.21142269857583323,0.6297166348553809,0.1588606665687858
,,1.0,,,,2020-05-09T02:10:38Z,ls8,qd9y5ct8ket9,,,
,,1.0,,,,2020-05-17T01:44:38Z,ls7,qd9y5ct8ket9,,,
,,1.0,,,,2020-05-25T02:10:41Z,ls8,qd9y5ct8ket9,,,
0.5637362637362637,0.22406593406593409,0.20175438596491224,0.19978021978021981,0.0,0.0,2020-06-02T01:43:40Z,ls7,qd9y5ct8ket9,0.20229219984421945,0.22688327584288417,0.5708245243128964
0.4129545454545455,0.2975,0.6140350877192983,0.2770454545454546,0.0,0.0,2020-06-09T01:49:27Z,ls7,qd9y5ct8ket9,0.2805523590333717,0.3012658227848101,0.4181818181818182
0.5699122807017544,0.1774561403508772,0.0,0.23956140350877192,0.0,0.0,2020-06-10T02:10:50Z,ls8,qd9y5ct8ket9,0.2427339792018487,0.17980623944538263,0.5774597813527687
,,1.0,,,,2020-06-18T01:42:44Z,ls7,qd9y5ct8ket9,,,
0.17045454545454544,0.42772727272727273,0.8070175438596492,0.38818181818181824,0.0,0.0,2020-06-25T01:48:30Z,ls7,qd9y5ct8ket9,0.39354838709677425,0.4336405529953917,0.1728110599078341
0.4439473684210527,0.18596491228070172,0.0,0.3576315789473684,0.0,0.0,2020-06-26T02:10:59Z,ls8,qd9y5ct8ket9,0.36214247646118314,0.18831053473085801,0.44954698880795885
0.4390425531914894,0.1595744680851064,0.17543859649122806,0.39085106382978724,0.0,0.0,2020-07-04T01:41:47Z,ls7,qd9y5ct8ket9,0.395011289108698,0.16127298139984947,0.4437157294914525
0.2508888888888889,0.26933333333333337,0.6052631578947368,0.46888888888888886,0.0,0.0,2020-07-11T01:47:32Z,ls7,qd9y5ct8ket9,0.47405077510671756,0.2722983599191193,0.2536508649741631
0.4623684210526316,0.14877192982456142,0.0,0.378421052631579,0.0,0.0,2020-07-12T02:11:05Z,ls8,qd9y5ct8ket9,0.3824129066572112,0.15034128180125875,0.46724581154152994
0.40139784946236556,0.15225806451612903,0.1842105263157895,0.43537634408602155,0.0,0.0,2020-07-20T01:40:49Z,ls7,qd9y5ct8ket9,0.44020439225918684,0.15394651011089366,0.40584909762991955
0.31266666666666665,0.23800000000000002,0.6052631578947368,0.438,0.0,0.0,2020-07-27T01:46:33Z,ls7,qd9y5ct8ket9,0.44302090357383683,0.2407282535401214,0.31625084288604177
,,1.0,,,,2020-07-28T02:11:10Z,ls8,qd9y5ct8ket9,,,
0.35337837837837843,0.21878378378378374,0.3508771929824561,0.41500000000000004,0.0,0.0,2020-08-05T01:39:49Z,ls7,qd9y5ct8ket9,0.42039698836413414,0.22162902121834355,0.35797399041752226
0.3955555555555555,0.07888888888888888,0.9210526315789473,0.508888888888889,0.0,0.0,2020-08-13T02:11:14Z,ls8,qd9y5ct8ket9,0.5175141242937853,0.08022598870056497,0.40225988700564963
,,1.0,,,,2020-08-21T01:38:48Z,ls7,qd9y5ct8ket9,,,
0.3505357142857143,0.20214285714285715,0.5087719298245614,0.43624999999999997,0.0,0.0,2020-08-28T01:44:31Z,ls7,qd9y5ct8ket9,0.4411339833875045,0.2044059227157819,0.3544600938967136
,,1.0,,,,2020-08-29T02:11:22Z,ls8,qd9y5ct8ket9,,,
0.40813186813186814,0.22131868131868132,0.20175438596491224,0.358021978021978,0.0,0.0,2020-09-22T01:36:41Z,ls7,qd9y5ct8ket9,0.36256398842644105,0.2241264188738037,0.41330959269975515
0.4285964912280701,0.26850877192982453,0.0,0.28614035087719303,0.0,0.0,2020-09-30T02:11:33Z,ls8,qd9y5ct8ket9,0.29101614773842455,0.2730841288250513,0.43589972343652417
0.09493975903614457,0.6139759036144578,0.27192982456140347,0.26590361445783134,0.0,0.012048192771084338,2020-10-08T01:35:40Z,ls7,qd9y5ct8ket9,0.26948580380104026,0.6222472388627553,0.09621876456511995
,,1.0,,,,2020-10-16T02:11:34Z,ls8,qd9y5ct8ket9,,,
0.3789041095890411,0.41726027397260274,0.35964912280701755,0.1904109589041096,0.0,0.0,2020-10-24T01:34:38Z,ls7,qd9y5ct8ket9,0.193001943904471,0.42293807275756734,0.38405998333796165
0.2658695652173913,0.5510869565217391,0.5964912280701755,0.1741304347826087,0.0,0.0,2020-11-09T01:33:33Z,ls7,qd9y5ct8ket9,0.17569642465452953,0.5560429918841852,0.2682605834612854
0.39634920634920634,0.4374603174603175,0.4473684210526315,0.1519047619047619,0.0,0.0,2020-11-16T01:39:15Z,ls7,qd9y5ct8ket9,0.15410628019323672,0.44380032206119163,0.4020933977455716
,,1.0,,,,2020-11-17T02:11:32Z,ls8,qd9y5ct8ket9,,,
0.386375,0.43837500000000007,0.29824561403508776,0.16087500000000002,0.0,0.0,2020-11-25T01:32:26Z,ls7,qd9y5ct8ket9,0.16322130627774256,0.4447685478757134,0.3920101458465441
0.44828571428571434,0.40271428571428575,0.38596491228070173,0.1357142857142857,0.0,0.0,2020-12-02T01:38:06Z,ls7,qd9y5ct8ket9,0.1375416244389749,0.4081366729404951,0.4543217026205299
0.4314912280701754,0.41096491228070176,0.0,0.14201754385964913,0.0,0.0,2020-12-03T02:11:35Z,ls8,qd9y5ct8ket9,0.14425732869999108,0.41744631560188894,0.43829635569811987
0.37297872340425525,0.49138297872340425,0.17543859649122806,0.12287234042553195,0.0,0.0,2020-12-11T01:31:15Z,ls7,qd9y5ct8ket9,0.12446120689655178,0.4977370689655173,0.377801724137931
0.5448717948717948,0.36974358974358973,0.3157894736842105,0.07217948717948718,0.0,0.0,2020-12-18T01:36:54Z,ls7,qd9y5ct8ket9,0.07314538131739638,0.37469143822268414,0.5521631804599194
0.4773684210526316,0.41614035087719303,0.0,0.08991228070175439,0.0,0.0,2020-12-19T02:11:35Z,ls8,qd9y5ct8ket9,0.09142806172509142,0.4231558290964232,0.48541610917848543
0.4600000000000001,0.45352941176470585,0.2543859649122807,0.07258823529411765,0.0,0.0,2020-12-27T01:30:04Z,ls7,qd9y5ct8ket9,0.07361011691720352,0.4599141016463851,0.46647578143641144
0.49519480519480524,0.4394805194805195,0.32456140350877194,0.052597402597402594,0.0,0.0,2021-01-03T01:35:46Z,ls7,qd9y5ct8ket9,0.05327545382794001,0.44514601420678773,0.5015785319652724
0.4662280701754386,0.42947368421052634,0.0,0.0879824561403509,0.0,0.0,2021-01-04T02:11:30Z,ls8,qd9y5ct8ket9,0.08944176921705012,0.4365971107544141,0.4739611200285357
,,1.0,,,,2021-01-12T01:28:57Z,ls7,qd9y5ct8ket9,,,
0.35250000000000004,0.4775,0.9649122807017544,0.1525,0.0,0.0,2021-01-20T02:11:23Z,ls8,qd9y5ct8ket9,0.15521628498727735,0.48600508905852413,0.3587786259541985
0.52,0.3832926829268293,0.2807017543859649,0.08414634146341464,0.0,0.0,2021-01-28T01:27:48Z,ls7,qd9y5ct8ket9,0.08521674694331234,0.38816845745337775,0.5266147956033098
0.5616883116883117,0.3601298701298701,0.32456140350877194,0.06467532467532468,0.0,0.0,2021-02-04T01:33:28Z,ls7,qd9y5ct8ket9,0.06556082148499211,0.36506055818852023,0.5693786203264877
0.3415384615384615,0.5546153846153845,0.8859649122807017,0.09076923076923077,0.0,0.0,2021-02-05T02:11:21Z,ls8,qd9y5ct8ket9,0.09197194076383478,0.5619641465315666,0.34606391270459863
,,1.0,,,,2021-02-13T01:26:37Z,ls7,qd9y5ct8ket9,,,
0.5271830985915493,0.3312676056338028,0.3771929824561403,0.12704225352112675,0.0,0.0,2021-02-20T01:32:16Z,ls7,qd9y5ct8ket9,0.12891239102472488,0.336144061740746,0.5349435472345292
0.512280701754386,0.3291228070175439,0.0,0.14105263157894737,0.0,0.0,2021-02-21T02:11:17Z,ls8,qd9y5ct8ket9,0.14357142857142857,0.335,0.5214285714285715
0.45172413793103455,0.39517241379310347,0.7456140350877193,0.1389655172413793,0.0,0.0,2021-03-01T01:25:24Z,ls7,qd9y5ct8ket9,0.14095837705491426,0.40083945435466944,0.4582021685904163
0.4952112676056338,0.32830985915492955,0.3771929824561403,0.16239436619718312,0.0,0.0,2021-03-08T01:31:02Z,ls7,qd9y5ct8ket9,0.16471428571428573,0.33299999999999996,0.5022857142857142
0.503859649122807,0.30719298245614035,0.0,0.1718421052631579,0.0,0.0,2021-03-09T02:11:09Z,ls8,qd9y5ct8ket9,0.1748326639892905,0.3125390450691656,0.5126282909415439
0.4875,0.35887500000000006,0.29824561403508776,0.14000000000000004,0.0,0.0,2021-03-17T01:24:08Z,ls7,qd9y5ct8ket9,0.14193384868837922,0.3638322139145863,0.4942339373970346
0.5228070175438596,0.33894736842105255,0.5,0.12263157894736842,0.0,0.0,2021-03-24T01:29:46Z,ls7,qd9y5ct8ket9,0.12457672429157014,0.34432364997326675,0.5310996257351631
0.5593859649122808,0.3063157894736842,0.0,0.1174561403508772,0.0,0.0,2021-03-25T02:11:02Z,ls8,qd9y5ct8ket9,0.11946823697359028,0.3115631691648822,0.5689685938615274
0.4322368421052632,0.44236842105263163,0.33333333333333337,0.11171052631578948,0.0,0.0,2021-04-02T01:22:51Z,ls7,qd9y5ct8ket9,0.11326040554962648,0.44850586979722523,0.43823372465314836
0.4597058823529412,0.4430882352941176,0.4035087719298246,0.08294117647058824,0.0,0.0,2021-04-09T01:28:27Z,ls7,qd9y5ct8ket9,0.08414142921080114,0.44950022378039683,0.466358347008802
,,1.0,,,,2021-04-10T02:10:58Z,ls8,qd9y5ct8ket9,,,
0.5541304347826086,0.3425,0.19298245614035092,0.08945652173913043,0.0,0.0,2021-04-18T01:21:31Z,ls7,qd9y5ct8ket9,0.09071869488536156,0.34733245149911823,0.5619488536155203
0.4608333333333333,0.43083333333333335,0.4736842105263158,0.0935,0.0,0.0,2021-04-25T01:27:06Z,ls7,qd9y5ct8ket9,0.09490779901877855,0.43732025038064626,0.4677719506005752
0.5532456140350878,0.31315789473684214,0.0,0.11561403508771931,0.0,0.0,2021-04-26T02:10:50Z,ls8,qd9y5ct8ket9,0.11773112996873604,0.31889236266190263,0.5633765073693613
,,1.0,,,,2021-05-12T02:10:47Z,ls8,qd9y5ct8ket9,,,
0.48874999999999996,0.37125,0.22807017543859653,0.12613636363636363,0.0,0.0,2021-05-20T01:18:49Z,ls7,qd9y5ct8ket9,0.1279096566029039,0.37646923254206044,0.4956211108550357
0.4093333333333334,0.37373333333333336,0.3421052631578947,0.20333333333333334,0.0,0.0,2021-06-05T01:17:27Z,ls7,qd9y5ct8ket9,0.20613679372803456,0.3788861854555285,0.41497702081643684
0.13855072463768117,0.5453623188405796,0.39473684210526316,0.3031884057971015,0.0,0.0,2021-06-12T01:23:04Z,ls7,qd9y5ct8ket9,0.30715019820878,0.5524886213478196,0.1403611804434004
0.3921929824561403,0.3423684210526316,0.0,0.25,0.0,0.0,2021-06-13T02:11:04Z,ls8,qd9y5ct8ket9,0.25392017106201,0.34773699215965787,0.3983428367783321
,,1.0,,,,2021-06-21T01:16:09Z,ls7,qd9y5ct8ket9,,,
0.0,0.0,0.1842105263157895,0.0,0.1827956989247312,0.8172043010752689,2021-06-29T02:11:08Z,ls8,qd9y5ct8ket9,0.0,0.0,0.0
0.10851063829787233,0.46234042553191484,0.17543859649122806,0.4161702127659574,0.0,0.0,2021-07-07T01:14:49Z,ls7,qd9y5ct8ket9,0.4216425953869368,0.46841991808579436,0.10993748652726881
0.23222222222222225,0.3293518518518519,0.052631578947368474,0.42425925925925934,0.0,0.0,2021-07-15T02:11:09Z,ls8,qd9y5ct8ket9,0.4303559688175073,0.3340847187001033,0.2355593124823894
,,1.0,,,,2021-07-23T01:13:27Z,ls7,qd9y5ct8ket9,,,
0.075,0.26,0.9649122807017544,0.16,0.0,0.5,2021-07-31T02:11:17Z,ls8,qd9y5ct8ket9,0.1616161616161616,0.2626262626262626,0.07575757575757575
0.35261538461538466,0.22938461538461535,0.4298245614035088,0.406,0.0,0.0,2021-08-15T01:17:35Z,ls7,qd9y5ct8ket9,0.4109311740890688,0.23217066334475236,0.3568981625661788
0.4324561403508771,0.15631578947368419,0.0,0.39745614035087723,0.0,0.0,2021-08-16T02:11:23Z,ls8,qd9y5ct8ket9,0.40300631504046974,0.1584986213644045,0.4384950635951258
0.37236111111111114,0.19291666666666668,0.368421052631579,0.42333333333333334,0.0,0.0,2021-08-24T01:10:38Z,ls7,qd9y5ct8ket9,0.42821017139645967,0.19513908401236305,0.3766507445911773
0.3064705882352941,0.3394117647058823,0.7017543859649122,0.3417647058823529,0.0,0.0,2021-09-16T01:14:48Z,ls7,qd9y5ct8ket9,0.34603930911256703,0.3436569386539607,0.31030375223347234
0.34425531914893626,0.26840425531914897,0.17543859649122806,0.3725531914893617,0.0,0.0,2021-09-17T02:11:32Z,ls8,qd9y5ct8ket9,0.3781449087571536,0.27243278263686427,0.3494223086059821
0.37788888888888894,0.3158888888888889,0.21052631578947367,0.29266666666666663,0.0,0.0,2021-09-25T01:07:49Z,ls7,qd9y5ct8ket9,0.29668844334309524,0.32022978148231585,0.3830817751745889
0.21609756097560978,0.33731707317073173,0.6403508771929824,0.16975609756097562,0.0,0.2682926829268293,2021-10-03T02:11:36Z,ls8,qd9y5ct8ket9,0.17175996380537165,0.3412988935960186,0.21864845967178054
0.36794117647058827,0.4148529411764706,0.4035087719298246,0.2029411764705882,0.0,0.0,2021-11-03T01:10:29Z,ls7,qd9y5ct8ket9,0.20587796509025805,0.42085633298523045,0.3732657019245114
0.4084210526315789,0.3776315789473684,0.0,0.19675438596491227,0.0,0.0,2021-11-04T02:11:39Z,ls8,qd9y5ct8ket9,0.20019635844341307,0.38423777222420563,0.41556586933238127
0.39988505747126435,0.4004597701149425,0.23684210526315785,0.18712643678160917,0.0,0.0,2021-11-12T01:03:26Z,ls7,qd9y5ct8ket9,0.18950064020486557,0.40554068210918404,0.40495867768595045
0.39614035087719296,0.3965789473684211,0.0,0.19052631578947368,0.0,0.0,2021-11-18T02:13:25Z,ls9,qd9y5ct8ket9,0.19377286109376393,0.40333660451422965,0.40289053439200634
0.39263888888888887,0.43249999999999994,0.368421052631579,0.1613888888888889,0.0,0.0,2021-11-19T01:08:56Z,ls7,qd9y5ct8ket9,0.16359284809235536,0.4384063071941433,0.3980008447135014
0.39298245614035093,0.4179824561403509,0.0,0.1736842105263158,0.0,0.0,2021-11-20T02:11:34Z,ls8,qd9y5ct8ket9,0.17639198218262808,0.42449888641425393,0.3991091314031181
0.4217021276595744,0.4286170212765958,0.17543859649122806,0.13563829787234044,0.0,0.0,2021-11-28T01:01:54Z,ls7,qd9y5ct8ket9,0.13757013379369876,0.4347216227880881,0.4277082434182131
,,1.0,,,,2021-12-05T01:07:25Z,ls7,qd9y5ct8ket9,,,
0.3731578947368421,0.4632456140350877,0.0,0.1481578947368421,0.0,0.0,2021-12-06T02:11:36Z,ls8,qd9y5ct8ket9,0.15048111190306485,0.47050962223806125,0.3790092658588738
0.4151754385964912,0.42070175438596497,0.0,0.14798245614035088,0.0,0.0,2021-12-14T02:11:32Z,ls9,qd9y5ct8ket9,0.15041012838801712,0.4276034236804565,0.42198644793152634
0.3558771929824561,0.48070175438596496,0.0,0.14815789473684207,0.0,0.0,2021-12-22T02:11:33Z,ls8,qd9y5ct8ket9,0.15045430251202563,0.4881525031177624,0.361393194370212
0.3475438596491228,0.44140350877192985,0.0,0.14166666666666666,0.0,0.17543859649122806,2021-12-30T00:58:48Z,ls7,qd9y5ct8ket9,0.12552235523297828,0.391101233146964,0.30793781512882973
,,1.0,,,,2022-01-06T01:04:17Z,ls7,qd9y5ct8ket9,,,
0.3779824561403509,0.4666666666666667,0.0,0.13894736842105262,0.0,0.0,2022-01-07T02:11:29Z,ls8,qd9y5ct8ket9,0.1412646035851244,0.47444929991973606,0.3842860964951396
0.30833333333333335,0.3503508771929825,0.0,0.11087719298245616,0.0,0.21929824561403508,2022-01-15T00:57:16Z,ls7,qd9y5ct8ket9,0.11248227716218621,0.3554226384381106,0.3127968387856681
,,1.0,,,,2022-01-22T01:02:46Z,ls7,qd9y5ct8ket9,,,
0.42105263157894735,0.4325438596491228,0.0,0.13,0.0,0.0,2022-01-23T02:11:25Z,ls8,qd9y5ct8ket9,0.13216801926335506,0.43975742441808613,0.4280745563185588
0.3393859649122807,0.33824561403508774,0.0,0.1417543859649123,0.0,0.22807017543859648,2022-01-31T00:55:42Z,ls7,qd9y5ct8ket9,0.13354443812131764,0.3186555404676985,0.3197298459723873
,,1.0,,,,2022-02-07T01:01:11Z,ls7,qd9y5ct8ket9,,,
0.40008771929824566,0.4292105263157895,0.0,0.15473684210526314,0.0,0.0,2022-02-08T02:11:21Z,ls8,qd9y5ct8ket9,0.15724728115528613,0.4361740060616866,0.4065787127830273
0.35824561403508776,0.36903508771929827,0.0,0.15929824561403513,0.0,0.21929824561403508,2022-02-16T00:54:03Z,ls7,qd9y5ct8ket9,0.14027450143117765,0.32496411207101555,0.3154631408837717
,,1.0,,,,2022-02-23T00:59:35Z,ls7,qd9y5ct8ket9,,,
0.40491228070175433,0.428859649122807,0.0,0.14991228070175439,0.0,0.0,2022-02-24T02:11:16Z,ls8,qd9y5ct8ket9,0.1523987872302479,0.43597289102907083,0.41162832174068126
0.3725438596491228,0.3320175438596492,0.0,0.11763157894736843,0.0,0.16666666666666666,2022-03-04T00:52:32Z,ls7,qd9y5ct8ket9,0.11922543475941536,0.33651623457448704,0.3775916639994309
0.3935964912280702,0.42333333333333334,0.0,0.16614035087719295,0.0,0.0,2022-03-12T02:11:12Z,ls8,qd9y5ct8ket9,0.16900151690907467,0.4306237173195325,0.40037476577139297
0.2886813186813187,0.4240659340659341,0.20175438596491224,0.16351648351648354,0.0,0.18681318681318682,2022-03-20T00:50:56Z,ls7,qd9y5ct8ket9,0.1517459214976145,0.3935399939914613,0.2679008976977374
,,1.0,,,,2022-03-27T00:56:28Z,ls7,qd9y5ct8ket9,,,
0.4133333333333334,0.4087719298245614,0.0,0.1607894736842105,0.0,0.0,2022-03-28T02:11:00Z,ls8,qd9y5ct8ket9,0.16358768406961177,0.41588576528335564,0.42052655064703265
0.34885964912280704,0.35543859649122805,0.0,0.202280701754386,0.0,0.14035087719298245,2022-04-05T00:49:24Z,ls7,qd9y5ct8ket9,0.19180947045892432,0.3370390174759588,0.33080063487213435
0.4310526315789474,0.2508771929824562,0.0,0.30201754385964913,0.0,0.0,2022-04-13T02:11:04Z,ls8,qd9y5ct8ket9,0.3069448159044308,0.2549701346170991,0.4380850494784702
0.36271929824561405,0.23473684210526316,0.0,0.3875438596491228,0.0,0.0,2022-04-29T02:11:00Z,ls8,qd9y5ct8ket9,0.3934455427909876,0.23831151482767832,0.36824294238133404
0.155,0.33999999999999997,0.9649122807017544,0.495,0.0,0.0,2022-05-15T02:11:10Z,ls8,qd9y5ct8ket9,0.5,0.3434343434343434,0.15656565656565657
0.38403508771929834,0.13964912280701755,0.0,0.4610526315789474,0.0,0.0,2022-05-31T02:11:13Z,ls8,qd9y5ct8ket9,0.4681988241582041,0.14181364689114553,0.3899875289506503
0.34868421052631576,0.18096491228070175,0.0,0.45350877192982453,0.0,0.0,2022-06-16T02:11:25Z,ls8,qd9y5ct8ket9,0.46127765881513205,0.18406495360456818,0.3546573875802998
0.39298245614035093,0.1760526315789474,0.0,0.4152631578947369,0.0,0.0,2022-07-02T02:11:29Z,ls8,qd9y5ct8ket9,0.4218875323054986,0.17886106407628555,0.39925140361821587
0.16175438596491232,0.3530701754385965,0.0,0.4679824561403509,0.0,0.0,2022-07-18T02:11:29Z,ls8,qd9y5ct8ket9,0.47616922527668687,0.3592466976079971,0.164584077115316
,,1.0,,,,2022-08-03T02:11:41Z,ls8,qd9y5ct8ket9,,,
0.29964912280701755,0.17850877192982456,0.0,0.507280701754386,0.0,0.0,2022-08-19T02:11:46Z,ls8,qd9y5ct8ket9,0.5147765711233755,0.18114651949439203,0.30407690938223253
0.3729166666666666,0.20333333333333334,0.7894736842105263,0.4079166666666667,0.0,0.0,2022-10-06T02:11:50Z,ls8,qd9y5ct8ket9,0.41447925486875536,0.20660457239627436,0.3789161727349703
0.05333333333333334,0.5833333333333334,0.9736842105263158,0.3499999999999999,0.0,0.0,2022-10-22T02:11:50Z,ls8,qd9y5ct8ket9,0.35472972972972966,0.5912162162162162,0.05405405405405406
,,1.0,,,,2022-11-07T02:11:52Z,ls8,qd9y5ct8ket9,,,
0.30745614035087715,0.4752631578947369,0.0,0.20201754385964915,0.0,0.0,2022-11-23T02:11:47Z,ls8,qd9y5ct8ket9,0.20514876180295746,0.48262960983431324,0.3122216283627293
0.22811320754716982,0.6205660377358491,0.5350877192982456,0.1369811320754717,0.0,0.0,2022-12-09T02:11:47Z,ls8,qd9y5ct8ket9,0.1389739663093415,0.6295941807044411,0.23143185298621746
0.31894736842105265,0.48342105263157903,0.0,0.18254385964912279,0.0,0.0,2022-12-25T02:11:38Z,ls8,qd9y5ct8ket9,0.18534022087638044,0.4908265051656573,0.3238332739579622
,,1.0,,,,2023-01-10T02:11:37Z,ls8,qd9y5ct8ket9,,,
0.36359649122807014,0.45052631578947366,0.0,0.1700877192982456,0.0,0.0,2023-01-26T02:11:36Z,ls8,qd9y5ct8ket9,0.1728163992869875,0.4577540106951872,0.36942959001782527
0.3909649122807018,0.4067543859649123,0.0,0.18728070175438596,0.0,0.0,2023-02-11T02:11:33Z,ls8,qd9y5ct8ket9,0.19013269213643244,0.41294861519280435,0.3969186926707632
0.22276595744680852,0.5882978723404255,0.5877192982456141,0.17531914893617026,0.0,0.0,2023-02-27T02:11:18Z,ls8,qd9y5ct8ket9,0.17773943054357208,0.5964193270060396,0.22584124245038825
0.39543859649122803,0.4032456140350878,0.0,0.18508771929824563,0.0,0.0,2023-03-15T02:11:12Z,ls8,qd9y5ct8ket9,0.1881408827463219,0.4098974587605886,0.40196165849308957
0.3226229508196721,0.3819672131147541,0.4649122807017544,0.13442622950819674,0.0,0.14754098360655737,2023-03-31T02:11:02Z,ls8,qd9y5ct8ket9,0.1365799909032089,0.3880870473225326,0.3277919781677013
0.43350877192982457,0.3875438596491228,0.0,0.16280701754385968,0.0,0.0,2023-04-16T02:10:47Z,ls8,qd9y5ct8ket9,0.1654778887303852,0.39390156918687586,0.44062054208273893
0.43008771929824563,0.3921929824561403,0.0,0.16166666666666665,0.0,0.0,2023-05-02T02:10:42Z,ls8,qd9y5ct8ket9,0.16430418115360612,0.3985914237318356,0.4371043951145583
0.3150704225352113,0.5678873239436619,0.3771929824561403,0.10366197183098591,0.0,0.0,2023-05-18T02:10:30Z,ls8,qd9y5ct8ket9,0.10506780870806567,0.5755888650963598,0.31934332619557465
0.37061403508771923,0.2606140350877193,0.0,0.353859649122807,0.0,0.0,2023-06-03T02:10:34Z,ls8,qd9y5ct8ket9,0.3592163846838825,0.26455921638468394,0.37622439893143367
0.4,0.31,0.9912280701754386,0.28,0.0,0.0,2023-06-19T02:10:42Z,ls8,qd9y5ct8ket9,0.2828282828282828,0.3131313131313131,0.40404040404040403
0.0,0.0,0.956140350877193,0.0,0.0,1.0,2023-07-05T02:10:53Z,ls8,qd9y5ct8ket9,0.0,0.0,0.0
0.31,0.09333333333333334,0.9736842105263158,0.58,0.0,0.0,2023-07-21T02:10:56Z,ls8,qd9y5ct8ket9,0.5898305084745762,0.09491525423728814,0.31525423728813556
0.28289473684210525,0.21219298245614035,0.0,0.4892105263157895,0.0,0.0,2023-08-06T02:11:06Z,ls8,qd9y5ct8ket9,0.49701452633455134,0.21557793423046076,0.287407539434988
0.32114035087719306,0.18789473684210528,0.0,0.4764912280701755,0.0,0.0,2023-08-22T02:11:13Z,ls8,qd9y5ct8ket9,0.48348909657320877,0.19065420560747662,0.3258566978193147
0.3189473684210526,0.2518421052631579,0.0,0.41368421052631577,0.0,0.0,2023-09-07T02:11:12Z,ls8,qd9y5ct8ket9,0.42020850040096225,0.2558139534883721,0.32397754611066554
,,1.0,,,,2023-09-23T02:11:18Z,ls8,qd9y5ct8ket9,,,
0.20754716981132076,0.5558490566037735,0.5350877192982456,0.22320754716981128,0.0,0.0,2023-10-09T02:11:23Z,ls8,qd9y5ct8ket9,0.22623828647925032,0.5633964429145152,0.2103652706062345
0.3063157894736842,0.47315789473684217,0.0,0.2050877192982456,0.0,0.0,2023-10-25T02:11:26Z,ls8,qd9y5ct8ket9,0.20830363506771202,0.4805773342836779,0.31111903064861013
0.22947368421052627,0.605,0.6666666666666667,0.1518421052631579,0.0,0.0,2023-11-10T02:11:22Z,ls8,qd9y5ct8ket9,0.153948772678762,0.6133938100320171,0.2326574172892209
,,1.0,,,,2023-11-26T02:11:29Z,ls8,qd9y5ct8ket9,,,
0.2884210526315789,0.5344736842105263,0.0,0.1618421052631579,0.0,0.0,2023-12-12T02:11:24Z,ls8,qd9y5ct8ket9,0.1643506146445751,0.5427578834847675,0.2928915018706574
0.25587719298245615,0.5628070175438596,0.0,0.16745614035087722,0.0,0.0,2023-12-28T02:11:25Z,ls8,qd9y5ct8ket9,0.16980964241238217,0.5707169542785981,0.25947340330901975
0.31245614035087715,0.5049122807017544,0.0,0.16745614035087722,0.0,0.0,2024-01-05T02:11:28Z,ls9,qd9y5ct8ket9,0.1700365191057273,0.512692616014964,0.3172708648793088
,,1.0,,,,2024-01-13T02:11:22Z,ls8,qd9y5ct8ket9,,,
0.2675438596491228,0.5376315789473683,0.0,0.1801754385964912,0.0,0.0,2024-01-21T02:11:29Z,ls9,qd9y5ct8ket9,0.18285409062583458,0.5456244992433009,0.27152141013086445
0.28421052631578947,0.5324561403508772,0.0,0.1674561403508772,0.0,0.0,2024-01-29T02:11:16Z,ls8,qd9y5ct8ket9,0.17015776807202068,0.5410464390765666,0.28879579285141277
0.3315789473684211,0.48824561403508776,0.0,0.16517543859649123,0.0,0.0,2024-02-06T02:11:33Z,ls9,qd9y5ct8ket9,0.16769080060557484,0.49568082643156114,0.336628372962864
0.2982456140350877,0.5223684210526316,0.0,0.16464912280701754,0.0,0.0,2024-02-14T02:11:19Z,ls8,qd9y5ct8ket9,0.16711182336182337,0.5301816239316239,0.30270655270655267
0.2938596491228071,0.5168421052631579,0.0,0.1737719298245614,0.0,0.0,2024-02-22T02:11:20Z,ls9,qd9y5ct8ket9,0.1765125189343313,0.5249933172948409,0.2984941637708278
0.3278070175438596,0.48859649122807025,0.0,0.16780701754385963,0.0,0.0,2024-03-01T02:11:13Z,ls8,qd9y5ct8ket9,0.17049910873440283,0.4964349376114083,0.3330659536541889
0.3681578947368421,0.4586842105263158,0.0,0.1574561403508772,0.0,0.0,2024-03-09T02:11:25Z,ls9,qd9y5ct8ket9,0.15996791729792356,0.4660012476606364,0.37403083504144014
0.3342105263157895,0.4931578947368421,0.0,0.1565789473684211,0.0,0.0,2024-03-17T02:11:03Z,ls8,qd9y5ct8ket9,0.15913345814388877,0.50120353035571,0.3396630115004012
0.3916666666666666,0.44500000000000006,0.0,0.1480701754385965,0.0,0.0,2024-03-25T02:11:20Z,ls9,qd9y5ct8ket9,0.15036522358809906,0.4518973810796366,0.3977373953322643
0.4329824561403509,0.4033333333333334,0.0,0.14605263157894735,0.0,0.0,2024-04-02T02:10:51Z,ls8,qd9y5ct8ket9,0.14867398874899543,0.4105723725332619,0.44075363871774265
0.4451754385964912,0.39640350877192987,0.0,0.14157894736842105,0.0,0.0,2024-04-10T02:11:12Z,ls9,qd9y5ct8ket9,0.14400428265524626,0.4031941470378302,0.45280157030692364
0.43017543859649116,0.4059649122807017,0.0,0.14684210526315788,0.0,0.0,2024-04-18T02:10:43Z,ls8,qd9y5ct8ket9,0.14938425843298236,0.4129930394431555,0.43762270212386223
0.4440350877192983,0.38421052631578945,0.0,0.15359649122807018,0.0,0.0,2024-05-04T02:10:34Z,ls8,qd9y5ct8ket9,0.15643705887608328,0.39131600107209863,0.45224694005181815
,,1.0,,,,2024-05-20T02:10:21Z,ls8,qd9y5ct8ket9,,,
0.4728947368421053,0.35736842105263156,0.0,0.15228070175438596,0.0,0.0,2024-05-28T02:10:36Z,ls9,qd9y5ct8ket9,0.15498616194982592,0.3637175252209624,0.48129631282921176
0.47596491228070176,0.31859649122807027,0.0,0.18912280701754386,0.0,0.0,2024-06-05T02:10:19Z,ls8,qd9y5ct8ket9,0.1922596754057428,0.32388086320670595,0.4838594613875512
0.3291228070175439,0.3361403508771931,0.0,0.3203508771929825,0.0,0.0,2024-06-13T02:10:30Z,ls9,qd9y5ct8ket9,0.32502669989320043,0.3410466358134568,0.33392666429334283
0.5196629213483146,0.13191011235955055,0.2192982456140351,0.3353932584269663,0.0,0.0,2024-06-21T02:10:28Z,ls8,qd9y5ct8ket9,0.33982240437158473,0.13365209471766848,0.5265255009107468
0.14,0.47,0.9824561403508771,0.385,0.0,0.0,2024-06-29T02:10:21Z,ls9,qd9y5ct8ket9,0.3869346733668342,0.4723618090452261,0.14070351758793972
0.3342105263157895,0.17728070175438593,0.0,0.4755263157894737,0.0,0.0,2024-07-15T02:10:41Z,ls9,qd9y5ct8ket9,0.4817810167081408,0.17961251333096334,0.3386064699608959
0.24201754385964916,0.23754385964912278,0.0,0.5030701754385966,0.0,0.0,2024-07-31T02:10:43Z,ls9,qd9y5ct8ket9,0.5119621496161401,0.2417425459739332,0.24629530440992684
,,1.0,,,,2024-08-08T02:10:46Z,ls8,qd9y5ct8ket9,,,
0.3827927927927928,0.15027027027027026,0.02631578947368418,0.4538738738738739,0.0,0.0,2024-08-16T02:10:50Z,ls9,qd9y5ct8ket9,0.4598813327247832,0.15225924235508898,0.3878594249201278
0.2668674698795181,0.1766265060240964,0.27192982456140347,0.5418072289156627,0.0,0.0,2024-08-24T02:11:00Z,ls8,qd9y5ct8ket9,0.5498899486426999,0.17926143311323062,0.2708486182440694
,,1.0,,,,2024-09-01T02:11:00Z,ls9,qd9y5ct8ket9,,,
0.32951219512195123,0.2520731707317073,0.2807017543859649,0.390609756097561,0.0,0.012195121951219513,2024-09-09T02:11:08Z,ls8,qd9y5ct8ket9,0.3968814631698751,0.2561205071408466,0.3348029077380588
0.3417543859649123,0.21254385964912284,0.0,0.42877192982456136,0.0,0.0,2024-09-17T02:11:04Z,ls9,qd9y5ct8ket9,0.4361559739448559,0.2162041581154636,0.3476398679396806
0.32499999999999996,0.2707894736842105,0.0,0.38692982456140346,0.0,0.0,2024-09-25T02:11:07Z,ls8,qd9y5ct8ket9,0.39373382129786666,0.2755511916450951,0.3307149870570383
0.33491228070175444,0.3733333333333334,0.0,0.2760526315789474,0.0,0.0,2024-10-11T02:11:13Z,ls8,qd9y5ct8ket9,0.2804562873184208,0.3792888334373051,0.3402548792442741
0.308,0.418,0.956140350877193,0.26,0.0,0.0,2024-10-19T02:11:21Z,ls9,qd9y5ct8ket9,0.26369168356997974,0.4239350912778905,0.31237322515212984
0.3513157894736842,0.40096491228070175,0.0,0.2326315789473684,0.0,0.0,2024-10-27T02:11:16Z,ls8,qd9y5ct8ket9,0.2361952262201639,0.40710723192019954,0.35669754185963665
0.36145454545454553,0.41927272727272724,0.03508771929824561,0.20309090909090904,0.0,0.0,2024-11-04T02:11:20Z,ls9,qd9y5ct8ket9,0.20643134355941598,0.42616891517279615,0.36739974126778796
0.34543859649122804,0.434561403508772,0.0,0.20491228070175443,0.0,0.0,2024-11-12T02:11:14Z,ls8,qd9y5ct8ket9,0.20805130032062702,0.4412183826148913,0.3507303170644816
0.26111111111111107,0.4590740740740741,0.5263157894736843,0.26462962962962966,0.0,0.0,2024-11-20T02:11:26Z,ls9,qd9y5ct8ket9,0.2687100413689357,0.46615268898081985,0.2651372696502444
0.3591228070175439,0.46131578947368423,0.0,0.16324561403508775,0.0,0.0,2024-11-28T02:11:26Z,ls8,qd9y5ct8ket9,0.16595327269484572,0.46896736222578916,0.36507936507936506
0.3453508771929825,0.48096491228070176,0.0,0.1579824561403509,0.0,0.0,2024-12-06T02:11:24Z,ls9,qd9y5ct8ket9,0.16050262899919793,0.48863737634791904,0.350859994652883
0.3678070175438596,0.4605263157894737,0.0,0.15526315789473688,0.0,0.0,2024-12-14T02:11:14Z,ls8,qd9y5ct8ket9,0.15785249264246862,0.4682065459734237,0.3739409613841077
0.3550877192982455,0.4748245614035088,0.0,0.153859649122807,0.0,0.0,2024-12-22T02:11:25Z,ls9,qd9y5ct8ket9,0.15639768167632634,0.48265715559518513,0.3609451627284886
0.3358771929824562,0.4885087719298246,0.0,0.16017543859649125,0.0,0.0,2024-12-30T02:11:17Z,ls8,qd9y5ct8ket9,0.1626870990734141,0.4961689237348539,0.341143977191732
0.3153508771929825,0.5078070175438597,0.0,0.1619298245614035,0.0,0.0,2025-01-07T02:11:21Z,ls9,qd9y5ct8ket9,0.16438112199465715,0.5154942119323241,0.3201246660730187
0.36219298245614034,0.46201754385964916,0.0,0.15982456140350876,0.0,0.0,2025-01-15T02:11:20Z,ls8,qd9y5ct8ket9,0.16241754323408805,0.46951328222499555,0.36806917454091637
0.36964912280701756,0.45798245614035094,0.0,0.15570175438596492,0.0,0.0,2025-01-31T02:11:18Z,ls8,qd9y5ct8ket9,0.15834076717216772,0.4657448706512043,0.375914362176628
0.3378070175438596,0.48157894736842105,0.0,0.16456140350877188,0.0,0.0,2025-02-08T02:11:22Z,ls9,qd9y5ct8ket9,0.16724614424534187,0.48943567798876714,0.3433181777658911
0.3830701754385965,0.4404385964912281,0.0,0.15938596491228071,0.0,0.0,2025-02-16T02:11:14Z,ls8,qd9y5ct8ket9,0.16215975011155737,0.44810352521195895,0.38973672467648374
0.367719298245614,0.45008771929824565,0.0,0.1648245614035088,0.0,0.0,2025-02-24T02:11:22Z,ls9,qd9y5ct8ket9,0.167737903945724,0.4580432065702553,0.37421888948402066
0.1892105263157895,0.5055263157894737,0.6666666666666667,0.2894736842105263,0.0,0.0,2025-03-04T02:11:06Z,ls8,qd9y5ct8ket9,0.29411764705882354,0.5136363636363637,0.19224598930481285
,,1.0,,,,2025-03-12T02:11:17Z,ls9,qd9y5ct8ket9,,,
0.40070175438596495,0.4058771929824561,0.0,0.1758771929824562,0.0,0.0,2025-03-20T02:10:55Z,ls8,qd9y5ct8ket9,0.17901785714285717,0.4131249999999999,0.4078571428571428
0.43307017543859655,0.38754385964912286,0.0,0.16254385964912282,0.0,0.0,2025-03-28T02:11:06Z,ls9,qd9y5ct8ket9,0.1653283369022127,0.39418272662384013,0.44048893647394716
0.16,0.6966666666666667,0.9736842105263158,0.13333333333333333,0.0,0.0,2025-04-13T02:11:07Z,ls9,qd9y5ct8ket9,0.13468013468013468,0.7037037037037037,0.16161616161616163
0.4306140350877193,0.37114035087719294,0.0,0.18017543859649124,0.0,0.0,2025-04-21T02:10:41Z,ls8,qd9y5ct8ket9,0.18349115597641596,0.37797034125424334,0.43853850276934075
0.44807017543859656,0.3581578947368422,0.0,0.17622807017543857,0.0,0.0,2025-04-29T02:10:58Z,ls9,qd9y5ct8ket9,0.17937499999999995,0.3645535714285714,0.45607142857142857
0.43157894736842106,0.37078947368421056,0.0,0.17973684210526314,0.0,0.0,2025-05-07T02:10:37Z,ls8,qd9y5ct8ket9,0.18301178992497316,0.377545551982851,0.43944265809217575
0.4528070175438597,0.36236842105263156,0.0,0.16692982456140348,0.0,0.0,2025-05-15T02:10:47Z,ls9,qd9y5ct8ket9,0.16997141836370128,0.36897106109324757,0.4610575205430511
0.14236842105263162,0.5888596491228071,0.0,0.25456140350877193,0.0,0.0,2025-05-23T02:10:42Z,ls8,qd9y5ct8ket9,0.2582310019576437,0.5973482826125645,0.1444207154297918
0.09574468085106382,0.6403191489361701,0.17543859649122806,0.18765957446808512,0.0,0.06382978723404255,2025-05-31T02:10:41Z,ls9,qd9y5ct8ket9,0.1901882132119255,0.6489471968948863,0.09703480265914564
0.43991228070175437,0.2922807017543859,0.0,0.25052631578947365,0.0,0.0,2025-06-08T02:10:46Z,ls8,qd9y5ct8ket9,0.2549317147192716,0.29742033383915023,0.4476479514415782
0.40798245614035095,0.26219298245614037,0.0,0.31412280701754386,0.0,0.0,2025-06-16T02:10:50Z,ls9,qd9y5ct8ket9,0.3191337670439354,0.26637554585152834,0.4144906871045361
0.31614035087719305,0.2554385964912281,0.0,0.4125438596491228,0.0,0.0,2025-06-24T02:10:58Z,ls8,qd9y5ct8ket9,0.4191995721543809,0.25955967555040554,0.32124075229521354
,,1.0,,,,2025-07-02T02:10:57Z,ls9,qd9y5ct8ket9,,,
0.31429824561403513,0.18140350877192982,0.0,0.49035087719298237,0.0,0.0,2025-07-10T02:11:00Z,ls8,qd9y5ct8ket9,0.4972867182634996,0.18396939774041457,0.31874388399608583
,,1.0,,,,2025-07-18T02:11:03Z,ls9,qd9y5ct8ket9,,,
0.2921052631578947,0.19622807017543858,0.0,0.49631578947368427,0.0,0.0,2025-07-26T02:11:07Z,ls8,qd9y5ct8ket9,0.504053452115813,0.19928730512249443,0.2966592427616926
0.2003529411764706,0.2784705882352942,0.2543859649122807,0.43752941176470583,0.0,0.07058823529411765,2025-08-03T02:11:10Z,ls9,qd9y5ct8ket9,0.4437645850482958,0.2824390354421395,0.20320814421544714
0.27350877192982453,0.205,0.0,0.505438596491228,0.0,0.0,2025-08-11T02:11:15Z,ls8,qd9y5ct8ket9,0.5136845858964073,0.20834447713292326,0.27797093697066955
0.2812,0.2182666666666667,0.3421052631578947,0.4072,0.0,0.08,2025-08-19T02:11:20Z,ls9,qd9y5ct8ket9,0.41318823529411763,0.22147647058823533,0.2853352941176471
0.21359649122807015,0.22903508771929826,0.0,0.5396491228070176,0.0,0.0,2025-08-27T02:11:17Z,ls8,qd9y5ct8ket9,0.5493838185390248,0.23316663689944633,0.21744954456152882
0.28796875,0.14,0.4385964912280702,0.46390624999999996,0.0,0.09375,2025-09-04T02:11:25Z,ls9,qd9y5ct8ket9,0.4713833654519972,0.1422564821303434,0.2926101524176595
0.328859649122807,0.1743859649122807,0.0,0.4831578947368422,0.0,0.0,2025-09-12T02:11:23Z,ls8,qd9y5ct8ket9,0.489817696754113,0.17678968430413516,0.3333926189417519
0.3114035087719299,0.18368421052631578,0.0,0.4907017543859649,0.0,0.0,2025-09-20T02:11:28Z,ls9,qd9y5ct8ket9,0.49777540487631244,0.18633208756006403,0.31589250756362347
0.37521739130434795,0.2008695652173913,0.5964912280701755,0.41173913043478266,0.0,0.0,2025-09-28T02:11:28Z,ls8,qd9y5ct8ket9,0.4168133802816901,0.2033450704225352,0.37984154929577474
0.2793859649122807,0.28421052631578947,0.0,0.4191228070175438,0.0,0.0,2025-10-06T02:11:32Z,ls9,qd9y5ct8ket9,0.42649290368651255,0.28920824779077037,0.28429884852271714
0.29403508771929826,0.32289473684210523,0.0,0.3669298245614035,0.0,0.0,2025-10-14T02:11:31Z,ls8,qd9y5ct8ket9,0.37294935805991436,0.32819186875891576,0.29885877318116977
0.23202702702702704,0.46716216216216216,0.3508771929824561,0.28662162162162164,0.0,0.0,2025-10-30T02:11:31Z,ls8,qd9y5ct8ket9,0.2907470870459219,0.47388622344071285,0.23536668951336534
0.23578947368421052,0.4565789473684211,0.0,0.22447368421052638,0.017543859649122806,0.05263157894736842,2025-11-07T02:11:36Z,ls9,qd9y5ct8ket9,0.22765222470642743,0.46304409128446833,0.239128245412613
0.29254385964912283,0.48008771929824556,0.0,0.21228070175438596,0.0,0.0,2025-11-15T02:11:31Z,ls8,qd9y5ct8ket9,0.21553259707873176,0.4874421090131813,0.29702529390808696
,,1.0,,,,2025-11-23T02:11:34Z,ls9,qd9y5ct8ket9,,,
0.2932456140350877,0.5148245614035089,0.0,0.17692982456140355,0.0,0.0,2025-12-01T02:11:30Z,ls8,qd9y5ct8ket9,0.17962418737198327,0.5226645293436638,0.297711283284353
0.28052631578947373,0.5199122807017544,0.0,0.1849122807017544,0.0,0.0,2025-12-09T02:11:34Z,ls9,qd9y5ct8ket9,0.18766135493634825,0.5276417697854536,0.2846968752781982
0.22333333333333336,0.5750980392156863,0.10526315789473684,0.18754901960784312,0.0,0.0,2025-12-17T02:11:30Z,ls8,qd9y5ct8ket9,0.19021577011037089,0.5832753306154916,0.22650889927413745
0.2900877192982456,0.5236842105263158,0.0,0.17035087719298245,0.0,0.0,2025-12-25T02:11:40Z,ls9,qd9y5ct8ket9,0.1730992067029147,0.532132988679918,0.29476780461716734
0.298421052631579,0.5156140350877192,0.0,0.1706140350877193,0.0,0.0,2026-01-02T02:11:26Z,ls8,qd9y5ct8ket9,0.17327394209354122,0.5236525612472159,0.30307349665924277
0.29105263157894734,0.5232456140350877,0.0,0.1710526315789474,0.0,0.0,2026-01-10T02:11:32Z,ls9,qd9y5ct8ket9,0.17359565565743793,0.5310246594854446,0.29537968485711735
0.2637719298245614,0.533859649122807,0.0,0.18736842105263157,0.0,0.0,2026-02-11T02:11:28Z,ls9,qd9y5ct8ket9,0.1902217472615549,0.5419894914952357,0.26778876124320955
0.3294736842105264,0.4962280701754386,0.0,0.15789473684210523,0.0,0.0,2026-02-19T02:11:16Z,ls8,qd9y5ct8ket9,0.16052795861945954,0.5045037010612682,0.3349683403192724
0.32596491228070174,0.49245614035087715,0.0,0.16605263157894737,0.0,0.0,2026-02-27T02:11:23Z,ls9,qd9y5ct8ket9,0.1686714782143812,0.5002227568386349,0.3311057649469839
0.2517543859649123,0.5747368421052632,0.0,0.15780701754385967,0.0,0.0,2026-03-07T02:11:08Z,ls8,qd9y5ct8ket9,0.1603243917654398,0.5839051777916406,0.25577043044291947
0.30447368421052634,0.5150000000000001,0.0,0.1654385964912281,0.0,0.0,2026-03-15T02:11:13Z,ls9,qd9y5ct8ket9,0.1679729248307802,0.5228892055575347,0.30913786961168505
