bare_soil,dry_vegetation,pc_missing,green_vegetation,water,wetness,date,ard_product,nwi_id,norm_pv,norm_npv,norm_bs
0.2854545454545454,0.34590909090909094,0.0,0.26454545454545453,0.045454545454545456,0.045454545454545456,1986-08-16T01:32:51Z,ls5,qd9y10dw50vt,0.26843780268437806,0.3509985701766524,0.2896545362298787
,,1.0,,,,1987-05-31T01:35:27Z,ls5,qd9y10dw50vt,,,
0.05227272727272727,0.6481818181818182,0.0,0.2895454545454545,0.0,0.0,1987-09-04T01:37:49Z,ls5,qd9y10dw50vt,0.2924701561065197,0.6547291092745638,0.052800734618916434
,,1.0,,,,1987-10-22T01:38:48Z,ls5,qd9y10dw50vt,,,
0.01681818181818182,0.7004545454545454,0.0,0.27409090909090916,0.0,0.0,1987-11-07T01:39:08Z,ls5,qd9y10dw50vt,0.27647867950481436,0.706556625401192,0.01696469509399358
,,1.0,,,,1987-11-23T01:39:27Z,ls5,qd9y10dw50vt,,,
0.03772727272727273,0.6922727272727273,0.0,0.2590909090909092,0.0,0.0,1987-12-09T01:39:40Z,ls5,qd9y10dw50vt,0.26194852941176483,0.699908088235294,0.03814338235294117
,,1.0,,,,1987-12-25T01:39:56Z,ls5,qd9y10dw50vt,,,
0.03363636363636364,0.7340909090909092,0.0,0.22363636363636366,0.0,0.0,1988-01-10T01:40:12Z,ls5,qd9y10dw50vt,0.22558459422283356,0.7404860155891793,0.03392939018798716
0.11499999999999999,0.644090909090909,0.0,0.2281818181818182,0.0,0.0,1988-01-26T01:40:30Z,ls5,qd9y10dw50vt,0.23112338858195214,0.6523941068139962,0.11648250460405156
0.09090909090909091,0.6863636363636363,0.0,0.21045454545454545,0.0,0.0,1988-02-11T01:40:48Z,ls5,qd9y10dw50vt,0.2130694891854579,0.6948918545789231,0.09203865623561897
0.11363636363636363,0.6590909090909092,0.0,0.21727272727272726,0.0,0.0,1988-02-27T01:41:00Z,ls5,qd9y10dw50vt,0.21946740128558306,0.6657483930211203,0.11478420569329659
0.07136363636363638,0.69,0.0,0.22818181818181815,0.0,0.0,1988-03-14T01:41:09Z,ls5,qd9y10dw50vt,0.23059255856683508,0.6972898484152503,0.07211759301791458
0.017272727272727273,0.7213636363636362,0.0,0.2545454545454545,0.0,0.0,1988-03-30T01:41:16Z,ls5,qd9y10dw50vt,0.2562929061784897,0.7263157894736842,0.01739130434782609
,,1.0,,,,1988-05-17T01:41:38Z,ls5,qd9y10dw50vt,,,
0.0,0.0,0.9090909090909091,0.0,0.0,1.0,1988-06-02T01:41:44Z,ls5,qd9y10dw50vt,0.0,0.0,0.0
0.16272727272727275,0.4327272727272726,0.0,0.30363636363636365,0.09090909090909091,0.0,1988-07-20T01:41:56Z,ls5,qd9y10dw50vt,0.3070135122713485,0.43754021509329893,0.16453718172626164
0.12772727272727272,0.560909090909091,0.0,0.29772727272727273,0.0,0.0,1988-08-05T01:41:58Z,ls5,qd9y10dw50vt,0.3018433179723502,0.5686635944700461,0.12949308755760366
0.23136363636363635,0.2654545454545455,0.0,0.2640909090909091,0.045454545454545456,0.18181818181818182,1988-08-21T01:41:59Z,ls5,qd9y10dw50vt,0.26819267948300207,0.26957749538394704,0.23495709786032368
0.0,0.0,0.6818181818181819,0.0,0.2857142857142857,0.7142857142857143,1988-09-06T01:42:02Z,ls5,qd9y10dw50vt,0.0,0.0,0.0
0.030454545454545456,0.6522727272727273,0.0,0.3113636363636364,0.0,0.0,1988-09-22T01:41:57Z,ls5,qd9y10dw50vt,0.3132144490169182,0.6561499771376315,0.03063557384545039
0.04230769230769231,0.6515384615384616,0.40909090909090906,0.3007692307692308,0.0,0.0,1988-10-08T01:41:52Z,ls5,qd9y10dw50vt,0.3023975251353442,0.6550657385924208,0.042536736272235115
0.008636363636363636,0.6845454545454545,0.0,0.3004545454545455,0.0,0.0,1988-10-24T01:41:47Z,ls5,qd9y10dw50vt,0.3023787740164685,0.6889295516925892,0.008691674290942362
0.018181818181818184,0.6845454545454546,0.0,0.2890909090909091,0.0,0.0,1988-11-09T01:41:50Z,ls5,qd9y10dw50vt,0.2914757103574702,0.69019248395967,0.018331805682859765
0.011818181818181818,0.7190909090909092,0.0,0.26181818181818184,0.0,0.0,1988-11-25T01:41:50Z,ls5,qd9y10dw50vt,0.2637362637362637,0.7243589743589743,0.011904761904761902
0.022272727272727274,0.7100000000000001,0.0,0.2595454545454545,0.0,0.0,1988-12-11T01:41:39Z,ls5,qd9y10dw50vt,0.26168652612282306,0.7158570119156737,0.02245646196150321
0.03318181818181819,0.6881818181818181,0.0,0.2709090909090909,0.0,0.0,1989-01-12T01:41:26Z,ls5,qd9y10dw50vt,0.27301878149335773,0.6935409986257444,0.033440219880897855
0.031363636363636364,0.7109090909090909,0.0,0.24909090909090906,0.0,0.0,1989-01-28T01:41:13Z,ls5,qd9y10dw50vt,0.25126088950022923,0.7171022466758368,0.03163686382393398
0.035,0.7190909090909092,0.0,0.23454545454545456,0.0,0.0,1989-02-13T01:41:14Z,ls5,qd9y10dw50vt,0.23724137931034478,0.7273563218390804,0.03540229885057471
,,1.0,,,,1989-03-08T01:46:59Z,ls5,qd9y10dw50vt,,,
0.0990909090909091,0.6254545454545454,0.0,0.26363636363636367,0.0,0.0,1989-03-17T01:40:22Z,ls5,qd9y10dw50vt,0.266789328426863,0.6329346826126955,0.1002759889604416
0.10727272727272727,0.6190909090909091,0.0,0.2609090909090909,0.0,0.0,1989-03-24T01:46:19Z,ls5,qd9y10dw50vt,0.26427255985267034,0.6270718232044199,0.10865561694290975
0.10772727272727273,0.5531818181818182,0.0,0.3268181818181818,0.0,0.0,1989-06-05T01:39:27Z,ls5,qd9y10dw50vt,0.3308789691670501,0.5600552231937413,0.10906580763920846
0.08318181818181819,0.5940909090909092,0.0,0.31227272727272726,0.0,0.0,1989-06-21T01:39:02Z,ls5,qd9y10dw50vt,0.31557188791915475,0.600367478180983,0.0840606338998622
,,1.0,,,,1989-07-23T01:38:27Z,ls5,qd9y10dw50vt,,,
0.11227272727272726,0.5863636363636363,0.0,0.2899999999999999,0.0,0.0,1989-08-08T01:38:07Z,ls5,qd9y10dw50vt,0.2933333333333333,0.593103448275862,0.11356321839080459
0.06772727272727273,0.6545454545454544,0.0,0.26681818181818184,0.0,0.0,1989-09-09T01:37:22Z,ls5,qd9y10dw50vt,0.2697610294117648,0.6617647058823529,0.06847426470588236
0.04545454545454546,0.6622727272727272,0.0,0.28318181818181815,0.0,0.0,1989-09-25T01:36:58Z,ls5,qd9y10dw50vt,0.2857798165137615,0.668348623853211,0.04587155963302754
,,1.0,,,,1989-10-11T01:36:37Z,ls5,qd9y10dw50vt,,,
,,1.0,,,,1989-11-12T01:35:35Z,ls5,qd9y10dw50vt,,,
0.0440909090909091,0.7259090909090907,0.0,0.22318181818181818,0.0,0.0,1989-12-14T01:34:45Z,ls5,qd9y10dw50vt,0.2247139588100687,0.7308924485125858,0.04439359267734556
,,1.0,,,,1990-01-15T01:33:44Z,ls5,qd9y10dw50vt,,,
0.07227272727272728,0.6709090909090909,0.0,0.24727272727272726,0.0,0.0,1990-01-31T01:33:14Z,ls5,qd9y10dw50vt,0.2496558054153281,0.6773749426342358,0.07296925195043598
,,1.0,,,,1990-02-16T01:32:42Z,ls5,qd9y10dw50vt,,,
0.025909090909090913,0.6827272727272727,0.0,0.28318181818181815,0.0,0.0,1990-04-05T01:31:16Z,ls5,qd9y10dw50vt,0.2855178735105408,0.6883593033913842,0.026122823098075166
0.01636363636363636,0.6736363636363636,0.0,0.30272727272727273,0.0,0.0,1990-04-21T01:31:29Z,ls5,qd9y10dw50vt,0.30494505494505497,0.6785714285714286,0.01648351648351648
0.047727272727272736,0.6713636363636364,0.0,0.27181818181818185,0.0,0.0,1990-05-07T01:31:25Z,ls5,qd9y10dw50vt,0.2743119266055046,0.6775229357798165,0.04816513761467891
0.04136363636363636,0.6695454545454546,0.0,0.28045454545454546,0.0,0.0,1990-05-23T01:31:27Z,ls5,qd9y10dw50vt,0.2828977533241632,0.6753782668500689,0.04172397982576799
,,1.0,,,,1990-06-08T01:31:25Z,ls5,qd9y10dw50vt,,,
0.12727272727272726,0.5868181818181818,0.0,0.2768181818181818,0.0,0.0,1990-06-24T01:31:24Z,ls5,qd9y10dw50vt,0.2793577981651376,0.5922018348623854,0.12844036697247707
0.12727272727272726,0.5763636363636363,0.0,0.2859090909090909,0.0,0.0,1990-07-10T01:31:22Z,ls5,qd9y10dw50vt,0.288929719797887,0.5824529168580616,0.12861736334405144
0.225,0.38636363636363635,0.0,0.23909090909090913,0.09090909090909091,0.045454545454545456,1990-07-26T01:31:18Z,ls5,qd9y10dw50vt,0.2427967542879355,0.39235216947670176,0.22848743987172634
,,1.0,,,,1990-08-11T01:31:13Z,ls5,qd9y10dw50vt,,,
0.03636363636363637,0.6668181818181818,0.0,0.28818181818181815,0.0,0.0,1990-08-27T01:31:08Z,ls5,qd9y10dw50vt,0.2906923429619441,0.672627235213205,0.036680421824851
0.056818181818181816,0.6581818181818181,0.0,0.2777272727272727,0.0,0.0,1990-09-12T01:31:05Z,ls5,qd9y10dw50vt,0.27976190476190477,0.663003663003663,0.05723443223443224
0.0409090909090909,0.6818181818181818,0.0,0.26909090909090905,0.0,0.0,1990-09-28T01:30:56Z,ls5,qd9y10dw50vt,0.27131072410632445,0.687442713107241,0.04124656278643446
0.028636363636363637,0.6777272727272726,0.0,0.2877272727272728,0.0,0.0,1990-10-30T01:30:41Z,ls5,qd9y10dw50vt,0.2894375857338821,0.681755829903978,0.02880658436213992
0.03681818181818181,0.6972727272727274,0.0,0.2559090909090909,0.0,0.0,1990-11-15T01:30:43Z,ls5,qd9y10dw50vt,0.2584940312213039,0.7043158861340679,0.037190082644628086
0.022272727272727274,0.734090909090909,0.0,0.23545454545454547,0.0,0.0,1990-12-17T01:30:41Z,ls5,qd9y10dw50vt,0.23739688359303396,0.7401466544454629,0.02245646196150321
0.023181818181818182,0.7136363636363635,0.0,0.2563636363636364,0.0,0.0,1991-01-02T01:31:07Z,ls5,qd9y10dw50vt,0.2581235697940504,0.7185354691075514,0.02334096109839817
0.035909090909090904,0.725909090909091,0.0,0.23,0.0,0.0,1991-01-18T01:31:34Z,ls5,qd9y10dw50vt,0.23189734188817598,0.731897341888176,0.036205316223648025
,,1.0,,,,1991-02-03T01:31:46Z,ls5,qd9y10dw50vt,,,
0.06363636363636366,0.719090909090909,0.0,0.20681818181818182,0.0,0.0,1991-02-19T01:32:08Z,ls5,qd9y10dw50vt,0.20900321543408362,0.7266881028938906,0.06430868167202575
0.03636363636363637,0.7313636363636363,0.0,0.22227272727272726,0.0,0.0,1991-03-07T01:32:25Z,ls5,qd9y10dw50vt,0.22451790633608815,0.7387511478420569,0.03673094582185492
,,1.0,,,,1991-03-23T01:32:48Z,ls5,qd9y10dw50vt,,,
0.03590909090909091,0.7004545454545453,0.0,0.2568181818181819,0.0,0.0,1991-04-08T01:33:01Z,ls5,qd9y10dw50vt,0.25858123569794056,0.7052631578947367,0.036155606407322655
0.03318181818181818,0.6781818181818182,0.0,0.28090909090909094,0.0,0.0,1991-04-24T01:33:16Z,ls5,qd9y10dw50vt,0.2830966559780119,0.6834631241410902,0.03344021988089784
,,1.0,,,,1991-05-10T01:33:35Z,ls5,qd9y10dw50vt,,,
0.062272727272727264,0.6504545454545455,0.0,0.2786363636363637,0.0,0.0,1991-05-26T01:33:52Z,ls5,qd9y10dw50vt,0.2810637322329207,0.656121045392022,0.0628152223750573
0.0,0.0,0.13636363636363635,0.0,0.0,1.0,1991-06-27T01:34:18Z,ls5,qd9y10dw50vt,0.0,0.0,0.0
0.2072727272727273,0.3936363636363636,0.0,0.2509090909090909,0.045454545454545456,0.09090909090909091,1991-07-13T01:34:28Z,ls5,qd9y10dw50vt,0.25439022023867275,0.3990977005918308,0.21014844280586012
0.1309090909090909,0.5822727272727272,0.0,0.27409090909090905,0.0,0.0,1991-08-14T01:34:45Z,ls5,qd9y10dw50vt,0.27762430939226523,0.5897790055248618,0.13259668508287292
0.09818181818181819,0.6168181818181817,0.0,0.27545454545454545,0.0,0.0,1991-08-30T01:34:54Z,ls5,qd9y10dw50vt,0.27810922441486924,0.6227627351996329,0.09912804038549797
,,1.0,,,,1991-09-15T01:35:08Z,ls5,qd9y10dw50vt,,,
0.015909090909090907,0.6931818181818181,0.0,0.2868181818181818,0.0,0.0,1991-10-01T01:35:13Z,ls5,qd9y10dw50vt,0.2879963486992241,0.6960292104062072,0.01597444089456869
0.01,0.705,0.0,0.27772727272727277,0.0,0.0,1991-10-17T01:35:24Z,ls5,qd9y10dw50vt,0.2797619047619048,0.7101648351648352,0.010073260073260074
0.01,0.7118181818181818,0.0,0.27272727272727276,0.0,0.0,1991-11-02T01:35:23Z,ls5,qd9y10dw50vt,0.27422303473491777,0.7157221206581352,0.010054844606946983
0.025,0.7213636363636363,0.0,0.2463636363636364,0.0,0.0,1991-11-18T01:35:27Z,ls5,qd9y10dw50vt,0.24816849816849818,0.7266483516483515,0.025183150183150184
,,1.0,,,,1991-12-04T01:35:41Z,ls5,qd9y10dw50vt,,,
0.0435,0.728,0.09090909090909094,0.22000000000000003,0.0,0.0,1991-12-20T01:35:33Z,ls5,qd9y10dw50vt,0.22188603126575898,0.7342410489157842,0.04387291981845688
,,1.0,,,,1992-01-05T01:35:30Z,ls5,qd9y10dw50vt,,,
0.03727272727272728,0.7295454545454544,0.0,0.2254545454545455,0.0,0.0,1992-01-21T01:35:30Z,ls5,qd9y10dw50vt,0.22721026110856626,0.7352267521759047,0.0375629867155291
0.021818181818181816,0.7159090909090908,0.0,0.25363636363636366,0.0,0.0,1992-02-22T01:35:25Z,ls5,qd9y10dw50vt,0.2558459422283357,0.7221458046767537,0.02200825309491059
0.08444444444444445,0.6238888888888889,0.18181818181818177,0.17944444444444443,0.0,0.1111111111111111,1992-03-09T01:35:25Z,ls5,qd9y10dw50vt,0.1796690307328605,0.624669726046447,0.08455013210958141
0.024090909090909093,0.6786363636363636,0.0,0.2895454545454546,0.0,0.0,1992-04-10T01:35:13Z,ls5,qd9y10dw50vt,0.29180027485112237,0.683921209344938,0.024278515803939534
,,1.0,,,,1992-04-26T01:35:05Z,ls5,qd9y10dw50vt,,,
0.04,0.6964705882352941,0.2272727272727273,0.2564705882352941,0.0,0.0,1992-05-12T01:34:58Z,ls5,qd9y10dw50vt,0.25829383886255924,0.7014218009478672,0.04028436018957346
0.03954545454545454,0.6918181818181819,0.0,0.26000000000000006,0.0,0.0,1992-05-28T01:34:49Z,ls5,qd9y10dw50vt,0.2622650160476846,0.69784502521779,0.039889958734525444
,,1.0,,,,1992-06-13T01:34:38Z,ls5,qd9y10dw50vt,,,
,,1.0,,,,1992-06-29T01:34:27Z,ls5,qd9y10dw50vt,,,
0.10136363636363636,0.6022727272727274,0.0,0.2849999999999999,0.0,0.0,1992-07-15T01:34:15Z,ls5,qd9y10dw50vt,0.28827586206896544,0.6091954022988507,0.10252873563218391
0.09727272727272726,0.6140909090909091,0.0,0.27772727272727266,0.0,0.0,1992-07-31T01:34:02Z,ls5,qd9y10dw50vt,0.2807904411764705,0.6208639705882353,0.0983455882352941
,,1.0,,,,1992-08-07T01:40:07Z,ls5,qd9y10dw50vt,,,
,,1.0,,,,1992-09-01T01:33:32Z,ls5,qd9y10dw50vt,,,
0.05909090909090909,0.6568181818181817,0.0,0.27636363636363637,0.0,0.0,1992-09-17T01:33:18Z,ls5,qd9y10dw50vt,0.2785158039395328,0.6619331195602381,0.05955107650022905
,,1.0,,,,1992-09-24T01:39:21Z,ls5,qd9y10dw50vt,,,
0.019090909090909092,0.26454545454545453,0.0,0.12363636363636363,0.18181818181818182,0.4090909090909091,1992-10-03T01:32:56Z,ls5,qd9y10dw50vt,0.12418831168831165,0.26572646103896097,0.01917613636363636
0.030000000000000002,0.6640909090909091,0.0,0.295,0.0,0.0,1992-10-19T01:32:43Z,ls5,qd9y10dw50vt,0.29825367647058826,0.6714154411764706,0.03033088235294118
0.026363636363636367,0.705,0.0,0.26045454545454544,0.0,0.0,1992-12-06T01:32:27Z,ls5,qd9y10dw50vt,0.2626031164069661,0.7108157653528873,0.02658111824014666
0.06409090909090909,0.7081818181818181,0.0,0.21818181818181817,0.0,0.0,1993-01-07T01:32:47Z,ls5,qd9y10dw50vt,0.2202845341899954,0.7150068838916934,0.06470858191831115
0.0540909090909091,0.7122727272727273,0.0,0.22318181818181818,0.0,0.0,1993-01-23T01:32:58Z,ls5,qd9y10dw50vt,0.2255397335783188,0.7197978870004594,0.054662379421221874
,,1.0,,,,1993-01-30T01:39:13Z,ls5,qd9y10dw50vt,,,
0.022727272727272728,0.7668181818181821,0.0,0.20409090909090907,0.0,0.0,1993-02-08T01:33:09Z,ls5,qd9y10dw50vt,0.20539798719121677,0.7717291857273559,0.02287282708142726
0.07761904761904763,0.6938095238095238,0.045454545454545414,0.2166666666666667,0.0,0.0,1993-02-24T01:33:12Z,ls5,qd9y10dw50vt,0.219277108433735,0.7021686746987952,0.0785542168674699
,,1.0,,,,1993-03-03T01:39:29Z,ls5,qd9y10dw50vt,,,
0.014545454545454545,0.6995454545454546,0.0,0.2777272727272727,0.0,0.0,1993-03-12T01:33:24Z,ls5,qd9y10dw50vt,0.28001833180568286,0.7053162236480294,0.01466544454628781
0.06954545454545456,0.6840909090909091,0.0,0.23454545454545456,0.0,0.0,1993-04-13T01:33:33Z,ls5,qd9y10dw50vt,0.2373505059797608,0.6922723091076356,0.0703771849126035
0.043,0.7464999999999999,0.09090909090909094,0.20750000000000002,0.0,0.0,1993-04-29T01:33:40Z,ls5,qd9y10dw50vt,0.20812437311935808,0.7487462387161484,0.04312938816449348
,,1.0,,,,1993-05-15T01:33:43Z,ls5,qd9y10dw50vt,,,
0.07909090909090909,0.6286363636363634,0.0,0.28227272727272723,0.0,0.0,1993-05-31T01:33:47Z,ls5,qd9y10dw50vt,0.2851239669421488,0.6349862258953167,0.07988980716253445
0.14500000000000002,0.5581818181818182,0.0,0.2859090909090909,0.0,0.0,1993-07-02T01:33:37Z,ls5,qd9y10dw50vt,0.28906249999999994,0.5643382352941176,0.14659926470588236
0.1222727272727273,0.5922727272727272,0.0,0.2740909090909091,0.0,0.0,1993-07-18T01:33:38Z,ls5,qd9y10dw50vt,0.27724137931034487,0.5990804597701149,0.12367816091954027
0.09772727272727272,0.6118181818181818,0.0,0.27954545454545454,0.0,0.0,1993-08-03T01:33:37Z,ls5,qd9y10dw50vt,0.28262867647058826,0.6185661764705883,0.09880514705882353
0.1322727272727273,0.5909090909090909,0.0,0.265,0.0,0.0,1993-08-19T01:33:37Z,ls5,qd9y10dw50vt,0.2681692732290708,0.5979760809567617,0.13385464581416745
,,1.0,,,,1993-09-04T01:33:36Z,ls5,qd9y10dw50vt,,,
0.042727272727272725,0.6659090909090909,0.0,0.28409090909090906,0.0,0.0,1993-09-20T01:33:34Z,ls5,qd9y10dw50vt,0.28617216117216115,0.6707875457875458,0.04304029304029304
0.002727272727272727,0.6963636363636364,0.0,0.2972727272727273,0.0,0.0,1993-10-06T01:33:30Z,ls5,qd9y10dw50vt,0.2983576642335767,0.6989051094890512,0.0027372262773722625
0.007727272727272728,0.7095454545454545,0.0,0.27727272727272717,0.0,0.0,1993-10-22T01:33:22Z,ls5,qd9y10dw50vt,0.27879341864716634,0.7134369287020111,0.007769652650822671
0.006666666666666667,0.7299999999999999,0.18181818181818177,0.2577777777777779,0.0,0.0,1993-11-07T01:33:16Z,ls5,qd9y10dw50vt,0.2592178770949722,0.7340782122905026,0.0067039106145251395
0.038181818181818185,0.7140909090909091,0.0,0.23999999999999996,0.0,0.0,1993-11-23T01:33:08Z,ls5,qd9y10dw50vt,0.24186898763169945,0.7196518552450756,0.03847915712322492
0.06863636363636362,0.7077272727272728,0.0,0.21454545454545454,0.0,0.0,1993-12-09T01:33:05Z,ls5,qd9y10dw50vt,0.2165137614678899,0.7142201834862385,0.06926605504587154
0.03954545454545455,0.7240909090909091,0.0,0.22772727272727275,0.0,0.0,1993-12-25T01:32:56Z,ls5,qd9y10dw50vt,0.2297111416781293,0.7303988995873453,0.03988995873452545
,,1.0,,,,1994-01-10T01:32:43Z,ls5,qd9y10dw50vt,,,
0.04272727272727273,0.7572727272727273,0.0,0.19181818181818186,0.0,0.0,1994-01-26T01:32:30Z,ls5,qd9y10dw50vt,0.1934005499541705,0.763519706691109,0.04307974335472044
0.055454545454545465,0.7490909090909093,0.0,0.1859090909090909,0.0,0.0,1994-02-27T01:32:05Z,ls5,qd9y10dw50vt,0.1877007801743919,0.7563102340523177,0.055988985773290506
,,1.0,,,,1994-03-06T01:38:10Z,ls5,qd9y10dw50vt,,,
0.05090909090909091,0.7231818181818181,0.0,0.21272727272727276,0.0,0.0,1994-03-15T01:31:51Z,ls5,qd9y10dw50vt,0.21556886227544914,0.73284200829111,0.051589129433440815
,,1.0,,,,1994-03-22T01:37:55Z,ls5,qd9y10dw50vt,,,
0.07,0.705,0.0,0.21454545454545457,0.0,0.0,1994-03-31T01:31:35Z,ls5,qd9y10dw50vt,0.21681212677997247,0.7124483233807992,0.07073954983922831
0.0931818181818182,0.6745454545454547,0.0,0.2222727272727273,0.0,0.0,1994-05-02T01:31:01Z,ls5,qd9y10dw50vt,0.22451790633608812,0.6813590449954086,0.09412304866850321
0.12545454545454546,0.5740909090909091,0.0,0.29045454545454547,0.0,0.0,1994-06-03T01:30:25Z,ls5,qd9y10dw50vt,0.29338842975206614,0.5798898071625345,0.12672176308539945
0.22000000000000003,0.35363636363636364,0.0,0.27681818181818185,0.045454545454545456,0.09090909090909091,1994-07-05T01:29:39Z,ls5,qd9y10dw50vt,0.28110878966036634,0.35911763276808706,0.2234099412079102
0.19090909090909092,0.5104545454545456,0.0,0.2845454545454545,0.0,0.0,1994-07-21T01:29:13Z,ls5,qd9y10dw50vt,0.2886122637159981,0.5177501152604888,0.19363762102351312
0.07590909090909091,0.6399999999999999,0.0,0.2745454545454545,0.0,0.0,1994-08-22T01:28:24Z,ls5,qd9y10dw50vt,0.2771913721890775,0.6461679669573199,0.07664066085360259
0.05909090909090909,0.6704545454545454,0.0,0.26227272727272727,0.0,0.0,1994-09-07T01:28:00Z,ls5,qd9y10dw50vt,0.26443629697525206,0.6759853345554537,0.05957836846929423
0.019090909090909092,0.7077272727272729,0.0,0.26545454545454555,0.0,0.0,1994-09-23T01:27:35Z,ls5,qd9y10dw50vt,0.26752175904718284,0.7132386623912048,0.019239578561612458
,,1.0,,,,1994-10-25T01:26:34Z,ls5,qd9y10dw50vt,,,
0.05681818181818183,0.6986363636363637,0.0,0.24045454545454545,0.0,0.0,1994-11-10T01:26:00Z,ls5,qd9y10dw50vt,0.241442263806481,0.7015061615700593,0.05705157462345961
,,1.0,,,,1994-11-26T01:25:28Z,ls5,qd9y10dw50vt,,,
,,1.0,,,,1994-12-12T01:25:00Z,ls5,qd9y10dw50vt,,,
0.09,0.7163636363636363,0.0,0.18454545454545454,0.0,0.0,1994-12-28T01:24:28Z,ls5,qd9y10dw50vt,0.18623853211009175,0.7229357798165138,0.0908256880733945
0.00045454545454545455,0.4863636363636364,0.0,0.1459090909090909,0.0,0.36363636363636365,1995-01-13T01:23:54Z,ls5,qd9y10dw50vt,0.1467476489028213,0.48915882967607105,0.00045715778474399155
,,1.0,,,,1995-01-29T01:23:17Z,ls5,qd9y10dw50vt,,,
,,1.0,,,,1995-03-09T01:27:54Z,ls5,qd9y10dw50vt,,,
0.09545454545454547,0.675,0.0,0.21818181818181817,0.0,0.0,1995-03-18T01:21:20Z,ls5,qd9y10dw50vt,0.2206896551724138,0.6827586206896552,0.09655172413793105
0.05136363636363638,0.670909090909091,0.0,0.265,0.0,0.0,1995-04-19T01:20:02Z,ls5,qd9y10dw50vt,0.2684162062615101,0.6795580110497238,0.05202578268876613
,,1.0,,,,1995-04-26T01:25:54Z,ls5,qd9y10dw50vt,,,
0.0640909090909091,0.6418181818181818,0.0,0.28272727272727277,0.0,0.0,1995-05-05T01:19:19Z,ls5,qd9y10dw50vt,0.2859770114942529,0.6491954022988506,0.06482758620689656
,,1.0,,,,1995-05-12T01:25:11Z,ls5,qd9y10dw50vt,,,
,,1.0,,,,1995-05-21T01:18:36Z,ls5,qd9y10dw50vt,,,
,,1.0,,,,1995-06-13T01:23:42Z,ls5,qd9y10dw50vt,,,
0.0,0.0,0.8636363636363636,0.0,0.0,1.0,1995-07-24T01:15:40Z,ls5,qd9y10dw50vt,0.0,0.0,0.0
0.2722727272727272,0.4609090909090909,0.0,0.25772727272727275,0.0,0.0,1995-08-25T01:14:13Z,ls5,qd9y10dw50vt,0.2600917431192661,0.4651376146788991,0.27477064220183484
0.13318181818181818,0.565,0.0,0.2922727272727273,0.0,0.0,1995-09-10T01:13:27Z,ls5,qd9y10dw50vt,0.2950894905920147,0.5704451583295089,0.13446535107847638
,,1.0,,,,1995-10-19T01:17:35Z,ls5,qd9y10dw50vt,,,
0.007727272727272727,0.714090909090909,0.0,0.2722727272727273,0.0,0.0,1995-12-15T01:12:16Z,ls5,qd9y10dw50vt,0.27389117512574307,0.7183356195701874,0.007773205304069501
0.09045454545454547,0.6695454545454546,0.0,0.23090909090909092,0.0,0.0,1996-01-16T01:14:35Z,ls5,qd9y10dw50vt,0.23302752293577983,0.6756880733944954,0.09128440366972478
0.02909090909090909,0.6904545454545455,0.0,0.2722727272727273,0.0,0.0,1996-02-17T01:16:48Z,ls5,qd9y10dw50vt,0.2745187901008249,0.6961503208065994,0.029330889092575616
0.060000000000000005,0.6872727272727274,0.0,0.2427272727272727,0.0,0.0,1996-03-04T01:17:52Z,ls5,qd9y10dw50vt,0.2451790633608815,0.6942148760330579,0.06060606060606061
0.14909090909090908,0.6013636363636364,0.0,0.23954545454545456,0.0,0.0,1996-03-20T01:18:54Z,ls5,qd9y10dw50vt,0.24196510560146922,0.6074380165289256,0.15059687786960513
0.06363636363636364,0.6436363636363637,0.0,0.2850000000000001,0.0,0.0,1996-04-21T01:20:54Z,ls5,qd9y10dw50vt,0.28721942281264323,0.6486486486486487,0.06413192853870821
,,1.0,,,,1996-05-07T01:21:51Z,ls5,qd9y10dw50vt,,,
0.07318181818181818,0.6009090909090911,0.0,0.31545454545454543,0.0,0.0,1996-05-23T01:22:46Z,ls5,qd9y10dw50vt,0.318787322002756,0.6072576940744143,0.07395498392282956
0.0931818181818182,0.515909090909091,0.0,0.2886363636363636,0.09090909090909091,0.0,1996-06-24T01:24:31Z,ls5,qd9y10dw50vt,0.2922899884925201,0.522439585730725,0.094361334867664
0.13590909090909092,0.5481818181818183,0.0,0.3054545454545454,0.0,0.0,1996-07-10T01:25:20Z,ls5,qd9y10dw50vt,0.3086816720257234,0.5539733578318787,0.13734497014239777
0.1427272727272727,0.3440909090909091,0.0,0.27590909090909094,0.13636363636363635,0.09090909090909091,1996-07-26T01:26:12Z,ls5,qd9y10dw50vt,0.27952649257774403,0.34860223209448477,0.14459854805504382
0.24272727272727268,0.3859090909090909,0.0,0.2736363636363637,0.0,0.09090909090909091,1996-08-27T01:27:54Z,ls5,qd9y10dw50vt,0.27570414472177696,0.3888252805129379,0.2445614838561941
0.4453846153846154,0.3030769230769231,0.40909090909090906,0.2461538461538462,0.0,0.0,1996-09-12T01:28:47Z,ls5,qd9y10dw50vt,0.2474864655839134,0.3047177107501933,0.4477958236658932
0.015909090909090907,0.6472727272727273,0.0,0.3309090909090909,0.0,0.0,1996-10-14T01:30:29Z,ls5,qd9y10dw50vt,0.3328760859625057,0.6511202560585277,0.016003657978966617
,,1.0,,,,1996-10-30T01:31:16Z,ls5,qd9y10dw50vt,,,
,,1.0,,,,1996-11-15T01:32:01Z,ls5,qd9y10dw50vt,,,
,,1.0,,,,1996-12-01T01:32:47Z,ls5,qd9y10dw50vt,,,
0.03909090909090909,0.7031818181818182,0.0,0.2504545454545455,0.0,0.0,1996-12-17T01:33:32Z,ls5,qd9y10dw50vt,0.2522893772893773,0.7083333333333334,0.039377289377289376
0.042272727272727274,0.7145454545454547,0.0,0.23500000000000004,0.0,0.0,1997-01-02T01:34:18Z,ls5,qd9y10dw50vt,0.23693858845096244,0.7204399633363887,0.04262144821264894
0.07045454545454545,0.6977272727272728,0.0,0.2240909090909091,0.0,0.0,1997-01-18T01:35:03Z,ls5,qd9y10dw50vt,0.22583600549702243,0.7031607879065506,0.07100320659642693
0.01,0.7431818181818183,0.0,0.24045454545454545,0.0,0.0,1997-02-03T01:35:46Z,ls5,qd9y10dw50vt,0.24199451052150042,0.7479414455626715,0.010064043915827995
0.015454545454545453,0.7509090909090909,0.0,0.22636363636363638,0.0,0.0,1997-03-07T01:37:06Z,ls5,qd9y10dw50vt,0.22802197802197802,0.7564102564102563,0.015567765567765566
0.04045454545454546,0.6986363636363636,0.0,0.25227272727272726,0.0,0.0,1997-03-23T01:37:42Z,ls5,qd9y10dw50vt,0.2544704264099037,0.7047226043099496,0.040806969280146724
0.034999999999999996,0.6568181818181817,0.0,0.3004545454545455,0.0,0.0,1997-04-08T01:38:18Z,ls5,qd9y10dw50vt,0.3027943197434723,0.6619331195602381,0.03527256069628951
0.03954545454545454,0.6818181818181818,0.0,0.2695454545454545,0.0,0.0,1997-04-24T01:38:52Z,ls5,qd9y10dw50vt,0.2720183486238532,0.6880733944954129,0.03990825688073395
,,1.0,,,,1997-05-10T01:39:25Z,ls5,qd9y10dw50vt,,,
,,1.0,,,,1997-05-26T01:39:59Z,ls5,qd9y10dw50vt,,,
0.06545454545454546,0.615,0.0,0.31,0.0,0.0,1997-07-29T01:42:10Z,ls5,qd9y10dw50vt,0.3129876089949518,0.6209270307480496,0.06608536025699863
0.07045454545454546,0.6227272727272726,0.0,0.2972727272727273,0.0,0.0,1997-08-14T01:42:41Z,ls5,qd9y10dw50vt,0.3001376778338688,0.6287287746672785,0.0711335474988527
0.06772727272727273,0.6245454545454545,0.0,0.2990909090909091,0.0,0.0,1997-08-30T01:43:11Z,ls5,qd9y10dw50vt,0.3016964695093993,0.6299862448418156,0.06831728564878498
0.03318181818181819,0.6640909090909092,0.0,0.2940909090909092,0.0,0.0,1997-09-15T01:43:38Z,ls5,qd9y10dw50vt,0.2966529115084824,0.669876203576341,0.033470884915176524
0.03090909090909091,0.6663636363636364,0.0,0.2936363636363636,0.0,0.0,1997-10-17T01:44:31Z,ls5,qd9y10dw50vt,0.2963302752293578,0.6724770642201835,0.031192660550458717
0.04272727272727273,0.6827272727272727,0.0,0.2659090909090909,0.0,0.0,1997-11-02T01:44:57Z,ls5,qd9y10dw50vt,0.2682255845942228,0.6886749197615772,0.04309949564419992
0.047,0.7295,0.09090909090909094,0.21650000000000005,0.0,0.0,1997-12-20T01:46:07Z,ls5,qd9y10dw50vt,0.2180261832829809,0.7346424974823766,0.04733131923464249
0.055,0.7177272727272727,0.0,0.21772727272727277,0.0,0.0,1998-01-05T01:46:30Z,ls5,qd9y10dw50vt,0.21982560807709964,0.7246443322625057,0.055530059660394676
0.0742857142857143,0.722857142857143,0.045454545454545414,0.19333333333333336,0.0,0.0,1998-01-21T01:46:50Z,ls5,qd9y10dw50vt,0.1951923076923077,0.7298076923076923,0.07500000000000001
0.07090909090909091,0.7181818181818183,0.0,0.20227272727272727,0.0,0.0,1998-02-06T01:47:11Z,ls5,qd9y10dw50vt,0.20403484640073358,0.724438331040807,0.07152682255845942
0.05363636363636364,0.7204545454545455,0.0,0.21681818181818183,0.0,0.0,1998-02-22T01:47:29Z,ls5,qd9y10dw50vt,0.2188073394495413,0.7270642201834863,0.05412844036697249
0.06318181818181819,0.6927272727272727,0.0,0.23409090909090907,0.0,0.0,1998-03-26T01:47:59Z,ls5,qd9y10dw50vt,0.23645546372819098,0.6997245179063362,0.06382001836547292
0.045909090909090906,0.69,0.0,0.2545454545454546,0.0,0.0,1998-04-11T01:48:10Z,ls5,qd9y10dw50vt,0.25699862322166134,0.6966498393758604,0.046351537402478195
,,1.0,,,,1998-05-13T01:48:38Z,ls5,qd9y10dw50vt,,,
,,1.0,,,,1998-05-29T01:48:54Z,ls5,qd9y10dw50vt,,,
0.18954545454545454,0.44499999999999995,0.0,0.30818181818181817,0.0,0.045454545454545456,1998-07-16T01:49:29Z,ls5,qd9y10dw50vt,0.31204523538178314,0.4505785920925747,0.1919216270710967
,,1.0,,,,1998-08-01T01:49:35Z,ls5,qd9y10dw50vt,,,
0.08227272727272729,0.6213636363636363,0.0,0.2872727272727273,0.0,0.0,1998-08-17T01:49:43Z,ls5,qd9y10dw50vt,0.28990825688073396,0.6270642201834862,0.08302752293577984
,,1.0,,,,1998-09-02T01:49:54Z,ls5,qd9y10dw50vt,,,
,,1.0,,,,1998-09-18T01:50:01Z,ls5,qd9y10dw50vt,,,
0.04772727272727273,0.649090909090909,0.0,0.29409090909090907,0.0,0.0,1998-10-20T01:50:04Z,ls5,qd9y10dw50vt,0.29678899082568805,0.655045871559633,0.0481651376146789
,,1.0,,,,1998-11-05T01:50:09Z,ls5,qd9y10dw50vt,,,
0.0,0.79,0.9090909090909091,0.21000000000000002,0.0,0.0,1998-12-07T01:50:12Z,ls5,qd9y10dw50vt,0.21000000000000002,0.79,0.0
0.0,0.75,0.9545454545454546,0.24,0.0,0.0,1998-12-23T01:50:17Z,ls5,qd9y10dw50vt,0.24242424242424243,0.7575757575757576,0.0
0.012727272727272728,0.7522727272727271,0.0,0.22681818181818186,0.0,0.0,1999-01-08T01:50:17Z,ls5,qd9y10dw50vt,0.2286892758936756,0.7584784601283225,0.012832263978001836
0.04954545454545455,0.7136363636363637,0.0,0.2290909090909091,0.0,0.0,1999-02-09T01:50:25Z,ls5,qd9y10dw50vt,0.2308749427393495,0.7191937700412276,0.04993128721942281
0.045909090909090906,0.7227272727272727,0.0,0.22,0.0,0.0,1999-02-25T01:50:28Z,ls5,qd9y10dw50vt,0.22252873563218392,0.7310344827586207,0.046436781609195406
,,1.0,,,,1999-03-13T01:50:17Z,ls5,qd9y10dw50vt,,,
0.1457142857142857,0.6042857142857143,0.6818181818181819,0.24,0.0,0.0,1999-03-29T01:49:59Z,ls5,qd9y10dw50vt,0.24242424242424243,0.6103896103896104,0.1471861471861472
0.12227272727272727,0.4754545454545454,0.0,0.3018181818181819,0.0,0.09090909090909091,1999-04-14T01:49:58Z,ls5,qd9y10dw50vt,0.30502090128163906,0.48049979328402764,0.1235702145252423
,,1.0,,,,1999-04-21T01:56:09Z,ls5,qd9y10dw50vt,,,
0.08090909090909092,0.59,0.0,0.3172727272727273,0.0,0.0,1999-04-30T01:49:56Z,ls5,qd9y10dw50vt,0.3210671573137075,0.5970561177552898,0.08187672493100277
0.15545454545454548,0.3231818181818182,0.0,0.28227272727272723,0.09090909090909091,0.13636363636363635,1999-05-16T01:49:42Z,ls5,qd9y10dw50vt,0.2866568914956011,0.3282013685239491,0.15786901270772238
0.18954545454545454,0.16999999999999998,0.0,0.22227272727272726,0.18181818181818182,0.22727272727272727,1999-06-01T01:49:20Z,ls5,qd9y10dw50vt,0.2257457386363636,0.17265624999999998,0.19250710227272727
0.15863636363636366,0.3072727272727273,0.0,0.29636363636363633,0.13636363636363635,0.09090909090909091,1999-06-17T01:49:11Z,ls5,qd9y10dw50vt,0.300428253916626,0.31148696264975334,0.1608120561608934
0.2381818181818182,0.19999999999999998,0.0,0.27499999999999997,0.13636363636363635,0.13636363636363635,1999-07-02T02:10:08Z,ls7,qd9y10dw50vt,0.2804333970681963,0.2039515615041428,0.24288776870038822
0.24818181818181817,0.22999999999999998,0.0,0.2813636363636363,0.18181818181818182,0.045454545454545456,1999-07-03T01:49:02Z,ls5,qd9y10dw50vt,0.2862466677547467,0.23399162178336327,0.25248898318916274
,,1.0,,,,1999-07-19T01:48:58Z,ls5,qd9y10dw50vt,,,
0.06363636363636363,0.11,0.0,0.09409090909090909,0.22727272727272727,0.5,1999-07-27T02:04:05Z,ls7,qd9y10dw50vt,0.09584812471060349,0.11205432937181664,0.0648248186448526
0.05772727272727273,0.08545454545454546,0.0,0.08045454545454545,0.3181818181818182,0.45454545454545453,1999-08-04T01:48:57Z,ls5,qd9y10dw50vt,0.0817627494456763,0.08684405025868444,0.058665927568366624
0.06863636363636363,0.10727272727272727,0.0,0.09181818181818181,0.5454545454545454,0.18181818181818182,1999-08-12T02:04:08Z,ls7,qd9y10dw50vt,0.09353295261614449,0.10927612285846583,0.06991819725266246
0.07545454545454545,0.12227272727272727,0.0,0.11545454545454546,0.36363636363636365,0.3181818181818182,1999-08-19T02:10:15Z,ls7,qd9y10dw50vt,0.11729779654307956,0.12422483177200158,0.07665918986673705
0.049090909090909095,0.06181818181818182,0.0,0.06772727272727273,0.36363636363636365,0.45454545454545453,1999-08-20T01:48:45Z,ls5,qd9y10dw50vt,0.06893361091834374,0.06291926902613926,0.049965301873698825
,,1.0,,,,1999-09-04T02:10:21Z,ls7,qd9y10dw50vt,,,
0.055,0.09318181818181817,0.0,0.07590909090909091,0.5909090909090909,0.18181818181818182,1999-09-05T01:48:17Z,ls5,qd9y10dw50vt,0.07698690761571086,0.09450488659413607,0.055780933062880324
,,1.0,,,,1999-09-13T02:04:05Z,ls7,qd9y10dw50vt,,,
0.06545454545454545,0.08318181818181819,0.0,0.07545454545454545,0.6363636363636364,0.13636363636363635,1999-09-29T02:04:15Z,ls7,qd9y10dw50vt,0.07652590816891021,0.08436289876452151,0.0663839203392956
,,1.0,,,,1999-10-06T02:10:28Z,ls7,qd9y10dw50vt,,,
,,1.0,,,,1999-10-15T02:04:13Z,ls7,qd9y10dw50vt,,,
0.06136363636363637,0.16318181818181818,0.0,0.13499999999999998,0.45454545454545453,0.18181818181818182,1999-10-22T02:10:15Z,ls7,qd9y10dw50vt,0.13653603034134007,0.16503850132168715,0.0620618319733364
0.0,0.0,0.5909090909090908,0.0,0.3333333333333333,0.6666666666666666,1999-10-23T01:47:44Z,ls5,qd9y10dw50vt,0.0,0.0,0.0
,,1.0,,,,1999-10-30T01:53:43Z,ls5,qd9y10dw50vt,,,
,,1.0,,,,1999-11-07T02:10:19Z,ls7,qd9y10dw50vt,,,
0.007727272727272727,0.7677272727272727,0.0,0.21772727272727274,0.0,0.0,1999-11-24T01:46:37Z,ls5,qd9y10dw50vt,0.21922196796338675,0.7729977116704806,0.0077803203661327225
,,1.0,,,,1999-12-02T02:04:02Z,ls7,qd9y10dw50vt,,,
,,1.0,,,,1999-12-09T02:10:20Z,ls7,qd9y10dw50vt,,,
0.013181818181818183,0.7831818181818182,0.0,0.1981818181818182,0.0,0.0,1999-12-10T01:46:18Z,ls5,qd9y10dw50vt,0.19926873857404023,0.7874771480804387,0.013254113345521025
,,1.0,,,,1999-12-25T02:10:16Z,ls7,qd9y10dw50vt,,,
0.002272727272727273,0.7877272727272728,0.0,0.2031818181818182,0.0,0.0,1999-12-26T01:46:20Z,ls5,qd9y10dw50vt,0.2045766590389016,0.7931350114416476,0.002288329519450801
0.005,0.785,0.0,0.20272727272727276,0.0,0.0,2000-01-03T02:04:03Z,ls7,qd9y10dw50vt,0.20421245421245424,0.7907509157509157,0.005036630036630036
0.0,0.8225,0.8181818181818181,0.17,0.0,0.0,2000-01-10T02:10:16Z,ls7,qd9y10dw50vt,0.1712846347607053,0.8287153652392947,0.0
0.010454545454545454,0.7300000000000001,0.0,0.25227272727272726,0.0,0.0,2000-01-19T02:04:00Z,ls7,qd9y10dw50vt,0.25412087912087905,0.7353479853479853,0.010531135531135528
0.024545454545454547,0.6581818181818181,0.0,0.3086363636363636,0.0,0.0,2000-01-26T02:10:13Z,ls7,qd9y10dw50vt,0.31132508023842276,0.6639156350298029,0.024759284731774422
0.0,0.7345454545454545,0.5,0.25727272727272726,0.0,0.0,2000-02-04T02:04:01Z,ls7,qd9y10dw50vt,0.25939505041246563,0.7406049495875344,0.0
0.014545454545454545,0.7681818181818181,0.0,0.21,0.0,0.0,2000-02-20T02:03:53Z,ls7,qd9y10dw50vt,0.21153846153846156,0.7738095238095238,0.014652014652014654
0.005909090909090909,0.7836363636363637,0.0,0.20136363636363636,0.0,0.0,2000-03-07T02:03:49Z,ls7,qd9y10dw50vt,0.2032110091743119,0.7908256880733945,0.0059633027522935774
0.02727272727272727,0.6668181818181818,0.0,0.2972727272727273,0.0,0.0,2000-03-14T02:09:59Z,ls7,qd9y10dw50vt,0.29986244841815685,0.6726272352132049,0.027510316368638238
0.023181818181818182,0.710909090909091,0.0,0.2559090909090909,0.0,0.0,2000-03-23T02:03:51Z,ls7,qd9y10dw50vt,0.2584940312213039,0.7180899908172635,0.0234159779614325
0.014545454545454545,0.6881818181818181,0.0,0.2900000000000001,0.0,0.0,2000-04-08T02:03:39Z,ls7,qd9y10dw50vt,0.2921245421245422,0.6932234432234431,0.01465201465201465
0.04818181818181819,0.6645454545454546,0.0,0.27636363636363637,0.0,0.0,2000-04-24T02:03:33Z,ls7,qd9y10dw50vt,0.27941176470588236,0.671875,0.04871323529411765
0.0659090909090909,0.6372727272727272,0.0,0.2863636363636364,0.0,0.0,2000-05-17T02:09:31Z,ls7,qd9y10dw50vt,0.2893890675241158,0.6440055121727147,0.0666054203031695
0.04227272727272727,0.685,0.0,0.26318181818181824,0.0,0.0,2000-05-26T02:03:12Z,ls7,qd9y10dw50vt,0.265718219366682,0.6916016521340065,0.042680128499311604
,,1.0,,,,2000-06-27T02:02:56Z,ls7,qd9y10dw50vt,,,
0.14454545454545456,0.3781818181818182,0.0,0.2409090909090909,0.045454545454545456,0.18181818181818182,2000-07-29T02:02:26Z,ls7,qd9y10dw50vt,0.24377705627705626,0.3826839826839826,0.14626623376623377
0.12136363636363635,0.42227272727272724,0.0,0.2645454545454546,0.045454545454545456,0.13636363636363635,2000-08-14T02:02:19Z,ls7,qd9y10dw50vt,0.2678187953778506,0.42749769915124247,0.12286532365272523
0.15545454545454546,0.3940909090909091,0.0,0.25863636363636355,0.09090909090909091,0.09090909090909091,2000-08-21T02:08:27Z,ls7,qd9y10dw50vt,0.26183658860824205,0.39896717455772573,0.15737805501585028
0.0,0.0,0.9090909090909091,0.0,0.5,0.5,2000-08-30T02:02:09Z,ls7,qd9y10dw50vt,0.0,0.0,0.0
0.026363636363636367,0.6713636363636364,0.0,0.29500000000000004,0.0,0.0,2000-09-15T02:01:50Z,ls7,qd9y10dw50vt,0.29716117216117216,0.6762820512820512,0.02655677655677656
0.011363636363636364,0.6886363636363636,0.0,0.29136363636363644,0.0,0.0,2000-10-01T02:01:41Z,ls7,qd9y10dw50vt,0.2939018798716186,0.6946354883081155,0.011462631820265934
,,1.0,,,,2000-10-08T02:07:48Z,ls7,qd9y10dw50vt,,,
0.010909090909090908,0.675,0.0,0.30636363636363634,0.0,0.0,2000-10-17T02:01:23Z,ls7,qd9y10dw50vt,0.30874942739349515,0.6802565277141549,0.010994044892349977
,,1.0,,,,2000-11-02T02:01:36Z,ls7,qd9y10dw50vt,,,
0.028636363636363637,0.685,0.0,0.2809090909090909,0.0,0.0,2000-11-25T02:07:45Z,ls7,qd9y10dw50vt,0.2824497257769652,0.6887568555758684,0.02879341864716636
0.010909090909090908,0.7390909090909091,0.0,0.24136363636363634,0.0,0.0,2000-12-04T02:01:34Z,ls7,qd9y10dw50vt,0.2434662998624484,0.7455295735900963,0.011004126547455296
0.015909090909090907,0.7177272727272728,0.0,0.260909090909091,0.0,0.0,2000-12-11T02:07:47Z,ls7,qd9y10dw50vt,0.26234003656307137,0.7216636197440585,0.0159963436928702
0.005,0.7531818181818182,0.0,0.23636363636363636,0.0,0.0,2000-12-20T02:01:39Z,ls7,qd9y10dw50vt,0.23765996343692872,0.7573126142595978,0.005027422303473492
0.012272727272727274,0.7695454545454546,0.0,0.21272727272727276,0.0,0.0,2001-01-05T02:01:39Z,ls7,qd9y10dw50vt,0.21389396709323583,0.7737659963436928,0.012340036563071297
0.0044444444444444444,0.7472222222222221,0.18181818181818177,0.24111111111111116,0.0,0.0,2001-02-06T02:01:39Z,ls7,qd9y10dw50vt,0.24286513710128713,0.7526580861779518,0.004476776720761052
,,1.0,,,,2001-02-13T02:07:51Z,ls7,qd9y10dw50vt,,,
,,1.0,,,,2001-02-22T02:01:38Z,ls7,qd9y10dw50vt,,,
0.015454545454545453,0.7050000000000001,0.0,0.2736363636363637,0.0,0.0,2001-03-01T02:07:44Z,ls7,qd9y10dw50vt,0.2752629172382259,0.7091906721536351,0.015546410608139
0.009545454545454546,0.7504545454545455,0.0,0.23136363636363635,0.0,0.0,2001-03-10T02:01:34Z,ls7,qd9y10dw50vt,0.2333791838606144,0.7569922054103623,0.009628610729023384
0.030909090909090907,0.7340909090909092,0.0,0.22590909090909098,0.0,0.0,2001-03-17T02:07:40Z,ls7,qd9y10dw50vt,0.22798165137614682,0.7408256880733946,0.031192660550458707
0.049090909090909095,0.7,0.0,0.2431818181818182,0.0,0.0,2001-03-26T02:01:25Z,ls7,qd9y10dw50vt,0.24507558405863494,0.7054512139257902,0.0494732020155749
0.046363636363636364,0.7231818181818181,0.0,0.22,0.0,0.0,2001-04-02T02:07:31Z,ls7,qd9y10dw50vt,0.22232429949471752,0.7308222324299495,0.04685346807533303
,,1.0,,,,2001-04-18T02:07:32Z,ls7,qd9y10dw50vt,,,
0.029545454545454552,0.7159090909090909,0.0,0.24590909090909088,0.0,0.0,2001-04-27T02:01:19Z,ls7,qd9y10dw50vt,0.24805135259055477,0.7221458046767538,0.029802842732691435
,,1.0,,,,2001-05-04T02:07:29Z,ls7,qd9y10dw50vt,,,
,,1.0,,,,2001-05-13T02:01:10Z,ls7,qd9y10dw50vt,,,
,,1.0,,,,2001-05-20T02:07:16Z,ls7,qd9y10dw50vt,,,
0.04954545454545454,0.6422727272727273,0.0,0.12636363636363637,0.045454545454545456,0.13636363636363635,2001-05-29T02:01:01Z,ls7,qd9y10dw50vt,0.12636363636363637,0.6422727272727273,0.04954545454545454
0.14272727272727273,0.4245454545454546,0.0,0.2413636363636364,0.13636363636363635,0.045454545454545456,2001-06-05T02:07:05Z,ls7,qd9y10dw50vt,0.24421278552813122,0.429556952322551,0.14441208033113598
,,1.0,,,,2001-06-14T02:00:50Z,ls7,qd9y10dw50vt,,,
0.08681818181818182,0.6236363636363637,0.0,0.27999999999999997,0.0,0.0,2001-06-21T02:06:54Z,ls7,qd9y10dw50vt,0.2826984855438274,0.6296466268930703,0.08765488756310236
,,1.0,,,,2001-06-30T02:00:35Z,ls7,qd9y10dw50vt,,,
0.19318181818181823,0.415,0.0,0.28863636363636364,0.0,0.09090909090909091,2001-07-16T02:00:35Z,ls7,qd9y10dw50vt,0.292586278394692,0.42067916877850986,0.19582546191770725
,,1.0,,,,2001-07-23T02:06:42Z,ls7,qd9y10dw50vt,,,
0.07772727272727273,0.08772727272727275,0.0,0.1040909090909091,0.36363636363636365,0.36363636363636365,2001-08-01T02:00:23Z,ls7,qd9y10dw50vt,0.1053196382032807,0.08876283918442437,0.07864479533956767
0.19590909090909092,0.3568181818181818,0.0,0.2540909090909091,0.09090909090909091,0.09090909090909091,2001-08-17T02:00:04Z,ls7,qd9y10dw50vt,0.25766965428937255,0.3618437900128041,0.1986683738796415
0.017727272727272727,0.6818181818181818,0.0,0.29363636363636364,0.0,0.0,2001-09-02T01:59:53Z,ls7,qd9y10dw50vt,0.2956521739130435,0.6864988558352403,0.01784897025171625
,,1.0,,,,2001-09-18T01:59:42Z,ls7,qd9y10dw50vt,,,
,,1.0,,,,2001-09-25T02:05:52Z,ls7,qd9y10dw50vt,,,
0.013636363636363636,0.685,0.0,0.2945454545454546,0.0,0.0,2001-10-04T01:59:30Z,ls7,qd9y10dw50vt,0.2965675057208238,0.6897025171624713,0.013729977116704801
,,1.0,,,,2001-10-20T01:59:32Z,ls7,qd9y10dw50vt,,,
0.027727272727272732,0.6831818181818182,0.0,0.27954545454545454,0.0,0.0,2001-11-05T01:59:37Z,ls7,qd9y10dw50vt,0.2822395594309316,0.6897659476824232,0.027994492886645253
0.002727272727272727,0.7154545454545455,0.0,0.2763636363636363,0.0,0.0,2001-11-21T01:59:46Z,ls7,qd9y10dw50vt,0.27787934186471663,0.7193784277879343,0.0027422303473491776
,,1.0,,,,2001-11-28T02:05:59Z,ls7,qd9y10dw50vt,,,
0.00909090909090909,0.7218181818181818,0.0,0.26272727272727275,0.0,0.0,2001-12-07T01:59:47Z,ls7,qd9y10dw50vt,0.2644098810612992,0.7264409881061299,0.009149130832570905
,,1.0,,,,2001-12-14T02:06:05Z,ls7,qd9y10dw50vt,,,
0.029545454545454545,0.7322727272727273,0.0,0.22954545454545452,0.0,0.0,2001-12-23T01:59:56Z,ls7,qd9y10dw50vt,0.23154516276937184,0.7386519944979367,0.029802842732691428
0.06318181818181819,0.6727272727272727,0.0,0.25363636363636366,0.0,0.0,2001-12-30T02:06:02Z,ls7,qd9y10dw50vt,0.2563160312356454,0.6798346348185575,0.06384933394579696
0.028636363636363637,0.745,0.0,0.21727272727272726,0.0,0.0,2002-01-08T01:59:59Z,ls7,qd9y10dw50vt,0.21926605504587154,0.751834862385321,0.028899082568807338
0.025909090909090913,0.7636363636363637,0.0,0.20409090909090907,0.0,0.0,2002-01-24T02:00:06Z,ls7,qd9y10dw50vt,0.20539798719121682,0.7685269899359561,0.026075022872827085
,,1.0,,,,2002-01-31T02:06:12Z,ls7,qd9y10dw50vt,,,
0.009090909090909092,0.7490909090909091,0.0,0.23636363636363636,0.0,0.0,2002-02-09T02:00:08Z,ls7,qd9y10dw50vt,0.23765996343692872,0.7531992687385741,0.00914076782449726
,,1.0,,,,2002-02-16T02:06:18Z,ls7,qd9y10dw50vt,,,
0.019545454545454546,0.739090909090909,0.0,0.22999999999999998,0.0,0.0,2002-02-25T02:00:10Z,ls7,qd9y10dw50vt,0.23264367816091955,0.7475862068965518,0.019770114942528737
,,1.0,,,,2002-03-04T02:06:22Z,ls7,qd9y10dw50vt,,,
0.05600000000000001,0.7510000000000001,0.5454545454545454,0.191,0.0,0.0,2002-03-13T02:00:08Z,ls7,qd9y10dw50vt,0.1913827655310621,0.75250501002004,0.05611222444889779
0.03954545454545454,0.7072727272727272,0.0,0.24272727272727276,0.0,0.0,2002-03-20T02:06:10Z,ls7,qd9y10dw50vt,0.24529168580615532,0.714745062011943,0.0399632521819017
0.02227272727272727,0.7440909090909091,0.0,0.22409090909090904,0.0,0.0,2002-03-29T02:00:03Z,ls7,qd9y10dw50vt,0.2262505736576411,0.7512620468104636,0.022487379531895363
0.046363636363636364,0.704090909090909,0.0,0.23863636363636365,0.0,0.0,2002-04-05T02:06:12Z,ls7,qd9y10dw50vt,0.2412683823529412,0.7118566176470588,0.04687500000000001
0.029444444444444447,0.6822222222222222,0.18181818181818177,0.2783333333333333,0.0,0.0,2002-04-14T02:00:02Z,ls7,qd9y10dw50vt,0.28114478114478114,0.6891133557800224,0.029741863075196412
0.03181818181818183,0.6868181818181819,0.0,0.27090909090909093,0.0,0.0,2002-04-30T02:00:04Z,ls7,qd9y10dw50vt,0.27377124483233806,0.6940744143316491,0.032154340836012874
,,1.0,,,,2002-06-08T02:06:00Z,ls7,qd9y10dw50vt,,,
0.0990909090909091,0.5790909090909091,0.0,0.3104545454545455,0.0,0.0,2002-06-17T01:59:45Z,ls7,qd9y10dw50vt,0.3140229885057471,0.5857471264367815,0.10022988505747127
0.07590909090909091,0.5854545454545454,0.0,0.3259090909090909,0.0,0.0,2002-07-03T01:59:40Z,ls7,qd9y10dw50vt,0.3301104972375691,0.5930018416206261,0.07688766114180479
,,1.0,,,,2002-07-19T01:59:33Z,ls7,qd9y10dw50vt,,,
,,1.0,,,,2002-08-11T02:05:35Z,ls7,qd9y10dw50vt,,,
0.15045454545454542,0.43363636363636365,0.0,0.27090909090909093,0.045454545454545456,0.09090909090909091,2002-08-20T01:59:22Z,ls7,qd9y10dw50vt,0.2736455463728191,0.4380165289256198,0.15197428833792467
0.3,0.115,0.9090909090909091,0.08,0.0,0.5,2002-09-05T01:59:13Z,ls7,qd9y10dw50vt,0.08080808080808081,0.11616161616161617,0.30303030303030304
0.024090909090909093,0.5681818181818182,0.0,0.26636363636363636,0.0,0.13636363636363635,2002-09-21T01:59:01Z,ls7,qd9y10dw50vt,0.26791472159391694,0.5714904470860003,0.024231194956446413
,,1.0,,,,2002-09-28T02:05:10Z,ls7,qd9y10dw50vt,,,
0.023636363636363636,0.665,0.0,0.30363636363636365,0.0,0.0,2002-10-23T01:59:02Z,ls7,qd9y10dw50vt,0.30600091617040764,0.6701786532295007,0.023820430600091612
0.008636363636363635,0.7236363636363636,0.0,0.26045454545454544,0.0,0.0,2002-11-08T01:59:07Z,ls7,qd9y10dw50vt,0.2623626373626373,0.7289377289377289,0.008699633699633698
0.011818181818181818,0.7349999999999999,0.0,0.2495454545454546,0.0,0.0,2002-11-24T01:59:24Z,ls7,qd9y10dw50vt,0.2504562043795621,0.7376824817518247,0.011861313868613138
0.025,0.7622727272727272,0.0,0.20363636363636364,0.0,0.0,2002-12-10T01:59:29Z,ls7,qd9y10dw50vt,0.20550458715596331,0.7692660550458715,0.02522935779816514
,,1.0,,,,2002-12-17T02:05:40Z,ls7,qd9y10dw50vt,,,
,,1.0,,,,2002-12-26T01:59:35Z,ls7,qd9y10dw50vt,,,
0.01863636363636364,0.7145454545454546,0.0,0.260909090909091,0.0,0.0,2003-01-02T02:05:45Z,ls7,qd9y10dw50vt,0.2624599908550526,0.7187928669410151,0.018747142203932327
,,1.0,,,,2003-01-11T01:59:37Z,ls7,qd9y10dw50vt,,,
,,1.0,,,,2003-01-18T02:05:53Z,ls7,qd9y10dw50vt,,,
0.010000000000000002,0.7995454545454543,0.0,0.18272727272727274,0.0,0.0,2003-01-27T01:59:44Z,ls7,qd9y10dw50vt,0.18415025194686216,0.8057718735684837,0.010077874484654149
,,1.0,,,,2003-02-03T02:06:00Z,ls7,qd9y10dw50vt,,,
,,1.0,,,,2003-02-19T02:06:06Z,ls7,qd9y10dw50vt,,,
0.029545454545454545,0.769090909090909,0.0,0.18863636363636366,0.0,0.0,2003-02-28T01:59:55Z,ls7,qd9y10dw50vt,0.1910681399631676,0.7790055248618784,0.02992633517495396
,,1.0,,,,2003-03-07T02:06:10Z,ls7,qd9y10dw50vt,,,
,,1.0,,,,2003-03-16T01:59:58Z,ls7,qd9y10dw50vt,,,
0.0375,0.625,0.8181818181818181,0.3275,0.0,0.0,2003-03-23T02:06:04Z,ls7,qd9y10dw50vt,0.33080808080808083,0.6313131313131313,0.03787878787878788
0.006363636363636364,0.6968181818181819,0.0,0.289090909090909,0.0,0.0,2003-04-17T01:59:59Z,ls7,qd9y10dw50vt,0.2913421896472743,0.7022446174988549,0.00641319285387082
0.03272727272727273,0.7027272727272728,0.0,0.2563636363636363,0.0,0.0,2003-05-03T02:00:00Z,ls7,qd9y10dw50vt,0.2584784601283226,0.7085242896425299,0.032997250229147575
0.05818181818181818,0.6718181818181819,0.0,0.2595454545454546,0.0,0.0,2003-05-11T01:46:22Z,ls5,qd9y10dw50vt,0.2622875516766192,0.6789159393661002,0.058796508957280655
0.07909090909090909,0.6354545454545454,0.0,0.2731818181818182,0.0,0.0,2003-05-19T01:59:55Z,ls7,qd9y10dw50vt,0.276576161988035,0.6433502070869765,0.0800736309249885
,,1.0,,,,2003-05-26T02:06:07Z,ls7,qd9y10dw50vt,,,
0.10590909090909091,0.630909090909091,0.0,0.2518181818181819,0.0,0.0,2003-05-27T01:46:41Z,ls5,qd9y10dw50vt,0.25471264367816093,0.6381609195402299,0.10712643678160919
0.12227272727272726,0.6145454545454544,0.0,0.2527272727272727,0.0,0.0,2003-06-12T01:46:58Z,ls5,qd9y10dw50vt,0.2553973357831879,0.621038125861277,0.12356453835553516
0.12318181818181814,0.4290909090909091,0.0,0.21181818181818182,0.0,0.22727272727272727,2003-06-28T01:47:21Z,ls5,qd9y10dw50vt,0.21421231950678712,0.43394083608241846,0.12457411713806713
,,1.0,,,,2003-07-22T01:59:46Z,ls7,qd9y10dw50vt,,,
0.15227272727272728,0.5263636363636364,0.0,0.3104545454545455,0.0,0.0,2003-07-30T01:47:55Z,ls5,qd9y10dw50vt,0.3138786764705882,0.5321691176470588,0.15395220588235292
0.08772727272727272,0.6131818181818184,0.0,0.28909090909090907,0.0,0.0,2003-08-07T01:59:37Z,ls7,qd9y10dw50vt,0.29201101928374645,0.6193755739210285,0.08861340679522495
,,1.0,,,,2003-08-30T02:05:46Z,ls7,qd9y10dw50vt,,,
0.16136363636363635,0.510909090909091,0.0,0.27136363636363636,0.0,0.045454545454545456,2003-08-31T01:48:29Z,ls5,qd9y10dw50vt,0.2745007882291119,0.5168155543878088,0.16322911192853387
0.05090909090909091,0.6563636363636365,0.0,0.28272727272727277,0.0,0.0,2003-09-16T01:48:45Z,ls5,qd9y10dw50vt,0.28558310376492196,0.6629935720844812,0.051423324150596875
0.03590909090909092,0.6772727272727272,0.0,0.2790909090909091,0.0,0.0,2003-10-02T01:48:57Z,ls5,qd9y10dw50vt,0.2812643151626203,0.6825469537333945,0.03618873110398536
,,1.0,,,,2003-10-10T01:59:17Z,ls7,qd9y10dw50vt,,,
0.0,0.0,0.7727272727272727,0.0,0.0,1.0,2003-10-18T01:49:10Z,ls5,qd9y10dw50vt,0.0,0.0,0.0
,,1.0,,,,2003-10-26T01:59:37Z,ls7,qd9y10dw50vt,,,
0.011363636363636364,0.7327272727272728,0.0,0.24999999999999997,0.0,0.0,2003-11-03T01:49:15Z,ls5,qd9y10dw50vt,0.2514860539551897,0.7370827617741198,0.011431184270690443
,,1.0,,,,2003-11-11T01:59:45Z,ls7,qd9y10dw50vt,,,
0.023571428571428573,0.7021428571428573,0.36363636363636365,0.2642857142857143,0.0,0.0,2003-11-27T01:59:55Z,ls7,qd9y10dw50vt,0.2669552669552669,0.7092352092352092,0.023809523809523805
,,1.0,,,,2003-12-05T01:49:45Z,ls5,qd9y10dw50vt,,,
0.011818181818181818,0.7331818181818182,0.0,0.24954545454545454,0.0,0.0,2003-12-13T02:00:00Z,ls7,qd9y10dw50vt,0.25091407678244976,0.7372029250457038,0.011882998171846435
0.00681818181818182,0.7568181818181817,0.0,0.22863636363636364,0.0,0.0,2003-12-21T01:49:53Z,ls5,qd9y10dw50vt,0.23041685753550162,0.7627118644067796,0.0068712780577187375
,,1.0,,,,2003-12-29T02:00:08Z,ls7,qd9y10dw50vt,,,
0.021363636363636366,0.7536363636363638,0.0,0.2168181818181818,0.0,0.0,2004-01-14T02:00:09Z,ls7,qd9y10dw50vt,0.2186067827681026,0.7598533455545372,0.02153987167736022
,,1.0,,,,2004-01-21T02:06:25Z,ls7,qd9y10dw50vt,,,
0.011818181818181818,0.775,0.0,0.2072727272727273,0.0,0.0,2004-01-22T01:50:03Z,ls5,qd9y10dw50vt,0.20850480109739372,0.7796067672610882,0.01188843164151806
,,1.0,,,,2004-02-06T02:06:31Z,ls7,qd9y10dw50vt,,,
0.00409090909090909,0.785909090909091,0.0,0.2040909090909091,0.0,0.0,2004-02-07T01:50:08Z,ls5,qd9y10dw50vt,0.20530406950160035,0.790580704160951,0.004115226337448558
0.014545454545454545,0.7668181818181818,0.0,0.21090909090909093,0.0,0.0,2004-02-15T02:00:21Z,ls7,qd9y10dw50vt,0.2125515345854329,0.7727897388914338,0.014658726523133303
0.04454545454545455,0.745,0.0,0.19954545454545458,0.0,0.0,2004-02-23T01:50:13Z,ls5,qd9y10dw50vt,0.2017463235294118,0.7532169117647058,0.04503676470588235
0.0275,0.76,0.6363636363636364,0.205,0.0,0.0,2004-03-02T02:00:23Z,ls7,qd9y10dw50vt,0.20654911838790932,0.765743073047859,0.02770780856423174
,,1.0,,,,2004-03-09T02:06:38Z,ls7,qd9y10dw50vt,,,
0.15,0.595,0.7272727272727273,0.24666666666666667,0.0,0.0,2004-03-10T01:50:18Z,ls5,qd9y10dw50vt,0.24873949579831933,0.6,0.15126050420168066
0.041363636363636366,0.7463636363636362,0.0,0.2009090909090909,0.0,0.0,2004-03-18T02:00:30Z,ls7,qd9y10dw50vt,0.20321839080459772,0.7549425287356322,0.04183908045977012
,,1.0,,,,2004-03-25T02:06:42Z,ls7,qd9y10dw50vt,,,
0.06772727272727273,0.7054545454545454,0.0,0.21681818181818183,0.0,0.0,2004-03-26T01:50:20Z,ls5,qd9y10dw50vt,0.21900826446280994,0.7125803489439853,0.06841138659320478
0.035833333333333335,0.7450000000000001,0.4545454545454546,0.21166666666666667,0.0,0.0,2004-04-03T02:00:30Z,ls7,qd9y10dw50vt,0.2132661628883291,0.7506297229219143,0.0361041141897565
0.030454545454545456,0.6931818181818181,0.0,0.2686363636363636,0.0,0.0,2004-04-11T01:50:47Z,ls5,qd9y10dw50vt,0.27072835547411817,0.6985799358680714,0.030691708657810356
0.022857142857142857,0.777142857142857,0.6818181818181819,0.19142857142857142,0.0,0.0,2004-04-26T02:06:34Z,ls7,qd9y10dw50vt,0.1930835734870317,0.7838616714697406,0.023054755043227668
,,1.0,,,,2004-04-27T01:51:15Z,ls5,qd9y10dw50vt,,,
0.04300000000000001,0.7210000000000001,0.09090909090909094,0.2265,0.0,0.0,2004-05-05T02:00:25Z,ls7,qd9y10dw50vt,0.22867238768298837,0.7279151943462897,0.04341241797072186
0.08636363636363638,0.6231818181818182,0.0,0.2804545454545455,0.0,0.0,2004-05-13T01:51:43Z,ls5,qd9y10dw50vt,0.283287419651056,0.6294765840220385,0.08723599632690543
0.06227272727272728,0.6645454545454546,0.0,0.2627272727272727,0.0,0.0,2004-05-21T02:00:25Z,ls7,qd9y10dw50vt,0.26550298576022047,0.6715663757464401,0.06293063849333946
,,1.0,,,,2004-05-28T02:06:34Z,ls7,qd9y10dw50vt,,,
0.07363636363636364,0.6436363636363636,0.0,0.2722727272727272,0.0,0.0,2004-05-29T01:52:10Z,ls5,qd9y10dw50vt,0.27514928801102434,0.6504363803399174,0.07441433164905835
,,1.0,,,,2004-06-06T02:00:20Z,ls7,qd9y10dw50vt,,,
0.0781818181818182,0.5290909090909092,0.0,0.29272727272727267,0.09090909090909091,0.0,2004-06-14T01:52:39Z,ls5,qd9y10dw50vt,0.29568411386593196,0.534435261707989,0.07897153351698807
,,1.0,,,,2004-06-30T01:53:08Z,ls5,qd9y10dw50vt,,,
,,1.0,,,,2004-07-08T02:00:14Z,ls7,qd9y10dw50vt,,,
0.09681818181818182,0.5750000000000001,0.0,0.31681818181818183,0.0,0.0,2004-07-16T01:53:34Z,ls5,qd9y10dw50vt,0.32045977011494253,0.5816091954022989,0.09793103448275862
0.11499999999999998,0.5536363636363638,0.0,0.3177272727272727,0.0,0.0,2004-07-24T02:00:09Z,ls7,qd9y10dw50vt,0.3221198156682027,0.5612903225806453,0.11658986175115203
,,1.0,,,,2004-08-01T01:53:55Z,ls5,qd9y10dw50vt,,,
0.125,0.5066666666666667,0.7272727272727273,0.355,0.0,0.0,2004-08-09T02:00:02Z,ls7,qd9y10dw50vt,0.35979729729729726,0.5135135135135136,0.1266891891891892
,,1.0,,,,2004-08-17T01:54:17Z,ls5,qd9y10dw50vt,,,
0.07727272727272727,0.5963636363636364,0.5,0.31818181818181823,0.0,0.0,2004-08-25T02:00:01Z,ls7,qd9y10dw50vt,0.32080659945004586,0.6012832263978002,0.07791017415215398
0.08750000000000001,0.5375,0.8181818181818181,0.365,0.0,0.0,2004-09-01T02:06:09Z,ls7,qd9y10dw50vt,0.3686868686868687,0.5429292929292929,0.0883838383838384
0.08272727272727272,0.6190909090909091,0.0,0.2895454545454545,0.0,0.0,2004-09-02T01:54:43Z,ls5,qd9y10dw50vt,0.2920678587803759,0.624484181568088,0.08344795965153598
0.12166666666666666,0.5266666666666667,0.7272727272727273,0.34,0.0,0.0,2004-09-10T01:59:55Z,ls7,qd9y10dw50vt,0.3440134907251265,0.5328836424957841,0.12310286677908935
0.12000000000000002,0.5572727272727273,0.0,0.26818181818181813,0.0,0.045454545454545456,2004-09-18T01:55:08Z,ls5,qd9y10dw50vt,0.2707604895104895,0.5626311188811189,0.12115384615384618
0.010454545454545454,0.4977272727272727,0.0,0.21681818181818183,0.0,0.2727272727272727,2004-09-26T01:59:50Z,ls7,qd9y10dw50vt,0.21749786263892848,0.49928754630948985,0.01048731832430892
0.06090909090909091,0.6331818181818183,0.0,0.29545454545454547,0.0,0.0,2004-10-04T01:55:29Z,ls5,qd9y10dw50vt,0.2985760220486908,0.639871382636656,0.061552595314653194
0.019545454545454546,0.6772727272727272,0.0,0.29636363636363644,0.0,0.0,2004-10-20T01:55:50Z,ls5,qd9y10dw50vt,0.2983981693363845,0.6819221967963387,0.019679633867276888
0.013333333333333334,0.7033333333333335,0.7272727272727273,0.2733333333333334,0.0,0.0,2004-10-28T02:00:03Z,ls7,qd9y10dw50vt,0.2760942760942761,0.7104377104377105,0.013468013468013467
,,1.0,,,,2004-11-05T01:56:09Z,ls5,qd9y10dw50vt,,,
0.018750000000000003,0.6612500000000001,0.6363636363636364,0.31125,0.0,0.0,2004-11-13T02:00:10Z,ls7,qd9y10dw50vt,0.31399747793190413,0.6670870113493064,0.018915510718789406
0.05772727272727273,0.6704545454545454,0.0,0.2609090909090908,0.0,0.0,2004-11-21T01:56:23Z,ls5,qd9y10dw50vt,0.2637867647058823,0.6778492647058825,0.05836397058823531
,,1.0,,,,2004-11-29T02:00:20Z,ls7,qd9y10dw50vt,,,
,,1.0,,,,2004-12-06T02:06:34Z,ls7,qd9y10dw50vt,,,
0.038181818181818185,0.7295454545454546,0.0,0.22227272727272726,0.0,0.0,2004-12-07T01:56:46Z,ls5,qd9y10dw50vt,0.22451790633608812,0.7369146005509641,0.03856749311294766
0.021363636363636366,0.7604545454545455,0.0,0.2113636363636364,0.0,0.0,2004-12-15T02:00:26Z,ls7,qd9y10dw50vt,0.2128146453089245,0.7656750572082379,0.021510297482837528
0.04045454545454546,0.7490909090909091,0.0,0.20318181818181816,0.0,0.0,2004-12-23T01:57:03Z,ls5,qd9y10dw50vt,0.20467032967032966,0.7545787545787547,0.04075091575091576
0.020588235294117647,0.7652941176470587,0.2272727272727273,0.20764705882352943,0.0,0.0,2004-12-31T02:00:35Z,ls7,qd9y10dw50vt,0.20899940793368862,0.7702782711663706,0.020722320899940794
0.0440909090909091,0.7486363636363635,0.0,0.1986363636363637,0.0,0.0,2005-01-08T01:57:15Z,ls5,qd9y10dw50vt,0.20036680421824857,0.7551581843191196,0.04447501146263183
0.08045454545454546,0.694090909090909,0.0,0.21636363636363634,0.0,0.0,2005-01-16T02:00:38Z,ls7,qd9y10dw50vt,0.21834862385321102,0.7004587155963303,0.08119266055045873
0.03318181818181819,0.755909090909091,0.0,0.20136363636363638,0.0,0.0,2005-01-24T01:57:28Z,ls5,qd9y10dw50vt,0.20330426801284993,0.7631941257457548,0.033501606241395136
0.03272727272727272,0.7536363636363635,0.0,0.20454545454545456,0.0,0.0,2005-02-01T02:00:42Z,ls7,qd9y10dw50vt,0.20642201834862386,0.7605504587155962,0.03302752293577981
0.03090909090909091,0.7668181818181818,0.0,0.19454545454545452,0.0,0.0,2005-02-09T01:57:41Z,ls5,qd9y10dw50vt,0.1960604672469079,0.7727897388914338,0.031149793861658268
,,1.0,,,,2005-02-17T02:00:51Z,ls7,qd9y10dw50vt,,,
,,1.0,,,,2005-02-25T01:57:58Z,ls5,qd9y10dw50vt,,,
,,1.0,,,,2005-03-13T01:58:10Z,ls5,qd9y10dw50vt,,,
0.0025,0.744375,0.2727272727272727,0.24375000000000002,0.0,0.0,2005-03-21T02:00:56Z,ls7,qd9y10dw50vt,0.24605678233438488,0.7514195583596215,0.002523659305993691
0.015000000000000001,0.7509090909090909,0.0,0.22727272727272732,0.0,0.0,2005-03-29T01:58:17Z,ls5,qd9y10dw50vt,0.22883295194508013,0.7560640732265446,0.015102974828375287
0.037142857142857144,0.6899999999999998,0.36363636363636365,0.2621428571428571,0.0,0.0,2005-04-06T02:00:52Z,ls7,qd9y10dw50vt,0.2649819494584838,0.6974729241877256,0.03754512635379062
0.07454545454545455,0.6486363636363636,0.0,0.2640909090909091,0.0,0.0,2005-04-13T02:07:00Z,ls7,qd9y10dw50vt,0.26749539594843463,0.6569981583793738,0.07550644567219154
0.015454545454545459,0.7531818181818182,0.0,0.22363636363636363,0.0,0.0,2005-04-14T01:58:21Z,ls5,qd9y10dw50vt,0.22537792029317452,0.7590471827759963,0.015574896930829137
0.005,0.7250000000000001,0.7272727272727273,0.26333333333333336,0.0,0.0,2005-04-22T02:00:46Z,ls7,qd9y10dw50vt,0.2651006711409396,0.7298657718120805,0.005033557046979865
0.035,0.6831818181818181,0.0,0.2731818181818182,0.0,0.0,2005-05-08T02:00:51Z,ls7,qd9y10dw50vt,0.27556166895919304,0.6891334250343878,0.03530490600641908
0.08545454545454546,0.6186363636363635,0.0,0.2840909090909091,0.0,0.0,2005-05-24T02:00:50Z,ls7,qd9y10dw50vt,0.28748850045998164,0.6260349586016559,0.08647654093836249
,,1.0,,,,2005-06-01T01:58:41Z,ls5,qd9y10dw50vt,,,
0.026363636363636363,0.024545454545454547,0.0,0.03818181818181818,0.3181818181818182,0.5909090909090909,2005-06-17T01:58:48Z,ls5,qd9y10dw50vt,0.03896103896103897,0.025046382189239342,0.026901669758812623
0.14909090909090908,0.30409090909090913,0.0,0.26363636363636367,0.13636363636363635,0.13636363636363635,2005-06-25T02:00:39Z,ls7,qd9y10dw50vt,0.26748140888914507,0.3085259699083415,0.15126534847524065
0.19842105263157891,0.43315789473684213,0.13636363636363635,0.30157894736842106,0.05263157894736842,0.0,2005-07-02T02:06:49Z,ls7,qd9y10dw50vt,0.30617152017098587,0.43975420785466207,0.20144269302698367
0.758888888888889,0.052777777777777785,0.18181818181818177,0.18555555555555558,0.0,0.0,2005-07-03T01:58:51Z,ls5,qd9y10dw50vt,0.1860724233983287,0.052924791086350974,0.7610027855153203
0.14363636363636365,0.5222727272727272,0.0,0.3222727272727272,0.0,0.0,2005-07-11T02:00:40Z,ls7,qd9y10dw50vt,0.32612695492180305,0.5285188592456301,0.1453541858325667
0.13272727272727278,0.5554545454545455,0.0,0.2986363636363637,0.0,0.0,2005-07-19T01:59:02Z,ls5,qd9y10dw50vt,0.3026255181943805,0.562874251497006,0.13450023030861355
0.0975,0.6275,0.6363636363636364,0.26375000000000004,0.0,0.0,2005-07-27T02:00:39Z,ls7,qd9y10dw50vt,0.2667509481668774,0.6346396965865991,0.0986093552465234
0.13454545454545455,0.5795454545454546,0.0,0.274090909090909,0.0,0.0,2005-08-04T01:59:11Z,ls5,qd9y10dw50vt,0.2773689052437902,0.5864765409383625,0.1361545538178473
,,1.0,,,,2005-08-12T02:00:35Z,ls7,qd9y10dw50vt,,,
0.09769230769230769,0.1453846153846154,0.40909090909090906,0.13692307692307695,0.46153846153846156,0.15384615384615385,2005-08-19T02:06:43Z,ls7,qd9y10dw50vt,0.13858611024602926,0.1471504204297726,0.09887885393958265
0.19090909090909092,0.3190909090909091,0.0,0.25272727272727274,0.045454545454545456,0.18181818181818182,2005-08-20T01:59:17Z,ls5,qd9y10dw50vt,0.2560407411420522,0.3232744609383465,0.193412070646874
,,1.0,,,,2005-08-28T02:00:28Z,ls7,qd9y10dw50vt,,,
0.065,0.6404545454545455,0.0,0.28772727272727266,0.0,0.0,2005-09-05T01:59:21Z,ls5,qd9y10dw50vt,0.28970251716247136,0.6448512585812357,0.06544622425629291
,,1.0,,,,2005-10-07T01:59:18Z,ls5,qd9y10dw50vt,,,
0.05142857142857143,0.6457142857142857,0.6818181818181819,0.29000000000000004,0.0,0.0,2005-10-15T02:00:21Z,ls7,qd9y10dw50vt,0.29377713458755433,0.6541244573082489,0.05209840810419682
,,1.0,,,,2005-10-22T02:06:38Z,ls7,qd9y10dw50vt,,,
0.03636363636363636,0.6618181818181819,0.0,0.2931818181818182,0.0,0.0,2005-10-23T01:59:17Z,ls5,qd9y10dw50vt,0.29573590096286106,0.667583677212288,0.036680421824850984
0.0,0.6575,0.09090909090909094,0.339,0.0,0.0,2005-10-31T02:00:34Z,ls7,qd9y10dw50vt,0.3401906673356749,0.6598093326643252,0.0
0.01636363636363636,0.695,0.0,0.2840909090909091,0.0,0.0,2005-11-08T01:59:26Z,ls5,qd9y10dw50vt,0.28538812785388135,0.6981735159817352,0.01643835616438356
0.008571428571428572,0.7100000000000001,0.6818181818181819,0.2714285714285714,0.0,0.0,2005-11-16T02:00:44Z,ls7,qd9y10dw50vt,0.2741702741702741,0.7171717171717171,0.008658008658008658
0.023181818181818182,0.7109090909090908,0.0,0.2581818181818182,0.0,0.0,2005-11-24T01:59:50Z,ls5,qd9y10dw50vt,0.26019239578561615,0.7164452588181401,0.023362345396243704
0.0395,0.6845000000000001,0.09090909090909094,0.26649999999999996,0.0,0.0,2005-12-02T02:00:50Z,ls7,qd9y10dw50vt,0.26905603230691566,0.6910651186269562,0.039878849066128215
0.0385,0.7004999999999999,0.09090909090909094,0.25250000000000006,0.0,0.0,2005-12-18T02:00:52Z,ls7,qd9y10dw50vt,0.254664649520928,0.7065052950075642,0.03883005547150782
0.035,0.6940000000000001,0.5454545454545454,0.26,0.0,0.0,2006-01-19T02:01:09Z,ls7,qd9y10dw50vt,0.26289180990899896,0.7017189079878665,0.03538928210313448
0.040909090909090916,0.7077272727272726,0.0,0.2440909090909091,0.0,0.0,2006-01-27T02:01:20Z,ls5,qd9y10dw50vt,0.24587912087912092,0.7129120879120878,0.041208791208791215
0.01863636363636364,0.7468181818181818,0.0,0.22681818181818184,0.0,0.0,2006-02-04T02:01:15Z,ls7,qd9y10dw50vt,0.22858451672010996,0.7526339899221255,0.018781493357764547
0.01,0.7231818181818181,0.0,0.2595454545454546,0.0,0.0,2006-02-12T02:01:42Z,ls5,qd9y10dw50vt,0.2614468864468865,0.7284798534798534,0.010073260073260074
0.06166666666666667,0.6633333333333333,0.7272727272727273,0.26666666666666666,0.0,0.0,2006-02-20T02:01:19Z,ls7,qd9y10dw50vt,0.26890756302521013,0.6689075630252102,0.06218487394957984
0.017272727272727276,0.7554545454545455,0.0,0.21954545454545452,0.0,0.0,2006-02-28T02:02:02Z,ls5,qd9y10dw50vt,0.22125515345854324,0.7613376087952359,0.0174072377462208
0.05818181818181818,0.6972727272727273,0.5,0.23363636363636361,0.0,0.0,2006-03-08T02:01:20Z,ls7,qd9y10dw50vt,0.2362132352941176,0.7049632352941176,0.058823529411764705
,,1.0,,,,2006-03-15T02:07:31Z,ls7,qd9y10dw50vt,,,
0.36333333333333334,0.5033333333333333,0.8636363636363636,0.13,0.0,0.0,2006-04-09T02:01:17Z,ls7,qd9y10dw50vt,0.13043478260869568,0.5050167224080268,0.3645484949832776
0.038636363636363635,0.7218181818181818,0.0,0.23090909090909092,0.0,0.0,2006-04-17T02:02:57Z,ls5,qd9y10dw50vt,0.23292067858780377,0.728106373223292,0.03897294818890417
0.215,0.5375,0.8181818181818181,0.2375,0.0,0.0,2006-04-25T02:01:16Z,ls7,qd9y10dw50vt,0.23989898989898992,0.5429292929292929,0.21717171717171718
0.0475,0.5975,0.8181818181818181,0.345,0.0,0.0,2006-05-02T02:07:28Z,ls7,qd9y10dw50vt,0.34848484848484845,0.6035353535353536,0.04797979797979798
0.034545454545454546,0.7004545454545454,0.0,0.25681818181818183,0.0,0.0,2006-05-03T02:03:12Z,ls5,qd9y10dw50vt,0.25893675527039417,0.7062328139321723,0.034830430797433545
0.0740909090909091,0.6499999999999999,0.0,0.265,0.0,0.0,2006-05-11T02:01:18Z,ls7,qd9y10dw50vt,0.2679227941176471,0.6571691176470588,0.07490808823529413
0.06454545454545454,0.6536363636363637,0.0,0.2713636363636364,0.0,0.0,2006-05-19T02:03:24Z,ls5,qd9y10dw50vt,0.27423059255856685,0.6605420303169499,0.06522737712448323
0.055,0.6335714285714286,0.36363636363636365,0.3,0.0,0.0,2006-05-27T02:01:18Z,ls7,qd9y10dw50vt,0.30346820809248554,0.6408959537572254,0.05563583815028902
,,1.0,,,,2006-06-03T02:07:28Z,ls7,qd9y10dw50vt,,,
0.08954545454545454,0.639090909090909,0.0,0.2609090909090909,0.0,0.0,2006-06-04T02:03:39Z,ls5,qd9y10dw50vt,0.2636655948553055,0.6458429030776297,0.09049150206706477
0.075,0.6125,0.6363636363636364,0.29875,0.0,0.0,2006-06-12T02:01:15Z,ls7,qd9y10dw50vt,0.302915082382763,0.6210392902408112,0.07604562737642585
,,1.0,,,,2006-06-19T02:07:24Z,ls7,qd9y10dw50vt,,,
,,1.0,,,,2006-06-20T02:03:53Z,ls5,qd9y10dw50vt,,,
,,1.0,,,,2006-07-05T02:07:18Z,ls7,qd9y10dw50vt,,,
0.04181818181818182,0.6804545454545454,0.0,0.2672727272727273,0.0,0.0,2006-07-06T02:04:08Z,ls5,qd9y10dw50vt,0.270096463022508,0.6876435461644465,0.04225999081304547
0.084375,0.6256250000000001,0.2727272727272727,0.27875,0.0,0.0,2006-07-14T02:01:02Z,ls7,qd9y10dw50vt,0.281921618204804,0.6327433628318584,0.08533501896333755
0.06772727272727273,0.6554545454545455,0.0,0.2686363636363636,0.0,0.0,2006-07-22T02:04:21Z,ls5,qd9y10dw50vt,0.27085242896425293,0.6608615948670945,0.06828597616865262
,,1.0,,,,2006-07-29T02:10:37Z,ls5,qd9y10dw50vt,,,
0.10900000000000001,0.599,0.5454545454545454,0.28,0.0,0.0,2006-07-30T02:00:56Z,ls7,qd9y10dw50vt,0.2834008097165992,0.6062753036437247,0.11032388663967613
,,1.0,,,,2006-08-14T02:10:49Z,ls5,qd9y10dw50vt,,,
0.024090909090909093,0.42136363636363633,0.0,0.14318181818181816,0.0,0.4090909090909091,2006-08-23T02:04:45Z,ls5,qd9y10dw50vt,0.14373464373464373,0.422990522990523,0.024183924183924187
0.0,0.7233333333333333,0.7272727272727273,0.26833333333333337,0.0,0.0,2006-09-16T02:00:46Z,ls7,qd9y10dw50vt,0.2705882352941177,0.7294117647058823,0.0
0.045454545454545456,0.7131818181818181,0.0,0.2331818181818182,0.0,0.0,2006-09-24T02:05:09Z,ls5,qd9y10dw50vt,0.2351054078826765,0.7190650779101742,0.04582951420714941
0.03681818181818183,0.7172727272727273,0.0,0.23681818181818182,0.0,0.0,2006-10-02T02:00:39Z,ls7,qd9y10dw50vt,0.2389908256880734,0.7238532110091743,0.03715596330275231
0.04863636363636365,0.7186363636363636,0.0,0.22499999999999998,0.0,0.0,2006-10-10T02:05:19Z,ls5,qd9y10dw50vt,0.22675217590471825,0.7242327072835547,0.049015116811726996
0.04454545454545455,0.7013636363636363,0.0,0.24500000000000002,0.0,0.0,2006-10-18T02:00:46Z,ls7,qd9y10dw50vt,0.24724770642201838,0.7077981651376146,0.044954128440366975
0.04454545454545455,0.73,0.0,0.21681818181818188,0.0,0.0,2006-10-26T02:05:29Z,ls5,qd9y10dw50vt,0.21870701513067406,0.7363594681338834,0.04493351673544246
0.026000000000000002,0.756,0.09090909090909094,0.21000000000000002,0.0,0.0,2006-11-03T02:01:01Z,ls7,qd9y10dw50vt,0.2116935483870968,0.7620967741935484,0.02620967741935484
0.02227272727272727,0.7577272727272727,0.0,0.2131818181818182,0.0,0.0,2006-11-11T02:05:37Z,ls5,qd9y10dw50vt,0.21464530892448513,0.7629290617848971,0.022425629290617848
0.04409090909090909,0.7263636363636364,0.0,0.2222727272727272,0.0,0.0,2006-11-19T02:01:13Z,ls7,qd9y10dw50vt,0.22390109890109886,0.7316849816849818,0.044413919413919416
0.030909090909090907,0.7786363636363636,0.0,0.18363636363636363,0.0,0.0,2006-11-27T02:05:46Z,ls5,qd9y10dw50vt,0.18489702517162473,0.7839816933638444,0.031121281464530894
0.03727272727272728,0.7436363636363637,0.0,0.2095454545454546,0.0,0.0,2006-12-05T02:01:21Z,ls7,qd9y10dw50vt,0.2115649380449748,0.7508031206975677,0.03763194125745755
0.03227272727272727,0.7668181818181817,0.0,0.1922727272727273,0.0,0.0,2006-12-13T02:05:54Z,ls5,qd9y10dw50vt,0.19394773039889962,0.7734983952315452,0.03255387436955525
,,1.0,,,,2006-12-21T02:01:26Z,ls7,qd9y10dw50vt,,,
0.027727272727272732,0.7909090909090909,0.0,0.1740909090909091,0.0,0.0,2006-12-29T02:06:01Z,ls5,qd9y10dw50vt,0.17536630036630038,0.7967032967032968,0.027930402930402935
0.03375,0.725,0.6363636363636364,0.23124999999999998,0.0,0.0,2007-01-06T02:01:27Z,ls7,qd9y10dw50vt,0.23358585858585856,0.7323232323232323,0.034090909090909095
0.030476190476190476,0.7666666666666666,0.045454545454545414,0.19571428571428579,0.0,0.0,2007-01-14T02:06:07Z,ls5,qd9y10dw50vt,0.19712230215827348,0.7721822541966427,0.030695443645083937
0.055909090909090915,0.7336363636363635,0.0,0.20136363636363636,0.0,0.0,2007-01-22T02:01:30Z,ls7,qd9y10dw50vt,0.20321100917431195,0.7403669724770643,0.05642201834862387
0.05818181818181818,0.7536363636363638,0.0,0.18045454545454545,0.0,0.0,2007-01-30T02:06:11Z,ls5,qd9y10dw50vt,0.1818598259276225,0.7595052679798443,0.058634906092533204
0.05318181818181818,0.769090909090909,0.0,0.16818181818181818,0.0,0.0,2007-02-07T02:01:37Z,ls7,qd9y10dw50vt,0.16980266177145478,0.7765029830197338,0.05369435520881138
0.05954545454545455,0.745909090909091,0.0,0.1840909090909091,0.0,0.0,2007-02-15T02:06:13Z,ls5,qd9y10dw50vt,0.18603582912264585,0.7537896187413873,0.060174552135966924
0.05333333333333334,0.7166666666666667,0.7272727272727273,0.22166666666666668,0.0,0.0,2007-02-23T02:01:42Z,ls7,qd9y10dw50vt,0.2235294117647059,0.7226890756302521,0.05378151260504202
0.03318181818181819,0.7404545454545454,0.0,0.21727272727272728,0.0,0.0,2007-03-03T02:06:12Z,ls5,qd9y10dw50vt,0.21926605504587157,0.7472477064220183,0.0334862385321101
0.05318181818181818,0.7495454545454546,0.0,0.18727272727272729,0.0,0.0,2007-03-11T02:01:45Z,ls7,qd9y10dw50vt,0.1891643709825528,0.7571166207529844,0.0537190082644628
0.03090909090909091,0.7763636363636365,0.0,0.18590909090909094,0.0,0.0,2007-03-19T02:06:09Z,ls5,qd9y10dw50vt,0.18718535469107553,0.7816933638443936,0.03112128146453089
,,1.0,,,,2007-03-27T02:01:46Z,ls7,qd9y10dw50vt,,,
0.10400000000000001,0.644,0.31818181818181823,0.24266666666666667,0.0,0.0,2007-04-03T02:07:57Z,ls7,qd9y10dw50vt,0.2449528936742934,0.6500672947510094,0.10497981157469718
,,1.0,,,,2007-04-04T02:06:06Z,ls5,qd9y10dw50vt,,,
0.033125,0.7,0.2727272727272727,0.255,0.0,0.0,2007-04-12T02:01:45Z,ls7,qd9y10dw50vt,0.2580645161290323,0.7084123972169513,0.03352308665401645
0.03409090909090909,0.7286363636363636,0.0,0.2281818181818182,0.0,0.0,2007-04-20T02:06:00Z,ls5,qd9y10dw50vt,0.2302752293577982,0.7353211009174312,0.034403669724770644
0.06100000000000001,0.6854999999999999,0.09090909090909094,0.24549999999999997,0.0,0.0,2007-04-28T02:01:42Z,ls7,qd9y10dw50vt,0.2474798387096774,0.6910282258064516,0.06149193548387099
0.047142857142857146,0.6571428571428571,0.6818181818181819,0.2857142857142857,0.0,0.0,2007-05-05T02:07:51Z,ls7,qd9y10dw50vt,0.2886002886002886,0.6637806637806638,0.04761904761904762
0.08636363636363638,0.6659090909090909,0.0,0.23727272727272722,0.0,0.0,2007-05-14T02:01:37Z,ls7,qd9y10dw50vt,0.23977951309141016,0.6729444189251264,0.0872760679834635
0.06863636363636365,0.6877272727272727,0.0,0.23454545454545456,0.0,0.0,2007-05-22T02:05:41Z,ls5,qd9y10dw50vt,0.236697247706422,0.6940366972477064,0.06926605504587156
0.10136363636363638,0.6349999999999999,0.0,0.25181818181818183,0.0,0.0,2007-05-30T02:01:29Z,ls7,qd9y10dw50vt,0.2548298068077277,0.6425942962281509,0.10257589696412146
0.2733333333333334,0.36200000000000004,0.31818181818181823,0.154,0.0,0.2,2007-06-15T02:01:30Z,ls7,qd9y10dw50vt,0.15608108108108107,0.3668918918918919,0.27702702702702703
0.10714285714285712,0.3133333333333333,0.045454545454545414,0.10523809523809524,0.23809523809523808,0.23809523809523808,2007-06-23T02:05:08Z,ls5,qd9y10dw50vt,0.1048567977915804,0.3121980676328502,0.10675465838509313
,,1.0,,,,2007-07-01T02:01:29Z,ls7,qd9y10dw50vt,,,
0.1227272727272727,0.6213636363636363,0.0,0.2427272727272727,0.0,0.0,2007-07-09T02:04:57Z,ls5,qd9y10dw50vt,0.24596959926301246,0.6296637494242285,0.12436665131275908
0.10500000000000001,0.62625,0.2727272727272727,0.256875,0.0,0.0,2007-07-17T02:01:26Z,ls7,qd9y10dw50vt,0.2599620493358634,0.6337760910815939,0.10626185958254271
,,1.0,,,,2007-07-25T02:04:49Z,ls5,qd9y10dw50vt,,,
0.11954545454545454,0.5859090909090909,0.0,0.2822727272727273,0.0,0.0,2007-08-02T02:01:21Z,ls7,qd9y10dw50vt,0.2857800276115969,0.5931891394385642,0.12103083294983893
,,1.0,,,,2007-08-10T02:04:40Z,ls5,qd9y10dw50vt,,,
0.1040909090909091,0.6463636363636364,0.0,0.2381818181818182,0.0,0.0,2007-08-18T02:01:15Z,ls7,qd9y10dw50vt,0.24091954022988507,0.6537931034482759,0.10528735632183908
,,1.0,,,,2007-08-26T02:04:30Z,ls5,qd9y10dw50vt,,,
0.052727272727272734,0.6918181818181818,0.0,0.24772727272727274,0.0,0.0,2007-09-02T02:10:36Z,ls5,qd9y10dw50vt,0.2496564360971141,0.6972056802565277,0.053137883646358235
0.11055555555555556,0.6622222222222223,0.18181818181818177,0.21722222222222226,0.0,0.0,2007-09-03T02:01:08Z,ls7,qd9y10dw50vt,0.21941638608305278,0.6689113355780023,0.11167227833894501
0.03833333333333334,0.7050000000000001,0.7272727272727273,0.24500000000000002,0.0,0.0,2007-09-10T02:07:15Z,ls7,qd9y10dw50vt,0.2478920741989882,0.7133220910623946,0.0387858347386172
0.04409090909090909,0.715,0.0,0.23636363636363636,0.0,0.0,2007-09-11T02:04:22Z,ls5,qd9y10dw50vt,0.23744292237442924,0.7182648401826485,0.04429223744292238
0.0,0.0,0.18181818181818177,0.0,0.0,1.0,2007-09-19T02:01:02Z,ls7,qd9y10dw50vt,0.0,0.0,0.0
0.030000000000000002,0.7118181818181818,0.5,0.2509090909090909,0.0,0.0,2007-10-05T02:00:53Z,ls7,qd9y10dw50vt,0.25274725274725274,0.717032967032967,0.030219780219780223
0.06636363636363639,0.6636363636363637,0.0,0.2613636363636363,0.0,0.0,2007-10-12T02:07:10Z,ls7,qd9y10dw50vt,0.26364053186611636,0.6694176983035305,0.06694176983035306
0.007727272727272727,0.6954545454545455,0.0,0.29,0.0,0.0,2007-10-21T02:01:06Z,ls7,qd9y10dw50vt,0.29199084668192216,0.7002288329519452,0.007780320366132722
0.022272727272727274,0.7413636363636363,0.0,0.22954545454545452,0.0,0.0,2007-11-06T02:01:16Z,ls7,qd9y10dw50vt,0.2311212814645309,0.7464530892448513,0.02242562929061785
,,1.0,,,,2007-11-22T02:01:25Z,ls7,qd9y10dw50vt,,,
0.02909090909090909,0.7640909090909092,0.0,0.1990909090909091,0.0,0.0,2007-12-08T02:01:31Z,ls7,qd9y10dw50vt,0.2006413192853871,0.7700412276683464,0.029317453046266605
0.02045454545454545,0.7990909090909092,0.0,0.17318181818181816,0.0,0.0,2007-12-24T02:01:34Z,ls7,qd9y10dw50vt,0.17445054945054939,0.8049450549450549,0.020604395604395597
,,1.0,,,,2007-12-31T02:07:46Z,ls7,qd9y10dw50vt,,,
0.017727272727272727,0.8027272727272726,0.0,0.17090909090909093,0.0,0.0,2008-01-09T02:01:36Z,ls7,qd9y10dw50vt,0.17239798257679967,0.8097203117835855,0.01788170563961486
0.011,0.841,0.5454545454545454,0.141,0.0,0.0,2008-01-17T02:02:20Z,ls5,qd9y10dw50vt,0.14199395770392748,0.8469284994964753,0.01107754279959718
0.02681818181818182,0.7986363636363635,0.0,0.16727272727272727,0.0,0.0,2008-01-24T02:08:22Z,ls5,qd9y10dw50vt,0.1684981684981685,0.8044871794871794,0.027014652014652023
0.0009090909090909091,0.8427272727272725,0.0,0.1490909090909091,0.0,0.0,2008-01-25T02:01:35Z,ls7,qd9y10dw50vt,0.15018315018315023,0.8489010989010989,0.0009157509157509159
0.01,0.8322727272727272,0.0,0.15000000000000002,0.0,0.0,2008-02-02T02:02:03Z,ls5,qd9y10dw50vt,0.15116811726981222,0.8387540082455336,0.010077874484654147
0.007272727272727273,0.764090909090909,0.0,0.22272727272727275,0.0,0.0,2008-02-09T02:08:07Z,ls5,qd9y10dw50vt,0.2240512117055327,0.7686328303612253,0.007315957933241884
0.01875,0.7749999999999999,0.6363636363636364,0.2,0.0,0.0,2008-02-10T02:01:32Z,ls7,qd9y10dw50vt,0.20125786163522016,0.7798742138364779,0.018867924528301886
0.005454545454545454,0.8190909090909091,0.0,0.16818181818181818,0.0,0.0,2008-02-18T02:01:46Z,ls5,qd9y10dw50vt,0.1694139194139194,0.825091575091575,0.005494505494505494
,,1.0,,,,2008-02-26T02:01:28Z,ls7,qd9y10dw50vt,,,
0.016666666666666666,0.7916666666666666,0.7272727272727273,0.18166666666666667,0.0,0.0,2008-03-13T02:01:22Z,ls7,qd9y10dw50vt,0.1835016835016835,0.7996632996632996,0.016835016835016835
0.0275,0.6824999999999999,0.8181818181818181,0.28,0.0,0.0,2008-03-20T02:07:34Z,ls7,qd9y10dw50vt,0.2828282828282829,0.6893939393939393,0.02777777777777778
0.040625,0.765,0.2727272727272727,0.185,0.0,0.0,2008-03-29T02:01:23Z,ls7,qd9y10dw50vt,0.18675078864353312,0.7722397476340694,0.04100946372239748
0.045625,0.7225000000000001,0.2727272727272727,0.221875,0.0,0.0,2008-04-14T02:01:22Z,ls7,qd9y10dw50vt,0.22411616161616155,0.7297979797979798,0.04608585858585858
,,1.0,,,,2008-04-30T02:01:19Z,ls7,qd9y10dw50vt,,,
0.04136363636363637,0.7390909090909091,0.0,0.21045454545454545,0.0,0.0,2008-05-16T02:01:14Z,ls7,qd9y10dw50vt,0.2123853211009174,0.7458715596330275,0.041743119266055055
0.07777777777777779,0.6944444444444445,0.18181818181818177,0.21944444444444444,0.0,0.0,2008-06-01T02:01:06Z,ls7,qd9y10dw50vt,0.22128851540616243,0.7002801120448179,0.0784313725490196
0.0,0.0,0.6818181818181819,0.0,0.2857142857142857,0.7142857142857143,2008-06-17T02:00:57Z,ls7,qd9y10dw50vt,0.0,0.0,0.0
,,1.0,,,,2008-06-24T02:07:04Z,ls7,qd9y10dw50vt,,,
0.021666666666666667,0.7016666666666667,0.7272727272727273,0.26499999999999996,0.0,0.0,2008-07-03T02:00:47Z,ls7,qd9y10dw50vt,0.2681281618887015,0.7099494097807757,0.021922428330522766
0.05235294117647059,0.7029411764705882,0.2272727272727273,0.23529411764705882,0.0,0.0,2008-07-10T02:06:53Z,ls7,qd9y10dw50vt,0.2375296912114014,0.7096199524940617,0.05285035629453682
,,1.0,,,,2008-07-19T02:00:35Z,ls7,qd9y10dw50vt,,,
0.21249999999999997,0.37249999999999994,0.09090909090909094,0.20600000000000002,0.2,0.0,2008-08-04T02:00:28Z,ls7,qd9y10dw50vt,0.20834386852085973,0.37673830594184576,0.21491782553729455
0.09428571428571429,0.7042857142857143,0.6818181818181819,0.19571428571428573,0.0,0.0,2008-08-11T02:06:36Z,ls7,qd9y10dw50vt,0.1968390804597701,0.7083333333333333,0.09482758620689656
0.04318181818181818,0.7377272727272728,0.0,0.21090909090909093,0.0,0.0,2008-08-20T02:00:22Z,ls7,qd9y10dw50vt,0.21264894592117323,0.7438130155820348,0.04353803849679193
0.02727272727272728,0.740909090909091,0.0,0.22363636363636363,0.0,0.0,2008-08-27T02:06:29Z,ls7,qd9y10dw50vt,0.22548120989917506,0.7470210815765354,0.02749770852428965
0.005,0.6012500000000001,0.6363636363636364,0.14125,0.0,0.25,2008-09-05T02:00:14Z,ls7,qd9y10dw50vt,0.14172240802675581,0.6032608695652174,0.005016722408026756
0.04454545454545455,0.6927272727272726,0.0,0.25454545454545463,0.0,0.0,2008-10-07T01:59:55Z,ls7,qd9y10dw50vt,0.25664527956003674,0.6984417965169568,0.04491292392300642
0.01681818181818182,0.7309090909090908,0.0,0.24500000000000002,0.0,0.0,2008-10-15T01:55:20Z,ls5,qd9y10dw50vt,0.24679487179487183,0.7362637362637362,0.016941391941391944
,,1.0,,,,2008-10-23T02:00:03Z,ls7,qd9y10dw50vt,,,
0.030000000000000002,0.7268181818181818,0.0,0.2381818181818182,0.0,0.0,2008-10-31T01:54:47Z,ls5,qd9y10dw50vt,0.2393787117405208,0.730470534490635,0.030150753768844223
0.027000000000000003,0.7290000000000001,0.5454545454545454,0.23599999999999993,0.0,0.0,2008-11-08T02:00:18Z,ls7,qd9y10dw50vt,0.2379032258064515,0.7348790322580645,0.02721774193548387
0.07588235294117647,0.6411764705882355,0.2272727272727273,0.26941176470588235,0.0,0.0,2008-11-15T02:06:34Z,ls7,qd9y10dw50vt,0.27310673822301723,0.6499701848539058,0.07692307692307691
,,1.0,,,,2008-11-16T01:54:32Z,ls5,qd9y10dw50vt,,,
0.013571428571428571,0.7214285714285714,0.36363636363636365,0.26,0.0,0.0,2008-11-24T02:00:30Z,ls7,qd9y10dw50vt,0.2613065326633166,0.7250538406317301,0.013639626704953337
,,1.0,,,,2008-12-02T01:55:04Z,ls5,qd9y10dw50vt,,,
,,1.0,,,,2008-12-10T02:00:41Z,ls7,qd9y10dw50vt,,,
0.03727272727272728,0.7522727272727271,0.0,0.20181818181818184,0.0,0.0,2008-12-18T01:55:33Z,ls5,qd9y10dw50vt,0.20357634112792306,0.7588262265016048,0.03759743237047227
0.038181818181818185,0.7472727272727272,0.0,0.20590909090909096,0.0,0.0,2008-12-26T02:00:49Z,ls7,qd9y10dw50vt,0.20770288858321875,0.7537826685006878,0.03851444291609354
0.024545454545454547,0.7786363636363636,0.0,0.18727272727272729,0.0,0.0,2009-01-03T01:55:59Z,ls5,qd9y10dw50vt,0.18907755851307942,0.7861404313905461,0.02478201009637449
0.05352941176470588,0.7452941176470589,0.2272727272727273,0.19117647058823528,0.0,0.0,2009-01-11T02:00:55Z,ls7,qd9y10dw50vt,0.19310754604872252,0.7528223410576352,0.0540701128936423
0.06772727272727273,0.756818181818182,0.0,0.16409090909090912,0.0,0.0,2009-02-12T02:01:07Z,ls7,qd9y10dw50vt,0.16597701149425287,0.7655172413793103,0.06850574712643677
0.05090909090909091,0.7736363636363638,0.0,0.1659090909090909,0.0,0.0,2009-02-20T01:57:14Z,ls5,qd9y10dw50vt,0.16750803120697563,0.7810922441486922,0.051399724644332255
0.06772727272727273,0.19136363636363632,0.0,0.056363636363636366,0.0,0.6818181818181818,2009-02-28T02:01:16Z,ls7,qd9y10dw50vt,0.05685093004977733,0.1930180770238407,0.06831281110820019
0.04,0.7312500000000001,0.2727272727272727,0.218125,0.0,0.0,2009-03-16T02:01:24Z,ls7,qd9y10dw50vt,0.22046746683512317,0.7391029690461149,0.04042956411876184
0.0,0.0,0.0,0.0,0.045454545454545456,0.9545454545454546,2009-03-24T01:57:59Z,ls5,qd9y10dw50vt,0.0,0.0,0.0
0.0540909090909091,0.730909090909091,0.0,0.20454545454545459,0.0,0.0,2009-04-01T02:01:30Z,ls7,qd9y10dw50vt,0.20670647680293985,0.7386311437758383,0.05466237942122187
0.1175,0.66125,0.6363636363636364,0.2125,0.0,0.0,2009-04-17T02:01:35Z,ls7,qd9y10dw50vt,0.21437578814627994,0.6670870113493065,0.11853720050441362
0.019545454545454546,0.7490909090909091,0.0,0.22318181818181818,0.0,0.0,2009-04-25T01:58:37Z,ls5,qd9y10dw50vt,0.22502291475710356,0.7552703941338222,0.019706691109074245
0.06590909090909092,0.7222727272727273,0.0,0.2031818181818182,0.0,0.0,2009-05-03T02:01:39Z,ls7,qd9y10dw50vt,0.2049518569463549,0.7285648784961026,0.06648326455754242
,,1.0,,,,2009-05-10T02:07:51Z,ls7,qd9y10dw50vt,,,
0.038636363636363635,0.7472727272727273,0.0,0.205,0.0,0.0,2009-05-11T01:58:55Z,ls5,qd9y10dw50vt,0.2068807339449541,0.7541284403669725,0.03899082568807339
0.03590909090909091,0.7263636363636364,0.0,0.22772727272727267,0.0,0.0,2009-05-19T02:01:41Z,ls7,qd9y10dw50vt,0.23002754820936633,0.733700642791552,0.03627180899908173
0.022727272727272728,0.6831818181818181,0.0,0.28545454545454546,0.0,0.0,2009-06-04T02:01:41Z,ls7,qd9y10dw50vt,0.2879413113250803,0.6891334250343879,0.02292526364053187
0.0,0.8083333333333332,0.7272727272727273,0.19000000000000003,0.0,0.0,2009-06-20T02:01:39Z,ls7,qd9y10dw50vt,0.19031719532554262,0.8096828046744574,0.0
0.06545454545454545,0.5859090909090908,0.0,0.2490909090909091,0.0,0.09090909090909091,2009-06-28T01:59:47Z,ls5,qd9y10dw50vt,0.2514799687944565,0.591528612730026,0.0660823275664265
0.10318181818181818,0.4445454545454545,0.0,0.2609090909090909,0.13636363636363635,0.045454545454545456,2009-07-13T02:07:45Z,ls7,qd9y10dw50vt,0.2639889621339875,0.44979304001226433,0.10439981603556647
0.11318181818181819,0.609090909090909,0.0,0.26818181818181813,0.0,0.0,2009-07-14T02:00:04Z,ls5,qd9y10dw50vt,0.270766406608536,0.6149609912804038,0.11427260211106013
0.015000000000000001,0.045454545454545456,0.0,0.029545454545454545,0.13636363636363635,0.7727272727272727,2009-07-22T02:01:32Z,ls7,qd9y10dw50vt,0.029843893480257126,0.04591368227731866,0.015151515151515159
0.09000000000000001,0.5014285714285716,0.045454545454545414,0.25952380952380955,0.09523809523809523,0.047619047619047616,2009-07-29T02:07:40Z,ls7,qd9y10dw50vt,0.2614117835158686,0.5050763450315774,0.09065472859541132
0.07227272727272728,0.5959090909090909,0.0,0.27545454545454545,0.0,0.045454545454545456,2009-08-07T02:01:26Z,ls7,qd9y10dw50vt,0.27863899106673673,0.6027982133473464,0.07310825013137152
,,1.0,,,,2009-08-15T02:00:33Z,ls5,qd9y10dw50vt,,,
0.0,0.0,0.8181818181818181,0.0,0.25,0.75,2009-08-23T02:01:25Z,ls7,qd9y10dw50vt,0.0,0.0,0.0
0.06636363636363637,0.6613636363636364,0.0,0.2636363636363636,0.0,0.0,2009-08-31T02:00:47Z,ls5,qd9y10dw50vt,0.2659330582301696,0.6671251719394773,0.06694176983035305
,,1.0,,,,2009-09-08T02:01:24Z,ls7,qd9y10dw50vt,,,
,,1.0,,,,2009-09-16T02:01:00Z,ls5,qd9y10dw50vt,,,
0.03375,0.7350000000000001,0.6363636363636364,0.22375000000000003,0.0,0.0,2009-09-24T02:01:23Z,ls7,qd9y10dw50vt,0.22544080604534006,0.7405541561712846,0.03400503778337531
0.056363636363636366,0.650909090909091,0.5,0.2845454545454546,0.0,0.0,2009-10-01T02:07:32Z,ls7,qd9y10dw50vt,0.2868927589367553,0.6562786434463794,0.056828597616865255
0.028181818181818183,0.6877272727272726,0.0,0.2768181818181818,0.0,0.0,2009-10-02T02:01:12Z,ls5,qd9y10dw50vt,0.27884615384615385,0.6927655677655677,0.028388278388278395
0.0,0.0,0.7727272727272727,0.0,0.4,0.6,2009-10-10T02:01:17Z,ls7,qd9y10dw50vt,0.0,0.0,0.0
0.05363636363636364,0.6604545454545455,0.0,0.2763636363636364,0.0,0.0,2009-10-17T02:07:35Z,ls7,qd9y10dw50vt,0.2790270766406609,0.6668196420376319,0.0541532813217072
0.010454545454545454,0.7100000000000001,0.0,0.275,0.0,0.0,2009-10-18T02:01:22Z,ls5,qd9y10dw50vt,0.27625570776255703,0.7132420091324201,0.01050228310502283
0.08227272727272726,0.674090909090909,0.0,0.23545454545454544,0.0,0.0,2009-11-03T02:01:30Z,ls5,qd9y10dw50vt,0.23739688359303393,0.6796516956920257,0.08295142071494042
,,1.0,,,,2009-11-10T02:07:44Z,ls5,qd9y10dw50vt,,,
0.017857142857142856,0.7478571428571428,0.36363636363636365,0.2285714285714286,0.0,0.0,2009-11-11T02:01:48Z,ls7,qd9y10dw50vt,0.2298850574712644,0.752155172413793,0.017959770114942528
0.012727272727272728,0.73,0.0,0.25181818181818183,0.0,0.0,2009-11-19T02:01:37Z,ls5,qd9y10dw50vt,0.25319926873857407,0.7340036563071298,0.012797074954296161
0.036250000000000004,0.73,0.6363636363636364,0.2225,0.0,0.0,2009-11-27T02:01:59Z,ls7,qd9y10dw50vt,0.225031605562579,0.7383059418457648,0.03666245259165613
0.10333333333333333,0.5700000000000001,0.8636363636363636,0.31000000000000005,0.0,0.0,2009-12-04T02:08:15Z,ls7,qd9y10dw50vt,0.3152542372881356,0.5796610169491526,0.10508474576271186
0.022500000000000003,0.7499999999999999,0.2727272727272727,0.21750000000000003,0.0,0.0,2009-12-05T02:01:46Z,ls5,qd9y10dw50vt,0.21969696969696975,0.7575757575757576,0.02272727272727273
,,1.0,,,,2009-12-13T02:02:11Z,ls7,qd9y10dw50vt,,,
0.045909090909090906,0.7127272727272728,0.0,0.23136363636363633,0.0,0.0,2009-12-20T02:08:30Z,ls7,qd9y10dw50vt,0.23370064279155184,0.7199265381083564,0.046372819100091826
0.046363636363636364,0.7663636363636365,0.0,0.17863636363636368,0.0,0.0,2009-12-29T02:02:29Z,ls7,qd9y10dw50vt,0.18019257221458046,0.7730398899587345,0.046767537826684996
0.07125000000000001,0.7337500000000001,0.6363636363636364,0.18625000000000003,0.0,0.0,2010-01-14T02:02:44Z,ls7,qd9y10dw50vt,0.18789407313997478,0.7402269861286255,0.07187894073139975
0.0640909090909091,0.7404545454545454,0.0,0.18454545454545457,0.0,0.0,2010-01-22T02:02:03Z,ls5,qd9y10dw50vt,0.1865808823529412,0.7486213235294117,0.06479779411764708
0.029375,0.765,0.2727272727272727,0.20000000000000004,0.0,0.0,2010-01-30T02:02:58Z,ls7,qd9y10dw50vt,0.2011313639220616,0.7693274670018855,0.02954116907605279
0.01,0.8145454545454546,0.0,0.16999999999999998,0.0,0.0,2010-02-15T02:03:09Z,ls7,qd9y10dw50vt,0.1709323583180987,0.8190127970749542,0.010054844606946983
0.03636363636363637,0.7836363636363636,0.0,0.17136363636363638,0.0,0.0,2010-02-23T02:02:10Z,ls5,qd9y10dw50vt,0.1728564878496103,0.7904630903255387,0.03668042182485099
0.0875,0.735,0.6363636363636364,0.165,0.0,0.0,2010-03-03T02:03:17Z,ls7,qd9y10dw50vt,0.1670886075949367,0.7443037974683544,0.08860759493670885
,,1.0,,,,2010-03-10T02:09:31Z,ls7,qd9y10dw50vt,,,
,,1.0,,,,2010-03-19T02:03:23Z,ls7,qd9y10dw50vt,,,
,,1.0,,,,2010-04-04T02:03:27Z,ls7,qd9y10dw50vt,,,
,,1.0,,,,2010-04-11T02:09:38Z,ls7,qd9y10dw50vt,,,
0.26,0.4466666666666666,0.8636363636363636,0.28333333333333327,0.0,0.0,2010-04-20T02:03:27Z,ls7,qd9y10dw50vt,0.28619528619528617,0.4511784511784512,0.26262626262626265
0.04090909090909091,0.6436363636363637,0.5,0.30272727272727273,0.0,0.0,2010-04-27T02:09:37Z,ls7,qd9y10dw50vt,0.30662983425414364,0.6519337016574586,0.04143646408839779
,,1.0,,,,2010-04-28T02:02:03Z,ls5,qd9y10dw50vt,,,
0.10375000000000001,0.6425000000000001,0.6363636363636364,0.24125000000000002,0.0,0.0,2010-05-06T02:03:24Z,ls7,qd9y10dw50vt,0.24430379746835443,0.6506329113924051,0.10506329113924051
0.06818181818181818,0.665909090909091,0.0,0.25499999999999995,0.0,0.0,2010-05-14T02:02:01Z,ls5,qd9y10dw50vt,0.25781249999999994,0.6732536764705884,0.06893382352941177
0.07789473684210527,0.6331578947368421,0.13636363636363635,0.2784210526315789,0.0,0.0,2010-05-29T02:09:33Z,ls7,qd9y10dw50vt,0.28138297872340423,0.6398936170212767,0.07872340425531915
0.06944444444444445,0.6488888888888887,0.18181818181818177,0.26944444444444443,0.0,0.0,2010-06-30T02:09:36Z,ls7,qd9y10dw50vt,0.2727784026996626,0.6569178852643419,0.07030371203599552
0.09227272727272728,0.6386363636363637,0.0,0.2590909090909091,0.0,0.0,2010-07-25T02:03:28Z,ls7,qd9y10dw50vt,0.26170798898071623,0.6450872359963269,0.09320477502295685
0.05055555555555556,0.7283333333333333,0.18181818181818177,0.21166666666666667,0.0,0.0,2010-08-01T02:09:38Z,ls7,qd9y10dw50vt,0.213684800897364,0.7352776219854178,0.05103757711721818
0.096,0.6675,0.09090909090909094,0.22649999999999998,0.0,0.0,2010-08-10T02:03:26Z,ls7,qd9y10dw50vt,0.2287878787878788,0.6742424242424243,0.09696969696969698
,,1.0,,,,2010-08-26T02:03:30Z,ls7,qd9y10dw50vt,,,
0.0225,0.7324999999999999,0.6363636363636364,0.24124999999999996,0.0,0.0,2010-09-02T02:09:42Z,ls7,qd9y10dw50vt,0.24215809284818068,0.7352572145545797,0.02258469259723965
0.03636363636363637,0.7172727272727272,0.0,0.23863636363636367,0.0,0.0,2010-09-11T02:03:32Z,ls7,qd9y10dw50vt,0.2404947320201558,0.7228584516720109,0.036646816307833265
0.015454545454545453,0.7118181818181818,0.0,0.26500000000000007,0.0,0.0,2010-09-27T02:03:31Z,ls7,qd9y10dw50vt,0.2670636738433349,0.717361429225836,0.015574896930829132
0.02,0.7186363636363636,0.0,0.2527272727272728,0.0,0.0,2010-10-13T02:03:36Z,ls7,qd9y10dw50vt,0.2549289316827144,0.7248968363136176,0.020174232003668042
0.015000000000000001,0.7475,0.6363636363636364,0.22625,0.0,0.0,2010-10-29T02:03:45Z,ls7,qd9y10dw50vt,0.22882427307206066,0.7560050568900126,0.015170670037926675
0.01636363636363636,0.77,0.5,0.20636363636363636,0.0,0.0,2010-11-14T02:03:57Z,ls7,qd9y10dw50vt,0.2078754578754579,0.7756410256410257,0.01648351648351648
0.020000000000000004,0.7731818181818181,0.0,0.2004545454545455,0.0,0.0,2010-11-30T02:04:08Z,ls7,qd9y10dw50vt,0.2017383348581885,0.7781335773101554,0.020128087831655997
0.095,0.53,0.8181818181818181,0.36,0.0,0.0,2010-12-07T02:10:23Z,ls7,qd9y10dw50vt,0.36548223350253806,0.5380710659898478,0.09644670050761421
,,1.0,,,,2010-12-08T02:01:02Z,ls5,qd9y10dw50vt,,,
,,1.0,,,,2010-12-23T02:10:30Z,ls7,qd9y10dw50vt,,,
0.0,0.7918181818181821,0.0,0.2040909090909091,0.0,0.0,2010-12-24T02:01:07Z,ls5,qd9y10dw50vt,0.20492925604746687,0.7950707439525332,0.0
0.014545454545454545,0.7854545454545455,0.5,0.19272727272727275,0.0,0.0,2011-01-01T02:04:25Z,ls7,qd9y10dw50vt,0.19413919413919414,0.7912087912087912,0.01465201465201465
0.004090909090909091,0.785909090909091,0.0,0.20545454545454545,0.0,0.0,2011-01-09T02:01:10Z,ls5,qd9y10dw50vt,0.2063926940639269,0.7894977168949772,0.00410958904109589
0.006818181818181818,0.8072727272727275,0.0,0.17954545454545456,0.0,0.0,2011-01-25T02:01:10Z,ls5,qd9y10dw50vt,0.18069533394327536,0.8124428179322964,0.006861848124428177
0.014545454545454545,0.7309090909090908,0.0,0.24681818181818185,0.0,0.0,2011-02-02T02:04:38Z,ls7,qd9y10dw50vt,0.2487402656894183,0.7366010077874484,0.014658726523133304
0.009545454545454546,0.7881818181818183,0.0,0.19363636363636363,0.0,0.0,2011-02-10T02:01:13Z,ls5,qd9y10dw50vt,0.1953232462173315,0.7950481430536452,0.009628610729023384
0.0461904761904762,0.7152380952380952,0.045454545454545414,0.22761904761904764,0.0,0.0,2011-02-18T02:04:42Z,ls7,qd9y10dw50vt,0.2301396244583534,0.7231584015406837,0.04670197400096293
0.025909090909090913,0.7559090909090909,0.0,0.20954545454545456,0.0,0.0,2011-02-26T02:01:12Z,ls5,qd9y10dw50vt,0.21137093076570382,0.7624942686840899,0.02613480055020633
0.01666666666666667,0.37611111111111106,0.18181818181818177,0.10388888888888889,0.0,0.5,2011-03-06T02:04:47Z,ls7,qd9y10dw50vt,0.104586129753915,0.37863534675615207,0.01677852348993289
0.04375,0.7137500000000001,0.6363636363636364,0.23124999999999998,0.0,0.0,2011-03-22T02:04:47Z,ls7,qd9y10dw50vt,0.2338811630847029,0.7218710493046777,0.04424778761061947
0.07545454545454545,0.7340909090909092,0.0,0.18090909090909088,0.0,0.0,2011-03-30T02:01:03Z,ls5,qd9y10dw50vt,0.1826525929325378,0.7411656723267555,0.07618173474070673
0.2581818181818182,0.5472727272727274,0.5,0.18727272727272729,0.0,0.0,2011-04-07T02:04:52Z,ls7,qd9y10dw50vt,0.18864468864468864,0.5512820512820513,0.26007326007326004
0.038421052631578946,0.7289473684210526,0.13636363636363635,0.22263157894736843,0.0,0.0,2011-04-14T02:11:02Z,ls7,qd9y10dw50vt,0.22488038277511965,0.7363104731525785,0.038809144072301974
0.04181818181818182,0.7490909090909093,0.0,0.2,0.0,0.0,2011-04-15T02:00:58Z,ls5,qd9y10dw50vt,0.20183486238532108,0.7559633027522936,0.04220183486238531
,,1.0,,,,2011-04-23T02:04:50Z,ls7,qd9y10dw50vt,,,
0.06294117647058824,0.6205882352941177,0.2272727272727273,0.3058823529411765,0.0,0.0,2011-04-30T02:11:02Z,ls7,qd9y10dw50vt,0.3091557669441142,0.6272294887039238,0.06361474435196195
0.05954545454545456,0.6849999999999999,0.0,0.2459090909090909,0.0,0.0,2011-05-01T02:00:52Z,ls5,qd9y10dw50vt,0.24827902707664065,0.6916016521340064,0.06011932078935293
0.03571428571428571,0.6742857142857143,0.6818181818181819,0.27999999999999997,0.0,0.0,2011-05-09T02:04:50Z,ls7,qd9y10dw50vt,0.2828282828282828,0.6810966810966812,0.03607503607503608
0.03666666666666667,0.6799999999999998,0.7272727272727273,0.2733333333333334,0.0,0.0,2011-05-25T02:04:49Z,ls7,qd9y10dw50vt,0.2760942760942762,0.6868686868686869,0.03703703703703705
0.07363636363636364,0.6677272727272727,0.0,0.24727272727272726,0.0,0.0,2011-06-10T02:04:50Z,ls7,qd9y10dw50vt,0.2501149425287356,0.6754022988505747,0.07448275862068966
0.08499999999999999,0.5892857142857143,0.36363636363636365,0.3164285714285714,0.0,0.0,2011-06-26T02:04:46Z,ls7,qd9y10dw50vt,0.3193943763518385,0.5948089401586157,0.08579668348954578
0.1,0.6100000000000001,0.5,0.27909090909090906,0.0,0.0,2011-07-12T02:04:46Z,ls7,qd9y10dw50vt,0.28216911764705876,0.6167279411764707,0.10110294117647059
0.051250000000000004,0.6312500000000001,0.6363636363636364,0.30875,0.0,0.0,2011-07-19T02:10:56Z,ls7,qd9y10dw50vt,0.31147540983606553,0.6368221941992434,0.05170239596469104
0.1277777777777778,0.39777777777777784,0.18181818181818177,0.245,0.0,0.2222222222222222,2011-07-28T02:04:43Z,ls7,qd9y10dw50vt,0.24729632299927898,0.4015060482255868,0.12897540655291195
0.18866666666666665,0.5086666666666667,0.31818181818181823,0.292,0.0,0.0,2011-08-04T02:10:52Z,ls7,qd9y10dw50vt,0.29514824797843664,0.5141509433962265,0.19070080862533692
0.12363636363636367,0.38409090909090904,0.0,0.21318181818181817,0.045454545454545456,0.22727272727272727,2011-08-05T02:00:09Z,ls5,qd9y10dw50vt,0.2150636248996905,0.3874813710879285,0.12472773128510839
0.08,0.6399999999999999,0.0,0.27090909090909093,0.0,0.0,2011-08-13T02:04:39Z,ls7,qd9y10dw50vt,0.27339449541284405,0.6458715596330274,0.08073394495412844
0.0790909090909091,0.6045454545454546,0.5,0.30909090909090914,0.0,0.0,2011-08-20T02:10:49Z,ls7,qd9y10dw50vt,0.31135531135531136,0.6089743589743589,0.07967032967032966
0.09307692307692307,0.6423076923076922,0.40909090909090906,0.2561538461538462,0.0,0.0,2011-08-29T02:04:37Z,ls7,qd9y10dw50vt,0.2583397982932506,0.647788983708301,0.09387121799844841
0.07363636363636362,0.6704545454545454,0.0,0.2468181818181818,0.0,0.0,2011-09-06T01:59:52Z,ls5,qd9y10dw50vt,0.24908256880733945,0.676605504587156,0.07431192660550458
0.024545454545454547,0.7181818181818181,0.0,0.2504545454545455,0.0,0.0,2011-09-14T02:04:31Z,ls7,qd9y10dw50vt,0.2521739130434783,0.7231121281464531,0.024713958810068652
0.05636363636363635,0.6663636363636364,0.0,0.27045454545454545,0.0,0.0,2011-09-21T02:10:41Z,ls7,qd9y10dw50vt,0.2723112128146453,0.6709382151029749,0.05675057208237985
,,1.0,,,,2011-09-30T02:04:29Z,ls7,qd9y10dw50vt,,,
0.06083333333333334,0.6333333333333333,0.4545454545454546,0.2991666666666667,0.0,0.0,2011-10-07T02:10:38Z,ls7,qd9y10dw50vt,0.30117449664429535,0.6375838926174496,0.06124161073825505
0.0,0.0,0.36363636363636365,0.0,0.9285714285714286,0.07142857142857142,2011-10-08T01:59:19Z,ls5,qd9y10dw50vt,0.0,0.0,0.0
,,1.0,,,,2011-10-16T02:04:31Z,ls7,qd9y10dw50vt,,,
0.02,0.6672727272727275,0.0,0.3013636363636364,0.0,0.0,2011-10-23T02:10:46Z,ls7,qd9y10dw50vt,0.3048275862068965,0.6749425287356322,0.02022988505747126
0.036111111111111115,0.6766666666666665,0.18181818181818177,0.2794444444444444,0.0,0.0,2011-11-01T02:04:36Z,ls7,qd9y10dw50vt,0.28163493840985443,0.6819708846584547,0.03639417693169094
,,1.0,,,,2011-11-17T02:04:50Z,ls7,qd9y10dw50vt,,,
,,1.0,,,,2011-11-24T02:11:06Z,ls7,qd9y10dw50vt,,,
0.0725,0.6333333333333333,0.4545454545454546,0.2816666666666667,0.0,0.0,2011-12-03T02:04:59Z,ls7,qd9y10dw50vt,0.2852320675105485,0.6413502109704641,0.07341772151898733
,,1.0,,,,2011-12-19T02:05:06Z,ls7,qd9y10dw50vt,,,
0.007272727272727273,0.7563636363636363,0.5,0.22818181818181815,0.0,0.0,2012-01-04T02:05:15Z,ls7,qd9y10dw50vt,0.23006416131989,0.7626031164069661,0.007332722273143905
0.058571428571428566,0.6607142857142857,0.36363636363636365,0.2692857142857143,0.0,0.0,2012-01-11T02:11:27Z,ls7,qd9y10dw50vt,0.27239884393063585,0.6683526011560693,0.059248554913294796
0.02375,0.7374999999999999,0.6363636363636364,0.22874999999999998,0.0,0.0,2012-01-20T02:05:15Z,ls7,qd9y10dw50vt,0.23106060606060605,0.7449494949494949,0.02398989898989899
0.03954545454545455,0.7045454545454546,0.0,0.24681818181818177,0.0,0.0,2012-02-05T02:05:19Z,ls7,qd9y10dw50vt,0.2490825688073394,0.7110091743119266,0.03990825688073395
0.041,0.76,0.5454545454545454,0.189,0.0,0.0,2012-02-21T02:05:23Z,ls7,qd9y10dw50vt,0.1909090909090909,0.7676767676767676,0.04141414141414141
0.06705882352941177,0.6905882352941177,0.2272727272727273,0.23235294117647062,0.0,0.0,2012-03-08T02:05:19Z,ls7,qd9y10dw50vt,0.23469994058229354,0.6975638740344623,0.0677361853832442
0.11954545454545457,0.6359090909090909,0.0,0.2322727272727273,0.0,0.0,2012-03-15T02:11:32Z,ls7,qd9y10dw50vt,0.23515876668200644,0.6438104003681545,0.12103083294983895
0.056363636363636366,0.7172727272727272,0.0,0.21363636363636365,0.0,0.0,2012-03-24T02:05:22Z,ls7,qd9y10dw50vt,0.21639042357274405,0.7265193370165746,0.057090239410681407
0.06380952380952383,0.7047619047619048,0.045454545454545414,0.22238095238095243,0.0,0.0,2012-03-31T02:11:32Z,ls7,qd9y10dw50vt,0.22441134070158578,0.7111965401249398,0.0643921191734743
0.011666666666666667,0.7566666666666667,0.7272727272727273,0.22,0.0,0.0,2012-04-09T02:05:17Z,ls7,qd9y10dw50vt,0.22259696458684652,0.7655986509274874,0.011804384485666104
0.07363636363636365,0.6845454545454547,0.0,0.23272727272727273,0.0,0.0,2012-04-25T02:05:32Z,ls7,qd9y10dw50vt,0.23486238532110087,0.6908256880733945,0.07431192660550459
0.05318181818181819,0.6786363636363636,0.0,0.25818181818181823,0.0,0.0,2012-05-11T02:05:55Z,ls7,qd9y10dw50vt,0.2607897153351699,0.6854912764003672,0.05371900826446282
0.07272727272727272,0.6527272727272728,0.0,0.26499999999999996,0.0,0.0,2012-05-27T02:05:47Z,ls7,qd9y10dw50vt,0.2675539238182652,0.6590178981184031,0.0734281780633318
,,1.0,,,,2012-06-12T02:05:37Z,ls7,qd9y10dw50vt,,,
0.0,0.0,0.0,0.0,0.2727272727272727,0.7272727272727273,2012-06-28T02:05:45Z,ls7,qd9y10dw50vt,0.0,0.0,0.0
0.052500000000000005,0.67625,0.6363636363636364,0.2625,0.0,0.0,2012-07-14T02:06:00Z,ls7,qd9y10dw50vt,0.26481715006305173,0.682219419924338,0.05296343001261035
0.08636363636363636,0.6577272727272726,0.0,0.24500000000000002,0.0,0.0,2012-07-30T02:06:10Z,ls7,qd9y10dw50vt,0.24770220588235298,0.6649816176470588,0.08731617647058824
0.11090909090909089,0.36272727272727273,0.0,0.1990909090909091,0.13636363636363635,0.18181818181818182,2012-08-15T02:06:22Z,ls7,qd9y10dw50vt,0.20178132678132682,0.3676289926289927,0.11240786240786241
0.19272727272727275,0.5472727272727274,0.0,0.20500000000000004,0.0,0.045454545454545456,2012-08-31T02:06:32Z,ls7,qd9y10dw50vt,0.2070707070707071,0.5528007346189164,0.19467401285583102
0.0,0.77,0.9545454545454546,0.23,0.0,0.0,2012-09-07T02:12:48Z,ls7,qd9y10dw50vt,0.23,0.77,0.0
0.043333333333333335,0.7050000000000001,0.7272727272727273,0.245,0.0,0.0,2012-09-16T02:06:41Z,ls7,qd9y10dw50vt,0.2466442953020134,0.7097315436241611,0.0436241610738255
0.048,0.701,0.5454545454545454,0.24100000000000002,0.0,0.0,2012-09-23T02:12:56Z,ls7,qd9y10dw50vt,0.24343434343434345,0.7080808080808081,0.048484848484848485
0.006666666666666667,0.6966666666666667,0.4545454545454546,0.2916666666666667,0.0,0.0,2012-10-02T02:06:51Z,ls7,qd9y10dw50vt,0.29313232830820773,0.7001675041876047,0.006700167504187605
0.060000000000000005,0.6316666666666667,0.4545454545454546,0.29833333333333334,0.0,0.0,2012-10-09T02:13:03Z,ls7,qd9y10dw50vt,0.3013468013468013,0.638047138047138,0.06060606060606061
0.024090909090909093,0.7063636363636364,0.0,0.26045454545454544,0.0,0.0,2012-10-18T02:07:00Z,ls7,qd9y10dw50vt,0.2628440366972477,0.7128440366972478,0.024311926605504592
0.0075,0.781,0.09090909090909094,0.20349999999999996,0.0,0.0,2012-11-19T02:07:13Z,ls7,qd9y10dw50vt,0.20514112903225803,0.7872983870967744,0.007560483870967742
,,1.0,,,,2012-11-26T02:13:25Z,ls7,qd9y10dw50vt,,,
0.02428571428571429,0.7414285714285713,0.36363636363636365,0.22500000000000006,0.0,0.0,2012-12-21T02:07:22Z,ls7,qd9y10dw50vt,0.22710886806056244,0.7483777937995674,0.02451333813987023
0.025000000000000005,0.7600000000000001,0.7272727272727273,0.205,0.0,0.0,2013-01-22T02:07:25Z,ls7,qd9y10dw50vt,0.20707070707070704,0.7676767676767677,0.025252525252525256
0.08000000000000002,0.652,0.31818181818181823,0.2573333333333334,0.0,0.0,2013-01-29T02:13:37Z,ls7,qd9y10dw50vt,0.26010781671159033,0.6590296495956873,0.08086253369272238
0.09090909090909091,0.7027272727272728,0.5,0.19272727272727275,0.0,0.0,2013-02-07T02:07:27Z,ls7,qd9y10dw50vt,0.19539170506912443,0.712442396313364,0.09216589861751151
,,1.0,,,,2013-02-14T02:13:37Z,ls7,qd9y10dw50vt,,,
0.02666666666666667,0.7483333333333334,0.7272727272727273,0.21166666666666667,0.0,0.0,2013-02-23T02:07:24Z,ls7,qd9y10dw50vt,0.21452702702702703,0.758445945945946,0.02702702702702703
0.03,0.8333333333333334,0.7272727272727273,0.12666666666666668,0.0,0.0,2013-03-02T02:13:34Z,ls7,qd9y10dw50vt,0.12794612794612795,0.8417508417508417,0.0303030303030303
,,1.0,,,,2013-03-11T02:07:23Z,ls7,qd9y10dw50vt,,,
0.03,0.6866666666666666,0.7272727272727273,0.27499999999999997,0.0,0.0,2013-03-18T02:13:32Z,ls7,qd9y10dw50vt,0.27731092436974786,0.692436974789916,0.03025210084033613
0.013888888888888888,0.7222222222222222,0.18181818181818177,0.25555555555555565,0.0,0.0,2013-03-27T02:07:16Z,ls7,qd9y10dw50vt,0.2577030812324931,0.7282913165266106,0.014005602240896357
0.0,0.79,0.9545454545454546,0.2,0.0,0.0,2013-04-03T02:13:28Z,ls7,qd9y10dw50vt,0.20202020202020204,0.797979797979798,0.0
0.038181818181818185,0.7190909090909092,0.0,0.23227272727272733,0.0,0.0,2013-04-06T02:17:40Z,ls8,qd9y10dw50vt,0.2347266881028939,0.7266881028938906,0.03858520900321543
0.024090909090909093,0.7254545454545455,0.0,0.24181818181818182,0.0,0.0,2013-04-20T02:13:02Z,ls8,qd9y10dw50vt,0.24392480513525908,0.7317744154057771,0.02430077945896378
0.03272727272727272,0.6918181818181818,0.5,0.26727272727272733,0.0,0.0,2013-04-28T02:07:09Z,ls7,qd9y10dw50vt,0.26947754353803854,0.6975252062328139,0.03299725022914757
,,1.0,,,,2013-05-05T02:13:19Z,ls7,qd9y10dw50vt,,,
,,1.0,,,,2013-05-06T02:13:04Z,ls8,qd9y10dw50vt,,,
,,1.0,,,,2013-05-13T02:19:22Z,ls8,qd9y10dw50vt,,,
,,1.0,,,,2013-05-14T02:07:07Z,ls7,qd9y10dw50vt,,,
0.055714285714285716,0.7071428571428572,0.6818181818181819,0.22714285714285712,0.0,0.0,2013-05-21T02:13:16Z,ls7,qd9y10dw50vt,0.2294372294372294,0.7142857142857143,0.05627705627705628
0.07590909090909091,0.6677272727272727,0.0,0.24545454545454543,0.0,0.0,2013-05-22T02:13:16Z,ls8,qd9y10dw50vt,0.24816176470588233,0.675091911764706,0.07674632352941177
0.07045454545454545,0.6718181818181818,0.0,0.24772727272727277,0.0,0.0,2013-06-07T02:13:16Z,ls8,qd9y10dw50vt,0.25022956841138666,0.6786042240587694,0.07116620752984389
0.04833333333333334,0.6633333333333333,0.7272727272727273,0.28333333333333327,0.0,0.0,2013-06-15T02:06:54Z,ls7,qd9y10dw50vt,0.2847571189279732,0.6666666666666667,0.04857621440536015
0.2,0.545,0.36363636363636365,0.24428571428571424,0.0,0.0,2013-06-22T02:13:02Z,ls7,qd9y10dw50vt,0.24693140794223822,0.5509025270758123,0.20216606498194947
,,1.0,,,,2013-06-23T02:13:09Z,ls8,qd9y10dw50vt,,,
0.12476190476190474,0.6147619047619047,0.045454545454545414,0.24761904761904757,0.0,0.0,2013-06-30T02:18:59Z,ls8,qd9y10dw50vt,0.25084418716835505,0.6227689339122046,0.12638687891944042
0.08928571428571429,0.6235714285714286,0.36363636363636365,0.275,0.0,0.0,2013-07-01T02:06:46Z,ls7,qd9y10dw50vt,0.27838033261026757,0.631236442516269,0.09038322487346348
0.10049999999999999,0.6125,0.09090909090909094,0.2765000000000001,0.0,0.0,2013-07-08T02:12:51Z,ls7,qd9y10dw50vt,0.27943405760485096,0.6189994946942899,0.101566447700859
,,1.0,,,,2013-07-09T02:13:14Z,ls8,qd9y10dw50vt,,,
,,1.0,,,,2013-07-16T02:19:00Z,ls8,qd9y10dw50vt,,,
0.11045454545454546,0.4390909090909091,0.0,0.21636363636363634,0.09090909090909091,0.13636363636363635,2013-07-17T02:06:37Z,ls7,qd9y10dw50vt,0.21828972214728892,0.4429997302400864,0.1114378203398975
0.10590909090909091,0.6131818181818182,0.0,0.2690909090909091,0.0,0.0,2013-07-25T02:13:13Z,ls8,qd9y10dw50vt,0.27230910763569455,0.6205151793928242,0.10717571297148114
,,1.0,,,,2013-08-01T02:19:01Z,ls8,qd9y10dw50vt,,,
0.09,0.6540909090909092,0.0,0.24590909090909097,0.0,0.0,2013-08-02T02:06:29Z,ls7,qd9y10dw50vt,0.24839302112029388,0.6606978879706152,0.0909090909090909
,,1.0,,,,2013-08-10T02:13:15Z,ls8,qd9y10dw50vt,,,
,,1.0,,,,2013-08-17T02:19:02Z,ls8,qd9y10dw50vt,,,
,,1.0,,,,2013-08-18T02:06:33Z,ls7,qd9y10dw50vt,,,
0.10636363636363638,0.6249999999999999,0.0,0.25772727272727275,0.0,0.0,2013-08-26T02:13:17Z,ls8,qd9y10dw50vt,0.2605698529411765,0.6318933823529411,0.10753676470588237
0.11625000000000002,0.39375,0.6363636363636364,0.23500000000000001,0.125,0.125,2013-09-02T02:19:28Z,ls8,qd9y10dw50vt,0.23657718120805368,0.39639261744966436,0.11703020134228187
,,1.0,,,,2013-09-11T02:13:15Z,ls8,qd9y10dw50vt,,,
0.08363636363636363,0.49454545454545457,0.0,0.2331818181818182,0.09090909090909091,0.09090909090909091,2013-09-19T02:06:55Z,ls7,qd9y10dw50vt,0.23514132925897632,0.49870129870129865,0.08433919022154315
0.04727272727272727,0.6590909090909091,0.0,0.2822727272727273,0.0,0.0,2013-09-27T02:13:06Z,ls8,qd9y10dw50vt,0.28551724137931034,0.6666666666666666,0.047816091954022984
,,1.0,,,,2013-10-04T02:18:54Z,ls8,qd9y10dw50vt,,,
0.030000000000000002,0.35888888888888887,0.5909090909090908,0.1622222222222222,0.3333333333333333,0.1111111111111111,2013-10-05T02:07:07Z,ls7,qd9y10dw50vt,0.16353046594982076,0.3617831541218638,0.030241935483870972
0.04136363636363637,0.6531818181818181,0.0,0.29636363636363633,0.0,0.0,2013-10-13T02:13:07Z,ls8,qd9y10dw50vt,0.2990825688073394,0.6591743119266055,0.041743119266055055
,,1.0,,,,2013-10-20T02:19:14Z,ls8,qd9y10dw50vt,,,
0.032857142857142856,0.65,0.6818181818181819,0.31,0.0,0.0,2013-10-21T02:07:17Z,ls7,qd9y10dw50vt,0.3122302158273382,0.6546762589928058,0.033093525179856115
0.03363636363636364,0.6718181818181818,0.0,0.2836363636363637,0.0,0.0,2013-10-29T02:12:57Z,ls8,qd9y10dw50vt,0.286764705882353,0.6792279411764705,0.03400735294117647
0.029545454545454545,0.694090909090909,0.0,0.26727272727272733,0.0,0.0,2013-11-05T02:18:46Z,ls8,qd9y10dw50vt,0.2697247706422019,0.7004587155963302,0.02981651376146789
0.027727272727272732,0.6950000000000001,0.0,0.2704545454545455,0.0,0.0,2013-11-06T02:07:22Z,ls7,qd9y10dw50vt,0.2723112128146453,0.6997711670480549,0.027917620137299773
0.047058823529411764,0.6294117647058824,0.2272727272727273,0.3129411764705883,0.0,0.0,2013-11-13T02:13:36Z,ls7,qd9y10dw50vt,0.3162901307966706,0.6361474435196195,0.047562425683709865
0.02909090909090909,0.7009090909090909,0.0,0.2595454545454546,0.0,0.0,2013-11-14T02:12:57Z,ls8,qd9y10dw50vt,0.26228755167661927,0.7083141938447405,0.02939825447864033
0.024545454545454547,0.73,0.0,0.23545454545454544,0.0,0.0,2013-11-21T02:19:02Z,ls8,qd9y10dw50vt,0.23783287419651056,0.7373737373737373,0.024793388429752067
0.0025,0.36,0.8181818181818181,0.135,0.0,0.5,2013-11-22T02:07:27Z,ls7,qd9y10dw50vt,0.135678391959799,0.36180904522613067,0.002512562814070352
0.023181818181818182,0.7086363636363638,0.0,0.2590909090909091,0.0,0.0,2013-11-30T02:12:52Z,ls8,qd9y10dw50vt,0.2614678899082568,0.7151376146788991,0.02339449541284403
,,1.0,,,,2013-12-08T02:07:35Z,ls7,qd9y10dw50vt,,,
0.06476190476190477,0.6485714285714286,0.045454545454545414,0.27476190476190476,0.0,0.0,2013-12-15T02:13:45Z,ls7,qd9y10dw50vt,0.2780722891566265,0.6563855421686747,0.0655421686746988
,,1.0,,,,2013-12-16T02:12:46Z,ls8,qd9y10dw50vt,,,
0.051000000000000004,0.7085,0.09090909090909094,0.22999999999999998,0.0,0.0,2013-12-23T02:18:52Z,ls8,qd9y10dw50vt,0.23244062657908032,0.7160181910055583,0.05154118241536129
0.029285714285714286,0.7514285714285714,0.36363636363636365,0.21142857142857144,0.0,0.0,2013-12-24T02:07:37Z,ls7,qd9y10dw50vt,0.2131029517638589,0.7573794096472283,0.02951763858891289
0.03285714285714286,0.7280952380952381,0.045454545454545414,0.22904761904761908,0.0,0.0,2014-01-08T02:18:43Z,ls8,qd9y10dw50vt,0.2313612313612314,0.7354497354497355,0.03318903318903319
0.007272727272727273,0.78,0.0,0.20409090909090913,0.0,0.0,2014-01-09T02:07:40Z,ls7,qd9y10dw50vt,0.20586886749197617,0.7867950481430536,0.007336084364970197
0.035454545454545454,0.739090909090909,0.0,0.2159090909090909,0.0,0.0,2014-01-17T02:12:23Z,ls8,qd9y10dw50vt,0.21798990362551632,0.7462138595686094,0.03579623680587426
0.002857142857142857,0.7335714285714285,0.36363636363636365,0.2557142857142857,0.0,0.0,2014-01-25T02:08:00Z,ls7,qd9y10dw50vt,0.257739380849532,0.7393808495320373,0.0028797696184305254
0.03681818181818182,0.7263636363636364,0.0,0.22681818181818178,0.0,0.0,2014-02-02T02:12:17Z,ls8,qd9y10dw50vt,0.22910927456381996,0.7337006427915519,0.03719008264462809
0.0790909090909091,0.6890909090909091,0.0,0.21954545454545454,0.0,0.0,2014-02-09T02:18:21Z,ls8,qd9y10dw50vt,0.22227335480901977,0.6976530142659917,0.0800736309249885
0.08,0.654,0.7727272727272727,0.256,0.0,0.0,2014-02-10T02:08:05Z,ls7,qd9y10dw50vt,0.2585858585858586,0.6606060606060606,0.08080808080808081
0.07590909090909091,0.7268181818181818,0.0,0.19045454545454546,0.0,0.0,2014-02-18T02:12:04Z,ls8,qd9y10dw50vt,0.19176201372997712,0.7318077803203661,0.07643020594965676
0.05727272727272728,0.7109090909090909,0.0,0.2218181818181818,0.0,0.0,2014-02-25T02:18:08Z,ls8,qd9y10dw50vt,0.22405876951331496,0.7180899908172635,0.057851239669421496
0.051428571428571435,0.7314285714285714,0.045454545454545414,0.2095238095238095,0.0,0.0,2014-02-26T02:07:57Z,ls7,qd9y10dw50vt,0.2111324376199616,0.7370441458733206,0.05182341650671786
0.068,0.7173333333333333,0.31818181818181823,0.20400000000000001,0.0,0.0,2014-03-05T02:14:12Z,ls7,qd9y10dw50vt,0.20619946091644206,0.7250673854447438,0.06873315363881402
0.060000000000000005,0.7027272727272728,0.0,0.22681818181818184,0.0,0.0,2014-03-06T02:11:48Z,ls8,qd9y10dw50vt,0.22921451538814883,0.7101515847496555,0.06063389986219568
,,1.0,,,,2014-03-13T02:17:33Z,ls8,qd9y10dw50vt,,,
,,1.0,,,,2014-03-14T02:08:05Z,ls7,qd9y10dw50vt,,,
0.057272727272727274,0.6909090909090909,0.5,0.24000000000000002,0.0,0.0,2014-03-21T02:14:20Z,ls7,qd9y10dw50vt,0.2428702851885925,0.6991720331186753,0.05795768169273229
,,1.0,,,,2014-03-22T02:11:38Z,ls8,qd9y10dw50vt,,,
0.021363636363636366,0.6918181818181819,0.0,0.2745454545454545,0.0,0.0,2014-04-07T02:11:23Z,ls8,qd9y10dw50vt,0.2779567418315692,0.7004141739530604,0.021629084215370457
0.02727272727272728,0.700909090909091,0.0,0.2599999999999999,0.0,0.0,2014-04-14T02:17:01Z,ls8,qd9y10dw50vt,0.2631094756209751,0.7092916283348667,0.02759889604415824
0.028000000000000004,0.736,0.5454545454545454,0.227,0.0,0.0,2014-04-15T02:08:18Z,ls7,qd9y10dw50vt,0.22906155398587286,0.7426841574167508,0.02825428859737639
0.030625,0.67875,0.2727272727272727,0.28250000000000003,0.0,0.0,2014-04-22T02:14:35Z,ls7,qd9y10dw50vt,0.2848141146817896,0.6843100189035917,0.03087586641461878
,,1.0,,,,2014-04-23T02:11:07Z,ls8,qd9y10dw50vt,,,
0.02863636363636364,0.7086363636363638,0.0,0.2531818181818182,0.0,0.0,2014-05-01T02:08:27Z,ls7,qd9y10dw50vt,0.2556218448829738,0.7154658100045893,0.028912345112436896
0.09681818181818182,0.6518181818181819,0.0,0.2427272727272727,0.0,0.0,2014-05-09T02:10:51Z,ls8,qd9y10dw50vt,0.24484181568088031,0.657496561210454,0.09766162310866575
0.06681818181818183,0.6545454545454544,0.0,0.2659090909090909,0.0,0.0,2014-05-16T02:16:33Z,ls8,qd9y10dw50vt,0.26933701657458564,0.6629834254143646,0.06767955801104975
0.0938888888888889,0.6288888888888889,0.18181818181818177,0.26611111111111113,0.0,0.0,2014-05-17T02:08:34Z,ls7,qd9y10dw50vt,0.26910112359550564,0.6359550561797753,0.0949438202247191
,,1.0,,,,2014-05-25T02:10:45Z,ls8,qd9y10dw50vt,,,
0.007272727272727273,0.02909090909090909,0.0,0.009090909090909092,0.045454545454545456,0.9090909090909091,2014-06-01T02:17:01Z,ls8,qd9y10dw50vt,0.009090909090909106,0.029090909090909136,0.007272727272727284
0.1375,0.57125,0.6363636363636364,0.27625,0.0,0.0,2014-06-02T02:08:38Z,ls7,qd9y10dw50vt,0.28045685279187815,0.5799492385786802,0.13959390862944163
,,1.0,,,,2014-06-10T02:10:55Z,ls8,qd9y10dw50vt,,,
,,1.0,,,,2014-06-17T02:16:44Z,ls8,qd9y10dw50vt,,,
0.095,0.5842857142857144,0.36363636363636365,0.3092857142857143,0.0,0.0,2014-06-18T02:08:38Z,ls7,qd9y10dw50vt,0.31286127167630057,0.5910404624277458,0.09609826589595374
0.09636363636363637,0.610909090909091,0.5,0.28272727272727277,0.0,0.0,2014-06-25T02:14:52Z,ls7,qd9y10dw50vt,0.2855831037649219,0.6170798898071624,0.09733700642791551
,,1.0,,,,2014-06-26T02:10:57Z,ls8,qd9y10dw50vt,,,
0.14500000000000002,0.5504545454545456,0.0,0.29090909090909095,0.0,0.0,2014-07-03T02:16:49Z,ls8,qd9y10dw50vt,0.29493087557603687,0.5580645161290323,0.14700460829493087
,,1.0,,,,2014-07-04T02:08:45Z,ls7,qd9y10dw50vt,,,
0.06333333333333334,0.64,0.8636363636363636,0.2933333333333333,0.0,0.0,2014-07-11T02:14:57Z,ls7,qd9y10dw50vt,0.2943143812709029,0.6421404682274248,0.06354515050167224
0.14045454545454547,0.5618181818181818,0.0,0.2840909090909091,0.0,0.0,2014-07-12T02:11:06Z,ls8,qd9y10dw50vt,0.28801843317972353,0.5695852534562211,0.1423963133640553
0.13818181818181818,0.5722727272727273,0.0,0.27772727272727277,0.0,0.0,2014-07-19T02:16:54Z,ls8,qd9y10dw50vt,0.28104875804967805,0.5791168353265869,0.13983440662373503
0.0,0.0,0.09090909090909094,0.0,0.8,0.2,2014-07-20T02:08:47Z,ls7,qd9y10dw50vt,0.0,0.0,0.0
,,1.0,,,,2014-07-28T02:11:09Z,ls8,qd9y10dw50vt,,,
0.13636363636363635,0.5795454545454546,0.0,0.2722727272727272,0.0,0.0,2014-08-04T02:17:01Z,ls8,qd9y10dw50vt,0.2755289788408463,0.5864765409383625,0.13799448022079117
0.138,0.574,0.5454545454545454,0.275,0.0,0.0,2014-08-05T02:08:53Z,ls7,qd9y10dw50vt,0.27862208713272546,0.5815602836879432,0.13981762917933133
0.10272727272727276,0.6090909090909092,0.0,0.27499999999999997,0.0,0.0,2014-08-13T02:11:18Z,ls8,qd9y10dw50vt,0.2786734223859971,0.6172270842929526,0.10409949332105022
,,1.0,,,,2014-08-20T02:17:06Z,ls8,qd9y10dw50vt,,,
0.11909090909090908,0.535909090909091,0.0,0.28727272727272724,0.0,0.045454545454545456,2014-08-21T02:08:52Z,ls7,qd9y10dw50vt,0.29101434021839223,0.5428890935403237,0.12064202078673857
,,1.0,,,,2014-08-28T02:15:02Z,ls7,qd9y10dw50vt,,,
0.0,0.0,0.0,0.0,0.9545454545454546,0.045454545454545456,2014-08-29T02:11:19Z,ls8,qd9y10dw50vt,0.0,0.0,0.0
0.07045454545454545,0.6250000000000001,0.0,0.295,0.0,0.0,2014-09-05T02:17:09Z,ls8,qd9y10dw50vt,0.2978430472693896,0.6310234052317577,0.07113354749885267
0.075,0.615909090909091,0.0,0.29818181818181827,0.0,0.0,2014-09-14T02:11:23Z,ls8,qd9y10dw50vt,0.30147058823529416,0.6227022058823529,0.07582720588235292
,,1.0,,,,2014-09-22T02:08:58Z,ls7,qd9y10dw50vt,,,
0.06636363636363636,0.6154545454545454,0.0,0.3068181818181818,0.0,0.0,2014-09-30T02:11:23Z,ls8,qd9y10dw50vt,0.3103448275862069,0.6225287356321839,0.0671264367816092
0.06818181818181818,0.62,0.0,0.30045454545454553,0.0,0.0,2014-10-07T02:17:37Z,ls8,qd9y10dw50vt,0.30390804597701154,0.6271264367816091,0.0689655172413793
0.047499999999999994,0.675,0.6363636363636364,0.26875,0.0,0.0,2014-10-08T02:09:11Z,ls7,qd9y10dw50vt,0.27112232030264816,0.6809583858764187,0.047919293820933156
0.185,0.485,0.8181818181818181,0.315,0.0,0.0,2014-10-15T02:15:23Z,ls7,qd9y10dw50vt,0.31979695431472077,0.4923857868020304,0.1878172588832487
,,1.0,,,,2014-10-16T02:11:28Z,ls8,qd9y10dw50vt,,,
0.024545454545454547,0.6377272727272727,0.0,0.32681818181818184,0.0,0.0,2014-10-23T02:17:15Z,ls8,qd9y10dw50vt,0.3304227941176471,0.6447610294117646,0.024816176470588237
0.02214285714285714,0.695,0.36363636363636365,0.2742857142857143,0.0,0.0,2014-10-24T02:09:20Z,ls7,qd9y10dw50vt,0.276657060518732,0.7010086455331411,0.0223342939481268
0.04000000000000001,0.6677272727272727,0.0,0.2809090909090909,0.0,0.0,2014-11-01T02:11:25Z,ls8,qd9y10dw50vt,0.2841379310344827,0.6754022988505747,0.040459770114942534
0.04000000000000001,0.685,0.0,0.26545454545454555,0.0,0.0,2014-11-08T02:17:15Z,ls8,qd9y10dw50vt,0.2680128499311611,0.6916016521340063,0.04038549793483249
0.03409090909090909,0.6913636363636364,0.0,0.2654545454545454,0.0,0.0,2014-11-09T02:09:29Z,ls7,qd9y10dw50vt,0.2678899082568807,0.6977064220183486,0.034403669724770644
0.03318181818181819,0.6972727272727273,0.0,0.25909090909090904,0.0,0.0,2014-11-17T02:11:26Z,ls8,qd9y10dw50vt,0.2618282039503904,0.7046394120349104,0.033532384014699136
0.04500000000000001,0.7086363636363637,0.0,0.23545454545454547,0.0,0.0,2014-11-24T02:17:36Z,ls8,qd9y10dw50vt,0.23805147058823528,0.7164522058823529,0.04549632352941177
0.05,0.7036363636363636,0.0,0.23772727272727276,0.0,0.0,2014-11-25T02:09:32Z,ls7,qd9y10dw50vt,0.23979825767996332,0.7097661623108665,0.0504355800091701
0.039999999999999994,0.6782352941176469,0.2272727272727273,0.2711764705882353,0.0,0.0,2014-12-03T02:11:25Z,ls8,qd9y10dw50vt,0.27407847800237817,0.6854934601664685,0.04042806183115339
0.05272727272727274,0.6954545454545454,0.0,0.2386363636363636,0.0,0.0,2014-12-10T02:17:31Z,ls8,qd9y10dw50vt,0.24182404421925374,0.7047443574389682,0.053431598341778
0.04090909090909091,0.73,0.0,0.21909090909090903,0.0,0.0,2014-12-11T02:09:39Z,ls7,qd9y10dw50vt,0.22130394857667582,0.7373737373737375,0.041322314049586785
0.040909090909090916,0.7245454545454546,0.0,0.2245454545454546,0.0,0.0,2014-12-19T02:11:22Z,ls8,qd9y10dw50vt,0.2268135904499541,0.7318640955004592,0.04132231404958678
0.07,0.7054545454545456,0.0,0.2136363636363636,0.0,0.0,2014-12-26T02:17:31Z,ls8,qd9y10dw50vt,0.21599264705882346,0.7132352941176471,0.07077205882352941
0.037,0.757,0.5454545454545454,0.197,0.0,0.0,2014-12-27T02:09:46Z,ls7,qd9y10dw50vt,0.1987891019172553,0.763874873864783,0.03733602421796165
0.049090909090909095,0.7186363636363636,0.0,0.2218181818181818,0.0,0.0,2015-01-04T02:11:17Z,ls8,qd9y10dw50vt,0.22416169039963252,0.7262287551676619,0.049609554432705566
0.07181818181818184,0.7149999999999999,0.0,0.20272727272727273,0.0,0.0,2015-01-11T02:17:28Z,ls8,qd9y10dw50vt,0.20486908589802483,0.7225539733578318,0.07257694074414334
0.07823529411764707,0.7070588235294119,0.2272727272727273,0.20588235294117646,0.0,0.0,2015-01-12T02:09:49Z,ls7,qd9y10dw50vt,0.20771513353115723,0.713353115727003,0.07893175074183977
0.07,0.6804545454545454,0.0,0.23681818181818182,0.0,0.0,2015-01-19T02:15:58Z,ls7,qd9y10dw50vt,0.23987108655616943,0.6892265193370165,0.070902394106814
0.07863636363636364,0.7050000000000001,0.0,0.20681818181818182,0.0,0.0,2015-01-20T02:11:13Z,ls8,qd9y10dw50vt,0.2088113813675998,0.7117944011014228,0.07939421753097751
0.055454545454545465,0.7372727272727274,0.0,0.1959090909090909,0.0,0.0,2015-01-27T02:16:58Z,ls8,qd9y10dw50vt,0.19816091954022985,0.7457471264367816,0.056091954022988506
0.03636363636363637,0.7595454545454544,0.0,0.195,0.0,0.0,2015-01-28T02:09:53Z,ls7,qd9y10dw50vt,0.19678899082568813,0.7665137614678899,0.03669724770642203
0.025454545454545455,0.7004545454545454,0.0,0.26227272727272727,0.0,0.0,2015-02-05T02:11:10Z,ls8,qd9y10dw50vt,0.265409383624655,0.7088316467341307,0.025758969641214352
0.05818181818181818,0.6936363636363636,0.0,0.23636363636363636,0.0,0.0,2015-02-21T02:11:03Z,ls8,qd9y10dw50vt,0.23919043238270468,0.701931922723091,0.05887764489420423
0.10454545454545455,0.6681818181818182,0.0,0.21409090909090908,0.0,0.0,2015-02-28T02:16:48Z,ls8,qd9y10dw50vt,0.21695071395670198,0.6771073238139107,0.10594196222938738
0.05000000000000002,0.6922727272727274,0.0,0.24590909090909097,0.0,0.0,2015-03-09T02:10:54Z,ls8,qd9y10dw50vt,0.24885004599816007,0.7005519779208831,0.050597976080956765
0.020666666666666663,0.6626666666666666,0.31818181818181823,0.306,0.0,0.0,2015-03-16T02:17:01Z,ls8,qd9y10dw50vt,0.3092991913746631,0.669811320754717,0.020889487870619946
,,1.0,,,,2015-03-17T02:10:13Z,ls7,qd9y10dw50vt,,,
0.06666666666666667,0.6566666666666666,0.7272727272727273,0.26666666666666666,0.0,0.0,2015-03-24T02:16:28Z,ls7,qd9y10dw50vt,0.26936026936026936,0.6632996632996633,0.06734006734006734
0.06090909090909091,0.6840909090909091,0.0,0.24363636363636365,0.0,0.0,2015-03-25T02:10:46Z,ls8,qd9y10dw50vt,0.2464367816091954,0.6919540229885057,0.06160919540229885
0.040454545454545465,0.6822727272727273,0.0,0.2659090909090909,0.0,0.0,2015-04-01T02:16:50Z,ls8,qd9y10dw50vt,0.2689655172413793,0.6901149425287357,0.040919540229885074
0.035,0.7144999999999999,0.09090909090909094,0.242,0.0,0.0,2015-04-02T02:10:19Z,ls7,qd9y10dw50vt,0.24407463439233484,0.7206253151790216,0.035300050428643474
,,1.0,,,,2015-04-10T02:10:36Z,ls8,qd9y10dw50vt,,,
0.05545454545454545,0.6677272727272727,0.0,0.26636363636363636,0.0,0.0,2015-04-17T02:16:48Z,ls8,qd9y10dw50vt,0.2691777675700505,0.6747818098300413,0.05604042259990813
0.03142857142857143,0.7185714285714286,0.6818181818181819,0.24428571428571427,0.0,0.0,2015-04-18T02:10:28Z,ls7,qd9y10dw50vt,0.24568965517241376,0.7227011494252874,0.031609195402298854
0.09954545454545455,0.6718181818181819,0.0,0.21909090909090906,0.0,0.0,2015-04-26T02:10:33Z,ls8,qd9y10dw50vt,0.22120238641578702,0.6782927948600276,0.1005048187241854
0.06136363636363638,0.6718181818181819,0.0,0.25500000000000006,0.0,0.0,2015-05-03T02:16:13Z,ls8,qd9y10dw50vt,0.2580496780128795,0.6798528058877644,0.06209751609935603
,,1.0,,,,2015-05-04T02:10:34Z,ls7,qd9y10dw50vt,,,
0.08545454545454546,0.6572727272727273,0.0,0.24772727272727277,0.0,0.0,2015-05-11T02:16:49Z,ls7,qd9y10dw50vt,0.25011473152822394,0.6636071592473611,0.08627810922441487
0.05954545454545456,0.6745454545454547,0.0,0.25409090909090915,0.0,0.0,2015-05-12T02:10:17Z,ls8,qd9y10dw50vt,0.25712971481140756,0.6826126954921803,0.06025758969641215
,,1.0,,,,2015-05-19T02:16:27Z,ls8,qd9y10dw50vt,,,
0.07636363636363636,0.6427272727272727,0.0,0.2731818181818182,0.0,0.0,2015-05-20T02:10:42Z,ls7,qd9y10dw50vt,0.27530920751259735,0.6477324782409528,0.07695831424644983
0.03818181818181818,0.7281818181818182,0.5,0.22636363636363635,0.0,0.0,2015-05-27T02:16:53Z,ls7,qd9y10dw50vt,0.22802197802197802,0.7335164835164836,0.03846153846153846
0.08272727272727275,0.650909090909091,0.0,0.2545454545454545,0.0,0.0,2015-05-28T02:10:19Z,ls8,qd9y10dw50vt,0.25758969641214347,0.6586936522539099,0.08371665133394665
0.05863636363636364,0.6518181818181819,0.0,0.2781818181818182,0.0,0.0,2015-06-04T02:16:11Z,ls8,qd9y10dw50vt,0.2813793103448276,0.6593103448275862,0.05931034482758621
0.00411764705882353,0.7270588235294118,0.2272727272727273,0.2617647058823529,0.0,0.0,2015-06-05T02:10:48Z,ls7,qd9y10dw50vt,0.26362559241706157,0.7322274881516587,0.004146919431279621
0.06590909090909092,0.6572727272727273,0.0,0.26590909090909093,0.0,0.0,2015-06-13T02:10:31Z,ls8,qd9y10dw50vt,0.26884191176470584,0.6645220588235293,0.0666360294117647
0.0,0.0,0.0,0.0,0.18181818181818182,0.8181818181818182,2015-06-20T02:16:44Z,ls8,qd9y10dw50vt,0.0,0.0,0.0
0.08681818181818182,0.6590909090909091,0.0,0.24227272727272728,0.0,0.0,2015-06-28T02:17:03Z,ls7,qd9y10dw50vt,0.24517019319227232,0.6669733210671573,0.08785648574057038
0.1,0.6327272727272727,0.0,0.25363636363636366,0.0,0.0,2015-06-29T02:10:37Z,ls8,qd9y10dw50vt,0.2571428571428572,0.6414746543778802,0.10138248847926268
0.09272727272727273,0.6454545454545455,0.0,0.25000000000000006,0.0,0.0,2015-07-06T02:16:53Z,ls8,qd9y10dw50vt,0.2529898804047838,0.6531738730450782,0.09383624655013799
0.11777777777777779,0.6044444444444446,0.18181818181818177,0.26555555555555554,0.0,0.0,2015-07-07T02:10:56Z,ls7,qd9y10dw50vt,0.2688413948256468,0.6119235095613049,0.11923509561304836
0.09681818181818183,0.6418181818181818,0.0,0.24909090909090906,0.0,0.0,2015-07-15T02:10:47Z,ls8,qd9y10dw50vt,0.25218591808559593,0.6497929130234699,0.09802116889093421
,,1.0,,,,2015-07-22T02:16:36Z,ls8,qd9y10dw50vt,,,
0.0,0.0,0.0,0.0,1.0,0.0,2015-08-07T02:16:39Z,ls8,qd9y10dw50vt,0.0,0.0,0.0
,,1.0,,,,2015-08-08T02:11:03Z,ls7,qd9y10dw50vt,,,
0.06499999999999999,0.635,0.4545454545454546,0.29083333333333333,0.0,0.0,2015-08-15T02:17:16Z,ls7,qd9y10dw50vt,0.29352396972245587,0.6408746846089152,0.0656013456686291
,,1.0,,,,2015-08-16T02:10:57Z,ls8,qd9y10dw50vt,,,
0.12818181818181817,0.38909090909090904,0.0,0.20136363636363638,0.09090909090909091,0.18181818181818182,2015-08-23T02:17:11Z,ls8,qd9y10dw50vt,0.20378356621240873,0.3937668909205911,0.12972227013972742
0.14409090909090908,0.5772727272727272,0.0,0.26818181818181813,0.0,0.0,2015-08-24T02:11:05Z,ls7,qd9y10dw50vt,0.27101515847496555,0.5833716123105191,0.14561322921451542
,,1.0,,,,2015-09-01T02:11:03Z,ls8,qd9y10dw50vt,,,
0.10136363636363636,0.63,0.0,0.25772727272727275,0.0,0.0,2015-09-08T02:17:17Z,ls8,qd9y10dw50vt,0.2605698529411765,0.6369485294117647,0.10248161764705883
0.035555555555555556,0.7133333333333334,0.5909090909090908,0.24333333333333332,0.0,0.0,2015-09-09T02:11:08Z,ls7,qd9y10dw50vt,0.24524076147816348,0.7189249720044794,0.03583426651735722
0.075,0.6418181818181818,0.0,0.2722727272727273,0.0,0.0,2015-09-17T02:11:11Z,ls8,qd9y10dw50vt,0.2752757352941177,0.6488970588235294,0.07582720588235295
0.07363636363636362,0.6472727272727273,0.0,0.2690909090909091,0.0,0.0,2015-09-24T02:17:24Z,ls8,qd9y10dw50vt,0.27180899908172634,0.6538108356290174,0.07438016528925617
0.021818181818181816,0.7013636363636363,0.0,0.2690909090909091,0.0,0.0,2015-09-25T02:11:12Z,ls7,qd9y10dw50vt,0.2711864406779661,0.7068254695373338,0.021988089784699953
,,1.0,,,,2015-10-03T02:11:15Z,ls8,qd9y10dw50vt,,,
0.03772727272727273,0.6904545454545454,0.0,0.2622727272727272,0.0,0.0,2015-10-10T02:17:02Z,ls8,qd9y10dw50vt,0.2648003671408903,0.6971087654887563,0.03809086737035337
,,1.0,,,,2015-10-11T02:11:21Z,ls7,qd9y10dw50vt,,,
0.022272727272727274,0.6704545454545455,0.0,0.2963636363636364,0.0,0.0,2015-10-19T02:11:17Z,ls8,qd9y10dw50vt,0.29963235294117646,0.6778492647058824,0.022518382352941176
0.03863636363636364,0.6968181818181818,0.0,0.25363636363636366,0.0,0.0,2015-10-26T02:17:30Z,ls8,qd9y10dw50vt,0.2564338235294118,0.7045036764705882,0.03906250000000001
,,1.0,,,,2015-10-27T02:11:38Z,ls7,qd9y10dw50vt,,,
0.037727272727272734,0.6863636363636363,0.0,0.2640909090909091,0.0,0.0,2015-11-04T02:11:21Z,ls8,qd9y10dw50vt,0.2672493100275989,0.6945722171113154,0.03817847286108556
0.035,0.7086363636363636,0.0,0.24636363636363637,0.0,0.0,2015-11-11T02:17:31Z,ls8,qd9y10dw50vt,0.24885215794306703,0.7157943067033976,0.03535353535353536
0.065,0.697,0.09090909090909094,0.23049999999999998,0.0,0.0,2015-11-12T02:11:54Z,ls7,qd9y10dw50vt,0.23224181360201512,0.7022670025188917,0.06549118387909321
0.04863636363636365,0.7072727272727272,0.0,0.23272727272727278,0.0,0.0,2015-11-20T02:11:23Z,ls8,qd9y10dw50vt,0.23540229885057476,0.7154022988505746,0.04919540229885059
,,1.0,,,,2015-11-27T02:17:10Z,ls8,qd9y10dw50vt,,,
,,1.0,,,,2015-11-28T02:12:07Z,ls7,qd9y10dw50vt,,,
0.065,0.655,0.9090909090909091,0.27,0.0,0.0,2015-12-06T02:11:22Z,ls8,qd9y10dw50vt,0.27272727272727276,0.6616161616161617,0.06565656565656566
0.030909090909090917,0.7331818181818183,0.0,0.22636363636363638,0.0,0.0,2015-12-13T02:17:32Z,ls8,qd9y10dw50vt,0.2285452042221202,0.7402478201009637,0.03120697567691602
0.027727272727272732,0.7431818181818183,0.0,0.22000000000000003,0.0,0.0,2015-12-14T02:12:24Z,ls7,qd9y10dw50vt,0.2220183486238532,0.75,0.02798165137614679
0.035454545454545454,0.7431818181818183,0.0,0.2127272727272727,0.0,0.0,2015-12-22T02:11:23Z,ls8,qd9y10dw50vt,0.21458046767537822,0.749656121045392,0.03576341127922971
0.017727272727272727,0.7613636363636364,0.0,0.21409090909090908,0.0,0.0,2015-12-30T02:12:36Z,ls7,qd9y10dw50vt,0.21556064073226544,0.7665903890160183,0.017848970251716247
0.04,0.740909090909091,0.0,0.20909090909090916,0.0,0.0,2016-01-07T02:11:18Z,ls8,qd9y10dw50vt,0.21120293847566576,0.7483930211202937,0.040404040404040394
0.059090909090909104,0.7313636363636363,0.0,0.19863636363636364,0.0,0.0,2016-01-14T02:17:06Z,ls8,qd9y10dw50vt,0.20082720588235295,0.7394301470588236,0.059742647058823546
0.03428571428571429,0.7464285714285713,0.36363636363636365,0.20928571428571427,0.0,0.0,2016-01-15T02:12:52Z,ls7,qd9y10dw50vt,0.21139971139971142,0.753968253968254,0.03463203463203464
0.03590909090909091,0.7200000000000001,0.0,0.23318181818181827,0.0,0.0,2016-01-23T02:11:19Z,ls8,qd9y10dw50vt,0.23575367647058829,0.7279411764705882,0.036305147058823525
0.015454545454545459,0.5936363636363636,0.0,0.16090909090909092,0.0,0.22727272727272727,2016-01-30T02:17:05Z,ls8,qd9y10dw50vt,0.16147901685091767,0.5957389717720296,0.015509284104325428
0.055238095238095246,0.6799999999999999,0.045454545454545414,0.2547619047619048,0.0,0.0,2016-02-07T02:19:16Z,ls7,qd9y10dw50vt,0.2573352573352574,0.6868686868686869,0.05579605579605581
0.04181818181818182,0.7372727272727274,0.0,0.21090909090909093,0.0,0.0,2016-02-08T02:11:15Z,ls8,qd9y10dw50vt,0.21303948576675846,0.7447199265381084,0.04224058769513314
0.04045454545454546,0.7445454545454545,0.0,0.20409090909090907,0.0,0.0,2016-02-15T02:16:57Z,ls8,qd9y10dw50vt,0.20634191176470587,0.7527573529411765,0.040900735294117654
0.055,0.7295454545454546,0.0,0.205,0.0,0.0,2016-02-16T02:13:07Z,ls7,qd9y10dw50vt,0.20716582452916854,0.7372531005971521,0.05558107487367937
0.03615384615384616,0.7084615384615385,0.40909090909090906,0.2423076923076923,0.0,0.0,2016-02-24T02:11:08Z,ls8,qd9y10dw50vt,0.24551831644583005,0.7178487918939984,0.03663289166017148
0.06772727272727273,0.7195454545454545,0.0,0.2031818181818182,0.0,0.0,2016-03-02T02:16:55Z,ls8,qd9y10dw50vt,0.20513997246443325,0.726480036714089,0.06837999082147775
,,1.0,,,,2016-03-03T02:13:13Z,ls7,qd9y10dw50vt,,,
0.14,0.6472727272727273,0.5,0.2,0.0,0.0,2016-03-10T02:19:28Z,ls7,qd9y10dw50vt,0.2025782688766114,0.6556169429097606,0.141804788213628
0.05090909090909091,0.7268181818181817,0.0,0.21181818181818182,0.0,0.0,2016-03-11T02:11:06Z,ls8,qd9y10dw50vt,0.21405604042259996,0.7344970142397795,0.051446945337620585
,,1.0,,,,2016-03-18T02:16:50Z,ls8,qd9y10dw50vt,,,
0.005555555555555556,0.7788888888888889,0.5909090909090908,0.20777777777777778,0.0,0.0,2016-03-19T02:13:21Z,ls7,qd9y10dw50vt,0.2094064949608063,0.7849944008958567,0.005599104143337067
0.04363636363636365,0.7018181818181818,0.0,0.245,0.0,0.0,2016-04-03T02:16:40Z,ls8,qd9y10dw50vt,0.247361174850849,0.7085819183111518,0.044056906837999094
,,1.0,,,,2016-04-04T02:13:24Z,ls7,qd9y10dw50vt,,,
,,1.0,,,,2016-04-19T02:16:58Z,ls8,qd9y10dw50vt,,,
0.04454545454545454,0.7172727272727273,0.5,0.22454545454545458,0.0,0.0,2016-04-20T02:13:33Z,ls7,qd9y10dw50vt,0.22764976958525346,0.7271889400921658,0.045161290322580636
,,1.0,,,,2016-04-28T02:10:48Z,ls8,qd9y10dw50vt,,,
,,1.0,,,,2016-05-05T02:16:38Z,ls8,qd9y10dw50vt,,,
0.094,0.69,0.5454545454545454,0.20600000000000002,0.0,0.0,2016-05-06T02:13:38Z,ls7,qd9y10dw50vt,0.20808080808080812,0.696969696969697,0.09494949494949496
0.056875,0.72125,0.2727272727272727,0.210625,0.0,0.0,2016-05-13T02:19:49Z,ls7,qd9y10dw50vt,0.21302149178255372,0.7294563843236409,0.05752212389380531
,,1.0,,,,2016-05-14T02:10:47Z,ls8,qd9y10dw50vt,,,
,,1.0,,,,2016-05-22T02:13:40Z,ls7,qd9y10dw50vt,,,
0.0940909090909091,0.6713636363636363,0.0,0.22363636363636366,0.0,0.0,2016-05-30T02:10:54Z,ls8,qd9y10dw50vt,0.22610294117647062,0.6787683823529411,0.09512867647058826
,,1.0,,,,2016-06-06T02:16:42Z,ls8,qd9y10dw50vt,,,
0.13545454545454547,0.5754545454545453,0.0,0.27818181818181825,0.0,0.0,2016-06-14T02:19:58Z,ls7,qd9y10dw50vt,0.2812500000000001,0.5818014705882352,0.13694852941176472
,,1.0,,,,2016-06-15T02:10:56Z,ls8,qd9y10dw50vt,,,
0.16181818181818183,0.4309090909090909,0.0,0.2613636363636363,0.0,0.13636363636363635,2016-06-22T02:17:11Z,ls8,qd9y10dw50vt,0.26428467753640716,0.4357249987904592,0.16362668730949734
0.048947368421052635,0.46210526315789463,0.13636363636363635,0.21999999999999997,0.0,0.2631578947368421,2016-06-23T02:13:48Z,ls7,qd9y10dw50vt,0.22174226061915053,0.4657648440756319,0.0493350005683756
0.16055555555555556,0.5938888888888889,0.18181818181818177,0.23333333333333334,0.0,0.0,2016-06-30T02:19:59Z,ls7,qd9y10dw50vt,0.23622047244094485,0.6012373453318335,0.16254218222722158
0.1409090909090909,0.5704545454545455,0.0,0.27636363636363637,0.0,0.0,2016-07-01T02:11:05Z,ls8,qd9y10dw50vt,0.27979751495628163,0.577542567878509,0.14265991716520937
,,1.0,,,,2016-07-08T02:16:55Z,ls8,qd9y10dw50vt,,,
,,1.0,,,,2016-07-09T02:13:48Z,ls7,qd9y10dw50vt,,,
,,1.0,,,,2016-07-17T02:11:12Z,ls8,qd9y10dw50vt,,,
0.1768181818181818,0.3277272727272727,0.0,0.21318181818181825,0.18181818181818182,0.09090909090909091,2016-07-24T02:17:25Z,ls8,qd9y10dw50vt,0.2160170418561806,0.33208590016696404,0.17916978524958252
0.24,0.23,0.2727272727272727,0.20875,0.0625,0.25,2016-07-25T02:13:50Z,ls7,qd9y10dw50vt,0.21144106813996316,0.23296500920810315,0.2430939226519337
0.15727272727272726,0.5413636363636363,0.0,0.2909090909090909,0.0,0.0,2016-08-01T02:20:02Z,ls7,qd9y10dw50vt,0.29398254478640334,0.5470831419384474,0.15893431327514929
0.15681818181818183,0.5595454545454545,0.0,0.2713636363636364,0.0,0.0,2016-08-02T02:11:16Z,ls8,qd9y10dw50vt,0.27473538886332266,0.5664979291302347,0.15876668200644273
,,1.0,,,,2016-08-09T02:17:03Z,ls8,qd9y10dw50vt,,,
0.065,0.63,0.7272727272727273,0.295,0.0,0.0,2016-08-10T02:13:52Z,ls7,qd9y10dw50vt,0.29797979797979796,0.6363636363636364,0.06565656565656566
0.12363636363636363,0.5790909090909092,0.0,0.28681818181818186,0.0,0.0,2016-08-18T02:11:20Z,ls8,qd9y10dw50vt,0.2898484152503445,0.5852090032154341,0.12494258153422137
0.13636363636363635,0.5822727272727274,0.0,0.26954545454545453,0.0,0.0,2016-08-25T02:17:34Z,ls8,qd9y10dw50vt,0.2727690892364305,0.5892364305427783,0.13799448022079114
,,1.0,,,,2016-08-26T02:13:54Z,ls7,qd9y10dw50vt,,,
0.1309090909090909,0.36,0.0,0.22772727272727272,0.09090909090909091,0.18181818181818182,2016-09-03T02:11:26Z,ls8,qd9y10dw50vt,0.23046403312057967,0.364326375711575,0.1324823184405727
,,1.0,,,,2016-09-10T02:17:14Z,ls8,qd9y10dw50vt,,,
0.075625,0.624375,0.2727272727272727,0.28875,0.0,0.0,2016-09-18T02:20:08Z,ls7,qd9y10dw50vt,0.2920353982300885,0.6314791403286979,0.07648546144121365
0.05318181818181818,0.5422727272727272,0.0,0.26045454545454544,0.0,0.13636363636363635,2016-09-19T02:11:28Z,ls8,qd9y10dw50vt,0.2628059672669338,0.5471684449379617,0.05366195143146815
0.0659090909090909,0.6163636363636362,0.0,0.3059090909090909,0.0,0.0,2016-09-26T02:17:15Z,ls8,qd9y10dw50vt,0.30956761729530824,0.6237350505979761,0.06669733210671573
0.0631818181818182,0.6113636363636364,0.0,0.31545454545454543,0.0,0.0,2016-09-27T02:13:59Z,ls7,qd9y10dw50vt,0.31864095500459133,0.6175390266299358,0.06382001836547292
0.002,0.74,0.7727272727272727,0.252,0.0,0.0,2016-10-04T02:20:11Z,ls7,qd9y10dw50vt,0.2535211267605634,0.744466800804829,0.002012072434607646
0.06727272727272728,0.6145454545454546,0.0,0.30818181818181817,0.0,0.0,2016-10-05T02:11:31Z,ls8,qd9y10dw50vt,0.31129476584022037,0.620752984389348,0.06795224977043159
0.06545454545454545,0.6263636363636363,0.0,0.29909090909090913,0.0,0.0,2016-10-12T02:17:20Z,ls8,qd9y10dw50vt,0.30183486238532115,0.6321100917431192,0.06605504587155962
0.021363636363636366,0.67,0.0,0.3027272727272727,0.0,0.0,2016-10-13T02:13:59Z,ls7,qd9y10dw50vt,0.30452674897119336,0.6739826245999087,0.021490626428898037
0.060454545454545455,0.6195454545454546,0.0,0.3095454545454545,0.0,0.0,2016-10-21T02:11:35Z,ls8,qd9y10dw50vt,0.31281580156178224,0.6260909508497933,0.06109324758842443
0.05428571428571429,0.6452380952380953,0.045454545454545414,0.289047619047619,0.0,0.0,2016-10-28T02:17:22Z,ls8,qd9y10dw50vt,0.29238921001926776,0.6526974951830443,0.05491329479768787
0.017727272727272727,0.6781818181818181,0.0,0.29681818181818187,0.0,0.0,2016-10-29T02:13:55Z,ls7,qd9y10dw50vt,0.29899267399267404,0.683150183150183,0.017857142857142856
0.03909090909090909,0.6709090909090908,0.0,0.28,0.0,0.0,2016-11-06T02:11:35Z,ls8,qd9y10dw50vt,0.2828282828282829,0.6776859504132231,0.03948576675849404
0.05090909090909091,0.6695454545454546,0.0,0.26909090909090905,0.0,0.0,2016-11-13T02:17:21Z,ls8,qd9y10dw50vt,0.27193385392742303,0.6766192007349564,0.051446945337620585
0.043333333333333335,0.6766666666666666,0.7272727272727273,0.26999999999999996,0.0,0.0,2016-11-14T02:13:47Z,ls7,qd9y10dw50vt,0.2727272727272727,0.6835016835016836,0.04377104377104378
0.045,0.6804545454545455,0.0,0.26363636363636367,0.0,0.0,2016-11-22T02:11:35Z,ls8,qd9y10dw50vt,0.2665441176470588,0.6879595588235294,0.045496323529411756
0.05454545454545454,0.6900000000000001,0.0,0.2459090909090909,0.0,0.0,2016-11-29T02:17:21Z,ls8,qd9y10dw50vt,0.24827902707664062,0.6966498393758604,0.05507113354749884
0.02,0.7227272727272728,0.5,0.24909090909090906,0.0,0.0,2016-11-30T02:13:45Z,ls7,qd9y10dw50vt,0.2511457378551787,0.7286892758936756,0.02016498625114574
0.05,0.6818181818181818,0.0,0.25772727272727275,0.0,0.0,2016-12-08T02:11:33Z,ls8,qd9y10dw50vt,0.2604501607717042,0.6890215893431327,0.05052824988516307
0.04500000000000001,0.7031818181818181,0.0,0.24181818181818182,0.0,0.0,2016-12-15T02:17:41Z,ls8,qd9y10dw50vt,0.24426078971533519,0.7102846648301193,0.04545454545454547
0.0175,0.7304999999999999,0.09090909090909094,0.244,0.0,0.0,2016-12-16T02:13:40Z,ls7,qd9y10dw50vt,0.2459677419354839,0.7363911290322581,0.01764112903225807
0.03363636363636364,0.724090909090909,0.0,0.23318181818181813,0.0,0.0,2016-12-24T02:11:28Z,ls8,qd9y10dw50vt,0.23532110091743116,0.7307339449541284,0.03394495412844037
0.04500000000000001,0.7168181818181818,0.0,0.22681818181818178,0.0,0.0,2016-12-31T02:17:15Z,ls8,qd9y10dw50vt,0.2294252873563218,0.7250574712643678,0.045517241379310354
0.031363636363636364,0.7322727272727274,0.0,0.2259090909090909,0.0,0.0,2017-01-01T02:13:32Z,ls7,qd9y10dw50vt,0.22829581993569129,0.7400091869545247,0.0316949931097841
0.03909090909090909,0.730909090909091,0.0,0.22,0.0,0.0,2017-01-09T02:11:25Z,ls8,qd9y10dw50vt,0.22222222222222224,0.7382920110192838,0.03948576675849404
0.049999999999999996,0.6900000000000001,0.36363636363636365,0.24714285714285714,0.0,0.0,2017-01-17T02:13:22Z,ls7,qd9y10dw50vt,0.25036179450072354,0.6989869753979739,0.05065123010130245
0.03772727272727274,0.7418181818181818,0.0,0.20863636363636368,0.0,0.0,2017-01-25T02:11:20Z,ls8,qd9y10dw50vt,0.21113155473781053,0.750689972401104,0.03817847286108557
0.023636363636363636,0.7000000000000001,0.0,0.26681818181818184,0.0,0.0,2017-02-01T02:17:04Z,ls8,qd9y10dw50vt,0.2693896282698485,0.7067462138595686,0.023864157870582832
0.024615384615384615,0.6907692307692308,0.40909090909090906,0.27692307692307694,0.0,0.0,2017-02-02T02:13:14Z,ls7,qd9y10dw50vt,0.27906976744186046,0.696124031007752,0.024806201550387597
,,1.0,,,,2017-02-10T02:11:12Z,ls8,qd9y10dw50vt,,,
0.04363636363636365,0.6954545454545454,0.0,0.2504545454545455,0.0,0.0,2017-02-17T02:17:21Z,ls8,qd9y10dw50vt,0.25310059715204414,0.7028020211299953,0.0440973817179605
0.006666666666666666,0.7577777777777778,0.5909090909090908,0.2255555555555556,0.0,0.0,2017-02-18T02:13:13Z,ls7,qd9y10dw50vt,0.22783389450056118,0.7654320987654321,0.006734006734006733
0.055454545454545465,0.6863636363636364,0.0,0.24590909090909097,0.0,0.0,2017-02-26T02:11:07Z,ls8,qd9y10dw50vt,0.24896456511734932,0.6948918545789231,0.05614358030372757
0.062272727272727264,0.6522727272727272,0.0,0.2736363636363636,0.0,0.0,2017-03-05T02:17:14Z,ls8,qd9y10dw50vt,0.2769089236430543,0.6600735970561178,0.06301747930082796
0.0409090909090909,0.6872727272727274,0.0,0.2627272727272727,0.0,0.0,2017-03-06T02:13:21Z,ls7,qd9y10dw50vt,0.265137614678899,0.6935779816513762,0.04128440366972476
,,1.0,,,,2017-03-14T02:10:58Z,ls8,qd9y10dw50vt,,,
,,1.0,,,,2017-03-21T02:16:40Z,ls8,qd9y10dw50vt,,,
0.02,0.66,0.8636363636363636,0.31,0.0,0.0,2017-03-22T02:13:27Z,ls7,qd9y10dw50vt,0.31313131313131315,0.6666666666666667,0.020202020202020204
0.0375,0.74125,0.6363636363636364,0.21375,0.0,0.0,2017-03-29T02:19:39Z,ls7,qd9y10dw50vt,0.21536523929471033,0.7468513853904282,0.037783375314861464
0.08181818181818182,0.6463636363636364,0.0,0.26,0.0,0.0,2017-03-30T02:10:50Z,ls8,qd9y10dw50vt,0.2631094756209752,0.6540938362465502,0.0827966881324747
,,1.0,,,,2017-04-06T02:16:57Z,ls8,qd9y10dw50vt,,,
0.055625,0.6443750000000001,0.2727272727272727,0.28875000000000006,0.0,0.0,2017-04-07T02:13:31Z,ls7,qd9y10dw50vt,0.2920353982300885,0.6517067003792667,0.05625790139064474
0.035454545454545454,0.6690909090909091,0.0,0.2854545454545454,0.0,0.0,2017-04-15T02:10:42Z,ls8,qd9y10dw50vt,0.28833792470156105,0.6758494031221305,0.03581267217630854
0.07863636363636364,0.6540909090909092,0.0,0.255909090909091,0.0,0.0,2017-04-22T02:16:24Z,ls8,qd9y10dw50vt,0.2588505747126437,0.6616091954022989,0.07954022988505746
0.06681818181818182,0.6795454545454546,0.0,0.2413636363636364,0.0,0.0,2017-04-23T02:13:38Z,ls7,qd9y10dw50vt,0.24436263230556837,0.6879889553612518,0.06764841233317993
0.062272727272727264,0.6604545454545456,0.0,0.26636363636363636,0.0,0.0,2017-05-01T02:10:31Z,ls8,qd9y10dw50vt,0.2693014705882352,0.6677389705882354,0.0629595588235294
0.09499999999999999,0.6286363636363635,0.0,0.2640909090909091,0.0,0.0,2017-05-08T02:16:46Z,ls8,qd9y10dw50vt,0.2673722963644731,0.6364473078693051,0.09618039576622181
0.05863636363636364,0.6363636363636364,0.0,0.2927272727272728,0.0,0.0,2017-05-17T02:10:42Z,ls8,qd9y10dw50vt,0.29636447307869307,0.6442705936493327,0.05936493327197423
0.08090909090909092,0.6113636363636364,0.0,0.2940909090909091,0.0,0.0,2017-05-24T02:16:57Z,ls8,qd9y10dw50vt,0.2981566820276498,0.619815668202765,0.08202764976958525
0.07045454545454546,0.6186363636363637,0.0,0.3004545454545455,0.0,0.0,2017-05-25T02:13:45Z,ls7,qd9y10dw50vt,0.30362884703720716,0.6251722553973358,0.07119889756545705
0.08181818181818182,0.6054545454545454,0.5,0.30363636363636365,0.0,0.0,2017-06-01T02:19:58Z,ls7,qd9y10dw50vt,0.3064220183486239,0.6110091743119266,0.08256880733944956
0.043125000000000004,0.683125,0.2727272727272727,0.26312499999999994,0.0,0.0,2017-06-02T02:10:51Z,ls8,qd9y10dw50vt,0.26595072646873025,0.6904611497157297,0.04358812381554012
0.12318181818181818,0.5927272727272728,0.0,0.2709090909090909,0.0,0.0,2017-06-09T02:17:05Z,ls8,qd9y10dw50vt,0.27452786734223855,0.6006448641179181,0.1248272685398434
,,1.0,,,,2017-06-10T02:13:50Z,ls7,qd9y10dw50vt,,,
0.07571428571428572,0.6371428571428571,0.6818181818181819,0.27285714285714285,0.0,0.0,2017-06-17T02:20:02Z,ls7,qd9y10dw50vt,0.2768115942028986,0.6463768115942029,0.07681159420289856
0.09909090909090912,0.6068181818181817,0.0,0.2822727272727273,0.0,0.0,2017-06-18T02:10:58Z,ls8,qd9y10dw50vt,0.28564857405703775,0.6140754369825207,0.10027598896044163
0.13409090909090907,0.5695454545454546,0.0,0.2809090909090909,0.0,0.0,2017-06-25T02:17:10Z,ls8,qd9y10dw50vt,0.2853185595567867,0.5784856879039705,0.13619575253924282
0.07846153846153846,0.5961538461538461,0.40909090909090906,0.31538461538461543,0.0,0.0,2017-06-26T02:13:53Z,ls7,qd9y10dw50vt,0.3185703185703186,0.6021756021756021,0.07925407925407925
,,1.0,,,,2017-07-04T02:11:02Z,ls8,qd9y10dw50vt,,,
,,1.0,,,,2017-07-11T02:16:49Z,ls8,qd9y10dw50vt,,,
,,1.0,,,,2017-07-12T02:13:54Z,ls7,qd9y10dw50vt,,,
0.05136363636363637,0.6454545454545454,0.0,0.2927272727272727,0.0,0.0,2017-07-20T02:11:06Z,ls8,qd9y10dw50vt,0.2958199356913183,0.6522737712448323,0.05190629306384934
0.08818181818181818,0.6209090909090911,0.0,0.27999999999999997,0.0,0.0,2017-07-27T02:16:57Z,ls8,qd9y10dw50vt,0.2830882352941176,0.6277573529411765,0.08915441176470587
,,1.0,,,,2017-08-05T02:11:14Z,ls8,qd9y10dw50vt,,,
0.32399999999999995,0.164,0.31818181818181823,0.17466666666666666,0.0,0.3333333333333333,2017-08-13T02:13:50Z,ls7,qd9y10dw50vt,0.1757209926224011,0.16498993963782702,0.32595573440643866
0.0940909090909091,0.6368181818181818,0.0,0.25681818181818183,0.0,0.0,2017-08-21T02:11:19Z,ls8,qd9y10dw50vt,0.26000920386562354,0.6447307869305108,0.09526000920386563
0.0,0.0,0.0,0.0,0.9545454545454546,0.045454545454545456,2017-08-28T02:17:07Z,ls8,qd9y10dw50vt,0.0,0.0,0.0
,,1.0,,,,2017-08-29T02:13:51Z,ls7,qd9y10dw50vt,,,
0.074375,0.645,0.2727272727272727,0.270625,0.0,0.0,2017-09-05T02:20:02Z,ls7,qd9y10dw50vt,0.27335858585858586,0.6515151515151515,0.07512626262626262
,,1.0,,,,2017-09-06T02:11:21Z,ls8,qd9y10dw50vt,,,
0.06818181818181818,0.6663636363636364,0.0,0.2540909090909091,0.0,0.0,2017-09-13T02:17:08Z,ls8,qd9y10dw50vt,0.25701149425287356,0.6740229885057473,0.06896551724137931
0.09833333333333333,0.59,0.7272727272727273,0.3016666666666667,0.0,0.0,2017-09-14T02:13:49Z,ls7,qd9y10dw50vt,0.30471380471380477,0.5959595959595959,0.09932659932659932
0.06772727272727272,0.6427272727272726,0.0,0.27863636363636357,0.0,0.0,2017-09-29T02:17:14Z,ls8,qd9y10dw50vt,0.2817095588235294,0.6498161764705882,0.06847426470588236
0.06272727272727273,0.655,0.0,0.2727272727272727,0.0,0.0,2017-09-30T02:13:50Z,ls7,qd9y10dw50vt,0.27535566773749426,0.661312528682882,0.06333180357962367
,,1.0,,,,2017-10-08T02:11:30Z,ls8,qd9y10dw50vt,,,
0.040454545454545465,0.6913636363636364,0.0,0.25681818181818183,0.0,0.0,2017-10-15T02:17:43Z,ls8,qd9y10dw50vt,0.2597701149425287,0.6993103448275861,0.04091954022988507
0.07222222222222223,0.5722222222222223,0.5909090909090908,0.13,0.0,0.2222222222222222,2017-10-24T02:11:33Z,ls8,qd9y10dw50vt,0.13055954088952654,0.5746851586162921,0.07253307827195919
0.0440909090909091,0.7045454545454546,0.0,0.2409090909090909,0.0,0.0,2017-10-31T02:17:43Z,ls8,qd9y10dw50vt,0.2434542949012402,0.7119889756545705,0.04455672944418925
0.0775,0.66375,0.6363636363636364,0.25125,0.0,0.0,2017-11-01T02:13:52Z,ls7,qd9y10dw50vt,0.2531486146095718,0.6687657430730478,0.07808564231738035
0.033181818181818194,0.7227272727272727,0.0,0.2331818181818182,0.0,0.0,2017-11-09T02:11:31Z,ls8,qd9y10dw50vt,0.23575367647058829,0.7306985294117647,0.03354779411764707
0.05045454545454546,0.7345454545454545,0.0,0.2040909090909091,0.0,0.0,2017-11-16T02:17:40Z,ls8,qd9y10dw50vt,0.2063419117647059,0.7426470588235294,0.05101102941176471
0.04545454545454546,0.715,0.0,0.2286363636363637,0.0,0.0,2017-11-25T02:11:25Z,ls8,qd9y10dw50vt,0.23115808823529418,0.7228860294117647,0.04595588235294119
0.04954545454545455,0.7331818181818182,0.0,0.20500000000000004,0.0,0.0,2017-12-02T02:17:34Z,ls8,qd9y10dw50vt,0.2075471698113208,0.7422917625402669,0.050161067648412334
,,1.0,,,,2017-12-03T02:13:43Z,ls7,qd9y10dw50vt,,,
0.047272727272727286,0.7318181818181817,0.0,0.21000000000000005,0.0,0.0,2017-12-11T02:11:23Z,ls8,qd9y10dw50vt,0.21231617647058829,0.7398897058823529,0.04779411764705884
0.030454545454545456,0.7131818181818183,0.0,0.2490909090909091,0.0,0.0,2017-12-18T02:17:36Z,ls8,qd9y10dw50vt,0.2509157509157509,0.7184065934065933,0.030677655677655673
,,1.0,,,,2017-12-19T02:13:34Z,ls7,qd9y10dw50vt,,,
0.050909090909090904,0.7272727272727273,0.0,0.2113636363636364,0.0,0.0,2017-12-27T02:11:25Z,ls8,qd9y10dw50vt,0.21359669269637116,0.7349563619660082,0.05144694533762057
0.06636363636363636,0.7127272727272729,0.0,0.21090909090909093,0.0,0.0,2018-01-03T02:17:34Z,ls8,qd9y10dw50vt,0.21303948576675846,0.7199265381083563,0.0670339761248852
0.076,0.7020000000000001,0.5454545454545454,0.213,0.0,0.0,2018-01-04T02:13:22Z,ls7,qd9y10dw50vt,0.21493440968718466,0.7083753784056509,0.07669021190716448
0.06318181818181819,0.7272727272727273,0.0,0.1981818181818182,0.0,0.0,2018-01-12T02:11:19Z,ls8,qd9y10dw50vt,0.20045977011494254,0.7356321839080459,0.0639080459770115
0.05227272727272727,0.7077272727272726,0.0,0.2281818181818182,0.0,0.0,2018-01-19T02:17:26Z,ls8,qd9y10dw50vt,0.23091076356945728,0.7161913523459061,0.052897884084636616
,,1.0,,,,2018-01-20T02:13:08Z,ls7,qd9y10dw50vt,,,
0.07272727272727274,0.7181818181818183,0.0,0.1986363636363637,0.0,0.0,2018-01-28T02:11:10Z,ls8,qd9y10dw50vt,0.20073495636196603,0.7257694074414331,0.07349563619660082
0.06363636363636364,0.7163636363636364,0.0,0.20727272727272725,0.0,0.0,2018-02-04T02:17:17Z,ls8,qd9y10dw50vt,0.20994475138121543,0.7255985267034991,0.06445672191528545
0.05666666666666667,0.7186666666666668,0.31818181818181823,0.212,0.0,0.0,2018-02-12T02:18:58Z,ls7,qd9y10dw50vt,0.21471978392977717,0.7278865631330184,0.057393652937204595
0.09136363636363637,0.6963636363636364,0.0,0.2009090909090909,0.0,0.0,2018-02-13T02:11:03Z,ls8,qd9y10dw50vt,0.20321839080459767,0.704367816091954,0.09241379310344827
0.07363636363636364,0.7122727272727274,0.0,0.20363636363636362,0.0,0.0,2018-02-20T02:16:48Z,ls8,qd9y10dw50vt,0.20578778135048229,0.7197978870004594,0.07441433164905834
0.08166666666666668,0.6816666666666666,0.7272727272727273,0.22333333333333336,0.0,0.0,2018-02-21T02:12:42Z,ls7,qd9y10dw50vt,0.22635135135135137,0.6908783783783783,0.08277027027027029
0.10611111111111114,0.668888888888889,0.18181818181818177,0.21222222222222223,0.0,0.0,2018-02-28T02:18:48Z,ls7,qd9y10dw50vt,0.21496904895891952,0.6775464265616207,0.10748452447945979
0.049999999999999996,0.7372727272727272,0.0,0.20181818181818179,0.0,0.0,2018-03-01T02:10:57Z,ls8,qd9y10dw50vt,0.2040441176470588,0.7454044117647058,0.050551470588235295
0.06318181818181819,0.7195454545454545,0.0,0.20590909090909087,0.0,0.0,2018-03-08T02:16:39Z,ls8,qd9y10dw50vt,0.2082758620689655,0.727816091954023,0.06390804597701151
0.06400000000000002,0.7455,0.09090909090909094,0.1805,0.0,0.0,2018-03-09T02:12:31Z,ls7,qd9y10dw50vt,0.1823232323232323,0.753030303030303,0.06464646464646466
,,1.0,,,,2018-03-17T02:10:47Z,ls8,qd9y10dw50vt,,,
0.09857142857142856,0.6604761904761904,0.045454545454545414,0.22761904761904764,0.0,0.0,2018-04-01T02:18:23Z,ls7,qd9y10dw50vt,0.23069498069498073,0.6694015444015444,0.0999034749034749
0.05045454545454547,0.7390909090909091,0.0,0.19909090909090912,0.0,0.0,2018-04-02T02:10:41Z,ls8,qd9y10dw50vt,0.20137931034482762,0.7475862068965518,0.0510344827586207
,,1.0,,,,2018-04-09T02:16:24Z,ls8,qd9y10dw50vt,,,
,,1.0,,,,2018-04-18T02:10:31Z,ls8,qd9y10dw50vt,,,
0.07772727272727273,0.6718181818181818,0.0,0.23909090909090908,0.0,0.0,2018-04-25T02:16:38Z,ls8,qd9y10dw50vt,0.2418390804597701,0.6795402298850574,0.07862068965517241
,,1.0,,,,2018-04-26T02:11:47Z,ls7,qd9y10dw50vt,,,
0.09545454545454546,0.6754545454545454,0.0,0.21772727272727274,0.0,0.0,2018-05-04T02:10:23Z,ls8,qd9y10dw50vt,0.22022988505747126,0.6832183908045977,0.09655172413793103
0.06947368421052631,0.6794736842105263,0.13636363636363635,0.23842105263157892,0.0,0.0,2018-05-11T02:16:05Z,ls8,qd9y10dw50vt,0.24147121535181232,0.6881663113006397,0.07036247334754796
0.055454545454545465,0.72,0.0,0.21409090909090905,0.0,0.0,2018-05-12T02:11:30Z,ls7,qd9y10dw50vt,0.21635277905374364,0.7276067983463482,0.05604042259990814
0.07055555555555557,0.7105555555555556,0.18181818181818177,0.20833333333333337,0.0,0.0,2018-05-19T02:17:35Z,ls7,qd9y10dw50vt,0.21055586749017408,0.7181358787198203,0.07130825379000562
0.10500000000000002,0.6536363636363637,0.0,0.22863636363636364,0.0,0.0,2018-05-20T02:10:11Z,ls8,qd9y10dw50vt,0.23158379373848986,0.6620626151012892,0.10635359116022101
0.0,0.0,0.36363636363636365,0.0,0.07142857142857142,0.9285714285714286,2018-05-27T02:15:53Z,ls8,qd9y10dw50vt,0.0,0.0,0.0
0.05833333333333334,0.6466666666666666,0.7272727272727273,0.28500000000000003,0.0,0.0,2018-05-28T02:11:16Z,ls7,qd9y10dw50vt,0.2878787878787879,0.6531986531986531,0.05892255892255893
0.062272727272727285,0.6590909090909091,0.0,0.2659090909090909,0.0,0.0,2018-06-12T02:16:16Z,ls8,qd9y10dw50vt,0.26933701657458564,0.6675874769797422,0.06307550644567221
0.07272727272727272,0.6963636363636364,0.0,0.22181818181818186,0.0,0.0,2018-06-13T02:10:59Z,ls7,qd9y10dw50vt,0.22385321100917435,0.7027522935779816,0.07339449541284403
0.09000000000000001,0.6760000000000002,0.31818181818181823,0.22266666666666662,0.0,0.0,2018-06-20T02:17:02Z,ls7,qd9y10dw50vt,0.22521915037086981,0.6837491571139583,0.09103169251517196
,,1.0,,,,2018-06-21T02:10:12Z,ls8,qd9y10dw50vt,,,
,,1.0,,,,2018-06-28T02:16:27Z,ls8,qd9y10dw50vt,,,
0.07785714285714286,0.6385714285714287,0.36363636363636365,0.27285714285714285,0.0,0.0,2018-06-29T02:10:41Z,ls7,qd9y10dw50vt,0.275812274368231,0.6454873646209387,0.07870036101083032
0.0,0.0,0.8636363636363636,0.0,0.6666666666666666,0.3333333333333333,2018-07-06T02:16:43Z,ls7,qd9y10dw50vt,0.0,0.0,0.0
,,1.0,,,,2018-07-07T02:10:21Z,ls8,qd9y10dw50vt,,,
,,1.0,,,,2018-07-14T02:16:11Z,ls8,qd9y10dw50vt,,,
,,1.0,,,,2018-07-15T02:10:22Z,ls7,qd9y10dw50vt,,,
,,1.0,,,,2018-07-23T02:10:27Z,ls8,qd9y10dw50vt,,,
0.004210526315789474,0.07315789473684212,0.13636363636363635,0.02736842105263158,0.10526315789473684,0.7894736842105263,2018-07-30T02:16:18Z,ls8,qd9y10dw50vt,0.0275059508066649,0.07352552234858503,0.004231684739486907
0.09000000000000001,0.6183333333333333,0.7272727272727273,0.2833333333333333,0.0,0.0,2018-07-31T02:10:05Z,ls7,qd9y10dw50vt,0.28571428571428575,0.6235294117647059,0.09075630252100843
,,1.0,,,,2018-08-08T02:10:36Z,ls8,qd9y10dw50vt,,,
0.1390909090909091,0.5872727272727273,0.0,0.26272727272727275,0.0,0.0,2018-08-15T02:16:27Z,ls8,qd9y10dw50vt,0.265625,0.5937499999999999,0.14062499999999997
0.11937500000000001,0.588125,0.2727272727272727,0.27937500000000004,0.0,0.0,2018-08-16T02:09:47Z,ls7,qd9y10dw50vt,0.28309056364787843,0.5959468017732742,0.12096263457884737
0.037368421052631585,0.6921052631578947,0.13636363636363635,0.26210526315789473,0.0,0.0,2018-08-23T02:15:50Z,ls7,qd9y10dw50vt,0.2643312101910828,0.6979830148619958,0.03768577494692145
0.08772727272727271,0.6436363636363637,0.0,0.25545454545454543,0.0,0.0,2018-08-24T02:10:44Z,ls8,qd9y10dw50vt,0.2588668816213726,0.6522339935513588,0.08889912482726853
,,1.0,,,,2018-08-31T02:16:34Z,ls8,qd9y10dw50vt,,,
,,1.0,,,,2018-09-01T02:09:28Z,ls7,qd9y10dw50vt,,,
0.07363636363636364,0.6354545454545455,0.0,0.2804545454545454,0.0,0.0,2018-09-09T02:10:50Z,ls8,qd9y10dw50vt,0.2834175470831419,0.6421681212677998,0.07441433164905835
0.08545454545454546,0.6318181818181818,0.0,0.2713636363636364,0.0,0.0,2018-09-16T02:17:03Z,ls8,qd9y10dw50vt,0.27448275862068966,0.6390804597701149,0.0864367816091954
0.04833333333333333,0.6849999999999999,0.4545454545454546,0.25833333333333336,0.0,0.0,2018-09-17T02:09:07Z,ls7,qd9y10dw50vt,0.2605042016806723,0.6907563025210083,0.04873949579831933
0.03227272727272728,0.6690909090909091,0.0,0.2913636363636364,0.0,0.0,2018-09-24T02:15:08Z,ls7,qd9y10dw50vt,0.2934981684981685,0.673992673992674,0.03250915750915752
0.05227272727272727,0.6613636363636363,0.0,0.27590909090909094,0.0,0.0,2018-09-25T02:10:55Z,ls8,qd9y10dw50vt,0.27882406982085445,0.6683509416628387,0.05282498851630684
0.03590909090909091,0.6677272727272727,0.0,0.2863636363636364,0.0,0.0,2018-10-02T02:16:46Z,ls8,qd9y10dw50vt,0.2892561983471075,0.6744719926538109,0.03627180899908173
,,1.0,,,,2018-10-03T02:08:44Z,ls7,qd9y10dw50vt,,,
0.021,0.413,0.5454545454545454,0.16299999999999998,0.0,0.4,2018-10-11T02:11:03Z,ls8,qd9y10dw50vt,0.16381909547738693,0.4150753768844221,0.021105527638190957
,,1.0,,,,2018-10-19T02:08:21Z,ls7,qd9y10dw50vt,,,
0.03692307692307692,0.7092307692307691,0.40909090909090906,0.24307692307692308,0.0,0.0,2018-10-26T02:14:23Z,ls7,qd9y10dw50vt,0.24572317262830484,0.7169517884914463,0.03732503888024884
0.05136363636363637,0.6677272727272728,0.0,0.27090909090909093,0.0,0.0,2018-10-27T02:11:08Z,ls8,qd9y10dw50vt,0.27364554637281907,0.6744719926538109,0.05188246097337006
,,1.0,,,,2018-11-03T02:16:56Z,ls8,qd9y10dw50vt,,,
,,1.0,,,,2018-11-04T02:08:00Z,ls7,qd9y10dw50vt,,,
0.025454545454545455,0.6927272727272726,0.0,0.2722727272727273,0.0,0.0,2018-11-12T02:11:10Z,ls8,qd9y10dw50vt,0.2748967416245985,0.6994033960532354,0.025699862322166134
0.05,0.68625,0.2727272727272727,0.253125,0.0,0.0,2018-11-19T02:16:57Z,ls8,qd9y10dw50vt,0.25584333543903975,0.6936197094125078,0.0505369551484523
0.028181818181818183,0.7386363636363636,0.0,0.22590909090909095,0.0,0.0,2018-11-20T02:07:38Z,ls7,qd9y10dw50vt,0.2275641025641026,0.744047619047619,0.028388278388278388
0.0409090909090909,0.6950000000000001,0.0,0.2559090909090909,0.0,0.0,2018-11-27T02:13:38Z,ls7,qd9y10dw50vt,0.25802016498625113,0.7007332722273144,0.04124656278643446
0.03272727272727274,0.7163636363636364,0.0,0.24181818181818182,0.0,0.0,2018-11-28T02:11:10Z,ls8,qd9y10dw50vt,0.2440366972477064,0.7229357798165138,0.033027522935779825
0.03590909090909091,0.7427272727272727,0.0,0.21272727272727276,0.0,0.0,2018-12-05T02:17:19Z,ls8,qd9y10dw50vt,0.2145804676753783,0.7491976157725814,0.03622191655204035
0.028000000000000004,0.7353333333333334,0.31818181818181823,0.22933333333333333,0.0,0.0,2018-12-13T02:13:12Z,ls7,qd9y10dw50vt,0.23102753525856276,0.7407656145063801,0.028206850235057087
0.03318181818181819,0.745909090909091,0.0,0.21,0.0,0.0,2018-12-14T02:11:06Z,ls8,qd9y10dw50vt,0.21231617647058823,0.7541360294117647,0.033547794117647065
0.024545454545454547,0.7695454545454546,0.0,0.1972727272727273,0.0,0.0,2018-12-21T02:17:18Z,ls8,qd9y10dw50vt,0.1989912883998166,0.776249426868409,0.024759284731774415
0.02428571428571429,0.7628571428571428,0.6818181818181819,0.20428571428571432,0.0,0.0,2018-12-22T02:06:46Z,ls7,qd9y10dw50vt,0.20605187319884732,0.7694524495677234,0.0244956772334294
0.024,0.7659999999999999,0.5454545454545454,0.2,0.0,0.0,2018-12-29T02:12:44Z,ls7,qd9y10dw50vt,0.20202020202020204,0.7737373737373736,0.024242424242424242
0.030000000000000002,0.7536363636363635,0.0,0.20636363636363636,0.0,0.0,2018-12-30T02:11:07Z,ls8,qd9y10dw50vt,0.20844811753902662,0.761248852157943,0.030303030303030307
0.04318181818181818,0.735909090909091,0.0,0.21045454545454548,0.0,0.0,2019-01-06T02:16:53Z,ls8,qd9y10dw50vt,0.21267799724391365,0.7436839687643546,0.04363803399173174
0.03357142857142858,0.7378571428571429,0.36363636363636365,0.2228571428571429,0.0,0.0,2019-01-07T02:06:17Z,ls7,qd9y10dw50vt,0.2241379310344828,0.7420977011494253,0.03376436781609196
0.04777777777777778,0.7266666666666667,0.5909090909090908,0.21666666666666667,0.0,0.0,2019-01-14T02:12:14Z,ls7,qd9y10dw50vt,0.218609865470852,0.7331838565022422,0.04820627802690583
0.02681818181818182,0.7604545454545455,0.0,0.20454545454545456,0.0,0.0,2019-01-15T02:11:05Z,ls8,qd9y10dw50vt,0.2062328139321723,0.7667277726856094,0.027039413382218148
0.02142857142857143,0.7657142857142857,0.045454545454545414,0.20380952380952377,0.0,0.0,2019-01-22T02:16:50Z,ls8,qd9y10dw50vt,0.205670350792888,0.7727054300816915,0.021624219125420473
0.01,0.7859090909090909,0.0,0.19681818181818186,0.0,0.0,2019-01-23T02:05:46Z,ls7,qd9y10dw50vt,0.1982600732600733,0.7916666666666666,0.010073260073260072
0.05444444444444444,0.7255555555555555,0.5909090909090908,0.21111111111111114,0.0,0.0,2019-01-30T02:11:43Z,ls7,qd9y10dw50vt,0.21300448430493277,0.7320627802690582,0.05493273542600897
0.03363636363636364,0.7563636363636363,0.0,0.19954545454545458,0.0,0.0,2019-01-31T02:11:01Z,ls8,qd9y10dw50vt,0.20165365181442355,0.7643546164446485,0.03399173174092788
0.035,0.7599999999999999,0.0,0.19454545454545455,0.0,0.0,2019-02-07T02:17:11Z,ls8,qd9y10dw50vt,0.1966008268259072,0.7680293982544786,0.035369774919614155
0.013636363636363636,0.7931818181818181,0.0,0.18499999999999997,0.0,0.0,2019-02-08T02:05:17Z,ls7,qd9y10dw50vt,0.18652612282309808,0.7997250229147571,0.013748854262144823
0.0445,0.7555000000000001,0.09090909090909094,0.19250000000000003,0.0,0.0,2019-02-15T02:11:15Z,ls7,qd9y10dw50vt,0.1939546599496222,0.7612090680100756,0.044836272040302265
,,1.0,,,,2019-02-16T02:10:59Z,ls8,qd9y10dw50vt,,,
0.029999999999999995,0.7536363636363638,0.0,0.20636363636363642,0.0,0.0,2019-02-23T02:17:08Z,ls8,qd9y10dw50vt,0.20844811753902664,0.761248852157943,0.030303030303030293
0.025,0.7725,0.09090909090909094,0.1945,0.0,0.0,2019-02-24T02:04:48Z,ls7,qd9y10dw50vt,0.19606854838709678,0.7787298387096774,0.02520161290322581
0.04,0.7766666666666667,0.7272727272727273,0.17666666666666667,0.0,0.0,2019-03-03T02:10:45Z,ls7,qd9y10dw50vt,0.17785234899328858,0.7818791946308725,0.040268456375838924
,,1.0,,,,2019-03-04T02:10:54Z,ls8,qd9y10dw50vt,,,
0.024090909090909093,0.7368181818181818,0.0,0.22954545454545458,0.0,0.0,2019-03-11T02:17:02Z,ls8,qd9y10dw50vt,0.23175768701239102,0.7439192290041303,0.024323083983478662
0.025909090909090906,0.745,0.0,0.21909090909090911,0.0,0.0,2019-03-12T02:04:17Z,ls7,qd9y10dw50vt,0.22130394857667587,0.7525252525252525,0.026170798898071623
0.015789473684210527,0.7521052631578948,0.13636363636363635,0.22421052631578947,0.0,0.0,2019-03-19T02:10:14Z,ls7,qd9y10dw50vt,0.22599469496021218,0.7580901856763926,0.015915119363395226
0.020909090909090912,0.7609090909090909,0.0,0.20954545454545456,0.0,0.0,2019-03-20T02:10:49Z,ls8,qd9y10dw50vt,0.21137093076570382,0.7675378266850068,0.02109124254928932
0.02863636363636364,0.7618181818181818,0.0,0.2,0.0,0.0,2019-03-27T02:16:59Z,ls8,qd9y10dw50vt,0.20192748967416244,0.7691601652134006,0.0289123451124369
0.007647058823529412,0.7841176470588236,0.2272727272727273,0.20117647058823532,0.0,0.0,2019-03-28T02:03:45Z,ls7,qd9y10dw50vt,0.20260663507109006,0.7896919431279621,0.007701421800947867
0.04681818181818182,0.7027272727272726,0.0,0.2409090909090909,0.0,0.0,2019-04-05T02:10:46Z,ls8,qd9y10dw50vt,0.24323083983478658,0.7094997705369435,0.04726938962826985
0.03772727272727273,0.7118181818181818,0.0,0.24045454545454545,0.0,0.0,2019-04-12T02:16:54Z,ls8,qd9y10dw50vt,0.2428833792470156,0.7190082644628099,0.03810835629017447
0.0,0.7,0.9090909090909091,0.29000000000000004,0.0,0.0,2019-04-13T02:03:12Z,ls7,qd9y10dw50vt,0.292929292929293,0.7070707070707071,0.0
0.05772727272727273,0.6840909090909091,0.0,0.24818181818181817,0.0,0.0,2019-04-21T02:10:39Z,ls8,qd9y10dw50vt,0.25068870523415976,0.6910009182736455,0.05831037649219468
0.06363636363636364,0.6927272727272727,0.0,0.23318181818181818,0.0,0.0,2019-04-28T02:16:49Z,ls8,qd9y10dw50vt,0.23564538355535142,0.7000459347726229,0.06430868167202573
0.065,0.6722727272727274,0.0,0.2504545454545455,0.0,0.0,2019-05-07T02:10:43Z,ls8,qd9y10dw50vt,0.2535664979291303,0.6806258628624022,0.06580763920846755
0.079,0.6605,0.09090909090909094,0.24850000000000003,0.0,0.0,2019-05-14T02:16:35Z,ls8,qd9y10dw50vt,0.25151821862348184,0.6685222672064777,0.07995951417004049
0.105,0.64125,0.6363636363636364,0.24249999999999997,0.0,0.0,2019-05-15T02:01:59Z,ls7,qd9y10dw50vt,0.2452591656131479,0.6485461441213654,0.10619469026548674
0.07133333333333333,0.6613333333333333,0.31818181818181823,0.25800000000000006,0.0,0.0,2019-05-22T02:07:53Z,ls7,qd9y10dw50vt,0.26043068640646033,0.6675639300134589,0.07200538358008075
,,1.0,,,,2019-05-23T02:10:53Z,ls8,qd9y10dw50vt,,,
,,1.0,,,,2019-05-30T02:16:44Z,ls8,qd9y10dw50vt,,,
,,1.0,,,,2019-05-31T02:01:24Z,ls7,qd9y10dw50vt,,,
0.023636363636363636,0.6436363636363635,0.0,0.32090909090909103,0.0,0.0,2019-06-08T02:11:01Z,ls8,qd9y10dw50vt,0.32474701011959534,0.6513339466421342,0.02391904323827047
,,1.0,,,,2019-06-15T02:17:15Z,ls8,qd9y10dw50vt,,,
0.07411764705882354,0.7011764705882352,0.2272727272727273,0.2194117647058824,0.0,0.0,2019-06-24T02:11:07Z,ls8,qd9y10dw50vt,0.2205795387344767,0.7049083382613838,0.07451212300413958
,,1.0,,,,2019-07-01T02:16:55Z,ls8,qd9y10dw50vt,,,
0.11333333333333334,0.5805555555555555,0.18181818181818177,0.2944444444444445,0.0,0.0,2019-07-02T02:00:13Z,ls7,qd9y10dw50vt,0.2979201798763351,0.5874086565486227,0.11467116357504217
0.136,0.132,0.5454545454545454,0.125,0.3,0.3,2019-07-09T02:06:08Z,ls7,qd9y10dw50vt,0.1272264631043257,0.13435114503816792,0.13842239185750635
0.1422727272727273,0.3936363636363636,0.0,0.22681818181818186,0.09090909090909091,0.13636363636363635,2019-07-10T02:11:10Z,ls8,qd9y10dw50vt,0.22979196012569078,0.3987972694766496,0.14413804312493228
0.14181818181818182,0.5859090909090909,0.0,0.2604545454545455,0.0,0.0,2019-07-17T02:16:58Z,ls8,qd9y10dw50vt,0.26356945722171116,0.592916283348666,0.1435142594296228
0.11166666666666668,0.5744444444444445,0.18181818181818177,0.3022222222222222,0.0,0.0,2019-07-18T01:59:36Z,ls7,qd9y10dw50vt,0.3057897695334457,0.5812254075323215,0.11298482293423272
,,1.0,,,,2019-07-26T02:11:15Z,ls8,qd9y10dw50vt,,,
0.12000000000000001,0.6127272727272728,0.0,0.25545454545454543,0.0,0.0,2019-08-02T02:17:05Z,ls8,qd9y10dw50vt,0.25850965961361544,0.6200551977920884,0.12143514259429625
,,1.0,,,,2019-08-03T01:58:57Z,ls7,qd9y10dw50vt,,,
0.08590909090909092,0.625,0.0,0.27909090909090906,0.0,0.0,2019-08-10T02:04:51Z,ls7,qd9y10dw50vt,0.2819100091827364,0.6313131313131313,0.08677685950413225
0.08409090909090909,0.6536363636363636,0.0,0.25045454545454543,0.0,0.0,2019-08-11T02:11:21Z,ls8,qd9y10dw50vt,0.2534498620055198,0.6614535418583256,0.08509659613615456
0.10363636363636365,0.6390909090909092,0.0,0.2454545454545455,0.0,0.0,2019-08-18T02:17:34Z,ls8,qd9y10dw50vt,0.24839006439742414,0.6467341306347746,0.1048758049678013
0.12318181818181818,0.6181818181818182,0.0,0.2468181818181818,0.0,0.0,2019-08-19T01:58:17Z,ls7,qd9y10dw50vt,0.249770009199632,0.6255749770009199,0.12465501379944803
0.07045454545454545,0.665,0.0,0.2540909090909091,0.0,0.0,2019-08-26T02:04:10Z,ls7,qd9y10dw50vt,0.25677537896187413,0.6720257234726688,0.07119889756545704
0.07545454545454545,0.6745454545454544,0.0,0.2381818181818182,0.0,0.0,2019-08-27T02:11:25Z,ls8,qd9y10dw50vt,0.2410303587856486,0.6826126954921803,0.07635694572217112
0.06318181818181819,0.6777272727272726,0.0,0.2490909090909091,0.0,0.0,2019-09-03T02:17:37Z,ls8,qd9y10dw50vt,0.2516069788797062,0.6845730027548208,0.06382001836547292
,,1.0,,,,2019-09-04T01:57:36Z,ls7,qd9y10dw50vt,,,
0.045,0.6918181818181818,0.0,0.25272727272727274,0.0,0.0,2019-09-12T02:11:30Z,ls8,qd9y10dw50vt,0.25539733578318785,0.6991272393201653,0.04547542489664676
,,1.0,,,,2019-09-19T02:17:19Z,ls8,qd9y10dw50vt,,,
,,1.0,,,,2019-09-20T01:56:54Z,ls7,qd9y10dw50vt,,,
0.058095238095238096,0.7,0.045454545454545414,0.23285714285714287,0.0,0.0,2019-09-27T02:02:46Z,ls7,qd9y10dw50vt,0.23498318116290248,0.7063911580970686,0.05862566074002883
0.03727272727272728,0.7072727272727274,0.0,0.24499999999999994,0.0,0.0,2019-09-28T02:11:35Z,ls8,qd9y10dw50vt,0.24758842443729895,0.7147450620119431,0.037666513550757924
,,1.0,,,,2019-10-05T02:17:47Z,ls8,qd9y10dw50vt,,,
0.007000000000000001,0.7305,0.09090909090909094,0.25650000000000006,0.0,0.0,2019-10-06T01:56:13Z,ls7,qd9y10dw50vt,0.25804828973843064,0.7349094567404426,0.007042253521126761
0.023181818181818182,0.7077272727272726,0.0,0.2595454545454545,0.0,0.0,2019-10-14T02:11:38Z,ls8,qd9y10dw50vt,0.26204681046351536,0.7145479577787976,0.023405231757687016
0.028000000000000004,0.712,0.7727272727272727,0.25,0.0,0.0,2019-10-21T02:17:49Z,ls8,qd9y10dw50vt,0.25252525252525254,0.7191919191919192,0.028282828282828288
0.02909090909090909,0.7400000000000001,0.5,0.22454545454545452,0.0,0.0,2019-10-22T01:55:33Z,ls7,qd9y10dw50vt,0.22598353156450135,0.7447392497712718,0.029277218664226896
,,1.0,,,,2019-10-29T02:01:25Z,ls7,qd9y10dw50vt,,,
0.029090909090909098,0.7359090909090908,0.0,0.22545454545454546,0.0,0.0,2019-10-30T02:11:38Z,ls8,qd9y10dw50vt,0.2276273519963286,0.7430013767783387,0.029371271225332733
0.03318181818181818,0.7327272727272726,0.0,0.22318181818181818,0.0,0.0,2019-11-06T02:17:48Z,ls8,qd9y10dw50vt,0.2256433823529412,0.7408088235294117,0.033547794117647065
0.034999999999999996,0.7316666666666666,0.7272727272727273,0.22333333333333336,0.0,0.0,2019-11-07T01:54:50Z,ls7,qd9y10dw50vt,0.22558922558922562,0.739057239057239,0.03535353535353535
0.032857142857142856,0.7757142857142857,0.6818181818181819,0.18142857142857144,0.0,0.0,2019-11-14T02:00:42Z,ls7,qd9y10dw50vt,0.1832611832611833,0.7835497835497837,0.03318903318903319
0.05,0.7463636363636362,0.0,0.19318181818181823,0.0,0.0,2019-11-15T02:11:35Z,ls8,qd9y10dw50vt,0.195222783647221,0.7542489664676159,0.05052824988516307
,,1.0,,,,2019-11-22T02:17:20Z,ls8,qd9y10dw50vt,,,
0.06181818181818182,0.7363636363636363,0.0,0.1918181818181818,0.0,0.0,2019-11-23T01:54:06Z,ls7,qd9y10dw50vt,0.19375573921028466,0.7438016528925621,0.06244260789715336
0.05363636363636364,0.7386363636363636,0.0,0.1968181818181818,0.0,0.0,2019-11-30T01:59:56Z,ls7,qd9y10dw50vt,0.1989889705882353,0.7467830882352942,0.0542279411764706
0.06454545454545454,0.756818181818182,0.0,0.16909090909090907,0.0,0.0,2019-12-01T02:11:33Z,ls8,qd9y10dw50vt,0.1707205139972464,0.7641119779715466,0.06516750803120697
,,1.0,,,,2019-12-08T02:17:44Z,ls8,qd9y10dw50vt,,,
0.06266666666666666,0.7286666666666667,0.31818181818181823,0.19933333333333333,0.0,0.0,2019-12-09T01:53:19Z,ls7,qd9y10dw50vt,0.20121130551816957,0.7355316285329744,0.06325706594885598
0.03954545454545455,0.7863636363636363,0.0,0.165,0.0,0.0,2019-12-16T01:59:09Z,ls7,qd9y10dw50vt,0.16651376146788993,0.793577981651376,0.039908256880733954
0.03500000000000001,0.7763636363636365,0.0,0.18,0.0,0.0,2019-12-17T02:11:32Z,ls8,qd9y10dw50vt,0.18156808803301233,0.7831270059605685,0.03530490600641908
0.04818181818181819,0.7599999999999999,0.0,0.18136363636363637,0.0,0.0,2019-12-24T02:17:17Z,ls8,qd9y10dw50vt,0.1832797427652733,0.7680293982544786,0.04869085898024805
0.027000000000000003,0.7939999999999999,0.5454545454545454,0.16799999999999998,0.0,0.0,2019-12-25T01:52:30Z,ls7,qd9y10dw50vt,0.16986855409504548,0.8028311425682507,0.027300303336703746
,,1.0,,,,2020-01-01T01:58:19Z,ls7,qd9y10dw50vt,,,
0.033181818181818194,0.7763636363636365,0.0,0.1809090909090909,0.0,0.0,2020-01-02T02:11:27Z,ls8,qd9y10dw50vt,0.18265259293253783,0.783845800826067,0.03350160624139514
0.03772727272727273,0.7772727272727273,0.0,0.17545454545454545,0.0,0.0,2020-01-09T02:17:37Z,ls8,qd9y10dw50vt,0.17714547957778795,0.7847636530518587,0.03809086737035337
0.0676923076923077,0.7492307692307691,0.40909090909090906,0.17461538461538462,0.0,0.0,2020-01-10T01:51:40Z,ls7,qd9y10dw50vt,0.17610550814584952,0.7556245151280062,0.06826997672614431
0.021818181818181816,0.7777272727272727,0.0,0.19272727272727275,0.0,0.0,2020-01-17T01:57:30Z,ls7,qd9y10dw50vt,0.19422812643151627,0.7837837837837838,0.021988089784699953
0.034090909090909095,0.7899999999999999,0.0,0.16636363636363638,0.0,0.0,2020-01-18T02:11:24Z,ls8,qd9y10dw50vt,0.16796695731987155,0.7976135842129417,0.03441945846718679
0.055454545454545465,0.7586363636363637,0.0,0.17636363636363633,0.0,0.0,2020-01-25T02:17:09Z,ls8,qd9y10dw50vt,0.17806333180357958,0.7659476824231299,0.055988985773290506
0.04000000000000001,0.7731818181818181,0.0,0.1768181818181818,0.0,0.0,2020-01-26T01:50:53Z,ls7,qd9y10dw50vt,0.1786042240587695,0.78099173553719,0.040404040404040414
0.07529411764705884,0.7000000000000002,0.2272727272727273,0.21235294117647058,0.0,0.0,2020-02-02T01:56:43Z,ls7,qd9y10dw50vt,0.2150089338892197,0.7087552114353782,0.07623585467540203
0.053636363636363635,0.7813636363636364,0.0,0.15363636363636365,0.0,0.0,2020-02-03T02:11:19Z,ls8,qd9y10dw50vt,0.15540229885057472,0.7903448275862069,0.05425287356321839
0.03636363636363637,0.7809090909090909,0.0,0.1740909090909091,0.0,0.0,2020-02-10T02:17:28Z,ls8,qd9y10dw50vt,0.1756075194864741,0.7877120586886749,0.03668042182485099
0.014545454545454549,0.8195454545454546,0.0,0.15772727272727274,0.0,0.0,2020-02-11T01:50:04Z,ls7,qd9y10dw50vt,0.15902841429880846,0.8263061411549038,0.014665444546287813
0.3704545454545455,0.4386363636363637,0.0,0.19000000000000003,0.0,0.0,2020-02-18T01:55:53Z,ls7,qd9y10dw50vt,0.19017288444040037,0.4390354868061874,0.37079162875341215
,,1.0,,,,2020-02-19T02:11:15Z,ls8,qd9y10dw50vt,,,
,,1.0,,,,2020-03-05T01:55:02Z,ls7,qd9y10dw50vt,,,
,,1.0,,,,2020-03-06T02:11:10Z,ls8,qd9y10dw50vt,,,
,,1.0,,,,2020-03-14T01:48:22Z,ls7,qd9y10dw50vt,,,
0.04227272727272728,0.7559090909090909,0.0,0.19181818181818186,0.0,0.0,2020-03-21T01:54:09Z,ls7,qd9y10dw50vt,0.19375573921028472,0.763544536271809,0.042699724517906344
0.058181818181818196,0.73,0.0,0.20181818181818179,0.0,0.0,2020-03-22T02:11:02Z,ls8,qd9y10dw50vt,0.20385674931129474,0.7373737373737373,0.058769513314967874
,,1.0,,,,2020-03-29T02:16:45Z,ls8,qd9y10dw50vt,,,
0.07,0.7200000000000001,0.5909090909090908,0.2,0.0,0.0,2020-03-30T01:47:28Z,ls7,qd9y10dw50vt,0.202020202020202,0.7272727272727272,0.0707070707070707
0.09411764705882353,0.6911764705882352,0.2272727272727273,0.20588235294117646,0.0,0.0,2020-04-06T01:53:15Z,ls7,qd9y10dw50vt,0.20771513353115728,0.6973293768545994,0.09495548961424333
0.046000000000000006,0.7260000000000001,0.09090909090909094,0.2185,0.0,0.0,2020-04-07T02:10:53Z,ls8,qd9y10dw50vt,0.2205956587582029,0.7329631499242807,0.0464411913175164
,,1.0,,,,2020-04-14T02:16:38Z,ls8,qd9y10dw50vt,,,
,,1.0,,,,2020-04-15T01:46:33Z,ls7,qd9y10dw50vt,,,
0.04933333333333333,0.704,0.31818181818181823,0.23533333333333334,0.0,0.0,2020-04-22T01:52:19Z,ls7,qd9y10dw50vt,0.2380310182063385,0.7120701281186783,0.04989885367498314
,,1.0,,,,2020-04-23T02:10:47Z,ls8,qd9y10dw50vt,,,
0.07500000000000001,0.6890909090909091,0.0,0.22545454545454555,0.0,0.0,2020-04-30T02:16:30Z,ls8,qd9y10dw50vt,0.22783647220946263,0.6963711529627927,0.0757923748277446
0.079,0.6799999999999999,0.5454545454545454,0.231,0.0,0.0,2020-05-01T01:45:36Z,ls7,qd9y10dw50vt,0.23333333333333336,0.6868686868686869,0.07979797979797981
0.018666666666666665,0.7486666666666667,0.31818181818181823,0.22533333333333333,0.0,0.0,2020-05-08T01:51:22Z,ls7,qd9y10dw50vt,0.2269979852249832,0.7541974479516454,0.01880456682337139
,,1.0,,,,2020-05-09T02:10:38Z,ls8,qd9y10dw50vt,,,
0.0475,0.704,0.09090909090909094,0.23800000000000004,0.0,0.0,2020-05-16T02:16:50Z,ls8,qd9y10dw50vt,0.24052551793835275,0.7114704396159677,0.04800404244567964
,,1.0,,,,2020-05-17T01:44:38Z,ls7,qd9y10dw50vt,,,
0.0,0.0,0.5454545454545454,0.0,1.0,0.0,2020-05-25T02:10:41Z,ls8,qd9y10dw50vt,0.0,0.0,0.0
0.12090909090909094,0.6340909090909091,0.0,0.2313636363636364,0.0,0.0,2020-06-01T02:16:55Z,ls8,qd9y10dw50vt,0.23456221198156682,0.6428571428571428,0.12258064516129033
0.09666666666666668,0.6316666666666667,0.7272727272727273,0.26166666666666666,0.0,0.0,2020-06-02T01:43:40Z,ls7,qd9y10dw50vt,0.26430976430976433,0.6380471380471381,0.09764309764309766
0.09066666666666666,0.7093333333333334,0.31818181818181823,0.19066666666666668,0.0,0.0,2020-06-09T01:49:27Z,ls7,qd9y10dw50vt,0.19246298788694483,0.7160161507402423,0.09152086137281291
0.08045454545454546,0.6818181818181818,0.0,0.22727272727272732,0.0,0.0,2020-06-10T02:10:50Z,ls8,qd9y10dw50vt,0.22967386311437765,0.6890215893431327,0.08130454754248967
0.061818181818181814,0.7213636363636362,0.0,0.20636363636363633,0.0,0.0,2020-06-17T02:16:41Z,ls8,qd9y10dw50vt,0.20854386770785488,0.7289848415250345,0.062471290767110714
0.21266666666666667,0.31933333333333336,0.31818181818181823,0.13133333333333333,0.0,0.3333333333333333,2020-06-18T01:42:44Z,ls7,qd9y10dw50vt,0.13199329983249583,0.32093802345058636,0.21373534338358463
0.095,0.53,0.9090909090909091,0.365,0.0,0.0,2020-06-25T01:48:30Z,ls7,qd9y10dw50vt,0.3686868686868687,0.5353535353535354,0.09595959595959597
0.0,0.0,0.6363636363636364,0.0,0.125,0.875,2020-06-26T02:10:59Z,ls8,qd9y10dw50vt,0.0,0.0,0.0
0.12045454545454545,0.644090909090909,0.0,0.22409090909090904,0.0,0.0,2020-07-03T02:17:13Z,ls8,qd9y10dw50vt,0.22666666666666663,0.6514942528735632,0.12183908045977013
0.12625,0.6225,0.6363636363636364,0.23875000000000002,0.0,0.0,2020-07-04T01:41:47Z,ls7,qd9y10dw50vt,0.2417721518987342,0.6303797468354431,0.12784810126582277
0.05,0.768,0.7727272727272727,0.176,0.0,0.0,2020-07-11T01:47:32Z,ls7,qd9y10dw50vt,0.17706237424547283,0.7726358148893361,0.05030181086519115
0.11454545454545455,0.6568181818181817,0.0,0.21636363636363634,0.0,0.0,2020-07-12T02:11:05Z,ls8,qd9y10dw50vt,0.21905200184077314,0.664979291302347,0.1159687068568799
0.10954545454545456,0.6627272727272727,0.0,0.2159090909090909,0.0,0.0,2020-07-19T02:16:55Z,ls8,qd9y10dw50vt,0.218491260349586,0.670653173873045,0.11085556577736891
0.13285714285714287,0.6207142857142859,0.36363636363636365,0.23499999999999996,0.0,0.0,2020-07-20T01:40:49Z,ls7,qd9y10dw50vt,0.23771676300578026,0.6278901734104047,0.134393063583815
0.10045454545454545,0.6504545454545455,0.0,0.23818181818181816,0.0,0.0,2020-07-27T01:46:33Z,ls7,qd9y10dw50vt,0.24080882352941174,0.6576286764705883,0.10156249999999999
,,1.0,,,,2020-07-28T02:11:10Z,ls8,qd9y10dw50vt,,,
0.08318181818181819,0.7059090909090909,0.0,0.2,0.0,0.0,2020-08-04T02:17:23Z,ls8,qd9y10dw50vt,0.20220588235294115,0.7136948529411764,0.08409926470588235
0.07954545454545454,0.7050000000000001,0.0,0.20681818181818182,0.0,0.0,2020-08-05T01:39:49Z,ls7,qd9y10dw50vt,0.20861989912883996,0.7111416781292985,0.08023842274186152
0.06727272727272728,0.7054545454545456,0.0,0.2168181818181818,0.0,0.0,2020-08-13T02:11:14Z,ls8,qd9y10dw50vt,0.21910886541111618,0.712907671107028,0.06798346348185576
0.1322727272727273,0.6595454545454545,0.0,0.19454545454545455,0.0,0.0,2020-08-20T02:17:05Z,ls8,qd9y10dw50vt,0.19723502304147464,0.6686635944700461,0.13410138248847928
,,1.0,,,,2020-08-21T01:38:48Z,ls7,qd9y10dw50vt,,,
0.06947368421052633,0.6805263157894736,0.13636363636363635,0.2405263157894737,0.0,0.0,2020-08-28T01:44:31Z,ls7,qd9y10dw50vt,0.242826780021254,0.6870350690754516,0.07013815090329438
,,1.0,,,,2020-08-29T02:11:22Z,ls8,qd9y10dw50vt,,,
0.05863636363636364,0.7150000000000001,0.0,0.2159090909090909,0.0,0.0,2020-09-05T02:17:36Z,ls8,qd9y10dw50vt,0.2181901699586587,0.7225539733578319,0.05925585668350942
,,1.0,,,,2020-09-21T02:17:18Z,ls8,qd9y10dw50vt,,,
0.03263157894736843,0.7442105263157895,0.13636363636363635,0.21526315789473682,0.0,0.0,2020-09-22T01:36:41Z,ls7,qd9y10dw50vt,0.21697612732095486,0.750132625994695,0.03289124668435014
0.03909090909090909,0.7318181818181817,0.0,0.21909090909090906,0.0,0.0,2020-09-30T02:11:33Z,ls8,qd9y10dw50vt,0.22130394857667587,0.7392102846648302,0.039485766758494044
0.05045454545454546,0.7222727272727272,0.0,0.21681818181818183,0.0,0.0,2020-10-07T02:17:45Z,ls8,qd9y10dw50vt,0.21910886541111627,0.729903536977492,0.050987597611391836
0.01916666666666667,0.5225,0.4545454545454546,0.12083333333333333,0.0,0.3333333333333333,2020-10-08T01:35:40Z,ls7,qd9y10dw50vt,0.12159329140461218,0.5257861635220126,0.019287211740041933
,,1.0,,,,2020-10-16T02:11:34Z,ls8,qd9y10dw50vt,,,
0.035,0.7595454545454544,0.0,0.1959090909090909,0.0,0.0,2020-10-23T02:17:45Z,ls8,qd9y10dw50vt,0.19779715465810005,0.7668655346489215,0.035337310692978435
0.04409090909090909,0.7381818181818182,0.0,0.2090909090909091,0.0,0.0,2020-10-24T01:34:38Z,ls7,qd9y10dw50vt,0.21091242549289319,0.744612563044475,0.044475011462631824
,,1.0,,,,2020-11-09T01:33:33Z,ls7,qd9y10dw50vt,,,
0.044375000000000005,0.723125,0.2727272727272727,0.225,0.0,0.0,2020-11-16T01:39:15Z,ls7,qd9y10dw50vt,0.22670025188916876,0.7285894206549118,0.0447103274559194
,,1.0,,,,2020-11-17T02:11:32Z,ls8,qd9y10dw50vt,,,
0.056818181818181816,0.7668181818181817,0.0,0.16818181818181818,0.0,0.0,2020-11-24T02:17:21Z,ls8,qd9y10dw50vt,0.1695692025664528,0.7731439046746105,0.05728689275893676
0.05045454545454546,0.7586363636363636,0.0,0.18136363636363637,0.0,0.0,2020-11-25T01:32:26Z,ls7,qd9y10dw50vt,0.1831115190454337,0.7659476824231298,0.050940798531436446
0.10928571428571429,0.6807142857142857,0.36363636363636365,0.19999999999999998,0.0,0.0,2020-12-02T01:38:06Z,ls7,qd9y10dw50vt,0.20202020202020202,0.6875901875901876,0.1103896103896104
0.056363636363636366,0.7495454545454545,0.0,0.1822727272727273,0.0,0.0,2020-12-03T02:11:35Z,ls8,qd9y10dw50vt,0.1844526218951242,0.7585096596136154,0.057037718491260346
,,1.0,,,,2020-12-10T02:17:22Z,ls8,qd9y10dw50vt,,,
0.01,0.8480000000000001,0.7727272727272727,0.136,0.0,0.0,2020-12-11T01:31:15Z,ls7,qd9y10dw50vt,0.13682092555331993,0.8531187122736419,0.01006036217303823
0.013333333333333334,0.8766666666666666,0.8636363636363636,0.10333333333333333,0.0,0.0,2020-12-18T01:36:54Z,ls7,qd9y10dw50vt,0.1040268456375839,0.8825503355704698,0.01342281879194631
0.05727272727272728,0.7672727272727272,0.0,0.16636363636363638,0.0,0.0,2020-12-19T02:11:35Z,ls8,qd9y10dw50vt,0.16788990825688077,0.7743119266055046,0.05779816513761469
0.04136363636363637,0.7868181818181817,0.0,0.16181818181818183,0.0,0.0,2020-12-26T02:17:20Z,ls8,qd9y10dw50vt,0.16345270890725438,0.7947658402203857,0.041781450872359974
0.07272727272727274,0.7513636363636362,0.0,0.1636363636363636,0.0,0.0,2020-12-27T01:30:04Z,ls7,qd9y10dw50vt,0.16566958122411413,0.7606994937873907,0.07363092498849519
0.04,0.82,0.9545454545454546,0.13,0.0,0.0,2021-01-03T01:35:46Z,ls7,qd9y10dw50vt,0.13131313131313133,0.8282828282828283,0.04040404040404041
0.05500000000000001,0.7736363636363636,0.0,0.16272727272727275,0.0,0.0,2021-01-04T02:11:30Z,ls8,qd9y10dw50vt,0.1641448876662082,0.7803759743237046,0.05547913801008712
0.0931818181818182,0.7313636363636363,0.0,0.16545454545454544,0.0,0.0,2021-01-11T02:17:14Z,ls8,qd9y10dw50vt,0.16712580348943984,0.7387511478420569,0.09412304866850323
,,1.0,,,,2021-01-12T01:28:57Z,ls7,qd9y10dw50vt,,,
0.023636363636363636,0.8018181818181819,0.0,0.165,0.0,0.0,2021-01-20T02:11:23Z,ls8,qd9y10dw50vt,0.16659017898118403,0.8095456631482331,0.023864157870582832
0.017272727272727276,0.5622727272727273,0.0,0.14136363636363639,0.0,0.2727272727272727,2021-01-27T02:17:09Z,ls8,qd9y10dw50vt,0.14261148687378197,0.5672360426458787,0.01742519775306661
0.06642857142857143,0.7285714285714285,0.36363636363636365,0.19714285714285715,0.0,0.0,2021-01-28T01:27:48Z,ls7,qd9y10dw50vt,0.19870410367170627,0.734341252699784,0.06695464362850972
0.11249999999999999,0.7350000000000001,0.8181818181818181,0.14250000000000002,0.0,0.0,2021-02-04T01:33:28Z,ls7,qd9y10dw50vt,0.14393939393939392,0.7424242424242423,0.1136363636363636
,,1.0,,,,2021-02-05T02:11:21Z,ls8,qd9y10dw50vt,,,
0.06363636363636366,0.7204545454545453,0.0,0.20500000000000004,0.0,0.0,2021-02-12T02:17:07Z,ls8,qd9y10dw50vt,0.20726102941176477,0.7284007352941176,0.06433823529411767
,,1.0,,,,2021-02-13T01:26:37Z,ls7,qd9y10dw50vt,,,
0.08,0.6841666666666667,0.4545454545454546,0.22666666666666666,0.0,0.0,2021-02-20T01:32:16Z,ls7,qd9y10dw50vt,0.22876366694701428,0.6904962153069807,0.08074011774600505
0.05863636363636364,0.7345454545454547,0.0,0.19636363636363638,0.0,0.0,2021-02-21T02:11:17Z,ls8,qd9y10dw50vt,0.1984382177308222,0.7423059255856684,0.05925585668350941
0.06318181818181819,0.7322727272727273,0.0,0.19409090909090912,0.0,0.0,2021-02-28T02:17:25Z,ls8,qd9y10dw50vt,0.19614147909967847,0.7400091869545246,0.06384933394579696
0.1688888888888889,0.6588888888888889,0.18181818181818177,0.16222222222222218,0.0,0.0,2021-03-01T01:25:24Z,ls7,qd9y10dw50vt,0.16386083052749717,0.665544332210999,0.17059483726150396
0.05692307692307692,0.7307692307692307,0.40909090909090906,0.20384615384615387,0.0,0.0,2021-03-08T01:31:02Z,ls7,qd9y10dw50vt,0.20558572536850273,0.7370054305663304,0.057408844065166796
,,1.0,,,,2021-03-09T02:11:09Z,ls8,qd9y10dw50vt,,,
,,1.0,,,,2021-03-16T02:16:52Z,ls8,qd9y10dw50vt,,,
0.02,0.7475,0.2727272727272727,0.2225,0.0,0.0,2021-03-17T01:24:08Z,ls7,qd9y10dw50vt,0.22474747474747472,0.755050505050505,0.0202020202020202
0.095,0.7005,0.09090909090909094,0.192,0.0,0.0,2021-03-24T01:29:46Z,ls7,qd9y10dw50vt,0.19443037974683544,0.7093670886075949,0.09620253164556962
0.07666666666666667,0.7176190476190476,0.045454545454545414,0.1952380952380952,0.0,0.0,2021-03-25T02:11:02Z,ls8,qd9y10dw50vt,0.19730510105871027,0.7252165543792108,0.07747834456207893
0.06772727272727273,0.7213636363636364,0.0,0.1990909090909091,0.0,0.0,2021-04-01T02:16:48Z,ls8,qd9y10dw50vt,0.20147194112235509,0.7299908003679852,0.06853725850965961
0.03227272727272728,0.745,0.0,0.2113636363636364,0.0,0.0,2021-04-02T01:22:51Z,ls7,qd9y10dw50vt,0.2137931034482759,0.7535632183908045,0.032643678160919544
0.026363636363636367,0.759090909090909,0.5,0.20545454545454545,0.0,0.0,2021-04-09T01:28:27Z,ls7,qd9y10dw50vt,0.20733944954128442,0.7660550458715596,0.026605504587155968
,,1.0,,,,2021-04-10T02:10:58Z,ls8,qd9y10dw50vt,,,
,,1.0,,,,2021-04-17T02:16:42Z,ls8,qd9y10dw50vt,,,
0.06875,0.675,0.6363636363636364,0.24375000000000002,0.0,0.0,2021-04-18T01:21:31Z,ls7,qd9y10dw50vt,0.2468354430379747,0.6835443037974683,0.06962025316455696
0.34,0.41,0.9545454545454546,0.23,0.0,0.0,2021-04-25T01:27:06Z,ls7,qd9y10dw50vt,0.23469387755102042,0.4183673469387755,0.34693877551020413
0.04681818181818183,0.7254545454545454,0.0,0.2172727272727273,0.0,0.0,2021-04-26T02:10:50Z,ls8,qd9y10dw50vt,0.219568213137345,0.7331189710610931,0.0473128158015618
0.055454545454545465,0.7127272727272728,0.0,0.22090909090909097,0.0,0.0,2021-05-03T02:16:56Z,ls8,qd9y10dw50vt,0.22334558823529418,0.7205882352941176,0.056066176470588244
,,1.0,,,,2021-05-12T02:10:47Z,ls8,qd9y10dw50vt,,,
,,1.0,,,,2021-05-19T02:17:03Z,ls8,qd9y10dw50vt,,,
0.056363636363636366,0.7081818181818181,0.0,0.2259090909090909,0.0,0.0,2021-05-20T01:18:49Z,ls7,qd9y10dw50vt,0.22808627810922438,0.7150068838916934,0.05690683799908215
,,1.0,,,,2021-06-04T02:17:11Z,ls8,qd9y10dw50vt,,,
0.10727272727272728,0.6431818181818183,0.0,0.24227272727272728,0.0,0.0,2021-06-05T01:17:27Z,ls7,qd9y10dw50vt,0.244047619047619,0.6478937728937729,0.10805860805860805
0.09181818181818181,0.6572727272727273,0.5,0.2418181818181818,0.0,0.0,2021-06-12T01:23:04Z,ls7,qd9y10dw50vt,0.24403669724770638,0.663302752293578,0.09266055045871559
0.10363636363636362,0.6481818181818181,0.0,0.23681818181818182,0.0,0.0,2021-06-13T02:11:04Z,ls8,qd9y10dw50vt,0.2395402298850575,0.6556321839080459,0.10482758620689656
,,1.0,,,,2021-06-20T02:16:53Z,ls8,qd9y10dw50vt,,,
,,1.0,,,,2021-06-21T01:16:09Z,ls7,qd9y10dw50vt,,,
,,1.0,,,,2021-06-29T02:11:08Z,ls8,qd9y10dw50vt,,,
0.16090909090909092,0.3645454545454545,0.0,0.19181818181818186,0.13636363636363635,0.13636363636363635,2021-07-06T02:17:19Z,ls8,qd9y10dw50vt,0.19449245304758617,0.3696278373084457,0.16315243691669548
0.025,0.1525,0.8181818181818181,0.07,0.5,0.25,2021-07-07T01:14:49Z,ls7,qd9y10dw50vt,0.07070707070707072,0.15404040404040403,0.025252525252525256
0.18772727272727271,0.29409090909090907,0.0,0.1922727272727273,0.13636363636363635,0.18181818181818182,2021-07-15T02:11:09Z,ls8,qd9y10dw50vt,0.19447679764604922,0.2974621467541225,0.1898792374180102
0.13590909090909092,0.18681818181818183,0.0,0.1690909090909091,0.22727272727272727,0.2727272727272727,2021-07-22T02:16:59Z,ls8,qd9y10dw50vt,0.1719038817005545,0.1899260628465804,0.13817005545286506
,,1.0,,,,2021-07-23T01:13:27Z,ls7,qd9y10dw50vt,,,
0.06909090909090909,0.10681818181818183,0.0,0.09318181818181817,0.18181818181818182,0.5454545454545454,2021-07-31T02:11:17Z,ls8,qd9y10dw50vt,0.09444103194103191,0.10826167076167076,0.07002457002457002
0.21555555555555556,0.49555555555555547,0.18181818181818177,0.2733333333333333,0.0,0.0,2021-08-15T01:17:35Z,ls7,qd9y10dw50vt,0.2776523702031603,0.5033860045146727,0.2189616252821671
0.11590909090909092,0.6304545454545454,0.0,0.24181818181818182,0.0,0.0,2021-08-16T02:11:23Z,ls8,qd9y10dw50vt,0.24471021159153636,0.6379944802207911,0.1172953081876725
0.16954545454545455,0.4054545454545455,0.0,0.2322727272727273,0.13636363636363635,0.045454545454545456,2021-08-23T02:17:36Z,ls8,qd9y10dw50vt,0.23541154791154792,0.41093366093366096,0.17183660933660935
0.23588235294117646,0.36823529411764705,0.2272727272727273,0.26352941176470585,0.0,0.11764705882352941,2021-08-24T01:10:38Z,ls7,qd9y10dw50vt,0.26799601196410766,0.3744765702891326,0.23988035892323029
0.052727272727272734,0.6563636363636364,0.0,0.28045454545454546,0.0,0.0,2021-09-08T02:17:17Z,ls8,qd9y10dw50vt,0.28341754708314193,0.6632981166743225,0.05328433624253561
,,1.0,,,,2021-09-16T01:14:48Z,ls7,qd9y10dw50vt,,,
0.002857142857142857,0.09571428571428572,0.36363636363636365,0.04357142857142857,0.07142857142857142,0.7857142857142857,2021-09-17T02:11:32Z,ls8,qd9y10dw50vt,0.043790380473797574,0.09619526202440778,0.0028715003589375454
0.03818181818181818,0.6804545454545453,0.0,0.27,0.0,0.0,2021-09-24T02:17:19Z,ls8,qd9y10dw50vt,0.27310344827586214,0.6882758620689654,0.038620689655172416
0.060000000000000005,0.65,0.8181818181818181,0.2775,0.0,0.0,2021-09-25T01:07:49Z,ls7,qd9y10dw50vt,0.2810126582278481,0.6582278481012658,0.06075949367088608
0.037272727272727284,0.6727272727272727,0.0,0.2786363636363637,0.0,0.0,2021-10-03T02:11:36Z,ls8,qd9y10dw50vt,0.28183908045977013,0.6804597701149425,0.037701149425287364
0.04818181818181819,0.6754545454545456,0.0,0.2668181818181818,0.0,0.0,2021-10-10T02:17:25Z,ls8,qd9y10dw50vt,0.26938962826984847,0.6819642037631942,0.04864616796695732
0.1873684210526316,0.3310526315789474,0.13636363636363635,0.16473684210526315,0.0,0.3157894736842105,2021-10-26T02:17:51Z,ls8,qd9y10dw50vt,0.1649906739112805,0.33156272808369147,0.18765712432081746
0.060000000000000005,0.6300000000000001,0.31818181818181823,0.30133333333333334,0.0,0.0,2021-11-03T01:10:29Z,ls7,qd9y10dw50vt,0.3039677202420981,0.6355077336919973,0.0605245460659045
0.040909090909090916,0.6918181818181819,0.0,0.25727272727272726,0.0,0.0,2021-11-04T02:11:39Z,ls8,qd9y10dw50vt,0.25987144168962345,0.6988062442607897,0.04132231404958678
0.03909090909090909,0.6968181818181818,0.0,0.2536363636363636,0.0,0.0,2021-11-11T02:17:48Z,ls8,qd9y10dw50vt,0.25631603123564534,0.7041800643086816,0.03950390445567295
0.03666666666666667,0.6722222222222222,0.5909090909090908,0.28555555555555556,0.0,0.0,2021-11-12T01:03:26Z,ls7,qd9y10dw50vt,0.28715083798882685,0.6759776536312849,0.03687150837988827
0.0375,0.7225,0.8181818181818181,0.23000000000000004,0.0,0.0,2021-11-18T02:13:25Z,ls9,qd9y10dw50vt,0.23232323232323235,0.7297979797979798,0.03787878787878787
0.036000000000000004,0.6880000000000001,0.31818181818181823,0.266,0.0,0.0,2021-11-19T01:08:56Z,ls7,qd9y10dw50vt,0.2686868686868687,0.694949494949495,0.03636363636363636
0.03909090909090909,0.705,0.0,0.2459090909090909,0.0,0.0,2021-11-20T02:11:34Z,ls8,qd9y10dw50vt,0.24839302112029385,0.712121212121212,0.03948576675849404
0.0440909090909091,0.7277272727272727,0.0,0.2168181818181818,0.0,0.0,2021-11-27T02:17:23Z,ls8,qd9y10dw50vt,0.2193103448275862,0.7360919540229885,0.044597701149425295
0.05625,0.6875,0.2727272727272727,0.24625,0.0,0.0,2021-11-28T01:01:54Z,ls7,qd9y10dw50vt,0.24873737373737373,0.6944444444444444,0.05681818181818182
,,1.0,,,,2021-12-05T02:17:25Z,ls9,qd9y10dw50vt,,,
0.045454545454545456,0.7272727272727273,0.0,0.2172727272727273,0.0,0.0,2021-12-06T02:11:36Z,ls8,qd9y10dw50vt,0.21946740128558315,0.7346189164370983,0.045913682277318645
0.05045454545454546,0.7304545454545455,0.0,0.20999999999999996,0.0,0.0,2021-12-13T02:17:46Z,ls8,qd9y10dw50vt,0.21192660550458714,0.7371559633027523,0.05091743119266056
0.06227272727272728,0.7204545454545453,0.0,0.2077272727272728,0.0,0.0,2021-12-14T02:11:32Z,ls9,qd9y10dw50vt,0.20972923359339155,0.7273978889398807,0.06287287746672787
,,1.0,,,,2021-12-21T02:17:18Z,ls9,qd9y10dw50vt,,,
0.02727272727272728,0.7481818181818182,0.0,0.21545454545454545,0.0,0.0,2021-12-22T02:11:33Z,ls8,qd9y10dw50vt,0.21743119266055047,0.7550458715596331,0.027522935779816522
0.028181818181818183,0.7636363636363636,0.0,0.19954545454545458,0.0,0.0,2021-12-29T02:17:41Z,ls8,qd9y10dw50vt,0.20128381476386983,0.7702888583218707,0.028427326914259515
0.010909090909090912,0.3022727272727273,0.0,0.09318181818181817,0.0,0.5909090909090909,2021-12-30T00:58:48Z,ls7,qd9y10dw50vt,0.09380719951189746,0.30430140329469185,0.010982306284319707
0.12409090909090909,0.16227272727272724,0.0,0.15181818181818182,0.0,0.8636363636363636,2022-01-06T01:04:17Z,ls7,qd9y10dw50vt,0.047246322142587706,0.05049981139192756,0.03861750282912108
0.03954545454545455,0.7477272727272727,0.0,0.20454545454545456,0.0,0.0,2022-01-07T02:11:29Z,ls8,qd9y10dw50vt,0.20623281393217233,0.7538955087076077,0.03987167736021999
0.031363636363636364,0.756818181818182,0.0,0.20272727272727276,0.0,0.0,2022-01-14T02:17:39Z,ls8,qd9y10dw50vt,0.20458715596330274,0.7637614678899083,0.031651376146788986
0.022727272727272728,0.3440909090909091,0.0,0.12772727272727272,0.0,0.5,2022-01-15T00:57:16Z,ls7,qd9y10dw50vt,0.1291360294117647,0.3478860294117648,0.02297794117647059
0.28727272727272724,0.6363636363636364,0.0,0.35727272727272724,0.0,0.3181818181818182,2022-01-22T01:02:46Z,ls7,qd9y10dw50vt,0.19017355958448934,0.3387315310665205,0.15291309116717208
0.05318181818181819,0.759090909090909,0.0,0.17727272727272728,0.0,0.0,2022-01-23T02:11:25Z,ls8,qd9y10dw50vt,0.17914561322921452,0.7671107028020211,0.05374368396876437
0.049090909090909095,0.7427272727272727,0.0,0.1972727272727273,0.0,0.0,2022-01-30T02:17:09Z,ls8,qd9y10dw50vt,0.19944852941176475,0.7509191176470589,0.049632352941176475
0.09863636363636365,0.655,0.0,0.23681818181818182,0.0,0.0,2022-01-31T00:55:42Z,ls7,qd9y10dw50vt,0.2391005048187242,0.661312528682882,0.09958696649839377
0.04,0.3727272727272728,0.0,0.12727272727272726,0.0,0.45454545454545453,2022-02-07T01:01:11Z,ls7,qd9y10dw50vt,0.12855831037649215,0.37649219467401285,0.0404040404040404
0.054090909090909085,0.7413636363636363,0.0,0.19409090909090912,0.0,0.0,2022-02-08T02:11:21Z,ls8,qd9y10dw50vt,0.1961414790996785,0.7491961414790996,0.05466237942122186
0.03136363636363637,0.7599999999999999,0.0,0.1981818181818182,0.0,0.0,2022-02-15T02:17:30Z,ls8,qd9y10dw50vt,0.2002756086357373,0.7680293982544786,0.03169499310978412
0.07181818181818182,0.7027272727272726,0.0,0.21454545454545457,0.0,0.0,2022-02-16T00:54:03Z,ls7,qd9y10dw50vt,0.2169117647058824,0.7104779411764706,0.07261029411764706
0.026363636363636363,0.24954545454545454,0.0,0.08272727272727273,0.0,0.6363636363636364,2022-02-23T00:59:35Z,ls7,qd9y10dw50vt,0.08388063140914853,0.253024541997926,0.02673119022928909
0.03454545454545455,0.755,0.0,0.1990909090909091,0.0,0.0,2022-02-24T02:11:16Z,ls8,qd9y10dw50vt,0.2013793103448276,0.7636781609195402,0.03494252873563219
0.04772727272727273,0.7381818181818182,0.0,0.2040909090909091,0.0,0.0,2022-03-03T02:17:02Z,ls8,qd9y10dw50vt,0.2061524334251607,0.7456382001836547,0.048209366391184574
0.053636363636363635,0.46636363636363637,0.0,0.155,0.0,0.3181818181818182,2022-03-04T00:52:32Z,ls7,qd9y10dw50vt,0.1565656565656566,0.47107438016528935,0.05417814508723601
0.022,0.7140000000000001,0.7727272727272727,0.252,0.0,0.0,2022-03-12T02:11:12Z,ls8,qd9y10dw50vt,0.25506072874493924,0.7226720647773279,0.02226720647773279
,,1.0,,,,2022-03-19T02:17:18Z,ls8,qd9y10dw50vt,,,
0.13272727272727272,0.3136363636363636,0.0,0.1709090909090909,0.0,0.6818181818181818,2022-03-20T00:50:56Z,ls7,qd9y10dw50vt,0.08809746954076852,0.16166822867853797,0.06841611996251173
,,1.0,,,,2022-03-27T00:56:28Z,ls7,qd9y10dw50vt,,,
0.12545454545454546,0.6654545454545454,0.0,0.19772727272727272,0.0,0.0,2022-03-28T02:11:00Z,ls8,qd9y10dw50vt,0.19999999999999998,0.673103448275862,0.12689655172413794
0.06090909090909091,0.43363636363636365,0.0,0.22318181818181815,0.0,0.2727272727272727,2022-04-05T00:49:24Z,ls7,qd9y10dw50vt,0.226150037422995,0.43940353503368074,0.06171915481605159
0.05590909090909091,0.6772727272727272,0.0,0.2559090909090909,0.0,0.0,2022-04-13T02:11:04Z,ls8,qd9y10dw50vt,0.2587316176470589,0.6847426470588236,0.05652573529411765
,,1.0,,,,2022-04-20T02:17:14Z,ls8,qd9y10dw50vt,,,
0.08045454545454546,0.6268181818181818,0.0,0.28181818181818186,0.0,0.0,2022-04-29T02:11:00Z,ls8,qd9y10dw50vt,0.28492647058823534,0.6337316176470588,0.08134191176470588
0.09045454545454547,0.6400000000000001,0.0,0.25818181818181823,0.0,0.0,2022-05-06T02:16:52Z,ls8,qd9y10dw50vt,0.2611494252873563,0.6473563218390804,0.0914942528735632
,,1.0,,,,2022-05-15T02:11:10Z,ls8,qd9y10dw50vt,,,
0.07500000000000001,0.635,0.0,0.27818181818181814,0.0,0.0,2022-05-22T02:16:58Z,ls8,qd9y10dw50vt,0.28150873965041395,0.642594296228151,0.07589696412143516
0.08090909090909092,0.6163636363636363,0.0,0.29000000000000004,0.0,0.0,2022-05-31T02:11:13Z,ls8,qd9y10dw50vt,0.2937384898710866,0.6243093922651933,0.08195211786372007
0.09045454545454545,0.6136363636363635,0.0,0.2849999999999999,0.0,0.0,2022-06-07T02:17:06Z,ls8,qd9y10dw50vt,0.2881433823529411,0.6204044117647058,0.09145220588235296
0.10772727272727273,0.3613636363636364,0.0,0.24772727272727268,0.09090909090909091,0.18181818181818182,2022-06-16T02:11:25Z,ls8,qd9y10dw50vt,0.25134028938721387,0.36663400011529373,0.10929843777021965
,,1.0,,,,2022-06-23T02:17:15Z,ls8,qd9y10dw50vt,,,
0.13090909090909092,0.5549999999999999,0.0,0.30136363636363633,0.0,0.0,2022-07-02T02:11:29Z,ls8,qd9y10dw50vt,0.3052486187845304,0.5621546961325967,0.13259668508287298
0.13136363636363638,0.5836363636363635,0.0,0.2709090909090909,0.0,0.0,2022-07-09T02:17:16Z,ls8,qd9y10dw50vt,0.2747810050714615,0.5919778699861687,0.13324112494236978
0.09681818181818182,0.5822727272727274,0.0,0.3090909090909091,0.0,0.0,2022-07-18T02:11:29Z,ls8,qd9y10dw50vt,0.31278748850045995,0.5892364305427783,0.09797608095676172
0.17454545454545453,0.2559090909090909,0.0,0.1972727272727273,0.13636363636363635,0.22727272727272727,2022-07-25T02:17:46Z,ls8,qd9y10dw50vt,0.1999868343097887,0.2594299256138503,0.17694687643999735
,,1.0,,,,2022-08-03T02:11:41Z,ls8,qd9y10dw50vt,,,
,,1.0,,,,2022-08-10T02:17:31Z,ls8,qd9y10dw50vt,,,
0.07636363636363636,0.11181818181818182,0.0,0.12454545454545456,0.3181818181818182,0.36363636363636365,2022-08-19T02:11:46Z,ls8,qd9y10dw50vt,0.12671775898520088,0.11376849894291756,0.0776955602536998
0.0,0.0,0.9545454545454546,0.0,0.0,1.0,2022-08-26T02:17:57Z,ls8,qd9y10dw50vt,0.0,0.0,0.0
,,1.0,,,,2022-09-11T02:18:01Z,ls8,qd9y10dw50vt,,,
,,1.0,,,,2022-09-27T02:18:04Z,ls8,qd9y10dw50vt,,,
,,1.0,,,,2022-10-06T02:11:50Z,ls8,qd9y10dw50vt,,,
0.04818181818181819,0.6318181818181818,0.0,0.30954545454545457,0.0,0.0,2022-10-13T02:17:31Z,ls8,qd9y10dw50vt,0.3128158015617823,0.6384933394579696,0.048690858980248046
,,1.0,,,,2022-10-22T02:11:50Z,ls8,qd9y10dw50vt,,,
0.028181818181818183,0.6168181818181818,0.0,0.3445454545454545,0.0,0.0,2022-10-29T02:17:39Z,ls8,qd9y10dw50vt,0.34818557648139636,0.6233348644924208,0.02847955902618282
,,1.0,,,,2022-11-07T02:11:52Z,ls8,qd9y10dw50vt,,,
0.03272727272727273,0.6877272727272726,0.0,0.2695454545454546,0.0,0.0,2022-11-14T02:17:35Z,ls8,qd9y10dw50vt,0.2722681359044996,0.694674012855831,0.03305785123966942
0.02727272727272727,0.6713636363636364,0.0,0.2913636363636364,0.0,0.0,2022-11-23T02:11:47Z,ls8,qd9y10dw50vt,0.2943067033976125,0.6781450872359963,0.027548209366391182
,,1.0,,,,2022-11-30T02:17:35Z,ls8,qd9y10dw50vt,,,
,,1.0,,,,2022-12-09T02:11:47Z,ls8,qd9y10dw50vt,,,
0.041363636363636366,0.7072727272727273,0.0,0.24136363636363634,0.0,0.0,2022-12-16T02:17:30Z,ls8,qd9y10dw50vt,0.24380165289256195,0.7144168962350781,0.04178145087235997
0.03227272727272728,0.7240909090909091,0.0,0.2340909090909091,0.0,0.0,2022-12-25T02:11:38Z,ls8,qd9y10dw50vt,0.23634694814134924,0.7310692978430473,0.0325837540156035
0.05636363636363637,0.704090909090909,0.0,0.22818181818181815,0.0,0.0,2023-01-01T02:17:26Z,ls8,qd9y10dw50vt,0.23080459770114942,0.712183908045977,0.05701149425287358
,,1.0,,,,2023-01-10T02:11:37Z,ls8,qd9y10dw50vt,,,
0.04863636363636364,0.7186363636363636,0.0,0.2218181818181818,0.0,0.0,2023-01-17T02:17:18Z,ls8,qd9y10dw50vt,0.22426470588235295,0.7265625,0.049172794117647065
0.046363636363636364,0.7245454545454545,0.0,0.21772727272727274,0.0,0.0,2023-01-26T02:11:36Z,ls8,qd9y10dw50vt,0.22022988505747126,0.7328735632183907,0.04689655172413793
0.0390909090909091,0.7350000000000001,0.0,0.2163636363636364,0.0,0.0,2023-02-02T02:17:48Z,ls8,qd9y10dw50vt,0.21844882973841212,0.742083524552547,0.03946764570904085
0.04,0.7281818181818182,0.0,0.2204545454545455,0.0,0.0,2023-02-11T02:11:33Z,ls8,qd9y10dw50vt,0.22298850574712648,0.736551724137931,0.04045977011494253
0.06454545454545456,0.7059090909090909,0.0,0.21818181818181823,0.0,0.0,2023-02-18T02:17:38Z,ls8,qd9y10dw50vt,0.22068965517241382,0.7140229885057471,0.06528735632183909
0.13374999999999998,0.661875,0.2727272727272727,0.19624999999999998,0.0,0.0,2023-02-27T02:11:18Z,ls8,qd9y10dw50vt,0.19785759294265906,0.6672967863894139,0.13484562066792688
0.036818181818181826,0.6818181818181818,0.0,0.2695454545454546,0.0,0.0,2023-03-06T02:17:26Z,ls8,qd9y10dw50vt,0.27276908923643056,0.6899724011039557,0.03725850965961362
0.03363636363636364,0.7009090909090909,0.0,0.255,0.0,0.0,2023-03-15T02:11:12Z,ls8,qd9y10dw50vt,0.2576940744143316,0.7083141938447405,0.03399173174092788
,,1.0,,,,2023-03-22T02:17:17Z,ls8,qd9y10dw50vt,,,
0.0,0.0,0.0,0.0,0.13636363636363635,0.8636363636363636,2023-03-31T02:11:02Z,ls8,qd9y10dw50vt,0.0,0.0,0.0
,,1.0,,,,2023-04-07T02:16:41Z,ls8,qd9y10dw50vt,,,
0.04590909090909092,0.6768181818181819,0.0,0.26636363636363636,0.0,0.0,2023-04-16T02:10:47Z,ls8,qd9y10dw50vt,0.2693014705882353,0.6842830882352942,0.0464154411764706
0.05454545454545456,0.6540909090909092,0.0,0.27954545454545454,0.0,0.0,2023-05-02T02:10:42Z,ls8,qd9y10dw50vt,0.2828886844526219,0.6619135234590616,0.055197792088316475
0.02727272727272728,0.6709090909090909,0.0,0.29045454545454547,0.0,0.0,2023-05-09T02:16:46Z,ls8,qd9y10dw50vt,0.29379310344827586,0.6786206896551724,0.02758620689655173
0.052727272727272734,0.6550000000000001,0.0,0.28090909090909094,0.0,0.0,2023-05-18T02:10:30Z,ls8,qd9y10dw50vt,0.28413793103448276,0.662528735632184,0.05333333333333334
0.07954545454545454,0.6036363636363635,0.0,0.30318181818181816,0.0,0.0,2023-05-25T02:16:20Z,ls8,qd9y10dw50vt,0.3073732718894009,0.6119815668202764,0.08064516129032258
0.09681818181818182,0.6072727272727272,0.0,0.2840909090909091,0.0,0.0,2023-06-03T02:10:34Z,ls8,qd9y10dw50vt,0.28748850045998164,0.6145354185832566,0.09797608095676173
0.11363636363636363,0.5886363636363636,0.0,0.28500000000000003,0.0,0.0,2023-06-10T02:16:50Z,ls8,qd9y10dw50vt,0.2886740331491713,0.5962246777163904,0.1151012891344383
,,1.0,,,,2023-06-19T02:10:42Z,ls8,qd9y10dw50vt,,,
0.11818181818181817,0.5554545454545455,0.0,0.3118181818181818,0.0,0.0,2023-06-26T02:16:57Z,ls8,qd9y10dw50vt,0.31642066420664205,0.5636531365313653,0.11992619926199259
0.0,0.0,0.0,0.0,1.0,0.0,2023-07-05T02:10:53Z,ls8,qd9y10dw50vt,0.0,0.0,0.0
0.12045454545454547,0.5918181818181819,0.0,0.27590909090909094,0.0,0.0,2023-07-12T02:17:07Z,ls8,qd9y10dw50vt,0.2792088316467341,0.5988960441582336,0.12189512419503219
0.13136363636363638,0.5890909090909092,0.0,0.26772727272727276,0.0,0.0,2023-07-21T02:10:56Z,ls8,qd9y10dw50vt,0.27092916283348667,0.596136154553818,0.1329346826126955
0.065,0.6499999999999999,0.9090909090909091,0.275,0.0,0.0,2023-07-28T02:16:49Z,ls8,qd9y10dw50vt,0.2777777777777778,0.6565656565656565,0.06565656565656566
0.06090909090909092,0.6568181818181817,0.0,0.2727272727272727,0.0,0.0,2023-08-06T02:11:06Z,ls8,qd9y10dw50vt,0.27535566773749426,0.6631482331344654,0.0614960991280404
0.09818181818181819,0.6277272727272728,0.0,0.26272727272727275,0.0,0.0,2023-08-13T02:17:18Z,ls8,qd9y10dw50vt,0.2657471264367816,0.6349425287356322,0.0993103448275862
0.08818181818181818,0.6295454545454546,0.0,0.27,0.0,0.0,2023-08-22T02:11:13Z,ls8,qd9y10dw50vt,0.2733548090197883,0.6373676944316613,0.08927749654855038
0.07090909090909091,0.6554545454545454,0.0,0.26272727272727275,0.0,0.0,2023-08-29T02:17:25Z,ls8,qd9y10dw50vt,0.265625,0.6626838235294117,0.07169117647058823
0.055,0.6509090909090909,0.0,0.2831818181818182,0.0,0.0,2023-09-07T02:11:12Z,ls8,qd9y10dw50vt,0.28630514705882354,0.6580882352941176,0.05560661764705882
,,1.0,,,,2023-09-23T02:11:18Z,ls8,qd9y10dw50vt,,,
0.03636363636363637,0.6781818181818182,0.0,0.27545454545454545,0.0,0.0,2023-09-30T02:17:09Z,ls8,qd9y10dw50vt,0.27823691460055094,0.6850321395775941,0.03673094582185492
0.03090909090909091,0.6595454545454544,0.0,0.29818181818181816,0.0,0.0,2023-10-09T02:11:23Z,ls8,qd9y10dw50vt,0.3016091954022989,0.6671264367816092,0.03126436781609196
0.054090909090909085,0.7104545454545454,0.0,0.22545454545454546,0.0,0.0,2023-10-16T02:17:35Z,ls8,qd9y10dw50vt,0.22773186409550047,0.7176308539944903,0.054637281910009175
0.04681818181818183,0.7131818181818181,0.0,0.23090909090909087,0.0,0.0,2023-10-25T02:11:26Z,ls8,qd9y10dw50vt,0.2330275229357798,0.7197247706422019,0.04724770642201836
0.04380952380952382,0.7147619047619047,0.045454545454545414,0.23095238095238096,0.0,0.0,2023-11-01T02:17:38Z,ls8,qd9y10dw50vt,0.23339749759384024,0.7223291626564002,0.04427333974975939
0.05000000000000001,0.7611111111111111,0.5909090909090908,0.18444444444444444,0.0,0.0,2023-11-10T02:11:22Z,ls8,qd9y10dw50vt,0.18526785714285715,0.7645089285714286,0.050223214285714295
0.04954545454545455,0.7395454545454547,0.0,0.19909090909090912,0.0,0.0,2023-11-17T02:17:14Z,ls8,qd9y10dw50vt,0.20147194112235509,0.7483900643974242,0.050137994480220785
,,1.0,,,,2023-11-26T02:11:29Z,ls8,qd9y10dw50vt,,,
0.022727272727272728,0.7527272727272727,0.0,0.21500000000000002,0.0,0.0,2023-12-03T02:17:35Z,ls8,qd9y10dw50vt,0.21707205139972466,0.7599816429554841,0.02294630564479119
0.04045454545454546,0.7649999999999999,0.0,0.1831818181818182,0.0,0.0,2023-12-12T02:11:24Z,ls8,qd9y10dw50vt,0.18528735632183913,0.7737931034482758,0.04091954022988507
0.035454545454545454,0.7759090909090909,0.0,0.1781818181818182,0.0,0.0,2023-12-19T02:17:14Z,ls8,qd9y10dw50vt,0.18006430868167203,0.7841065686724851,0.035829122645842905
0.02727272727272728,0.7622727272727272,0.0,0.2,0.0,0.0,2023-12-28T02:11:25Z,ls8,qd9y10dw50vt,0.20211299954065232,0.7703261368856225,0.02756086357372532
0.03227272727272728,0.7677272727272727,0.0,0.19045454545454546,0.0,0.0,2024-01-04T02:17:06Z,ls8,qd9y10dw50vt,0.19229004130335017,0.7751262046810464,0.0325837540156035
0.045454545454545456,0.7563636363636362,0.0,0.18954545454545454,0.0,0.0,2024-01-05T02:11:28Z,ls9,qd9y10dw50vt,0.1911966987620358,0.7629527739569005,0.04585052728106374
0.03227272727272728,0.7649999999999999,0.0,0.19409090909090906,0.0,0.0,2024-01-12T02:17:18Z,ls9,qd9y10dw50vt,0.19578175149014213,0.7716643741403026,0.03255387436955526
,,1.0,,,,2024-01-13T02:11:22Z,ls8,qd9y10dw50vt,,,
0.029090909090909098,0.7572727272727273,0.0,0.20363636363636364,0.0,0.0,2024-01-20T02:17:31Z,ls8,qd9y10dw50vt,0.20569329660238753,0.7649219467401286,0.029384756657483937
0.030000000000000002,0.7572727272727273,0.0,0.20227272727272727,0.0,0.0,2024-01-21T02:11:29Z,ls9,qd9y10dw50vt,0.20440973817179603,0.7652733118971061,0.03031694993109784
0.04318181818181818,0.7513636363636365,0.0,0.19454545454545455,0.0,0.0,2024-01-28T02:17:17Z,ls9,qd9y10dw50vt,0.1966911764705882,0.7596507352941176,0.04365808823529411
0.044545454545454555,0.7663636363636365,0.0,0.1790909090909091,0.0,0.0,2024-01-29T02:11:16Z,ls8,qd9y10dw50vt,0.18089990817263543,0.7741046831955923,0.044995408631772274
0.07090909090909091,0.7345454545454544,0.0,0.1831818181818182,0.0,0.0,2024-02-05T02:17:31Z,ls8,qd9y10dw50vt,0.18528735632183913,0.7429885057471264,0.07172413793103449
0.05,0.7654545454545455,0.0,0.17590909090909093,0.0,0.0,2024-02-06T02:11:33Z,ls9,qd9y10dw50vt,0.17744154057771666,0.7721228794131132,0.0504355800091701
0.07863636363636364,0.7286363636363636,0.0,0.18045454545454545,0.0,0.0,2024-02-13T02:17:42Z,ls9,qd9y10dw50vt,0.18269673262770364,0.737689829728486,0.07961343764381042
0.03772727272727273,0.7804545454545455,0.0,0.17136363636363638,0.0,0.0,2024-02-14T02:11:19Z,ls8,qd9y10dw50vt,0.1731740927882407,0.7887000459347726,0.038125861276986674
,,1.0,,,,2024-02-21T02:17:05Z,ls8,qd9y10dw50vt,,,
0.03727272727272728,0.7677272727272727,0.0,0.18409090909090908,0.0,0.0,2024-02-22T02:11:20Z,ls9,qd9y10dw50vt,0.18612132352941177,0.7761948529411765,0.03768382352941177
0.04681818181818182,0.7063636363636363,0.0,0.23545454545454544,0.0,0.0,2024-02-29T02:17:10Z,ls9,qd9y10dw50vt,0.23816091954022986,0.7144827586206896,0.047356321839080465
0.034090909090909095,0.7354545454545455,0.0,0.22000000000000003,0.0,0.0,2024-03-01T02:11:13Z,ls8,qd9y10dw50vt,0.22232429949471752,0.7432246210381258,0.03445107946715664
0.024090909090909093,0.7368181818181818,0.0,0.22772727272727272,0.0,0.0,2024-03-08T02:16:53Z,ls8,qd9y10dw50vt,0.2303448275862069,0.7452873563218391,0.024367816091954025
0.05318181818181819,0.7145454545454546,0.0,0.22000000000000003,0.0,0.0,2024-03-09T02:11:25Z,ls9,qd9y10dw50vt,0.2227335480901979,0.7234238380119651,0.0538426138978371
,,1.0,,,,2024-03-16T02:17:11Z,ls9,qd9y10dw50vt,,,
,,1.0,,,,2024-03-17T02:11:03Z,ls8,qd9y10dw50vt,,,
0.07,0.7095454545454545,0.0,0.20863636363636362,0.0,0.0,2024-03-24T02:16:42Z,ls8,qd9y10dw50vt,0.2111315547378105,0.7180312787488501,0.07083716651333949
0.07636363636363638,0.7068181818181818,0.0,0.205,0.0,0.0,2024-03-25T02:11:20Z,ls9,qd9y10dw50vt,0.20745170193192272,0.7152713891444342,0.07727690892364307
0.04863636363636364,0.7236363636363636,0.0,0.21727272727272728,0.0,0.0,2024-04-01T02:17:02Z,ls9,qd9y10dw50vt,0.21956821313734498,0.7312815801561783,0.0491502067064768
0.045909090909090906,0.7440909090909091,0.0,0.1981818181818182,0.0,0.0,2024-04-02T02:10:51Z,ls8,qd9y10dw50vt,0.20055197792088317,0.7529898804047838,0.04645814167433302
0.061818181818181814,0.7250000000000001,0.0,0.2009090909090909,0.0,0.0,2024-04-09T02:17:01Z,ls8,qd9y10dw50vt,0.2034054302807179,0.7340082834790612,0.06258628624022089
0.06272727272727274,0.7081818181818184,0.0,0.21727272727272726,0.0,0.0,2024-04-10T02:11:12Z,ls9,qd9y10dw50vt,0.21987120515179387,0.7166513339466422,0.06347746090156393
0.06090909090909092,0.6854545454545454,0.0,0.24227272727272722,0.0,0.0,2024-04-17T02:17:16Z,ls9,qd9y10dw50vt,0.2450574712643678,0.6933333333333334,0.061609195402298866
0.04454545454545455,0.7054545454545456,0.0,0.23954545454545453,0.0,0.0,2024-04-18T02:10:43Z,ls8,qd9y10dw50vt,0.24207625172255395,0.712907671107028,0.04501607717041801
0.03590909090909092,0.695909090909091,0.0,0.2568181818181819,0.0,0.0,2024-05-03T02:16:37Z,ls9,qd9y10dw50vt,0.2597701149425288,0.7039080459770115,0.03632183908045977
0.04181818181818182,0.68,0.0,0.2668181818181818,0.0,0.0,2024-05-04T02:10:34Z,ls8,qd9y10dw50vt,0.26988505747126434,0.687816091954023,0.042298850574712644
,,1.0,,,,2024-05-11T02:16:16Z,ls8,qd9y10dw50vt,,,
0.08000000000000002,0.6709090909090909,0.0,0.2372727272727273,0.0,0.0,2024-05-19T02:16:53Z,ls9,qd9y10dw50vt,0.24011039558417663,0.6789328426862925,0.08095676172953083
,,1.0,,,,2024-05-20T02:10:21Z,ls8,qd9y10dw50vt,,,
0.06272727272727274,0.6472727272727272,0.0,0.27863636363636357,0.0,0.0,2024-05-27T02:16:28Z,ls8,qd9y10dw50vt,0.2818390804597701,0.654712643678161,0.06344827586206898
,,1.0,,,,2024-05-28T02:10:36Z,ls9,qd9y10dw50vt,,,
,,1.0,,,,2024-06-04T02:16:47Z,ls9,qd9y10dw50vt,,,
0.12409090909090909,0.5654545454545454,0.0,0.2981818181818182,0.0,0.0,2024-06-05T02:10:19Z,ls8,qd9y10dw50vt,0.3018867924528302,0.5724804417855499,0.12563276576161986
,,1.0,,,,2024-06-12T02:16:05Z,ls8,qd9y10dw50vt,,,
0.1509090909090909,0.5,0.0,0.28954545454545455,0.0,0.045454545454545456,2024-06-13T02:10:30Z,ls9,qd9y10dw50vt,0.29388373830133135,0.5074915418076366,0.15317017443648667
0.12045454545454543,0.5895454545454547,0.0,0.27636363636363637,0.0,0.0,2024-06-20T02:16:31Z,ls9,qd9y10dw50vt,0.28018433179723495,0.5976958525345623,0.12211981566820271
0.135,0.5822727272727273,0.0,0.2713636363636364,0.0,0.0,2024-06-21T02:10:28Z,ls8,qd9y10dw50vt,0.27448275862068966,0.5889655172413792,0.136551724137931
,,1.0,,,,2024-06-29T02:10:21Z,ls9,qd9y10dw50vt,,,
,,1.0,,,,2024-07-14T02:16:52Z,ls8,qd9y10dw50vt,,,
0.09681818181818183,0.5945454545454546,0.0,0.2977272727272728,0.0,0.0,2024-07-15T02:10:41Z,ls9,qd9y10dw50vt,0.3010110294117648,0.6011029411764707,0.09788602941176472
,,1.0,,,,2024-07-22T02:16:52Z,ls9,qd9y10dw50vt,,,
,,1.0,,,,2024-07-30T02:17:02Z,ls8,qd9y10dw50vt,,,
0.0659090909090909,0.07727272727272728,0.0,0.07954545454545454,0.45454545454545453,0.3181818181818182,2024-07-31T02:10:43Z,ls9,qd9y10dw50vt,0.08116883116883115,0.07884972170686456,0.06725417439703153
,,1.0,,,,2024-08-08T02:10:46Z,ls8,qd9y10dw50vt,,,
,,1.0,,,,2024-08-15T02:17:05Z,ls8,qd9y10dw50vt,,,
0.06909090909090909,0.027727272727272725,0.0,0.03772727272727273,0.09090909090909091,0.7727272727272727,2024-08-16T02:10:50Z,ls9,qd9y10dw50vt,0.03823710073710073,0.028101965601965595,0.07002457002457002
,,1.0,,,,2024-08-23T02:17:10Z,ls9,qd9y10dw50vt,,,
,,1.0,,,,2024-08-24T02:11:00Z,ls8,qd9y10dw50vt,,,
,,1.0,,,,2024-08-31T02:16:49Z,ls8,qd9y10dw50vt,,,
0.06142857142857143,0.20571428571428568,0.045454545454545414,0.11095238095238096,0.09523809523809523,0.5238095238095238,2024-09-01T02:11:00Z,ls9,qd9y10dw50vt,0.11179081204270122,0.20726880172723997,0.061892767182439724
0.06136363636363637,0.644090909090909,0.0,0.2827272727272727,0.0,0.0,2024-09-08T02:16:46Z,ls9,qd9y10dw50vt,0.2861085556577737,0.6517939282428703,0.062097516099356036
0.09,0.6195454545454544,0.0,0.27772727272727277,0.0,0.0,2024-09-09T02:11:08Z,ls8,qd9y10dw50vt,0.2813075506445673,0.6275322283609576,0.09116022099447514
,,1.0,,,,2024-09-16T02:17:21Z,ls8,qd9y10dw50vt,,,
0.04363636363636365,0.6563636363636364,0.0,0.2877272727272727,0.0,0.0,2024-09-17T02:11:04Z,ls9,qd9y10dw50vt,0.291302346985734,0.6645190980211688,0.044178554993097106
0.029545454545454545,0.669090909090909,0.0,0.2913636363636364,0.0,0.0,2024-09-24T02:16:47Z,ls9,qd9y10dw50vt,0.29430670339761256,0.6758494031221304,0.02984389348025712
0.03545454545454546,0.6509090909090909,0.0,0.30272727272727273,0.0,0.0,2024-09-25T02:11:07Z,ls8,qd9y10dw50vt,0.30606617647058826,0.6580882352941176,0.03584558823529413
0.03727272727272728,0.6727272727272727,0.0,0.2809090909090909,0.0,0.0,2024-10-10T02:17:20Z,ls9,qd9y10dw50vt,0.2834862385321101,0.6788990825688074,0.03761467889908258
0.030000000000000002,0.6777272727272727,0.0,0.2831818181818182,0.0,0.0,2024-10-11T02:11:13Z,ls8,qd9y10dw50vt,0.2857798165137615,0.6839449541284404,0.030275229357798167
,,1.0,,,,2024-10-18T02:17:06Z,ls8,qd9y10dw50vt,,,
0.046,0.646,0.31818181818181823,0.29800000000000004,0.0,0.0,2024-10-19T02:11:21Z,ls9,qd9y10dw50vt,0.301010101010101,0.6525252525252525,0.04646464646464646
0.034090909090909095,0.6863636363636363,0.0,0.2677272727272727,0.0,0.0,2024-10-27T02:11:16Z,ls8,qd9y10dw50vt,0.27092916283348667,0.6945722171113156,0.0344986200551978
0.028181818181818183,0.7018181818181817,0.0,0.25909090909090915,0.0,0.0,2024-11-03T02:17:22Z,ls8,qd9y10dw50vt,0.2619485294117648,0.7095588235294117,0.028492647058823532
,,1.0,,,,2024-11-04T02:11:20Z,ls9,qd9y10dw50vt,,,
0.037272727272727284,0.6981818181818182,0.0,0.25363636363636366,0.0,0.0,2024-11-11T02:17:28Z,ls9,qd9y10dw50vt,0.2564338235294118,0.7058823529411765,0.03768382352941178
0.026363636363636367,0.708181818181818,0.0,0.2563636363636364,0.0,0.0,2024-11-12T02:11:14Z,ls8,qd9y10dw50vt,0.2587155963302753,0.7146788990825688,0.02660550458715597
0.021818181818181823,0.7036363636363636,0.0,0.26545454545454544,0.0,0.0,2024-11-20T02:11:26Z,ls9,qd9y10dw50vt,0.26788990825688075,0.710091743119266,0.02201834862385322
0.03454545454545455,0.7209090909090908,0.0,0.235,0.0,0.0,2024-11-28T02:11:26Z,ls8,qd9y10dw50vt,0.2372648003671409,0.7278568150527764,0.03487838458008262
0.034545454545454546,0.7254545454545455,0.0,0.23090909090909092,0.0,0.0,2024-12-05T02:17:09Z,ls8,qd9y10dw50vt,0.23302752293577983,0.7321100917431193,0.03486238532110092
0.04772727272727273,0.7295454545454544,0.0,0.2127272727272727,0.0,0.0,2024-12-06T02:11:24Z,ls9,qd9y10dw50vt,0.21487603305785125,0.7369146005509641,0.04820936639118458
0.06727272727272728,0.7104545454545456,0.0,0.21272727272727276,0.0,0.0,2024-12-14T02:11:14Z,ls8,qd9y10dw50vt,0.21477742083524554,0.7173015144561725,0.06792106470858192
0.030454545454545456,0.755,0.0,0.20545454545454547,0.0,0.0,2024-12-21T02:17:04Z,ls8,qd9y10dw50vt,0.20733944954128442,0.7619266055045871,0.030733944954128442
0.046363636363636364,0.7381818181818182,0.0,0.20500000000000004,0.0,0.0,2024-12-22T02:11:25Z,ls9,qd9y10dw50vt,0.2071658245291686,0.7459807073954983,0.04685346807533303
,,1.0,,,,2024-12-29T02:17:35Z,ls9,qd9y10dw50vt,,,
0.041818181818181824,0.7563636363636363,0.0,0.19318181818181818,0.0,0.0,2024-12-30T02:11:17Z,ls8,qd9y10dw50vt,0.19486474094452086,0.7629527739569005,0.04218248509857864
0.03727272727272728,0.759090909090909,0.0,0.19636363636363638,0.0,0.0,2025-01-06T02:17:05Z,ls8,qd9y10dw50vt,0.19780219780219782,0.7646520146520146,0.03754578754578755
0.03409090909090909,0.7531818181818182,0.0,0.205,0.0,0.0,2025-01-07T02:11:21Z,ls9,qd9y10dw50vt,0.20659642693541,0.7590471827759964,0.03435639028859368
,,1.0,,,,2025-01-14T02:17:12Z,ls9,qd9y10dw50vt,,,
0.060454545454545455,0.7340909090909092,0.0,0.19636363636363638,0.0,0.0,2025-01-15T02:11:20Z,ls8,qd9y10dw50vt,0.19816513761467888,0.7408256880733946,0.061009174311926595
,,1.0,,,,2025-01-22T02:17:02Z,ls8,qd9y10dw50vt,,,
0.04045454545454546,0.7418181818181817,0.0,0.20818181818181822,0.0,0.0,2025-01-30T02:17:07Z,ls9,qd9y10dw50vt,0.21018815970628735,0.7489674162459844,0.040844424047728325
0.03409090909090909,0.7545454545454546,0.0,0.20227272727272733,0.0,0.0,2025-01-31T02:11:18Z,ls8,qd9y10dw50vt,0.2041284403669725,0.7614678899082569,0.03440366972477064
0.025454545454545455,0.745909090909091,0.0,0.21818181818181817,0.0,0.0,2025-02-07T02:17:29Z,ls8,qd9y10dw50vt,0.22048690858980247,0.7537896187413873,0.02572347266881029
0.02727272727272728,0.7518181818181819,0.0,0.21136363636363642,0.0,0.0,2025-02-08T02:11:22Z,ls9,qd9y10dw50vt,0.21340064249655807,0.7590637907296925,0.02753556677374943
0.03954545454545455,0.7422727272727272,0.0,0.2081818181818182,0.0,0.0,2025-02-15T02:17:36Z,ls9,qd9y10dw50vt,0.21028466483011937,0.7497704315886133,0.039944903581267226
0.03909090909090909,0.7527272727272727,0.0,0.19772727272727272,0.0,0.0,2025-02-16T02:11:14Z,ls8,qd9y10dw50vt,0.1998162609095085,0.7606798346348186,0.03950390445567295
0.049090909090909095,0.7395454545454545,0.0,0.2009090909090909,0.0,0.0,2025-02-23T02:16:56Z,ls8,qd9y10dw50vt,0.20303169499310977,0.7473587505741847,0.049609554432705566
0.027727272727272725,0.758181818181818,0.0,0.20363636363636364,0.0,0.0,2025-02-24T02:11:22Z,ls9,qd9y10dw50vt,0.20578778135048237,0.7661920073495636,0.02802021129995407
0.030000000000000006,0.7313636363636365,0.0,0.2290909090909091,0.0,0.0,2025-03-03T02:17:29Z,ls9,qd9y10dw50vt,0.23129876089949514,0.7384121156493805,0.030289123451124368
,,1.0,,,,2025-03-04T02:11:06Z,ls8,qd9y10dw50vt,,,
0.02863636363636364,0.7395454545454545,0.0,0.22136363636363637,0.0,0.0,2025-03-11T02:16:51Z,ls8,qd9y10dw50vt,0.22370234267340375,0.7473587505741845,0.028938906752411578
,,1.0,,,,2025-03-12T02:11:17Z,ls9,qd9y10dw50vt,,,
0.03772727272727273,0.7363636363636363,0.0,0.2163636363636364,0.0,0.0,2025-03-19T02:16:56Z,ls9,qd9y10dw50vt,0.21844882973841215,0.7434603028912344,0.03809086737035337
0.024090909090909093,0.7504545454545454,0.0,0.21499999999999997,0.0,0.0,2025-03-20T02:10:55Z,ls8,qd9y10dw50vt,0.21727147450620118,0.7583830960036748,0.02434542949012403
0.03136363636363637,0.7490909090909091,0.0,0.2090909090909091,0.0,0.0,2025-03-27T02:17:05Z,ls8,qd9y10dw50vt,0.21129995406522736,0.7570050528249885,0.03169499310978411
0.034090909090909095,0.7463636363636362,0.0,0.20863636363636368,0.0,0.0,2025-03-28T02:11:06Z,ls9,qd9y10dw50vt,0.21093750000000008,0.7545955882352942,0.03446691176470589
0.02,0.7928571428571428,0.6818181818181819,0.18,0.0,0.0,2025-04-04T02:16:50Z,ls9,qd9y10dw50vt,0.18129496402877696,0.7985611510791366,0.02014388489208633
,,1.0,,,,2025-04-12T02:16:36Z,ls8,qd9y10dw50vt,,,
,,1.0,,,,2025-04-13T02:11:07Z,ls9,qd9y10dw50vt,,,
0.04818181818181819,0.6981818181818182,0.0,0.24454545454545454,0.0,0.0,2025-04-20T02:17:14Z,ls9,qd9y10dw50vt,0.24678899082568806,0.7045871559633028,0.04862385321100918
0.02863636363636364,0.6377272727272728,0.0,0.19045454545454546,0.0,0.13636363636363635,2025-04-21T02:10:41Z,ls8,qd9y10dw50vt,0.19197009886665056,0.6428020255606463,0.028864239209066795
0.045000000000000005,0.6986363636363637,0.0,0.24545454545454548,0.0,0.0,2025-04-28T02:16:50Z,ls8,qd9y10dw50vt,0.24816176470588233,0.7063419117647058,0.04549632352941176
0.045000000000000005,0.7054545454545454,0.0,0.23863636363636365,0.0,0.0,2025-04-29T02:10:58Z,ls9,qd9y10dw50vt,0.24126838235294118,0.713235294117647,0.04549632352941177
0.02636363636363637,0.6827272727272727,0.0,0.27863636363636374,0.0,0.0,2025-05-06T02:16:42Z,ls9,qd9y10dw50vt,0.2820984813621722,0.6912103083294984,0.026691210308329504
0.03818181818181818,0.6781818181818182,0.0,0.2727272727272727,0.0,0.0,2025-05-07T02:10:37Z,ls8,qd9y10dw50vt,0.275735294117647,0.6856617647058824,0.03860294117647058
,,1.0,,,,2025-05-14T02:16:25Z,ls8,qd9y10dw50vt,,,
0.04454545454545455,0.6913636363636363,0.0,0.2509090909090909,0.0,0.0,2025-05-15T02:10:47Z,ls9,qd9y10dw50vt,0.25426070935052975,0.7005988023952096,0.045140488254260716
0.05909090909090909,0.6781818181818182,0.0,0.2509090909090909,0.0,0.0,2025-05-22T02:16:31Z,ls9,qd9y10dw50vt,0.25390984360625574,0.6862925482980681,0.059797608095676164
0.04863636363636364,0.6268181818181817,0.0,0.31136363636363645,0.0,0.0,2025-05-23T02:10:42Z,ls8,qd9y10dw50vt,0.3155228005527408,0.6351911561492399,0.04928604329801935
,,1.0,,,,2025-05-30T02:16:30Z,ls8,qd9y10dw50vt,,,
,,1.0,,,,2025-05-31T02:10:41Z,ls9,qd9y10dw50vt,,,
0.08454545454545455,0.6395454545454545,0.0,0.2636363636363636,0.0,0.0,2025-06-07T02:16:27Z,ls9,qd9y10dw50vt,0.266912103083295,0.6474919466175794,0.08559595029912564
0.08636363636363636,0.6413636363636365,0.0,0.26090909090909087,0.0,0.0,2025-06-08T02:10:46Z,ls8,qd9y10dw50vt,0.2639080459770114,0.6487356321839081,0.08735632183908044
,,1.0,,,,2025-06-15T02:17:03Z,ls8,qd9y10dw50vt,,,
0.08863636363636364,0.6386363636363636,0.0,0.2618181818181818,0.0,0.0,2025-06-16T02:10:50Z,ls9,qd9y10dw50vt,0.2647058823529412,0.6456801470588235,0.08961397058823531
0.14,0.3563636363636364,0.0,0.22090909090909092,0.045454545454545456,0.22727272727272727,2025-06-24T02:10:58Z,ls8,qd9y10dw50vt,0.2239889388178362,0.36133195068556284,0.14195183776932827
,,1.0,,,,2025-07-02T02:10:57Z,ls9,qd9y10dw50vt,,,
0.14818181818181816,0.3313636363636364,0.0,0.2368181818181818,0.0,0.2727272727272727,2025-07-09T02:17:08Z,ls9,qd9y10dw50vt,0.2404245500692201,0.33640978311029074,0.1504383940932164
0.17272727272727273,0.46272727272727265,0.0,0.30363636363636365,0.0,0.045454545454545456,2025-07-10T02:11:00Z,ls8,qd9y10dw50vt,0.308633283463874,0.4703423391709935,0.175569831910587
0.1422727272727273,0.31136363636363634,0.0,0.21727272727272726,0.09090909090909091,0.22727272727272727,2025-07-17T02:16:51Z,ls8,qd9y10dw50vt,0.22080561714708052,0.3164264597191426,0.14458610495195862
,,1.0,,,,2025-07-18T02:11:03Z,ls9,qd9y10dw50vt,,,
0.04227272727272727,0.03909090909090909,0.0,0.05272727272727273,0.4090909090909091,0.45454545454545453,2025-07-25T02:16:53Z,ls9,qd9y10dw50vt,0.053620955315870536,0.03975346687211092,0.04298921417565483
0.12954545454545455,0.12409090909090909,0.0,0.14727272727272728,0.18181818181818182,0.4090909090909091,2025-07-26T02:11:07Z,ls8,qd9y10dw50vt,0.15027829313543598,0.1266233766233766,0.13218923933209645
0.07727272727272726,0.13954545454545456,0.0,0.14181818181818182,0.09090909090909091,0.5454545454545454,2025-08-02T02:16:56Z,ls8,qd9y10dw50vt,0.1437953681299689,0.14149095517916813,0.07835004032722662
0.2995454545454546,0.21272727272727276,0.0,0.205,0.0,0.2727272727272727,2025-08-03T02:11:10Z,ls9,qd9y10dw50vt,0.20785804816223066,0.21569305219495336,0.30372162691554333
0.11454545454545455,0.10727272727272727,0.5,0.13636363636363635,0.18181818181818182,0.45454545454545453,2025-08-10T02:17:27Z,ls9,qd9y10dw50vt,0.13844023996308258,0.10890632210429163,0.11628980156898938
0.07636363636363636,0.12772727272727274,0.0,0.10954545454545456,0.22727272727272727,0.45454545454545453,2025-08-11T02:11:15Z,ls8,qd9y10dw50vt,0.11113306982872201,0.1295783926218709,0.07747035573122528
0.27249999999999996,0.23249999999999998,0.8181818181818181,0.235,0.25,0.0,2025-08-18T02:17:04Z,ls8,qd9y10dw50vt,0.23817567567567566,0.23564189189189189,0.2761824324324324
0.0,0.0,0.0,0.0,0.7272727272727273,0.2727272727272727,2025-08-19T02:11:20Z,ls9,qd9y10dw50vt,0.0,0.0,0.0
,,1.0,,,,2025-08-26T02:17:08Z,ls9,qd9y10dw50vt,,,
,,1.0,,,,2025-08-27T02:11:17Z,ls8,qd9y10dw50vt,,,
0.12545454545454546,0.33409090909090905,0.0,0.21318181818181817,0.0,0.3181818181818182,2025-09-03T02:17:08Z,ls8,qd9y10dw50vt,0.21606265356265358,0.3386056511056511,0.12714987714987716
0.1381818181818182,0.3972727272727273,0.0,0.2713636363636364,0.045454545454545456,0.13636363636363635,2025-09-04T02:11:25Z,ls9,qd9y10dw50vt,0.2751856594110116,0.40286811779769527,0.1401280409731114
0.15272727272727277,0.3068181818181819,0.0,0.21318181818181817,0.13636363636363635,0.18181818181818182,2025-09-11T02:17:38Z,ls9,qd9y10dw50vt,0.21606265356265353,0.3109643734643735,0.15479115479115482
0.17,0.3145454545454545,0.0,0.2327272727272727,0.045454545454545456,0.22727272727272727,2025-09-12T02:11:23Z,ls8,qd9y10dw50vt,0.2359718861620002,0.3189307523908284,0.17237008871989862
0.0,0.0,0.0,0.0,1.0,0.0,2025-09-19T02:17:14Z,ls8,qd9y10dw50vt,0.0,0.0,0.0
0.11227272727272729,0.42863636363636365,0.0,0.26636363636363636,0.045454545454545456,0.13636363636363635,2025-09-20T02:11:28Z,ls9,qd9y10dw50vt,0.26996314496314494,0.43442874692874694,0.11378992628992629
0.05136363636363637,0.6390909090909092,0.0,0.2972727272727273,0.0,0.0,2025-09-27T02:17:42Z,ls9,qd9y10dw50vt,0.30096640589047396,0.6470317533364013,0.05200184077312471
0.01263157894736842,0.1310526315789474,0.13636363636363635,0.06526315789473684,0.7368421052631579,0.05263157894736842,2025-09-28T02:11:28Z,ls8,qd9y10dw50vt,0.06575633037253084,0.13204295373193695,0.012727031685005968
0.06772727272727273,0.620909090909091,0.0,0.29954545454545456,0.0,0.0,2025-10-06T02:11:32Z,ls9,qd9y10dw50vt,0.3031278748850046,0.6283348666053358,0.06853725850965961
0.04818181818181819,0.6445454545454546,0.0,0.2986363636363637,0.0,0.0,2025-10-13T02:17:47Z,ls9,qd9y10dw50vt,0.3012379642365887,0.6501604768454837,0.04860155891792755
0.030000000000000006,0.6627272727272727,0.0,0.2981818181818182,0.0,0.0,2025-10-14T02:11:31Z,ls8,qd9y10dw50vt,0.30091743119266057,0.6688073394495413,0.03027522935779817
0.006818181818181818,0.05136363636363636,0.0,0.031818181818181815,0.36363636363636365,0.5454545454545454,2025-10-21T02:17:15Z,ls8,qd9y10dw50vt,0.03213957759412306,0.051882460973370084,0.006887052341597799
0.03136363636363637,0.675909090909091,0.0,0.28136363636363637,0.0,0.0,2025-10-30T02:11:31Z,ls8,qd9y10dw50vt,0.2845977011494253,0.6836781609195403,0.031724137931034485
,,1.0,,,,2025-11-06T02:17:43Z,ls8,qd9y10dw50vt,,,
0.03636363636363637,0.6659090909090908,0.0,0.2859090909090909,0.0,0.0,2025-11-07T02:11:36Z,ls9,qd9y10dw50vt,0.2893284268629255,0.6738730450781968,0.03679852805887766
0.03863636363636364,0.7022727272727273,0.0,0.24863636363636366,0.0,0.0,2025-11-14T02:17:24Z,ls9,qd9y10dw50vt,0.25126320624712906,0.7096922370234267,0.039044556729444194
0.03454545454545455,0.6909090909090909,0.0,0.2654545454545455,0.0,0.0,2025-11-15T02:11:31Z,ls8,qd9y10dw50vt,0.26788990825688075,0.6972477064220183,0.034862385321100926
,,1.0,,,,2025-11-22T02:17:20Z,ls8,qd9y10dw50vt,,,
,,1.0,,,,2025-11-23T02:11:34Z,ls9,qd9y10dw50vt,,,
0.03909090909090909,0.7022727272727274,0.0,0.24863636363636366,0.0,0.0,2025-11-30T02:17:47Z,ls9,qd9y10dw50vt,0.25114784205693297,0.709366391184573,0.03948576675849403
0.04363636363636363,0.715,0.0,0.2318181818181818,0.0,0.0,2025-12-01T02:11:30Z,ls8,qd9y10dw50vt,0.23405231757687014,0.7218907755851308,0.04405690683799908
0.03090909090909091,0.7199999999999999,0.0,0.2381818181818182,0.0,0.0,2025-12-08T02:17:41Z,ls8,qd9y10dw50vt,0.24080882352941183,0.7279411764705882,0.03125000000000001
0.034545454545454546,0.7100000000000001,0.0,0.24545454545454548,0.0,0.0,2025-12-09T02:11:34Z,ls9,qd9y10dw50vt,0.24793388429752067,0.7171717171717171,0.03489439853076216
0.033636363636363645,0.7090909090909091,0.0,0.24545454545454548,0.0,0.0,2025-12-16T02:17:23Z,ls9,qd9y10dw50vt,0.24839006439742412,0.7175712971481141,0.034038638454461825
0.065,0.585,0.9090909090909091,0.33499999999999996,0.0,0.0,2025-12-17T02:11:30Z,ls8,qd9y10dw50vt,0.3401015228426396,0.5939086294416244,0.06598984771573606
0.040909090909090916,0.7281818181818182,0.0,0.22045454545454543,0.0,0.0,2025-12-24T02:17:17Z,ls8,qd9y10dw50vt,0.22278364722094623,0.7358750574184658,0.041341295360587976
0.046363636363636364,0.7222727272727273,0.0,0.2204545454545455,0.0,0.0,2025-12-25T02:11:40Z,ls9,qd9y10dw50vt,0.22288602941176472,0.7302389705882353,0.046875
0.06454545454545456,0.7227272727272728,0.0,0.20272727272727273,0.0,0.0,2026-01-01T02:17:49Z,ls9,qd9y10dw50vt,0.2047750229568411,0.7300275482093663,0.06519742883379248
0.06777777777777777,0.6900000000000001,0.18181818181818177,0.2305555555555555,0.0,0.0,2026-01-02T02:11:26Z,ls8,qd9y10dw50vt,0.23327712197863965,0.6981450252951097,0.0685778527262507
0.03954545454545455,0.7372727272727272,0.0,0.21136363636363634,0.0,0.0,2026-01-09T02:17:07Z,ls8,qd9y10dw50vt,0.21389144434222632,0.7460901563937443,0.04001839926402945
0.049090909090909095,0.735909090909091,0.0,0.205,0.0,0.0,2026-01-10T02:11:32Z,ls9,qd9y10dw50vt,0.20707070707070707,0.7433425160697889,0.049586776859504134
0.021363636363636366,0.6995454545454544,0.0,0.26772727272727276,0.0,0.0,2026-02-11T02:11:28Z,ls9,qd9y10dw50vt,0.2708045977011495,0.7075862068965517,0.02160919540229886
0.0440909090909091,0.7190909090909092,0.0,0.22681818181818178,0.0,0.0,2026-02-18T02:17:34Z,ls9,qd9y10dw50vt,0.22910927456381996,0.726354453627181,0.044536271808999085
0.047727272727272736,0.7145454545454546,0.0,0.22681818181818184,0.0,0.0,2026-02-19T02:11:16Z,ls8,qd9y10dw50vt,0.2293198529411765,0.7224264705882353,0.048253676470588244
0.029090909090909098,0.7213636363636364,0.0,0.23863636363636365,0.0,0.0,2026-02-26T02:17:25Z,ls8,qd9y10dw50vt,0.24126838235294118,0.7293198529411765,0.02941176470588236
0.04055555555555555,0.6955555555555555,0.18181818181818177,0.2522222222222222,0.0,0.0,2026-02-27T02:11:23Z,ls9,qd9y10dw50vt,0.25519955030916247,0.7037661607644745,0.04103428892636313
0.045,0.7136363636363637,0.0,0.2304545454545455,0.0,0.0,2026-03-06T02:17:32Z,ls9,qd9y10dw50vt,0.23299632352941177,0.7215073529411764,0.045496323529411756
0.03181818181818182,0.745909090909091,0.0,0.2127272727272727,0.0,0.0,2026-03-07T02:11:08Z,ls8,qd9y10dw50vt,0.21477742083524548,0.7530977512620468,0.03212482790270766
0.062380952380952384,0.6999999999999998,0.045454545454545414,0.22619047619047622,0.0,0.0,2026-03-14T02:17:14Z,ls8,qd9y10dw50vt,0.22880539499036615,0.7080924855491328,0.06310211946050097
0.03863636363636364,0.7313636363636363,0.0,0.21954545454545454,0.0,0.0,2026-03-15T02:11:13Z,ls9,qd9y10dw50vt,0.22186495176848872,0.739090491502067,0.039044556729444194
