bare_soil,dry_vegetation,pc_missing,green_vegetation,water,wetness,date,ard_product,nwi_id,norm_pv,norm_npv,norm_bs
0.027142857142857142,0.14857142857142858,0.0,0.10642857142857143,0.5714285714285714,0.14285714285714285,1986-08-16T01:32:51Z,ls5,qd9y0yh73w3u,0.10777576853526223,0.15045207956600365,0.027486437613019894
,,1.0,,,,1987-05-31T01:35:27Z,ls5,qd9y0yh73w3u,,,
0.16785714285714287,0.16785714285714287,0.0,0.2278571428571429,0.35714285714285715,0.07142857142857142,1987-09-04T01:37:49Z,ls5,qd9y0yh73w3u,0.2310338584102843,0.17019735650914358,0.17019735650914358
,,1.0,,,,1987-10-22T01:38:48Z,ls5,qd9y0yh73w3u,,,
0.10071428571428574,0.6257142857142858,0.0,0.2635714285714285,0.0,0.0,1987-11-07T01:39:08Z,ls5,qd9y0yh73w3u,0.26623376623376616,0.6320346320346321,0.10173160173160176
,,1.0,,,,1987-11-23T01:39:27Z,ls5,qd9y0yh73w3u,,,
0.10071428571428573,0.64,0.0,0.24928571428571436,0.0,0.0,1987-12-09T01:39:40Z,ls5,qd9y0yh73w3u,0.25180375180375186,0.6464646464646464,0.10173160173160173
,,1.0,,,,1987-12-25T01:39:56Z,ls5,qd9y0yh73w3u,,,
0.04785714285714286,0.7321428571428571,0.0,0.2092857142857143,0.0,0.0,1988-01-10T01:40:12Z,ls5,qd9y0yh73w3u,0.21155234657039715,0.740072202166065,0.048375451263537914
0.11714285714285715,0.6671428571428571,0.0,0.20500000000000004,0.0,0.0,1988-01-26T01:40:30Z,ls5,qd9y0yh73w3u,0.20722021660649823,0.6743682310469313,0.1184115523465704
0.04071428571428572,0.7500000000000001,0.0,0.19857142857142862,0.0,0.0,1988-02-11T01:40:48Z,ls5,qd9y0yh73w3u,0.20072202166064984,0.7581227436823105,0.041155234657039706
0.04428571428571428,0.7528571428571427,0.0,0.19357142857142853,0.0,0.0,1988-02-27T01:41:00Z,ls5,qd9y0yh73w3u,0.1953857245854362,0.759913482335977,0.04470079307858689
0.05857142857142857,0.7185714285714286,0.0,0.21,0.0,0.0,1988-03-14T01:41:09Z,ls5,qd9y0yh73w3u,0.2127351664254703,0.7279305354558611,0.059334298118668596
0.0735714285714286,0.7057142857142855,0.0,0.21071428571428572,0.0,0.0,1988-03-30T01:41:16Z,ls5,qd9y0yh73w3u,0.21284271284271286,0.7128427128427127,0.07431457431457435
,,1.0,,,,1988-05-17T01:41:38Z,ls5,qd9y0yh73w3u,,,
,,1.0,,,,1988-06-02T01:41:44Z,ls5,qd9y0yh73w3u,,,
0.13285714285714287,0.21714285714285717,0.0,0.2814285714285714,0.14285714285714285,0.21428571428571427,1988-07-20T01:41:56Z,ls5,qd9y0yh73w3u,0.28652230122818356,0.2210730446024564,0.13526179702650293
0.15142857142857144,0.18142857142857144,0.0,0.22999999999999998,0.21428571428571427,0.21428571428571427,1988-08-05T01:41:58Z,ls5,qd9y0yh73w3u,0.23350253807106597,0.18419144307469182,0.15373459028281364
0.0,0.027857142857142858,0.0,0.04285714285714286,0.5,0.42857142857142855,1988-08-21T01:41:59Z,ls5,qd9y0yh73w3u,0.04329004329004331,0.028138528138528147,0.0
,,1.0,,,,1988-09-06T01:42:02Z,ls5,qd9y0yh73w3u,,,
0.21142857142857138,0.14714285714285716,0.0,0.3485714285714286,0.14285714285714285,0.14285714285714285,1988-09-22T01:41:57Z,ls5,qd9y0yh73w3u,0.3520923520923522,0.14862914862914867,0.21356421356421354
0.09071428571428572,0.4457142857142857,0.0,0.45000000000000007,0.0,0.0,1988-10-08T01:41:52Z,ls5,qd9y0yh73w3u,0.45619116582186825,0.45184648805213606,0.09196234612599566
0.0892857142857143,0.5192857142857144,0.0,0.3792857142857143,0.0,0.0,1988-10-24T01:41:47Z,ls5,qd9y0yh73w3u,0.3839479392624729,0.5256688358640637,0.0903832248734635
0.07357142857142858,0.5928571428571427,0.0,0.32285714285714284,0.0,0.0,1988-11-09T01:41:50Z,ls5,qd9y0yh73w3u,0.32635379061371844,0.5992779783393501,0.07436823104693142
0.05071428571428572,0.6457142857142857,0.0,0.2942857142857143,0.0,0.0,1988-11-25T01:41:50Z,ls5,qd9y0yh73w3u,0.2970439798125451,0.6517664023071377,0.051189617880317236
0.04,0.6757142857142858,0.0,0.27285714285714285,0.0,0.0,1988-12-11T01:41:39Z,ls5,qd9y0yh73w3u,0.2760115606936416,0.6835260115606937,0.04046242774566474
0.052857142857142866,0.6799999999999999,0.0,0.2592857142857143,0.0,0.0,1989-01-12T01:41:26Z,ls5,qd9y0yh73w3u,0.2613390928725702,0.6853851691864651,0.05327573794096473
0.014999999999999998,0.7171428571428573,0.0,0.2585714285714286,0.0,0.0,1989-01-28T01:41:13Z,ls5,qd9y0yh73w3u,0.2609949531362653,0.7238644556596971,0.015140591204037485
0.018571428571428572,0.7300000000000001,0.0,0.24285714285714288,0.0,0.0,1989-02-13T01:41:14Z,ls5,qd9y0yh73w3u,0.24495677233429394,0.7363112391930836,0.018731988472622477
,,1.0,,,,1989-03-08T01:46:59Z,ls5,qd9y0yh73w3u,,,
0.1442857142857143,0.6021428571428572,0.0,0.2442857142857143,0.0,0.0,1989-03-17T01:40:22Z,ls5,qd9y0yh73w3u,0.2465753424657534,0.6077865897620763,0.14563806777217014
0.14214285714285713,0.6171428571428572,0.0,0.22714285714285723,0.0,0.0,1989-03-24T01:46:19Z,ls5,qd9y0yh73w3u,0.23026792179580022,0.6256335988414192,0.14409847936278056
0.1964285714285714,0.3885714285714285,0.0,0.40071428571428575,0.0,0.0,1989-06-05T01:39:27Z,ls5,qd9y0yh73w3u,0.4065217391304348,0.3942028985507246,0.19927536231884055
0.24285714285714288,0.33285714285714285,0.0,0.4107142857142857,0.0,0.0,1989-06-21T01:39:02Z,ls5,qd9y0yh73w3u,0.41636495293265746,0.33743664011585806,0.24619840695148446
,,1.0,,,,1989-07-23T01:38:27Z,ls5,qd9y0yh73w3u,,,
0.22642857142857142,0.3178571428571429,0.0,0.44142857142857145,0.0,0.0,1989-08-08T01:38:07Z,ls5,qd9y0yh73w3u,0.44782608695652176,0.3224637681159421,0.22971014492753622
0.20500000000000004,0.35214285714285715,0.0,0.4307142857142857,0.0,0.0,1989-09-09T01:37:22Z,ls5,qd9y0yh73w3u,0.4360086767895878,0.35647143890093996,0.20751988430947219
0.14642857142857144,0.47000000000000003,0.0,0.3685714285714286,0.0,0.0,1989-09-25T01:36:58Z,ls5,qd9y0yh73w3u,0.3741841914430747,0.47715736040609136,0.14865844815083393
,,1.0,,,,1989-10-11T01:36:37Z,ls5,qd9y0yh73w3u,,,
,,1.0,,,,1989-11-12T01:35:35Z,ls5,qd9y0yh73w3u,,,
0.04642857142857144,0.7114285714285712,0.0,0.23428571428571426,0.0,0.0,1989-12-14T01:34:45Z,ls5,qd9y0yh73w3u,0.23614110871130312,0.7170626349892008,0.046796256299496054
,,1.0,,,,1990-01-15T01:33:44Z,ls5,qd9y0yh73w3u,,,
0.21642857142857144,0.5299999999999999,0.0,0.24285714285714288,0.0,0.0,1990-01-31T01:33:14Z,ls5,qd9y0yh73w3u,0.24548736462093868,0.535740072202166,0.21877256317689533
,,1.0,,,,1990-02-16T01:32:42Z,ls5,qd9y0yh73w3u,,,
0.11500000000000002,0.6028571428571429,0.0,0.26714285714285707,0.0,0.0,1990-04-05T01:31:16Z,ls5,qd9y0yh73w3u,0.27121102248005796,0.6120377084844091,0.11675126903553303
0.10428571428571429,0.5978571428571428,0.0,0.2857142857142857,0.0,0.0,1990-04-21T01:31:29Z,ls5,qd9y0yh73w3u,0.28922631959508316,0.6052060737527114,0.10556760665220537
0.09714285714285716,0.6385714285714286,0.0,0.25285714285714284,0.0,0.0,1990-05-07T01:31:25Z,ls5,qd9y0yh73w3u,0.2557803468208092,0.6459537572254335,0.09826589595375723
0.19571428571428576,0.48214285714285715,0.0,0.3114285714285714,0.0,0.0,1990-05-23T01:31:27Z,ls5,qd9y0yh73w3u,0.3148014440433212,0.48736462093862815,0.19783393501805058
,,1.0,,,,1990-06-08T01:31:25Z,ls5,qd9y0yh73w3u,,,
0.26428571428571435,0.3678571428571429,0.0,0.3507142857142857,0.0,0.0,1990-06-24T01:31:24Z,ls5,qd9y0yh73w3u,0.3568313953488371,0.3742732558139535,0.26889534883720934
0.27642857142857147,0.3885714285714286,0.0,0.32071428571428573,0.0,0.0,1990-07-10T01:31:22Z,ls5,qd9y0yh73w3u,0.3253623188405797,0.39420289855072466,0.2804347826086957
0.1542857142857143,0.4285714285714285,0.0,0.4028571428571429,0.0,0.0,1990-07-26T01:31:18Z,ls5,qd9y0yh73w3u,0.40869565217391307,0.43478260869565205,0.1565217391304348
,,1.0,,,,1990-08-11T01:31:13Z,ls5,qd9y0yh73w3u,,,
0.21571428571428575,0.3292857142857143,0.0,0.44142857142857156,0.0,0.0,1990-08-27T01:31:08Z,ls5,qd9y0yh73w3u,0.4475018102824041,0.33381607530774793,0.21868211440984792
0.1764285714285714,0.38071428571428567,0.0,0.42857142857142855,0.0,0.0,1990-09-12T01:31:05Z,ls5,qd9y0yh73w3u,0.4347826086956522,0.38623188405797104,0.17898550724637682
0.14785714285714288,0.40071428571428575,0.0,0.43785714285714283,0.0,0.0,1990-09-28T01:30:56Z,ls5,qd9y0yh73w3u,0.443881245474294,0.40622737146994936,0.14989138305575672
0.10142857142857142,0.5514285714285714,0.0,0.33285714285714285,0.0,0.0,1990-10-30T01:30:41Z,ls5,qd9y0yh73w3u,0.33768115942028987,0.5594202898550724,0.10289855072463769
0.07571428571428572,0.6214285714285716,0.0,0.2914285714285714,0.0,0.0,1990-11-15T01:30:43Z,ls5,qd9y0yh73w3u,0.29479768786127164,0.6286127167630058,0.07658959537572253
0.034999999999999996,0.6935714285714286,0.0,0.26071428571428573,0.0,0.0,1990-12-17T01:30:41Z,ls5,qd9y0yh73w3u,0.2635379061371841,0.7010830324909747,0.035379061371841145
0.04928571428571428,0.6785714285714285,0.0,0.26142857142857145,0.0,0.0,1991-01-02T01:31:07Z,ls5,qd9y0yh73w3u,0.26425992779783397,0.6859205776173285,0.049819494584837545
,,1.0,,,,1991-01-09T01:37:27Z,ls5,qd9y0yh73w3u,,,
0.04214285714285714,0.7121428571428572,0.0,0.2378571428571429,0.0,0.0,1991-01-18T01:31:34Z,ls5,qd9y0yh73w3u,0.23974082073434128,0.7177825773938085,0.04247660187185025
,,1.0,,,,1991-02-03T01:31:46Z,ls5,qd9y0yh73w3u,,,
0.057857142857142864,0.7,0.0,0.23142857142857146,0.0,0.0,1991-02-19T01:32:08Z,ls5,qd9y0yh73w3u,0.23393501805054157,0.7075812274368231,0.05848375451263539
0.05,0.7085714285714285,0.0,0.23428571428571435,0.0,0.0,1991-03-07T01:32:25Z,ls5,qd9y0yh73w3u,0.2359712230215828,0.7136690647482014,0.050359712230215826
,,1.0,,,,1991-03-23T01:32:48Z,ls5,qd9y0yh73w3u,,,
0.01,0.752142857142857,0.0,0.23214285714285715,0.0,0.0,1991-04-08T01:33:01Z,ls5,qd9y0yh73w3u,0.2334770114942529,0.7564655172413792,0.010057471264367818
0.13214285714285717,0.6178571428571429,0.0,0.23785714285714282,0.0,0.0,1991-04-24T01:33:16Z,ls5,qd9y0yh73w3u,0.24078091106290672,0.6254519161243673,0.133767172812726
,,1.0,,,,1991-05-10T01:33:35Z,ls5,qd9y0yh73w3u,,,
0.15714285714285717,0.5842857142857143,0.0,0.2464285714285714,0.0,0.0,1991-05-26T01:33:52Z,ls5,qd9y0yh73w3u,0.2494577006507592,0.591467823571945,0.15907447577729575
,,1.0,,,,1991-06-27T01:34:18Z,ls5,qd9y0yh73w3u,,,
0.24285714285714288,0.35500000000000004,0.0,0.3164285714285714,0.0,0.07142857142857142,1991-07-13T01:34:28Z,ls5,qd9y0yh73w3u,0.3213727678571428,0.36054687500000004,0.24665178571428573
0.1157142857142857,0.15857142857142856,0.0,0.1464285714285714,0.42857142857142855,0.14285714285714285,1991-08-14T01:34:45Z,ls5,qd9y0yh73w3u,0.14916323065728837,0.1615328644191123,0.11787533349502788
0.3192857142857143,0.20857142857142857,0.0,0.3178571428571429,0.07142857142857142,0.07142857142857142,1991-08-30T01:34:54Z,ls5,qd9y0yh73w3u,0.3221525096525097,0.21138996138996138,0.3236003861003861
,,1.0,,,,1991-09-15T01:35:08Z,ls5,qd9y0yh73w3u,,,
0.07928571428571429,0.5264285714285714,0.0,0.38500000000000006,0.0,0.0,1991-10-01T01:35:13Z,ls5,qd9y0yh73w3u,0.38860850757029564,0.5313626532083633,0.08002883922134103
0.11214285714285717,0.5399999999999999,0.0,0.33642857142857135,0.0,0.0,1991-10-17T01:35:24Z,ls5,qd9y0yh73w3u,0.34031791907514447,0.546242774566474,0.11343930635838154
0.05857142857142857,0.6292857142857142,0.0,0.30357142857142855,0.0,0.0,1991-11-02T01:35:23Z,ls5,qd9y0yh73w3u,0.3061959654178674,0.6347262247838616,0.059077809798270896
0.09285714285714287,0.6142857142857144,0.0,0.28071428571428575,0.0,0.0,1991-11-18T01:35:27Z,ls5,qd9y0yh73w3u,0.28416485900216915,0.6218365871294288,0.09399855386840202
,,1.0,,,,1991-12-04T01:35:41Z,ls5,qd9y0yh73w3u,,,
0.03785714285714286,0.7264285714285714,0.0,0.22642857142857145,0.0,0.0,1991-12-20T01:35:33Z,ls5,qd9y0yh73w3u,0.2285508291276136,0.7332372025955299,0.03821196827685653
,,1.0,,,,1992-01-05T01:35:30Z,ls5,qd9y0yh73w3u,,,
0.07785714285714287,0.7014285714285714,0.0,0.21428571428571427,0.0,0.0,1992-01-21T01:35:30Z,ls5,qd9y0yh73w3u,0.2156721782890007,0.7059669302659957,0.07836089144500362
0.04571428571428572,0.6978571428571428,0.0,0.24857142857142858,0.0,0.0,1992-02-22T01:35:25Z,ls5,qd9y0yh73w3u,0.25053995680345575,0.7033837293016559,0.04607631389488842
,,1.0,,,,1992-03-09T01:35:25Z,ls5,qd9y0yh73w3u,,,
0.08357142857142856,0.5842857142857143,0.0,0.3221428571428571,0.0,0.0,1992-04-10T01:35:13Z,ls5,qd9y0yh73w3u,0.3253968253968254,0.5901875901875903,0.08441558441558442
,,1.0,,,,1992-04-26T01:35:05Z,ls5,qd9y0yh73w3u,,,
0.10857142857142861,0.6321428571428571,0.0,0.24785714285714283,0.0,0.0,1992-05-12T01:34:58Z,ls5,qd9y0yh73w3u,0.25072254335260113,0.6394508670520231,0.10982658959537576
0.07857142857142858,0.6414285714285713,0.0,0.2700000000000001,0.0,0.0,1992-05-28T01:34:49Z,ls5,qd9y0yh73w3u,0.27272727272727276,0.6479076479076478,0.07936507936507937
,,1.0,,,,1992-06-13T01:34:38Z,ls5,qd9y0yh73w3u,,,
,,1.0,,,,1992-06-29T01:34:27Z,ls5,qd9y0yh73w3u,,,
0.22142857142857145,0.3821428571428571,0.0,0.38500000000000006,0.0,0.0,1992-07-15T01:34:15Z,ls5,qd9y0yh73w3u,0.3894508670520232,0.3865606936416185,0.2239884393063584
0.24142857142857146,0.39,0.0,0.35357142857142854,0.0,0.0,1992-07-31T01:34:02Z,ls5,qd9y0yh73w3u,0.35895576504713556,0.39593908629441626,0.24510514865844818
,,1.0,,,,1992-08-07T01:40:07Z,ls5,qd9y0yh73w3u,,,
,,1.0,,,,1992-09-01T01:33:32Z,ls5,qd9y0yh73w3u,,,
0.29857142857142854,0.30142857142857143,0.0,0.38642857142857145,0.0,0.0,1992-09-17T01:33:18Z,ls5,qd9y0yh73w3u,0.3917451122375091,0.3055756698044895,0.3026792179580014
,,1.0,,,,1992-09-24T01:39:21Z,ls5,qd9y0yh73w3u,,,
,,1.0,,,,1992-10-03T01:32:56Z,ls5,qd9y0yh73w3u,,,
0.15214285714285716,0.4428571428571429,0.0,0.39285714285714285,0.0,0.0,1992-10-19T01:32:43Z,ls5,qd9y0yh73w3u,0.3976861894432393,0.44830079537237894,0.1540130151843818
0.07357142857142855,0.6285714285714284,0.0,0.28785714285714287,0.0,0.0,1992-12-06T01:32:27Z,ls5,qd9y0yh73w3u,0.29076479076479084,0.6349206349206349,0.0743145743145743
0.06642857142857142,0.6914285714285713,0.0,0.2335714285714286,0.0,0.0,1993-01-07T01:32:47Z,ls5,qd9y0yh73w3u,0.2355907780979828,0.6974063400576369,0.06700288184438041
0.05357142857142857,0.7007142857142857,0.0,0.2335714285714286,0.0,0.0,1993-01-23T01:32:58Z,ls5,qd9y0yh73w3u,0.23644251626898047,0.7093275488069414,0.05422993492407808
,,1.0,,,,1993-01-30T01:39:13Z,ls5,qd9y0yh73w3u,,,
0.045714285714285714,0.7221428571428571,0.0,0.22357142857142856,0.0,0.0,1993-02-08T01:33:09Z,ls5,qd9y0yh73w3u,0.22550432276657062,0.7283861671469741,0.046109510086455335
0.04785714285714286,0.6835714285714285,0.0,0.2571428571428572,0.0,0.0,1993-02-24T01:33:12Z,ls5,qd9y0yh73w3u,0.2601156069364163,0.6914739884393064,0.04841040462427747
,,1.0,,,,1993-03-03T01:39:29Z,ls5,qd9y0yh73w3u,,,
0.021428571428571432,0.6885714285714287,0.0,0.2807142857142857,0.0,0.0,1993-03-12T01:33:24Z,ls5,qd9y0yh73w3u,0.2833453496755587,0.6950252343186735,0.021629416005767843
0.09642857142857143,0.635,0.0,0.25857142857142856,0.0,0.0,1993-04-13T01:33:33Z,ls5,qd9y0yh73w3u,0.2611832611832612,0.6414141414141414,0.09740259740259741
0.3292857142857143,0.47857142857142865,0.0,0.18571428571428572,0.0,0.0,1993-04-29T01:33:40Z,ls5,qd9y0yh73w3u,0.18691588785046728,0.48166786484543495,0.33141624730409774
,,1.0,,,,1993-05-15T01:33:43Z,ls5,qd9y0yh73w3u,,,
0.21071428571428577,0.4978571428571429,0.0,0.2785714285714285,0.0,0.0,1993-05-31T01:33:47Z,ls5,qd9y0yh73w3u,0.28219971056439935,0.5043415340086831,0.21345875542691756
0.3007142857142857,0.39357142857142857,0.0,0.2914285714285714,0.0,0.0,1993-07-02T01:33:37Z,ls5,qd9y0yh73w3u,0.29565217391304344,0.39927536231884053,0.3050724637681159
0.24857142857142853,0.3985714285714286,0.0,0.3392857142857143,0.0,0.0,1993-07-18T01:33:38Z,ls5,qd9y0yh73w3u,0.3439536567704562,0.4040550325850833,0.2519913106444605
0.2578571428571429,0.38785714285714284,0.0,0.34142857142857136,0.0,0.0,1993-08-03T01:33:37Z,ls5,qd9y0yh73w3u,0.345875542691751,0.39290882778581765,0.2612156295224313
0.26928571428571424,0.3278571428571429,0.0,0.3907142857142857,0.0,0.0,1993-08-19T01:33:37Z,ls5,qd9y0yh73w3u,0.39551699204627616,0.33188720173535796,0.2725958062183658
,,1.0,,,,1993-09-04T01:33:36Z,ls5,qd9y0yh73w3u,,,
0.2,0.3807142857142857,0.0,0.40571428571428575,0.0,0.0,1993-09-20T01:33:34Z,ls5,qd9y0yh73w3u,0.41129616220130344,0.38595220854453294,0.20275162925416365
,,1.0,,,,1993-10-06T01:33:30Z,ls5,qd9y0yh73w3u,,,
0.045714285714285714,0.6307142857142856,0.0,0.3142857142857142,0.0,0.0,1993-10-22T01:33:22Z,ls5,qd9y0yh73w3u,0.3172314347512617,0.6366258111031001,0.04614275414563807
0.04214285714285715,0.6835714285714287,0.0,0.265,0.0,0.0,1993-11-07T01:33:16Z,ls5,qd9y0yh73w3u,0.26748377793799566,0.6899783705839942,0.04253785147801009
0.10500000000000001,0.6307142857142857,0.0,0.25142857142857145,0.0,0.0,1993-11-23T01:33:08Z,ls5,qd9y0yh73w3u,0.2547033285094067,0.6389290882778582,0.10636758321273518
0.12571428571428572,0.6478571428571429,0.0,0.21285714285714288,0.0,0.0,1993-12-09T01:33:05Z,ls5,qd9y0yh73w3u,0.2157856625633599,0.6567704561911659,0.1274438812454743
0.04142857142857143,0.7207142857142858,0.0,0.22500000000000003,0.0,0.0,1993-12-25T01:32:56Z,ls5,qd9y0yh73w3u,0.2279305354558611,0.7301013024602026,0.041968162083936326
,,1.0,,,,1994-01-10T01:32:43Z,ls5,qd9y0yh73w3u,,,
0.05357142857142858,0.7450000000000001,0.0,0.19071428571428575,0.0,0.0,1994-01-26T01:32:30Z,ls5,qd9y0yh73w3u,0.19277978339350182,0.7530685920577618,0.05415162454873647
0.04,0.7478571428571428,0.0,0.20142857142857143,0.0,0.0,1994-02-27T01:32:05Z,ls5,qd9y0yh73w3u,0.2036101083032491,0.755956678700361,0.0404332129963899
,,1.0,,,,1994-03-06T01:38:10Z,ls5,qd9y0yh73w3u,,,
0.03785714285714286,0.7285714285714285,0.0,0.2257142857142857,0.0,0.0,1994-03-15T01:31:51Z,ls5,qd9y0yh73w3u,0.22750179985601154,0.7343412526997841,0.038156947444204475
,,1.0,,,,1994-03-22T01:37:55Z,ls5,qd9y0yh73w3u,,,
0.07714285714285717,0.6992857142857142,0.0,0.21142857142857147,0.0,0.0,1994-03-31T01:31:35Z,ls5,qd9y0yh73w3u,0.21402747650036158,0.707881417208966,0.07809110629067248
0.06142857142857143,0.7207142857142859,0.0,0.20642857142857146,0.0,0.0,1994-05-02T01:31:01Z,ls5,qd9y0yh73w3u,0.20881502890173412,0.7290462427745665,0.06213872832369942
0.37285714285714283,0.4114285714285714,0.0,0.2,0.0,0.0,1994-06-03T01:30:25Z,ls5,qd9y0yh73w3u,0.20319303338171266,0.41799709724238027,0.3788098693759071
0.26642857142857146,0.2957142857142857,0.0,0.2814285714285715,0.0,0.14285714285714285,1994-07-05T01:29:39Z,ls5,qd9y0yh73w3u,0.285956211443087,0.3004717551711624,0.27071489052860775
0.18571428571428572,0.4257142857142857,0.0,0.37500000000000006,0.0,0.0,1994-07-21T01:29:13Z,ls5,qd9y0yh73w3u,0.3801593048515569,0.43157132512671975,0.1882693700217234
0.17357142857142854,0.3785714285714286,0.0,0.4328571428571429,0.0,0.0,1994-08-22T01:28:24Z,ls5,qd9y0yh73w3u,0.4394488759970993,0.3843364757070341,0.17621464829586653
0.19857142857142857,0.355,0.0,0.43285714285714283,0.0,0.0,1994-09-07T01:28:00Z,ls5,qd9y0yh73w3u,0.4388124547429399,0.35988414192614043,0.20130340333091962
0.19142857142857145,0.3742857142857143,0.0,0.4221428571428571,0.0,0.0,1994-09-23T01:27:35Z,ls5,qd9y0yh73w3u,0.42733188720173537,0.37888647866955893,0.19378163412870575
0.10222222222222223,0.6755555555555556,0.3571428571428571,0.21,0.0,0.0,1994-10-25T01:26:34Z,ls5,qd9y0yh73w3u,0.2125984251968504,0.6839145106861643,0.10348706411698538
0.4025,0.3575,0.7142857142857143,0.23249999999999998,0.0,0.0,1994-11-10T01:26:00Z,ls5,qd9y0yh73w3u,0.23425692695214106,0.3602015113350126,0.4055415617128464
,,1.0,,,,1994-11-26T01:25:28Z,ls5,qd9y0yh73w3u,,,
,,1.0,,,,1994-12-12T01:25:00Z,ls5,qd9y0yh73w3u,,,
0.06857142857142859,0.7092857142857144,0.0,0.21000000000000002,0.0,0.0,1994-12-28T01:24:28Z,ls5,qd9y0yh73w3u,0.2125813449023861,0.7180043383947938,0.06941431670281996
0.03571428571428571,0.7057142857142856,0.0,0.25,0.0,0.0,1995-01-13T01:23:54Z,ls5,qd9y0yh73w3u,0.25216138328530263,0.7118155619596541,0.03602305475504323
,,1.0,,,,1995-01-29T01:23:17Z,ls5,qd9y0yh73w3u,,,
,,1.0,,,,1995-03-09T01:27:54Z,ls5,qd9y0yh73w3u,,,
0.04357142857142858,0.7392857142857141,0.0,0.20642857142857143,0.0,0.0,1995-03-18T01:21:20Z,ls5,qd9y0yh73w3u,0.20866425992779788,0.7472924187725631,0.044043321299639004
0.12142857142857146,0.6299999999999999,0.0,0.23785714285714285,0.0,0.0,1995-04-19T01:20:02Z,ls5,qd9y0yh73w3u,0.2404332129963899,0.6368231046931407,0.12274368231046935
,,1.0,,,,1995-04-26T01:25:54Z,ls5,qd9y0yh73w3u,,,
0.11785714285714288,0.61,0.0,0.25999999999999995,0.0,0.0,1995-05-05T01:19:19Z,ls5,qd9y0yh73w3u,0.26319595083152564,0.6174981923355026,0.11930585683297183
,,1.0,,,,1995-05-12T01:25:11Z,ls5,qd9y0yh73w3u,,,
,,1.0,,,,1995-05-21T01:18:36Z,ls5,qd9y0yh73w3u,,,
,,1.0,,,,1995-06-13T01:23:42Z,ls5,qd9y0yh73w3u,,,
,,1.0,,,,1995-07-24T01:15:40Z,ls5,qd9y0yh73w3u,,,
0.20714285714285713,0.15214285714285714,0.0,0.20500000000000002,0.42857142857142855,0.0,1995-08-25T01:14:13Z,ls5,qd9y0yh73w3u,0.20759493670886078,0.15406871609403253,0.2097649186256781
0.13214285714285715,0.12857142857142856,0.0,0.16285714285714287,0.5714285714285714,0.0,1995-09-10T01:13:27Z,ls5,qd9y0yh73w3u,0.16477957118766562,0.13008913514815706,0.13370272223560586
,,1.0,,,,1995-10-19T01:17:35Z,ls5,qd9y0yh73w3u,,,
0.020714285714285713,0.7057142857142857,0.0,0.26785714285714285,0.0,0.0,1995-12-15T01:12:16Z,ls5,qd9y0yh73w3u,0.26939655172413796,0.7097701149425288,0.020833333333333332
0.057857142857142864,0.7442857142857143,0.0,0.19071428571428575,0.0,0.0,1996-01-16T01:14:35Z,ls5,qd9y0yh73w3u,0.19208633093525182,0.7496402877697842,0.05827338129496403
0.02,0.7564285714285716,0.0,0.21571428571428578,0.0,0.0,1996-02-17T01:16:48Z,ls5,qd9y0yh73w3u,0.2174226061915047,0.7624190064794817,0.020158387329013677
0.03357142857142857,0.78,0.0,0.17714285714285719,0.0,0.0,1996-03-04T01:17:52Z,ls5,qd9y0yh73w3u,0.17880317231434756,0.7873107426099495,0.033886085075702954
0.037142857142857144,0.7585714285714286,0.0,0.19357142857142856,0.0,0.0,1996-03-20T01:18:54Z,ls5,qd9y0yh73w3u,0.19566787003610106,0.7667870036101083,0.03754512635379061
0.04071428571428572,0.7178571428571429,0.0,0.23285714285714287,0.0,0.0,1996-04-21T01:20:54Z,ls5,qd9y0yh73w3u,0.23487031700288186,0.7240634005763689,0.04106628242074928
,,1.0,,,,1996-05-07T01:21:51Z,ls5,qd9y0yh73w3u,,,
0.11214285714285717,0.6471428571428571,0.0,0.22999999999999998,0.0,0.0,1996-05-23T01:22:46Z,ls5,qd9y0yh73w3u,0.23249097472924185,0.6541516245487364,0.11335740072202169
0.08214285714285716,0.5892857142857143,0.0,0.3171428571428571,0.0,0.0,1996-06-24T01:24:31Z,ls5,qd9y0yh73w3u,0.3208092485549133,0.5960982658959538,0.08309248554913297
0.19142857142857145,0.4021428571428572,0.0,0.39571428571428574,0.0,0.0,1996-07-10T01:25:20Z,ls5,qd9y0yh73w3u,0.4,0.40649819494584843,0.19350180505415163
0.23714285714285713,0.2985714285714286,0.0,0.4535714285714286,0.0,0.0,1996-07-26T01:26:12Z,ls5,qd9y0yh73w3u,0.4584837545126354,0.30180505415162456,0.23971119133574004
0.37214285714285716,0.065,0.0,0.27071428571428574,0.0,0.2857142857142857,1996-08-27T01:27:54Z,ls5,qd9y0yh73w3u,0.27317284128585845,0.06559031281533803,0.3755225601845178
,,1.0,,,,1996-09-12T01:28:47Z,ls5,qd9y0yh73w3u,,,
0.09285714285714287,0.4514285714285715,0.0,0.4442857142857143,0.0,0.0,1996-10-14T01:30:29Z,ls5,qd9y0yh73w3u,0.44942196531791906,0.4566473988439307,0.0939306358381503
,,1.0,,,,1996-10-30T01:31:16Z,ls5,qd9y0yh73w3u,,,
,,1.0,,,,1996-11-15T01:32:01Z,ls5,qd9y0yh73w3u,,,
,,1.0,,,,1996-12-01T01:32:47Z,ls5,qd9y0yh73w3u,,,
0.047142857142857146,0.6778571428571428,0.0,0.26357142857142857,0.0,0.0,1996-12-17T01:33:32Z,ls5,qd9y0yh73w3u,0.2666184971098266,0.6856936416184971,0.047687861271676305
0.02642857142857143,0.7292857142857143,0.0,0.2342857142857143,0.0,0.0,1997-01-02T01:34:18Z,ls5,qd9y0yh73w3u,0.23665223665223664,0.7366522366522366,0.026695526695526692
0.024285714285714282,0.7607142857142858,0.0,0.20571428571428574,0.0,0.0,1997-01-18T01:35:03Z,ls5,qd9y0yh73w3u,0.20764239365537132,0.7678442682047585,0.02451333813987022
0.0071428571428571435,0.7807142857142858,0.0,0.20428571428571432,0.0,0.0,1997-02-03T01:35:46Z,ls5,qd9y0yh73w3u,0.2059035277177826,0.7868970482361412,0.007199424046076314
0.032857142857142856,0.7621428571428572,0.0,0.195,0.0,0.0,1997-03-07T01:37:06Z,ls5,qd9y0yh73w3u,0.19696969696969696,0.7698412698412699,0.033189033189033185
0.03928571428571429,0.7121428571428572,0.0,0.23571428571428577,0.0,0.0,1997-03-23T01:37:42Z,ls5,qd9y0yh73w3u,0.23878437047756879,0.7214182344428365,0.039797395079594795
0.12857142857142856,0.5914285714285714,0.0,0.26857142857142857,0.0,0.0,1997-04-08T01:38:18Z,ls5,qd9y0yh73w3u,0.2716763005780347,0.5982658959537572,0.13005780346820808
0.09714285714285716,0.6699999999999999,0.0,0.22142857142857147,0.0,0.0,1997-04-24T01:38:52Z,ls5,qd9y0yh73w3u,0.22398843930635842,0.6777456647398843,0.09826589595375723
,,1.0,,,,1997-05-10T01:39:25Z,ls5,qd9y0yh73w3u,,,
0.07,0.687857142857143,0.0,0.23214285714285715,0.0,0.0,1997-05-26T01:39:59Z,ls5,qd9y0yh73w3u,0.23448773448773444,0.6948051948051948,0.0707070707070707
0.16428571428571428,0.37500000000000006,0.0,0.4485714285714285,0.0,0.0,1997-07-29T01:42:10Z,ls5,qd9y0yh73w3u,0.45408532176428046,0.37960954446854667,0.16630513376717282
0.16142857142857142,0.24142857142857146,0.0,0.3028571428571428,0.07142857142857142,0.21428571428571427,1997-08-14T01:42:41Z,ls5,qd9y0yh73w3u,0.3065355696934644,0.24436090225563914,0.16338924233661076
0.20142857142857143,0.31357142857142856,0.0,0.4685714285714286,0.0,0.0,1997-08-30T01:43:11Z,ls5,qd9y0yh73w3u,0.47639796659404504,0.3188090050835149,0.2047930283224401
0.17857142857142858,0.1942857142857143,0.0,0.33000000000000007,0.0,0.2857142857142857,1997-09-15T01:43:38Z,ls5,qd9y0yh73w3u,0.3353658536585366,0.19744483159117307,0.18147502903600463
0.11285714285714288,0.4985714285714285,0.0,0.37714285714285717,0.0,0.0,1997-10-17T01:44:31Z,ls5,qd9y0yh73w3u,0.38150289017341044,0.5043352601156069,0.11416184971098269
0.08642857142857144,0.5642857142857143,0.0,0.33714285714285713,0.0,0.0,1997-11-02T01:44:57Z,ls5,qd9y0yh73w3u,0.3412870571221981,0.5712219812002892,0.08749096167751266
0.04785714285714287,0.6985714285714284,0.0,0.2428571428571429,0.0,0.0,1997-12-20T01:46:07Z,ls5,qd9y0yh73w3u,0.24548736462093873,0.7061371841155234,0.04837545126353793
0.025000000000000005,0.7235714285714286,0.0,0.2421428571428572,0.0,0.0,1998-01-05T01:46:30Z,ls5,qd9y0yh73w3u,0.24441240086517665,0.7303532804614274,0.02523431867339582
0.011,0.794,0.2857142857142857,0.189,0.0,0.0,1998-01-21T01:46:50Z,ls5,qd9y0yh73w3u,0.1901408450704225,0.7987927565392353,0.01106639839034205
0.05285714285714286,0.7085714285714285,0.0,0.2285714285714286,0.0,0.0,1998-02-06T01:47:11Z,ls5,qd9y0yh73w3u,0.23088023088023094,0.7157287157287158,0.0533910533910534
0.027142857142857142,0.7028571428571427,0.0,0.26071428571428573,0.0,0.0,1998-02-22T01:47:29Z,ls5,qd9y0yh73w3u,0.26315789473684215,0.7094448449891853,0.027397260273972605
0.05857142857142857,0.6921428571428573,0.0,0.24071428571428574,0.0,0.0,1998-03-26T01:47:59Z,ls5,qd9y0yh73w3u,0.24279538904899134,0.6981268011527377,0.05907780979827088
0.06285714285714286,0.665,0.0,0.2628571428571429,0.0,0.0,1998-04-11T01:48:10Z,ls5,qd9y0yh73w3u,0.26532083633741893,0.6712328767123288,0.06344628695025234
,,1.0,,,,1998-05-13T01:48:38Z,ls5,qd9y0yh73w3u,,,
,,1.0,,,,1998-05-29T01:48:54Z,ls5,qd9y0yh73w3u,,,
0.1435714285714286,0.40785714285714286,0.0,0.4342857142857142,0.0,0.0,1998-07-16T01:49:29Z,ls5,qd9y0yh73w3u,0.44057971014492747,0.413768115942029,0.14565217391304353
,,1.0,,,,1998-08-01T01:49:35Z,ls5,qd9y0yh73w3u,,,
0.11714285714285715,0.05928571428571429,0.0,0.10714285714285714,0.0,0.7142857142857143,1998-08-17T01:49:43Z,ls5,qd9y0yh73w3u,0.10795250089960415,0.05973371716444764,0.1180280676502339
,,1.0,,,,1998-09-02T01:49:54Z,ls5,qd9y0yh73w3u,,,
,,1.0,,,,1998-09-18T01:50:01Z,ls5,qd9y0yh73w3u,,,
0.11285714285714289,0.49571428571428566,0.0,0.37785714285714284,0.0,0.0,1998-10-20T01:50:04Z,ls5,qd9y0yh73w3u,0.3830557566980449,0.502534395365677,0.1144098479362781
,,1.0,,,,1998-11-05T01:50:09Z,ls5,qd9y0yh73w3u,,,
0.03642857142857143,0.6514285714285714,0.0,0.3007142857142857,0.0,0.0,1998-12-07T01:50:12Z,ls5,qd9y0yh73w3u,0.3041907514450867,0.6589595375722542,0.03684971098265896
0.016428571428571428,0.6964285714285714,0.0,0.2778571428571429,0.0,0.0,1998-12-23T01:50:17Z,ls5,qd9y0yh73w3u,0.2804614275414564,0.7029560201874548,0.01658255227108868
,,1.0,,,,1999-01-08T01:50:17Z,ls5,qd9y0yh73w3u,,,
0.015000000000000001,0.7564285714285716,0.0,0.21785714285714283,0.0,0.0,1999-02-09T01:50:25Z,ls5,qd9y0yh73w3u,0.22021660649819488,0.7646209386281588,0.015162454873646208
0.009285714285714286,0.7514285714285712,0.0,0.23214285714285715,0.0,0.0,1999-02-25T01:50:28Z,ls5,qd9y0yh73w3u,0.23381294964028781,0.7568345323741007,0.009352517985611514
,,1.0,,,,1999-03-13T01:50:17Z,ls5,qd9y0yh73w3u,,,
,,1.0,,,,1999-03-29T01:49:59Z,ls5,qd9y0yh73w3u,,,
0.1457142857142857,0.25000000000000006,0.0,0.23857142857142857,0.21428571428571427,0.14285714285714285,1999-04-14T01:49:58Z,ls5,qd9y0yh73w3u,0.24179536679536676,0.25337837837837834,0.14768339768339767
,,1.0,,,,1999-04-21T01:56:09Z,ls5,qd9y0yh73w3u,,,
0.1564285714285714,0.4985714285714286,0.0,0.3307142857142857,0.0,0.0,1999-04-30T01:49:56Z,ls5,qd9y0yh73w3u,0.33550724637681156,0.5057971014492755,0.15869565217391302
0.11214285714285713,0.20785714285714288,0.0,0.24428571428571427,0.14285714285714285,0.2857142857142857,1999-05-16T01:49:42Z,ls5,qd9y0yh73w3u,0.24737793851717904,0.21048824593128396,0.1135623869801085
0.03642857142857143,0.22571428571428573,0.0,0.16,0.21428571428571427,0.35714285714285715,1999-06-01T01:49:20Z,ls5,qd9y0yh73w3u,0.16243654822335024,0.22915155910079768,0.03698332124728063
0.07571428571428572,0.11714285714285713,0.0,0.1571428571428571,0.14285714285714285,0.5,1999-06-17T01:49:11Z,ls5,qd9y0yh73w3u,0.16034985422740525,0.11953352769679303,0.07725947521865892
0.028181818181818183,0.1809090909090909,0.2142857142857143,0.1481818181818182,0.0,0.6363636363636364,1999-07-02T02:10:08Z,ls7,qd9y0yh73w3u,0.1508211889891279,0.18413139023826045,0.02868378440897525
0.05,0.2107142857142857,0.0,0.16214285714285714,0.21428571428571427,0.35714285714285715,1999-07-03T01:49:02Z,ls5,qd9y0yh73w3u,0.16433397683397685,0.21356177606177604,0.05067567567567568
,,1.0,,,,1999-07-19T01:48:58Z,ls5,qd9y0yh73w3u,,,
0.007857142857142858,0.02428571428571429,0.0,0.03785714285714286,0.5,0.42857142857142855,1999-07-27T02:04:05Z,ls7,qd9y0yh73w3u,0.03862973760932946,0.024781341107871727,0.008017492711370266
0.060714285714285714,0.10857142857142857,0.0,0.11285714285714286,0.42857142857142855,0.2857142857142857,1999-08-04T01:48:57Z,ls5,qd9y0yh73w3u,0.11428571428571428,0.10994575045207956,0.06148282097649186
0.0,0.0,0.0,0.0,0.5714285714285714,0.42857142857142855,1999-08-12T02:04:08Z,ls7,qd9y0yh73w3u,0.0,0.0,0.0
0.0,0.0,0.0,0.0,0.5714285714285714,0.42857142857142855,1999-08-19T02:10:15Z,ls7,qd9y0yh73w3u,0.0,0.0,0.0
0.07214285714285715,0.09857142857142856,0.0,0.11071428571428572,0.42857142857142855,0.2857142857142857,1999-08-20T01:48:45Z,ls5,qd9y0yh73w3u,0.11240029006526467,0.1000725163161711,0.07324147933284988
0.015,0.02428571428571429,0.0,0.030714285714285715,0.35714285714285715,0.5714285714285714,1999-09-04T02:10:21Z,ls7,qd9y0yh73w3u,0.0313411078717201,0.02478134110787171,0.015306122448979583
0.02857142857142857,0.04214285714285714,0.0,0.07071428571428572,0.5714285714285714,0.2857142857142857,1999-09-05T01:48:17Z,ls5,qd9y0yh73w3u,0.07142857142857145,0.04256854256854258,0.02886002886002887
,,1.0,,,,1999-09-13T02:04:05Z,ls7,qd9y0yh73w3u,,,
0.03928571428571429,0.06785714285714285,0.0,0.10357142857142856,0.35714285714285715,0.42857142857142855,1999-09-29T02:04:15Z,ls7,qd9y0yh73w3u,0.10532687651331717,0.06900726392251814,0.039951573849878935
,,1.0,,,,1999-10-06T02:10:28Z,ls7,qd9y0yh73w3u,,,
,,1.0,,,,1999-10-15T02:04:13Z,ls7,qd9y0yh73w3u,,,
0.08785714285714286,0.11714285714285715,0.0,0.14714285714285716,0.5,0.14285714285714285,1999-10-22T02:10:15Z,ls7,qd9y0yh73w3u,0.14923210663575776,0.11880614314691394,0.08910460736018545
0.08785714285714286,0.2642857142857143,0.0,0.2864285714285714,0.07142857142857142,0.2857142857142857,1999-10-23T01:47:44Z,ls5,qd9y0yh73w3u,0.28835091083413233,0.2660594439117929,0.08844678811121764
,,1.0,,,,1999-10-30T01:53:43Z,ls5,qd9y0yh73w3u,,,
,,1.0,,,,1999-11-07T02:10:19Z,ls7,qd9y0yh73w3u,,,
0.013571428571428571,0.767857142857143,0.0,0.2107142857142857,0.0,0.0,1999-11-24T01:46:37Z,ls5,qd9y0yh73w3u,0.21238300935925122,0.7739380849532038,0.013678905687544995
0.0007142857142857143,0.8092857142857143,0.0,0.18071428571428566,0.0,0.0,1999-12-02T02:04:02Z,ls7,qd9y0yh73w3u,0.18240807498197545,0.8168709444844989,0.0007209805335255949
,,1.0,,,,1999-12-09T02:10:20Z,ls7,qd9y0yh73w3u,,,
0.011428571428571429,0.8028571428571428,0.0,0.1757142857142857,0.0,0.0,1999-12-10T01:46:18Z,ls5,qd9y0yh73w3u,0.1774891774891775,0.8109668109668109,0.011544011544011544
0.007857142857142858,0.8100000000000002,0.0,0.17357142857142863,0.0,0.0,1999-12-25T02:10:16Z,ls7,qd9y0yh73w3u,0.1750720461095101,0.8170028818443804,0.007925072046109509
0.04357142857142857,0.7692857142857144,0.0,0.1757142857142857,0.0,0.0,1999-12-26T01:46:20Z,ls5,qd9y0yh73w3u,0.17774566473988437,0.778179190751445,0.04407514450867052
0.007142857142857143,0.8314285714285713,0.0,0.15357142857142855,0.0,0.0,2000-01-03T02:04:03Z,ls7,qd9y0yh73w3u,0.15478761699064075,0.838012958963283,0.007199424046076315
0.0035714285714285718,0.8007142857142855,0.0,0.18642857142857142,0.0,0.0,2000-01-10T02:10:16Z,ls7,qd9y0yh73w3u,0.1881759192501803,0.8082191780821918,0.0036049026676279756
0.019285714285714288,0.7821428571428571,0.0,0.18928571428571425,0.0,0.0,2000-01-19T02:04:00Z,ls7,qd9y0yh73w3u,0.1910598413842826,0.7894736842105263,0.019466474405191062
0.03428571428571429,0.7671428571428571,0.0,0.18999999999999997,0.0,0.0,2000-01-26T02:10:13Z,ls7,qd9y0yh73w3u,0.19164265129682997,0.7737752161383286,0.0345821325648415
0.023571428571428573,0.7871428571428571,0.0,0.17857142857142858,0.0,0.0,2000-02-04T02:04:01Z,ls7,qd9y0yh73w3u,0.18050541516245486,0.7956678700361011,0.023826714801444045
0.02642857142857143,0.8142857142857142,0.0,0.14714285714285716,0.0,0.0,2000-02-20T02:03:53Z,ls7,qd9y0yh73w3u,0.14895155459146786,0.8242950108459869,0.026753434562545194
0.007857142857142858,0.8457142857142859,0.0,0.1357142857142857,0.0,0.0,2000-03-07T02:03:49Z,ls7,qd9y0yh73w3u,0.13718411552346568,0.8548736462093863,0.007942238267148015
0.04214285714285715,0.7799999999999999,0.0,0.16785714285714284,0.0,0.0,2000-03-14T02:09:59Z,ls7,qd9y0yh73w3u,0.16955266955266957,0.7878787878787878,0.04256854256854258
0.057857142857142864,0.7699999999999999,0.0,0.15999999999999998,0.0,0.0,2000-03-23T02:03:51Z,ls7,qd9y0yh73w3u,0.16196673897324657,0.779464931308749,0.05856832971800435
0.08499999999999999,0.6785714285714286,0.0,0.22214285714285714,0.0,0.0,2000-04-08T02:03:39Z,ls7,qd9y0yh73w3u,0.2253623188405797,0.6884057971014492,0.086231884057971
0.13785714285714287,0.6735714285714287,0.0,0.175,0.0,0.0,2000-04-24T02:03:33Z,ls7,qd9y0yh73w3u,0.17740767559739315,0.6828385228095583,0.1397538015930485
0.054285714285714284,0.7635714285714286,0.0,0.17214285714285715,0.0,0.0,2000-05-17T02:09:31Z,ls7,qd9y0yh73w3u,0.1738816738816739,0.7712842712842712,0.05483405483405483
0.07857142857142858,0.7300000000000001,0.0,0.18142857142857144,0.0,0.0,2000-05-26T02:03:12Z,ls7,qd9y0yh73w3u,0.18326118326118326,0.7373737373737373,0.07936507936507937
,,1.0,,,,2000-06-27T02:02:56Z,ls7,qd9y0yh73w3u,,,
0.10714285714285712,0.4035714285714286,0.0,0.4807142857142857,0.0,0.0,2000-07-29T02:02:26Z,ls7,qd9y0yh73w3u,0.48487031700288186,0.40706051873198845,0.10806916426512966
0.11000000000000001,0.3257142857142856,0.0,0.5521428571428572,0.0,0.0,2000-08-14T02:02:19Z,ls7,qd9y0yh73w3u,0.5589298626174982,0.3297180043383947,0.11135213304410704
0.15714285714285717,0.19714285714285715,0.0,0.3507142857142857,0.0,0.2857142857142857,2000-08-21T02:08:27Z,ls7,qd9y0yh73w3u,0.3553336228108265,0.1997394702561876,0.15921262121870028
,,1.0,,,,2000-08-30T02:02:09Z,ls7,qd9y0yh73w3u,,,
0.11142857142857145,0.18,0.0,0.48428571428571426,0.0,0.21428571428571427,2000-09-15T02:01:50Z,ls7,qd9y0yh73w3u,0.4905288082083662,0.18232044198895025,0.11286503551696923
0.07642857142857143,0.4878571428571429,0.0,0.4221428571428571,0.0,0.0,2000-10-01T02:01:41Z,ls7,qd9y0yh73w3u,0.4279507603186097,0.494569152787835,0.0774800868935554
0.0842857142857143,0.5671428571428572,0.0,0.3385714285714286,0.0,0.0,2000-10-08T02:07:48Z,ls7,qd9y0yh73w3u,0.341991341991342,0.5728715728715729,0.08513708513708515
0.02428571428571429,0.63,0.0,0.3335714285714286,0.0,0.0,2000-10-17T02:01:23Z,ls7,qd9y0yh73w3u,0.3376717281272596,0.6377440347071585,0.024584237165582074
,,1.0,,,,2000-11-02T02:01:36Z,ls7,qd9y0yh73w3u,,,
0.020714285714285713,0.7342857142857142,0.0,0.23785714285714285,0.0,0.0,2000-11-25T02:07:45Z,ls7,qd9y0yh73w3u,0.23956834532374102,0.7395683453237409,0.020863309352517987
0.012857142857142857,0.7557142857142857,0.0,0.22428571428571428,0.0,0.0,2000-12-04T02:01:34Z,ls7,qd9y0yh73w3u,0.22589928057553957,0.7611510791366906,0.012949640287769784
0.005,0.7471428571428572,0.0,0.24071428571428571,0.0,0.0,2000-12-11T02:07:47Z,ls7,qd9y0yh73w3u,0.24244604316546758,0.7525179856115107,0.005035971223021582
0.008571428571428572,0.7857142857142857,0.0,0.19714285714285712,0.0,0.0,2000-12-20T02:01:39Z,ls7,qd9y0yh73w3u,0.19884726224783858,0.792507204610951,0.008645533141210375
0.010714285714285714,0.7692857142857142,0.0,0.21214285714285716,0.0,0.0,2001-01-05T02:01:39Z,ls7,qd9y0yh73w3u,0.21382289416846656,0.775377969762419,0.010799136069114472
0.004285714285714286,0.7949999999999999,0.0,0.19285714285714287,0.0,0.0,2001-02-06T02:01:39Z,ls7,qd9y0yh73w3u,0.19438444924406048,0.8012958963282937,0.004319654427645789
0.023571428571428573,0.7592857142857142,0.0,0.20642857142857146,0.0,0.0,2001-02-13T02:07:51Z,ls7,qd9y0yh73w3u,0.20866425992779786,0.767509025270758,0.023826714801444045
0.010714285714285714,0.8600000000000002,0.0,0.12357142857142862,0.0,0.0,2001-02-22T02:01:38Z,ls7,qd9y0yh73w3u,0.12428160919540232,0.8649425287356322,0.010775862068965514
0.012142857142857141,0.7664285714285716,0.0,0.21642857142857144,0.0,0.0,2001-03-01T02:07:44Z,ls7,qd9y0yh73w3u,0.217516152189519,0.7702799712849965,0.012203876525484563
0.014285714285714285,0.7742857142857142,0.0,0.1992857142857143,0.0,0.0,2001-03-10T02:01:34Z,ls7,qd9y0yh73w3u,0.20173535791757052,0.7838033261026753,0.014461315979754159
0.04714285714285714,0.7207142857142858,0.0,0.2185714285714286,0.0,0.0,2001-03-17T02:07:40Z,ls7,qd9y0yh73w3u,0.221578566256336,0.7306299782766111,0.04779145546705285
0.07214285714285716,0.7078571428571429,0.0,0.20714285714285713,0.0,0.0,2001-03-26T02:01:25Z,ls7,qd9y0yh73w3u,0.20984081041968158,0.7170767004341534,0.073082489146165
0.054285714285714284,0.7478571428571429,0.0,0.1878571428571429,0.0,0.0,2001-04-02T02:07:31Z,ls7,qd9y0yh73w3u,0.1897546897546898,0.7554112554112554,0.05483405483405483
0.07000000000000002,0.7221428571428572,0.0,0.195,0.0,0.0,2001-04-18T02:07:32Z,ls7,qd9y0yh73w3u,0.19753979739507957,0.7315484804630968,0.07091172214182345
0.048571428571428564,0.7314285714285714,0.0,0.2078571428571429,0.0,0.0,2001-04-27T02:01:19Z,ls7,qd9y0yh73w3u,0.21041214750542303,0.7404193781634129,0.04916847433116413
,,1.0,,,,2001-05-04T02:07:29Z,ls7,qd9y0yh73w3u,,,
,,1.0,,,,2001-05-13T02:01:10Z,ls7,qd9y0yh73w3u,,,
0.1657142857142857,0.6514285714285715,0.0,0.1692857142857143,0.0,0.0,2001-05-20T02:07:16Z,ls7,qd9y0yh73w3u,0.1716147719044171,0.6603910209992759,0.16799420709630702
0.0,0.9214285714285715,0.0,0.0642857142857143,0.0,0.0,2001-05-29T02:01:01Z,ls7,qd9y0yh73w3u,0.06521739130434782,0.9347826086956522,0.0
0.18000000000000002,0.5491666666666666,0.1428571428571429,0.2591666666666667,0.0,0.0,2001-06-05T02:07:05Z,ls7,qd9y0yh73w3u,0.2622259696458685,0.5556492411467115,0.1821247892074199
,,1.0,,,,2001-06-14T02:00:50Z,ls7,qd9y0yh73w3u,,,
0.14214285714285715,0.5321428571428571,0.0,0.31214285714285717,0.0,0.0,2001-06-21T02:06:54Z,ls7,qd9y0yh73w3u,0.31643736422881974,0.5394641564083997,0.1440984793627806
,,1.0,,,,2001-06-30T02:00:35Z,ls7,qd9y0yh73w3u,,,
0.12785714285714286,0.4514285714285714,0.0,0.4064285714285715,0.0,0.0,2001-07-16T02:00:35Z,ls7,qd9y0yh73w3u,0.4123188405797102,0.45797101449275357,0.12971014492753624
,,1.0,,,,2001-07-23T02:06:42Z,ls7,qd9y0yh73w3u,,,
0.1764285714285714,0.12714285714285714,0.0,0.18642857142857142,0.5,0.0,2001-08-01T02:00:23Z,ls7,qd9y0yh73w3u,0.19023323615160348,0.12973760932944606,0.1800291545189504
0.15285714285714283,0.18357142857142852,0.0,0.22714285714285715,0.42857142857142855,0.0,2001-08-17T02:00:04Z,ls7,qd9y0yh73w3u,0.2303096143400326,0.1861307260546804,0.1549882310338584
,,1.0,,,,2001-09-02T01:59:53Z,ls7,qd9y0yh73w3u,,,
,,1.0,,,,2001-09-18T01:59:42Z,ls7,qd9y0yh73w3u,,,
0.18214285714285716,0.4192857142857144,0.0,0.38499999999999995,0.0,0.0,2001-09-25T02:05:52Z,ls7,qd9y0yh73w3u,0.39029688631426496,0.4250543084721217,0.18464880521361335
0.07214285714285715,0.5349999999999999,0.0,0.3814285714285714,0.0,0.0,2001-10-04T01:59:30Z,ls7,qd9y0yh73w3u,0.3858381502890173,0.5411849710982658,0.07297687861271678
,,1.0,,,,2001-10-20T01:59:32Z,ls7,qd9y0yh73w3u,,,
0.05357142857142857,0.6792857142857144,0.0,0.2592857142857143,0.0,0.0,2001-11-05T01:59:37Z,ls7,qd9y0yh73w3u,0.2613390928725702,0.6846652267818575,0.053995680345572346
0.05285714285714286,0.6764285714285714,0.0,0.2607142857142858,0.0,0.0,2001-11-21T01:59:46Z,ls7,qd9y0yh73w3u,0.26334776334776344,0.6832611832611832,0.05339105339105339
,,1.0,,,,2001-11-28T02:05:59Z,ls7,qd9y0yh73w3u,,,
0.04214285714285715,0.7321428571428571,0.0,0.21571428571428575,0.0,0.0,2001-12-07T01:59:47Z,ls7,qd9y0yh73w3u,0.21789321789321792,0.7395382395382395,0.042568542568542575
,,1.0,,,,2001-12-14T02:06:05Z,ls7,qd9y0yh73w3u,,,
0.04071428571428572,0.757142857142857,0.0,0.19142857142857145,0.0,0.0,2001-12-23T01:59:56Z,ls7,qd9y0yh73w3u,0.19350180505415168,0.7653429602888087,0.04115523465703972
0.04785714285714286,0.727142857142857,0.0,0.21428571428571427,0.0,0.0,2001-12-30T02:06:02Z,ls7,qd9y0yh73w3u,0.21660649819494587,0.7350180505415163,0.04837545126353792
0.032857142857142856,0.75,0.0,0.2085714285714286,0.0,0.0,2002-01-08T01:59:59Z,ls7,qd9y0yh73w3u,0.21037463976945248,0.7564841498559077,0.03314121037463977
0.025714285714285714,0.7600000000000001,0.0,0.20714285714285716,0.0,0.0,2002-01-24T02:00:06Z,ls7,qd9y0yh73w3u,0.20863309352517984,0.7654676258992806,0.025899280575539564
0.04071428571428571,0.6885714285714286,0.0,0.2621428571428571,0.0,0.0,2002-01-31T02:06:12Z,ls7,qd9y0yh73w3u,0.26440922190201727,0.6945244956772335,0.04106628242074927
0.03071428571428572,0.7592857142857142,0.0,0.19999999999999998,0.0,0.0,2002-02-09T02:00:08Z,ls7,qd9y0yh73w3u,0.20202020202020202,0.766955266955267,0.03102453102453103
0.04071428571428572,0.722857142857143,0.0,0.2228571428571429,0.0,0.0,2002-02-16T02:06:18Z,ls7,qd9y0yh73w3u,0.2259232440260681,0.7328023171614773,0.04127443881245474
0.03214285714285714,0.7699999999999999,0.0,0.18642857142857142,0.0,0.0,2002-02-25T02:00:10Z,ls7,qd9y0yh73w3u,0.18858381502890176,0.7789017341040463,0.03251445086705203
,,1.0,,,,2002-03-04T02:06:22Z,ls7,qd9y0yh73w3u,,,
,,1.0,,,,2002-03-13T02:00:08Z,ls7,qd9y0yh73w3u,,,
0.05714285714285715,0.7249999999999999,0.0,0.20714285714285716,0.0,0.0,2002-03-20T02:06:10Z,ls7,qd9y0yh73w3u,0.2093862815884477,0.7328519855595667,0.05776173285198557
0.044285714285714296,0.7521428571428571,0.0,0.1942857142857143,0.0,0.0,2002-03-29T02:00:03Z,ls7,qd9y0yh73w3u,0.19610670511896183,0.7591925018024513,0.04470079307858689
0.060000000000000005,0.7549999999999999,0.0,0.17285714285714285,0.0,0.0,2002-04-05T02:06:12Z,ls7,qd9y0yh73w3u,0.17498192335502533,0.7642805495300072,0.06073752711496747
0.024999999999999998,0.7778571428571429,0.0,0.1878571428571428,0.0,0.0,2002-04-14T02:00:02Z,ls7,qd9y0yh73w3u,0.18961788031723137,0.7851478010093728,0.025234318673395813
0.07571428571428572,0.68,0.0,0.23357142857142857,0.0,0.0,2002-04-30T02:00:04Z,ls7,qd9y0yh73w3u,0.23610108303249097,0.6873646209386282,0.07653429602888087
0.15857142857142856,0.5542857142857144,0.0,0.27214285714285713,0.0,0.0,2002-06-08T02:06:00Z,ls7,qd9y0yh73w3u,0.2762871646120377,0.5627266134880349,0.16098622189992745
0.14285714285714285,0.4285714285714285,0.0,0.4142857142857142,0.0,0.0,2002-06-17T01:59:45Z,ls7,qd9y0yh73w3u,0.42028985507246375,0.43478260869565216,0.14492753623188406
0.11785714285714285,0.3742857142857143,0.0,0.4950000000000001,0.0,0.0,2002-07-03T01:59:40Z,ls7,qd9y0yh73w3u,0.5014471780028944,0.3791606367583212,0.11939218523878435
,,1.0,,,,2002-07-19T01:59:33Z,ls7,qd9y0yh73w3u,,,
0.14857142857142858,0.17928571428571427,0.0,0.3071428571428571,0.07142857142857142,0.2857142857142857,2002-08-11T02:05:35Z,ls7,qd9y0yh73w3u,0.31094327494777435,0.18150409770207296,0.15040977020729554
0.14999999999999997,0.18214285714285716,0.0,0.30214285714285716,0.07142857142857142,0.2857142857142857,2002-08-20T01:59:22Z,ls7,qd9y0yh73w3u,0.3062258687258687,0.1846042471042471,0.15202702702702697
0.12785714285714286,0.19428571428571426,0.0,0.38500000000000006,0.0,0.2857142857142857,2002-09-05T01:59:13Z,ls7,qd9y0yh73w3u,0.38888888888888895,0.1962481962481962,0.12914862914862915
,,1.0,,,,2002-09-21T01:59:01Z,ls7,qd9y0yh73w3u,,,
0.1092857142857143,0.4014285714285714,0.0,0.47500000000000003,0.0,0.0,2002-09-28T02:05:10Z,ls7,qd9y0yh73w3u,0.4818840579710145,0.40724637681159415,0.11086956521739132
0.10714285714285716,0.5228571428571428,0.0,0.35642857142857143,0.0,0.0,2002-10-23T01:59:02Z,ls7,qd9y0yh73w3u,0.3613323678493845,0.5300506879073135,0.10861694424330198
0.065,0.6057142857142858,0.0,0.3178571428571428,0.0,0.0,2002-11-08T01:59:07Z,ls7,qd9y0yh73w3u,0.3215317919075144,0.6127167630057805,0.06575144508670522
0.055,0.6442857142857142,0.0,0.29000000000000004,0.0,0.0,2002-11-24T01:59:24Z,ls7,qd9y0yh73w3u,0.2931407942238267,0.6512635379061371,0.0555956678700361
0.08071428571428572,0.6442857142857142,0.0,0.2635714285714286,0.0,0.0,2002-12-10T01:59:29Z,ls7,qd9y0yh73w3u,0.2666184971098266,0.6517341040462427,0.08164739884393064
0.030714285714285715,0.6764285714285715,0.0,0.2835714285714286,0.0,0.0,2002-12-17T02:05:40Z,ls7,qd9y0yh73w3u,0.2862292718096611,0.6827685652487383,0.031002162941600575
,,1.0,,,,2002-12-26T01:59:35Z,ls7,qd9y0yh73w3u,,,
0.04714285714285715,0.6814285714285713,0.0,0.2621428571428571,0.0,0.0,2003-01-02T02:05:45Z,ls7,qd9y0yh73w3u,0.26459985580389334,0.6878154289834174,0.047584715212689276
,,1.0,,,,2003-01-11T01:59:37Z,ls7,qd9y0yh73w3u,,,
0.03571428571428571,0.6942857142857143,0.0,0.26071428571428573,0.0,0.0,2003-01-18T02:05:53Z,ls7,qd9y0yh73w3u,0.2631578947368421,0.7007930785868781,0.03604902667627974
0.018571428571428572,0.7335714285714285,0.0,0.24000000000000005,0.0,0.0,2003-01-27T01:59:44Z,ls7,qd9y0yh73w3u,0.2419006479481642,0.7393808495320374,0.018718502519798418
0.07142857142857142,0.6478571428571429,0.0,0.2692857142857143,0.0,0.0,2003-02-03T02:06:00Z,ls7,qd9y0yh73w3u,0.27239884393063585,0.6553468208092486,0.0722543352601156
0.05071428571428572,0.6714285714285715,0.0,0.27,0.0,0.0,2003-02-19T02:06:06Z,ls7,qd9y0yh73w3u,0.27213822894168466,0.6767458603311736,0.051115910727141826
0.06214285714285713,0.687857142857143,0.0,0.2392857142857143,0.0,0.0,2003-02-28T01:59:55Z,ls7,qd9y0yh73w3u,0.2418772563176895,0.6953068592057762,0.06281588447653427
0.09357142857142861,0.6342857142857143,0.0,0.26357142857142857,0.0,0.0,2003-03-07T02:06:10Z,ls7,qd9y0yh73w3u,0.26585014409221897,0.6397694524495677,0.09438040345821329
,,1.0,,,,2003-03-16T01:59:58Z,ls7,qd9y0yh73w3u,,,
0.05833333333333333,0.7141666666666667,0.1428571428571429,0.215,0.0,0.0,2003-03-23T02:06:04Z,ls7,qd9y0yh73w3u,0.21772151898734177,0.7232067510548523,0.0590717299578059
0.07785714285714286,0.6328571428571428,0.0,0.27714285714285714,0.0,0.0,2003-04-17T01:59:59Z,ls7,qd9y0yh73w3u,0.28054953000723065,0.6406362979031092,0.07881417208966017
0.08214285714285714,0.622857142857143,0.0,0.28285714285714286,0.0,0.0,2003-05-03T02:00:00Z,ls7,qd9y0yh73w3u,0.28633405639913223,0.6305133767172812,0.08315256688358638
0.10428571428571431,0.6007142857142858,0.0,0.28285714285714286,0.0,0.0,2003-05-11T01:46:22Z,ls5,qd9y0yh73w3u,0.2863340563991323,0.6080983369486623,0.10556760665220537
0.19142857142857145,0.5364285714285714,0.0,0.2564285714285715,0.0,0.0,2003-05-19T01:59:55Z,ls7,qd9y0yh73w3u,0.260522496371553,0.5449927431059505,0.19448476052249636
0.16785714285714287,0.5421428571428571,0.0,0.2785714285714286,0.0,0.0,2003-05-26T02:06:07Z,ls7,qd9y0yh73w3u,0.2817919075144509,0.5484104046242774,0.16979768786127167
0.17714285714285719,0.5214285714285715,0.0,0.29000000000000004,0.0,0.0,2003-05-27T01:46:41Z,ls5,qd9y0yh73w3u,0.29335260115606937,0.5274566473988439,0.17919075144508673
0.1878571428571429,0.5,0.0,0.29999999999999993,0.0,0.0,2003-06-12T01:46:58Z,ls5,qd9y0yh73w3u,0.30368763557483724,0.5061460592913956,0.19016630513376723
0.24125000000000002,0.50125,0.4285714285714286,0.2475,0.0,0.0,2003-06-28T01:47:21Z,ls5,qd9y0yh73w3u,0.25,0.5063131313131313,0.2436868686868687
,,1.0,,,,2003-07-22T01:59:46Z,ls7,qd9y0yh73w3u,,,
,,1.0,,,,2003-07-30T01:47:55Z,ls5,qd9y0yh73w3u,,,
0.155,0.23500000000000001,0.0,0.24285714285714285,0.2857142857142857,0.07142857142857142,2003-08-07T01:59:37Z,ls7,qd9y0yh73w3u,0.24669461464043857,0.2387133182844244,0.15744920993227993
0.14555555555555555,0.1311111111111111,0.3571428571428571,0.1611111111111111,0.5555555555555556,0.0,2003-08-30T02:05:46Z,ls7,qd9y0yh73w3u,0.1635645798082346,0.13310772701635645,0.14777213761985336
0.17071428571428568,0.15071428571428572,0.0,0.1692857142857143,0.42857142857142855,0.07142857142857142,2003-08-31T01:48:29Z,ls5,qd9y0yh73w3u,0.17248908296943233,0.15356622998544397,0.1739446870451237
0.08099999999999999,0.14500000000000002,0.2857142857142857,0.168,0.4,0.2,2003-09-16T01:48:45Z,ls5,qd9y0yh73w3u,0.17055837563451776,0.14720812182741116,0.08223350253807105
0.11357142857142856,0.2214285714285714,0.0,0.3,0.14285714285714285,0.21428571428571427,2003-10-02T01:48:57Z,ls5,qd9y0yh73w3u,0.3037120359955006,0.22416840752048853,0.1149766993411538
,,1.0,,,,2003-10-10T01:59:17Z,ls7,qd9y0yh73w3u,,,
0.05071428571428572,0.5435714285714285,0.0,0.3942857142857144,0.0,0.0,2003-10-18T01:49:10Z,ls5,qd9y0yh73w3u,0.39884393063583823,0.5498554913294796,0.05130057803468208
,,1.0,,,,2003-10-26T01:59:37Z,ls7,qd9y0yh73w3u,,,
0.027857142857142858,0.1892857142857143,0.0,0.06642857142857143,0.0,0.7142857142857143,2003-11-03T01:49:15Z,ls5,qd9y0yh73w3u,0.06693055055775458,0.19071608492263403,0.028067650233897082
0.035833333333333335,0.6833333333333332,0.1428571428571429,0.2708333333333333,0.0,0.0,2003-11-11T01:59:45Z,ls7,qd9y0yh73w3u,0.2735690235690236,0.6902356902356901,0.0361952861952862
,,1.0,,,,2003-11-27T01:59:55Z,ls7,qd9y0yh73w3u,,,
,,1.0,,,,2003-12-05T01:49:45Z,ls5,qd9y0yh73w3u,,,
0.02428571428571429,0.725,0.0,0.24214285714285722,0.0,0.0,2003-12-13T02:00:00Z,ls7,qd9y0yh73w3u,0.24423631123919315,0.7312680115273775,0.024495677233429398
0.0071428571428571435,0.7535714285714287,0.0,0.23071428571428573,0.0,0.0,2003-12-21T01:49:53Z,ls5,qd9y0yh73w3u,0.23270893371757925,0.7600864553314121,0.007204610951008645
0.04714285714285715,0.6821428571428572,0.0,0.19214285714285712,0.0,0.07142857142857142,2003-12-29T02:00:08Z,ls7,qd9y0yh73w3u,0.19363233665559243,0.6874307862679956,0.04750830564784054
0.01,0.7821428571428573,0.0,0.1992857142857143,0.0,0.0,2004-01-14T02:00:09Z,ls7,qd9y0yh73w3u,0.20100864553314118,0.7889048991354467,0.010086455331412102
,,1.0,,,,2004-01-21T02:06:25Z,ls7,qd9y0yh73w3u,,,
0.009285714285714286,0.765,0.0,0.21428571428571433,0.0,0.0,2004-01-22T01:50:03Z,ls5,qd9y0yh73w3u,0.21676300578034685,0.7738439306358381,0.009393063583815028
,,1.0,,,,2004-02-06T02:06:31Z,ls7,qd9y0yh73w3u,,,
0.019285714285714288,0.7421428571428572,0.0,0.22857142857142862,0.0,0.0,2004-02-07T01:50:08Z,ls5,qd9y0yh73w3u,0.2308802308802309,0.7496392496392497,0.01948051948051948
0.010714285714285714,0.7907142857142857,0.0,0.1907142857142857,0.0,0.0,2004-02-15T02:00:21Z,ls7,qd9y0yh73w3u,0.19222462203023757,0.796976241900648,0.010799136069114472
0.018571428571428572,0.7614285714285713,0.0,0.2092857142857143,0.0,0.0,2004-02-23T01:50:13Z,ls5,qd9y0yh73w3u,0.21155234657039715,0.7696750902527075,0.01877256317689531
0.03214285714285715,0.7514285714285712,0.0,0.2085714285714286,0.0,0.0,2004-03-02T02:00:23Z,ls7,qd9y0yh73w3u,0.21022318214542843,0.7573794096472282,0.03239740820734342
0.04857142857142858,0.7507142857142857,0.0,0.19071428571428575,0.0,0.0,2004-03-09T02:06:38Z,ls7,qd9y0yh73w3u,0.19264069264069267,0.7582972582972582,0.04906204906204907
0.05142857142857143,0.7392857142857142,0.0,0.1978571428571429,0.0,0.0,2004-03-10T01:50:18Z,ls5,qd9y0yh73w3u,0.2001445086705203,0.7478323699421966,0.052023121387283246
0.021818181818181816,0.769090909090909,0.2142857142857143,0.1990909090909091,0.0,0.0,2004-03-18T02:00:30Z,ls7,qd9y0yh73w3u,0.20110192837465565,0.7768595041322314,0.022038567493112945
,,1.0,,,,2004-03-25T02:06:42Z,ls7,qd9y0yh73w3u,,,
0.020714285714285716,0.7364285714285714,0.0,0.23357142857142857,0.0,0.0,2004-03-26T01:50:20Z,ls5,qd9y0yh73w3u,0.23576063446286952,0.7433309300648883,0.020908435472242252
,,1.0,,,,2004-04-03T02:00:30Z,ls7,qd9y0yh73w3u,,,
0.012857142857142857,0.7371428571428572,0.0,0.2414285714285714,0.0,0.0,2004-04-11T01:50:47Z,ls5,qd9y0yh73w3u,0.24351585014409216,0.7435158501440922,0.01296829971181556
0.06714285714285716,0.7314285714285714,0.0,0.19,0.0,0.0,2004-04-26T02:06:34Z,ls7,qd9y0yh73w3u,0.1921965317919075,0.7398843930635838,0.06791907514450868
,,1.0,,,,2004-04-27T01:51:15Z,ls5,qd9y0yh73w3u,,,
0.04833333333333334,0.7266666666666667,0.5714285714285714,0.21333333333333335,0.0,0.0,2004-05-05T02:00:25Z,ls7,qd9y0yh73w3u,0.21585160202360876,0.7352445193929174,0.048903878583473864
0.14857142857142858,0.5814285714285715,0.0,0.255,0.0,0.0,2004-05-13T01:51:43Z,ls5,qd9y0yh73w3u,0.25888324873096447,0.5902828136330674,0.15083393763596809
0.2928571428571428,0.45,0.0,0.24714285714285716,0.0,0.0,2004-05-21T02:00:25Z,ls7,qd9y0yh73w3u,0.24963924963924966,0.4545454545454546,0.29581529581529575
,,1.0,,,,2004-05-28T02:06:34Z,ls7,qd9y0yh73w3u,,,
0.15071428571428575,0.4957142857142857,0.0,0.33999999999999997,0.0,0.0,2004-05-29T01:52:10Z,ls5,qd9y0yh73w3u,0.3446777697320782,0.502534395365677,0.1527878349022448
0.0,0.0,0.0,0.0,0.14285714285714285,0.8571428571428571,2004-06-06T02:00:20Z,ls7,qd9y0yh73w3u,0.0,0.0,0.0
0.17428571428571432,0.37214285714285716,0.0,0.43999999999999995,0.0,0.0,2004-06-14T01:52:39Z,ls5,qd9y0yh73w3u,0.44605358435916,0.3772628530050688,0.17668356263577123
0.095,0.15142857142857144,0.0,0.24857142857142853,0.0,0.5,2004-06-30T01:53:08Z,ls5,qd9y0yh73w3u,0.251082251082251,0.15295815295815296,0.09595959595959597
,,1.0,,,,2004-07-08T02:00:14Z,ls7,qd9y0yh73w3u,,,
0.19714285714285715,0.2764285714285714,0.0,0.5128571428571428,0.0,0.0,2004-07-16T01:53:34Z,ls5,qd9y0yh73w3u,0.5199131064446053,0.2802317161477191,0.1998551774076756
0.16071428571428573,0.2835714285714286,0.0,0.4721428571428571,0.0,0.07142857142857142,2004-07-24T02:00:09Z,ls7,qd9y0yh73w3u,0.47839884199977734,0.2873288052555395,0.16284378131611182
,,1.0,,,,2004-08-01T01:53:55Z,ls5,qd9y0yh73w3u,,,
0.1742857142857143,0.27571428571428575,0.5,0.5357142857142857,0.0,0.0,2004-08-09T02:00:02Z,ls7,qd9y0yh73w3u,0.5434782608695652,0.27971014492753626,0.17681159420289858
,,1.0,,,,2004-08-17T01:54:17Z,ls5,qd9y0yh73w3u,,,
0.0,0.0,0.8571428571428572,0.0,0.5,0.5,2004-08-25T02:00:01Z,ls7,qd9y0yh73w3u,0.0,0.0,0.0
,,1.0,,,,2004-09-01T02:06:09Z,ls7,qd9y0yh73w3u,,,
0.18285714285714283,0.16071428571428573,0.0,0.36285714285714293,0.0,0.2857142857142857,2004-09-02T01:54:43Z,ls5,qd9y0yh73w3u,0.36689296547739425,0.1625018055756175,0.18489094323270255
0.14857142857142858,0.19857142857142857,0.5,0.35714285714285715,0.0,0.2857142857142857,2004-09-10T01:59:55Z,ls7,qd9y0yh73w3u,0.36221385105766446,0.2013909011880614,0.1506809620399884
0.25,0.32799999999999996,0.6428571428571428,0.4119999999999999,0.0,0.0,2004-09-18T01:55:08Z,ls5,qd9y0yh73w3u,0.4161616161616161,0.33131313131313134,0.25252525252525254
,,1.0,,,,2004-09-26T01:59:50Z,ls7,qd9y0yh73w3u,,,
0.16500000000000004,0.3835714285714286,0.0,0.4342857142857142,0.0,0.0,2004-10-04T01:55:29Z,ls5,qd9y0yh73w3u,0.441860465116279,0.39026162790697677,0.1678779069767442
0.12571428571428572,0.5107142857142859,0.0,0.35357142857142854,0.0,0.0,2004-10-20T01:55:50Z,ls5,qd9y0yh73w3u,0.35714285714285704,0.5158730158730159,0.12698412698412698
0.09071428571428573,0.5464285714285715,0.0,0.3507142857142857,0.0,0.0,2004-10-28T02:00:03Z,ls7,qd9y0yh73w3u,0.3550253073029645,0.5531453362255965,0.0918293564714389
,,1.0,,,,2004-11-05T01:56:09Z,ls5,qd9y0yh73w3u,,,
0.09285714285714289,0.5478571428571428,0.0,0.34785714285714286,0.0,0.0,2004-11-13T02:00:10Z,ls7,qd9y0yh73w3u,0.351878612716763,0.5541907514450867,0.09393063583815033
0.08571428571428573,0.5807142857142856,0.0,0.3221428571428571,0.0,0.0,2004-11-21T01:56:23Z,ls5,qd9y0yh73w3u,0.3258670520231214,0.5874277456647398,0.08670520231213874
,,1.0,,,,2004-11-29T02:00:20Z,ls7,qd9y0yh73w3u,,,
,,1.0,,,,2004-12-06T02:06:34Z,ls7,qd9y0yh73w3u,,,
0.045000000000000005,0.6742857142857142,0.0,0.2707142857142857,0.0,0.0,2004-12-07T01:56:46Z,ls5,qd9y0yh73w3u,0.27344877344877344,0.6810966810966811,0.04545454545454546
0.27499999999999997,0.6121428571428572,0.0,0.10285714285714286,0.0,0.0,2004-12-15T02:00:26Z,ls7,qd9y0yh73w3u,0.10389610389610389,0.6183261183261184,0.27777777777777773
0.30142857142857143,0.5871428571428571,0.0,0.09642857142857143,0.0,0.0,2004-12-23T01:57:03Z,ls5,qd9y0yh73w3u,0.097897026831037,0.5960841189267585,0.30601885424220454
,,1.0,,,,2004-12-31T02:00:35Z,ls7,qd9y0yh73w3u,,,
0.295,0.6,0.0,0.09357142857142856,0.0,0.0,2005-01-08T01:57:15Z,ls5,qd9y0yh73w3u,0.09465317919075145,0.6069364161849712,0.2984104046242775
0.3650000000000001,0.5371428571428571,0.0,0.08214285714285716,0.0,0.0,2005-01-16T02:00:38Z,ls7,qd9y0yh73w3u,0.08345428156748912,0.5457184325108853,0.3708272859216256
0.28500000000000003,0.615,0.0,0.08642857142857142,0.0,0.0,2005-01-24T01:57:28Z,ls5,qd9y0yh73w3u,0.08761766835626357,0.6234612599565532,0.28892107168718323
0.29500000000000004,0.615,0.0,0.07642857142857143,0.0,0.0,2005-02-01T02:00:42Z,ls7,qd9y0yh73w3u,0.0774800868935554,0.6234612599565532,0.29905865314989144
0.32571428571428573,0.5842857142857143,0.0,0.07785714285714286,0.0,0.0,2005-02-09T01:57:41Z,ls5,qd9y0yh73w3u,0.07881417208966016,0.591467823571945,0.3297180043383948
,,1.0,,,,2005-02-17T02:00:51Z,ls7,qd9y0yh73w3u,,,
,,1.0,,,,2005-02-25T01:57:58Z,ls5,qd9y0yh73w3u,,,
,,1.0,,,,2005-03-13T01:58:10Z,ls5,qd9y0yh73w3u,,,
0.22357142857142856,0.6457142857142858,0.0,0.11857142857142856,0.0,0.0,2005-03-21T02:00:56Z,ls7,qd9y0yh73w3u,0.1200289226319595,0.653651482284888,0.22631959508315255
0.22714285714285712,0.6557142857142858,0.0,0.10428571428571429,0.0,0.0,2005-03-29T01:58:17Z,ls5,qd9y0yh73w3u,0.10564399421128798,0.6642547033285094,0.23010130246020258
,,1.0,,,,2005-04-06T02:00:52Z,ls7,qd9y0yh73w3u,,,
0.28071428571428575,0.6114285714285714,0.0,0.095,0.0,0.0,2005-04-13T02:07:00Z,ls7,qd9y0yh73w3u,0.09623733719247468,0.6193921852387844,0.284370477568741
0.28214285714285714,0.6135714285714285,0.0,0.09,0.0,0.0,2005-04-14T01:58:21Z,ls5,qd9y0yh73w3u,0.09130434782608696,0.6224637681159421,0.286231884057971
0.30666666666666664,0.63,0.7857142857142857,0.049999999999999996,0.0,0.0,2005-04-22T02:00:46Z,ls7,qd9y0yh73w3u,0.05067567567567567,0.6385135135135135,0.3108108108108108
0.2542857142857143,0.6414285714285715,0.0,0.09357142857142857,0.0,0.0,2005-05-08T02:00:51Z,ls7,qd9y0yh73w3u,0.09458483754512635,0.6483754512635379,0.25703971119133573
0.24071428571428571,0.595,0.0,0.15214285714285714,0.0,0.0,2005-05-24T02:00:50Z,ls7,qd9y0yh73w3u,0.1540130151843818,0.6023138105567607,0.24367317425885757
,,1.0,,,,2005-06-01T01:58:41Z,ls5,qd9y0yh73w3u,,,
0.31285714285714283,0.2978571428571429,0.0,0.09285714285714285,0.14285714285714285,0.14285714285714285,2005-06-17T01:58:48Z,ls5,qd9y0yh73w3u,0.09427121102248008,0.3023930384336477,0.3176214648295867
0.2857142857142857,0.29357142857142854,0.0,0.05642857142857143,0.35714285714285715,0.0,2005-06-25T02:00:39Z,ls7,qd9y0yh73w3u,0.057062600321027286,0.29686998394863556,0.2889245585874799
0.25,0.61,0.9285714285714286,0.13,0.0,0.0,2005-07-02T02:06:49Z,ls7,qd9y0yh73w3u,0.13131313131313133,0.6161616161616161,0.25252525252525254
0.0,0.0,0.9285714285714286,0.0,0.0,1.0,2005-07-03T01:58:51Z,ls5,qd9y0yh73w3u,0.0,0.0,0.0
0.29785714285714293,0.33428571428571435,0.0,0.14357142857142854,0.14285714285714285,0.07142857142857142,2005-07-11T02:00:40Z,ls7,qd9y0yh73w3u,0.14542225730071032,0.33859510655090774,0.30169692186266783
0.3371428571428572,0.3928571428571429,0.0,0.1871428571428571,0.0,0.07142857142857142,2005-07-19T01:59:02Z,ls5,qd9y0yh73w3u,0.18947485536270578,0.39775255896751227,0.3413440142412105
0.2235714285714286,0.3385714285714286,0.0,0.21142857142857147,0.07142857142857142,0.14285714285714285,2005-07-27T02:00:39Z,ls7,qd9y0yh73w3u,0.21474739480279653,0.3438860308666403,0.227080860044849
0.2364285714285714,0.4571428571428572,0.0,0.225,0.07142857142857142,0.0,2005-08-04T01:59:11Z,ls5,qd9y0yh73w3u,0.22744945567651634,0.462119528993557,0.23900244390135522
,,1.0,,,,2005-08-12T02:00:35Z,ls7,qd9y0yh73w3u,,,
0.058571428571428566,0.14357142857142854,0.0,0.07928571428571428,0.5714285714285714,0.14285714285714285,2005-08-19T02:06:43Z,ls7,qd9y0yh73w3u,0.08049311094996377,0.14575779550398843,0.05946337926033359
0.13142857142857142,0.32,0.0,0.11357142857142859,0.2857142857142857,0.14285714285714285,2005-08-20T01:59:17Z,ls5,qd9y0yh73w3u,0.11486364457287339,0.3236409608091024,0.1329239660465956
,,1.0,,,,2005-08-28T02:00:28Z,ls7,qd9y0yh73w3u,,,
0.21214285714285716,0.2614285714285714,0.0,0.16285714285714284,0.21428571428571427,0.14285714285714285,2005-09-05T01:59:21Z,ls5,qd9y0yh73w3u,0.16450216450216446,0.264069264069264,0.2142857142857143
,,1.0,,,,2005-10-07T01:59:18Z,ls5,qd9y0yh73w3u,,,
0.08,0.706,0.6428571428571428,0.20400000000000001,0.0,0.0,2005-10-15T02:00:21Z,ls7,qd9y0yh73w3u,0.2060606060606061,0.7131313131313132,0.08080808080808081
,,1.0,,,,2005-10-22T02:06:38Z,ls7,qd9y0yh73w3u,,,
0.05214285714285715,0.7678571428571427,0.0,0.17214285714285713,0.0,0.0,2005-10-23T01:59:17Z,ls5,qd9y0yh73w3u,0.17350611951043918,0.7739380849532037,0.05255579553635711
0.0,0.0,0.5,0.0,0.5714285714285714,0.42857142857142855,2005-10-31T02:00:34Z,ls7,qd9y0yh73w3u,0.0,0.0,0.0
0.027857142857142858,0.8207142857142856,0.0,0.14214285714285715,0.0,0.0,2005-11-08T01:59:26Z,ls5,qd9y0yh73w3u,0.1434751261715934,0.8284066330209083,0.0281182408074982
0.03928571428571428,0.8335714285714284,0.0,0.1207142857142857,0.0,0.0,2005-11-16T02:00:44Z,ls7,qd9y0yh73w3u,0.12149532710280375,0.8389647735442128,0.039539899352983465
0.04642857142857143,0.8407142857142859,0.0,0.10642857142857143,0.0,0.0,2005-11-24T01:59:50Z,ls5,qd9y0yh73w3u,0.107117181883537,0.8461538461538461,0.046728971962616814
0.03357142857142857,0.8714285714285713,0.0,0.08642857142857142,0.0,0.0,2005-12-02T02:00:50Z,ls7,qd9y0yh73w3u,0.08717579250720461,0.8789625360230547,0.03386167146974064
0.0,0.88,0.7857142857142857,0.11333333333333333,0.0,0.0,2005-12-18T02:00:52Z,ls7,qd9y0yh73w3u,0.11409395973154363,0.8859060402684564,0.0
,,1.0,,,,2006-01-19T02:01:09Z,ls7,qd9y0yh73w3u,,,
0.12357142857142858,0.7735714285714286,0.0,0.09428571428571429,0.0,0.0,2006-01-27T02:01:20Z,ls5,qd9y0yh73w3u,0.09510086455331412,0.7802593659942363,0.12463976945244958
0.14857142857142858,0.7514285714285714,0.0,0.08928571428571429,0.0,0.0,2006-02-04T02:01:15Z,ls7,qd9y0yh73w3u,0.09025270758122743,0.7595667870036101,0.15018050541516245
0.09285714285714286,0.7885714285714285,0.0,0.10857142857142861,0.0,0.0,2006-02-12T02:01:42Z,ls5,qd9y0yh73w3u,0.1096681096681097,0.7965367965367964,0.09379509379509379
0.14214285714285715,0.7557142857142857,0.0,0.09071428571428572,0.0,0.0,2006-02-20T02:01:19Z,ls7,qd9y0yh73w3u,0.09176300578034682,0.7644508670520231,0.14378612716763006
0.12357142857142858,0.7264285714285715,0.0,0.13857142857142854,0.0,0.0,2006-02-28T02:02:02Z,ls5,qd9y0yh73w3u,0.14017341040462422,0.7348265895953757,0.125
0.1964285714285714,0.6764285714285715,0.0,0.11428571428571431,0.0,0.0,2006-03-08T02:01:20Z,ls7,qd9y0yh73w3u,0.1157742402315485,0.6852387843704776,0.19898697539797391
0.26799999999999996,0.5820000000000001,0.6428571428571428,0.138,0.0,0.0,2006-03-15T02:07:31Z,ls7,qd9y0yh73w3u,0.1396761133603239,0.5890688259109312,0.2712550607287449
,,1.0,,,,2006-04-09T02:01:17Z,ls7,qd9y0yh73w3u,,,
0.2492857142857143,0.6164285714285714,0.0,0.12142857142857144,0.0,0.0,2006-04-17T02:02:57Z,ls5,qd9y0yh73w3u,0.12301013024602027,0.6244573082489145,0.25253256150506515
0.2342857142857143,0.6428571428571429,0.5,0.11285714285714286,0.0,0.0,2006-04-25T02:01:16Z,ls7,qd9y0yh73w3u,0.11399711399711399,0.6493506493506493,0.23665223665223664
,,1.0,,,,2006-05-02T02:07:28Z,ls7,qd9y0yh73w3u,,,
0.17714285714285713,0.6635714285714285,0.0,0.1457142857142857,0.0,0.0,2006-05-03T02:03:12Z,ls5,qd9y0yh73w3u,0.14771904417089068,0.6727009413468501,0.17958001448225924
0.255,0.6042857142857143,0.0,0.12714285714285714,0.0,0.0,2006-05-11T02:01:18Z,ls7,qd9y0yh73w3u,0.12889210716871832,0.6125995655322231,0.25850832729905865
0.095,0.7221428571428572,0.0,0.17142857142857146,0.0,0.0,2006-05-19T02:03:24Z,ls5,qd9y0yh73w3u,0.17341040462427748,0.7304913294797688,0.09609826589595374
0.17857142857142858,0.6399999999999999,0.0,0.1685714285714286,0.0,0.0,2006-05-27T02:01:18Z,ls7,qd9y0yh73w3u,0.17076700434153405,0.6483357452966714,0.18089725036179452
,,1.0,,,,2006-06-03T02:07:28Z,ls7,qd9y0yh73w3u,,,
0.21428571428571427,0.625,0.0,0.14928571428571427,0.0,0.0,2006-06-04T02:03:39Z,ls5,qd9y0yh73w3u,0.1510115606936416,0.6322254335260116,0.21676300578034682
0.22,0.6533333333333333,0.7857142857142857,0.11,0.0,0.0,2006-06-12T02:01:15Z,ls7,qd9y0yh73w3u,0.11186440677966103,0.664406779661017,0.22372881355932206
,,1.0,,,,2006-06-19T02:07:24Z,ls7,qd9y0yh73w3u,,,
,,1.0,,,,2006-06-20T02:03:53Z,ls5,qd9y0yh73w3u,,,
0.14357142857142854,0.6907142857142858,0.0,0.15357142857142855,0.0,0.0,2006-07-05T02:07:18Z,ls7,qd9y0yh73w3u,0.15545914678235714,0.6992046276211136,0.14533622559652923
0.15214285714285714,0.6749999999999999,0.0,0.15857142857142859,0.0,0.0,2006-07-06T02:04:08Z,ls5,qd9y0yh73w3u,0.16086956521739132,0.6847826086956521,0.15434782608695652
,,1.0,,,,2006-07-14T02:01:02Z,ls7,qd9y0yh73w3u,,,
0.07571428571428573,0.7192857142857144,0.0,0.1935714285714286,0.0,0.0,2006-07-22T02:04:21Z,ls5,qd9y0yh73w3u,0.19580924855491327,0.7276011560693642,0.07658959537572255
,,1.0,,,,2006-07-29T02:10:37Z,ls5,qd9y0yh73w3u,,,
,,1.0,,,,2006-07-30T02:00:56Z,ls7,qd9y0yh73w3u,,,
,,1.0,,,,2006-08-14T02:10:49Z,ls5,qd9y0yh73w3u,,,
0.16454545454545458,0.6272727272727273,0.2142857142857143,0.2009090909090909,0.0,0.0,2006-08-23T02:04:45Z,ls5,qd9y0yh73w3u,0.20238095238095236,0.6318681318681318,0.16575091575091577
0.2,0.6492307692307693,0.0714285714285714,0.13923076923076924,0.0,0.0,2006-09-16T02:00:46Z,ls7,qd9y0yh73w3u,0.14085603112840467,0.6568093385214008,0.20233463035019456
0.24785714285714291,0.5992857142857143,0.0,0.13928571428571426,0.0,0.0,2006-09-24T02:05:09Z,ls5,qd9y0yh73w3u,0.14120202751629252,0.6075307748008689,0.25126719768283856
0.2307142857142857,0.6285714285714284,0.0,0.12928571428571428,0.0,0.0,2006-10-02T02:00:39Z,ls7,qd9y0yh73w3u,0.13078034682080927,0.6358381502890174,0.23338150289017343
0.2814285714285715,0.5842857142857143,0.0,0.12142857142857146,0.0,0.0,2006-10-10T02:05:19Z,ls5,qd9y0yh73w3u,0.12301013024602028,0.5918958031837915,0.28509406657018815
0.20285714285714287,0.6285714285714287,0.0,0.1571428571428571,0.0,0.0,2006-10-18T02:00:46Z,ls7,qd9y0yh73w3u,0.15895953757225428,0.6358381502890174,0.20520231213872833
0.23,0.6285714285714287,0.0,0.1292857142857143,0.0,0.0,2006-10-26T02:05:29Z,ls5,qd9y0yh73w3u,0.13087490961677514,0.636297903109183,0.23282718727404192
0.2742857142857143,0.5992857142857143,0.0,0.1142857142857143,0.0,0.0,2006-11-03T02:01:01Z,ls7,qd9y0yh73w3u,0.11569052783803326,0.6066522053506869,0.2776572668112798
0.265,0.6035714285714286,0.0,0.11857142857142859,0.0,0.0,2006-11-11T02:05:37Z,ls5,qd9y0yh73w3u,0.12011577424023157,0.6114327062228655,0.26845151953690305
0.26000000000000006,0.6192857142857143,0.0,0.1078571428571429,0.0,0.0,2006-11-19T02:01:13Z,ls7,qd9y0yh73w3u,0.10926193921852391,0.6273516642547032,0.2633863965267728
0.32142857142857145,0.5664285714285715,0.0,0.10000000000000002,0.0,0.0,2006-11-27T02:05:46Z,ls5,qd9y0yh73w3u,0.10122921185827911,0.5733911785972523,0.32537960954446854
0.27999999999999997,0.5914285714285714,0.0,0.11571428571428573,0.0,0.0,2006-12-05T02:01:21Z,ls7,qd9y0yh73w3u,0.11722141823444286,0.5991316931982634,0.28364688856729375
0.315,0.5721428571428573,0.0,0.10214285714285717,0.0,0.0,2006-12-13T02:05:54Z,ls5,qd9y0yh73w3u,0.1032490974729242,0.5783393501805054,0.3184115523465703
0.12384615384615384,0.7423076923076923,0.0714285714285714,0.1207692307692308,0.0,0.0,2006-12-21T02:01:26Z,ls7,qd9y0yh73w3u,0.12236944660950899,0.7521434138737335,0.1254871395167576
0.2792857142857143,0.6042857142857143,0.0,0.10214285714285717,0.0,0.0,2006-12-29T02:06:01Z,ls5,qd9y0yh73w3u,0.10362318840579712,0.6130434782608696,0.2833333333333333
0.27666666666666667,0.6000000000000001,0.7857142857142857,0.10999999999999999,0.0,0.0,2007-01-06T02:01:27Z,ls7,qd9y0yh73w3u,0.11148648648648646,0.6081081081081081,0.2804054054054054
0.32142857142857145,0.5578571428571429,0.0,0.10714285714285714,0.0,0.0,2007-01-14T02:06:07Z,ls5,qd9y0yh73w3u,0.10861694424330195,0.5655322230267923,0.3258508327299059
0.32928571428571435,0.5564285714285714,0.0,0.10214285714285716,0.0,0.0,2007-01-22T02:01:30Z,ls7,qd9y0yh73w3u,0.10339840925524223,0.5632682574114243,0.33333333333333337
0.3542857142857142,0.5349999999999999,0.0,0.09857142857142856,0.0,0.0,2007-01-30T02:06:11Z,ls5,qd9y0yh73w3u,0.09978308026030369,0.5415762834417932,0.3586406362979031
0.3416666666666666,0.5483333333333333,0.1428571428571429,0.09833333333333334,0.0,0.0,2007-02-07T02:01:37Z,ls7,qd9y0yh73w3u,0.09949409780775718,0.554806070826307,0.3456998313659359
0.3385714285714286,0.5528571428571428,0.0,0.0935714285714286,0.0,0.0,2007-02-15T02:06:13Z,ls5,qd9y0yh73w3u,0.09499637418419146,0.561276287164612,0.3437273386511965
0.33875,0.54625,0.4285714285714286,0.10375,0.0,0.0,2007-02-23T02:01:42Z,ls7,qd9y0yh73w3u,0.10493046776232616,0.5524652338811631,0.34260429835651074
0.3107142857142858,0.5664285714285715,0.0,0.10785714285714289,0.0,0.0,2007-03-03T02:06:12Z,ls5,qd9y0yh73w3u,0.10949963741841917,0.5750543872371284,0.3154459753444525
0.3471428571428571,0.5442857142857143,0.0,0.095,0.0,0.0,2007-03-11T02:01:45Z,ls7,qd9y0yh73w3u,0.09630702389572775,0.551774076755974,0.35191889934829834
0.35285714285714287,0.5607142857142857,0.0,0.0735714285714286,0.0,0.0,2007-03-19T02:06:09Z,ls5,qd9y0yh73w3u,0.07452966714905936,0.5680173661360347,0.3574529667149059
,,1.0,,,,2007-03-27T02:01:46Z,ls7,qd9y0yh73w3u,,,
0.2866666666666667,0.6150000000000001,0.5714285714285714,0.085,0.0,0.0,2007-04-03T02:07:57Z,ls7,qd9y0yh73w3u,0.08614864864864864,0.6233108108108109,0.2905405405405405
0.34285714285714286,0.5435714285714286,0.0,0.09999999999999999,0.0,0.0,2007-04-04T02:06:06Z,ls5,qd9y0yh73w3u,0.10137581462708181,0.5510499637943519,0.34757422157856627
0.315,0.5457142857142857,0.0,0.12714285714285717,0.0,0.0,2007-04-12T02:01:45Z,ls7,qd9y0yh73w3u,0.12870571221981203,0.5524222704266089,0.31887201735357923
0.30571428571428566,0.5471428571428572,0.0,0.13428571428571429,0.0,0.0,2007-04-20T02:06:00Z,ls5,qd9y0yh73w3u,0.13603473227206947,0.5542691751085383,0.3096960926193921
,,1.0,,,,2007-04-28T02:01:42Z,ls7,qd9y0yh73w3u,,,
,,1.0,,,,2007-05-05T02:07:51Z,ls7,qd9y0yh73w3u,,,
0.31666666666666665,0.48,0.7857142857142857,0.19333333333333336,0.0,0.0,2007-05-14T02:01:37Z,ls7,qd9y0yh73w3u,0.1952861952861953,0.48484848484848486,0.31986531986531985
0.2507142857142857,0.5935714285714286,0.0,0.14285714285714288,0.0,0.0,2007-05-22T02:05:41Z,ls5,qd9y0yh73w3u,0.1447178002894356,0.6013024602026049,0.25397973950795943
0.165,0.6242857142857143,0.0,0.19642857142857142,0.0,0.0,2007-05-30T02:01:29Z,ls7,qd9y0yh73w3u,0.19927536231884058,0.6333333333333333,0.1673913043478261
0.2277777777777778,0.5944444444444444,0.3571428571428571,0.16666666666666666,0.0,0.0,2007-06-15T02:01:30Z,ls7,qd9y0yh73w3u,0.16853932584269662,0.601123595505618,0.2303370786516854
0.002857142857142857,0.11285714285714286,0.0,0.027142857142857142,0.0,0.8571428571428571,2007-06-23T02:05:08Z,ls5,qd9y0yh73w3u,0.02714285714285715,0.11285714285714288,0.0028571428571428576
,,1.0,,,,2007-07-01T02:01:29Z,ls7,qd9y0yh73w3u,,,
0.19785714285714287,0.5728571428571428,0.0,0.21785714285714294,0.0,0.0,2007-07-09T02:04:57Z,ls5,qd9y0yh73w3u,0.22037572254335266,0.5794797687861271,0.20014450867052022
,,1.0,,,,2007-07-17T02:01:26Z,ls7,qd9y0yh73w3u,,,
,,1.0,,,,2007-07-25T02:04:49Z,ls5,qd9y0yh73w3u,,,
0.1392857142857143,0.5771428571428572,0.0,0.27,0.0,0.0,2007-08-02T02:01:21Z,ls7,qd9y0yh73w3u,0.27371469949312094,0.5850832729905866,0.14120202751629254
,,1.0,,,,2007-08-10T02:04:40Z,ls5,qd9y0yh73w3u,,,
0.08727272727272728,0.5763636363636364,0.2142857142857143,0.3272727272727272,0.0,0.0,2007-08-18T02:01:15Z,ls7,qd9y0yh73w3u,0.33027522935779813,0.5816513761467891,0.08807339449541286
0.14214285714285715,0.5585714285714286,0.0,0.295,0.0,0.0,2007-08-26T02:04:30Z,ls5,qd9y0yh73w3u,0.2962697274031563,0.5609756097560976,0.14275466284074606
0.0892857142857143,0.5949999999999999,0.0,0.3064285714285714,0.0,0.0,2007-09-02T02:10:36Z,ls5,qd9y0yh73w3u,0.30930064888248016,0.6005767844268204,0.09012256669069939
,,1.0,,,,2007-09-03T02:01:08Z,ls7,qd9y0yh73w3u,,,
,,1.0,,,,2007-09-10T02:07:15Z,ls7,qd9y0yh73w3u,,,
0.07285714285714286,0.6449999999999999,0.0,0.27571428571428575,0.0,0.0,2007-09-11T02:04:22Z,ls5,qd9y0yh73w3u,0.27749820273184767,0.6491732566498921,0.07332854061826026
,,1.0,,,,2007-09-19T02:01:02Z,ls7,qd9y0yh73w3u,,,
0.07785714285714286,0.6678571428571427,0.0,0.2492857142857143,0.0,0.0,2007-10-05T02:00:53Z,ls7,qd9y0yh73w3u,0.25053840631730084,0.671213208901651,0.0782483847810481
0.01,0.645,0.8571428571428572,0.345,0.0,0.0,2007-10-12T02:07:10Z,ls7,qd9y0yh73w3u,0.345,0.645,0.01
0.1288888888888889,0.6044444444444445,0.3571428571428571,0.25666666666666665,0.0,0.0,2007-10-21T02:01:06Z,ls7,qd9y0yh73w3u,0.25925925925925924,0.6105499438832772,0.13019079685746351
0.1142857142857143,0.6592857142857144,0.0,0.2178571428571429,0.0,0.0,2007-11-06T02:01:16Z,ls7,qd9y0yh73w3u,0.21974063400576369,0.6649855907780979,0.11527377521613832
,,1.0,,,,2007-11-22T02:01:25Z,ls7,qd9y0yh73w3u,,,
0.13,0.6892857142857142,0.0,0.17142857142857143,0.0,0.0,2007-12-08T02:01:31Z,ls7,qd9y0yh73w3u,0.17303532804614277,0.695746214852199,0.13121845710165828
0.1957142857142857,0.3607142857142857,0.0,0.07785714285714286,0.2857142857142857,0.07142857142857142,2007-12-24T02:01:34Z,ls7,qd9y0yh73w3u,0.07890926640926643,0.36558880308880315,0.19835907335907338
,,1.0,,,,2007-12-31T02:07:46Z,ls7,qd9y0yh73w3u,,,
0.013571428571428571,0.8971428571428574,0.0,0.08214285714285716,0.0,0.0,2008-01-09T02:01:36Z,ls7,qd9y0yh73w3u,0.08273381294964029,0.9035971223021583,0.013669064748201435
0.005,0.9514285714285714,0.0,0.03928571428571429,0.0,0.0,2008-01-17T02:02:20Z,ls5,qd9y0yh73w3u,0.03945480631276902,0.9555236728837877,0.005021520803443329
0.03214285714285715,0.9128571428571427,0.0,0.048571428571428585,0.0,0.0,2008-01-24T02:08:22Z,ls5,qd9y0yh73w3u,0.04888569374550685,0.918763479511143,0.03235082674335012
0.009285714285714286,0.9214285714285715,0.0,0.06214285714285715,0.0,0.0,2008-01-25T02:01:35Z,ls7,qd9y0yh73w3u,0.06258992805755396,0.9280575539568345,0.00935251798561151
0.0064285714285714285,0.9349999999999999,0.0,0.05428571428571429,0.0,0.0,2008-02-02T02:02:03Z,ls5,qd9y0yh73w3u,0.054519368723099,0.9390243902439024,0.006456241032998565
0.0035714285714285718,0.9164285714285715,0.0,0.07428571428571429,0.0,0.0,2008-02-09T02:08:07Z,ls5,qd9y0yh73w3u,0.07471264367816093,0.9216954022988506,0.003591954022988506
0.025714285714285714,0.9149999999999999,0.0,0.05214285714285715,0.0,0.0,2008-02-10T02:01:32Z,ls7,qd9y0yh73w3u,0.0525179856115108,0.9215827338129496,0.02589928057553957
0.007142857142857143,0.9450000000000002,0.0,0.04071428571428572,0.0,0.0,2008-02-18T02:01:46Z,ls5,qd9y0yh73w3u,0.04100719424460431,0.9517985611510792,0.007194244604316545
,,1.0,,,,2008-02-26T02:01:28Z,ls7,qd9y0yh73w3u,,,
0.07636363636363637,0.8745454545454545,0.2142857142857143,0.03636363636363637,0.0,0.0,2008-03-13T02:01:22Z,ls7,qd9y0yh73w3u,0.03683241252302026,0.8858195211786372,0.07734806629834255
,,1.0,,,,2008-03-20T02:07:34Z,ls7,qd9y0yh73w3u,,,
0.2721428571428572,0.6428571428571429,0.0,0.07214285714285716,0.0,0.0,2008-03-29T02:01:23Z,ls7,qd9y0yh73w3u,0.07308248914616498,0.6512301013024602,0.27568740955137483
,,1.0,,,,2008-04-14T02:01:22Z,ls7,qd9y0yh73w3u,,,
,,1.0,,,,2008-04-30T02:01:19Z,ls7,qd9y0yh73w3u,,,
0.10642857142857141,0.785,0.0,0.0985714285714286,0.0,0.0,2008-05-16T02:01:14Z,ls7,qd9y0yh73w3u,0.09956709956709958,0.7929292929292929,0.10750360750360748
,,1.0,,,,2008-06-01T02:01:06Z,ls7,qd9y0yh73w3u,,,
,,1.0,,,,2008-06-17T02:00:57Z,ls7,qd9y0yh73w3u,,,
0.13399999999999998,0.8220000000000001,0.2857142857142857,0.037,0.0,0.0,2008-06-24T02:07:04Z,ls7,qd9y0yh73w3u,0.03726082578046324,0.8277945619335347,0.134944612286002
0.06090909090909091,0.7809090909090909,0.2142857142857143,0.15000000000000002,0.0,0.0,2008-07-03T02:00:47Z,ls7,qd9y0yh73w3u,0.15123739688359306,0.7873510540788268,0.061411549037580206
0.10642857142857144,0.7857142857142856,0.0,0.09714285714285716,0.0,0.0,2008-07-10T02:06:53Z,ls7,qd9y0yh73w3u,0.09819494584837547,0.7942238267148014,0.10758122743682312
,,1.0,,,,2008-07-19T02:00:35Z,ls7,qd9y0yh73w3u,,,
0.14999999999999997,0.28,0.0,0.1335714285714286,0.42857142857142855,0.0,2008-08-04T02:00:28Z,ls7,qd9y0yh73w3u,0.1354336411370632,0.28390367553865653,0.15209125475285168
,,1.0,,,,2008-08-11T02:06:36Z,ls7,qd9y0yh73w3u,,,
0.10857142857142857,0.7178571428571429,0.0,0.16428571428571423,0.0,0.0,2008-08-20T02:00:22Z,ls7,qd9y0yh73w3u,0.16582552271088677,0.7245854361932228,0.10958904109589042
0.020000000000000004,0.8263636363636363,0.2142857142857143,0.14727272727272728,0.0,0.0,2008-08-27T02:06:29Z,ls7,qd9y0yh73w3u,0.14821591948764867,0.8316559926806952,0.020128087831655997
0.024999999999999998,0.8607142857142857,0.0,0.1092857142857143,0.0,0.0,2008-09-05T02:00:14Z,ls7,qd9y0yh73w3u,0.1098348887293611,0.8650394831299353,0.025125628140703515
0.04071428571428572,0.7907142857142857,0.0,0.16214285714285714,0.0,0.0,2008-10-07T01:59:55Z,ls7,qd9y0yh73w3u,0.16319194823867722,0.7958303378864127,0.04097771387491014
0.055,0.7907142857142857,0.0,0.14785714285714288,0.0,0.0,2008-10-15T01:55:20Z,ls5,qd9y0yh73w3u,0.1488138030194105,0.7958303378864126,0.05535585909417685
,,1.0,,,,2008-10-23T02:00:03Z,ls7,qd9y0yh73w3u,,,
0.045714285714285714,0.8171428571428571,0.0,0.13071428571428576,0.0,0.0,2008-10-31T01:54:47Z,ls5,qd9y0yh73w3u,0.13156002875629047,0.822429906542056,0.04601006470165349
0.0425,0.8125,0.7142857142857143,0.1375,0.0,0.0,2008-11-08T02:00:18Z,ls7,qd9y0yh73w3u,0.1385390428211587,0.8186397984886651,0.04282115869017633
,,1.0,,,,2008-11-15T02:06:34Z,ls7,qd9y0yh73w3u,,,
0.05,0.78,0.9285714285714286,0.17,0.0,0.0,2008-11-16T01:54:32Z,ls5,qd9y0yh73w3u,0.17,0.78,0.05
,,1.0,,,,2008-11-24T02:00:30Z,ls7,qd9y0yh73w3u,,,
0.10214285714285716,0.7750000000000001,0.0,0.11714285714285719,0.0,0.0,2008-12-02T01:55:04Z,ls5,qd9y0yh73w3u,0.117816091954023,0.7794540229885056,0.10272988505747126
,,1.0,,,,2008-12-10T02:00:41Z,ls7,qd9y0yh73w3u,,,
0.08071428571428572,0.8235714285714286,0.0,0.08928571428571432,0.0,0.0,2008-12-18T01:55:33Z,ls5,qd9y0yh73w3u,0.08986340762041699,0.8289000718907261,0.08123652048885693
0.12428571428571426,0.7757142857142857,0.5,0.08857142857142856,0.0,0.0,2008-12-26T02:00:49Z,ls7,qd9y0yh73w3u,0.08959537572254336,0.7846820809248556,0.12572254335260116
0.07642857142857143,0.85,0.0,0.065,0.0,0.0,2009-01-03T01:55:59Z,ls5,qd9y0yh73w3u,0.06556195965417867,0.8573487031700288,0.07708933717579251
,,1.0,,,,2009-01-11T02:00:55Z,ls7,qd9y0yh73w3u,,,
0.19357142857142856,0.7571428571428571,0.0,0.03928571428571429,0.0,0.0,2009-02-12T02:01:07Z,ls7,qd9y0yh73w3u,0.03968253968253969,0.7647907647907648,0.19552669552669552
0.17071428571428568,0.7814285714285714,0.0,0.03785714285714286,0.0,0.0,2009-02-20T01:57:14Z,ls5,qd9y0yh73w3u,0.03823953823953825,0.7893217893217893,0.17243867243867242
,,1.0,,,,2009-02-28T02:01:16Z,ls7,qd9y0yh73w3u,,,
0.15071428571428575,0.7821428571428571,0.0,0.055,0.0,0.0,2009-03-16T02:01:24Z,ls7,qd9y0yh73w3u,0.0556760665220535,0.79175704989154,0.15256688358640638
0.11,0.8042857142857143,0.0,0.07428571428571429,0.0,0.0,2009-03-24T01:57:59Z,ls5,qd9y0yh73w3u,0.07514450867052024,0.8135838150289018,0.11127167630057803
0.19181818181818186,0.7272727272727273,0.2142857142857143,0.06909090909090909,0.0,0.0,2009-04-01T02:01:30Z,ls7,qd9y0yh73w3u,0.06991720331186752,0.7359705611775529,0.1941122355105796
0.17214285714285715,0.75,0.0,0.06714285714285714,0.0,0.0,2009-04-17T02:01:35Z,ls7,qd9y0yh73w3u,0.06787003610108303,0.7581227436823105,0.1740072202166065
0.12357142857142858,0.7699999999999998,0.0,0.09285714285714287,0.0,0.0,2009-04-25T01:58:37Z,ls5,qd9y0yh73w3u,0.09413468501086174,0.78059377262853,0.1252715423606083
0.21785714285714283,0.7107142857142857,0.0,0.057857142857142864,0.0,0.0,2009-05-03T02:01:39Z,ls7,qd9y0yh73w3u,0.05865314989138306,0.720492396813903,0.22085445329471395
,,1.0,,,,2009-05-10T02:07:51Z,ls7,qd9y0yh73w3u,,,
0.26,0.6377777777777778,0.3571428571428571,0.09111111111111111,0.0,0.0,2009-05-11T01:58:55Z,ls5,qd9y0yh73w3u,0.09213483146067415,0.6449438202247191,0.26292134831460673
0.17083333333333336,0.7383333333333333,0.1428571428571429,0.07666666666666667,0.0,0.0,2009-05-19T02:01:41Z,ls7,qd9y0yh73w3u,0.07776838546069316,0.7489433643279797,0.17328825021132716
0.060000000000000005,0.8288888888888889,0.3571428571428571,0.10666666666666667,0.0,0.0,2009-06-04T02:01:41Z,ls7,qd9y0yh73w3u,0.10714285714285714,0.8325892857142857,0.060267857142857144
0.013571428571428571,0.8121428571428572,0.0,0.1692857142857143,0.0,0.0,2009-06-20T02:01:39Z,ls7,qd9y0yh73w3u,0.17013639626704954,0.8162239770279972,0.013639626704953337
0.06444444444444446,0.7977777777777777,0.3571428571428571,0.13,0.0,0.0,2009-06-28T01:59:47Z,ls5,qd9y0yh73w3u,0.13101903695408737,0.8040313549832027,0.06494960806270998
0.12222222222222223,0.6955555555555556,0.3571428571428571,0.1733333333333333,0.0,0.0,2009-07-13T02:07:45Z,ls7,qd9y0yh73w3u,0.1748878923766816,0.7017937219730942,0.12331838565022422
0.09142857142857144,0.6792857142857143,0.0,0.2192857142857143,0.0,0.0,2009-07-14T02:00:04Z,ls5,qd9y0yh73w3u,0.22150072150072153,0.6861471861471862,0.09235209235209237
0.0,0.0,0.2142857142857143,0.0,0.5454545454545454,0.45454545454545453,2009-07-22T02:01:32Z,ls7,qd9y0yh73w3u,0.0,0.0,0.0
,,1.0,,,,2009-07-29T02:07:40Z,ls7,qd9y0yh73w3u,,,
0.02642857142857143,0.745,0.0,0.2221428571428572,0.0,0.0,2009-08-07T02:01:26Z,ls7,qd9y0yh73w3u,0.22358015815959745,0.7498202731847591,0.026599568655643422
,,1.0,,,,2009-08-15T02:00:33Z,ls5,qd9y0yh73w3u,,,
0.015714285714285715,0.7142857142857142,0.0,0.26499999999999996,0.0,0.0,2009-08-23T02:01:25Z,ls7,qd9y0yh73w3u,0.26633165829145733,0.7178750897343863,0.0157932519741565
0.03,0.7392857142857141,0.0,0.22500000000000003,0.0,0.0,2009-08-31T02:00:47Z,ls5,qd9y0yh73w3u,0.2262931034482759,0.7435344827586206,0.03017241379310345
0.028571428571428574,0.7164285714285715,0.0,0.2492857142857143,0.0,0.0,2009-09-08T02:01:24Z,ls7,qd9y0yh73w3u,0.2507183908045977,0.7205459770114943,0.028735632183908046
,,1.0,,,,2009-09-16T02:01:00Z,ls5,qd9y0yh73w3u,,,
0.0,0.7625,0.7142857142857143,0.22999999999999998,0.0,0.0,2009-09-24T02:01:23Z,ls7,qd9y0yh73w3u,0.2317380352644836,0.7682619647355163,0.0
,,1.0,,,,2009-10-01T02:07:32Z,ls7,qd9y0yh73w3u,,,
0.015000000000000001,0.7521428571428571,0.0,0.22857142857142862,0.0,0.0,2009-10-02T02:01:12Z,ls5,qd9y0yh73w3u,0.2295552367288379,0.755380200860832,0.015064562410329985
,,1.0,,,,2009-10-10T02:01:17Z,ls7,qd9y0yh73w3u,,,
0.1685714285714286,0.66,0.5,0.16428571428571428,0.0,0.0,2009-10-17T02:07:35Z,ls7,qd9y0yh73w3u,0.16546762589928057,0.6647482014388489,0.1697841726618705
0.05857142857142857,0.76,0.0,0.1757142857142857,0.0,0.0,2009-10-18T02:01:22Z,ls5,qd9y0yh73w3u,0.17672413793103448,0.764367816091954,0.05890804597701149
,,1.0,,,,2009-11-03T02:01:30Z,ls5,qd9y0yh73w3u,,,
,,1.0,,,,2009-11-10T02:07:44Z,ls5,qd9y0yh73w3u,,,
,,1.0,,,,2009-11-11T02:01:48Z,ls7,qd9y0yh73w3u,,,
0.004285714285714286,0.8114285714285713,0.0,0.1785714285714286,0.0,0.0,2009-11-19T02:01:37Z,ls5,qd9y0yh73w3u,0.17959770114942533,0.8160919540229884,0.004310344827586208
0.16285714285714287,0.6728571428571427,0.0,0.15142857142857144,0.0,0.0,2009-11-27T02:01:59Z,ls7,qd9y0yh73w3u,0.15340086830680175,0.6816208393632416,0.1649782923299566
0.22333333333333336,0.5933333333333334,0.7857142857142857,0.17,0.0,0.0,2009-12-04T02:08:15Z,ls7,qd9y0yh73w3u,0.17229729729729729,0.6013513513513513,0.22635135135135134
,,1.0,,,,2009-12-05T02:01:46Z,ls5,qd9y0yh73w3u,,,
,,1.0,,,,2009-12-13T02:02:11Z,ls7,qd9y0yh73w3u,,,
0.2592857142857143,0.5857142857142857,0.0,0.14285714285714288,0.0,0.0,2009-12-20T02:08:30Z,ls7,qd9y0yh73w3u,0.14461315979754158,0.5929139551699204,0.2624728850325379
0.3188888888888889,0.5544444444444445,0.3571428571428571,0.11444444444444447,0.0,0.0,2009-12-29T02:02:29Z,ls7,qd9y0yh73w3u,0.11586051743532061,0.5613048368953881,0.3228346456692913
0.3257142857142857,0.5564285714285714,0.0,0.10428571428571431,0.0,0.0,2010-01-14T02:02:44Z,ls7,qd9y0yh73w3u,0.10572049239681393,0.5640839971035481,0.3301955104996379
0.2992857142857143,0.5864285714285715,0.0,0.10071428571428574,0.0,0.0,2010-01-22T02:02:03Z,ls5,qd9y0yh73w3u,0.10209992758870384,0.5944967414916726,0.3034033309196234
,,1.0,,,,2010-01-30T02:02:58Z,ls7,qd9y0yh73w3u,,,
0.31857142857142856,0.5557142857142857,0.0,0.11500000000000002,0.0,0.0,2010-02-15T02:03:09Z,ls7,qd9y0yh73w3u,0.11624548736462095,0.5617328519855596,0.32202166064981946
0.36428571428571427,0.5114285714285713,0.0,0.11142857142857145,0.0,0.0,2010-02-23T02:02:10Z,ls5,qd9y0yh73w3u,0.11287988422575979,0.5180897250361793,0.36903039073806077
0.28500000000000003,0.5800000000000001,0.0,0.1242857142857143,0.0,0.0,2010-03-03T02:03:17Z,ls7,qd9y0yh73w3u,0.1256317689530686,0.5862815884476534,0.28808664259927796
,,1.0,,,,2010-03-10T02:09:31Z,ls7,qd9y0yh73w3u,,,
,,1.0,,,,2010-03-19T02:03:23Z,ls7,qd9y0yh73w3u,,,
,,1.0,,,,2010-04-04T02:03:27Z,ls7,qd9y0yh73w3u,,,
,,1.0,,,,2010-04-11T02:09:38Z,ls7,qd9y0yh73w3u,,,
,,1.0,,,,2010-04-20T02:03:27Z,ls7,qd9y0yh73w3u,,,
0.21666666666666667,0.6058333333333332,0.1428571428571429,0.16083333333333333,0.0,0.0,2010-04-27T02:09:37Z,ls7,qd9y0yh73w3u,0.1635593220338983,0.6161016949152541,0.22033898305084748
0.25857142857142856,0.5585714285714285,0.0,0.17071428571428568,0.0,0.0,2010-04-28T02:02:03Z,ls5,qd9y0yh73w3u,0.17281272595806216,0.5654374548083876,0.2617498192335503
0.267,0.528,0.2857142857142857,0.192,0.0,0.0,2010-05-06T02:03:24Z,ls7,qd9y0yh73w3u,0.1945288753799392,0.5349544072948329,0.270516717325228
0.075,0.6757142857142858,0.0,0.23642857142857146,0.0,0.0,2010-05-14T02:02:01Z,ls5,qd9y0yh73w3u,0.23950795947901593,0.6845151953690305,0.07597684515195369
,,1.0,,,,2010-05-29T02:09:33Z,ls7,qd9y0yh73w3u,,,
,,1.0,,,,2010-06-30T02:09:36Z,ls7,qd9y0yh73w3u,,,
0.15285714285714286,0.5542857142857143,0.0,0.28071428571428575,0.0,0.0,2010-07-25T02:03:28Z,ls7,qd9y0yh73w3u,0.28416485900216926,0.5610990600144613,0.1547360809833695
0.09285714285714286,0.6314285714285715,0.0,0.26357142857142857,0.0,0.0,2010-08-01T02:09:38Z,ls7,qd9y0yh73w3u,0.2668112798264642,0.6391901663051338,0.09399855386840203
,,1.0,,,,2010-08-10T02:03:26Z,ls7,qd9y0yh73w3u,,,
0.21555555555555558,0.4066666666666667,0.3571428571428571,0.25777777777777783,0.0,0.1111111111111111,2010-08-26T02:03:30Z,ls7,qd9y0yh73w3u,0.26038159371492703,0.4107744107744107,0.21773288439955105
,,1.0,,,,2010-09-02T02:09:42Z,ls7,qd9y0yh73w3u,,,
0.06785714285714285,0.6450000000000001,0.0,0.27785714285714286,0.0,0.0,2010-09-11T02:03:32Z,ls7,qd9y0yh73w3u,0.2804614275414563,0.6510454217736121,0.06849315068493149
0.055714285714285716,0.6692857142857143,0.0,0.26642857142857146,0.0,0.0,2010-09-27T02:03:31Z,ls7,qd9y0yh73w3u,0.26873198847262253,0.6750720461095101,0.056195965417867436
0.11357142857142856,0.6192857142857141,0.0,0.2564285714285714,0.0,0.0,2010-10-13T02:03:36Z,ls7,qd9y0yh73w3u,0.2592057761732852,0.6259927797833935,0.11480144404332132
0.135,0.605,0.4285714285714286,0.2475,0.0,0.0,2010-10-29T02:03:45Z,ls7,qd9y0yh73w3u,0.25063291139240507,0.6126582278481012,0.13670886075949368
0.095,0.6921428571428571,0.0,0.20428571428571426,0.0,0.0,2010-11-14T02:03:57Z,ls7,qd9y0yh73w3u,0.20605187319884727,0.6981268011527377,0.095821325648415
0.12357142857142857,0.687142857142857,0.0,0.1785714285714286,0.0,0.0,2010-11-30T02:04:08Z,ls7,qd9y0yh73w3u,0.1805054151624549,0.6945848375451263,0.12490974729241879
0.025,0.725,0.8571428571428572,0.24,0.0,0.0,2010-12-07T02:10:23Z,ls7,qd9y0yh73w3u,0.24242424242424243,0.7323232323232323,0.025252525252525256
,,1.0,,,,2010-12-08T02:01:02Z,ls5,qd9y0yh73w3u,,,
,,1.0,,,,2010-12-23T02:10:30Z,ls7,qd9y0yh73w3u,,,
0.021428571428571432,0.8014285714285715,0.0,0.17071428571428568,0.0,0.0,2010-12-24T02:01:07Z,ls5,qd9y0yh73w3u,0.17181883537023718,0.8066139468008626,0.021567217828900073
,,1.0,,,,2011-01-01T02:04:25Z,ls7,qd9y0yh73w3u,,,
0.04214285714285714,0.7471428571428572,0.0,0.2,0.0,0.0,2011-01-09T02:01:10Z,ls5,qd9y0yh73w3u,0.20216606498194944,0.7552346570397112,0.042599277978339345
0.23785714285714285,0.5885714285714286,0.0,0.16071428571428573,0.0,0.0,2011-01-25T02:01:10Z,ls5,qd9y0yh73w3u,0.16280752532561504,0.5962373371924747,0.24095513748191025
0.13999999999999999,0.6314285714285715,0.0,0.21714285714285714,0.0,0.0,2011-02-02T02:04:38Z,ls7,qd9y0yh73w3u,0.21965317919075145,0.638728323699422,0.14161849710982657
0.15999999999999998,0.6449999999999999,0.0,0.17857142857142858,0.0,0.0,2011-02-10T02:01:13Z,ls5,qd9y0yh73w3u,0.18155410312273057,0.6557734204793028,0.1626724763979666
0.2507142857142857,0.5542857142857143,0.0,0.18142857142857147,0.0,0.0,2011-02-18T02:04:42Z,ls7,qd9y0yh73w3u,0.18392469225199135,0.561911658218682,0.2541636495293266
0.1892857142857143,0.5964285714285714,0.0,0.20142857142857146,0.0,0.0,2011-02-26T02:01:12Z,ls5,qd9y0yh73w3u,0.20405209840810423,0.6041968162083936,0.1917510853835022
,,1.0,,,,2011-03-06T02:04:47Z,ls7,qd9y0yh73w3u,,,
0.3055555555555555,0.45444444444444443,0.3571428571428571,0.2288888888888889,0.0,0.0,2011-03-22T02:04:47Z,ls7,qd9y0yh73w3u,0.23146067415730337,0.4595505617977528,0.3089887640449438
0.35500000000000004,0.46,0.0,0.17071428571428574,0.0,0.0,2011-03-30T02:01:03Z,ls5,qd9y0yh73w3u,0.17318840579710146,0.4666666666666667,0.3601449275362319
0.15199999999999997,0.622,0.2857142857142857,0.213,0.0,0.0,2011-04-07T02:04:52Z,ls7,qd9y0yh73w3u,0.2158054711246201,0.6301925025329281,0.15400202634245186
0.24785714285714283,0.525,0.0,0.21285714285714286,0.0,0.0,2011-04-14T02:11:02Z,ls7,qd9y0yh73w3u,0.21594202898550724,0.532608695652174,0.2514492753623188
0.25999999999999995,0.5235714285714286,0.0,0.20214285714285718,0.0,0.0,2011-04-15T02:00:58Z,ls5,qd9y0yh73w3u,0.20507246376811597,0.5311594202898551,0.2637681159420289
0.21,0.6699999999999999,0.7857142857142857,0.10666666666666667,0.0,0.0,2011-04-23T02:04:50Z,ls7,qd9y0yh73w3u,0.10810810810810813,0.6790540540540541,0.21283783783783786
,,1.0,,,,2011-04-30T02:11:02Z,ls7,qd9y0yh73w3u,,,
0.16214285714285717,0.6,0.0,0.22357142857142862,0.0,0.0,2011-05-01T02:00:52Z,ls5,qd9y0yh73w3u,0.2268115942028986,0.608695652173913,0.16449275362318844
0.19214285714285714,0.5528571428571428,0.0,0.23928571428571432,0.0,0.0,2011-05-09T02:04:50Z,ls7,qd9y0yh73w3u,0.2431059506531205,0.5616835994194485,0.19521044992743106
0.24571428571428572,0.5428571428571428,0.0,0.1985714285714286,0.0,0.0,2011-05-25T02:04:49Z,ls7,qd9y0yh73w3u,0.20115774240231551,0.5499276410998553,0.24891461649782926
0.21785714285714283,0.49571428571428566,0.0,0.27357142857142863,0.0,0.0,2011-06-10T02:04:50Z,ls7,qd9y0yh73w3u,0.27713458755426923,0.5021707670043415,0.22069464544138925
0.21785714285714283,0.4992857142857142,0.0,0.26857142857142857,0.0,0.0,2011-06-26T02:04:46Z,ls7,qd9y0yh73w3u,0.27246376811594203,0.5065217391304347,0.22101449275362317
0.21,0.5,0.9285714285714286,0.28,0.0,0.0,2011-07-12T02:04:46Z,ls7,qd9y0yh73w3u,0.2828282828282829,0.5050505050505051,0.21212121212121213
,,1.0,,,,2011-07-19T02:10:56Z,ls7,qd9y0yh73w3u,,,
,,1.0,,,,2011-07-28T02:04:43Z,ls7,qd9y0yh73w3u,,,
,,1.0,,,,2011-08-04T02:10:52Z,ls7,qd9y0yh73w3u,,,
0.17071428571428568,0.45428571428571435,0.0,0.3621428571428571,0.0,0.0,2011-08-05T02:00:09Z,ls5,qd9y0yh73w3u,0.36685962373371916,0.46020260492040527,0.17293777134587549
0.09714285714285716,0.5014285714285714,0.0,0.3878571428571429,0.0,0.0,2011-08-13T02:04:39Z,ls7,qd9y0yh73w3u,0.3931933381607531,0.5083272990586531,0.09847936278059377
,,1.0,,,,2011-08-20T02:10:49Z,ls7,qd9y0yh73w3u,,,
0.15571428571428572,0.5278571428571428,0.0,0.3057142857142857,0.0,0.0,2011-08-29T02:04:37Z,ls7,qd9y0yh73w3u,0.30902527075812275,0.5335740072202166,0.15740072202166067
0.11571428571428573,0.5357142857142858,0.0,0.3385714285714285,0.0,0.0,2011-09-06T01:59:52Z,ls5,qd9y0yh73w3u,0.3419913419913419,0.5411255411255411,0.11688311688311688
0.07090909090909091,0.5572727272727273,0.2142857142857143,0.3609090909090909,0.0,0.0,2011-09-14T02:04:31Z,ls7,qd9y0yh73w3u,0.3648897058823529,0.5634191176470588,0.07169117647058823
0.049,0.581,0.2857142857142857,0.36,0.0,0.0,2011-09-21T02:10:41Z,ls7,qd9y0yh73w3u,0.36363636363636365,0.5868686868686869,0.049494949494949494
,,1.0,,,,2011-09-30T02:04:29Z,ls7,qd9y0yh73w3u,,,
,,1.0,,,,2011-10-07T02:10:38Z,ls7,qd9y0yh73w3u,,,
,,1.0,,,,2011-10-08T01:59:19Z,ls5,qd9y0yh73w3u,,,
,,1.0,,,,2011-10-16T02:04:31Z,ls7,qd9y0yh73w3u,,,
0.025714285714285714,0.6385714285714286,0.5,0.32571428571428573,0.0,0.0,2011-10-23T02:10:46Z,ls7,qd9y0yh73w3u,0.329004329004329,0.645021645021645,0.025974025974025972
,,1.0,,,,2011-11-01T02:04:36Z,ls7,qd9y0yh73w3u,,,
,,1.0,,,,2011-11-17T02:04:50Z,ls7,qd9y0yh73w3u,,,
0.17928571428571427,0.5507142857142856,0.0,0.2592857142857143,0.0,0.0,2011-11-24T02:11:06Z,ls7,qd9y0yh73w3u,0.26209386281588454,0.5566787003610109,0.18122743682310472
0.19571428571428573,0.5628571428571428,0.0,0.2307142857142857,0.0,0.0,2011-12-03T02:04:59Z,ls7,qd9y0yh73w3u,0.23321299638989168,0.5689530685920577,0.19783393501805055
,,1.0,,,,2011-12-19T02:05:06Z,ls7,qd9y0yh73w3u,,,
0.17666666666666667,0.62,0.7857142857142857,0.19333333333333336,0.0,0.0,2012-01-04T02:05:15Z,ls7,qd9y0yh73w3u,0.1952861952861953,0.6262626262626263,0.17845117845117844
,,1.0,,,,2012-01-11T02:11:27Z,ls7,qd9y0yh73w3u,,,
0.15899999999999997,0.6159999999999999,0.2857142857142857,0.213,0.0,0.0,2012-01-20T02:05:15Z,ls7,qd9y0yh73w3u,0.215587044534413,0.6234817813765182,0.16093117408906885
0.12,0.6799999999999999,0.8571428571428572,0.19,0.0,0.0,2012-02-05T02:05:19Z,ls7,qd9y0yh73w3u,0.19191919191919193,0.6868686868686869,0.12121212121212122
0.184,0.6199999999999999,0.6428571428571428,0.18,0.0,0.0,2012-02-21T02:05:23Z,ls7,qd9y0yh73w3u,0.1829268292682927,0.6300813008130082,0.18699186991869923
,,1.0,,,,2012-03-08T02:05:19Z,ls7,qd9y0yh73w3u,,,
0.42000000000000004,0.43,0.8571428571428572,0.135,0.0,0.0,2012-03-15T02:11:32Z,ls7,qd9y0yh73w3u,0.1370558375634518,0.4365482233502538,0.4263959390862945
0.3221428571428571,0.47214285714285714,0.0,0.19285714285714284,0.0,0.0,2012-03-24T02:05:22Z,ls7,qd9y0yh73w3u,0.19536903039073805,0.47829232995658466,0.3263386396526773
,,1.0,,,,2012-03-31T02:11:32Z,ls7,qd9y0yh73w3u,,,
0.21642857142857144,0.5564285714285715,0.0,0.21500000000000002,0.0,0.0,2012-04-09T02:05:17Z,ls7,qd9y0yh73w3u,0.21764280549530007,0.5632682574114244,0.21908893709327548
,,1.0,,,,2012-04-25T02:05:32Z,ls7,qd9y0yh73w3u,,,
0.16714285714285712,0.5921428571428572,0.0,0.2285714285714286,0.0,0.0,2012-05-11T02:05:55Z,ls7,qd9y0yh73w3u,0.23138105567606654,0.5994215473608099,0.1691973969631236
0.2414285714285715,0.5385714285714286,0.0,0.20785714285714288,0.0,0.0,2012-05-27T02:05:47Z,ls7,qd9y0yh73w3u,0.21041214750542298,0.5451916124367316,0.2443962400578453
,,1.0,,,,2012-06-12T02:05:37Z,ls7,qd9y0yh73w3u,,,
0.6242857142857143,0.0642857142857143,0.5,0.16,0.0,0.14285714285714285,2012-06-28T02:05:45Z,ls7,qd9y0yh73w3u,0.1616161616161616,0.06493506493506494,0.6305916305916307
0.21142857142857144,0.5085714285714286,0.0,0.2664285714285714,0.0,0.0,2012-07-14T02:06:00Z,ls7,qd9y0yh73w3u,0.27009413468501087,0.5155684286748733,0.2143374366401159
0.25142857142857145,0.49785714285714283,0.0,0.23857142857142863,0.0,0.0,2012-07-30T02:06:10Z,ls7,qd9y0yh73w3u,0.24150397686189448,0.5039768618944324,0.2545191612436732
0.2625,0.42,0.1428571428571429,0.3033333333333333,0.0,0.0,2012-08-15T02:06:22Z,ls7,qd9y0yh73w3u,0.30769230769230765,0.42603550295857984,0.26627218934911245
,,1.0,,,,2012-08-31T02:06:32Z,ls7,qd9y0yh73w3u,,,
0.11214285714285714,0.5857142857142856,0.0,0.28857142857142865,0.0,0.0,2012-09-07T02:12:48Z,ls7,qd9y0yh73w3u,0.29254163649529336,0.5937726285300506,0.11368573497465605
0.09071428571428572,0.6385714285714286,0.0,0.25999999999999995,0.0,0.0,2012-09-16T02:06:41Z,ls7,qd9y0yh73w3u,0.26281588447653426,0.6454873646209386,0.09169675090252707
,,1.0,,,,2012-09-23T02:12:56Z,ls7,qd9y0yh73w3u,,,
,,1.0,,,,2012-10-02T02:06:51Z,ls7,qd9y0yh73w3u,,,
,,1.0,,,,2012-10-09T02:13:03Z,ls7,qd9y0yh73w3u,,,
0.08,0.6607142857142857,0.0,0.24785714285714291,0.0,0.0,2012-10-18T02:07:00Z,ls7,qd9y0yh73w3u,0.25072254335260125,0.6683526011560693,0.08092485549132948
0.1092857142857143,0.6921428571428571,0.0,0.18857142857142858,0.0,0.0,2012-11-19T02:07:13Z,ls7,qd9y0yh73w3u,0.1904761904761905,0.699134199134199,0.11038961038961041
0.12166666666666669,0.6275,0.1428571428571429,0.24083333333333337,0.0,0.0,2012-11-26T02:13:25Z,ls7,qd9y0yh73w3u,0.2432659932659933,0.6338383838383838,0.12289562289562292
,,1.0,,,,2012-12-21T02:07:22Z,ls7,qd9y0yh73w3u,,,
0.2285714285714286,0.5728571428571428,0.0,0.18571428571428575,0.0,0.0,2013-01-22T02:07:25Z,ls7,qd9y0yh73w3u,0.18813314037626633,0.5803183791606368,0.23154848046309698
,,1.0,,,,2013-01-29T02:13:37Z,ls7,qd9y0yh73w3u,,,
0.25,0.55,0.8571428571428572,0.19,0.0,0.0,2013-02-07T02:07:27Z,ls7,qd9y0yh73w3u,0.19191919191919193,0.5555555555555556,0.25252525252525254
,,1.0,,,,2013-02-14T02:13:37Z,ls7,qd9y0yh73w3u,,,
0.32142857142857145,0.4942857142857143,0.0,0.17214285714285715,0.0,0.0,2013-02-23T02:07:24Z,ls7,qd9y0yh73w3u,0.17425885755603762,0.5003615328994939,0.3253796095444686
0.28500000000000003,0.5178571428571429,0.0,0.1842857142857143,0.0,0.0,2013-03-02T02:13:34Z,ls7,qd9y0yh73w3u,0.18668596237337193,0.524602026049204,0.28871201157742404
,,1.0,,,,2013-03-11T02:07:23Z,ls7,qd9y0yh73w3u,,,
,,1.0,,,,2013-03-18T02:13:32Z,ls7,qd9y0yh73w3u,,,
0.1764285714285714,0.6292857142857142,0.0,0.18285714285714286,0.0,0.0,2013-03-27T02:07:16Z,ls7,qd9y0yh73w3u,0.18497109826589597,0.6365606936416185,0.17846820809248556
0.2207142857142857,0.5771428571428572,0.0,0.1907142857142857,0.0,0.0,2013-04-03T02:13:28Z,ls7,qd9y0yh73w3u,0.19291907514450865,0.5838150289017341,0.22326589595375718
0.22571428571428576,0.5578571428571429,0.0,0.20214285714285715,0.0,0.0,2013-04-06T02:17:40Z,ls8,qd9y0yh73w3u,0.20507246376811591,0.5659420289855073,0.2289855072463768
,,1.0,,,,2013-04-20T02:13:02Z,ls8,qd9y0yh73w3u,,,
0.16071428571428573,0.6264285714285714,0.0,0.20000000000000004,0.0,0.0,2013-04-28T02:07:09Z,ls7,qd9y0yh73w3u,0.20260492040520986,0.6345875542691751,0.16280752532561504
,,1.0,,,,2013-05-05T02:13:19Z,ls7,qd9y0yh73w3u,,,
,,1.0,,,,2013-05-06T02:13:04Z,ls8,qd9y0yh73w3u,,,
,,1.0,,,,2013-05-13T02:18:58Z,ls8,qd9y0yh73w3u,,,
,,1.0,,,,2013-05-14T02:07:07Z,ls7,qd9y0yh73w3u,,,
,,1.0,,,,2013-05-21T02:13:16Z,ls7,qd9y0yh73w3u,,,
0.22214285714285717,0.49000000000000005,0.0,0.2750000000000001,0.0,0.0,2013-05-22T02:13:16Z,ls8,qd9y0yh73w3u,0.2785817655571636,0.49638205499276405,0.22503617945007234
,,1.0,,,,2013-05-29T02:19:05Z,ls8,qd9y0yh73w3u,,,
0.2178571428571429,0.48499999999999993,0.0,0.2842857142857143,0.0,0.0,2013-06-07T02:13:16Z,ls8,qd9y0yh73w3u,0.2879884225759769,0.4913169319826338,0.22069464544138934
0.01,0.1142857142857143,0.0,0.016428571428571428,0.0,0.8571428571428571,2013-06-14T02:19:00Z,ls8,qd9y0yh73w3u,0.01667875271936186,0.11602610587382164,0.010152284263959394
0.1407142857142857,0.5642857142857143,0.0,0.2864285714285715,0.0,0.0,2013-06-15T02:06:54Z,ls7,qd9y0yh73w3u,0.28890489913544676,0.569164265129683,0.1419308357348703
,,1.0,,,,2013-06-22T02:13:02Z,ls7,qd9y0yh73w3u,,,
,,1.0,,,,2013-06-23T02:13:09Z,ls8,qd9y0yh73w3u,,,
0.22285714285714284,0.4750000000000001,0.0,0.2871428571428572,0.0,0.0,2013-06-30T02:18:59Z,ls8,qd9y0yh73w3u,0.2915155910079768,0.4822335025380711,0.2262509064539521
0.21714285714285717,0.47000000000000003,0.0,0.29857142857142854,0.0,0.0,2013-07-01T02:06:46Z,ls7,qd9y0yh73w3u,0.3028985507246376,0.47681159420289854,0.2202898550724638
0.2207142857142857,0.4842857142857143,0.0,0.28,0.0,0.0,2013-07-08T02:12:51Z,ls7,qd9y0yh73w3u,0.28426395939086296,0.49166062364031904,0.22407541696881794
,,1.0,,,,2013-07-09T02:13:14Z,ls8,qd9y0yh73w3u,,,
,,1.0,,,,2013-07-16T02:19:00Z,ls8,qd9y0yh73w3u,,,
0.16999999999999998,0.5285714285714286,0.0,0.28928571428571426,0.0,0.0,2013-07-17T02:06:37Z,ls7,qd9y0yh73w3u,0.2928416485900217,0.5350686912509038,0.17208966015907448
0.11928571428571431,0.4542857142857143,0.0,0.20000000000000004,0.0,0.21428571428571427,2013-07-25T02:13:13Z,ls8,qd9y0yh73w3u,0.20313942751615885,0.4614166996438464,0.12115815855428046
,,1.0,,,,2013-08-01T02:19:01Z,ls8,qd9y0yh73w3u,,,
0.1764285714285714,0.4864285714285714,0.0,0.3221428571428572,0.0,0.0,2013-08-02T02:06:29Z,ls7,qd9y0yh73w3u,0.3270485859318347,0.4938361131254532,0.1791153009427121
,,1.0,,,,2013-08-10T02:13:15Z,ls8,qd9y0yh73w3u,,,
,,1.0,,,,2013-08-17T02:19:02Z,ls8,qd9y0yh73w3u,,,
,,1.0,,,,2013-08-18T02:06:33Z,ls7,qd9y0yh73w3u,,,
0.2592857142857143,0.3792857142857144,0.0,0.34857142857142864,0.0,0.0,2013-08-26T02:13:17Z,ls8,qd9y0yh73w3u,0.35311143270622286,0.3842257597684516,0.26266280752532556
0.10307692307692308,0.13923076923076924,0.0714285714285714,0.13923076923076924,0.15384615384615385,0.46153846153846156,2013-09-02T02:19:28Z,ls8,qd9y0yh73w3u,0.14035359801488834,0.14035359801488834,0.10390818858560792
,,1.0,,,,2013-09-11T02:13:15Z,ls8,qd9y0yh73w3u,,,
0.18928571428571425,0.11642857142857142,0.0,0.18642857142857142,0.21428571428571427,0.2857142857142857,2013-09-19T02:06:55Z,ls7,qd9y0yh73w3u,0.18940493468795355,0.11828737300435414,0.1923076923076923
0.2,0.24785714285714283,0.0,0.25571428571428567,0.0,0.2857142857142857,2013-09-27T02:13:06Z,ls8,qd9y0yh73w3u,0.2596084118926758,0.2516316171138506,0.20304568527918784
,,1.0,,,,2013-10-04T02:18:54Z,ls8,qd9y0yh73w3u,,,
0.10166666666666667,0.56,0.5714285714285714,0.33,0.0,0.0,2013-10-05T02:07:07Z,ls7,qd9y0yh73w3u,0.33277310924369746,0.5647058823529412,0.10252100840336133
0.085,0.6107142857142857,0.0,0.2914285714285714,0.0,0.0,2013-10-13T02:13:07Z,ls8,qd9y0yh73w3u,0.2952243125904486,0.6186685962373372,0.0861070911722142
0.0018181818181818182,0.06636363636363636,0.2142857142857143,0.021818181818181816,0.0,0.9090909090909091,2013-10-20T02:19:14Z,ls8,qd9y0yh73w3u,0.022038567493112952,0.06703397612488524,0.0018365472910927465
0.04083333333333333,0.6441666666666667,0.1428571428571429,0.3025,0.0,0.0,2013-10-21T02:07:17Z,ls7,qd9y0yh73w3u,0.3063291139240506,0.6523206751054852,0.04135021097046413
0.05142857142857144,0.6528571428571429,0.0,0.2857142857142857,0.0,0.0,2013-10-29T02:12:57Z,ls8,qd9y0yh73w3u,0.2886002886002886,0.6594516594516594,0.05194805194805196
0.04357142857142858,0.6885714285714286,0.0,0.2578571428571429,0.0,0.0,2013-11-05T02:18:46Z,ls8,qd9y0yh73w3u,0.26046176046176045,0.6955266955266955,0.044011544011544015
0.027142857142857142,0.7042857142857141,0.0,0.26142857142857145,0.0,0.0,2013-11-06T02:07:22Z,ls7,qd9y0yh73w3u,0.2633093525179857,0.7093525179856114,0.027338129496402883
,,1.0,,,,2013-11-13T02:13:36Z,ls7,qd9y0yh73w3u,,,
0.057142857142857155,0.6849999999999999,0.0,0.24785714285714286,0.0,0.0,2013-11-14T02:12:57Z,ls8,qd9y0yh73w3u,0.25036075036075034,0.6919191919191918,0.057720057720057734
0.0642857142857143,0.6957142857142858,0.0,0.2292857142857143,0.0,0.0,2013-11-21T02:19:02Z,ls8,qd9y0yh73w3u,0.23176895306859202,0.7032490974729242,0.06498194945848375
0.10642857142857144,0.4707142857142857,0.0,0.20214285714285715,0.0,0.21428571428571427,2013-11-22T02:07:27Z,ls7,qd9y0yh73w3u,0.20381039675265156,0.4745973549823229,0.10730653397931125
0.026428571428571437,0.7507142857142857,0.0,0.21428571428571433,0.0,0.0,2013-11-30T02:12:52Z,ls8,qd9y0yh73w3u,0.2161383285302594,0.7572046109510085,0.026657060518731998
0.14,0.68,0.9285714285714286,0.17,0.0,0.0,2013-12-08T02:07:35Z,ls7,qd9y0yh73w3u,0.1717171717171717,0.6868686868686869,0.1414141414141414
,,1.0,,,,2013-12-15T02:13:45Z,ls7,qd9y0yh73w3u,,,
,,1.0,,,,2013-12-16T02:12:46Z,ls8,qd9y0yh73w3u,,,
0.09142857142857143,0.7071428571428572,0.0,0.19,0.0,0.0,2013-12-23T02:18:52Z,ls8,qd9y0yh73w3u,0.1921965317919075,0.7153179190751445,0.09248554913294797
0.07357142857142858,0.7435714285714284,0.0,0.17285714285714285,0.0,0.0,2013-12-24T02:07:37Z,ls7,qd9y0yh73w3u,0.17460317460317462,0.751082251082251,0.07431457431457433
0.07214285714285715,0.7242857142857143,0.0,0.19285714285714284,0.0,0.0,2014-01-08T02:18:43Z,ls8,qd9y0yh73w3u,0.19494584837545123,0.7321299638989169,0.07292418772563176
0.06230769230769232,0.7461538461538461,0.0714285714285714,0.1823076923076923,0.0,0.0,2014-01-09T02:07:40Z,ls7,qd9y0yh73w3u,0.18400621118012425,0.7531055900621119,0.062888198757764
0.10142857142857144,0.7092857142857143,0.0,0.1764285714285714,0.0,0.0,2014-01-17T02:12:23Z,ls8,qd9y0yh73w3u,0.17872648335745295,0.7185238784370478,0.10274963820549929
,,1.0,,,,2014-01-25T02:08:00Z,ls7,qd9y0yh73w3u,,,
0.11928571428571429,0.6778571428571428,0.0,0.19214285714285717,0.0,0.0,2014-02-02T02:12:17Z,ls8,qd9y0yh73w3u,0.19422382671480146,0.6851985559566787,0.12057761732851985
0.1935714285714286,0.5871428571428572,0.0,0.20571428571428574,0.0,0.0,2014-02-09T02:18:21Z,ls8,qd9y0yh73w3u,0.20854453294713976,0.5952208544532946,0.19623461259956554
0.105,0.71,0.0,0.17285714285714285,0.0,0.0,2014-02-10T02:08:05Z,ls7,qd9y0yh73w3u,0.17498192335502533,0.7187274041937817,0.10629067245119306
0.14071428571428574,0.6542857142857142,0.0,0.19142857142857142,0.0,0.0,2014-02-18T02:12:04Z,ls8,qd9y0yh73w3u,0.19406227371469947,0.663287472845764,0.14265025343953658
0.1571428571428571,0.6178571428571429,0.0,0.21142857142857144,0.0,0.0,2014-02-25T02:18:08Z,ls8,qd9y0yh73w3u,0.21433743664011587,0.6263577118030413,0.15930485155684285
,,1.0,,,,2014-02-26T02:07:57Z,ls7,qd9y0yh73w3u,,,
0.15,0.6635714285714286,0.0,0.17714285714285713,0.0,0.0,2014-03-05T02:14:12Z,ls7,qd9y0yh73w3u,0.1788031723143475,0.6697909156452776,0.1514059120403749
0.1892857142857143,0.6064285714285714,0.0,0.19357142857142856,0.0,0.0,2014-03-06T02:11:48Z,ls8,qd9y0yh73w3u,0.19566787003610106,0.6129963898916967,0.1913357400722022
,,1.0,,,,2014-03-13T02:17:33Z,ls8,qd9y0yh73w3u,,,
,,1.0,,,,2014-03-14T02:08:05Z,ls7,qd9y0yh73w3u,,,
,,1.0,,,,2014-03-21T02:14:20Z,ls7,qd9y0yh73w3u,,,
,,1.0,,,,2014-03-22T02:11:38Z,ls8,qd9y0yh73w3u,,,
0.10285714285714287,0.6478571428571429,0.0,0.2385714285714286,0.0,0.0,2014-04-07T02:11:23Z,ls8,qd9y0yh73w3u,0.2411552346570397,0.6548736462093863,0.103971119133574
0.1792857142857143,0.5914285714285714,0.0,0.21571428571428572,0.0,0.0,2014-04-14T02:17:01Z,ls8,qd9y0yh73w3u,0.21868211440984794,0.5995655322230268,0.18175235336712528
0.13166666666666668,0.6716666666666665,0.5714285714285714,0.18333333333333335,0.0,0.0,2014-04-15T02:08:18Z,ls7,qd9y0yh73w3u,0.18581081081081086,0.6807432432432432,0.13344594594594597
,,1.0,,,,2014-04-22T02:14:35Z,ls7,qd9y0yh73w3u,,,
,,1.0,,,,2014-04-23T02:11:07Z,ls8,qd9y0yh73w3u,,,
0.14071428571428574,0.6064285714285713,0.0,0.23928571428571432,0.0,0.0,2014-05-01T02:08:27Z,ls7,qd9y0yh73w3u,0.2425778421433744,0.614771904417089,0.14265025343953658
,,1.0,,,,2014-05-09T02:10:51Z,ls8,qd9y0yh73w3u,,,
0.0,0.0,0.2857142857142857,0.0,0.0,1.0,2014-05-16T02:16:33Z,ls8,qd9y0yh73w3u,0.0,0.0,0.0
,,1.0,,,,2014-05-17T02:08:34Z,ls7,qd9y0yh73w3u,,,
0.0,0.0,0.0,0.0,0.0,1.0,2014-05-25T02:10:45Z,ls8,qd9y0yh73w3u,0.0,0.0,0.0
0.6900000000000001,0.15875000000000003,0.4285714285714286,0.14625,0.0,0.0,2014-06-01T02:17:01Z,ls8,qd9y0yh73w3u,0.14698492462311555,0.15954773869346736,0.6934673366834171
0.19874999999999998,0.48624999999999996,0.4285714285714286,0.2975,0.0,0.0,2014-06-02T02:08:38Z,ls7,qd9y0yh73w3u,0.30279898218829515,0.494910941475827,0.20229007633587787
,,1.0,,,,2014-06-10T02:10:55Z,ls8,qd9y0yh73w3u,,,
,,1.0,,,,2014-06-17T02:16:44Z,ls8,qd9y0yh73w3u,,,
,,1.0,,,,2014-06-18T02:08:38Z,ls7,qd9y0yh73w3u,,,
0.22999999999999998,0.49642857142857144,0.0,0.26000000000000006,0.0,0.0,2014-06-25T02:14:52Z,ls7,qd9y0yh73w3u,0.2635771180304128,0.503258508327299,0.23316437364228818
,,1.0,,,,2014-06-26T02:10:57Z,ls8,qd9y0yh73w3u,,,
0.27214285714285713,0.44642857142857145,0.0,0.2671428571428571,0.0,0.0,2014-07-03T02:16:49Z,ls8,qd9y0yh73w3u,0.2710144927536232,0.45289855072463775,0.27608695652173915
,,1.0,,,,2014-07-04T02:08:45Z,ls7,qd9y0yh73w3u,,,
0.1907142857142857,0.5021428571428571,0.0,0.2928571428571428,0.0,0.0,2014-07-11T02:14:57Z,ls7,qd9y0yh73w3u,0.2971014492753623,0.5094202898550725,0.1934782608695652
0.2307142857142857,0.4728571428571428,0.0,0.2814285714285715,0.0,0.0,2014-07-12T02:11:06Z,ls8,qd9y0yh73w3u,0.2857142857142858,0.48005801305293694,0.2342277012327774
0.2421428571428572,0.4642857142857143,0.0,0.2792857142857143,0.0,0.0,2014-07-19T02:16:54Z,ls8,qd9y0yh73w3u,0.2833333333333333,0.47101449275362317,0.2456521739130435
,,1.0,,,,2014-07-20T02:08:47Z,ls7,qd9y0yh73w3u,,,
,,1.0,,,,2014-07-28T02:11:09Z,ls8,qd9y0yh73w3u,,,
0.2428571428571429,0.4571428571428572,0.0,0.2842857142857143,0.0,0.0,2014-08-04T02:17:01Z,ls8,qd9y0yh73w3u,0.28882438316400577,0.46444121915820025,0.24673439767779393
0.1875,0.475,0.7142857142857143,0.3275,0.0,0.0,2014-08-05T02:08:53Z,ls7,qd9y0yh73w3u,0.33080808080808083,0.4797979797979798,0.1893939393939394
0.23642857142857143,0.47785714285714287,0.0,0.27499999999999997,0.0,0.0,2014-08-13T02:11:18Z,ls8,qd9y0yh73w3u,0.27797833935018046,0.4830324909747292,0.23898916967509024
,,1.0,,,,2014-08-20T02:17:06Z,ls8,qd9y0yh73w3u,,,
0.22249999999999998,0.47500000000000003,0.7142857142857143,0.2925,0.0,0.0,2014-08-21T02:08:52Z,ls7,qd9y0yh73w3u,0.2954545454545454,0.47979797979797983,0.22474747474747472
,,1.0,,,,2014-08-28T02:15:02Z,ls7,qd9y0yh73w3u,,,
0.139,0.537,0.2857142857142857,0.31099999999999994,0.0,0.0,2014-08-29T02:11:19Z,ls8,qd9y0yh73w3u,0.31509625126646396,0.5440729483282675,0.1408308004052685
0.12000000000000001,0.545,0.0,0.3235714285714285,0.0,0.0,2014-09-05T02:17:09Z,ls8,qd9y0yh73w3u,0.32731213872832365,0.5513005780346821,0.12138728323699423
0.14714285714285716,0.5321428571428571,0.0,0.30857142857142855,0.0,0.0,2014-09-14T02:11:23Z,ls8,qd9y0yh73w3u,0.31236442516268975,0.5386840202458424,0.14895155459146783
,,1.0,,,,2014-09-22T02:08:58Z,ls7,qd9y0yh73w3u,,,
0.15083333333333335,0.5199999999999999,0.1428571428571429,0.3158333333333333,0.0,0.0,2014-09-30T02:11:23Z,ls8,qd9y0yh73w3u,0.32010135135135137,0.527027027027027,0.15287162162162166
0.15285714285714286,0.5399999999999999,0.0,0.2942857142857143,0.0,0.0,2014-10-07T02:17:37Z,ls8,qd9y0yh73w3u,0.29811866859623737,0.5470332850940666,0.1548480463096961
0.1442857142857143,0.5428571428571428,0.0,0.3007142857142857,0.0,0.0,2014-10-08T02:09:11Z,ls7,qd9y0yh73w3u,0.30441070137382503,0.549530007230658,0.14605929139551702
0.15,0.5466666666666667,0.7857142857142857,0.29,0.0,0.0,2014-10-15T02:15:23Z,ls7,qd9y0yh73w3u,0.2939189189189189,0.5540540540540542,0.15202702702702703
,,1.0,,,,2014-10-16T02:11:28Z,ls8,qd9y0yh73w3u,,,
,,1.0,,,,2014-10-23T02:17:15Z,ls8,qd9y0yh73w3u,,,
,,1.0,,,,2014-10-24T02:09:20Z,ls7,qd9y0yh73w3u,,,
0.14285714285714288,0.6064285714285715,0.0,0.23857142857142857,0.0,0.0,2014-11-01T02:11:25Z,ls8,qd9y0yh73w3u,0.2415039768618944,0.613882863340564,0.14461315979754158
0.13142857142857142,0.6321428571428571,0.0,0.22428571428571425,0.0,0.0,2014-11-08T02:17:15Z,ls8,qd9y0yh73w3u,0.22704266088214026,0.6399132321041215,0.13304410701373826
0.13,0.6435714285714286,0.0,0.21285714285714288,0.0,0.0,2014-11-09T02:09:29Z,ls7,qd9y0yh73w3u,0.2157856625633599,0.6524257784214338,0.13178855901520636
0.11499999999999999,0.6614285714285714,0.0,0.21071428571428577,0.0,0.0,2014-11-17T02:11:26Z,ls8,qd9y0yh73w3u,0.21345875542691758,0.6700434153400868,0.11649782923299565
0.16285714285714284,0.6192857142857143,0.0,0.20785714285714288,0.0,0.0,2014-11-24T02:17:36Z,ls8,qd9y0yh73w3u,0.20995670995670998,0.6255411255411256,0.16450216450216448
0.16500000000000004,0.6314285714285713,0.0,0.19214285714285714,0.0,0.0,2014-11-25T02:09:32Z,ls7,qd9y0yh73w3u,0.19436416184971098,0.6387283236994219,0.1669075144508671
0.15214285714285714,0.6085714285714285,0.0,0.22642857142857148,0.0,0.0,2014-12-03T02:11:25Z,ls8,qd9y0yh73w3u,0.2293777134587555,0.6164978292329957,0.15412445730824892
0.21,0.5807142857142856,0.0,0.19785714285714287,0.0,0.0,2014-12-10T02:17:31Z,ls8,qd9y0yh73w3u,0.20014450867052028,0.5874277456647399,0.2124277456647399
0.1892857142857143,0.6085714285714285,0.0,0.18642857142857142,0.0,0.0,2014-12-11T02:09:39Z,ls7,qd9y0yh73w3u,0.18940493468795355,0.6182873730043541,0.19230769230769235
0.18928571428571433,0.6142857142857141,0.0,0.18357142857142858,0.0,0.0,2014-12-19T02:11:22Z,ls8,qd9y0yh73w3u,0.18596237337192476,0.6222865412445729,0.19175108538350222
0.2228571428571428,0.5842857142857143,0.0,0.18000000000000002,0.0,0.0,2014-12-26T02:17:31Z,ls8,qd9y0yh73w3u,0.1823444283646889,0.5918958031837916,0.2257597684515195
0.188,0.624,0.6428571428571428,0.174,0.0,0.0,2014-12-27T02:09:46Z,ls7,qd9y0yh73w3u,0.1764705882352941,0.6328600405679513,0.19066937119675456
0.20642857142857146,0.6000000000000002,0.0,0.18142857142857147,0.0,0.0,2015-01-04T02:11:17Z,ls8,qd9y0yh73w3u,0.18365871294287778,0.6073752711496746,0.20896601590744754
0.2507142857142858,0.5578571428571429,0.0,0.1792857142857143,0.0,0.0,2015-01-11T02:17:28Z,ls8,qd9y0yh73w3u,0.18148951554591466,0.5647143890093999,0.2537960954446855
,,1.0,,,,2015-01-12T02:09:49Z,ls7,qd9y0yh73w3u,,,
0.375,0.44999999999999996,0.8571428571428572,0.16,0.0,0.0,2015-01-19T02:15:58Z,ls7,qd9y0yh73w3u,0.16243654822335027,0.45685279187817257,0.3807106598984772
0.23714285714285716,0.5750000000000001,0.0,0.17285714285714285,0.0,0.0,2015-01-20T02:11:13Z,ls8,qd9y0yh73w3u,0.17548948513415516,0.583756345177665,0.24075416968817984
0.21714285714285714,0.5857142857142856,0.0,0.1842857142857143,0.0,0.0,2015-01-27T02:16:58Z,ls8,qd9y0yh73w3u,0.18668596237337196,0.5933429811866859,0.2199710564399421
0.17714285714285719,0.642142857142857,0.0,0.16785714285714284,0.0,0.0,2015-01-28T02:09:53Z,ls7,qd9y0yh73w3u,0.17004341534008685,0.650506512301013,0.1794500723589002
0.09285714285714289,0.6828571428571427,0.0,0.21071428571428572,0.0,0.0,2015-02-05T02:11:10Z,ls8,qd9y0yh73w3u,0.21361332367849387,0.6922519913106444,0.09413468501086174
0.21285714285714288,0.5707142857142857,0.0,0.20142857142857146,0.0,0.0,2015-02-21T02:11:03Z,ls8,qd9y0yh73w3u,0.2044960116026106,0.5794053662073966,0.21609862218999276
0.2607142857142857,0.5235714285714286,0.0,0.2007142857142857,0.0,0.0,2015-02-28T02:16:48Z,ls8,qd9y0yh73w3u,0.2037708484408992,0.5315445975344453,0.2646845540246555
0.19071428571428575,0.5871428571428571,0.0,0.21142857142857144,0.0,0.0,2015-03-09T02:10:54Z,ls8,qd9y0yh73w3u,0.21371841155234658,0.5935018050541516,0.19277978339350185
0.030714285714285725,0.6885714285714286,0.0,0.27,0.0,0.0,2015-03-16T02:17:01Z,ls8,qd9y0yh73w3u,0.27292418772563176,0.696028880866426,0.03104693140794225
0.015714285714285715,0.7700000000000001,0.5,0.21,0.0,0.0,2015-03-17T02:10:13Z,ls7,qd9y0yh73w3u,0.21090387374461977,0.7733142037302727,0.015781922525107604
,,1.0,,,,2015-03-24T02:16:28Z,ls7,qd9y0yh73w3u,,,
0.20285714285714285,0.5714285714285714,0.0,0.21428571428571433,0.0,0.0,2015-03-25T02:10:46Z,ls8,qd9y0yh73w3u,0.21676300578034688,0.5780346820809248,0.20520231213872833
0.15642857142857142,0.6142857142857142,0.0,0.21571428571428575,0.0,0.0,2015-04-01T02:16:50Z,ls8,qd9y0yh73w3u,0.21868211440984797,0.6227371469949311,0.15858073859522084
0.1592857142857143,0.625,0.0,0.20357142857142857,0.0,0.0,2015-04-02T02:10:19Z,ls7,qd9y0yh73w3u,0.20607375271149678,0.6326825741142444,0.1612436731742589
,,1.0,,,,2015-04-10T02:10:36Z,ls8,qd9y0yh73w3u,,,
0.22357142857142862,0.5564285714285715,0.0,0.20714285714285713,0.0,0.0,2015-04-17T02:16:48Z,ls8,qd9y0yh73w3u,0.20984081041968158,0.5636758321273517,0.22648335745296674
0.19642857142857145,0.5878571428571429,0.0,0.20214285714285715,0.0,0.0,2015-04-18T02:10:28Z,ls7,qd9y0yh73w3u,0.2049239681390297,0.5959449674149168,0.1991310644460536
0.3121428571428571,0.5007142857142858,0.0,0.1742857142857143,0.0,0.0,2015-04-26T02:10:33Z,ls8,qd9y0yh73w3u,0.17655571635311146,0.5072358900144719,0.31620839363241676
0.24071428571428571,0.5464285714285715,0.0,0.20142857142857146,0.0,0.0,2015-05-03T02:16:13Z,ls8,qd9y0yh73w3u,0.20375722543352603,0.5527456647398844,0.24349710982658956
0.0,0.0,0.0,0.0,0.0,1.0,2015-05-04T02:10:34Z,ls7,qd9y0yh73w3u,0.0,0.0,0.0
0.23785714285714285,0.5842857142857143,0.0,0.1642857142857143,0.0,0.0,2015-05-11T02:16:49Z,ls7,qd9y0yh73w3u,0.16654598117306302,0.5923244026068066,0.2411296162201303
0.22214285714285717,0.5628571428571428,0.0,0.20142857142857143,0.0,0.0,2015-05-12T02:10:17Z,ls8,qd9y0yh73w3u,0.20419985517740769,0.5706010137581462,0.22519913106444608
0.14785714285714285,0.6100000000000001,0.0,0.23000000000000007,0.0,0.0,2015-05-19T02:16:27Z,ls8,qd9y0yh73w3u,0.23282718727404197,0.6174981923355025,0.1496746203904555
0.16071428571428573,0.625,0.0,0.2007142857142857,0.0,0.0,2015-05-20T02:10:42Z,ls7,qd9y0yh73w3u,0.20347574221578565,0.6335988414192614,0.16292541636495295
0.19428571428571426,0.6135714285714285,0.0,0.17928571428571427,0.0,0.0,2015-05-27T02:16:53Z,ls7,qd9y0yh73w3u,0.18162083936324167,0.6215629522431259,0.1968162083936324
0.22428571428571428,0.5521428571428572,0.0,0.21071428571428572,0.0,0.0,2015-05-28T02:10:19Z,ls8,qd9y0yh73w3u,0.2134587554269175,0.5593342981186685,0.22720694645441386
0.1285714285714286,0.6407142857142857,0.0,0.22000000000000003,0.0,0.0,2015-06-04T02:16:11Z,ls8,qd9y0yh73w3u,0.22238267148014443,0.6476534296028881,0.12996389891696752
0.1578571428571429,0.6357142857142858,0.0,0.19571428571428573,0.0,0.0,2015-06-05T02:10:48Z,ls7,qd9y0yh73w3u,0.19783393501805052,0.6425992779783394,0.15956678700361013
0.1757142857142857,0.595,0.0,0.21571428571428575,0.0,0.0,2015-06-13T02:10:31Z,ls8,qd9y0yh73w3u,0.21868211440984797,0.6031860970311368,0.1781317885590152
0.07857142857142858,0.7350000000000001,0.0,0.17785714285714285,0.0,0.0,2015-06-20T02:16:44Z,ls8,qd9y0yh73w3u,0.17939481268011526,0.7413544668587896,0.0792507204610951
0.26555555555555554,0.5166666666666666,0.3571428571428571,0.2022222222222222,0.0,0.0,2015-06-28T02:17:03Z,ls7,qd9y0yh73w3u,0.2054176072234763,0.5248306997742663,0.2697516930022574
0.2728571428571428,0.4828571428571428,0.0,0.22857142857142862,0.0,0.0,2015-06-29T02:10:37Z,ls8,qd9y0yh73w3u,0.2322206095791002,0.49056603773584906,0.27721335268505076
0.17500000000000002,0.5492857142857143,0.0,0.26071428571428573,0.0,0.0,2015-07-06T02:16:53Z,ls8,qd9y0yh73w3u,0.2646845540246555,0.557650471356055,0.17766497461928935
,,1.0,,,,2015-07-07T02:10:56Z,ls7,qd9y0yh73w3u,,,
0.22714285714285712,0.505,0.0,0.2571428571428572,0.0,0.0,2015-07-15T02:10:47Z,ls8,qd9y0yh73w3u,0.25992779783393505,0.5104693140794224,0.22960288808664256
,,1.0,,,,2015-07-22T02:16:36Z,ls8,qd9y0yh73w3u,,,
0.0,0.0,0.0,0.0,0.0,1.0,2015-08-07T02:16:39Z,ls8,qd9y0yh73w3u,0.0,0.0,0.0
,,1.0,,,,2015-08-08T02:11:03Z,ls7,qd9y0yh73w3u,,,
,,1.0,,,,2015-08-15T02:17:16Z,ls7,qd9y0yh73w3u,,,
,,1.0,,,,2015-08-16T02:10:57Z,ls8,qd9y0yh73w3u,,,
0.2738461538461539,0.15,0.0714285714285714,0.18461538461538465,0.07692307692307693,0.3076923076923077,2015-08-23T02:17:11Z,ls8,qd9y0yh73w3u,0.18671593892832833,0.1517067003792667,0.27696197607702033
0.265,0.44,0.7142857142857143,0.28,0.0,0.0,2015-08-24T02:11:05Z,ls7,qd9y0yh73w3u,0.28426395939086296,0.4467005076142132,0.2690355329949239
,,1.0,,,,2015-09-01T02:11:03Z,ls8,qd9y0yh73w3u,,,
0.22428571428571428,0.4557142857142856,0.0,0.3071428571428571,0.0,0.0,2015-09-08T02:17:17Z,ls8,qd9y0yh73w3u,0.3111432706222865,0.46164978292329956,0.22720694645441392
0.17285714285714285,0.515,0.0,0.29857142857142854,0.0,0.0,2015-09-09T02:11:08Z,ls7,qd9y0yh73w3u,0.3026792179580014,0.5220854453294714,0.17523533671252714
0.085,0.6178571428571429,0.0,0.2864285714285714,0.0,0.0,2015-09-17T02:11:11Z,ls8,qd9y0yh73w3u,0.2895306859205776,0.6245487364620939,0.08592057761732852
0.07285714285714286,0.6378571428571428,0.0,0.2792857142857143,0.0,0.0,2015-09-24T02:17:24Z,ls8,qd9y0yh73w3u,0.28210678210678214,0.6443001443001443,0.0735930735930736
0.037,0.668,0.2857142857142857,0.28800000000000003,0.0,0.0,2015-09-25T02:11:12Z,ls7,qd9y0yh73w3u,0.29003021148036257,0.6727089627391741,0.03726082578046324
,,1.0,,,,2015-10-03T02:11:15Z,ls8,qd9y0yh73w3u,,,
0.04785714285714287,0.6735714285714286,0.0,0.2678571428571429,0.0,0.0,2015-10-10T02:17:02Z,ls8,qd9y0yh73w3u,0.27075812274368233,0.6808664259927798,0.048375451263537914
,,1.0,,,,2015-10-11T02:11:21Z,ls7,qd9y0yh73w3u,,,
,,1.0,,,,2015-10-19T02:11:17Z,ls8,qd9y0yh73w3u,,,
0.05142857142857144,0.7035714285714285,0.0,0.23500000000000004,0.0,0.0,2015-10-26T02:17:30Z,ls8,qd9y0yh73w3u,0.2373737373737374,0.7106782106782106,0.05194805194805196
,,1.0,,,,2015-10-27T02:11:38Z,ls7,qd9y0yh73w3u,,,
0.056428571428571446,0.7028571428571428,0.0,0.23214285714285718,0.0,0.0,2015-11-04T02:11:21Z,ls8,qd9y0yh73w3u,0.23414985590778098,0.7089337175792506,0.05691642651296831
0.0692857142857143,0.7000000000000001,0.0,0.22142857142857145,0.0,0.0,2015-11-11T02:17:31Z,ls8,qd9y0yh73w3u,0.2235039653929344,0.706560922855083,0.0699351117519827
0.1385714285714286,0.6449999999999999,0.0,0.20785714285714288,0.0,0.0,2015-11-12T02:11:54Z,ls7,qd9y0yh73w3u,0.20965417867435163,0.6505763688760806,0.13976945244956776
0.08285714285714288,0.7042857142857144,0.0,0.20142857142857146,0.0,0.0,2015-11-20T02:11:23Z,ls8,qd9y0yh73w3u,0.203757225433526,0.7124277456647399,0.0838150289017341
0.18000000000000002,0.6192857142857143,0.0,0.19142857142857148,0.0,0.0,2015-11-27T02:17:10Z,ls8,qd9y0yh73w3u,0.19322278298485943,0.6250901225666906,0.18168709444844988
0.05333333333333334,0.7366666666666667,0.7857142857142857,0.19999999999999998,0.0,0.0,2015-11-28T02:12:07Z,ls7,qd9y0yh73w3u,0.20202020202020202,0.7441077441077442,0.05387205387205388
0.04642857142857144,0.7228571428571428,0.0,0.21928571428571428,0.0,0.0,2015-12-06T02:11:22Z,ls8,qd9y0yh73w3u,0.2218208092485549,0.7312138728323698,0.046965317919075156
0.08214285714285716,0.7049999999999998,0.0,0.2007142857142857,0.0,0.0,2015-12-13T02:17:32Z,ls8,qd9y0yh73w3u,0.20318148951554593,0.7136659436008675,0.08315256688358642
0.10071428571428573,0.7107142857142857,0.0,0.17642857142857143,0.0,0.0,2015-12-14T02:12:24Z,ls7,qd9y0yh73w3u,0.17859725234996382,0.7194504699927693,0.10195227765726682
0.09928571428571431,0.7150000000000001,0.0,0.17357142857142854,0.0,0.0,2015-12-22T02:11:23Z,ls8,qd9y0yh73w3u,0.17570498915401297,0.7237888647866957,0.10050614605929142
0.10333333333333333,0.7266666666666667,0.7857142857142857,0.16333333333333333,0.0,0.0,2015-12-30T02:12:36Z,ls7,qd9y0yh73w3u,0.16442953020134227,0.7315436241610738,0.10402684563758388
0.06571428571428573,0.7471428571428571,0.0,0.175,0.0,0.0,2016-01-07T02:11:18Z,ls8,qd9y0yh73w3u,0.1771511207519884,0.7563268257411424,0.06652205350686914
0.06357142857142857,0.7700000000000001,0.0,0.15785714285714283,0.0,0.0,2016-01-14T02:17:06Z,ls8,qd9y0yh73w3u,0.15922190201729103,0.7766570605187321,0.06412103746397693
,,1.0,,,,2016-01-15T02:12:52Z,ls7,qd9y0yh73w3u,,,
0.12999999999999998,0.6442857142857142,0.0,0.21285714285714286,0.0,0.0,2016-01-23T02:11:19Z,ls8,qd9y0yh73w3u,0.21562952243125905,0.6526772793053546,0.13169319826338638
0.06500000000000002,0.7471428571428572,0.0,0.18,0.0,0.0,2016-01-30T02:17:05Z,ls8,qd9y0yh73w3u,0.18142548596112307,0.7530597552195823,0.06551475881929446
,,1.0,,,,2016-02-07T02:19:16Z,ls7,qd9y0yh73w3u,,,
0.20142857142857137,0.5942857142857142,0.0,0.1921428571428572,0.0,0.0,2016-02-08T02:11:15Z,ls8,qd9y0yh73w3u,0.19450469992769348,0.601590744757773,0.20390455531453358
0.23714285714285716,0.5592857142857143,0.0,0.19214285714285714,0.0,0.0,2016-02-15T02:16:57Z,ls8,qd9y0yh73w3u,0.19436416184971098,0.5657514450867052,0.2398843930635838
0.23928571428571432,0.5850000000000001,0.0,0.16571428571428573,0.0,0.0,2016-02-16T02:13:07Z,ls7,qd9y0yh73w3u,0.1673881673881674,0.5909090909090909,0.24170274170274172
0.09285714285714286,0.6857142857142857,0.0,0.14,0.0,0.07142857142857142,2016-02-24T02:11:08Z,ls8,qd9y0yh73w3u,0.14152410575427685,0.6931792934903355,0.09386802932681626
0.2614285714285714,0.5292857142857144,0.0,0.1957142857142857,0.0,0.0,2016-03-02T02:16:55Z,ls8,qd9y0yh73w3u,0.19840695148443155,0.5365677045619117,0.26502534395365673
,,1.0,,,,2016-03-03T02:13:13Z,ls7,qd9y0yh73w3u,,,
,,1.0,,,,2016-03-10T02:19:28Z,ls7,qd9y0yh73w3u,,,
0.22928571428571434,0.5678571428571428,0.0,0.18928571428571428,0.0,0.0,2016-03-11T02:11:06Z,ls8,qd9y0yh73w3u,0.19188993482983344,0.5756698044895003,0.23244026068066623
,,1.0,,,,2016-03-18T02:16:50Z,ls8,qd9y0yh73w3u,,,
0.18714285714285714,0.6142857142857144,0.0,0.185,0.0,0.0,2016-03-19T02:13:21Z,ls7,qd9y0yh73w3u,0.18754525706010136,0.6227371469949313,0.1897175959449674
0.1657142857142857,0.6064285714285714,0.0,0.21357142857142858,0.0,0.0,2016-04-03T02:16:40Z,ls8,qd9y0yh73w3u,0.21666666666666667,0.6152173913043478,0.1681159420289855
,,1.0,,,,2016-04-04T02:13:24Z,ls7,qd9y0yh73w3u,,,
,,1.0,,,,2016-04-19T02:16:58Z,ls8,qd9y0yh73w3u,,,
0.17142857142857143,0.6142857142857144,0.0,0.20428571428571426,0.0,0.0,2016-04-20T02:13:33Z,ls7,qd9y0yh73w3u,0.20634920634920628,0.6204906204906205,0.17316017316017313
,,1.0,,,,2016-04-28T02:10:48Z,ls8,qd9y0yh73w3u,,,
,,1.0,,,,2016-05-05T02:16:38Z,ls8,qd9y0yh73w3u,,,
0.15333333333333332,0.6416666666666667,0.5714285714285714,0.19333333333333333,0.0,0.0,2016-05-06T02:13:38Z,ls7,qd9y0yh73w3u,0.19561551433389543,0.6492411467116358,0.15514333895446877
0.18642857142857144,0.6221428571428571,0.0,0.18142857142857144,0.0,0.0,2016-05-13T02:19:49Z,ls7,qd9y0yh73w3u,0.18326118326118326,0.6284271284271284,0.18831168831168832
,,1.0,,,,2016-05-14T02:10:47Z,ls8,qd9y0yh73w3u,,,
,,1.0,,,,2016-05-22T02:13:40Z,ls7,qd9y0yh73w3u,,,
0.3385714285714286,0.4242857142857143,0.0,0.22500000000000006,0.0,0.0,2016-05-30T02:10:54Z,ls8,qd9y0yh73w3u,0.22776572668112802,0.42950108459869846,0.3427331887201735
,,1.0,,,,2016-06-06T02:16:42Z,ls8,qd9y0yh73w3u,,,
0.23357142857142857,0.5178571428571429,0.0,0.23642857142857146,0.0,0.0,2016-06-14T02:19:58Z,ls7,qd9y0yh73w3u,0.23933477946493134,0.5242227042660883,0.23644251626898047
0.22142857142857145,0.4750000000000001,0.0,0.29,0.0,0.0,2016-06-15T02:10:56Z,ls8,qd9y0yh73w3u,0.29398986241853725,0.4815351194786387,0.22447501810282403
0.39714285714285713,0.35071428571428565,0.0,0.23785714285714285,0.0,0.0,2016-06-22T02:17:11Z,ls8,qd9y0yh73w3u,0.24130434782608695,0.3557971014492753,0.4028985507246377
0.31285714285714283,0.4392857142857142,0.0,0.2392857142857143,0.0,0.0,2016-06-23T02:13:48Z,ls7,qd9y0yh73w3u,0.24135446685878967,0.4430835734870317,0.31556195965417866
0.2592857142857143,0.43428571428571433,0.0,0.29071428571428576,0.0,0.0,2016-06-30T02:19:59Z,ls7,qd9y0yh73w3u,0.295355587808418,0.44121915820029023,0.2634252539912917
0.22499999999999995,0.45000000000000007,0.0,0.3092857142857143,0.0,0.0,2016-07-01T02:11:05Z,ls8,qd9y0yh73w3u,0.31422351233671986,0.4571843251088535,0.22859216255442666
,,1.0,,,,2016-07-08T02:16:55Z,ls8,qd9y0yh73w3u,,,
,,1.0,,,,2016-07-09T02:13:48Z,ls7,qd9y0yh73w3u,,,
,,1.0,,,,2016-07-17T02:11:12Z,ls8,qd9y0yh73w3u,,,
0.20214285714285712,0.18642857142857142,0.0,0.17285714285714282,0.42857142857142855,0.0,2016-07-24T02:17:25Z,ls8,qd9y0yh73w3u,0.17593602326426752,0.18974918211559433,0.20574336604870952
0.08,0.165,0.0,0.10785714285714286,0.6428571428571429,0.0,2016-07-25T02:13:50Z,ls7,qd9y0yh73w3u,0.10916714864083284,0.16700404858299595,0.08097165991902833
0.184,0.072,0.6428571428571428,0.13999999999999999,0.6,0.0,2016-08-01T02:20:02Z,ls7,qd9y0yh73w3u,0.1414141414141414,0.07272727272727274,0.1858585858585859
0.21428571428571427,0.14571428571428569,0.0,0.20214285714285715,0.35714285714285715,0.07142857142857142,2016-08-02T02:11:16Z,ls8,qd9y0yh73w3u,0.20548193864585224,0.14812125612633867,0.2178253766563804
,,1.0,,,,2016-08-09T02:17:03Z,ls8,qd9y0yh73w3u,,,
0.18090909090909088,0.16545454545454544,0.2142857142857143,0.19181818181818186,0.45454545454545453,0.0,2016-08-10T02:13:52Z,ls7,qd9y0yh73w3u,0.19441031941031942,0.16769041769041765,0.1833538083538083
0.23928571428571432,0.16642857142857143,0.0,0.22714285714285715,0.07142857142857142,0.2857142857142857,2016-08-18T02:11:20Z,ls8,qd9y0yh73w3u,0.2307320219284102,0.16905836826830054,0.24306675266043215
0.17500000000000002,0.3335714285714286,0.0,0.26642857142857135,0.14285714285714285,0.07142857142857142,2016-08-25T02:17:34Z,ls8,qd9y0yh73w3u,0.27011191573403553,0.3381830151415406,0.17741935483870974
0.39999999999999997,0.27749999999999997,0.7142857142857143,0.3125,0.0,0.0,2016-08-26T02:13:54Z,ls7,qd9y0yh73w3u,0.31565656565656564,0.2803030303030303,0.40404040404040403
0.20357142857142854,0.17500000000000002,0.0,0.2535714285714286,0.21428571428571427,0.14285714285714285,2016-09-03T02:11:26Z,ls8,qd9y0yh73w3u,0.25786924939467315,0.17796610169491528,0.20702179176755445
,,1.0,,,,2016-09-10T02:17:14Z,ls8,qd9y0yh73w3u,,,
0.17285714285714285,0.4478571428571429,0.0,0.36642857142857144,0.0,0.0,2016-09-18T02:20:08Z,ls7,qd9y0yh73w3u,0.37120115774240237,0.4536903039073807,0.17510853835021709
,,1.0,,,,2016-09-19T02:11:28Z,ls8,qd9y0yh73w3u,,,
0.09500000000000001,0.547142857142857,0.0,0.3435714285714285,0.0,0.0,2016-09-26T02:17:15Z,ls8,qd9y0yh73w3u,0.34855072463768116,0.5550724637681159,0.09637681159420293
0.07071428571428572,0.5671428571428571,0.0,0.35214285714285715,0.0,0.0,2016-09-27T02:13:59Z,ls7,qd9y0yh73w3u,0.3556998556998557,0.5728715728715728,0.07142857142857142
0.07571428571428572,0.5785714285714285,0.0,0.3342857142857142,0.0,0.0,2016-10-04T02:20:11Z,ls7,qd9y0yh73w3u,0.338150289017341,0.5852601156069365,0.07658959537572256
0.0792857142857143,0.5685714285714285,0.0,0.3407142857142857,0.0,0.0,2016-10-05T02:11:31Z,ls8,qd9y0yh73w3u,0.34465317919075145,0.5751445086705201,0.08020231213872835
0.0692857142857143,0.5921428571428571,0.0,0.32500000000000007,0.0,0.0,2016-10-12T02:17:20Z,ls8,qd9y0yh73w3u,0.329471397538016,0.6002896451846488,0.07023895727733527
0.03642857142857143,0.6264285714285714,0.0,0.32857142857142857,0.0,0.0,2016-10-13T02:13:59Z,ls7,qd9y0yh73w3u,0.3314121037463977,0.6318443804034581,0.036743515850144085
0.07285714285714286,0.5999999999999999,0.0,0.31428571428571433,0.0,0.0,2016-10-21T02:11:35Z,ls8,qd9y0yh73w3u,0.3183791606367584,0.6078147612156295,0.07380607814761217
0.04785714285714286,0.6585714285714285,0.0,0.28285714285714286,0.0,0.0,2016-10-28T02:17:22Z,ls8,qd9y0yh73w3u,0.2859205776173286,0.6657039711191336,0.04837545126353792
0.11,0.59,0.9285714285714286,0.29,0.0,0.0,2016-10-29T02:13:55Z,ls7,qd9y0yh73w3u,0.29292929292929293,0.595959595959596,0.11111111111111112
0.05071428571428572,0.6757142857142858,0.0,0.26142857142857145,0.0,0.0,2016-11-06T02:11:35Z,ls8,qd9y0yh73w3u,0.2646420824295011,0.6840202458423716,0.051337671728127254
0.06142857142857144,0.6728571428571429,0.0,0.25214285714285717,0.0,0.0,2016-11-13T02:17:21Z,ls8,qd9y0yh73w3u,0.25561187545257064,0.6821144098479364,0.06227371469949313
0.045000000000000005,0.705,0.0,0.23928571428571432,0.0,0.0,2016-11-14T02:13:47Z,ls7,qd9y0yh73w3u,0.24187725631768955,0.7126353790613718,0.04548736462093863
0.05714285714285715,0.6799999999999999,0.0,0.24714285714285716,0.0,0.0,2016-11-22T02:11:35Z,ls8,qd9y0yh73w3u,0.25108853410740206,0.690856313497823,0.058055152394775045
0.056428571428571446,0.7064285714285713,0.0,0.22428571428571437,0.0,0.0,2016-11-29T02:17:21Z,ls8,qd9y0yh73w3u,0.22720694645441397,0.715629522431259,0.05716353111432708
0.04,0.7266666666666666,0.7857142857142857,0.22333333333333336,0.0,0.0,2016-11-30T02:13:45Z,ls7,qd9y0yh73w3u,0.22558922558922562,0.7340067340067339,0.04040404040404041
0.07928571428571429,0.6942857142857143,0.0,0.21571428571428572,0.0,0.0,2016-12-08T02:11:33Z,ls8,qd9y0yh73w3u,0.21805054151624548,0.7018050541516245,0.08014440433212996
0.0992857142857143,0.6849999999999999,0.0,0.20357142857142857,0.0,0.0,2016-12-15T02:17:41Z,ls8,qd9y0yh73w3u,0.20607375271149675,0.6934201012292118,0.10050614605929141
0.04785714285714286,0.7585714285714286,0.0,0.18071428571428574,0.0,0.0,2016-12-16T02:13:40Z,ls7,qd9y0yh73w3u,0.18306801736613607,0.768451519536903,0.048480463096960934
0.060000000000000005,0.7428571428571428,0.0,0.18714285714285714,0.0,0.0,2016-12-24T02:11:28Z,ls8,qd9y0yh73w3u,0.18903318903318903,0.7503607503607502,0.060606060606060615
0.08999999999999998,0.6971428571428573,0.0,0.20142857142857146,0.0,0.0,2016-12-31T02:17:15Z,ls8,qd9y0yh73w3u,0.203757225433526,0.7052023121387283,0.09104046242774563
0.07785714285714286,0.7335714285714287,0.0,0.17785714285714288,0.0,0.0,2017-01-01T02:13:32Z,ls7,qd9y0yh73w3u,0.17978339350180508,0.7415162454873647,0.07870036101083032
0.09142857142857143,0.715,0.0,0.18285714285714286,0.0,0.0,2017-01-09T02:11:25Z,ls8,qd9y0yh73w3u,0.1848375451263538,0.7227436823104694,0.0924187725631769
,,1.0,,,,2017-01-17T02:13:22Z,ls7,qd9y0yh73w3u,,,
0.10571428571428573,0.7121428571428571,0.0,0.1692857142857143,0.0,0.0,2017-01-25T02:11:20Z,ls8,qd9y0yh73w3u,0.1714905933429812,0.7214182344428365,0.10709117221418236
0.03000000000000001,0.7328571428571429,0.0,0.22642857142857142,0.0,0.0,2017-02-01T02:17:04Z,ls8,qd9y0yh73w3u,0.22888086642599276,0.7407942238267148,0.030324909747292426
,,1.0,,,,2017-02-02T02:13:14Z,ls7,qd9y0yh73w3u,,,
,,1.0,,,,2017-02-10T02:11:12Z,ls8,qd9y0yh73w3u,,,
0.19785714285714287,0.5885714285714286,0.0,0.2,0.0,0.0,2017-02-17T02:17:21Z,ls8,qd9y0yh73w3u,0.20275162925416362,0.5966690803765388,0.2005792903692976
0.16214285714285717,0.6585714285714285,0.0,0.165,0.0,0.0,2017-02-18T02:13:13Z,ls7,qd9y0yh73w3u,0.1673913043478261,0.6681159420289855,0.16449275362318844
0.21500000000000002,0.5764285714285714,0.0,0.19642857142857142,0.0,0.0,2017-02-26T02:11:07Z,ls8,qd9y0yh73w3u,0.19884309472161968,0.5835140997830803,0.21764280549530013
0.21071428571428572,0.567857142857143,0.0,0.20785714285714288,0.0,0.0,2017-03-05T02:17:14Z,ls8,qd9y0yh73w3u,0.2107168718320058,0.5756698044895003,0.2136133236784938
0.2233333333333333,0.595,0.5714285714285714,0.17,0.0,0.0,2017-03-06T02:13:21Z,ls7,qd9y0yh73w3u,0.17200674536256325,0.6020236087689713,0.2259696458684654
0.13071428571428573,0.6828571428571427,0.0,0.1764285714285714,0.0,0.0,2017-03-14T02:10:58Z,ls8,qd9y0yh73w3u,0.17821067821067824,0.6897546897546898,0.1320346320346321
,,1.0,,,,2017-03-21T02:16:40Z,ls8,qd9y0yh73w3u,,,
,,1.0,,,,2017-03-22T02:13:27Z,ls7,qd9y0yh73w3u,,,
0.22642857142857142,0.5742857142857142,0.0,0.185,0.0,0.0,2017-03-29T02:19:39Z,ls7,qd9y0yh73w3u,0.18768115942028987,0.5826086956521739,0.22971014492753628
0.2935714285714286,0.49500000000000005,0.0,0.19714285714285715,0.0,0.0,2017-03-30T02:10:50Z,ls8,qd9y0yh73w3u,0.19999999999999998,0.5021739130434782,0.29782608695652174
0.23428571428571426,0.5342857142857144,0.0,0.22,0.0,0.0,2017-04-06T02:16:57Z,ls8,qd9y0yh73w3u,0.22254335260115604,0.5404624277456648,0.23699421965317916
,,1.0,,,,2017-04-07T02:13:31Z,ls7,qd9y0yh73w3u,,,
0.16785714285714287,0.5964285714285714,0.0,0.22214285714285714,0.0,0.0,2017-04-15T02:10:42Z,ls8,qd9y0yh73w3u,0.22519913106444606,0.6046343229543809,0.1701665459811731
0.2535714285714285,0.5192857142857142,0.0,0.21357142857142858,0.0,0.0,2017-04-22T02:16:24Z,ls8,qd9y0yh73w3u,0.2165097755249819,0.5264301230992035,0.25706010137581453
0.375,0.44499999999999995,0.8571428571428572,0.17,0.0,0.0,2017-04-23T02:13:38Z,ls7,qd9y0yh73w3u,0.17171717171717174,0.44949494949494945,0.3787878787878788
0.22642857142857142,0.5457142857142857,0.0,0.21285714285714288,0.0,0.0,2017-05-01T02:10:31Z,ls8,qd9y0yh73w3u,0.2160986221899928,0.5540246555474981,0.22987672226250908
0.2864285714285714,0.48785714285714293,0.0,0.21142857142857147,0.0,0.0,2017-05-08T02:16:46Z,ls8,qd9y0yh73w3u,0.21449275362318843,0.4949275362318841,0.2905797101449275
0.1857142857142857,0.5692857142857142,0.0,0.2328571428571429,0.0,0.0,2017-05-17T02:10:42Z,ls8,qd9y0yh73w3u,0.23571945046999285,0.5762834417932031,0.18799710773680403
0.18785714285714286,0.5599999999999999,0.0,0.24000000000000002,0.0,0.0,2017-05-24T02:16:57Z,ls8,qd9y0yh73w3u,0.2429501084598699,0.5668835864063629,0.1901663051337672
0.15214285714285716,0.6042857142857142,0.0,0.23214285714285715,0.0,0.0,2017-05-25T02:13:45Z,ls7,qd9y0yh73w3u,0.23482658959537575,0.611271676300578,0.15390173410404628
,,1.0,,,,2017-06-01T02:19:58Z,ls7,qd9y0yh73w3u,,,
0.15357142857142855,0.6121428571428572,0.0,0.21928571428571433,0.0,0.0,2017-06-02T02:10:51Z,ls8,qd9y0yh73w3u,0.22262509064539523,0.621464829586657,0.15591007976794777
0.27571428571428575,0.48500000000000004,0.0,0.22428571428571434,0.0,0.0,2017-06-09T02:17:05Z,ls8,qd9y0yh73w3u,0.22770123277737495,0.49238578680203043,0.27991298042059465
,,1.0,,,,2017-06-10T02:13:50Z,ls7,qd9y0yh73w3u,,,
,,1.0,,,,2017-06-17T02:20:02Z,ls7,qd9y0yh73w3u,,,
0.20500000000000002,0.55,0.0,0.23142857142857146,0.0,0.0,2017-06-18T02:10:58Z,ls8,qd9y0yh73w3u,0.23461259956553224,0.55756698044895,0.20782041998551776
0.25000000000000006,0.48642857142857154,0.0,0.24785714285714291,0.0,0.0,2017-06-25T02:17:10Z,ls8,qd9y0yh73w3u,0.25181422351233673,0.4941944847605225,0.2539912917271408
,,1.0,,,,2017-06-26T02:13:53Z,ls7,qd9y0yh73w3u,,,
,,1.0,,,,2017-07-04T02:11:02Z,ls8,qd9y0yh73w3u,,,
,,1.0,,,,2017-07-11T02:16:49Z,ls8,qd9y0yh73w3u,,,
0.12833333333333333,0.6366666666666667,0.5714285714285714,0.23,0.0,0.0,2017-07-12T02:13:54Z,ls7,qd9y0yh73w3u,0.23115577889447236,0.6398659966499163,0.12897822445561138
,,1.0,,,,2017-07-20T02:11:06Z,ls8,qd9y0yh73w3u,,,
0.16928571428571426,0.5178571428571429,0.0,0.3,0.0,0.0,2017-07-27T02:16:57Z,ls8,qd9y0yh73w3u,0.30390738060781475,0.5246020260492041,0.17149059334298117
,,1.0,,,,2017-08-05T02:11:14Z,ls8,qd9y0yh73w3u,,,
,,1.0,,,,2017-08-13T02:13:50Z,ls7,qd9y0yh73w3u,,,
0.19642857142857142,0.4785714285714286,0.0,0.31,0.0,0.0,2017-08-21T02:11:19Z,ls8,qd9y0yh73w3u,0.3147208121827411,0.48585931834662804,0.1994198694706309
0.0,0.0,0.0,0.0,0.9285714285714286,0.07142857142857142,2017-08-28T02:17:07Z,ls8,qd9y0yh73w3u,0.0,0.0,0.0
,,1.0,,,,2017-08-29T02:13:51Z,ls7,qd9y0yh73w3u,,,
0.1657142857142857,0.5271428571428572,0.0,0.2935714285714286,0.0,0.0,2017-09-05T02:20:02Z,ls7,qd9y0yh73w3u,0.2976104272266473,0.5343953656770457,0.167994207096307
,,1.0,,,,2017-09-06T02:11:21Z,ls8,qd9y0yh73w3u,,,
0.18357142857142858,0.5114285714285715,0.0,0.28928571428571426,0.0,0.0,2017-09-13T02:17:08Z,ls8,qd9y0yh73w3u,0.2939042089985486,0.5195936139332366,0.18650217706821481
0.1557142857142857,0.5428571428571429,0.0,0.2885714285714286,0.0,0.0,2017-09-14T02:13:49Z,ls7,qd9y0yh73w3u,0.29232995658465993,0.5499276410998554,0.15774240231548478
0.12214285714285715,0.5678571428571427,0.0,0.2957142857142857,0.0,0.0,2017-09-29T02:17:14Z,ls8,qd9y0yh73w3u,0.30000000000000004,0.5760869565217391,0.1239130434782609
0.10214285714285716,0.6085714285714287,0.0,0.2785714285714285,0.0,0.0,2017-09-30T02:13:50Z,ls7,qd9y0yh73w3u,0.2815884476534295,0.6151624548736462,0.10324909747292418
,,1.0,,,,2017-10-08T02:11:30Z,ls8,qd9y0yh73w3u,,,
0.16,0.5757142857142856,0.0,0.25142857142857145,0.0,0.0,2017-10-15T02:17:43Z,ls8,qd9y0yh73w3u,0.2547033285094067,0.5832127351664254,0.16208393632416787
0.18214285714285713,0.5664285714285715,0.0,0.23714285714285713,0.0,0.0,2017-10-24T02:11:33Z,ls8,qd9y0yh73w3u,0.24057971014492752,0.5746376811594204,0.18478260869565216
0.1992857142857143,0.5657142857142857,0.0,0.22285714285714286,0.0,0.0,2017-10-31T02:17:43Z,ls8,qd9y0yh73w3u,0.22559652928416485,0.5726681127982647,0.2017353579175705
0.18916666666666668,0.5816666666666667,0.1428571428571429,0.21666666666666667,0.0,0.0,2017-11-01T02:13:52Z,ls7,qd9y0yh73w3u,0.21940928270042193,0.5890295358649789,0.19156118143459916
0.18285714285714283,0.6,0.0,0.20357142857142857,0.0,0.0,2017-11-09T02:11:31Z,ls8,qd9y0yh73w3u,0.20637219406227372,0.6082548877624909,0.1853729181752353
0.2192857142857143,0.5750000000000001,0.0,0.19285714285714287,0.0,0.0,2017-11-16T02:17:40Z,ls8,qd9y0yh73w3u,0.19536903039073805,0.5824891461649783,0.22214182344428365
0.1692857142857143,0.6128571428571429,0.0,0.20714285714285716,0.0,0.0,2017-11-25T02:11:25Z,ls8,qd9y0yh73w3u,0.20938628158844766,0.6194945848375452,0.1711191335740072
0.2485714285714286,0.5442857142857144,0.0,0.195,0.0,0.0,2017-12-02T02:17:34Z,ls8,qd9y0yh73w3u,0.19739696312364424,0.5509761388286334,0.25162689804772237
,,1.0,,,,2017-12-03T02:13:43Z,ls7,qd9y0yh73w3u,,,
0.1771428571428571,0.6214285714285713,0.0,0.19,0.0,0.0,2017-12-11T02:11:23Z,ls8,qd9y0yh73w3u,0.19219653179190754,0.6286127167630058,0.1791907514450867
,,1.0,,,,2017-12-18T02:17:36Z,ls8,qd9y0yh73w3u,,,
0.19833333333333333,0.6583333333333333,0.5714285714285714,0.1366666666666667,0.0,0.0,2017-12-19T02:13:34Z,ls7,qd9y0yh73w3u,0.1375838926174497,0.6627516778523489,0.19966442953020133
0.27785714285714286,0.5292857142857142,0.0,0.18142857142857147,0.0,0.0,2017-12-27T02:11:25Z,ls8,qd9y0yh73w3u,0.18352601156069367,0.5354046242774566,0.2810693641618497
0.285,0.515,0.0,0.18857142857142858,0.0,0.0,2018-01-03T02:17:34Z,ls8,qd9y0yh73w3u,0.1907514450867052,0.5209537572254335,0.2882947976878612
0.2571428571428572,0.5514285714285714,0.5,0.17857142857142858,0.0,0.0,2018-01-04T02:13:22Z,ls7,qd9y0yh73w3u,0.18089725036179452,0.5586107091172214,0.2604920405209841
0.2764285714285714,0.5235714285714286,0.0,0.18571428571428572,0.0,0.0,2018-01-12T02:11:19Z,ls8,qd9y0yh73w3u,0.18840579710144928,0.5311594202898551,0.28043478260869564
0.23142857142857146,0.5578571428571429,0.0,0.19714285714285715,0.0,0.0,2018-01-19T02:17:26Z,ls8,qd9y0yh73w3u,0.19985517740767558,0.5655322230267922,0.2346125995655322
,,1.0,,,,2018-01-20T02:13:08Z,ls7,qd9y0yh73w3u,,,
0.3157142857142858,0.4957142857142857,0.0,0.17357142857142854,0.0,0.0,2018-01-28T02:11:10Z,ls8,qd9y0yh73w3u,0.17621464829586653,0.5032632342277011,0.3205221174764322
0.315,0.48500000000000004,0.0,0.18285714285714286,0.0,0.0,2018-02-04T02:17:17Z,ls8,qd9y0yh73w3u,0.18604651162790697,0.49345930232558144,0.32049418604651164
0.28071428571428575,0.5235714285714286,0.0,0.18142857142857144,0.0,0.0,2018-02-12T02:18:58Z,ls7,qd9y0yh73w3u,0.18405797101449275,0.5311594202898551,0.2847826086956522
0.33214285714285713,0.4814285714285715,0.0,0.175,0.0,0.0,2018-02-13T02:11:03Z,ls8,qd9y0yh73w3u,0.1770231213872832,0.4869942196531792,0.33598265895953755
0.31714285714285717,0.4785714285714286,0.0,0.19071428571428575,0.0,0.0,2018-02-20T02:16:48Z,ls8,qd9y0yh73w3u,0.1933381607530775,0.4851556842867487,0.32150615496017376
0.3257142857142857,0.5035714285714286,0.0,0.15928571428571425,0.0,0.0,2018-02-21T02:12:42Z,ls7,qd9y0yh73w3u,0.1611271676300578,0.5093930635838151,0.32947976878612717
,,1.0,,,,2018-02-28T02:18:48Z,ls7,qd9y0yh73w3u,,,
0.2842857142857143,0.5221428571428571,0.0,0.18,0.0,0.0,2018-03-01T02:10:57Z,ls8,qd9y0yh73w3u,0.18247646632874728,0.5293265749456915,0.2881969587255612
0.29071428571428565,0.5028571428571429,0.0,0.1935714285714286,0.0,0.0,2018-03-08T02:16:39Z,ls8,qd9y0yh73w3u,0.19609261939218525,0.5094066570188134,0.29450072358900137
,,1.0,,,,2018-03-09T02:12:31Z,ls7,qd9y0yh73w3u,,,
0.29214285714285715,0.5107142857142857,0.0,0.18285714285714286,0.0,0.0,2018-03-17T02:10:47Z,ls8,qd9y0yh73w3u,0.1855072463768116,0.5181159420289855,0.2963768115942029
,,1.0,,,,2018-04-01T02:18:23Z,ls7,qd9y0yh73w3u,,,
0.29214285714285715,0.515,0.0,0.1807142857142857,0.0,0.0,2018-04-02T02:10:41Z,ls8,qd9y0yh73w3u,0.18293564714389007,0.5213304410701374,0.2957339117859725
,,1.0,,,,2018-04-09T02:16:24Z,ls8,qd9y0yh73w3u,,,
,,1.0,,,,2018-04-18T02:10:31Z,ls8,qd9y0yh73w3u,,,
0.2721428571428572,0.49642857142857144,0.0,0.21785714285714292,0.0,0.0,2018-04-25T02:16:38Z,ls8,qd9y0yh73w3u,0.22085445329471398,0.5032585083272989,0.27588703837798695
,,1.0,,,,2018-04-26T02:11:47Z,ls7,qd9y0yh73w3u,,,
0.31357142857142856,0.4735714285714286,0.0,0.1985714285714286,0.0,0.0,2018-05-04T02:10:23Z,ls8,qd9y0yh73w3u,0.20144927536231885,0.48043478260869565,0.31811594202898547
0.2664285714285714,0.5078571428571428,0.0,0.21071428571428572,0.0,0.0,2018-05-11T02:16:05Z,ls8,qd9y0yh73w3u,0.21392313270485863,0.5155910079767948,0.2704858593183466
0.28,0.47,0.9285714285714286,0.23,0.0,0.0,2018-05-12T02:11:30Z,ls7,qd9y0yh73w3u,0.23469387755102042,0.47959183673469385,0.28571428571428575
0.2707142857142858,0.5271428571428571,0.0,0.19,0.0,0.0,2018-05-19T02:17:35Z,ls7,qd9y0yh73w3u,0.19233550253073028,0.5336225596529284,0.27404193781634134
0.2957142857142857,0.48142857142857143,0.0,0.2078571428571429,0.0,0.0,2018-05-20T02:10:11Z,ls8,qd9y0yh73w3u,0.2110224800580131,0.4887599709934735,0.30021754894851344
,,1.0,,,,2018-05-27T02:15:53Z,ls8,qd9y0yh73w3u,,,
0.24571428571428575,0.5399999999999999,0.0,0.20142857142857146,0.0,0.0,2018-05-28T02:11:16Z,ls7,qd9y0yh73w3u,0.20405209840810423,0.5470332850940666,0.24891461649782928
0.17642857142857143,0.5514285714285714,0.0,0.2578571428571429,0.0,0.0,2018-06-12T02:16:16Z,ls8,qd9y0yh73w3u,0.26159420289855073,0.5594202898550724,0.1789855072463768
0.12428571428571429,0.6071428571428571,0.5,0.2557142857142857,0.0,0.0,2018-06-13T02:10:59Z,ls7,qd9y0yh73w3u,0.2590448625180897,0.6150506512301013,0.12590448625180897
,,1.0,,,,2018-06-20T02:17:02Z,ls7,qd9y0yh73w3u,,,
,,1.0,,,,2018-06-21T02:10:12Z,ls8,qd9y0yh73w3u,,,
,,1.0,,,,2018-06-28T02:16:27Z,ls8,qd9y0yh73w3u,,,
,,1.0,,,,2018-06-29T02:10:41Z,ls7,qd9y0yh73w3u,,,
0.29714285714285715,0.38571428571428573,0.0,0.30214285714285716,0.0,0.0,2018-07-06T02:16:43Z,ls7,qd9y0yh73w3u,0.3067440174039159,0.3915881073241479,0.30166787527193617
,,1.0,,,,2018-07-07T02:10:21Z,ls8,qd9y0yh73w3u,,,
,,1.0,,,,2018-07-14T02:16:11Z,ls8,qd9y0yh73w3u,,,
,,1.0,,,,2018-07-15T02:10:22Z,ls7,qd9y0yh73w3u,,,
0.25142857142857145,0.42285714285714293,0.0,0.3142857142857142,0.0,0.0,2018-07-23T02:10:27Z,ls8,qd9y0yh73w3u,0.3179190751445086,0.42774566473988446,0.254335260115607
,,1.0,,,,2018-07-30T02:16:18Z,ls8,qd9y0yh73w3u,,,
0.23142857142857146,0.3628571428571428,0.0,0.32071428571428573,0.07142857142857142,0.0,2018-07-31T02:10:05Z,ls7,qd9y0yh73w3u,0.3254711720753876,0.36823909891825585,0.23486115757778528
,,1.0,,,,2018-08-08T02:10:36Z,ls8,qd9y0yh73w3u,,,
0.20214285714285715,0.31285714285714283,0.0,0.25785714285714284,0.0,0.21428571428571427,2018-08-15T02:16:27Z,ls8,qd9y0yh73w3u,0.2621468180617903,0.31806179033535775,0.20550567731713756
,,1.0,,,,2018-08-16T02:09:47Z,ls7,qd9y0yh73w3u,,,
0.12714285714285714,0.495,0.0,0.36214285714285716,0.0,0.0,2018-08-23T02:15:50Z,ls7,qd9y0yh73w3u,0.36792452830188677,0.5029027576197387,0.12917271407837444
0.14428571428571432,0.4971428571428572,0.0,0.3449999999999999,0.0,0.0,2018-08-24T02:10:44Z,ls8,qd9y0yh73w3u,0.3497465604634322,0.5039826212889211,0.14627081824764668
,,1.0,,,,2018-08-31T02:16:34Z,ls8,qd9y0yh73w3u,,,
0.17357142857142854,0.4435714285714285,0.0,0.37285714285714283,0.0,0.0,2018-09-01T02:09:28Z,ls7,qd9y0yh73w3u,0.3766233766233767,0.4480519480519481,0.17532467532467533
0.11214285714285714,0.5271428571428571,0.0,0.3457142857142857,0.0,0.0,2018-09-09T02:10:50Z,ls8,qd9y0yh73w3u,0.3509789702683104,0.5351704133430022,0.11385061638868747
0.12714285714285717,0.5199999999999999,0.0,0.3392857142857143,0.0,0.0,2018-09-16T02:17:03Z,ls8,qd9y0yh73w3u,0.3439536567704562,0.5271542360608253,0.12889210716871835
0.08333333333333333,0.6,0.7857142857142857,0.3066666666666667,0.0,0.0,2018-09-17T02:09:07Z,ls7,qd9y0yh73w3u,0.30976430976430974,0.606060606060606,0.08417508417508417
0.023333333333333334,0.6388888888888888,0.3571428571428571,0.3277777777777778,0.0,0.0,2018-09-24T02:15:08Z,ls7,qd9y0yh73w3u,0.3310886644219978,0.6453423120089787,0.023569023569023573
0.09100000000000001,0.546,0.2857142857142857,0.35,0.0,0.0,2018-09-25T02:10:55Z,ls8,qd9y0yh73w3u,0.35460992907801414,0.5531914893617021,0.0921985815602837
0.05642857142857144,0.612142857142857,0.0,0.3185714285714286,0.0,0.0,2018-10-02T02:16:46Z,ls8,qd9y0yh73w3u,0.32272069464544145,0.6201157742402315,0.05716353111432707
,,1.0,,,,2018-10-03T02:08:44Z,ls7,qd9y0yh73w3u,,,
0.057857142857142864,0.6900000000000001,0.0,0.24642857142857144,0.0,0.0,2018-10-11T02:11:03Z,ls8,qd9y0yh73w3u,0.2478448275862069,0.6939655172413793,0.0581896551724138
,,1.0,,,,2018-10-19T02:08:21Z,ls7,qd9y0yh73w3u,,,
0.085,0.6414285714285715,0.0,0.26,0.0,0.0,2018-10-26T02:14:23Z,ls7,qd9y0yh73w3u,0.2635771180304127,0.6502534395365678,0.08616944243301956
0.075,0.6528571428571429,0.0,0.2628571428571429,0.0,0.0,2018-10-27T02:11:08Z,ls8,qd9y0yh73w3u,0.26532083633741893,0.6589762076423937,0.07570295602018745
,,1.0,,,,2018-11-03T02:16:56Z,ls8,qd9y0yh73w3u,,,
0.06000000000000001,0.6910000000000001,0.2857142857142857,0.24,0.0,0.0,2018-11-04T02:08:00Z,ls7,qd9y0yh73w3u,0.24217961654894044,0.6972754793138244,0.06054490413723512
0.08285714285714287,0.6385714285714286,0.0,0.26642857142857146,0.0,0.0,2018-11-12T02:11:10Z,ls8,qd9y0yh73w3u,0.26970354302241506,0.6464208242950108,0.08387563268257411
0.115,0.5935714285714286,0.0,0.2085714285714286,0.0,0.07142857142857142,2018-11-19T02:16:57Z,ls8,qd9y0yh73w3u,0.2111704494882065,0.6009679572763685,0.11643302180685357
0.11785714285714285,0.6485714285714287,0.0,0.2207142857142857,0.0,0.0,2018-11-20T02:07:38Z,ls7,qd9y0yh73w3u,0.22358900144717794,0.6570188133140377,0.11939218523878435
0.13571428571428573,0.615,0.0,0.23500000000000001,0.0,0.0,2018-11-27T02:13:38Z,ls7,qd9y0yh73w3u,0.23840579710144927,0.6239130434782608,0.13768115942028986
0.09642857142857143,0.6742857142857143,0.0,0.2164285714285714,0.0,0.0,2018-11-28T02:11:10Z,ls8,qd9y0yh73w3u,0.2192474674384949,0.6830680173661361,0.09768451519536904
0.11928571428571426,0.6578571428571427,0.0,0.21285714285714286,0.0,0.0,2018-12-05T02:17:19Z,ls8,qd9y0yh73w3u,0.21500721500721506,0.6645021645021645,0.1204906204906205
0.11071428571428572,0.6607142857142857,0.0,0.21714285714285722,0.0,0.0,2018-12-13T02:13:12Z,ls7,qd9y0yh73w3u,0.2196531791907515,0.6683526011560693,0.1119942196531792
0.12357142857142857,0.675,0.0,0.1892857142857143,0.0,0.0,2018-12-14T02:11:06Z,ls8,qd9y0yh73w3u,0.1916124367317426,0.683297180043384,0.12509038322487345
0.10642857142857143,0.6828571428571429,0.0,0.19928571428571432,0.0,0.0,2018-12-21T02:17:18Z,ls8,qd9y0yh73w3u,0.20158959537572255,0.6907514450867053,0.10765895953757225
0.10300000000000001,0.696,0.2857142857142857,0.191,0.0,0.0,2018-12-22T02:06:46Z,ls7,qd9y0yh73w3u,0.19292929292929292,0.703030303030303,0.10404040404040404
0.13000000000000003,0.6407142857142858,0.0,0.21642857142857144,0.0,0.0,2018-12-29T02:12:44Z,ls7,qd9y0yh73w3u,0.21924746743849494,0.6490593342981187,0.1316931982633864
0.09714285714285717,0.6942857142857143,0.0,0.19642857142857145,0.0,0.0,2018-12-30T02:11:07Z,ls8,qd9y0yh73w3u,0.19884309472161968,0.702819956616052,0.09833694866232828
0.12714285714285714,0.6607142857142857,0.0,0.2,0.0,0.0,2019-01-06T02:16:53Z,ls8,qd9y0yh73w3u,0.2024584237165582,0.6688358640636297,0.128705712219812
,,1.0,,,,2019-01-07T02:06:17Z,ls7,qd9y0yh73w3u,,,
,,1.0,,,,2019-01-14T02:12:14Z,ls7,qd9y0yh73w3u,,,
0.09785714285714288,0.7049999999999998,0.0,0.18571428571428575,0.0,0.0,2019-01-15T02:11:05Z,ls8,qd9y0yh73w3u,0.18786127167630065,0.713150289017341,0.09898843930635842
0.43,0.38,0.9285714285714286,0.18,0.0,0.0,2019-01-22T02:16:50Z,ls8,qd9y0yh73w3u,0.18181818181818182,0.38383838383838387,0.43434343434343436
0.07785714285714286,0.7207142857142858,0.0,0.19,0.0,0.0,2019-01-23T02:05:46Z,ls7,qd9y0yh73w3u,0.1921965317919075,0.7290462427745664,0.078757225433526
,,1.0,,,,2019-01-30T02:11:43Z,ls7,qd9y0yh73w3u,,,
0.13928571428571426,0.6721428571428572,0.0,0.17285714285714288,0.0,0.0,2019-01-31T02:11:01Z,ls8,qd9y0yh73w3u,0.17561683599419453,0.6828737300435415,0.14150943396226415
0.11571428571428573,0.677857142857143,0.0,0.19142857142857145,0.0,0.0,2019-02-07T02:17:11Z,ls8,qd9y0yh73w3u,0.19434372733865118,0.6881798404641045,0.11747643219724437
0.17333333333333334,0.5966666666666667,0.7857142857142857,0.22,0.0,0.0,2019-02-08T02:05:17Z,ls7,qd9y0yh73w3u,0.22222222222222224,0.6026936026936027,0.1750841750841751
0.13428571428571429,0.677857142857143,0.0,0.17714285714285713,0.0,0.0,2019-02-15T02:11:15Z,ls7,qd9y0yh73w3u,0.17906137184115517,0.6851985559566787,0.13574007220216602
,,1.0,,,,2019-02-16T02:10:59Z,ls8,qd9y0yh73w3u,,,
0.15357142857142855,0.6242857142857142,0.0,0.21071428571428572,0.0,0.0,2019-02-23T02:17:08Z,ls8,qd9y0yh73w3u,0.21315028901734104,0.6315028901734103,0.15534682080924855
0.121,0.7110000000000001,0.2857142857142857,0.15899999999999997,0.0,0.0,2019-02-24T02:04:48Z,ls7,qd9y0yh73w3u,0.160443995963673,0.7174571140262361,0.1220988900100908
0.17857142857142858,0.6100000000000001,0.0,0.19857142857142857,0.0,0.0,2019-03-03T02:10:45Z,ls7,qd9y0yh73w3u,0.20115774240231543,0.61794500723589,0.18089725036179446
,,1.0,,,,2019-03-04T02:10:54Z,ls8,qd9y0yh73w3u,,,
0.11714285714285715,0.6471428571428571,0.0,0.22428571428571428,0.0,0.0,2019-03-11T02:17:02Z,ls8,qd9y0yh73w3u,0.22687861271676302,0.6546242774566474,0.1184971098265896
0.12214285714285715,0.6728571428571428,0.0,0.19285714285714287,0.0,0.0,2019-03-12T02:04:17Z,ls7,qd9y0yh73w3u,0.19522776572668116,0.6811279826464208,0.12364425162689807
,,1.0,,,,2019-03-19T02:10:14Z,ls7,qd9y0yh73w3u,,,
0.075,0.7185714285714286,0.0,0.19357142857142856,0.0,0.0,2019-03-20T02:10:49Z,ls8,qd9y0yh73w3u,0.19609261939218522,0.7279305354558612,0.07597684515195369
0.17428571428571432,0.6057142857142858,0.0,0.20642857142857146,0.0,0.0,2019-03-27T02:16:59Z,ls8,qd9y0yh73w3u,0.20926864590876176,0.614047791455467,0.17668356263577117
,,1.0,,,,2019-03-28T02:03:45Z,ls7,qd9y0yh73w3u,,,
0.18785714285714286,0.5785714285714286,0.0,0.22000000000000006,0.0,0.0,2019-04-05T02:10:46Z,ls8,qd9y0yh73w3u,0.22302679217958005,0.5865314989138305,0.1904417089065894
0.18785714285714286,0.5814285714285713,0.0,0.21500000000000005,0.0,0.0,2019-04-12T02:16:54Z,ls8,qd9y0yh73w3u,0.21843251088534116,0.590711175616836,0.19085631349782295
0.0,0.0,0.0,0.0,0.21428571428571427,0.7857142857142857,2019-04-13T02:03:12Z,ls7,qd9y0yh73w3u,0.0,0.0,0.0
0.1935714285714286,0.5592857142857143,0.0,0.2335714285714286,0.0,0.0,2019-04-21T02:10:39Z,ls8,qd9y0yh73w3u,0.23678493845039825,0.5669804489500361,0.19623461259956554
0.23571428571428577,0.52,0.0,0.23000000000000004,0.0,0.0,2019-04-28T02:16:49Z,ls8,qd9y0yh73w3u,0.23333333333333336,0.527536231884058,0.23913043478260873
0.21714285714285714,0.5335714285714286,0.0,0.2335714285714286,0.0,0.0,2019-05-07T02:10:43Z,ls8,qd9y0yh73w3u,0.237300435413643,0.542089985486212,0.22060957910014514
0.24714285714285714,0.4964285714285714,0.0,0.24000000000000002,0.0,0.0,2019-05-14T02:16:35Z,ls8,qd9y0yh73w3u,0.24400871459694992,0.504720406681191,0.2512708787218591
0.21,0.5428571428571429,0.5,0.2357142857142857,0.0,0.0,2019-05-15T02:01:59Z,ls7,qd9y0yh73w3u,0.23843930635838148,0.5491329479768786,0.21242774566473985
,,1.0,,,,2019-05-22T02:07:53Z,ls7,qd9y0yh73w3u,,,
,,1.0,,,,2019-05-23T02:10:53Z,ls8,qd9y0yh73w3u,,,
0.28857142857142853,0.4671428571428571,0.0,0.2314285714285715,0.0,0.0,2019-05-30T02:16:44Z,ls8,qd9y0yh73w3u,0.23444283646888578,0.47322720694645437,0.2923299565846599
,,1.0,,,,2019-05-31T02:01:24Z,ls7,qd9y0yh73w3u,,,
0.011428571428571429,0.04,0.0,0.019285714285714288,0.0,0.9285714285714286,2019-06-08T02:11:01Z,ls8,qd9y0yh73w3u,0.019480519480519473,0.04040404040404039,0.011544011544011537
,,1.0,,,,2019-06-15T02:17:15Z,ls8,qd9y0yh73w3u,,,
0.0488888888888889,0.7133333333333334,0.3571428571428571,0.23111111111111113,0.0,0.0,2019-06-24T02:11:07Z,ls8,qd9y0yh73w3u,0.232662192393736,0.7181208053691275,0.04921700223713647
,,1.0,,,,2019-07-01T02:16:55Z,ls8,qd9y0yh73w3u,,,
0.26285714285714284,0.4021428571428571,0.0,0.32071428571428573,0.0,0.0,2019-07-02T02:00:13Z,ls7,qd9y0yh73w3u,0.3253623188405797,0.4079710144927535,0.26666666666666666
0.27571428571428575,0.3685714285714286,0.0,0.33999999999999997,0.0,0.0,2019-07-09T02:06:08Z,ls7,qd9y0yh73w3u,0.34542815674891136,0.37445573294629897,0.28011611030478956
0.2671428571428571,0.3664285714285715,0.0,0.3507142857142857,0.0,0.0,2019-07-10T02:11:10Z,ls8,qd9y0yh73w3u,0.35631349782293176,0.37227866473149496,0.2714078374455733
0.2357142857142857,0.3957142857142858,0.0,0.3514285714285714,0.0,0.0,2019-07-17T02:16:58Z,ls8,qd9y0yh73w3u,0.3575581395348837,0.4026162790697675,0.23982558139534882
,,1.0,,,,2019-07-18T01:59:36Z,ls7,qd9y0yh73w3u,,,
,,1.0,,,,2019-07-26T02:11:15Z,ls8,qd9y0yh73w3u,,,
0.22571428571428576,0.41000000000000003,0.0,0.3464285714285715,0.0,0.0,2019-08-02T02:17:05Z,ls8,qd9y0yh73w3u,0.3527272727272728,0.41745454545454547,0.22981818181818184
,,1.0,,,,2019-08-03T01:58:57Z,ls7,qd9y0yh73w3u,,,
0.13214285714285715,0.4842857142857144,0.0,0.3707142857142857,0.0,0.0,2019-08-10T02:04:51Z,ls7,qd9y0yh73w3u,0.37554269175108534,0.49059334298118673,0.13386396526772792
0.1685714285714286,0.46071428571428574,0.0,0.35428571428571426,0.0,0.0,2019-08-11T02:11:21Z,ls8,qd9y0yh73w3u,0.36020334059549747,0.4684095860566449,0.1713870733478577
0.17214285714285715,0.45357142857142857,0.0,0.3592857142857143,0.0,0.0,2019-08-18T02:17:34Z,ls8,qd9y0yh73w3u,0.36475707034082666,0.4604786076867295,0.1747643219724438
0.2107142857142857,0.42499999999999993,0.0,0.35214285714285715,0.0,0.0,2019-08-19T01:58:17Z,ls7,qd9y0yh73w3u,0.35647143890094,0.43022415039768613,0.21330441070137382
0.10428571428571429,0.5700000000000001,0.5,0.31428571428571433,0.0,0.0,2019-08-26T02:04:10Z,ls7,qd9y0yh73w3u,0.3179190751445087,0.5765895953757225,0.10549132947976878
0.14214285714285715,0.5107142857142858,0.0,0.33357142857142863,0.0,0.0,2019-08-27T02:11:25Z,ls8,qd9y0yh73w3u,0.3381607530774801,0.5177407675597393,0.14409847936278058
0.09785714285714286,0.5599999999999999,0.0,0.3328571428571428,0.0,0.0,2019-09-03T02:17:37Z,ls8,qd9y0yh73w3u,0.33597692862292716,0.5652487382840663,0.0987743330930065
0.495,0.31000000000000005,0.8571428571428572,0.19,0.0,0.0,2019-09-04T01:57:36Z,ls7,qd9y0yh73w3u,0.19095477386934673,0.3115577889447237,0.49748743718592964
0.08785714285714287,0.5892857142857143,0.0,0.3114285714285714,0.0,0.0,2019-09-12T02:11:30Z,ls8,qd9y0yh73w3u,0.315028901734104,0.5960982658959538,0.08887283236994221
,,1.0,,,,2019-09-19T02:17:19Z,ls8,qd9y0yh73w3u,,,
,,1.0,,,,2019-09-20T01:56:54Z,ls7,qd9y0yh73w3u,,,
,,1.0,,,,2019-09-27T02:02:46Z,ls7,qd9y0yh73w3u,,,
0.06285714285714286,0.6564285714285714,0.0,0.26857142857142857,0.0,0.0,2019-09-28T02:11:35Z,ls8,qd9y0yh73w3u,0.2718727404193782,0.6644974692697035,0.06362979031091831
,,1.0,,,,2019-10-05T02:17:47Z,ls8,qd9y0yh73w3u,,,
,,1.0,,,,2019-10-06T01:56:13Z,ls7,qd9y0yh73w3u,,,
0.05000000000000001,0.675,0.0,0.26285714285714284,0.0,0.0,2019-10-14T02:11:38Z,ls8,qd9y0yh73w3u,0.26608821402747646,0.6832971800433839,0.05061460592913956
0.024444444444444446,0.7666666666666667,0.3571428571428571,0.20111111111111113,0.0,0.0,2019-10-21T02:17:49Z,ls8,qd9y0yh73w3u,0.20268756998880177,0.7726763717805151,0.02463605823068309
,,1.0,,,,2019-10-22T01:55:33Z,ls7,qd9y0yh73w3u,,,
,,1.0,,,,2019-10-29T02:01:25Z,ls7,qd9y0yh73w3u,,,
0.06214285714285715,0.7142857142857143,0.0,0.21071428571428572,0.0,0.0,2019-10-30T02:11:38Z,ls8,qd9y0yh73w3u,0.2134587554269175,0.723589001447178,0.06295224312590449
0.10857142857142861,0.6614285714285714,0.0,0.22000000000000003,0.0,0.0,2019-11-06T02:17:48Z,ls8,qd9y0yh73w3u,0.22222222222222224,0.668109668109668,0.10966810966810969
0.1011111111111111,0.671111111111111,0.3571428571428571,0.21777777777777776,0.0,0.0,2019-11-07T01:54:50Z,ls7,qd9y0yh73w3u,0.21997755331088667,0.6778900112233446,0.1021324354657688
0.125,0.6799999999999999,0.0,0.185,0.0,0.0,2019-11-14T02:00:42Z,ls7,qd9y0yh73w3u,0.18686868686868688,0.6868686868686869,0.12626262626262627
0.12714285714285717,0.6757142857142858,0.0,0.18357142857142855,0.0,0.0,2019-11-15T02:11:35Z,ls8,qd9y0yh73w3u,0.1860970311368573,0.6850108616944243,0.12889210716871832
,,1.0,,,,2019-11-22T02:17:20Z,ls8,qd9y0yh73w3u,,,
0.1407142857142857,0.6657142857142858,0.0,0.18285714285714288,0.0,0.0,2019-11-23T01:54:06Z,ls7,qd9y0yh73w3u,0.18483754512635378,0.6729241877256318,0.1422382671480144
0.17285714285714288,0.6314285714285713,0.0,0.18285714285714286,0.0,0.0,2019-11-30T01:59:56Z,ls7,qd9y0yh73w3u,0.18523878437047758,0.6396526772793053,0.1751085383502171
0.16785714285714287,0.6535714285714286,0.0,0.16785714285714284,0.0,0.0,2019-12-01T02:11:33Z,ls8,qd9y0yh73w3u,0.16967509025270755,0.6606498194945848,0.16967509025270758
,,1.0,,,,2019-12-08T02:17:44Z,ls8,qd9y0yh73w3u,,,
0.15,0.6649999999999999,0.0,0.16999999999999996,0.0,0.0,2019-12-09T01:53:19Z,ls7,qd9y0yh73w3u,0.17258883248730963,0.6751269035532995,0.15228426395939088
0.05357142857142858,0.7778571428571429,0.0,0.15785714285714286,0.0,0.0,2019-12-16T01:59:09Z,ls7,qd9y0yh73w3u,0.1595667870036101,0.7862815884476535,0.05415162454873647
0.12142857142857141,0.6985714285714284,0.0,0.16999999999999996,0.0,0.0,2019-12-17T02:11:32Z,ls8,qd9y0yh73w3u,0.1717171717171717,0.7056277056277056,0.12265512265512267
0.15142857142857144,0.6514285714285715,0.0,0.18571428571428572,0.0,0.0,2019-12-24T02:17:17Z,ls8,qd9y0yh73w3u,0.18786127167630057,0.6589595375722543,0.1531791907514451
,,1.0,,,,2019-12-25T01:52:30Z,ls7,qd9y0yh73w3u,,,
0.12928571428571428,0.6699999999999999,0.0,0.19,0.0,0.0,2020-01-01T01:58:19Z,ls7,qd9y0yh73w3u,0.19205776173285202,0.6772563176895308,0.13068592057761735
0.1292857142857143,0.6907142857142858,0.0,0.16714285714285712,0.0,0.0,2020-01-02T02:11:27Z,ls8,qd9y0yh73w3u,0.1693198263386396,0.6997105643994211,0.1309696092619392
0.15,0.6621428571428571,0.0,0.17714285714285713,0.0,0.0,2020-01-09T02:17:37Z,ls8,qd9y0yh73w3u,0.17906137184115523,0.6693140794223826,0.15162454873646208
,,1.0,,,,2020-01-10T01:51:40Z,ls7,qd9y0yh73w3u,,,
0.1192857142857143,0.715,0.0,0.15428571428571428,0.0,0.0,2020-01-17T01:57:30Z,ls7,qd9y0yh73w3u,0.15606936416184972,0.7232658959537572,0.12066473988439308
0.11285714285714288,0.71,0.0,0.16571428571428573,0.0,0.0,2020-01-18T02:11:24Z,ls8,qd9y0yh73w3u,0.16763005780346824,0.7182080924855491,0.11416184971098269
0.18428571428571433,0.6207142857142857,0.0,0.18,0.0,0.0,2020-01-25T02:17:09Z,ls8,qd9y0yh73w3u,0.182741116751269,0.6301667875271935,0.18709209572153737
0.14999999999999997,0.665,0.0,0.17285714285714285,0.0,0.0,2020-01-26T01:50:53Z,ls7,qd9y0yh73w3u,0.17498192335502533,0.6731742588575561,0.15184381778741862
,,1.0,,,,2020-02-02T01:56:43Z,ls7,qd9y0yh73w3u,,,
0.17357142857142854,0.6564285714285714,0.0,0.15785714285714286,0.0,0.0,2020-02-03T02:11:19Z,ls8,qd9y0yh73w3u,0.15979754157628345,0.6644974692697035,0.175704989154013
0.16642857142857143,0.6464285714285714,0.0,0.17428571428571432,0.0,0.0,2020-02-10T02:17:28Z,ls8,qd9y0yh73w3u,0.17655571635311149,0.6548480463096961,0.16859623733719248
0.04571428571428571,0.8042857142857143,0.0,0.13857142857142857,0.0,0.0,2020-02-11T01:50:04Z,ls7,qd9y0yh73w3u,0.14017341040462428,0.8135838150289018,0.04624277456647398
0.2057142857142857,0.6528571428571429,0.0,0.13571428571428573,0.0,0.0,2020-02-18T01:55:53Z,ls7,qd9y0yh73w3u,0.1364942528735632,0.6566091954022988,0.2068965517241379
,,1.0,,,,2020-02-19T02:11:15Z,ls8,qd9y0yh73w3u,,,
,,1.0,,,,2020-03-05T01:55:02Z,ls7,qd9y0yh73w3u,,,
,,1.0,,,,2020-03-06T02:11:10Z,ls8,qd9y0yh73w3u,,,
0.17214285714285715,0.6950000000000001,0.0,0.12285714285714289,0.0,0.0,2020-03-14T01:48:22Z,ls7,qd9y0yh73w3u,0.12409812409812411,0.702020202020202,0.1738816738816739
0.194,0.634,0.6428571428571428,0.162,0.0,0.0,2020-03-21T01:54:09Z,ls7,qd9y0yh73w3u,0.16363636363636364,0.6404040404040404,0.19595959595959597
0.24285714285714285,0.5642857142857144,0.0,0.18,0.0,0.0,2020-03-22T02:11:02Z,ls8,qd9y0yh73w3u,0.1823444283646888,0.5716353111432706,0.24602026049204048
0.30000000000000004,0.5349999999999999,0.2857142857142857,0.154,0.0,0.0,2020-03-29T02:16:45Z,ls8,qd9y0yh73w3u,0.1557128412537917,0.5409504550050556,0.30333670374115274
0.14666666666666664,0.6433333333333332,0.7857142857142857,0.19666666666666666,0.0,0.0,2020-03-30T01:47:28Z,ls7,qd9y0yh73w3u,0.19932432432432434,0.652027027027027,0.14864864864864866
0.23357142857142862,0.5571428571428572,0.0,0.19285714285714287,0.0,0.0,2020-04-06T01:53:15Z,ls7,qd9y0yh73w3u,0.19607843137254902,0.5664488017429193,0.23747276688453162
0.21857142857142856,0.5914285714285714,0.0,0.17785714285714285,0.0,0.0,2020-04-07T02:10:53Z,ls8,qd9y0yh73w3u,0.18004338394793928,0.5986984815618221,0.22125813449023862
,,1.0,,,,2020-04-14T02:16:38Z,ls8,qd9y0yh73w3u,,,
,,1.0,,,,2020-04-15T01:46:33Z,ls7,qd9y0yh73w3u,,,
,,1.0,,,,2020-04-22T01:52:19Z,ls7,qd9y0yh73w3u,,,
,,1.0,,,,2020-04-23T02:10:47Z,ls8,qd9y0yh73w3u,,,
0.20428571428571432,0.575,0.0,0.20642857142857146,0.0,0.0,2020-04-30T02:16:30Z,ls8,qd9y0yh73w3u,0.20942028985507252,0.5833333333333334,0.20724637681159425
,,1.0,,,,2020-05-01T01:45:36Z,ls7,qd9y0yh73w3u,,,
0.11928571428571429,0.6692857142857144,0.0,0.20071428571428576,0.0,0.0,2020-05-08T01:51:22Z,ls7,qd9y0yh73w3u,0.2028880866425993,0.6765342960288808,0.12057761732851983
,,1.0,,,,2020-05-09T02:10:38Z,ls8,qd9y0yh73w3u,,,
0.17714285714285713,0.6049999999999999,0.0,0.20714285714285716,0.0,0.0,2020-05-16T02:16:50Z,ls8,qd9y0yh73w3u,0.2093862815884477,0.611552346570397,0.17906137184115523
,,1.0,,,,2020-05-17T01:44:38Z,ls7,qd9y0yh73w3u,,,
,,1.0,,,,2020-05-25T02:10:41Z,ls8,qd9y0yh73w3u,,,
0.20642857142857146,0.5678571428571428,0.0,0.21357142857142858,0.0,0.0,2020-06-01T02:16:55Z,ls8,qd9y0yh73w3u,0.2161966738973247,0.5748373101952278,0.20896601590744762
0.12333333333333335,0.6455555555555557,0.3571428571428571,0.22,0.0,0.0,2020-06-02T01:43:40Z,ls7,qd9y0yh73w3u,0.22247191011235953,0.652808988764045,0.12471910112359552
0.23142857142857137,0.5707142857142858,0.0,0.18714285714285714,0.0,0.0,2020-06-09T01:49:27Z,ls7,qd9y0yh73w3u,0.1891696750902527,0.5768953068592059,0.23393501805054145
0.16714285714285712,0.6107142857142857,0.0,0.2092857142857143,0.0,0.0,2020-06-10T02:10:50Z,ls8,qd9y0yh73w3u,0.21201157742402318,0.6186685962373372,0.16931982633863965
0.14428571428571427,0.6478571428571428,0.0,0.19714285714285715,0.0,0.0,2020-06-17T02:16:41Z,ls8,qd9y0yh73w3u,0.1992779783393502,0.6548736462093863,0.14584837545126353
0.08928571428571429,0.6950000000000001,0.0,0.20500000000000002,0.0,0.0,2020-06-18T01:42:44Z,ls7,qd9y0yh73w3u,0.20722021660649817,0.7025270758122744,0.09025270758122743
0.15,0.63625,0.4285714285714286,0.20375,0.0,0.0,2020-06-25T01:48:30Z,ls7,qd9y0yh73w3u,0.2058080808080808,0.6426767676767676,0.15151515151515152
0.1435714285714286,0.6064285714285714,0.0,0.23785714285714285,0.0,0.0,2020-06-26T02:10:59Z,ls8,qd9y0yh73w3u,0.24078091106290672,0.613882863340564,0.1453362255965293
0.21214285714285716,0.5428571428571428,0.0,0.23071428571428573,0.0,0.0,2020-07-03T02:17:13Z,ls8,qd9y0yh73w3u,0.23405797101449277,0.5507246376811593,0.21521739130434783
0.29214285714285715,0.5085714285714286,0.0,0.18642857142857142,0.0,0.0,2020-07-04T01:41:47Z,ls7,qd9y0yh73w3u,0.18885672937771344,0.5151953690303908,0.2959479015918958
0.18857142857142858,0.5907142857142856,0.0,0.20857142857142857,0.0,0.0,2020-07-11T01:47:32Z,ls7,qd9y0yh73w3u,0.21113521330441073,0.5979754157628344,0.1908893709327549
0.21857142857142858,0.5514285714285715,0.0,0.215,0.0,0.0,2020-07-12T02:11:05Z,ls8,qd9y0yh73w3u,0.2182741116751269,0.5598259608411893,0.2218999274836838
0.20428571428571432,0.5692857142857143,0.0,0.2135714285714286,0.0,0.0,2020-07-19T02:16:55Z,ls8,qd9y0yh73w3u,0.21635311143270625,0.5767004341534008,0.20694645441389292
,,1.0,,,,2020-07-20T01:40:49Z,ls7,qd9y0yh73w3u,,,
0.20285714285714285,0.5907142857142856,0.0,0.195,0.0,0.0,2020-07-27T01:46:33Z,ls7,qd9y0yh73w3u,0.19725433526011565,0.5975433526011561,0.20520231213872833
,,1.0,,,,2020-07-28T02:11:10Z,ls8,qd9y0yh73w3u,,,
0.16642857142857145,0.6314285714285715,0.0,0.19142857142857145,0.0,0.0,2020-08-04T02:17:23Z,ls8,qd9y0yh73w3u,0.19350180505415163,0.6382671480144404,0.16823104693140795
0.16785714285714287,0.6264285714285714,0.0,0.19285714285714287,0.0,0.0,2020-08-05T01:39:49Z,ls7,qd9y0yh73w3u,0.19536903039073808,0.6345875542691751,0.17004341534008685
0.28428571428571425,0.49714285714285716,0.0,0.20642857142857143,0.0,0.0,2020-08-13T02:11:14Z,ls8,qd9y0yh73w3u,0.20896601590744757,0.5032537960954447,0.2877801879971077
0.23714285714285718,0.5078571428571429,0.0,0.24071428571428571,0.0,0.0,2020-08-20T02:17:05Z,ls8,qd9y0yh73w3u,0.2442028985507246,0.5152173913043477,0.24057971014492754
,,1.0,,,,2020-08-21T01:38:48Z,ls7,qd9y0yh73w3u,,,
,,1.0,,,,2020-08-28T01:44:31Z,ls7,qd9y0yh73w3u,,,
,,1.0,,,,2020-08-29T02:11:22Z,ls8,qd9y0yh73w3u,,,
0.1878571428571428,0.5992857142857143,0.0,0.1992857142857143,0.0,0.0,2020-09-05T02:17:36Z,ls8,qd9y0yh73w3u,0.20202751629254165,0.6075307748008689,0.19044170890658937
,,1.0,,,,2020-09-21T02:17:18Z,ls8,qd9y0yh73w3u,,,
,,1.0,,,,2020-09-22T01:36:41Z,ls7,qd9y0yh73w3u,,,
0.16999999999999998,0.6221428571428572,0.0,0.1942857142857143,0.0,0.0,2020-09-30T02:11:33Z,ls8,qd9y0yh73w3u,0.19695872556118757,0.6307023895727735,0.1723388848660391
0.20642857142857146,0.5964285714285714,0.0,0.18357142857142855,0.0,0.0,2020-10-07T02:17:45Z,ls8,qd9y0yh73w3u,0.18609703113685733,0.6046343229543809,0.2092686459087618
0.05928571428571429,0.7414285714285714,0.0,0.19142857142857142,0.0,0.0,2020-10-08T01:35:40Z,ls7,qd9y0yh73w3u,0.1929445644348452,0.7473002159827214,0.05975521958243341
,,1.0,,,,2020-10-16T02:11:34Z,ls8,qd9y0yh73w3u,,,
0.2392857142857143,0.58,0.0,0.16785714285714287,0.0,0.0,2020-10-23T02:17:45Z,ls8,qd9y0yh73w3u,0.17004341534008685,0.5875542691751086,0.24240231548480465
0.2642857142857143,0.562142857142857,0.0,0.16071428571428567,0.0,0.0,2020-10-24T01:34:38Z,ls7,qd9y0yh73w3u,0.16280752532561502,0.569464544138929,0.2677279305354559
,,1.0,,,,2020-11-09T01:33:33Z,ls7,qd9y0yh73w3u,,,
0.14714285714285716,0.6614285714285713,0.0,0.17857142857142858,0.0,0.0,2020-11-16T01:39:15Z,ls7,qd9y0yh73w3u,0.18089725036179452,0.6700434153400867,0.1490593342981187
,,1.0,,,,2020-11-17T02:11:32Z,ls8,qd9y0yh73w3u,,,
0.2414285714285714,0.6035714285714285,0.0,0.14214285714285718,0.0,0.0,2020-11-24T02:17:21Z,ls8,qd9y0yh73w3u,0.14399421128798845,0.6114327062228654,0.24457308248914614
0.24000000000000002,0.5892857142857143,0.0,0.1571428571428571,0.0,0.0,2020-11-25T01:32:26Z,ls7,qd9y0yh73w3u,0.15930485155684285,0.5973931933381608,0.2433019551049964
,,1.0,,,,2020-12-02T01:38:06Z,ls7,qd9y0yh73w3u,,,
0.26285714285714284,0.575,0.0,0.14928571428571427,0.0,0.0,2020-12-03T02:11:35Z,ls8,qd9y0yh73w3u,0.1512301013024602,0.5824891461649783,0.2662807525325615
,,1.0,,,,2020-12-10T02:17:22Z,ls8,qd9y0yh73w3u,,,
0.13142857142857142,0.7785714285714287,0.0,0.07999999999999999,0.0,0.0,2020-12-11T01:31:15Z,ls7,qd9y0yh73w3u,0.08080808080808079,0.7864357864357865,0.13275613275613274
0.2614285714285714,0.5957142857142858,0.0,0.13071428571428573,0.0,0.0,2020-12-18T01:36:54Z,ls7,qd9y0yh73w3u,0.13232104121475058,0.6030368763557484,0.2646420824295011
0.2628571428571429,0.5964285714285714,0.0,0.12642857142857145,0.0,0.0,2020-12-19T02:11:35Z,ls8,qd9y0yh73w3u,0.1282608695652174,0.6050724637681159,0.2666666666666667
0.24142857142857138,0.6085714285714285,0.0,0.1385714285714286,0.0,0.0,2020-12-26T02:17:20Z,ls8,qd9y0yh73w3u,0.14017341040462433,0.615606936416185,0.24421965317919073
0.2863636363636364,0.5863636363636364,0.2142857142857143,0.11545454545454546,0.0,0.0,2020-12-27T01:30:04Z,ls7,qd9y0yh73w3u,0.11683532658693652,0.593376264949402,0.28978840846366144
0.24000000000000007,0.6178571428571429,0.0,0.1285714285714286,0.0,0.0,2021-01-03T01:35:46Z,ls7,qd9y0yh73w3u,0.13034033309196236,0.6263577118030412,0.24330195510499641
0.27999999999999997,0.5871428571428571,0.0,0.1192857142857143,0.0,0.0,2021-01-04T02:11:30Z,ls8,qd9y0yh73w3u,0.12092686459087619,0.5952208544532946,0.2838522809558291
0.3178571428571428,0.5407142857142857,0.0,0.12714285714285714,0.0,0.0,2021-01-11T02:17:14Z,ls8,qd9y0yh73w3u,0.12898550724637683,0.5485507246376813,0.322463768115942
,,1.0,,,,2021-01-12T01:28:57Z,ls7,qd9y0yh73w3u,,,
0.20666666666666667,0.66,0.7857142857142857,0.12,0.0,0.0,2021-01-20T02:11:23Z,ls8,qd9y0yh73w3u,0.12162162162162161,0.668918918918919,0.20945945945945946
,,1.0,,,,2021-01-27T02:17:09Z,ls8,qd9y0yh73w3u,,,
0.31714285714285717,0.5371428571428571,0.0,0.13214285714285715,0.0,0.0,2021-01-28T01:27:48Z,ls7,qd9y0yh73w3u,0.1339608979000724,0.5445329471397538,0.3215061549601738
0.27785714285714286,0.5707142857142858,0.0,0.13857142857142857,0.0,0.0,2021-02-04T01:33:28Z,ls7,qd9y0yh73w3u,0.1403762662807525,0.5781476121562953,0.2814761215629522
,,1.0,,,,2021-02-05T02:11:21Z,ls8,qd9y0yh73w3u,,,
0.25714285714285723,0.5621428571428572,0.0,0.1678571428571429,0.0,0.0,2021-02-12T02:17:07Z,ls8,qd9y0yh73w3u,0.17004341534008685,0.569464544138929,0.2604920405209841
,,1.0,,,,2021-02-13T01:26:37Z,ls7,qd9y0yh73w3u,,,
,,1.0,,,,2021-02-20T01:32:16Z,ls7,qd9y0yh73w3u,,,
0.28500000000000003,0.5471428571428573,0.0,0.15285714285714286,0.0,0.0,2021-02-21T02:11:17Z,ls8,qd9y0yh73w3u,0.15518491660623637,0.5554749818709209,0.2893401015228426
0.32071428571428573,0.5157142857142858,0.0,0.15214285714285714,0.0,0.0,2021-02-28T02:17:25Z,ls8,qd9y0yh73w3u,0.15390173410404623,0.5216763005780347,0.32442196531791906
0.30428571428571427,0.5378571428571428,0.0,0.14500000000000002,0.0,0.0,2021-03-01T01:25:24Z,ls7,qd9y0yh73w3u,0.14688856729377717,0.544862518089725,0.30824891461649784
0.2507142857142857,0.5900000000000001,0.0,0.14714285714285716,0.0,0.0,2021-03-08T01:31:02Z,ls7,qd9y0yh73w3u,0.14895155459146783,0.5972523499638467,0.25379609544468545
0.32500000000000007,0.5285714285714286,0.0,0.13571428571428573,0.0,0.0,2021-03-09T02:11:09Z,ls8,qd9y0yh73w3u,0.1371841155234657,0.5342960288808664,0.3285198555956679
,,1.0,,,,2021-03-16T02:16:52Z,ls8,qd9y0yh73w3u,,,
0.24571428571428572,0.5907142857142856,0.0,0.15142857142857144,0.0,0.0,2021-03-17T01:24:08Z,ls7,qd9y0yh73w3u,0.1532899493853941,0.5979754157628344,0.24873463485177152
0.29642857142857143,0.5371428571428571,0.0,0.15357142857142864,0.0,0.0,2021-03-24T01:29:46Z,ls7,qd9y0yh73w3u,0.15557163531114332,0.5441389290882778,0.3002894356005788
0.34785714285714286,0.49571428571428566,0.0,0.14285714285714285,0.0,0.0,2021-03-25T02:11:02Z,ls8,qd9y0yh73w3u,0.1448225923244026,0.502534395365677,0.35264301230992035
0.2814285714285714,0.532142857142857,0.0,0.17071428571428576,0.0,0.0,2021-04-01T02:16:48Z,ls8,qd9y0yh73w3u,0.1734397677793905,0.5406386066763424,0.2859216255442671
0.15928571428571428,0.6435714285714287,0.0,0.18357142857142858,0.0,0.0,2021-04-02T01:22:51Z,ls7,qd9y0yh73w3u,0.18609703113685733,0.6524257784214338,0.16147719044170888
,,1.0,,,,2021-04-09T01:28:27Z,ls7,qd9y0yh73w3u,,,
,,1.0,,,,2021-04-10T02:10:58Z,ls8,qd9y0yh73w3u,,,
,,1.0,,,,2021-04-17T02:16:42Z,ls8,qd9y0yh73w3u,,,
0.18857142857142856,0.6085714285714285,0.0,0.18999999999999997,0.0,0.0,2021-04-18T01:21:31Z,ls7,qd9y0yh73w3u,0.19247467438494933,0.6164978292329957,0.191027496382055
0.39,0.41,0.9285714285714286,0.19,0.0,0.0,2021-04-25T01:27:06Z,ls7,qd9y0yh73w3u,0.19191919191919193,0.41414141414141414,0.393939393939394
0.22500000000000003,0.5957142857142858,0.0,0.16785714285714284,0.0,0.0,2021-04-26T02:10:50Z,ls8,qd9y0yh73w3u,0.16979768786127164,0.6026011560693642,0.22760115606936418
0.2092857142857143,0.6007142857142858,0.0,0.17642857142857143,0.0,0.0,2021-05-03T02:16:56Z,ls8,qd9y0yh73w3u,0.1788559015206372,0.608979000724113,0.21216509775524983
,,1.0,,,,2021-05-12T02:10:47Z,ls8,qd9y0yh73w3u,,,
0.10357142857142858,0.6707142857142856,0.0,0.2121428571428572,0.0,0.0,2021-05-19T02:17:03Z,ls8,qd9y0yh73w3u,0.21506154960173793,0.6799420709630702,0.10499637943519191
0.06666666666666667,0.6833333333333332,0.7857142857142857,0.23666666666666666,0.0,0.0,2021-05-20T01:18:49Z,ls7,qd9y0yh73w3u,0.23986486486486489,0.6925675675675675,0.06756756756756757
0.20285714285714285,0.5750000000000001,0.0,0.20928571428571432,0.0,0.0,2021-06-04T02:17:11Z,ls8,qd9y0yh73w3u,0.21201157742402318,0.5824891461649783,0.20549927641099852
0.20142857142857143,0.5642857142857143,0.0,0.2235714285714286,0.0,0.0,2021-06-05T01:17:27Z,ls7,qd9y0yh73w3u,0.22599277978339352,0.5703971119133574,0.2036101083032491
,,1.0,,,,2021-06-12T01:23:04Z,ls7,qd9y0yh73w3u,,,
0.18642857142857144,0.5614285714285715,0.0,0.23857142857142863,0.0,0.0,2021-06-13T02:11:04Z,ls8,qd9y0yh73w3u,0.24185372918175235,0.5691527878349022,0.18899348298334537
,,1.0,,,,2021-06-20T02:16:53Z,ls8,qd9y0yh73w3u,,,
,,1.0,,,,2021-06-21T01:16:09Z,ls7,qd9y0yh73w3u,,,
,,1.0,,,,2021-06-29T02:11:08Z,ls8,qd9y0yh73w3u,,,
0.3092857142857143,0.2314285714285714,0.0,0.23285714285714285,0.0,0.21428571428571427,2021-07-06T02:17:19Z,ls8,qd9y0yh73w3u,0.236512333465242,0.23506133755441233,0.3141406146946313
0.3464285714285715,0.24071428571428571,0.0,0.2571428571428572,0.0,0.14285714285714285,2021-07-07T01:14:49Z,ls7,qd9y0yh73w3u,0.26105873821609865,0.24437998549673678,0.3517041334300218
0.2814285714285714,0.1892857142857143,0.0,0.1657142857142857,0.21428571428571427,0.14285714285714285,2021-07-15T02:11:09Z,ls8,qd9y0yh73w3u,0.1673881673881674,0.19119769119769123,0.2842712842712843
0.052142857142857144,0.09785714285714285,0.0,0.06142857142857144,0.5,0.2857142857142857,2021-07-22T02:16:59Z,ls8,qd9y0yh73w3u,0.06225868725868728,0.09917953667953669,0.05284749034749036
,,1.0,,,,2021-07-23T01:13:27Z,ls7,qd9y0yh73w3u,,,
0.17071428571428568,0.20285714285714285,0.0,0.12428571428571426,0.21428571428571427,0.2857142857142857,2021-07-31T02:11:17Z,ls8,qd9y0yh73w3u,0.12482065997130559,0.20373027259684365,0.1714490674318508
0.13642857142857143,0.1964285714285714,0.0,0.1592857142857143,0.42857142857142855,0.07142857142857142,2021-08-15T01:17:35Z,ls7,qd9y0yh73w3u,0.16182873730043545,0.19956458635703916,0.1386066763425254
0.11615384615384614,0.21,0.0714285714285714,0.12923076923076923,0.5384615384615384,0.0,2021-08-16T02:11:23Z,ls8,qd9y0yh73w3u,0.13097713097713098,0.21283783783783783,0.11772349272349272
0.19999999999999998,0.18142857142857144,0.0,0.18,0.35714285714285715,0.07142857142857142,2021-08-23T02:17:36Z,ls8,qd9y0yh73w3u,0.183206106870229,0.1846601235914213,0.2035623409669211
0.19428571428571426,0.17071428571428568,0.0,0.19857142857142857,0.35714285714285715,0.07142857142857142,2021-08-24T01:10:38Z,ls7,qd9y0yh73w3u,0.2013398515299656,0.17309433279015027,0.19699438710845552
0.03571428571428572,0.6657142857142856,0.0,0.28785714285714287,0.0,0.0,2021-09-08T02:17:17Z,ls8,qd9y0yh73w3u,0.2909747292418773,0.6729241877256317,0.03610108303249098
0.0,0.0,0.9285714285714286,0.0,0.0,1.0,2021-09-16T01:14:48Z,ls7,qd9y0yh73w3u,0.0,0.0,0.0
0.03000000000000001,0.6785714285714286,0.0,0.2807142857142857,0.0,0.0,2021-09-17T02:11:32Z,ls8,qd9y0yh73w3u,0.28375451263537904,0.6859205776173285,0.030324909747292426
0.04142857142857143,0.6907142857142856,0.0,0.25857142857142856,0.0,0.0,2021-09-24T02:17:19Z,ls8,qd9y0yh73w3u,0.2609949531362653,0.6971881759192501,0.041816870944484504
0.013000000000000001,0.7220000000000001,0.2857142857142857,0.255,0.0,0.0,2021-09-25T01:07:49Z,ls7,qd9y0yh73w3u,0.25757575757575757,0.7292929292929293,0.013131313131313131
0.036428571428571435,0.6821428571428572,0.0,0.27142857142857146,0.0,0.0,2021-10-03T02:11:36Z,ls8,qd9y0yh73w3u,0.2741702741702742,0.689033189033189,0.0367965367965368
0.03357142857142858,0.7114285714285715,0.0,0.24571428571428575,0.0,0.0,2021-10-10T02:17:25Z,ls8,qd9y0yh73w3u,0.2480173035328046,0.7180966113914924,0.033886085075702954
,,1.0,,,,2021-10-26T02:17:51Z,ls8,qd9y0yh73w3u,,,
,,1.0,,,,2021-11-03T01:10:29Z,ls7,qd9y0yh73w3u,,,
0.04,0.7242857142857143,0.0,0.22500000000000006,0.0,0.0,2021-11-04T02:11:39Z,ls8,qd9y0yh73w3u,0.22743682310469318,0.7321299638989169,0.04043321299638988
0.04142857142857143,0.7342857142857142,0.0,0.21500000000000002,0.0,0.0,2021-11-11T02:17:48Z,ls8,qd9y0yh73w3u,0.21701514059120405,0.7411679884643113,0.041816870944484504
0.05928571428571429,0.7171428571428571,0.0,0.21357142857142855,0.0,0.0,2021-11-12T01:03:26Z,ls7,qd9y0yh73w3u,0.21572871572871574,0.7243867243867245,0.059884559884559894
0.03357142857142858,0.7435714285714285,0.0,0.21428571428571427,0.0,0.0,2021-11-18T02:13:25Z,ls9,qd9y0yh73w3u,0.21613832853025935,0.75,0.03386167146974064
0.03357142857142857,0.765,0.0,0.19285714285714284,0.0,0.0,2021-11-19T01:08:56Z,ls7,qd9y0yh73w3u,0.1945244956772334,0.771613832853026,0.03386167146974063
0.04214285714285715,0.7564285714285716,0.0,0.19214285714285714,0.0,0.0,2021-11-20T02:11:34Z,ls8,qd9y0yh73w3u,0.19394376351838497,0.7635183850036049,0.04253785147801009
0.05071428571428572,0.7699999999999999,0.0,0.1692857142857143,0.0,0.0,2021-11-27T02:17:23Z,ls8,qd9y0yh73w3u,0.170995670995671,0.7777777777777778,0.05122655122655124
,,1.0,,,,2021-11-28T01:01:54Z,ls7,qd9y0yh73w3u,,,
0.05928571428571429,0.7678571428571429,0.0,0.16285714285714287,0.0,0.0,2021-12-05T02:17:25Z,ls9,qd9y0yh73w3u,0.16450216450216448,0.7756132756132755,0.05988455988455988
0.04714285714285715,0.7742857142857144,0.0,0.16714285714285718,0.0,0.0,2021-12-06T02:11:36Z,ls8,qd9y0yh73w3u,0.16907514450867053,0.7832369942196532,0.047687861271676305
0.05571428571428572,0.7700000000000001,0.0,0.16357142857142856,0.0,0.0,2021-12-13T02:17:46Z,ls8,qd9y0yh73w3u,0.16534296028880863,0.7783393501805054,0.05631768953068592
0.057857142857142864,0.7735714285714286,0.0,0.15857142857142859,0.0,0.0,2021-12-14T02:11:32Z,ls9,qd9y0yh73w3u,0.1601731601731602,0.7813852813852814,0.05844155844155845
,,1.0,,,,2021-12-21T02:17:18Z,ls9,qd9y0yh73w3u,,,
0.03642857142857143,0.7849999999999999,0.0,0.16785714285714287,0.0,0.0,2021-12-22T02:11:33Z,ls8,qd9y0yh73w3u,0.16967509025270758,0.7935018050541515,0.03682310469314079
0.03714285714285715,0.8099999999999999,0.0,0.14285714285714285,0.0,0.0,2021-12-29T02:17:41Z,ls8,qd9y0yh73w3u,0.1443001443001443,0.8181818181818181,0.03751803751803753
0.0007142857142857143,0.1742857142857143,0.0,0.037142857142857144,0.0,0.7857142857142857,2021-12-30T00:58:48Z,ls7,qd9y0yh73w3u,0.03751803751803752,0.17604617604617603,0.0007215007215007215
0.028571428571428574,0.7985714285714286,0.0,0.16357142857142856,0.0,0.0,2022-01-06T01:04:17Z,ls7,qd9y0yh73w3u,0.1651045421773612,0.806056236481615,0.028839221341023794
0.044285714285714296,0.7942857142857143,0.0,0.15142857142857144,0.0,0.0,2022-01-07T02:11:29Z,ls8,qd9y0yh73w3u,0.15295815295815296,0.8023088023088023,0.04473304473304474
0.035,0.8085714285714285,0.0,0.1464285714285714,0.0,0.0,2022-01-14T02:17:39Z,ls8,qd9y0yh73w3u,0.1479076479076479,0.8167388167388168,0.03535353535353536
0.03214285714285715,0.7992857142857143,0.0,0.15642857142857144,0.0,0.0,2022-01-15T00:57:16Z,ls7,qd9y0yh73w3u,0.15835140997830804,0.8091106290672451,0.03253796095444686
0.05071428571428572,0.8271428571428573,0.0,0.1142857142857143,0.0,0.0,2022-01-22T01:02:46Z,ls7,qd9y0yh73w3u,0.11519078473722101,0.8336933045356372,0.051115910727141826
0.06142857142857143,0.8164285714285714,0.0,0.11214285714285717,0.0,0.0,2022-01-23T02:11:25Z,ls8,qd9y0yh73w3u,0.11327561327561331,0.8246753246753247,0.06204906204906205
0.04928571428571429,0.8007142857142858,0.0,0.1392857142857143,0.0,0.0,2022-01-30T02:17:09Z,ls8,qd9y0yh73w3u,0.14079422382671478,0.8093862815884476,0.04981949458483754
0.05857142857142857,0.40714285714285714,0.0,0.0985714285714286,0.0,0.42857142857142855,2022-01-31T00:55:42Z,ls7,qd9y0yh73w3u,0.09981916817359855,0.41229656419529825,0.059312839059674494
0.0,0.0,0.0,0.0,0.0,1.0,2022-02-07T01:01:11Z,ls7,qd9y0yh73w3u,0.0,0.0,0.0
0.06071428571428572,0.7992857142857143,0.0,0.13,0.0,0.0,2022-02-08T02:11:21Z,ls8,qd9y0yh73w3u,0.13131313131313133,0.8073593073593074,0.061327561327561335
0.04928571428571429,0.8007142857142856,0.0,0.1385714285714286,0.0,0.0,2022-02-15T02:17:30Z,ls8,qd9y0yh73w3u,0.14017341040462433,0.809971098265896,0.04985549132947978
0.06642857142857143,0.2914285714285714,0.0,0.06571428571428571,0.0,0.5714285714285714,2022-02-16T00:54:03Z,ls7,qd9y0yh73w3u,0.06649000240905804,0.2948687063358227,0.06721271982654782
0.10357142857142858,0.6942857142857143,0.0,0.18928571428571428,0.0,0.0,2022-02-23T00:59:35Z,ls7,qd9y0yh73w3u,0.19175108538350216,0.703328509406657,0.10492040520984082
0.06642857142857143,0.7864285714285714,0.0,0.13571428571428573,0.0,0.0,2022-02-24T02:11:16Z,ls8,qd9y0yh73w3u,0.13728323699421968,0.7955202312138728,0.06719653179190752
0.08571428571428572,0.7557142857142857,0.0,0.14571428571428569,0.0,0.0,2022-03-03T02:17:02Z,ls8,qd9y0yh73w3u,0.14761215629522428,0.7655571635311144,0.08683068017366137
0.0,0.0,0.0,0.0,0.0,1.0,2022-03-04T00:52:32Z,ls7,qd9y0yh73w3u,0.0,0.0,0.0
0.042857142857142864,0.787142857142857,0.0,0.15857142857142859,0.0,0.0,2022-03-12T02:11:12Z,ls8,qd9y0yh73w3u,0.1604046242774567,0.796242774566474,0.04335260115606938
,,1.0,,,,2022-03-19T02:17:18Z,ls8,qd9y0yh73w3u,,,
0.0692857142857143,0.7607142857142856,0.0,0.15642857142857144,0.0,0.0,2022-03-20T00:50:56Z,ls7,qd9y0yh73w3u,0.1585807385952209,0.7711803041274438,0.07023895727733528
,,1.0,,,,2022-03-27T00:56:28Z,ls7,qd9y0yh73w3u,,,
0.25285714285714284,0.57,0.0,0.1671428571428571,0.0,0.0,2022-03-28T02:11:00Z,ls8,qd9y0yh73w3u,0.16883116883116878,0.5757575757575757,0.25541125541125537
0.0,0.0,0.0,0.0,0.0,1.0,2022-04-05T00:49:24Z,ls7,qd9y0yh73w3u,0.0,0.0,0.0
0.11214285714285714,0.6399999999999999,0.0,0.23428571428571435,0.0,0.0,2022-04-13T02:11:04Z,ls8,qd9y0yh73w3u,0.23750905141202036,0.6488052136133237,0.11368573497465606
,,1.0,,,,2022-04-20T02:17:14Z,ls8,qd9y0yh73w3u,,,
0.1342857142857143,0.6085714285714285,0.0,0.24642857142857144,0.0,0.0,2022-04-29T02:11:00Z,ls8,qd9y0yh73w3u,0.24909747292418774,0.6151624548736462,0.13574007220216608
0.2692857142857143,0.505,0.0,0.21214285714285716,0.0,0.0,2022-05-06T02:16:52Z,ls8,qd9y0yh73w3u,0.2150615496017379,0.5119478638667632,0.27299058653149894
,,1.0,,,,2022-05-15T02:11:10Z,ls8,qd9y0yh73w3u,,,
0.12357142857142858,0.5885714285714286,0.0,0.2757142857142857,0.0,0.0,2022-05-22T02:16:58Z,ls8,qd9y0yh73w3u,0.2791033984092552,0.5958062183658713,0.12509038322487348
0.14285714285714285,0.5671428571428571,0.0,0.2742857142857143,0.0,0.0,2022-05-31T02:11:13Z,ls8,qd9y0yh73w3u,0.2786647314949202,0.5761973875181422,0.14513788098693758
0.1892857142857143,0.5485714285714286,0.0,0.2485714285714286,0.0,0.0,2022-06-07T02:17:06Z,ls8,qd9y0yh73w3u,0.25199131064446056,0.556118754525706,0.19188993482983346
0.11571428571428573,0.5614285714285715,0.0,0.3078571428571429,0.0,0.0,2022-06-16T02:11:25Z,ls8,qd9y0yh73w3u,0.31254532269760693,0.5699782451051486,0.11747643219724437
0.09142857142857143,0.32142857142857145,0.0,0.22214285714285714,0.14285714285714285,0.21428571428571427,2022-06-23T02:17:15Z,ls8,qd9y0yh73w3u,0.2248915314157159,0.3254057528523221,0.09255985858910493
0.1571428571428571,0.51,0.0,0.32071428571428573,0.0,0.0,2022-07-02T02:11:29Z,ls8,qd9y0yh73w3u,0.32465654374548086,0.5162689804772235,0.1590744757772957
0.17,0.5158333333333333,0.1428571428571429,0.2991666666666667,0.0,0.0,2022-07-09T02:17:16Z,ls8,qd9y0yh73w3u,0.3037225042301185,0.5236886632825718,0.17258883248730966
0.12071428571428575,0.5378571428571429,0.0,0.32857142857142846,0.0,0.0,2022-07-18T02:11:29Z,ls8,qd9y0yh73w3u,0.33285094066570176,0.5448625180897251,0.12228654124457312
0.2685714285714286,0.1407142857142857,0.0,0.22428571428571428,0.14285714285714285,0.21428571428571427,2022-07-25T02:17:46Z,ls8,qd9y0yh73w3u,0.22757287808020613,0.14277661459172167,0.27250765018521506
,,1.0,,,,2022-08-03T02:11:41Z,ls8,qd9y0yh73w3u,,,
0.05857142857142857,0.075,0.0,0.07857142857142858,0.35714285714285715,0.42857142857142855,2022-08-10T02:17:31Z,ls8,qd9y0yh73w3u,0.07936507936507936,0.07575757575757573,0.059163059163059147
0.038571428571428576,0.04857142857142858,0.0,0.05285714285714286,0.6428571428571429,0.21428571428571427,2022-08-19T02:11:46Z,ls8,qd9y0yh73w3u,0.05393586005830902,0.04956268221574343,0.039358600583090375
0.17,0.0,0.3571428571428571,0.05222222222222222,0.5555555555555556,0.2222222222222222,2022-08-26T02:17:57Z,ls8,qd9y0yh73w3u,0.05222222222222221,0.0,0.16999999999999998
0.04785714285714286,0.08357142857142856,0.0,0.08071428571428572,0.5714285714285714,0.21428571428571427,2022-09-11T02:18:01Z,ls8,qd9y0yh73w3u,0.08152958152958155,0.08441558441558443,0.04834054834054836
0.13642857142857143,0.2542857142857143,0.0,0.24357142857142855,0.2857142857142857,0.07142857142857142,2022-09-27T02:18:04Z,ls8,qd9y0yh73w3u,0.24686293436293438,0.25772200772200776,0.1382722007722008
,,1.0,,,,2022-10-06T02:11:50Z,ls8,qd9y0yh73w3u,,,
0.03928571428571429,0.6464285714285715,0.0,0.30214285714285716,0.0,0.0,2022-10-13T02:17:31Z,ls8,qd9y0yh73w3u,0.30585683297180044,0.6543745480838756,0.03976861894432394
,,1.0,,,,2022-10-22T02:11:50Z,ls8,qd9y0yh73w3u,,,
0.034285714285714294,0.6357142857142859,0.0,0.31857142857142856,0.0,0.0,2022-10-29T02:17:39Z,ls8,qd9y0yh73w3u,0.32225433526011554,0.643063583815029,0.034682080924855495
,,1.0,,,,2022-11-07T02:11:52Z,ls8,qd9y0yh73w3u,,,
0.05000000000000001,0.702857142857143,0.0,0.2357142857142857,0.0,0.0,2022-11-14T02:17:35Z,ls8,qd9y0yh73w3u,0.23843930635838148,0.7109826589595376,0.05057803468208093
0.04142857142857143,0.7135714285714286,0.0,0.23428571428571435,0.0,0.0,2022-11-23T02:11:47Z,ls8,qd9y0yh73w3u,0.23682310469314083,0.7212996389891696,0.04187725631768953
,,1.0,,,,2022-11-30T02:17:35Z,ls8,qd9y0yh73w3u,,,
0.02,0.7916666666666666,0.5714285714285714,0.17333333333333334,0.0,0.0,2022-12-09T02:11:47Z,ls8,qd9y0yh73w3u,0.17597292724196278,0.8037225042301184,0.020304568527918784
0.045000000000000005,0.7592857142857142,0.0,0.18357142857142858,0.0,0.0,2022-12-16T02:17:30Z,ls8,qd9y0yh73w3u,0.18582791033984092,0.7686189443239334,0.0455531453362256
0.042857142857142864,0.7578571428571428,0.0,0.18785714285714286,0.0,0.0,2022-12-25T02:11:38Z,ls8,qd9y0yh73w3u,0.19002890173410408,0.7666184971098267,0.04335260115606938
0.04785714285714286,0.7635714285714286,0.0,0.17428571428571435,0.0,0.0,2023-01-01T02:17:26Z,ls8,qd9y0yh73w3u,0.1768115942028986,0.7746376811594202,0.04855072463768116
,,1.0,,,,2023-01-10T02:11:37Z,ls8,qd9y0yh73w3u,,,
0.04785714285714287,0.7714285714285714,0.0,0.1678571428571429,0.0,0.0,2023-01-17T02:17:18Z,ls8,qd9y0yh73w3u,0.17004341534008688,0.7814761215629522,0.04848046309696094
0.04642857142857143,0.7807142857142857,0.0,0.16071428571428573,0.0,0.0,2023-01-26T02:11:36Z,ls8,qd9y0yh73w3u,0.1626898047722343,0.7903109182935648,0.04699927693420102
0.045000000000000005,0.7621428571428571,0.0,0.18071428571428574,0.0,0.0,2023-02-02T02:17:48Z,ls8,qd9y0yh73w3u,0.18293564714389013,0.7715112075198842,0.0455531453362256
0.05357142857142857,0.7485714285714286,0.0,0.18357142857142858,0.0,0.0,2023-02-11T02:11:33Z,ls8,qd9y0yh73w3u,0.186231884057971,0.7594202898550724,0.05434782608695651
0.07785714285714286,0.7178571428571429,0.0,0.19071428571428575,0.0,0.0,2023-02-18T02:17:38Z,ls8,qd9y0yh73w3u,0.19333816075307753,0.7277335264301231,0.07892831281679942
0.14,0.69,0.9285714285714286,0.16,0.0,0.0,2023-02-27T02:11:18Z,ls8,qd9y0yh73w3u,0.16161616161616163,0.6969696969696969,0.14141414141414144
0.11142857142857145,0.637857142857143,0.0,0.23500000000000007,0.0,0.0,2023-03-06T02:17:26Z,ls8,qd9y0yh73w3u,0.23875181422351235,0.6480406386066764,0.11320754716981131
0.1392857142857143,0.6257142857142857,0.0,0.2207142857142857,0.0,0.0,2023-03-15T02:11:12Z,ls8,qd9y0yh73w3u,0.22391304347826088,0.6347826086956523,0.14130434782608697
,,1.0,,,,2023-03-22T02:17:17Z,ls8,qd9y0yh73w3u,,,
,,1.0,,,,2023-03-31T02:11:02Z,ls8,qd9y0yh73w3u,,,
0.128,0.6609999999999999,0.2857142857142857,0.202,0.0,0.0,2023-04-07T02:16:41Z,ls8,qd9y0yh73w3u,0.20383451059535823,0.6670030272452068,0.12916246215943492
0.11642857142857144,0.6442857142857142,0.0,0.22714285714285715,0.0,0.0,2023-04-16T02:10:47Z,ls8,qd9y0yh73w3u,0.2299349240780911,0.6522053506869124,0.1178597252349964
0.1407142857142857,0.6171428571428572,0.0,0.2292857142857143,0.0,0.0,2023-05-02T02:10:42Z,ls8,qd9y0yh73w3u,0.23227206946454412,0.6251808972503619,0.14254703328509405
0.075,0.6842857142857143,0.0,0.22928571428571431,0.0,0.0,2023-05-09T02:16:46Z,ls8,qd9y0yh73w3u,0.23193641618497113,0.6921965317919075,0.07586705202312138
0.11714285714285717,0.6428571428571429,0.0,0.22642857142857148,0.0,0.0,2023-05-18T02:10:30Z,ls8,qd9y0yh73w3u,0.22954380883417813,0.6517016654598117,0.11875452570601014
0.15142857142857144,0.5892857142857143,0.0,0.24642857142857144,0.0,0.0,2023-05-25T02:16:20Z,ls8,qd9y0yh73w3u,0.2496382054992764,0.5969609261939218,0.15340086830680175
0.1657142857142857,0.585714285714286,0.0,0.23142857142857146,0.0,0.0,2023-06-03T02:10:34Z,ls8,qd9y0yh73w3u,0.23546511627906974,0.5959302325581396,0.16860465116279064
0.18214285714285716,0.555,0.0,0.24928571428571433,0.0,0.0,2023-06-10T02:16:50Z,ls8,qd9y0yh73w3u,0.25271542360608257,0.5626357711803041,0.18464880521361332
,,1.0,,,,2023-06-19T02:10:42Z,ls8,qd9y0yh73w3u,,,
0.16642857142857143,0.5321428571428571,0.0,0.28571428571428575,0.0,0.0,2023-06-26T02:16:57Z,ls8,qd9y0yh73w3u,0.2902757619738752,0.5406386066763426,0.1690856313497823
0.0,0.0,0.0,0.0,0.8571428571428571,0.14285714285714285,2023-07-05T02:10:53Z,ls8,qd9y0yh73w3u,0.0,0.0,0.0
0.17071428571428574,0.5385714285714286,0.0,0.2785714285714285,0.0,0.0,2023-07-12T02:17:07Z,ls8,qd9y0yh73w3u,0.281995661605206,0.5451916124367318,0.1728127259580622
0.10500000000000001,0.6078571428571429,0.0,0.2742857142857143,0.0,0.0,2023-07-21T02:10:56Z,ls8,qd9y0yh73w3u,0.2778581765557164,0.6157742402315485,0.10636758321273518
0.8099999999999999,0.0025,0.4285714285714286,0.19249999999999998,0.0,0.0,2023-07-28T02:16:49Z,ls8,qd9y0yh73w3u,0.19154228855721392,0.0024875621890547268,0.8059701492537313
0.07928571428571429,0.6207142857142857,0.0,0.2871428571428571,0.0,0.0,2023-08-06T02:11:06Z,ls8,qd9y0yh73w3u,0.29088277858176553,0.6287988422575977,0.08031837916063678
0.115,0.5835714285714285,0.0,0.2885714285714286,0.0,0.0,2023-08-13T02:17:18Z,ls8,qd9y0yh73w3u,0.29232995658465993,0.5911722141823444,0.11649782923299568
0.10000000000000002,0.607142857142857,0.0,0.2792857142857143,0.0,0.0,2023-08-22T02:11:13Z,ls8,qd9y0yh73w3u,0.28312816799420715,0.615496017378711,0.10137581462708185
0.09142857142857143,0.652142857142857,0.0,0.24500000000000005,0.0,0.0,2023-08-29T02:17:25Z,ls8,qd9y0yh73w3u,0.24783236994219662,0.6596820809248555,0.09248554913294799
0.06857142857142857,0.6664285714285715,0.0,0.2557142857142857,0.0,0.0,2023-09-07T02:11:12Z,ls8,qd9y0yh73w3u,0.2581110310021629,0.67267483777938,0.0692141312184571
,,1.0,,,,2023-09-23T02:11:18Z,ls8,qd9y0yh73w3u,,,
0.10857142857142857,0.6578571428571429,0.0,0.22071428571428578,0.0,0.0,2023-09-30T02:17:09Z,ls8,qd9y0yh73w3u,0.22358900144717805,0.6664254703328509,0.10998552821997104
,,1.0,,,,2023-10-09T02:11:23Z,ls8,qd9y0yh73w3u,,,
0.1771428571428571,0.6221428571428572,0.0,0.18571428571428575,0.0,0.0,2023-10-16T02:17:35Z,ls8,qd9y0yh73w3u,0.18854242204496013,0.6316171138506164,0.17984046410442345
0.155,0.6557142857142858,0.0,0.17642857142857143,0.0,0.0,2023-10-25T02:11:26Z,ls8,qd9y0yh73w3u,0.17872648335745295,0.6642547033285093,0.1570188133140376
0.17071428571428574,0.6450000000000001,0.0,0.17214285714285715,0.0,0.0,2023-11-01T02:17:38Z,ls8,qd9y0yh73w3u,0.1742588575560376,0.6529284164859003,0.17281272595806219
0.15285714285714286,0.6728571428571428,0.0,0.16,0.0,0.0,2023-11-10T02:11:22Z,ls8,qd9y0yh73w3u,0.16231884057971013,0.6826086956521739,0.15507246376811593
0.18857142857142858,0.6407142857142858,0.0,0.15857142857142859,0.0,0.0,2023-11-17T02:17:14Z,ls8,qd9y0yh73w3u,0.16052060737527113,0.648590021691974,0.19088937093275488
,,1.0,,,,2023-11-26T02:11:29Z,ls8,qd9y0yh73w3u,,,
0.135,0.6900000000000001,0.0,0.16142857142857145,0.0,0.0,2023-12-03T02:17:35Z,ls8,qd9y0yh73w3u,0.16364952932657495,0.6994931209268646,0.13685734974656047
0.1935714285714286,0.65,0.0,0.14214285714285715,0.0,0.0,2023-12-12T02:11:24Z,ls8,qd9y0yh73w3u,0.14420289855072463,0.6594202898550725,0.1963768115942029
0.18642857142857142,0.6414285714285713,0.0,0.16142857142857148,0.0,0.0,2023-12-19T02:17:14Z,ls8,qd9y0yh73w3u,0.16317689530685928,0.6483754512635379,0.1884476534296029
0.13857142857142857,0.6885714285714284,0.0,0.16142857142857142,0.0,0.0,2023-12-28T02:11:25Z,ls8,qd9y0yh73w3u,0.1632947976878613,0.6965317919075144,0.1401734104046243
0.20142857142857143,0.6307142857142857,0.0,0.15499999999999997,0.0,0.0,2024-01-04T02:17:06Z,ls8,qd9y0yh73w3u,0.1570188133140376,0.6389290882778582,0.20405209840810423
0.1992857142857143,0.64,0.0,0.14714285714285716,0.0,0.0,2024-01-05T02:11:28Z,ls9,qd9y0yh73w3u,0.1491672700941347,0.6488052136133237,0.20202751629254165
0.16928571428571432,0.6521428571428572,0.0,0.16642857142857145,0.0,0.0,2024-01-12T02:17:18Z,ls9,qd9y0yh73w3u,0.16847433116413593,0.6601590744757773,0.17136659436008678
,,1.0,,,,2024-01-13T02:11:22Z,ls8,qd9y0yh73w3u,,,
0.19357142857142856,0.6314285714285715,0.0,0.16285714285714287,0.0,0.0,2024-01-20T02:17:31Z,ls8,qd9y0yh73w3u,0.1648590021691974,0.6391901663051338,0.19595083152566883
0.17071428571428568,0.6642857142857143,0.0,0.15214285714285716,0.0,0.0,2024-01-21T02:11:29Z,ls9,qd9y0yh73w3u,0.15412445730824895,0.6729377713458755,0.1729377713458755
0.2107142857142857,0.6107142857142858,0.0,0.165,0.0,0.0,2024-01-28T02:17:17Z,ls9,qd9y0yh73w3u,0.16727009413468502,0.6191165821868212,0.2136133236784938
0.1907142857142857,0.6435714285714285,0.0,0.15357142857142855,0.0,0.0,2024-01-29T02:11:16Z,ls8,qd9y0yh73w3u,0.1554591467823572,0.6514822848879247,0.19305856832971802
0.25642857142857145,0.5692857142857143,0.0,0.15857142857142859,0.0,0.0,2024-02-05T02:17:31Z,ls8,qd9y0yh73w3u,0.16110304789550073,0.5783744557329463,0.260522496371553
0.25928571428571434,0.5828571428571429,0.0,0.14642857142857144,0.0,0.0,2024-02-06T02:11:33Z,ls9,qd9y0yh73w3u,0.14812138728323698,0.5895953757225433,0.2622832369942197
0.2664285714285714,0.5607142857142858,0.0,0.15857142857142859,0.0,0.0,2024-02-13T02:17:42Z,ls9,qd9y0yh73w3u,0.16086956521739132,0.568840579710145,0.2702898550724637
0.2057142857142857,0.6364285714285715,0.0,0.1442857142857143,0.0,0.0,2024-02-14T02:11:19Z,ls8,qd9y0yh73w3u,0.14627081824764665,0.6451846488052136,0.20854453294713976
0.17142857142857143,0.6564285714285714,0.0,0.15857142857142859,0.0,0.0,2024-02-21T02:17:05Z,ls8,qd9y0yh73w3u,0.1607530774800869,0.66545981173063,0.17378711078928313
0.1871428571428571,0.6535714285714286,0.0,0.1442857142857143,0.0,0.0,2024-02-22T02:11:20Z,ls9,qd9y0yh73w3u,0.1464829586656998,0.6635242929659174,0.18999274836838287
0.14071428571428574,0.6407142857142857,0.0,0.20785714285714282,0.0,0.0,2024-02-29T02:17:10Z,ls9,qd9y0yh73w3u,0.21010830324909743,0.6476534296028881,0.14223826714801446
0.1285714285714286,0.6778571428571428,0.0,0.18,0.0,0.0,2024-03-01T02:11:13Z,ls8,qd9y0yh73w3u,0.18247646632874728,0.6871832005792904,0.13034033309196236
0.12375,0.6625,0.4285714285714286,0.19999999999999998,0.0,0.0,2024-03-08T02:16:53Z,ls8,qd9y0yh73w3u,0.20278833967046894,0.6717363751584284,0.12547528517110265
0.20500000000000002,0.6057142857142858,0.0,0.17642857142857143,0.0,0.0,2024-03-09T02:11:25Z,ls9,qd9y0yh73w3u,0.17872648335745295,0.6136034732272069,0.20767004341534007
0.20785714285714282,0.5985714285714285,0.0,0.18142857142857144,0.0,0.0,2024-03-16T02:17:11Z,ls9,qd9y0yh73w3u,0.1836587129428778,0.6059291395516991,0.21041214750542295
,,1.0,,,,2024-03-17T02:11:03Z,ls8,qd9y0yh73w3u,,,
0.24785714285714283,0.5621428571428572,0.0,0.1764285714285714,0.0,0.0,2024-03-24T02:16:42Z,ls8,qd9y0yh73w3u,0.17885590152063718,0.5698769007965243,0.2512671976828385
0.26214285714285707,0.562142857142857,0.0,0.16285714285714284,0.0,0.0,2024-03-25T02:11:20Z,ls9,qd9y0yh73w3u,0.16497829232995662,0.5694645441389291,0.2655571635311143
0.18583333333333338,0.62,0.1428571428571429,0.1825,0.0,0.0,2024-04-01T02:17:02Z,ls9,qd9y0yh73w3u,0.18465430016863404,0.627318718381113,0.18802698145025298
0.22071428571428572,0.5942857142857143,0.0,0.17214285714285715,0.0,0.0,2024-04-02T02:10:51Z,ls8,qd9y0yh73w3u,0.17438494934876989,0.6020260492040521,0.223589001447178
0.22714285714285712,0.5735714285714286,0.0,0.1842857142857143,0.0,0.0,2024-04-09T02:17:01Z,ls8,qd9y0yh73w3u,0.18709209572153737,0.5823060188542423,0.23060188542422042
0.2392857142857143,0.5721428571428572,0.0,0.1757142857142857,0.0,0.0,2024-04-10T02:11:12Z,ls9,qd9y0yh73w3u,0.17800289435600578,0.5795947901591896,0.24240231548480462
0.22142857142857147,0.5785714285714285,0.0,0.1878571428571428,0.0,0.0,2024-04-17T02:17:16Z,ls9,qd9y0yh73w3u,0.19016630513376714,0.5856832971800434,0.22415039768618952
0.1928571428571428,0.6150000000000001,0.0,0.17714285714285713,0.0,0.0,2024-04-18T02:10:43Z,ls8,qd9y0yh73w3u,0.17984046410442348,0.6243654822335026,0.1957940536620739
0.0,0.0,0.0,0.0,0.0,1.0,2024-05-03T02:16:37Z,ls9,qd9y0yh73w3u,0.0,0.0,0.0
0.19785714285714287,0.5885714285714286,0.0,0.2,0.0,0.0,2024-05-04T02:10:34Z,ls8,qd9y0yh73w3u,0.20275162925416362,0.5966690803765388,0.2005792903692976
0.17285714285714288,0.6071428571428571,0.0,0.20642857142857146,0.0,0.0,2024-05-11T02:16:16Z,ls8,qd9y0yh73w3u,0.2092686459087618,0.6154960173787111,0.17523533671252717
0.23857142857142863,0.545,0.0,0.2035714285714286,0.0,0.0,2024-05-19T02:16:53Z,ls9,qd9y0yh73w3u,0.20622286541244572,0.5520984081041967,0.24167872648335748
,,1.0,,,,2024-05-20T02:10:21Z,ls8,qd9y0yh73w3u,,,
0.18714285714285714,0.5685714285714286,0.0,0.23,0.0,0.0,2024-05-27T02:16:28Z,ls8,qd9y0yh73w3u,0.23333333333333334,0.5768115942028985,0.1898550724637681
0.20142857142857143,0.5757142857142857,0.0,0.20857142857142857,0.0,0.0,2024-05-28T02:10:36Z,ls9,qd9y0yh73w3u,0.21159420289855074,0.5840579710144929,0.20434782608695654
,,1.0,,,,2024-06-04T02:16:47Z,ls9,qd9y0yh73w3u,,,
0.17857142857142858,0.5542857142857142,0.0,0.2542857142857143,0.0,0.0,2024-06-05T02:10:19Z,ls8,qd9y0yh73w3u,0.2575976845151954,0.56150506512301,0.18089725036179452
,,1.0,,,,2024-06-12T02:16:05Z,ls8,qd9y0yh73w3u,,,
0.16071428571428575,0.5221428571428571,0.0,0.30357142857142855,0.0,0.0,2024-06-13T02:10:30Z,ls9,qd9y0yh73w3u,0.30774800868935553,0.5293265749456915,0.16292541636495297
0.18285714285714286,0.49642857142857144,0.0,0.30785714285714283,0.0,0.0,2024-06-20T02:16:31Z,ls9,qd9y0yh73w3u,0.3118668596237337,0.5028943560057888,0.18523878437047758
,,1.0,,,,2024-06-21T02:10:28Z,ls8,qd9y0yh73w3u,,,
,,1.0,,,,2024-06-29T02:10:21Z,ls9,qd9y0yh73w3u,,,
,,1.0,,,,2024-07-06T02:16:19Z,ls9,qd9y0yh73w3u,,,
,,1.0,,,,2024-07-14T02:16:52Z,ls8,qd9y0yh73w3u,,,
0.5335714285714286,0.18357142857142855,0.0,0.27285714285714285,0.0,0.0,2024-07-15T02:10:41Z,ls9,qd9y0yh73w3u,0.2756132756132756,0.1854256854256854,0.538961038961039
0.04142857142857143,0.10071428571428573,0.0,0.06857142857142857,0.5714285714285714,0.21428571428571427,2024-07-22T02:16:52Z,ls9,qd9y0yh73w3u,0.06973365617433415,0.1024213075060533,0.04213075060532688
0.0,0.0,0.0,0.0,0.5714285714285714,0.42857142857142855,2024-07-30T02:17:02Z,ls8,qd9y0yh73w3u,0.0,0.0,0.0
0.037142857142857144,0.10071428571428573,0.0,0.07285714285714286,0.5714285714285714,0.21428571428571427,2024-07-31T02:10:43Z,ls9,qd9y0yh73w3u,0.07409200968523003,0.1024213075060533,0.037772397094431
0.028571428571428574,0.07428571428571429,0.0,0.03928571428571429,0.42857142857142855,0.42857142857142855,2024-08-08T02:10:46Z,ls8,qd9y0yh73w3u,0.03948312993539124,0.07465900933237615,0.028715003589375447
,,1.0,,,,2024-08-15T02:17:05Z,ls8,qd9y0yh73w3u,,,
0.020714285714285713,0.02642857142857143,0.0,0.022857142857142857,0.5714285714285714,0.35714285714285715,2024-08-16T02:10:50Z,ls9,qd9y0yh73w3u,0.02332361516034986,0.026967930029154527,0.021137026239067058
0.5,0.24,0.9285714285714286,0.26,0.0,0.0,2024-08-23T02:17:10Z,ls9,qd9y0yh73w3u,0.26,0.24,0.5
,,1.0,,,,2024-08-24T02:11:00Z,ls8,qd9y0yh73w3u,,,
,,1.0,,,,2024-08-31T02:16:49Z,ls8,qd9y0yh73w3u,,,
,,1.0,,,,2024-09-01T02:11:00Z,ls9,qd9y0yh73w3u,,,
0.03928571428571429,0.08857142857142859,0.0,0.08285714285714287,0.5714285714285714,0.21428571428571427,2024-09-08T02:16:46Z,ls9,qd9y0yh73w3u,0.08426150121065376,0.09007263922518162,0.03995157384987894
0.023571428571428573,0.06714285714285714,0.0,0.05071428571428571,0.6428571428571429,0.21428571428571427,2024-09-09T02:11:08Z,ls8,qd9y0yh73w3u,0.05122655122655121,0.06782106782106781,0.023809523809523805
0.06285714285714286,0.10285714285714286,0.0,0.11571428571428573,0.5,0.21428571428571427,2024-09-16T02:17:21Z,ls8,qd9y0yh73w3u,0.11747643219724438,0.10442349528643942,0.06381435823060187
0.052142857142857144,0.11642857142857142,0.0,0.11357142857142856,0.42857142857142855,0.2857142857142857,2024-09-17T02:11:04Z,ls9,qd9y0yh73w3u,0.11500904159132005,0.1179023508137432,0.05280289330922242
0.06333333333333334,0.12583333333333332,0.1428571428571429,0.13916666666666666,0.3333333333333333,0.3333333333333333,2024-09-24T02:16:47Z,ls9,qd9y0yh73w3u,0.14128595600676822,0.12774957698815567,0.0642978003384095
0.09142857142857141,0.10642857142857143,0.0,0.15285714285714286,0.35714285714285715,0.2857142857142857,2024-09-25T02:11:07Z,ls8,qd9y0yh73w3u,0.155659004946174,0.10837940064009309,0.09310445155659003
0.05285714285714286,0.3985714285714285,0.0,0.255,0.07142857142857142,0.21428571428571427,2024-10-10T02:17:20Z,ls9,qd9y0yh73w3u,0.2578361981799798,0.4030044778275314,0.05344503827820311
0.05928571428571429,0.5407142857142858,0.0,0.3178571428571428,0.0,0.07142857142857142,2024-10-11T02:11:13Z,ls8,qd9y0yh73w3u,0.3215675375208449,0.5470261256253476,0.05997776542523625
0.029285714285714293,0.45285714285714285,0.0,0.22357142857142856,0.0,0.2857142857142857,2024-10-18T02:17:06Z,ls8,qd9y0yh73w3u,0.22628687102371314,0.45835743204164264,0.029641411220358602
,,1.0,,,,2024-10-19T02:11:21Z,ls9,qd9y0yh73w3u,,,
,,1.0,,,,2024-10-26T02:17:11Z,ls9,qd9y0yh73w3u,,,
0.029285714285714297,0.7428571428571429,0.0,0.21857142857142856,0.0,0.0,2024-10-27T02:11:16Z,ls8,qd9y0yh73w3u,0.220620043258832,0.7498197548666187,0.0295602018745494
0.026428571428571437,0.765,0.0,0.19857142857142857,0.0,0.0,2024-11-03T02:17:22Z,ls8,qd9y0yh73w3u,0.20057720057720058,0.7727272727272727,0.026695526695526703
,,1.0,,,,2024-11-04T02:11:20Z,ls9,qd9y0yh73w3u,,,
0.032142857142857154,0.7707142857142858,0.0,0.1878571428571428,0.0,0.0,2024-11-11T02:17:28Z,ls9,qd9y0yh73w3u,0.18961788031723137,0.7779379956741168,0.03244412400865178
0.027857142857142865,0.7700000000000001,0.0,0.19285714285714287,0.0,0.0,2024-11-12T02:11:14Z,ls8,qd9y0yh73w3u,0.1946647440519106,0.7772170151405912,0.0281182408074982
0.024285714285714292,0.7657142857142858,0.0,0.20142857142857143,0.0,0.0,2024-11-20T02:11:26Z,ls9,qd9y0yh73w3u,0.20317002881844382,0.7723342939481269,0.0244956772334294
,,1.0,,,,2024-11-27T02:17:41Z,ls9,qd9y0yh73w3u,,,
0.03357142857142858,0.7857142857142857,0.0,0.16999999999999998,0.0,0.0,2024-11-28T02:11:26Z,ls8,qd9y0yh73w3u,0.171841155234657,0.7942238267148014,0.03393501805054152
0.03142857142857144,0.8085714285714285,0.0,0.15142857142857144,0.0,0.0,2024-12-05T02:17:09Z,ls8,qd9y0yh73w3u,0.1527377521613833,0.8155619596541785,0.03170028818443805
0.03285714285714286,0.8150000000000001,0.0,0.14142857142857143,0.0,0.0,2024-12-06T02:11:24Z,ls9,qd9y0yh73w3u,0.14296028880866427,0.8238267148014441,0.033212996389891704
0.03714285714285715,0.8214285714285715,0.0,0.13071428571428573,0.0,0.0,2024-12-14T02:11:14Z,ls8,qd9y0yh73w3u,0.13212996389891699,0.8303249097472925,0.03754512635379062
0.034285714285714294,0.8242857142857142,0.0,0.13,0.0,0.0,2024-12-21T02:17:04Z,ls8,qd9y0yh73w3u,0.13150289017341044,0.8338150289017341,0.0346820809248555
0.040000000000000015,0.8135714285714286,0.0,0.1342857142857143,0.0,0.0,2024-12-22T02:11:25Z,ls9,qd9y0yh73w3u,0.1359363702096891,0.8235719450469992,0.04049168474331165
,,1.0,,,,2024-12-29T02:17:35Z,ls9,qd9y0yh73w3u,,,
0.038571428571428576,0.8142857142857143,0.0,0.13428571428571429,0.0,0.0,2024-12-30T02:11:17Z,ls8,qd9y0yh73w3u,0.13603473227206944,0.8248914616497829,0.039073806078147616
0.03642857142857143,0.8192857142857143,0.0,0.13071428571428573,0.0,0.0,2025-01-06T02:17:05Z,ls8,qd9y0yh73w3u,0.1325126719768284,0.8305575669804489,0.036929761042722664
0.030000000000000006,0.8371428571428571,0.0,0.11928571428571431,0.0,0.0,2025-01-07T02:11:21Z,ls9,qd9y0yh73w3u,0.1209268645908762,0.8486603910209992,0.030412744388124552
0.0375,0.7587499999999999,0.4285714285714286,0.19125,0.0,0.0,2025-01-14T02:17:12Z,ls9,qd9y0yh73w3u,0.19367088607594937,0.7683544303797468,0.0379746835443038
0.03714285714285715,0.8292857142857143,0.0,0.11928571428571431,0.0,0.0,2025-01-15T02:11:20Z,ls8,qd9y0yh73w3u,0.1210144927536232,0.8413043478260869,0.037681159420289864
,,1.0,,,,2025-01-22T02:17:02Z,ls8,qd9y0yh73w3u,,,
0.03214285714285715,0.8250000000000001,0.0,0.13000000000000003,0.0,0.0,2025-01-30T02:17:07Z,ls9,qd9y0yh73w3u,0.1316931982633864,0.8357452966714906,0.03256150506512301
0.023571428571428577,0.8457142857142858,0.0,0.11785714285714288,0.0,0.0,2025-01-31T02:11:18Z,ls8,qd9y0yh73w3u,0.11939218523878439,0.8567293777134587,0.023878437047756877
0.02285714285714286,0.8378571428571427,0.0,0.12714285714285717,0.0,0.0,2025-02-07T02:17:29Z,ls8,qd9y0yh73w3u,0.12870571221981203,0.8481561822125813,0.02313810556760666
0.030714285714285722,0.8421428571428572,0.0,0.11642857142857144,0.0,0.0,2025-02-08T02:11:22Z,ls9,qd9y0yh73w3u,0.11768953068592058,0.8512635379061372,0.031046931407942246
0.03500000000000001,0.8350000000000001,0.0,0.11785714285714287,0.0,0.0,2025-02-15T02:17:36Z,ls9,qd9y0yh73w3u,0.11930585683297179,0.8452639190166304,0.03543022415039769
0.029285714285714297,0.8435714285714287,0.0,0.11500000000000002,0.0,0.0,2025-02-16T02:11:14Z,ls8,qd9y0yh73w3u,0.11641359363702097,0.8539407086044831,0.029645697758496032
0.044285714285714296,0.8150000000000001,0.0,0.1292857142857143,0.0,0.0,2025-02-23T02:16:56Z,ls8,qd9y0yh73w3u,0.13078034682080927,0.8244219653179191,0.04479768786127168
0.02142857142857143,0.8492857142857143,0.0,0.11928571428571431,0.0,0.0,2025-02-24T02:11:22Z,ls9,qd9y0yh73w3u,0.12049062049062051,0.8578643578643578,0.021645021645021644
0.026428571428571437,0.8157142857142858,0.0,0.1457142857142857,0.0,0.0,2025-03-03T02:17:29Z,ls9,qd9y0yh73w3u,0.1475054229934924,0.8257411424439625,0.026753434562545197
,,1.0,,,,2025-03-04T02:11:06Z,ls8,qd9y0yh73w3u,,,
0.034285714285714294,0.8164285714285713,0.0,0.13500000000000004,0.0,0.0,2025-03-11T02:16:51Z,ls8,qd9y0yh73w3u,0.1369565217391305,0.8282608695652174,0.03478260869565219
,,1.0,,,,2025-03-12T02:11:17Z,ls9,qd9y0yh73w3u,,,
0.047142857142857146,0.7878571428571428,0.0,0.15,0.0,0.0,2025-03-19T02:16:56Z,ls9,qd9y0yh73w3u,0.15228426395939085,0.7998549673676577,0.047860768672951415
0.038571428571428576,0.8064285714285715,0.0,0.1435714285714286,0.0,0.0,2025-03-20T02:10:55Z,ls8,qd9y0yh73w3u,0.1452312138728324,0.8157514450867052,0.03901734104046243
0.042142857142857156,0.8114285714285714,0.0,0.13285714285714287,0.0,0.0,2025-03-27T02:17:05Z,ls8,qd9y0yh73w3u,0.13468501086169443,0.8225923244026068,0.04272266473569878
0.038571428571428576,0.8235714285714286,0.0,0.1242857142857143,0.0,0.0,2025-03-28T02:11:06Z,ls9,qd9y0yh73w3u,0.12599565532223028,0.8349022447501809,0.0391020999275887
0.02,0.826,0.6428571428571428,0.144,0.0,0.0,2025-04-04T02:16:50Z,ls9,qd9y0yh73w3u,0.14545454545454545,0.8343434343434343,0.020202020202020204
0.026428571428571437,0.8092857142857142,0.0,0.15142857142857144,0.0,0.0,2025-04-12T02:16:36Z,ls8,qd9y0yh73w3u,0.15340086830680175,0.8198263386396526,0.026772793053545595
,,1.0,,,,2025-04-13T02:11:07Z,ls9,qd9y0yh73w3u,,,
0.06357142857142857,0.7542857142857143,0.0,0.16785714285714287,0.0,0.0,2025-04-20T02:17:14Z,ls9,qd9y0yh73w3u,0.17028985507246377,0.7652173913043478,0.0644927536231884
0.91,0.06,0.9285714285714286,0.02,0.0,0.0,2025-04-21T02:10:41Z,ls8,qd9y0yh73w3u,0.020202020202020204,0.06060606060606061,0.9191919191919192
0.05230769230769232,0.7715384615384615,0.0714285714285714,0.16384615384615384,0.0,0.0,2025-04-28T02:16:50Z,ls8,qd9y0yh73w3u,0.1658878504672897,0.7811526479750779,0.05295950155763241
0.06285714285714286,0.765,0.0,0.1578571428571429,0.0,0.0,2025-04-29T02:10:58Z,ls9,qd9y0yh73w3u,0.1601449275362319,0.7760869565217391,0.06376811594202898
0.03285714285714287,0.7578571428571428,0.0,0.19642857142857145,0.0,0.0,2025-05-06T02:16:42Z,ls9,qd9y0yh73w3u,0.19898697539797397,0.7677279305354558,0.0332850940665702
0.06285714285714286,0.747857142857143,0.0,0.17785714285714288,0.0,0.0,2025-05-07T02:10:37Z,ls8,qd9y0yh73w3u,0.17991329479768786,0.7565028901734104,0.06358381502890173
0.06999999999999999,0.7307142857142858,0.0,0.18785714285714286,0.0,0.0,2025-05-14T02:16:25Z,ls8,qd9y0yh73w3u,0.19002890173410406,0.7391618497109828,0.07080924855491329
0.07785714285714286,0.7442857142857141,0.0,0.16571428571428573,0.0,0.0,2025-05-15T02:10:47Z,ls9,qd9y0yh73w3u,0.16775126536514828,0.7534345625451916,0.07881417208966018
0.095,0.7142857142857143,0.0,0.17714285714285719,0.0,0.0,2025-05-22T02:16:31Z,ls9,qd9y0yh73w3u,0.17958001448225927,0.724112961622013,0.09630702389572773
0.03857142857142858,0.7185714285714285,0.0,0.2278571428571429,0.0,0.0,2025-05-23T02:10:42Z,ls8,qd9y0yh73w3u,0.23132704858593187,0.7295141406816533,0.039158810732414805
,,1.0,,,,2025-05-30T02:16:30Z,ls8,qd9y0yh73w3u,,,
,,1.0,,,,2025-05-31T02:10:41Z,ls9,qd9y0yh73w3u,,,
0.08357142857142859,0.6885714285714286,0.0,0.21500000000000002,0.0,0.0,2025-06-07T02:16:27Z,ls9,qd9y0yh73w3u,0.21780028943560056,0.6975397973950795,0.08465991316931983
0.095,0.682857142857143,0.0,0.2092857142857143,0.0,0.0,2025-06-08T02:10:46Z,ls8,qd9y0yh73w3u,0.21201157742402313,0.6917510853835023,0.09623733719247465
0.03571428571428572,0.7699999999999999,0.0,0.18785714285714286,0.0,0.0,2025-06-15T02:17:03Z,ls8,qd9y0yh73w3u,0.1890726096333573,0.7749820273184759,0.0359453630481668
0.06142857142857144,0.7171428571428571,0.0,0.21,0.0,0.0,2025-06-16T02:10:50Z,ls9,qd9y0yh73w3u,0.2124277456647399,0.7254335260115607,0.06213872832369944
0.15,0.6071428571428571,0.0,0.23,0.0,0.0,2025-06-24T02:10:58Z,ls8,qd9y0yh73w3u,0.23299565846599135,0.6150506512301013,0.15195369030390737
,,1.0,,,,2025-07-02T02:10:57Z,ls9,qd9y0yh73w3u,,,
0.14357142857142854,0.5078571428571428,0.0,0.33571428571428574,0.0,0.0,2025-07-09T02:17:08Z,ls9,qd9y0yh73w3u,0.3400868306801737,0.5144717800289436,0.14544138929088277
0.13999999999999999,0.5078571428571428,0.0,0.33642857142857135,0.0,0.0,2025-07-10T02:11:00Z,ls8,qd9y0yh73w3u,0.341799709724238,0.5159651669085632,0.14223512336719885
0.21,0.18285714285714283,0.0,0.23785714285714285,0.14285714285714285,0.21428571428571427,2025-07-17T02:16:51Z,ls8,qd9y0yh73w3u,0.24243649894839026,0.18637760880116486,0.2140430351075878
,,1.0,,,,2025-07-18T02:11:03Z,ls9,qd9y0yh73w3u,,,
0.011428571428571429,0.03428571428571429,0.0,0.024999999999999998,0.7142857142857143,0.21428571428571427,2025-07-25T02:16:53Z,ls9,qd9y0yh73w3u,0.02525252525252525,0.03463203463203463,0.011544011544011542
0.03071428571428572,0.06428571428571428,0.0,0.04642857142857143,0.6428571428571429,0.21428571428571427,2025-07-26T02:11:07Z,ls8,qd9y0yh73w3u,0.04689754689754689,0.06493506493506492,0.031024531024531017
0.15,0.22166666666666668,0.5714285714285714,0.12333333333333334,0.0,0.5,2025-08-02T02:16:56Z,ls8,qd9y0yh73w3u,0.12457912457912458,0.2239057239057239,0.15151515151515152
0.08714285714285715,0.12,0.0,0.07642857142857143,0.42857142857142855,0.2857142857142857,2025-08-03T02:11:10Z,ls9,qd9y0yh73w3u,0.0770061173083843,0.12090680100755666,0.08780136739834472
0.0,0.0,0.0,0.0,0.5714285714285714,0.42857142857142855,2025-08-10T02:17:27Z,ls9,qd9y0yh73w3u,0.0,0.0,0.0
0.03,0.05928571428571429,0.0,0.05142857142857143,0.6428571428571429,0.21428571428571427,2025-08-11T02:11:15Z,ls8,qd9y0yh73w3u,0.05221174764321971,0.06018854242204495,0.030456852791878167
0.030714285714285715,0.017142857142857144,0.0,0.022857142857142857,0.7857142857142857,0.14285714285714285,2025-08-18T02:17:04Z,ls8,qd9y0yh73w3u,0.023088023088023095,0.017316017316017323,0.031024531024531038
,,1.0,,,,2025-08-19T02:11:20Z,ls9,qd9y0yh73w3u,,,
,,1.0,,,,2025-08-26T02:17:08Z,ls9,qd9y0yh73w3u,,,
0.14785714285714285,0.012857142857142857,0.0,0.05071428571428571,0.14285714285714285,0.6428571428571429,2025-08-27T02:11:17Z,ls8,qd9y0yh73w3u,0.05139961389961391,0.013030888030888033,0.14985521235521237
0.022857142857142857,0.06142857142857144,0.0,0.05714285714285715,0.6428571428571429,0.21428571428571427,2025-09-03T02:17:08Z,ls8,qd9y0yh73w3u,0.05772005772005771,0.062049062049062034,0.02308802308802308
0.02642857142857143,0.06214285714285715,0.0,0.052142857142857144,0.6428571428571429,0.21428571428571427,2025-09-04T02:11:25Z,ls9,qd9y0yh73w3u,0.05293691080493109,0.06308919506889048,0.026831036983321236
0.021428571428571432,0.05714285714285715,0.0,0.062142857142857146,0.6428571428571429,0.21428571428571427,2025-09-11T02:17:38Z,ls9,qd9y0yh73w3u,0.06308919506889048,0.05801305293691079,0.02175489485134155
0.06785714285714285,0.1142857142857143,0.0,0.1,0.5,0.21428571428571427,2025-09-12T02:11:23Z,ls8,qd9y0yh73w3u,0.10126582278481013,0.11573236889692587,0.06871609403254972
,,1.0,,,,2025-09-19T02:17:14Z,ls8,qd9y0yh73w3u,,,
0.017857142857142856,0.06999999999999999,0.0,0.05285714285714286,0.6428571428571429,0.21428571428571427,2025-09-20T02:11:28Z,ls9,qd9y0yh73w3u,0.053662073966642486,0.07106598984771571,0.018129079042784622
0.017142857142857144,0.06928571428571428,0.0,0.055,0.5714285714285714,0.2857142857142857,2025-09-27T02:17:42Z,ls9,qd9y0yh73w3u,0.05555555555555557,0.06998556998557001,0.017316017316017323
0.030714285714285715,0.05357142857142857,0.0,0.05714285714285715,0.5714285714285714,0.2857142857142857,2025-09-28T02:11:28Z,ls8,qd9y0yh73w3u,0.05772005772005775,0.05411255411255413,0.031024531024531038
0.05928571428571428,0.052857142857142866,0.0,0.09857142857142856,0.5,0.2857142857142857,2025-10-06T02:11:32Z,ls9,qd9y0yh73w3u,0.10024213075060534,0.05375302663438259,0.0602905569007264
0.045,0.07071428571428572,0.0,0.09642857142857143,0.5,0.2857142857142857,2025-10-13T02:17:47Z,ls9,qd9y0yh73w3u,0.09740259740259742,0.07142857142857144,0.045454545454545456
0.062142857142857146,0.09571428571428572,0.0,0.12357142857142857,0.2857142857142857,0.42857142857142855,2025-10-14T02:11:31Z,ls8,qd9y0yh73w3u,0.12545322697606962,0.0971718636693256,0.0630891950688905
0.042857142857142864,0.3028571428571429,0.0,0.21857142857142856,0.14285714285714285,0.2857142857142857,2025-10-21T02:17:15Z,ls8,qd9y0yh73w3u,0.2213381555153707,0.3066907775768536,0.04339963833634721
0.025,0.7192857142857143,0.0,0.2464285714285714,0.0,0.0,2025-10-30T02:11:31Z,ls8,qd9y0yh73w3u,0.24873828406633017,0.726027397260274,0.025234318673395817
,,1.0,,,,2025-11-06T02:17:43Z,ls8,qd9y0yh73w3u,,,
0.03000000000000001,0.6885714285714286,0.0,0.20142857142857146,0.0,0.07142857142857142,2025-11-07T02:11:36Z,ls9,qd9y0yh73w3u,0.2033052351375333,0.6949866903283052,0.030279503105590067
0.03714285714285715,0.737857142857143,0.0,0.21428571428571433,0.0,0.0,2025-11-14T02:17:24Z,ls9,qd9y0yh73w3u,0.21660649819494587,0.7458483754512636,0.03754512635379061
0.030714285714285725,0.7507142857142856,0.0,0.2085714285714286,0.0,0.0,2025-11-15T02:11:31Z,ls8,qd9y0yh73w3u,0.21067821067821074,0.7582972582972582,0.031024531024531038
,,1.0,,,,2025-11-22T02:17:20Z,ls8,qd9y0yh73w3u,,,
,,1.0,,,,2025-11-23T02:11:34Z,ls9,qd9y0yh73w3u,,,
0.03000000000000001,0.7778571428571429,0.0,0.18000000000000002,0.0,0.0,2025-11-30T02:17:47Z,ls9,qd9y0yh73w3u,0.1822125813449024,0.7874186550976139,0.030368763557483736
0.03571428571428572,0.777142857142857,0.0,0.17642857142857143,0.0,0.0,2025-12-01T02:11:30Z,ls8,qd9y0yh73w3u,0.17833935018050542,0.7855595667870036,0.03610108303249098
0.03785714285714286,0.7607142857142858,0.0,0.19,0.0,0.0,2025-12-08T02:17:41Z,ls8,qd9y0yh73w3u,0.1921965317919075,0.7695086705202312,0.03829479768786127
0.023571428571428577,0.8057142857142858,0.0,0.1578571428571429,0.0,0.0,2025-12-09T02:11:34Z,ls9,qd9y0yh73w3u,0.15991316931982635,0.8162083936324167,0.023878437047756874
0.034285714285714294,0.7664285714285715,0.0,0.1878571428571428,0.0,0.0,2025-12-16T02:17:23Z,ls9,qd9y0yh73w3u,0.190028901734104,0.7752890173410405,0.0346820809248555
0.03214285714285715,0.7814285714285714,0.0,0.17071428571428574,0.0,0.0,2025-12-17T02:11:30Z,ls8,qd9y0yh73w3u,0.17343976777939046,0.7939042089985486,0.032656023222060966
0.05642857142857143,0.7578571428571428,0.0,0.17285714285714288,0.0,0.0,2025-12-24T02:17:17Z,ls8,qd9y0yh73w3u,0.1751085383502171,0.767727930535456,0.05716353111432707
0.051428571428571435,0.7728571428571429,0.0,0.16071428571428573,0.0,0.0,2025-12-25T02:11:40Z,ls9,qd9y0yh73w3u,0.16316171138506164,0.7846265409717186,0.05221174764321972
0.057142857142857155,0.7635714285714286,0.0,0.16571428571428573,0.0,0.0,2026-01-01T02:17:49Z,ls9,qd9y0yh73w3u,0.16799420709630705,0.7740767559739319,0.057929036929761056
0.052857142857142866,0.7707142857142859,0.0,0.16428571428571428,0.0,0.0,2026-01-02T02:11:26Z,ls8,qd9y0yh73w3u,0.1663051337671728,0.7801879971077369,0.05350686912509039
0.04714285714285715,0.7742857142857144,0.0,0.165,0.0,0.0,2026-01-09T02:17:07Z,ls8,qd9y0yh73w3u,0.167270094134685,0.7849384503982622,0.047791455467052865
0.04214285714285715,0.7928571428571429,0.0,0.14857142857142858,0.0,0.0,2026-01-10T02:11:32Z,ls9,qd9y0yh73w3u,0.15105301379811184,0.8061002178649238,0.042846768336964415
0.025000000000000005,0.8042857142857143,0.0,0.16142857142857142,0.0,0.0,2026-02-11T02:11:28Z,ls9,qd9y0yh73w3u,0.16294160057678442,0.8118240807498197,0.02523431867339582
0.0692857142857143,0.7485714285714286,0.0,0.16785714285714287,0.0,0.0,2026-02-18T02:17:34Z,ls9,qd9y0yh73w3u,0.1702898550724638,0.7594202898550725,0.07028985507246378
0.07,0.7585714285714286,0.0,0.15928571428571428,0.0,0.0,2026-02-19T02:11:16Z,ls8,qd9y0yh73w3u,0.16124367317425886,0.7678958785249458,0.07086044830079538
0.04857142857142858,0.765,0.0,0.1742857142857143,0.0,0.0,2026-02-26T02:17:25Z,ls8,qd9y0yh73w3u,0.17642805495300073,0.7744034707158352,0.04916847433116414
0.06857142857142859,0.7614285714285715,0.0,0.1578571428571429,0.0,0.0,2026-02-27T02:11:23Z,ls9,qd9y0yh73w3u,0.15979754157628345,0.7707881417208965,0.06941431670281996
,,1.0,,,,2026-03-06T02:17:32Z,ls9,qd9y0yh73w3u,,,
0.03714285714285715,0.7964285714285714,0.0,0.15285714285714286,0.0,0.0,2026-03-07T02:11:08Z,ls8,qd9y0yh73w3u,0.1549601737871108,0.8073859522085445,0.03765387400434469
0.07928571428571429,0.7414285714285714,0.0,0.16642857142857143,0.0,0.0,2026-03-14T02:17:14Z,ls8,qd9y0yh73w3u,0.16859623733719245,0.7510853835021707,0.08031837916063676
0.0642857142857143,0.7742857142857141,0.0,0.14928571428571427,0.0,0.0,2026-03-15T02:11:13Z,ls9,qd9y0yh73w3u,0.15112075198843097,0.7838033261026753,0.06507592190889373
