bare_soil,dry_vegetation,pc_missing,green_vegetation,water,wetness,date,ard_product,nwi_id,norm_pv,norm_npv,norm_bs
0.06164281024294157,0.19386474064346684,0.0,0.1759146421536441,0.5353906762967827,0.027708470124753776,1986-08-16T01:32:51Z,ls5,qdd0msz7qcm2,0.17814859447145265,0.1963266425147367,0.0624256165922742
0.16622326775021384,0.2607071571143428,0.07892317793827974,0.16405189620758484,0.3979184488166524,0.005275163957798689,1987-05-31T01:35:27Z,ls5,qdd0msz7qcm2,0.16566860970651245,0.26327639764077027,0.1678613798782662
0.07256180520988884,0.19710469553675125,0.20853578463558764,0.19329019412643106,0.491455118632819,0.039820806371329016,1987-09-04T01:37:49Z,ls5,qdd0msz7qcm2,0.19569814725871892,0.1995601686203776,0.07346575911675556
0.0893617859487853,0.1880275771503611,0.0,0.1887091267235719,0.5222586999343402,0.005909389363099146,1987-10-22T01:38:48Z,ls5,qdd0msz7qcm2,0.19103041475817867,0.19034048152649435,0.09046101441788772
0.08250032899065668,0.21409659165679695,0.002101116217990806,0.17604290038162917,0.5148045795499407,0.006711409395973154,1987-11-07T01:39:08Z,ls5,qdd0msz7qcm2,0.17821967033753955,0.21674389539566424,0.08352044532088232
0.0,0.8782177033492824,0.8902166776099802,0.10442583732057416,0.0,0.0,1987-11-23T01:39:27Z,ls5,qdd0msz7qcm2,0.10627031369827994,0.89372968630172,0.0
0.1005475275089487,0.2142158292456582,0.009455022980958683,0.1711520615139865,0.5015245923372663,0.006496089089221795,1987-12-09T01:39:40Z,ls5,qdd0msz7qcm2,0.17328792507991353,0.21688909990850244,0.10180229358509592
0.06159747592162072,0.281537695117901,0.20919238345370983,0.17683992029226173,0.4644636333444038,0.009465293922284955,1987-12-25T01:39:56Z,ls5,qdd0msz7qcm2,0.17891312126500108,0.2848383312096645,0.062319620258645625
0.043984962406015043,0.07890977443609021,0.9650689428759028,0.03402255639097745,0.8308270676691729,0.011278195488721804,1988-01-10T01:40:12Z,ls5,qdd0msz7qcm2,0.03423448415000127,0.07940130633243385,0.04425894635967015
0.14706875425459498,0.23779986385296117,0.035456336178594894,0.16271885636487407,0.4447923757658271,0.0010891763104152485,1988-01-26T01:40:30Z,ls5,qdd0msz7qcm2,0.16465957374883763,0.24063605837886634,0.1488228157960536
0.12194425374159001,0.2755499107510641,0.04359816152330931,0.165648771110806,0.42963064671151996,0.00041191816559110257,1988-02-11T01:40:48Z,ls5,qdd0msz7qcm2,0.16765325949157378,0.27888429464487896,0.1234198809864363
0.13422192513368983,0.29192914438502676,0.017728168089297447,0.15704545454545454,0.40815508021390373,0.0017379679144385028,1988-02-27T01:41:00Z,ls5,qdd0msz7qcm2,0.15890632173404373,0.29538827898877157,0.13581235114884244
0.16039703620858384,0.2596910387250105,0.060669730794484567,0.1595568293023906,0.4124143715923389,0.0009786103732699566,1988-03-14T01:41:09Z,ls5,qdd0msz7qcm2,0.16147326606358373,0.2628101872775418,0.1623235646932656
0.11562693978895097,0.29892302917442587,0.15377544320420222,0.16831005586592182,0.4099937926753569,0.00015518311607697082,1988-03-30T01:41:16Z,ls5,qdd0msz7qcm2,0.17032881756848967,0.30250840237276655,0.11701380426730988
0.11727272727272728,0.3115909090909091,0.9768877216021011,0.5593749999999998,0.0,0.0,1988-05-17T01:41:38Z,ls5,qdd0msz7qcm2,0.5660323118495946,0.3152992583223136,0.11866842982809178
0.21249259415996616,0.05595429538721963,0.6896913985554827,0.07529411764705883,0.3410918324164198,0.3152771900126957,1988-06-02T01:41:44Z,ls5,qdd0msz7qcm2,0.07527001641027721,0.0559363847221608,0.21242457643844645
0.041193696651346035,0.23838214051214704,0.0,0.23523046618516086,0.4476690741956664,0.03204202232435981,1988-07-20T01:41:56Z,ls5,qdd0msz7qcm2,0.2377356308974192,0.24092087002337273,0.04163240255918195
0.07056586021505376,0.22399193548387097,0.022980958634274407,0.22138978494623657,0.4682795698924731,0.009408602150537635,1988-08-05T01:41:58Z,ls5,qdd0msz7qcm2,0.22412064249178104,0.22675489072729282,0.07143629473791539
0.04655131578947368,0.1860407894736842,0.001969796454366346,0.20555657894736842,0.5222368421052631,0.03381578947368421,1988-08-21T01:41:59Z,ls5,qdd0msz7qcm2,0.20827702004799534,0.1885029486157999,0.04716739975725742
0.0,0.0,0.9996060407091267,0.0,0.3333333333333333,0.6666666666666666,1988-09-06T01:42:02Z,ls5,qdd0msz7qcm2,0.0,0.0,0.0
,,1.0,,,,1988-09-22T01:41:57Z,ls5,qdd0msz7qcm2,,,
0.029793233082706767,0.1036654135338346,0.9301378857518057,0.07533834586466165,0.5789473684210527,0.21052631578947367,1988-10-08T01:41:52Z,ls5,qdd0msz7qcm2,0.07596232208176183,0.10452400356310294,0.030039990144608914
0.05234537097833225,0.188231122783979,0.0,0.18971109652002627,0.5536441234405778,0.010636900853578464,1988-10-24T01:41:47Z,ls5,qdd0msz7qcm2,0.19210576024630324,0.1906071052655288,0.05300611019401166
0.049904136572554166,0.20481680892974394,0.0,0.1832816808929744,0.5485226526592252,0.008010505581089953,1988-11-09T01:41:50Z,ls5,qdd0msz7qcm2,0.18556817534848236,0.20737196062701674,0.05052670578418579
0.058454366382140514,0.21533552199606043,0.0,0.1847774130006566,0.5276428102429416,0.008141825344714379,1988-11-25T01:41:50Z,ls5,qdd0msz7qcm2,0.1870532719043643,0.21798775777023233,0.059174334737747455
0.06675917401025912,0.22036432986978827,0.0015758371634930768,0.1777732474023412,0.5230829935551756,0.006181770353807708,1988-12-11T01:41:39Z,ls5,qdd0msz7qcm2,0.18000584292269278,0.22313181273293858,0.06759758043538533
0.05647314375987362,0.24334781463928382,0.0024950755088640753,0.186602159031069,0.49881516587677727,0.008820431806213797,1989-01-12T01:41:26Z,ls5,qdd0msz7qcm2,0.18888136112399032,0.24632012134416678,0.057162919848851884
0.060184431787361006,0.2540344453485218,0.03164806303348655,0.17862082994304312,0.49403308923243827,0.007051803634391104,1989-01-28T01:41:13Z,ls5,qdd0msz7qcm2,0.18082274870960752,0.25716601299796704,0.060926345425596044
0.06552899633301644,0.2809493413011001,0.03309258043335517,0.1779234007877224,0.46597854135542577,0.003395355154149124,1989-02-13T01:41:14Z,ls5,qdd0msz7qcm2,0.18003525534426906,0.2842840580610017,0.0663067900851543
0.10885509083227715,0.25557808759329675,0.06749835850295471,0.1738459371919448,0.45275313336149836,0.0022532037741163215,1989-03-17T01:40:22Z,ls5,qdd0msz7qcm2,0.17601450871010965,0.2587661940878991,0.11021296006637658
,,1.0,,,,1989-06-05T01:39:27Z,ls5,qdd0msz7qcm2,,,
0.05928835978835979,0.2792619047619048,0.007222586999343417,0.2199973544973545,0.42777777777777776,0.007804232804232804,1989-06-21T01:39:02Z,ls5,qdd0msz7qcm2,0.22230954043702997,0.2821969648272986,0.059911484153660814
0.327,0.346,0.9986868023637557,0.316,0.0,0.0,1989-07-23T01:38:27Z,ls5,qdd0msz7qcm2,0.3195146612740142,0.34984833164812945,0.3306370070778565
0.052349652256920766,0.25041183690167734,0.03703217334208797,0.21648984044729305,0.4605209327696714,0.014046093004227465,1989-08-08T01:38:07Z,ls5,qdd0msz7qcm2,0.2190671342956244,0.25339296934402483,0.05297287058645202
,,1.0,,,,1989-09-09T01:37:22Z,ls5,qdd0msz7qcm2,,,
0.07438425671969283,0.24609434997257268,0.04241628365068939,0.21726961053208996,0.451865057597367,0.0039769610532089964,1989-09-25T01:36:58Z,ls5,qdd0msz7qcm2,0.21985938565444085,0.2490277055566752,0.07527089013830786
0.09861635220125788,0.33446540880503145,0.9791201575837164,0.22163522012578613,0.0,0.33962264150943394,1989-10-11T01:36:37Z,ls5,qdd0msz7qcm2,0.2235513747666431,0.3373570405814439,0.09946894314247914
0.027023968042609852,0.20209720372836215,0.8027577150361129,0.07174434087882824,0.6418109187749668,0.05392809587217044,1989-11-12T01:35:35Z,ls5,qdd0msz7qcm2,0.07255402474358154,0.20437800863877292,0.0273289519705083
0.13838902812587023,0.32326371484266225,0.056861457649376224,0.16364522417153998,0.36716791979949875,0.0004177109440267335,1989-12-14T01:34:45Z,ls5,qdd0msz7qcm2,0.1655076406207087,0.3269427202214642,0.13996400841430148
,,1.0,,,,1990-01-15T01:33:44Z,ls5,qdd0msz7qcm2,,,
0.09893326506229734,0.34657450076804913,0.23059750492449116,0.17013824884792628,0.3758320532514081,0.00136542072025943,1990-01-31T01:33:14Z,ls5,qdd0msz7qcm2,0.17211600275184094,0.3506032190399995,0.10008330423649194
0.12851066816395285,0.3665328467153285,0.06447800393959291,0.16186131386861313,0.3336608646827625,0.002386299831555306,1990-02-16T01:32:42Z,ls5,qdd0msz7qcm2,0.1635979423432547,0.37046541938067806,0.1298894737617493
0.32405106499180775,0.49262151829601314,0.03821405121470778,0.1754833424358274,0.0,0.0,1990-04-05T01:31:16Z,ls5,qdd0msz7qcm2,0.17687072957593353,0.4965162284715581,0.3266130419525084
0.17839921208141826,0.6140787918581747,0.0,0.1931818778726198,0.002101116217990808,0.005646749835850296,1990-04-21T01:31:29Z,ls5,qdd0msz7qcm2,0.1944739094041295,0.618185849780219,0.17959237476181036
0.29648926380368096,0.48866257668711655,0.14379514116874592,0.20584049079754604,0.0,0.0,1990-05-07T01:31:25Z,ls5,qdd0msz7qcm2,0.2077114870605934,0.4931042968332851,0.29918421610612156
0.2672370321733421,0.5309927774130007,0.0,0.19421667760998032,0.0,0.0,1990-05-23T01:31:27Z,ls5,qdd0msz7qcm2,0.19569486125004634,0.5350341648274293,0.26927097392252447
0.05252085897961976,0.21314184106141432,0.039921208141825315,0.1453836684448092,0.42251401996990834,0.16263165093694434,1990-06-08T01:31:25Z,ls5,qdd0msz7qcm2,0.1467305123165177,0.21511640110319238,0.05300741567343725
0.09502189141856393,0.5129845300642148,0.10019697964543661,0.2243213660245184,0.1342673671920607,0.028458844133099823,1990-06-24T01:31:24Z,ls5,qdd0msz7qcm2,0.22565436698269226,0.5160328748662397,0.09558654682590748
0.022172383465259453,0.13542656112576956,0.5520682862770847,0.06907944884198182,0.22075637642919965,0.5502785107006742,1990-07-10T01:31:22Z,ls5,qdd0msz7qcm2,0.06977631860526101,0.1367927369881351,0.02239605727673
0.05736364831121041,0.3083256669733211,0.0007879185817465384,0.19988566171638847,0.3997897226968064,0.029570245761598106,1990-07-26T01:31:18Z,ls5,qdd0msz7qcm2,0.20167575466544568,0.31108690356089297,0.05787737331525694
,,1.0,,,,1990-08-11T01:31:13Z,ls5,qdd0msz7qcm2,,,
0.041426132632961264,0.3699290873276428,0.0,0.19670650032829942,0.36874589625738674,0.01746552856204859,1990-08-27T01:31:08Z,ls5,qdd0msz7qcm2,0.19855912407690746,0.3734131583234679,0.04181629278018934
0.06295391061452514,0.34633659217877094,0.05975049244911357,0.19983938547486033,0.3797486033519553,0.005027932960893855,1990-09-12T01:31:05Z,ls5,qdd0msz7qcm2,0.20183852620088638,0.34980125248430793,0.06358368500195656
0.0865952980688497,0.33002378953260564,0.061588969139855565,0.1990246291631682,0.37405541561712846,0.004058214385670305,1990-09-28T01:30:56Z,ls5,qdd0msz7qcm2,0.20104274729021968,0.3333702446663968,0.08747337804058475
0.11354575163398695,0.2912091503267974,0.9196323046618516,0.14565359477124185,0.04411764705882353,0.40032679738562094,1990-10-30T01:30:41Z,ls5,qdd0msz7qcm2,0.14701565154288918,0.29393234707172666,0.11460755694093977
0.3061888111888112,0.4833716283716284,0.21129349967170064,0.20187146187146188,0.0,0.0,1990-11-15T01:30:43Z,ls5,qdd0msz7qcm2,0.20361606438112767,0.4875489962280881,0.30883493939078416
0.43962249208025345,0.4133500527983105,0.005121470781352611,0.13869984160506862,0.0,0.0,1990-12-17T01:30:41Z,ls5,qdd0msz7qcm2,0.1398645797700225,0.41682117847811306,0.44331424175186446
0.23044330518697226,0.5219059107358263,0.5645436638214052,0.19920386007237637,0.00030156815440289503,0.03890229191797346,1991-01-02T01:31:07Z,ls5,qdd0msz7qcm2,0.2011388588240896,0.5269755277875172,0.23268175331601681
0.5254458305975048,0.33838608010505583,0.0,0.12742744583059748,0.0,0.0,1991-01-18T01:31:34Z,ls5,qdd0msz7qcm2,0.12855106485578477,0.3413698724504666,0.5300790626937486
0.17058823529411765,0.6510457516339869,0.9799080761654629,0.1692156862745098,0.0,0.0,1991-02-03T01:31:46Z,ls5,qdd0msz7qcm2,0.17077836411609498,0.6570580474934037,0.17216358839050133
0.5669363099146422,0.3067984241628365,0.0,0.117715036112935,0.0,0.0,1991-02-19T01:32:08Z,ls5,qdd0msz7qcm2,0.11873020666526267,0.3094442435585154,0.5718255497762219
0.4876979645436638,0.383704530531845,0.0,0.11949573210768222,0.0,0.0,1991-03-07T01:32:25Z,ls5,qdd0msz7qcm2,0.1205933453401876,0.38722900092635665,0.49217765373345584
0.2776211453744493,0.6650220264317181,0.9701904136572554,0.05255506607929515,0.0,0.0,1991-03-23T01:32:48Z,ls5,qdd0msz7qcm2,0.05280864060909211,0.6682307113452259,0.2789606480456818
0.5009074195666448,0.3682613263296126,0.0,0.12168745896257387,0.0,0.0,1991-04-08T01:33:01Z,ls5,qdd0msz7qcm2,0.12281041221305251,0.3716597065485192,0.5055298812384283
0.42779645436638214,0.4362114248194353,0.0,0.12621011162179907,0.0,0.0,1991-04-24T01:33:16Z,ls5,qdd0msz7qcm2,0.12745689615158656,0.44052060139168303,0.4320225024567304
0.12072953736654803,0.7185027961362481,0.4833880499015102,0.15442806304016268,0.0,0.0002541942043721403,1991-05-10T01:33:35Z,ls5,qdd0msz7qcm2,0.1553738167070753,0.7229030757276337,0.12146891336091885
0.1996493834497103,0.6264299509731095,0.11608667104399217,0.16782944584757095,0.0,0.0,1991-05-26T01:33:52Z,ls5,qdd0msz7qcm2,0.1688579970104634,0.6302690582959641,0.2008729446935725
0.046544806899137606,0.11805961754780653,0.2995403808273145,0.10310273715785527,0.48256467941507314,0.24671916010498687,1991-06-27T01:34:18Z,ls5,qdd0msz7qcm2,0.10426160051538433,0.11938659458596776,0.04706796537858799
,,1.0,,,,1991-07-13T01:34:28Z,ls5,qdd0msz7qcm2,,,
0.10106770471291533,0.25469762268872514,0.055416940249507496,0.21135409425830667,0.4220770193243431,0.004170721534825525,1991-08-14T01:34:45Z,ls5,qdd0msz7qcm2,0.213826020460431,0.25767648018071004,0.10224975849969029
0.1027995175556151,0.26830206378986865,0.020091923834537062,0.217971053336907,0.4002948271240954,0.004020369874028411,1991-08-30T01:34:54Z,ls5,qdd0msz7qcm2,0.22041771476468872,0.2713136761137045,0.10395341212348297
,,1.0,,,,1991-09-15T01:35:08Z,ls5,qdd0msz7qcm2,,,
0.3272442941673711,0.2405438151591998,0.533946158896914,0.2986615948154409,0.0904480135249366,0.0357847280924204,1991-10-01T01:35:13Z,ls5,qdd0msz7qcm2,0.30118392520485404,0.2425753149753591,0.33000801820242986
0.11448803827751196,0.24618865345181132,0.0393959290873277,0.20884894053315106,0.42159945317840053,0.002050580997949419,1991-10-17T01:35:24Z,ls5,qdd0msz7qcm2,0.21135147027607848,0.24913860582438085,0.11585988972319074
0.09477537058152795,0.19197947548460662,0.42416283650689424,0.10761915621436716,0.5692132269099202,0.03238312428734322,1991-11-02T01:35:23Z,ls5,qdd0msz7qcm2,0.10871879046017788,0.19394108913371522,0.09574376920884349
0.1173523779125439,0.2866693265240983,0.17715036112935,0.16527768911586338,0.4205234599425471,0.0036706032556654963,1991-11-18T01:35:27Z,ls5,qdd0msz7qcm2,0.1671666537705825,0.2899456805697829,0.11869360246142198
0.1414830508474576,0.280651001540832,0.31818778726198294,0.17400808936825887,0.3961864406779661,0.0007704160246533128,1991-12-04T01:35:41Z,ls5,qdd0msz7qcm2,0.1760224245556847,0.283899845832166,0.14312087290952996
0.16191332895600788,0.31555219960604075,0.0,0.16952724885095208,0.34313854235062374,0.002495075508864084,1991-12-20T01:35:33Z,ls5,qdd0msz7qcm2,0.1714593058494361,0.31914846415801196,0.1637586121330642
0.11184504267892319,0.37474720945502293,0.0,0.17902166776099804,0.32225869993434014,0.004990151017728168,1992-01-05T01:35:30Z,ls5,qdd0msz7qcm2,0.18094127705396762,0.3787655399441828,0.11304433204978122
0.0,0.8529276164130936,0.7151674326986212,0.07890733056708159,0.0,0.0,1992-01-21T01:35:30Z,ls5,qdd0msz7qcm2,0.08467951413799074,0.9153204858620093,0.0
0.23322856672700346,0.5231660358729636,0.2019697964543664,0.22694421589600133,0.0037847622181997696,0.004113871976304097,1992-02-22T01:35:25Z,ls5,qdd0msz7qcm2,0.22896651928828884,0.5278279764511732,0.2353068700660342
,,1.0,,,,1992-03-09T01:35:25Z,ls5,qdd0msz7qcm2,,,
0.10483570159857902,0.5773401420959148,0.7042678923177939,0.16034635879218473,0.08925399644760214,0.06483126110124333,1992-04-10T01:35:13Z,ls5,qdd0msz7qcm2,0.1609920170653497,0.579664887365981,0.10525783801982388
0.418667104399212,0.3798305975049245,0.0,0.19132370321733422,0.0,0.0,1992-04-26T01:35:05Z,ls5,qdd0msz7qcm2,0.19329113537795742,0.3837364958361471,0.42297236878589556
0.3363296126066973,0.4537570584372948,0.0,0.1994904793171372,0.0,0.0,1992-05-12T01:34:58Z,ls5,qdd0msz7qcm2,0.20159163865529492,0.4585363134867291,0.3398720478579761
0.22538956773091579,0.5646078044934962,0.0005252790544977293,0.2003875968992248,0.0,0.0,1992-05-28T01:34:49Z,ls5,qdd0msz7qcm2,0.20233303528075758,0.5700892300426383,0.2275777346766041
0.0,0.0,0.9082074852265266,0.0,0.0,1.0,1992-06-13T01:34:38Z,ls5,qdd0msz7qcm2,0.0,0.0,0.0
0.055827376697641165,0.2689492494639028,0.26513460275771505,0.1768709792709078,0.41476054324517514,0.07952108649035025,1992-06-29T01:34:27Z,ls5,qdd0msz7qcm2,0.17830625007540166,0.27113171606886705,0.05628040412020593
0.07781089954038083,0.3306697307944846,0.0,0.23655942219304008,0.33998686802363753,0.008010505581089953,1992-07-15T01:34:15Z,ls5,qdd0msz7qcm2,0.23911284882846512,0.3342389857846767,0.0786507917821308
0.06805121470781353,0.32608535784635584,0.0,0.24503611293499675,0.34615889691398555,0.007747866053841103,1992-07-31T01:34:02Z,ls5,qdd0msz7qcm2,0.247689206673142,0.3296160007815567,0.0687880295774747
0.0903494623655914,0.28610215053763444,0.8045961917268549,0.29407930107526886,0.14045698924731181,0.1821236559139785,1992-09-01T01:33:32Z,ls5,qdd0msz7qcm2,0.29710041140954246,0.2890413106909902,0.09127763273817702
0.1008980044345898,0.1976940133037694,0.8815495732107682,0.16906873614190687,0.3137472283813747,0.21507760532150777,1992-09-17T01:33:18Z,ls5,qdd0msz7qcm2,0.1703392666721438,0.19917965923263398,0.10165624039233973
0.0,0.0,0.9994747209455023,0.0,1.0,0.0,1992-10-03T01:32:56Z,ls5,qdd0msz7qcm2,0.0,0.0,0.0
0.0639080761654629,0.22593565331582405,0.0,0.20757189757058436,0.4866710439921208,0.009717662508207485,1992-10-19T01:32:43Z,ls5,qdd0msz7qcm2,0.21015735361849058,0.2287498430406369,0.06470409684054423
0.0965740350877193,0.27624701754385966,0.06434668417596845,0.1772182456140351,0.43859649122807015,0.0046315789473684215,1992-12-06T01:32:27Z,ls5,qdd0msz7qcm2,0.17938744545228721,0.2796283566587883,0.09775612771348585
0.10163078149920256,0.29888357256778314,0.011950098489822758,0.1715337586390218,0.41759702286018074,0.0033227006911217436,1993-01-07T01:32:47Z,ls5,qdd0msz7qcm2,0.17364241602527314,0.3025577359390327,0.1028801244843917
0.04341935483870968,0.563483870967742,0.979645436638214,0.3467741935483871,0.0,0.03870967741935484,1993-01-23T01:32:58Z,ls5,qdd0msz7qcm2,0.34954238153639344,0.5679819833188577,0.043765957725394
0.08166776099803022,0.3468942875902824,0.0,0.1662140512147078,0.3961917268548917,0.002232435981615233,1993-02-08T01:33:09Z,ls5,qdd0msz7qcm2,0.16811428206503026,0.35086013297015456,0.08260142212830827
0.11134052183173589,0.342143237486688,0.013525935653315835,0.16500532481363153,0.3719382321618743,0.0023961661341853034,1993-02-24T01:33:12Z,ls5,qdd0msz7qcm2,0.1669199319479537,0.3461132298744608,0.1126324398815259
0.08595565410199557,0.42588765705838877,0.11162179908076164,0.15794826311899482,0.31677753141167775,0.006208425720620843,1993-03-12T01:33:24Z,ls5,qdd0msz7qcm2,0.15965144424692157,0.4304800710919152,0.08688252752886463
0.14134347638868955,0.38919334003157746,0.0850952068286277,0.1698248887613033,0.28462752978326394,0.007607291517152289,1993-04-13T01:33:33Z,ls5,qdd0msz7qcm2,0.17162009551995658,0.3933074750063959,0.1428376081732313
0.031084561263772736,0.550343820523032,0.01076822061720284,0.13303066507367584,0.23045267489711935,0.052303199256604274,1993-04-29T01:33:40Z,ls5,qdd0msz7qcm2,0.13354924050692313,0.5524891513383342,0.03120573400101896
0.2925100092392978,0.38977825685247924,0.5736047275114905,0.19931937172774872,0.10809978441638435,0.001539882968894364,1993-05-15T01:33:43Z,ls5,qdd0msz7qcm2,0.2012982357401091,0.3936480170197924,0.29541407985481977
0.05754432042022325,0.3966920551543008,0.0,0.21241365725541697,0.3208141825344714,0.006565988181221274,1993-05-31T01:33:47Z,ls5,qdd0msz7qcm2,0.21431580416233212,0.40024440002449074,0.05805962509748439
0.14647577092511013,0.28691629955947134,0.9701904136572554,0.14792951541850222,0.3303964757709251,0.08370044052863436,1993-07-02T01:33:37Z,ls5,qdd0msz7qcm2,0.14909537398197026,0.28917753744626923,0.14763017227220102
0.062236375574523974,0.34044386080105055,0.0,0.23286408404464873,0.35272488509520683,0.00551543007222587,1993-07-18T01:33:38Z,ls5,qdd0msz7qcm2,0.23514139987358607,0.3437732629982486,0.06284502196073258
0.06800998292394587,0.3244621042952844,0.0002626395272488091,0.23274004991461972,0.36371995271246554,0.004597399185603573,1993-08-03T01:33:37Z,ls5,qdd0msz7qcm2,0.2351487476289474,0.3278200615067257,0.06871383896625775
0.06923965856861458,0.29716611950098487,0.0,0.23010111621799081,0.3860801050558109,0.010636900853578464,1993-08-19T01:33:37Z,ls5,qdd0msz7qcm2,0.23271498060616627,0.3005418177587893,0.07002619572565502
0.0,0.0,0.9548260013131976,0.0,0.46511627906976744,0.5348837209302325,1993-09-04T01:33:36Z,ls5,qdd0msz7qcm2,0.0,0.0,0.0
0.0576349310571241,0.24505318450426788,0.0,0.22941825344714378,0.4412344057780696,0.020223243598161522,1993-09-20T01:33:34Z,ls5,qdd0msz7qcm2,0.2321931340863962,0.2480171741914473,0.05833204234592532
0.028312958435207827,0.017359413202933983,0.9462902166776099,0.01290953545232274,0.7897310513447433,0.15158924205378974,1993-10-06T01:33:30Z,ls5,qdd0msz7qcm2,0.012931087264430116,0.01738839385936625,0.028360225477670597
0.09510595358224018,0.3296871846619576,0.8698621142481944,0.30706357214934404,0.15539858728557013,0.10494450050454086,1993-10-22T01:33:22Z,ls5,qdd0msz7qcm2,0.3103362863284973,0.33320102355979836,0.09611960232159343
0.069117527450183,0.2914518096787312,0.03125410374261328,0.19290361935746236,0.4333740002711129,0.0065067100447336315,1993-11-07T01:33:16Z,ls5,qdd0msz7qcm2,0.1952200861591035,0.29495168409087447,0.06994751943417568
0.08739524497569948,0.29167082621831075,0.0002626395272488091,0.18277288848023118,0.4253251017995534,0.00577958754761592,1993-11-23T01:33:08Z,ls5,qdd0msz7qcm2,0.18506840328617283,0.29533403199030783,0.08849287537635002
0.09741415072597373,0.23141737727587003,0.43020354563361785,0.1302051163862641,0.5227010831988937,0.013367135284627794,1993-12-09T01:33:05Z,ls5,qdd0msz7qcm2,0.13159361533796726,0.23388519724079523,0.09845296893771595
0.09534743606908556,0.32376221716427905,0.019172685489166175,0.17911500870263755,0.39282367117418665,0.001606640781898514,1993-12-25T01:32:56Z,ls5,qdd0msz7qcm2,0.18131418987812145,0.32773738249787027,0.09651811566792312
0.09564603405041573,0.35450310149135544,0.0049901510177281505,0.17337996568562755,0.3672957634947869,0.0021116536887950377,1994-01-10T01:32:43Z,ls5,qdd0msz7qcm2,0.17534405395851574,0.3585189944556218,0.09672953440228053
0.10548795595320028,0.37214728148657944,0.045961917268548924,0.167057123193393,0.346180316586373,0.0020646937370956643,1994-01-26T01:32:30Z,ls5,qdd0msz7qcm2,0.1688872402573005,0.3762241689434941,0.10664358047573673
0.22818647406434667,0.5948168089297439,0.0,0.17039264609323704,0.0,0.0,1994-02-27T01:32:05Z,ls5,qdd0msz7qcm2,0.17152541207792502,0.5987711359721655,0.22970345194990952
0.3261413276231263,0.4841556031406139,0.08010505581089955,0.17916345467523198,0.0021413276231263384,0.00014275517487508923,1994-03-15T01:31:51Z,ls5,qdd0msz7qcm2,0.18065829935280714,0.4881951402648832,0.32886247758430825
0.3159015293801985,0.4976978803327073,0.02114248194353252,0.17440166353635633,0.004024684733029246,0.0004024684733029246,1994-03-31T01:31:35Z,ls5,qdd0msz7qcm2,0.17573823081125017,0.5015121025491028,0.31832251343331486
0.3356159512319025,0.5023825247650495,0.4829940906106369,0.15311912623825247,0.0,0.0,1994-05-02T01:31:01Z,ls5,qdd0msz7qcm2,0.1544913801277796,0.5068848778712618,0.33862374200095846
0.20434108527131783,0.5297416020671835,0.9491792514773474,0.25847545219638246,0.0,0.0,1994-06-03T01:30:25Z,ls5,qdd0msz7qcm2,0.26041341247526817,0.5337134228886806,0.20587316463605124
0.016618617809510978,0.07444294759531188,0.025213394615889673,0.04345143472989358,0.5441196281826755,0.3200862185100364,1994-07-05T01:29:39Z,ls5,qdd0msz7qcm2,0.043865282784737676,0.07515197065175852,0.01677689987079196
0.05758461131676362,0.3204058699101005,0.006697307944845687,0.2492318878900053,0.3630354309888948,0.0037017451084082496,1994-07-21T01:29:13Z,ls5,qdd0msz7qcm2,0.25163211151740195,0.3234915334093643,0.05813917897593068
0.09327230456262715,0.28333914559721013,0.548128693368352,0.23312409183376928,0.3792502179598954,0.003777971519907004,1994-08-22T01:28:24Z,ls5,qdd0msz7qcm2,0.2358907806887623,0.2867017807077247,0.0943792491237107
0.05893893630991464,0.31026657912015765,0.0,0.23922915298752462,0.37859487852921864,0.005909389363099146,1994-09-07T01:28:00Z,ls5,qdd0msz7qcm2,0.2420054778313461,0.3138673142356798,0.059622940040656276
0.07262589928057554,0.30434052757793767,0.014313854235062373,0.22722488675726088,0.38262723154809486,0.0061284305888622435,1994-09-23T01:27:35Z,ls5,qdd0msz7qcm2,0.22987739532493792,0.3078932451891658,0.07347369734893928
,,1.0,,,,1994-10-25T01:26:34Z,ls5,qdd0msz7qcm2,,,
,,1.0,,,,1994-11-10T01:26:00Z,ls5,qdd0msz7qcm2,,,
0.09072780203784571,0.4443522561863173,0.9097833223900197,0.13653566229985445,0.2823871906841339,0.039301310043668124,1994-11-26T01:25:28Z,ls5,qdd0msz7qcm2,0.1378968760982492,0.4487822960182572,0.09163232715569158
,,1.0,,,,1994-12-12T01:25:00Z,ls5,qdd0msz7qcm2,,,
0.4443355574089519,0.3907464553794829,0.05528562048588315,0.15657075340561577,0.0,0.0,1994-12-28T01:24:28Z,ls5,qdd0msz7qcm2,0.1578886871929296,0.39403556234624576,0.4480757504608247
0.3155469468154957,0.5154931057124098,0.0,0.16021142481943534,0.0,0.0,1995-01-13T01:23:54Z,ls5,qdd0msz7qcm2,0.16162540836576855,0.5200427111512669,0.3183318804829645
0.4079236842105263,0.47051842105263153,0.5009848982271832,0.10658157894736842,0.0,0.007631578947368421,1995-01-29T01:23:17Z,ls5,qdd0msz7qcm2,0.10737629450815404,0.4740267975895513,0.4109653289549262
0.44069275515600215,0.3978900052882073,0.006697307944845687,0.15240877842411424,0.0,0.0,1995-03-18T01:21:20Z,ls5,qdd0msz7qcm2,0.1537942277470497,0.40150696517811163,0.44469880707483866
0.3943028846153846,0.4309001068376068,0.01667760998030199,0.1651469017094017,0.0,0.0,1995-04-19T01:20:02Z,ls5,qdd0msz7qcm2,0.1667561160450609,0.4350988572954284,0.39814502665951074
0.328332001065814,0.22320810018651746,0.014313854235062373,0.028867572608579802,0.2124966693312017,0.20077271516120437,1995-05-05T01:19:19Z,ls5,qdd0msz7qcm2,0.029182054972107564,0.22563972171067478,0.33190883882481176
0.03821011162179908,0.6885055810899542,0.0,0.22989757058437296,0.028890347997373604,0.010242941562705186,1995-05-21T01:18:36Z,ls5,qdd0msz7qcm2,0.23091977799303692,0.6915669249054094,0.03838000754147495
0.0,0.027597402597402596,0.9797767564018385,0.004935064935064935,0.006493506493506494,0.961038961038961,1995-07-24T01:15:40Z,ls5,qdd0msz7qcm2,0.004925214506052839,0.027542317961479695,0.0
,,1.0,,,,1995-08-25T01:14:13Z,ls5,qdd0msz7qcm2,,,
0.03676165462902167,0.15938148391332896,0.0,0.17912278397898884,0.6082731451083389,0.011556139198949442,1995-09-10T01:13:27Z,ls5,qdd0msz7qcm2,0.1814639510154052,0.1614646286036034,0.03724213607370312
0.06218681318681319,0.22867032967032963,0.7609980302035456,0.14647802197802198,0.3989010989010989,0.15879120879120878,1995-12-15T01:12:16Z,ls5,qdd0msz7qcm2,0.1481434860133271,0.2312703252523593,0.06289388104200594
0.05285752979414952,0.21190276273022754,0.030334865397242283,0.15949620801733475,0.5643282773564464,0.006365113759479957,1996-01-16T01:14:35Z,ls5,qdd0msz7qcm2,0.1613947602602702,0.2144251328258349,0.053486715797968515
0.07761391989494419,0.24256467498358505,0.0,0.16031254103742612,0.5104399212081419,0.003676953381483913,1996-02-17T01:16:48Z,ls5,qdd0msz7qcm2,0.1621115410032623,0.24528669435390157,0.07848489005321035
0.1389388489208633,0.3526438848920863,0.9269862114248194,0.1221223021582734,0.2589928057553957,0.1223021582733813,1996-03-04T01:17:52Z,ls5,qdd0msz7qcm2,0.12311726142209145,0.35551695798276095,0.1400708165663706
0.11127600737424284,0.22356333947853566,0.0027577150361128844,0.16692257045035555,0.4888069528575191,0.004213853041875165,1996-03-20T01:18:54Z,ls5,qdd0msz7qcm2,0.16865821682715867,0.22588793164785725,0.11243304562558984
0.05954479097544791,0.2763198407431984,0.01050558108995403,0.17301791639017916,0.48161911081619113,0.003981420039814201,1996-04-21T01:20:54Z,ls5,qdd0msz7qcm2,0.17489364623381687,0.27931549219066115,0.06019033071951661
,,1.0,,,,1996-05-07T01:21:51Z,ls5,qdd0msz7qcm2,,,
0.06435439758168994,0.2300546998704477,0.08772160210111624,0.19812293076147977,0.5003598675687347,0.002159205412408234,1996-05-23T01:22:46Z,ls5,qdd0msz7qcm2,0.20011364462204279,0.2323662600616863,0.06500102233512793
0.21234348075818496,0.3087248707639288,0.7713722915298753,0.3172027570361861,0.13842619184376795,0.014359563469270534,1996-06-24T01:24:31Z,ls5,qdd0msz7qcm2,0.3205868500910455,0.31201851707638933,0.21460887751952665
0.032743269862114247,0.2299934340118188,0.0,0.21671175311884439,0.505843729481287,0.010242941562705186,1996-07-10T01:25:20Z,ls5,qdd0msz7qcm2,0.2187298850295649,0.2321352518032189,0.033048192123224046
0.30093567251461983,0.17885964912280705,0.9550886408404465,0.17201754385964915,0.1608187134502924,0.18421052631578946,1996-07-26T01:26:12Z,ls5,qdd0msz7qcm2,0.1728509322831572,0.1797261860914623,0.30239364185929857
,,1.0,,,,1996-08-27T01:27:54Z,ls5,qdd0msz7qcm2,,,
,,1.0,,,,1996-09-12T01:28:47Z,ls5,qdd0msz7qcm2,,,
0.1246968085106383,0.08284574468085107,0.5062376887721602,0.061973404255319144,0.4223404255319149,0.3055851063829787,1996-10-14T01:30:29Z,ls5,qdd0msz7qcm2,0.06256171678263975,0.08363219799928026,0.12588055330318632
,,1.0,,,,1996-10-30T01:31:16Z,ls5,qdd0msz7qcm2,,,
0.0,0.0,0.9908076165462902,0.0,0.9,0.1,1996-11-15T01:32:01Z,ls5,qdd0msz7qcm2,0.0,0.0,0.0
0.02402911288107663,0.21696511947267233,0.5218647406434669,0.18422960725075527,0.5336446031310079,0.03652842625652293,1996-12-01T01:32:47Z,ls5,qdd0msz7qcm2,0.1862239286851083,0.2193138092122231,0.024289232715137794
0.026632961260669736,0.1885935653315824,0.0,0.15579120157583715,0.6202232435981615,0.004333552199606041,1996-12-17T01:33:32Z,ls5,qdd0msz7qcm2,0.15764946919099512,0.19084309747035505,0.02695063754088231
0.025315579227696405,0.1978655126498003,0.013788575180564644,0.15860852197070574,0.6091877496671105,0.004660452729693742,1997-01-02T01:34:18Z,ls5,qdd0msz7qcm2,0.16042072296530693,0.20012624917496297,0.025604825462925866
0.09205472636815919,0.30196019900497517,0.7360472751149048,0.21292039800995027,0.3492537313432836,0.03731343283582089,1997-01-18T01:35:03Z,ls5,qdd0msz7qcm2,0.21519980552016385,0.30519281716570845,0.09304021313502327
0.352,0.404,0.9986868023637557,0.236,0.0,0.0,1997-02-03T01:35:46Z,ls5,qdd0msz7qcm2,0.2379032258064516,0.40725806451612906,0.3548387096774193
0.23398373983739842,0.47008130081300814,0.9838476690741956,0.28414634146341466,0.0,0.0,1997-03-07T01:37:06Z,ls5,qdd0msz7qcm2,0.28753599341834635,0.4756890168654874,0.23677498971616623
0.07475719063545151,0.21312909698996654,0.018384766907419525,0.17572441471571906,0.5268227424749163,0.004548494983277592,1997-03-23T01:37:42Z,ls5,qdd0msz7qcm2,0.1776264322647487,0.21543597781435034,0.07556635246270706
0.06362648656584936,0.24630891205403027,0.10558108995403803,0.1659433269710762,0.49875201879312875,0.020114520628395242,1997-04-08T01:38:18Z,ls5,qdd0msz7qcm2,0.1677757018163639,0.24902869755463466,0.06432906120747757
0.06076638332876337,0.20797778996435426,0.04215364412344058,0.19055936386070743,0.5331779544831369,0.002741979709350151,1997-04-24T01:38:52Z,ls5,qdd0msz7qcm2,0.1925410865954147,0.21014065567893445,0.06139832353316379
,,1.0,,,,1997-05-10T01:39:25Z,ls5,qdd0msz7qcm2,,,
0.07271212121212121,0.2002666666666667,0.1332895600787919,0.1949469696969697,0.4256060606060606,0.10196969696969697,1997-05-26T01:39:59Z,ls5,qdd0msz7qcm2,0.19682112596052584,0.20219196475310666,0.07341115171061
0.027445830597504925,0.20636900853578463,0.0,0.20733158240315167,0.5340774786605385,0.01996060407091267,1997-07-29T01:42:10Z,ls5,qdd0msz7qcm2,0.20959478641309517,0.2086217052172679,0.027745425638185807
0.012433105164903547,0.17082140634723086,0.7889691398555483,0.1932482887367766,0.5930304915992533,0.026757934038581208,1997-08-14T01:42:41Z,ls5,qdd0msz7qcm2,0.19515189808635877,0.17250409770950362,0.012555578566303167
0.03916743269862114,0.20588575180564675,0.0,0.19300590938936307,0.5455022980958635,0.011293499671700591,1997-08-30T01:43:11Z,ls5,qdd0msz7qcm2,0.19527280974066355,0.20830392897220407,0.03962746351956831
0.03793434011818779,0.18235981615233093,0.0,0.17879448456992778,0.5741300065659882,0.021930400525279056,1997-09-15T01:43:38Z,ls5,qdd0msz7qcm2,0.18096774480829522,0.18457641326086677,0.038395434839570655
0.08988193300384405,0.26512355848434926,0.5217334208798424,0.2747556287753981,0.3239978034047227,0.03898956617243273,1997-10-17T01:44:31Z,ls5,qdd0msz7qcm2,0.27791935732145834,0.2681763766338754,0.09091689646751083
0.05468665949435181,0.1939241527703066,0.023506237688772136,0.17065626681011298,0.5701990317374933,0.005648197955890263,1997-11-02T01:44:57Z,ls5,qdd0msz7qcm2,0.17264491287374747,0.1961839379528773,0.05532391947999166
0.06252998001332444,0.24912225183211192,0.21155613919894944,0.13956029313790808,0.5398067954696869,0.0038307794803464357,1997-12-20T01:46:07Z,ls5,qdd0msz7qcm2,0.14115316018643528,0.2519656008755691,0.06324366398796231
0.09756681292381333,0.25324026060364313,0.012344057780696027,0.14557239728759472,0.49581172716394095,0.0023932987634623054,1998-01-05T01:46:30Z,ls5,qdd0msz7qcm2,0.1471605930895388,0.2560031134951796,0.09863126748787833
0.11277020447906523,0.3518987341772152,0.7302692055154301,0.15881694255111978,0.3592989289191821,0.010223953261927946,1998-01-21T01:46:50Z,ls5,qdd0msz7qcm2,0.1605977797067873,0.3558446251557765,0.1140347129563261
0.1432085488701334,0.2591138034304383,0.035325016414970434,0.13822760686087668,0.4524911516471549,0.0014974135583991288,1998-02-06T01:47:11Z,ls5,qdd0msz7qcm2,0.13962419693341935,0.2617317737024257,0.14465546415860087
0.15038082731451086,0.2748365068942876,0.0,0.1344005252790545,0.4329612606697308,0.002101116217990808,1998-02-22T01:47:29Z,ls5,qdd0msz7qcm2,0.13567814537884457,0.2774491205327773,0.1518103572006565
0.1843889964058612,0.23788222283660493,0.050032829940906076,0.14042438484932265,0.4303290019353055,0.0016588332872546309,1998-03-26T01:47:59Z,ls5,qdd0msz7qcm2,0.14175116749764574,0.2401298239633095,0.18613117331648474
0.19788132218239746,0.23929510155316608,0.01076822061720284,0.14709942917828223,0.4084694013009425,0.0018584893136864462,1998-04-11T01:48:10Z,ls5,qdd0msz7qcm2,0.14845801047631516,0.24150518388657202,0.1997089150224839
,,1.0,,,,1998-05-13T01:48:38Z,ls5,qdd0msz7qcm2,,,
0.1462406015037594,0.6462406015037594,0.9825344714379514,0.198796992481203,0.0,0.0,1998-05-29T01:48:54Z,ls5,qdd0msz7qcm2,0.20054611650485438,0.6519265776699029,0.14752730582524273
0.04953031943692474,0.26981862479696805,0.029809586342744554,0.19927043854899837,0.46873308067135894,0.008256632376827288,1998-07-16T01:49:29Z,ls5,qdd0msz7qcm2,0.20095756677523766,0.2721030510328651,0.04994966914371096
0.02763860369609857,0.08855441478439424,0.680236375574524,0.063564681724846,0.6316221765913758,0.1868583162217659,1998-08-01T01:49:35Z,ls5,qdd0msz7qcm2,0.06418767979342928,0.08942233747161878,0.027909489921810256
0.07887285843101893,0.09943492636008416,0.5630991464215365,0.08131650135256989,0.6919146378118425,0.046889089269612265,1998-08-17T01:49:43Z,ls5,qdd0msz7qcm2,0.08180886077935473,0.10003699017899803,0.07935042196019247
0.005972992181947407,0.08063539445628998,0.07616546290216675,0.1040270078180526,0.6931058990760484,0.11428571428571428,1998-09-02T01:49:54Z,ls5,qdd0msz7qcm2,0.10510364142914971,0.08146993519466782,0.006034810014419839
0.07522199865861837,0.19651911468812877,0.02101116217990806,0.19665459423205903,0.5207243460764588,0.005499664654594232,1998-09-18T01:50:01Z,ls5,qdd0msz7qcm2,0.1989134900663058,0.19877645432086088,0.07608604488178039
0.0751308693936604,0.1959397606208076,0.0015758371634930768,0.19532158358542678,0.5196632908062607,0.008680783901091674,1998-10-20T01:50:04Z,ls5,qdd0msz7qcm2,0.19752598681812655,0.19815114061168307,0.07597879786283797
0.06363041700735896,0.192085036794767,0.6787918581746553,0.14617334423548653,0.5016353229762878,0.0919869174161897,1998-11-05T01:50:09Z,ls5,qdd0msz7qcm2,0.14780605091460358,0.19423056150841123,0.06434114718450776
0.06399463049314681,0.24243606047760347,0.07065003282994087,0.16684329518157412,0.513494418538929,0.008054260279779568,1998-12-07T01:50:12Z,ls5,qdd0msz7qcm2,0.16866846128359148,0.24508816632943764,0.06469469356826232
0.0,0.5097894736842106,0.9875246224556796,0.28242105263157896,0.14736842105263157,0.05263157894736842,1998-12-23T01:50:17Z,ls5,qdd0msz7qcm2,0.28519798033483923,0.5148020196651609,0.0
0.17508723599632692,0.4051101928374655,0.7139855548260012,0.22066574839302114,0.189623507805326,0.0004591368227731864,1999-01-08T01:50:17Z,ls5,qdd0msz7qcm2,0.22316049038301725,0.4096901759839528,0.1770666890049308
0.1577823273015454,0.2712204464403645,0.005778069599474689,0.14544313829084665,0.415268788799366,0.004226654338924845,1999-02-09T01:50:25Z,ls5,qdd0msz7qcm2,0.14697711790364304,0.27408099139492315,0.15944644756314297
0.14451246537396123,0.3411828254847646,0.525935653315824,0.14664542936288089,0.26398891966759,0.09667590027700831,1999-02-25T01:50:28Z,ls5,qdd0msz7qcm2,0.148267506721949,0.3449567237843989,0.14611094954905376
0.22982049797336418,0.2985929357266937,0.31963230466185166,0.12591391623238757,0.3352634626519977,0.003667245705462266,1999-03-13T01:50:17Z,ls5,qdd0msz7qcm2,0.1272112856359684,0.3016695244829534,0.23218848152361818
0.10626247920133113,0.17830074875207985,0.3686145764937623,0.10193635607321132,0.6077371048252912,0.0010399334442595673,1999-03-29T01:49:59Z,ls5,qdd0msz7qcm2,0.10318211138934744,0.18047974665023336,0.1075611036908684
0.11008583690987125,0.20652360515021456,0.9694024950755089,0.07849785407725321,0.4678111587982833,0.13304721030042918,1999-04-14T01:49:58Z,ls5,qdd0msz7qcm2,0.07929937463811153,0.20863236236117694,0.11120989390199895
0.14536400698893417,0.23298922539312755,0.0980958634274458,0.18559988351776355,0.42748980780430984,0.0026208503203261502,1999-04-30T01:49:56Z,ls5,qdd0msz7qcm2,0.18755352614962875,0.23544169289938924,0.1468941228263461
0.08463526864257681,0.3006482609284071,0.029678266579120205,0.20652185681418322,0.3999187982135607,0.0023007172824468804,1999-05-16T01:49:42Z,ls5,qdd0msz7qcm2,0.20860698207078848,0.3036837230915248,0.08548977934167919
0.033658568614576494,0.2608627708470125,0.0,0.21547078135259357,0.4638214051214708,0.021405121470781354,1999-06-01T01:49:20Z,ls5,qdd0msz7qcm2,0.21749089448221018,0.2633084495840933,0.033974129341444344
,,1.0,,,,1999-06-17T01:49:11Z,ls5,qdd0msz7qcm2,,,
0.04861195009848982,0.22254103742613265,0.0,0.2123650689428759,0.49927774130006564,0.01247537754432042,1999-07-03T01:49:02Z,ls5,qdd0msz7qcm2,0.21444200726498786,0.22471749710085065,0.0490873767897754
0.035526661413186236,0.15725374310480694,0.00013131976362446007,0.1683215130023641,0.5660625164171263,0.06829524560021014,1999-07-19T01:48:58Z,ls5,qdd0msz7qcm2,0.17043790611093265,0.15923097543992118,0.035973356431809676
0.025862114248194353,0.16223768877216022,0.0,0.19578857518056467,0.5942219304005253,0.016940249507550888,1999-07-27T02:04:05Z,ls7,qdd0msz7qcm2,0.19831286148566246,0.16432940620542003,0.026195552400841336
0.028843072882468818,0.16106106369008535,0.0,0.1869047931713723,0.609586342744583,0.009061063690085358,1999-08-04T01:48:57Z,ls5,qdd0msz7qcm2,0.1891585416357654,0.16300318148602774,0.029190870443538533
0.1690625,0.2840625,0.9957977675640184,0.31843750000000004,0.125,0.09375,1999-08-12T02:04:08Z,ls7,qdd0msz7qcm2,0.3224357027136493,0.28762910085054677,0.17118519643580396
0.025887065003282993,0.14390151017728167,0.0,0.17204202232435983,0.6417596848325673,0.011950098489822718,1999-08-20T01:48:45Z,ls5,qdd0msz7qcm2,0.17428653146679918,0.14577889019665152,0.02622479501415931
0.05918248175182482,0.13894728304947285,0.19041365725541692,0.16358961881589618,0.5631792376317923,0.0705596107055961,1999-09-05T01:48:17Z,ls5,qdd0msz7qcm2,0.16564365887277738,0.14069191261242586,0.059925580177408275
0.12320582877959928,0.10848816029143897,0.9279054497701904,0.06386156648451731,0.4426229508196721,0.26229508196721313,1999-09-13T02:04:05Z,ls7,qdd0msz7qcm2,0.06375923684513621,0.10831432248991192,0.12300840787806655
0.02158896913985555,0.13242941562705185,0.0,0.16320420223243598,0.6680236375574524,0.010636900853578464,1999-09-29T02:04:15Z,ls7,qdd0msz7qcm2,0.16532224571555104,0.134148067824145,0.021869148049273087
,,1.0,,,,1999-10-15T02:04:13Z,ls7,qdd0msz7qcm2,,,
0.05557840616966581,0.2695115681233933,0.9489166119500985,0.23349614395886886,0.18766066838046272,0.2493573264781491,1999-10-23T01:47:44Z,ls5,qdd0msz7qcm2,0.235333680919473,0.2716325344885781,0.05601578973333709
0.021100459619172687,0.15536309914642155,0.0,0.14396585686145763,0.6732764281024294,0.0023637557452396585,1999-11-24T01:46:37Z,ls5,qdd0msz7qcm2,0.14573174804321204,0.1572687893755758,0.021359278733543114
0.03458695652173913,0.1795,0.9395929087327642,0.19408695652173913,0.5043478260869565,0.08260869565217391,1999-12-02T02:04:02Z,ls7,qdd0msz7qcm2,0.19640243789481485,0.18164145717937794,0.0349995831866768
0.022959947472094552,0.16020354563361786,0.0,0.14294550229809586,0.6455679579776756,0.024425476034143138,1999-12-10T01:46:18Z,ls5,qdd0msz7qcm2,0.14465395006487883,0.16211825708216487,0.023234358841137517
0.021192383453709784,0.17022324359816152,0.0,0.1388785292186474,0.5917268548916612,0.07406434668417597,1999-12-26T01:46:20Z,ls5,qdd0msz7qcm2,0.1405245157866633,0.17224072732370954,0.02144355531378997
0.03092944906856917,0.1748692033293698,0.337360472751149,0.13995838287752677,0.6072136345620294,0.04280618311533888,2000-01-03T02:04:03Z,ls7,qdd0msz7qcm2,0.1416678631514551,0.17700509149457327,0.03130722767660338
0.02122783978988838,0.16568483256730138,0.0,0.14149179251477348,0.6650032829940906,0.002757715036112935,2000-01-19T02:04:00Z,ls7,qdd0msz7qcm2,0.14314388798079689,0.1676194123461582,0.02147570164284133
0.011577225130890054,0.10022905759162304,0.7993434011818779,0.0430628272251309,0.819371727748691,0.024214659685863876,2000-02-04T02:04:01Z,ls7,qdd0msz7qcm2,0.043492290850263224,0.10122863744251992,0.01169268427266195
0.026382140512147077,0.17104924491135914,0.0,0.1412856204858831,0.6520026263952725,0.005252790544977019,2000-02-20T02:03:53Z,ls7,qdd0msz7qcm2,0.1429656032644737,0.17308313756620802,0.026695842229068737
0.14363431151241535,0.4074153498871331,0.883650689428759,0.28242663656884875,0.14221218961625282,0.014672686230248307,2000-03-07T02:03:49Z,ls7,qdd0msz7qcm2,0.2856927897474881,0.41212694846801246,0.14529538593799834
0.023846355876559425,0.1699894944189101,0.0,0.1539816152330926,0.6445173998686803,0.003676953381483913,2000-03-23T02:03:51Z,ls7,qdd0msz7qcm2,0.15574721543192324,0.17193864584644133,0.024119785471471165
0.024819435325016414,0.17620485883125409,0.0,0.15383847669074197,0.6374261326329612,0.003676953381483913,2000-04-08T02:03:39Z,ls7,qdd0msz7qcm2,0.15558733987440157,0.17820798702792362,0.025101587083229668
0.024564331712445788,0.17897621238007622,0.0007879185817465384,0.15569982914969116,0.6330661059271915,0.0036798528058877645,2000-04-24T02:03:33Z,ls7,qdd0msz7qcm2,0.157439409308988,0.1809758514917104,0.024838780466222357
0.024374340021119326,0.17104012671594512,0.005121470781352611,0.161343717001056,0.6348996832101372,0.004355860612460401,2000-05-26T02:03:12Z,ls7,qdd0msz7qcm2,0.1631465067943932,0.17295126029106037,0.024646689091948764
0.02965897547525758,0.1605616020896822,0.095075508864084,0.1645174865766942,0.6363372514874474,0.0044986213902191265,2000-06-27T02:02:56Z,ls7,qdd0msz7qcm2,0.16657016947323305,0.162564927458361,0.030029030190739426
0.11891705069124424,0.056728110599078355,0.9430072225869993,0.05331797235023042,0.7188940092165899,0.05069124423963134,2000-07-29T02:02:26Z,ls7,qdd0msz7qcm2,0.05365600518288257,0.05708776350918623,0.11967097785171
0.019276428102429417,0.15230466185160865,0.0,0.16316480630334865,0.6548916611950099,0.0063033486539724225,2000-08-14T02:02:19Z,ls7,qdd0msz7qcm2,0.16514332576042412,0.15415149232751701,0.01951017206307659
0.18833333333333335,0.3266666666666667,0.9992120814182535,0.4716666666666667,0.0,0.0,2000-08-30T02:02:09Z,ls7,qdd0msz7qcm2,0.4780405405405405,0.33108108108108114,0.1908783783783784
0.04478767123287671,0.12643150684931506,0.8082731451083388,0.11628082191780821,0.563013698630137,0.14589041095890412,2000-09-15T02:01:50Z,ls7,qdd0msz7qcm2,0.11773519789176534,0.12801284195582827,0.045347850563365356
0.01939067629678267,0.14736178594878527,0.0,0.15411687458962572,0.6710439921208142,0.004202232435981616,2000-10-01T02:01:41Z,ls7,qdd0msz7qcm2,0.15598261079149078,0.14914574516511528,0.019625419486598107
0.025343401181877875,0.15142481943532501,0.0,0.14629284307288246,0.6701247537754432,0.0028890347997373605,2000-10-17T02:01:23Z,ls7,qdd0msz7qcm2,0.1480702811059169,0.1532646102791986,0.025651320039703877
0.03791666666666667,0.2516666666666667,0.9149047931713723,0.2334104938271605,0.4444444444444444,0.026234567901234566,2000-11-02T02:01:36Z,ls7,qdd0msz7qcm2,0.23623428557897916,0.254711320940297,0.038375381135044746
0.028852329560410638,0.17478415372466438,0.002232435981615266,0.13206896551724137,0.6560937088707555,0.0042116346406949196,2000-12-04T02:01:34Z,ls7,qdd0msz7qcm2,0.13363834883894166,0.17686112415203684,0.029195183497571192
,,1.0,,,,2000-12-20T02:01:39Z,ls7,qdd0msz7qcm2,,,
0.02593503419253025,0.20784718569174115,0.0014445173998687277,0.11868358758548132,0.6404523934771174,0.0030247238295633876,2001-01-05T02:01:39Z,ls7,qdd0msz7qcm2,0.12004970092876888,0.21023962106983204,0.026233560694718397
0.02842333464722113,0.22202732886611481,0.0005252790544977293,0.12231112862961505,0.619103928524504,0.00420444094074366,2001-02-06T02:01:39Z,ls7,qdd0msz7qcm2,0.12360059278384058,0.22436805031181634,0.028722987439095328
,,1.0,,,,2001-02-22T02:01:38Z,ls7,qdd0msz7qcm2,,,
0.04163778877887788,0.2061564906490649,0.045042678923177926,0.1314191419141914,0.6135863586358636,0.0031628162816281628,2001-03-10T02:01:34Z,ls7,qdd0msz7qcm2,0.13281833325410547,0.20835139446735032,0.04208109736105244
0.04222475430850307,0.21000854579119785,0.07800393959290874,0.13581398661159377,0.6056117362199117,0.0022788776527560175,2001-03-26T02:01:25Z,ls7,qdd0msz7qcm2,0.13723569456986934,0.21220692629902502,0.04266676525843792
0.05812138728323699,0.2346765758326452,0.045830597504924464,0.13728874208642994,0.5609688962290118,0.004816955684007707,2001-04-27T02:01:19Z,ls7,qdd0msz7qcm2,0.13860627047039417,0.23692871278875768,0.058679164827828624
0.007207074428887251,0.02922623434045689,0.8217990807616546,0.02762711864406779,0.7862932940309506,0.14885777450257923,2001-05-13T02:01:10Z,ls7,qdd0msz7qcm2,0.027967174055883656,0.02958597287426903,0.007295784536317477
0.0,0.0,0.8864084044648719,0.0,0.0,1.0,2001-05-29T02:01:01Z,ls7,qdd0msz7qcm2,0.0,0.0,0.0
0.028069069480608468,0.21207619569686173,0.04175968483256731,0.1548362340687954,0.5949020145265177,0.006166917911470468,2001-06-14T02:00:50Z,ls7,qdd0msz7qcm2,0.1563844997100332,0.2141968252064634,0.028349742645515295
0.28385803604266274,0.26273997793306364,0.6429415627051871,0.22651342405296065,0.21331371827877896,0.005884516366311144,2001-06-30T02:00:35Z,ls7,qdd0msz7qcm2,0.2287666081206968,0.2653535163346451,0.28668164089956805
0.029833128163041994,0.2145602516755574,0.039921208141825315,0.15569142388182192,0.5888387361510053,0.007386130488305293,2001-07-16T02:00:35Z,ls7,qdd0msz7qcm2,0.15712750111080892,0.2165393272340857,0.03010830501579475
0.024809674861221254,0.20389505683320117,0.006434668417596878,0.15359238699444885,0.6032249537404176,0.010441448585778482,2001-08-01T02:00:23Z,ls7,qdd0msz7qcm2,0.1552140901463716,0.20604788004793395,0.025071627479498322
0.024330209845585326,0.20613039461528312,0.0049901510177281505,0.15364656196383794,0.6027451497954336,0.00897452817737891,2001-08-17T02:00:04Z,ls7,qdd0msz7qcm2,0.15531586435366213,0.2083699107876507,0.024594546885874702
0.14,0.6,0.9998686802363755,0.26,0.0,0.0,2001-09-02T01:59:53Z,ls7,qdd0msz7qcm2,0.26,0.6,0.14
0.10142857142857144,0.21309523809523806,0.9834537097833224,0.11111111111111109,0.47619047619047616,0.09523809523809523,2001-09-18T01:59:42Z,ls7,qdd0msz7qcm2,0.11187768040275964,0.2145654084867212,0.10212833968194776
0.024974392646093243,0.19117268548916613,0.0,0.1599697964543664,0.6115561391989495,0.008010505581089953,2001-10-04T01:59:30Z,ls7,qdd0msz7qcm2,0.16180567932611278,0.1933666662693782,0.0252610096244696
0.018620689655172412,0.18617733990147783,0.8667104399212081,0.10635467980295567,0.4147783251231527,0.27192118226600986,2001-10-20T01:59:32Z,ls7,qdd0msz7qcm2,0.10708881064321418,0.18746245990966356,0.01874922205795968
0.03986073553272039,0.19342347214710653,0.028759028233749206,0.14292590589507842,0.6158734451054624,0.0036506219578150353,2001-11-05T01:59:37Z,ls7,qdd0msz7qcm2,0.1445465324403855,0.1956166869564441,0.04031271353989297
0.06196170212765958,0.24560000000000004,0.6913985554826001,0.1651063829787234,0.5017021276595744,0.02,2001-11-21T01:59:46Z,ls7,qdd0msz7qcm2,0.16707290840415667,0.248525257253977,0.0626997066822919
0.05222693096377308,0.21121120984278882,0.0393959290873277,0.13476144907723855,0.5945317840054682,0.002734107997265892,2001-12-07T01:59:47Z,ls7,qdd0msz7qcm2,0.13629605194314284,0.21361638825364193,0.052821667800481135
0.07233990482664855,0.22333650577838204,0.034143138542350626,0.13516519374575117,0.5615227736233854,0.0028552005438477225,2001-12-23T01:59:56Z,ls7,qdd0msz7qcm2,0.13666492494458124,0.22581454554787747,0.07314255534030811
0.08215788072417467,0.25003061767838125,0.013525935653315835,0.12948482428115016,0.5310170394036209,0.002529286474973376,2002-01-08T01:59:59Z,ls7,qdd0msz7qcm2,0.1308255622781272,0.2526195353480007,0.0830085764952778
0.09376144354517714,0.2522011410375481,0.010242941562705221,0.1304935650789439,0.5154570784131617,0.00318429083189598,2002-01-24T02:00:06Z,ls7,qdd0msz7qcm2,0.13183627465682976,0.2547961570248881,0.09472619907322444
0.11976150859678315,0.2251067665002773,0.05292186474064342,0.13360094287298946,0.5146977260122019,0.0016638935108153079,2002-02-09T02:00:08Z,ls7,qdd0msz7qcm2,0.1350443063305592,0.22753871700774542,0.12105535713867821
0.13170609706637826,0.24580370420440717,0.028627708470124746,0.12776801405975396,0.4877653102609166,0.00189265918615655,2002-02-25T02:00:10Z,ls7,qdd0msz7qcm2,0.12904858625608592,0.24826730506473169,0.13302613923210937
0.10955984174085065,0.3501417738212991,0.20341431385423503,0.11787998681173756,0.39564787339268054,0.023903725684141116,2002-03-13T02:00:08Z,ls7,qdd0msz7qcm2,0.11846507846596166,0.3518796857026878,0.11010363675452893
0.1456554092730395,0.23140669719519175,0.08233749179251482,0.14105466514024043,0.4762449914138523,0.0005724098454493417,2002-03-29T02:00:03Z,ls7,qdd0msz7qcm2,0.14243381090225907,0.23366924955687488,0.14707953828156453
0.1398637218045113,0.23285401002506265,0.16165462902166772,0.14521616541353383,0.47368421052631576,0.003132832080200501,2002-04-14T02:00:02Z,ls7,qdd0msz7qcm2,0.14668787520337367,0.23521389554594427,0.14128118664416578
0.07225184956843404,0.24018495684340324,0.14799737360472753,0.1729392725030826,0.5063193588162762,0.0030826140567200987,2002-04-30T02:00:04Z,ls7,qdd0msz7qcm2,0.17479985023667305,0.2427690013821488,0.07302917550818182
0.028987836011413127,0.2116939480402463,0.12554169402495075,0.21069680132151977,0.5370175702057366,0.0070581168343595135,2002-06-17T01:59:45Z,ls7,qdd0msz7qcm2,0.2128186792599914,0.21382586800883235,0.029279765691080116
0.07727618243243244,0.2027512668918919,0.37806959947472096,0.2027195945945946,0.48711993243243246,0.024493243243243243,2002-07-03T01:59:40Z,ls7,qdd0msz7qcm2,0.20508790323943912,0.2051199455541274,0.07817897553075778
0.01973863934856843,0.1442369319674284,0.00013131976362446007,0.19634620436038874,0.5739427370633045,0.06107171000788022,2002-07-19T01:59:33Z,ls7,qdd0msz7qcm2,0.19888758549056873,0.14610384362162193,0.01999412381662469
0.035549197487787856,0.2323572923935799,0.05909389363099149,0.1889476622470342,0.5311933007676204,0.006699232379623168,2002-08-20T01:59:22Z,ls7,qdd0msz7qcm2,0.1911203502517078,0.23502914287311605,0.03595797372793264
0.03181293778327153,0.12611454470539762,0.3625738673670388,0.0988174701277297,0.6765554182117841,0.06407086938607334,2002-09-05T01:59:13Z,ls7,qdd0msz7qcm2,0.09982924227340778,0.12740580609200125,0.032138664036733586
,,1.0,,,,2002-09-21T01:59:01Z,ls7,qdd0msz7qcm2,,,
0.08967842470604903,0.21862586768664116,0.0730137885751806,0.1818373707323984,0.5019124521886953,0.0025499362515937103,2002-10-23T01:59:02Z,ls7,qdd0msz7qcm2,0.18383921050603325,0.22103271043693934,0.09066569061673845
0.12401653553807174,0.2558701160154687,0.015233092580433372,0.15116015468729163,0.461128150420056,0.0022669689291905585,2002-11-08T01:59:07Z,ls7,qdd0msz7qcm2,0.15274223629986083,0.25854811939930655,0.1253145249515862
0.11537503578585742,0.2546664758087604,0.08260013131976363,0.15017177211565988,0.4718007443458345,0.002290294875465216,2002-11-24T01:59:24Z,ls7,qdd0msz7qcm2,0.1518159629611207,0.25745475140990365,0.116638246407676
0.2624953255141934,0.2532925378208397,0.2274458305975049,0.15611422743498213,0.32092469828318887,0.00016998130205677376,2002-12-10T01:59:29Z,ls7,qdd0msz7qcm2,0.15774140466892295,0.2559326037382194,0.2652313120076119
0.1864845247877294,0.2841728293618187,0.04110308601444512,0.09459600109559026,0.4265954533004656,0.0017803341550260202,2002-12-26T01:59:35Z,ls7,qdd0msz7qcm2,0.09566217366843541,0.2873756843779331,0.18858635449813993
0.228755794096121,0.2795340326909002,0.46172028890347994,0.08437179799951208,0.3642351793120273,0.037326177116369846,2003-01-11T01:59:37Z,ls7,qdd0msz7qcm2,0.08519421916124806,0.28225881406763137,0.2309856103427234
0.25183978988837824,0.2586053841103086,0.0,0.09406040709126723,0.3834537097833224,0.006040709126723572,2003-01-27T01:59:44Z,ls7,qdd0msz7qcm2,0.09499400052729477,0.2611721632322882,0.2543394173303711
0.28261048909840897,0.2513612256923983,0.10860144451739984,0.10428992339422512,0.335592221567472,0.019446081319976428,2003-02-28T01:59:55Z,ls7,qdd0msz7qcm2,0.1053846917313521,0.2539998536836114,0.2855771516975882
0.3802046035805627,0.44258312020460366,0.8459619172685489,0.1181756180733163,0.008525149190110827,0.0392156862745098,2003-03-16T01:59:58Z,ls7,qdd0msz7qcm2,0.11959426082708431,0.44789612255360567,0.38476878115468943
0.1532356052591809,0.3401526371467432,0.13105712409717662,0.12262203415445064,0.27399123469850384,0.10427686262656793,2003-04-17T01:59:59Z,ls7,qdd0msz7qcm2,0.12376097202534993,0.34331204257501,0.15465888807456815
0.3540297674418605,0.294466976744186,0.29415627051871307,0.14589023255813954,0.09544186046511628,0.10251162790697674,2003-05-03T02:00:00Z,ls7,qdd0msz7qcm2,0.14729691640138823,0.297306247964014,0.35744334726250476
0.16330036875628562,0.30312101910828027,0.2165462902166776,0.1409738518270198,0.29098223265169293,0.0953737847804224,2003-05-11T01:46:22Z,ls5,qdd0msz7qcm2,0.14242415847215553,0.306239458610327,0.1649803654854022
0.12991134751773048,0.23861258865248225,0.40748522652659225,0.13924202127659574,0.3659131205673759,0.11990248226950355,2003-05-19T01:59:55Z,ls7,qdd0msz7qcm2,0.14100211666391776,0.2416287824192327,0.1315534980799701
0.21537659963436928,0.25667093235831806,0.2816808929743927,0.16143144424131628,0.3555758683729433,0.004753199268738574,2003-05-27T01:46:41Z,ls5,qdd0msz7qcm2,0.16300935993753934,0.2591797688172608,0.21748180360351796
0.03244444444444444,0.13024444444444444,0.9409061063690085,0.06211111111111111,0.4955555555555556,0.2777777777777778,2003-06-12T01:46:58Z,ls5,qdd0msz7qcm2,0.06262686173718203,0.13132595228680638,0.032713852642678266
0.0,0.0,0.027839789888378208,0.0,0.9351614210455221,0.06483857895447792,2003-06-28T01:47:21Z,ls5,qdd0msz7qcm2,0.0,0.0,0.0
0.10410759600744375,0.26747081712062254,0.223768877216021,0.17095753679580442,0.44087294873963795,0.010488918964642192,2003-07-22T01:59:46Z,ls7,qdd0msz7qcm2,0.17288038461356928,0.2704791997088115,0.10527854797333902
0.004329448111220335,0.004569582923746665,0.06487196323046618,0.004853250947900576,0.8816177503159669,0.10447970790619295,2003-07-30T01:47:55Z,ls5,qdd0msz7qcm2,0.00490627840132907,0.004619510971621757,0.00437675240488933
0.06289146911788421,0.26862764070311235,0.18568614576493758,0.17519754878245447,0.45395903886469924,0.033865505563618774,2003-08-07T01:59:37Z,ls7,qdd0msz7qcm2,0.17708493067901768,0.27152153362286485,0.06356899126979942
0.0980923402566477,0.21143802090223576,0.007353906762967877,0.16526392379944438,0.5061516073554703,0.013626141023944965,2003-08-31T01:48:29Z,ls5,qdd0msz7qcm2,0.16715326218719662,0.21385523308222576,0.09921375635116234
0.07725154666315652,0.21131630906936946,0.002363755745239615,0.16971172831380807,0.524549164143741,0.011846781624325392,2003-09-16T01:48:45Z,ls5,qdd0msz7qcm2,0.1716835050828602,0.21377146401525735,0.07814908513381605
0.05742875902823376,0.2100196979645437,0.0,0.17156664478003938,0.5365725541694025,0.019304005252790545,2003-10-02T01:48:57Z,ls5,qdd0msz7qcm2,0.17356297826750416,0.21246346759477333,0.05809699471552947
,,1.0,,,,2003-10-10T01:59:17Z,ls7,qdd0msz7qcm2,,,
0.09113762486126527,0.21210183129855714,0.05344714379514115,0.16244173140954496,0.5130410654827969,0.015815760266370698,2003-10-18T01:49:10Z,ls5,qdd0msz7qcm2,0.16434701467448443,0.2145895791582331,0.09220658041811484
0.10059698716756557,0.20640505858285288,0.29389363099146426,0.1588450809001302,0.5201785382183374,0.008368978984563883,2003-10-26T01:59:37Z,ls7,qdd0msz7qcm2,0.16075640158804486,0.20888864986767006,0.10180743134138384
0.09924443859418192,0.225521916546005,0.002363755745239615,0.1478688956166908,0.5170462024483349,0.004607081742793208,2003-11-03T01:49:15Z,ls5,qdd0msz7qcm2,0.14965578736511467,0.22824719051308331,0.1004437379306739
0.11608252202132592,0.2116736207695874,0.1502298095863428,0.14607015917168908,0.5166125791995055,0.0038633905115129036,2003-11-11T01:59:45Z,ls7,qdd0msz7qcm2,0.14782664267651768,0.21421898133739586,0.117478406275068
0.12342816724300534,0.22996227601383212,0.16454366382140517,0.14043696950644452,0.49764225086450803,0.0023577491354919836,2003-11-27T01:59:55Z,ls7,qdd0msz7qcm2,0.1421923589869276,0.232836685520398,0.12497095549267441
0.14827225130890054,0.4671204188481675,0.9749179251477348,0.1594764397905759,0.19895287958115182,0.015706806282722512,2003-12-05T01:49:45Z,ls5,qdd0msz7qcm2,0.1616315268147729,0.47343285694071036,0.15027593038064246
0.1439252928141817,0.21859765748654636,0.17032173342087986,0.12558088002532447,0.5026907249129471,0.0033238366571699905,2003-12-13T02:00:00Z,ls7,qdd0msz7qcm2,0.1270941185531797,0.22123173997856932,0.14565957989813386
0.11618227579811896,0.26459928467346666,0.008667104399212033,0.12706186249834417,0.48364021724731754,0.0025168896542588424,2003-12-21T01:49:53Z,ls5,qdd0msz7qcm2,0.1285629232860798,0.26772516054901835,0.11755480926332544
0.19157179269328803,0.36889832908524495,0.5363099146421537,0.18801472670631553,0.2237326536391957,0.018974794675729253,2003-12-29T02:00:08Z,ls7,qdd0msz7qcm2,0.19022716682912244,0.37323929470428124,0.19382609015167135
0.1547131661442006,0.267653605015674,0.16217990807616545,0.11731818181818182,0.4523510971786834,0.0020376175548589342,2004-01-14T02:00:09Z,ls7,qdd0msz7qcm2,0.11860646403744518,0.2705927349520535,0.15641208627695896
0.1553132578819725,0.3146523848019402,0.35022980958634276,0.12933104284559416,0.3906628940986257,0.0032336297493936943,2004-01-22T01:50:03Z,ls5,qdd0msz7qcm2,0.130799980269899,0.31822619549357867,0.15707730038850296
0.17950860596505055,0.27412166600972276,0.0005252790544977293,0.11814479043489687,0.4195243726185784,0.0024963868085665485,2004-02-07T01:50:08Z,ls5,qdd0msz7qcm2,0.11942674793374464,0.2770960868372873,0.18145640580182298
0.18569250117905992,0.2754614054393963,0.16467498358502952,0.12195409526803962,0.40905518000314417,0.0015720798616569722,2004-02-15T02:00:21Z,ls7,qdd0msz7qcm2,0.12326433365053464,0.2784208805231109,0.1876875259615534
0.20014336917562725,0.24291011855527986,0.04740643466841765,0.12268403639371382,0.427074717397298,0.0008271298593879239,2004-02-23T01:50:13Z,ls5,qdd0msz7qcm2,0.12406338204371309,0.24564117489495535,0.20239359580464567
0.18417265013054832,0.24944190600522193,0.19527248850952073,0.14558583550913837,0.41220626631853785,0.0021214099216710185,2004-03-02T02:00:23Z,ls7,qdd0msz7qcm2,0.14721259829779557,0.2522291470112026,0.1862305784507931
0.22844884945938457,0.21959384530080397,0.05265922521339461,0.12645550318824508,0.4173828666481841,0.0018020515663986693,2004-03-10T01:50:18Z,ls5,qdd0msz7qcm2,0.1278459422305955,0.22200838518454136,0.23096075437028046
0.18687009727016005,0.2674019454032005,0.16296782665791198,0.1301192343897082,0.4088484468151867,0.0004706620646375902,2004-03-18T02:00:30Z,ls7,qdd0msz7qcm2,0.1315196655697054,0.27027990594217033,0.18888131960829993
0.24435593681917214,0.24143790849673205,0.035587655942219354,0.12515931372549022,0.3815359477124183,0.0010893246187363835,2004-03-26T01:50:20Z,ls5,qdd0msz7qcm2,0.12647483048902405,0.2439755991130023,0.2469242980668191
,,1.0,,,,2004-04-03T02:00:30Z,ls7,qdd0msz7qcm2,,,
0.11795921198668148,0.35465038845726965,0.05344714379514115,0.14441592674805773,0.3734739178690344,0.003190899001109878,2004-04-11T01:50:47Z,ls5,qdd0msz7qcm2,0.14589271299039092,0.35827701625591624,0.11916545388354856
,,1.0,,,,2004-04-27T01:51:15Z,ls5,qdd0msz7qcm2,,,
0.24236719011025726,0.2506982960240561,0.21391989494418906,0.1367190110257267,0.3620113598396258,0.0010023387905111927,2004-05-05T02:00:25Z,ls7,qdd0msz7qcm2,0.13828244034735657,0.2535651180113282,0.24513874301117836
0.13183730923099718,0.2657623351607646,0.11372291529875245,0.16134093939842942,0.43265668987998224,0.0017780411912875981,2004-05-13T01:51:43Z,ls5,qdd0msz7qcm2,0.16325318723740886,0.2689122080509819,0.1333998736403395
,,1.0,,,,2004-05-21T02:00:25Z,ls7,qdd0msz7qcm2,,,
0.10191846895907888,0.24388517193091647,0.1560078791858175,0.18612105181266528,0.46102380581920027,0.0009335615372646647,2004-05-29T01:52:10Z,ls5,qdd0msz7qcm2,0.18826172592000323,0.24669022094408055,0.10309068577945138
0.09074074074074073,0.48395061728395067,0.9893630991464215,0.2917283950617283,0.12345679012345678,0.0,2004-06-06T02:00:20Z,ls7,qdd0msz7qcm2,0.2951370197974168,0.4896052126982118,0.09180097738091468
0.06003939592908732,0.2896336178594878,0.0,0.1917596848325673,0.4328299409061064,0.020354563361785948,2004-06-14T01:52:39Z,ls5,qdd0msz7qcm2,0.1936661147178421,0.29251308746932636,0.06063629354493916
0.19837638376383762,0.3707749077490774,0.9288246881155614,0.21854243542435423,0.0,0.20848708487084872,2004-06-30T01:53:08Z,ls5,qdd0msz7qcm2,0.2196020537255475,0.3725726358521403,0.19933822555146363
,,1.0,,,,2004-07-08T02:00:14Z,ls7,qdd0msz7qcm2,,,
0.08151506113927826,0.21578437220399646,0.11936966513460279,0.21017447062332237,0.4822546972860125,0.004324485535341485,2004-07-16T01:53:34Z,ls5,qdd0msz7qcm2,0.21263743340114336,0.21831307550082274,0.08247030827667996
0.062062317094164224,0.2554604923394732,0.2371634931057124,0.2076054398347392,0.4579101394388019,0.010845240144603202,2004-07-24T02:00:09Z,ls7,qdd0msz7qcm2,0.21002350042124826,0.2584359391699031,0.06278518082544356
0.030713854512526412,0.19213099909447628,0.12987524622455682,0.16313160277693933,0.47856927256263204,0.1311500150920616,2004-08-01T01:53:55Z,ls5,qdd0msz7qcm2,0.16495078154322423,0.194273567597133,0.031056363204949134
0.14590092879256966,0.15360990712074302,0.5758371634931057,0.1570526315789474,0.46594427244582043,0.0739938080495356,2004-08-09T02:00:02Z,ls7,qdd0msz7qcm2,0.1582560592163259,0.1547869546222446,0.14701890566607345
,,1.0,,,,2004-08-17T01:54:17Z,ls5,qdd0msz7qcm2,,,
0.0,0.0,0.9980302035456337,0.0,0.0,1.0,2004-08-25T02:00:01Z,ls7,qdd0msz7qcm2,0.0,0.0,0.0
0.07548887122416534,0.2485307366189719,0.008798424162836493,0.19251324854266033,0.46807101218865926,0.00980392156862745,2004-09-02T01:54:43Z,ls5,qdd0msz7qcm2,0.19459748088679416,0.25122143870671876,0.07630614664920028
0.062233625113190465,0.22551162088741322,0.12987524622455682,0.19707063084817386,0.4916993661334138,0.01780863265922125,2004-09-10T01:59:55Z,ls7,qdd0msz7qcm2,0.1993778931750395,0.22815186446355926,0.06296224356876626
0.12408719790986285,0.2017602873938602,0.19579776756401834,0.17791476159372957,0.4671783148269105,0.023514043109079032,2004-09-18T01:55:08Z,ls5,qdd0msz7qcm2,0.17987324035047927,0.20398125676861564,0.12545314494491555
0.11245577951460305,0.28946112710818594,0.6807616546290216,0.2751295763060469,0.20732208967503085,0.10777457836281365,2004-09-26T01:59:50Z,ls7,qdd0msz7qcm2,0.2783223431250793,0.29282020574465617,0.11376078309241999
0.11529295848660012,0.20173016290068313,0.0003939592908732692,0.18467551234892277,0.4858118759852864,0.006831318970047294,2004-10-04T01:55:29Z,ls5,qdd0msz7qcm2,0.186758287973736,0.20400528135431603,0.11659323571661424
0.11921602101116217,0.21380433355219963,0.0,0.16981746552856206,0.48588312541037426,0.005384110308601445,2004-10-20T01:55:50Z,ls5,qdd0msz7qcm2,0.17180829525859784,0.21631083676917653,0.12061363225325006
0.11055788005578801,0.23335037966837133,0.15259356533158241,0.16776693011002636,0.47683248101658143,0.005578800557880056,2004-10-28T02:00:03Z,ls7,qdd0msz7qcm2,0.1697058447918397,0.236047254891927,0.11183561874177185
,,1.0,,,,2004-11-05T01:56:09Z,ls5,qdd0msz7qcm2,,,
0.11092103205629399,0.2376278342455043,0.1602101116217991,0.1778889757623143,0.4663017982799062,0.0026583268178264267,2004-11-13T02:00:10Z,ls7,qdd0msz7qcm2,0.17944405186549495,0.23970513760228734,0.11189068543448505
0.1372868952432579,0.2348909066269142,0.03099146421536436,0.1588535031847134,0.46185119934950536,0.001761756335546822,2004-11-21T01:56:23Z,ls5,qdd0msz7qcm2,0.1604556270811885,0.237259909053849,0.13867150817991025
0.1476036067279348,0.2884029824865615,0.24267892317793827,0.16209294260447374,0.38963065718744583,0.0052020114444251775,2004-11-29T02:00:20Z,ls7,qdd0msz7qcm2,0.16400841045842365,0.29181106819998015,0.14934785270972514
0.15973415132924337,0.25829311520109066,0.03676953381483916,0.1283762781186094,0.4459441036128153,0.0009543285616905249,2004-12-07T01:56:46Z,ls5,qdd0msz7qcm2,0.12994996352855714,0.26145937078069514,0.16169223351624185
0.1412259059367772,0.28756977640709325,0.1483913328956008,0.1178905165767155,0.4437933693138011,0.003238242097147263,2004-12-15T02:00:26Z,ls7,qdd0msz7qcm2,0.11924524363349986,0.29087435567372666,0.14284878928182504
0.16613617606602477,0.2776231086657497,0.045305318450426735,0.11495873452544704,0.4332874828060523,0.001375515818431912,2004-12-23T01:57:03Z,ls5,qdd0msz7qcm2,0.11632061973755685,0.2809120349730252,0.16810434666493396
0.14525426405559064,0.2926658243840809,0.16848325673013786,0.1290571699305117,0.4245104232469994,0.0018951358180669614,2004-12-31T02:00:35Z,ls7,qdd0msz7qcm2,0.13056339410813583,0.29608152256566156,0.1469495242611362
0.1713663524100385,0.2930965343247909,0.01103086014445176,0.11252290532465807,0.41468596467932545,0.0015934138892577346,2005-01-08T01:57:15Z,ls5,qdd0msz7qcm2,0.11383632166562267,0.2965176846812589,0.17336661508453524
0.21304269293924463,0.2548144499178982,0.20026263952724888,0.12711165845648603,0.39704433497536945,0.0013136288998357964,2005-01-16T02:00:38Z,ls7,qdd0msz7qcm2,0.12853735664812907,0.2576724765132858,0.21543220296338
0.19013000656598816,0.2911621799080762,0.0,0.11248850952068284,0.3975049244911359,0.001969796454366382,2005-01-24T01:57:28Z,ls5,qdd0msz7qcm2,0.11376623394124315,0.29446940683460704,0.19228963827864756
0.1810311986863711,0.2848374384236453,0.20026263952724888,0.12507717569786536,0.4014778325123153,0.0008210180623973727,2005-02-01T02:00:42Z,ls7,qdd0msz7qcm2,0.12650698263901067,0.28809352846792285,0.1831006383183538
0.1996345246122724,0.30331625084288605,0.02626395272488513,0.1094497639919083,0.37950101146325016,0.0014834794335805799,2005-02-09T01:57:41Z,ls5,qdd0msz7qcm2,0.11063200799895594,0.3065925833512474,0.20179091775296584
,,1.0,,,,2005-02-17T02:00:51Z,ls7,qdd0msz7qcm2,,,
0.19385512750949538,0.3215830168204015,0.03191070256073536,0.11253933803581118,0.36394465545306565,0.0014921323928377645,2005-02-25T01:57:58Z,ls5,qdd0msz7qcm2,0.11371956135859004,0.3249555244544899,0.19588812634101663
0.2668103448275862,0.5049137931034482,0.9847669074195666,0.21758620689655175,0.0,0.0,2005-03-13T01:58:10Z,ls5,qdd0msz7qcm2,0.21993726036946676,0.5103694667131404,0.2696932729173928
0.2210256837891928,0.3268462308205471,0.2126066973079448,0.12663275517011344,0.29319546364242827,0.025350233488992662,2005-03-21T02:00:56Z,ls7,qdd0msz7qcm2,0.12793749214952374,0.3302138300120799,0.22330298070697532
0.12950369225485145,0.43063712862785514,0.2353250164149705,0.15969259831701874,0.23407178430362355,0.03863987635239567,2005-03-29T01:58:17Z,ls5,qdd0msz7qcm2,0.1613464470219116,0.4350970013142904,0.13084489100777888
0.21703741988836053,0.3223940458962167,0.36480630334865394,0.16962993591068845,0.2819929708497002,0.0006202191440975812,2005-04-06T02:00:52Z,ls7,qdd0msz7qcm2,0.17162163715805295,0.3261794191554063,0.21958575369274289
0.27234339700143767,0.36735058533579795,0.3606040709126723,0.1662004518381598,0.14869583076607107,0.03594167180119121,2005-04-14T01:58:21Z,ls5,qdd0msz7qcm2,0.168153060423939,0.371666409384316,0.27554302762448263
0.24049557522123893,0.37589380530973454,0.2580433355219961,0.142858407079646,0.05380530973451327,0.18,2005-04-22T02:00:46Z,ls7,qdd0msz7qcm2,0.14416552112542402,0.3793331273817451,0.24269604175831777
0.1381683264987307,0.33351884397578596,0.32751149047931716,0.16652997461433314,0.3442686975200156,0.01054481546572935,2005-05-08T02:00:51Z,ls7,qdd0msz7qcm2,0.1683484847293423,0.33716087534413725,0.1396771269407756
0.15437005039596832,0.3218070554355652,0.6351936966513461,0.20370410367170627,0.298776097912167,0.013678905687544997,2005-05-24T02:00:50Z,ls7,qdd0msz7qcm2,0.20600030603584404,0.325434543091279,0.15611014727316502
,,1.0,,,,2005-06-01T01:58:41Z,ls5,qdd0msz7qcm2,,,
0.04214912280701754,0.08223684210526318,0.970059093893631,0.09197368421052633,0.618421052631579,0.16228070175438597,2005-06-17T01:58:48Z,ls5,qdd0msz7qcm2,0.09322287067760622,0.0833537827947123,0.04272159214171652
0.04462182316238016,0.23718916451072894,0.13709783322390023,0.1963217166336935,0.4743570232841272,0.042459290823314566,2005-06-25T02:00:39Z,ls7,qdd0msz7qcm2,0.1983956541967773,0.23969482474165033,0.04509320695413059
0.2417142109395446,0.2753415336299398,0.4982271831910703,0.2020230306202565,0.23266160690918608,0.041350431824129806,2005-07-03T01:58:51Z,ls5,qdd0msz7qcm2,0.20396414577834893,0.2779871212292375,0.24403669425909766
0.08644910773298084,0.23922504957038998,0.20525279054497703,0.19605750165234634,0.46629213483146065,0.006278916060806345,2005-07-11T02:00:40Z,ls7,qdd0msz7qcm2,0.19819844221866834,0.24183737814128964,0.0873931287477751
0.10606909297696901,0.23856553881148707,0.07629678266579121,0.18741256752914415,0.4560705146431618,0.006113164628945123,2005-07-19T01:59:02Z,ls5,qdd0msz7qcm2,0.1894447290690922,0.241152364866545,0.10721922679225572
0.06880821474773609,0.2497024579560155,0.18791858174655285,0.1881807891332471,0.47283311772315656,0.014715394566623545,2005-07-27T02:00:39Z,ls7,qdd0msz7qcm2,0.1903200124987266,0.2525410544723631,0.06959042073913015
0.42108695652173916,0.09256521739130434,0.9395929087327642,0.14508695652173914,0.10217391304347827,0.23478260869565218,2005-08-04T01:59:11Z,ls5,qdd0msz7qcm2,0.14603498692868602,0.09317005908635675,0.4238384322458268
0.07968624296057925,0.22440868865647629,0.1838476690741957,0.1854320193081255,0.4910699919549477,0.013676588897827836,2005-08-12T02:00:35Z,ls7,qdd0msz7qcm2,0.18760119623272675,0.22703381322196348,0.08061840969253417
0.1326053767009625,0.19902422834384337,0.604333552199606,0.18734483903086627,0.42117490872884167,0.05409890474610023,2005-08-20T01:59:17Z,ls5,qdd0msz7qcm2,0.18942116335786932,0.20122999418778661,0.1340750289794021
0.0,0.54,0.9998686802363755,0.45,0.0,0.0,2005-08-28T02:00:28Z,ls7,qdd0msz7qcm2,0.4545454545454546,0.5454545454545455,0.0
,,1.0,,,,2005-09-05T01:59:21Z,ls5,qdd0msz7qcm2,,,
0.09465508684863524,0.1665955334987593,0.7353906762967827,0.16765756823821343,0.4913151364764268,0.07543424317617867,2005-10-07T01:59:18Z,ls5,qdd0msz7qcm2,0.16935499805838627,0.1682822108700224,0.09561341141898591
0.06359729895641499,0.1611893799877225,0.14432042022324365,0.16579803560466547,0.5928483732351135,0.011817065684468999,2005-10-15T02:00:21Z,ls7,qdd0msz7qcm2,0.16781428251610706,0.1631495816775204,0.06437069688679005
0.07271700590938937,0.1682219304005253,0.0,0.15528693368351937,0.587655942219304,0.011293499671700591,2005-10-23T01:59:17Z,ls5,qdd0msz7qcm2,0.15717780220115873,0.1702703033358757,0.07360245257196105
,,1.0,,,,2005-10-31T02:00:34Z,ls7,qdd0msz7qcm2,,,
0.04317298622901339,0.1559535936615733,0.30387393302692056,0.12495944161478965,0.6515751744953783,0.020562158083380494,2005-11-08T01:59:26Z,ls5,qdd0msz7qcm2,0.12641562155933386,0.15777095529855667,0.043676090563350714
0.07491908876669286,0.1846944226237235,0.1641497045305318,0.1383095051060487,0.5809897879025923,0.016182246661429693,2005-11-16T02:00:44Z,ls7,qdd0msz7qcm2,0.14001436014652235,0.1869710356237917,0.07584256966566402
0.07249734466277216,0.1938515666489644,0.0108995403808273,0.14359930961232079,0.5792618162506639,0.005708975039830058,2005-11-24T01:59:50Z,ls5,qdd0msz7qcm2,0.14537911081866445,0.19625420530443488,0.07339589258640677
0.07154725609756098,0.20400000000000001,0.13854235062376885,0.1520045731707317,0.5591463414634147,0.008231707317073171,2005-12-02T02:00:50Z,ls7,qdd0msz7qcm2,0.15380711889819967,0.20641913332430098,0.07239569899701148
0.06939675539455033,0.20570483540715073,0.1662508207485226,0.15021263191053708,0.5652858717908332,0.004252638210741849,2005-12-18T02:00:52Z,ls7,qdd0msz7qcm2,0.15203054564329332,0.20819433073404,0.0702366136210916
0.07254467036352434,0.22748151571164513,0.1474720945502298,0.14777726432532348,0.5388170055452866,0.008163894023413432,2006-01-19T02:01:09Z,ls7,qdd0msz7qcm2,0.1494984535938332,0.2301310352125966,0.07338961162487016
0.06952713382507902,0.23642650158061118,0.0030203545633618045,0.1501290832455216,0.5318756585879874,0.006717597471022129,2006-01-27T02:01:20Z,ls5,qdd0msz7qcm2,0.15188159655778702,0.23918639714804596,0.07033875023515754
0.08751384615384616,0.22139076923076922,0.14642153644123446,0.15356153846153847,0.528,0.004,2006-02-04T02:01:15Z,ls7,qdd0msz7qcm2,0.15539904791369347,0.22403991976127982,0.0885610323250267
0.07592120814182536,0.23492449113591599,0.0,0.15651214707813524,0.5210768220617202,0.006040709126723572,2006-02-12T02:01:42Z,ls5,qdd0msz7qcm2,0.15836227226395716,0.23770152618355334,0.0768186703640457
0.09855628935647366,0.21850099831055136,0.14497701904136573,0.15103977883581632,0.5217324527722316,0.004454000921517432,2006-02-20T02:01:19Z,ls7,qdd0msz7qcm2,0.1528843019209042,0.2211693691106481,0.09975987527469873
0.07466579120157585,0.23496520026263953,0.0,0.16593040052527905,0.5128036769533815,0.006040709126723572,2006-02-28T02:02:02Z,ls5,qdd0msz7qcm2,0.16788230726366113,0.23772919140727655,0.0755441152489573
0.09293809670465045,0.21985679088389282,0.147209455022981,0.1643132121958731,0.5138589467200493,0.0035417308284570372,2006-03-08T02:01:20Z,ls7,qdd0msz7qcm2,0.1662043568562089,0.22238720819216745,0.09400775740311731
0.1431122448979592,0.2723044217687075,0.8455679579776756,0.14778911564625852,0.4005102040816326,0.02976190476190476,2006-04-09T02:01:17Z,ls7,qdd0msz7qcm2,0.14950056238278983,0.27545779684603444,0.14476953192763825
0.13675431499460627,0.20975188781014023,0.02613263296126067,0.16311084142394824,0.4809870550161812,0.00337108953613808,2006-04-17T02:02:57Z,ls5,qdd0msz7qcm2,0.1650391757261037,0.21223162341002516,0.13837105631155194
0.11451651893634167,0.225737308622079,0.34812869336835195,0.17124899274778405,0.4371474617244158,0.04593070104754231,2006-04-25T02:01:16Z,ls7,qdd0msz7qcm2,0.173063256819666,0.2281288385350143,0.11572974187336173
0.12328654808226794,0.21452890494719293,0.05502298095863423,0.1659338521400778,0.4877709838799333,0.0023624235686492494,2006-05-03T02:03:12Z,ls5,qdd0msz7qcm2,0.16794887240810857,0.21713403998125527,0.12478368016205359
0.11940148819152378,0.2071384665156907,0.18818122127380166,0.17681818181818182,0.4881915237787124,0.0024263992235522484,2006-05-11T02:01:18Z,ls7,qdd0msz7qcm2,0.17893425410232616,0.20961739692582654,0.1208304259695826
0.10046875,0.2566710805084746,0.008273145108338764,0.1658249470338983,0.467823093220339,0.0031779661016949155,2006-05-19T02:03:24Z,ls5,qdd0msz7qcm2,0.16773829727338466,0.25963264740262665,0.1016279960019547
0.10169567379413227,0.21733631692358696,0.2077478660538411,0.1831045914138903,0.48848002652080225,0.0036466103099618763,2006-05-27T02:01:18Z,ls7,qdd0msz7qcm2,0.18519651418013525,0.2198193283314035,0.1028575206576972
0.12022296080875225,0.21422517656834233,0.05173998686802361,0.1749729954299958,0.4810968009970918,0.0033236393851267137,2006-06-04T02:03:39Z,ls5,qdd0msz7qcm2,0.1770882559027314,0.21681495933536998,0.12167634437968011
0.1261013215859031,0.21505252456794308,0.22495075508864082,0.18387665198237885,0.465604879701796,0.003049813622500847,2006-06-12T02:01:15Z,ls7,qdd0msz7qcm2,0.1860882298931304,0.21763907053698434,0.12761800624558836
,,1.0,,,,2006-06-20T02:03:53Z,ls5,qdd0msz7qcm2,,,
0.088843321299639,0.21711768953068591,0.09061063690085358,0.18790180505415166,0.49660649819494584,0.003754512635379061,2006-07-06T02:04:08Z,ls5,qdd0msz7qcm2,0.19009948698460954,0.21965707771233134,0.08988242447273419
0.3507078810759792,0.23455167531854648,0.44346684175968487,0.22534922133081642,0.13260972156677678,0.049079754601226995,2006-07-14T02:01:02Z,ls7,qdd0msz7qcm2,0.22749030656911395,0.23678019479900775,0.3540400224638745
0.04864926372155288,0.2686425702811245,0.019041365725541715,0.19004685408299868,0.478714859437751,0.008299866131191432,2006-07-22T02:04:21Z,ls5,qdd0msz7qcm2,0.19216204063677192,0.2716325127096456,0.049190721084640066
0.14990909090909094,0.3416363636363636,0.9855548260013132,0.2722727272727272,0.00909090909090909,0.21818181818181817,2006-07-30T02:00:56Z,ls7,qdd0msz7qcm2,0.2754484862911428,0.34562117244811846,0.15165761398801156
0.03070244055068836,0.20898466833541926,0.16060407091267237,0.1486498748435544,0.5772841051314143,0.030193992490613268,2006-08-23T02:04:45Z,ls5,qdd0msz7qcm2,0.15025180218852976,0.21123679438153567,0.031033305807906975
0.13456729456729458,0.2618918918918919,0.5189757058437294,0.22763308763308765,0.28665028665028663,0.08217308217308217,2006-09-16T02:00:46Z,ls7,qdd0msz7qcm2,0.23021705501091344,0.264864746638986,0.13609482952673171
0.15398284897570272,0.2124297284421153,0.17307944845699275,0.17284421152929969,0.435127838653327,0.019691916785771,2006-09-24T02:05:09Z,ls5,qdd0msz7qcm2,0.17474281537829778,0.214763158624667,0.15567427055793723
0.11420720443349754,0.20006619458128078,0.14694681549573207,0.16897013546798031,0.5046182266009852,0.00646551724137931,2006-10-02T02:00:39Z,ls7,qdd0msz7qcm2,0.17095364995183585,0.20241474092991663,0.11554786527588301
0.14188968065452626,0.19284771707574558,0.00485883125410369,0.15422802850356296,0.5,0.005278437582475587,2006-10-10T02:05:19Z,ls5,qdd0msz7qcm2,0.15604361195339145,0.19511793427852747,0.14356001618560552
0.12087882183448057,0.19788858652153035,0.17964543663821408,0.16358892268288777,0.5061629582199456,0.005762766127741316,2006-10-18T02:00:46Z,ls7,qdd0msz7qcm2,0.16552813719937237,0.20023439584245276,0.12231174261048798
0.13858405911850094,0.20698469253101082,0.00485883125410369,0.15195830034309846,0.49142253892847715,0.005146476642913698,2006-10-26T02:05:29Z,ls5,qdd0msz7qcm2,0.15376152196636853,0.2094408878978655,0.14022857456437515
0.1411893927506669,0.21160520947748312,0.16309914642153645,0.15525027459595167,0.483916522830692,0.0018829436686019143,2006-11-03T02:01:01Z,ls7,qdd0msz7qcm2,0.15713134344037213,0.21416909522841715,0.14290009483191685
0.16003957783641162,0.3781662269129287,0.8009192383453709,0.2872427440633245,0.16029023746701848,0.00395778364116095,2006-11-11T02:05:37Z,ls5,qdd0msz7qcm2,0.29082817108171155,0.3828865808137262,0.16203722699638282
0.15446697867914716,0.21860634425377012,0.24241628365068946,0.13366614664586585,0.4836193447737909,0.003466805338880222,2006-11-19T02:01:13Z,ls7,qdd0msz7qcm2,0.13529480530246396,0.2212699589676696,0.15634908561719535
0.16192641261498028,0.2492483574244415,0.0006565988181220783,0.11730749014454665,0.4612352168199737,0.0038107752956636006,2006-11-27T02:05:46Z,ls5,qdd0msz7qcm2,0.11874402744537811,0.25230063108718875,0.16390934935179577
0.15758234729772946,0.2449744163735209,0.17872619829284309,0.13271186440677965,0.4566677326511033,0.0015989766549408379,2006-12-05T02:01:21Z,ls7,qdd0msz7qcm2,0.1343146809805828,0.24793307464025818,0.15948553507311497
0.1827627186540259,0.2520336493523835,0.01654629021667764,0.1126719188142609,0.44518627320069437,0.0008011750567498998,2006-12-13T02:05:54Z,ls5,qdd0msz7qcm2,0.11401876374341609,0.255046380884597,0.1849474071145426
0.09210696920583468,0.33226904376012967,0.9189757058437295,0.13165316045380876,0.42787682333873583,0.011345218800648298,2006-12-21T02:01:26Z,ls7,qdd0msz7qcm2,0.13277754836335975,0.3351067978575943,0.09289361163966188
0.19751018263040337,0.2648574431743529,0.0005252790544977293,0.10332545000656945,0.42543686769149913,0.002364998029168309,2006-12-29T02:06:01Z,ls5,qdd0msz7qcm2,0.10451361744623956,0.26790311091752783,0.19978140591556517
0.19105521071545245,0.26327507350539037,0.19606040709126726,0.11413917020581509,0.42453446586082977,0.0004900359359686377,2007-01-06T02:01:27Z,ls7,qdd0msz7qcm2,0.11544547511313215,0.2662882154432037,0.19324180764686572
0.215008949469916,0.24677543714718436,0.04622455679579773,0.10393638992152004,0.42668318876497313,0.0006884207627702051,2007-01-14T02:06:07Z,ls5,qdd0msz7qcm2,0.10520548323576344,0.2497886364476359,0.21763427078885733
0.2105286137533136,0.2558303446125058,0.15784635587655937,0.11415406206143769,0.4124434741930454,0.0004677997816934352,2007-01-22T02:01:30Z,ls7,qdd0msz7qcm2,0.11544713125802493,0.2587282383203328,0.2129133564469035
0.22029021667760998,0.27404858831254103,0.0,0.09831516743269864,0.3996060407091267,0.0011818778726198293,2007-01-30T02:06:11Z,ls5,qdd0msz7qcm2,0.09940308992023238,0.2770811175721406,0.22272787392588053
0.22713391136801545,0.2794910083493899,0.18214051214707816,0.10806037251123957,0.3774887604367373,0.0009633911368015414,2007-02-07T02:01:37Z,ls7,qdd0msz7qcm2,0.10926679535637818,0.2826113412674396,0.22966971180264345
0.2541713608064038,0.2797924696116217,0.11411687458962572,0.11075155647791284,0.3462792766083605,0.0017788319003854136,2007-02-15T02:06:13Z,ls5,qdd0msz7qcm2,0.1119929517479705,0.2829286155893343,0.2570203241539493
0.2239805036555646,0.19792038992688873,0.8383453709783322,0.04696181965881397,0.5264012997562957,0.0,2007-02-23T02:01:42Z,ls7,qdd0msz7qcm2,0.047436181473549464,0.1999195857847361,0.22624293298541878
0.21290747028862478,0.27753537068477646,0.07183191070256079,0.11184917940011319,0.388228636106395,0.0024052065647990947,2007-03-03T02:06:12Z,ls5,qdd0msz7qcm2,0.11316288834303205,0.2807951236878863,0.2154081452978874
0.2631084990958409,0.27059312839059674,0.2738017071569271,0.12398372513562386,0.3345388788426763,0.0003616636528028933,2007-03-11T02:01:45Z,ls7,qdd0msz7qcm2,0.12538139704394408,0.2736435320925529,0.26607452836802387
0.27040400972053463,0.42616494532199267,0.1353906762967827,0.11195321992709602,0.1591737545565006,0.025364520048602672,2007-03-19T02:06:09Z,ls5,qdd0msz7qcm2,0.11291411505033118,0.429822721470998,0.27272488887356744
0.1308095238095238,0.501547619047619,0.9448456992777413,0.35540476190476195,0.0,0.0,2007-03-27T02:01:46Z,ls7,qdd0msz7qcm2,0.35980812804319534,0.5077616545340596,0.13243021742274502
0.3204710144927536,0.46557971014492755,0.9637557452396586,0.2038405797101449,0.0,0.0,2007-04-04T02:06:06Z,ls5,qdd0msz7qcm2,0.20592218440027815,0.4703341751766041,0.3237436404231177
0.3062793132328308,0.3111997487437186,0.3728168089297439,0.14968383584589617,0.032663316582914576,0.19179229480737017,2007-04-12T02:01:45Z,ls7,qdd0msz7qcm2,0.1513191778243816,0.31459970178433055,0.3096255090010031
0.17043478260869566,0.6545893719806763,0.972816808929744,0.16396135265700484,0.0,0.0,2007-04-20T02:06:00Z,ls5,qdd0msz7qcm2,0.1657874169597499,0.6618796404845643,0.1723329425556858
0.2595049305695311,0.2965123767357617,0.34747209455022976,0.15816059569329843,0.22016502314348962,0.05775810022137251,2007-04-28T02:01:42Z,ls7,qdd0msz7qcm2,0.1599098886502444,0.29979187255453693,0.2623751154303565
0.20443017910920908,0.36808210492946586,0.17150361129349967,0.14330797273735935,0.2452052623236646,0.03296877476620701,2007-05-14T02:01:37Z,ls7,qdd0msz7qcm2,0.14451032145938306,0.37117030051278366,0.20614534093796166
0.22124912891986068,0.42227526132404175,0.2462245567957978,0.15662717770034845,0.16881533101045296,0.023693379790940768,2007-05-22T02:05:41Z,ls5,qdd0msz7qcm2,0.15806390527951258,0.42614875584045125,0.22327862807864238
0.13801595052083335,0.3950553385416667,0.19317137229152992,0.154560546875,0.27001953125,0.03662109375,2007-05-30T02:01:29Z,ls7,qdd0msz7qcm2,0.1558479386499038,0.39834590009669074,0.13916553625340547
0.0774550898203593,0.49834730538922156,0.12278397898883786,0.1697215568862275,0.20164670658682635,0.04790419161676647,2007-06-15T02:01:30Z,ls7,qdd0msz7qcm2,0.17084278722729634,0.5016395337274688,0.07796678084164196
0.003501577287066246,0.18598107255520502,0.7918581746552856,0.0869148264984227,0.35331230283911674,0.36908517350157727,2007-06-23T02:05:08Z,ls5,qdd0msz7qcm2,0.0872937607781643,0.18679191929578448,0.003516843585357229
0.15276559865092748,0.3113674689560018,0.14340118187787265,0.1247125555725893,0.28468496090755785,0.12218304461137514,2007-07-01T02:01:29Z,ls7,qdd0msz7qcm2,0.12562037300063209,0.31363399948731874,0.15387762199311603
0.1524963830067079,0.3349611995265027,0.0015758371634930768,0.16623964224648166,0.32815993686702616,0.011968959621202157,2007-07-09T02:04:57Z,ls5,qdd0msz7qcm2,0.16780970152283844,0.33812475865974734,0.15393664332918586
0.21560240963855418,0.27693809721645196,0.36782665791201574,0.2082779393435812,0.2829248026589115,0.008932280847528043,2007-07-17T02:01:26Z,ls7,qdd0msz7qcm2,0.21045471649334815,0.27983246290789593,0.21785573709231634
0.0,0.0,0.9717662508207485,0.0,0.023255813953488372,0.9767441860465116,2007-07-25T02:04:49Z,ls5,qdd0msz7qcm2,0.0,0.0,0.0
0.05419925195511731,0.29846480788847335,0.22757715036112935,0.20852601156069367,0.3832029921795308,0.04947296837810269,2007-08-02T02:01:21Z,ls7,qdd0msz7qcm2,0.21080526052677273,0.3017271136300896,0.05479166528550417
,,1.0,,,,2007-08-10T02:04:40Z,ls5,qdd0msz7qcm2,,,
0.1174145383104126,0.26432416502946954,0.3315824031516743,0.19820235756385068,0.4078585461689587,0.005893909626719057,2007-08-18T02:01:15Z,ls7,qdd0msz7qcm2,0.20035767978946795,0.26719851907176295,0.1186913453430913
,,1.0,,,,2007-08-26T02:04:30Z,ls5,qdd0msz7qcm2,,,
0.1150086385625432,0.28334657912923294,0.23992120814182538,0.1848030407740152,0.4075673807878369,0.0034554250172771253,2007-09-03T02:01:08Z,ls7,qdd0msz7qcm2,0.18664706338913578,0.2861739000306801,0.11615623077507016
0.08437799043062201,0.2728708133971292,0.9451083388049901,0.15074162679425837,0.4784688995215311,0.009569377990430622,2007-09-11T02:04:22Z,ls5,qdd0msz7qcm2,0.15192007221423795,0.27500402216721126,0.08503762810658899
0.04858114674441205,0.14204081632653062,0.8648719632304662,0.08608357628765792,0.586977648202138,0.13508260447035958,2007-09-19T02:01:02Z,ls7,qdd0msz7qcm2,0.08646754054110968,0.14267437034870842,0.048797836437684275
0.16810075566750632,0.24306129303106638,0.21799080761654632,0.19687993282955502,0.38287153652392947,0.0025188916876574307,2007-10-05T02:00:53Z,ls7,qdd0msz7qcm2,0.19900647469439042,0.24568664955127134,0.1699164475427514
0.20413612565445027,0.32010471204188484,0.8244254760341432,0.2488930441286462,0.17277486910994763,0.0456245325355273,2007-10-21T02:01:06Z,ls7,qdd0msz7qcm2,0.25161871286513743,0.32361023148727813,0.20637165400210944
0.3226477404403245,0.4083864426419467,0.5466841759684833,0.21044901506373118,0.013615295480880649,0.03563151796060255,2007-11-06T02:01:16Z,ls7,qdd0msz7qcm2,0.21252112844282017,0.41240747838488273,0.3258245797308138
0.3240506923257452,0.47687162637878433,0.44044648719632307,0.18596338887585076,0.003989673785496362,0.0,2007-11-22T02:01:25Z,ls7,qdd0msz7qcm2,0.18768278251015677,0.4812807202533008,0.32704682345104596
0.30308448540706606,0.5486497695852535,0.1451083388049902,0.1423932411674347,0.0006144393241167435,0.0,2007-12-08T02:01:31Z,ls7,qdd0msz7qcm2,0.14314637680809583,0.5515516467553172,0.3046875371124703
0.44472757881848796,0.416421793694521,0.14195666447800392,0.1320064279155188,0.0,0.0,2007-12-24T02:01:34Z,ls7,qdd0msz7qcm2,0.13291613245229053,0.4192915084570245,0.447792359090685
0.46135877862595415,0.40559236641221375,0.13985554826001312,0.12556030534351145,0.0,0.0,2008-01-09T02:01:36Z,ls7,qdd0msz7qcm2,0.12650766426445365,0.40865258154577405,0.4648397541897722
0.44938542350623767,0.4387813525935654,0.0,0.10404858831254105,0.0,0.0,2008-01-17T02:02:20Z,ls5,qdd0msz7qcm2,0.10486492352813499,0.4422239045385483,0.45291117193331676
0.47052623597209586,0.39973005762814673,0.13407747866053843,0.12223688201395207,0.0,0.0,2008-01-25T02:01:35Z,ls7,qdd0msz7qcm2,0.1231614332645733,0.4027534571013828,0.4740851096340439
0.4656375574523966,0.41474326986211424,0.0,0.11171897570584373,0.0,0.0,2008-02-02T02:02:03Z,ls5,qdd0msz7qcm2,0.11260860587385041,0.4180459149366499,0.46934547918949976
0.38425853121559994,0.46652461078785973,0.16493762311227844,0.14100330240603867,0.0,0.0,2008-02-10T02:01:32Z,ls7,qdd0msz7qcm2,0.14217103208139822,0.4703881701726874,0.38744079774591433
0.48894024950755094,0.4190899540380827,0.0,0.08283782009192384,0.0,0.0,2008-02-18T02:01:46Z,ls5,qdd0msz7qcm2,0.08360126486655552,0.4229523448537265,0.4934463902797179
0.5821366103739446,0.3274034981905911,0.12908732764281028,0.08209137515078409,0.0,0.0,2008-02-26T02:01:28Z,ls7,qdd0msz7qcm2,0.08278415570592261,0.3301665019387212,0.5870493423553562
0.7420000000000001,0.236,0.9993434011818779,0.014000000000000002,0.0,0.0,2008-03-13T02:01:22Z,ls7,qdd0msz7qcm2,0.014112903225806453,0.23790322580645157,0.747983870967742
0.6513509060955518,0.24779391942489143,0.12317793827971113,0.09193799610603565,0.0,0.0,2008-03-29T02:01:23Z,ls7,qdd0msz7qcm2,0.09276519994076278,0.2500234228843091,0.6572113771749281
0.594418217582085,0.30513542139506733,0.13210768220617208,0.09169465879860796,0.0,0.0,2008-04-14T02:01:22Z,ls7,qdd0msz7qcm2,0.09250422825881217,0.3078294531044884,0.5996663186366995
0.03461052240193345,0.7506804238706078,0.29363099146421534,0.16275329986986428,0.002974530581892545,0.045919315857966166,2008-04-30T02:01:19Z,ls7,qdd0msz7qcm2,0.1632789457330824,0.753104903495426,0.03472230433163282
0.2202456622573441,0.6449922693695241,0.2355876559422193,0.11049647826833878,0.009620340147740937,0.008761381205978355,2008-05-16T02:01:14Z,ls7,qdd0msz7qcm2,0.11116279357811308,0.648881698521495,0.22157378654667267
0.0696745247148289,0.696322433460076,0.1365725541694025,0.17138098859315593,0.04273764258555133,0.015665399239543725,2008-06-01T02:01:06Z,ls7,qdd0msz7qcm2,0.17215235125245862,0.6994564865917275,0.06998812033071876
0.016008583690987125,0.007167381974248927,0.9694024950755089,0.006781115879828326,0.5579399141630901,0.41201716738197425,2008-06-17T02:00:57Z,ls7,qdd0msz7qcm2,0.006800546011289164,0.007187918885349939,0.016054453558296572
0.06565071624504724,0.3272645534897897,0.13827971109652004,0.17393629990856443,0.38128619323377017,0.04617494666260286,2008-07-03T02:00:47Z,ls7,qdd0msz7qcm2,0.17568142387422483,0.33054803839608243,0.06630939783331967
0.1643425814234017,0.2630518697225573,0.8911359159553512,0.26466827503015683,0.2822677925211098,0.016887816646562123,2008-07-19T02:00:35Z,ls7,qdd0msz7qcm2,0.2680266816435214,0.2663897655804326,0.16642794360837407
0.13622655892666566,0.26783503582863244,0.1386736703873933,0.1632352492758042,0.4092087208415917,0.016923311480408598,2008-08-04T02:00:28Z,ls7,qdd0msz7qcm2,0.16512603893523797,0.2709374277349491,0.13780450100781247
0.22950074515648286,0.2477630402384501,0.11884438608010506,0.1520640834575261,0.3593144560357675,0.004172876304023845,2008-08-20T02:00:22Z,ls7,qdd0msz7qcm2,0.1538001417184122,0.2505916573778048,0.23212086856399164
0.2483450274557657,0.23608602806589388,0.13906762967826658,0.14534472239170226,0.35906040268456374,0.003965832824893227,2008-09-05T02:00:14Z,ls7,qdd0msz7qcm2,0.14700593166257314,0.23878435994951883,0.25118347287845105
0.22804145441770596,0.22453715088705428,0.25239658568614576,0.16707535569998244,0.37027929035657825,0.002810468997013877,2008-10-07T01:59:55Z,ls7,qdd0msz7qcm2,0.16903184364080667,0.22716652866773915,0.23071186833786203
0.37727542372881356,0.18247245762711867,0.38017071569271177,0.13878601694915252,0.2940677966101695,0.0014830508474576272,2008-10-15T01:55:20Z,ls5,qdd0msz7qcm2,0.13996127068676895,0.18401765247132904,0.38047022938427494
0.43356152512998264,0.35021663778162915,0.848456992777413,0.2043327556325823,0.0,0.0,2008-10-23T02:00:03Z,ls7,qdd0msz7qcm2,0.20679131441400356,0.3544304907566563,0.43877819482934016
0.31676531031648175,0.36422112618166874,0.6804990151017728,0.1783723797780518,0.12371557747636662,0.006165228113440197,2008-10-31T01:54:47Z,ls5,qdd0msz7qcm2,0.18060585224463876,0.3687816857149791,0.3207316564505753
0.2086545875096376,0.365851966075559,0.31871306631648066,0.14945258288357752,0.2634926754047803,0.005397070161912105,2008-11-08T02:00:18Z,ls7,qdd0msz7qcm2,0.150928844452038,0.3694657757993011,0.21071563418196848
0.3718674937310281,0.4942826976375875,0.0049901510177281505,0.127652105054771,0.0,0.0,2008-11-16T01:54:32Z,ls5,qdd0msz7qcm2,0.12844818885424247,0.4973652198394697,0.3741865913062879
0.08670157068062828,0.7367277486910995,0.8996717005909389,0.15640052356020945,0.002617801047120419,0.015706806282722512,2008-11-24T02:00:30Z,ls7,qdd0msz7qcm2,0.15669511036770073,0.7381154056537286,0.08686487664872788
,,1.0,,,,2008-12-02T01:55:04Z,ls5,qdd0msz7qcm2,,,
0.04961170512099043,0.6629825548677546,0.5332895600787919,0.16106921778277994,0.032076533483398985,0.09088351153629713,2008-12-10T02:00:41Z,ls7,qdd0msz7qcm2,0.16169170751334142,0.6655448062875334,0.049803441179429045
0.5349560078791858,0.35287852921864743,0.0,0.10420617202889035,0.0,0.0,2008-12-18T01:55:33Z,ls5,qdd0msz7qcm2,0.10504223372105491,0.3557097263974987,0.5392480398814464
0.5182615291262136,0.3558995752427185,0.13434011818778724,0.11721632281553399,0.0,0.0,2008-12-26T02:00:49Z,ls7,qdd0msz7qcm2,0.118235819781,0.3589950360817486,0.5227691441372514
0.5550898494414763,0.2978290432248665,0.7296126066973079,0.13812044681884408,0.0,0.0,2009-01-03T01:55:59Z,ls5,qdd0msz7qcm2,0.13936928769204382,0.3005219181103135,0.5601087941976427
0.5988835317161368,0.28307066445683293,0.1284307288246881,0.10875847521470543,0.0,0.0,2009-01-11T02:00:55Z,ls7,qdd0msz7qcm2,0.10977801975861395,0.28572427973525405,0.6044977005061319
0.5148735495388277,0.35939155013388874,0.11726854891661198,0.11663939303778638,0.0,0.0,2009-02-12T02:01:07Z,ls7,qdd0msz7qcm2,0.11771002543215141,0.3626904033413103,0.5195995712265382
0.5481686620181555,0.33939744770424946,0.001838476690741997,0.10287725299302723,0.0,0.0,2009-02-20T01:57:14Z,ls5,qdd0msz7qcm2,0.1038698999516495,0.3426722420288084,0.5534578580195421
0.49821860534567713,0.37472450350903386,0.1205515430072226,0.11714797670598776,0.0,0.0,2009-02-28T02:01:16Z,ls7,qdd0msz7qcm2,0.11832040346029946,0.37847477769868365,0.5032048188410169
0.5825442809966977,0.29409636745722006,0.12514773473407748,0.11373611528069649,0.0,0.0,2009-03-16T02:01:24Z,ls7,qdd0msz7qcm2,0.11484125985731801,0.29695402621141,0.5882047139312719
0.4402501068832834,0.45018811457887986,0.38568614576493765,0.09314878153056862,0.00021376656690893543,0.007481829841812741,2009-03-24T01:57:59Z,ls5,qdd0msz7qcm2,0.09397434677431193,0.45417807187553744,0.44415198494142893
0.5091703169286267,0.35091213604741045,0.4903479973736047,0.12744653439835094,0.0,0.002061324400927596,2009-04-01T02:01:30Z,ls7,qdd0msz7qcm2,0.12878996705234388,0.35461115245828434,0.5145375560884442
0.5498352246230375,0.3194077413337479,0.15521996060407095,0.11998134618374011,0.0,0.0,2009-04-17T02:01:35Z,ls7,qdd0msz7qcm2,0.1212883111658663,0.3228870716315088,0.5558246172026249
0.39146672702580354,0.48372566772295167,0.7099146421536442,0.11425079221367135,0.0,0.0,2009-04-25T01:58:37Z,ls5,qdd0msz7qcm2,0.11546978514695654,0.48888675377914426,0.39564346107389914
0.5157383966244726,0.3434599156118144,0.9688772160210112,0.13130801687763713,0.0,0.0,2009-05-03T02:01:39Z,ls7,qdd0msz7qcm2,0.13256656017039403,0.34675186368477107,0.5206815761448349
0.5711923834537098,0.30524228496388706,0.0,0.11323177938279712,0.0,0.0,2009-05-11T01:58:55Z,ls5,qdd0msz7qcm2,0.11441408328479057,0.30842945685620676,0.5771564598590027
0.5467531278608484,0.32187213915166313,0.1393302692055154,0.12175617943240769,0.0,0.0,2009-05-19T02:01:41Z,ls7,qdd0msz7qcm2,0.1229386716294662,0.324998151275004,0.5520631770955298
0.16145312500000003,0.67103125,0.9159553512803678,0.15837500000000002,0.0,0.0015625,2009-06-04T02:01:41Z,ls7,qdd0msz7qcm2,0.15958625719467004,0.676163319009698,0.16268792379563196
0.02514542936288089,0.023644967682363804,0.43112278397898884,0.009192059095106186,0.4935364727608495,0.44806094182825484,2009-06-20T02:01:39Z,ls7,qdd0msz7qcm2,0.009258662915287295,0.023816294385054684,0.025327628110553623
0.09460874257960063,0.4647328656233135,0.7566644780039395,0.24369131138694014,0.14247166756610902,0.04749055585536967,2009-06-28T01:59:47Z,ls5,qdd0msz7qcm2,0.24581703094837246,0.4687867308911127,0.09543401473903614
0.14073933026920551,0.3453420879842416,0.0,0.18579382797110966,0.31464215364412346,0.007091267235718976,2009-07-14T02:00:04Z,ls5,qdd0msz7qcm2,0.18756122483709636,0.34862721607844055,0.1420781382046206
,,1.0,,,,2009-07-22T02:01:32Z,ls7,qdd0msz7qcm2,,,
0.08677006474928475,0.33042463484414997,0.12790544977019036,0.19461677458214122,0.3740400542087035,0.007528986598403855,2009-08-07T02:01:26Z,ls7,qdd0msz7qcm2,0.19672242783946361,0.33399965919728186,0.08770887215614727
0.11708303761533002,0.16332150461320086,0.8149704530531845,0.19127040454222852,0.20511000709723207,0.3179559971611072,2009-08-15T02:00:33Z,ls5,qdd0msz7qcm2,0.19340301818019767,0.1651424955236627,0.11838848203780043
0.0,0.0,0.9996060407091267,0.0,1.0,0.0,2009-08-23T02:01:25Z,ls7,qdd0msz7qcm2,0.0,0.0,0.0
0.14712876496119953,0.25100092068920166,0.0015758371634930768,0.18859660660265687,0.3932658161252137,0.013678810995659608,2009-08-31T02:00:47Z,ls5,qdd0msz7qcm2,0.1906310188060158,0.25370849504752657,0.14871585902558435
0.17638080764220584,0.33430959617889705,0.3951411687458962,0.27634172818063396,0.1932262266608771,0.01107251411202779,2009-09-08T02:01:24Z,ls7,qdd0msz7qcm2,0.27938562118304566,0.33799200291184933,0.17832363513220004
0.09036757775683317,0.2058498272070374,0.5820091923834537,0.1730662896638391,0.4857053094564876,0.04052780395852969,2009-09-16T02:01:00Z,ls5,qdd0msz7qcm2,0.174719637962061,0.20781636535934367,0.09123088326357803
0.3348392282958199,0.2287299035369775,0.9183191070256074,0.4096302250803859,0.001607717041800643,0.014469453376205787,2009-09-24T02:01:23Z,ls7,qdd0msz7qcm2,0.4141438516993973,0.23125022874238885,0.3385287491402075
0.14877282880042045,0.23930889502036526,0.0005252790544977293,0.196569438969912,0.3927210616213375,0.016160819865983445,2009-10-02T02:01:12Z,ls5,qdd0msz7qcm2,0.19874373697702674,0.24195594359645267,0.1504184379391996
0.0,0.0,0.9996060407091267,0.0,1.0,0.0,2009-10-10T02:01:17Z,ls7,qdd0msz7qcm2,0.0,0.0,0.0
0.18481321645313553,0.2182184760620364,0.02626395272488513,0.1805070802427512,0.40701281186783544,0.0026972353337828725,2009-10-18T02:01:22Z,ls5,qdd0msz7qcm2,0.18259543470039383,0.22074312787409425,0.18695139022389362
0.20280499015101774,0.22126198292843072,0.0,0.16671175311884434,0.3984241628365069,0.003676953381483913,2009-11-03T02:01:30Z,ls5,qdd0msz7qcm2,0.16872098923488113,0.22392866694373706,0.20524922760339115
0.19027718223583462,0.24302756508422663,0.14248194353250165,0.16066003062787138,0.3957120980091884,0.003215926493108729,2009-11-11T02:01:48Z,ls7,qdd0msz7qcm2,0.16258243851873877,0.2459355572400252,0.19255397973893884
0.01201115678214915,0.31142102172636527,0.5527248850952069,0.1751908396946565,0.4703464474456841,0.02759835584263065,2009-11-19T02:01:37Z,ls5,qdd0msz7qcm2,0.1763967331511106,0.31356463022185854,0.012093833338716163
0.20900349916324357,0.23383690856534306,0.1368351936966513,0.15054008823976875,0.3972310969116081,0.0022820629849383844,2009-11-27T02:01:59Z,ls7,qdd0msz7qcm2,0.15234296123682273,0.23663734699404637,0.21150653187258445
0.20784033835580226,0.27059873116574146,0.006434668417596878,0.14251916468411313,0.36849061591329635,0.002907745175786413,2009-12-05T02:01:46Z,ls5,qdd0msz7qcm2,0.14427343992185088,0.2739295439339714,0.21039865505509497
0.22274459398155144,0.26520641161348857,0.13158240315167435,0.14308483290488433,0.3588386511416906,0.0030243459851807047,2009-12-13T02:02:11Z,ls7,qdd0msz7qcm2,0.14469499330430857,0.2681908289901179,0.22525118057870214
0.3289150273778138,0.3410545528290408,0.352462245567958,0.17119853984992903,0.14865138917055365,0.0006083958629081322,2009-12-29T02:02:29Z,ls7,qdd0msz7qcm2,0.17314669817022332,0.34493559214953134,0.33265792464678356
0.3407757653470107,0.5200849495111396,0.18069599474720943,0.13266709408559066,0.0,0.0,2010-01-14T02:02:44Z,ls7,qdd0msz7qcm2,0.13353133439378445,0.5234729665635255,0.3429956990426901
0.39272153562976597,0.48260846699973703,0.0011818778726198076,0.11701419931632921,0.0,0.0,2010-01-22T02:02:03Z,ls5,qdd0msz7qcm2,0.11791694765473776,0.4863317244696116,0.3957513278756507
0.3831256746337702,0.4896006168080185,0.1483913328956008,0.11949267540478027,0.0,0.0,2010-01-30T02:02:58Z,ls7,qdd0msz7qcm2,0.12042974322950828,0.49344009051152066,0.3861301662589711
0.37823986027556755,0.5317310304676888,0.32330925804333555,0.08204152920628761,0.0,0.0,2010-02-15T02:03:09Z,ls7,qdd0msz7qcm2,0.08270211900215971,0.5360124730038499,0.38128540799399036
0.5318135259356533,0.34453841103086014,0.0,0.11466053841103085,0.0,0.0,2010-02-23T02:02:10Z,ls5,qdd0msz7qcm2,0.11570039859220624,0.3476630411737268,0.5366365602340669
0.47500946372239755,0.39335015772870663,0.16743269862114252,0.12281230283911673,0.0,0.0,2010-03-03T02:03:17Z,ls7,qdd0msz7qcm2,0.12390615576310109,0.3968536114563425,0.4792402327805565
,,1.0,,,,2010-03-19T02:03:23Z,ls7,qdd0msz7qcm2,,,
0.21707602339181287,0.5546666666666666,0.8877216021011162,0.21647953216374272,0.0,0.0,2010-04-04T02:03:27Z,ls7,qdd0msz7qcm2,0.2190595670647273,0.561277265572296,0.2196631673629768
0.32734791889007475,0.6051867662753468,0.7539067629678267,0.06115261472785486,0.0,0.0,2010-04-20T02:03:27Z,ls7,qdd0msz7qcm2,0.06154110526965852,0.6090313988518771,0.3294274958784644
0.36813455657492355,0.367217125382263,0.9570584372948129,0.25281345565749236,0.0,0.0,2010-04-28T02:02:03Z,ls5,qdd0msz7qcm2,0.25584130226224744,0.3716151394175719,0.37254355832018077
0.5627792327838547,0.2957926359574796,0.14760341431385426,0.13163457094438455,0.0,0.0,2010-05-06T02:03:24Z,ls7,qdd0msz7qcm2,0.1329364925016686,0.2987181501782205,0.5683453573201108
0.09382928430728825,0.7308286277084701,0.0,0.1669218647406435,0.002495075508864084,0.0003939592908732764,2010-05-14T02:02:01Z,ls5,qdd0msz7qcm2,0.1678529812387041,0.7349053051022415,0.09435267885931702
0.1531616311705465,0.324139012712564,0.20459619172685484,0.2007214792801717,0.3079082053822024,0.00709922403830279,2010-07-25T02:03:28Z,ls7,qdd0msz7qcm2,0.20278500857933277,0.3274713434234188,0.15473621857674316
0.22459789057350035,0.3313002636783125,0.20315167432698622,0.17914634146341463,0.25082399472643374,0.0065919578114700065,2010-08-10T02:03:26Z,ls7,qdd0msz7qcm2,0.1809838943185127,0.33469850078683394,0.22690165235674964
0.15671447781264006,0.3299895413118183,0.12107682206172032,0.1829403854773644,0.3165994322426416,0.006872852233676976,2010-08-26T02:03:30Z,ls7,qdd0msz7qcm2,0.18482083955829434,0.33338152159001,0.1583253543753772
0.24585051546391753,0.3705927835051546,0.9490479317137229,0.2851288659793815,0.07474226804123711,0.01288659793814433,2010-09-11T02:03:32Z,ls7,qdd0msz7qcm2,0.2885441198270519,0.37503171824940607,0.24879529594416055
0.2155384342897627,0.3484962805526036,0.2585686145764937,0.20784272051009564,0.21112291888062346,0.008855827134254339,2010-09-27T02:03:31Z,ls7,qdd0msz7qcm2,0.21003559899368546,0.352173147336099,0.2178125076553377
0.37600723763570565,0.4448838962605549,0.12908732764281028,0.17060012062726176,0.0,0.0,2010-10-13T02:03:36Z,ls7,qdd0msz7qcm2,0.1720641708627541,0.4487017855486293,0.3792340435886167
0.38795845048422367,0.4468494220556076,0.1592908732764281,0.15596844736019994,0.0,0.0,2010-10-29T02:03:45Z,ls7,qdd0msz7qcm2,0.15742044316918785,0.4510093883760711,0.3915701684547411
0.45533916849015327,0.3809928884026258,0.5198949441891005,0.15253282275711158,0.0,0.0,2010-11-14T02:03:57Z,ls7,qdd0msz7qcm2,0.15425041974502735,0.38528306166310305,0.4604665185918696
0.5277994011976047,0.3322754491017964,0.12278397898883786,0.12946257485029938,0.0,0.0,2010-11-30T02:04:08Z,ls7,qdd0msz7qcm2,0.13083140825190503,0.33578866312360917,0.5333799286244858
0.04885375494071146,0.7722450592885376,0.8338804990151018,0.16503557312252962,0.0,0.008695652173913044,2010-12-08T02:01:02Z,ls5,qdd0msz7qcm2,0.16590079737679136,0.7762936722202124,0.049109878229083234
0.3344674691452079,0.5492031083346031,0.13814839133289558,0.1056315709279293,0.0,0.0,2010-12-24T02:01:07Z,ls5,qdd0msz7qcm2,0.10677382142345587,0.5551419343610374,0.3380842442155067
0.564628701594533,0.32174791192103264,0.13525935653315824,0.10295368261199697,0.0,0.0,2011-01-01T02:04:25Z,ls7,qdd0msz7qcm2,0.10406401483405325,0.32521789050675853,0.5707180946591882
0.4698148391332896,0.42533814839133294,0.0,0.09421799080761654,0.0,0.0,2011-01-09T02:01:10Z,ls5,qdd0msz7qcm2,0.0952301946095465,0.4299076460766174,0.4748621593138361
0.47541442269801654,0.42138972809667674,0.0002626395272488091,0.09250229869959281,0.0,0.0,2011-01-25T02:01:10Z,ls5,qdd0msz7qcm2,0.09350216886474172,0.4259445880617506,0.4805532430735077
0.5517353772882869,0.3313454383092722,0.11766250820748525,0.10503051049263284,0.0,0.0,2011-02-02T02:04:38Z,ls7,qdd0msz7qcm2,0.10629420766607625,0.33533209220499105,0.5583737001289327
0.46048719632304663,0.43843992120814185,0.0,0.0905961917268549,0.0,0.0,2011-02-10T02:01:13Z,ls5,qdd0msz7qcm2,0.09155538922553025,0.44308195381156756,0.46536265696290224
0.3757546082949309,0.4670737327188941,0.5440577806959948,0.1461664746543779,0.0,0.0,2011-02-18T02:04:42Z,ls7,qdd0msz7qcm2,0.14779296346019996,0.4722711639325643,0.3799358726072357
0.47165725541694026,0.419537754432042,0.0,0.09819304005252791,0.0,0.0,2011-02-26T02:01:12Z,ls5,qdd0msz7qcm2,0.0992462361581006,0.42403762050067756,0.4767161433412218
0.5467732689696787,0.3424211796651078,0.12948128693368355,0.10044501433096999,0.0,0.0,2011-03-06T02:04:47Z,ls7,qdd0msz7qcm2,0.10149657333788596,0.3460059875128042,0.5524974391493098
0.08634083698443874,0.7723492974769604,0.13079448456992782,0.13653270886840913,0.0,0.0,2011-03-22T02:04:47Z,ls7,qdd0msz7qcm2,0.13718807780938702,0.7760566416390128,0.08675528055160017
0.5218463558765595,0.37333420879842416,0.0,0.0949586342744583,0.0,0.0,2011-03-30T02:01:03Z,ls5,qdd0msz7qcm2,0.09590432777049063,0.37705224598171594,0.5270434262477934
0.1459408134198449,0.6896755815793637,0.1701904136572554,0.15599303687292293,0.0,0.0,2011-04-07T02:04:52Z,ls7,qdd0msz7qcm2,0.15731298216719494,0.6955113166655496,0.1471757011672556
0.5283611293499672,0.3646592252133946,0.0,0.09694287590282338,0.0,0.0,2011-04-15T02:00:58Z,ls5,qdd0msz7qcm2,0.09792573392566495,0.36835633283235414,0.5337179332419809
0.41492669110296565,0.4481356214595135,0.21181877872619825,0.12001999333555484,0.00016661112962345885,0.006497834055314895,2011-04-23T02:04:50Z,ls7,qdd0msz7qcm2,0.12127176529737986,0.4528095394497411,0.41925425006794065
0.5056112934996717,0.3831661195009849,0.0,0.10058174655285622,0.0,0.0,2011-05-01T02:00:52Z,ls5,qdd0msz7qcm2,0.10166353197583745,0.38728718059668404,0.5110492874274785
0.5085408823972294,0.37205390754404455,0.12790544977019036,0.10955127239873512,0.0,0.0,2011-05-09T02:04:50Z,ls7,qdd0msz7qcm2,0.11064152710947811,0.3757565895528289,0.513601883337693
0.32956053303090443,0.4967451091579245,0.5368351936966513,0.15760136092996882,0.0002835270768358378,0.005954068613552594,2011-05-25T02:04:49Z,ls7,qdd0msz7qcm2,0.15917999045009587,0.5017208053617402,0.3328616084977754
0.4110727570302038,0.4424520160690374,0.11739986868023633,0.1332301740812379,0.0,0.004017259336408272,2011-06-10T02:04:50Z,ls7,qdd0msz7qcm2,0.13447609692728366,0.44658967541611044,0.4149169683201976
0.09781764269829503,0.7243202372127502,0.11424819435325018,0.17221497405485547,0.0,0.0,2011-06-26T02:04:46Z,ls7,qdd0msz7qcm2,0.1731930203327613,0.7284338093100995,0.09837317035713912
0.09945629510825983,0.4368708901363272,0.18122127380170716,0.18515958299919807,0.2593424218123496,0.012349639133921411,2011-07-12T02:04:46Z,ls7,qdd0msz7qcm2,0.18691014198146447,0.4410012097688907,0.10039658730337378
0.0,0.0,0.6485883125410374,0.0,0.8998505231689088,0.10014947683109118,2011-07-28T02:04:43Z,ls7,qdd0msz7qcm2,0.0,0.0,0.0
0.12592777413000658,0.323591595535128,0.0,0.18176099803020357,0.35036112934996716,0.011687458962573867,2011-08-05T02:00:09Z,ls5,qdd0msz7qcm2,0.18368175412521406,0.3270111439319463,0.12725851363029872
0.14493003870199464,0.3061551056862161,0.1177938279711096,0.19017862459065196,0.344298898481691,0.00759154510270914,2011-08-13T02:04:39Z,ls7,qdd0msz7qcm2,0.19220886940088314,0.3094234530926774,0.14647723392203935
,,1.0,,,,2011-08-29T02:04:37Z,ls7,qdd0msz7qcm2,,,
0.17224470001385617,0.29251766662047946,0.05226526592252134,0.19946792295967852,0.32326451434113895,0.005542469170015242,2011-09-06T01:59:52Z,ls5,qdd0msz7qcm2,0.20155882530726105,0.2955839535039588,0.1740502376776259
,,1.0,,,,2011-09-14T02:04:31Z,ls7,qdd0msz7qcm2,,,
0.3866024096385542,0.30626506024096384,0.9455022980958634,0.2454939759036145,0.05060240963855422,0.0024096385542168677,2011-09-30T02:04:29Z,ls7,qdd0msz7qcm2,0.2477508410716463,0.3090806036533788,0.39015650708220384
0.0,0.0,0.9975049244911359,0.0,0.0,1.0,2011-10-08T01:59:19Z,ls5,qdd0msz7qcm2,0.0,0.0,0.0
0.3757784911717496,0.2770906902086677,0.6727511490479317,0.3368459069020866,0.0,0.0,2011-10-16T02:04:31Z,ls7,qdd0msz7qcm2,0.34034633895157657,0.27997015857312574,0.37968350247529775
0.21199502410200594,0.31454361685585447,0.15548260013131976,0.18884310371637383,0.27398538329964234,0.002954439433991603,2011-11-01T02:04:36Z,ls7,qdd0msz7qcm2,0.19087002018883067,0.3179197191638785,0.2142704379136567
0.1254513888888889,0.4208333333333333,0.9621799080761655,0.29923611111111115,0.0,0.14583333333333334,2011-11-17T02:04:50Z,ls7,qdd0msz7qcm2,0.30229593582741304,0.42513654470042295,0.12673418613883075
0.4122364265303053,0.42094600691833356,0.126854891661195,0.15846894269815012,0.0,0.0,2011-12-03T02:04:59Z,ls7,qdd0msz7qcm2,0.15980307849105713,0.42448991353592713,0.41570700797301585
0.41356245268735803,0.4195261165783497,0.1326329612606697,0.1581665404996215,0.0,0.0,2011-12-19T02:05:06Z,ls7,qdd0msz7qcm2,0.15956189172842297,0.4232271919159829,0.4172109163555941
0.4937050243111831,0.32767585089141005,0.5948785292186474,0.16751701782820097,0.0,0.0,2012-01-04T02:05:15Z,ls7,qdd0msz7qcm2,0.16939768909284603,0.33135458493812997,0.499247725969024
0.33507439908431896,0.48224341854254105,0.6558108995403809,0.17239603204883633,0.0,0.0,2012-01-20T02:05:15Z,ls7,qdd0msz7qcm2,0.1741877534656366,0.48725540084193,0.33855684569243344
0.25809700889248177,0.3751932093775263,0.1877872619829284,0.16637348423605497,0.1704122877930477,0.02231204527081649,2012-02-05T02:05:19Z,ls7,qdd0msz7qcm2,0.16795718628498288,0.37876465741904214,0.2605538232321108
0.5123333333333334,0.33368030303030305,0.1332895600787919,0.14416969696969695,0.0,0.0,2012-02-21T02:05:23Z,ls7,qdd0msz7qcm2,0.14559899375842547,0.3369884058813718,0.5174126003602026
0.5236119044040283,0.31612205020291595,0.12632961260669728,0.149815120998046,0.0,0.0,2012-03-08T02:05:19Z,ls7,qdd0msz7qcm2,0.1513973633965067,0.319460709929566,0.5291419266739272
0.5909110629067245,0.2840802603036876,0.3946158896913986,0.11621475054229935,0.0,0.0,2012-03-24T02:05:22Z,ls7,qdd0msz7qcm2,0.11724580147325943,0.2866006048854788,0.5961535936412617
0.5152428355957768,0.3324932126696833,0.1293499671700591,0.14170135746606335,0.0,0.0,2012-04-09T02:05:17Z,ls7,qdd0msz7qcm2,0.1432140695765377,0.3360426953172042,0.5207432351062581
,,1.0,,,,2012-04-25T02:05:32Z,ls7,qdd0msz7qcm2,,,
0.21017147435897438,0.6019935897435897,0.18056467498358508,0.18035737179487177,0.0,0.0,2012-05-11T02:05:55Z,ls7,qdd0msz7qcm2,0.18171616607517105,0.6065289488385912,0.21175488508623783
,,1.0,,,,2012-05-20T02:00:08Z,ls7,qdd0msz7qcm2,,,
0.4971504785815158,0.32541189392750675,0.16309914642153645,0.16792562372509023,0.0,0.0,2012-05-27T02:05:47Z,ls7,qdd0msz7qcm2,0.16953827241072306,0.3285369385239799,0.501924789065297
0.23625693160813308,0.4170702402957486,0.8579120157583716,0.2725785582255083,0.012014787430683918,0.053604436229205174,2012-06-12T02:05:37Z,ls7,qdd0msz7qcm2,0.27507353779182986,0.42088778828643764,0.23841945026184336
0.04269242378508904,0.32678840929670994,0.5649376231122785,0.22172955025656502,0.3975249019015998,0.006036824630244492,2012-06-28T02:05:45Z,ls7,qdd0msz7qcm2,0.22369023592775358,0.32967809788750524,0.043069939652896815
0.29531107738998486,0.3396358118361153,0.9134602757715036,0.1981487101669196,0.1441578148710167,0.015174506828528073,2012-07-14T02:06:00Z,ls7,qdd0msz7qcm2,0.19994970115748975,0.34272279149233686,0.2979951856506286
0.18788264462809917,0.26955371900826447,0.20551543007222584,0.22913553719008264,0.2958677685950413,0.009752066115702479,2012-07-30T02:06:10Z,ls7,qdd0msz7qcm2,0.23174145635172405,0.2726193072189339,0.19001940171859824
0.08095493882423158,0.3145270068636228,0.5599474720945502,0.171727842435094,0.39659803043867503,0.031632348552670844,2012-08-15T02:06:22Z,ls7,qdd0msz7qcm2,0.17310837267227164,0.3170555079920774,0.08160574034430518
0.2686230248306998,0.28485327313769754,0.9418253447143795,0.43250564334085784,0.002257336343115124,0.0,2012-08-31T02:06:32Z,ls7,qdd0msz7qcm2,0.4376645398398753,0.2882509826847279,0.2718271411322816
0.18181872659176032,0.2740569288389513,0.12344057780695994,0.21186966292134832,0.3153558052434457,0.009737827715355805,2012-09-16T02:06:41Z,ls7,qdd0msz7qcm2,0.21414180011232925,0.27699597604313814,0.18376859088573097
0.2657234166182452,0.3439279488669379,0.7739986868023637,0.3770482277745497,0.0,0.0011621150493898896,2012-10-02T02:06:51Z,ls7,qdd0msz7qcm2,0.3816866419398336,0.34815892027151724,0.2689923227392592
0.2740936106983655,0.41045319465081725,0.6464871963230466,0.2462815750371471,0.0003714710252600297,0.058692421991084695,2012-10-18T02:07:00Z,ls7,qdd0msz7qcm2,0.24895590994021588,0.41491024469349785,0.2770699523499414
0.4437463059786315,0.3965196635599,0.42232435981615235,0.15023414412366448,0.0,0.0,2012-11-19T02:07:13Z,ls7,qdd0msz7qcm2,0.15167503976168237,0.4003226835520895,0.4480022766862281
0.49713701741105226,0.3569871309613929,0.1326329612606697,0.13583497350492052,0.0,0.0,2012-12-21T02:07:22Z,ls7,qdd0msz7qcm2,0.1372127095988793,0.360607951451975,0.5021793389491457
0.47822175732217576,0.37883442916915716,0.12120814182534467,0.13240585774058578,0.0,0.0,2013-01-22T02:07:25Z,ls7,qdd0msz7qcm2,0.13381600488108397,0.38286908666944547,0.4833149084494705
0.5368267319161952,0.32503440893102925,0.14130006565988185,0.12730998623642759,0.0,0.0,2013-02-07T02:07:27Z,ls7,qdd0msz7qcm2,0.12870370227219669,0.3285926974934255,0.5427036002343778
0.5367243491577336,0.3241194486983155,0.14248194353250165,0.12789280245022971,0.0,0.0,2013-02-23T02:07:24Z,ls7,qdd0msz7qcm2,0.12934972004739448,0.3278117231605604,0.5428385567920452
0.35270497547302027,0.5239593552908199,0.43782009192383453,0.10274935762672273,0.0,0.010978743284279373,2013-03-11T02:07:23Z,ls7,qdd0msz7qcm2,0.10375727847310888,0.5290991398019332,0.3561648384406785
0.15242554452511484,0.6411853607941919,0.11372291529875245,0.16141206104608088,0.028596829159875537,0.00977922655208179,2013-03-27T02:07:16Z,ls7,qdd0msz7qcm2,0.16252771741136227,0.6456171394633897,0.1534790874132908
0.08241741036480352,0.5650962893377173,0.16126066973079445,0.18186002818224517,0.010333489901362142,0.1520275559730703,2013-04-20T02:13:02Z,ls8,qdd0msz7qcm2,0.18367237673700146,0.5707278261493856,0.08323875123918038
0.41348799045203644,0.4169192898702074,0.11976362442547606,0.1590422199015366,0.0,0.0,2013-04-28T02:07:09Z,ls7,qdd0msz7qcm2,0.16073808705301945,0.4213649001549995,0.41789701279198105
,,1.0,,,,2013-05-06T02:13:04Z,ls8,qdd0msz7qcm2,,,
0.17731558596073765,0.556338488994646,0.11700590938936306,0.1814842355740631,0.005353955978584176,0.07227840571088638,2013-05-14T02:07:07Z,ls7,qdd0msz7qcm2,0.18291790850739825,0.5607334020344549,0.17871632776867627
0.13674064346684175,0.5450164149704531,0.0,0.2225764937623112,0.056730137885751805,0.030334865397242283,2013-05-22T02:13:16Z,ls8,qdd0msz7qcm2,0.22469349954775106,0.5502002638313498,0.1380412333379052
0.19773210768220617,0.425645436638214,0.0,0.2099579776756402,0.13644123440577807,0.0206172028890348,2013-06-07T02:13:16Z,ls8,qdd0msz7qcm2,0.2123782091760654,0.4305519446221855,0.20001140890693625
,,1.0,,,,2013-06-15T02:06:54Z,ls7,qdd0msz7qcm2,,,
,,1.0,,,,2013-06-23T02:13:09Z,ls8,qdd0msz7qcm2,,,
0.2348661982359097,0.552528031095829,0.12160210111621794,0.20650620421587684,0.0,0.0,2013-07-01T02:06:46Z,ls7,qdd0msz7qcm2,0.20777353268553894,0.5559188953400921,0.23630757197436897
,,1.0,,,,2013-07-09T02:13:14Z,ls8,qdd0msz7qcm2,,,
,,1.0,,,,2013-07-17T02:06:37Z,ls7,qdd0msz7qcm2,,,
0.14280499015101775,0.3772829940906106,0.0,0.22934340118187788,0.21667760998030203,0.025082074852265265,2013-07-25T02:13:13Z,ls8,qdd0msz7qcm2,0.2320391381733339,0.3817176354109021,0.14448354158319662
0.05470484322096276,0.3572486383041366,0.10794484569927776,0.23200206094509057,0.31650228176063594,0.03282791108494038,2013-08-02T02:06:29Z,ls7,qdd0msz7qcm2,0.23442105285018025,0.3609735257497121,0.0552752285545311
0.07665454545454545,0.5324000000000001,0.963887065003283,0.38025454545454546,0.0,0.0,2013-08-10T02:13:15Z,ls8,qdd0msz7qcm2,0.38436374329192086,0.5381533485260604,0.07748290818201865
0.28195008164217406,0.2297504082108701,0.437032173342088,0.2523792862141357,0.2232330300909727,0.004432003732213669,2013-08-18T02:06:33Z,ls7,qdd0msz7qcm2,0.25510601587338033,0.23223265333363585,0.28499629696979745
0.07335143231604568,0.2533533046246021,0.2986211424819435,0.218086500655308,0.36229170567309493,0.08575173188541471,2013-08-26T02:13:17Z,ls8,qdd0msz7qcm2,0.22095486657932106,0.2566855144749949,0.07431618138717429
,,1.0,,,,2013-09-11T02:13:15Z,ls8,qdd0msz7qcm2,,,
0.13559420289855073,0.3029813664596273,0.6828627708470125,0.28811594202898555,0.23146997929606625,0.034782608695652174,2013-09-19T02:06:55Z,ls7,qdd0msz7qcm2,0.29091343920964713,0.3059232013074142,0.13691077149122025
0.1504786237438256,0.21685573156191448,0.22902166776099808,0.22939873956736503,0.3781297904956566,0.016692215976835293,2013-09-27T02:13:06Z,ls8,qdd0msz7qcm2,0.23264516434879287,0.21992464912556361,0.15260818005315158
0.1573991817650497,0.2670251315020456,0.775311884438608,0.2673173582700175,0.22384570426651082,0.07597895967270601,2013-10-05T02:07:07Z,ls7,qdd0msz7qcm2,0.27057647220483877,0.2702806826292071,0.15931818122673738
0.15180800632077956,0.20743086647353173,0.0027577150361128844,0.2215196207532262,0.40334474585198843,0.007242559915722939,2013-10-13T02:13:07Z,ls8,qdd0msz7qcm2,0.22482060605935233,0.21052190752866665,0.15407018064426958
0.12973310706572047,0.23683585313174946,0.14878529218647407,0.21539493983338476,0.40265350200555383,0.008330762110459735,2013-10-21T02:07:17Z,ls7,qdd0msz7qcm2,0.21800494667267442,0.23970566612244007,0.13130512308887193
0.17140249507550886,0.20803414313854235,0.0,0.20871043992120814,0.3993434011818779,0.003676953381483913,2013-10-29T02:12:57Z,ls8,qdd0msz7qcm2,0.2118447732803896,0.21115832013195976,0.1739765520242888
0.256299674267101,0.2842475570032574,0.7984241628365069,0.1842540716612378,0.25732899022801303,0.009771986970684038,2013-11-06T02:07:22Z,ls7,qdd0msz7qcm2,0.18631261908814054,0.28742326471922175,0.25916313899394067
0.1723860801050558,0.2273289560078792,0.0,0.1979671700590939,0.3906762967826658,0.0026263952724885093,2013-11-14T02:12:57Z,ls8,qdd0msz7qcm2,0.2009531953536893,0.23075785794465423,0.17498625464650222
0.22851774530271396,0.38953235908141964,0.6854891661195011,0.2617453027139875,0.10438413361169102,0.005010438413361169,2013-11-22T02:07:27Z,ls7,qdd0msz7qcm2,0.264961359724426,0.3943185319801378,0.23132553627038402
0.08050478322817016,0.2524119682475066,0.35482600131319764,0.18014044372074092,0.45674740484429066,0.023203745165886424,2013-11-30T02:12:52Z,ls8,qdd0msz7qcm2,0.18259529633487118,0.25585169653556794,0.0816018571193838
0.17905962297238054,0.3162012275317843,0.400919238345371,0.202415607189829,0.24221832529592285,0.05195089872862779,2013-12-08T02:07:35Z,ls7,qdd0msz7qcm2,0.20478140478548743,0.3198969312091069,0.181152439980855
,,1.0,,,,2013-12-16T02:12:46Z,ls8,qdd0msz7qcm2,,,
0.17377931685817724,0.32179442782937195,0.16572554169402498,0.17980639068156776,0.3140248701400913,0.0026759011490634344,2013-12-24T02:07:37Z,ls7,qdd0msz7qcm2,0.18191469016607714,0.3255675919740889,0.17581694657067914
0.23481873787856186,0.5916798448455914,0.11976362442547606,0.16741906608981053,0.0,0.0,2014-01-09T02:07:40Z,ls7,qdd0msz7qcm2,0.16844359921527777,0.5953006725976137,0.23625572818710855
0.31052265265922524,0.49772554169402494,0.0,0.18018384766907422,0.0,0.0,2014-01-17T02:12:23Z,ls8,qdd0msz7qcm2,0.18229260081494267,0.5035505938027689,0.31415680538228835
0.2701216089803555,0.5682538197692548,0.15771503611293503,0.15394761459307765,0.0,0.0,2014-01-25T02:08:00Z,ls7,qdd0msz7qcm2,0.15513860695454346,0.5726500292234115,0.27221136382204514
0.35892449113591596,0.43807879185817467,0.0,0.18407485226526593,0.0006565988181221273,0.0048588312541037425,2014-02-02T02:12:17Z,ls8,qdd0msz7qcm2,0.18659023548735817,0.44406513941969017,0.36382919502072597
0.3888001268029799,0.44645427167538443,0.17150361129349967,0.15510064986527186,0.0,0.0,2014-02-10T02:08:05Z,ls7,qdd0msz7qcm2,0.15661115690244315,0.45080223746228887,0.39258660563526804
0.4843191070256074,0.3247380170715693,0.0,0.17711884438608014,0.0,0.0,2014-02-18T02:12:04Z,ls8,qdd0msz7qcm2,0.17960166344196132,0.3292901342658125,0.49110820229222624
0.46598768283294845,0.3646020015396459,0.14707813525935653,0.1592178598922248,0.0,0.0,2014-02-26T02:07:57Z,ls7,qdd0msz7qcm2,0.1608573917371827,0.3683564584370333,0.47078614982578393
0.5088614576493763,0.2999212081418254,0.0,0.17637032173342088,0.0,0.0,2014-03-06T02:11:48Z,ls8,qdd0msz7qcm2,0.1790283579980645,0.30444125119635723,0.5165303908055783
0.4167668097281831,0.4184263233190272,0.8164149704530532,0.1526609442060086,0.0,0.0,2014-03-14T02:08:05Z,ls7,qdd0msz7qcm2,0.15453795021071381,0.42357098376562247,0.4218910660236636
0.5535625823451911,0.25774308300395254,0.0032829940906106136,0.17257048748353096,0.0,0.0,2014-03-22T02:11:38Z,ls8,qdd0msz7qcm2,0.1753985875017743,0.26196699885639596,0.5626344136418296
0.5347380170715693,0.27279317137229153,0.0,0.17814051214707813,0.0,0.0,2014-04-07T02:11:23Z,ls8,qdd0msz7qcm2,0.1807300666543208,0.2767586522051349,0.5425112811405443
0.49903391812865494,0.35413333333333336,0.43860801050558107,0.13608187134502925,0.0,0.00046783625730994154,2014-04-15T02:08:18Z,ls7,qdd0msz7qcm2,0.13749641437709503,0.3578144764138749,0.5042212729517201
,,1.0,,,,2014-04-23T02:11:07Z,ls8,qdd0msz7qcm2,,,
0.2811034193413048,0.5687623243129851,0.3739986868023638,0.14062093559890915,0.0,0.0,2014-05-01T02:08:27Z,ls7,qdd0msz7qcm2,0.1419715565533235,0.574225111984158,0.28380333146251835
0.05402552386954467,0.3978934929888136,0.16651346027577152,0.1617015913029778,0.2951000472664251,0.08523711989916496,2014-05-09T02:10:51Z,ls8,qdd0msz7qcm2,0.16329384119102142,0.4018114870206576,0.05455750462273097
0.17764261998188952,0.534174464231814,0.12987524622455682,0.19291276788409298,0.06187745246000604,0.026109266525807424,2014-05-17T02:08:34Z,ls7,qdd0msz7qcm2,0.19446579106409517,0.5384747774470372,0.17907271250305407
0.06355219960604072,0.4581615233092581,0.0,0.22954038082731454,0.2303348653972423,0.010636900853578464,2014-05-25T02:10:45Z,ls8,qdd0msz7qcm2,0.2319157112959512,0.4629026717814835,0.0642098506717444
0.14666666666666667,0.6033333333333334,0.9996060407091267,0.24666666666666667,0.0,0.0,2014-06-02T02:08:38Z,ls7,qdd0msz7qcm2,0.2474916387959866,0.6053511705685618,0.1471571906354515
,,1.0,,,,2014-06-10T02:10:55Z,ls8,qdd0msz7qcm2,,,
,,1.0,,,,2014-06-18T02:08:38Z,ls7,qdd0msz7qcm2,,,
0.13223728813559324,0.30866904549509366,0.26395272488509525,0.20036396074933094,0.3241748438893845,0.026583407671721678,2014-06-26T02:10:57Z,ls8,qdd0msz7qcm2,0.20285462985121394,0.31250602521663234,0.1338810933710476
0.2261552680221811,0.2498336414048059,0.9289560078791859,0.16181146025878002,0.0,0.35489833641404805,2014-07-04T02:08:45Z,ls7,qdd0msz7qcm2,0.16366381576674172,0.2526936410673156,0.22874420675189452
0.13109126723571898,0.29543269862114246,0.0,0.24215233092580432,0.31582403151674326,0.006434668417596849,2014-07-12T02:11:06Z,ls8,qdd0msz7qcm2,0.24543510270250532,0.29943777311801056,0.13286842424514395
0.10035540782408592,0.13740475581692665,0.486408404464872,0.21549220148299666,0.2352339555100997,0.3058041421631296,2014-07-20T02:08:47Z,ls7,qdd0msz7qcm2,0.2182067173596772,0.1391356184125547,0.10161956655453876
0.10341853035143772,0.4354313099041534,0.9588969139855549,0.33600638977635783,0.0926517571884984,0.022364217252396165,2014-07-28T02:11:09Z,ls8,qdd0msz7qcm2,0.33989617634317326,0.4404720916022733,0.10461575761365902
0.13764121663563006,0.2880090006207324,0.15377544320420222,0.24486033519553072,0.3157976412166356,0.006207324643078833,2014-08-05T02:08:53Z,ls7,qdd0msz7qcm2,0.24759355496110036,0.29122386142099205,0.139177617758193
0.17368113181880016,0.25166099850360496,0.034668417596848355,0.24442796898381172,0.31777989389198746,0.0025846823561420213,2014-08-13T02:11:18Z,ls8,qdd0msz7qcm2,0.24802825096133696,0.255367818803775,0.17623935398675844
0.13499999999999998,0.33218644067796604,0.922521339461589,0.2771186440677967,0.18135593220338983,0.06779661016949153,2014-08-21T02:08:52Z,ls7,qdd0msz7qcm2,0.27955449132858295,0.3351063287797489,0.13618663751878668
0.11161866931479641,0.1520953326713009,0.8677609980302036,0.21299900695134066,0.24826216484607747,0.26812313803376364,2014-08-29T02:11:19Z,ls8,qdd0msz7qcm2,0.21608273385127152,0.15429731696890644,0.11323464629998094
0.15061768957813115,0.2513089762123801,0.0007879185817465384,0.24842686292548297,0.33407806544881063,0.006439742410303588,2014-09-14T02:11:23Z,ls8,qdd0msz7qcm2,0.25191389746472165,0.2548364654289393,0.15273182924722487
0.03840655249441549,0.2288637379002234,0.11818778726198298,0.24617870439314965,0.4058078927773641,0.07416232315711095,2014-09-22T02:08:58Z,ls7,qdd0msz7qcm2,0.2493339353795246,0.23179704587769637,0.03889880280830409
0.1208509798763646,0.2669985532026832,0.0015758371634930768,0.2520702354333816,0.3453899776404051,0.00565566223859003,2014-09-30T02:11:23Z,ls8,qdd0msz7qcm2,0.2556290434994491,0.27076812402540407,0.12255719259615172
0.12847849271240666,0.3058336295769641,0.6305975049244912,0.21972982580874512,0.33131887664415216,0.008176324209029506,2014-10-08T02:09:11Z,ls7,qdd0msz7qcm2,0.22190106442622023,0.30885569444510846,0.1297480402754898
0.21291709666322672,0.36065703474372207,0.6182534471437952,0.35485380116959064,0.05194358445132439,0.006191950464396285,2014-10-16T02:11:28Z,ls8,qdd0msz7qcm2,0.3599893690124045,0.3658765890046874,0.21599850706718737
0.12729659593955123,0.3950847198900931,0.13972422849638866,0.22077850709815294,0.24408487253854375,0.00564799267287437,2014-10-24T02:09:20Z,ls7,qdd0msz7qcm2,0.22288995291868066,0.3988631673102282,0.12851401455967296
0.22064784946236557,0.5473870967741935,0.022980958634274407,0.2217970430107527,0.0,0.0,2014-11-01T02:11:25Z,ls8,qdd0msz7qcm2,0.22407544454025138,0.5530101095140779,0.2229144459456707
0.25288625805484793,0.5446560767271093,0.12370321733420875,0.19447025325940356,0.0,0.0,2014-11-09T02:09:29Z,ls7,qdd0msz7qcm2,0.1960360741423327,0.5490414973488223,0.25492242850884483
0.37525804333552204,0.41156795797767565,0.0,0.20029415627051872,0.0,0.0,2014-11-17T02:11:26Z,ls8,qdd0msz7qcm2,0.2029075738467351,0.41693805441590437,0.38015437173736055
0.4124651231819531,0.39268922528940337,0.11516743269862117,0.1850979519145147,0.0,0.0,2014-11-25T02:09:32Z,ls7,qdd0msz7qcm2,0.18691999184691382,0.3965547215960865,0.41652528655699966
0.40672161413688507,0.39130818937096135,0.004202232435981612,0.18783199261506,0.0,0.0,2014-12-03T02:11:25Z,ls8,qdd0msz7qcm2,0.19052568357324112,0.39691992418192595,0.412554392244833
0.4448767448767449,0.3686590436590437,0.1156927117531188,0.17591476091476094,0.0,0.0,2014-12-11T02:09:39Z,ls7,qdd0msz7qcm2,0.1777903514353981,0.37258965985087705,0.44961998871372477
0.48161745320326915,0.3248378592143422,0.003808273145108343,0.17981940416556816,0.0,0.0,2014-12-19T02:11:22Z,ls8,qdd0msz7qcm2,0.1823218228573567,0.3293583965527381,0.48831978058990516
0.46152342237708094,0.3639876113046845,0.321602101116218,0.1632365466511808,0.0,0.0,2014-12-27T02:09:46Z,ls7,qdd0msz7qcm2,0.16509425651005216,0.3681299641533555,0.46677577933659237
0.508929743926461,0.3041562705187131,0.0,0.1733630991464215,0.0,0.0,2015-01-04T02:11:17Z,ls8,qdd0msz7qcm2,0.1757445941790327,0.3083344759784925,0.5159209298424747
0.5109758656873032,0.3333083495727777,0.12396585686145767,0.14575475940638585,0.0,0.0,2015-01-12T02:09:49Z,ls7,qdd0msz7qcm2,0.1472212338463635,0.3366618467571598,0.5161169193964766
0.5281996060407091,0.2954458305975049,0.0,0.16310439921208142,0.0,0.0,2015-01-20T02:11:13Z,ls8,qdd0msz7qcm2,0.16529457952382853,0.2994131033656725,0.535292317110499
0.49815332045758426,0.3473510622492943,0.11608667104399217,0.14403654731837764,0.0,0.0,2015-01-28T02:09:53Z,ls7,qdd0msz7qcm2,0.14555895865237364,0.35102243041167464,0.5034186109359516
0.26886145764937625,0.5363177938279711,0.0,0.181655942219304,0.0,0.0,2015-02-05T02:11:10Z,ls8,qdd0msz7qcm2,0.18407931068897834,0.5434725040753186,0.27244818523570313
0.48776362442547605,0.32577938279711094,0.0,0.17045173998686805,0.0,0.0,2015-02-21T02:11:03Z,ls8,qdd0msz7qcm2,0.1732242377007175,0.33107837589682265,0.49569738640245986
0.5368378200919239,0.28001444517399876,0.0,0.16837820091923836,0.0,0.0,2015-03-09T02:10:54Z,ls8,qdd0msz7qcm2,0.17090234894095724,0.28421212577623817,0.5448855252828045
0.24129612403100772,0.6245457364341086,0.5764937623112278,0.12370852713178296,0.0,0.0018604651162790699,2015-03-17T02:10:13Z,ls7,qdd0msz7qcm2,0.12478229838536312,0.6299666987062938,0.24339053779206402
0.512741210679355,0.31058815754692043,0.006434668417596878,0.16088554057626223,0.0,0.0,2015-03-25T02:10:46Z,ls8,qdd0msz7qcm2,0.16346586414953462,0.31556945009581594,0.5209646857546495
0.41104740740740736,0.4236622222222223,0.11359159553512799,0.15532296296296297,0.0,0.0,2015-04-02T02:10:19Z,ls7,qdd0msz7qcm2,0.15688671678597937,0.427927550458496,0.4151857327555247
,,1.0,,,,2015-04-10T02:10:36Z,ls8,qdd0msz7qcm2,,,
0.41928744326777606,0.41281089258698944,0.13197636244254762,0.1579773071104387,0.0,0.0,2015-04-18T02:10:28Z,ls7,qdd0msz7qcm2,0.15956084591406391,0.4169488417578388,0.42349031232809725
0.5187275114904792,0.29511753118844386,0.0,0.17117268548916612,0.0,0.0,2015-04-26T02:10:33Z,ls8,qdd0msz7qcm2,0.1737762484818509,0.2996063144338487,0.5266174370843004
0.08185165702261969,0.6583298264071541,0.5007222586999344,0.2166859547606523,0.0,0.03498158863755918,2015-05-04T02:10:34Z,ls7,qdd0msz7qcm2,0.21853177094533366,0.6639377387879221,0.08254890162918509
0.4357951411687459,0.36804596191726857,0.0,0.18097833223900198,0.0,0.0,2015-05-12T02:10:17Z,ls8,qdd0msz7qcm2,0.18376803477611545,0.37371923087180314,0.44251273435208155
0.12017601925680757,0.5225515270046637,0.12711753118844382,0.20064239506544307,0.12140815405446066,0.028433879945840228,2015-05-20T02:10:42Z,ls7,qdd0msz7qcm2,0.20225730385145935,0.5267573831589965,0.12114327898924337
0.3190921035343582,0.4685074234660361,0.0005252790544977293,0.19879647878071216,0.0,0.0006569438969911969,2015-05-28T02:10:19Z,ls8,qdd0msz7qcm2,0.20140580404106004,0.47465686968464305,0.3232803823773058
0.23208361429534732,0.5080130366374467,0.415758371634931,0.2294066082265678,0.0011238480557428637,0.019554956169925825,2015-06-05T02:10:48Z,ls7,qdd0msz7qcm2,0.23172975620708774,0.5131575678663663,0.23443387170087732
0.29070092790863666,0.43879229122055674,0.08010505581089955,0.2022826552462527,0.005139186295503212,0.0489650249821556,2015-06-13T02:10:31Z,ls8,qdd0msz7qcm2,0.20534799943951598,0.445441647292654,0.2951061419901712
0.23117005909389365,0.5394550229809587,0.0,0.2161457649376231,0.0,0.0023637557452396585,2015-06-29T02:10:37Z,ls8,qdd0msz7qcm2,0.21852575985274966,0.5453949969240276,0.2337154874779832
0.11266965620328849,0.6436681614349776,0.1214707813525936,0.2366188340807175,0.0,0.0,2015-07-07T02:10:56Z,ls7,qdd0msz7qcm2,0.23829724456862084,0.6482338985500266,0.11346885688135266
0.30118844386080107,0.4744858831254104,0.0,0.2115167432698621,0.0,0.0,2015-07-15T02:10:47Z,ls8,qdd0msz7qcm2,0.21426119992657094,0.48064239783118234,0.3050964022422467
0.0,0.0,0.9978988837820092,0.0,0.0,1.0,2015-08-08T02:11:03Z,ls7,qdd0msz7qcm2,0.0,0.0,0.0
,,1.0,,,,2015-08-16T02:10:57Z,ls8,qdd0msz7qcm2,,,
0.11351133651551312,0.329928400954654,0.1196323046618516,0.23076372315035798,0.3113066825775656,0.007159904534606206,2015-08-24T02:11:05Z,ls7,qdd0msz7qcm2,0.23327259053908422,0.33351538852128465,0.11474543382745911
0.18244916403072753,0.16647085404428377,0.7093893630991464,0.16131495707184818,0.35472209670131044,0.12923633077270674,2015-09-01T02:11:03Z,ls8,qdd0msz7qcm2,0.16315076028521508,0.1683653326117629,0.18452547962900484
0.14744523295279235,0.31011570502931196,0.14878529218647407,0.21971150879358223,0.3039185436593644,0.011416229558778156,2015-09-09T02:11:08Z,ls7,qdd0msz7qcm2,0.22210977385968317,0.3135007787830943,0.14905467413908002
0.17142004611420047,0.2696731316967313,0.03177938279711101,0.22989827749898278,0.31303404313034044,0.0066458700664587,2015-09-17T02:11:11Z,ls8,qdd0msz7qcm2,0.23309449750261715,0.27342233185320325,0.17380325744738048
0.1901588877855015,0.33037735849056604,0.8677609980302036,0.33178748758689175,0.04667328699106256,0.0913604766633565,2015-09-25T02:11:12Z,ls7,qdd0msz7qcm2,0.33554106330660033,0.334114981148343,0.19231019189063753
0.12869565217391304,0.3995652173913044,0.9909389363099146,0.45724637681159414,0.0,0.0,2015-10-03T02:11:15Z,ls8,qdd0msz7qcm2,0.4639705882352941,0.4054411764705883,0.13058823529411764
,,1.0,,,,2015-10-11T02:11:21Z,ls7,qdd0msz7qcm2,,,
0.09677018633540374,0.5283850931677018,0.9788575180564675,0.3632919254658385,0.0,0.0,2015-10-19T02:11:17Z,ls8,qdd0msz7qcm2,0.3675380168405178,0.5345607641070754,0.0979012190524067
,,1.0,,,,2015-10-27T02:11:38Z,ls7,qdd0msz7qcm2,,,
0.42832698621142484,0.3760761654629021,0.0,0.18072225869993436,0.0,0.0,2015-11-04T02:11:21Z,ls8,qdd0msz7qcm2,0.18345101729867644,0.3817546086036154,0.4347943740977081
0.46175626145387905,0.3590821624923641,0.14011818778726193,0.16697923029932807,0.0,0.0,2015-11-12T02:11:54Z,ls7,qdd0msz7qcm2,0.16903851594640268,0.3635105739901024,0.46745091006349493
0.547338148391333,0.2652803676953382,0.0,0.17282074852265267,0.0,0.0,2015-11-20T02:11:23Z,ls8,qdd0msz7qcm2,0.17537432770264866,0.2692001194010757,0.5554255528962757
0.4884906813321112,0.3631591811793462,0.14038082731451085,0.13695080965475098,0.0,0.0,2015-11-28T02:12:07Z,ls7,qdd0msz7qcm2,0.13852995806149537,0.3673466864872717,0.4941233554512329
0.1889655172413793,0.6820689655172412,0.9961917268548917,0.09137931034482759,0.0,0.034482758620689655,2015-12-06T02:11:22Z,ls8,qdd0msz7qcm2,0.09167397669850136,0.6842683996590023,0.1895748650218066
0.4697952115645234,0.38096220448727597,0.12790544977019036,0.1382909200421623,0.0,0.0,2015-12-14T02:12:24Z,ls7,qdd0msz7qcm2,0.13982220584720176,0.38518057266220784,0.47499722149059037
0.5274642153644123,0.30523965856861457,0.0,0.15103479973736048,0.0,0.0,2015-12-22T02:11:23Z,ls8,qdd0msz7qcm2,0.1535314243302448,0.3102853092374088,0.5361832664323464
0.35666666666666663,0.5433333333333333,0.9984241628365069,0.09249999999999999,0.0,0.0,2015-12-30T02:12:36Z,ls7,qdd0msz7qcm2,0.09319899244332493,0.547439126784215,0.3593618807724601
0.48134008097166,0.36102024291497975,0.6756401838476691,0.14250607287449393,0.0,0.0,2016-01-07T02:11:18Z,ls8,qdd0msz7qcm2,0.14469584234282376,0.36656773355476807,0.4887364241024081
0.5183226102941177,0.35228247549019603,0.14274458305975046,0.11841605392156862,0.0,0.0,2016-01-15T02:12:52Z,ls7,qdd0msz7qcm2,0.11973055900178584,0.3561930694372809,0.5240763715609333
0.49237023967063676,0.356519629466255,0.1068942875902823,0.13611233642111453,0.0,0.0007351860020585208,2016-01-23T02:11:19Z,ls8,qdd0msz7qcm2,0.1380832121686661,0.36168195280678733,0.49949964902248795
0.4959415712593762,0.3446611396236347,0.002101116217990806,0.1443782076589025,0.0,0.0,2016-02-08T02:11:15Z,ls8,qdd0msz7qcm2,0.14657970011503207,0.3499165650171613,0.5035037348678066
,,1.0,,,,2016-02-16T02:13:07Z,ls7,qdd0msz7qcm2,,,
0.18024982155603142,0.5073875802997858,0.81602101116218,0.25335474660956464,0.0,0.046395431834404,2016-02-24T02:11:08Z,ls8,qdd0msz7qcm2,0.25675054157182065,0.5141882588430164,0.1826657677507589
0.5149721189591079,0.34189126394052044,0.15219960604070915,0.13189126394052045,0.0,0.0,2016-03-03T02:13:13Z,ls7,qdd0msz7qcm2,0.13339129617445247,0.3457796785412162,0.5208290252843313
0.5255897231096911,0.31304712460063894,0.013525935653315835,0.1451943556975506,0.0,0.0,2016-03-11T02:11:06Z,ls8,qdd0msz7qcm2,0.14758055568334658,0.3181919047863891,0.5342275395302644
0.1948031945236737,0.5833314318311467,0.7697964543663821,0.21086138049058756,0.0,0.0,2016-03-19T02:13:21Z,ls7,qdd0msz7qcm2,0.21320751452088296,0.5898218271798629,0.1969706582992542
,,1.0,,,,2016-04-04T02:13:24Z,ls7,qdd0msz7qcm2,,,
0.10671488219504922,0.6846928124067999,0.11936966513460279,0.1788249328959141,0.011184014315538324,0.012675216224276767,2016-04-20T02:13:33Z,ls7,qdd0msz7qcm2,0.17991387080629376,0.6888621860412261,0.10736471261266513
0.13401699716713883,0.42651841359773374,0.5364412344057781,0.1299801699716714,0.128328611898017,0.17620396600566574,2016-04-28T02:10:48Z,ls8,qdd0msz7qcm2,0.13091228678347386,0.4295770723450213,0.13497806296782214
0.34680633995263255,0.4984550920021862,0.2791858174655285,0.1337438513390417,0.0009109127345600292,0.010384405173984331,2016-05-06T02:13:38Z,ls7,qdd0msz7qcm2,0.13506890542506167,0.5033934869245863,0.35024228974180777
,,1.0,,,,2016-05-14T02:10:47Z,ls8,qdd0msz7qcm2,,,
0.0610851353984025,0.46104422365088643,0.3259356533158241,0.20442041691018897,0.2402104032729398,0.027274498344048315,2016-05-22T02:13:40Z,ls7,qdd0msz7qcm2,0.20609880666017155,0.4648296180403534,0.06158667368248702
0.15304005252790545,0.36392514773473406,0.0,0.22253578463558768,0.23676953381483914,0.014445173998686802,2016-05-30T02:10:54Z,ls8,qdd0msz7qcm2,0.22532968302028325,0.36849416518094463,0.1549614439852462
0.11674550484094051,0.3078271092669433,0.050558108995403805,0.24624896265560167,0.3008298755186722,0.019363762102351315,2016-06-15T02:10:56Z,ls8,qdd0msz7qcm2,0.2495471483641954,0.3119500544422368,0.11830915957254426
0.08189008251595828,0.3506601276661996,0.15653315824031522,0.2510618091234626,0.3011054024599097,0.0077845243655612646,2016-06-23T02:13:48Z,ls7,qdd0msz7qcm2,0.2538155274842741,0.35450626912168504,0.08278827656856973
0.11480892974392645,0.2940774786605384,0.0,0.246967826657912,0.3263296126066973,0.008798424162836507,2016-07-01T02:11:05Z,ls8,qdd0msz7qcm2,0.25036353352081436,0.29812092401949936,0.11638750569015258
0.0,0.0,0.9998686802363755,0.0,0.0,1.0,2016-07-09T02:13:48Z,ls7,qdd0msz7qcm2,0.0,0.0,0.0
0.0,0.0,0.7841103086014445,0.0,0.5711678832116789,0.42883211678832117,2016-07-17T02:11:12Z,ls8,qdd0msz7qcm2,0.0,0.0,0.0
0.11176435848220877,0.2613539052118707,0.1105712409717663,0.2301314041045327,0.3800383877159309,0.009449283921452828,2016-07-25T02:13:50Z,ls7,qdd0msz7qcm2,0.23290200865244412,0.264500404583445,0.1131099151267272
0.14384423102223393,0.23695303249572425,0.001838476690741997,0.2387777923957374,0.3661360347322721,0.005130903828443626,2016-08-02T02:11:16Z,ls8,qdd0msz7qcm2,0.24230719262138598,0.24045546074907068,0.14597040806882755
0.07932660439891534,0.2860274178969569,0.12829940906106374,0.241590840614643,0.37375715576981017,0.012051822838204279,2016-08-10T02:13:52Z,ls7,qdd0msz7qcm2,0.2444751314715926,0.2894422256114307,0.0802736643089622
0.0,0.0,0.9957977675640184,0.0,0.1875,0.8125,2016-08-18T02:11:20Z,ls8,qdd0msz7qcm2,0.0,0.0,0.0
0.5087499999999999,0.203,0.9842416283650689,0.27708333333333335,0.0,0.0,2016-08-26T02:13:54Z,ls7,qdd0msz7qcm2,0.28021237148154393,0.2052924321591101,0.514495196359346
0.1240491452991453,0.21116319444444445,0.01667760998030199,0.23013621794871797,0.39009081196581197,0.03619123931623932,2016-09-03T02:11:26Z,ls8,qdd0msz7qcm2,0.23354314270507903,0.2142892435348374,0.1258855624780322
0.1266417910447761,0.14123880597014923,0.912015758371635,0.21577611940298508,0.40298507462686567,0.10746268656716418,2016-09-19T02:11:28Z,ls8,qdd0msz7qcm2,0.21840631743304767,0.1429604331375064,0.128185488235416
0.0,0.0,0.9988181221273802,0.0,1.0,0.0,2016-09-27T02:13:59Z,ls7,qdd0msz7qcm2,0.0,0.0,0.0
0.11666841759684833,0.2092015758371635,0.0,0.2298069599474721,0.42705187130663164,0.008798424162836507,2016-10-05T02:11:31Z,ls8,qdd0msz7qcm2,0.23331096919620092,0.2123914020145326,0.1184473333197984
0.10640913873440552,0.2337096046896137,0.12632961260669728,0.22656395611002556,0.4174056816473771,0.008868179768525478,2016-10-13T02:13:59Z,ls7,qdd0msz7qcm2,0.2293799754046183,0.23661443901294263,0.1077317241665365
0.13018009727882213,0.20766793742605494,0.0010505581089954585,0.22501643223346915,0.4218482976206126,0.006704351255422637,2016-10-21T02:11:35Z,ls8,qdd0msz7qcm2,0.2284476134345601,0.21083457870595176,0.13216515898345282
0.07085714285714285,0.22392207792207794,0.9494418910045962,0.1507012987012987,0.033766233766233764,0.5168831168831168,2016-10-29T02:13:55Z,ls7,qdd0msz7qcm2,0.15201052227464684,0.2258674099499708,0.07147271712603182
0.12620354563361785,0.23773210768220615,0.0,0.21102823374917926,0.4122127380170716,0.004202232435981616,2016-11-06T02:11:35Z,ls8,qdd0msz7qcm2,0.21419244025291548,0.241296718293358,0.12809587100067324
0.12518704022538737,0.25895914853654717,0.16099803020354564,0.20208013773673503,0.4047581781186414,0.0017217091876663014,2016-11-14T02:13:47Z,ls7,qdd0msz7qcm2,0.20459440441546947,0.26218109981593074,0.12674460846229213
0.12971897570584373,0.24636375574523964,0.0,0.2075101772816809,0.40302035456336177,0.004596191726854892,2016-11-22T02:11:35Z,ls8,qdd0msz7qcm2,0.2106358621885534,0.25007468444772935,0.13167290707350063
0.11597140707298723,0.28928517682468025,0.12738017071569274,0.18971708051166292,0.39367945823927764,0.003912716328066215,2016-11-30T02:13:45Z,ls7,qdd0msz7qcm2,0.19208758429992578,0.29289977813364904,0.1174204629990813
0.14987123324040888,0.2527027744590469,0.01076822061720284,0.2000358422939068,0.3865657772467808,0.0018584893136864462,2016-12-08T02:11:33Z,ls8,qdd0msz7qcm2,0.20301205990316662,0.2564625928927293,0.15210108064363684
0.11092303111508114,0.3009870477891916,0.11792514773473406,0.19195176418043772,0.3860354324847402,0.0026797677534613666,2016-12-16T02:13:40Z,ls7,qdd0msz7qcm2,0.19431132646429297,0.30468692358311616,0.11228654971438934
0.134575180564675,0.28408273145108337,0.0,0.1940827314510834,0.3757058437294813,0.0026263952724885093,2016-12-24T02:11:28Z,ls8,qdd0msz7qcm2,0.1969103541539532,0.28822157870935583,0.1365358281347211
0.1299142728229809,0.31184388629869153,0.126854891661195,0.18942397352985413,0.33674236727327417,0.02421416754399158,2017-01-01T02:13:32Z,ls7,qdd0msz7qcm2,0.1917832368363822,0.3157278816800558,0.13153234666629637
0.15013589128697044,0.2912110311750599,0.014313854235062373,0.19599520383693045,0.3502531308286704,0.0030642152944311218,2017-01-09T02:11:25Z,ls8,qdd0msz7qcm2,0.1988675992601127,0.2954788561868565,0.15233619842992932
0.15205846713117238,0.3333823083913965,0.13302692055154297,0.1921720690699788,0.27612844592547714,0.038018782187215994,2017-01-17T02:13:22Z,ls7,qdd0msz7qcm2,0.1945089254177539,0.33743631357212156,0.15390753289743125
0.18444444444444447,0.300880195599022,0.03322390019697963,0.19076609616951917,0.31146427601195326,0.002309155120891062,2017-01-25T02:11:20Z,ls8,qdd0msz7qcm2,0.19362602771908333,0.30539093823783986,0.1872096029102326
0.10393218433870363,0.3642675159235669,0.29901510177281676,0.19987073810415887,0.31472461596103407,0.00992881228924691,2017-02-02T02:13:14Z,ls7,qdd0msz7qcm2,0.2020475836377203,0.36823485062489025,0.10506413748710842
,,1.0,,,,2017-02-10T02:11:12Z,ls8,qdd0msz7qcm2,,,
0.11041110436893206,0.34996055825242717,0.13434011818778724,0.19147603155339807,0.33646844660194175,0.00424757281553398,2017-02-18T02:13:13Z,ls7,qdd0msz7qcm2,0.1936603924456404,0.3539529125490573,0.11167067558782649
0.15192039931695786,0.313767240246946,0.0002626395272488091,0.19873505845264677,0.32247471430447916,0.0036779193484828584,2017-02-26T02:11:07Z,ls8,qdd0msz7qcm2,0.20155406511383933,0.318217949383054,0.15407535185014457
0.1333807882511614,0.37369998501423646,0.12370321733420875,0.19475947849542932,0.28577851041510566,0.004495729057395474,2017-03-06T02:13:21Z,ls7,qdd0msz7qcm2,0.19694769379259283,0.37789868194069753,0.13487938479420855
0.15614012738853505,0.27847558386411886,0.690741956664478,0.15603821656050954,0.3940552016985138,0.007643312101910828,2017-03-14T02:10:58Z,ls8,qdd0msz7qcm2,0.15805853897853894,0.2820811779125252,0.15816176930851109
0.14828478151682573,0.4584655951783023,0.47708470124753777,0.2553867403314917,0.057759919638372674,0.0700652938221999,2017-03-22T02:13:27Z,ls7,qdd0msz7qcm2,0.2583601509952638,0.4638034075013162,0.15001122804284717
0.2672202056866304,0.48572595281306713,0.1317137229152987,0.23459921355111918,0.0,0.0,2017-03-30T02:10:50Z,ls8,qdd0msz7qcm2,0.23755790892314288,0.4918517837862672,0.27059030729058986
,,1.0,,,,2017-04-07T02:13:31Z,ls7,qdd0msz7qcm2,,,
0.2680953018337572,0.5093280685316558,0.018910045961917255,0.20948601258198368,0.0,0.0,2017-04-15T02:10:42Z,ls8,qdd0msz7qcm2,0.21226468833071124,0.5160839255682743,0.27165138610101447
0.31962017715057794,0.4713646599609669,0.12527905449770194,0.19951208527248157,0.0,0.0,2017-04-23T02:13:38Z,ls7,qdd0msz7qcm2,0.2014262546038771,0.47588705154826694,0.32268669384785603
0.39878923177938275,0.36669074195666446,0.0,0.21887458962573872,0.0,0.0,2017-05-01T02:10:31Z,ls8,qdd0msz7qcm2,0.22235340574663887,0.37251896380135163,0.40512763045200945
0.16342669296515452,0.5865338593030901,0.0013131976362442677,0.23828665351742276,0.0,0.0,2017-05-17T02:10:42Z,ls8,qdd0msz7qcm2,0.24112049305313465,0.5935092513990862,0.16537025554777918
0.3295930232558139,0.4484719737626715,0.11910702560735387,0.2112149672033393,0.0,0.0,2017-05-25T02:13:45Z,ls7,qdd0msz7qcm2,0.21350373488002725,0.4533317058689681,0.3331645592510047
0.4562586999343401,0.3112921864740643,0.0,0.21802101116217992,0.0,0.0,2017-06-02T02:10:51Z,ls8,qdd0msz7qcm2,0.22121269051968456,0.3158492924173199,0.4629380170629956
,,1.0,,,,2017-06-10T02:13:50Z,ls7,qdd0msz7qcm2,,,
0.49047012475377544,0.2786854891661195,0.0,0.21662508207485232,0.0,0.0,2017-06-18T02:10:58Z,ls8,qdd0msz7qcm2,0.21974977087196543,0.28270536266172175,0.4975448664663128
0.11633339327459091,0.6074411077144398,0.26973079448456994,0.2603704369717677,0.0039561229994605285,0.004675418090271534,2017-06-26T02:13:53Z,ls7,qdd0msz7qcm2,0.262281528756668,0.6118996619353618,0.11718726821823802
0.07288819026790595,0.41909650082012023,0.03926460932370324,0.26236878075451064,0.20544013121924548,0.03089119737561509,2017-07-04T02:11:02Z,ls8,qdd0msz7qcm2,0.2656086644999322,0.4242717504701182,0.07378825643508893
0.07466331887696874,0.3637343072357909,0.42468811556139197,0.2365350376626341,0.17690025108422736,0.1431180095868523,2017-07-12T02:13:54Z,ls7,qdd0msz7qcm2,0.2383045227391666,0.366455352011384,0.07522186457836973
0.06422324359816152,0.3795718975705844,0.0,0.2667327642810243,0.2665791201575837,0.014051214707813526,2017-07-20T02:11:06Z,ls8,qdd0msz7qcm2,0.2700519681908989,0.384295263782796,0.06502243316090774
0.06713892709766163,0.1776891334250344,0.8090610636900853,0.1329436038514443,0.5116918844566712,0.10660247592847318,2017-08-05T02:11:14Z,ls8,qdd0msz7qcm2,0.13432802967075372,0.1795395227404859,0.06783808720361603
0.06793395726646655,0.3470563305668373,0.25633617859487856,0.2919071163694155,0.26399434928483134,0.021013597033374538,2017-08-13T02:13:50Z,ls7,qdd0msz7qcm2,0.2952497312572476,0.35103045655560217,0.06871186586894429
,,1.0,,,,2017-08-21T02:11:19Z,ls8,qdd0msz7qcm2,,,
0.16607692307692307,0.18205128205128204,0.8975705843729481,0.2283076923076923,0.4064102564102564,0.010256410256410256,2017-08-29T02:13:51Z,ls7,qdd0msz7qcm2,0.23103954450424805,0.1842296457749507,0.1680641430541346
0.17548220436280138,0.30851894374282435,0.3137229152987525,0.3125047837734405,0.18350554917719097,0.008610792192881744,2017-09-06T02:11:21Z,ls8,qdd0msz7qcm2,0.3169687731749042,0.31292599722337905,0.177988888231644
0.11667222812073412,0.2563127559532838,0.1342087984241629,0.2314636735932049,0.38146519035340515,0.006825420900955559,2017-09-14T02:13:49Z,ls7,qdd0msz7qcm2,0.23424405116053815,0.2593916245541785,0.11807371303092264
0.10086611817501871,0.25586985789080025,0.12212738017071567,0.23944801795063575,0.3854899027673897,0.01106955871353777,2017-09-30T02:13:50Z,ls7,qdd0msz7qcm2,0.24236249605766536,0.25898421692978485,0.10209382553162234
0.12454875717017208,0.23947227533460805,0.3131976362442548,0.2576692160611855,0.361376673040153,0.00803059273422562,2017-10-08T02:11:30Z,ls8,qdd0msz7qcm2,0.26135899003819524,0.24290147259476946,0.12633227159265664
0.14352378973613134,0.2845938084354872,0.3679579776756402,0.26410346976937465,0.2711406607105755,0.026386868896738,2017-10-24T02:11:33Z,ls8,qdd0msz7qcm2,0.2680146927628437,0.2888084817539551,0.1456492958758877
0.1359752130131681,0.26187916343919443,0.1523309258043336,0.20510766847405115,0.38512780790085205,0.004337722695584818,2017-11-01T02:13:52Z,ls7,qdd0msz7qcm2,0.2076835558657584,0.26516802747959084,0.13768288605821388
0.13397110965200262,0.2646080105055811,0.0,0.2081483913328956,0.3812212738017072,0.0031516743269862113,2017-11-09T02:11:31Z,ls8,qdd0msz7qcm2,0.2112015329471941,0.2684893075128649,0.13593621141124754
0.14054423557249904,0.2854844222426712,0.0010505581089954585,0.1967529906664914,0.36505849875115026,0.003154988826081241,2017-11-25T02:11:25Z,ls8,qdd0msz7qcm2,0.19959786240488817,0.2896122708809029,0.1425763791369774
,,1.0,,,,2017-12-03T02:13:43Z,ls7,qdd0msz7qcm2,,,
0.19717488789237667,0.6058520179372198,0.9414313854235062,0.18255605381165915,0.002242152466367713,0.0,2017-12-11T02:11:23Z,ls8,qdd0msz7qcm2,0.1848111653347324,0.6133360965990918,0.19961058559980802
0.05749297752808989,0.3672963483146067,0.6260013131976363,0.15764044943820227,0.39922752808988765,0.01228932584269663,2017-12-19T02:13:34Z,ls7,qdd0msz7qcm2,0.1592788548424287,0.3711137715976277,0.058090519627359394
0.1543137524018666,0.3690255284106506,0.04320420223243593,0.15771067801262695,0.29563546527587153,0.0146856986000549,2017-12-27T02:11:25Z,ls8,qdd0msz7qcm2,0.15970886635647402,0.37370106794129127,0.15626890182630837
0.18484370211461845,0.4999908060067423,0.14300722258699938,0.16138369598528962,0.12779650628256206,0.01884768617836347,2018-01-04T02:13:22Z,ls7,qdd0msz7qcm2,0.16274492033240462,0.5042080824442088,0.18640280476246104
0.2254208798424163,0.5897754432042023,0.0,0.17504267892317796,0.0,0.0,2018-01-12T02:11:19Z,ls8,qdd0msz7qcm2,0.17676811211735827,0.5955889861245751,0.2276429017580666
0.17585056704469648,0.5417344896597731,0.8031516743269862,0.2701467645096731,0.0,0.0,2018-01-20T02:13:08Z,ls7,qdd0msz7qcm2,0.27350213763246234,0.548463133438245,0.17803472892929267
0.30958834244080147,0.49199635701275046,0.639527248850952,0.1780255009107468,0.0,0.008014571948998178,2018-01-28T02:11:10Z,ls8,qdd0msz7qcm2,0.1802744629029663,0.4982116525831693,0.3134993125648663
0.40702165795369677,0.41344286781179984,0.1208141825344714,0.1661896938013443,0.0,0.00014936519790888724,2018-02-13T02:11:03Z,ls8,qdd0msz7qcm2,0.1684124666469157,0.41897263057113054,0.412465537584045
0.4304722884386174,0.40429678188319434,0.11858174655285625,0.1556510727056019,0.0,0.0,2018-02-21T02:12:42Z,ls7,qdd0msz7qcm2,0.15715661055703475,0.4082073499104954,0.4346360395324698
0.4579776756401838,0.35174523965856863,0.0,0.1764858831254104,0.0,0.0,2018-03-01T02:10:57Z,ls8,qdd0msz7qcm2,0.17895387204759536,0.3566640656832642,0.4643820622691405
0.38313206424747176,0.44623438429506246,0.11700590938936306,0.1600163593099346,0.0,0.0,2018-03-09T02:12:31Z,ls7,qdd0msz7qcm2,0.16173351511662343,0.4510229819574572,0.38724350292591925
0.46077154308617235,0.3861422845691383,0.8689428759028234,0.1388577154308617,0.0,0.0,2018-03-17T02:10:47Z,ls8,qdd0msz7qcm2,0.14086196381378324,0.3917157958934743,0.4674222402927424
0.4863383241397426,0.32287759390596266,0.00013131976362446007,0.1758747044917258,0.0,0.0,2018-04-02T02:10:41Z,ls8,qdd0msz7qcm2,0.17853657365928585,0.3277643564145228,0.49369906992619145
0.13174943566591424,0.669097065462754,0.4182534471437951,0.18400677200902937,0.0,0.005417607223476298,2018-04-18T02:10:31Z,ls8,qdd0msz7qcm2,0.18582452897654847,0.6757069083474051,0.1330509554525701
,,1.0,,,,2018-04-26T02:11:47Z,ls7,qdd0msz7qcm2,,,
0.45726326899879366,0.34650180940892644,0.12908732764281028,0.18098914354644152,0.0,0.0,2018-05-04T02:10:23Z,ls8,qdd0msz7qcm2,0.18379118313124249,0.3518662846870794,0.4643425321816781
0.39348207754206294,0.4362472567666423,0.10242941562705188,0.15967081199707386,0.0,0.0,2018-05-12T02:11:30Z,ls7,qdd0msz7qcm2,0.16138143156057994,0.44092095437372,0.3976976140657001
0.4616231122783979,0.34123571897570587,0.0,0.18271175311884438,0.0,0.0,2018-05-20T02:10:11Z,ls8,qdd0msz7qcm2,0.18538677596094397,0.34623163920097216,0.46838158483808384
0.08046260026114531,0.6426207797052789,0.29599474720945507,0.20313001305726544,0.05055027047192688,0.01753404215631412,2018-05-28T02:11:16Z,ls7,qdd0msz7qcm2,0.20438059649095813,0.6465771172703216,0.08095797361047925
0.05624303723248315,0.4472192905306362,0.10413657255416942,0.23135737320433894,0.2102022867194371,0.04807974201114043,2018-06-13T02:10:59Z,ls7,qdd0msz7qcm2,0.2335292878857427,0.4514176531307016,0.05677103025297824
0.05141168745896258,0.3675758371634931,0.0,0.24521864740643465,0.30623768877216023,0.021011162179908074,2018-06-21T02:10:12Z,ls8,qdd0msz7qcm2,0.24837337224183895,0.37230468072681405,0.05207309607927853
0.06743767517332941,0.42060185868122146,0.10978332239001964,0.255910901312878,0.22569700545803215,0.02330727245906476,2018-06-29T02:10:41Z,ls7,qdd0msz7qcm2,0.2583344037927725,0.42458500141696576,0.06807631687316487
0.09700255102040817,0.3286366213151928,0.07340774786605386,0.26184098639455783,0.2971938775510204,0.006094104308390023,2018-07-07T02:10:21Z,ls8,qdd0msz7qcm2,0.2653571303058934,0.3330497335287944,0.09830515430590174
,,1.0,,,,2018-07-15T02:10:22Z,ls7,qdd0msz7qcm2,,,
0.0807863220926568,0.2712795461708163,0.16664478003939598,0.23004569807752914,0.3629057674125433,0.04664355499527261,2018-07-23T02:10:27Z,ls8,qdd0msz7qcm2,0.2333412461821351,0.2751657948669354,0.08194363654311358
0.07561725630691148,0.30185251530079116,0.12028890347997379,0.2649798477384684,0.3396029258098224,0.010598596805493358,2018-07-31T02:10:05Z,ls7,qdd0msz7qcm2,0.2680109014202787,0.30530534835837975,0.0764822276060258
,,1.0,,,,2018-08-08T02:10:36Z,ls8,qdd0msz7qcm2,,,
0.07884684147794994,0.2301698450536353,0.11858174655285625,0.23775029797377834,0.4058402860548272,0.040375446960667465,2018-08-16T02:09:47Z,ls7,qdd0msz7qcm2,0.24080161791017035,0.23312387641743987,0.07985877265689528
0.09587523032376942,0.2055988418004738,0.002232435981615266,0.24374703869439326,0.4262963937878389,0.019873650960779154,2018-08-24T02:10:44Z,ls8,qdd0msz7qcm2,0.24759571640592162,0.20884517326030183,0.09738906558515849
0.4278378378378378,0.042702702702702704,0.9951411687458963,0.09324324324324325,0.02702702702702703,0.40540540540540543,2018-09-01T02:09:28Z,ls7,qdd0msz7qcm2,0.09386903682205695,0.042989298022855074,0.4307092327226555
0.06793959290873276,0.18643729481286933,0.0,0.2304780039395929,0.4810242941562705,0.026263952724885097,2018-09-09T02:10:50Z,ls8,qdd0msz7qcm2,0.23421279918891938,0.1894584296329491,0.06904052429697585
0.07880987364090508,0.19358507199529826,0.10623768877216022,0.21728474875110199,0.48354393182486044,0.020423156038789303,2018-09-17T02:09:07Z,ls7,qdd0msz7qcm2,0.22010385139755648,0.19609668954744025,0.07983237119135358
0.0753070403044456,0.12613042726171944,0.24084044648719627,0.14912471890676351,0.5172115550942743,0.12696765265524995,2018-09-25T02:10:55Z,ls8,qdd0msz7qcm2,0.15136166327406128,0.12802244590810072,0.07643668306831373
0.07381868532283924,0.19638390905115874,0.0990151017728168,0.22533887188456495,0.4843317300685031,0.01384637807899723,2018-10-03T02:08:44Z,ls7,qdd0msz7qcm2,0.22819478630274248,0.1988728521823047,0.07475425336745252
0.1727901234567901,0.25933333333333336,0.9468154957321077,0.3341975308641975,0.06172839506172839,0.16049382716049382,2018-10-11T02:11:03Z,ls8,qdd0msz7qcm2,0.3391939110137331,0.26321046526614256,0.17537340149790204
,,1.0,,,,2018-10-19T02:08:21Z,ls7,qdd0msz7qcm2,,,
0.09554826001313198,0.19333026920551544,0.0,0.19708207485226528,0.49468154957321075,0.011818778726198293,2018-10-27T02:11:08Z,ls8,qdd0msz7qcm2,0.20013955539381909,0.19632954520071855,0.09703057110605334
0.08995078299776287,0.22400298284862044,0.11950098489822714,0.19126621923937362,0.4686055182699478,0.019686800894854587,2018-11-04T02:08:00Z,ls7,qdd0msz7qcm2,0.19372233157499358,0.22687947871693478,0.09110587054326917
0.11442384105960264,0.251594701986755,0.5042678923177939,0.24495364238410597,0.3380132450331126,0.04185430463576159,2018-11-12T02:11:10Z,ls8,qdd0msz7qcm2,0.24862621587620296,0.2553668444389979,0.116139390015925
0.08288028272713886,0.24015019879251953,0.10820748522652657,0.19232219113532617,0.4679723163009866,0.010160506552790457,2018-11-20T02:07:38Z,ls7,qdd0msz7qcm2,0.19475331033659338,0.24318590546800048,0.08392796134162919
0.09415889691398555,0.23087327642810243,0.0,0.1934957321076822,0.4659225213394616,0.007747866053841103,2018-11-28T02:11:10Z,ls8,qdd0msz7qcm2,0.19640704511929327,0.23434696737919977,0.0955756001082042
0.09303251493032515,0.24936695421366956,0.01050558108995403,0.18639814200398142,0.45958858659588586,0.0038487060384870602,2018-12-14T02:11:06Z,ls8,qdd0msz7qcm2,0.18913529413352695,0.253028768019462,0.09439864521263815
0.09568659609363352,0.2658699865811838,0.11923834537097833,0.1790398091546146,0.4463992843298047,0.0064112121663933205,2018-12-22T02:06:46Z,ls7,qdd0msz7qcm2,0.18122337803105415,0.2691125359930676,0.09685358947968023
0.09404580152671756,0.27196630692287443,0.002232435981615266,0.18541589892076862,0.4352461173993156,0.005527770465912082,2018-12-30T02:11:07Z,ls8,qdd0msz7qcm2,0.1880379866374714,0.275812360669561,0.0953757648277398
0.09528772753963594,0.2918203170874926,0.10544977019041368,0.18033617146212563,0.4223429242513212,0.0033763945977686436,2019-01-07T02:06:17Z,ls7,qdd0msz7qcm2,0.18250882896853277,0.29533611537300414,0.0964357368093733
0.11296257386736705,0.2738883782009192,0.0,0.18236638214051215,0.41930400525279055,0.0034143138542350624,2019-01-15T02:11:05Z,ls8,qdd0msz7qcm2,0.1849500450768565,0.2777686726013858,0.11456296321473208
,,1.0,,,,2019-01-23T02:05:46Z,ls7,qdd0msz7qcm2,,,
0.11586770325471077,0.28737514824087496,0.0034143138542350737,0.17973250757675585,0.40505995519831334,0.0036895506654368165,2019-01-31T02:11:01Z,ls8,qdd0msz7qcm2,0.18228374881264486,0.29145433980308433,0.11751240552052059
0.14204531018420496,0.337258098666102,0.3797767564018385,0.1947512174465382,0.3144188016091467,0.0031759474910014822,2019-02-08T02:05:17Z,ls7,qdd0msz7qcm2,0.19716392146847952,0.34143627008784094,0.14380505934353133
0.11884996801023671,0.2643410108765195,0.1789888378200919,0.15457293666026872,0.4526551503518874,0.0019193857965451055,2019-02-16T02:10:59Z,ls8,qdd0msz7qcm2,0.15677514470465373,0.268107089940493,0.12054322920642073
0.12282337587006961,0.3158816705336427,0.09441891004596192,0.17507685614849186,0.37587006960556846,0.003045243619489559,2019-02-24T02:04:48Z,ls7,qdd0msz7qcm2,0.1771599226213405,0.3196400343274154,0.12428472982618605
,,1.0,,,,2019-03-04T02:10:54Z,ls8,qdd0msz7qcm2,,,
0.12088811493252068,0.31400377303729504,0.095075508864084,0.18083297054128572,0.3733855753881875,0.0036279204759831663,2019-03-12T02:04:17Z,ls7,qdd0msz7qcm2,0.18296565193490855,0.31770702473016654,0.1223138274707542
0.117715036112935,0.31162442547603414,0.0,0.18717793827971108,0.3721602101116218,0.0026263952724885093,2019-03-20T02:10:49Z,ls8,qdd0msz7qcm2,0.18981808820641316,0.3160198965002403,0.1193754099092361
0.14766471449487553,0.3078286969253295,0.10308601444517396,0.17762079062957542,0.35636896046852123,0.0029282576866764276,2019-03-28T02:03:45Z,ls7,qdd0msz7qcm2,0.1797497738976548,0.3115183671653154,0.1494346407818322
0.15311294399361447,0.2950631901024345,0.012869336835193645,0.1843394971398164,0.3566582413196754,0.0017294133297858188,2019-04-05T02:10:46Z,ls8,qdd0msz7qcm2,0.1869906311556622,0.29930673026741184,0.1553149839274648
0.2201773399014778,0.46528571428571425,0.7334208798424162,0.16290147783251235,0.10837438423645321,0.03399014778325123,2019-04-13T02:03:12Z,ls7,qdd0msz7qcm2,0.1646816667865171,0.4703703611535546,0.22258344004022396
0.13310620689655173,0.3184579310344827,0.04793171372291527,0.19279724137931037,0.3456551724137931,0.0008275862068965517,2019-04-21T02:10:39Z,ls8,qdd0msz7qcm2,0.1955367366470673,0.3229829646335488,0.13499754009869427
0.1312683382235263,0.32761269671912513,0.015364412344057832,0.18955588156841824,0.33969058415577486,0.002667377967457989,2019-05-07T02:10:43Z,ls8,qdd0msz7qcm2,0.19224679081647192,0.3322634415448039,0.13313180551549122
0.18603542435424353,0.3163867158671587,0.11030860144451737,0.17979630996309962,0.30686346863468633,0.002952029520295203,2019-05-15T02:01:59Z,ls7,qdd0msz7qcm2,0.18189573529108508,0.32008106468258196,0.18820770187135152
0.1451096520026264,0.3252632961260669,0.0,0.19159290873276427,0.3258043335521996,0.0028890347997373605,2019-05-23T02:10:53Z,ls8,qdd0msz7qcm2,0.1942964110246626,0.32985297573562783,0.1471572448877726
,,1.0,,,,2019-05-31T02:01:24Z,ls7,qdd0msz7qcm2,,,
0.036825604180274335,0.24568473764424126,0.39684832567301376,0.1428325713041585,0.4036577400391901,0.1659046374918354,2019-06-08T02:11:01Z,ls8,qdd0msz7qcm2,0.14454340370000068,0.24862752166393579,0.03726669710503806
0.05272619829284308,0.32355745239658573,0.0,0.23978332239001968,0.36533158240315167,0.010374261326329612,2019-06-24T02:11:07Z,ls8,qdd0msz7qcm2,0.2429854763857213,0.32787835669761767,0.05343032318717981
0.05306647187728269,0.30986267348429514,0.10111621799080761,0.25267640613586556,0.3661066471877283,0.01183345507669832,2019-07-02T02:00:13Z,ls7,qdd0msz7qcm2,0.2553256041611924,0.3131114437009954,0.0536228498733856
,,1.0,,,,2019-07-10T02:11:10Z,ls8,qdd0msz7qcm2,,,
0.40791666666666665,0.3267708333333333,0.9873933026920552,0.25447916666666665,0.0,0.0,2019-07-18T01:59:36Z,ls7,qdd0msz7qcm2,0.25726621735467564,0.33034962089300757,0.4123841617523168
,,1.0,,,,2019-07-26T02:11:15Z,ls8,qdd0msz7qcm2,,,
0.09755991285403051,0.2922599854756718,0.09586342744583065,0.2477298474945534,0.3516339869281046,0.003485838779956427,2019-08-03T01:58:57Z,ls7,qdd0msz7qcm2,0.2505781992322223,0.29562033646244185,0.09868163859727472
0.10010695187165776,0.26415878239407653,0.04228496388706504,0.2552378993555464,0.3672014260249554,0.0043877690936514465,2019-08-11T02:11:21Z,ls8,qdd0msz7qcm2,0.25890768845483203,0.26795683520111657,0.10154628122544455
0.06783275462962964,0.29803964120370374,0.09231779382797112,0.2558521412037037,0.36038773148148145,0.01099537037037037,2019-08-19T01:58:17Z,ls7,qdd0msz7qcm2,0.2586884863102213,0.3013436717031137,0.06858474013481318
0.10422529483529888,0.2660065067100448,0.03125410374261328,0.25471872034702453,0.3613935204012471,0.004880032533550223,2019-08-27T02:11:25Z,ls8,qdd0msz7qcm2,0.25829563140090583,0.2697419275419303,0.10568888812236672
0.04318710832587287,0.02384064458370636,0.8533158240315167,0.021736794986571172,0.36257833482542523,0.5478961504028648,2019-09-04T01:57:36Z,ls7,qdd0msz7qcm2,0.021923141690944215,0.024045027315891452,0.043557345764874335
0.09114482575857957,0.2680204054591228,0.008929743926460953,0.2521995494898635,0.369418311912018,0.01060023850536637,2019-09-12T02:11:30Z,ls8,qdd0msz7qcm2,0.25575408857514703,0.2717979261120544,0.0924294348954141
0.0927911962269544,0.27335000714591967,0.0811556139198949,0.24787909103901676,0.36687151636415605,0.011862226668572244,2019-09-20T01:56:54Z,ls7,qdd0msz7qcm2,0.250804275480438,0.27657577009596923,0.09388621139086441
0.12172199730094467,0.25643589743589745,0.02692055154300721,0.2370431848852902,0.3672064777327935,0.00863697705802969,2019-09-28T02:11:35Z,ls8,qdd0msz7qcm2,0.2404938161588691,0.2601688279050387,0.12349390114526901
0.09514138079517727,0.2972628103918473,0.0850952068286277,0.23020094732309462,0.36070044495478687,0.009329697143677335,2019-10-06T01:56:13Z,ls7,qdd0msz7qcm2,0.23292396593603096,0.30077909551162435,0.09626679645388052
0.13117647058823528,0.05235294117647059,0.9977675640183847,0.1076470588235294,0.0,0.7058823529411765,2019-10-14T02:11:38Z,ls8,qdd0msz7qcm2,0.1087344028520499,0.052881758764111705,0.1325014854426619
0.13127557683935567,0.31334204034247565,0.095075508864084,0.19966187781163838,0.3455231461326368,0.002466985923668553,2019-10-22T01:55:33Z,ls7,qdd0msz7qcm2,0.2020575163371852,0.3171016677272589,0.13285068387925056
0.13688781664656213,0.30049457177322075,0.5645436638214052,0.1670205066344994,0.35705669481302776,0.0304583835946924,2019-10-30T02:11:38Z,ls8,qdd0msz7qcm2,0.16925389131557142,0.3045127608379459,0.1387182694387624
0.15091361374943466,0.3332142318709483,0.12895600787918582,0.18643449419568825,0.31886024423337855,0.0024121815166591285,2019-11-07T01:54:50Z,ls7,qdd0msz7qcm2,0.18870465054250796,0.33727168060969126,0.15275124309776314
0.191846853050544,0.3270086764908415,0.04648719632304665,0.1832406004682551,0.286875086076298,0.0009640545379424321,2019-11-15T02:11:35Z,ls8,qdd0msz7qcm2,0.1858674018072757,0.3316964303351447,0.19459702724333902
0.1843147284489243,0.37744696855724386,0.12711753118844382,0.17759139461411164,0.24973672333383481,0.002707988566270498,2019-11-23T01:54:06Z,ls7,qdd0msz7qcm2,0.1795615486964075,0.3816342699046379,0.1863594694988493
0.21765725541694025,0.48240840446487193,0.0,0.17170190413657255,0.07117531188443861,0.0479317137229153,2019-12-01T02:11:33Z,ls8,qdd0msz7qcm2,0.17349922993987035,0.48745811592516414,0.21993562852761167
0.24014918625678117,0.5746820373719108,0.12856204858831255,0.16707052441229653,0.0,0.0108499095840868,2019-12-09T01:53:19Z,ls7,qdd0msz7qcm2,0.1683038294391127,0.5789243072037972,0.2419219537730032
0.3154479889042996,0.5102787794729542,0.05318450426789234,0.16272260748959777,0.0,0.0,2019-12-17T02:11:32Z,ls8,qdd0msz7qcm2,0.16462411880921377,0.5162416932333528,0.3191341879574335
0.33,0.4958252427184467,0.9729481286933683,0.16480582524271847,0.0,0.0,2019-12-25T01:52:30Z,ls7,qdd0msz7qcm2,0.1663644827755182,0.5005145293281718,0.33312098789631006
0.32639869636067353,0.4849592612710483,0.2747209455022981,0.16051240267970307,0.0010863661053775121,0.014847003440159334,2020-01-02T02:11:27Z,ls8,qdd0msz7qcm2,0.162526717247093,0.49104514926637177,0.3304947639409984
0.41169989812254404,0.42692621161402994,0.09770190413657254,0.1523533692330083,0.0,0.0,2020-01-10T01:51:40Z,ls7,qdd0msz7qcm2,0.1537401858123489,0.43081236360004815,0.41544745058760296
0.4196808091422567,0.41005779587547614,0.0002626395272488091,0.15684618415867596,0.0,0.0002627085248916327,2020-01-18T02:11:24Z,ls8,qdd0msz7qcm2,0.15893715476791406,0.41552441786480776,0.4252757188423865
0.41192065310799203,0.431101403609281,0.08312541037426135,0.14745631624176453,0.0,0.0,2020-01-26T01:50:53Z,ls7,qdd0msz7qcm2,0.14887383739762156,0.4352456503632409,0.41588051223913747
0.4638975705843729,0.36785817465528564,0.0,0.15562179908076165,0.0,0.0,2020-02-03T02:11:19Z,ls8,qdd0msz7qcm2,0.1576112399719107,0.37256080692869153,0.46982795309939773
0.4532259054634746,0.4184208103130755,0.14432042022324365,0.11890577041129527,0.0,0.0,2020-02-11T01:50:04Z,ls7,qdd0msz7qcm2,0.12003984853837046,0.42241154925911456,0.45754860220251486
0.462526592252134,0.3657360472751149,0.0,0.1593407747866054,0.0,0.0,2020-02-19T02:11:15Z,ls8,qdd0msz7qcm2,0.16134085046405872,0.3703268356248171,0.4683323139111241
0.02393181818181818,0.28652272727272726,0.9422193040052528,0.11281818181818182,0.0,0.5727272727272728,2020-03-06T02:11:10Z,ls8,qdd0msz7qcm2,0.11388433302093096,0.2892304162761637,0.024157977975632614
,,1.0,,,,2020-03-14T01:48:22Z,ls7,qdd0msz7qcm2,,,
0.4680577806959948,0.36823768877216023,0.0,0.14794484569927774,0.0,0.0,2020-03-22T02:11:02Z,ls8,qdd0msz7qcm2,0.1503137429135996,0.374133921459535,0.47555233562686544
0.39301809880971794,0.44392793086580795,0.19461588969139854,0.15226642752323494,0.0,0.0,2020-03-30T01:47:28Z,ls7,qdd0msz7qcm2,0.15392692076929668,0.4487690461591207,0.3973040330715826
0.4864018384766907,0.3457662508207486,0.0,0.15311359159553517,0.0,0.0,2020-04-07T02:10:53Z,ls8,qdd0msz7qcm2,0.15540083060994922,0.3509313707196665,0.49366779867038424
0.4454519640321818,0.4216879634011674,0.16756401838476687,0.12023032023978547,0.0,0.002839564600094652,2020-04-15T01:46:33Z,ls7,qdd0msz7qcm2,0.12142245399950853,0.4258691753969169,0.44986880600347995
0.5050450704225352,0.3280802816901408,0.06762967826657917,0.1521591549295775,0.0,0.0,2020-04-23T02:10:47Z,ls8,qdd0msz7qcm2,0.15443169342665022,0.33298025021728184,0.5125880563560679
0.46878683834048634,0.37756938483547925,0.0820748522652659,0.1429298998569385,0.0,0.0,2020-05-01T01:45:36Z,ls7,qdd0msz7qcm2,0.14447781741722115,0.38165842625786145,0.4738637563249175
0.19524204156800842,0.6179123914759274,0.0017071569271175369,0.17558011049723757,0.0,0.0,2020-05-09T02:10:38Z,ls8,qdd0msz7qcm2,0.17758063743620583,0.6249527696917125,0.1974665928720817
0.43533333333333335,0.4206857142857143,0.24162836506894292,0.13293160173160173,0.0,0.0,2020-05-17T01:44:38Z,ls7,qdd0msz7qcm2,0.13441682031240423,0.425385952839951,0.44019722684764473
0.02236413043478261,0.5754347826086956,0.9516743269862115,0.2497554347826087,0.0,0.14673913043478262,2020-05-25T02:10:41Z,ls8,qdd0msz7qcm2,0.2514370199478651,0.5793091431200078,0.022514706497344467
,,1.0,,,,2020-06-02T01:43:40Z,ls7,qdd0msz7qcm2,,,
,,1.0,,,,2020-06-10T02:10:50Z,ls8,qdd0msz7qcm2,,,
0.08176493633692458,0.572718903036239,0.32961260669730796,0.2402977473065622,0.059353574926542606,0.03878550440744368,2020-06-18T01:42:44Z,ls7,qdd0msz7qcm2,0.24219893529999004,0.5772501411117775,0.08241184425424615
0.14390019697964543,0.6209218647406435,0.0,0.225548260013132,0.0,0.0,2020-06-26T02:10:59Z,ls8,qdd0msz7qcm2,0.22774133580493447,0.6269592809019753,0.14529938329309025
0.17670335167583792,0.3508454227113557,0.47498358502954696,0.2749774887443722,0.15557778889444723,0.0327663831915958,2020-07-04T01:41:47Z,ls7,qdd0msz7qcm2,0.2781056415694212,0.35483665161238875,0.17871353473214713
0.17692974392646096,0.38373079448456987,0.0,0.221827971109652,0.17294812869336834,0.035062376887721604,2020-07-12T02:11:05Z,ls8,qdd0msz7qcm2,0.2245214090041052,0.3883900584086062,0.17907802700619874
0.09868454843772294,0.3912726494507063,0.07957977675640182,0.24398202311314027,0.25153374233128833,0.007704380082750749,2020-07-20T01:40:49Z,ls7,qdd0msz7qcm2,0.24625006590038143,0.39490989738851806,0.09960191429706143
0.15464751958224543,0.38535649728861215,0.3461588969139856,0.19350271138782887,0.24784093191403897,0.011247238401285399,2020-07-28T02:11:10Z,ls8,qdd0msz7qcm2,0.1954562138559418,0.3892468555329876,0.15620876029574615
0.07853112979056846,0.42845846986750247,0.07826657912015755,0.24476421142612909,0.2255307023792563,0.01595668898703519,2020-08-05T01:39:49Z,ls7,qdd0msz7qcm2,0.2469648145065557,0.4323106140316008,0.07923718009555213
0.0877835538752363,0.2866162570888469,0.7221273801707158,0.26264177693761814,0.31994328922495274,0.034026465028355386,2020-08-13T02:11:14Z,ls8,qdd0msz7qcm2,0.26634765283885814,0.29066041294414885,0.08902217996368494
,,1.0,,,,2020-08-21T01:38:48Z,ls7,qdd0msz7qcm2,,,
0.12466666666666668,0.5413333333333333,0.9980302035456337,0.32133333333333336,0.0,0.0,2020-08-29T02:11:22Z,ls8,qdd0msz7qcm2,0.32545577312626606,0.5482781904118839,0.1262660364618501
0.09870311793944872,0.2504835065521916,0.7093893630991464,0.20007230004518753,0.26705829191143243,0.17713511070944418,2020-09-22T01:36:41Z,ls7,qdd0msz7qcm2,0.20245734634481052,0.25346950091664866,0.09987975011766413
0.22522140221402215,0.513690036900369,0.9288246881155614,0.2495940959409594,0.0,0.0,2020-09-30T02:11:33Z,ls8,qdd0msz7qcm2,0.2524964070403345,0.5196632883513448,0.22784030460832078
0.14385315985130112,0.6205780669144981,0.293499671700591,0.22828066914498144,0.0,0.0,2020-10-08T01:35:40Z,ls7,qdd0msz7qcm2,0.22995661690498972,0.6251341093733324,0.1449092737216779
,,1.0,,,,2020-10-16T02:11:34Z,ls8,qdd0msz7qcm2,,,
0.45468042419031246,0.34164230438521065,0.08365068942875897,0.19420034393809116,0.0,0.0,2020-10-24T01:34:38Z,ls7,qdd0msz7qcm2,0.1960583749405009,0.34491100093028365,0.4590306241292154
0.1925473321858864,0.6016351118760757,0.9237032173342088,0.19638554216867468,0.0,0.0,2020-11-09T01:33:33Z,ls7,qdd0msz7qcm2,0.19825549068668336,0.6073637753683625,0.19438073394495417
0.23211166785969936,0.5267698639942734,0.2661851608667104,0.22606299212598424,0.0021474588403722263,0.0,2020-11-17T02:11:32Z,ls8,qdd0msz7qcm2,0.22902562089847472,0.5336733537732665,0.23515356648788646
0.3778419928825623,0.4470761565836299,0.07747866053841101,0.1649708185053381,0.0,0.0,2020-11-25T01:32:26Z,ls7,qdd0msz7qcm2,0.16665588146051824,0.45164273069915456,0.3817013878403272
0.48683388049901505,0.326516086671044,0.0,0.17140906106369008,0.0,0.0,2020-12-03T02:11:35Z,ls8,qdd0msz7qcm2,0.17406193408668427,0.3315695284933604,0.49436853741995535
0.4373378839590443,0.3930716723549488,0.07655942219304002,0.15913680318543802,0.0,0.0,2020-12-11T01:31:15Z,ls7,qdd0msz7qcm2,0.16081793607521175,0.3972241104032628,0.44195795352152545
0.5332396585686147,0.29886014445174003,0.0,0.15423243598161523,0.0,0.0,2020-12-19T02:11:35Z,ls8,qdd0msz7qcm2,0.15636965910966963,0.30300149648778046,0.5406288444025499
0.4805466101694915,0.36204802259887003,0.0702560735390676,0.14666949152542375,0.0,0.0,2020-12-27T01:30:04Z,ls7,qdd0msz7qcm2,0.14826120539863707,0.3659771073345336,0.48576168726682933
0.515242284963887,0.3241996060407091,0.0,0.14452790544977018,0.0,0.0,2021-01-04T02:11:30Z,ls8,qdd0msz7qcm2,0.14688246120009127,0.32948125766555936,0.5236362811343493
0.7335668789808918,0.12010009099181075,0.8556795797767565,0.13853503184713378,0.0,0.0,2021-01-12T01:28:57Z,ls7,qdd0msz7qcm2,0.13962381812679403,0.12104399181974083,0.7393321900534652
0.3616052060737527,0.5346637744034708,0.7578463558765595,0.09218004338394793,0.0,0.0,2021-01-20T02:11:23Z,ls8,qdd0msz7qcm2,0.09325725571953694,0.5409118340922807,0.3658309101881823
0.4861384282624369,0.3640533525594809,0.08929743926460931,0.13931362653208365,0.0,0.0,2021-01-28T01:27:48Z,ls7,qdd0msz7qcm2,0.14079117253600149,0.36791446499820757,0.49129436246579095
0.29062670299727517,0.4735013623978202,0.9036112934996717,0.22114441416893732,0.0,0.0,2021-02-05T02:11:21Z,ls8,qdd0msz7qcm2,0.22445000622243116,0.4805791009278337,0.29497089284973516
,,1.0,,,,2021-02-13T01:26:37Z,ls7,qdd0msz7qcm2,,,
0.4453355219960604,0.38653053184504266,0.0,0.15307025607353908,0.0,0.0,2021-02-21T02:11:17Z,ls8,qdd0msz7qcm2,0.15541132409546832,0.392442158903189,0.4521465170013426
0.10087917254348848,0.7138598965679361,0.720682862770847,0.1756652562294311,0.0,0.0,2021-03-01T01:25:24Z,ls7,qdd0msz7qcm2,0.1773672143131791,0.7207762307805506,0.10185655490627032
0.43284175968483257,0.3903782009192383,0.0,0.1615902823374918,0.0,0.0,2021-03-09T02:11:09Z,ls8,qdd0msz7qcm2,0.16408265805078587,0.3963994116807768,0.4395179302684374
0.34490601234036444,0.4714951929975606,0.08483256730137889,0.17283684890228154,0.0,0.0,2021-03-17T01:24:08Z,ls7,qdd0msz7qcm2,0.17471714534377722,0.4766246011024079,0.3486582535538149
0.5101237345331834,0.35928852643419573,0.533026920551543,0.11513498312710913,0.0,0.0,2021-03-25T02:11:02Z,ls8,qdd0msz7qcm2,0.11694206023907114,0.36492766455777553,0.5181302752031534
0.41446702671972707,0.41060261512222856,0.0760341431385424,0.16438885730528707,0.0,0.0,2021-04-02T01:22:51Z,ls7,qdd0msz7qcm2,0.1661402246248472,0.4149770965392721,0.4188826788358808
0.4348978678992098,0.42159833010287756,0.11923834537097833,0.12824511704189653,0.0,0.0,2021-04-10T02:10:58Z,ls8,qdd0msz7qcm2,0.13023229053425917,0.4281310468669091,0.4416366625988318
0.32813457494743165,0.4421658155602283,0.1256730137885752,0.19038149594472814,0.01321718233703815,0.016821868428957644,2021-04-18T01:21:31Z,ls7,qdd0msz7qcm2,0.1922203584009078,0.4464366198923669,0.33130397094072966
0.44445947721003554,0.364945487981085,0.0002626395272488091,0.17513726520425588,0.0,0.0,2021-04-26T02:10:50Z,ls8,qdd0msz7qcm2,0.17788700148892905,0.3706753013880661,0.45143769712300474
0.24,0.445,0.9997373604727512,0.305,0.0,0.0,2021-05-12T02:10:47Z,ls8,qdd0msz7qcm2,0.30808080808080807,0.4494949494949495,0.24242424242424243
0.30722144456886896,0.4755921052631579,0.061851608667104374,0.20749160134378503,0.0,0.0,2021-05-20T01:18:49Z,ls7,qdd0msz7qcm2,0.2095228941275581,0.48024803738370603,0.310229068488736
0.1060340496790399,0.3818950600055819,0.05896257386736703,0.2424518559866034,0.25202344404130617,0.011163829193413341,2021-06-05T01:17:27Z,ls7,qdd0msz7qcm2,0.24458689576421186,0.38525804166091365,0.10696778934015501
0.07371631205673759,0.49442553191489363,0.9074195666447801,0.22695035460992907,0.04964539007092199,0.1475177304964539,2021-06-13T02:11:04Z,ls8,qdd0msz7qcm2,0.22916098888432557,0.4992415368463085,0.07443435370199
0.07694611636572085,0.19594153052450558,0.08365068942875897,0.1295586127830324,0.4082831756950416,0.18501003152765835,2021-06-21T01:16:09Z,ls7,qdd0msz7qcm2,0.13093019655454993,0.1980158829558934,0.07776071326685673
,,1.0,,,,2021-06-29T02:11:08Z,ls8,qdd0msz7qcm2,,,
0.09151086407276401,0.2376065352871821,0.22035456336178594,0.27481219471113355,0.3004884621862894,0.08809162876873843,2021-07-07T01:14:49Z,ls7,qdd0msz7qcm2,0.27822058853263393,0.2405534811011123,0.09264583941122607
,,1.0,,,,2021-07-15T02:11:09Z,ls8,qdd0msz7qcm2,,,
0.3912935779816514,0.20176146788990826,0.8568614576493763,0.23505504587155962,0.022018348623853212,0.14311926605504588,2021-07-23T01:13:27Z,ls7,qdd0msz7qcm2,0.23697165175830814,0.20340660260991816,0.3944841309528746
0.02634799737360473,0.15328168089297436,0.0,0.21094550229809592,0.4693368351936967,0.13328956007879186,2021-07-31T02:11:17Z,ls8,qdd0msz7qcm2,0.21461725890534297,0.1559497303107495,0.026806615511419055
0.10054615181169005,0.20906373975138853,0.0069599474720944965,0.2352565458873314,0.4252843163184343,0.021422903993652473,2021-08-16T02:11:23Z,ls8,qdd0msz7qcm2,0.23889478093542052,0.21229690388027259,0.10210109487222013
0.0745078877565266,0.21255898366606168,0.0593565331582403,0.23811112662292339,0.44911349993019684,0.018986458187910095,2021-08-24T01:10:38Z,ls7,qdd0msz7qcm2,0.24115884270593935,0.21527964373053016,0.07546155544542348
0.1758443579766537,0.22326070038910506,0.8312541037426133,0.2644591439688716,0.18132295719844357,0.14552529182879378,2021-09-17T02:11:32Z,ls8,qdd0msz7qcm2,0.2682801983546863,0.226486496501121,0.1783850561169553
0.07361820974724201,0.2137648373132244,0.05961917268548922,0.22780756877531072,0.46543778801843316,0.01270772238514174,2021-09-25T01:07:49Z,ls7,qdd0msz7qcm2,0.23075420800626037,0.21652983699787484,0.07457044459228994
0.13454394693200664,0.3549917081260365,0.9208141825344714,0.3434825870646766,0.04145936981757877,0.11442786069651742,2021-10-03T02:11:36Z,ls8,qdd0msz7qcm2,0.3480572491408102,0.3597196540704994,0.13633586627459413
0.08024393459915612,0.21922600210970464,0.004070912672357152,0.20837948312236287,0.4708597046413502,0.013581223628691984,2021-11-03T02:06:01Z,ls9,qdd0msz7qcm2,0.21154288789349657,0.2225540676689381,0.08146211616752315
0.08240183847669075,0.2209757058437295,0.0,0.20572291529875245,0.47078135259356535,0.01247537754432042,2021-11-04T02:11:39Z,ls8,qdd0msz7qcm2,0.2088113061547129,0.2242930774079333,0.08363888629946815
,,1.0,,,,2021-11-08T02:08:53Z,ls9,qdd0msz7qcm2,,,
0.09393146417445482,0.20924454828660435,0.1569271175311885,0.19229595015576323,0.4800623052959502,0.01822429906542056,2021-11-12T01:03:26Z,ls7,qdd0msz7qcm2,0.19471829164794993,0.21188039033589315,0.09511471365478616
0.09206531079919793,0.21641936407906043,0.5415627051871307,0.189134918361501,0.3890002864508737,0.10655972500716127,2021-11-18T02:13:25Z,ls9,qdd0msz7qcm2,0.19172720959400136,0.21938561708461676,0.09332716186334687
0.08627051871306632,0.22181746552856202,0.0,0.20602889034799737,0.466973079448457,0.011162179908076166,2021-11-20T02:11:34Z,ls8,qdd0msz7qcm2,0.2091337957197807,0.22516030855951605,0.08757063636416998
0.07249409147782566,0.24372028360906436,0.055416940249507496,0.2101835117475323,0.46100375364938134,0.0061170582510774365,2021-11-28T01:01:54Z,ls7,qdd0msz7qcm2,0.21277140712984202,0.24672110223314714,0.073386678736552
0.09407091267235719,0.23974917925147737,0.0,0.19986080105055812,0.45121470781352596,0.007222586999343401,2021-12-06T02:11:36Z,ls8,qdd0msz7qcm2,0.2028124999464814,0.2432899805690708,0.09546022467157834
0.09977806959947472,0.2427275114904793,0.0,0.1990006565988181,0.44307288246881155,0.007485226526592252,2021-12-14T02:11:32Z,ls9,qdd0msz7qcm2,0.20191696690233346,0.2462846291141331,0.1012402949881298
0.08654891661195009,0.2609757058437295,0.0,0.20029809586342745,0.4366382140512147,0.007616546290216678,2021-12-22T02:11:33Z,ls8,qdd0msz7qcm2,0.20319477372228026,0.2647498932395571,0.08780057269673122
0.10862376887721603,0.29624688115561393,0.0,0.21470387393302692,0.4239001969796454,0.019829284307288246,2021-12-30T00:58:48Z,ls7,qdd0msz7qcm2,0.1927668596796781,0.2659783446109589,0.09752531442242937
0.1029325975561687,0.2747168571803968,0.0005252790544977293,0.19324661673893048,0.4172907633688083,0.0036788858231507028,2022-01-07T02:11:29Z,ls8,qdd0msz7qcm2,0.1960000460217088,0.27863109615543263,0.10439920863089959
0.08845142631786512,0.2877284080452215,0.0010505581089954585,0.2038214802155909,0.4096227159195478,0.003417904561588011,2022-01-15T00:57:16Z,ls7,qdd0msz7qcm2,0.20626665242451128,0.29118018116709704,0.08951254592725587
0.11329936132626717,0.2863785840467455,0.0336178594878529,0.19014268242967794,0.39964669112651174,0.002174208452235358,2022-01-23T02:11:25Z,ls8,qdd0msz7qcm2,0.1928372345185549,0.2904369154113415,0.11490495049135652
0.1036112934996717,0.2893302692055154,0.0,0.20678529218647404,0.3896257386736704,0.0034143138542350624,2022-01-31T00:55:42Z,ls7,qdd0msz7qcm2,0.2092792561476626,0.29281977881545823,0.10486091250897382
0.11157129264645918,0.29720538262878893,0.03388049901510182,0.20033165692537722,0.37909473970368357,0.0032621992660051653,2022-02-08T02:11:21Z,ls8,qdd0msz7qcm2,0.2031386721597323,0.3013697770613778,0.1131346118092012
0.11598030203545634,0.28982140512147075,0.0,0.2062521339461589,0.3788575180564675,0.0017071569271175312,2022-02-16T00:54:03Z,ls7,qdd0msz7qcm2,0.20873957329637927,0.29331670552802797,0.11737904619200769
0.1250886408404465,0.29441234405778066,0.0,0.1962232435981615,0.3736047275114905,0.001969796454366382,2022-02-24T02:11:16Z,ls8,qdd0msz7qcm2,0.1989962171733255,0.2985728993279106,0.12685635953290716
0.09283502402562734,0.30749733048585154,0.01615233092580437,0.21906700480512548,0.3714628937533369,0.00200213561131874,2022-03-04T00:52:32Z,ls7,qdd0msz7qcm2,0.2215907029257929,0.31103976461803734,0.09390450309151406
0.11456489576328177,0.31360726294552793,0.023637557452396596,0.20600403496973776,0.35440484196368527,0.002555480833893746,2022-03-12T02:11:12Z,ls8,qdd0msz7qcm2,0.20888322436222265,0.317990355271907,0.11616609756829126
0.33071952337305227,0.13623739688359301,0.7134602757715036,0.03876260311640697,0.39321723189734187,0.10128322639780019,2022-03-20T00:50:56Z,ls7,qdd0msz7qcm2,0.038745741868812196,0.1361781353197186,0.3305756645163271
,,1.0,,,,2022-03-28T02:11:00Z,ls8,qdd0msz7qcm2,,,
0.3068622448979592,0.34760804321728694,0.12488509520682867,0.2620543217286915,0.34963985594237695,0.004951980792316926,2022-04-05T00:49:24Z,ls7,qdd0msz7qcm2,0.18453623246565032,0.24478237278027656,0.21608955801937912
0.08956170550847457,0.3364486228813559,0.008273145108338764,0.2097126588983051,0.3526218220338983,0.0033103813559322032,2022-04-13T02:11:04Z,ls8,qdd0msz7qcm2,0.21246544932104608,0.3408650112466444,0.0907373360424789
0.06582403151674328,0.34110965200262644,0.0,0.23102823374917927,0.34931057124097176,0.004464871963230466,2022-04-29T02:11:00Z,ls8,qdd0msz7qcm2,0.23402042335237605,0.34552757416611596,0.06667655927730579
0.08451403887688984,0.31747975161987046,0.02718319107025602,0.22615955723542114,0.359341252699784,0.004454643628509719,2022-05-15T02:11:10Z,ls8,qdd0msz7qcm2,0.22905814148282963,0.3215487452903816,0.08559721689849525
0.2740399002493765,0.20658354114713218,0.9473407747866054,0.17491271820448878,0.0,0.33665835411471323,2022-05-31T02:11:13Z,ls8,qdd0msz7qcm2,0.1769954085380379,0.2090433368019826,0.27730290054526635
0.0747417902542373,0.265192002118644,0.008273145108338764,0.2906673728813559,0.3563294491525424,0.003840042372881356,2022-06-16T02:11:25Z,ls8,qdd0msz7qcm2,0.2949215181241651,0.26907329530632,0.075835695044091
0.10170661157024795,0.24187741046831954,0.046618516086671,0.28906473829201096,0.3555096418732782,0.0023415977961432507,2022-07-02T02:11:29Z,ls8,qdd0msz7qcm2,0.29340540120951863,0.24550949756550813,0.10323386155555178
,,1.0,,,,2022-07-18T02:11:29Z,ls8,qdd0msz7qcm2,,,
0.0,0.0,0.9594221930400525,0.0,0.22330097087378642,0.7766990291262136,2022-08-03T02:11:41Z,ls8,qdd0msz7qcm2,0.0,0.0,0.0
,,1.0,,,,2022-08-19T02:11:46Z,ls8,qdd0msz7qcm2,,,
0.08691602493582691,0.16306930693069305,0.2837820091923835,0.20773010634396774,0.49266593325999264,0.04308764209754309,2022-10-06T02:11:50Z,ls8,qdd0msz7qcm2,0.21069413681527907,0.1653960875942424,0.08815620023294281
0.10746666666666667,0.4125333333333333,0.990151017728168,0.36173333333333335,0.013333333333333334,0.09333333333333334,2022-10-22T02:11:50Z,ls8,qdd0msz7qcm2,0.3664922627148546,0.4179605826906598,0.10888048792781894
0.10546052631578948,0.1861513157894737,0.9600787918581747,0.16085526315789475,0.019736842105263157,0.5230263157894737,2022-11-07T02:11:52Z,ls8,qdd0msz7qcm2,0.16255093841473917,0.18811365245174003,0.10657225123878399
0.0548066783831283,0.258107791446983,0.10334865397242288,0.21090070298769772,0.45620972466315174,0.012448740480374927,2022-11-23T02:11:47Z,ls8,qdd0msz7qcm2,0.21393099902963064,0.2618163756656874,0.05559416016115524
0.07107876712328769,0.3926369863013699,0.9233092580433355,0.2543493150684932,0.15924657534246575,0.11301369863013698,2022-12-09T02:11:47Z,ls8,qdd0msz7qcm2,0.25777622249698245,0.3979270756601459,0.0720364278702689
0.06881812212738017,0.26666841759684834,0.0,0.19481943532501642,0.45712409717662505,0.005121470781352593,2022-12-25T02:11:38Z,ls8,qdd0msz7qcm2,0.19755578802260917,0.2704139311932541,0.06978471282615911
0.0,0.0,0.9984241628365069,0.0,1.0,0.0,2023-01-10T02:11:37Z,ls8,qdd0msz7qcm2,0.0,0.0,0.0
0.09589494418910047,0.2739789888378201,0.0,0.19590019697964547,0.42258699934340116,0.003676953381483913,2023-01-26T02:11:36Z,ls8,qdd0msz7qcm2,0.19865702356205966,0.2778345876125857,0.09724443610046953
0.10492317793827972,0.2799500984898227,0.0,0.19742875902823376,0.40630334865397244,0.003282994090610637,2023-02-11T02:11:33Z,ls8,qdd0msz7qcm2,0.20017899400593542,0.28384987761353,0.10638478563595159
0.12464285714285715,0.495,0.9963230466185161,0.36392857142857143,0.0,0.0,2023-02-27T02:11:18Z,ls8,qdd0msz7qcm2,0.3700072621641249,0.5032679738562091,0.12672476397966595
0.12413657255416939,0.28301904136572553,0.0,0.20044648719632305,0.3812212738017072,0.0026263952724885093,2023-03-15T02:11:12Z,ls8,qdd0msz7qcm2,0.20326718766280322,0.28700171002292774,0.12588343324007328
0.056170212765957454,0.3618786781349026,0.7099146421536442,0.15775011317338164,0.4060660932548665,0.012675418741511997,2023-03-31T02:11:02Z,ls8,qdd0msz7qcm2,0.1592458333841392,0.36530985952577555,0.05670279509370676
0.09106126237623763,0.23932549504950495,0.5755745239658568,0.1386293316831683,0.5232054455445545,0.0012376237623762376,2023-04-16T02:10:47Z,ls8,qdd0msz7qcm2,0.14056263955578327,0.2426630994228287,0.09233119171445729
0.12632935691759223,0.28478129713423833,0.04228496388706504,0.20269436445907035,0.37515425750719866,0.0019196489784725078,2023-05-02T02:10:42Z,ls8,qdd0msz7qcm2,0.20570638040101966,0.2890131158590778,0.1282065972542313
0.11796189561319245,0.3252625680435479,0.17977675640183843,0.2214105027217419,0.3227665706051873,0.003202049311559398,2023-05-18T02:10:30Z,ls8,qdd0msz7qcm2,0.22454073929880766,0.32986103458024973,0.11962960620419583
0.08751577287066246,0.3031322292323869,0.0009192383453709985,0.2323935331230284,0.365273396424816,0.0031545741324921135,2023-06-03T02:10:34Z,ls8,qdd0msz7qcm2,0.23557539432842167,0.3072826230378302,0.08871401207643999
,,1.0,,,,2023-06-19T02:10:42Z,ls8,qdd0msz7qcm2,,,
,,1.0,,,,2023-07-05T02:10:53Z,ls8,qdd0msz7qcm2,,,
0.05817057120294815,0.2660831797841537,0.002232435981615266,0.2734495919978942,0.3881284548565412,0.005527770465912082,2023-07-21T02:10:56Z,ls8,qdd0msz7qcm2,0.2774025940159421,0.2699296925508045,0.05901148811080012
0.07922174840085289,0.2572108208955224,0.014576493762311182,0.2673587420042644,0.3837953091684435,0.003598081023454158,2023-08-06T02:11:06Z,ls8,qdd0msz7qcm2,0.2712621554440344,0.26096607560539775,0.08037837875867017
0.10550460014154284,0.21956970983722576,0.07222586999343406,0.263030431705591,0.40070771408351025,0.0024062278839348905,2023-08-22T02:11:13Z,ls8,qdd0msz7qcm2,0.26695788419202043,0.22284822630869638,0.10707994753183812
0.08982481559536355,0.25346285563751325,0.0030203545633618045,0.26566780821917807,0.3784246575342466,0.003819810326659642,2023-09-07T02:11:12Z,ls8,qdd0msz7qcm2,0.26950698988100097,0.2571256627869365,0.09112287947115628
,,1.0,,,,2023-09-23T02:11:18Z,ls8,qdd0msz7qcm2,,,
0.1102994090610637,0.2850492449113592,0.0,0.22967695338148392,0.36336178594878527,0.002757715036112935,2023-10-09T02:11:23Z,ls8,qdd0msz7qcm2,0.23293084332669195,0.2890876077433741,0.1118620479450359
0.14328479417530102,0.3030621674600952,0.062114248194353294,0.21956734808176984,0.3241388966676001,0.0005600672080649678,2023-10-25T02:11:26Z,ls8,qdd0msz7qcm2,0.22266236885894244,0.30733413099774576,0.14530453626764667
,,1.0,,,,2023-11-10T02:11:22Z,ls8,qdd0msz7qcm2,,,
,,1.0,,,,2023-11-26T02:11:29Z,ls8,qdd0msz7qcm2,,,
0.2524531860433787,0.550304459113566,0.025213394615889673,0.18143877138623202,0.0,0.004984507611477839,2023-12-12T02:11:24Z,ls8,qdd0msz7qcm2,0.1834332917847198,0.5563538467978791,0.2552283538059232
0.314802089059923,0.4993347993402969,0.044517399868680196,0.1737768004398021,0.0,0.0,2023-12-28T02:11:25Z,ls8,qdd0msz7qcm2,0.17590281661533155,0.5054437497739307,0.3186534336107378
0.3880485115766263,0.4238423373759647,0.04714379514116873,0.17554851157662624,0.0,0.0,2024-01-05T02:11:28Z,ls9,qdd0msz7qcm2,0.17778156167740888,0.42923378823870945,0.3929846500838816
0.3719382797110965,0.4439172685489166,0.0,0.1714445173998687,0.0,0.0,2024-01-13T02:11:22Z,ls8,qdd0msz7qcm2,0.17364985921000656,0.44962750838289023,0.3767226324071032
0.3778844386080105,0.4450308601444517,0.0,0.16426001313197638,0.0,0.0,2024-01-21T02:11:29Z,ls9,qdd0msz7qcm2,0.1663939638223095,0.4508123884246289,0.38279364775306157
0.4148832555036691,0.40478052034689793,0.0157583716349311,0.16815343562374915,0.0,0.0,2024-01-29T02:11:16Z,ls8,qdd0msz7qcm2,0.1702272785597452,0.40977269442669806,0.42000002701355676
0.44652686587163337,0.37504086828353206,0.019960604070912713,0.16668095939970523,0.0,0.0,2024-02-06T02:11:33Z,ls9,qdd0msz7qcm2,0.1686629696419129,0.3795004948951229,0.4518365354629642
0.43293481164841036,0.3941757948169917,0.01694024950755091,0.16098984771573605,0.0,0.0,2024-02-14T02:11:19Z,ls8,qdd0msz7qcm2,0.16292862434634955,0.39892279489300947,0.43814858076064084
0.4779666444296197,0.3515757171447631,0.0157583716349311,0.15942361574382924,0.0,0.0,2024-02-22T02:11:20Z,ls9,qdd0msz7qcm2,0.161202325863767,0.35549829337722433,0.48329938075900875
0.3718850174216028,0.4344808362369338,0.6231122783978988,0.17933101045296168,0.0,0.0,2024-03-01T02:11:13Z,ls8,qdd0msz7qcm2,0.1819332261086269,0.4407854504321391,0.377281323459234
0.48302954694681555,0.3394156270518713,0.0,0.16480892974392647,0.0,0.0,2024-03-09T02:11:25Z,ls9,qdd0msz7qcm2,0.16693668744363482,0.3437976360545575,0.48926567650180774
0.19789641716920894,0.5524476764810217,0.6298095863427446,0.23689960979070593,0.0,0.0,2024-03-17T02:11:03Z,ls8,qdd0msz7qcm2,0.23996061860411638,0.559585920432333,0.20045346096355066
0.519650689428759,0.3158699934340118,0.0,0.15327642810242942,0.0,0.0,2024-03-25T02:11:20Z,ls9,qdd0msz7qcm2,0.15501302178442938,0.31944874224569664,0.5255382359698739
0.5034878529218647,0.3245975049244912,0.0,0.16042547603414314,0.0,0.0,2024-04-02T02:10:51Z,ls8,qdd0msz7qcm2,0.1622900534173983,0.32837020475562306,0.5093397418269786
0.5177990807616546,0.31369271175311886,0.0,0.15762705187130666,0.0,0.0,2024-04-10T02:11:12Z,ls9,qdd0msz7qcm2,0.1593610846319904,0.3171436006234616,0.523495314744548
0.49127642810242944,0.33221930400525274,0.0,0.16474458305975048,0.0,0.0,2024-04-18T02:10:43Z,ls8,qdd0msz7qcm2,0.1667049810974759,0.33617258768578623,0.49712243121673794
0.43882994090610644,0.3659921208141825,0.0,0.1800827314510834,0.0,0.0,2024-05-04T02:10:34Z,ls8,qdd0msz7qcm2,0.18284278104812635,0.3716015226565155,0.4455556962953581
,,1.0,,,,2024-05-20T02:10:21Z,ls8,qdd0msz7qcm2,,,
0.013472790662422313,0.02833105957253297,0.13368351936966516,0.01698044565711687,0.7902076701530999,0.15006821282401092,2024-05-28T02:10:36Z,ls9,qdd0msz7qcm2,0.017251922611923792,0.028784005857601828,0.013688188553363567
0.13423900196979646,0.661370978332239,0.0,0.16783847669074198,0.016283650689428757,0.011424819435325017,2024-06-05T02:10:19Z,ls8,qdd0msz7qcm2,0.16937899281393082,0.6674414138820524,0.1354711231792632
0.07318187787261983,0.4257360472751149,0.0,0.19362311227839787,0.27603414313854235,0.023900196979645436,2024-06-13T02:10:30Z,ls9,qdd0msz7qcm2,0.19572687326850963,0.4303617702985831,0.07397701631471952
,,1.0,,,,2024-06-21T02:10:28Z,ls8,qdd0msz7qcm2,,,
,,1.0,,,,2024-06-29T02:10:21Z,ls9,qdd0msz7qcm2,,,
0.06984504267892318,0.3650295469468155,0.0,0.2523086014445174,0.2895600787918582,0.014839133289560078,2024-07-15T02:10:41Z,ls9,qdd0msz7qcm2,0.2553992359593358,0.36950094788306315,0.07070060407618262
0.06903348653972424,0.3033578463558766,0.0,0.2671201575837163,0.3357846355876559,0.016152330925804332,2024-07-31T02:10:43Z,ls9,qdd0msz7qcm2,0.2706920863913772,0.3074143452746784,0.0699566018204841
0.04084701247537755,0.2667012475377544,0.0,0.23921339461588967,0.37951411687458964,0.0659225213394616,2024-08-08T02:10:46Z,ls8,qdd0msz7qcm2,0.24262671527765745,0.2705067906186576,0.041429855889633556
,,1.0,,,,2024-08-16T02:10:50Z,ls9,qdd0msz7qcm2,,,
0.0,0.0,0.9984241628365069,0.0,0.0,1.0,2024-08-24T02:11:00Z,ls8,qdd0msz7qcm2,0.0,0.0,0.0
,,1.0,,,,2024-09-01T02:11:00Z,ls9,qdd0msz7qcm2,,,
0.19341176470588234,0.2768235294117647,0.9888378200919238,0.5131764705882353,0.0,0.0,2024-09-09T02:11:08Z,ls8,qdd0msz7qcm2,0.5218327551142481,0.2814930015552099,0.1966742433305419
0.11196092212538657,0.23834129884734326,0.06579120157583718,0.29441242620185554,0.3422828226033174,0.0033736294630306437,2024-09-17T02:11:04Z,ls9,qdd0msz7qcm2,0.2988095157461326,0.2419009584943601,0.11363307369315913
0.12343119769515709,0.26681986555083,0.04281024294156266,0.27657154616545476,0.31965976128412676,0.003841404856633283,2024-09-25T02:11:07Z,ls8,qdd0msz7qcm2,0.28058485992956594,0.2706916732396543,0.1252223006900196
0.10838722449518279,0.3248264484624522,0.0049901510177281505,0.2509093308697373,0.3031542826976376,0.0038273723109410055,2024-10-11T02:11:13Z,ls8,qdd0msz7qcm2,0.2541717911098446,0.3290500194606714,0.1097965344209053
,,1.0,,,,2024-10-19T02:11:21Z,ls9,qdd0msz7qcm2,,,
0.1871300070274069,0.38808854532677445,0.06565988181221272,0.2292044975404076,0.1814476458186929,0.0037947997189037245,2024-10-27T02:11:16Z,ls8,qdd0msz7qcm2,0.2321491109836765,0.39307435825806925,0.1895340852206577
0.22633820524909634,0.5263822096495364,0.1644123440577807,0.2139116768819739,0.01272984441301273,0.010372465818010372,2024-11-04T02:11:20Z,ls9,qdd0msz7qcm2,0.2161834111835358,0.5319723697512337,0.22874190883420745
0.2791779382797111,0.5143361785948786,0.0,0.1950282337491793,0.0,0.0,2024-11-12T02:11:14Z,ls8,qdd0msz7qcm2,0.19728869848228225,0.5202975656736741,0.28241373584404367
0.16644037248422952,0.6204250525683387,0.1256730137885752,0.20296485431060377,0.0,0.0,2024-11-20T02:11:26Z,ls9,qdd0msz7qcm2,0.20505015712510377,0.6267994276427896,0.1681504152321067
0.39593171372291536,0.4093854235062377,0.0,0.18191332895600787,0.0,0.0,2024-11-28T02:11:26Z,ls8,qdd0msz7qcm2,0.18426632401140763,0.414680702762525,0.4010529732260674
0.4333867367038739,0.37774917925147733,0.0,0.17588181221273805,0.0,0.0,2024-12-06T02:11:24Z,ls9,qdd0msz7qcm2,0.1781951906164601,0.38271772478958616,0.43908708459395385
0.4536520026263952,0.35867367038739334,0.0,0.17520026263952726,0.0,0.0,2024-12-14T02:11:14Z,ls8,qdd0msz7qcm2,0.17741332790780862,0.36320430424959543,0.45938236784259584
0.4619311160772972,0.3571407913763639,0.0010505581089954585,0.16820691468384386,0.0,0.0,2024-12-22T02:11:25Z,ls9,qdd0msz7qcm2,0.17037427615399264,0.36174258311662894,0.4678831407293784
0.4554812869336835,0.35765856861457646,0.0,0.17373473407747866,0.0,0.0,2024-12-30T02:11:17Z,ls8,qdd0msz7qcm2,0.17604540222619944,0.36241541972441965,0.46153917804938094
0.4268049901510177,0.3878804990151018,0.0,0.17088509520682862,0.0,0.0,2025-01-07T02:11:21Z,ls9,qdd0msz7qcm2,0.1733869678299614,0.39355933016394146,0.43305370200609716
0.4822613263296126,0.3367327642810243,0.0,0.16830728824688113,0.0,0.0,2025-01-15T02:11:20Z,ls8,qdd0msz7qcm2,0.17047204820238615,0.34106380431746536,0.48846414748014844
0.49044517399868676,0.33135784635587656,0.0,0.16596454366382143,0.0,0.0,2025-01-31T02:11:18Z,ls8,qdd0msz7qcm2,0.16801983554577668,0.33546135591643017,0.4965188085377932
0.4757478660538411,0.34275246224556793,0.0,0.16809061063690084,0.0,0.0,2025-02-08T02:11:22Z,ls9,qdd0msz7qcm2,0.17037518185412004,0.34741091643828137,0.4822139017075986
0.4955613919894945,0.3286513460275772,0.0,0.16386736703873936,0.0,0.0,2025-02-16T02:11:14Z,ls8,qdd0msz7qcm2,0.16584421263039542,0.3326160949359602,0.5015396924336444
0.4779114927344782,0.3649656538969617,0.005909389363099149,0.1443461030383091,0.0,0.0,2025-02-24T02:11:22Z,ls9,qdd0msz7qcm2,0.14621424595358398,0.3696890789586366,0.4840966750877794
0.27854117647058824,0.4921647058823529,0.9441891004596191,0.21545882352941179,0.0,0.0,2025-03-04T02:11:06Z,ls8,qdd0msz7qcm2,0.2184815804542852,0.4990694789081886,0.2824489406375263
,,1.0,,,,2025-03-12T02:11:17Z,ls9,qdd0msz7qcm2,,,
0.4799487852921865,0.3354812869336835,0.0,0.17093499671700593,0.0,0.0,2025-03-20T02:10:55Z,ls8,qdd0msz7qcm2,0.17329790165846334,0.340118783092381,0.48658331524915555
0.5024845699277741,0.3240617202889034,0.0,0.16149704530531844,0.0,0.0,2025-03-28T02:11:06Z,ls9,qdd0msz7qcm2,0.16345137859767808,0.32798330664079367,0.5085653147615282
0.41420034393809113,0.3925408426483233,0.6945502298095864,0.1780438521066208,0.0,0.0,2025-04-13T02:11:07Z,ls9,qdd0msz7qcm2,0.1807946354901096,0.3986056116056422,0.4205997529042482
0.28783430825737993,0.5596748741667801,0.034668417596848355,0.13554754455176168,0.00013603591348115902,0.004625221058359407,2025-04-21T02:10:41Z,ls8,qdd0msz7qcm2,0.1372272465651445,0.5666103521651935,0.2914011442978214
0.42315824031516747,0.3902731451083388,0.0,0.17185029546946817,0.0,0.0,2025-04-29T02:10:58Z,ls9,qdd0msz7qcm2,0.17441742681515995,0.3961031171863754,0.4294794559984646
0.416688115561392,0.39032698621142486,0.0,0.1769468154957321,0.0,0.0,2025-05-07T02:10:37Z,ls8,qdd0msz7qcm2,0.1798309592986399,0.3966891191225792,0.4234799215787809
0.45930006565988185,0.3505541694024951,0.0,0.17514642153644128,0.0,0.0,2025-05-15T02:10:47Z,ls9,qdd0msz7qcm2,0.1778135073952309,0.355892320531998,0.4662941720727711
0.06317332797750552,0.7680236995380598,0.3461588969139856,0.159556135770235,0.0,0.0012050612572805785,2025-05-23T02:10:42Z,ls8,qdd0msz7qcm2,0.16085122587358883,0.774257617698658,0.06368609517047269
0.04177467597208376,0.7241048283720268,0.07800393959290874,0.20590656601623702,0.0015667283862697621,0.01937046004842615,2025-05-31T02:10:41Z,ls9,qdd0msz7qcm2,0.2074483958890874,0.7295269306248086,0.042087485051408226
0.18432630906768835,0.563639846743295,0.17741300065659882,0.23779374201787995,0.0,0.0023946360153256703,2025-06-08T02:10:46Z,ls8,qdd0msz7qcm2,0.2406512103824791,0.5704128720442526,0.1865412815579427
0.22724753775443204,0.5318988837820092,0.0,0.22851214707813527,0.0,0.0,2025-06-16T02:10:50Z,ls9,qdd0msz7qcm2,0.23136755386902308,0.5385453036955093,0.23008714243546752
0.10194038166875609,0.4156038445465942,0.05725541694024949,0.24484468588939962,0.21799693550633792,0.010447137484329294,2025-06-24T02:10:58Z,ls8,qdd0msz7qcm2,0.2477887146511239,0.4206010927710505,0.10316611958715852
,,1.0,,,,2025-07-02T02:10:57Z,ls9,qdd0msz7qcm2,,,
0.08060144451739987,0.3342521339461589,0.0,0.26870124753775443,0.29612606697307947,0.011293499671700591,2025-07-10T02:11:00Z,ls8,qdd0msz7qcm2,0.27224915893202795,0.3386655743951884,0.08166570002800373
0.111721629485936,0.42349660523763344,0.7292186474064346,0.31951503394762365,0.13045586808923376,0.0033947623666343357,2025-07-18T02:11:03Z,ls9,qdd0msz7qcm2,0.32378258265745363,0.4291529662825898,0.11321382060408842
0.06708076165462902,0.3046671043992121,0.0,0.2807760998030204,0.32751149047931716,0.010899540380827315,2025-07-26T02:11:07Z,ls8,qdd0msz7qcm2,0.28467670177272486,0.30889960534340727,0.06801266202372343
0.02321998817267889,0.05383796570076877,0.555876559422193,0.0660615020697812,0.7019515079834417,0.153163808397398,2025-08-03T02:11:10Z,ls9,qdd0msz7qcm2,0.06687630108504182,0.05450200027555461,0.02350638225856384
0.2723520309477756,0.251752417794971,0.6605384110308601,0.31461121856866536,0.0769825918762089,0.07234042553191489,2025-08-11T02:11:15Z,ls8,qdd0msz7qcm2,0.3190980358808232,0.2553427764340528,0.2762361702770002
0.045020828228375394,0.08613820142122029,0.46408404464871966,0.07695172751776526,0.5780445969125214,0.21146777750551335,2025-08-19T02:11:20Z,ls9,qdd0msz7qcm2,0.07783060630844267,0.08712200049550012,0.045535018778022456
0.08790260806128032,0.20902608061280323,0.27997373604727516,0.2678788984132774,0.2794090826190042,0.14681743571037753,2025-08-27T02:11:17Z,ls8,qdd0msz7qcm2,0.27213127394640035,0.2123442120380384,0.08929799568617941
0.09326053442959918,0.18680369989722506,0.48890347997373607,0.2225616649537513,0.34969167523124356,0.14003083247687564,2025-09-04T02:11:25Z,ls9,qdd0msz7qcm2,0.22594977384862136,0.18964745682790737,0.09468026161535205
0.07731541802388708,0.1575,0.5162179908076165,0.21525515743756787,0.5200868621064061,0.02280130293159609,2025-09-12T02:11:23Z,ls8,qdd0msz7qcm2,0.21862277910622308,0.1599640543768018,0.07852500147897291
0.057920851446559736,0.18128166691650427,0.12396585686145767,0.22071503522710237,0.4982761205216609,0.03462749213011543,2025-09-20T02:11:28Z,ls9,qdd0msz7qcm2,0.22416016693262336,0.1841112848339295,0.05882493558167085
0.0,0.0,0.9977675640183847,0.0,0.5294117647058824,0.47058823529411764,2025-09-28T02:11:28Z,ls8,qdd0msz7qcm2,0.0,0.0,0.0
0.05320857103102824,0.17391957701405317,0.056204858831254145,0.20697370251843605,0.5430638653123696,0.01600111312091276,2025-10-06T02:11:32Z,ls9,qdd0msz7qcm2,0.2102316630653401,0.17665723456837726,0.054046123933000366
0.05354826001313199,0.20493893630991467,0.0,0.21093762311227843,0.5118844386080105,0.011556139198949442,2025-10-14T02:11:31Z,ls8,qdd0msz7qcm2,0.21414358088283905,0.2080537224047759,0.05436211890542511
0.056406704292799724,0.21366512741576876,0.23217334208798424,0.18311612792885237,0.5224901658970412,0.017786899264580127,2025-10-30T02:11:31Z,ls8,qdd0msz7qcm2,0.18575666444237288,0.21674618082700384,0.05722008956900195
0.054856722013926086,0.23524906266738085,0.019304005252790524,0.19410016068559185,0.4985270487412962,0.01031065881092662,2025-11-07T02:11:36Z,ls9,qdd0msz7qcm2,0.1968887015928294,0.2386287694760727,0.05564482137887497
0.0626736703873933,0.24631385423506238,0.0,0.17922652659225213,0.49665134602757716,0.008273145108338806,2025-11-15T02:11:31Z,ls8,qdd0msz7qcm2,0.18174541194345786,0.24977559826943319,0.06355449865119298
0.07959237000261302,0.2689887640449438,0.49743926460932375,0.175385419388555,0.44421217663966556,0.024823621635746015,2025-11-23T02:11:34Z,ls9,qdd0msz7qcm2,0.1777277167580334,0.27258114747475376,0.0806553374918012
0.07004902610308733,0.259138730621439,0.008929743926460953,0.17370875844706507,0.48072081621836493,0.009407711673512655,2025-12-01T02:11:30Z,ls8,qdd0msz7qcm2,0.17611802371956978,0.2627328726211209,0.07102057576743183
0.067252270035531,0.2765403342545072,0.002101116217990806,0.17363468877483876,0.4658507698381366,0.00986971969996052,2025-12-09T02:11:34Z,ls9,qdd0msz7qcm2,0.17593410871479334,0.28020251928949813,0.06814288245761126
0.04381937911571025,0.1799905926622766,0.8604070912672357,0.11713076199435558,0.599247412982126,0.055503292568203196,2025-12-17T02:11:30Z,ls8,qdd0msz7qcm2,0.11861097525503145,0.18226518268046882,0.04437313651417048
0.1181103896103896,0.2863279220779221,0.1910702560735391,0.1550844155844156,0.39172077922077925,0.041396103896103896,2025-12-25T02:11:40Z,ls9,qdd0msz7qcm2,0.15712451452153073,0.2900944984118259,0.11966410394976015
0.08582085596925931,0.2900636014310322,0.008929743926460953,0.16809063203922087,0.4453425202067047,0.0034450775142440705,2026-01-02T02:11:26Z,ls8,qdd0msz7qcm2,0.17032699269815677,0.29392275062310774,0.08696265895778679
0.11356231750422623,0.32587213769786383,0.14550229809586346,0.19352389734132472,0.35438758260335024,0.004149377593360996,2026-01-10T02:11:32Z,ls9,qdd0msz7qcm2,0.19612416356355938,0.3302506889985782,0.11508818724115133
0.09746946815495733,0.3088404464871963,0.0,0.1833000656598818,0.3980302035456336,0.004464871963230466,2026-02-11T02:11:28Z,ls9,qdd0msz7qcm2,0.18575447422925837,0.31297585492635516,0.09877459533552255
0.12089958989284297,0.29813864267760287,0.007353906762967877,0.17595581426114568,0.39370287075009924,0.0031750231512104776,2026-02-19T02:11:16Z,ls8,qdd0msz7qcm2,0.17835950097754408,0.3022114373053814,0.12255116781576479
0.13543578283160246,0.29019192848691994,0.0010505581089954585,0.17684764033127381,0.38609175759169184,0.003154988826081241,2026-02-27T02:11:23Z,ls9,qdd0msz7qcm2,0.17927749479691346,0.2941791128904306,0.13729664589488288
0.11077741300065659,0.3215942219304005,0.0,0.1769074195666448,0.38017071569271177,0.002495075508864084,2026-03-07T02:11:08Z,ls8,qdd0msz7qcm2,0.17924627653379713,0.3258459536463475,0.11224197861827949
0.1405449953476007,0.29316894855775627,0.012081418253447107,0.17942310248571047,0.37631264123355046,0.001993885418051309,2026-03-15T02:11:13Z,ls9,qdd0msz7qcm2,0.18192698099038243,0.29726016879841344,0.1425063235596023
