bare_soil,dry_vegetation,pc_missing,green_vegetation,water,wetness,date,ard_product,nwi_id,norm_pv,norm_npv,norm_bs
0.31102457513143417,0.35381403594571464,0.0,0.319743244895464,0.0006724538452133513,0.0005501895097200147,1986-08-23T01:36:47Z,ls5,qefs8q8q8rkf,0.3243532378791783,0.35891525465569124,0.3155088641101971
0.3768651424379509,0.4341569874067735,0.0,0.1736318620858296,0.0007947181807066878,0.00042792517422667807,1987-05-22T01:39:25Z,ls5,qefs8q8q8rkf,0.17612234720486122,0.4403843094170949,0.38227070002311053
0.38901271549089134,0.46481843746179247,0.0,0.13206382198312752,0.0,0.0,1987-09-11T01:42:10Z,ls5,qefs8q8q8rkf,0.1339532357305359,0.47146851264969214,0.39457825161977195
0.42172392713045603,0.4377381097933733,0.0,0.12632962464849004,0.0,0.0,1987-09-27T01:42:32Z,ls5,qefs8q8q8rkf,0.1281504293178912,0.44404728388064185,0.427802286801467
0.4009188164812324,0.4799602640909647,0.0,0.10512287565717081,0.0,0.0,1987-10-29T01:43:06Z,ls5,qefs8q8q8rkf,0.10661528102761358,0.486774149948354,0.4066105690240324
0.3815840109242132,0.5095084104028303,0.015099645433427122,0.09530569176339149,0.0,0.0,1987-11-14T01:43:29Z,ls5,qefs8q8q8rkf,0.09661990478144158,0.5165342508680545,0.38684584435050384
0.46591025797774793,0.4046038635530016,0.0,0.11513815869910748,0.0,0.0,1987-11-30T01:43:45Z,ls5,qefs8q8q8rkf,0.11681417575806442,0.4104935093932383,0.4726923148486972
0.37283958919183274,0.5026421322900111,0.0,0.11071463504095856,0.0,0.0,1987-12-16T01:43:59Z,ls5,qefs8q8q8rkf,0.11226429129319,0.5096775393312754,0.3780581693755346
0.45077882381709256,0.41726127888494924,0.0,0.11736398092676367,0.0,0.00012226433549333658,1988-01-17T01:44:31Z,ls5,qefs8q8q8rkf,0.11908782746817757,0.42339002815531185,0.45739988004101717
0.3692914781758161,0.47342156742878105,0.0,0.14326017850592984,0.0,0.00012226433549333658,1988-02-02T01:44:50Z,ls5,qefs8q8q8rkf,0.14528047962420604,0.48009791065316737,0.37449934538713325
0.3989845946937278,0.43745873578677097,0.0,0.14834637486245267,0.001039246851693361,6.113216774666829e-05,1988-02-18T01:45:05Z,ls5,qefs8q8q8rkf,0.15047185893595375,0.44372657736086285,0.40470118468374344
0.5918828393245043,0.27154018639198374,0.12758283408729676,0.11811645995375238,0.0036437530656576273,0.0022423095788662323,1988-03-05T01:45:15Z,ls5,qefs8q8q8rkf,0.11962964382521458,0.27501887370332945,0.5994654198269319
0.4031672576109549,0.42474630150385134,0.0,0.15734625259811716,0.0005501895097200147,0.0,1988-03-21T01:45:24Z,ls5,qefs8q8q8rkf,0.15961239915707118,0.43086362145070667,0.40897378988250216
0.33881709255410203,0.483559114806211,0.0,0.16327240493947914,0.00042792517422667807,0.00024452867098667317,1988-04-06T01:45:30Z,ls5,qefs8q8q8rkf,0.16553831633999527,0.49026999844554386,0.34351923136924745
0.3470509842279007,0.4436385866242817,0.0,0.19184191221420713,0.0029343440518400784,0.0006724538452133513,1988-04-22T01:45:35Z,ls5,qefs8q8q8rkf,0.19454845010371058,0.4498975142490421,0.3519472377501939
0.4034716958063333,0.3998526714757305,0.0,0.17978664873456415,0.0018950972001467172,0.0005501895097200147,1988-05-08T01:45:44Z,ls5,qefs8q8q8rkf,0.18242804313034844,0.40572723787434384,0.4093994322854412
0.3135701185964055,0.4389424134979826,0.0,0.22744956596160898,0.004340383910013449,0.0021396258711333903,1988-05-24T01:45:52Z,ls5,qefs8q8q8rkf,0.23059635775479495,0.44501523398738213,0.31790839847667607
0.28248074336715984,0.4075956718425236,0.0,0.2932400048905734,0.0020173615356400536,0.001222643354933366,1988-06-09T01:45:57Z,ls5,qefs8q8q8rkf,0.29724908469525496,0.41316818428696056,0.286342726127211
0.3713547071905115,0.43291018038052875,0.01039246851693365,0.17747034840622686,0.0035211267605633804,0.0009883864591055103,1988-07-27T01:46:09Z,ls5,qefs8q8q8rkf,0.17995691409417916,0.4389757547717812,0.3765578179143709
0.5060683515221137,0.38523262492820215,0.787137791906101,0.09634405514072374,0.0,0.0,1988-08-12T01:46:07Z,ls5,qefs8q8q8rkf,0.09754927333104585,0.3900517013765709,0.5123990252923831
0.40302604230346006,0.4307653747401883,0.0,0.1512122508864164,0.00024452867098667317,0.00042792517422667807,1988-08-28T01:46:13Z,ls5,qefs8q8q8rkf,0.15341117251310918,0.4370295450901034,0.4088868285515741
0.4366774666829686,0.40328035212128627,0.0,0.14522129844724294,0.0001833965032400049,0.0001833965032400049,1988-09-13T01:46:11Z,ls5,qefs8q8q8rkf,0.14735191778686665,0.4091970938575683,0.44308419534908516
0.4360643110404695,0.41751375473774305,0.0,0.13185902922117618,6.113216774666829e-05,0.0001833965032400049,1988-09-29T01:46:03Z,ls5,qefs8q8q8rkf,0.13377493761596718,0.4235802191457359,0.44240031456731044
0.42574703508986433,0.43920161388922857,0.0,0.1206296613277907,6.113216774666829e-05,0.0001833965032400049,1988-10-15T01:45:59Z,ls5,qefs8q8q8rkf,0.12236487213225389,0.4455193584420161,0.43187124075474337
0.40580816725761093,0.455349675999511,0.0,0.12470167502139626,0.0,6.113216774666829e-05,1988-10-31T01:46:01Z,ls5,qefs8q8q8rkf,0.12648257629587836,0.46185265856316465,0.4116036329732104
0.3848747028862479,0.48140645161290324,0.09982882993030928,0.10788522920203736,0.004482173174872666,0.007877758913412563,1988-12-02T01:45:59Z,ls5,qefs8q8q8rkf,0.10937738858422187,0.48806477878828625,0.39019790053920655
0.3921763051717814,0.43649651546643836,0.0,0.157165301381587,0.00012226433549333658,0.0,1989-01-03T01:45:45Z,ls5,qefs8q8q8rkf,0.1594035391413822,0.44271279205133135,0.39776140447179326
0.3877416440831075,0.40236675700090335,0.9323266903044382,0.19582655826558262,0.0,0.0,1989-01-19T01:45:27Z,ls5,qefs8q8q8rkf,0.19862015887413756,0.4081067956717334,0.393273045454129
0.38437217263724166,0.4443813424624037,0.0,0.15697028976647515,0.0,0.0001833965032400049,1989-02-04T01:45:28Z,ls5,qefs8q8q8rkf,0.15921447893361465,0.450734619864877,0.3898675046982685
0.44712399540757747,0.4198794489092996,0.2545543464971268,0.11761604067574219,0.0009020829916352304,0.0023782187961292438,1989-02-20T01:45:22Z,ls5,qefs8q8q8rkf,0.11906145100116776,0.4250394431362832,0.45261880407478455
0.4351540530627216,0.3962385377185475,0.0,0.15336960508619638,0.0003667930064800098,0.00024452867098667317,1989-03-08T01:45:00Z,ls5,qefs8q8q8rkf,0.15564757417086242,0.4021237920919212,0.4416173120597497
0.5464338624338625,0.29476543209876543,0.8266903044381954,0.14622222222222223,0.0003527336860670194,0.0,1989-03-24T01:44:20Z,ls5,qefs8q8q8rkf,0.14803267119313043,0.29841506732583434,0.5531995277949682
0.3666511798508375,0.41070913314586144,0.0,0.20491991686025188,0.0015894363614133756,0.0018950972001467172,1989-04-25T01:44:17Z,ls5,qefs8q8q8rkf,0.20788962286480983,0.41666114307011803,0.37196470050351205
0.3790958552390268,0.3914011492847536,0.0,0.21279435138770023,0.0009169825162000245,0.0014671720259200392,1989-05-11T01:44:03Z,ls5,qefs8q8q8rkf,0.21589431809000117,0.3971030418496292,0.3846184855182495
,,1.0,,,,1989-06-28T01:43:09Z,ls5,qefs8q8q8rkf,,,
0.29582711822961244,0.3913938134246241,0.0,0.29372967355422425,0.0020173615356400536,0.0029954762195867467,1989-07-14T01:42:49Z,ls5,qefs8q8q8rkf,0.29793269182467547,0.39699432129589163,0.3000601491242063
0.2845005501895097,0.39168419122142073,0.0,0.3068724782980805,0.001406039858173371,0.0015283041936667073,1989-07-30T01:42:31Z,ls5,qefs8q8q8rkf,0.31124537080077813,0.39726563949177884,0.28855464565560296
0.330953661816848,0.3723572563883115,0.0,0.2799828829930309,0.0017728328646533806,0.000611321677466683,1989-08-15T01:42:08Z,ls5,qefs8q8q8rkf,0.28406093905043245,0.3777807799576776,0.3357741264497699
0.38050495170558746,0.3538458246729429,0.0,0.24957329746912826,0.0011003790194400293,0.0004890573419733463,1989-08-31T01:41:49Z,ls5,qefs8q8q8rkf,0.2532478096819827,0.3590555599187142,0.38610719403788957
0.3837926396870033,0.373184374617924,0.0,0.22817703875779433,0.0003056608387333415,0.00024452867098667317,1989-09-16T01:41:14Z,ls5,qefs8q8q8rkf,0.23148815907088544,0.37859972390132507,0.3893619275180695
0.3990286098545054,0.3751766719647878,0.0,0.20911419488935082,0.0015894363614133756,0.0007947181807066878,1989-10-02T01:41:07Z,ls5,qefs8q8q8rkf,0.21215448211201868,0.3806313224375649,0.4048300409082964
0.38058748013204546,0.4080657782124954,0.0,0.19669641765497003,0.00012226433549333658,0.0003056608387333415,1989-10-18T01:40:26Z,ls5,qefs8q8q8rkf,0.19953550612044132,0.4139557423404079,0.3860808263649242
0.399561071035579,0.40548600073358604,0.0,0.18057219709010883,6.113216774666829e-05,0.0,1989-12-05T01:39:11Z,ls5,qefs8q8q8rkf,0.18319564564645943,0.4113771162009028,0.40536610598489126
0.3727026531360802,0.44714451644455316,0.0,0.16591392590781273,6.113216774666829e-05,6.113216774666829e-05,1989-12-21T01:38:43Z,ls5,qefs8q8q8rkf,0.16828990443136935,0.4535478714503811,0.3780399597827563
0.36684272300469484,0.34041079812206576,0.9479153930798386,0.2772887323943662,0.0011737089201877935,0.0,1990-02-23T01:36:41Z,ls5,qefs8q8q8rkf,0.28131172140672794,0.34534958120462783,0.37216498846845647
0.3492248441129723,0.38741777723438076,0.0,0.2476311284998166,0.001039246851693361,0.0003056608387333415,1990-03-27T01:35:37Z,ls5,qefs8q8q8rkf,0.2512492967826346,0.3930783851001254,0.35432741042681337
0.6708996539792387,0.14072664359861592,0.9823328035212129,0.17910034602076125,0.0,0.0,1990-04-12T01:35:37Z,ls5,qefs8q8q8rkf,0.18077675328303996,0.14204386700195587,0.6771793797150042
0.3521390145494559,0.40956901821738595,0.0,0.22212984472429395,0.0007947181807066878,0.0008558503484533561,1990-04-28T01:35:35Z,ls5,qefs8q8q8rkf,0.22540624758087022,0.41561013845909933,0.3573330454308704
0.34197334637486243,0.4146888372661695,0.0,0.2263467416554591,0.0011615111871866976,0.0013449076904267026,1990-05-14T01:35:41Z,ls5,qefs8q8q8rkf,0.22968196534043567,0.4207992854300349,0.347012330351916
0.3525051962342585,0.4147096222032033,0.0,0.21341789949871623,0.002812079716346742,0.001833965032400049,1990-05-30T01:35:36Z,ls5,qefs8q8q8rkf,0.21662172442556302,0.42093523415111694,0.3577969966745732
0.3471875764245537,0.40534543898263636,0.00012226433549333837,0.22799339691856202,0.0022621667889459528,0.0025067253607238935,1990-07-01T01:35:35Z,ls5,qefs8q8q8rkf,0.23141255365025024,0.4114242974280485,0.3523942567720313
0.3551356427378965,0.40193516972732335,0.12116395647389655,0.20026641624930439,0.010086254869226489,0.018781302170283808,1990-07-17T01:35:31Z,ls5,qefs8q8q8rkf,0.20315225212360805,0.40772704913310204,0.36025314170377953
0.356941487725343,0.41683073894050326,0.006418877613400209,0.2100239955700486,0.0015381775672183597,0.0007998523349535471,1990-08-02T01:35:26Z,ls5,qefs8q8q8rkf,0.21298410021541062,0.42270560387352435,0.3619722660088931
0.35920405917593834,0.3947028976647512,0.0,0.23066145005501895,0.0004890573419733463,0.0005501895097200147,1990-08-18T01:35:23Z,ls5,qefs8q8q8rkf,0.23403324162690703,0.40047263466860844,0.36445487685279127
0.401494681501406,0.36238354322044264,0.0,0.22086012960019566,0.00042792517422667807,0.0003056608387333415,1990-09-03T01:35:16Z,ls5,qefs8q8q8rkf,0.22411852725107156,0.36772986665185176,0.4074180200841168
0.4249101357134124,0.3728224721848637,0.0,0.18743550556302727,0.00012226433549333658,0.0001833965032400049,1990-09-19T01:35:13Z,ls5,qefs8q8q8rkf,0.19019922722716961,0.3783197099689288,0.4311754019651683
0.40555263479642994,0.40227044871011125,0.0,0.17765558136691528,0.0,6.113216774666829e-05,1990-10-05T01:34:58Z,ls5,qefs8q8q8rkf,0.18026237119900007,0.4081730750581118,0.4115034215751414
0.4321322900110038,0.3887963076170681,0.0,0.1644204670497616,0.0,0.00012226433549333658,1990-10-21T01:34:58Z,ls5,qefs8q8q8rkf,0.16684479661465762,0.39452899041618217,0.4385039486336668
0.42816297835921263,0.4013339039002323,0.0,0.1558479031666463,0.0,0.00024452867098667317,1990-11-06T01:34:53Z,ls5,qefs8q8q8rkf,0.1581271816632513,0.40720341974569224,0.43442486992006973
0.39119024330602764,0.44567734441863305,0.0,0.14893874556791784,0.0,6.113216774666829e-05,1990-12-08T01:34:42Z,ls5,qefs8q8q8rkf,0.15107393368240696,0.4520665815850345,0.39679835256481183
0.3923878224721849,0.4457757672087052,0.0,0.14747829808044993,0.0,0.00012226433549333658,1990-12-24T01:35:02Z,ls5,qefs8q8q8rkf,0.14960836037443345,0.452214207071802,0.3980551682182713
0.385468883726617,0.44772221542975915,0.0,0.15263418510820392,0.0,0.0,1991-01-09T01:35:28Z,ls5,qefs8q8q8rkf,0.15482883990145185,0.45415980151468455,0.3910113585838636
0.42194216896931164,0.4185474996943392,0.0,0.14516444553123856,0.0,0.0,1991-01-25T01:35:56Z,ls5,qefs8q8q8rkf,0.1472772684054721,0.42463932698766327,0.42808340460686467
0.39748746790561196,0.4375724416187798,0.0,0.15059298202714266,0.0,0.00012226433549333658,1991-02-10T01:36:06Z,ls5,qefs8q8q8rkf,0.1527663249069791,0.4438874434044103,0.4032239673531173
0.0,0.0,0.9986550923095733,0.0,0.0,1.0,1991-02-26T01:36:27Z,ls5,qefs8q8q8rkf,0.0,0.0,0.0
0.3868975424868566,0.44324245017728325,0.0,0.15547560826506907,0.0,0.00024452867098667317,1991-03-14T01:36:47Z,ls5,qefs8q8q8rkf,0.15770609746301423,0.4496013093464054,0.3924480645195937
0.3800226189020663,0.44940824061621226,0.0,0.15601968455801443,6.113216774666829e-05,0.0003056608387333415,1991-03-30T01:37:00Z,ls5,qefs8q8q8rkf,0.15826512914966823,0.45587615077892696,0.3854919270649248
0.35787321188409343,0.4679526837021641,0.0,0.15986061865753762,6.113216774666829e-05,0.0003667930064800098,1991-04-15T01:37:21Z,ls5,qefs8q8q8rkf,0.16211260676223915,0.47454482556993705,0.3629146424935972
0.3887296735542242,0.44567551045360065,0.0,0.14902188531605332,0.0006724538452133513,0.0015894363614133756,1991-05-17T01:37:51Z,ls5,qefs8q8q8rkf,0.15119048357628292,0.4521610755405464,0.3943865506765439
0.3645161290322581,0.5469354838709677,0.9962098055997065,0.07919354838709677,0.0,0.0,1991-06-02T01:38:09Z,ls5,qefs8q8q8rkf,0.07994138717030283,0.5521002930641484,0.3679583197655487
0.3513303172953476,0.4767078315094455,6.113216774661367e-05,0.1544794277679281,0.0017118053432781072,0.0020786207739805587,1991-06-18T01:38:19Z,ls5,qefs8q8q8rkf,0.1566321952703987,0.4833510534754698,0.3562263251368728
0.2937818670905422,0.45703551996087305,6.113216774661367e-05,0.23243382038271077,0.0011004462921073547,0.002139756679097634,1991-07-04T01:38:37Z,ls5,qefs8q8q8rkf,0.2356271580198592,0.4633145921070938,0.297818046901842
0.2756700085585035,0.4635273260789828,0.0,0.24279435138770022,0.0011615111871866976,0.0032400048905734196,1991-07-20T01:38:49Z,ls5,qefs8q8q8rkf,0.24615858931037637,0.46995011227511413,0.2794897823367494
0.42323328035212127,0.38410196845580147,0.0,0.17635163222887884,0.0009169825162000245,0.0008558503484533561,1991-08-21T01:39:00Z,ls5,qefs8q8q8rkf,0.17895835926365503,0.3897795398659998,0.4294892680056918
0.4204112775658323,0.40720387084767845,0.34301259322655586,0.13007816134735276,0.005303805713222295,0.024192797990136784,1991-09-06T01:39:14Z,ls5,qefs8q8q8rkf,0.13181808422902191,0.4126506216708254,0.4260346903967936
0.40744773199657663,0.4363553001589437,0.0,0.14176305171781392,6.113216774666829e-05,0.0003056608387333415,1991-09-22T01:39:23Z,ls5,qefs8q8q8rkf,0.1437864556630577,0.44258346063637993,0.41326329069408246
0.42546277050984227,0.4440683457635408,0.0,0.11609059787260058,0.0,0.00024452867098667317,1991-10-08T01:39:28Z,ls5,qefs8q8q8rkf,0.11775533019131353,0.4504362596209682,0.4315638815167316
0.4209402127399438,0.45367037535151,0.0,0.11100256755104537,0.0,0.00024452867098667317,1991-11-09T01:39:37Z,ls5,qefs8q8q8rkf,0.11259531552050318,0.46017997765248375,0.4269801781560264
0.43269164934588583,0.4525131434160655,0.0,0.10016138892285122,0.0,0.0004890573419733463,1991-11-25T01:39:42Z,ls5,qefs8q8q8rkf,0.10159918832310814,0.4590088912607079,0.43890286307421067
0.42509781146839465,0.45623364714512776,0.0,0.10429881403594572,0.0,0.00024452867098667317,1991-12-11T01:39:54Z,ls5,qefs8q8q8rkf,0.10579353422786765,0.4627719922924367,0.431189944808709
0.4123523595505618,0.4840728089887641,0.31990463381831524,0.08967640449438204,0.0,0.0,1991-12-27T01:39:45Z,ls5,qefs8q8q8rkf,0.0909403320577774,0.4908954840215198,0.4181641839207028
0.39568345763540774,0.4826231813180095,0.0,0.10772099278640423,0.0,0.0,1992-01-12T01:39:40Z,ls5,qefs8q8q8rkf,0.1092474382247617,0.48946212639744463,0.40129043537779363
0.4630915134923739,0.44856667970277675,0.6873700941435383,0.07481228001564334,0.0,0.0,1992-01-28T01:39:45Z,ls5,qefs8q8q8rkf,0.07583833682537103,0.45471881002455994,0.46944285315006906
0.40893813424624037,0.45892957574275584,0.0,0.11774300036679301,0.0,0.00024452867098667317,1992-02-13T01:39:33Z,ls5,qefs8q8q8rkf,0.11943276142454098,0.4655157959250438,0.41480691397942865
0.415248807922729,0.44613339039002325,0.0,0.12408485144883238,6.113216774666829e-05,0.00012226433549333658,1992-02-29T01:39:36Z,ls5,qefs8q8q8rkf,0.12589167212743047,0.4526296147538987,0.4212953166154309
0.3776592492969801,0.4689161266658516,0.0,0.13932143293801197,0.0,0.00024452867098667317,1992-03-16T01:39:37Z,ls5,qefs8q8q8rkf,0.1412798617417824,0.4755076383209425,0.3829679712662883
0.0419080012957564,0.8298380304502754,0.6225699963320699,0.12837220602526725,0.0,0.0,1992-04-01T01:39:30Z,ls5,qefs8q8q8rkf,0.12835702937618326,0.8297399238509215,0.04190304677289534
0.3919849614867343,0.44965460325223133,0.0,0.1436697640298325,0.0003056608387333415,0.00024452867098667317,1992-04-17T01:39:23Z,ls5,qefs8q8q8rkf,0.14573161365702728,0.4561077368140677,0.3976104600191851
,,1.0,,,,1992-05-03T01:39:13Z,ls5,qefs8q8q8rkf,,,
0.3944779312874435,0.4208460692016139,0.0,0.1683469861841301,0.0017728328646533806,0.0005501895097200147,1992-05-19T01:39:04Z,ls5,qefs8q8q8rkf,0.1707439933108115,0.42683828236787025,0.4000947019469451
0.29712189754248686,0.37989485267147577,0.0,0.30489485267147576,0.003117740555080083,0.001039246851693361,1992-07-22T01:38:20Z,ls5,qefs8q8q8rkf,0.3092207157103482,0.3852848193679623,0.3013374775149162
0.28639931531972124,0.40918816481232423,0.0,0.2886171903655703,0.001222643354933366,0.0004890573419733463,1992-08-07T01:38:08Z,ls5,qefs8q8q8rkf,0.2927472026463832,0.41504350608183643,0.29049759057487373
0.28374887488748873,0.4712241224122412,0.8641643232669031,0.16238973897389739,0.022502250225022502,0.048604860486048604,1992-08-23T01:37:51Z,ls5,qefs8q8q8rkf,0.16443078387843493,0.4771468463480145,0.2873152590624794
0.3747652524758528,0.40597139014549455,0.0,0.204605697518034,0.0003667930064800098,0.00012226433549333658,1992-09-08T01:37:38Z,ls5,qefs8q8q8rkf,0.20754779863668998,0.411809003152259,0.3801541408690776
0.3900898642865876,0.41470289766475127,0.0,0.18106003178872723,6.113216774666829e-05,6.113216774666829e-05,1992-09-24T01:37:21Z,ls5,qefs8q8q8rkf,0.18363582854743057,0.42060254525166973,0.3956393618654065
0.3833879447365204,0.42745323389167383,0.0,0.1751620002445287,6.113216774666829e-05,0.0,1992-10-10T01:36:57Z,ls5,qefs8q8q8rkf,0.1776376546899106,0.4334946498220668,0.3888065633202759
0.3726078982760729,0.46007824917471574,0.0,0.15328952194644824,0.0,0.0001833965032400049,1992-10-26T01:36:50Z,ls5,qefs8q8q8rkf,0.155441370351293,0.46653673788300626,0.3778384952624607
0.37853160533072505,0.47508803032155517,0.0,0.1321542975913926,0.0,0.0003056608387333415,1992-11-11T01:36:30Z,ls5,qefs8q8q8rkf,0.13402048760127996,0.48179688922483827,0.3838769623351485
0.3461930330015715,0.4953837087480356,0.06638953417288174,0.14496464117338922,6.547930853850184e-05,0.0,1993-01-30T01:37:14Z,ls5,qefs8q8q8rkf,0.1469326593877279,0.5021089636378587,0.35089289766587495
0.3595946937278396,0.43354199779924196,0.0,0.1928554835554469,6.113216774666829e-05,0.00012226433549333658,1993-02-15T01:37:23Z,ls5,qefs8q8q8rkf,0.19555947745527794,0.43962061633659183,0.3646365097048903
0.4005006724538452,0.4329575742755838,0.0,0.15215490891307004,0.0,0.00024452867098667317,1993-03-03T01:37:30Z,ls5,qefs8q8q8rkf,0.15433814149553163,0.4391699737948266,0.4062473560386552
0.3964738965643722,0.45392407384765865,0.0,0.13474263357378652,0.00024452867098667317,0.0005501895097200147,1993-04-04T01:37:39Z,ls5,qefs8q8q8rkf,0.13666633027655353,0.4604046674133851,0.4021342841293548
0.40113644699841056,0.4515845457879936,0.0,0.13220625993397728,0.00042792517422667807,0.0004890573419733463,1993-04-20T01:37:48Z,ls5,qefs8q8q8rkf,0.1341063806898074,0.4580748978249728,0.4069017389690197
0.38768492480743366,0.4648960753148307,0.0,0.13165973835432207,0.0006724538452133513,0.001039246851693361,1993-05-06T01:37:52Z,ls5,qefs8q8q8rkf,0.13353884994829754,0.47153129741110117,0.39321815194369464
0.32531906259511006,0.49602414527746774,0.39742022252109055,0.15500050725372833,0.005376889520137973,0.0057826925027898955,1993-06-23T01:37:54Z,ls5,qefs8q8q8rkf,0.15698443489197536,0.5023730019908393,0.3294829810942576
0.3208828024698906,0.43974995414807116,6.113216774661367e-05,0.222295041878095,0.0020174848688634837,0.0014672617228098062,1993-07-09T01:37:49Z,ls5,qefs8q8q8rkf,0.2253679266447699,0.44582881638373284,0.3253185103798241
0.4489833720503729,0.3685242694705954,0.0,0.1669537840811835,0.00042792517422667807,0.0004890573419733463,1993-08-26T01:37:48Z,ls5,qefs8q8q8rkf,0.16943344456400916,0.37399773072214804,0.4556518421976429
0.42947819314641744,0.40830477673935617,0.05807555935933484,0.14793743509865007,0.0,0.00025960539979231567,1993-09-11T01:37:46Z,ls5,qefs8q8q8rkf,0.1500415624895217,0.41411213215273146,0.4355866999579545
0.40552023474752413,0.4416719647878714,0.0,0.13848575620491504,6.113216774666829e-05,0.00012226433549333658,1993-09-27T01:37:43Z,ls5,qefs8q8q8rkf,0.14047220757563303,0.44800734471360437,0.4113370512075227
0.39857686148919136,0.4817493995196157,0.08375106981293556,0.10583933813717641,0.0,0.0,1993-10-13T01:37:38Z,ls5,qefs8q8q8rkf,0.10732410279656172,0.4885076096112147,0.4041682875922236
0.39719281085707303,0.47920711578432573,0.0,0.10958980315441987,0.0,6.113216774666829e-05,1993-10-29T01:37:32Z,ls5,qefs8q8q8rkf,0.1111402080373422,0.48598662474280296,0.40281203505210816
0.2844253650621958,0.5710316387236343,0.5478664873456413,0.11166576527852895,0.00013520822065981613,0.020416441319632234,1993-11-14T01:37:22Z,ls5,qefs8q8q8rkf,0.1130888994689751,0.5783092017875427,0.28805024920319017
0.4416218364103191,0.42692321799731014,0.0,0.116835187675755,0.0,0.0001833965032400049,1993-11-30T01:37:19Z,ls5,qefs8q8q8rkf,0.11854688730504803,0.4331778774755028,0.4480918387162093
0.44499999999999995,0.4265178571428571,0.9931531972123732,0.11660714285714284,0.0,0.0,1993-12-16T01:37:13Z,ls5,qefs8q8q8rkf,0.11800849372006866,0.43164362519201227,0.450347881087919
0.3795390634551901,0.49130883971145617,0.0,0.11514121530749481,0.0,0.00012226433549333658,1994-01-17T01:36:47Z,ls5,qefs8q8q8rkf,0.11676309148470253,0.4982294033050533,0.3848852408747508
0.3770693238782247,0.4958864164323266,0.0,0.11304621591881649,0.0,6.113216774666829e-05,1994-02-02T01:36:38Z,ls5,qefs8q8q8rkf,0.11464409826412773,0.5028956572428808,0.382399112325245
0.43204181440273876,0.4527485022618902,0.0,0.1018461914659494,0.0,0.0,1994-02-18T01:36:25Z,ls5,qefs8q8q8rkf,0.10322564655439485,0.458880751452966,0.43789360199263916
0.3539876248238682,0.4136904980702077,0.002139625871133366,0.21313790357164739,0.005084849598725724,0.0003675794890645102,1994-03-06T01:36:10Z,ls5,qefs8q8q8rkf,0.2161218603149636,0.4194822156890661,0.35894349490818006
0.34673431959897294,0.3979135591148062,0.0,0.24108754126421322,0.0003667930064800098,0.00012226433549333658,1994-03-22T01:35:56Z,ls5,qefs8q8q8rkf,0.24445670790391152,0.4034743487011249,0.3515798860529901
0.37133013707050216,0.4137193435367878,0.005440762929453502,0.1957889237199582,0.004548527875099883,0.0008605323006945725,1994-04-07T01:35:39Z,ls5,qefs8q8q8rkf,0.19853412018809266,0.41952018690983056,0.3765366327262823
0.42217997310184624,0.3949107470350899,0.0,0.16788543831764274,0.0001833965032400049,0.0003667930064800098,1994-04-23T01:35:21Z,ls5,qefs8q8q8rkf,0.17035241723404948,0.400713730882651,0.4283836623735796
0.40389106247707546,0.41056363858662426,0.0,0.17001589436361417,0.0007335860129600196,0.0005501895097200147,1994-05-09T01:35:03Z,ls5,qefs8q8q8rkf,0.17247608299185635,0.41650463603631155,0.4097355054491521
0.3891233647145128,0.4259866731874312,0.0,0.16906712312018587,0.001222643354933366,0.0003667930064800098,1994-05-25T01:34:47Z,ls5,qefs8q8q8rkf,0.1715122117971843,0.4321473930952419,0.39475095874616034
0.36997921506296616,0.43115662061376697,0.0,0.18129844724293925,0.0019562293678933853,0.001406039858173371,1994-06-10T01:34:28Z,ls5,qefs8q8q8rkf,0.18391955186667122,0.4373900254168928,0.37532815349036924
0.38356872095866956,0.423675103937393,0.00012226433549333837,0.17443384690633407,0.0023233064318904377,0.0015896307165566153,1994-06-26T01:34:05Z,ls5,qefs8q8q8rkf,0.17699424487043075,0.4298939478876858,0.38919887009343634
0.4092492510851623,0.4073454789998166,6.113216774661367e-05,0.1647514825456991,0.0026899798251513113,0.0015283976279268814,1994-07-12T01:33:39Z,ls5,qefs8q8q8rkf,0.16717494447406453,0.41333745093714963,0.4152692271357077
0.42642927008191717,0.3979777478909402,0.0,0.1586862697151241,0.0015283041936667073,0.0007947181807066878,1994-07-28T01:33:12Z,ls5,qefs8q8q8rkf,0.16104029998251557,0.40388154578073504,0.4327551318623761
0.38980315441985575,0.43315319721237316,0.0,0.16139197945959166,0.0009781146839466927,0.00042792517422667807,1994-08-13T01:32:48Z,ls5,qefs8q8q8rkf,0.16372766714087963,0.4394218518891859,0.3954444411117611
0.4364983494314708,0.41324245017728334,0.0,0.13459591637119453,0.001039246851693361,0.0001833965032400049,1994-08-29T01:32:25Z,ls5,qefs8q8q8rkf,0.13657049603662308,0.4193048936823417,0.442901966926102
0.41849064677833475,0.4331966010514733,0.0,0.13365203570118595,0.00042792517422667807,0.0,1994-09-14T01:32:01Z,ls5,qefs8q8q8rkf,0.13558258039990195,0.43945393486067535,0.42453555956519606
0.4071646900599095,0.4496246484900355,0.0,0.12876329624648492,6.113216774666829e-05,0.00024452867098667317,1994-09-30T01:31:34Z,ls5,qefs8q8q8rkf,0.1306109220396378,0.45607631695460527,0.41300710016702374
0.4065472551656682,0.45026653625137547,0.0,0.1285560581978237,0.0,0.0003667930064800098,1994-10-16T01:31:04Z,ls5,qefs8q8q8rkf,0.13041692394481516,0.4567842032215102,0.4124320798271947
0.41245033112582785,0.458643348550119,0.04921139503606797,0.11231530894361218,0.0011573329904198547,0.0014145180994020446,1994-11-01T01:30:30Z,ls5,qefs8q8q8rkf,0.11391643964039497,0.4651816197007377,0.4183300895690454
0.43684558014427194,0.4265710967110894,0.0,0.12206504462648247,0.0,0.00012226433549333658,1994-11-17T01:29:57Z,ls5,qefs8q8q8rkf,0.1238481828373139,0.4328024893633376,0.4432270634638551
0.412042913266848,0.4313629495315805,0.5954273138525492,0.14294499848896947,0.0,0.0,1994-12-03T01:29:27Z,ls5,qefs8q8q8rkf,0.14492307362351345,0.43733215680326976,0.4177447695732168
0.3940493947915393,0.46033378163589683,0.0,0.13139381342462406,0.0,6.113216774666829e-05,1994-12-19T01:28:57Z,ls5,qefs8q8q8rkf,0.1332814443718133,0.4669470328202919,0.3997103906401483
0.4516982516200025,0.4123688715001834,0.0,0.12118107348086564,0.0,0.00012226433549333658,1995-01-04T01:28:25Z,ls5,qefs8q8q8rkf,0.12298044063967466,0.4184919646811473,0.45840533034368475
0.41092798630639443,0.45317520479276197,0.0,0.12150690793495539,0.0,0.00012226433549333658,1995-01-20T01:27:50Z,ls5,qefs8q8q8rkf,0.12326583513364961,0.45973534369375774,0.41687655683709945
0.4044235236581489,0.4611578432571219,0.0,0.11995476219586747,0.0,0.0001833965032400049,1995-02-05T01:27:12Z,ls5,qefs8q8q8rkf,0.12169291350090021,0.4678400465511822,0.41028364344467766
0.3135536129111139,0.4807635407751559,0.0,0.1883616579043893,0.0004890573419733463,0.0037901944002934345,1995-02-21T01:26:32Z,ls5,qefs8q8q8rkf,0.19086155999235396,0.48714414812790674,0.3177150401374724
0.4135187675754982,0.3408124465093532,0.0,0.22462587113339041,0.007152463626360191,6.113216774666829e-05,1995-03-09T01:25:54Z,ls5,qefs8q8q8rkf,0.22779906725371898,0.3456269619859831,0.41936037496619105
0.3599688225944492,0.35566083873334153,0.0,0.26747218486367524,0.002812079716346742,0.00012226433549333658,1995-03-25T01:25:14Z,ls5,qefs8q8q8rkf,0.2712713138339979,0.3607125841951351,0.365081757919027
0.3010204962243797,0.36318374685364974,0.14995720748257735,0.3033038475368573,0.008486156058971593,0.010787486515641856,1995-04-10T01:24:36Z,ls5,qefs8q8q8rkf,0.3074476383953351,0.36814562749704316,0.3051330915330082
0.2815735419977992,0.3694650935322167,0.0,0.3315099645433427,0.0029343440518400784,0.0006724538452133513,1995-04-26T01:23:55Z,ls5,qefs8q8q8rkf,0.3361811060294766,0.3746710418012348,0.2855410542722353
0.06947368421052631,0.36,0.9988384888128133,0.04526315789473684,0.3684210526315789,0.15789473684210525,1995-05-12T01:23:11Z,ls5,qefs8q8q8rkf,0.04516279612556891,0.35920177383592017,0.06931964056482669
0.24305147957935927,0.3591837857666911,0.00012226433549333837,0.37693201271704574,0.005502567865003668,0.000917094644167278,1995-05-28T01:22:27Z,ls5,qefs8q8q8rkf,0.3824803430393707,0.36447086731620326,0.24662912713525525
0.2186020913593836,0.3603644591206507,0.0003056608387332904,0.3956509508958601,0.007766159114535559,0.003057542958478567,1995-06-13T01:21:42Z,ls5,qefs8q8q8rkf,0.4015611686902326,0.36574756873767994,0.2218675604990732
,,1.0,,,,1995-06-29T01:20:59Z,ls5,qefs8q8q8rkf,,,
0.21584531603744722,0.36005812886251,0.0009169825161999823,0.3912806706235086,0.015297069081563973,0.0030594138163127947,1995-07-15T01:20:15Z,ls5,qefs8q8q8rkf,0.3971303162656412,0.3654409975359324,0.2190722033005497
0.33451510333863277,0.3020410908646203,0.00024452867098667674,0.34152623211446737,0.005870123517182341,0.0021401491989727285,1995-07-31T01:19:33Z,ls5,qefs8q8q8rkf,0.34638237508364844,0.3063357967521446,0.33927155544805176
0.2889852060154053,0.3553441741044137,0.0,0.33629233402616454,0.0037901944002934345,0.0008558503484533561,1995-08-16T01:18:49Z,ls5,qefs8q8q8rkf,0.34134457759293285,0.36068264048012344,0.29332673717819696
0.3507818804254799,0.3370418144027387,0.0,0.29368137914170434,0.0038513265680401028,0.0001833965032400049,1995-09-01T01:18:04Z,ls5,qefs8q8q8rkf,0.2980080937560585,0.34200734455751625,0.35594983861514523
0.3229679667441008,0.38795023841545423,0.0,0.2729698007091331,0.0019562293678933853,6.113216774666829e-05,1995-09-17T01:17:17Z,ls5,qefs8q8q8rkf,0.2768802143210077,0.3935077978564206,0.32759462628693176
0.3088678322533317,0.4619091575987284,0.0,0.2148587846925052,0.0004890573419733463,0.0,1995-10-19T01:15:35Z,ls5,qefs8q8q8rkf,0.21788343318361747,0.468411627760986,0.31321588171342324
0.30837266169458366,0.4835444430859518,0.0,0.19388983983372055,0.0003667930064800098,0.0,1995-11-04T01:14:56Z,ls5,qefs8q8q8rkf,0.1966092077716929,0.4903263108529287,0.31269768836889833
0.32330847291844966,0.4744919916860252,0.0,0.18849798263846435,0.00024452867098667317,0.0,1995-11-20T01:15:02Z,ls5,qefs8q8q8rkf,0.19106984301159274,0.4809659450605004,0.3277196832569201
0.3109084240127155,0.5016487345641277,0.0,0.17203203325589927,0.0013449076904267026,0.0006724538452133513,1995-12-06T01:15:47Z,ls5,qefs8q8q8rkf,0.17437219895693912,0.5084727029866294,0.3151377365207914
0.36611382809634424,0.44758344540897427,0.0,0.17202836532583446,0.0004890573419733463,6.113216774666829e-05,1996-01-07T01:18:07Z,ls5,qefs8q8q8rkf,0.17442350117597863,0.4538151104835077,0.3712111988307936
0.3462403716835799,0.473597016750214,0.0,0.1669213840322778,0.0,0.0,1996-02-08T01:20:22Z,ls5,qefs8q8q8rkf,0.16916128712503253,0.4799521726739936,0.3508865402009739
0.3443287687981416,0.45001528304193666,0.0,0.19192566328402003,0.0001833965032400049,0.0,1996-02-24T01:21:27Z,ls5,qefs8q8q8rkf,0.19456185447643695,0.45619645915621476,0.3490582898641084
0.43408399032081807,0.4207852626648973,0.21683579899743244,0.133679650300523,0.0,0.0,1996-03-11T01:22:30Z,ls5,qefs8q8q8rkf,0.13522816105114377,0.42565953112292026,0.4391123078259359
0.3487889717569385,0.46985083751069817,0.0,0.1672942902555325,0.0003667930064800098,6.113216774666829e-05,1996-03-27T01:23:32Z,ls5,qefs8q8q8rkf,0.16960839563019708,0.4763500691743336,0.3536136100212428
0.2619788482699597,0.3583689937645189,0.0,0.3618229612422057,0.0033622692260667562,0.0007335860129600196,1996-04-28T01:25:30Z,ls5,qefs8q8q8rkf,0.36688220171954256,0.36337993865549906,0.26564200438593166
0.2307850330154072,0.4195335045243336,0.00012226433549333837,0.29859073123012964,0.03411592076302274,0.004035216434336023,1996-07-17T01:29:54Z,ls5,qefs8q8q8rkf,0.30266239853408033,0.42525438154635686,0.233932082722204
0.27170314219342223,0.40784325712189756,0.0,0.30018339650324005,0.005073969922973469,0.0015894363614133756,1996-08-02T01:30:45Z,ls5,qefs8q8q8rkf,0.30435243864700584,0.41350751352914206,0.2754766415394653
0.35074092187308964,0.396789338549945,0.0,0.23643416065533684,0.0017728328646533806,0.00024452867098667317,1996-09-03T01:32:28Z,ls5,qefs8q8q8rkf,0.23980256035611855,0.40244226571385583,0.35573781239438557
0.37430125932265557,0.39646656070424263,0.0,0.21425113094510334,0.0011615111871866976,6.113216774666829e-05,1996-09-19T01:33:21Z,ls5,qefs8q8q8rkf,0.2172437169989523,0.40200426916415727,0.3795293704819571
,,1.0,,,,1996-10-21T01:35:01Z,ls5,qefs8q8q8rkf,,,
0.3193818917551846,0.4917956499747091,0.3957085218241839,0.15636216489630755,0.008396560445118866,0.011229135053110774,1996-11-06T01:35:47Z,ls5,qefs8q8q8rkf,0.158436338695743,0.4983194126287395,0.3236185531772879
0.31304682724049393,0.5293416065533684,0.0,0.1440438928964421,0.00012226433549333658,0.0,1996-11-22T01:36:31Z,ls5,qefs8q8q8rkf,0.14600726027383432,0.5365567131497337,0.31731376224093855
0.34481721481843747,0.4997377430003668,0.0,0.14178139136813792,6.113216774666829e-05,0.0,1996-12-08T01:37:18Z,ls5,qefs8q8q8rkf,0.14373669193191926,0.5066296029348929,0.34957257296544125
0.285386355300159,0.5238727228267515,0.0,0.14261829074458982,0.02157965521457391,0.014060398581733708,1996-12-24T01:38:04Z,ls5,qefs8q8q8rkf,0.14448853569569625,0.5307426012257553,0.2891288092822408
0.3352035701185964,0.44754982271671356,0.0,0.20282124954150874,0.0009169825162000245,0.0,1997-01-09T01:38:50Z,ls5,qefs8q8q8rkf,0.20560113591507256,0.45368398102839713,0.33979790054033027
0.3050776378530383,0.42528854383176434,0.0,0.2560661450055019,0.0004890573419733463,0.0,1997-01-25T01:39:34Z,ls5,qefs8q8q8rkf,0.25946119875855417,0.43092723326817983,0.3091225106312926
0.09568181818181819,0.26499999999999996,0.9973101846191466,0.15886363636363637,0.38636363636363635,0.09090909090909091,1997-02-10T01:40:16Z,ls5,qefs8q8q8rkf,0.1598365545215939,0.2666229221347331,0.09626779607094568
,,1.0,,,,1997-02-26T01:40:55Z,ls5,qefs8q8q8rkf,,,
0.387504779525131,0.38467098365710767,0.008741899987773527,0.21644650015417824,0.0,0.0,1997-03-30T01:42:09Z,ls5,qefs8q8q8rkf,0.21893751352888957,0.38909803867749687,0.39196444779361345
0.36667941851568475,0.3767559296097935,0.9201002567551045,0.24497322111706193,0.0,0.0,1997-04-15T01:42:44Z,ls5,qefs8q8q8rkf,0.24784611216472496,0.3811742849402021,0.3709796028950729
0.2876537474018829,0.4204804988384888,0.0,0.2762263112849982,0.0011003790194400293,0.0009781146839466927,1997-05-01T01:43:18Z,ls5,qefs8q8q8rkf,0.2800317165584707,0.42627320808558666,0.2916165816525559
0.2660802054040836,0.4446014182662918,0.0,0.27322961242205646,0.0017728328646533806,0.0009169825162000245,1997-06-02T01:44:25Z,ls5,qefs8q8q8rkf,0.2769504658674921,0.4506560208561689,0.26970369789548565
0.27521538461538464,0.43498276923076923,0.006602274116640161,0.2741273846153846,0.0016,0.0006153846153846154,1997-06-18T01:44:57Z,ls5,qefs8q8q8rkf,0.27787563802555915,0.44093046267418046,0.2789785146848758
0.22448979591836735,0.21551020408163266,0.9940090475608265,0.0653061224489796,0.08163265306122448,0.40816326530612246,1997-08-05T01:46:35Z,ls5,qefs8q8q8rkf,0.06593913817546405,0.21759915597903132,0.22666578747815766
0.38730468272404944,0.40626360190732363,0.0,0.1927234380731141,6.113216774666829e-05,0.0,1997-10-08T01:48:28Z,ls5,qefs8q8q8rkf,0.19539011839533546,0.4118849999255036,0.39266374951141436
0.4512616227855535,0.3889860037192914,0.37541264213229,0.1443261231281198,0.0014681413330723304,9.78760888714887e-05,1997-10-24T01:48:55Z,ls5,qefs8q8q8rkf,0.14635785887911196,0.3944619130921946,0.4576142106067496
0.36834637486245264,0.4540035456657293,0.0,0.16406284386844355,6.113216774666829e-05,0.0,1997-11-09T01:49:19Z,ls5,qefs8q8q8rkf,0.16631254204369497,0.4602290317304526,0.3733972940581057
0.3603166646289277,0.47374373395280595,0.0,0.15221787504584913,6.113216774666829e-05,0.0,1997-11-25T01:49:41Z,ls5,qefs8q8q8rkf,0.1543261914077725,0.4803053921375004,0.36530728428698045
,,1.0,,,,1997-12-11T01:50:06Z,ls5,qefs8q8q8rkf,,,
0.3424709622203203,0.4896491013571342,0.0,0.15437094999388679,0.0,0.0,1997-12-27T01:50:28Z,ls5,qefs8q8q8rkf,0.15648490241692703,0.49635434547394747,0.3471607521091254
0.3678279740799609,0.467339528059665,0.0,0.15106859029221179,0.0,0.0,1998-01-12T01:50:50Z,ls5,qefs8q8q8rkf,0.15317690302705353,0.4738617169316023,0.3729613800413442
0.4720454545454546,0.38352272727272735,0.9946203692382932,0.13511363636363638,0.0,0.0,1998-02-13T01:51:31Z,ls5,qefs8q8q8rkf,0.13638449185593024,0.387130075705437,0.4764854324386327
0.3363864775644944,0.5010019562293678,0.0,0.14912275339283532,0.0,0.0,1998-03-01T01:51:47Z,ls5,qefs8q8q8rkf,0.15116174588764575,0.5078522805789054,0.3409859735334488
0.3682938011981905,0.46932143293801204,0.0,0.1484368504707177,0.00012226433549333658,6.113216774666829e-05,1998-04-02T01:52:14Z,ls5,qefs8q8q8rkf,0.1505089132594364,0.47587279450392483,0.3734348957333988
0.6991452991452992,0.17829059829059835,0.9856950727472796,0.11350427350427351,0.0,0.0,1998-04-18T01:52:27Z,ls5,qefs8q8q8rkf,0.11454200448507848,0.17992064861135074,0.7055373469035708
0.416476341851082,0.43541692138403226,0.0,0.13467722215429762,0.0,0.0,1998-05-04T01:52:41Z,ls5,qefs8q8q8rkf,0.13651049179840283,0.44134395649609126,0.4221455517055059
0.20098654708520183,0.6836771300448431,0.9863675265924929,0.10542600896860989,0.0,0.0,1998-05-20T01:52:55Z,ls5,qefs8q8q8rkf,0.10648127179672993,0.6905204040038045,0.2029983241994656
0.256642621347353,0.4558472918449688,0.0,0.27066022741166407,0.0023230223743733952,0.001406039858173371,1998-06-05T01:53:11Z,ls5,qefs8q8q8rkf,0.2742723694410643,0.46193087929188653,0.2600676890345025
0.22930309328768803,0.394614867343196,0.0,0.35817337082772954,0.0037901944002934345,0.0009169825162000245,1998-06-21T01:53:21Z,ls5,qefs8q8q8rkf,0.3629880174942664,0.3999193687672664,0.23238543682197368
0.21667991196967845,0.3672032033255899,0.0,0.3944015160777601,0.0063577454456535025,0.001833965032400049,1998-07-07T01:53:35Z,ls5,qefs8q8q8rkf,0.39985366272894957,0.3722793646325433,0.21967526216045358
0.2129850837510698,0.3437963076170681,0.0,0.4190432815747647,0.009781146839466928,0.0005501895097200147,1998-08-08T01:53:49Z,ls5,qefs8q8q8rkf,0.4249882340413158,0.34867373388024175,0.21600669572925543
0.25064494436972734,0.3893636141337572,0.0,0.3440292211761829,0.0014671720259200392,0.0001833965032400049,1998-09-09T01:54:07Z,ls5,qefs8q8q8rkf,0.3490327144577768,0.39502644190389496,0.2542902751091681
0.2839864286587602,0.4136269715124098,0.0,0.2872038146472674,0.0009781146839466927,0.0,1998-09-25T01:54:15Z,ls5,qefs8q8q8rkf,0.2913463453538157,0.4195929870844911,0.2880825528777465
0.3001669214307551,0.43819749312136963,0.00018339650323995205,0.24621828187098746,0.0007948639559767656,0.0005502904310608377,1998-10-11T01:54:15Z,ls5,qefs8q8q8rkf,0.24973735691500812,0.44446043123741025,0.30445705746054413
,,1.0,,,,1998-10-27T01:54:17Z,ls5,qefs8q8q8rkf,,,
0.29785426091209194,0.490614378285854,0.0,0.19737253943024818,0.00012226433549333658,0.0,1998-11-12T01:54:26Z,ls5,qefs8q8q8rkf,0.200182759744812,0.4975998206197064,0.30209515529998815
0.2622679150602778,0.5431736123860229,0.0010392468516933207,0.17887522183464905,0.0004283703567713114,0.0011015237745548008,1998-11-28T01:54:26Z,ls5,qefs8q8q8rkf,0.18144724430727635,0.5509838318410486,0.2660390297203491
0.2958668541386478,0.45944858784692505,0.0,0.22760973224110526,0.003484533561560093,0.0003667930064800098,1998-12-14T01:54:21Z,ls5,qefs8q8q8rkf,0.23067181386473715,0.46562964638074644,0.2998472131864764
0.3040734615119564,0.42011163944593755,0.11291111382809638,0.26034939011784164,0.0016539177175935497,0.0005513059058645166,1998-12-30T01:54:31Z,ls5,qefs8q8q8rkf,0.2638559276969176,0.425769948268776,0.30816890041084827
0.28877715823880024,0.49856181503557007,0.6820515955495782,0.20112286098827148,0.0,0.0,1999-01-15T01:54:24Z,ls5,qefs8q8q8rkf,0.20347053777579804,0.5043814518215363,0.29214801040266564
0.3458203936911603,0.423890451155398,0.0,0.21602029587969188,0.000611321677466683,6.113216774666829e-05,1999-01-31T01:54:29Z,ls5,qefs8q8q8rkf,0.218999911113729,0.4297372649498245,0.35059037009123317
0.3280141969831411,0.36569121561668144,0.31104046949504827,0.28719609582963623,0.0019520851818988466,0.006654835847382431,1999-02-16T01:54:40Z,ls5,qefs8q8q8rkf,0.2902679007689471,0.36960259219423863,0.331522586007533
0.25995781880425484,0.34370583200880306,0.0,0.3771432938011982,0.005624159432693484,6.113216774666829e-05,1999-03-04T01:54:36Z,ls5,qefs8q8q8rkf,0.3823373460597511,0.34843938045674167,0.26353798188306715
0.24559953207252874,0.35075778254370577,0.05935933488201495,0.38676350165724316,0.002729576915578085,0.0008448690452979788,1999-04-05T01:54:08Z,ls5,qefs8q8q8rkf,0.39199763654859643,0.35550464604080156,0.24892327144972598
0.22930370460936544,0.3400660227411664,0.0,0.411945225577699,0.004584912581000122,0.00012226433549333658,1999-04-21T01:54:10Z,ls5,qefs8q8q8rkf,0.41781298175223675,0.3449099300880512,0.2325699112432185
0.22732607898276075,0.35952439173493095,0.0,0.39447548600073357,0.004034723071280107,0.0007335860129600196,1999-05-07T01:54:03Z,ls5,qefs8q8q8rkf,0.4000653424782226,0.36461897890517425,0.23054736953236313
0.20740677344418634,0.35404328157476467,0.0,0.419238904511554,0.004768309084240127,0.0009781146839466927,1999-06-08T01:53:24Z,ls5,qefs8q8q8rkf,0.4250377003384165,0.35894030969317453,0.21027556620022222
0.1960973224110527,0.3635860129600196,0.0,0.4207207482577332,0.004156987406773444,0.0014671720259200392,1999-06-24T01:53:18Z,ls5,qefs8q8q8rkf,0.42671644751255894,0.3687674840331648,0.19889190902158282
0.2073804866120553,0.3715221909768921,0.0,0.40310001222643355,0.003117740555080083,0.0008558503484533561,1999-07-10T01:53:11Z,ls5,qefs8q8q8rkf,0.40885657630949984,0.376827800591804,0.21034203219516276
0.2278750458491258,0.37798386110771487,0.0,0.37530443819537845,0.0036067978970534295,0.0011615111871866976,1999-07-26T01:53:09Z,ls5,qefs8q8q8rkf,0.38068571607251406,0.38340355771315265,0.23114241713009312
0.23014671720259203,0.39324917471573545,0.0,0.35973101846191463,0.002261890206626727,0.0004890573419733463,1999-08-11T01:53:05Z,ls5,qefs8q8q8rkf,0.3648983803726537,0.3988980087127148,0.2334526633660314
0.22726739210172392,0.4143275461547866,0.0,0.3407934955373518,0.0022007580388800586,0.0008558503484533561,1999-08-19T02:08:15Z,ls7,qefs8q8q8rkf,0.34584265407977605,0.4204661770160667,0.23063456051682393
0.2610594204670498,0.40458796918938744,0.0,0.3175901699474263,0.0017728328646533806,0.0004890573419733463,1999-09-04T02:08:22Z,ls7,qefs8q8q8rkf,0.32227391311207204,0.4105547348972253,0.2649094617840759
0.26826017850592987,0.3926354077515589,0.0,0.32395525125320945,0.001406039858173371,0.0001833965032400049,1999-09-12T01:52:14Z,ls5,qefs8q8q8rkf,0.3284155657672204,0.3980413315670678,0.2719536663042985
0.2948373884337939,0.4137021640787382,0.0,0.277038146472674,0.0007947181807066878,0.00012226433549333658,1999-09-28T01:51:55Z,ls5,qefs8q8q8rkf,0.28083438537725347,0.4193711027075177,0.29887752939902873
0.28352243550556305,0.4550476830908424,0.0,0.24669886294167992,0.0007335860129600196,0.00012226433549333658,1999-10-06T02:08:28Z,ls7,qefs8q8q8rkf,0.2501730291448745,0.46145594643906035,0.28751517406761185
0.2493469487587135,0.5106976886388651,0.00024452867098667674,0.225424972483796,0.00042802983979454566,0.00018344135991194815,1999-10-22T02:08:15Z,ls7,qefs8q8q8rkf,0.22860890822655236,0.5179108585316428,0.25286876204209835
0.256789338549945,0.5020259200391246,0.0,0.22771243428291968,0.0001833965032400049,0.0,1999-10-30T01:51:43Z,ls5,qefs8q8q8rkf,0.2307798090856738,0.5087884038811102,0.260248390529976
0.24878285854016383,0.5343599462036924,0.0,0.20257121897542485,0.0001833965032400049,0.00024452867098667317,1999-11-07T02:08:20Z,ls7,qefs8q8q8rkf,0.20541914670873804,0.5418724572013671,0.2522804709156683
0.27086074092187307,0.5119977992419611,0.0,0.20329991441496517,0.00012226433549333658,0.0,1999-11-23T02:08:12Z,ls7,qefs8q8q8rkf,0.20612819080159353,0.5191206319778667,0.2746289128850463
0.26099095243917353,0.5425333170314219,0.0,0.18258955862574888,0.0001833965032400049,6.113216774666829e-05,1999-12-09T02:08:20Z,ls7,qefs8q8q8rkf,0.18511545527765105,0.5500385823891409,0.2646014336622214
0.26118902066267274,0.52357867709989,0.0,0.20164690059909524,6.113216774666829e-05,0.0,1999-12-25T02:08:17Z,ls7,qefs8q8q8rkf,0.2044115869958112,0.5307572196011036,0.26477006123533847
0.2680682234992052,0.4646546032522313,0.0,0.2535175449321433,0.00042792517422667807,0.0,2000-01-10T02:08:16Z,ls7,qefs8q8q8rkf,0.2569445194785244,0.47093566556935973,0.2716918897778892
0.23082334132693846,0.46601119104716227,0.005807555935933517,0.28813871979339606,0.0006148927012236365,0.0013527639426920003,2000-01-26T02:08:14Z,ls7,qefs8q8q8rkf,0.2919589553261524,0.472189716834939,0.23388367119499298
0.21437837837837836,0.4958918918918919,0.9660716469005991,0.25261261261261264,0.0036036036036036037,0.021621621621621623,2000-02-27T02:08:04Z,ls7,qefs8q8q8rkf,0.25573245401089717,0.502016305227383,0.21702601553649456
0.3512908124525436,0.4159339407744874,0.8389778701552757,0.2155163249810175,0.0018982536066818527,0.0037965072133637054,2000-03-14T02:07:59Z,ls7,qefs8q8q8rkf,0.21805235967969777,0.42082833987049945,0.35542453962975723
0.17908607409218733,0.3606883482088275,0.0,0.41001161511187184,0.023169091575987285,0.013449076904267025,2000-03-30T02:07:57Z,ls7,qefs8q8q8rkf,0.41588076172058164,0.3658514526616449,0.18164961713751918
0.21364286587602396,0.33014488323755964,0.0,0.4320656559481599,0.008497371316786894,0.0014671720259200392,2000-05-01T02:07:43Z,ls7,qefs8q8q8rkf,0.43834485464085093,0.3349428700497136,0.21674773196672859
0.19264029832497861,0.39436850470717694,0.0,0.38629233402616453,0.007947181807066878,0.0033622692260667562,2000-06-18T02:07:16Z,ls7,qefs8q8q8rkf,0.39240021946787873,0.40060408702760786,0.19568624247137972
,,1.0,,,,2000-07-04T02:07:02Z,ls7,qefs8q8q8rkf,,,
0.19717019195500676,0.4087418999877736,0.0,0.36961242205648615,0.005563027264946815,0.003301137058320088,2000-07-20T02:06:48Z,ls7,qefs8q8q8rkf,0.3755273307378232,0.4152829978199628,0.20032550711894714
0.22675877246607165,0.40942352365814894,0.0,0.3416762440396136,0.004523780413253454,0.0021396258711333903,2000-08-05T02:06:33Z,ls7,qefs8q8q8rkf,0.34708447333393444,0.41590409212920526,0.23034802825247352
0.24435138770020784,0.41506785670619883,0.0,0.3204957818804255,0.003484533561560093,0.0013449076904267026,2000-08-21T02:06:27Z,ls7,qefs8q8q8rkf,0.3254853306402557,0.4215297243087075,0.2481555037990501
0.28015947174982875,0.3927508876845449,0.018645311162733824,0.304315704229739,0.0021179841774123217,0.005855603314022301,2000-09-06T02:06:11Z,ls7,qefs8q8q8rkf,0.3089246465706317,0.39869920441783424,0.28440256152009935
0.2776684191221421,0.43628010759261526,0.0,0.26984533561560087,0.001406039858173371,0.0003667930064800098,2000-09-22T02:05:53Z,ls7,qefs8q8q8rkf,0.273804254377219,0.4426808018989626,0.2817421108591651
0.2762238659982883,0.4599333659371561,0.0,0.2481104046949505,0.0011615111871866976,0.00012226433549333658,2000-10-08T02:05:49Z,ls7,qefs8q8q8rkf,0.25175254921393897,0.466684972303312,0.28027870296006907
0.27450804133798085,0.4928636947349111,0.0003056608387332904,0.21774108726227603,0.000550357732526142,6.115085916957133e-05,2000-10-24T02:05:41Z,ls7,qefs8q8q8rkf,0.220896461361576,0.5000059817346016,0.27848604831212664
0.27103741288666094,0.5077472796185353,0.0,0.2063394057953295,0.0003667930064800098,6.113216774666829e-05,2000-11-09T02:05:44Z,ls7,qefs8q8q8rkf,0.20936561020582706,0.5151939767294297,0.27501248789051663
0.2599859396014183,0.5326665851571097,0.0,0.19260545298936302,0.0003667930064800098,0.0,2000-11-25T02:05:45Z,ls7,qefs8q8q8rkf,0.19541562819546396,0.5404383611244787,0.26377921767357715
0.3241154175327058,0.5053227778457023,0.0,0.15657659860618658,6.113216774666829e-05,0.0,2000-12-11T02:05:48Z,ls7,qefs8q8q8rkf,0.15878770551361684,0.5124587272437775,0.32869243507485907
0.3473248333138379,0.45227161071470345,0.47738109793373273,0.18592116036963388,0.0003509182360510001,0.0005848637267516669,2000-12-27T02:05:53Z,ls7,qefs8q8q8rkf,0.18847677390267079,0.458488393391043,0.3520990507434834
0.33379569629539063,0.4888598850715246,0.0,0.16366670742144518,0.00012226433549333658,0.0,2001-01-12T02:05:54Z,ls7,qefs8q8q8rkf,0.1659160486186015,0.4955784944726227,0.33838319257328253
0.25241166401760606,0.4267557158576843,0.0,0.2949021885316053,0.011676244039613645,0.0007335860129600196,2001-01-28T02:05:56Z,ls7,qefs8q8q8rkf,0.2989955871079385,0.4326793112315676,0.2559152716079201
0.2467648856828463,0.3855905367404328,0.0,0.3389558625748869,0.011981904878346987,0.00287321188409341,2001-02-13T02:05:51Z,ls7,qefs8q8q8rkf,0.34378333580223336,0.39108218977954,0.25027935765578635
0.20848881281330237,0.38389350776378534,0.0,0.35383115295268364,0.035517789460814284,0.004768309084240127,2001-03-01T02:05:45Z,ls7,qefs8q8q8rkf,0.3588795612788717,0.3893708411325162,0.21146349904355777
0.23468991702995362,0.348278019969062,0.1305783103068835,0.34028898889045145,0.018984671635494305,0.04443819434678667,2001-03-17T02:05:41Z,ls7,qefs8q8q8rkf,0.34519847836046696,0.3533027704825921,0.23807588517465988
0.2665081305783103,0.37240066022741164,0.0,0.3436300281207972,0.0029343440518400784,0.00024452867098667317,2001-04-02T02:05:32Z,ls7,qefs8q8q8rkf,0.3486250776044677,0.37781392325264873,0.27038212642005677
0.2792835309940091,0.397284509108693,0.0,0.30648184374617926,0.0021396258711333903,0.0003667930064800098,2001-04-18T02:05:32Z,ls7,qefs8q8q8rkf,0.3109849020788488,0.4031217074801046,0.2833869715634331
0.25319354444308595,0.427660471940335,0.0,0.30184619146594943,0.0021396258711333903,0.0003667930064800098,2001-05-04T02:05:29Z,ls7,qefs8q8q8rkf,0.30639012393459764,0.4340983875375783,0.2570050696502107
0.47913541368451185,0.3129716576009161,0.5729306761217753,0.1764428857715431,0.001288290867449184,0.017749785284855425,2001-05-20T02:05:17Z,ls7,qefs8q8q8rkf,0.17870400118711802,0.3169823890993555,0.48527553356122183
0.2662568773688715,0.42956351632228873,0.0,0.2850293434405184,0.0027509475486000735,0.0013449076904267026,2001-06-05T02:05:05Z,ls7,qefs8q8q8rkf,0.28940406849780587,0.4361565998829776,0.27034347638018974
0.28402249663773077,0.43079655214573903,0.0,0.26548233280352124,0.0029343440518400784,0.0021396258711333903,2001-06-21T02:04:54Z,ls7,qefs8q8q8rkf,0.2694429370324785,0.43722340032140045,0.2882596927231476
0.41063411787589965,0.3259229721843999,0.6857195256143782,0.20988523633534337,0.022174674187901186,0.016728262983855283,2001-07-07T02:04:48Z,ls7,qefs8q8q8rkf,0.2131351045352391,0.3309695715613339,0.4169923867316705
0.5728181948629646,0.21974314822786628,0.5739699229734687,0.16379394461185248,0.007605108336920649,0.021667384129717318,2001-07-23T02:04:42Z,ls7,qefs8q8q8rkf,0.16625545929072297,0.2230454741241373,0.5814265741185018
0.3289344663161755,0.4384026164567795,0.0,0.21409218730896198,0.0031788727228267513,0.001222643354933366,2001-08-08T02:04:26Z,ls7,qefs8q8q8rkf,0.21718310590696743,0.4447319777363903,0.3336834002788821
0.3379227289399682,0.4354303704609366,0.0,0.2100189509720015,0.0017117006969067123,0.0007335860129600196,2001-08-24T02:04:12Z,ls7,qefs8q8q8rkf,0.21304794491863233,0.4417103559108269,0.3427964124606739
0.3469574520112483,0.4354878346986184,0.0,0.2018749235847903,0.001222643354933366,0.00024452867098667317,2001-09-09T02:04:00Z,ls7,qefs8q8q8rkf,0.2047897993314891,0.4417758515795868,0.351967177063004
0.3351583323144639,0.46571096711089377,0.0,0.18414842890328892,0.0009781146839466927,0.00012226433549333658,2001-09-25T02:03:52Z,ls7,qefs8q8q8rkf,0.18674363977973826,0.4722742496451297,0.3398817315556919
0.3428185375397408,0.47960075813157255,0.00012226433549333837,0.1633082660797261,0.00036683785766691124,0.0,2001-10-27T02:03:44Z,ls7,qefs8q8q8rkf,0.16561204612688812,0.48636645765010084,0.34765465836534404
0.3148581733708278,0.511231201858418,0.0,0.16003851326568042,0.0001833965032400049,0.0,2001-11-12T02:03:54Z,ls7,qefs8q8q8rkf,0.16226005230029253,0.5183277441060626,0.31922880709040485
0.32201063699718796,0.5140157720992786,0.0,0.15007886049639318,0.00012226433549333658,0.0,2001-11-28T02:03:59Z,ls7,qefs8q8q8rkf,0.15217494098393727,0.5211947873624783,0.32650800731809115
0.3140805721970901,0.5171316786893263,0.0,0.15492358479031665,6.113216774666829e-05,0.0,2001-12-14T02:04:05Z,ls7,qefs8q8q8rkf,0.15709206416723911,0.5243700173961724,0.3184767862688418
0.31583445408974203,0.5255477442230101,0.0,0.14486184130089255,0.0,0.0,2001-12-30T02:04:02Z,ls7,qefs8q8q8rkf,0.14688234907624012,0.5328779927824865,0.32023965814127336
0.3083702164078738,0.5339833720503728,0.0,0.1437211150507397,0.0,0.00012226433549333658,2002-01-15T02:04:11Z,ls7,qefs8q8q8rkf,0.1457329171641224,0.5414580487951427,0.3126867697052416
0.2927161022129845,0.546616334515222,0.0,0.14632901332681258,0.0,0.0004890573419733463,2002-01-31T02:04:13Z,ls7,qefs8q8q8rkf,0.14838507688449964,0.5542968204276305,0.2968290453458966
0.30037474018828714,0.5073309695561805,0.0,0.17858295635163224,6.113216774666829e-05,0.0001833965032400049,2002-02-16T02:04:18Z,ls7,qefs8q8q8rkf,0.18102133162022832,0.5142580767921189,0.30447606291666623
0.24024452867098667,0.5354621591881649,0.0,0.20992786404205893,0.00012226433549333658,0.001039246851693361,2002-03-04T02:04:22Z,ls7,qefs8q8q8rkf,0.2127401378888434,0.5426354147876499,0.24346293613632017
0.30135346619391123,0.512860985450544,0.0,0.17205465215796553,6.113216774666829e-05,0.0003056608387333415,2002-03-20T02:04:10Z,ls7,qefs8q8q8rkf,0.17438602005449894,0.5198103333575459,0.30543685358147526
0.33814830663895346,0.48188348208827486,0.0,0.16553307250275096,0.0003667930064800098,0.00042792517422667807,2002-04-05T02:04:12Z,ls7,qefs8q8q8rkf,0.1678240843064399,0.4885528486914268,0.3428283488214267
0.3327448343318254,0.49194644822105393,0.0,0.16058686881036802,0.0005501895097200147,0.0005501895097200147,2002-04-21T02:04:12Z,ls7,qefs8q8q8rkf,0.16280698213716133,0.49874760745564806,0.3373450313877507
0.32236398092676366,0.49897542486856594,0.0,0.16300097811468395,0.0004890573419733463,0.0015283041936667073,2002-05-07T02:04:16Z,ls7,qefs8q8q8rkf,0.16526005523109255,0.5058908678125815,0.32683171542068584
0.2703490646778335,0.4016872478298081,0.0,0.3091557647634185,0.003117740555080083,0.0020173615356400536,2002-06-24T02:03:52Z,ls7,qefs8q8q8rkf,0.31346382168601244,0.40728472239107066,0.27411635383219685
0.27481538085340507,0.43891673798752906,0.0,0.266697640298325,0.003545665729306761,0.0023841545421200636,2002-07-10T02:03:50Z,ls7,qefs8q8q8rkf,0.27040812332878755,0.44502325286432737,0.2786388035354582
0.31435383298691777,0.44832558992541877,0.0,0.2197194033500428,0.002261890206626727,0.0015283041936667073,2002-07-26T02:03:40Z,ls7,qefs8q8q8rkf,0.2228083119058709,0.454628341204563,0.31877315248927274
0.3355856461670131,0.4340561193299915,0.0,0.21299486489790928,0.0017728328646533806,0.0015283041936667073,2002-08-11T02:03:36Z,ls7,qefs8q8q8rkf,0.21604297365837516,0.44026777265082495,0.34038811663247975
0.3468712556547255,0.4570326445775768,0.0,0.17989118474141094,0.0013449076904267026,0.0009169825162000245,2002-08-27T02:03:24Z,ls7,qefs8q8q8rkf,0.18244072711257922,0.46351002752456555,0.3517873551562286
0.34445286709866735,0.47167624403961367,0.0,0.16886294167991198,0.001039246851693361,0.00024452867098667317,2002-09-12T02:03:20Z,ls7,qefs8q8q8rkf,0.17121575660044822,0.4782482419782882,0.34925222589858357
0.3640534799450207,0.46738410596026486,0.02151852304682722,0.15363988504310883,0.0009996251405722854,0.0003123828564288392,2002-09-28T02:03:10Z,ls7,qefs8q8q8rkf,0.15576268142397925,0.4738418124882958,0.36908349809072377
0.36749281653114874,0.4750608302255915,6.113216774661367e-05,0.14306107476921198,0.0004890872409366021,0.00012227181023415052,2002-10-14T02:03:06Z,ls7,qefs8q8q8rkf,0.14506034656719258,0.481699783006615,0.3726285113750218
0.3615026286832131,0.4868963198435016,0.0,0.13742511309451033,0.00024452867098667317,6.113216774666829e-05,2002-10-30T02:03:12Z,ls7,qefs8q8q8rkf,0.13935864721464306,0.49374681918954927,0.36658887275707436
0.3428206382198313,0.511147450788605,0.0,0.1322099278640421,0.0,0.0,2002-11-15T02:03:22Z,ls7,qefs8q8q8rkf,0.13406294360862642,0.51831154420744,0.34762551218393367
0.33327362758283413,0.5268553612911113,0.0,0.1262073603129967,0.0,6.113216774666829e-05,2002-12-01T02:03:40Z,ls7,qefs8q8q8rkf,0.12794788013997885,0.5341211990362701,0.33786978865600453
0.34471084484655823,0.5227552268003424,0.0,0.11890695684068958,0.0,0.0,2002-12-17T02:03:40Z,ls7,qefs8q8q8rkf,0.12054968394970218,0.529977211159033,0.34947310489126493
0.3486532583445409,0.5122686147450789,0.0,0.12538696662183643,0.0,0.0,2003-01-02T02:03:46Z,ls7,qefs8q8q8rkf,0.12712748945707336,0.5193795230456847,0.35349298749724184
0.3551531862745098,0.5046752450980392,0.002323022374373429,0.12637928921568628,0.0,0.0,2003-01-18T02:03:53Z,ls7,qefs8q8q8rkf,0.12814672464773025,0.5117332125498061,0.3601200628024636
0.3072924562905001,0.5635193788971757,0.0,0.11586379753026044,0.0,0.0,2003-02-03T02:04:01Z,ls7,qefs8q8q8rkf,0.11742845742637566,0.5711293156646452,0.3114422269089792
0.3385854016383421,0.5288189265191345,0.0,0.11899804377063211,0.0,6.113216774666829e-05,2003-02-19T02:04:06Z,ls7,qefs8q8q8rkf,0.12063106552518622,0.5360759601968498,0.3432318421102174
0.3991855730075626,0.47302501454333923,0.8949138036434772,0.11528214077952299,0.0,0.0,2003-03-07T02:04:10Z,ls7,qefs8q8q8rkf,0.11674226804123711,0.4790162002945508,0.404241531664212
0.38100386100386097,0.5018532818532818,0.9525003056608388,0.10523809523809526,0.0,0.001287001287001287,2003-03-23T02:04:05Z,ls7,qefs8q8q8rkf,0.10636895070630013,0.5072460393593575,0.3850980086473411
,,1.0,,,,2003-04-08T02:04:11Z,ls7,qefs8q8q8rkf,,,
0.5173794416243656,0.37565038071065987,0.614622814525003,0.09268718274111674,0.0,0.0,2003-04-24T02:04:09Z,ls7,qefs8q8q8rkf,0.09403021583660016,0.38109353777623284,0.524876246387167
0.3286666666666667,0.6186666666666666,0.9990830174838,0.042,0.0,0.0,2003-05-10T02:04:10Z,ls7,qefs8q8q8rkf,0.04245283018867924,0.6253369272237196,0.3322102425876011
0.3507415331947671,0.4966548477809023,0.0,0.13742144516444557,0.0006724538452133513,0.0008558503484533561,2003-05-26T02:04:07Z,ls7,qefs8q8q8rkf,0.1393267056621894,0.503540649784786,0.35560434035935795
0.41556670984455957,0.33049870466321246,0.8112238659982883,0.15821567357512953,0.020077720207253884,0.061852331606217614,2003-07-05T01:51:40Z,ls5,qefs8q8q8rkf,0.16062821301433605,0.3355382885526559,0.4219034466195366
0.289779924196112,0.4091997799241961,0.0,0.28580511064922365,0.001039246851693361,0.0005501895097200147,2003-07-21T01:51:56Z,ls5,qefs8q8q8rkf,0.2897595874088091,0.4148615786795156,0.293789397550262
0.30056417072810515,0.4183244720129966,0.17214818437461787,0.2646433318564466,0.001403042386648944,0.0012553537143701078,2003-07-29T02:03:53Z,ls7,qefs8q8q8rkf,0.26835915035998736,0.4241981050370585,0.30478434850193503
0.3365509230957329,0.4069525614378286,0.0,0.24075131434160654,0.0011003790194400293,0.0007335860129600196,2003-08-06T01:52:14Z,ls5,qefs8q8q8rkf,0.2441540393038794,0.41270433746884344,0.3413076581948772
0.3057657923900997,0.44534022903583304,0.17257610954884461,0.23322718876985593,0.0005910602142593276,0.0011821204285186553,2003-08-14T02:03:50Z,ls7,qefs8q8q8rkf,0.23651913033296104,0.45162609140641824,0.3100815976178427
0.31513125309559187,0.5056760772659732,0.8765741533194767,0.14307082714214958,0.010896483407627538,0.014858841010401188,2003-08-22T01:52:31Z,ls5,qefs8q8q8rkf,0.14460955514889406,0.5111146279333063,0.318520492499771
0.5078552932216298,0.3308415841584158,0.19733463748624525,0.1474714394516375,0.0,0.0,2003-08-30T02:03:47Z,ls7,qefs8q8q8rkf,0.14953982695918183,0.3354818629960945,0.5149783100447237
0.44000270635994587,0.3855805142083897,0.3223499205281819,0.14054036986919258,0.007126747857465043,0.013441587731168245,2003-09-07T01:52:47Z,ls5,qefs8q8q8rkf,0.14247627295347895,0.39089177464830105,0.4460636168095867
0.36547010636997185,0.45486489790927986,0.0,0.16555813669152708,0.0003667930064800098,0.0,2003-09-23T01:53:02Z,ls5,qefs8q8q8rkf,0.16786546558368642,0.4612041992686005,0.3705635421412331
0.3817472698907956,0.45554119307629454,0.17709988996209802,0.14812495356957134,0.0005200208008320333,0.0,2003-10-01T02:03:36Z,ls7,qefs8q8q8rkf,0.15023940513507802,0.4620439447439975,0.38719662932009247
0.36195646857422353,0.48230985571044266,0.00012226433549333837,0.14193873807776963,0.00018341892883345562,0.0,2003-10-09T01:53:14Z,ls5,qefs8q8q8rkf,0.14389776451412872,0.48896665547243295,0.3669521610846048
0.4149962314714011,0.43659241269575416,0.27002078493703385,0.1347617452474667,0.0,0.0,2003-10-17T02:03:38Z,ls7,qefs8q8q8rkf,0.13662664575764494,0.4426341971181889,0.42073915712416615
0.34677099889962093,0.5123523658148919,0.0,0.1271359579410686,0.00012226433549333658,0.0,2003-10-25T01:53:27Z,ls5,qefs8q8q8rkf,0.12889146984727287,0.5194270022350373,0.35155926358219647
0.47303999999999996,0.39632000000000006,0.9923584790316664,0.12024000000000001,0.0,0.0,2003-11-02T02:03:50Z,ls7,qefs8q8q8rkf,0.12150363783346808,0.4004850444624091,0.4780113177041228
0.321266658515711,0.5325901699474264,0.0,0.13267453233891674,6.113216774666829e-05,0.0,2003-11-10T01:53:34Z,ls5,qefs8q8q8rkf,0.13447765264075512,0.539828365033267,0.3256328501582312
0.36210561949898445,0.49464831114120217,0.18737009414353833,0.12934627247423455,7.522756337922214e-05,0.0,2003-11-18T02:04:02Z,ls7,qefs8q8q8rkf,0.13115963434632483,0.5015830018003086,0.36718213628998736
0.3176940946325957,0.5450935322166524,0.0,0.12386660960997677,0.0,0.0,2003-11-26T01:53:54Z,ls5,qefs8q8q8rkf,0.1255420643147421,0.5524666211061054,0.3219913145791524
0.3576291860722998,0.5095409181636726,0.17306516689081797,0.11901752051452652,0.0,0.0,2003-12-04T02:04:06Z,ls7,qefs8q8q8rkf,0.12068445955670698,0.5166774611398963,0.36263807930339664
0.31435811223866,0.5550293434405185,0.0,0.11726800342340139,0.0,0.0,2003-12-12T01:53:57Z,ls5,qefs8q8q8rkf,0.11885405623768952,0.5625361298313292,0.3186098139309814
0.35963293799729773,0.5051253565530701,0.18559726127888498,0.12130385827953763,7.506380423359856e-05,0.0,2003-12-20T02:04:15Z,ls7,qefs8q8q8rkf,0.1230092366919899,0.5122267784770352,0.36468892102674133
0.3010257977747891,0.5632345029954762,0.0,0.12249969433916126,0.0,0.0,2003-12-28T01:54:09Z,ls5,qefs8q8q8rkf,0.12414335293920857,0.5707917890743193,0.3050648579864721
0.271316788099575,0.5532354280510019,0.19452255776989857,0.13577944748026716,0.004174256223436552,0.02413479052823315,2004-01-05T02:04:20Z,ls7,qefs8q8q8rkf,0.1373855155986495,0.5597793770759931,0.27452606057368756
0.3445445653502873,0.483889228512043,0.0,0.15166157231935445,0.005563027264946815,0.0007947181807066878,2004-01-13T01:54:11Z,ls5,qefs8q8q8rkf,0.15375784015361316,0.49057755047495993,0.3493068639257735
0.3825468331846566,0.4570316681534345,0.1776500794718181,0.14515759738328873,0.0011894142134998512,0.0,2004-01-21T02:04:26Z,ls7,qefs8q8q8rkf,0.14723228392055265,0.4635638612050837,0.3880144406608639
0.3473768186819905,0.49549761584545793,0.0,0.14278212495415088,0.0006724538452133513,0.0,2004-01-29T01:54:16Z,ls5,qefs8q8q8rkf,0.14476250291505463,0.5023701326847737,0.3521949105549583
0.3711588493272876,0.4765152754032557,0.17758894730407138,0.13703486211253996,0.0011893258009365941,0.00014866572511707427,2004-02-06T02:04:32Z,ls7,qefs8q8q8rkf,0.13897660370400092,0.4832673494007258,0.37641805536921963
0.3159010881525859,0.5205446876146228,0.0,0.14915270815503118,0.0009781146839466927,6.113216774666829e-05,2004-02-14T01:54:20Z,ls5,qefs8q8q8rkf,0.15117484868657216,0.527601981607634,0.32018392285410047
0.24269689528152955,0.49936853183651986,0.30297102335248804,0.22450973513418698,0.006314681634800912,0.014383441501490967,2004-02-22T02:04:31Z,ls7,qefs8q8q8rkf,0.22746581287975218,0.5059436240164433,0.24589243996751253
0.2663783220427306,0.3725556465420978,0.17881159065900476,0.34410630536737885,0.0029032978485818506,0.00044666120747413086,2004-03-09T02:04:38Z,ls7,qefs8q8q8rkf,0.3488703081865199,0.3777135181728386,0.2700662145845855
0.3223059053674044,0.3644871011126055,0.0,0.29744528670986675,0.001833965032400049,0.00024452867098667317,2004-03-17T01:54:32Z,ls5,qefs8q8q8rkf,0.3015804715261928,0.36955432387124926,0.3267867108991711
0.31188650995658035,0.41911888007186704,0.1833965032400049,0.25335604132355144,0.0014972301242701003,0.00014972301242701004,2004-03-25T02:04:42Z,ls7,qefs8q8q8rkf,0.2569572189040225,0.42507619416069686,0.31631963379858363
0.31669886294167987,0.41709194278029105,0.0,0.25129416799119697,0.0008558503484533561,0.00024452867098667317,2004-04-02T01:54:41Z,ls5,qefs8q8q8rkf,0.2548182703618438,0.4229411621079008,0.3211401885108153
0.37725834363411626,0.3860951792336218,0.5054407629294535,0.19593201483312733,0.011372064276885044,0.015698393077873917,2004-04-10T02:04:38Z,ls7,qefs8q8q8rkf,0.19871877359689624,0.39158664587981845,0.3826241231685263
0.31565008913751763,0.42947869920698345,0.00556302726494684,0.23279092641544233,0.005102354459949591,0.0033810782565931027,2004-04-18T01:55:12Z,ls5,qefs8q8q8rkf,0.23602761737024114,0.43545010815494745,0.32003884175826874
0.3885634274076229,0.38959630491707886,0.15955495781880424,0.20768693628164095,0.00021821355833575792,7.273785277858598e-05,2004-04-26T02:04:34Z,ls7,qefs8q8q8rkf,0.2106073044482406,0.39507457267467044,0.39402717146597455
0.34065472551656684,0.4239570852182418,0.0,0.22007886049639322,0.0009169825162000245,0.00042792517422667807,2004-05-04T01:55:38Z,ls5,qefs8q8q8rkf,0.2231999156340205,0.42996944567834866,0.3454857309972042
0.34075414446418,0.42317569567791596,0.17398214940701795,0.21803656009473066,0.0018502072232089994,0.0017761989342806395,2004-05-12T02:04:37Z,ls7,qefs8q8q8rkf,0.22123554422865266,0.4293844357889638,0.34575361382489395
0.35056241594326937,0.41809267636630393,0.0,0.2153729062232547,0.0011615111871866976,0.0007335860129600196,2004-05-20T01:56:06Z,ls5,qefs8q8q8rkf,0.21845389963719836,0.42407365514813533,0.3555773480145197
0.3566530308664931,0.40667460022313123,0.17807800464604473,0.21806619561175158,0.0019338043882484194,0.0021569356638155446,2004-05-28T02:04:35Z,ls7,qefs8q8q8rkf,0.221291532086888,0.4126895738779498,0.3619281539830981
0.32934221787504586,0.43921873089619756,0.0,0.2169556180462159,0.000611321677466683,6.113216774666829e-05,2004-06-05T01:56:35Z,ls5,qefs8q8q8rkf,0.21999602310772554,0.44537391998303727,0.333957603064024
0.3185520794994479,0.44258667648141337,0.16951950116151115,0.2191593669488406,0.0022819285977180716,0.0030916451969083547,2004-06-13T02:04:28Z,ls7,qefs8q8q8rkf,0.2223626597042756,0.4490556433987886,0.32320812310230945
0.33528854383176426,0.4267141459836166,0.0,0.22055018950972,0.0014671720259200392,0.0019562293678933853,2004-06-21T01:57:02Z,ls5,qefs8q8q8rkf,0.2236980444599788,0.43280452495706473,0.3400740291891431
0.33961496149614967,0.42115291529152915,0.1664628927741778,0.2199068573524019,0.0018335166850018336,0.00286028602860286,2004-06-29T02:04:26Z,ls7,qefs8q8q8rkf,0.2231878219443926,0.4274364292279356,0.34468194611406694
0.4121078193297717,0.39480815930063135,0.87412886660961,0.13929091792132103,0.00048567265662943174,0.045167557066537155,2004-07-07T01:57:31Z,ls5,qefs8q8q8rkf,0.14048918701771643,0.3982045502739604,0.41565303298515655
0.5524,0.31200000000000006,0.9984716958063333,0.128,0.0,0.0,2004-07-23T01:57:55Z,ls5,qefs8q8q8rkf,0.12898024989923418,0.3143893591293834,0.5566303909713824
0.3162669782386447,0.4077011829998539,0.16285609487712438,0.25873156126770847,0.0017525923762231634,0.0014604936468526361,2004-07-31T02:04:16Z,ls7,qefs8q8q8rkf,0.26244052847266536,0.41354565867865983,0.320800726825599
0.3664023719281086,0.38209255410196846,0.0,0.2355728084117863,0.001039246851693361,0.0007947181807066878,2004-08-08T01:58:14Z,ls5,qefs8q8q8rkf,0.23894775520908662,0.3875666240951597,0.3716516556633538
0.37584912589980907,0.3823732921992067,0.1677466682968578,0.22443367122080213,0.0016159835463493463,0.0012487145585426767,2004-08-16T02:04:13Z,ls7,qefs8q8q8rkf,0.22774065000002902,0.38800747514585493,0.38138717674922384
0.4454740398986289,0.3434576645655988,0.05923707054652161,0.19585548118786145,0.000974722204171811,0.0007797777633374489,2004-08-24T01:58:40Z,ls5,qefs8q8q8rkf,0.19853208449602255,0.3481514311919604,0.4515619843445077
0.39232491346932763,0.3879298917446057,0.16988629416799117,0.20390750423447968,0.0009573606303851536,0.0004418587524854555,2004-09-01T02:04:10Z,ls7,qefs8q8q8rkf,0.20689899516306898,0.3936211425714911,0.3980806428825692
0.4004939479153931,0.386816848025431,0.0,0.19815380853405065,0.0003667930064800098,0.0,2004-09-09T01:59:06Z,ls5,qefs8q8q8rkf,0.20100278204149669,0.39237834068818167,0.40625208426384163
0.39883313800175807,0.39942352768825085,0.16542364592248437,0.18639100498095518,0.0005859947260474656,0.0002929973630237328,2004-09-17T02:04:03Z,ls7,qefs8q8q8rkf,0.1891307665768436,0.40529465457962827,0.40469558675445694
0.4070803276684192,0.40200452378041324,0.0,0.17664078738232056,0.0003056608387333415,0.0,2004-09-25T01:59:29Z,ls5,qefs8q8q8rkf,0.17914396080889877,0.40770132266929815,0.41284905568306984
0.39365560258409443,0.42026137966882005,0.176733096955618,0.17126085987970593,0.0003712779386648845,0.0,2004-10-03T02:03:59Z,ls7,qefs8q8q8rkf,0.17377296481829516,0.42642589786699986,0.39942985937604
0.4059805599706566,0.4175272038146473,0.0,0.1623010147939846,6.113216774666829e-05,0.0,2004-10-11T01:59:50Z,ls5,qefs8q8q8rkf,0.16462735624550917,0.42351182962001327,0.4117996819667311
0.39291816277678043,0.4387380311190904,0.1827851815625382,0.1539317773788151,0.00014961101137043686,0.0,2004-10-19T02:04:06Z,ls7,qefs8q8q8rkf,0.15615932009688116,0.44508699767427334,0.39860407121747493
0.3932387822472185,0.44302298569507276,0.0,0.1497750336226923,0.0,0.0,2004-10-27T02:00:10Z,ls5,qefs8q8q8rkf,0.15189598743675445,0.449296603323457,0.3988074092397884
0.3931519206194092,0.43921596632338566,0.18675877246607164,0.15321656769149816,7.517101405697962e-05,7.517101405697962e-05,2004-11-04T02:04:19Z,ls7,qefs8q8q8rkf,0.15543420158632082,0.4455731131302977,0.3988423432552676
0.3902557544757033,0.48033248081841434,0.9521946448221054,0.12012787723785168,0.0,0.0,2004-11-12T02:00:27Z,ls5,qefs8q8q8rkf,0.12125358184681315,0.48483362160208593,0.39391279655110106
0.3755941615103919,0.4659900047596383,0.22936789338549946,0.14038949706488973,0.003093764873869586,0.0008726003490401396,2004-11-20T02:04:25Z,ls7,qefs8q8q8rkf,0.1423996042533142,0.47266208406674165,0.3809719464570345
0.3753282797407996,0.45917288177038756,0.0,0.15154786648734567,0.0,0.0,2004-11-28T02:00:45Z,ls5,qefs8q8q8rkf,0.15369201954892162,0.4656694228505145,0.3806385576005639
0.36570836417468544,0.48444485566247225,0.1741044137425113,0.13585048112509254,0.0,0.0,2004-12-06T02:04:34Z,ls7,qefs8q8q8rkf,0.1377788754672166,0.49132153884381774,0.3708995856889657
0.3795182785181562,0.4574550678567062,0.0,0.14903350042792515,0.0,6.113216774666829e-05,2004-12-14T02:01:05Z,ls5,qefs8q8q8rkf,0.15113930513789187,0.46391878932687775,0.3848807733674838
0.3766220437304774,0.4657890822549457,0.17801687247829812,0.14354826714264465,7.437156031533541e-05,0.0,2004-12-22T02:04:42Z,ls7,qefs8q8q8rkf,0.14558164589177194,0.47238704153571875,0.3819569410121941
0.3649646049338577,0.48717697533071147,0.1450666340628438,0.13307257776188774,0.00014301036825169826,0.0012155881301394351,2004-12-30T02:01:20Z,ls5,qefs8q8q8rkf,0.1348861914690377,0.4938165915095504,0.3699386185230209
0.3679531273778725,0.4678930147618323,0.19660105147328522,0.1490747222644955,0.0,0.001141378785572972,2005-01-07T02:04:48Z,ls7,qefs8q8q8rkf,0.1511843001002047,0.4745142361092948,0.37316008500492764
0.35973994835853934,0.4878605680560679,0.005624159432693454,0.13863580474609616,0.0,0.0,2005-01-15T02:01:32Z,ls5,qefs8q8q8rkf,0.14057057296666522,0.4946690337686041,0.3647603932647306
0.3450312109862672,0.5092678269809797,0.16756327179361785,0.1320019093779834,0.0,0.0,2005-01-23T02:04:49Z,ls7,qefs8q8q8rkf,0.13383532656364708,0.5163412124379955,0.3498234609983575
0.3419806822349921,0.515696906712312,0.0,0.12879019440029343,0.0,0.0,2005-01-31T02:01:44Z,ls5,qefs8q8q8rkf,0.13055691891248736,0.5227711592995816,0.3466719217879311
0.37875594530321044,0.47751709274673004,0.17740555080083142,0.12968043995243758,0.0,0.0,2005-02-08T02:04:58Z,ls7,qefs8q8q8rkf,0.1315279501981987,0.4843201057662665,0.3841519440355348
0.3283054163100624,0.4958515710967111,0.0,0.1624899131923218,0.0,0.0,2005-02-16T02:02:00Z,ls5,qefs8q8q8rkf,0.16468902207431796,0.5025623359234477,0.33274864200223425
0.3483214232544291,0.4958039303260384,0.17875045849125815,0.1420388566324252,0.0,7.443799315170463e-05,2005-02-24T02:05:05Z,ls7,qefs8q8q8rkf,0.14402092681332138,0.5027225877214123,0.3531820474721146
0.3876521683181057,0.48600887916613056,0.04988384888128128,0.1139557328529147,0.0,0.0,2005-03-04T02:02:15Z,ls5,qefs8q8q8rkf,0.11538456527035991,0.4921026949341805,0.39251273979545964
,,1.0,,,,2005-03-12T02:05:08Z,ls7,qefs8q8q8rkf,,,
0.32687431226311287,0.4959579410685903,0.0,0.16382198312752172,0.0,0.0,2005-03-20T02:02:25Z,ls5,qefs8q8q8rkf,0.16603788548602857,0.5026664080908617,0.3312957064231098
0.35447234325382176,0.4784402924451665,0.1722093165423646,0.1522428181079684,0.0002953991581123994,0.0007384978952809985,2005-03-28T02:05:06Z,ls7,qefs8q8q8rkf,0.15437707228764702,0.4851474278395836,0.3594416028193759
,,1.0,,,,2005-04-05T02:02:30Z,ls5,qefs8q8q8rkf,,,
,,1.0,,,,2005-04-13T02:05:00Z,ls7,qefs8q8q8rkf,,,
0.35614867343195983,0.4723829318987652,0.0,0.1572955128988874,0.00024452867098667317,0.00024452867098667317,2005-04-21T02:02:34Z,ls5,qefs8q8q8rkf,0.15947886142124407,0.4789398676774143,0.3610922135593684
0.34292884215674285,0.46524147206259936,0.0,0.16602946570485388,0.010147939845946937,0.0022007580388800586,2005-05-07T02:02:40Z,ls5,qefs8q8q8rkf,0.16832196164696817,0.47166541724774375,0.34766392322046097
0.33049087845263386,0.42575426771192026,0.16560704242572444,0.2259711334163675,0.002344494102132024,0.0013920433731408894,2005-05-15T02:05:02Z,ls7,qefs8q8q8rkf,0.22920286345089014,0.4318431996630451,0.3352173994107917
0.4077063996091842,0.33838544211040544,0.74972490524514,0.17898143624816806,0.007083536883243771,0.05324865657059111,2005-05-23T02:02:47Z,ls5,qefs8q8q8rkf,0.18180515816138423,0.34372402027823085,0.41413862810655
0.42,0.49,0.9999388678322534,0.08,0.0,0.0,2005-05-31T02:04:59Z,ls7,qefs8q8q8rkf,0.08080808080808081,0.494949494949495,0.42424242424242425
0.30291661572319356,0.42234564127643964,0.0,0.2589075681623671,0.0015894363614133756,0.0005501895097200147,2005-06-08T02:02:56Z,ls5,qefs8q8q8rkf,0.2625091688711022,0.42822078958418813,0.30713041567357624
0.0,0.0,0.9729184496882259,0.0,0.09480812641083522,0.9051918735891648,2005-06-16T02:04:52Z,ls7,qefs8q8q8rkf,0.0,0.0,0.0
0.3069843501650569,0.409981660349676,0.0,0.26519317765007944,0.002689815380853405,0.001406039858173371,2005-06-24T02:03:01Z,ls5,qefs8q8q8rkf,0.26890445863214635,0.41571920289332187,0.31128048323550506
0.29535216381063023,0.42166860296253267,0.15808778579288418,0.2643523090328202,0.0023235550392099913,0.002250943944234679,2005-07-02T02:04:50Z,ls7,qefs8q8q8rkf,0.2681376085723199,0.427706537620472,0.2995813548237634
0.27783691049788295,0.4226449116659366,0.1626115662061377,0.2777303255949774,0.004818221638195357,0.0029931376843334795,2005-07-18T02:04:51Z,ls7,qefs8q8q8rkf,0.2816984790654416,0.4286835747806265,0.281806586831403
0.5221361765806211,0.21329592218481108,0.5097811468394668,0.25216735253772293,0.0,0.0,2005-08-03T02:04:49Z,ls7,qefs8q8q8rkf,0.25533362964609146,0.2159741197743309,0.5286922505795777
0.28086440885193786,0.36598300525736643,0.0,0.33604352610343563,0.0015894363614133756,0.0013449076904267026,2005-08-11T02:03:25Z,ls5,qefs8q8q8rkf,0.34088976210212474,0.3712610120547381,0.28491488179129704
0.2614234220979844,0.38690304546123294,0.1689693116517912,0.33219729292334854,0.002795350890098573,0.0022804178313962043,2005-08-19T02:04:44Z,ls7,qefs8q8q8rkf,0.33707611137531385,0.3925853004269692,0.2652628194762221
0.3244308595182785,0.36447120674899136,0.0,0.29495965276928726,0.001650568529160044,0.0005501895097200147,2005-08-27T02:03:31Z,ls5,qefs8q8q8rkf,0.2991380925263689,0.3696343569164576,0.3290267925182936
0.32449622073824025,0.38769354957070523,0.16695195011615116,0.2709422470096133,0.002054744257723637,0.000660453511411169,2005-09-04T02:04:35Z,ls7,qefs8q8q8rkf,0.27484262587840724,0.39327463463589124,0.32916754171656676
0.46948544819557625,0.2991850989522701,0.21231201858417903,0.21912068296468762,0.0,0.0,2005-09-12T02:03:33Z,ls5,qefs8q8q8rkf,0.22182894146541912,0.3028829269097535,0.47528813162482747
,,1.0,,,,2005-09-20T02:04:30Z,ls7,qefs8q8q8rkf,,,
0.37926152341362024,0.3871983127521702,0.0,0.21918021763051718,0.0003056608387333415,0.00024452867098667317,2005-09-28T02:03:32Z,ls5,qefs8q8q8rkf,0.22225114140837215,0.39262333020233275,0.38457533887957507
0.3515390915860015,0.42279225614296356,0.17899498716224482,0.2107043931496649,0.0005212211466865227,0.0002978406552494416,2005-10-06T02:04:26Z,ls7,qefs8q8q8rkf,0.21373012622054324,0.4288635890297647,0.3565872229477561
0.402854260912092,0.4016462892774178,0.0,0.18136630394913802,0.00024452867098667317,0.0,2005-10-14T02:03:28Z,ls5,qefs8q8q8rkf,0.18392134183909917,0.4073045701439337,0.4085295593459805
0.3481050432706655,0.45863548194568793,0.1805844235236581,0.17890256639809013,0.00022381378692927484,7.460459564309162e-05,2005-10-22T02:04:39Z,ls7,qefs8q8q8rkf,0.18145430136444202,0.4651771220107404,0.3530701582422452
0.3599510942658027,0.44717691649345886,0.0,0.1790457268614745,0.0001833965032400049,0.0,2005-10-30T02:03:27Z,ls5,qefs8q8q8rkf,0.18152267057236626,0.4533632247085743,0.3649307082158195
0.36035352398108533,0.44844629587930646,0.18553612911113826,0.1768002702094123,0.00022517451024544022,0.0,2005-11-07T02:04:50Z,ls7,qefs8q8q8rkf,0.17934298208377575,0.4548957753976127,0.36553606800836613
0.36193299914414967,0.46413742511309447,0.0,0.16032155520234748,0.0,0.0,2005-11-15T02:03:49Z,ls5,qefs8q8q8rkf,0.16253331184848224,0.4705405505906268,0.366926137560891
0.33880411133618427,0.5015027383899768,0.18516933610465824,0.14548128141646036,0.0,0.00015004876584890088,2005-11-23T02:04:58Z,ls7,qefs8q8q8rkf,0.14755650583977764,0.5086564472447136,0.34363699814966
0.34821298430876774,0.47747973525693466,0.1779557403105514,0.15992489031010637,7.436602959767977e-05,0.00014873205919535955,2005-12-09T02:05:02Z,ls7,qefs8q8q8rkf,0.16222235659210102,0.4843391652678691,0.35321538005123687
0.3655912398030426,0.45809877269052696,0.16817459347108443,0.16238627177188214,0.0,0.0,2005-12-25T02:05:06Z,ls7,qefs8q8q8rkf,0.1646792183962187,0.46456727537238574,0.3707535062313957
,,1.0,,,,2006-01-10T02:05:16Z,ls7,qefs8q8q8rkf,,,
0.3023104828621466,0.5739179384538403,0.5113094510331336,0.11152614460845636,0.0,0.0,2006-01-26T02:05:23Z,ls7,qefs8q8q8rkf,0.1129087614027667,0.5810329390041424,0.3060582995930908
0.3366707421445164,0.4961877980193178,0.0,0.15355239026775888,0.0,6.113216774666829e-05,2006-02-03T02:05:41Z,ls5,qefs8q8q8rkf,0.15565825412143203,0.5029926673323939,0.34128794637842746
,,1.0,,,,2006-02-11T02:05:28Z,ls7,qefs8q8q8rkf,,,
0.3187981415821005,0.429092187308962,0.0,0.2373431959897298,0.001222643354933366,0.0,2006-02-19T02:06:02Z,ls5,qefs8q8q8rkf,0.24060591110822827,0.4349908420436151,0.32318060349322325
0.2745836899376452,0.40669397236826016,0.0,0.3019140481721482,0.003545665729306761,6.113216774666829e-05,2006-03-07T02:06:22Z,ls5,qefs8q8q8rkf,0.305967902304466,0.4121547253555931,0.27827057444288733
0.4053093243002318,0.2717757175967196,0.6571096711089375,0.31146015332501337,0.0,0.0,2006-03-15T02:05:31Z,ls7,qefs8q8q8rkf,0.3150692096126967,0.27492492898687954,0.41000586140042383
0.2654994259471871,0.31653348641408346,0.2013082283897787,0.3852146957520092,0.008878683505549177,0.00979716800612323,2006-04-16T02:05:26Z,ls7,qefs8q8q8rkf,0.39082079926917584,0.32114005908915455,0.26936329012999716
0.21571830297102337,0.33650751925663286,0.0,0.42983861107714877,0.003667930064800098,0.0003056608387333415,2006-04-24T02:07:15Z,ls5,qefs8q8q8rkf,0.43594961161708784,0.3412916349197596,0.2187851625596192
0.21956726870622928,0.3255938075930704,0.17074214451644454,0.43414964983413196,0.0044231478068558795,0.0017692591227423517,2006-05-02T02:05:28Z,ls7,qefs8q8q8rkf,0.4405764248468259,0.3304136160340687,0.2228175521895069
0.2291135835676733,0.33531421934221783,0.0,0.41734258466805235,0.0032400048905734196,0.0009781146839466927,2006-05-10T02:07:29Z,ls5,qefs8q8q8rkf,0.42329875600305766,0.3400997097638443,0.232383414658578
0.40891538101916786,0.19393361383824215,0.34619146594938255,0.30796820944366526,0.0025245441795231417,0.07311827956989247,2006-05-18T02:05:30Z,ls7,qefs8q8q8rkf,0.312546384842106,0.19681658056201157,0.41499421084646665
0.1182715738173263,0.18953953449289976,0.2724660716469006,0.19374758423661878,0.2748508528695068,0.21729266448197632,2006-05-26T02:07:41Z,ls5,qefs8q8q8rkf,0.19618036356306676,0.1919194757080416,0.11975664337740845
0.4161538461538461,0.3392307692307692,0.9984105636385866,0.23500000000000001,0.0,0.0,2006-06-03T02:05:28Z,ls7,qefs8q8q8rkf,0.2372815533980583,0.3425242718446602,0.42019417475728155
0.2281470839955985,0.3626458002200758,0.0,0.3911786281941558,0.0021396258711333903,0.0017117006969067123,2006-06-11T02:07:56Z,ls5,qefs8q8q8rkf,0.3968262486497784,0.3678814795027691,0.23144094527941247
0.20423502508114486,0.38699100029507233,0.17129233402616462,0.38733475951608143,0.002581882561227501,0.003614635585718501,2006-06-19T02:05:24Z,ls7,qefs8q8q8rkf,0.39336813675009813,0.39301902291268276,0.20741632219027314
0.23361474507886051,0.3808644088519379,0.0,0.3680168724782981,0.001650568529160044,0.001406039858173371,2006-06-27T02:08:12Z,ls5,qefs8q8q8rkf,0.3734284711157015,0.38646492738821814,0.2370499931087471
0.2214710230632762,0.39259387936132467,0.17300403472307124,0.3635844175044352,0.0029568302779420462,0.003991720875221762,2006-07-05T02:05:18Z,ls7,qefs8q8q8rkf,0.369312416242585,0.3987789003284556,0.22496013227579553
0.256743489424135,0.37465154664384404,0.0,0.3499688225944491,0.002261890206626727,0.0015894363614133756,2006-07-13T02:08:25Z,ls5,qefs8q8q8rkf,0.35524130554916317,0.38029588912839163,0.2606114787544052
0.23909882232462878,0.39394045790359156,0.16426213473529772,0.3450793650793651,0.0024870163119011046,0.0035842293906810036,2006-07-21T02:05:10Z,ls7,qefs8q8q8rkf,0.35065715709694933,0.40030803059514547,0.24296356660532312
0.24552818192933124,0.3912587113339039,0.0,0.34596894485878465,0.0013449076904267026,0.0011003790194400293,2006-07-29T02:08:38Z,ls5,qefs8q8q8rkf,0.3511787345424491,0.39715049910341954,0.24922547964426467
0.2533722981914424,0.3927665049257462,0.16848025430981783,0.33383325981473316,0.0023525952065872667,0.0022055580061755625,2006-08-06T02:05:07Z,ls7,qefs8q8q8rkf,0.3391031328737655,0.39896669487670305,0.2573720190367686
0.2985542242327913,0.37018889839833724,0.0,0.31521946448221055,0.0009169825162000245,0.0003667930064800098,2006-08-14T02:08:50Z,ls5,qefs8q8q8rkf,0.3199458979157036,0.3757395492408286,0.3030307773207878
0.2758179269254359,0.34554017348637517,0.30229856950727474,0.2944370454744589,0.024796284938228337,0.045386839568912644,2006-08-22T02:05:05Z,ls7,qefs8q8q8rkf,0.29894516790375,0.3508307353577759,0.28004097223133295
0.3131085707299181,0.3697750336226923,0.0,0.3013063944247463,0.0009781146839466927,0.00042792517422667807,2006-08-30T02:09:02Z,ls5,qefs8q8q8rkf,0.3057161178211975,0.3751868192580508,0.3176910230625783
0.2984171487909806,0.4032324580922712,0.17581611443941803,0.28302403204272364,0.0,0.0005192107995846313,2006-09-07T02:05:01Z,ls7,qefs8q8q8rkf,0.2872800405394126,0.40929611549759853,0.3029046331634043
0.3264402738721115,0.3757543709499939,0.0,0.2829435138770021,0.0003056608387333415,0.0007335860129600196,2006-09-15T02:09:14Z,ls5,qefs8q8q8rkf,0.28691352905692136,0.38102662665980663,0.33102059743157874
0.3038258535858059,0.40910988519457286,0.17997310184619142,0.27006262114209034,0.0004472938720739526,0.001565528552258834,2006-09-23T02:04:54Z,ls7,qefs8q8q8rkf,0.2741805521054368,0.4153480171379323,0.3084586083322981
0.33289032889106246,0.39968578065778215,0.0,0.25276317398214937,0.00024452867098667317,0.00042792517422667807,2006-10-01T02:09:25Z,ls5,qefs8q8q8rkf,0.2563514990579703,0.4053598766369879,0.3376161704598285
0.3104022561971204,0.43070283508980267,0.17630517178139138,0.2436655781505121,7.421701053881549e-05,0.000445302063232893,2006-10-09T02:04:47Z,ls7,qefs8q8q8rkf,0.24730528314187764,0.43713637104744757,0.31503882673690314
0.3409188164812324,0.4064011492847536,0.0,0.23866120552634795,0.0,0.00012226433549333658,2006-10-17T02:09:35Z,ls5,qefs8q8q8rkf,0.242024931835026,0.41212902715544175,0.34572377667403886
0.2771868329401191,0.5174160206718347,0.4558625748869055,0.19215144365801592,0.0,0.0,2006-10-25T02:05:04Z,ls7,qefs8q8q8rkf,0.19473078981225306,0.524361557992053,0.280907652195694
0.3592168969311652,0.40724416187798024,0.0,0.2197322411052696,0.0,0.0001833965032400049,2006-11-02T02:09:44Z,ls5,qefs8q8q8rkf,0.2227676288205034,0.4128698448448822,0.3641791298313744
0.323570072161033,0.44951386251424236,0.19519501161511188,0.2121093809342955,0.0,0.0006076718571971136,2006-11-10T02:05:18Z,ls7,qefs8q8q8rkf,0.21516638884389408,0.4559924417601359,0.3282334975387728
0.36183946692749724,0.41816603496759996,0.0,0.20602824306149897,6.113216774666829e-05,0.0001833965032400049,2006-11-18T02:09:52Z,ls5,qefs8q8q8rkf,0.20889534897013518,0.4239852677670988,0.36687485459177943
0.34823460456392624,0.4466200375117224,0.21775278151363242,0.1911261331666146,0.0,0.0,2006-11-26T02:05:28Z,ls7,qefs8q8q8rkf,0.19384367116047815,0.4529703303819331,0.3531859984575889
0.3677650079471818,0.4281654236459225,0.0,0.19050923095732977,0.0,0.0,2006-12-04T02:10:01Z,ls5,qefs8q8q8rkf,0.1931281133452899,0.43405130582331136,0.37282058083139874
0.3176964899656192,0.48663628368113854,0.23541997799241965,0.18051810985847924,0.0010394179259614615,0.00015991045014791716,2006-12-12T02:05:35Z,ls7,qefs8q8q8rkf,0.18307503439018397,0.4935291779881829,0.3221964592455237
0.3569598972979582,0.44585829563516327,0.0,0.1835432204425969,0.0,0.0,2006-12-20T02:10:08Z,ls5,qefs8q8q8rkf,0.18608110369447595,0.4520232539402166,0.36189564236530747
0.35819312308038054,0.4403610757360102,0.18394669274972486,0.18723350063675182,0.0,0.0,2006-12-28T02:05:38Z,ls7,qefs8q8q8rkf,0.1899328838659866,0.44670985038695127,0.3633572657470622
0.35040286098545054,0.45623853771854755,0.0,0.1796808900843624,0.0,0.0,2007-01-05T02:10:15Z,ls5,qefs8q8q8rkf,0.1821725942187618,0.4625653733112024,0.3552620324700358
0.3342123161085237,0.46887188585791384,0.17306516689081797,0.18274266282250315,0.0,0.0,2007-01-13T02:05:38Z,ls7,qefs8q8q8rkf,0.18536993598934554,0.47561281052966264,0.3390172534809917
0.35564372172637243,0.4464793984594694,0.0,0.1843085951827852,0.0,0.0,2007-01-21T02:10:21Z,ls5,qefs8q8q8rkf,0.1868437442868608,0.45262068474006956,0.3605355709730696
0.33215580714116066,0.48722508114955276,0.22783958919183278,0.1668719816324915,0.0,0.0,2007-01-29T02:05:44Z,ls7,qefs8q8q8rkf,0.16919796810881277,0.494016388705151,0.3367856431860362
0.3505893140970779,0.4545054407629295,0.0,0.1813980926763663,0.0,0.0,2007-02-06T02:10:24Z,ls5,qefs8q8q8rkf,0.18388181235108028,0.4607285718269448,0.35538961582197487
0.3494215127328012,0.4732854427974154,0.19580633329257857,0.1635773470163436,0.0,0.0,2007-02-14T02:05:51Z,ls7,qefs8q8q8rkf,0.1658521245790805,0.4798671555203756,0.35428071990054394
0.28911190561315697,0.4913636038612799,0.1450666340628438,0.1998040757954952,0.002931712549159814,0.003575259206292456,2007-02-22T02:10:24Z,ls5,qefs8q8q8rkf,0.20249728679498016,0.4979868214177639,0.2930089200318037
0.3512464483325856,0.44579931209810086,0.1824183885560582,0.18865410497981158,0.0,0.0,2007-03-02T02:05:55Z,ls7,qefs8q8q8rkf,0.1913910223587643,0.4522667880373974,0.35634218960383834
0.3185059298202715,0.4752750947548601,0.0,0.19274055508008314,0.0,0.0,2007-03-10T02:10:22Z,ls5,qefs8q8q8rkf,0.19537388644599663,0.4817685741055627,0.32285753944844064
0.24571428571428572,0.4414285714285714,0.9995720748257734,0.15999999999999998,0.0,0.14285714285714285,2007-03-18T02:05:57Z,ls7,qefs8q8q8rkf,0.16188870151770657,0.4466393640086726,0.24861479161647795
0.3627977977977978,0.482444944944945,0.022863430737253942,0.14396896896896896,0.0,0.0,2007-03-26T02:10:19Z,ls5,qefs8q8q8rkf,0.14553908659234127,0.4877064628664091,0.3667544505412495
0.2846642978754904,0.48328521726256574,0.174165545910258,0.1947064919683174,0.014138722333259308,0.009253090532237768,2007-04-03T02:05:57Z,ls7,qefs8q8q8rkf,0.19752845537843852,0.4902896740014264,0.288790057754638
0.3675420642893018,0.4052360622802612,0.026286832131067417,0.21402122049221498,0.0004394776494224008,6.278252134605726e-05,2007-04-11T02:10:15Z,ls5,qefs8q8q8rkf,0.21677530168052547,0.4104507461951755,0.37227169195353055
0.34022894581861013,0.42307567726737333,0.16958063332925788,0.22061395759717314,0.0008833922261484099,0.0009570082449941107,2007-04-19T02:05:55Z,ls7,qefs8q8q8rkf,0.22380707498457383,0.4291991805850351,0.3451533439592486
0.26692566328402006,0.47056914048172144,0.0,0.24652952683702167,0.0023841545421200636,0.0004890573419733463,2007-04-27T02:10:08Z,ls5,qefs8q8q8rkf,0.24981211096696773,0.47683485158093936,0.27047982556799954
0.2473861646234676,0.41287434325744304,0.1622447731996577,0.323041447752481,0.0016053706946876824,0.0010215995329830706,2007-05-05T02:05:51Z,ls7,qefs8q8q8rkf,0.32766417847648005,0.4187825848314145,0.25092626646443456
0.2881458613522435,0.40441924440640664,0.0,0.2921909768920406,0.0015283041936667073,0.0001833965032400049,2007-05-13T02:09:59Z,ls5,qefs8q8q8rkf,0.29620617585637415,0.4099766498696737,0.29210547357704547
0.30140359457146354,0.4174440640665118,0.0,0.2642584668052329,0.002261890206626727,0.0011003790194400293,2007-05-29T02:09:46Z,ls5,qefs8q8q8rkf,0.26789575599056764,0.4231898204771489,0.3055521543062167
0.3126329941860465,0.4137536337209302,0.1588213718058442,0.25805232558139535,0.0012354651162790698,7.267441860465116e-05,2007-06-06T02:05:41Z,ls7,qefs8q8q8rkf,0.2617884595271429,0.41974404280807326,0.3171593581299001
0.34083139748135466,0.4065179117251498,0.0,0.2358332314463871,0.001833965032400049,0.0009781146839466927,2007-06-14T02:09:30Z,ls5,qefs8q8q8rkf,0.239192662477132,0.4123087363635068,0.3456865214430144
0.3265197756573676,0.41526331123898313,0.1607164690059909,0.23865175905018574,0.0027678636462961613,0.002330832544249399,2007-06-22T02:05:41Z,ls7,qefs8q8q8rkf,0.24217310024943464,0.4213905814180178,0.33133762214200224
0.31570546521579657,0.4256467783347597,0.0,0.2424978603741289,0.001833965032400049,0.0007335860129600196,2007-06-30T02:09:12Z,ls5,qefs8q8q8rkf,0.24584561588636428,0.4315229594533765,0.3200638736148992
0.3248825638399063,0.41348357357137633,0.1645066634062844,0.24212555791322163,0.0034389405136460087,0.0016828857832735787,2007-07-08T02:05:39Z,ls7,qefs8q8q8rkf,0.245678198002301,0.4195505015417476,0.3296494741590318
0.3299883848881281,0.39896258711333904,0.0,0.25436422545543463,0.0018950972001467172,0.001039246851693361,2007-07-16T02:09:05Z,ls5,qefs8q8q8rkf,0.25792119755637616,0.4045415901714174,0.33460286822036645
0.3562534741523068,0.3814809814976574,0.2301626115662061,0.23525291828793773,0.004843960930675772,0.008020328754069722,2007-07-24T02:05:35Z,ls7,qefs8q8q8rkf,0.23867376167280166,0.38702814623212595,0.3614338024103269
0.5540917324831535,0.26452213607709585,0.15631495292823083,0.1693370045648866,7.245851749873198e-05,0.0,2007-08-01T02:08:56Z,ls5,qefs8q8q8rkf,0.17138983249335227,0.2677288682974499,0.5608088406916992
0.3692908891328211,0.39808781558726675,0.16462892774177773,0.21508305890962312,0.0015367727771679472,0.0013904134650567143,2007-08-09T02:05:30Z,ls7,qefs8q8q8rkf,0.21828174762379313,0.4040081284627807,0.3747829376712014
0.42597322411052696,0.3612886660960998,0.0,0.19723193544443085,0.0008558503484533561,0.00024452867098667317,2007-08-17T02:08:47Z,ls5,qefs8q8q8rkf,0.20011796968905918,0.3665752920180119,0.4322063592734888
0.40432223759924246,0.3811952800640979,0.1607164690059909,0.19872022725617305,0.000801223687085731,0.000509869619054556,2007-08-25T02:05:24Z,ls7,qefs8q8q8rkf,0.2016379553830787,0.38679221504069144,0.4102587362700897
0.42907079105025064,0.373248563394058,0.0,0.1824012715490891,0.0009169825162000245,0.00012226433549333658,2007-09-02T02:08:37Z,ls5,qefs8q8q8rkf,0.18503899155973252,0.37864614201972807,0.435275619568846
0.41671747453586655,0.39296756483421225,0.15374740188287073,0.17457848732211226,0.000866864119049339,0.00036119338293722457,2007-09-10T02:05:16Z,ls7,qefs8q8q8rkf,0.17715184010430143,0.39876005503038625,0.42286004736332566
0.4299217508252843,0.38087724660716465,0.0,0.17448037657415336,0.000611321677466683,6.113216774666829e-05,2007-09-18T02:08:30Z,ls5,qefs8q8q8rkf,0.17696812820202548,0.38630781713246226,0.436051600820299
0.4204819895825691,0.40229990462915416,0.16670742144516448,0.16222434157435256,0.00036681094563861783,0.00014672437825544713,2007-09-26T02:05:11Z,ls7,qefs8q8q8rkf,0.16460914434228266,0.4082139734845848,0.4266633468492384
0.4479514610588092,0.38732057708766354,0.0,0.15043220442596894,6.113216774666829e-05,0.0,2007-10-04T02:08:20Z,ls5,qefs8q8q8rkf,0.1526046066177488,0.3929139011621024,0.4544203600524023
0.4508593460369244,0.38878178987172834,0.17551045360068473,0.14613627938014384,0.0,0.0,2007-10-12T02:05:10Z,ls7,qefs8q8q8rkf,0.14824470221538935,0.3943910499895451,0.45736424779506557
0.4137424816217421,0.4146149847776045,0.176733096955618,0.15695552090294795,0.0,0.00022276676319893073,2007-10-28T02:05:22Z,ls7,qefs8q8q8rkf,0.15925960425958222,0.42070147017385867,0.4198161588033602
0.3877240504439967,0.44501902843071417,0.18076782002689817,0.1531176777852399,0.0,0.0,2007-11-13T02:05:31Z,ls7,qefs8q8q8rkf,0.15531369592597974,0.4514015041418399,0.3932847999321804
0.4001798209314574,0.44454367617184565,0.18749235847903167,0.14102625837032579,0.0,0.0,2007-11-29T02:05:39Z,ls7,qefs8q8q8rkf,0.14306496916407158,0.45097011052085245,0.405964920315076
0.39113111311131116,0.45346159615961595,0.1849859396014183,0.14113936393639365,0.0,0.0,2007-12-15T02:05:44Z,ls7,qefs8q8q8rkf,0.14318227819975682,0.46002520206547365,0.3967925197347696
0.33944482346921373,0.5419162544772301,0.28316420100256756,0.10620586730342829,0.0,0.0,2007-12-31T02:05:46Z,ls7,qefs8q8q8rkf,0.1075429547477982,0.5487387534422952,0.34371829180990676
0.39221324836988736,0.4483409899229401,0.17496026409096466,0.1451956135151156,7.409602845287492e-05,0.0,2008-01-16T02:05:47Z,ls7,qefs8q8q8rkf,0.14728366920930785,0.45478857421480945,0.39785366054742977
0.3649040224966377,0.4838189265191344,0.0,0.13764518889839836,6.113216774666829e-05,0.0,2008-01-24T02:06:23Z,ls5,qefs8q8q8rkf,0.1395389500726124,0.4904754432177905,0.3699244745418505
0.35338775510204085,0.4914307196562836,0.4308595182785182,0.13740386680988187,0.002255639097744361,0.0020408163265306124,2008-02-01T02:05:45Z,ls7,qefs8q8q8rkf,0.13928976305158677,0.49817570703382563,0.35823807449031253
0.3189399682112728,0.49803949138036435,0.0,0.1696442107837144,0.0001833965032400049,0.0,2008-02-09T02:06:07Z,ls5,qefs8q8q8rkf,0.1719126590223951,0.5046991752080408,0.32320476926632424
0.2953970666464017,0.45477315905463944,0.1955618046215919,0.23353674291359525,0.0012918914811155863,0.001519872330724219,2008-02-17T02:05:41Z,ls7,qefs8q8q8rkf,0.23673726036433698,0.46100562343486684,0.2994453523889562
0.4034933991005367,0.40448716088785724,0.15723193544443081,0.17787247932685332,0.0001450747134774409,0.0,2008-03-04T02:05:36Z,ls7,qefs8q8q8rkf,0.18039876881792444,0.4102320162341779,0.4092241402344202
0.34348924770110784,0.45933676055318223,0.15570363125076414,0.1809043516037941,0.0020273694880892043,0.00043443631887625804,2008-03-20T02:05:34Z,ls7,qefs8q8q8rkf,0.18344356094341144,0.46578410237821855,0.34831053087140446
0.3443439393939394,0.433719696969697,0.1930553857439785,0.19898787878787877,0.005378787878787879,0.003863636363636364,2008-04-05T02:05:34Z,ls7,qefs8q8q8rkf,0.20177927707573173,0.43980390886694487,0.3491743898148992
0.35171700760652835,0.3122376486227014,0.1722093165423646,0.3204689461635034,0.0016246953696181965,7.384978952809984e-05,2008-04-21T02:05:32Z,ls7,qefs8q8q8rkf,0.3249867378318989,0.3166394000697429,0.35667531693921195
0.2949922947090336,0.37177441843399134,0.16695195011615116,0.3149930285462684,0.003375651280545975,0.0005136860644309092,2008-05-07T02:05:28Z,ls7,qefs8q8q8rkf,0.3195974545228777,0.37720884915005026,0.29930435898209523
0.2857465895610914,0.3781924673784104,0.175449321432938,0.3178454922894425,0.0025207591933570582,0.0008155397390272835,2008-05-23T02:05:22Z,ls7,qefs8q8q8rkf,0.3226625077382251,0.3839240539579553,0.2900771393714353
0.2995972857353592,0.3745899100162266,0.17117006969067128,0.30607095441805576,0.0035403451836554063,0.0011063578698923145,2008-06-08T02:05:14Z,ls7,qefs8q8q8rkf,0.3107841883557277,0.38035827794239857,0.30421083064832594
0.3084348647862751,0.379495492875836,0.1590659004768309,0.29251163128816515,0.0031259086943879037,0.001308519918580983,2008-06-24T02:05:04Z,ls7,qefs8q8q8rkf,0.29702370219022095,0.3853493133318831,0.3131925558649271
0.3095849084036057,0.3706011922070369,0.1590659004768309,0.3004005524861878,0.002398953184065135,0.0018173887758069205,2008-07-10T02:04:53Z,ls7,qefs8q8q8rkf,0.30505612134048987,0.3763447214832876,0.3143828152163505
0.3300930064888248,0.36237058399423216,0.15209683335371071,0.2877411679884643,0.0030281182408074983,0.0012977649603460708,2008-07-26T02:04:42Z,ls7,qefs8q8q8rkf,0.29228223065385833,0.3680894303502017,0.33530245579478635
0.3510907780979827,0.3488184438040346,0.15148551167624402,0.28230763688760807,0.0023054755043227667,0.00028818443804034583,2008-08-11T02:04:37Z,ls7,qefs8q8q8rkf,0.2866733800775642,0.35421274259934077,0.3565202173807319
0.37174589266155533,0.36378897407813077,0.16279496270937766,0.24828258488499455,0.0009492515516611902,0.00014603870025556772,2008-09-12T02:04:22Z,ls7,qefs8q8q8rkf,0.25209010368791834,0.3693678323767925,0.3774467736833724
0.4613051717813914,0.28894180217630516,0.0,0.23420772710600318,0.0012837755226800343,0.0,2008-09-20T02:00:20Z,ls5,qefs8q8q8rkf,0.2376006297760438,0.29312762227799044,0.4679879724232858
0.38726248342907643,0.3804993371630579,0.1699474263357379,0.2168927677124761,0.0005155398438650759,0.0,2008-09-28T02:04:12Z,ls7,qefs8q8q8rkf,0.2201593872853729,0.38623003346685914,0.3930950394039029
0.45861963565228026,0.30320943880670004,0.0,0.22345519012104167,0.00042792517422667807,0.0,2008-10-06T01:59:49Z,ls5,qefs8q8q8rkf,0.2266955599002532,0.3076063413881469,0.46527017353737327
0.37873686514886173,0.40198117338003503,0.1622447731996577,0.20386018680677173,0.0006567425569176883,0.0,2008-10-14T02:04:05Z,ls7,qefs8q8q8rkf,0.20691733567130116,0.40800940433091615,0.38441651744086497
0.4470534295146106,0.3371549089130701,0.0,0.20147450788604965,0.00024452867098667317,0.0,2008-10-22T01:59:17Z,ls5,qefs8q8q8rkf,0.2043509657753418,0.3419684801575527,0.4534360253961189
0.3960439236494952,0.39376004127054315,0.17049761584545786,0.1955265679121527,0.00014739479696366717,0.0,2008-10-30T02:04:21Z,ls7,qefs8q8q8rkf,0.1984082922422429,0.3995633850476224,0.40188092791317104
0.39462295567231553,0.41125360763709023,0.17392101723927134,0.1796558869237031,0.0,0.0,2008-11-15T02:04:35Z,ls7,qefs8q8q8rkf,0.18229322320255303,0.4172907828045805,0.40041599399286654
0.417871377919061,0.37540224966377306,0.0,0.19226433549333663,0.00042792517422667807,6.113216774666829e-05,2008-11-23T01:58:58Z,ls5,qefs8q8q8rkf,0.19499026360044078,0.3807247112695766,0.4237959677880094
0.3586591931558375,0.4243675787299948,0.17110893752292455,0.2025613983332104,0.0002212552548123018,0.0,2008-12-01T02:04:46Z,ls7,qefs8q8q8rkf,0.20547789297673758,0.43047765587419323,0.363823195894257
0.4454156987406773,0.3400110037901944,0.0,0.2005049517055875,0.0001833965032400049,0.0,2008-12-09T01:59:28Z,ls5,qefs8q8q8rkf,0.2033286779435154,0.3447994041983615,0.4516885213548831
0.4015157102817525,0.39504941731818854,0.17117006969067128,0.1888036583566898,0.0002950287653046172,0.0,2008-12-17T02:04:56Z,ls7,qefs8q8q8rkf,0.19155057328433298,0.4007970132653919,0.4073573846849705
0.47544444444444456,0.34012418300653596,0.9064677833475975,0.17462745098039217,0.0,0.0,2008-12-25T01:59:56Z,ls5,qefs8q8q8rkf,0.17635643564356435,0.3434917491749175,0.48015181518151817
0.38640724246185293,0.3995239833540191,0.16267269837388432,0.1995400452653866,7.300868803387604e-05,0.0,2009-01-02T02:05:03Z,ls7,qefs8q8q8rkf,0.20246706622868088,0.40538453667333274,0.3920753884099524
0.41768186819904635,0.3837779679667441,0.0,0.18443024819660106,0.00012226433549333658,0.0,2009-01-10T02:00:21Z,ls5,qefs8q8q8rkf,0.18704691514787183,0.38922294857715867,0.4236078719394763
0.40074744525547445,0.3764927007299271,0.16248930187064436,0.20813722627737227,0.00014598540145985403,0.0,2009-01-18T02:05:08Z,ls7,qefs8q8q8rkf,0.2111950681422172,0.3820239320367491,0.4066350144195739
0.30918429003021153,0.4891440080563948,0.9392957574275583,0.18358509566968784,0.0010070493454179255,0.005035246727089627,2009-01-26T02:00:47Z,ls5,qefs8q8q8rkf,0.185836980458219,0.49514392840464144,0.31297679506463194
0.25642144097222225,0.42881076388888895,0.1549089130700575,0.2974833622685185,0.0032552083333333335,0.0003616898148148148,2009-02-03T02:05:12Z,ls7,qefs8q8q8rkf,0.3016207386560364,0.434774631971118,0.2599877312246975
0.20417563206024744,0.40622377622377626,0.5454212006357746,0.3548507261968801,0.00820333512641205,0.014927380311995697,2009-02-19T02:05:22Z,ls7,qefs8q8q8rkf,0.35912222401556737,0.4111136745554936,0.2066333859905313
0.32350000000000007,0.3451458333333333,0.9706565594815992,0.3198125,0.0,0.0,2009-02-27T02:01:35Z,ls5,qefs8q8q8rkf,0.3235467689583948,0.3491759052396408,0.3272773258019644
0.41819652486518877,0.24568004793289397,0.8979704120308106,0.23387058118633916,0.01078490113840623,0.07908927501497903,2009-03-23T02:05:38Z,ls7,qefs8q8q8rkf,0.23709532737699665,0.24906763005063332,0.4239628664189848
0.2806690296854231,0.40418475852902086,0.17214818437461787,0.2990016245753951,0.0015507310589277803,0.0001476886722788362,2009-04-08T02:05:44Z,ls7,qefs8q8q8rkf,0.3033919318186589,0.4101194930827435,0.2847901553673909
,,1.0,,,,2009-04-16T02:02:38Z,ls5,qefs8q8q8rkf,,,
0.30270381144178415,0.39642649362273435,0.18040102702041816,0.28418139777728046,0.00126799433131946,0.0008204669202655329,2009-04-24T02:05:48Z,ls7,qefs8q8q8rkf,0.28840081443150145,0.40231248251028684,0.3071982418066268
0.31621926762237246,0.4066701329569932,0.17697762562660468,0.25966946445814454,0.0017083859466686473,0.000891331798261903,2009-05-10T02:05:51Z,ls7,qefs8q8q8rkf,0.2635917361894533,0.4128128296725783,0.32099571639303764
0.31303765741533196,0.41394302481966017,0.0,0.2564518889839834,0.001833965032400049,0.000611321677466683,2009-05-18T02:03:14Z,ls5,qefs8q8q8rkf,0.26013455123927104,0.41988726784856667,0.3175328942022955
,,1.0,,,,2009-05-26T02:05:52Z,ls7,qefs8q8q8rkf,,,
0.37292929292929294,0.4691919191919192,0.9939479153930798,0.15626262626262627,0.0,0.0,2009-06-11T02:05:51Z,ls7,qefs8q8q8rkf,0.15651558073654392,0.4699514366653177,0.37353298259813844
0.0,0.03590769230769231,0.9602640909646656,0.004215384615384615,0.0,0.96,2009-06-27T02:05:49Z,ls7,qefs8q8q8rkf,0.0042024539877300645,0.03579754601226997,0.0
0.3143978787655594,0.39035648523237826,0.1700085585034845,0.27547175370111215,0.00316712086617073,0.002209619208956323,2009-07-13T02:05:45Z,ls7,qefs8q8q8rkf,0.27951776507095966,0.3960898744322653,0.3190156204216479
0.5009931237721023,0.26056090373280943,0.3776745323389168,0.22521021611001968,0.0,0.0,2009-07-29T02:05:40Z,ls7,qefs8q8q8rkf,0.22823102637462844,0.26405588307321065,0.507713090552161
0.3384701114488348,0.39561586336662324,0.1552757060765375,0.24780503690838038,0.002243450571718049,0.0013026487190620929,2009-08-14T02:05:35Z,ls7,qefs8q8q8rkf,0.25148035035908556,0.40148342894189953,0.34349012140823487
0.38220241976381947,0.3733550677388974,0.1561926885927375,0.22958704629428384,0.000289792074186771,0.000289792074186771,2009-08-30T02:05:36Z,ls7,qefs8q8q8rkf,0.23291402774900963,0.37876541386444934,0.3877409742381675
0.36636073191983737,0.3933270403717688,0.15808778579288418,0.22485695614289863,0.0010165553296543712,7.261109497531223e-05,2009-09-15T02:05:35Z,ls7,qefs8q8q8rkf,0.2281379839929388,0.3990663201155252,0.3717065294669063
0.3749806215722121,0.40142449725776963,0.16401760606431104,0.20877367458866544,0.00029250457038391227,7.312614259597807e-05,2009-10-01T02:05:32Z,ls7,qefs8q8q8rkf,0.2118370207675483,0.4073146182330668,0.380482730286405
0.36258405673065164,0.42927680645555694,0.0,0.19452989363002812,6.113216774666829e-05,0.0,2009-10-09T02:05:27Z,ls5,qefs8q8q8rkf,0.19720176841861614,0.4351729381764511,0.3675641612371862
0.3674119640489171,0.4359289818771181,0.17019195500672457,0.18198246648003535,0.0004420215117135701,0.0,2009-10-17T02:05:36Z,ls7,qefs8q8q8rkf,0.18461149306389482,0.4422266703533619,0.37271981507102964
0.2726548672566372,0.5924778761061947,0.9930920650446264,0.12469026548672567,0.0,0.0,2009-10-25T02:05:37Z,ls5,qefs8q8q8rkf,0.12597228430934285,0.5985695127402771,0.2754582029503799
0.3576525022209061,0.44883254367782055,0.17422667807800463,0.17870521172638434,0.0005922416345869114,0.00014806040864672785,2009-11-02T02:05:51Z,ls7,qefs8q8q8rkf,0.18125728965638854,0.45524229310774555,0.3627601151926323
0.34675487820431067,0.4637138120137738,0.041325345396747815,0.17577158525698253,0.00019130212983037878,0.00019130212983037878,2009-11-10T02:05:45Z,ls5,qefs8q8q8rkf,0.1781557077610727,0.47000351198469426,0.35145817599457224
0.3716742446465239,0.4338061014960399,0.16640176060643108,0.18027867409797596,0.0,0.0,2009-11-18T02:06:04Z,ls7,qefs8q8q8rkf,0.18288310874800345,0.44007317466918516,0.3770437165828114
0.3816193911236092,0.43852732607898276,0.0,0.16614439418021762,0.0,0.0,2009-11-26T02:05:51Z,ls5,qefs8q8q8rkf,0.16845370729061748,0.44462260788719304,0.38692368482218953
0.3648320150932443,0.4528648138741746,0.15753759628316422,0.16816849285247806,0.0,0.0,2009-12-04T02:06:15Z,ls7,qefs8q8q8rkf,0.17057958032446136,0.45935768694875173,0.3700627327267869
0.3796706567863703,0.44913230730255244,0.03478420344785427,0.15757616061815188,0.0,0.0,2009-12-12T02:06:01Z,ls5,qefs8q8q8rkf,0.15975212438214093,0.4553343598344414,0.3849135157834177
0.4042709726734187,0.4650621058666157,0.6800953661816849,0.11762468947066691,0.0,0.0,2009-12-20T02:06:30Z,ls7,qefs8q8q8rkf,0.11917905029285056,0.47120770608451523,0.40961324362263424
0.353501631079478,0.4714931791221827,0.175449321432938,0.16092304270462632,7.41399762752076e-05,0.0,2010-01-05T02:06:47Z,ls7,qefs8q8q8rkf,0.16320945137541076,0.4781921954646676,0.35852421318364636
0.3457468918166636,0.4666345023813942,0.011676244039613648,0.17419249087647679,0.0,0.0,2010-01-13T02:06:12Z,ls5,qefs8q8q8rkf,0.17656304663215033,0.4729848513536728,0.35045210201417687
0.37349439042632765,0.4410897531787584,0.18266291722704486,0.1712939416604338,0.0,0.0,2010-01-21T02:07:01Z,ls7,qefs8q8q8rkf,0.17374759031620057,0.4474080109610741,0.3788443987227254
0.3822839338932539,0.4640727445136819,0.09744467538818924,0.1407267678136007,0.0,0.0,2010-01-29T02:06:16Z,ls5,qefs8q8q8rkf,0.142568258390344,0.47014540289433415,0.38728633871532187
0.377714070162203,0.4377872500943041,0.18969311651791176,0.17005884571859675,7.544322897019993e-05,0.00015088645794039985,2010-02-06T02:07:14Z,ls7,qefs8q8q8rkf,0.17251139222441314,0.44410090926312173,0.38316136882555446
0.3846056975180339,0.4390573419733464,0.0,0.16252720381464725,0.0,6.113216774666829e-05,2010-02-14T02:06:20Z,ls5,qefs8q8q8rkf,0.16479301968102017,0.4451783055310858,0.38996754262014754
0.3639350045031522,0.46171419993995805,0.18547499694339165,0.1602311618132693,7.505253677574302e-05,0.0,2010-02-22T02:07:24Z,ls7,qefs8q8q8rkf,0.16251377098267467,0.46829165375419063,0.36911952272635895
0.3569796072507553,0.464857250755287,0.19061009903411175,0.16363821752265859,0.0,0.00037764350453172205,2010-03-10T02:07:31Z,ls7,qefs8q8q8rkf,0.16598737469332783,0.4715306474744743,0.36210433432766614
0.38215675999401105,0.4356902230872885,0.1833965032400049,0.16810076358736342,0.0,0.0,2010-03-26T02:07:36Z,ls7,qefs8q8q8rkf,0.1704966253590468,0.44189991260632827,0.38760346203462487
0.36062048417132214,0.45221378026070763,0.1793006480009781,0.1719925512104283,0.000297951582867784,0.000595903165735568,2010-04-11T02:07:38Z,ls7,qefs8q8q8rkf,0.17448632807556558,0.4587705773741517,0.36584923980167944
0.37045930196127574,0.43691522025189544,0.024391734930920617,0.17744720847170875,0.0005012845416379472,0.0008145873801616643,2010-04-19T02:06:18Z,ls5,qefs8q8q8rkf,0.17994496379485697,0.44306525961598403,0.37567390466735934
0.3555132572952155,0.44317730706561986,0.17459347108448464,0.18590949488964598,0.0003703155088135091,0.0006665679158643164,2010-04-27T02:07:37Z,ls7,qefs8q8q8rkf,0.18862148815761806,0.4496422478368988,0.36069938058080536
,,1.0,,,,2010-05-05T02:06:14Z,ls5,qefs8q8q8rkf,,,
0.36213148283418556,0.43977136596055516,0.16310062354811106,0.18110883856829804,0.0008765522279035792,0.0017531044558071584,2010-05-13T02:07:33Z,ls7,qefs8q8q8rkf,0.1837542593059404,0.44619501872388856,0.3674210652864603
0.3574150793075976,0.42227493300499747,0.15594815992175082,0.20288332005504456,0.0016658216846527124,0.0011588324762801477,2010-05-29T02:07:33Z,ls7,qefs8q8q8rkf,0.20589836725303148,0.4285503569934821,0.36272662159255364
0.5258099352051836,0.30433585313174943,0.8867832253331703,0.15685745140388768,0.0,0.0,2010-06-14T02:07:34Z,ls7,qefs8q8q8rkf,0.15892293468568272,0.3083433173042731,0.5327337480100441
0.36365627266134876,0.42821972443799855,0.15698740677344414,0.19046265409717184,0.0016678752719361857,0.0016678752719361857,2010-06-30T02:07:37Z,ls7,qefs8q8q8rkf,0.19324020078408216,0.4344645196841868,0.3689595289878586
0.3736416895703747,0.4267857659482135,0.15478664873456416,0.18281860263272096,0.0017358599739621004,0.0007956024880659627,2010-07-16T02:07:39Z,ls7,qefs8q8q8rkf,0.18546304121031476,0.4329591461600114,0.37904635016764576
0.4166511798508375,0.40272160410808167,0.0,0.1649101357134124,0.0007947181807066878,0.0007335860129600196,2010-07-24T02:05:53Z,ls5,qefs8q8q8rkf,0.16728737192375365,0.4085269742621406,0.4226573496204392
0.3928465042296291,0.4089668136794158,0.15448098789583076,0.18181404092256526,0.0007953148723881137,0.001084520280529246,2010-08-01T02:07:38Z,ls7,qefs8q8q8rkf,0.18449289648948428,0.4149925475553645,0.3986347208022338
0.3971545540178248,0.42052532425186584,0.15631495292823083,0.1665531483225853,0.0008695022099847838,0.0005796681399898558,2010-08-17T02:07:39Z,ls7,qefs8q8q8rkf,0.1689760249299548,0.42664277673593964,0.4029320279841309
0.41270593330446076,0.39472672152446947,0.2942291233647145,0.14625292334343873,0.006323083585967951,0.026418362927674317,2010-09-02T02:07:42Z,ls7,qefs8q8q8rkf,0.14833441368320394,0.4003445227890021,0.4185796170141516
0.0,0.0,0.9979215062966132,0.0,0.0,1.0,2010-09-10T02:05:39Z,ls5,qefs8q8q8rkf,0.0,0.0,0.0
0.42814898749908614,0.39784779589151253,0.16377307739332436,0.15918415088822285,0.0002924190364792748,7.31047591198187e-05,2010-09-18T02:07:43Z,ls7,qefs8q8q8rkf,0.16151953388102808,0.40368460169828213,0.4344303406250907
0.43104237842552884,0.4168975794141165,0.15900476830908428,0.13724503888929274,0.0003634513338663953,0.0001453805335465581,2010-10-04T02:07:40Z,ls7,qefs8q8q8rkf,0.13923801590088938,0.4229514761428196,0.43730167608887804
0.42921104107802655,0.4275324204882996,0.1561926885927375,0.12871042526986887,0.0001448960370933855,7.244801854669275e-05,2010-10-20T02:07:51Z,ls7,qefs8q8q8rkf,0.13058191006498868,0.4337488588435222,0.43545188703584903
0.37156829058780216,0.5142563504724507,0.003667930064800151,0.10080193888820715,0.0,0.0,2010-10-28T02:05:15Z,ls5,qefs8q8q8rkf,0.10216827818836273,0.5212269372464248,0.3766047845652125
0.43701993475897066,0.4197317868793041,0.15668174593471085,0.12876984414642986,7.249003262051468e-05,0.0,2010-11-05T02:08:00Z,ls7,qefs8q8q8rkf,0.13065214814827902,0.42586725149357973,0.4434081103255206
,,1.0,,,,2010-11-29T02:05:14Z,ls5,qefs8q8q8rkf,,,
0.3424248302618817,0.5590446168768186,0.87394547010637,0.08579049466537345,0.0,0.0,2010-12-07T02:08:23Z,ls7,qefs8q8q8rkf,0.0868975748257382,0.5662587867742775,0.3468436383999843
0.3703463390098441,0.4719896529424445,0.14922362146961732,0.14387870949198822,0.0002155636990730761,0.0,2010-12-23T02:08:30Z,ls7,qefs8q8q8rkf,0.14585839600088335,0.4784839532566983,0.3754420870433453
0.4459787892178524,0.39361982618942404,0.1699474263357379,0.1407335395492709,0.0028722934158197082,0.003314184710561202,2011-01-08T02:08:40Z,ls7,qefs8q8q8rkf,0.1426688840900057,0.3990328214440057,0.45211181633960756
0.2840313788060098,0.49679098524132437,0.08044993275461543,0.2076612152639277,0.0,0.0,2011-01-16T02:05:21Z,ls5,qefs8q8q8rkf,0.210080591736909,0.5025788952280519,0.28734051303503916
0.31407806288398993,0.36213877846042647,0.15423645922484408,0.30781062522587643,0.00093964582580412,0.0012287676183592338,2011-01-24T02:08:46Z,ls7,qefs8q8q8rkf,0.31212864982152394,0.36721892847565873,0.318484008258654
0.28458872591314355,0.3966537244751222,0.14977381097933729,0.3021354616048318,0.0022289329882082256,0.0002876042565429968,2011-02-09T02:08:51Z,ls7,qefs8q8q8rkf,0.3064692859044596,0.4023433166220927,0.2886708602286965
0.23650888856771213,0.4239442115912705,0.15405306272160413,0.31498410174880764,0.009105362046538517,0.001734354675531146,2011-02-25T02:08:55Z,ls7,qefs8q8q8rkf,0.31941550179193207,0.42990853292399,0.23983624856200822
0.2795282334155901,0.38906880534184934,0.15772099278640417,0.31480839018725504,0.001814486863115111,0.00065321527072144,2011-03-13T02:08:59Z,ls7,qefs8q8q8rkf,0.31933069272154796,0.3946578776132878,0.28354372753132767
0.2919984105636386,0.4171885316053307,0.0,0.2750440151607776,0.0017728328646533806,0.0003667930064800098,2011-03-21T02:05:16Z,ls5,qefs8q8q8rkf,0.27885276502056655,0.422965667895057,0.29604194121324295
0.3010337842725892,0.4131975692686103,0.1549700452378041,0.2698625479273674,0.001157491137958475,0.0005064023728568328,2011-03-29T02:09:01Z,ls7,qefs8q8q8rkf,0.2737681078838231,0.41917753163476507,0.3053904669705966
0.27524151436031336,0.40892370176965476,0.15710967110893748,0.2993878735131999,0.0013054830287206266,0.0010153756890049319,2011-04-14T02:09:02Z,ls7,qefs8q8q8rkf,0.3036877619543049,0.41479677297290674,0.279194606355063
0.2736722093165424,0.3993886783225334,0.0,0.31201613889228513,0.001222643354933366,6.113216774666829e-05,2011-04-22T02:05:06Z,ls5,qefs8q8q8rkf,0.3163362577927032,0.4049185415660171,0.2774614251185997
0.22538395106153292,0.405366678661389,0.15056852916004404,0.3477049298308745,0.003526448362720403,0.0034544800287873334,2011-04-30T02:09:02Z,ls7,qefs8q8q8rkf,0.3528802337960114,0.4114002306746754,0.22873860713780525
0.24388929298807102,0.36456066336921733,0.15955495781880424,0.3519457375618271,0.00450974687227233,0.02109397730578993,2011-05-16T02:08:59Z,ls7,qefs8q8q8rkf,0.35707637814599713,0.3698752034680173,0.2474446942079233
0.2377563731170336,0.3969010718424102,0.1558870277540042,0.34666497682502895,0.0020278099652375433,0.0022450753186558517,2011-06-01T02:09:02Z,ls7,qefs8q8q8rkf,0.35175362295240065,0.4027271264980552,0.24124636526565083
0.250331336349187,0.40617068101234866,0.0,0.3282473407507031,0.0009781146839466927,0.000611321677466683,2011-06-09T02:04:50Z,ls5,qefs8q8q8rkf,0.3328010420032419,0.4118053951722272,0.2538041264631174
0.26544913223440564,0.4052298308038632,0.1581489179606309,0.3110159029845327,0.0025415728705250164,0.0014523273545857236,2011-06-17T02:09:00Z,ls7,qefs8q8q8rkf,0.31554992006283417,0.4111373067749338,0.2693188729371213
0.25153773993361234,0.4106314042430365,0.15283041936667074,0.31985062779621876,0.0023091355173906767,0.0013710492134507144,2011-07-03T02:08:57Z,ls7,qefs8q8q8rkf,0.3245082507447292,0.41661096496786326,0.25520059955656627
0.25489894267424296,0.4004294037258146,0.1500794718180707,0.3264698266561174,0.0022297345896569085,0.0017981730561749262,2011-07-19T02:08:56Z,ls7,qefs8q8q8rkf,0.3311829714787946,0.406210280293639,0.2585788405817346
0.28193469855363024,0.3940168981812974,0.14622814525003058,0.307391522268366,0.0015752541887440927,0.0007160246312473149,2011-08-04T02:08:52Z,ls7,qefs8q8q8rkf,0.3118821870587782,0.3997730680275998,0.2860534660936306
0.3112906467590266,0.4072119732969637,0.14836777112116395,0.2645610508936903,0.001722776541526093,0.0010049529825568876,2011-08-20T02:08:49Z,ls7,qefs8q8q8rkf,0.2683848541054979,0.413097565473588,0.3157898508968312
0.3295411849710983,0.41256502890173413,0.1539307983861108,0.24278034682080923,0.0005780346820809249,0.000361271676300578,2011-09-05T02:08:46Z,ls7,qefs8q8q8rkf,0.2462743542022994,0.41850251632690577,0.3342838231124133
0.34444250744534033,0.42701460013074743,0.15839344663161758,0.21320839689111645,0.00043582479843103073,0.0007263746640517179,2011-09-21T02:08:41Z,ls7,qefs8q8q8rkf,0.21627710653079527,0.4331606236401968,0.34940007036652515
0.33877407543024535,0.45043500549249355,0.16524024941924442,0.19624313438300986,0.0003661662394727206,0.00021969974368363237,2011-10-07T02:08:38Z,ls7,qefs8q8q8rkf,0.19902351342859956,0.4568167831511561,0.3435738374370879
0.38582406162122507,0.42339222398826265,0.0,0.1769103802420834,0.0001833965032400049,0.0,2011-10-15T02:03:27Z,ls5,qefs8q8q8rkf,0.1793663447324152,0.4292699812242987,0.3911802775400461
0.4499385665529011,0.40633447098976105,0.8208827485022618,0.13088395904436861,0.0,0.0,2011-10-23T02:08:46Z,ls7,qefs8q8q8rkf,0.13258677140199907,0.41162091986848154,0.4557923087295195
0.34329724623991864,0.4646305311342004,0.15863797530260426,0.17799317009372959,7.265857734505559e-05,7.265857734505559e-05,2011-11-08T02:08:54Z,ls7,qefs8q8q8rkf,0.18050869604685105,0.4711970199442217,0.34814896685423713
0.33267918714694444,0.4802230210549483,0.16670742144516448,0.1732448096251192,0.0,0.0,2011-11-24T02:09:06Z,ls7,qefs8q8q8rkf,0.17567848048343385,0.48696899384548775,0.3373525256710784
0.30095857988165686,0.5594437869822485,0.9483433182540653,0.12818934911242602,0.0,0.0,2011-12-10T02:09:12Z,ls7,qefs8q8q8rkf,0.12966864585328478,0.5658997318521355,0.3044316222945796
0.3226071953010279,0.5085139500734215,0.1673798752903778,0.1549566813509545,7.342143906020558e-05,0.0,2011-12-26T02:09:23Z,ls7,qefs8q8q8rkf,0.15713293617296378,0.5156556617199161,0.32713798066805994
0.2654266592303402,0.5824707194645845,0.6711700696906713,0.13576873024725786,0.0018590816136828407,0.002602714259155977,2012-01-11T02:09:27Z,ls7,qefs8q8q8rkf,0.1374073546483491,0.5895006941288362,0.2686301553499759
0.2940232674924674,0.4003548711081352,0.2695928597628072,0.29217107465684633,0.00025108804820890524,0.0,2012-02-12T02:09:33Z,ls7,qefs8q8q8rkf,0.2960802259701788,0.40571148545481406,0.29795720052679814
0.39578444747612546,0.42907230559345155,0.8655703631250764,0.1644156434743065,0.0,0.0,2012-03-15T02:09:32Z,ls7,qefs8q8q8rkf,0.16619855567456254,0.43372513687075087,0.4000763074546867
0.4038134765625,0.41412890624999993,0.37400660227411664,0.16875,0.0,0.0,2012-03-31T02:09:32Z,ls7,qefs8q8q8rkf,0.17102594784302433,0.4197143035294886,0.4092597486274871
0.3958130750605327,0.41709636803874095,0.3688103680156498,0.1689094430992736,0.0014527845036319612,0.0025181598062953997,2012-04-16T02:09:29Z,ls7,qefs8q8q8rkf,0.17135412189787888,0.42313313323795054,0.40154180055424316
0.3441901816776189,0.4630954773869347,0.20925541019684557,0.17746733668341708,0.00038654812524159255,0.0011596443757247777,2012-05-02T02:09:54Z,ls7,qefs8q8q8rkf,0.179936429524323,0.4695384981097382,0.34897887986497234
0.33296458765353326,0.4713622587334503,0.23352488079227285,0.17964507895996173,0.000957090445047057,0.0015951507417450949,2012-05-18T02:10:08Z,ls7,qefs8q8q8rkf,0.18210538001605583,0.4778177267578389,0.3375246520393131
0.3387008281573499,0.45538080449571133,0.17324856339405792,0.18850709849157055,0.0007394262052647146,0.0027358769594794437,2012-06-03T02:09:48Z,ls7,qefs8q8q8rkf,0.19118067734887878,0.46183942860411964,0.3435045908822575
0.31431558385183045,0.453461148893069,0.15503117740555084,0.21448922008392418,0.0014469686007813631,0.0028939372015627262,2012-06-19T02:09:52Z,ls7,qefs8q8q8rkf,0.21741376861215272,0.4596440663146772,0.31860125927082583
0.34105769926880475,0.42453196264388615,0.1555813669152708,0.21715268225584597,0.001085933540867299,0.002171867081734598,2012-07-05T02:10:03Z,ls7,qefs8q8q8rkf,0.22024617479520514,0.43057971874579365,0.34591630583639943
0.7766666666666667,0.049999999999999996,0.99981660349676,0.16,0.0,0.0,2012-07-21T02:10:16Z,ls7,qefs8q8q8rkf,0.16216216216216217,0.05067567567567567,0.7871621621621622
0.34564965617082877,0.4586217879116902,0.15545910257977746,0.18004632645674992,0.00043431053203040176,0.0015200868621064061,2012-08-06T02:10:27Z,ls7,qefs8q8q8rkf,0.1825573506481057,0.46501797730801053,0.35047027464974706
0.36744607967520937,0.458943161634103,0.5181562538207605,0.13749936564323775,0.0040598832783557475,0.019157574219741184,2012-08-22T02:10:37Z,ls7,qefs8q8q8rkf,0.13933869432281007,0.4650824431903355,0.3723614049887576
0.36427479264334656,0.46188748647674,0.15240249419244412,0.1592621709340065,0.00021637216011539847,0.000576992426974396,2012-09-07T02:10:48Z,ls7,qefs8q8q8rkf,0.16148961795984354,0.46834746314282655,0.3693695543102402
0.37198311931900163,0.47082167075458087,0.15258589069568407,0.14329533977780984,7.213966238638003e-05,0.0,2012-09-23T02:10:56Z,ls7,qefs8q8q8rkf,0.14530471922964872,0.47742383515268094,0.3771993059552839
0.37475630857966835,0.476971160778659,0.15209683335371071,0.13432299927901947,7.209805335255949e-05,0.0,2012-10-09T02:11:04Z,ls7,qefs8q8q8rkf,0.13621342834293526,0.4836839363258506,0.3800305372778617
0.3593456781087609,0.5209800190294958,0.16475119207727107,0.10578423479470102,0.0,0.00014638073629510357,2012-10-25T02:11:15Z,ls7,qefs8q8q8rkf,0.1072585789833767,0.528241061896261,0.36435397838406725
0.409301180389601,0.46409950032587444,0.15582589558625748,0.1124578173654863,0.0,0.0,2012-11-10T02:11:18Z,ls7,qefs8q8q8rkf,0.11407095195141374,0.4707567072042028,0.4151723408443835
0.38255228590298673,0.48471343655977106,0.16695195011615116,0.11889484112423866,0.0,0.0,2012-11-26T02:11:25Z,ls7,qefs8q8q8rkf,0.12056337022013766,0.4915157373528565,0.3879208924270059
0.3430042355788625,0.5567073416700282,0.3938134246240371,0.08671944332392094,0.0,0.002319483662767245,2012-12-12T02:11:29Z,ls7,qefs8q8q8rkf,0.08770841263857095,0.5630561656136451,0.34691593808501675
,,1.0,,,,2012-12-28T02:11:35Z,ls7,qefs8q8q8rkf,,,
0.2730669757228254,0.5656215688666585,0.49889962098055995,0.1445223862388679,0.0001219958521410272,0.004635842381359034,2013-01-13T02:11:34Z,ls7,qefs8q8q8rkf,0.14629085946272347,0.5725428952120635,0.27640840709171294
0.3781860498945378,0.4503643901374646,0.15949382565105763,0.15750672776201904,0.0,0.0,2013-01-29T02:11:38Z,ls7,qefs8q8q8rkf,0.15973387031341046,0.45673253523931756,0.3835335944472719
0.382705717118308,0.4658418704560476,0.26005624159432694,0.13754048248512887,8.261731658955717e-05,0.00024785194976867153,2013-02-14T02:11:37Z,ls7,qefs8q8q8rkf,0.13943483727015707,0.47225794345812033,0.38797675000536436
0.38223790756001436,0.47844285202436404,0.1469005990952439,0.12530634181297026,7.165890361877464e-05,7.165890361877464e-05,2013-03-02T02:11:34Z,ls7,qefs8q8q8rkf,0.12706898802760094,0.48517296216752487,0.38761473199763646
0.384765703607877,0.46957884145465,0.14940701797285727,0.1316796032772747,0.0,7.187005893344832e-05,2013-03-18T02:11:32Z,ls7,qefs8q8q8rkf,0.13353642471954036,0.4762003989316365,0.39019130628988963
0.3595315857327031,0.5036513393496634,0.14647267392101726,0.12303609798023206,7.162297665090961e-05,7.162297665090961e-05,2013-04-03T02:11:28Z,ls7,qefs8q8q8rkf,0.12473747786274242,0.5106159803829526,0.36450329580100316
0.36821249541508744,0.4840579532950239,0.0,0.1326953172759506,0.0,6.113216774666829e-05,2013-04-06T02:15:41Z,ls8,qefs8q8q8rkf,0.1347125046429617,0.4914164314111536,0.3738099317781381
0.39016280955648436,0.45776058885908555,0.019990218853160546,0.13656789969434222,0.0,0.0,2013-04-11T02:19:22Z,ls8,qefs8q8q8rkf,0.1387192552707513,0.4649716962840839,0.39630904844516485
0.38963091118800464,0.4758297289504037,0.15197456901821738,0.12030925605536333,0.0001441753171856978,7.20876585928489e-05,2013-04-19T02:11:23Z,ls7,qefs8q8q8rkf,0.12201958903601084,0.48259419001748854,0.395169957970722
0.34900599095243917,0.5000904756082651,0.0,0.13581978236948283,0.0001833965032400049,0.00024452867098667317,2013-04-27T02:17:10Z,ls8,qefs8q8q8rkf,0.13784081825527075,0.5075319600497256,0.35419929652077686
0.4002458662832495,0.47052192667145937,0.14965154664384395,0.1141703810208483,0.0007907979870596693,0.00021567217828900073,2013-05-05T02:11:19Z,ls7,qefs8q8q8rkf,0.11579962575540785,0.47723641220325685,0.4059574918759865
,,1.0,,,,2013-05-13T02:17:22Z,ls8,qefs8q8q8rkf,,,
0.3588392275981775,0.4553959644174441,0.15472551656681743,0.17049540753598033,0.0008678672163159037,0.0005785781442106024,2013-05-21T02:11:17Z,ls7,qefs8q8q8rkf,0.1728887020696643,0.46178849245120956,0.36387636011859953
0.5205555555555557,0.285,0.99889962098056,0.17500000000000002,0.0,0.0,2013-05-29T02:17:29Z,ls8,qefs8q8q8rkf,0.1784702549575071,0.29065155807365434,0.5308781869688386
0.333900238215549,0.4487475637046127,0.15313608020540403,0.2014509492528694,0.0015159171298635675,0.0007940518299285353,2013-06-06T02:11:07Z,ls7,qefs8q8q8rkf,0.20423316620776402,0.4549451670658132,0.3385116977666308
0.33308276111311896,0.4401973256234189,0.15423645922484408,0.21106252258764005,0.0013733285146367907,0.0005782435851102277,2013-06-22T02:11:03Z,ls7,qefs8q8q8rkf,0.2140013211476059,0.44632655809341254,0.3377205486592345
0.3390769042670253,0.41859579410685904,0.0,0.22285976280718914,0.0023230223743733952,0.0015283041936667073,2013-06-30T02:17:23Z,ls8,qefs8q8q8rkf,0.22640908472763555,0.4252624584212941,0.34447713028303023
0.30367662868200385,0.4252182326381423,0.14702286343073723,0.2535970758976564,0.003010105353687379,0.0007883609259657421,2013-07-08T02:10:51Z,ls7,qefs8q8q8rkf,0.2571357447183159,0.4311516863125836,0.30791410268944736
0.28611016016627955,0.4052060154053063,0.0,0.2901265435872356,0.0015283041936667073,0.001222643354933366,2013-07-16T02:17:24Z,ls8,qefs8q8q8rkf,0.29479909019178335,0.41173194015529424,0.2907180221043224
0.0,0.0,0.9972490524513999,0.0,0.0,1.0,2013-07-24T02:10:45Z,ls7,qefs8q8q8rkf,0.0,0.0,0.0
0.29149223621469617,0.38744345274483427,0.0,0.3022680034234014,0.0021396258711333903,0.000611321677466683,2013-08-01T02:17:26Z,ls8,qefs8q8q8rkf,0.3072109107827559,0.3937792113174134,0.29625893035123074
0.27979409451633663,0.42160649174233217,0.14494436972735059,0.28233788517909486,0.0019303639093443913,0.0002859798384213913,2013-08-09T02:10:37Z,ls7,qefs8q8q8rkf,0.28636892380633433,0.4276259179083609,0.2837888145375389
0.322347475241472,0.4006608387333415,0.0,0.2594369727350532,0.001222643354933366,0.00024452867098667317,2013-08-17T02:17:26Z,ls8,qefs8q8q8rkf,0.263685253082873,0.4072216598429454,0.3276259150482616
0.3414523536165327,0.4069324052812859,0.14806211028243066,0.23651980482204366,0.0008610792192881745,7.175660160734788e-05,2013-08-25T02:10:49Z,ls7,qefs8q8q8rkf,0.23992088104788736,0.4127839580938248,0.34636232503739245
0.338421567428781,0.4251888983983372,0.0,0.21998777356645066,0.0006724538452133513,6.113216774666829e-05,2013-09-02T02:17:28Z,ls8,qefs8q8q8rkf,0.2234920568262431,0.4319619218020983,0.34381243535869876
0.3485099791051229,0.4319533107572592,0.15154664384399075,0.20500756538655523,0.00036025650262987244,7.20513005259745e-05,2013-09-10T02:11:01Z,ls7,qefs8q8q8rkf,0.20794013128330274,0.4381322610107555,0.35349529990278594
0.36822838977870154,0.42053857439784814,0.0,0.19482393935688957,0.00042792517422667807,6.113216774666829e-05,2013-09-18T02:17:23Z,ls8,qefs8q8q8rkf,0.19797728769086234,0.42734525645820576,0.3741883985089587
0.37494500754798366,0.42883329739055426,0.14959041447609733,0.18169578031773415,0.0002875422327654374,7.188555819135935e-05,2013-09-26T02:11:10Z,ls7,qefs8q8q8rkf,0.1843077119146725,0.43499790527145793,0.38033495502291287
0.3556376085095978,0.45465276928719894,0.0,0.1741227533928353,0.00012226433549333658,6.113216774666829e-05,2013-10-04T02:17:19Z,ls8,qefs8q8q8rkf,0.17684731579956203,0.4617668874548541,0.36120240024234396
0.3800175554092604,0.43279057859703024,0.16426213473529772,0.17272694023846097,0.00021944261575597982,0.0,2013-10-12T02:11:24Z,ls7,qefs8q8q8rkf,0.1752236334350869,0.4390463791783133,0.38551054477084384
0.3717392101723927,0.4544485878469251,0.0,0.1581684802543098,0.00012226433549333658,6.113216774666829e-05,2013-10-20T02:17:15Z,ls8,qefs8q8q8rkf,0.16065267850524076,0.4615861691479038,0.37757775584361564
0.33228873496172073,0.5113270142180095,0.16157231935444427,0.14259569814072184,7.291286912139993e-05,7.291286912139993e-05,2013-10-28T02:11:29Z,ls7,qefs8q8q8rkf,0.14456829152120257,0.5184004413736594,0.3368854413668954
0.32601922808973105,0.5157558868608054,0.5612544320821616,0.1434972829873206,0.00013933398355858994,0.00027866796711717987,2013-11-05T02:17:10Z,ls8,qefs8q8q8rkf,0.14558136525830298,0.5232464656201008,0.33075416717092054
0.37098662207357863,0.4761124036643886,0.15918816481232423,0.13887523629489607,7.270612185546023e-05,0.0,2013-11-13T02:11:36Z,ls7,qefs8q8q8rkf,0.14084053160650842,0.48285011659065274,0.3762366456809833
0.3387141768292683,0.5144946646341464,0.19794595916371194,0.13067759146341462,0.0005335365853658537,0.0011432926829268292,2013-11-21T02:17:02Z,ls8,qefs8q8q8rkf,0.13259504663079427,0.52204393488197,0.34368418921894306
0.3591900718484651,0.5016430800493504,0.15765986061865755,0.12525364685390813,0.0,0.0,2013-11-29T02:11:43Z,ls7,qefs8q8q8rkf,0.12702091439867702,0.5087210179513354,0.3642580676499876
0.35356706198801807,0.48729062232546766,0.0,0.14410013449076906,0.0,6.113216774666829e-05,2013-12-07T02:17:02Z,ls8,qefs8q8q8rkf,0.14629187421660644,0.494702233832653,0.358944759782994
0.3475152483299448,0.4890161196630846,0.15808778579288418,0.14967833284925935,0.0,0.0,2013-12-15T02:11:45Z,ls7,qefs8q8q8rkf,0.1517713045424559,0.49585409598529834,0.35237459947224575
0.32515099645433426,0.512164078738232,0.0,0.14796429881403594,0.0,6.113216774666829e-05,2013-12-23T02:16:53Z,ls8,qefs8q8q8rkf,0.15016578783542964,0.5197843196039797,0.3299887603928441
0.3736477564494437,0.4492804743856217,0.0,0.16158821371805845,0.0,0.0,2014-01-08T02:16:43Z,ls8,qefs8q8q8rkf,0.16412952227669902,0.4563463382163738,0.3795241395069272
0.3779654892707028,0.46615662561757976,0.17098667318743122,0.141850895951626,0.0,0.0,2014-01-16T02:12:01Z,ls7,qefs8q8q8rkf,0.14386894407057782,0.4727884237120048,0.38334263221741743
0.31282746450629656,0.5489773000721906,0.2378652647022863,0.12419347076281384,0.0,0.0,2014-01-24T02:16:33Z,ls8,qefs8q8q8rkf,0.12595709232666583,0.5567731060716994,0.31726980160163476
0.3017846765560483,0.5156430646887903,0.20051351020907204,0.16749502982107356,0.0003058571647040832,0.0016057501146964368,2014-02-01T02:12:18Z,ls7,qefs8q8q8rkf,0.1697339629196335,0.5225357487631052,0.30581868103786086
0.32412153074948036,0.4315937156131557,0.0,0.2285047071769165,0.00024452867098667317,0.00012226433549333658,2014-02-09T02:16:22Z,ls8,qefs8q8q8rkf,0.2320831765571361,0.43835263500303556,0.3291973954333484
0.35841069849690543,0.42846669613911,0.1703142193422179,0.19896993810786914,0.0002947244326554671,0.0,2014-02-17T02:12:09Z,ls7,qefs8q8q8rkf,0.2017668356946505,0.43448960331716807,0.36344883655552596
0.3539797041203081,0.44488568284631375,0.0,0.18554957818804255,0.00012226433549333658,6.113216774666829e-05,2014-02-25T02:16:09Z,ls8,qefs8q8q8rkf,0.18845258921381627,0.45184613004928637,0.3595178842336574
0.36402968784108275,0.45321036163865236,0.15986061865753765,0.1686269373499236,0.00021829294913774285,7.276431637924761e-05,2014-03-05T02:12:12Z,ls7,qefs8q8q8rkf,0.17099452513036978,0.45957361137235664,0.3691408062317565
0.3502714900218603,0.4704872717015725,0.13308472918449687,0.1639997179324448,7.051688879486637e-05,0.0002115506663845991,2014-03-13T02:15:57Z,ls8,qefs8q8q8rkf,0.16649103543667965,0.47763443750336154,0.3555924595047794
0.3626997408367272,0.46659903739355796,0.1744100745812447,0.15711366160681228,0.0,0.0,2014-03-21T02:12:20Z,ls7,qefs8q8q8rkf,0.15927785909995118,0.47302631085088015,0.3676958300491686
0.3525244544770504,0.4673908954100828,0.025064188776134033,0.1650056433408578,0.0,0.0,2014-03-29T02:15:39Z,ls8,qefs8q8q8rkf,0.16753185735240192,0.4745465866031048,0.3579215560444933
,,1.0,,,,2014-04-06T02:12:24Z,ls7,qefs8q8q8rkf,,,
0.3923810979337327,0.4310991563760851,0.0,0.16055385743978481,6.113216774666829e-05,0.00012226433549333658,2014-04-14T02:15:25Z,ls8,qefs8q8q8rkf,0.1631289103772408,0.4380133667641935,0.3986743263553258
0.43300502293077087,0.4190652981000219,0.16022741166401766,0.13373880759991266,0.0,0.0,2014-04-22T02:12:36Z,ls7,qefs8q8q8rkf,0.13566399794418282,0.4250978063898699,0.4392381956659474
0.2752091254752852,0.040804816223067183,0.9035334392957575,0.07836501901140683,0.019011406844106463,0.5836501901140685,2014-05-24T02:12:47Z,ls7,qefs8q8q8rkf,0.07895307460696425,0.04111101790346459,0.2772743105313962
0.27036679300648,0.3717080327668419,0.0,0.3386459224844113,0.0018950972001467172,0.001406039858173371,2014-06-01T02:15:02Z,ls8,qefs8q8q8rkf,0.3441632151452625,0.37776398048391013,0.27477166731250735
,,1.0,,,,2014-06-09T02:12:50Z,ls7,qefs8q8q8rkf,,,
0.30565778212495415,0.39389534172881774,0.0,0.28122142071157846,0.0014671720259200392,0.0017728328646533806,2014-06-17T02:15:08Z,ls8,qefs8q8q8rkf,0.28580499309080654,0.4003153640873084,0.3106396379313116
0.2781636639895811,0.4319231604080747,0.15509230957329745,0.2712437594964185,0.0026770855943853557,0.0024600246002460025,2014-06-25T02:12:53Z,ls7,qefs8q8q8rkf,0.27498414381774455,0.43787927390615977,0.2819994720814645
0.31702041814402737,0.41919305538574403,0.0,0.24448710111260546,0.0014671720259200392,0.0022007580388800586,2014-07-03T02:15:13Z,ls8,qefs8q8q8rkf,0.24838400814928305,0.42587462001563714,0.3220734417702797
0.3254956257682019,0.42991034632347624,0.15448098789583076,0.22657580796760898,0.002313643265129058,0.0016629310968115103,2014-07-11T02:12:57Z,ls7,qefs8q8q8rkf,0.22981568192129176,0.4360577604978584,0.3301499832189092
0.3434833109182052,0.41797407996087543,0.0,0.21891979459591637,0.0014671720259200392,0.0023841545421200636,2014-07-19T02:15:18Z,ls8,qefs8q8q8rkf,0.22244159309874204,0.4246980972738974,0.34900898305932054
0.3571079459185887,0.41697274239028276,0.15448098789583076,0.208454920107006,0.0019521365049526426,0.001229122984599812,2014-07-27T02:13:02Z,ls7,qefs8q8q8rkf,0.21148523181698242,0.42303428021993744,0.36229922847352786
0.38683213106736763,0.39888494926030077,0.0,0.1962898887394547,0.0006724538452133513,0.0009781146839466927,2014-08-04T02:15:25Z,ls8,qefs8q8q8rkf,0.19955652556383655,0.4055231529513475,0.39326975295565586
0.37689682482540143,0.4280999352005184,0.15093532216652406,0.17954568363453094,0.0008639930880552956,0.00028799769601843187,2014-08-12T02:13:05Z,ls7,qefs8q8q8rkf,0.18215451229801338,0.4343202985040409,0.38237319841387196
0.39302848759016995,0.4062617679422913,0.0,0.18337143905122877,0.0005501895097200147,0.0004890573419733463,2014-08-20T02:15:30Z,ls8,qefs8q8q8rkf,0.1864129556185762,0.413000286788354,0.39954751074137645
0.39906342023989083,0.419433311786253,0.1488568284631373,0.16631113984055163,0.00043094160741219563,0.0002872944049414638,2014-08-28T02:13:02Z,ls7,qefs8q8q8rkf,0.1687554435116847,0.4255977959259057,0.4049285245500559
,,1.0,,,,2014-09-05T02:15:33Z,ls8,qefs8q8q8rkf,,,
0.3954780417566595,0.42566738660907133,0.15087418999877733,0.16353851691864651,0.0005759539236861051,0.00043196544276457883,2014-09-13T02:13:03Z,ls7,qefs8q8q8rkf,0.16591484411081886,0.43185262666553625,0.40122460985719405
0.391422545543465,0.4347805355177895,0.0,0.15762379263968698,0.00024452867098667317,0.0001833965032400049,2014-09-21T02:15:32Z,ls8,qefs8q8q8rkf,0.16014640955889617,0.4417387790460819,0.3976868862207953
0.4170893970893971,0.414881374587257,0.00024452867098667674,0.1515182829888712,0.00012229423994129877,0.00012229423994129877,2014-10-07T02:15:37Z,ls8,qefs8q8q8rkf,0.15402431033040606,0.4217432796174611,0.4239878215722503
0.4002458428899083,0.44197677752293574,0.14708399559848395,0.14298523509174313,0.00028669724770642203,7.167431192660551e-05,2014-10-15T02:13:24Z,ls7,qefs8q8q8rkf,0.14508003813756976,0.4484519516844191,0.4061096386183781
0.3777527815136325,0.4630706687859152,0.0,0.14353160533072504,6.113216774666829e-05,0.00012226433549333658,2014-10-23T02:15:39Z,ls8,qefs8q8q8rkf,0.14578609752181135,0.4703442529159986,0.38368625305895016
0.3995274401208373,0.4465532618859239,0.1500794718180707,0.13927353808530535,0.0001438538444939941,0.0001438538444939941,2014-10-31T02:13:34Z,ls7,qefs8q8q8rkf,0.14130295720300182,0.453060195932404,0.40534913917560633
0.3816558581928232,0.4659928355259094,0.010209072013693588,0.13666975480205054,6.176270767710456e-05,6.176270767710456e-05,2014-11-08T02:15:39Z,ls8,qefs8q8q8rkf,0.13882994148812494,0.4733582655771092,0.3876882675194116
0.38865617907176964,0.47698520779525716,0.2189142927008192,0.12019722939657199,0.00023479690068091102,7.826563356030368e-05,2014-11-16T02:13:40Z,ls7,qefs8q8q8rkf,0.12188566989061768,0.48368553811023596,0.3941157294649051
0.3821964787871378,0.4646796674410074,0.0,0.13756204915026285,6.113216774666829e-05,6.113216774666829e-05,2014-11-24T02:15:36Z,ls8,qefs8q8q8rkf,0.13971951805960092,0.4719675200246108,0.38819069758029506
0.3890927506873101,0.46311749385038337,0.15503117740555084,0.13332658081319637,0.0001446968600781363,7.234843003906815e-05,2014-12-02T02:13:48Z,ls7,qefs8q8q8rkf,0.13525384285800202,0.4698119486450646,0.39471716320681616
0.38098667318743124,0.4675944491991686,0.0,0.1358937522924563,6.113216774666829e-05,6.113216774666829e-05,2014-12-10T02:15:31Z,ls8,qefs8q8q8rkf,0.138019913791534,0.47491032132940564,0.3869475005435671
0.386997313194394,0.47249001524943723,0.1581489179606309,0.1262290320238182,7.261636772928619e-05,0.0,2014-12-18T02:13:56Z,ls7,qefs8q8q8rkf,0.12804886962627735,0.4793018800221559,0.3925766339838375
0.359622626197046,0.47395471514364557,0.24672942902555328,0.1511223827300763,0.0,0.0,2014-12-26T02:15:31Z,ls8,qefs8q8q8rkf,0.15347052409574508,0.48131902909884805,0.3652104468054069
0.3773602957164601,0.49235485975212007,0.1565594815992175,0.1161687323331159,0.0,0.0,2015-01-03T02:13:57Z,ls7,qefs8q8q8rkf,0.11783206295433693,0.4994045098454372,0.3827634272002258
0.3227686241374455,0.5058688917053936,0.13180095366181688,0.15199267708773415,0.0008449514152936206,0.0037318687508801577,2015-01-11T02:15:28Z,ls8,qefs8q8q8rkf,0.15428551458933085,0.5135000170202255,0.3276376482242699
0.3809951822823039,0.47970734162651896,0.149834943147084,0.1250219314014525,7.190623427051126e-05,0.0,2015-01-19T02:13:58Z,ls7,qefs8q8q8rkf,0.1268234148718711,0.4866196076337019,0.3864850712601565
0.3602940457268615,0.4859212617679423,0.0,0.1385670619880181,6.113216774666829e-05,0.0,2015-01-27T02:15:23Z,ls8,qefs8q8q8rkf,0.14069970724182165,0.4933999342443873,0.36583922634604443
0.34868303734561135,0.5118650880654827,0.16352854872233769,0.1257787035006943,0.0,0.0,2015-02-04T02:14:07Z,ls7,qefs8q8q8rkf,0.12752233824914364,0.5189609296446108,0.3535167321062455
0.36563760850959776,0.48349859396014183,0.0,0.1356553368382443,0.0,0.0,2015-02-12T02:15:15Z,ls8,qefs8q8q8rkf,0.13775030696706608,0.4909654222861194,0.3712842707468146
0.3763232293791897,0.4724329641503935,0.1610221298447243,0.13725153016613234,7.28650539201399e-05,0.0,2015-02-20T02:14:11Z,ls7,qefs8q8q8rkf,0.13918910169545412,0.479102271660065,0.38163576159056073
0.3057835797809812,0.5387879725298521,0.011920772710600325,0.14137350739342947,0.0,6.186970240673143e-05,2015-02-28T02:15:12Z,ls8,qefs8q8q8rkf,0.143379957397425,0.5464347456033021,0.31012342729686615
0.30250851387580613,0.46773712049851457,0.15631495292823083,0.15149047170494895,0.039127599449315265,0.025940149264546047,2015-03-08T02:14:19Z,ls7,qefs8q8q8rkf,0.15365930316212056,0.47443353492779844,0.30683941319621966
0.3080645555691405,0.40557647634185107,0.0,0.265551412153075,0.004890573419733464,0.0003056608387333415,2015-03-16T02:15:01Z,ls8,qefs8q8q8rkf,0.2697851136508328,0.41204260552347277,0.31297604656722766
0.28842188624910003,0.4694132469402448,0.15087418999877733,0.2262541396688265,0.0022318214542836573,0.00021598272138228941,2015-03-24T02:14:28Z,ls7,qefs8q8q8rkf,0.22934943004252395,0.4758350976372838,0.29236766814452636
,,1.0,,,,2015-04-01T02:14:50Z,ls8,qefs8q8q8rkf,,,
0.22560691144708425,0.3853462922966163,0.15087418999877733,0.3710071994240461,0.004319654427645789,0.00021598272138228941,2015-04-09T02:14:36Z,ls7,qefs8q8q8rkf,0.37610930562613576,0.3906455902911862,0.22870946693365
,,1.0,,,,2015-04-17T02:14:48Z,ls8,qefs8q8q8rkf,,,
0.519626168224299,0.23776869158878505,0.8953417288177039,0.22580607476635517,0.0,0.004672897196261682,2015-04-25T02:14:41Z,ls7,qefs8q8q8rkf,0.22859102172112664,0.24070117776864247,0.5260349033139693
0.25176794229123367,0.37693422178750463,0.0,0.3466469005990953,0.006418877613400171,0.0023841545421200636,2015-05-03T02:14:37Z,ls8,qefs8q8q8rkf,0.35227937282126026,0.38305881580560275,0.2558587792176166
0.21340400813244265,0.3866569851873366,0.15808778579288418,0.3820665117629974,0.003775776938716236,0.00065349985477781,2015-05-11T02:14:50Z,ls7,qefs8q8q8rkf,0.3872961824817392,0.3919494896371522,0.21632505108761446
0.3277170168790906,0.29595160179125046,0.29013326812568774,0.3589950051670685,0.0002583534274888047,0.0011195315191181536,2015-05-19T02:14:28Z,ls8,qefs8q8q8rkf,0.3648250964593137,0.30075786603363514,0.33303915256044414
0.2050477637863656,0.37562744246634816,0.1552757060765375,0.4026393110435664,0.0017368649587494573,0.0014473874656245477,2015-05-27T02:14:53Z,ls7,qefs8q8q8rkf,0.4081676806163695,0.3807849302393593,0.20786313671989717
0.2131617557158577,0.38226494681501405,0.0,0.3843538329869177,0.002812079716346742,0.0015894363614133756,2015-06-04T02:14:35Z,ls8,qefs8q8q8rkf,0.39055898697686386,0.3884363770346952,0.21660311991068076
0.20599293082305417,0.41224121762966165,0.15252475852793745,0.36359734545192235,0.003678857390175287,0.0011541513380942075,2015-06-12T02:15:01Z,ls7,qefs8q8q8rkf,0.36853582162941073,0.41784038786043576,0.20879078178188407
0.2663823971573049,0.3269072024053573,0.5526959285976281,0.3070247369140358,0.001913352466858002,0.08432417657509908,2015-06-20T02:14:44Z,ls8,qefs8q8q8rkf,0.3116108128919855,0.3317902658452576,0.2703613922207998
0.2411345475487726,0.40913181196458137,0.15081305783103072,0.3319372255417177,0.003023540421855878,0.001511770210927939,2015-06-28T02:15:03Z,ls7,qefs8q8q8rkf,0.3364188363197375,0.4146556562250101,0.24439019682246846
0.2706840689570852,0.39348025430981776,0.0,0.3156290500061132,0.002812079716346742,0.001650568529160044,2015-07-06T02:14:53Z,ls8,qefs8q8q8rkf,0.3207007897289748,0.3998029595104517,0.27503360251506687
0.61664,0.18685333333333334,0.9770754370949994,0.1857333333333333,0.0,0.0,2015-07-14T02:15:09Z,ls7,qefs8q8q8rkf,0.1877560923010567,0.18888828984257064,0.6233556178563727
0.3654560349535772,0.33875555902317234,0.21646900599095242,0.26770539127721,0.0028087696028711866,0.009050479831473824,2015-07-22T02:15:01Z,ls8,qefs8q8q8rkf,0.27217407482390427,0.3444102504947779,0.3715564252469728
0.2482030010099553,0.4269181936228539,0.15258589069568407,0.3078134468330688,0.0029577261578415813,0.0007213966238638004,2015-07-30T02:15:11Z,ls7,qefs8q8q8rkf,0.3120054482065543,0.4327322399955696,0.2515831890161706
0.2859671108937523,0.38980437706321064,0.0,0.30572197090108816,0.0017117006969067123,0.0009169825162000245,2015-08-07T02:15:03Z,ls8,qefs8q8q8rkf,0.3106677094344258,0.39611033709095406,0.2905932702615135
0.3113993153197212,0.39977381097933734,0.0,0.2714757305294046,0.0011003790194400293,0.0003667930064800098,2015-08-23T02:15:12Z,ls8,qefs8q8q8rkf,0.27586398442142235,0.406235931841986,0.31643291171067156
0.2926104793436015,0.44587735713257526,0.15062966132779065,0.24657981862674536,0.001151576219951058,7.197351374694113e-05,2015-08-31T02:15:16Z,ls7,qefs8q8q8rkf,0.2500113719900767,0.4520824551532599,0.29668262312296523
0.31905367404328155,0.4294015160777601,0.0,0.23513815869910745,0.0006724538452133513,0.0001833965032400049,2015-09-08T02:15:17Z,ls8,qefs8q8q8rkf,0.23885573840638952,0.43619043698825155,0.3240979742569056
0.32071082507773524,0.4487829922626365,0.1546032522313241,0.21632149830067252,0.00021693542555499312,0.00014462361703666208,2015-09-16T02:15:21Z,ls7,qefs8q8q8rkf,0.21935476338814922,0.4550758378326663,0.32520783973659273
0.3397395769653992,0.4354181440273872,0.0,0.20888067000855853,0.0003056608387333415,0.0001833965032400049,2015-09-24T02:15:25Z,ls8,qefs8q8q8rkf,0.21216501032123777,0.4422644518415211,0.3450814804952678
0.33145312050618353,0.4587582686223756,0.14977381097933729,0.19550474547023294,0.0002876042565429968,0.0001438021282714984,2015-10-02T02:15:20Z,ls7,qefs8q8q8rkf,0.19825221137758478,0.4652052870807979,0.3361110951568028
0.30456591639871383,0.5104099678456592,0.011370583200880358,0.16963517190205293,6.183527083848628e-05,0.001113034875092753,2015-10-10T02:15:26Z,ls8,qefs8q8q8rkf,0.17208406461128317,0.5177783645935776,0.30896270064920806
0.32181711001400043,0.5206543364527301,0.17037535150996452,0.1444720359590303,0.0,0.0,2015-10-18T02:15:41Z,ls7,qefs8q8q8rkf,0.14638329198338637,0.5275422004642443,0.32607450755236933
0.3093484521238301,0.5043333333333334,0.15087418999877733,0.1725255579553636,0.00014398848092152627,0.0,2015-11-03T02:15:54Z,ls7,qefs8q8q8rkf,0.17491323443755477,0.5113130808759939,0.31362969620552966
0.2853515099645434,0.525276317398215,0.0,0.17487039980437707,0.0,0.00012226433549333658,2015-11-11T02:15:32Z,ls8,qefs8q8q8rkf,0.1774219522380673,0.532940679505905,0.2895151039205343
0.2927251496131952,0.5358962195299957,0.16236703753515103,0.1577798861480076,0.0,0.0,2015-11-19T02:16:12Z,ls7,qefs8q8q8rkf,0.15995507436923215,0.5432842027069321,0.2967607229238358
0.292973468639198,0.5260581978236948,0.0,0.16609976769776258,6.113216774666829e-05,0.0004890573419733463,2015-11-27T02:15:35Z,ls8,qefs8q8q8rkf,0.1685139419893241,0.5337041818888987,0.2972316866120573
0.34793612687327224,0.48804379455841695,0.15967722215429758,0.15033682525825695,0.0,0.0,2015-12-05T02:16:25Z,ls7,qefs8q8q8rkf,0.15242246039396928,0.4948144662414782,0.35276307336455254
0.2967889447236181,0.5386105527638191,0.7566939723682602,0.13044472361809048,0.0037688442211055275,0.017085427135678392,2015-12-13T02:15:33Z,ls8,qefs8q8q8rkf,0.13224119497086378,0.5460282420463267,0.3008762916260255
0.3531624243308293,0.49001021077966594,0.16181684802543095,0.14292247100867916,7.293414047115454e-05,0.0,2015-12-21T02:16:41Z,ls7,qefs8q8q8rkf,0.14492724504387763,0.4968835858383266,0.3581162349773245
0.3075406528915515,0.5332913559114806,0.0,0.1448587846925052,0.0,0.0,2015-12-29T02:15:33Z,ls8,qefs8q8q8rkf,0.14696168986097063,0.5410331104141484,0.31200519972488094
0.3216638618570279,0.5373622594570864,0.1645066634062844,0.1272934806468135,7.316894709885125e-05,0.0,2016-01-06T02:16:55Z,ls7,qefs8q8q8rkf,0.12904961684205105,0.5447756895007313,0.32610152471011883
0.3044772560528247,0.5253362680361947,0.00012226433549333837,0.15567926143311325,0.0,0.0,2016-01-14T02:15:30Z,ls8,qefs8q8q8rkf,0.15797098032598123,0.5330696233944134,0.30895939627960534
,,1.0,,,,2016-01-22T02:17:08Z,ls7,qefs8q8q8rkf,,,
0.2086381105443365,0.5412298232129131,0.12513754737743,0.2114457410383621,0.002655300118789742,0.023129061561036966,2016-01-30T02:15:29Z,ls8,qefs8q8q8rkf,0.21428359231399371,0.5484937658994484,0.2114382801067312
0.321809838472834,0.42411674008810574,0.1673798752903778,0.23817988252569752,0.0019089574155653451,0.00022026431718061675,2016-02-07T02:17:16Z,ls7,qefs8q8q8rkf,0.2415112125989762,0.43004869721166333,0.3263108684566146
0.3577227059611521,0.442357669122572,0.9087296735542243,0.18288010716677827,0.0,0.0026791694574681848,2016-02-15T02:15:21Z,ls8,qefs8q8q8rkf,0.18555185448726652,0.4488201976910721,0.36294877836419326
0.3279154078549849,0.4819047619047619,0.1501406039858173,0.17568767083872824,0.0007193209610128039,7.193209610128039e-05,2016-02-23T02:17:18Z,ls7,qefs8q8q8rkf,0.1781301479301001,0.48860438593390537,0.3324742130788806
0.3137228428483312,0.5069021999862929,0.10802054040836284,0.1651442670139127,6.853539853334247e-05,6.853539853334247e-05,2016-03-02T02:15:19Z,ls8,qefs8q8q8rkf,0.1675053472530738,0.5141494195792935,0.318208162370566
0.3502548920499675,0.47064481189977614,0.1533806088763907,0.16452018196259657,0.00043324427756516714,0.00028882951837677813,2016-03-10T02:17:29Z,ls7,qefs8q8q8rkf,0.1668338427107025,0.47726352830649504,0.35518055518686054
0.3528695439540286,0.45043220442596893,0.0,0.1804407629294535,0.0003056608387333415,0.0004890573419733463,2016-03-18T02:15:14Z,ls8,qefs8q8q8rkf,0.18327698691664818,0.457512237795687,0.3584160571069582
0.32911449016100175,0.4282409063804413,0.5899254187553491,0.15929487179487178,0.018336314847942754,0.052623732856290996,2016-03-26T02:17:34Z,ls7,qefs8q8q8rkf,0.1614479428036021,0.43402912209568073,0.33356288739648343
0.34024330602763175,0.46921811957452014,0.0,0.1748062110282431,0.00012226433549333658,0.00042792517422667807,2016-04-03T02:15:04Z,ls8,qefs8q8q8rkf,0.17750256940562933,0.4764557354469434,0.34549150563770725
0.3492584668052329,0.46058931409707793,0.0,0.17370338672209318,0.0001833965032400049,0.0008558503484533561,2016-04-19T02:14:59Z,ls8,qefs8q8q8rkf,0.17642484878893283,0.46780550239576846,0.3547304019636055
0.46819602272727273,0.3880032467532467,0.3974813546888373,0.13336343344155846,0.0,0.0,2016-04-27T02:17:46Z,ls7,qefs8q8q8rkf,0.13477006868564248,0.39209566569911397,0.4731342656152435
,,1.0,,,,2016-05-05T02:15:02Z,ls8,qefs8q8q8rkf,,,
0.362107959875875,0.4573825503355705,0.15289155153441736,0.16495489644223138,0.0002886627697192755,0.0012989824637367395,2016-05-13T02:17:49Z,ls7,qefs8q8q8rkf,0.16729521563514982,0.4638717251593757,0.36724541397201843
0.38321860863186213,0.4276127888494926,0.0,0.17062110282430615,0.0005501895097200147,0.0019562293678933853,2016-05-21T02:15:01Z,ls8,qefs8q8q8rkf,0.17340977257510018,0.4346017886248907,0.38948201992239573
0.36420858629661756,0.4450267418328997,0.15417532705709747,0.17425773344897366,0.0004336513443191674,0.0019514310494362533,2016-05-29T02:17:54Z,ls7,qefs8q8q8rkf,0.17675987883222571,0.45141682613769163,0.36943821263632715
0.3595836355723197,0.4568468011025678,0.15723193544443081,0.16622950819672133,0.0015232844915131292,0.001813433918468011,2016-06-14T02:17:58Z,ls7,qefs8q8q8rkf,0.16859835185211067,0.46335706909299,0.364707860644918
0.4381017369727047,0.4065880893300249,0.7536373639809267,0.1330967741935484,0.0,0.01141439205955335,2016-06-30T02:17:59Z,ls7,qefs8q8q8rkf,0.13456674019081352,0.41107858633740535,0.4429402814122278
0.3212828192709661,0.40948253887331126,0.04071402371928112,0.23066020902370638,0.008093295946979353,0.016186591893958706,2016-07-08T02:15:20Z,ls8,qefs8q8q8rkf,0.23408968172355687,0.415570754929628,0.3260596755058771
0.29368972149013467,0.40262411852696056,0.1417654970045238,0.2841997293254505,0.004416268965025999,0.0014246028919438706,2016-07-16T02:17:59Z,ls7,qefs8q8q8rkf,0.28815486491851783,0.40822733632591124,0.297776926898601
0.2690243375576037,0.35738263248847923,0.15099645433427067,0.3555918778801844,0.002880184331797235,0.0015841013824884793,2016-08-01T02:18:02Z,ls7,qefs8q8q8rkf,0.3604937163492763,0.3623091565321685,0.27273284140426957
0.27522252109059786,0.33315808778579287,0.0,0.37165790438928964,0.0021396258711333903,0.0014671720259200392,2016-08-09T02:15:27Z,ls8,qefs8q8q8rkf,0.3778600579760329,0.3387177640491258,0.27981538007778795
0.3487506322711178,0.31992412746585736,0.7582834087296736,0.3166287303995953,0.0,0.0015174506828528073,2016-08-17T02:18:03Z,ls7,qefs8q8q8rkf,0.32086384051336214,0.3242033156057294,0.35341539319805565
0.28998104902799854,0.3400843623914904,0.0,0.3511511187186697,0.001222643354933366,0.0009781146839466927,2016-08-25T02:15:34Z,ls8,qefs8q8q8rkf,0.357085627187664,0.34583184095897795,0.2948817738144778
0.28339756592292087,0.3727252970153579,0.15613155642499088,0.3276354679802956,0.001303969863807592,0.0007968704723268617,2016-09-02T02:18:07Z,ls7,qefs8q8q8rkf,0.3323449956132323,0.37808295898220556,0.28747120506842777
0.33568040102702046,0.34508375106981287,0.0,0.30274911358356765,6.113216774666829e-05,0.0,2016-09-10T02:15:39Z,ls8,qefs8q8q8rkf,0.30780531024616115,0.350846976236095,0.34128658134999723
0.32133478893740897,0.3853406113537118,0.1600440151607776,0.2780298398835517,0.0008005822416302765,0.0002183406113537118,2016-09-18T02:18:09Z,ls7,qefs8q8q8rkf,0.2820605980289235,0.39092711533690677,0.3259933637811857
0.34378102457513143,0.3731030688348209,0.0,0.265129600195623,0.001039246851693361,0.0005501895097200147,2016-09-26T02:15:39Z,ls8,qefs8q8q8rkf,0.2695565197229366,0.37933284197183326,0.3495212019438169
0.3466922631121414,0.3994559547957114,0.15613155642499088,0.23848956824108955,0.0005795421616922632,0.00043465662126919734,2016-10-04T02:18:11Z,ls7,qefs8q8q8rkf,0.2419648075289197,0.4052767755473361,0.35174421814078266
0.3592718713700557,0.39622180106376476,6.113216774661367e-05,0.2277129057895702,0.00018340771535122578,0.00036681543070245156,2016-10-12T02:15:44Z,ls8,qefs8q8q8rkf,0.2314748679665977,0.4027676374718822,0.36520727141546644
0.3677506596306069,0.41573145705071823,0.16591270326445773,0.20202873057754325,0.0001465845793022574,0.0,2016-10-20T02:18:09Z,ls7,qefs8q8q8rkf,0.20496894259754872,0.4217817778324238,0.3731026949907253
,,1.0,,,,2016-10-28T02:15:46Z,ls8,qefs8q8q8rkf,,,
0.3772721121314645,0.43393136781053643,0.36758772466071643,0.17287675205413242,0.00019333011116481392,0.0016433059449009182,2016-11-05T02:18:03Z,ls7,qefs8q8q8rkf,0.17535078418152014,0.44014134186597453,0.38267123789643953
0.34796429881403595,0.43784386844357503,0.0,0.19831091820515956,0.00012226433549333658,0.0,2016-11-13T02:15:45Z,ls8,qefs8q8q8rkf,0.20148646112201157,0.4448550406357419,0.35353623390675315
0.35615895953757226,0.4388721098265896,0.1539307983861108,0.19064450867052024,7.225433526011561e-05,0.0,2016-11-21T02:17:57Z,ls7,qefs8q8q8rkf,0.19340109263777225,0.4452178883127291,0.36130876471423845
0.3369702897664751,0.4626726983738843,0.0,0.1849046338183152,0.00012226433549333658,0.0,2016-11-29T02:15:46Z,ls8,qefs8q8q8rkf,0.18778373178975796,0.4698768446401108,0.34221715923463786
0.33957035755478665,0.4691421568627451,0.15197456901821738,0.17711937716262977,0.0001441753171856978,0.0,2016-12-07T02:17:54Z,ls7,qefs8q8q8rkf,0.1796389855438629,0.4758159298251229,0.34440090931382866
0.32031116273383053,0.48192566328402003,0.0,0.18259016994742636,0.0001833965032400049,0.0,2016-12-15T02:15:42Z,ls8,qefs8q8q8rkf,0.18536929257285367,0.48926083644800983,0.32518647447589655
0.3353413108512375,0.5354963285286919,0.7752170191955007,0.117990209409845,0.0,0.0,2016-12-23T02:17:48Z,ls7,qefs8q8q8rkf,0.11932330744350812,0.5415465686813791,0.33913012387511277
0.346118718669764,0.45966071646900597,0.0,0.17865386966621838,0.00024452867098667317,0.0,2016-12-31T02:15:39Z,ls8,qefs8q8q8rkf,0.18143451953637843,0.4668150843758149,0.3515058674168199
0.34692080845860607,0.4752959792850464,0.1500794718180707,0.16374667337984608,7.192692224699705e-05,0.0,2017-01-08T02:17:39Z,ls7,qefs8q8q8rkf,0.16606588584837303,0.48202779458636585,0.35183439264301414
0.24067309096218428,0.5745145276682727,0.5813057831030688,0.1610147466783472,0.0001460067163089502,0.010512483574244415,2017-01-16T02:15:35Z,ls8,qefs8q8q8rkf,0.1631819161940351,0.5822471757416181,0.24391241777379344
0.3128310079726651,0.5185343109339409,0.14121530749480382,0.1548889521640091,7.118451025056947e-05,0.0,2017-01-24T02:17:28Z,ls7,qefs8q8q8rkf,0.15703650773717862,0.5257238569523467,0.3171684508002242
,,1.0,,,,2017-02-01T02:15:28Z,ls8,qefs8q8q8rkf,,,
0.26596751464807533,0.3776451828228139,0.1757549822716713,0.32469183416153674,0.004746718089445969,0.012756804865386042,2017-02-17T02:15:21Z,ls8,qefs8q8q8rkf,0.32945067669077205,0.3831801355622904,0.26986566479210566
0.2073398016074144,0.3636492650785606,0.15570363125076414,0.4126978495402216,0.002389399753819419,0.00043443631887625804,2017-02-25T02:17:28Z,ls7,qefs8q8q8rkf,0.4183571537622596,0.36863596860389497,0.21018304156114964
0.2459616089986551,0.3418529160044015,0.0,0.39229306761217747,0.0029954762195867467,0.0007947181807066878,2017-03-05T02:15:15Z,ls8,qefs8q8q8rkf,0.3987380605646024,0.34746922640168953,0.25000251863341466
0.23156866968195852,0.4099892311005815,0.1484900354566573,0.3429880106253141,0.0016512312441668462,0.00021537798836958864,2017-03-13T02:17:35Z,ls7,qefs8q8q8rkf,0.3477215049814086,0.41564739305188697,0.23476449273416802
0.26522852371822625,0.4039798379615313,0.01155397970412031,0.3125969447708578,0.0020409425443750386,0.0004947739501515245,2017-03-21T02:15:05Z,ls8,qefs8q8q8rkf,0.31758260572973124,0.4104229799691195,0.26945869780662274
0.21561220105971643,0.4410453959616211,0.14622814525003058,0.3243247887727338,0.004940569955606473,0.0007160246312473149,2017-03-29T02:17:40Z,ls7,qefs8q8q8rkf,0.32874210546312177,0.44705245202468774,0.21854884792533663
0.29004523780413255,0.39439173493092067,0.0,0.29736826017850587,0.001406039858173371,0.0009169825162000245,2017-04-06T02:14:58Z,ls8,qefs8q8q8rkf,0.3021754795258899,0.400767424042698,0.2947340740570387
0.29415721464465183,0.41771715721464464,0.14842890328891067,0.27204881550610194,0.0015793251974156497,0.0006460875807609476,2017-04-14T02:17:45Z,ls7,qefs8q8q8rkf,0.27587864386306127,0.42359766439830193,0.29829827896046024
0.3064457757672087,0.4043483310918205,0.0,0.27110282430614996,0.0007947181807066878,0.001222643354933366,2017-04-22T02:14:48Z,ls8,qefs8q8q8rkf,0.27554410581071176,0.41097247736869796,0.3114660552849501
0.2862832437145764,0.44632102892021513,0.15869910747035088,0.2507237320156954,0.0013806132829530591,0.0012352855689580003,2017-04-30T02:17:52Z,ls7,qefs8q8q8rkf,0.25430768056062086,0.45270092598583517,0.2903754946016331
0.31617312629905864,0.41246546032522313,0.0,0.25269164934588584,0.0006724538452133513,0.0020173615356400536,2017-05-08T02:14:46Z,ls8,qefs8q8q8rkf,0.2568064716886225,0.4191820340471755,0.3213216788833486
0.3078910432643612,0.4278476342063377,0.15503117740555084,0.24713066126465058,0.0014469686007813631,0.0013022717407032266,2017-05-16T02:17:55Z,ls7,qefs8q8q8rkf,0.2507466964003485,0.4341079342035063,0.31239612905466047
0.3048911847414109,0.4332479520723805,0.0,0.2414518889839834,0.0014671720259200392,0.0031788727228267513,2017-05-24T02:14:57Z,ls8,qefs8q8q8rkf,0.2453371727322334,0.4402194909335284,0.30979729158549146
0.3145308874709977,0.4342452146171694,0.1568651424379508,0.23308149651972157,0.002320185614849188,0.0015226218097447795,2017-06-01T02:17:59Z,ls7,qefs8q8q8rkf,0.23647605268173416,0.44056948227081594,0.3191116576228558
0.334229734686392,0.4142474630150385,0.0,0.23062905000611322,0.001406039858173371,0.0036067978970534295,2017-06-09T02:15:05Z,ls8,qefs8q8q8rkf,0.23436980872512356,0.4209664769860033,0.33965087653364623
,,1.0,,,,2017-06-17T02:18:03Z,ls7,qefs8q8q8rkf,,,
0.31051595549578187,0.4219922973468639,0.0,0.24665912703264456,0.0007947181807066878,0.0037901944002934345,2017-06-25T02:15:11Z,ls8,qefs8q8q8rkf,0.25075203846064126,0.4289945806887203,0.31566846826963835
0.31915510442529577,0.4424762669782386,0.16285609487712438,0.2208134949612969,0.0012414195998247408,0.0018256170585657953,2017-07-03T02:18:05Z,ls7,qefs8q8q8rkf,0.22406982764550942,0.4490014566203034,0.32386167907579666
0.33081489179606305,0.40999694339161263,0.0,0.23904939479153933,0.001039246851693361,0.002689815380853405,2017-07-11T02:15:14Z,ls8,qefs8q8q8rkf,0.2430527481189973,0.4168631503904036,0.3363550392580523
0.3227456836890799,0.43522838202083486,0.16083873334148424,0.22437677569753045,0.0016026808479638669,0.0015298317185109638,2017-07-19T02:18:05Z,ls7,qefs8q8q8rkf,0.22769249355715737,0.44165995014902815,0.3275150437273397
0.33176488568284634,0.41668541386477564,0.0,0.2324642376818682,0.0007947181807066878,0.0019562293678933853,2017-07-27T02:15:21Z,ls8,qefs8q8q8rkf,0.23633530950805295,0.4236241980067111,0.33728954493663593
0.34027679153684515,0.4266944424317079,0.15631495292823083,0.21652488950076082,0.0010868777624809796,0.0007245851749873198,2017-08-04T02:18:03Z,ls7,qefs8q8q8rkf,0.21975954712050713,0.43306881552432314,0.3453601744177015
0.3925920180510506,0.39486673247778875,0.5665117985083752,0.1969679875899027,0.0,0.0,2017-08-12T02:15:27Z,ls8,qefs8q8q8rkf,0.20008394729943257,0.40111337612831044,0.398802676572257
0.33344107841716186,0.4244557182200319,0.15649834943147078,0.22654370198579507,0.00014494854326714017,0.0009421655312364111,2017-08-20T02:18:02Z,ls7,qefs8q8q8rkf,0.22987415029696098,0.4306956967209538,0.33834303890758155
0.2708222643896268,0.49056925996204936,0.9033500427925174,0.22319418089816573,0.0,0.0,2017-08-28T02:15:31Z,ls8,qefs8q8q8rkf,0.22668842306778103,0.49824942343395673,0.27506215349826224
0.35019553681762006,0.427897070582249,0.15900476830908428,0.20663298684306172,7.269026677327906e-05,0.0006542124009595115,2017-09-05T02:18:02Z,ls7,qefs8q8q8rkf,0.20968560782908302,0.4342184600054609,0.3553690294977233
0.34163345152219093,0.4273004034723072,0.0,0.2140530627216041,0.00012226433549333658,0.0009169825162000245,2017-09-13T02:15:32Z,ls8,qefs8q8q8rkf,0.21753148988685936,0.434244164576514,0.3471850986849333
0.3511818049912943,0.4447765525246663,0.15735419977992415,0.18864988392338947,0.00014509576320371445,0.0007980266976204295,2017-09-21T02:18:00Z,ls7,qefs8q8q8rkf,0.1914182271165145,0.4513034271563163,0.35633522326634515
0.353679545176672,0.42781452500305667,0.0,0.2010514732852427,6.113216774666829e-05,0.001406039858173371,2017-09-29T02:15:39Z,ls8,qefs8q8q8rkf,0.2043228403234071,0.43477561965545625,0.35943436799521666
0.35566436614602254,0.44117399200871776,0.15851571096711092,0.18754812931347623,0.00014529604068289138,0.000944424264438794,2017-10-07T02:18:02Z,ls7,qefs8q8q8rkf,0.19031524375208841,0.4476831421009964,0.36091189384179356
0.36040286098545055,0.43617923951583326,0.0,0.1859891184741411,6.113216774666829e-05,0.0013449076904267026,2017-10-15T02:15:43Z,ls8,qefs8q8q8rkf,0.1890220339997819,0.4432919931991822,0.3662799329428625
0.3539381342462404,0.4514372172637242,0.0,0.17828157476464115,6.113216774666829e-05,0.0005501895097200147,2017-10-31T02:15:43Z,ls8,qefs8q8q8rkf,0.18113285497626286,0.45865711088466005,0.3595987124616105
0.375729900412922,0.46734596388956356,0.24495659616089982,0.1417804226378431,0.00040482552020079345,0.0008096510404015869,2017-11-08T02:18:03Z,ls7,qefs8q8q8rkf,0.14378568275959744,0.47395583432875943,0.3810440063510408
0.3187724660716469,0.49366548477809025,0.0,0.1713852549211395,0.0,0.0009169825162000245,2017-11-16T02:15:40Z,ls8,qefs8q8q8rkf,0.174043564569791,0.5013225946151976,0.32371685829881136
0.36090485943027373,0.4843297337553528,0.34331825406528915,0.14049339043008754,0.0,9.30925339787749e-05,2017-11-24T02:17:58Z,ls7,qefs8q8q8rkf,0.14251427764998031,0.4912964370725976,0.3660961927434432
,,1.0,,,,2017-12-02T02:15:34Z,ls8,qefs8q8q8rkf,,,
0.333493307697996,0.4847519041632774,0.17330969556180464,0.1670605634844339,7.394808844191378e-05,0.00044368853065148263,2017-12-10T02:17:50Z,ls7,qefs8q8q8rkf,0.1694642323197415,0.4917265187616644,0.3382916122995007
0.3397762562660472,0.4643526103435628,0.0,0.17943391612666587,6.113216774666829e-05,0.0007947181807066878,2017-12-18T02:15:37Z,ls8,qefs8q8q8rkf,0.18227646541104967,0.4717087735970141,0.34515891064348303
0.31956560218305186,0.4945335201711041,0.17110893752292455,0.17154288664355777,0.0,0.0004425105096246036,2017-12-26T02:17:40Z,ls7,qefs8q8q8rkf,0.17396476159506347,0.5015154380379229,0.32407728985738904
0.3074348942413498,0.49217936178016874,0.0,0.18504890573419733,6.113216774666829e-05,0.0003056608387333415,2018-01-03T02:15:34Z,ls8,qefs8q8q8rkf,0.18786224393719023,0.49966207017948094,0.31210889287684906
0.35876026333308675,0.45200014793993637,0.17355422423279132,0.17516014498113763,0.0,0.0,2018-01-11T02:17:27Z,ls7,qefs8q8q8rkf,0.17766152036288718,0.45845493845592883,0.363883541181184
0.25557097444675386,0.5030963442963688,0.0,0.2245286709866732,0.0012837755226800343,0.0011003790194400293,2018-01-19T02:15:26Z,ls8,qefs8q8q8rkf,0.22782167774856618,0.5104749105007265,0.25931925720858734
0.3180331770645511,0.4775117201586729,0.15240249419244412,0.19061810313739633,0.00021637216011539847,0.0,2018-01-27T02:17:12Z,ls7,qefs8q8q8rkf,0.19325087091786367,0.4841069881365686,0.32242576878545226
0.3171854749969434,0.468164812324245,0.0,0.19906712312018585,0.00012226433549333658,0.0003667930064800098,2018-02-04T02:15:17Z,ls8,qefs8q8q8rkf,0.20211931013376547,0.4753429266104915,0.32204870591376966
0.2932242120343839,0.4886862464183381,0.1465949382565106,0.19967693409742118,0.0032951289398280804,0.0015759312320916905,2018-02-12T02:16:58Z,ls7,qefs8q8q8rkf,0.20243158912245057,0.4954279466074157,0.29726940409821395
0.30184619146594943,0.4509664995720748,0.0,0.22394669274972492,0.005929820271426825,0.0021396258711333903,2018-02-20T02:15:12Z,ls8,qefs8q8q8rkf,0.22742506564139414,0.4579709774141098,0.30653451080193594
0.32278395637511653,0.46320226734591374,0.14800097811468393,0.19802898758699866,0.0017937863241730646,0.00043050871780153546,2018-02-28T02:16:48Z,ls7,qefs8q8q8rkf,0.20079822996749386,0.46967969959008077,0.32729777540045085
0.3328328646533806,0.39804010270204176,0.0,0.2512642132290011,0.0009781146839466927,0.0008558503484533561,2018-03-08T02:15:04Z,ls8,qefs8q8q8rkf,0.25536494127918496,0.4045362693995281,0.3382648242888868
0.32619323464206534,0.4267217335335765,0.14518889839833715,0.2316198240720876,0.0008581849388543231,0.0005721232925695488,2018-03-16T02:16:37Z,ls7,qefs8q8q8rkf,0.23492164842962637,0.4328048061691632,0.33084323716978653
0.38982332673557657,0.3825760574737922,0.1660960997676978,0.21058866652004984,7.330840847445201e-05,0.00029323363389780805,2018-03-24T02:14:56Z,ls8,qefs8q8q8rkf,0.21415466522091978,0.3890544009975905,0.39642439173911753
0.5183556405353729,0.357055449330784,0.87211150507397,0.11163001912045889,0.0,0.0,2018-04-01T02:16:23Z,ls7,qefs8q8q8rkf,0.11309561284136199,0.3617432405600298,0.5251611465986081
0.3482357256388312,0.4357121897542487,0.0,0.19828524269470596,0.000611321677466683,0.001406039858173371,2018-04-09T02:14:48Z,ls8,qefs8q8q8rkf,0.201464619722523,0.442698556001269,0.35381946274056797
0.35920721236405273,0.43278548941041783,0.1456168235725639,0.19143102461362332,0.0007155123068116772,0.0015741270749856898,2018-04-17T02:16:08Z,ls7,qefs8q8q8rkf,0.19421202832094134,0.43907275686329317,0.36442557543396814
,,1.0,,,,2018-04-25T02:14:39Z,ls8,qefs8q8q8rkf,,,
0.3884749144811859,0.3975220923603193,0.14219342217875042,0.19929446978335233,0.00014253135689851768,0.0,2018-05-03T02:15:51Z,ls7,qefs8q8q8rkf,0.2022407265256602,0.403398834179127,0.3942179079383143
0.3647658637975303,0.41906956840689574,0.0,0.19692688592737498,0.00042792517422667807,0.002689815380853405,2018-05-11T02:14:29Z,ls8,qefs8q8q8rkf,0.20016360269905048,0.425957452172354,0.37076120457351547
0.3702618025751073,0.4104384835479256,0.14537229490157721,0.20143276108726751,0.0007868383404864091,0.002503576537911302,2018-05-19T02:15:35Z,ls7,qefs8q8q8rkf,0.20442236854107113,0.41653009418325376,0.3757571223972773
0.30312324245017724,0.4564152096833354,0.0,0.21959408240616216,0.0011615111871866976,0.004401516077760117,2018-05-27T02:14:17Z,ls8,qefs8q8q8rkf,0.22302647173416662,0.46354925754878934,0.30786124345209726
0.5547003154574132,0.2693375394321766,0.9806211028243061,0.1634069400630915,0.0,0.0,2018-06-04T02:15:20Z,ls7,qefs8q8q8rkf,0.16548463356974,0.2727621238259536,0.5617532426043065
0.3015729306761218,0.37008130578310305,0.0,0.30714390512287565,0.0012837755226800343,0.0037901944002934345,2018-06-12T02:14:17Z,ls8,qefs8q8q8rkf,0.31220478789663236,0.37617922299418294,0.30654201918621127
0.221710507505361,0.3872587562544675,0.14476097322411052,0.37052251608291636,0.0035739814152966403,0.0030736240171551107,2018-06-20T02:15:02Z,ls7,qefs8q8q8rkf,0.3757657145946125,0.3927387863371206,0.22484789363581512
0.2536208582956352,0.3353826873700942,0.0,0.3886997187920284,0.001650568529160044,0.004156987406773444,2018-06-28T02:14:27Z,ls8,qefs8q8q8rkf,0.3952552246485401,0.3410389898188327,0.2578982295966938
0.21295682944090588,0.36528874734607225,0.13620246973957695,0.40223991507431,0.0024062278839348905,0.0029723991507431,2018-07-06T02:14:43Z,ls7,qefs8q8q8rkf,0.4080390989092418,0.3705551978381883,0.21602707621789188
0.24219403350042795,0.3506761217752781,0.0,0.3845910257977748,0.0014671720259200392,0.004340383910013449,2018-07-14T02:14:35Z,ls8,qefs8q8q8rkf,0.39117409397586334,0.35667866646098845,0.24633968362721462
0.2089596488526105,0.3982527337132296,0.2061376696417655,0.37486677960880943,0.0012320961034960726,0.00254119821346065,2018-07-22T02:14:26Z,ls7,qefs8q8q8rkf,0.3802670001598936,0.40398984543960864,0.21196986008354105
0.2699064677833476,0.3701106492236215,0.0,0.33909218730896196,0.0013449076904267026,0.0029343440518400784,2018-07-30T02:14:42Z,ls8,qefs8q8q8rkf,0.34484518223583716,0.37638989943066314,0.27448566659123286
0.25858327376697643,0.4096704789135097,0.14476097322411052,0.3139006433166547,0.0012151536812008577,0.002144388849177984,2018-08-07T02:14:09Z,ls7,qefs8q8q8rkf,0.31853044901102273,0.415712819878625,0.26239718857997346
0.3124391734930921,0.38345335615600934,0.0,0.28478359212617677,0.0003667930064800098,0.0023230223743733952,2018-08-15T02:14:51Z,ls8,qefs8q8q8rkf,0.28961404334564156,0.3899574272579393,0.31773871401556575
0.3139448553170101,0.3956867954333309,0.14861229979215063,0.2734372083004237,0.0007180297264306742,0.0015796653981474834,2018-08-23T02:13:50Z,ls7,qefs8q8q8rkf,0.27750745072268224,0.40157678089182347,0.3186180732609162
0.36813690896259704,0.3759985885673959,0.913375718302971,0.23929428369795344,0.0,0.0,2018-08-31T02:14:58Z,ls8,qefs8q8q8rkf,0.24332625294218957,0.38233394569148627,0.3743398013663241
0.340296001138466,0.4179998576917604,0.1408485144883238,0.22622598548455958,0.0004269247189412267,0.0005692329585883023,2018-09-08T02:13:30Z,ls7,qefs8q8q8rkf,0.2295536965861391,0.42414850044789715,0.3453016452884342
0.3536679300648001,0.40905061743489424,0.0,0.2199675999510943,0.0003056608387333415,0.0007947181807066878,2018-09-16T02:15:03Z,ls8,qefs8q8q8rkf,0.2235968755529395,0.41579959967639823,0.3595031457512223
0.3642997648064999,0.42065782909272326,0.14225455434649714,0.20036063003349727,0.00014254151521630675,0.00035635378804076687,2018-09-24T02:13:08Z,ls7,qefs8q8q8rkf,0.20324466369546224,0.42671286764530564,0.369543573355975
0.3540872447826415,0.4347427107662171,0.18859273749847172,0.1939207413546297,0.000226022752957131,0.0012807956000904092,2018-10-02T02:15:10Z,ls8,qefs8q8q8rkf,0.19702711850789495,0.4417067663635662,0.35975929677549134
0.3545659255063022,0.4461188216966435,0.1366915270815503,0.18435278289194168,0.000283245999150262,0.0003540574989378275,2018-10-10T02:12:45Z,ls7,qefs8q8q8rkf,0.18703378154614597,0.4526066215650348,0.3597222933907311
0.36790316664628925,0.43008619635652284,0.0,0.18513693605575252,0.00012226433549333658,0.0007947181807066878,2018-10-18T02:15:17Z,ls8,qefs8q8q8rkf,0.18814181748510841,0.43706674843860355,0.37387445156008814
0.3672471391001492,0.4465718956571185,0.1399315319721237,0.17118629611201933,0.00014215651432226883,0.0004975478001279409,2018-10-26T02:12:23Z,ls7,qefs8q8q8rkf,0.17368107779563285,0.4530800064755974,0.3725992114143197
0.3400006113216774,0.47337816358968093,0.0,0.17029954762195867,6.113216774666829e-05,0.0009169825162000245,2018-11-03T02:15:21Z,ls8,qefs8q8q8rkf,0.17295590564160043,0.4807619875559438,0.34530399211850926
0.35143292904350354,0.46754666279323115,0.15827118229612425,0.16555595903841963,0.0007262691553489724,0.0005810153242791779,2018-11-11T02:12:02Z,ls7,qefs8q8q8rkf,0.16793657695315148,0.4742697669803801,0.3564863715868402
0.36917165912703265,0.4445629050006113,0.0,0.16992541875534906,6.113216774666829e-05,0.0005501895097200147,2018-11-19T02:15:22Z,ls8,qefs8q8q8rkf,0.1726425214184114,0.4516714533386031,0.37507470356551886
0.37216396979503774,0.45253074433656953,0.14995720748257735,0.16071628910463864,0.0,0.0004314994606256742,2018-11-27T02:11:38Z,ls7,qefs8q8q8rkf,0.16302531591892747,0.45903229827851566,0.37751088634193125
0.356560092920895,0.4635915148551168,0.0,0.16362391490402253,6.113216774666829e-05,0.0007335860129600196,2018-12-05T02:15:20Z,ls8,qefs8q8q8rkf,0.16619022961524227,0.47086258965654293,0.36215246254750805
0.3740730094854844,0.45395012934751366,0.14928475363736393,0.15761497556769186,0.0,0.00021557918942224777,2018-12-13T02:11:12Z,ls7,qefs8q8q8rkf,0.15987713416991198,0.4604654188140364,0.3794418678266293
0.31879354290569245,0.5213367318040215,0.13656926274605696,0.1449249504389691,0.0,0.0004248088360237893,2018-12-21T02:15:18Z,ls8,qefs8q8q8rkf,0.14706118128310708,0.5290213685990558,0.3234926412818133
0.36963135289906945,0.46053686471009303,0.1459836165790439,0.1556370794559771,0.0,0.0,2018-12-29T02:10:45Z,ls7,qefs8q8q8rkf,0.15787811236085597,0.46716817822055373,0.37495370941859035
0.3359768920405917,0.49491624893018704,0.0,0.15405428536495908,6.113216774666829e-05,0.0,2019-01-06T02:15:17Z,ls8,qefs8q8q8rkf,0.15639907630971867,0.5024491464160096,0.34109064510652515
0.36560189774819435,0.47663432941509704,0.1366915270815503,0.14354907236935277,0.0,0.0,2019-01-14T02:10:15Z,ls7,qefs8q8q8rkf,0.14561900287761306,0.4835072400055742,0.37087375711681275
0.35344444444444445,0.5181361111111111,0.33977258833598234,0.11357222222222221,0.0,0.00018518518518518518,2019-01-22T02:15:14Z,ls8,qefs8q8q8rkf,0.11526251855611373,0.5258475351893886,0.35870476106931254
0.30380697428672065,0.5212370553011624,0.1322288788360435,0.14659246213455443,0.012187389926030292,0.0027474462839027825,2019-01-30T02:09:43Z,ls7,qefs8q8q8rkf,0.1486184688956855,0.5284409031853932,0.30800579170898823
0.36310918205159554,0.45910319109915637,0.0,0.1614806211028243,0.00042792517422667807,0.0003667930064800098,2019-02-07T02:15:11Z,ls8,qefs8q8q8rkf,0.1640270800544186,0.4663429912850594,0.36883521047981543
0.3708094087549744,0.46739909039226835,0.13974813546888376,0.1473706651506538,0.00021318931210915292,0.0,2019-02-15T02:09:15Z,ls7,qefs8q8q8rkf,0.14949509145202589,0.4741368961818509,0.3761548230540141
0.39658621547648665,0.43252923612839017,0.01723927130456049,0.1543176163224683,0.0006220452848967405,6.220452848967405e-05,2019-02-23T02:15:08Z,ls8,qefs8q8q8rkf,0.15680988320568698,0.4395146880613313,0.4029911789195953
0.3913943440691281,0.43105917779523434,0.5330725027509475,0.16366588112071226,0.0,0.00013092432573972245,2019-03-03T02:08:46Z,ls7,qefs8q8q8rkf,0.1659479093304655,0.4370695276437543,0.3968516387000405
0.3765331947670864,0.4507372539430249,0.0,0.15665668174593472,0.0003056608387333415,6.113216774666829e-05,2019-03-11T02:15:03Z,ls8,qefs8q8q8rkf,0.1591573362735398,0.45793221136374246,0.3825436593562379
0.3452190611664296,0.47536273115220484,0.1404817214818438,0.164,0.000995732574679943,0.0005689900426742532,2019-03-19T02:08:15Z,ls7,qefs8q8q8rkf,0.16630754983305907,0.48205128719435586,0.3500764403552308
0.3609820754716981,0.45218773584905664,0.35199902188531607,0.1689867924528302,0.0006603773584905661,0.0015094339622641509,2019-03-27T02:14:59Z,ls8,qefs8q8q8rkf,0.17168354043504425,0.4594038995890322,0.3667427486551688
0.3826078958539692,0.430595726616669,0.13595794106859027,0.17151478703834722,0.0007075137965190322,0.0002830055186076129,2019-04-04T02:07:42Z,ls7,qefs8q8q8rkf,0.17400395552104525,0.43684489807288307,0.3881606270909451
0.3830046948356807,0.5081348698250107,0.8567673309695562,0.09580025608194623,0.0,0.0,2019-04-12T02:14:54Z,ls8,qefs8q8q8rkf,0.09706798131811106,0.5148590209306348,0.3880729977512541
0.5442857142857144,0.3685714285714286,0.9995720748257734,0.07857142857142858,0.0,0.0,2019-04-20T02:07:07Z,ls7,qefs8q8q8rkf,0.0792507204610951,0.3717579250720461,0.5489913544668588
0.3844174104413743,0.428817092554102,0.0,0.1694858784692505,0.0005501895097200147,0.0006724538452133513,2019-04-28T02:14:49Z,ls8,qefs8q8q8rkf,0.17225516116179285,0.43582366893321817,0.3906985265500558
0.3727761699724713,0.44857062186772073,0.13394057953295024,0.16235406225735866,0.0010587986165031412,0.0009882120420695983,2019-05-06T02:06:31Z,ls7,qefs8q8q8rkf,0.16470629367308454,0.45506963947318335,0.3781770561951594
0.4003986792222087,0.40857588357588354,0.00024452867098667674,0.17303840039134155,0.0004891769597651951,0.0011617952794423382,2019-05-14T02:14:59Z,ls8,qefs8q8q8rkf,0.17591694333128058,0.41537265945012214,0.4070594249793896
0.3797995921524506,0.4322523029322832,0.1306394424746301,0.16972786723859085,0.0019689192039940933,0.0018986006609943043,2019-05-22T02:05:53Z,ls7,qefs8q8q8rkf,0.17220913266770316,0.4385714343358044,0.3853519131315041
0.3693067612177528,0.4331764274361169,0.0,0.17871561315564252,0.000611321677466683,0.0022007580388800586,2019-05-30T02:15:08Z,ls8,qefs8q8q8rkf,0.18162787222756002,0.4402352509953265,0.3753247970607667
0.44877410468319556,0.43042240587695135,0.8668541386477564,0.10688246097337006,0.0,0.0,2019-06-07T02:05:20Z,ls7,qefs8q8q8rkf,0.10839138046636371,0.4364989197645832,0.4551096997690531
0.4021763051717814,0.41478848269959656,0.0,0.16453478420344786,0.0005501895097200147,0.001650568529160044,2019-06-15T02:15:15Z,ls8,qefs8q8q8rkf,0.1672671976895379,0.42167683551502183,0.40885520875656034
0.5107162418369496,0.3725226458816094,0.4196111994131312,0.10311565199073099,0.0,0.0,2019-06-23T02:04:45Z,ls7,qefs8q8q8rkf,0.10454217813112357,0.37767621163015447,0.517781610238722
0.39087174471206754,0.4245849125810002,0.0,0.16530871744712067,0.0007947181807066878,0.0023230223743733952,2019-07-01T02:15:20Z,ls8,qefs8q8q8rkf,0.1680252300895945,0.43156210229393155,0.39729492706139397
0.45018069424631485,0.3735701378982406,0.3571952561437829,0.14106894912030435,0.009985734664764621,0.011602472658107465,2019-07-09T02:04:08Z,ls7,qefs8q8q8rkf,0.14305627442560248,0.37883285086929813,0.45652266738222735
0.41063638586624285,0.4093422178750459,0.0,0.16118107348086566,0.0006724538452133513,0.0017117006969067123,2019-07-17T02:15:22Z,ls8,qefs8q8q8rkf,0.1638844284221587,0.41620777152520017,0.4175236455105211
0.3817828848761688,0.43710156305759756,0.14347719770143053,0.163961887088716,0.000999214902576547,0.0017129398329883663,2019-07-25T02:03:30Z,ls7,qefs8q8q8rkf,0.16637107068874177,0.4435241404989892,0.38739263407670416
0.40833292578554836,0.42318987651302115,0.0,0.15171475730529405,0.0001833965032400049,0.0003667930064800098,2019-08-02T02:15:29Z,ls8,qefs8q8q8rkf,0.1542163274340798,0.4301677023533856,0.41506578070281464
0.41516195482312823,0.4114632760335275,0.13938134246240375,0.1570436141497372,0.0007103281716152863,0.0009234266230998721,2019-08-10T02:02:51Z,ls7,qefs8q8q8rkf,0.15939006728542032,0.4176111178257239,0.42136506009414054
0.4238818926519134,0.40426091209194276,0.0,0.15451522190976894,0.00012226433549333658,0.0006724538452133513,2019-08-18T02:15:34Z,ls8,qefs8q8q8rkf,0.15711714723329967,0.4110683754051683,0.43101975918082536
0.4205942768097465,0.42898781697124244,0.13693605575253698,0.13502195778438872,0.0003541578127213486,0.00042498937526561835,2019-08-26T02:02:11Z,ls7,qefs8q8q8rkf,0.13702640730674068,0.4353562953945514,0.426838150110721
0.41833903900232305,0.4268516933610466,0.0,0.1381159065900477,6.113216774666829e-05,0.00042792517422667807,2019-09-03T02:15:38Z,ls8,qefs8q8q8rkf,0.14039197390024571,0.43388595327757795,0.425233015480203
0.42662708510036756,0.4196748657054001,0.1351020907201369,0.13888747526152107,0.0,0.00021204410517387616,2019-09-11T02:01:29Z,ls7,qefs8q8q8rkf,0.14094550887072285,0.42589360484607947,0.43294884217802393
0.43055263479642986,0.4193801198190488,0.0,0.13317153686269717,6.113216774666829e-05,0.0004890573419733463,2019-09-19T02:15:43Z,ls8,qefs8q8q8rkf,0.13538570468449299,0.4263529158705174,0.4377111899352697
0.4472049295774648,0.3966647887323944,0.13192321799731022,0.14116690140845073,0.00014084507042253522,0.00014084507042253522,2019-09-27T02:00:47Z,ls7,qefs8q8q8rkf,0.14327095384988664,0.4025769643828978,0.45387039162637055
0.4393929575742756,0.41844296368749234,0.0,0.1253081061254432,0.00012226433549333658,0.0003667930064800098,2019-10-05T02:15:47Z,ls8,qefs8q8q8rkf,0.12739417601812408,0.4254090035977819,0.4467077630421207
0.428134616735755,0.4405957984964519,0.12990585646167008,0.11621583643645052,0.0002107777699711937,0.0002810370266282583,2019-10-13T02:00:07Z,ls7,qefs8q8q8rkf,0.11793402896015939,0.4471097851454927,0.43446437109774844
0.4339185719525615,0.4391686025186453,0.0,0.11041569874067736,6.113216774666829e-05,0.0003056608387333415,2019-10-21T02:15:49Z,ls8,qefs8q8q8rkf,0.11222661574349528,0.4463713635252359,0.4410352277247889
0.43324817776519703,0.43666477956266364,0.13614133757183033,0.11523742127237988,7.076640011322624e-05,0.00021229920033967873,2019-10-29T01:59:26Z,ls7,qefs8q8q8rkf,0.11694133608944302,0.44312135920295076,0.43965423910715334
0.43440335004279257,0.4335988507152464,0.0,0.11560520846069203,6.113216774666829e-05,0.00012226433549333658,2019-11-06T02:15:48Z,ls8,qefs8q8q8rkf,0.11751030521568678,0.44074427067050687,0.4415620276105664
0.4343910392740678,0.43364596625549406,0.137669641765497,0.11720473557351482,7.08918190840777e-05,7.08918190840777e-05,2019-11-14T01:58:42Z,ls7,qefs8q8q8rkf,0.11894351707885505,0.44007928639653476,0.44083541288644207
0.4300036679300648,0.44394057953295024,0.0,0.10973101846191466,0.00012226433549333658,0.00012226433549333658,2019-11-22T02:15:44Z,ls8,qefs8q8q8rkf,0.11152479876440885,0.4511977058970918,0.4370329666675127
0.42571337217564303,0.44168111411112687,0.13962587113339042,0.11812135853346599,0.0,0.0,2019-11-30T01:57:57Z,ls7,qefs8q8q8rkf,0.11985739159273694,0.44817251435636957,0.4319700940508935
0.4138152585890696,0.45816297835921255,0.0,0.11214207115784326,6.113216774666829e-05,0.0,2019-12-08T02:15:44Z,ls8,qefs8q8q8rkf,0.11394462114671183,0.46552740156822364,0.4204668451173179
0.41208094530531375,0.45453902214674874,0.136019073236337,0.11887355833864006,7.075638576381519e-05,7.075638576381519e-05,2019-12-16T01:57:09Z,ls7,qefs8q8q8rkf,0.12060630851590273,0.46116457102578456,0.41808760768678516
0.39343440518400785,0.48240738476586376,0.0,0.10860679789705344,6.113216774666829e-05,0.0,2019-12-24T02:15:41Z,ls8,qefs8q8q8rkf,0.11031572381609485,0.4899980558778581,0.3996250881383005
0.4136234520394599,0.46162387182536907,0.12623792639687004,0.11013782970684953,6.996431819771916e-05,6.996431819771916e-05,2020-01-01T01:56:19Z,ls7,qefs8q8q8rkf,0.11175571082166971,0.46840494374556496,0.4196994167963699
0.39242459822411385,0.4972671901372276,0.16695195011615116,0.09501651133778527,0.0,0.0,2020-01-09T02:15:37Z,ls8,qefs8q8q8rkf,0.0964920386746178,0.5049893357141048,0.39851862561127743
0.3519851441887562,0.5219545586950189,0.16053307250275095,0.10860034954849987,0.0021118555199533934,0.001820565103408098,2020-01-17T01:55:31Z,ls7,qefs8q8q8rkf,0.1100955498215553,0.529140784171529,0.3568312453835543
0.43347160805783674,0.45138836246227276,0.12905000611321682,0.10057345406050396,0.00014038043096792306,0.0,2020-02-02T01:54:43Z,ls7,qefs8q8q8rkf,0.10204579325942352,0.45799643599616474,0.4398173903134438
0.3835346619391124,0.4786673187431227,0.0,0.12127154908913071,0.0004890573419733463,0.0007335860129600196,2020-02-10T02:15:28Z,ls8,qefs8q8q8rkf,0.12315865508210751,0.48611585859131395,0.3895028429716452
0.3824690221624301,0.4878786376832118,0.1366303949138037,0.11405721164058627,0.0005664518869928486,0.000991290802237485,2020-02-18T01:53:53Z,ls7,qefs8q8q8rkf,0.11568364110294056,0.4948356742350233,0.38792294197280586
0.44948219866413386,0.4224633862369018,0.0023841545421200427,0.10974937189778786,0.0017157914087873032,0.00024511305839818617,2020-02-26T02:15:24Z,ls8,qefs8q8q8rkf,0.11157657794366084,0.429496935861322,0.45696558172783175
0.4075326416825464,0.43972333968522836,0.1338183151974569,0.13578163596584092,0.0017644152727786012,0.0007763427200225845,2020-03-05T01:53:02Z,ls7,qefs8q8q8rkf,0.13777361649327569,0.4461742881060584,0.4135113374078646
,,1.0,,,,2020-03-13T02:15:18Z,ls8,qefs8q8q8rkf,,,
0.40873763775077704,0.44113873975699347,0.13461303337816355,0.13417420175190733,0.0008476970895733258,0.0006357728171799943,2020-03-21T01:52:10Z,ls7,qefs8q8q8rkf,0.1361466180550781,0.44762366182767416,0.41474625021049444
0.5168902068126521,0.41492092457420926,0.5979948648979092,0.052340328467153294,0.0,0.0,2020-03-29T02:15:09Z,ls8,qefs8q8q8rkf,0.05318320462067624,0.42160271208230193,0.5252140832970218
0.4448800823468863,0.4159094184251158,0.40610099034111746,0.1204014410705095,0.001132269686052496,0.0016469377251672672,2020-04-14T02:15:02Z,ls8,qefs8q8q8rkf,0.1223684558967692,0.4227041875337692,0.4521481491582419
0.4205227375736516,0.4443156065870978,0.19073236336960508,0.12067986100619431,0.0002266203353980964,0.00015108022359873092,2020-04-22T01:50:20Z,ls7,qefs8q8q8rkf,0.12240695252788103,0.4506743619808439,0.42654098493227816
0.40352918488043193,0.41774363589611724,0.5245139992664141,0.158511185394703,0.0005142710208279763,0.003342761635381846,2020-04-30T02:14:54Z,ls8,qefs8q8q8rkf,0.16115776699937526,0.42471849145270507,0.41026670889170985
0.4046292909397862,0.4204649690489589,0.1309451033133635,0.15732132808103547,0.0007034327518289251,0.002180641530669668,2020-05-08T01:49:22Z,ls7,qefs8q8q8rkf,0.1596753996878622,0.4267565803478007,0.4106839456818384
0.4185817337082773,0.4153295023841546,0.0,0.1470381464726739,0.0004890573419733463,0.002078493703386722,2020-05-16T02:14:51Z,ls8,qefs8q8q8rkf,0.14950885451651352,0.42230835764723523,0.4256152367908911
,,1.0,,,,2020-05-24T01:48:23Z,ls7,qefs8q8q8rkf,,,
0.5081963636363637,0.36261018181818183,0.1594326934833109,0.11282036363636365,0.0,0.0,2020-06-01T02:14:55Z,ls8,qefs8q8q8rkf,0.1146983298175879,0.36864605722642807,0.5166556129559841
0.39600294881696274,0.43364038475040373,0.1292945347842035,0.1501986940953451,0.001895668047461911,0.0037211261672400477,2020-06-09T01:47:27Z,ls7,qefs8q8q8rkf,0.1524276921409077,0.44007575075613004,0.4018797628882603
0.40874740188287084,0.4238501039246852,0.0,0.14690548966866365,0.0009781146839466927,0.003117740555080083,2020-06-17T02:15:05Z,ls8,qefs8q8q8rkf,0.14936532784979567,0.43094720200496955,0.415591614906208
0.3899322104968901,0.4484513243413237,0.12525981171292333,0.14249563211964497,0.0019568103990495493,0.0028653295128939827,2020-06-25T01:46:30Z,ls7,qefs8q8q8rkf,0.14457285160264363,0.4549885901805754,0.3956164183048374
0.3976916419386746,0.43229846686449064,0.01112605452989368,0.1505675074183976,0.000370919881305638,0.0028437190900098912,2020-07-03T02:15:13Z,ls8,qefs8q8q8rkf,0.15305932538626504,0.43945279322403596,0.40427324241838347
0.39977743452924247,0.4289756371550937,0.1292945347842035,0.1514210489363196,0.0021062978305132346,0.003159446745769852,2020-07-11T01:45:33Z,ls7,qefs8q8q8rkf,0.15367035427722953,0.4353479162969386,0.4057159848495488
0.4043892896442108,0.4204346497126788,0.0,0.15546643843990707,0.0006724538452133513,0.0025675510453600685,2020-07-19T02:15:19Z,ls8,qefs8q8q8rkf,0.15807839179990787,0.42749826876125097,0.4111833345482678
0.4157491215741391,0.41296978215038654,0.13008925296491014,0.15103794799718906,0.0023190442726633872,0.00309205903021785,2020-07-27T01:44:34Z,ls7,qefs8q8q8rkf,0.15332443533713505,0.4192215234590323,0.42204293790095143
0.4254150874189999,0.4079037779679668,0.0,0.1476629172270449,0.0003056608387333415,0.0018950972001467172,2020-08-04T02:15:23Z,ls8,qefs8q8q8rkf,0.15019437617108766,0.41489667561916344,0.4327081901708689
0.40554570795511397,0.42149310270888435,0.1446998410563639,0.15032020584661568,0.0027875062540204418,0.005074690872703881,2020-08-12T01:43:33Z,ls7,qefs8q8q8rkf,0.15259321931522812,0.42786656058162126,0.4116780229764262
0.4506174348942414,0.3990341117496026,0.0,0.13193727839589192,0.00012226433549333658,0.0012837755226800343,2020-08-20T02:15:29Z,ls8,qefs8q8q8rkf,0.1342229719438329,0.4059470154090041,0.4584239727889896
0.4368377680005587,0.41958935679865916,0.12464849003545664,0.1268754801312941,0.0008380473496752566,0.0009078846288148614,2020-08-28T01:42:31Z,ls7,qefs8q8q8rkf,0.1288046665778913,0.4259693610314294,0.4434800404121891
0.45838549944981044,0.40127582834087294,0.0,0.12296735542242328,6.113216774666829e-05,0.00042792517422667807,2020-09-05T02:15:36Z,ls8,qefs8q8q8rkf,0.12508002202066346,0.4081700323863665,0.46626088825099676
0.4422037451089994,0.4156987143655673,0.12507641520968338,0.12604108440469536,0.000349357182783678,0.0008384572386808273,2020-09-13T01:41:28Z,ls7,qefs8q8q8rkf,0.1279457259210294,0.42198045204980655,0.4488860076076996
0.45238232057708766,0.4080614989607531,0.0,0.12219219953539553,0.00012226433549333658,0.0004890573419733463,2020-09-21T02:15:42Z,ls8,qefs8q8q8rkf,0.12427541676131122,0.41501841394469013,0.4600948476165319
0.4524144420436329,0.41031713947166654,0.1229367893385499,0.12119676587439884,0.0001394019655677145,0.0009758137589740016,2020-09-29T01:40:26Z,ls7,qefs8q8q8rkf,0.12303904614243623,0.41655426274993607,0.45929147538308596
0.4607482577332192,0.40808472918449695,0.0,0.11383726616945837,0.00012226433549333658,0.0003667930064800098,2020-10-07T02:15:45Z,ls8,qefs8q8q8rkf,0.11578817295139415,0.41507835519608205,0.46864441451055044
0.43795525494276794,0.4594107700312175,0.5300158943636142,0.08878902185223726,0.0,0.00013007284079084288,2020-10-15T01:39:24Z,ls7,qefs8q8q8rkf,0.09002384878285574,0.46579999224829305,0.44404608612806035
0.4597297958185597,0.4146961731262991,0.0,0.10843012593226557,6.113216774666829e-05,0.0003667930064800098,2020-10-23T02:15:45Z,ls8,qefs8q8q8rkf,0.11027425735736483,0.421749141461025,0.4675486760073836
0.42476944737768396,0.4448454769447378,0.13161755715857681,0.11484970080957412,0.00014079549454417458,0.0007039774727208729,2020-10-31T01:38:21Z,ls7,qefs8q8q8rkf,0.11656353713232287,0.4514836512806245,0.4311080386197876
0.4526214346229879,0.41660124258683984,0.1341239760361902,0.11504871505224513,7.060152499293985e-05,0.0007766167749223384,2020-11-16T01:37:15Z,ls7,qefs8q8q8rkf,0.11678815881388954,0.4228999173019978,0.45946470558419744
0.41981106124221806,0.4470631243665847,0.1555202347475242,0.11182568408860578,0.0019545388736064862,0.003402345446648328,2020-11-24T02:15:45Z,ls8,qefs8q8q8rkf,0.11364735020277307,0.45434588548886023,0.4266498799881119
0.44024094697765637,0.43441619387826574,0.12721604108081674,0.11020242347832178,0.00035021363031449183,0.00014008545212579673,2020-12-02T01:36:06Z,ls7,qefs8q8q8rkf,0.1118417237544593,0.4408782893940086,0.4467896877690917
0.32621212121212123,0.5645959595959597,0.9878958307861597,0.09499999999999999,0.0,0.0,2020-12-10T02:15:47Z,ls8,qefs8q8q8rkf,0.09636764178492749,0.5727240125006404,0.33090834571443206
0.4308449331848552,0.44312291202672605,0.1216530138158699,0.1105157293986637,0.0003479955456570156,0.0006263919821826281,2020-12-18T01:34:54Z,ls7,qefs8q8q8rkf,0.11214818316701514,0.4496683845265857,0.4372090447785596
0.4121769164934589,0.4645769653991931,0.0,0.10670191955006725,0.00024452867098667317,0.0003667930064800098,2020-12-26T02:15:44Z,ls8,qefs8q8q8rkf,0.10843058752328687,0.47210353403607974,0.41885455676316674
0.4133721406903337,0.45631630728867756,0.25437094999388676,0.11493400016397476,0.00032794949577765023,0.0007378863654997131,2021-01-03T01:33:46Z,ls7,qefs8q8q8rkf,0.11660459255368015,0.4629489708100667,0.4193806007749758
0.4292560215185231,0.4330688348208827,0.0,0.11815503117740556,0.0025675510453600685,0.0006724538452133513,2021-01-11T02:15:38Z,ls8,qefs8q8q8rkf,0.12011690377129292,0.4402596067231484,0.4363834846149854
0.403148798651117,0.45139665589433753,0.12984472429392346,0.12939862301531543,0.0009835604889700718,0.000702543206407194,2021-01-19T01:32:39Z,ls7,qefs8q8q8rkf,0.13128839988459018,0.4579889900266422,0.4090365063933904
0.44246851693361045,0.40804499327546156,0.0,0.13150690793495537,0.000611321677466683,0.0007947181807066878,2021-01-27T02:15:34Z,ls8,qefs8q8q8rkf,0.13372634779729542,0.4149315617297345,0.4499360506147967
0.3570493401319736,0.46054964007198557,0.18474141093043162,0.1590724355128974,0.002549490101979604,0.005698860227954409,2021-02-12T02:15:31Z,ls8,qefs8q8q8rkf,0.16152858351153684,0.4676607280055403,0.36256233815298883
0.5626321752265862,0.2479720543806647,0.8381220198068223,0.16637084592145016,0.0,0.012084592145015106,2021-02-20T01:30:17Z,ls7,qefs8q8q8rkf,0.16823389482553877,0.25074888743455576,0.5689326255948903
0.31171414598361663,0.36213656926274607,0.0,0.30423951583323144,0.0044626482455067855,0.0011615111871866976,2021-02-28T02:15:25Z,ls8,qefs8q8q8rkf,0.3093052304147193,0.3681662938840864,0.316904316268501
0.24739474427804467,0.41342398982763495,0.13461303337816355,0.3203454365640011,0.002613732692851088,0.0021192427239333147,2021-03-08T01:29:02Z,ls7,qefs8q8q8rkf,0.3249499513116667,0.41936637776553776,0.2509506955060112
0.3247377900935227,0.3895718739175615,0.11755715857684312,0.2648181503290613,0.0020782819535850364,0.0024246622791825423,2021-03-16T02:15:16Z,ls8,qefs8q8q8rkf,0.2692454295601517,0.3960848091686725,0.3301668170384083
0.3179807421984818,0.40625737981445037,0.13021151730040348,0.25761737419173464,0.0017570986786617936,0.001967950520101209,2021-03-24T01:27:46Z,ls7,qefs8q8q8rkf,0.2614007232128527,0.41222364457072047,0.3226505830176638
0.3581586991074704,0.3938452133512655,0.0,0.22929453478420342,0.0009781146839466927,0.0013449076904267026,2021-04-01T02:15:12Z,ls8,qefs8q8q8rkf,0.2331216146242854,0.40041875457215836,0.3641366084291827
0.3197119198385638,0.43798483056154763,0.12146961731262995,0.22433999025815882,0.0018787836615406027,0.0016700299213694245,2021-04-09T01:26:27Z,ls7,qefs8q8q8rkf,0.22763287787348652,0.4444136211779592,0.3244046873656443
0.3363070057464238,0.42205465215796556,0.0,0.22322411052695929,0.000611321677466683,0.001833965032400049,2021-04-17T02:15:06Z,ls8,qefs8q8q8rkf,0.22685563578618637,0.4289208554837073,0.34177822202023966
0.34250120914806886,0.41469633109928833,0.1152341362024697,0.2235846058177296,0.002141919436191529,0.0026255786637186486,2021-04-25T01:25:06Z,ls7,qefs8q8q8rkf,0.22687879008307069,0.4208062603755267,0.34754745144149246
0.28457380457380455,0.4177137907137908,0.11786281941557653,0.27713513513513516,0.00297990297990298,0.003465003465003465,2021-05-11T01:23:46Z,ls7,qefs8q8q8rkf,0.28113399512154347,0.42374109924196357,0.28867999919158654
0.3486214696173126,0.37948954639931537,0.0,0.25212373150751927,0.0007335860129600196,0.0025675510453600685,2021-05-19T02:15:03Z,ls8,qefs8q8q8rkf,0.25635842551885,0.3858634886692118,0.354476948753618
0.3129898892633606,0.4067735057431735,0.11119941313118964,0.2554983148772268,0.005983905358002614,0.004539514409519224,2021-05-27T01:22:24Z,ls7,qefs8q8q8rkf,0.25922231571052967,0.41270240932549657,0.3175518551964518
0.32700745994863645,0.3452977864742571,0.00024452867098667674,0.30524091965268435,0.0016509722392075332,0.004280298397945457,2021-06-04T02:15:11Z,ls8,qefs8q8q8rkf,0.310400126028658,0.3511340372089705,0.3325345661252186
0.248904532967033,0.38235714285714284,0.10991563760850964,0.3466868131868132,0.0037087912087912086,0.004395604395604396,2021-06-12T01:21:05Z,ls7,qefs8q8q8rkf,0.3516311236900495,0.3878101695241747,0.25245431118138023
0.30297958185597257,0.37486245262257,0.0,0.3003930798386111,0.0015283041936667073,0.0038513265680401028,2021-06-20T02:15:17Z,ls8,qefs8q8q8rkf,0.30542460765607,0.38114132848450627,0.3080544330977169
0.2540175995383728,0.41173615118291973,0.15246362636019073,0.29611728216964806,0.012189844200807848,0.012334102712060011,2021-06-28T01:19:45Z,ls7,qefs8q8q8rkf,0.30030566238549783,0.4175598827028406,0.2576105079987937
0.3196087541264213,0.38938073114072624,0.0,0.2694693727839589,0.001222643354933366,0.004034723071280107,2021-07-06T02:15:20Z,ls8,qefs8q8q8rkf,0.2739539545735206,0.39586091001240803,0.3249277689878579
0.37636330476016777,0.2866925041035929,0.3296246484900355,0.2810386649644356,0.01513769834032464,0.027357286157213206,2021-07-14T01:18:24Z,ls7,qefs8q8q8rkf,0.2850307238452627,0.29076487385107286,0.3817094178061267
0.32114806211028246,0.3902280229856951,0.0,0.26825100868076784,0.0007335860129600196,0.003301137058320088,2021-07-22T02:15:24Z,ls8,qefs8q8q8rkf,0.27272488872999306,0.3967362310079879,0.3265041571907389
0.28496693450899524,0.42158856573988474,0.14029832497860373,0.2525058664580815,0.008177487022683639,0.019057100191993175,2021-07-30T01:17:01Z,ls7,qefs8q8q8rkf,0.256113927578174,0.42761265276035076,0.2890388324467984
0.47414398734177227,0.3472879746835443,0.6136446998410563,0.1563006329113924,0.0011075949367088608,0.007278481012658228,2021-08-07T02:15:31Z,ls8,qefs8q8q8rkf,0.1585197064468288,0.3522185852603578,0.48087563234344605
0.4271543478260869,0.3761369565217391,0.4375840567306517,0.1615815217391304,0.0052173913043478265,0.01641304347826087,2021-08-15T01:15:36Z,ls7,qefs8q8q8rkf,0.1638417404832483,0.3813983984882187,0.4331294262459244
0.41809264650044303,0.3513175547399064,0.5169947426335738,0.21288064801923803,0.0,0.0007593975446146058,2021-08-23T02:15:36Z,ls8,qefs8q8q8rkf,0.2165539739458792,0.3573796552376165,0.42530697327188965
0.33971014492753626,0.4211820866817776,0.10997676977625626,0.22067449687478538,0.00164846486709252,0.002266639192252215,2021-08-31T01:14:13Z,ls7,qefs8q8q8rkf,0.223938451536296,0.4274117111043487,0.34473473330001064
0.3923297469128255,0.39843012593226557,0.0,0.191560092920895,0.00012226433549333658,0.0011003790194400293,2021-09-08T02:15:41Z,ls8,qefs8q8q8rkf,0.1947694131382377,0.40510526290289156,0.3989026806039374
0.35318418885533903,0.4426379357672248,0.10918205159554961,0.18698188306340927,0.0006862475981334065,0.0021959923140269007,2021-09-16T01:12:48Z,ls7,qefs8q8q8rkf,0.18970512427617767,0.44908460241357184,0.3583280333980901
0.38298752903777966,0.4293562782736276,0.0,0.17034417410441377,0.00012226433549333658,0.0011615111871866976,2021-09-24T02:15:44Z,ls8,qefs8q8q8rkf,0.17312259195249013,0.4363593422352273,0.38923429028960255
0.3674550678567062,0.4507017972857318,0.0,0.1652390267758895,0.0001833965032400049,0.0007947181807066878,2021-10-10T02:15:50Z,ls8,qefs8q8q8rkf,0.16786464679593038,0.45786337215767053,0.37329386636245254
0.376607204830985,0.42261539529395437,0.11926885927374986,0.18309363503852294,0.0005552856250433817,0.002637606718956063,2021-10-18T01:09:58Z,ls7,qefs8q8q8rkf,0.18579458451341083,0.4288497072063186,0.38216281593627116
0.36914965154664386,0.458036434771977,0.0,0.15658271182296124,0.0,0.000611321677466683,2021-10-26T02:15:51Z,ls8,qefs8q8q8rkf,0.15906886832813133,0.4653089506752702,0.3750108593191317
0.4551144135776408,0.4117841763066791,0.2760117373762073,0.11996875791606856,0.0,0.0,2021-11-03T01:08:29Z,ls7,qefs8q8q8rkf,0.12156523182519399,0.4172639587524075,0.4611708094223985
0.38270509842279005,0.44535150996454337,0.0,0.15558809145372293,6.113216774666829e-05,0.0004890573419733463,2021-11-11T02:15:48Z,ls8,qefs8q8q8rkf,0.15808806629374897,0.4525073761974685,0.3888543679990625
0.3269402600746749,0.5162160422299473,0.05037290622325463,0.14173232908458866,6.437491953135059e-05,0.0003218745976567529,2021-11-18T02:11:26Z,ls9,qefs8q8q8rkf,0.1438513762120189,0.5239340140468638,0.3318283602239292
0.37531366604477606,0.4400349813432836,0.4757305294045727,0.16173857276119405,0.0010494402985074627,0.0078125,2021-11-19T01:06:56Z,ls7,qefs8q8q8rkf,0.16406442728923554,0.4463628308870351,0.38071080152522185
0.38304560459713904,0.4545891918327424,0.0,0.1462550434038391,6.113216774666829e-05,0.00042792517422667807,2021-11-23T02:13:53Z,ls9,qefs8q8q8rkf,0.14857711746039287,0.4618066507604996,0.3891271744371342
0.39566572930676125,0.44304743856217144,0.0,0.14511126054529894,0.0,0.0003056608387333415,2021-11-27T02:15:47Z,ls8,qefs8q8q8rkf,0.14745202652623274,0.4501941642416885,0.4020481483933455
0.3983378163589681,0.4500409585523903,0.0,0.18263357378652648,6.113216774666829e-05,0.08454578799364225,2021-12-05T01:05:26Z,ls7,qefs8q8q8rkf,0.16215277130436148,0.3995726914649305,0.35366761706931915
0.40907384765863797,0.4395622936789339,0.0,0.135018339650324,6.113216774666829e-05,0.0003667930064800098,2021-12-13T02:15:46Z,ls8,qefs8q8q8rkf,0.13720321974059718,0.4466753340731586,0.41569352101201756
0.40256496863583097,0.4482284414420625,0.11315564249908305,0.1331040187495692,0.0,0.0002757289584338595,2021-12-21T02:15:42Z,ls9,qefs8q8q8rkf,0.1352451121614333,0.4554385840958869,0.40904057478424594
0.39119391123609243,0.4503521212862208,0.0,0.14245995843012596,0.0,0.00024452867098667317,2021-12-29T02:15:41Z,ls8,qefs8q8q8rkf,0.1447400973117715,0.4575602195721678,0.39745515444507395
0.36724110526959286,0.48776072869543957,0.0,0.1932345029954762,0.0,0.07238048661205526,2022-01-06T01:02:17Z,ls7,qefs8q8q8rkf,0.17099969665064,0.43163583807270645,0.32498397866459844
0.40833509470774737,0.43467522965612554,0.24801320454823328,0.13908218843996425,0.00024388261116982358,0.0017884724819120397,2022-01-14T02:15:39Z,ls8,qefs8q8q8rkf,0.14133039630824995,0.4417015806391173,0.41493566795955095
0.4804551999113967,0.3951057702957138,0.44803765741533197,0.15665632960460737,0.0,0.07575589766308562,2022-01-22T01:00:47Z,ls7,qefs8q8q8rkf,0.14026958156699793,0.3537764558506304,0.4301980649192861
0.36944369727350534,0.4700984227900722,0.0,0.144642376818682,6.113216774666829e-05,0.00024452867098667317,2022-01-30T02:15:34Z,ls8,qefs8q8q8rkf,0.14692180761486417,0.4775067414703413,0.3752657900760613
0.4063224286110341,0.4730808150817854,0.11798508375106986,0.1041017466038259,0.001247574161352925,0.001316883836983643,2022-02-15T02:15:30Z,ls8,qefs8q8q8rkf,0.10557626353862036,0.4797816217072414,0.41207765675580155
0.3775253698496148,0.4284178994987162,0.0,0.23307739332436728,0.001222643354933366,0.08216163345152219,2022-02-23T00:57:35Z,ls7,qefs8q8q8rkf,0.20561901328557175,0.37794684637737336,0.33304986353059934
0.41414353832986917,0.39500122264335497,0.0,0.17329318987651304,0.000611321677466683,0.00042792517422667807,2022-03-03T02:15:26Z,ls8,qefs8q8q8rkf,0.17620766311478886,0.4016444178739386,0.42110867215957914
0.3387290622325468,0.4641985572808412,0.0,0.23438317642743609,0.0011003790194400293,0.08741899987773566,2022-03-11T00:56:01Z,ls7,qefs8q8q8rkf,0.20595150851810828,0.4078893143318961,0.29763979825282
0.3887168357989974,0.42200146717202597,0.0,0.171798508375107,0.0005501895097200147,0.0008558503484533561,2022-03-19T02:15:19Z,ls8,qefs8q8q8rkf,0.17460968692200746,0.4289067743396778,0.3950774988801415
,,1.0,,,,2022-03-27T00:54:28Z,ls7,qefs8q8q8rkf,,,
0.343854437430375,0.4321708132194579,0.17685536129111135,0.17172818418121055,0.01247679168213888,0.025027849981433346,2022-04-04T02:15:10Z,ls8,qefs8q8q8rkf,0.17439934701943258,0.438893056405922,0.3492029549110731
0.37128071891429276,0.4190842401271549,0.0,0.18906284386844358,0.0013449076904267026,0.0032400048905734196,2022-04-20T02:15:15Z,ls8,qefs8q8q8rkf,0.19214893297684524,0.42592498832757414,0.37734116611458046
0.41401516077760114,0.39247463015038514,0.0,0.1738293189876513,0.0009169825162000245,0.002078493703386722,2022-05-06T02:15:16Z,ls8,qefs8q8q8rkf,0.17678796184159984,0.39915470153657645,0.4210618604022371
0.3927731995700466,0.4594553923324974,0.6587602396380976,0.12833213901827303,0.0,0.006270154066642781,2022-05-22T02:15:22Z,ls8,qefs8q8q8rkf,0.13005566377838645,0.46562596465296596,0.39804821750200475
0.30243672820638223,0.316485511676244,0.0,0.3561236092431837,0.003117740555080083,0.005196234258466805,2022-06-07T02:15:30Z,ls8,qefs8q8q8rkf,0.3622012306826999,0.3218866675702536,0.30759812693349964
0.2346209805599707,0.3052439173493092,0.0,0.4355006724538452,0.0025675510453600685,0.00537963076170681,2022-06-23T02:15:39Z,ls8,qefs8q8q8rkf,0.44295152767378065,0.3104662473680457,0.23863504315110687
0.2721445164445531,0.3049706565594816,0.0,0.3997175693850104,0.001833965032400049,0.004523780413253454,2022-07-09T02:15:40Z,ls8,qefs8q8q8rkf,0.406595980656145,0.3102186460453365,0.2768276278528651
0.28388494926030083,0.3371934221787504,0.0,0.35679422912336467,0.0013449076904267026,0.003912458735786771,2022-07-25T02:15:46Z,ls8,qefs8q8q8rkf,0.362949561034818,0.34301060548064566,0.2887824670583229
0.29808167257610957,0.3348367771121164,0.0,0.34625137547377427,0.0007335860129600196,0.0031788727228267513,2022-08-10T02:15:55Z,ls8,qefs8q8q8rkf,0.3522337723162187,0.3406219569554858,0.30323181199250865
0.32905978726005625,0.3710429147817582,0.0,0.2817734441863308,0.0003667930064800098,0.0011003790194400293,2022-08-26T02:15:58Z,ls8,qefs8q8q8rkf,0.2865534875780531,0.3773373377284255,0.3346420026676013
0.32137180584423525,0.37020112483188655,0.0,0.28878774911358357,0.0017728328646533806,0.001406039858173371,2022-09-11T02:16:02Z,ls8,qefs8q8q8rkf,0.29363655188311927,0.3764168740971508,0.32676770129690325
0.35474141093043166,0.38133268125687736,0.0,0.24613522435505564,0.000611321677466683,0.0008558503484533561,2022-09-27T02:16:04Z,ls8,qefs8q8q8rkf,0.2502257894523724,0.3876701169510284,0.3606369215706791
0.3529074458980316,0.4169757916615723,0.0,0.2129581855972613,0.0006724538452133513,0.0004890573419733463,2022-10-13T02:15:55Z,ls8,qefs8q8q8rkf,0.21642436640395615,0.4237626333218739,0.35865148908698324
0.33955152887882223,0.4489709324273311,0.19030443819537846,0.18519516798791996,0.002491506228765572,0.008531521328803322,2022-10-29T02:16:04Z,ls8,qefs8q8q8rkf,0.18809740220113247,0.45600685466539687,0.3448727155759018
0.351812790413304,0.4611426999266325,0.00012226433549333837,0.17099168500855955,6.113964294448521e-05,0.0004279775006113964,2022-11-14T02:15:59Z,ls8,qefs8q8q8rkf,0.17369636737204294,0.468436882257652,0.3573776332267491
0.36084545787993644,0.46649529282308355,0.0,0.15661450055018952,6.113216774666829e-05,0.0003667930064800098,2022-11-30T02:15:59Z,ls8,qefs8q8q8rkf,0.15910020406250108,0.4738992623391473,0.366572608424125
0.32151791172514976,0.508862941679912,0.0,0.15408362880547744,6.113216774666829e-05,0.0003056608387333415,2022-12-16T02:15:54Z,ls8,qefs8q8q8rkf,0.15645776438999864,0.5167035515282924,0.32647189107522906
0.32352916004401516,0.5041258100012226,0.0,0.1568773688715002,6.113216774666829e-05,0.0001833965032400049,2023-01-01T02:15:50Z,ls8,qefs8q8q8rkf,0.15930305349801827,0.5119207535035744,0.3285316643274207
0.30357745445653506,0.5090390023230225,0.0,0.1701448832375596,0.0017728328646533806,0.0004890573419733463,2023-01-17T02:15:42Z,ls8,qefs8q8q8rkf,0.1727378024348212,0.5167964909771796,0.3082038163813725
0.30433304804988387,0.4099859396014183,0.0,0.2673217997310185,0.0012837755226800343,0.001222643354933366,2023-02-02T02:15:48Z,ls8,qefs8q8q8rkf,0.2716388548165755,0.41660691809005673,0.3092478082157543
0.3499376451888984,0.4080932876879814,0.0,0.22463320699352,0.0003667930064800098,0.0008558503484533561,2023-02-18T02:15:38Z,ls8,qefs8q8q8rkf,0.22831662578557294,0.4147849897070152,0.35567574115247835
0.3008362880547744,0.3862385377185475,0.0,0.2922521090597873,0.0029954762195867467,0.0017117006969067123,2023-03-06T02:15:26Z,ls8,qefs8q8q8rkf,0.29701667168767687,0.39253535353344393,0.3057407978623856
0.3335909035334393,0.4393391612666585,0.0,0.2093617801687248,0.0007947181807066878,0.0012837755226800343,2023-03-22T02:15:17Z,ls8,qefs8q8q8rkf,0.21269302407121737,0.4463296726241579,0.3388988096012382
0.3419696784447977,0.42377735664506666,0.0,0.21615539797041203,0.00042792517422667807,0.001833965032400049,2023-04-07T02:15:05Z,ls8,qefs8q8q8rkf,0.219641454111148,0.43061184549109405,0.34748481019113125
0.38407201369360555,0.405476830908424,0.0,0.19118657537596284,0.0003667930064800098,0.0025675510453600685,2023-05-09T02:14:47Z,ls8,qefs8q8q8rkf,0.19437002508790222,0.41222842995775666,0.39046720090250103
0.3787088886171904,0.40928536495904144,0.0,0.19140114928475363,0.00042792517422667807,0.003912458735786771,2023-05-25T02:14:44Z,ls8,qefs8q8q8rkf,0.19457962969741388,0.41608211367540054,0.38499787271717223
0.3362996698862941,0.4481935444430859,0.0,0.19407812691038026,0.0008558503484533561,0.004951705587480132,2023-06-10T02:14:51Z,ls8,qefs8q8q8rkf,0.19717622946933616,0.455348135169262,0.34166807942546834
0.5052841677943167,0.3679747406405052,0.7289399682112727,0.11029093369418132,0.0,0.0,2023-06-26T02:14:57Z,ls8,qefs8q8q8rkf,0.1121355817163717,0.3741292254635341,0.5137351928200943
0.4071292334026164,0.39591514855116755,0.0,0.17590781269103803,0.0005501895097200147,0.0038513265680401028,2023-07-12T02:15:07Z,ls8,qefs8q8q8rkf,0.1788989825890485,0.40264736502521686,0.41405213630797455
0.3653839100134491,0.4366854138647756,0.0,0.17725944491991688,0.0006724538452133513,0.003973590903533439,2023-07-28T02:15:14Z,ls8,qefs8q8q8rkf,0.1801600190130305,0.4438310889449893,0.3713628472932335
0.389880792272894,0.4271506296613278,0.0,0.16397359090353342,0.0003056608387333415,0.002445286709866732,2023-08-13T02:15:19Z,ls8,qefs8q8q8rkf,0.1666887589927602,0.4342236330185078,0.39633666044013194
0.4174012715490891,0.4142407384765864,0.0,0.15029710233524884,0.00024452867098667317,0.0011615111871866976,2023-08-29T02:15:25Z,ls8,qefs8q8q8rkf,0.1528463188088505,0.4212667509422557,0.4244808903907205
0.4021341239760362,0.44564249908301745,0.0,0.13474813546888373,6.113216774666829e-05,0.0014671720259200392,2023-09-14T02:15:28Z,ls8,qefs8q8q8rkf,0.13693517456998744,0.45287553104458544,0.4086609901917604
0.4088335982393936,0.4445806333292579,0.0,0.12985878469250522,0.0,0.0006724538452133513,2023-09-30T02:15:33Z,ls8,qefs8q8q8rkf,0.13197907245217924,0.4518395867937327,0.4155088869088747
0.4145133879447366,0.4414690059909525,0.0,0.1275265924929698,6.113216774666829e-05,0.00024452867098667317,2023-10-16T02:15:35Z,ls8,qefs8q8q8rkf,0.12962526460554635,0.44873414711429255,0.4213349274414278
0.40268431348575623,0.46111199413131193,0.0,0.12009964543342708,0.0,0.00024452867098667317,2023-11-01T02:15:38Z,ls8,qefs8q8q8rkf,0.12203554375284748,0.4685447049547441,0.4091752226214218
0.3801528304193667,0.48525064188776135,0.0,0.11882931898765133,6.113216774666829e-05,0.00024452867098667317,2023-11-17T02:15:38Z,ls8,qefs8q8q8rkf,0.12069603712559576,0.49287356005625815,0.3861247419794127
0.3878457024086075,0.4799199168602519,0.0,0.11653564005379632,0.0,0.00012226433549333658,2023-12-03T02:15:35Z,ls8,qefs8q8q8rkf,0.11837980577347604,0.48751460513292666,0.3939833247581039
0.37110893752292456,0.4997414109304316,0.0,0.11367465460325224,0.0,0.0001833965032400049,2023-12-19T02:15:38Z,ls8,qefs8q8q8rkf,0.11544024449987088,0.5075033732529938,0.3768729857438954
0.37965765986061867,0.487826751436606,0.0,0.11682724049394791,0.0,0.00024452867098667317,2024-01-04T02:15:30Z,ls8,qefs8q8q8rkf,0.11866025630353343,0.49548073816043314,0.38561447686504674
0.3644663161755716,0.504559848392224,0.0,0.11567856706198802,6.113216774666829e-05,0.00012226433549333658,2024-01-12T02:15:42Z,ls9,qefs8q8q8rkf,0.11745384002153081,0.5123031277055106,0.3700596357697186
0.37475669397236827,0.48361596772221543,0.0,0.12605575253698495,0.0,0.00012226433549333658,2024-01-20T02:15:31Z,ls8,qefs8q8q8rkf,0.12803403334568644,0.49120569027332045,0.38063801204549974
0.3631978236948282,0.49949749358112244,0.0,0.12180890084362393,6.113216774666829e-05,0.00024452867098667317,2024-01-28T02:15:41Z,ls9,qefs8q8q8rkf,0.12368831579555194,0.507204344651818,0.36880167871389685
0.36573358601296,0.49092982027142684,0.0,0.12794167991196967,0.0,0.00012226433549333658,2024-02-05T02:15:31Z,ls8,qefs8q8q8rkf,0.12992624048052243,0.49854485208832744,0.3714066430956568
0.39463320699352,0.4656241594326935,0.0,0.12384643599462038,6.113216774666829e-05,0.00012226433549333658,2024-02-13T02:15:42Z,ls9,qefs8q8q8rkf,0.12582384367047622,0.47305859853892773,0.4009341612873561
,,1.0,,,,2024-02-21T02:15:29Z,ls8,qefs8q8q8rkf,,,
0.3575993397725884,0.49795635163222884,0.0,0.12905061743489427,0.0,0.00024452867098667317,2024-02-29T02:15:34Z,ls9,qefs8q8q8rkf,0.13103619152203347,0.5056179130255801,0.3631013667813996
0.2962740805604203,0.5494964973730297,0.5811223865998288,0.1398525977816696,0.0,0.0,2024-03-08T02:15:17Z,ls8,qefs8q8q8rkf,0.1418925622159802,0.5575117457788491,0.30059569200517067
0.3377650079471818,0.5063155642499083,0.0,0.14078738232057708,6.113216774666829e-05,0.00024452867098667317,2024-03-16T02:15:35Z,ls9,qefs8q8q8rkf,0.14290682165625193,0.5139377325539697,0.3428497849510451
0.36694868757403826,0.43423031361057424,0.019501161511187193,0.18109919571045577,0.001309308560384064,0.0004987842134796434,2024-03-24T02:15:07Z,ls8,qefs8q8q8rkf,0.18403315082707686,0.4412651999081734,0.3728935564908861
0.35746484900354564,0.4221977014304927,0.0,0.20250580755593595,0.001222643354933366,0.000611321677466683,2024-04-01T02:15:26Z,ls9,qefs8q8q8rkf,0.20580424663617983,0.42907450864306024,0.3632872796883599
0.38055935933488205,0.4160600317887273,0.0,0.18562721604108084,0.0008558503484533561,0.0006724538452133513,2024-04-09T02:15:01Z,ls8,qefs8q8q8rkf,0.18869347049551133,0.42293265506558747,0.3868455702452345
0.20022727272727273,0.34818181818181815,0.9946203692382932,0.03625,0.0,0.4090909090909091,2024-04-17T02:15:16Z,ls9,qefs8q8q8rkf,0.036637512147716225,0.3519038784344906,0.202367700326884
0.3980077026531361,0.42083078615967723,0.0,0.16200941435383298,0.0013449076904267026,0.0015894363614133756,2024-05-03T02:15:01Z,ls9,qefs8q8q8rkf,0.16468814631807094,0.4277889798110614,0.4045885298190275
0.3829857964981021,0.43604628382515,0.0014671720259200605,0.1627158075180605,0.000550997918452308,0.0017754377372352149,2024-05-11T02:14:40Z,ls8,qefs8q8q8rkf,0.16535534394543694,0.44311972105128344,0.3891984993475921
0.4037474018828708,0.41046766108326205,0.0,0.16660044015160777,0.0007947181807066878,0.0020173615356400536,2024-05-19T02:14:54Z,ls9,qefs8q8q8rkf,0.16938144422170692,0.4173194571234037,0.4104870189385427
0.37653625137547375,0.44527570607653744,0.0,0.15930614989607533,0.0007947181807066878,0.002261890206626727,2024-05-27T02:14:28Z,ls8,qefs8q8q8rkf,0.16187573360706758,0.45245793477254986,0.38260972323304915
0.3724715735419978,0.43825773321921996,0.0,0.16950177283286466,0.000611321677466683,0.0032400048905734196,2024-06-04T02:14:47Z,ls9,qefs8q8q8rkf,0.17225424664329617,0.4453744312498325,0.3785199955388312
0.545,0.36,0.9998777356645067,0.07500000000000001,0.0,0.0,2024-06-12T02:14:30Z,ls8,qefs8q8q8rkf,0.07653061224489797,0.3673469387755102,0.5561224489795918
0.37685169336104657,0.43101785059298203,0.0,0.1714078738232058,0.0009169825162000245,0.0037901944002934345,2024-06-20T02:14:32Z,ls9,qefs8q8q8rkf,0.1742111311251009,0.43806684962652775,0.383014842331878
0.3089723497145416,0.45469830963841934,0.4539063455190121,0.17590954886376356,0.00481361244822568,0.04175528937646927,2024-06-28T02:14:43Z,ls8,qefs8q8q8rkf,0.17850273226914828,0.46140127783217,0.31352708807398677
0.4115099645433427,0.372229490157721,0.0,0.19528732118840936,0.001222643354933366,0.002812079716346742,2024-07-06T02:14:43Z,ls9,qefs8q8q8rkf,0.19866605870035972,0.37866956898002546,0.4186296492483346
0.4039882954392574,0.3729920624243239,0.0912091942780291,0.20421498721915785,0.0,0.0030943091618458227,2024-07-14T02:14:52Z,ls8,qefs8q8q8rkf,0.20748476226826398,0.37896420068820585,0.4104567278816843
0.3478683213106737,0.37674165545910254,0.0,0.2561584545787994,0.0007947181807066878,0.0020173615356400536,2024-07-22T02:14:52Z,ls9,qefs8q8q8rkf,0.26044691939490267,0.3830488583068613,0.35369214258188936
0.36455373517544937,0.3769733463748625,0.0,0.2390035456657293,0.001039246851693361,0.0019562293678933853,2024-07-30T02:15:03Z,ls8,qefs8q8q8rkf,0.2430190446012336,0.38330687614265463,0.370678603036525
0.3714384399070791,0.3957225822227656,0.0,0.21350226189020663,0.0011003790194400293,0.0018950972001467172,2024-08-07T02:14:56Z,ls9,qefs8q8q8rkf,0.2170599474972637,0.4023166881713263,0.3776278881118232
0.3746918938745568,0.4076543587235603,0.0,0.2000861963565228,0.00042792517422667807,0.0008558503484533561,2024-08-15T02:15:05Z,ls8,qefs8q8q8rkf,0.20340261644232446,0.4144112121594987,0.38090239587549674
0.40436055752536987,0.40927130456045974,0.0,0.16937828585401637,0.0001833965032400049,0.0003667930064800098,2024-08-31T02:15:13Z,ls8,qefs8q8q8rkf,0.1722109339895892,0.4161158749371244,0.4111230015635663
0.4218095121653014,0.41039124587357867,0.0,0.15091820515955498,0.0001833965032400049,0.0003056608387333415,2024-09-08T02:15:10Z,ls9,qefs8q8q8rkf,0.15343453147575742,0.4172338815306819,0.4288425296515874
0.4335530015894364,0.4105887027754004,0.0,0.13935566695195012,6.113216774666829e-05,0.0,2024-09-16T02:15:21Z,ls8,qefs8q8q8rkf,0.14168532819906998,0.41745266898705713,0.4408008706461262
0.39489607531483073,0.45797713656926275,0.0,0.1306461670130823,0.0001833965032400049,0.000611321677466683,2024-09-24T02:15:11Z,ls9,qefs8q8q8rkf,0.13272980983383878,0.4652812986009556,0.40119417338449903
0.41562721379402523,0.4395502238855844,0.08527937400660224,0.11947069437946936,0.0008019782129252155,0.009356412484127514,2024-10-02T02:15:16Z,ls8,qefs8q8q8rkf,0.12133308473005547,0.4464022313993463,0.4221062931735454
0.2733333333333334,0.5724999999999999,0.99926641398704,0.1416666666666667,0.0,0.0,2024-10-10T02:15:20Z,ls9,qefs8q8q8rkf,0.14345991561181437,0.5797468354430378,0.27679324894514773
0.4484454089742022,0.41110282430614986,0.0,0.12350715246362637,0.0,0.0004890573419733463,2024-10-18T02:15:30Z,ls8,qefs8q8q8rkf,0.12557456291285463,0.4179843551140769,0.455952024631095
0.45455251253209444,0.4137865264702286,0.0,0.11469005990952441,6.113216774666829e-05,0.0003667930064800098,2024-10-26T02:15:36Z,ls9,qefs8q8q8rkf,0.11662012983395512,0.42074996280032434,0.46220198219149383
0.4432234992052818,0.43400660227411664,0.0,0.10613094510331338,0.0,0.0003056608387333415,2024-11-03T02:15:23Z,ls8,qefs8q8q8rkf,0.10789374401022041,0.44121530434809225,0.45058529080295406
0.4590011003790194,0.4207782124954151,0.0,0.10321555202347474,6.113216774666829e-05,0.0003667930064800098,2024-11-11T02:15:28Z,ls9,qefs8q8q8rkf,0.10495617746803515,0.4278742096472744,0.4667416877104638
0.41138525492113953,0.47156742878102453,0.0,0.10103435627827365,0.0,0.00024452867098667317,2024-11-19T02:15:30Z,ls8,qefs8q8q8rkf,0.10265343584547319,0.47912431553342094,0.41797771995011923
0.44215857684313487,0.4333433182540653,0.0,0.10806027631739823,6.113216774666829e-05,0.0,2024-11-27T02:15:42Z,ls9,qefs8q8q8rkf,0.109859522355412,0.4405586546851719,0.44952069079166945
0.4355954273138526,0.4263247340750703,0.0,0.12116823572563884,0.0001833965032400049,0.0003056608387333415,2024-12-05T02:15:34Z,ls8,qefs8q8q8rkf,0.12319235774301397,0.4334465121188382,0.4428720727961746
0.3218998048145738,0.5134743005855564,0.9060398581733708,0.11748210800260249,0.01040988939492518,0.025374105400130124,2024-12-13T02:15:33Z,ls9,qefs8q8q8rkf,0.1188827099702684,0.5195958549905053,0.3257374402441711
0.4005281819293312,0.41726372417165913,0.0,0.16441985572808415,0.0011615111871866976,0.0003667930064800098,2024-12-21T02:15:28Z,ls8,qefs8q8q8rkf,0.1671417290578339,0.42417127799029997,0.40715868875819955
0.3911297224599585,0.4355544687614623,0.0,0.1563473529771366,0.0005501895097200147,0.00042792517422667807,2024-12-29T02:15:35Z,ls9,qefs8q8q8rkf,0.158890554689916,0.4426393528344588,0.3974919777916785
0.3867697762562661,0.4071481843746179,0.0,0.184385621714146,0.004279251742266781,0.0011615111871866976,2025-01-06T02:15:29Z,ls8,qefs8q8q8rkf,0.18744940381310368,0.41391342619398247,0.39319640706346043
,,1.0,,,,2025-01-14T02:15:36Z,ls9,qefs8q8q8rkf,,,
0.44059701492537306,0.31970149253731345,0.9959041447609732,0.22358208955223882,0.0,0.0,2025-01-22T02:15:26Z,ls8,qefs8q8q8rkf,0.22724514563106799,0.32493932038834955,0.44781553398058244
0.370389038414485,0.35195559089796913,0.0006113216774666919,0.25931673599217026,0.0012845608025446537,0.0003058478101296795,2025-01-30T02:15:31Z,ls9,qefs8q8q8rkf,0.2637409656450071,0.35796034163561347,0.37670828410670504
0.3689894852671476,0.3733995598483922,0.0,0.23960997676977625,0.0011003790194400293,0.0003667930064800098,2025-02-07T02:15:29Z,ls8,qefs8q8q8rkf,0.24364426275637407,0.3796864458620975,0.3752021193556083
0.39466499572074826,0.3699981660349676,0.0,0.21698618413008924,0.001039246851693361,0.00042792517422667807,2025-02-15T02:15:37Z,ls9,qefs8q8q8rkf,0.22071815050740873,0.37636180029513105,0.40145287717154027
0.3821249541508742,0.3994718180706688,0.0,0.20121225088641645,0.0005501895097200147,0.00024452867098667317,2025-03-03T02:15:29Z,ls9,qefs8q8q8rkf,0.204569086287653,0.4061362290833606,0.3884999664482797
0.40009536618168484,0.39403961364469986,0.0,0.18855666951950117,0.0003667930064800098,0.0003056608387333415,2025-03-11T02:15:16Z,ls8,qefs8q8q8rkf,0.19174872808522156,0.40071027412662796,0.4068685439429371
0.35352129765629997,0.43784532856504244,0.04273138525492115,0.19072226834408326,0.0012772207676096812,0.0008301934989462928,2025-03-19T02:15:20Z,ls9,qefs8q8q8rkf,0.19379135490483454,0.44489109844421754,0.359210132384392
0.4152066267269837,0.38032766841912213,0.0,0.187146961731263,0.00024452867098667317,0.00024452867098667317,2025-03-27T02:15:05Z,ls8,qefs8q8q8rkf,0.1903520951747871,0.38684127098189375,0.4223175765013458
0.3774801320454823,0.42703936911602886,0.0,0.1789381342462404,0.00012226433549333658,0.0003056608387333415,2025-04-04T02:15:14Z,ls9,qefs8q8q8rkf,0.1818701240138417,0.43403662023796186,0.3836653305739698
0.33456617647058823,0.42824264705882353,0.9168602518645311,0.1112279411764706,0.0058823529411764705,0.10661764705882353,2025-04-12T02:15:00Z,ls8,qefs8q8q8rkf,0.11294124203955615,0.43483908756698547,0.3397196703934583
0.37581389623976863,0.39246969044248875,0.006663406284386886,0.21457628161733028,0.00018462674626130838,0.0005538802387839251,2025-04-20T02:15:14Z,ls9,qefs8q8q8rkf,0.21815705620933307,0.39901908856363766,0.382085348241984
0.37736764885682844,0.3965845457879936,0.0,0.2089338549944981,0.0001833965032400049,0.0003667930064800098,2025-04-28T02:14:50Z,ls8,qefs8q8q8rkf,0.21245484342349039,0.40326785518691066,0.383727111879879
,,1.0,,,,2025-05-06T02:15:07Z,ls9,qefs8q8q8rkf,,,
0.39772038146472677,0.38584117862819417,0.0,0.19824550678567063,0.0003056608387333415,0.0011003790194400293,2025-05-14T02:14:50Z,ls8,qefs8q8q8rkf,0.20163509958306952,0.39243827382204377,0.40452058673671343
0.4221775278151363,0.3638763907568162,0.0,0.1948465582589559,0.00042792517422667807,0.0014671720259200392,2025-05-22T02:14:56Z,ls9,qefs8q8q8rkf,0.19826405398461835,0.3702585717981062,0.42958227701712876
0.4007934955373518,0.37376818681990465,0.0,0.20596772221542978,0.0003667930064800098,0.0021396258711333903,2025-06-07T02:14:51Z,ls9,qefs8q8q8rkf,0.20953117761708082,0.3802347644465466,0.4077276390587592
0.37041019684558013,0.3848019317765008,0.0,0.22518889839833722,0.0006724538452133513,0.002261890206626727,2025-06-15T02:15:03Z,ls8,qefs8q8q8rkf,0.22901660698597529,0.39134270563025975,0.3767063433319249
0.36194461425602154,0.3862018584178995,0.0,0.2316719647878714,0.0006724538452133513,0.002812079716346742,2025-06-23T02:15:05Z,ls9,qefs8q8q8rkf,0.2356198732587107,0.3927831018139141,0.3681124913658151
0.399486489790928,0.37553979704120305,0.0,0.20640848514488325,0.0003056608387333415,0.0015283041936667073,2025-07-01T02:15:11Z,ls8,qefs8q8q8rkf,0.20992728715501657,0.3819419088138179,0.4062968389987657
0.4013394057953295,0.36547499694339164,0.0,0.21276684191221423,0.0007335860129600196,0.002628683213106737,2025-07-09T02:15:09Z,ls9,qefs8q8q8rkf,0.2164715419626965,0.37183865411599193,0.40832753469524485
0.38867037535150994,0.38578493703386724,0.0,0.20633206993519992,0.0004890573419733463,0.0020173615356400536,2025-07-17T02:15:16Z,ls8,qefs8q8q8rkf,0.20984661818659622,0.3923561878156445,0.39529077512014593
0.3880009781146839,0.3834900354566573,0.0,0.20808289521946446,0.0004890573419733463,0.0030566083873334146,2025-07-25T02:15:17Z,ls9,qefs8q8q8rkf,0.21166866631327333,0.3900984954286021,0.39468717252881785
0.3924287810245752,0.39494375840567303,0.0,0.19389534172881773,0.0003667930064800098,0.001650568529160044,2025-08-02T02:15:21Z,ls8,qefs8q8q8rkf,0.19719812340734985,0.40167116607664866,0.3991133489803614
0.39637730773933244,0.3905887027754004,0.0,0.19448832375596042,0.00012226433549333658,0.001650568529160044,2025-08-10T02:15:27Z,ls9,qefs8q8q8rkf,0.19781208527453312,0.39726377547283953,0.40315130638797403
0.3886550923095733,0.4091533194767087,0.0,0.1847597505807556,0.00012226433549333658,0.0008558503484533561,2025-08-18T02:15:28Z,ls8,qefs8q8q8rkf,0.18785366901269582,0.41600484959968975,0.39516336670366775
0.43132167746668293,0.367853038268737,0.0,0.18205893140970777,0.00012226433549333658,0.0015283041936667073,2025-08-26T02:15:33Z,ls9,qefs8q8q8rkf,0.18523460869477068,0.3742695459831677,0.4388452767929016
0.4650379303637425,0.358150165337483,0.6857195256143782,0.16086948064578876,0.0,0.0,2025-09-03T02:15:32Z,ls8,qefs8q8q8rkf,0.16347567918023972,0.3639524494765805,0.47257187134317974
0.430806944614256,0.35298997432448953,0.0,0.19830908424012716,6.113216774666829e-05,0.0006724538452133513,2025-09-11T02:15:39Z,ls9,qefs8q8q8rkf,0.20177415353156522,0.35915779424511524,0.4383344662103597
0.4337198924073848,0.366101601662795,0.0,0.18249602640909648,6.113216774666829e-05,0.0006724538452133513,2025-09-19T02:15:38Z,ls8,qefs8q8q8rkf,0.18564481043535377,0.37241831385640123,0.4412032896952851
0.455742755838122,0.35717508252842645,0.0,0.16888617190365574,0.00012226433549333658,0.0008558503484533561,2025-09-27T02:15:42Z,ls9,qefs8q8q8rkf,0.17184792493622755,0.36343885399007775,0.463735106389748
0.38996692392502763,0.5258765159867697,0.9445531238537719,0.07030871003307608,0.0,0.0,2025-10-05T02:15:40Z,ls8,qefs8q8q8rkf,0.07129600643978355,0.5332610348374403,0.3954429587227763
0.456844357500917,0.37087969189387454,0.0,0.1544290255532461,6.113216774666829e-05,0.0007335860129600196,2025-10-13T02:15:48Z,ls9,qefs8q8q8rkf,0.15711023254412143,0.3773189297192578,0.464776119555914
0.43161572319354446,0.40430064800097815,0.0,0.1469415576476342,6.113216774666829e-05,0.0005501895097200147,2025-10-21T02:15:39Z,ls8,qefs8q8q8rkf,0.14941297697127018,0.4111006060933256,0.4388750952579376
0.4298251620002445,0.41553246118107345,0.0,0.1375913925907813,6.113216774666829e-05,0.000611321677466683,2025-10-29T02:15:41Z,ls9,qefs8q8q8rkf,0.13988402910374859,0.422456331016887,0.43698718603415104
0.4295176297747307,0.41315928011753184,0.001344907690426722,0.13735492164544563,0.0008570029382957884,0.0028158667972575904,2025-11-06T02:15:43Z,ls8,qefs8q8q8rkf,0.13963876530008326,0.4200290099309765,0.4366593550333869
0.443551167624404,0.39982455067856704,0.0,0.1395305049517056,6.113216774666829e-05,0.0003667930064800098,2025-11-14T02:15:48Z,ls9,qefs8q8q8rkf,0.14189634070505477,0.4066038511432899,0.45107188297742873
0.44010636997187924,0.4051577209927864,0.0,0.13779740799608756,0.0,0.0003667930064800098,2025-11-22T02:15:44Z,ls8,qefs8q8q8rkf,0.14012029259221634,0.4119875637509572,0.44752535065034643
0.44307005746423767,0.4047456901821739,0.0,0.13531849859396014,0.0,0.00024452867098667317,2025-11-30T02:15:47Z,ls9,qefs8q8q8rkf,0.13760624234044067,0.41158846800819493,0.45056076098037773
0.44163186194823056,0.4048843316243591,0.02225210905978725,0.1368675753407528,0.0,0.0,2025-12-08T02:15:42Z,ls8,qefs8q8q8rkf,0.139180226141005,0.41172566034089003,0.449094113518105
0.42166707421445165,0.42724355055630275,0.0,0.13463626360190734,6.113216774666829e-05,0.00012226433549333658,2025-12-16T02:15:47Z,ls9,qefs8q8q8rkf,0.13686340058955043,0.4343109623272458,0.42864224057996386
,,1.0,,,,2025-12-24T02:15:41Z,ls8,qefs8q8q8rkf,,,
0.43458347735914277,0.43219149671621154,0.2925785548355545,0.1171664362253716,0.0,0.0,2026-01-01T02:15:49Z,ls9,qefs8q8q8rkf,0.11907867175705263,0.43924515442857426,0.441676173814373
0.41703448275862076,0.45650489570029795,0.2820026898153809,0.10973094934014474,0.0002554278416347382,0.0008514261387824606,2026-01-09T02:15:31Z,ls8,qefs8q8q8rkf,0.11147442377056245,0.4637581329847656,0.42366058926425476
0.5365051020408164,0.38634475218658887,0.8322533317031422,0.059828717201166184,0.0,0.0,2026-02-18T02:15:34Z,ls9,qefs8q8q8rkf,0.060883302985013744,0.39315475417861123,0.545961942836375
0.4085493336593716,0.44378408118351875,0.0,0.13131373028487592,6.113216774666829e-05,0.00024452867098667317,2026-02-26T02:15:25Z,ls8,qefs8q8q8rkf,0.13345597907762816,0.45102396318287696,0.41521439690076156
0.411128215796408,0.45861452049095064,0.11841300892529649,0.11448027182580958,0.0,0.0,2026-03-06T02:15:32Z,ls9,qefs8q8q8rkf,0.11631537861046058,0.4659660632910322,0.4177185580985072
0.4257910502506419,0.4120589314097078,0.0,0.14529649101357137,0.0,0.0003667930064800098,2026-03-14T02:15:14Z,ls8,qefs8q8q8rkf,0.14773301976233008,0.41896889479257277,0.4329312924386171
