bare_soil,dry_vegetation,pc_missing,green_vegetation,water,wetness,date,ard_product,nwi_id,norm_pv,norm_npv,norm_bs
0.37983250961010434,0.5344563426688632,0.1799144336861067,0.07312740252608459,0.0,0.0,1987-05-28T01:00:53Z,ls5,qucy0x3r2str,0.07405934647138485,0.5412675151619639,0.3846731383666512
0.4142175185768971,0.47773924791713585,0.0,0.07394956090970504,0.011709074532762891,0.01125872551227201,1987-07-15T01:01:55Z,ls5,qucy0x3r2str,0.07480135509156123,0.4832421272691451,0.4189887175942587
0.418617428507093,0.49140283719882905,0.0,0.06382571492907003,0.012159423553253772,0.0018013960819635217,1987-09-01T01:03:15Z,ls5,qucy0x3r2str,0.06462485535322558,0.4975555277278223,0.42385879728373477
0.3846113989637306,0.5382743861230006,0.0004503490204909033,0.0522234737553503,0.010137418337463393,0.0027033115566569045,1987-09-17T01:03:38Z,ls5,qucy0x3r2str,0.05286883061283098,0.5449261662768455,0.38936427321620315
0.37295203782931774,0.522566989416798,0.0,0.07677324926818285,0.01035802747129025,0.004278315694663364,1987-10-19T01:04:16Z,ls5,qucy0x3r2str,0.07780537958928846,0.5295923171152764,0.3779659601294814
0.38322116767328157,0.5292033362093759,0.2170682278766044,0.06448375035950532,0.006902502157031924,0.0025884383088869713,1987-11-04T01:04:35Z,ls5,qucy0x3r2str,0.06538151218035579,0.5365710613814811,0.38855648597224424
0.388815582076109,0.5177144787210088,0.0,0.06912857464535015,0.00923215492006305,0.0024769196126998424,1987-11-20T01:04:55Z,ls5,qucy0x3r2str,0.07002361331174081,0.5244175603190722,0.39384975183642423
0.48156946633641073,0.42801170907453273,0.0,0.06693987840576446,0.008106282368835848,0.0018013960819635217,1987-12-06T01:05:09Z,ls5,qucy0x3r2str,0.06787017991669907,0.43396003089902313,0.48826211073347847
,,1.0,,,,1988-01-23T01:05:57Z,ls5,qucy0x3r2str,,,
0.33821896162528214,0.41414672686230247,0.0024769196126998017,0.17334762979683974,0.033408577878103835,0.028893905191873587,1988-02-24T01:06:29Z,ls5,qucy0x3r2str,0.17559177211303645,0.4195082319255981,0.342597512891388
0.313049662487946,0.44762295081967207,0.06597613150191395,0.13229267116682739,0.04652844744455159,0.048698167791706846,1988-03-11T01:06:38Z,ls5,qucy0x3r2str,0.13404203942989054,0.4535420798014669,0.31718926553238413
0.21695553539019966,0.6172822141560798,0.007430758838099516,0.14825090744101635,0.0054446460980036296,0.00022686025408348456,1988-03-27T01:06:46Z,ls5,qucy0x3r2str,0.15003745888505263,0.6247209978378405,0.21957003692501983
0.351677141912008,0.49535891498511414,0.31929745552803424,0.14011577902745617,0.0,0.0009923916639100231,1988-04-12T01:06:50Z,ls5,qucy0x3r2str,0.14179858072721221,0.5013082151275551,0.3559008124813227
0.3932695338887638,0.3897140283719883,0.0,0.1391330781355551,0.022967800045034903,0.0425579824363882,1988-04-28T01:06:55Z,ls5,qucy0x3r2str,0.14099764457758346,0.39493670948439885,0.3985398634565946
0.2885434007134364,0.5045600475624257,0.6212564737671695,0.09726516052318668,0.03329369797859691,0.06539833531510107,1988-05-14T01:07:07Z,ls5,qucy0x3r2str,0.09846019187576856,0.5107592361809812,0.2920885386495523
0.44324476469263674,0.4091420851159649,0.0,0.08761315019139834,0.013960819635217293,0.03467687457779779,1988-05-30T01:07:14Z,ls5,qucy0x3r2str,0.08867217934398952,0.41408761435150976,0.4486025120914856
0.49451249718531864,0.37529160099076786,0.0,0.08643773924791713,0.014861517676199055,0.017113262778653455,1988-06-15T01:07:19Z,ls5,qucy0x3r2str,0.08750287661315709,0.37991616788196664,0.5006061750500239
0.4314765554553652,0.4559693417493237,0.0011258725512272028,0.08165915238954013,0.011496844003606854,0.008340847610459874,1988-07-01T01:07:24Z,ls5,qucy0x3r2str,0.08259086395276069,0.46117184380512904,0.43639960062804356
0.4612812429632966,0.4237401486151767,0.0,0.08262103129925692,0.016662913758162576,0.003827966674172484,1988-07-17T01:07:27Z,ls5,qucy0x3r2str,0.08363425549804938,0.428936691987066,0.46693817208254956
0.47793514974104934,0.41595361405088943,0.0,0.07377167304661113,0.0184643098401261,0.002026570592208962,1988-08-02T01:07:29Z,ls5,qucy0x3r2str,0.07467498283902246,0.42104682879367633,0.483787307934966
0.4693424904300833,0.42074983111911735,0.0,0.07718757036703446,0.014185994145462734,0.004503490204908804,1988-09-03T01:07:32Z,ls5,qucy0x3r2str,0.0783071943411969,0.42685290698749523,0.4761504143209363
0.507137378750282,0.40928716444845475,0.0018013960819635022,0.052891946762914505,0.01466275659824047,0.003158132190390255,1988-09-19T01:07:29Z,ls5,qucy0x3r2str,0.053593811515466626,0.4147183170525746,0.5138669826433281
0.4297815807250619,0.4729317721233956,0.0,0.064444944832245,0.016437739247917135,0.003152443143436163,1988-10-05T01:07:23Z,ls5,qucy0x3r2str,0.06532793727799838,0.47941164704964073,0.43567023328100757
0.4218329205133979,0.479797342940779,0.0,0.06624408916910605,0.017113262778653455,0.002026570592208962,1988-10-21T01:07:17Z,ls5,qucy0x3r2str,0.06713287542385671,0.4862347064674033,0.4274925847378776
0.37021661509164483,0.5632468459890502,0.05404188245890562,0.05350392763627707,0.00023803856224708403,0.00023803856224708403,1988-11-06T01:07:22Z,ls5,qucy0x3r2str,0.0541846227662894,0.5704126635653957,0.3749266365438207
0.2786772749875684,0.6389955246146196,0.5471740598964197,0.06074092491297862,0.006464445549477871,0.003978120338140228,1988-11-22T01:07:21Z,ls5,qucy0x3r2str,0.061432737804536224,0.6462734075610735,0.2818512887467719
0.38848682729115064,0.5017473541995047,0.0,0.09647376716955641,0.0,0.0,1988-12-08T01:07:12Z,ls5,qucy0x3r2str,0.09777337590170632,0.5085064480131083,0.3937201760851854
0.348964197252871,0.4154694888538617,0.0,0.20629362756136008,0.00022517451024544022,0.015987390227426256,1989-01-09T01:07:01Z,ls5,qucy0x3r2str,0.20906909274311813,0.42105919666029273,0.3536591458589175
0.36052690835397433,0.432690835397433,0.0,0.16713803197478044,0.018013960819635216,0.008331456879081288,1989-01-25T01:06:42Z,ls5,qucy0x3r2str,0.1694525245979898,0.43868264788215083,0.36551940982114284
0.3850191398333708,0.4203242512947534,0.0,0.14919837874352623,0.0207160549425805,0.011483900022517451,1989-02-26T01:06:35Z,ls5,qucy0x3r2str,0.1512706957669695,0.4261624186304823,0.3903669306374502
0.357358702994821,0.3615379419049764,0.0,0.16613150191398332,0.04998874127448773,0.05314118441792389,1989-05-01T01:05:32Z,ls5,qucy0x3r2str,0.16835438850486223,0.3663754220571189,0.36214026374560715
0.3895744201756361,0.3688200855663139,0.0,0.14432785408691737,0.038504841251970276,0.046836298131051564,1989-05-17T01:05:13Z,ls5,qucy0x3r2str,0.14623626980886914,0.37369691308044345,0.3947256777276655
0.4412918423010166,0.4178056037689065,0.09187120018013961,0.1236126952640714,0.003223406893131664,0.0014877262583684603,1989-06-02T01:05:01Z,ls5,qucy0x3r2str,0.12519494225474992,0.4231535306775443,0.44694039391620577
0.40275163251519924,0.4343863994595812,0.0,0.11929745552803421,0.022292276514298583,0.009457329430308489,1989-06-18T01:04:35Z,ls5,qucy0x3r2str,0.12077114435225815,0.43975240143711736,0.40772684826601735
0.43761990542670576,0.41354875028146815,0.0,0.10950236433235759,0.02049088043233506,0.006755235307363206,1989-07-04T01:04:21Z,ls5,qucy0x3r2str,0.1108796331084219,0.4187501702198939,0.44312408093198585
0.40402161675298354,0.4828979959468587,0.0,0.09578698491330781,0.003827966674172484,0.001125872551227201,1989-07-20T01:04:01Z,ls5,qucy0x3r2str,0.09698975444111343,0.48896160672956535,0.40909479960392153
,,1.0,,,,1989-08-05T01:03:42Z,ls5,qucy0x3r2str,,,
0.4830803873001577,0.40610673271785636,0.0,0.07939653231254222,0.017563611799144337,0.0018013960819635217,1989-08-21T01:03:19Z,ls5,qucy0x3r2str,0.08038440216416706,0.41115960576040445,0.4890909841943207
0.47481648277414995,0.41735645124971854,0.0,0.07827065976131502,0.013735645124971853,0.003152443143436163,1989-09-06T01:02:59Z,ls5,qucy0x3r2str,0.07929241683208299,0.42280468570175256,0.48101480919775635
0.4225827516325152,0.4610673271785634,0.0,0.08594685881558208,0.01035802747129025,0.006755235307363206,1989-09-22T01:02:28Z,ls5,qucy0x3r2str,0.08712489113512273,0.46738695561392046,0.42837489047230337
0.4557014185994145,0.42035352398108533,0.0,0.09258500337761766,0.014636343165953613,0.0029272686331907227,1989-10-08T01:02:16Z,ls5,qucy0x3r2str,0.09390370147279022,0.42634066413500504,0.46219202259306036
0.4094280567439766,0.4847151542445395,0.0,0.07778878630938979,0.012834947083990092,0.002251745102454402,1989-11-09T01:01:15Z,ls5,qucy0x3r2str,0.07882774828669382,0.4911891029841453,0.4148964565427163
0.43494933573519473,0.43691736095473993,0.0,0.08593560009006981,0.024544021616752985,0.004278315694663364,1989-12-11T01:00:20Z,ls5,qucy0x3r2str,0.08713565995591291,0.44301875535964674,0.44102324737302406
0.41437964422427387,0.4521909479846881,0.0,0.10090294978608422,0.016662913758162576,0.0029272686331907227,1989-12-27T00:59:52Z,ls5,qucy0x3r2str,0.10225214261875475,0.4582372804983841,0.419920394491508
0.3348299932447647,0.4059986489529385,0.0,0.17908353974330107,0.022967800045034903,0.0448097275388426,1990-03-17T00:57:15Z,ls5,qucy0x3r2str,0.18148004066679227,0.4114317341965436,0.33931069755278664
0.43432109885161,0.35374690385048413,0.0,0.14140058545372663,0.014636343165953613,0.04300833145687908,1990-04-02T00:56:47Z,ls5,qucy0x3r2str,0.1433610521235064,0.3586514734624933,0.4403427997911676
,,1.0,,,,1990-04-18T00:56:59Z,ls5,qucy0x3r2str,,,
0.4585138482323801,0.40566989416798016,0.0,0.09962621031299257,0.00990767845079937,0.014185994145462734,1990-05-04T00:56:52Z,ls5,qucy0x3r2str,0.10087657711563491,0.4107612869541306,0.4642684633339724
0.415517755893763,0.5335273052820053,0.24544021616752987,0.040170098478066255,0.0,0.0,1990-05-20T00:57:00Z,ls5,qucy0x3r2str,0.04060804981205844,0.5393440446957036,0.42004790549223797
0.48928169331231697,0.42111911731591983,0.0,0.0649628462058095,0.01013285296104481,0.003827966674172484,1990-06-05T00:56:56Z,ls5,qucy0x3r2str,0.0656738757673833,0.42572833872236593,0.4946369658750335
0.4965097950911957,0.42546273361855436,0.0,0.0550123845980635,0.010808376491781131,0.002026570592208962,1990-06-21T00:56:54Z,ls5,qucy0x3r2str,0.055585611213704825,0.4298960364949081,0.5016834052073968
0.44810476536922517,0.47628592215351034,0.3809952713352849,0.03774827209894507,0.01673335758457621,0.011276827937431793,1990-07-07T00:56:53Z,ls5,qucy0x3r2str,0.038134757591300014,0.4811623731508627,0.4526926837358293
0.48757487052465665,0.44087142535464985,0.0,0.04979058770547175,0.008781805899572169,0.002251745102454402,1990-07-23T00:56:48Z,ls5,qucy0x3r2str,0.050336704271624504,0.44570702180018235,0.4929227229261666
0.4792006304886287,0.44720333258275163,0.0,0.0518914658860617,0.008106282368835848,0.0015762215717180816,1990-09-09T00:56:35Z,ls5,qucy0x3r2str,0.052529149214060496,0.4526989204322003,0.4850894264131853
0.4516145012384598,0.47953839225399686,0.0,0.048930421076334156,0.007205584327854087,0.0006755235307363207,1990-09-25T00:56:30Z,ls5,qucy0x3r2str,0.04953129435901444,0.4854271992903264,0.4571603984920688
0.43385048412519706,0.4955437964422427,0.0,0.05399684755685657,0.002251745102454402,0.0018013960819635217,1990-10-11T00:56:21Z,ls5,qucy0x3r2str,0.05468626792756445,0.5018707952079665,0.4393897956800511
0.49976581850934476,0.44475118216617876,0.0,0.04152668317946409,0.0015762215717180816,0.00022517451024544022,1990-10-27T00:56:15Z,ls5,qucy0x3r2str,0.042038580900421625,0.4502336117539245,0.5059264112636903
0.23985559566787007,0.7293501805054151,0.9376266606620131,0.02057761732851986,0.0,0.0,1990-11-12T00:56:15Z,ls5,qucy0x3r2str,0.020790020790020795,0.7368785789838421,0.2423314002261371
0.4037986939878406,0.5266313893267283,0.0,0.05695564062148165,0.0,0.0,1990-11-28T00:56:02Z,ls5,qucy0x3r2str,0.0576832733558648,0.5333593311714079,0.40895739547272736
0.3761508159819921,0.568939223410242,0.19972979058770546,0.04126336522228475,0.0,0.0,1990-12-14T00:56:06Z,ls5,qucy0x3r2str,0.04183426044786764,0.5768107260019969,0.3813550135501355
0.3974420175636118,0.4048885386174285,0.0,0.1311416347669444,0.047286647151542446,0.006755235307363206,1990-12-30T00:56:31Z,ls5,qucy0x3r2str,0.13289575753661964,0.4103042420744696,0.40275811793000527
0.3715111986217081,0.44690868816145707,0.0851159648727764,0.13411272458774307,0.007875953728771843,0.027319714496677333,1991-01-15T00:56:59Z,ls5,qucy0x3r2str,0.1358405329998276,0.4526663266943603,0.3762974720803629
0.12183724640984728,0.5272008206063369,0.012159423553253723,0.20191474811944382,0.11830408023706405,0.020287212217916573,1991-01-31T00:57:19Z,ls5,qucy0x3r2str,0.20439573043086587,0.5336786827866555,0.12333429432749808
,,1.0,,,,1991-02-16T00:57:36Z,ls5,qucy0x3r2str,,,
0.27528034226525555,0.32778203107408244,0.0,0.26458004953839226,0.06890340013510471,0.05179013735645125,1991-03-04T00:57:52Z,ls5,qucy0x3r2str,0.26813689750010944,0.332188526768476,0.27898103823985854
0.2824538496172895,0.3660333183250788,0.49988741274487725,0.23185952273750565,0.047726249437190456,0.059882935614588025,1991-03-20T00:58:15Z,ls5,qucy0x3r2str,0.23503161951961957,0.3710410622274932,0.28631813320110866
0.2875045372050817,0.4200521778584392,0.007430758838099516,0.202760889292196,0.030626134301270418,0.04650635208711434,1991-04-05T00:58:25Z,ls5,qucy0x3r2str,0.20555621122059406,0.42584314212150753,0.2914681602695137
0.34863994595811754,0.411531186669669,0.0,0.17656608871875704,0.023868498086016664,0.026570592208961945,1991-04-21T00:58:44Z,ls5,qucy0x3r2str,0.17898323244360004,0.41716494133147297,0.3534127359299484
0.35689709524881785,0.43755685656383697,0.0,0.144469714028372,0.01913983337086242,0.029497860842152668,1991-05-07T00:59:04Z,ls5,qucy0x3r2str,0.14638361482912007,0.44335350691219905,0.36162518404566574
0.3718171582976807,0.4407160549425805,0.0,0.12691060571943255,0.018239135329880658,0.030173384372888988,1991-05-23T00:59:19Z,ls5,qucy0x3r2str,0.12855110766845282,0.4464129432601431,0.37662342936863447
0.371268022181146,0.4170757855822551,0.3909029497860842,0.07179667282809613,0.04510166358595194,0.08354898336414047,1991-06-08T00:59:32Z,ls5,qucy0x3r2str,0.07273228714555616,0.42251088530325415,0.37610618060109735
0.3977572618779554,0.4618712001801396,0.0,0.0964242287773024,0.009457329430308489,0.022967800045034903,1991-07-10T00:59:58Z,ls5,qucy0x3r2str,0.09758631670511264,0.46743759104204824,0.40255096277749564
0.3852105381670795,0.48235532537716735,0.0,0.09283044359378519,0.009006980409817608,0.018013960819635216,1991-07-26T01:00:12Z,ls5,qucy0x3r2str,0.09404667319295723,0.4886749636480896,0.39025742192950036
0.43718306687682956,0.44058770547174064,0.0,0.08844854762440892,0.01058320198153569,0.01103355100202657,1991-08-11T01:00:16Z,ls5,qucy0x3r2str,0.08956204396852391,0.4461343516573633,0.4426868513905505
0.41555280342265255,0.47464985363656836,0.0,0.0769781580725062,0.007205584327854087,0.013060121594235533,1991-08-27T01:00:24Z,ls5,qucy0x3r2str,0.07797729253791384,0.48081054960077035,0.42094645193922614
0.39741950011258725,0.4938887637919387,0.0,0.08042332807926143,0.01058320198153569,0.005179013735645125,1991-09-12T01:00:36Z,ls5,qucy0x3r2str,0.0814583768669972,0.5002451155924429,0.4025342918233789
0.32226075208286425,0.577977932897996,0.0,0.07238459806349921,0.008106282368835848,0.007430758838099527,1991-09-28T01:00:41Z,ls5,qucy0x3r2str,0.07326573075404072,0.5850136181779124,0.3261836098611115
0.3477189822112137,0.5429024994370637,0.0,0.08322900247691961,0.006755235307363206,0.006079711776626886,1991-10-14T01:00:52Z,ls5,qucy0x3r2str,0.08436691666080498,0.5503251097795049,0.3524730264757001
0.35649628462058097,0.5341342040081063,0.0,0.08495383922539969,0.007205584327854087,0.003827966674172484,1991-10-30T01:00:53Z,ls5,qucy0x3r2str,0.08611915373045453,0.5414609398125368,0.361386355454982
0.3721796892591758,0.5363701868948436,0.0,0.06950911956766495,0.0069804098176086465,0.002251745102454402,1991-11-15T01:00:57Z,ls5,qucy0x3r2str,0.07041231756847512,0.5433397541043089,0.37701577340715303
0.3586016662913758,0.5488718757036704,0.0,0.07088043233505967,0.0069804098176086465,0.0015762215717180816,1991-12-01T01:01:09Z,ls5,qucy0x3r2str,0.07182874138265764,0.5562152305415952,0.36339939668642046
0.3743571267732493,0.5434384147714478,0.0,0.06316595361405089,0.005179013735645125,0.0009006980409817609,1991-12-17T01:01:08Z,ls5,qucy0x3r2str,0.06400039464527783,0.5506173978356622,0.379302495742433
0.30920513397883354,0.6156496284620582,0.0,0.06264354875028147,0.0,0.00045034902049088043,1992-01-02T01:01:01Z,ls5,qucy0x3r2str,0.06340804493521791,0.6231629606663526,0.31297864537793857
0.4228304435937852,0.5155482999324477,0.0,0.04856113487953164,0.0,0.0,1992-01-18T01:01:00Z,ls5,qucy0x3r2str,0.049203741729409084,0.5223705224731919,0.42842573579739907
0.3367102004053141,0.5774960594460706,0.0,0.07295428957442018,0.0,0.0,1992-02-03T01:01:03Z,ls5,qucy0x3r2str,0.07390316561663147,0.5850072308724036,0.3410896035109649
0.35306912857464534,0.456417473541995,0.0,0.1430961495158748,0.030173384372888988,0.004503490204908804,1992-02-19T01:00:54Z,ls5,qucy0x3r2str,0.14500999734649403,0.4625218557671656,0.3577912723085426
0.3198435619735258,0.475740072202166,0.8128799819860392,0.19048134777376655,0.0,0.0,1992-03-06T01:00:55Z,ls5,qucy0x3r2str,0.1931732200824974,0.4824632056820678,0.3243635742354348
0.3784102679576672,0.3612542220220671,0.0,0.18120243188471066,0.04435937851835172,0.02206710200405314,1992-03-22T01:00:55Z,ls5,qucy0x3r2str,0.18370275666977467,0.3662389944428119,0.3836317683650086
0.36161450123845984,0.4351452375591083,0.0,0.13832470164377392,0.01981535690159874,0.03265030398558883,1992-04-07T01:00:45Z,ls5,qucy0x3r2str,0.14016638400393974,0.4409388470778666,0.36642910803100603
0.1,0.6,0.9997748254897546,0.29,0.0,0.0,1992-04-23T01:00:37Z,ls5,qucy0x3r2str,0.29292929292929293,0.6060606060606061,0.10101010101010102
0.40495609097050217,0.45527358702994825,0.0,0.08638820085566315,0.017113262778653455,0.024544021616752985,1992-05-09T01:00:29Z,ls5,qucy0x3r2str,0.08745820763944746,0.4609126190016151,0.4099718889635311
0.4067755010132853,0.447606394956091,0.0,0.07241837424003603,0.037153794190497635,0.025219545147489305,1992-05-25T01:00:20Z,ls5,qucy0x3r2str,0.07326432737650636,0.45283509606531785,0.41152723722018897
0.4387097500562936,0.4088988966448998,0.0,0.09436388200855664,0.018013960819635216,0.028146813780680027,1992-06-10T01:00:11Z,ls5,qucy0x3r2str,0.09555265082309322,0.4140500863404,0.44423648823619144
0.4838662463409142,0.3882323800945733,0.0,0.07633190722810178,0.01913983337086242,0.02116640396307138,1992-06-26T00:59:59Z,ls5,qucy0x3r2str,0.07723839823697401,0.3928428919327897,0.4896124724963026
0.49406214816482774,0.4001936500788111,0.0,0.0635600090069804,0.016662913758162576,0.014411168655708174,1992-07-12T00:59:47Z,ls5,qucy0x3r2str,0.0642972684128578,0.40483566535386567,0.4997929838194059
0.4533641071830669,0.4582774149966224,0.0,0.06260076559333483,0.01013285296104481,0.003152443143436163,1992-09-14T00:58:52Z,ls5,qucy0x3r2str,0.06340219128370553,0.4641443607154791,0.4591681518963343
0.42682053591533436,0.48533663589281695,0.0,0.06458680477369963,0.006755235307363206,0.003377617653681603,1992-09-30T00:58:32Z,ls5,qucy0x3r2str,0.0654545691711737,0.49185743925030284,0.43255513861747874
0.4228619680252195,0.5049178113037605,0.0,0.050056293627561366,0.006755235307363206,0.003377617653681603,1992-10-16T00:58:15Z,ls5,qucy0x3r2str,0.05067217495325573,0.51113020595899,0.4280647661267095
0.4371560459356001,0.4851159648727764,0.0,0.05725962621031298,0.006304886286872326,0.001125872551227201,1992-11-01T00:58:03Z,ls5,qucy0x3r2str,0.0580217540596905,0.49157287721183385,0.4429746098903761
0.4407543346093222,0.4899819860391804,0.0,0.05223373114163477,0.003827966674172484,0.0006755235307363207,1992-11-17T00:57:46Z,ls5,qucy0x3r2str,0.052899370586494916,0.4962260610851352,0.44637107812346105
0.4186255463817387,0.5215444390480816,0.07273136680927716,0.04716124332200097,0.0,0.00024283632831471587,1992-12-03T00:57:55Z,ls5,qucy0x3r2str,0.04775478530993131,0.5281082720037366,0.42389410635801755
0.4002026570592209,0.5224701643773925,0.0,0.06496509795091196,0.0,0.0,1992-12-19T00:58:05Z,ls5,qucy0x3r2str,0.06577825402977588,0.5290098264973438,0.40521191947288027
0.2675,0.715,0.9990993019590182,0.0025,0.0,0.0,1993-01-04T00:58:15Z,ls5,qucy0x3r2str,0.002538071065989848,0.7258883248730965,0.27157360406091374
0.2863161450123846,0.36054492231479396,0.0,0.21791263229002478,0.11889214140959244,0.0047286647151542445,1993-03-09T00:58:54Z,ls5,qucy0x3r2str,0.22083707807730754,0.36538353156892095,0.2901585842290249
0.2825151992794416,0.37959243413645577,0.0,0.2172934023868498,0.09479846881333033,0.013735645124971853,1993-03-25T00:58:53Z,ls5,qucy0x3r2str,0.22027453642618164,0.3848002127162324,0.28639113691928375
0.3802251745102454,0.35363656834046386,0.0,0.1946611123620806,0.023868498086016664,0.03490204908804324,1993-04-10T00:59:01Z,ls5,qucy0x3r2str,0.19732499986019322,0.3584759942630146,0.3854284587027323
0.3891713578022968,0.3533415897320423,0.0,0.1656698941679802,0.04075658635442468,0.03827966674172484,1993-04-26T00:59:10Z,ls5,qucy0x3r2str,0.16800137535753865,0.3583141846267649,0.39464818691954706
0.32935149741049313,0.4311303760414321,0.0,0.14384823238009456,0.03152443143436163,0.05201531186669669,1993-05-12T00:59:13Z,ls5,qucy0x3r2str,0.14577772775955578,0.43691330472087014,0.33376922421851557
0.3885115964872777,0.43440666516550325,0.0,0.13206710200405314,0.0009006980409817609,0.03197478045485251,1993-05-28T00:59:17Z,ls5,qucy0x3r2str,0.13374585380348172,0.43992856244169226,0.3934501052589918
0.3758815582076109,0.4449560909705022,0.0,0.10592659310965999,0.019365007881107857,0.04233280792614276,1993-06-29T00:59:10Z,ls5,qucy0x3r2str,0.10724534800084386,0.45049566327338875,0.38056117291851677
0.42405088943931546,0.4384305336635893,0.0,0.10281468137806801,0.004278315694663364,0.018689484350371537,1993-07-15T00:59:09Z,ls5,qucy0x3r2str,0.10406470498344648,0.44376098364458855,0.42920651132693
0.40167304661112363,0.4386602116640397,0.0,0.1167507318171583,0.019590182391353298,0.010808376491781131,1993-07-31T00:59:07Z,ls5,qucy0x3r2str,0.11827768408334338,0.44439733376906104,0.40692642326446116
0.3945777977932898,0.4499932447646926,0.0,0.11812429632965549,0.014636343165953613,0.009682503940553928,1993-08-16T00:59:08Z,ls5,qucy0x3r2str,0.11971767699719023,0.4560632113931353,0.39990026450316696
0.43051564962846206,0.4249290700292727,0.0,0.11077685206034676,0.013285296104480973,0.007430758838099527,1993-09-01T00:59:07Z,ls5,qucy0x3r2str,0.11227444706476783,0.43067369664280436,0.43633580134984734
0.370272461157397,0.5003873001576222,0.0,0.09817608646701194,0.011709074532762891,0.006530060797117767,1993-10-03T00:59:01Z,ls5,qucy0x3r2str,0.09948583112447636,0.5070628523886098,0.3752121811570331
0.32632515199279444,0.5542805674397658,0.0,0.08602566989416799,0.008781805899572169,0.011709074532762891,1993-10-19T00:58:55Z,ls5,qucy0x3r2str,0.08717172761888617,0.5616648461876909,0.3306725457610879
0.346000900698041,0.5379261427606395,0.0,0.08750731817158298,0.008106282368835848,0.007655933348344968,1993-11-04T00:58:48Z,ls5,qucy0x3r2str,0.08866065721742669,0.5450159637857731,0.35056116327961934
0.3158725512272011,0.5738572393605044,0.0,0.08441116865570818,0.008331456879081288,0.005179013735645125,1993-11-20T00:58:39Z,ls5,qucy0x3r2str,0.08548119576729883,0.5811316654119056,0.3198766682060691
0.2023076923076923,0.6415384615384615,0.9970727313668093,0.14307692307692307,0.0,0.0,1993-12-06T00:58:37Z,ls5,qucy0x3r2str,0.1449727201870616,0.6500389711613406,0.2049883086515978
0.20965097950911957,0.5564557532087367,0.0,0.1526863319072281,0.06755235307363207,0.0024769196126998424,1994-01-07T00:58:16Z,ls5,qucy0x3r2str,0.15454385171329296,0.5632253675538635,0.21220150804651153
0.31134204008106287,0.4148119792839451,0.0,0.19074307588380995,0.059671245215041656,0.01125872551227201,1994-01-23T00:58:02Z,ls5,qucy0x3r2str,0.19327542426867778,0.4203191173066295,0.3154754876973789
0.31784282819184867,0.4156631389326728,0.0,0.19867372213465437,0.027921639270434586,0.027246115739698266,1994-02-08T00:57:53Z,ls5,qucy0x3r2str,0.20137033778772692,0.4213049707502265,0.3221569364519138
,,1.0,,,,1994-02-24T00:57:38Z,ls5,qucy0x3r2str,,,
0.276095473992344,0.35981085341139385,0.0,0.2713690610222923,0.025895068678225625,0.05471740598964197,1994-03-12T00:57:23Z,ls5,qucy0x3r2str,0.2749918411187353,0.36461433245691366,0.27978135175648344
0.30139608196352174,0.3785859040756586,0.0,0.23505066426480525,0.005629362756136005,0.0666516550326503,1994-03-28T00:57:09Z,ls5,qucy0x3r2str,0.2383094886804008,0.3838347511336365,0.3055747423971763
0.35592659310966,0.431233956316145,0.0,0.13092096374690387,0.002026570592208962,0.06732717856338663,1994-04-29T00:56:34Z,ls5,qucy0x3r2str,0.13271273010054782,0.43713576509727925,0.36079775564657723
0.3713555505516775,0.45477820310740824,0.0,0.10458230128349472,0.003377617653681603,0.05404188245890565,1994-05-15T00:56:16Z,ls5,qucy0x3r2str,0.10591548012917226,0.46057555765418307,0.37608946210405764
0.3816707948660212,0.4616527809052015,0.0,0.09480297230353524,0.014185994145462734,0.03602792163927043,1994-05-31T00:56:00Z,ls5,qucy0x3r2str,0.09598123411061145,0.4673904474219172,0.38641440268273813
0.40053366358928166,0.4661607746003152,0.0,0.08108984462958793,0.017338437288898896,0.023868498086016664,1994-06-16T00:55:39Z,ls5,qucy0x3r2str,0.08203172604963647,0.47157536349683,0.4051859750786179
0.41946633641071834,0.46043909029497865,0.0,0.07274487727989191,0.018914658860616978,0.017338437288898896,1994-07-02T00:55:15Z,ls5,qucy0x3r2str,0.07359221947042995,0.46580234722754243,0.4243523371525117
0.4226840801621256,0.4657059220896194,0.0,0.07241837424003601,0.016662913758162576,0.01125872551227201,1994-07-18T00:54:49Z,ls5,qucy0x3r2str,0.07326781930752307,0.47116850810552907,0.42764203331651335
0.4342197703219996,0.4625039405539293,0.0,0.06543796442242739,0.017113262778653455,0.00923215492006305,1994-08-03T00:54:21Z,ls5,qucy0x3r2str,0.0662196131399723,0.4680284952246663,0.43940647393664484
0.4238887637919388,0.4724251294753434,0.0,0.06918261652780905,0.017113262778653455,0.005404188245890566,1994-08-19T00:53:59Z,ls5,qucy0x3r2str,0.07004147571983084,0.47828999387851157,0.4291510793771136
0.36719432560234183,0.5400157622157172,0.0,0.06263454176987165,0.011934249043008332,0.006079711776626886,1994-09-20T00:53:10Z,ls5,qucy0x3r2str,0.06341865873362239,0.5467761776012386,0.3717912028455039
0.33707273136680926,0.5603827966674172,0.0,0.07757261877955415,0.008106282368835848,0.0036027921639270434,1994-10-22T00:52:11Z,ls5,qucy0x3r2str,0.07862779700779735,0.5680053796848328,0.3416577487746071
0.23804107909258124,0.6966646229307173,0.265480747579374,0.053169834457388106,0.0,0.0,1994-11-07T00:51:37Z,ls5,qucy0x3r2str,0.053822402209498986,0.7052149761827181,0.24096262160778292
0.08432432432432432,0.8668648648648649,0.9583427156045936,0.036216216216216214,0.0,0.0,1994-11-23T00:51:03Z,ls5,qucy0x3r2str,0.03667816280724804,0.8779219357310998,0.08539990146165216
0.05667554963357762,0.8659093937375083,0.6620130601215942,0.06801465689540306,0.0006662225183211193,0.0,1994-12-09T00:50:36Z,ls5,qucy0x3r2str,0.06861434628190693,0.8735441697813977,0.057175261418374215
0.2917533875338753,0.5030731707317073,0.1691060571943256,0.18078048780487807,0.007588075880758808,0.0040650406504065045,1994-12-25T00:50:05Z,ls5,qucy0x3r2str,0.1831411862322924,0.5096424861342772,0.2955632111022651
0.3150057221332112,0.4698054474708171,0.016212564737671742,0.19269855802243074,0.002975509269855802,0.006637674525062943,1995-01-10T00:49:31Z,ls5,qucy0x3r2str,0.1952370457023977,0.4759943642568328,0.3191554062458508
0.24951168710946542,0.42934505901411707,0.027020941229452866,0.2437306179125202,0.028697060865540386,0.0372598935431613,1995-01-26T00:48:55Z,ls5,qucy0x3r2str,0.24675699834314102,0.43467619670913754,0.25260985053901985
0.1904658851818455,0.5091553952509769,0.2508444044134204,0.24449053201082058,0.03787195671776375,0.007514277126540427,1995-02-11T00:48:16Z,ls5,qucy0x3r2str,0.24721015506433056,0.5148190532231484,0.19258455786821688
0.05873677099752307,0.42777527583877506,0.0,0.23739698266156276,0.23305561810403064,0.03467687457779779,1995-02-27T00:47:38Z,ls5,qucy0x3r2str,0.24013804173574196,0.4327145016385359,0.05941496394389372
0.22578473316820535,0.4088673722134654,0.0,0.28561810403062377,0.006530060797117767,0.06147264129700518,1995-03-15T00:46:59Z,ls5,qucy0x3r2str,0.289257761977908,0.4140776069978207,0.22866192893014836
0.2726615627111011,0.41708173834721907,0.0,0.2649628462058095,0.011483900022517451,0.02116640396307138,1995-03-31T00:46:20Z,ls5,qucy0x3r2str,0.2684718533203198,0.4226053157398619,0.27627252695422966
0.18772573744652107,0.4813645575320874,0.0,0.21043683854987613,0.04931321774375141,0.06012159423553254,1995-04-16T00:45:40Z,ls5,qucy0x3r2str,0.21307781823377486,0.48740567669046064,0.19008169309648046
0.20803647827065977,0.4806665165503265,0.0,0.20772123395631614,0.04233280792614276,0.04998874127448773,1995-05-02T00:44:58Z,ls5,qucy0x3r2str,0.21032908502793513,0.48670107867188955,0.2106482870995447
0.19092096374690384,0.5347894618329205,0.0,0.17025895068678226,0.03152443143436163,0.06192299031749606,1995-05-18T00:44:15Z,ls5,qucy0x3r2str,0.17227005163734238,0.5411064019450461,0.19317612466575393
0.24604593560009008,0.5243143436163027,0.0,0.13604818734519253,0.027020941229452825,0.055618104030623734,1995-06-03T00:43:29Z,ls5,qucy0x3r2str,0.13769211082842636,0.5306498389939823,0.2490190049175147
0.3160526908353974,0.5060414321098852,0.0,0.12247241612249493,0.0218419274938077,0.02251745102454402,1995-06-19T00:42:46Z,ls5,qucy0x3r2str,0.12390828069473027,0.5119742534541059,0.319758087332812
0.3534883720930233,0.5679069767441861,0.9903174960594461,0.0672093023255814,0.0,0.0,1995-07-05T00:42:02Z,ls5,qucy0x3r2str,0.06798400376382027,0.5744530698659139,0.3575629263702658
0.41796442242738124,0.45401711326277866,0.0,0.0895699166854312,0.014861517676199055,0.010808376491781131,1995-08-06T00:40:36Z,ls5,qucy0x3r2str,0.09076026684570243,0.46005082819227056,0.4235190107940469
0.3906665165503265,0.47701643773924796,0.0,0.09232830443593786,0.00990767845079937,0.016888088268408017,1995-08-22T00:39:52Z,ls5,qucy0x3r2str,0.09359712806699882,0.4835718459892503,0.3960352592245435
0.36234857014185995,0.4994933573519478,0.0,0.1050078811078586,0.01058320198153569,0.009457329430308489,1995-09-07T00:39:06Z,ls5,qucy0x3r2str,0.10643169854566385,0.506266061883859,0.36726170815863274
0.3532943030848908,0.504222022067102,0.0,0.10896419725287099,0.011483900022517451,0.008556631389326727,1995-09-23T00:38:18Z,ls5,qucy0x3r2str,0.11048385803922857,0.5112541156709772,0.35822149487795013
0.32035352398108535,0.531506417473542,0.0,0.11641071830668769,0.01058320198153569,0.007881107858590407,1995-10-09T00:37:28Z,ls5,qucy0x3r2str,0.11800551176809126,0.5387879029897442,0.3247422754020383
0.33490430083314565,0.5485814005854537,0.0,0.0898671470389552,0.008781805899572169,0.005629362756136005,1995-10-25T00:36:34Z,ls5,qucy0x3r2str,0.09099686364171759,0.5554775972115622,0.33911437049101223
0.33939428056743975,0.5340418824589057,0.0,0.10113713127673947,0.009682503940553928,0.002702094122945283,1995-11-26T00:36:32Z,ls5,qucy0x3r2str,0.10249058653716643,0.5411886324801668,0.3439361829191675
0.23471404775124932,0.5083176013325931,0.5944607070479622,0.2363131593559134,0.0,0.009994447529150472,1996-03-17T00:44:13Z,ls5,qucy0x3r2str,0.23888556703231295,0.5138509372808784,0.23726904815765817
0.2589912181941004,0.4134676874577798,0.0,0.29277865345642873,0.008556631389326727,0.013285296104480973,1996-04-02T00:45:14Z,ls5,qucy0x3r2str,0.2966977410208338,0.4190022988547143,0.2624580326306442
0.2328934924566539,0.4381535690159874,0.0,0.24013285296104478,0.026120243188471066,0.05066426480522405,1996-04-18T00:46:13Z,ls5,qucy0x3r2str,0.24330471565661702,0.44394104433790477,0.23596973201178315
0.29558432785408695,0.5209367259626211,0.0,0.1422562485926593,0.013285296104480973,0.016212564737671697,1996-06-05T00:49:00Z,ls5,qucy0x3r2str,0.14399589270710453,0.5273072335381034,0.2991990129126394
0.2742783156946634,0.5841702319297456,0.0,0.11936951137131277,0.00022517451024544022,0.01035802747129025,1996-06-21T00:49:52Z,ls5,qucy0x3r2str,0.12078545557169926,0.5910995763028359,0.27753176614392916
0.326070704796217,0.5361877955415447,0.0,0.10800720558432786,0.00923215492006305,0.009457329430308489,1996-07-07T00:50:42Z,ls5,qucy0x3r2str,0.10923668223964093,0.5422913732974511,0.3297824601125364
0.3034721909479847,0.5591871200180141,0.0,0.10761765368160323,0.007205584327854087,0.01103355100202657,1996-07-23T00:51:33Z,ls5,qucy0x3r2str,0.10889138316356231,0.5658054869525507,0.30706399455400635
0.3294213015086692,0.5406845305111462,0.0,0.10059446070704796,0.00923215492006305,0.008106282368835848,1996-08-08T00:52:23Z,ls5,qucy0x3r2str,0.10183401684239815,0.5473470129418221,0.33348053292688096
0.33753208736770995,0.5366471515424454,0.0,0.09698716505291602,0.008331456879081288,0.008331456879081288,1996-08-24T00:53:14Z,ls5,qucy0x3r2str,0.09820261069246901,0.5433724274071943,0.341762048142174
0.3380499887412745,0.5434271560459356,0.0,0.09185768970952488,0.007655933348344968,0.006530060797117767,1996-09-09T00:54:08Z,ls5,qucy0x3r2str,0.09303540143809944,0.5503944609860559,0.34238414343038176
0.29178563386624634,0.5875636117991443,0.0,0.09226750731817158,0.008106282368835848,0.007881107858590407,1996-09-25T00:55:00Z,ls5,qucy0x3r2str,0.09344465335181401,0.5950597303705166,0.29550822605024313
0.3030691285746453,0.5844967349696014,0.0,0.08659085791488404,0.007430758838099527,0.0058545372663814455,1996-10-11T00:55:50Z,ls5,qucy0x3r2str,0.08770711205438035,0.5920315592644851,0.30697603257665357
0.2935847782031074,0.5885160999774827,0.0,0.09377167304661113,0.006530060797117767,0.004953839225399685,1996-10-27T00:56:38Z,ls5,qucy0x3r2str,0.09498659267732448,0.5961410013962524,0.2973885059039056
0.3068092771898221,0.6055235307363207,0.0,0.06576446746228329,0.006530060797117767,0.0036027921639270434,1996-11-12T00:57:23Z,ls5,qucy0x3r2str,0.06655584001864695,0.6128100598142301,0.3105012472060782
,,1.0,,,,1996-11-28T00:58:09Z,ls5,qucy0x3r2str,,,
0.2090767845079937,0.500965998648953,0.0,0.2736478270659761,0.0,0.003377617653681603,1997-01-15T01:00:25Z,ls5,qucy0x3r2str,0.27724525018347196,0.5075517869738303,0.2118253451890161
,,1.0,,,,1997-03-04T01:02:29Z,ls5,qucy0x3r2str,,,
0.1738369736545823,0.39675748705246566,0.0,0.33738122044584556,0.02049088043233506,0.0598964197252871,1997-03-20T01:03:06Z,ls5,qucy0x3r2str,0.3417052476740024,0.40184250682541806,0.1760649453429574
0.1937784282819185,0.4717968925917586,0.0,0.29083089394280565,0.01035802747129025,0.0207160549425805,1997-04-05T01:03:42Z,ls5,qucy0x3r2str,0.29463797538161995,0.4779728843109519,0.1963150578935573
0.21225850033776178,0.5283809952713353,0.0,0.2242310290475118,0.013060121594235533,0.00923215492006305,1997-04-21T01:04:16Z,ls5,qucy0x3r2str,0.22721432911728995,0.5354108834485349,0.21508251091987649
0.20820761089844628,0.5594460707047962,0.0,0.19658635442467912,0.011709074532762891,0.01125872551227201,1997-05-07T01:04:50Z,ls5,qucy0x3r2str,0.19919438227838623,0.5668680046397079,0.21096981303687096
0.1486282748393475,0.6065299060800791,0.0889439315469489,0.13923628274839348,0.040533860603064756,0.055116164112703904,1997-05-23T01:05:23Z,ls5,qucy0x3r2str,0.14078612287669998,0.6132811951040725,0.15028265730345883
0.23390677775275842,0.6074915559558659,0.0,0.1282121143886512,0.009457329430308489,0.009457329430308489,1997-06-08T01:05:56Z,ls5,qucy0x3r2str,0.12972944570681025,0.6146809387046351,0.23667495672793754
0.2618712001801396,0.6012384598063499,0.0,0.11070704796217068,0.008331456879081288,0.0069804098176086465,1997-06-24T01:06:29Z,ls5,qucy0x3r2str,0.11194295139074262,0.6079505227467139,0.2647946591658536
0.2587998198603918,0.6237356451249719,0.0,0.0912001801396082,0.01058320198153569,0.005179013735645125,1997-07-10T01:07:02Z,ls5,qucy0x3r2str,0.09218381156754467,0.6304628904256936,0.261591082289581
0.24256473767169556,0.6500405314118441,0.0,0.08204233280792615,0.006304886286872326,0.008106282368835848,1997-07-26T01:07:35Z,ls5,qucy0x3r2str,0.08296332618681983,0.6573377766869687,0.2452877284705034
0.2621729340238685,0.6250911956766495,0.0,0.08956991668543121,0.008556631389326727,0.003377617653681603,1997-08-11T01:08:06Z,ls5,qucy0x3r2str,0.09059979770399898,0.6322785369305455,0.2651874163224472
0.2454920063048863,0.6515086692186445,0.0,0.0818869623958568,0.004503490204908804,0.004953839225399685,1997-08-27T01:08:36Z,ls5,qucy0x3r2str,0.08286194173300164,0.6592657952845522,0.24841493355213762
0.2710628236883585,0.6234339112812429,0.0,0.08303535239810854,0.008106282368835848,0.002251745102454402,1997-09-12T01:09:04Z,ls5,qucy0x3r2str,0.08406401283272606,0.6311571493914298,0.27442081030455395
0.26028371988290927,0.6227043458680477,0.0,0.09422202206710202,0.0058545372663814455,0.003827966674172484,1997-09-28T01:09:31Z,ls5,qucy0x3r2str,0.09548583066257,0.6310567361848554,0.2637749292120206
0.043980582524271845,0.9148543689320388,0.9768070254447196,0.03359223300970874,0.0,0.0,1997-10-14T01:09:57Z,ls5,qucy0x3r2str,0.03384856192525925,0.9218352572882019,0.044316180786538845
0.2454222022067102,0.6538730015762215,0.0,0.07917360954739924,0.004503490204908804,0.004503490204908804,1997-10-30T01:10:24Z,ls5,qucy0x3r2str,0.08018701600736967,0.6622424459856102,0.24856355759720247
0.27590182391353296,0.6170186894843505,0.0,0.08452600765593335,0.004953839225399685,0.004053141184417924,1997-11-15T01:10:46Z,ls5,qucy0x3r2str,0.08569745940734112,0.6255699939229795,0.2797255662598618
0.14044161676646708,0.7658233532934132,0.6991668543120919,0.08391467065868265,0.0,0.0,1997-12-01T01:11:10Z,ls5,qucy0x3r2str,0.08474691582002904,0.7734186018384132,0.14183448234155782
0.18539968475568566,0.6089822112136906,0.0,0.1880004503490205,0.0029272686331907227,0.002702094122945283,1997-12-17T01:11:33Z,ls5,qucy0x3r2str,0.19029467326675648,0.6164137941852537,0.18766216979185377
0.2516077460031524,0.5404120693537491,0.0,0.1956451249718532,0.0,0.0,1998-01-02T01:11:56Z,ls5,qucy0x3r2str,0.19808855916939877,0.5471613370966345,0.25475010373396684
0.2025827516325152,0.42288223373114164,0.0,0.30299256924116186,0.032425129475343394,0.027246115739698266,1998-02-03T01:12:38Z,ls5,qucy0x3r2str,0.3068666132668875,0.42828917950302864,0.20517296201504232
0.25101814058956917,0.42076870748299317,0.006980409817608613,0.3154716553287982,0.0,0.0,1998-02-19T01:12:57Z,ls5,qucy0x3r2str,0.31954311281383435,0.42619912214818745,0.25425776503797826
0.23934924566539065,0.46521729340238677,0.0,0.23020490880432337,0.008781805899572169,0.04413420400810628,1998-03-07T01:13:12Z,ls5,qucy0x3r2str,0.23323710203766132,0.47134500256555484,0.24250188548910545
0.21605043909029498,0.48477820310740816,0.0,0.23278090520153122,0.006530060797117767,0.04773699617203333,1998-04-08T01:13:39Z,ls5,qucy0x3r2str,0.23580368385359732,0.49107329506124087,0.2188559641160107
0.22818058995721682,0.5100472866471515,0.0,0.21664940328754784,0.003152443143436163,0.029497860842152668,1998-04-24T01:13:51Z,ls5,qucy0x3r2str,0.21947923447883808,0.5167094223322029,0.23116103920337014
0.3097703219995497,0.5687547849583428,0.0,0.09964197252870975,0.004503490204908804,0.005629362756136005,1998-05-26T01:14:21Z,ls5,qucy0x3r2str,0.10083381166752792,0.5755577836937216,0.3134755516777056
0.32914658860616985,0.5860752082864219,0.0,0.07022292276514298,0.0006755235307363207,0.0024769196126998424,1998-06-11T01:14:35Z,ls5,qucy0x3r2str,0.07103549047182774,0.592856836979588,0.33295522940514816
0.3566133753659086,0.5741589732042333,0.0,0.05040306237333934,0.006755235307363206,0.0013510470614726414,1998-07-13T01:14:58Z,ls5,qucy0x3r2str,0.05095366267833107,0.5804310545198164,0.3605090004330168
0.3447872100878181,0.5898176086467012,0.0,0.04874802972303535,0.003827966674172484,0.0015762215717180816,1998-07-29T01:15:05Z,ls5,qucy0x3r2str,0.04930538033204119,0.596561167417165,0.34872926400490317
0.3588628687232605,0.579851384823238,0.0,0.04386624634091422,0.005404188245890566,0.0009006980409817609,1998-08-14T01:15:12Z,ls5,qucy0x3r2str,0.04436244628394057,0.5864104649386634,0.3629222024905237
0.3591398333708624,0.5786714703895519,0.0,0.0447309164602567,0.005179013735645125,0.00045034902049088043,1998-08-30T01:15:24Z,ls5,qucy0x3r2str,0.04526941335416391,0.5856378554774665,0.3634633684122335
0.32526232830443597,0.6081873451925243,0.0,0.04804548525106958,0.004503490204908804,0.0013510470614726414,1998-09-15T01:15:31Z,ls5,qucy0x3r2str,0.048664734350918865,0.6160261559378443,0.32945457244485543
0.3264602566989417,0.6017586129250169,0.0,0.05347444269308715,0.004278315694663364,0.0006755235307363207,1998-10-01T01:15:34Z,ls5,qucy0x3r2str,0.05420179421995828,0.6099436453232217,0.33090072123142034
0.2912632290024769,0.6204886286872326,0.0,0.06825264580049539,0.005179013735645125,0.0015762215717180816,1998-10-17T01:15:34Z,ls5,qucy0x3r2str,0.06917476692844657,0.6288716835484085,0.2951983142157818
,,1.0,,,,1998-11-02T01:15:38Z,ls5,qucy0x3r2str,,,
0.2879441567214591,0.5496757487052465,0.0,0.13494483224498985,0.013060121594235533,0.0013510470614726414,1998-11-18T01:15:47Z,ls5,qucy0x3r2str,0.13675194499308213,0.5570367275310163,0.29180015882019344
0.18032043945983062,0.5712062256809338,0.016212564737671742,0.18319981689173725,0.03982604715037766,0.014648661020828565,1998-12-04T01:15:42Z,ls5,qucy0x3r2str,0.1853163076677637,0.5778053191100337,0.18240366505099648
,,1.0,,,,1999-01-05T01:15:49Z,ls5,qucy0x3r2str,,,
0.08540142142669123,0.4976125296130561,0.14456203557757263,0.3674730192155831,0.007896814951302974,0.032376941300342195,1999-02-22T01:16:00Z,ls5,qucy0x3r2str,0.37104506578969676,0.5024496061838329,0.08623157177482516
0.17880980163360558,0.4639935822637106,0.22810177887863092,0.34419486581096853,0.0,0.0014585764294049008,1999-03-10T01:15:50Z,ls5,qucy0x3r2str,0.3482203047413262,0.4694200950185703,0.18090102381069856
0.11501463634316594,0.5088673722134655,0.0,0.33866921864444943,0.004503490204908804,0.02116640396307138,1999-03-26T01:15:34Z,ls5,qucy0x3r2str,0.34281356287228615,0.5150944558711077,0.11642208708862609
0.0969781580725062,0.5136478270659761,0.0,0.28838324701643775,0.02026570592208962,0.07047962170682279,1999-04-11T01:15:27Z,ls5,qucy0x3r2str,0.29166976867936767,0.5195015468233968,0.09808335686832312
0.2725895068678226,0.5369961720333258,0.0,0.13941454627336186,0.024093672596262102,0.015086692186444494,1999-05-29T01:14:53Z,ls5,qucy0x3r2str,0.14115089748237283,0.5436842399392103,0.27598449779571027
0.2736545823012835,0.557457779779329,0.0,0.12730015762215718,0.018013960819635216,0.011934249043008332,1999-06-14T01:14:43Z,ls5,qucy0x3r2str,0.1288461317517411,0.5642277266668426,0.27697793171877266
0.32306462508444045,0.5322269759063274,0.0,0.10786309389777077,0.012384598063499211,0.012834947083990092,1999-06-30T01:14:32Z,ls5,qucy0x3r2str,0.1091650555092147,0.5386512222927853,0.3269641770505106
0.3353771673046611,0.5340553929295203,0.0,0.10038279666741726,0.007430758838099527,0.01125872551227201,1999-07-16T01:14:28Z,ls5,qucy0x3r2str,0.10157262746876664,0.540385516986928,0.33935237119393385
0.3190227426255348,0.5430466111236208,0.0,0.1075253321324026,0.008781805899572169,0.00990767845079937,1999-07-24T01:29:34Z,ls7,qucy0x3r2str,0.10882458480505218,0.5496083649623058,0.3228775658822706
0.32473316820535914,0.5535937851835173,0.0,0.09680477369961721,0.005179013735645125,0.008106282368835848,1999-08-01T01:14:27Z,ls5,qucy0x3r2str,0.09795465675379689,0.5601695777622693,0.32859046937945297
0.3005179013735645,0.5673744652105381,0.0,0.10540869173609548,0.0069804098176086465,0.007655933348344968,1999-08-09T01:29:39Z,ls7,qucy0x3r2str,0.10671507347421563,0.5744062158927536,0.30424236746707717
0.3496307138031975,0.5392524206259852,0.0,0.08832470164377393,0.006304886286872326,0.0047286647151542445,1999-08-17T01:14:19Z,ls5,qucy0x3r2str,0.08938750112205114,0.5457411738358459,0.35383777404007655
0.3010988516099978,0.5717608646701193,0.0,0.10308489079036254,0.0058545372663814455,0.0058545372663814455,1999-08-25T01:29:39Z,ls7,qucy0x3r2str,0.10438898005359763,0.5789940023204337,0.30490794309320596
0.3224589056518802,0.5645958117541094,0.0,0.09059220896194549,0.007655933348344968,0.0024769196126998424,1999-09-02T01:13:55Z,ls5,qucy0x3r2str,0.09172457766759157,0.5716530480870678,0.32648952128429576
0.2559814772983962,0.6295030494691666,0.003152443143436212,0.09341088773435736,0.002484752654167608,0.006324824937881184,1999-09-10T01:29:38Z,ls7,qucy0x3r2str,0.09458413626141034,0.6374096601810292,0.2591966259655117
0.29426930871425355,0.6000000000000001,0.0,0.08293177212339564,0.0024769196126998424,0.0069804098176086465,1999-09-18T01:13:24Z,ls5,qucy0x3r2str,0.08406402801332276,0.6081917161126794,0.2982869264436895
0.25417473541995045,0.6337333933798693,0.0,0.09050889439315471,0.002026570592208962,0.007205584327854087,1999-09-26T01:29:44Z,ls7,qucy0x3r2str,0.09165141257030958,0.6417331808732551,0.257383251636372
0.1353319357092942,0.7825471698113208,0.3555505516775501,0.07229210342417891,0.0,0.0,1999-10-12T01:29:46Z,ls7,qucy0x3r2str,0.07300970051554942,0.7903150109214608,0.13667528856298983
0.1870975005629363,0.691134879531637,0.0,0.09927493807700968,0.003377617653681603,0.006755235307363206,1999-10-20T01:13:18Z,ls5,qucy0x3r2str,0.10053019338061799,0.699873748976892,0.18946320468144506
0.2543075883809953,0.6226998423778428,0.0,0.10296780004503492,0.003377617653681603,0.003827966674172484,1999-10-28T01:29:38Z,ls7,qucy0x3r2str,0.10431473537846563,0.6308454609057089,0.2576342193879713
0.2052398108534114,0.6662125647376718,0.0,0.11085791488403514,0.0015762215717180816,0.004278315694663364,1999-11-13T01:29:38Z,ls7,qucy0x3r2str,0.1121935646594601,0.6742392957420207,0.20771260233213779
0.1943743372216331,0.6441145281018028,0.15064174735419955,0.1441542948038176,0.0029162248144220574,0.001855779427359491,1999-11-29T01:29:31Z,ls7,qucy0x3r2str,0.1460004971478799,0.6523637845894051,0.1968637140209335
,,1.0,,,,1999-12-31T01:29:32Z,ls7,qucy0x3r2str,,,
,,1.0,,,,2000-01-16T01:29:33Z,ls7,qucy0x3r2str,,,
0.13856563836973654,0.4212249493357352,0.0,0.2957261877955416,0.12114388651204684,0.012834947083990092,2000-02-01T01:29:32Z,ls7,qucy0x3r2str,0.29935723696465255,0.42639692451215006,0.14026700492716035
0.04203557757261878,0.49872326052690835,0.0,0.3298581400585454,0.027921639270434586,0.09164602566989417,2000-03-20T01:29:21Z,ls7,qucy0x3r2str,0.3335769687200562,0.5043458786471718,0.04250948769244323
0.18019021739130436,0.5614673913043479,0.834271560459356,0.24745923913043477,0.0,0.0,2000-04-05T01:29:11Z,ls7,qucy0x3r2str,0.25018200799461526,0.5676451599609885,0.18217283204439622
0.13556856563836972,0.4884102679576671,0.0,0.30827291150641745,0.025895068678225625,0.03039855888313443,2000-05-07T01:28:56Z,ls7,qucy0x3r2str,0.31206067735153137,0.49441139119075567,0.1372343038963529
,,1.0,,,,2000-05-23T01:28:44Z,ls7,qucy0x3r2str,,,
0.18159873902274262,0.5321796892591759,0.0,0.21710650754334612,0.03400135104706147,0.023868498086016664,2000-06-08T01:28:35Z,ls7,qucy0x3r2str,0.21972918331165006,0.5386084913766109,0.18379247617866096
0.2042085115964873,0.5438369736545824,0.0,0.1878473316820536,0.02837198829092547,0.024544021616752985,2000-06-24T01:28:30Z,ls7,qucy0x3r2str,0.19009356327856922,0.550340040707161,0.20665038610659134
0.1911168655708174,0.5822765142985814,0.0,0.16061472641297003,0.03625309614951588,0.0184643098401261,2000-07-10T01:28:16Z,ls7,qucy0x3r2str,0.16255351982353802,0.589305221405724,0.19342385278109595
0.21039180364782709,0.5825309614951586,0.0,0.15069804098176087,0.024994370637243864,0.01981535690159874,2000-07-26T01:27:56Z,ls7,qucy0x3r2str,0.1525457068034395,0.5896732079411788,0.212971357716539
0.19973204233280792,0.599732042332808,0.0,0.14345868047736995,0.012834947083990092,0.03219995496509795,2000-08-11T01:27:49Z,ls7,qucy0x3r2str,0.14529083178218274,0.6073913895416472,0.20228287662708197
0.20610898446295883,0.6135464985363658,0.0,0.13612925016888086,0.016437739247917135,0.015762215717180814,2000-08-27T01:27:42Z,ls7,qucy0x3r2str,0.1378405511953546,0.6212594827145058,0.2087000111250417
0.21558432785408693,0.6222067102004053,0.0,0.1409254672371088,0.002026570592208962,0.006530060797117767,2000-09-12T01:27:24Z,ls7,qucy0x3r2str,0.14275800929602572,0.6302976535063739,0.21838770580827346
0.1606912857464535,0.6602544471965773,0.0,0.1503805449223148,0.007205584327854087,0.00990767845079937,2000-09-28T01:27:11Z,ls7,qucy0x3r2str,0.15217033298542404,0.6681126148127252,0.16260378942319736
0.1734367903103709,0.6285642190259904,0.10763341589732045,0.14527882916982085,0.009084027252081756,0.03154176129195054,2000-10-30T01:27:06Z,ls7,qucy0x3r2str,0.14713367318767603,0.6365893978366988,0.17565114043159297
0.2137536590857915,0.6071763116415222,0.0,0.15584102679576672,0.0047286647151542445,0.006079711776626886,2000-11-15T01:27:05Z,ls7,qucy0x3r2str,0.15782270224669495,0.6148971693380132,0.2164717519235108
,,1.0,,,,2000-12-01T01:27:07Z,ls7,qucy0x3r2str,,,
0.13196802521954515,0.5565548299932447,0.0,0.29065075433460935,0.0047286647151542445,0.004278315694663364,2000-12-17T01:27:10Z,ls7,qucy0x3r2str,0.2941591418271122,0.5632728927380344,0.13356098502503574
0.15225174510245443,0.529653231254222,0.0,0.29493132177437514,0.005179013735645125,0.0058545372663814455,2001-01-02T01:27:08Z,ls7,qucy0x3r2str,0.2985937178537886,0.536230355399341,0.15414237574484393
0.16320010055304174,0.5218903971845148,0.10425579824363884,0.30207893413775766,0.0,0.0017596782302664656,2001-01-18T01:27:14Z,ls7,qucy0x3r2str,0.30546668350608,0.5277432841739433,0.1650303540897103
0.1458185093447422,0.4893289799594685,0.0,0.3525287097500563,0.0,0.0,2001-02-03T01:27:12Z,ls7,qucy0x3r2str,0.3569274121292123,0.49543461756800194,0.14763797030278578
0.022353870458135857,0.42202211690363345,0.8574645350146364,0.3396998420221169,0.04265402843601896,0.16587677725118483,2001-03-07T01:27:05Z,ls7,qucy0x3r2str,0.3429030078438922,0.42600153241602273,0.022564654052881338
0.10101103355100202,0.49131952263003825,0.0,0.30360054041882456,0.008331456879081288,0.0851159648727764,2001-04-08T01:26:48Z,ls7,qucy0x3r2str,0.3071997988670508,0.49714423539295066,0.10220854398814076
0.17035127223598287,0.5370524656608873,0.0,0.23371087592884482,0.025444719657734743,0.021616752983562262,2001-05-10T01:26:44Z,ls7,qucy0x3r2str,0.23664715717249502,0.5437998499043841,0.1724915202818237
0.17691060571943254,0.5975996397207837,0.0,0.18824814231029047,0.002026570592208962,0.022967800045034903,2001-05-26T01:26:34Z,ls7,qucy0x3r2str,0.19064284539599208,0.6052016998722973,0.17916108409446674
0.16082413870749832,0.612373339337987,0.0,0.18990993019590185,0.016212564737671697,0.00923215492006305,2001-06-11T01:26:22Z,ls7,qucy0x3r2str,0.19216727405284423,0.619652248841476,0.16273575744794505
0.20038955190272462,0.5949065525782481,0.0,0.1723260526908354,0.009682503940553928,0.010808376491781131,2001-06-27T01:26:04Z,ls7,qucy0x3r2str,0.17444302912939655,0.6022148100082099,0.20285128043005862
0.13442709529276695,0.6780505166475316,0.019365007881107843,0.13904247990815155,0.006659012629161883,0.030998851894374284,2001-07-13T01:26:06Z,ls7,qucy0x3r2str,0.14062386930455423,0.6857622742194627,0.13595599195244695
0.45483674848007205,0.43115289349245667,0.0,0.08850258950686782,0.006079711776626886,0.006304886286872326,2001-07-29T01:25:56Z,ls7,qucy0x3r2str,0.08969442514236646,0.43695908951085444,0.46096188728327986
,,1.0,,,,2001-08-14T01:25:36Z,ls7,qucy0x3r2str,,,
0.3729858140058545,0.5260616978158072,0.0,0.07801621256473767,0.005404188245890566,0.004953839225399685,2001-08-30T01:25:27Z,ls7,qucy0x3r2str,0.07902055573731709,0.5328339629282467,0.37778745386314583
0.3824701643773925,0.4991105606845306,0.0,0.09510920963746904,0.006079711776626886,0.003152443143436163,2001-09-15T01:25:16Z,ls7,qucy0x3r2str,0.09648010420909463,0.5063046900531954,0.38798305081764684
0.35082188696239586,0.5156136005404188,0.0,0.11176311641522181,0.004503490204908804,0.003152443143436163,2001-10-01T01:25:05Z,ls7,qucy0x3r2str,0.11337929230415923,0.5230697479343915,0.35589502641310405
0.3494528259401036,0.5201260977257375,0.0,0.11045935600090069,0.002251745102454402,0.004053141184417924,2001-10-17T01:25:01Z,ls7,qucy0x3r2str,0.11199860719656617,0.5273740552261835,0.3543224512903781
,,1.0,,,,2001-11-02T01:25:04Z,ls7,qucy0x3r2str,,,
0.3439563161450124,0.49239135329880657,0.0,0.13672596262103132,0.009457329430308489,0.003827966674172484,2001-11-18T01:25:16Z,ls7,qucy0x3r2str,0.13864266102470002,0.4992939612801741,0.3487780815906448
0.30814746543778804,0.5123963133640552,0.02274262553478945,0.16379493087557606,0.0,0.002304147465437788,2001-12-04T01:25:13Z,ls7,qucy0x3r2str,0.1660175726039481,0.5193493577681709,0.31232892216244323
0.29475118216617874,0.5077212339563162,0.0,0.1763611799144337,0.002251745102454402,0.005629362756136005,2001-12-20T01:25:24Z,ls7,qucy0x3r2str,0.17875485592431445,0.5146123204075291,0.298751715809566
0.35713178294573644,0.48847545219638244,0.7385723936050439,0.14234280792420326,0.0,0.0,2002-01-05T01:25:25Z,ls7,qucy0x3r2str,0.14407895310415775,0.49443335280424755,0.36148769409159465
0.16051114613825715,0.5524566539067778,0.0,0.2692636793514975,0.00022517451024544022,0.005404188245890566,2002-01-21T01:25:36Z,ls7,qucy0x3r2str,0.2725914430963627,0.5592843301381518,0.16249486400934954
0.16826390452600765,0.45634091420851164,0.0,0.2605291600990768,0.07971177662688583,0.024318847106507543,2002-02-06T01:25:36Z,ls7,qucy0x3r2str,0.26371843659288163,0.46192722688956867,0.1703237127841563
0.14987615401936502,0.3976739473091646,0.0,0.32170231929745546,0.04931321774375141,0.07025444719657735,2002-03-10T01:25:40Z,ls7,qucy0x3r2str,0.32583990271686525,0.4027886419570333,0.1518037903857726
0.15341364557532086,0.41651655032650303,0.0,0.3244719657734744,0.008781805899572169,0.08534113938302185,2002-03-26T01:25:34Z,ls7,qucy0x3r2str,0.3286348370879164,0.421860324156736,0.1553818934727535
,,1.0,,,,2002-04-11T01:25:34Z,ls7,qucy0x3r2str,,,
0.22353749155595584,0.48511371312767393,0.0,0.25091646025669895,0.01058320198153569,0.017113262778653455,2002-04-27T01:25:33Z,ls7,qucy0x3r2str,0.25424675118936935,0.49155238916546895,0.22650439488497254
0.25517225850033776,0.518959693762666,0.0,0.19833145687908127,0.008556631389326727,0.0058545372663814455,2002-05-13T01:25:30Z,ls7,qucy0x3r2str,0.20100835359626806,0.525964137346381,0.2586163404016427
0.28136005404188247,0.5295766719207385,0.0,0.16732042332807925,0.0047286647151542445,0.003827966674172484,2002-05-29T01:25:21Z,ls7,qucy0x3r2str,0.16957578512156524,0.5367149935243695,0.28515258996473847
0.28075433460932225,0.5567664940328755,0.0,0.1418171582976807,0.003377617653681603,0.004278315694663364,2002-06-14T01:25:16Z,ls7,qucy0x3r2str,0.1437005584005203,0.5641606209827192,0.2844828872684154
0.29523305561810403,0.5659806349921189,0.0,0.11921639270434588,0.002702094122945283,0.004053141184417924,2002-06-30T01:25:11Z,ls7,qucy0x3r2str,0.12077460691415877,0.5733782675484972,0.29909189022998073
0.2934406665165503,0.5766921864444945,0.0,0.11072506192299032,0.002702094122945283,0.0036027921639270434,2002-07-16T01:25:06Z,ls7,qucy0x3r2str,0.11217420110380334,0.5842397752932293,0.29728113731609496
0.32433911281242966,0.5350934474217519,0.0,0.12072506192299032,0.002702094122945283,0.0036027921639270434,2002-08-01T01:24:58Z,ls7,qucy0x3r2str,0.12239246160384763,0.542483914895929,0.32881873721335114
0.2979869398784058,0.5813893267282143,0.0,0.10234631839675748,0.002251745102454402,0.0029272686331907227,2002-08-17T01:24:54Z,ls7,qucy0x3r2str,0.1037118499292116,0.5891463762314703,0.30196276010367307
0.29458905651880213,0.5820198153569016,0.0,0.10379644224273812,0.0047286647151542445,0.0013510470614726414,2002-09-02T01:24:44Z,ls7,qucy0x3r2str,0.10522728539392603,0.5900430100701802,0.29864999275926685
0.31444269308714257,0.5568160324251294,0.0,0.10906777752758388,0.0047286647151542445,0.001125872551227201,2002-09-18T01:24:30Z,ls7,qucy0x3r2str,0.11060522777183243,0.5646650687258555,0.31887516623593054
0.2971155145237559,0.5847894618329206,0.0,0.09722134654357129,0.004278315694663364,0.0029272686331907227,2002-10-04T01:24:28Z,ls7,qucy0x3r2str,0.0985785058323036,0.5929528177037799,0.3012630921360622
0.29814681378068003,0.581258725512272,0.0,0.10149065525782482,0.0015762215717180816,0.0036027921639270434,2002-10-20T01:24:31Z,ls7,qucy0x3r2str,0.1029314154964625,0.5895102680602222,0.30237930270767016
0.24804098176086467,0.569801846430984,0.0,0.16428056743976582,0.0024769196126998424,0.002702094122945283,2002-11-21T01:24:51Z,ls7,qucy0x3r2str,0.16640450360047904,0.5771686504598273,0.25124783220404856
0.23361630263454178,0.5729587930646252,0.0,0.1739180364782707,0.0036027921639270434,0.003152443143436163,2002-12-07T01:25:00Z,ls7,qucy0x3r2str,0.17617989718504673,0.5804103087721212,0.2366545587354689
,,1.0,,,,2002-12-23T01:25:04Z,ls7,qucy0x3r2str,,,
0.26844927902858584,0.5590791803693397,0.10988516099977486,0.14958259549709083,0.0015178345560333923,0.008095117632178092,2003-01-08T01:25:03Z,ls7,qucy0x3r2str,0.151614971927941,0.5666753806183438,0.2720966952655038
0.08501597444089458,0.7709744408945687,0.7180815131727089,0.13267571884984028,0.0,0.0007987220447284345,2003-01-24T01:25:14Z,ls7,qucy0x3r2str,0.13408950023117455,0.7791898801585909,0.0859218975655061
0.16746003152443145,0.4836230578698491,0.0,0.277903625309615,0.029497860842152668,0.02972303535239811,2003-02-09T01:25:24Z,ls7,qucy0x3r2str,0.2814312835963408,0.4897620813742943,0.16958573883481423
0.02497115888830624,0.6230152071316203,0.5705922089619455,0.3093602517042475,0.001048767697954903,0.0346093340325118,2003-02-25T01:25:24Z,ls7,qucy0x3r2str,0.31162073052162576,0.6275675459368392,0.025153621811068422
0.2181828417023193,0.40668543120918715,0.0,0.30400360279216393,0.00045034902049088043,0.05854537266381445,2003-03-13T01:25:29Z,ls7,qucy0x3r2str,0.30797432706647393,0.4119973278409339,0.2210326234082869
0.23661787885611346,0.4457081738347219,0.0,0.2842850709299708,0.00022517451024544022,0.02049088043233506,2003-03-29T01:25:25Z,ls7,qucy0x3r2str,0.28801220985166587,0.4515516614191481,0.2397200737866056
0.17877130291368884,0.5638455195162175,0.18081513172708852,0.2439774601429357,0.0,0.0008246289169873557,2003-04-14T01:25:30Z,ls7,qucy0x3r2str,0.24708867016590508,0.5710356994234003,0.18105100149370731
0.27996847556856563,0.5161089844629588,0.0,0.18369511371312766,0.0009006980409817609,0.006304886286872326,2003-04-30T01:25:31Z,ls7,qucy0x3r2str,0.1861365463452772,0.5229684228603307,0.28368944646653793
0.3031501913983337,0.5458342715604594,0.0,0.1328484575546048,0.002702094122945283,0.0024769196126998424,2003-05-16T01:25:27Z,ls7,qucy0x3r2str,0.13460582835118615,0.5530547784919706,0.307160379421198
0.3852150416572844,0.517923891015537,0.0,0.07997973429407793,0.004503490204908804,0.0,2003-07-11T01:13:05Z,ls5,qucy0x3r2str,0.0809867099662894,0.5244447523676405,0.39006504746116133
0.34092216162617756,0.5680416460089242,0.09164602566989422,0.07426375805651958,0.004462072384729797,0.0004957858205255329,2003-07-19T01:25:18Z,ls7,qucy0x3r2str,0.07515611995917384,0.5748673001002994,0.3450187217352715
0.410297230353524,0.5106507543346094,0.0,0.06364782706597612,0.0029272686331907227,0.00022517451024544022,2003-07-27T01:13:23Z,ls5,qucy0x3r2str,0.06443982409077371,0.5170049991971155,0.4154027335686745
0.34800250000000005,0.5640700000000001,0.09930195901823913,0.06937,0.00575,0.00075,2003-08-04T01:25:09Z,ls7,qucy0x3r2str,0.07022224429857071,0.5709998751837219,0.3522778805177073
0.37447685834502104,0.5619214586255259,0.19725287097500566,0.050513323983169704,0.0,0.0,2003-08-12T01:13:38Z,ls5,qucy0x3r2str,0.05118322845432789,0.5693736250618189,0.3794431464838532
0.2869548965860952,0.6378619486668329,0.09637469038504842,0.058021430351358094,0.00647894343384002,0.0,2003-08-20T01:25:09Z,ls7,qucy0x3r2str,0.058652083681538056,0.6447950725089341,0.29007390037568775
0.35151542445395184,0.563994595811754,0.0,0.06748930421076335,0.003152443143436163,0.001125872551227201,2003-08-28T01:13:57Z,ls5,qucy0x3r2str,0.06836277705188307,0.5712940333706509,0.35606487388280267
0.30397755610972566,0.6094887780548629,0.09705021391578472,0.06996758104738154,0.0024937655860349127,0.0012468827930174563,2003-09-21T01:24:57Z,ls7,qucy0x3r2str,0.0708800620463918,0.6174374154203368,0.30794187415421914
0.25468362981310516,0.653037604143211,0.0,0.0761720333258275,0.0024769196126998424,0.0009006980409817609,2003-09-29T01:14:25Z,ls5,qucy0x3r2str,0.07715750869101116,0.6614862754379482,0.2579785982173589
0.2939507677309286,0.6128515720204728,0.07610898446295877,0.07582744333414575,0.003168413356080916,0.0014623446258835,2003-10-07T01:24:53Z,ls7,qucy0x3r2str,0.07681052019273396,0.6207969829655288,0.297761738859773
0.30253546498536366,0.6288718757036703,0.0,0.05434136455753209,0.0015762215717180816,0.00045034902049088043,2003-10-15T01:14:38Z,ls5,qucy0x3r2str,0.05501527687283585,0.636670805768008,0.306287346766947
0.31111543134872416,0.620400972053463,0.07340689034001346,0.05612879708383962,0.00024301336573511544,0.0,2003-10-23T01:25:04Z,ls7,qucy0x3r2str,0.05681712117704918,0.6280091332595042,0.3149307321977115
0.3557487804878049,0.5509878048780488,0.07678450799369507,0.07987317073170733,0.0,0.0,2003-11-08T01:25:12Z,ls7,qucy0x3r2str,0.08095720748559987,0.558465798126128,0.36057699438827223
0.12366691938337125,0.7991230730351276,0.10898446295879305,0.06670457417235279,0.0,0.0,2003-11-16T01:15:03Z,ls5,qucy0x3r2str,0.06741277458669928,0.8076073381467681,0.12497988726653268
0.33624728850325375,0.5972885032537961,0.06575095699166855,0.05397927211376236,0.0,0.0,2003-11-24T01:25:25Z,ls7,qucy0x3r2str,0.05466172019916041,0.604839890657034,0.3404983891438054
0.25975005629362763,0.6665976131501914,0.0,0.06047962170682279,0.0,0.0,2003-12-02T01:15:15Z,ls5,qucy0x3r2str,0.061286936679977186,0.6754957216200799,0.26321734169994304
0.3118004926108374,0.615155172413793,0.0857914884035127,0.06017980295566503,0.0,0.0,2003-12-10T01:25:29Z,ls7,qucy0x3r2str,0.06096407727988384,0.6231719884125086,0.31586393430760745
0.05336792452830188,0.8516572327044024,0.28394505741950016,0.0861509433962264,0.0,0.0,2003-12-18T01:15:22Z,ls5,qucy0x3r2str,0.08691789818334106,0.8592390718097426,0.05384303000691638
0.18940561224489796,0.4851989795918367,0.11731591983787437,0.2409795918367347,0.034183673469387756,0.0385204081632653,2004-01-11T01:25:40Z,ls7,qucy0x3r2str,0.24406209271055632,0.4914054233291243,0.19182840232766638
0.20021841927493808,0.44370186894843505,0.0,0.26468362981310517,0.050889439315469485,0.028597162801170906,2004-01-19T01:15:32Z,ls5,qucy0x3r2str,0.26815295708815223,0.4495176687280402,0.20284277206716717
0.08228173147468819,0.5045145512350208,0.07926142760639499,0.3136292492051846,0.05404744436292492,0.03546099290780142,2004-01-27T01:25:48Z,ls7,qucy0x3r2str,0.31713537111631745,0.5101546167807353,0.08320157483222088
0.15637694213015088,0.3927268633190723,0.0,0.35782256248592664,0.05133978833596037,0.030173384372888988,2004-02-04T01:15:36Z,ls5,qucy0x3r2str,0.36238367498251955,0.39773289589451344,0.15837025641411775
0.12474334600760457,0.40503564638783274,0.052465660887187515,0.389023288973384,0.005703422053231939,0.06511406844106464,2004-02-20T01:15:42Z,ls5,qucy0x3r2str,0.3934183047150602,0.4096115627719449,0.12615264201869839
0.08891708542713568,0.38302261306532664,0.10380544922314794,0.3945376884422111,0.07261306532663317,0.04974874371859297,2004-02-28T01:25:52Z,ls7,qucy0x3r2str,0.3996195958129558,0.3879561986200656,0.09006239652175241
0.148394584139265,0.41292069632495165,0.41792389101553706,0.3796711798839459,0.0038684719535783366,0.044100580270793034,2004-03-07T01:15:47Z,ls5,qucy0x3r2str,0.38412743270956895,0.417767203295322,0.15013631177073783
0.2486176961602671,0.32087145242070114,0.32560234181490655,0.40223706176961604,0.0,0.017696160267111852,2004-03-15T01:26:00Z,ls7,qucy0x3r2str,0.4066155734511018,0.3243642668234774,0.251323999458309
0.10294146825396826,0.42939484126984123,0.09209637469038501,0.370047123015873,0.02132936507936508,0.06522817460317461,2004-03-31T01:26:01Z,ls7,qucy0x3r2str,0.37458218124605536,0.4346572267547707,0.10420305231663421
0.13806800270209413,0.42764692636793517,0.0,0.34041657284395405,0.029497860842152668,0.05314118441792389,2004-04-08T01:16:12Z,ls5,qucy0x3r2str,0.3446352671922301,0.4329466438765567,0.13977904367113672
0.1536606923643506,0.4690940338816597,0.08286421977032199,0.29015713233488827,0.02602504296587282,0.04984041247237908,2004-04-16T01:25:54Z,ls7,qucy0x3r2str,0.29372411676026333,0.4748607406981616,0.1555496871033232
0.15494708399009233,0.5210853411393831,0.0,0.23347894618329207,0.029497860842152668,0.04976356676424229,2004-04-24T01:16:41Z,ls5,qucy0x3r2str,0.2363610597660594,0.527517729001455,0.15685978362609054
0.19045545545545545,0.5066666666666667,0.10020265705922093,0.20576326326326327,0.03078078078078078,0.055055055055055056,2004-05-02T01:25:55Z,ls7,qucy0x3r2str,0.2083336430309626,0.5129959099354294,0.19283461119777237
0.16693537491555957,0.5629407791038055,0.0,0.1895946858815582,0.03152443143436163,0.037829317721233956,2004-05-10T01:17:08Z,ls5,qucy0x3r2str,0.19189905317139516,0.5697828607341553,0.16896433693885382
0.20852280701754386,0.5831052631578947,0.35825264580049543,0.16437894736842107,0.010526315789473684,0.02175438596491228,2004-05-18T01:25:56Z,ls7,qucy0x3r2str,0.16639279490061193,0.5902490313472973,0.21107747199770463
0.12920288223373114,0.6190677775275838,0.0,0.15696464760189147,0.03422652555730691,0.05066426480522405,2004-05-26T01:17:35Z,ls5,qucy0x3r2str,0.1586767478462463,0.6258202922458369,0.130612169545386
0.20191848682729113,0.5792186444494483,0.0,0.14741950011258725,0.03062373339337987,0.02972303535239811,2004-06-11T01:18:04Z,ls5,qucy0x3r2str,0.1491812184071243,0.586140524402129,0.2043314884449686
0.23122930255895635,0.5582012042147516,0.10245440216167534,0.14198193677872556,0.03085800301053688,0.02684395383843452,2004-06-19T01:25:46Z,ls7,qucy0x3r2str,0.14364130747395853,0.5647250109843499,0.23393172469272025
0.24181265480747577,0.5791398333708624,0.0,0.11619455077685206,0.026345417698716504,0.025219545147489305,2004-06-27T01:18:33Z,ls5,qucy0x3r2str,0.11759412184236918,0.5861156110493776,0.24472530426204764
0.21713645418326694,0.6021762948207172,0.09569916685431212,0.12792330677290836,0.031125498007968128,0.010209163346613545,2004-07-05T01:25:45Z,ls7,qucy0x3r2str,0.1294668202927623,0.6094421111589498,0.21975640719370612
0.23790362530961495,0.617610898446296,0.0,0.10007881107858589,0.021616752983562262,0.011709074532762891,2004-07-13T01:19:00Z,ls5,qucy0x3r2str,0.10123930165261928,0.6247725705159654,0.24066230031509026
0.22108308939428056,0.638324701643774,0.0,0.09971177662688585,0.022967800045034903,0.006304886286872326,2004-07-29T01:19:22Z,ls5,qucy0x3r2str,0.10091853855274857,0.6460500273007804,0.22375874781456373
0.21790762241292277,0.6556663301362948,0.10785859040756585,0.08664310954063603,0.018929833417465926,0.010348308934881372,2004-08-06T01:25:33Z,ls7,qucy0x3r2str,0.0875909870447448,0.6628393340581619,0.22029153654474606
0.2411821661787886,0.6335757712226976,0.0,0.08552578248142312,0.023418149065525782,0.004503490204908804,2004-08-14T01:19:43Z,ls5,qucy0x3r2str,0.08657624899107155,0.6413576366401661,0.24414447509832768
0.23939428056743978,0.6234924566539068,0.0,0.09769196126998424,0.02094122945282594,0.006079711776626886,2004-08-30T01:20:09Z,ls5,qucy0x3r2str,0.0989530922091084,0.6315412829562442,0.24248468360519443
0.21764734653949622,0.6577671802396674,0.07926142760639499,0.0889679628270971,0.019320127170457325,0.005135730007336757,2004-09-07T01:25:27Z,ls7,qucy0x3r2str,0.08999766790688406,0.6653801027489332,0.22016637216638865
0.2718824589056518,0.6201328529610448,0.0,0.06977032199954966,0.022967800045034903,0.003152443143436163,2004-09-15T01:20:35Z,ls5,qucy0x3r2str,0.07064765975807129,0.6279308099090717,0.27530128714438595
0.22678571428571428,0.6653721278721278,0.09840126097725732,0.07093656343656345,0.02097902097902098,0.004245754245754246,2004-09-23T01:25:21Z,ls7,qucy0x3r2str,0.0717969122933298,0.6734420444540175,0.22953626802787772
0.23986489529385274,0.6356924116190047,0.0,0.0867304661112362,0.02251745102454402,0.002702094122945283,2004-10-01T01:20:56Z,ls5,qucy0x3r2str,0.08785642463251407,0.6439451435581608,0.24297888666183579
0.23992794415672145,0.6396464760189147,0.0,0.08509795091195677,0.0218419274938077,0.001125872551227201,2004-10-17T01:21:17Z,ls5,qucy0x3r2str,0.08618826524225111,0.6478419226971461,0.24300201201556784
0.21570591108939913,0.64,0.07813555505516778,0.10133121641426478,0.023204689789936492,0.007816316560820713,2004-10-25T01:25:31Z,ls7,qucy0x3r2str,0.10259562276592243,0.6479858911567056,0.2183974797266147
0.33619229903174963,0.5592389101553704,0.0,0.06503715379419049,0.02004053141184418,0.0058545372663814455,2004-11-02T01:21:37Z,ls5,qucy0x3r2str,0.06596054036949718,0.5671788901806455,0.34096550077163174
,,1.0,,,,2004-11-10T01:25:41Z,ls7,qucy0x3r2str,,,
0.3350731817158298,0.5471988290925467,0.0,0.08234406665165503,0.014411168655708174,0.006755235307363206,2004-11-18T01:21:50Z,ls5,qucy0x3r2str,0.0835577394533772,0.5552640165797437,0.3400118400038078
0.3272998137802607,0.6063438857852266,0.6372438639945959,0.054450651769087526,0.0,0.0,2004-11-26T01:25:49Z,ls7,qucy0x3r2str,0.05510673317334875,0.6136497845233758,0.3312434823032755
0.3165266036797614,0.5896742913973148,0.09434811979283941,0.07004972650422675,0.010193933366484336,0.0007458975634012929,2004-12-12T01:25:56Z,ls7,qucy0x3r2str,0.07096886066752256,0.5974115062800569,0.3206798021225349
0.3099887412744877,0.5671875703670345,0.0,0.09433235757712229,0.011483900022517451,0.003152443143436163,2004-12-20T01:22:31Z,ls5,qucy0x3r2str,0.0956776606993413,0.5752764089044872,0.3144095872302179
0.29147034930950455,0.569825345247766,0.44562035577572623,0.12805848903330627,0.0,0.0,2004-12-28T01:26:04Z,ls7,qucy0x3r2str,0.1294364456706038,0.5759568764138122,0.2946066779155839
0.1433280792614276,0.5846385949110561,0.0,0.1895451474893042,0.06417473541995046,0.007205584327854087,2005-01-05T01:22:44Z,ls5,qucy0x3r2str,0.1918398761730129,0.5917165231572606,0.14506328092192186
0.13756624141315016,0.573783120706575,0.5410943481197928,0.218684985279686,0.038272816486751716,0.021589793915603533,2005-01-13T01:26:09Z,ls7,qucy0x3r2str,0.22106057886994282,0.5800161755365845,0.1390606351911173
0.2207584333257867,0.44926194249490603,0.005404188245890618,0.28628707267376047,0.0,0.03214851709304958,2005-01-21T01:22:57Z,ls5,qucy0x3r2str,0.28974297780552744,0.45468519349284764,0.2234233116085753
0.23294781382228494,0.536459802538787,0.8403512722359829,0.2191678420310296,0.0,0.0,2005-01-29T01:26:10Z,ls7,qucy0x3r2str,0.2217006705664146,0.5426594378656013,0.23563989156798407
0.19144216473386858,0.35904846862920015,0.24273812204458456,0.35207552780255724,0.03389830508474576,0.05233422539399346,2005-02-06T01:23:09Z,ls5,qucy0x3r2str,0.35644496543613324,0.3635044440299842,0.1938180600551433
0.21682896379525593,0.3986841448189763,0.09817608646701192,0.30591510611735334,0.012983770287141073,0.05343320848938826,2005-02-14T01:26:20Z,ls7,qucy0x3r2str,0.3099505142569707,0.4039432942070477,0.21968921275945225
0.11872326052690835,0.4523665841026796,0.0,0.30806124746678676,0.07543346093222247,0.034451700067552354,2005-02-22T01:23:26Z,ls5,qucy0x3r2str,0.3119030279962933,0.4580079724606633,0.1202038385432685
0.18146157587548636,0.3839664396887159,0.07408241387074987,0.3322422178988326,0.0313715953307393,0.05933852140077821,2005-03-02T01:26:25Z,ls7,qucy0x3r2str,0.33654283752356545,0.3889365895276111,0.1838104562173058
0.1943008331456879,0.432888988966449,0.0,0.3368002702094123,0.0009006980409817609,0.02319297455528034,2005-03-10T01:23:39Z,ls5,qucy0x3r2str,0.3409635818736377,0.43824008852452884,0.19670265700557135
0.22970287384315638,0.40671212859230393,0.07543346093222247,0.2868558207501218,0.004140282513395032,0.06039941548952752,2005-03-18T01:26:27Z,ls7,qucy0x3r2str,0.2906430334088336,0.41208174360596667,0.23273552498227718
0.19076108984462958,0.4756608871875703,0.0,0.2487975681152893,0.005179013735645125,0.06800270209412294,2005-03-26T01:23:47Z,ls5,qucy0x3r2str,0.2519506236606637,0.4816890216642284,0.19317863884533987
0.2474115104025939,0.46209132666846797,0.16662913758162579,0.23199135368819243,0.004863550391786004,0.041340178330181034,2005-04-03T01:26:24Z,ls7,qucy0x3r2str,0.23502268021229034,0.46812926589687726,0.2506443251688654
0.21695113713127676,0.5252150416572844,0.0,0.1846971402837199,0.01778878630938978,0.04345868047736996,2005-04-11T01:23:51Z,ls5,qucy0x3r2str,0.1870663179249862,0.5319521667239732,0.21973404856428083
0.25042142675806045,0.5113835998984514,0.11303760414321096,0.16528306676821528,0.014216806296014217,0.04671236354404671,2005-04-19T01:26:16Z,ls7,qucy0x3r2str,0.1674193723576396,0.5179933008446168,0.25365815695768273
0.3058177744585512,0.5032038834951456,0.09547399234406662,0.1362061239731143,0.011700273836196167,0.030619865571321882,2005-05-05T01:26:21Z,ls7,qucy0x3r2str,0.13800045270835523,0.5098329039936542,0.3098465038904725
0.3002814681378068,0.5228867372213466,0.0,0.12980184643098402,0.016437739247917135,0.018239135329880658,2005-05-13T01:24:01Z,ls5,qucy0x3r2str,0.13148443001640506,0.5296647659264374,0.3041739294793598
0.3266566566566567,0.5187812812812813,0.10020265705922093,0.11502502502502503,0.012512512512512513,0.014514514514514515,2005-05-21T01:26:21Z,ls7,qucy0x3r2str,0.11652322357088628,0.5255383966226304,0.3309113527794563
0.3453186219319973,0.5106079711776628,0.0,0.10399909930195902,0.016888088268408017,0.01103355100202657,2005-05-29T01:24:10Z,ls5,qucy0x3r2str,0.10531572887982424,0.5170722729077605,0.3496903589419808
0.3053391959798995,0.5467311557788944,0.10380544922314794,0.10714321608040203,0.019597989949748745,0.008793969849246231,2005-06-06T01:26:16Z,ls7,qucy0x3r2str,0.10852766650415428,0.5537957391280506,0.30928463456880023
0.33396532312542215,0.5132515199279442,0.0,0.1146521053816708,0.019590182391353298,0.0058545372663814455,2005-06-14T01:24:18Z,ls5,qucy0x3r2str,0.11616428088655727,0.5200209235398282,0.3383700759158798
0.3127682895743054,0.5561407086413459,0.11664039630713807,0.09957175630894724,0.017078766250318633,0.002803976548559776,2005-06-22T01:26:10Z,ls7,qucy0x3r2str,0.10076813218258442,0.5628228577851409,0.3165262672333963
0.37206935374915556,0.5108038730015763,0.0,0.08205133978833595,0.02049088043233506,0.002702094122945283,2005-06-30T01:24:22Z,ls5,qucy0x3r2str,0.08306175211174228,0.5170941118868386,0.3766511614461387
0.30069975186104214,0.5975483870967743,0.09254672371087591,0.07616625310173698,0.00024813895781637717,0.013647642679900745,2005-07-08T01:26:10Z,ls7,qucy0x3r2str,0.07708000219672637,0.6047170382472086,0.304307177918348
0.3731704571042558,0.5248097275388427,0.0,0.06798468813330331,0.02026570592208962,0.002251745102454402,2005-07-16T01:24:30Z,ls5,qucy0x3r2str,0.06879530314269022,0.5310672930862655,0.3776199527465003
0.34598446893787577,0.5506763527054108,0.10110335510020263,0.07003757515030061,0.020791583166332665,0.001002004008016032,2005-07-24T01:26:10Z,ls7,qucy0x3r2str,0.07087133420105517,0.5572318536935497,0.3501032249310467
0.40201981535690157,0.5172258500337762,0.0,0.05364782706597613,0.013060121594235533,0.0029272686331907227,2005-08-01T01:24:40Z,ls5,qucy0x3r2str,0.0542609635372506,0.5231371804619712,0.406614465773352
0.3398907646474677,0.578540218470705,0.09299707273136681,0.04975422045680239,0.02035749751737835,0.0009930486593843098,2005-08-09T01:26:07Z,ls7,qucy0x3r2str,0.050291969445162,0.5847931436366833,0.343564340741392
0.3875951362305787,0.5242062598513848,0.0,0.058721008781805896,0.015987390227426256,0.0013510470614726414,2005-08-17T01:24:47Z,ls5,qucy0x3r2str,0.059455482907271304,0.5307629580800967,0.39244312172373336
0.2997183449651047,0.6188659022931206,0.09659986489529382,0.050605682951146556,0.01769690927218345,0.001744765702891326,2005-08-25T01:26:00Z,ls7,qucy0x3r2str,0.0511992770092019,0.6261250696615146,0.3032339783542088
0.375356901598739,0.5331321774375141,0.0,0.061643773924791714,0.016437739247917135,0.001125872551227201,2005-09-02T01:24:52Z,ls5,qucy0x3r2str,0.062425559988920666,0.5398935302899187,0.3801172979220163
0.3324630290668027,0.5883273839877614,0.11686557081738347,0.053959714431412543,0.011473737888832228,0.0010198878123406426,2005-09-10T01:25:51Z,ls7,qucy0x3r2str,0.054665868158227965,0.5960266384995435,0.3368138676410557
0.35723260526908357,0.5453681603242513,0.0,0.06881783382121144,0.013735645124971853,0.0015762215717180816,2005-09-18T01:24:53Z,ls5,qucy0x3r2str,0.06975788230143638,0.55281786459143,0.3621123864104436
0.33700517901373567,0.5787412744877279,0.0,0.05998648952938528,0.00923215492006305,0.002251745102454402,2005-10-04T01:24:50Z,ls5,qucy0x3r2str,0.06077237742607741,0.586323411173911,0.34142031137749435
0.35158593557905093,0.5601303171871158,0.08421526683179459,0.06453897221539219,0.008359970494221785,0.0024588148512417014,2005-10-12T01:25:49Z,ls7,qucy0x3r2str,0.06539349270041854,0.5675466551592062,0.35624106679491185
0.347309164602567,0.5762621031299257,0.0,0.055759963972078365,0.006304886286872326,0.0015762215717180816,2005-10-20T01:24:48Z,ls5,qucy0x3r2str,0.05648805214302765,0.5837866707724971,0.35184416922588474
0.3467982989064398,0.5785631834750912,0.2587255122720108,0.05537059538274605,0.00425273390036452,0.0015188335358444715,2005-10-28T01:26:03Z,ls7,qucy0x3r2str,0.056132578413268984,0.5865250868074638,0.35157076734305825
,,1.0,,,,2005-11-05T01:24:53Z,ls5,qucy0x3r2str,,,
0.27516899504281206,0.662018927444795,0.0006755235307362994,0.05021631365479947,0.0,0.0,2005-11-21T01:25:17Z,ls5,qucy0x3r2str,0.050856895095958574,0.6704639328175989,0.27867917208644255
0.32570900123304564,0.6113563501849569,0.0869173609547399,0.05065351418002467,0.0,0.0,2005-11-29T01:26:19Z,ls7,qucy0x3r2str,0.05128333166883052,0.6189578547887745,0.32975881354239484
0.2897224306076519,0.64192048012003,0.09952713352848452,0.056051512878219564,0.0,0.0,2005-12-15T01:26:22Z,ls7,qucy0x3r2str,0.05674985252380507,0.6499180969114814,0.29333205056471356
0.18048482102401453,0.4550792931581333,0.5030398558883135,0.27652922519256906,0.05120072496601722,0.027639329406434075,2006-02-01T01:26:45Z,ls7,qucy0x3r2str,0.27927804649625326,0.45960298013923806,0.18227891899205734
,,1.0,,,,2006-02-09T01:27:09Z,ls5,qucy0x3r2str,,,
0.17862394436164927,0.3386462990561351,0.09344742175185772,0.37778440139095876,0.07153502235469449,0.021609538002980627,2006-02-17T01:26:49Z,ls7,qucy0x3r2str,0.3827652774056236,0.3431111610838241,0.18097900115287724
0.04278651685393258,0.4792359550561798,0.8997973429407791,0.46842696629213487,0.0,0.0,2006-02-25T01:27:29Z,ls5,qucy0x3r2str,0.472943845717527,0.48385706182643223,0.04319909245604084
0.3190123456790124,0.2666049382716049,0.9635217293402387,0.40648148148148155,0.0,0.0,2006-03-05T01:26:51Z,ls7,qucy0x3r2str,0.40971876555500253,0.26872822299651566,0.32155301144848186
0.12921289355322338,0.3486231884057971,0.09885160999774822,0.4173313343328336,0.04297851074462768,0.04997501249375312,2006-03-21T01:26:50Z,ls7,qucy0x3r2str,0.42286940918480204,0.3532494916657949,0.13092757591102228
0.14769172743273826,0.462818707568519,0.10448097275388424,0.34883580588383206,0.0,0.029167714357555947,2006-04-06T01:26:48Z,ls7,qucy0x3r2str,0.3530123414333465,0.46835993571235224,0.14946000849674532
0.0991510920963747,0.44285296104480976,0.0,0.3577009682503941,0.019365007881107857,0.07025444719657735,2006-04-14T01:28:25Z,ls5,qucy0x3r2str,0.3619452983505172,0.4481076690812034,0.10032757749059408
0.12814777833250124,0.43867698452321513,0.09795091195676653,0.3056390414378432,0.02870693959061408,0.08786819770344484,2006-04-22T01:26:45Z,ls7,qucy0x3r2str,0.30947888828285597,0.4441882321278303,0.12975774229525475
0.1274780454852511,0.46863994595811753,0.0,0.2842648052240487,0.0403062373339338,0.06867822562485927,2006-04-30T01:28:40Z,ls5,qucy0x3r2str,0.28769798665693735,0.4742999008016489,0.12901764958262066
0.39117766792672287,0.3445362023844141,0.22562485926593112,0.20301250363477757,0.0017446932247746438,0.04739749927304449,2006-05-08T01:26:48Z,ls7,qucy0x3r2str,0.20563609317832487,0.34898874378834366,0.39623297053551226
0.15621031299256924,0.5071718081513173,0.0,0.21846656158522854,0.04278315694663364,0.06462508444044134,2006-05-16T01:28:52Z,ls5,qucy0x3r2str,0.22112801915175995,0.5133504024246983,0.15811333703646677
0.1536463147652639,0.542434930673802,0.07430758838099527,0.18901970323522255,0.03794697153977135,0.0666504500121625,2006-05-24T01:26:49Z,ls7,qucy0x3r2str,0.19121969071189981,0.5487482939579968,0.1554345937781695
0.1752240486376942,0.5323755910830893,0.0,0.18213240261202432,0.039855888313442916,0.059671245215041656,2006-06-01T01:29:06Z,ls5,qucy0x3r2str,0.18433110066193034,0.538802416607515,0.17733934920207
0.20898100172711573,0.517039230199852,0.0873677099752308,0.1641154700222058,0.0308413520848754,0.06834443622008389,2006-06-09T01:26:46Z,ls7,qucy0x3r2str,0.16608428066786593,0.52324188946472,0.2114880415624548
0.1847601891465886,0.5579599189371762,0.0,0.15546048187345193,0.034451700067552354,0.05651880207160549,2006-06-17T01:29:21Z,ls5,qucy0x3r2str,0.15733825174440697,0.5646993829627259,0.18699186315370916
0.20958568276538367,0.5476097082618289,0.08151317270884939,0.14560186320176513,0.026967393969110076,0.05957342485903408,2006-06-25T01:26:41Z,ls7,qucy0x3r2str,0.14732140368655533,0.5540769130249679,0.21206086446033262
0.24074157303370786,0.6522921348314606,0.8997973429407791,0.095438202247191,0.0,0.0,2006-07-03T01:29:36Z,ls5,qucy0x3r2str,0.09655125377952575,0.6598995157660217,0.24354923045445243
0.19836180904522613,0.5972688442211056,0.10380544922314794,0.11944974874371858,0.027889447236180906,0.04648241206030151,2006-07-11T01:26:34Z,ls7,qucy0x3r2str,0.12082659468422996,0.6041533056135202,0.2006482404057674
0.21407115514523758,0.5778878630938978,0.0,0.13300382796667418,0.027696464760189148,0.03625309614951588,2006-07-19T01:29:49Z,ls5,qucy0x3r2str,0.13459815394703303,0.5848150444235625,0.21663724071969942
0.2101394075180483,0.58193427931292,0.09547399234406662,0.1252352501867065,0.024645257654966394,0.04705003734129948,2006-07-27T01:26:26Z,ls7,qucy0x3r2str,0.12673644318631486,0.5889099164840382,0.21265834533338093
0.2052240486376942,0.6073654582301283,0.0,0.12566989416798016,0.022967800045034903,0.027246115739698266,2006-08-04T01:30:02Z,ls5,qucy0x3r2str,0.1272137711104035,0.6148270506249821,0.20774526247988132
0.2138275265628861,0.6109636767976278,0.0887187570367034,0.1137509266123054,0.022979985174203115,0.026933531010625154,2006-08-12T01:26:25Z,ls7,qucy0x3r2str,0.11515009762953608,0.6184787159679853,0.2164576702176504
0.22161900472866472,0.6131096599864896,0.0,0.1100540418824589,0.023418149065525782,0.02004053141184418,2006-08-20T01:30:14Z,ls5,qucy0x3r2str,0.11142375670714037,0.6207403237592553,0.22437723905623452
0.20241336937822557,0.6114303268616367,0.0837649178113038,0.128105185549275,0.02752519046448759,0.018432047186040797,2006-08-28T01:26:23Z,ls7,qucy0x3r2str,0.12974995507248913,0.6192806099151986,0.20501219736178392
0.20242738122044585,0.6233010583201981,0.0,0.12306237333933798,0.025895068678225625,0.013060121594235533,2006-09-05T01:30:26Z,ls5,qucy0x3r2str,0.12465177103847427,0.6313512302865035,0.20504180840256095
0.21339325289337602,0.6186579660182221,0.0855663138932673,0.12119182467372569,0.022900763358778626,0.011819748830337356,2006-09-13T01:26:18Z,ls7,qucy0x3r2str,0.12272209405056023,0.6264696591145277,0.21608773464579603
0.20323800945732945,0.6330713803197477,0.0,0.11686106732717856,0.025219545147489305,0.009457329430308489,2006-09-21T01:30:37Z,ls5,qucy0x3r2str,0.11835101467072393,0.6411428710476322,0.20582923970384603
0.16198217094913475,0.6873911903513372,0.14118441792389103,0.113930256948086,0.012585212375458836,0.011274252753015208,2006-09-29T01:26:11Z,ls7,qucy0x3r2str,0.11544848358148638,0.6965513172632929,0.16414073402674678
0.2236050439090295,0.6272618779554154,0.0,0.11016212564737674,0.016662913758162576,0.00990767845079937,2006-10-07T01:30:48Z,ls5,qucy0x3r2str,0.11158357076465868,0.6353555701244541,0.22649026690192545
0.1701474926253687,0.6701352015732547,0.08399009232154919,0.11677482792527041,0.018436578171091445,0.012291052114060964,2006-10-15T01:26:13Z,ls7,qucy0x3r2str,0.11826521559016395,0.6786880828403963,0.17231907128428736
0.19691961269984237,0.6452060346768745,0.0,0.1201688808826841,0.01778878630938978,0.007430758838099527,2006-10-23T01:30:58Z,ls5,qucy0x3r2str,0.12172809147924782,0.653577686961938,0.19947467641132494
0.2305922089619455,0.6145350146363431,0.0,0.11589506867822563,0.02004053141184418,0.006079711776626886,2006-11-08T01:31:07Z,ls5,qucy0x3r2str,0.11744562244507274,0.6227568448890987,0.23367728947735755
0.22699545128082355,0.62997845343548,0.05944607070479624,0.10362939909025617,0.019631314340435718,0.007421594445774479,2006-11-16T01:26:41Z,ls7,qucy0x3r2str,0.10496104063931201,0.6380736994850492,0.2299123510894286
0.23756136005404188,0.6177212339563162,0.0,0.10964647601891465,0.017338437288898896,0.0047286647151542445,2006-11-24T01:31:15Z,ls5,qucy0x3r2str,0.11112412236162332,0.6260459294258867,0.2407628462084368
0.2396410624551328,0.6090212969609955,0.058995721684305336,0.11493658770040681,0.0191433357262503,0.004785833931562575,2006-12-02T01:26:50Z,ls7,qucy0x3r2str,0.11642421458547543,0.6169038735457477,0.24274274221096398
0.25363882008556626,0.6059018239135331,0.0,0.10885836523305562,0.014636343165953613,0.0036027921639270434,2006-12-10T01:31:23Z,ls5,qucy0x3r2str,0.11036038013145018,0.6142619858958868,0.2571384986427825
0.2361720252816708,0.6414784281395989,0.180589957216843,0.10264633140972794,0.0021984061555372354,0.004671613080516625,2006-12-18T01:26:56Z,ls7,qucy0x3r2str,0.10399008822211665,0.6498761077836207,0.23926378475820878
0.1031078431372549,0.5516176470588234,0.770321999549651,0.33496078431372545,0.0,0.0,2007-01-27T01:31:41Z,ls5,qucy0x3r2str,0.33845147996988545,0.5573661687205294,0.10418235130958514
0.15348344967349697,0.4131839675748705,0.0,0.3729587930646251,0.011483900022517451,0.0369286196802522,2007-02-12T01:31:43Z,ls5,qucy0x3r2str,0.3777064903594413,0.4184437239919199,0.1554372659458691
0.1433507670850767,0.5619351464435147,0.3541995046160774,0.2696931659693166,0.0003486750348675035,0.013249651324965132,2007-02-20T01:27:12Z,ls7,qucy0x3r2str,0.27285281897376357,0.5685186283325834,0.1450302263338204
0.18223373114163477,0.47111236208061247,0.0,0.298518351722585,0.010808376491781131,0.024994370637243864,2007-02-28T01:31:43Z,ls5,qucy0x3r2str,0.3023860972968372,0.4772163176428022,0.18459483793133566
0.13266666666666668,0.5647012987012987,0.4798468813330331,0.2914285714285714,0.0,0.0,2007-03-24T01:27:17Z,ls7,qucy0x3r2str,0.2947305745757666,0.5710995919653958,0.13416983345883757
0.08996397207836072,0.43684755685656385,0.0,0.3349741049313218,0.1024544021616753,0.025444719657734743,2007-04-01T01:31:37Z,ls5,qucy0x3r2str,0.3389836168047599,0.442076454972309,0.09104080640352087
0.1430910408113982,0.40775175078483455,0.06755235307363205,0.31830958705626655,0.06544312967882154,0.0545761893262497,2007-04-09T01:27:16Z,ls7,qucy0x3r2str,0.3222752351195932,0.4128317106935888,0.14487373518174657
0.16186444494483226,0.4574375140734069,0.0,0.3098874127448773,0.002026570592208962,0.05719432560234181,2007-04-17T01:31:32Z,ls5,qucy0x3r2str,0.3137526227721832,0.463143109052568,0.16388337198069786
0.13714112217634197,0.49342968180714114,0.07295654131952267,0.24952635414136506,0.047364585863492834,0.0619383045907214,2007-04-25T01:27:13Z,ls7,qucy0x3r2str,0.2525316669158973,0.4993725832340111,0.13879285939587732
0.16866021166403963,0.5245665390677776,0.0,0.24246340914208517,0.01035802747129025,0.04233280792614276,2007-05-03T01:31:24Z,ls5,qucy0x3r2str,0.2454742172259595,0.531080384525711,0.17075456285089632
0.1939995040912472,0.4951053806099677,0.09187120018013961,0.21134391272005948,0.023059757004711134,0.06545995536821225,2007-05-11T01:27:08Z,ls7,qucy0x3r2str,0.2139331085853925,0.5011709672070961,0.196376211834588
0.11593918398768285,0.7053618167821402,0.41499662238234636,0.16791377983063896,0.0,0.0,2007-05-19T01:31:14Z,ls5,qucy0x3r2str,0.1697445116304407,0.713052241651686,0.1172032467178733
0.17412603150787698,0.5301025256314079,0.09952713352848452,0.2024731182795699,0.02275568892223056,0.06001500375093773,2007-05-27T01:27:01Z,ls7,qucy0x3r2str,0.20482401551324148,0.5362574985564974,0.17614779325709276
0.22004732254047324,0.5253549190535493,0.09592434136455752,0.18118804483188045,0.01594022415940224,0.04632627646326277,2007-06-12T01:27:01Z,ls7,qucy0x3r2str,0.1833670197222855,0.531672858949808,0.22269362070524149
0.1965456790123457,0.5735506172839506,0.0880432335059671,0.17303703703703702,0.020246913580246915,0.02567901234567901,2007-06-28T01:27:00Z,ls7,qucy0x3r2str,0.17504433896758925,0.580204044093941,0.19882569101254388
0.21124521504165727,0.5839022742625534,0.0,0.1552353073632065,0.01913983337086242,0.0184643098401261,2007-07-06T01:30:29Z,ls5,qucy0x3r2str,0.15719751783975092,0.5912829351398844,0.2139154038093761
0.21924747100912903,0.5734937083641747,0.0873677099752308,0.1633752775721688,0.016530964717493216,0.015790772267456205,2007-07-14T01:26:57Z,ls7,qucy0x3r2str,0.16535088761645927,0.5804286617268778,0.22189871367171352
0.2395766719207386,0.567041206935375,0.0,0.15371763116415224,0.016437739247917135,0.01035802747129025,2007-07-22T01:30:21Z,ls5,qucy0x3r2str,0.1557774838250972,0.5746396933947713,0.2427870560609241
0.21526640355204738,0.5869684262456832,0.0871425354649854,0.1591169215589541,0.015046867291563888,0.011840157868771583,2007-07-30T01:26:53Z,ls7,qucy0x3r2str,0.16106356561690444,0.5941494261541831,0.2178999830685771
0.2469038504841252,0.5711641522179689,0.0,0.14656383697365458,0.015311866696689935,0.006755235307363206,2007-08-07T01:30:12Z,ls5,qucy0x3r2str,0.1485847677194963,0.5790397866171106,0.2503083436593398
0.210170192073912,0.6187284220763433,0.07385723936050437,0.13697058108436663,0.016046681254558718,0.006078288353999514,2007-08-15T01:26:47Z,ls7,qucy0x3r2str,0.13867313690242777,0.6264192682892027,0.21278262519981123
0.2606214816482774,0.57802747129025,0.0,0.12793965323125422,0.013735645124971853,0.006530060797117767,2007-08-23T01:30:02Z,ls5,qucy0x3r2str,0.12967964348327757,0.5858886944532424,0.26416595614139027
0.24511122219445136,0.5898025493626594,0.09907678450799373,0.13372906773306673,0.012996750812296926,0.005998500374906273,2007-08-31T01:26:40Z,ls7,qucy0x3r2str,0.13543573046653806,0.5973296640593152,0.2482393542869437
0.25762215717180814,0.5915829768070255,0.0,0.11783382121143889,0.016662913758162576,0.003152443143436163,2007-09-08T01:29:54Z,ls5,qucy0x3r2str,0.11943562497575883,0.5996248091894001,0.26112420893324223
0.22577562670637874,0.6127277240009928,0.09277189822112142,0.12792504343509556,0.018118639861007695,0.0029784065524944155,2007-09-16T01:26:33Z,ls7,qucy0x3r2str,0.12957628688818895,0.6206367511595319,0.22868991553877704
0.21489183874139628,0.6350467059980334,0.08399009232154919,0.10721976401179942,0.017699115044247787,0.012045231071779744,2007-09-24T01:29:46Z,ls5,qucy0x3r2str,0.10868691342843663,0.6437364136543556,0.21783232680118012
0.2414874031007752,0.6184883720930232,0.07047962170682276,0.1081153100775194,0.014292635658914728,0.005087209302325582,2007-10-02T01:26:29Z,ls7,qucy0x3r2str,0.10951454232280985,0.6264928709281026,0.24461274178784725
0.2577028683500858,0.5862662417259132,0.08151317270884939,0.12311350821279726,0.016425594508457955,0.003677371904878647,2007-10-18T01:26:34Z,ls7,qucy0x3r2str,0.12474483483699789,0.5940346153421084,0.2611175834075572
0.20654288452323913,0.6363296597987542,0.06012159423553254,0.1254528030666028,0.015333013895543843,0.004312410158121706,2007-11-03T01:26:45Z,ls7,qucy0x3r2str,0.12701126732179027,0.644234600980383,0.20910870764416123
0.27205965909090907,0.5632457386363635,0.04886286872326051,0.1337878787878788,0.012073863636363636,0.005918560606060606,2007-11-19T01:26:54Z,ls7,qucy0x3r2str,0.1355707584585426,0.5707516456445385,0.27568517165449463
,,1.0,,,,2007-12-05T01:27:00Z,ls7,qucy0x3r2str,,,
0.1159290138161029,0.5833849452120057,0.05471740598964192,0.2722105764649833,0.013577894235350167,0.003811338732729871,2007-12-21T01:27:04Z,ls7,qucy0x3r2str,0.27531681760224597,0.5900420499403018,0.11725189948937209
0.15447428426653156,0.4998226501140106,0.11123620806124745,0.33046617684317203,0.0,0.004307068659741576,2008-01-06T01:27:06Z,ls7,qucy0x3r2str,0.3341339989075156,0.5053701483840586,0.1561887840486843
,,1.0,,,,2008-01-14T01:27:55Z,ls5,qucy0x3r2str,,,
0.2271023965141612,0.4154204793028322,0.4832244989867147,0.3387494553376907,0.0,0.006535947712418301,2008-01-22T01:27:06Z,ls7,qucy0x3r2str,0.3429582144785281,0.42058183000615335,0.22992400780290034
0.04244764692636793,0.5790272461157397,0.0,0.34697815807250615,0.0,0.022967800045034903,2008-01-30T01:27:36Z,ls5,qucy0x3r2str,0.3500519025963413,0.5841566232407623,0.042823674117861484
,,1.0,,,,2008-02-07T01:27:03Z,ls7,qucy0x3r2str,,,
,,1.0,,,,2008-02-15T01:27:20Z,ls5,qucy0x3r2str,,,
0.14355795825999498,0.3649937138546643,0.10448097275388424,0.3656323862207694,0.027407593663565502,0.08725169725924063,2008-03-10T01:26:53Z,ls7,qucy0x3r2str,0.37029871797784897,0.36965189464575554,0.14539009645358936
0.035300000000000005,0.655,0.954965097950912,0.30235,0.0,0.0,2008-03-18T01:26:43Z,ls5,qucy0x3r2str,0.3045887271445122,0.6598498967410467,0.03556137611444115
0.0549840098400984,0.47126445264452643,0.08466561585228549,0.34898646986469867,0.023370233702337023,0.09126691266912669,2008-03-26T01:26:54Z,ls7,qucy0x3r2str,0.35302482272706964,0.47671776478011885,0.0556202661213476
0.07831794640846657,0.4740981760864671,0.0,0.3220671020040532,0.045260076559333486,0.07025444719657735,2008-04-03T01:26:22Z,ls5,qucy0x3r2str,0.3257508733364372,0.47952086365354707,0.07921373925410487
0.11719619326500731,0.4750146412884334,0.07723485701418598,0.29603465104929233,0.03416300634455832,0.06686188384577843,2008-04-11T01:26:53Z,ls7,qucy0x3r2str,0.29961062256783405,0.4807526142659782,0.118611872975851
0.11343391128124297,0.5047241612249492,0.0,0.27794640846656155,0.03062373339337987,0.06282368835847782,2008-04-19T01:25:59Z,ls5,qucy0x3r2str,0.28118711440506,0.5106089740405181,0.11475648980256414
0.18463379260333573,0.5101063572637177,0.06845305111461386,0.2548271694464588,0.015470147449842882,0.022963500120860528,2008-04-27T01:26:50Z,ls7,qucy0x3r2str,0.25804724619383484,0.5165522226056342,0.1869668836298276
0.13529610448097273,0.5737716730466111,0.0,0.22703895519027245,0.029497860842152668,0.023418149065525782,2008-05-05T01:25:33Z,ls5,qucy0x3r2str,0.22970132792838677,0.5805000076574771,0.1368826545064577
0.19228187919463088,0.5402420901246405,0.06057194325602344,0.20241610738255034,0.026845637583892617,0.02660594439117929,2008-05-13T01:26:45Z,ls7,qucy0x3r2str,0.2049293329061371,0.5469498083362702,0.19466927678252083
0.16098176086467014,0.6097320423328079,0.0,0.17792389101553707,0.025219545147489305,0.014861517676199055,2008-05-21T01:25:07Z,ls5,qucy0x3r2str,0.1800397700869317,0.616983003742021,0.16289616334735904
0.20986737400530506,0.5629659995177236,0.06620130601215946,0.17781528816011577,0.02435495538943815,0.013262599469496022,2008-05-29T01:26:38Z,ls7,qucy0x3r2str,0.18001004861250475,0.5699146456356465,0.21245775089291447
0.22285643930066484,0.5976335877862596,0.0855663138932673,0.1475868012804728,0.01255848313223344,0.007141098251662152,2008-06-14T01:26:30Z,ls7,qucy0x3r2str,0.14945033166577523,0.6051797121039791,0.22567037484635005
0.21699192956713134,0.6135460992907801,0.07926142760639499,0.13681095622401568,0.01491807287845439,0.006847640009782343,2008-06-30T01:26:19Z,ls7,qucy0x3r2str,0.1383504508660274,0.6204501584286953,0.21943367781704046
0.23042585170340682,0.6250576152304608,0.10110335510020263,0.11965931863727455,0.009519038076152305,0.0045090180360721445,2008-07-16T01:26:08Z,ls7,qucy0x3r2str,0.1209881596283142,0.6319990067605058,0.2329847774989556
0.22694011071967793,0.6431580271766482,0.10515649628462054,0.10282335178661299,0.010568696527428284,0.005787619526925012,2008-08-01T01:26:00Z,ls7,qucy0x3r2str,0.10395652847588324,0.650246024905278,0.2294411305644855
0.27330781355550554,0.6107746003152443,0.0,0.08836072956541322,0.011483900022517451,0.0047286647151542445,2008-08-09T01:22:52Z,ls5,qucy0x3r2str,0.08939152494808303,0.6178997524156565,0.27649615789858883
0.2496584142901912,0.685133187088687,0.28146813780680024,0.053343779379504845,0.0,0.0,2008-08-17T01:25:54Z,ls7,qucy0x3r2str,0.05398428233443486,0.6933596351573352,0.2526560825082299
0.24986714703895516,0.6320288223373115,0.0,0.09056743976581852,0.01125872551227201,0.004503490204908804,2008-08-25T01:22:25Z,ls5,qucy0x3r2str,0.09166401059955234,0.6396812896527871,0.2528924840304797
0.1518822656443235,0.7039302498144941,0.0896194550776852,0.11550581251545881,0.013356418501113035,0.004946821667078902,2008-09-02T01:25:46Z,ls7,qucy0x3r2str,0.11673997969815843,0.7114516688176661,0.15350511131598354
0.2391240711551452,0.6317631164152218,0.0,0.09966223823463184,0.015762215717180814,0.0013510470614726414,2008-09-10T01:21:58Z,ls5,qucy0x3r2str,0.10092911247808531,0.6397938854841048,0.2421637392591565
0.20028318148239352,0.6611967495690716,0.0855663138932673,0.11398916523023887,0.008372322088155627,0.0036936715094804235,2008-09-18T01:25:38Z,ls7,qucy0x3r2str,0.11544576155373087,0.6696457697244685,0.2028424751241645
0.2829925692411619,0.5965435712677325,0.0,0.09111686557081738,0.015086692186444494,0.0015762215717180816,2008-09-26T01:21:28Z,ls5,qucy0x3r2str,0.09230754197091391,0.6043389486381902,0.2866905956327332
0.21637542829172784,0.6524082232011746,0.07993695113713128,0.10488497307880568,0.012481644640234948,0.0019579050416054823,2008-10-04T01:25:28Z,ls7,qucy0x3r2str,0.10616597751070164,0.6603763601114844,0.21901811269597354
0.28509344742175186,0.5964422427381221,0.0,0.08902949786084215,0.015537041206935375,0.001125872551227201,2008-10-12T01:20:57Z,ls5,qucy0x3r2str,0.09020105820464047,0.6042909681128324,0.28884505992436466
0.17377777777777775,0.7766913580246915,0.9088043233505967,0.03854320987654321,0.0,0.0,2008-10-20T01:25:30Z,ls7,qucy0x3r2str,0.03897141430533016,0.7853201847459742,0.1757084009486955
0.46661410424879546,0.4715549715286903,0.48592659310966,0.054940867279894876,0.0,0.0,2008-10-28T01:20:24Z,ls5,qucy0x3r2str,0.05532203928072087,0.47482655352031294,0.4698514071989662
0.4956278831368529,0.4296437724243978,0.12136906102229228,0.05163249615581753,0.004356740133264992,0.004869297796002051,2008-11-05T01:25:45Z,ls7,qucy0x3r2str,0.05236555981258344,0.43574373385120246,0.502664668406947
0.49930646250844407,0.4227831569466336,0.0,0.0495361405088944,0.01058320198153569,0.0024769196126998424,2008-11-13T01:19:57Z,ls5,qucy0x3r2str,0.050316896180636374,0.42944678363034333,0.5071761985947848
0.43944377558391523,0.470859619552131,0.06485025895068675,0.05926318324103058,0.014688177221285818,0.0012039489525644113,2008-11-21T01:25:58Z,ls7,qucy0x3r2str,0.06015199632099756,0.47792144387203117,0.4460344336331211
0.4438031974780455,0.46227201080837643,0.0,0.06522630038279667,0.013285296104480973,0.0006755235307363207,2008-11-29T01:20:29Z,ls5,qucy0x3r2str,0.06621598668759299,0.46928611823900984,0.45053707543818006
0.34221575152523576,0.5653937881308929,0.18802071605494253,0.07922628951747089,0.0,0.0,2008-12-07T01:26:09Z,ls7,qucy0x3r2str,0.08028315062680377,0.5729360157143539,0.3467808336588423
0.4455377839592026,0.3966782568382012,0.02859716280117086,0.14455957348168752,0.0,0.0,2008-12-15T01:20:58Z,ls5,qucy0x3r2str,0.1464969050611353,0.401994385651699,0.45150870928716574
,,1.0,,,,2008-12-23T01:26:18Z,ls7,qucy0x3r2str,,,
0.1910425579824364,0.5041206935374916,0.0,0.281308263904526,0.0069804098176086465,0.004278315694663364,2008-12-31T01:21:25Z,ls5,qucy0x3r2str,0.2848430158825354,0.5104551737049207,0.19344308490027193
0.2603636839351125,0.40043694400837254,0.13938302184192752,0.30854526425955,0.013082155939298797,0.004971219256933543,2009-01-08T01:26:24Z,ls7,qucy0x3r2str,0.3125561095124462,0.40564230867282325,0.26374820661849835
0.19424453951812656,0.425530285971628,0.0,0.3413803197478046,0.008331456879081288,0.018239135329880658,2009-01-16T01:21:50Z,ls5,qucy0x3r2str,0.3457398570149535,0.43096444556631214,0.19672510520977232
0.13458303635067712,0.4063578047042053,0.05224048637694212,0.33423378474697074,0.08933238298883345,0.025184129246851983,2009-02-01T01:22:16Z,ls5,qucy0x3r2str,0.33817079325769006,0.4111443768837018,0.1361683176229225
0.03311462450592886,0.3694426877470356,0.4303084890790363,0.3150395256916996,0.1683794466403162,0.1067193675889328,2009-02-09T01:26:35Z,ls7,qucy0x3r2str,0.3182462821222444,0.373203208627866,0.03345169502064066
0.18383891693437357,0.3535658558972006,0.018689484350371544,0.3607296925195044,0.029371271225332722,0.06218448829738412,2009-02-17T01:22:40Z,ls5,qucy0x3r2str,0.36487054464654894,0.357624473628989,0.18594922220174523
0.22403149212696824,0.3331892026993252,0.09907678450799373,0.4028817795551112,0.0004998750312421895,0.028242939265183703,2009-02-25T01:26:45Z,ls7,qucy0x3r2str,0.40756256110480427,0.33706027841358105,0.22663434618518877
0.15594685881558207,0.3571515424453952,0.0,0.44410042783156944,0.00022517451024544022,0.03084890790362531,2009-03-05T01:23:03Z,ls5,qucy0x3r2str,0.4495413089305946,0.36152717226918774,0.15785743638634686
0.1533630069238378,0.3396686449060336,0.08939428056743981,0.40438921859545,0.012363996043521267,0.07838773491592482,2009-03-13T01:26:53Z,ls7,qucy0x3r2str,0.409718794318114,0.34414524734842555,0.15538422737401433
0.1259175861292502,0.3991736095473992,0.0,0.38661337536590856,0.012159423553253772,0.0643999099301959,2009-03-21T01:23:25Z,ls5,qucy0x3r2str,0.39159013168471063,0.404312049938226,0.12753848489361383
0.14776141028737022,0.4277203574015938,0.06755235307363205,0.3740280125573533,0.011591403042743299,0.026563631972953392,2009-03-29T01:27:00Z,ls7,qucy0x3r2str,0.37888705111394383,0.4332769190447791,0.14968099482558025
0.16641297005179012,0.48814681378068,0.0,0.3104998874127448,0.015086692186444494,0.007655933348344968,2009-04-06T01:23:46Z,ls5,qucy0x3r2str,0.31442439652793336,0.49431666020540976,0.16851631773186737
0.18865927176272004,0.4892934651555341,0.06620130601215946,0.290793344586448,0.006751868820834338,0.012056908608632746,2009-04-14T01:27:05Z,ls7,qucy0x3r2str,0.29452906467190315,0.49557924665463604,0.1910829112439937
0.1486219319972979,0.5840418824589056,0.0,0.2408106282368836,0.005404188245890566,0.008781805899572169,2009-04-22T01:24:04Z,ls5,qucy0x3r2str,0.24386309456446068,0.5914450780452186,0.15050583324485803
0.21157177033492824,0.5230765550239235,0.05877054717405994,0.23733492822966507,0.008373205741626795,0.007416267942583732,2009-04-30T01:27:09Z,ls7,qucy0x3r2str,0.24032053408702722,0.5296567092312174,0.2142332829975448
0.21067327178563386,0.5522922765142986,0.0,0.20732267507318172,0.012159423553253772,0.004953839225399685,2009-05-08T01:24:22Z,ls5,qucy0x3r2str,0.2100146149834507,0.5594634053874783,0.21340871685041757
0.21659301496792585,0.566856735566643,0.05224048637694212,0.18443098123069612,0.015918270373010215,0.004038964124495129,2009-05-16T01:27:11Z,ls7,qucy0x3r2str,0.1867484731925695,0.5739796490784799,0.2193146432314453
0.2020039037085231,0.6208783344176969,0.3078135555055168,0.14973649967469096,0.00878334417696812,0.006506180871828237,2009-05-24T01:24:40Z,ls5,qucy0x3r2str,0.15159804554616466,0.6285971838808121,0.20451524552422692
0.2211874105865522,0.5950453028135432,0.05561810403062373,0.15708154506437766,0.010252742012398664,0.004530281354315689,2009-06-01T01:27:11Z,ls7,qucy0x3r2str,0.1590025046559618,0.6023221473429136,0.22389232463441033
0.2337874352623283,0.6068227876604368,0.0,0.13294077910380545,0.012609772573744652,0.0018013960819635217,2009-06-09T01:24:56Z,ls5,qucy0x3r2str,0.13458457424641762,0.6143260711337776,0.23667818596409682
0.2587466923261968,0.5815924945874428,0.06394956090970505,0.13316815010825112,0.010343998075535241,0.004330045706038008,2009-06-17T01:27:10Z,ls7,qucy0x3r2str,0.1347848442977898,0.5886531709272019,0.261887940993435
0.2035735194775951,0.6395699166854312,0.0,0.12863319072281018,0.012834947083990092,0.003377617653681603,2009-06-25T01:25:15Z,ls5,qucy0x3r2str,0.13022305053409158,0.6474747700232754,0.20608961470496123
0.2700389578767957,0.5740759678597517,0.07520828642197708,0.12968833698563428,0.009739469198928659,0.004382761139517896,2009-07-03T01:27:07Z,ls7,qucy0x3r2str,0.13129638533054455,0.581194124599412,0.27338725973159683
0.2775140734068903,0.5931389326728215,0.0,0.10427831569466336,0.01013285296104481,0.003152443143436163,2009-07-11T01:25:32Z,ls5,qucy0x3r2str,0.1055386621553178,0.6003078301515598,0.2808682115886415
0.2784067136949647,0.578912673315495,0.07430758838099527,0.11830454877158841,0.006567745074191195,0.005594745803940647,2009-07-19T01:27:03Z,ls7,qucy0x3r2str,0.11978557156106916,0.5861599251853689,0.2818920123754302
0.2607926142760639,0.5959693762666066,0.0,0.11766494032875477,0.007430758838099527,0.0058545372663814455,2009-07-27T01:25:47Z,ls5,qucy0x3r2str,0.11914872534520568,0.6034847026526763,0.2640812758976372
0.27855743325985793,0.585304922850845,0.08061247466786758,0.1107739407298555,0.00881704628949302,0.004163605192260593,2009-08-04T01:26:58Z,ls7,qucy0x3r2str,0.11218135746268763,0.5927414005711622,0.28209659048439667
0.26695564062148164,0.5935780229678,0.0,0.11259626210312992,0.012384598063499211,0.0018013960819635217,2009-08-12T01:26:00Z,ls5,qucy0x3r2str,0.11406387704001066,0.60131490478288,0.2704352240316467
0.2649864431846192,0.5880231698299236,0.086467011934249,0.11956864678333745,0.010352477199901405,0.004436775942814888,2009-08-20T01:26:55Z,ls7,qucy0x3r2str,0.12112168312564145,0.5956608020807717,0.2684282616508707
0.23271560459356005,0.6269151092096374,0.0,0.11322224724161226,0.013285296104480973,0.0013510470614726414,2009-08-28T01:26:15Z,ls5,qucy0x3r2str,0.11467826284575072,0.6349771129564057,0.23570828103189
0.24237977193852256,0.6268393653941498,0.09164602566989422,0.09649231531978185,0.017104610808130888,0.004462072384729797,2009-09-05T01:26:55Z,ls7,qucy0x3r2str,0.09776346326371235,0.6350970755325666,0.24557277801086036
0.2561585228552128,0.6020986264354875,0.0,0.11414996622382348,0.012609772573744652,0.002026570592208962,2009-09-13T01:26:28Z,ls5,qucy0x3r2str,0.11567092255004134,0.6101211055055954,0.2595716287784097
0.24022413793103448,0.6133177339901477,0.0857914884035127,0.11635221674876849,0.013546798029556651,0.003694581280788177,2009-09-21T01:26:53Z,ls7,qucy0x3r2str,0.11789549537621201,0.6214526898779485,0.24341043543549465
0.23614726412970052,0.6498243638820085,0.0,0.09359153343841478,0.0009006980409817609,0.006755235307363206,2009-09-29T01:26:40Z,ls5,qucy0x3r2str,0.09481267421178922,0.6583029836579157,0.23922840878195
0.2937176311641522,0.5594010358027471,0.0,0.12050664264805223,0.011709074532762891,0.0013510470614726414,2009-10-15T01:26:51Z,ls5,qucy0x3r2str,0.12215460102325298,0.5670509844013444,0.29773429298116716
0.2761325831702544,0.5903816046966733,0.07948660211664038,0.10659980430528375,0.009784735812133072,0.0041585127201565555,2009-10-23T01:27:01Z,ls7,qucy0x3r2str,0.10801761929835645,0.5982338882559948,0.2798052439133593
0.2703918036478271,0.6089529385273588,0.0,0.09740598964197254,0.006304886286872326,0.004053141184417924,2009-10-31T01:27:00Z,ls5,qucy0x3r2str,0.09869156232527676,0.6169899521244289,0.2739604580790041
0.2500121802679659,0.6351644336175396,0.07565863544246787,0.08974177831912301,0.009013398294762484,0.00341047503045067,2009-11-08T01:27:16Z,ls7,qucy0x3r2str,0.09090692979223713,0.6434110138543107,0.25325818302823905
0.26823913532988064,0.6254424679126324,0.0,0.0833280792614276,0.006755235307363206,0.003152443143436163,2009-11-16T01:27:07Z,ls5,qucy0x3r2str,0.08444388312994011,0.6338174494484419,0.27183098897081864
0.3248443579766537,0.5577213035019455,0.07408241387074987,0.09374513618677044,0.008025291828793774,0.0026750972762645915,2009-11-24T01:27:28Z,ls7,qucy0x3r2str,0.0949923190183262,0.5651412130867446,0.32916607878987075
0.23687007430758839,0.6804368385498761,0.0,0.06913983337086244,0.0,0.001125872551227201,2009-12-02T01:27:15Z,ls5,qucy0x3r2str,0.0700108657607031,0.6890090681420217,0.23985419354604787
0.23837294780691007,0.6538568978191619,0.08106282368835849,0.09132320509679,0.001470227885322225,0.002450379808870375,2009-12-10T01:27:38Z,ls7,qucy0x3r2str,0.09248627978874589,0.6621842929123175,0.2414088196047439
0.28645517904349915,0.5210502283105023,0.06304886286872324,0.17788272049987983,0.0,0.0014419610670511895,2009-12-26T01:27:56Z,ls7,qucy0x3r2str,0.18026015893785685,0.5280141697063893,0.29028371028870276
0.13702769646476018,0.5254469714028372,0.0,0.30000000000000004,0.02206710200405314,0.0036027921639270434,2010-01-19T01:27:33Z,ls5,qucy0x3r2str,0.3036952987003872,0.5319192497713282,0.13871555736030444
0.32,0.38,0.9997748254897546,0.29,0.0,0.0,2010-01-27T01:28:26Z,ls7,qucy0x3r2str,0.29292929292929293,0.38383838383838387,0.32323232323232326
,,1.0,,,,2010-02-04T01:27:37Z,ls5,qucy0x3r2str,,,
0.14083874458874457,0.3967424242424243,0.5838775050664264,0.35245670995671,0.012445887445887446,0.08658008658008658,2010-02-12T01:28:37Z,ls7,qucy0x3r2str,0.3567874452531461,0.40161731063761114,0.1425692700832688
0.22263904526007655,0.3256271110110336,0.0,0.3637829317721234,0.013285296104480973,0.06282368835847782,2010-02-20T01:27:40Z,ls5,qucy0x3r2str,0.368506242346089,0.3298550113391659,0.2255297618517864
0.09776036565458701,0.5371727064968984,0.3102904751182166,0.34721841332027426,0.002285341168788769,0.004570682337577538,2010-03-16T01:28:53Z,ls7,qucy0x3r2str,0.35110457074864604,0.5431848810348483,0.09885452471013942
0.18497510078254686,0.4223737253972018,0.05043909029497862,0.3016409769978658,0.013990988854635997,0.0652122361868627,2010-04-01T01:28:57Z,ls7,qucy0x3r2str,0.3055590259032802,0.42785998568232225,0.1873777633728988
0.22222030981067128,0.5340590935169248,0.2150416572843954,0.2110011474469306,0.006024096385542169,0.01434308663224326,2010-04-17T01:28:58Z,ls7,qucy0x3r2str,0.21369565251198658,0.540879079805779,0.2250580846644491
0.2526187795541545,0.4914591308263905,0.0,0.21800270209412295,0.012834947083990092,0.012384598063499211,2010-04-25T01:27:35Z,ls5,qucy0x3r2str,0.2208804234811258,0.4979465845966026,0.25595344677478227
0.23118462661153005,0.5265288251033811,0.07430758838099527,0.2049890537582097,0.006081245439065921,0.018973485769885674,2010-05-03T01:28:55Z,ls7,qucy0x3r2str,0.20759591564301835,0.5332247334958072,0.23412461965222275
0.1995771144278607,0.550636815920398,0.09479846881333032,0.22050248756218907,0.006965174129353234,0.010696517412935324,2010-06-04T01:28:53Z,ls7,qucy0x3r2str,0.22314245092179052,0.5572293085246707,0.2019665490112503
0.20836623889437314,0.5910167818361304,0.0875928844854762,0.175535538005923,0.006169792694965449,0.007650542941757157,2010-06-20T01:28:54Z,ls7,qucy0x3r2str,0.17756311684011075,0.5978435083845758,0.21077303913859083
0.25684263197398044,0.587943457593195,0.09997748254897543,0.1329697272954716,0.007505629221916437,0.0027520640480360272,2010-07-22T01:28:58Z,ls7,qucy0x3r2str,0.13459982783940125,0.5951511654641216,0.2599913134265246
0.2746812248995984,0.5880747991967872,0.10290475118216613,0.11433232931726908,0.006526104417670682,0.00426706827309237,2010-08-07T01:28:57Z,ls7,qucy0x3r2str,0.11575035189773664,0.5953684785020597,0.27808799690944047
0.23677547969100426,0.6292300024919012,0.09637469038504842,0.10670819835534513,0.00971841515076003,0.00548218290555694,2010-08-23T01:29:00Z,ls7,qucy0x3r2str,0.1080340207250734,0.6370480260914548,0.23971735512715486
0.12367039377734564,0.7344773942634906,0.07363206485025897,0.1158240155566359,0.01166747690811862,0.003889158969372873,2010-09-08T01:29:02Z,ls7,qucy0x3r2str,0.11706928588651017,0.7423740545773653,0.125000023658633
0.17564948453608248,0.7048453608247424,0.8907903625309614,0.10826804123711341,0.0,0.0,2010-09-24T01:29:02Z,ls7,qucy0x3r2str,0.10949848816598894,0.7128558023146699,0.17764570951934103
,,1.0,,,,2010-10-10T01:29:04Z,ls7,qucy0x3r2str,,,
0.19346993920288225,0.5910875928844855,0.0,0.17682954289574418,0.00923215492006305,0.016662913758162576,2010-11-03T01:26:35Z,ls5,qucy0x3r2str,0.17916875961864318,0.5989068857431947,0.19602928595993663
0.23468273487456962,0.5436030496802754,0.0844404413420401,0.18049188391539597,0.01131333005410723,0.01721593703885883,2010-11-11T01:29:25Z,ls7,qucy0x3r2str,0.1828813796120486,0.5507997009629841,0.23778965233200117
0.17015086692186446,0.6547962170682279,0.0,0.14097950911956766,0.01058320198153569,0.011709074532762891,2010-11-19T01:26:33Z,ls5,qucy0x3r2str,0.14269899586849433,0.662782579239068,0.17222614837813902
0.21118602362204725,0.6035162401574803,0.084890790362531,0.1537130905511811,0.00984251968503937,0.009596456692913386,2010-11-27T01:29:37Z,ls7,qucy0x3r2str,0.15564092900937504,0.6110854186428533,0.21383467596981898
0.1248142310290475,0.6326187795541545,0.0,0.19556406214816482,0.013510470614726412,0.02274262553478946,2010-12-05T01:26:33Z,ls5,qucy0x3r2str,0.19777002972268848,0.6397547354112888,0.12622213871650687
,,1.0,,,,2010-12-13T01:29:45Z,ls7,qucy0x3r2str,,,
0.04997310513447434,0.6474523227383863,0.07903625309614948,0.2138679706601467,0.03154034229828851,0.04914425427872861,2010-12-21T01:26:37Z,ls5,qucy0x3r2str,0.2157506243798013,0.6531517667455461,0.050413012297635354
0.1671271820448878,0.43389526184538657,0.09705021391578472,0.31362842892768084,0.030922693266832918,0.0428927680798005,2010-12-29T01:29:53Z,ls7,qucy0x3r2str,0.3175832554120119,0.43936664235396783,0.16923464088738688
0.07717631164152218,0.5927493807700969,0.0,0.3093267282143661,0.0,0.01103355100202657,2011-01-06T01:26:40Z,ls5,qucy0x3r2str,0.31239520019441785,0.598629360416814,0.07794188838674168
,,1.0,,,,2011-01-22T01:26:41Z,ls5,qucy0x3r2str,,,
0.09006731488406881,0.432378459237098,0.09682503940553933,0.3324058838194964,0.09349289454001496,0.04138618798304662,2011-01-30T01:30:08Z,ls7,qucy0x3r2str,0.33639904714861785,0.43757258452720627,0.09114928580111431
,,1.0,,,,2011-02-07T01:26:43Z,ls5,qucy0x3r2str,,,
0.07385674931129477,0.4312947658402204,0.4278315694663364,0.34776859504132235,0.04289649744195199,0.09484454939000393,2011-02-15T01:30:11Z,ls7,qucy0x3r2str,0.3515764033717706,0.4360171238267142,0.07466542596955933
0.12050560398505605,0.4914919053549191,0.09592434136455752,0.3360996264009963,0.014694894146948941,0.025653798256537984,2011-04-20T01:30:20Z,ls7,qucy0x3r2str,0.34019557047426413,0.49748156793905945,0.12197416918318948
0.10338887637919389,0.5462260752082864,0.0,0.3085791488403513,0.016212564737671697,0.014185994145462734,2011-04-28T01:26:23Z,ls5,qucy0x3r2str,0.31225279646433723,0.552728919392312,0.1046197252602163
0.1171654135338346,0.5584862155388471,0.10155370412069353,0.28604511278195494,0.014786967418546366,0.012280701754385965,2011-05-06T01:30:21Z,ls7,qucy0x3r2str,0.2893870033956142,0.5650110599013868,0.11853426753006667
0.16366983967935875,0.5430410821643286,0.10110335510020263,0.24025050100200399,0.025801603206412827,0.015781563126252503,2011-05-22T01:30:19Z,ls7,qucy0x3r2str,0.2431568160035308,0.5496102607381804,0.1656497569256235
0.19181318681318682,0.5548751248751249,0.09840126097725732,0.20139610389610393,0.023726273726273728,0.016483516483516484,2011-06-07T01:30:21Z,ls7,qucy0x3r2str,0.20388269824076818,0.561726048606108,0.19418146294333355
0.1876784507993695,0.5883134429182616,0.0,0.1774870524656609,0.02274262553478946,0.011934249043008332,2011-06-15T01:26:05Z,ls5,qucy0x3r2str,0.17969180850186292,0.5956215118530578,0.1900098050672816
0.20263540621865597,0.5638791374122367,0.10200405314118444,0.18983951855566697,0.016549648946840523,0.015546639919759278,2011-06-23T01:30:18Z,ls7,qucy0x3r2str,0.19213216296661054,0.5706889648005039,0.20508258336628582
0.19225644878537443,0.5863761582769847,0.10087818058995723,0.18388680190333082,0.010267968945654895,0.01552717255196594,2011-07-09T01:30:16Z,ls7,qucy0x3r2str,0.1861192763075754,0.5934950474580627,0.19459053473674112
0.20401286491835724,0.5769297377535872,0.0898446295879306,0.175524492825334,0.012864918357248886,0.01880257298367145,2011-07-25T01:30:14Z,ls7,qucy0x3r2str,0.17770195469223218,0.5840868158548645,0.20654373811198287
0.21013735645124973,0.6151519927944157,0.0,0.14689709524881783,0.012609772573744652,0.0024769196126998424,2011-08-02T01:25:42Z,ls5,qucy0x3r2str,0.14882012067648934,0.6232049289128784,0.21288825822418778
0.20352404438964242,0.5899556103575833,0.0869173609547399,0.1723181257706535,0.010110974106041924,0.01183723797780518,2011-08-10T01:30:09Z,ls7,qucy0x3r2str,0.174504491934094,0.5974409458592845,0.20610635012277417
0.20425579824363885,0.6164377392479172,0.0,0.14272911506417477,0.015311866696689935,0.008781805899572169,2011-08-18T01:25:33Z,ls5,qucy0x3r2str,0.14457854621371055,0.6244253117638816,0.20690246942614587
0.1968825,0.60588,0.09930195901823913,0.158335,0.01575,0.011,2011-08-26T01:30:08Z,ls7,qucy0x3r2str,0.16033705087152966,0.6135409882972331,0.1993719608312372
0.2081490655257825,0.6203152443143436,0.0,0.1359220896194551,0.012384598063499211,0.01058320198153569,2011-09-03T01:25:25Z,ls5,qucy0x3r2str,0.13770440802337133,0.6284493105229093,0.21087848140868448
0.2234110860295962,0.608051166290444,0.10222922765142983,0.1491196388261851,0.0,0.0065211938801103585,2011-09-11T01:30:02Z,ls7,qucy0x3r2str,0.1510809062330274,0.6160484424609417,0.22634945742592055
0.2116415221796893,0.6186647151542445,0.0,0.13856113487953167,0.009457329430308489,0.008781805899572169,2011-09-19T01:25:12Z,ls5,qucy0x3r2str,0.14040507864169297,0.6268977809657348,0.2144580050626915
0.17644898965007394,0.6435929029078363,0.0862418374240036,0.1514415968457368,0.007392804337111878,0.008871365204534253,2011-09-27T01:29:59Z,ls7,qucy0x3r2str,0.15335157690681062,0.6517098908266493,0.17867436272489404
0.1711883899233297,0.6435542168674698,0.1776626885836523,0.1542552026286966,0.01067907995618839,0.007940854326396496,2011-10-13T01:29:59Z,ls7,qucy0x3r2str,0.15622633964848015,0.6517778198285884,0.17337590624034654
0.12922314793965323,0.7108151317270885,0.0,0.13860842152668318,0.002251745102454402,0.007430758838099527,2011-10-21T01:24:44Z,ls5,qucy0x3r2str,0.14026138827389462,0.7192919166382665,0.13076419114728483
0.16723216474626137,0.5244496200049031,0.08151317270884939,0.2823927433194411,0.005638636920813925,0.007845060063741112,2011-11-30T01:30:27Z,ls7,qucy0x3r2str,0.2859997229264282,0.5311483724657976,0.16936820762321922
0.12084102820064888,0.6090566508609933,0.09772573744652102,0.24559520838532567,0.008485150985774894,0.004242575492887447,2011-12-16T01:30:33Z,ls7,qucy0x3r2str,0.2485608484374612,0.6164112031329537,0.12230022195092277
0.044867724867724876,0.599005291005291,0.787210087818059,0.262,0.009523809523809525,0.0761904761904762,2012-01-01T01:30:45Z,ls7,qucy0x3r2str,0.2644331522691432,0.6045681577344447,0.04528440428212639
,,1.0,,,,2012-01-17T01:30:46Z,ls7,qucy0x3r2str,,,
0.08441664602427545,0.5218479068615308,0.0909705021391578,0.3675922714887292,0.00024770869457517957,0.014367104285360416,2012-02-02T01:30:48Z,ls7,qucy0x3r2str,0.3719437705031121,0.5280254596244576,0.08541595689249484
,,1.0,,,,2012-02-18T01:30:53Z,ls7,qucy0x3r2str,,,
,,1.0,,,,2012-03-05T01:30:51Z,ls7,qucy0x3r2str,,,
0.0798196166854566,0.5498027057497181,0.6005404188245891,0.3239684329199549,0.0,0.036076662908680945,2012-03-21T01:30:52Z,ls7,qucy0x3r2str,0.32747877558455424,0.5557600636247129,0.08068449788205193
0.07251231527093595,0.5231576354679804,0.0857914884035127,0.36001231527093597,0.01083743842364532,0.0229064039408867,2012-04-06T01:30:49Z,ls7,qucy0x3r2str,0.3639955755457715,0.5289459736398794,0.07331460844981706
0.056264160038563514,0.658054953000723,0.06575095699166855,0.24785249457700648,0.01470233791275006,0.013979272113762353,2012-04-22T01:30:57Z,ls7,qucy0x3r2str,0.25020867803392643,0.6643106826299555,0.05679902930960558
0.165754060324826,0.6471995359628769,0.029497860842152668,0.16553596287703018,0.0064965197215777265,0.0034802784222737818,2012-05-24T01:31:21Z,ls7,qucy0x3r2str,0.1674871667815796,0.654828200089061,0.1677078349855079
0.18169973059025227,0.6694587313250061,0.08061247466786758,0.1316385011021308,0.00440852314474651,0.0017144256674014205,2012-06-09T01:31:06Z,ls7,qucy0x3r2str,0.13312259827959977,0.6770062330458025,0.1837482198624497
0.2005190651906519,0.6596432964329643,0.08466561585228549,0.12173677736777368,0.004674046740467405,0.0019680196801968018,2012-06-25T01:31:14Z,ls7,qucy0x3r2str,0.12315744948190623,0.667341354955457,0.20285912914197265
0.15941336633663367,0.7310519801980198,0.0902949786084215,0.09294059405940594,0.004702970297029703,0.0007425742574257426,2012-07-11T01:31:28Z,ls7,qucy0x3r2str,0.09399422771200644,0.7393396501438835,0.1612205775896546
0.19201292246520874,0.6957579522862822,0.09389777077234862,0.09591699801192843,0.003727634194831014,0.0009940357852882703,2012-07-27T01:31:39Z,ls7,qucy0x3r2str,0.09704715514449758,0.7039558299160664,0.19427534495931678
0.1977891326021934,0.6804461615154536,0.09659986489529382,0.1040478564307079,0.00448654037886341,0.0012462612163509472,2012-08-12T01:31:51Z,ls7,qucy0x3r2str,0.1053172607670528,0.6887477386714635,0.20020219896626917
0.13338944723618093,0.7686206030150754,0.10380544922314794,0.08173618090452263,0.0037688442211055275,0.0010050251256281408,2012-08-28T01:31:59Z,ls7,qucy0x3r2str,0.08269000732070106,0.7775900780634772,0.1349460452690879
0.17027200791295746,0.7167828882294758,0.08939428056743981,0.09404549950544017,0.005934718100890208,0.000741839762611276,2012-09-13T01:32:10Z,ls7,qucy0x3r2str,0.09521716605210573,0.7257129331096374,0.17239334297475536
0.17737849779086892,0.7015243004418262,0.0826390452600766,0.10400098183603339,0.003436426116838488,0.0012272950417280314,2012-09-29T01:32:20Z,ls7,qucy0x3r2str,0.10531646368202466,0.7103977020718981,0.1796221130875107
0.18689354275741712,0.7151134380453752,0.09682503940553933,0.08078783345799054,0.004487658937920718,0.0007479431563201197,2012-10-15T01:32:28Z,ls7,qucy0x3r2str,0.08177175880643589,0.7238228959994945,0.18916974309982887
0.1686821322803554,0.7283761105626851,0.0875928844854762,0.08361549851924975,0.006169792694965449,0.0012339585389930898,2012-10-31T01:32:35Z,ls7,qucy0x3r2str,0.08463205107706501,0.7372313181660168,0.1707328795229596
0.07097139912393713,0.8363566091213605,0.1260977257374465,0.08128832775057976,0.0,0.0,2012-11-16T01:32:42Z,ls7,qucy0x3r2str,0.0822243420332463,0.8459870413519529,0.07178861661480081
0.1707299451918286,0.7185201793721973,0.09614951587480303,0.09842800199302443,0.00024912805181863477,0.0004982561036372695,2012-12-02T01:32:43Z,ls7,qucy0x3r2str,0.09958146871869648,0.72694043683804,0.17273071028780754
0.19666471449487555,0.5877891654465592,0.23102904751182163,0.20186822840409951,0.0,0.0008784773060029283,2012-12-18T01:32:51Z,ls7,qucy0x3r2str,0.20448785446466533,0.5954168532114693,0.19921681501786231
0.1291924696556849,0.4947683923705722,0.0909705021391578,0.3530963586821897,0.00619271736437949,0.004458756502353232,2013-01-03T01:32:55Z,ls7,qucy0x3r2str,0.35753828398294935,0.5009925410655325,0.13081770108478533
0.11211887590151705,0.5135911464809749,0.09457329430308492,0.3479059935339468,0.004476498383486694,0.010196468540164138,2013-02-04T01:32:58Z,ls7,qucy0x3r2str,0.3520907367938208,0.5197688126566441,0.11346748362588426
0.12338561115260144,0.5048195170525268,0.09547399234406662,0.3602962409758526,0.0,0.0,2013-02-20T01:32:55Z,ls7,qucy0x3r2str,0.36448734641043007,0.5106917732150367,0.12482088037453314
0.06424537731134433,0.4563618190904548,0.09885160999774822,0.4328735632183908,0.0034982508745627187,0.031484257871064465,2013-03-08T01:32:53Z,ls7,qucy0x3r2str,0.4381111582930648,0.46188361256327887,0.06502272039802921
0.12068612699368039,0.5397893469756244,0.2517451024544022,0.3148811315076738,0.0009027986758952753,0.012940114354498947,2013-03-24T01:32:48Z,ls7,qucy0x3r2str,0.31836792578796985,0.5457666324312107,0.12202252875042521
0.1172916151372743,0.4707914914667326,0.0896194550776852,0.37525599802127135,0.002226069750185506,0.022508038585209004,2013-04-09T01:32:47Z,ls7,qucy0x3r2str,0.379901920056556,0.4766202072654494,0.11874376434260026
0.18608646701193424,0.49301058320198154,0.0,0.27785408691736097,0.008781805899572169,0.02049088043233506,2013-04-17T01:38:34Z,ls8,qucy0x3r2str,0.2818540476304275,0.5001079161432114,0.188765349894454
,,1.0,,,,2013-04-25T01:32:39Z,ls7,qucy0x3r2str,,,
0.22365683404638598,0.5181085341139383,0.0,0.2356653906777753,0.0047286647151542445,0.003827966674172484,2013-05-03T01:38:33Z,ls8,qucy0x3r2str,0.23904392887765177,0.5255362241500171,0.22686321558300424
0.19976319684262456,0.570407005426739,0.0871425354649854,0.20988653182042424,0.005673408978786384,0.002220029600394672,2013-05-11T01:32:37Z,ls7,qucy0x3r2str,0.2124670931079235,0.577420176893987,0.2022192914189084
0.16425072510473737,0.5959329680953915,0.301283494708399,0.21410570415726715,0.006123106670963584,0.006445375443119562,2013-05-19T01:38:45Z,ls8,qucy0x3r2str,0.21699376080399924,0.6039714656043158,0.1664662914776018
0.2599277888446215,0.5651593625498008,0.09569916685431212,0.16149651394422312,0.0,0.00049800796812749,2013-05-27T01:32:33Z,ls7,qucy0x3r2str,0.16361114932715606,0.5725595593457292,0.2633312833589872
,,1.0,,,,2013-06-04T01:38:48Z,ls8,qucy0x3r2str,,,
0.22463045634920636,0.6093353174603175,0.09209637469038501,0.14731150793650793,0.005208333333333333,0.001984126984126984,2013-06-12T01:32:25Z,ls7,qucy0x3r2str,0.14904245566669647,0.6164951626038228,0.22726992141202046
0.17972641778284415,0.7241122827016243,0.20986264354875028,0.07869478483898547,0.003134796238244514,0.004844685095468795,2013-06-28T01:32:18Z,ls7,qucy0x3r2str,0.07945463685301503,0.731104082444392,0.1814617993688798
0.2945327628912407,0.5529430308489078,0.0,0.130470614726413,0.004953839225399685,0.0029272686331907227,2013-07-06T01:38:44Z,ls8,qucy0x3r2str,0.13236140612484648,0.5609563289294388,0.29880115708712446
0.24176544766708702,0.6263354350567466,0.10718306687682955,0.11421941992433796,0.004539722572509458,0.0017654476670870113,2013-07-14T01:32:08Z,ls7,qucy0x3r2str,0.11554199453179584,0.6335879262942775,0.24456490893433028
0.2634699392028822,0.5927020941229452,0.0,0.12081287998198603,0.006304886286872326,0.0029272686331907227,2013-07-22T01:38:42Z,ls8,qucy0x3r2str,0.1225172621677331,0.6010637099608322,0.26718687295137167
0.28617169373549883,0.6186774941995361,0.1265480747579374,0.07582108790925497,0.0020623872131992783,0.005413766434648105,2013-07-30T01:32:00Z,ls7,qucy0x3r2str,0.0767375535487804,0.6261555808508402,0.28963071195253187
0.2909659986489529,0.56815582076109,0.0,0.11577797793289801,0.0069804098176086465,0.004053141184417924,2013-08-07T01:38:45Z,ls8,qucy0x3r2str,0.11744851729432249,0.5763536376425864,0.2951642940610646
0.2607723270440252,0.622840251572327,0.10493132177437514,0.09519496855345913,0.004779874213836478,0.004276729559748427,2013-08-15T01:32:01Z,ls7,qucy0x3r2str,0.0963752534548714,0.6305626024076005,0.2640055403639431
0.263503715379419,0.5986264354875028,0.0,0.11194325602341815,0.008106282368835848,0.004278315694663364,2013-08-23T01:38:47Z,ls8,qucy0x3r2str,0.11349954018824279,0.6069488023302158,0.2671670594180421
0.21849899598393574,0.6720030120481927,0.10290475118216613,0.0848820281124498,0.007530120481927711,0.005522088353413655,2013-08-31T01:32:13Z,ls7,qucy0x3r2str,0.0858883547923284,0.6799700054744924,0.22108943089783795
0.23995496509795095,0.6171830668768297,0.0,0.11506642648052241,0.009006980409817608,0.005629362756136005,2013-09-08T01:38:46Z,ls8,qucy0x3r2str,0.1166238992113059,0.6255369006228068,0.24320285699993355
0.24061780890445222,0.6299774887443722,0.09975230803873003,0.10098049024512257,0.009504752376188095,0.0065032516258129065,2013-09-16T01:32:24Z,ls7,qucy0x3r2str,0.10227096577668192,0.6380282570926381,0.24369277312867885
0.25446521053816706,0.60765142985814,0.0,0.1091848682729115,0.011709074532762891,0.0036027921639270434,2013-09-24T01:38:38Z,ls8,qucy0x3r2str,0.11068967067900963,0.6160261739795867,0.25797228864471367
0.24012054120541204,0.6298646986469865,0.08466561585228549,0.10437392373923739,0.010824108241082412,0.0024600246002460025,2013-10-02T01:32:34Z,ls7,qucy0x3r2str,0.10569758105572431,0.6378525656054411,0.24316572049750626
0.2640598964197253,0.5902679576671921,0.0,0.11828867372213467,0.009006980409817608,0.0047286647151542445,2013-10-10T01:38:38Z,ls8,qucy0x3r2str,0.11994850914202,0.5985506413133106,0.26776520441969737
0.24299381953028432,0.6263782447466006,0.0891691060571943,0.1068504326328801,0.009641532756489494,0.001977750309023486,2013-10-18T01:32:47Z,ls7,qucy0x3r2str,0.1081811856874344,0.6341793808015838,0.24602015044546896
0.24631164152217966,0.6116662913758162,0.0,0.1198919162350822,0.006530060797117767,0.002251745102454402,2013-10-26T01:38:29Z,ls8,qucy0x3r2str,0.12152849257304912,0.620015799921787,0.24967390160559166
0.26657015590200445,0.6096659242761693,0.09006980409817611,0.10119524870081663,0.0066815144766146995,0.0032170254887404106,2013-11-03T01:32:51Z,ls7,qucy0x3r2str,0.10250701049470032,0.6175688295683207,0.27002561997162383
0.30535014636343166,0.5573271785633866,0.0,0.11496284620580952,0.005629362756136005,0.002251745102454402,2013-11-11T01:38:29Z,ls8,qucy0x3r2str,0.11666543067987117,0.5655811200106596,0.30987234145087866
0.19909508029569206,0.6388835075197553,0.11664039630713807,0.1411623757328575,0.004588325261279633,0.003823604384399694,2013-11-19T01:32:55Z,ls7,qucy0x3r2str,0.14295687032878412,0.6470051688032158,0.20162603122232087
0.22693425264713124,0.5497783797094311,0.0855663138932673,0.2056045309037183,0.0004924895345973898,0.003447426742181729,2013-11-27T01:38:21Z,ls8,qucy0x3r2str,0.20848100178370563,0.5574699490183844,0.23010913292113083
,,1.0,,,,2013-12-21T01:33:06Z,ls7,qucy0x3r2str,,,
0.10314363817097416,0.4690407554671968,0.09389777077234862,0.391463717693837,0.0034791252485089465,0.020874751491053677,2014-01-06T01:33:11Z,ls7,qucy0x3r2str,0.39633768185067614,0.47488060147824357,0.10442783993151764
0.18344967349696015,0.42615627111011034,0.0,0.35408691736095477,0.005404188245890566,0.016212564737671697,2014-01-14T01:37:55Z,ls8,qucy0x3r2str,0.35948456360481623,0.43265253144415317,0.18624615196746822
0.2390076335877863,0.3755725190839695,0.9705021391578473,0.37541984732824435,0.0,0.0,2014-01-22T01:33:28Z,ls7,qucy0x3r2str,0.37921196699822657,0.3793661808928984,0.241421852108875
0.12789692232535418,0.3902393746946752,0.07813555505516778,0.3538251099169516,0.10429897410845139,0.012701514411333659,2014-02-23T01:33:27Z,ls7,qucy0x3r2str,0.3583041597031158,0.3951793903656639,0.12951596141143518
0.15159873902274262,0.3755595586579599,0.0,0.34650529160099075,0.08556631389326728,0.027246115739698266,2014-03-03T01:37:19Z,ls8,qucy0x3r2str,0.35186906212670904,0.38137307822089056,0.1539454300194348
0.07192250740375124,0.4342546890424482,0.0875928844854762,0.36278874629812435,0.04565646594274432,0.07527147087857848,2014-03-11T01:33:33Z,ls7,qucy0x3r2str,0.3670079988395277,0.43930509432390924,0.07275897001524032
0.14879756811528935,0.42115964872776407,0.0,0.32251069578923663,0.028597162801170906,0.06575095699166854,2014-03-19T01:37:12Z,ls8,qucy0x3r2str,0.3272749797434835,0.4273812227183557,0.1509956777453213
0.1390594431903687,0.46578128918986705,0.10222922765142983,0.30313017306245293,0.007022824178580386,0.07399046902432907,2014-03-27T01:33:41Z,ls7,qucy0x3r2str,0.30680784792071664,0.4714323008308306,0.14074655804554345
0.1336545823012835,0.49424228777302415,0.0,0.2671222697590633,0.021616752983562262,0.07138031974780455,2014-04-04T01:36:56Z,ls8,qucy0x3r2str,0.270698882099011,0.5008599054915596,0.13544413967806265
0.14216035634743876,0.5016926503340757,0.09006980409817611,0.2520292006928978,0.011878247958426132,0.08166295471417966,2014-04-12T01:33:46Z,ls7,qucy0x3r2str,0.2550046024700117,0.507615524347345,0.14383867051003746
0.19247016437739248,0.49686782256248596,0.0,0.2174960594460707,0.012834947083990092,0.06755235307363207,2014-04-20T01:36:39Z,ls8,qucy0x3r2str,0.2205609055255454,0.5038694363014942,0.1951823580153382
0.11800198560436835,0.604740630429387,0.09277189822112142,0.18383469843633657,0.012658227848101266,0.07048895507570117,2014-04-28T01:33:57Z,ls7,qucy0x3r2str,0.18591835296058348,0.611594997756709,0.11933946635890505
0.2231845238095238,0.5879960317460318,0.7730240936725963,0.17515873015873015,0.0,0.0,2014-05-06T01:36:22Z,ls8,qucy0x3r2str,0.1775846635084437,0.5961397262202911,0.2262756102712652
0.17818891872101536,0.6076348547717842,0.07746003152443148,0.16445447888699047,0.008298755186721992,0.029777886258237733,2014-05-14T01:34:03Z,ls7,qucy0x3r2str,0.16646977268418983,0.6150810657966916,0.18037252007415874
0.18329205133978835,0.5743773924791713,0.0,0.17294303084890789,0.013285296104480973,0.0436838549876154,2014-05-22T01:36:15Z,ls8,qucy0x3r2str,0.17525083494325375,0.5820420580719768,0.185737955892673
,,1.0,,,,2014-05-30T01:34:07Z,ls7,qucy0x3r2str,,,
0.2324611573969827,0.5501260977257375,0.0,0.17953163701868946,0.007430758838099527,0.017113262778653455,2014-06-07T01:36:24Z,ls8,qucy0x3r2str,0.18202034080115773,0.5577520567097912,0.23568358087229807
0.22700479434771637,0.595576583396417,0.10763341589732045,0.1464875094625284,0.006813020439061317,0.012364370426444614,2014-06-15T01:34:09Z,ls7,qucy0x3r2str,0.14826423914073145,0.6028002613416951,0.2297581086520676
0.22153569015987387,0.5810920963746904,0.0,0.16518351722585004,0.008106282368835848,0.010808376491781131,2014-06-23T01:36:28Z,ls8,qucy0x3r2str,0.16744909541606745,0.5890620778968431,0.2245741678264726
0.24088471177944862,0.5944235588972431,0.10155370412069353,0.14075187969924816,0.005513784461152882,0.006516290726817042,2014-07-01T01:34:15Z,ls7,qucy0x3r2str,0.14246931805387014,0.6016766472476255,0.2438239595105345
0.25267282143661335,0.5614231029047512,0.0,0.1536793514974105,0.007881107858590407,0.010808376491781131,2014-07-09T01:36:35Z,ls8,qucy0x3r2str,0.1558287005543918,0.5692751286000586,0.25620668649517814
0.21936080947680156,0.6129220138203356,0.0875928844854762,0.14281836130306022,0.005429417571569595,0.007897334649555774,2014-07-17T01:34:16Z,ls7,qucy0x3r2str,0.14451326551010596,0.6201958971665436,0.2219640851022251
0.2346340914208512,0.5802612024318847,0.0,0.15567439765818508,0.007655933348344968,0.008556631389326727,2014-07-25T01:36:37Z,ls8,qucy0x3r2str,0.15779445592385927,0.588163513775121,0.23782946556334797
0.24697134387351777,0.6268799407114625,0.088493582526458,0.11095108695652174,0.0009881422924901185,0.001976284584980237,2014-08-02T01:34:23Z,ls7,qucy0x3r2str,0.11232931984019028,0.6346670347553387,0.25003921852700073
0.24623733393379868,0.5762170682278767,0.0,0.14963071380319748,0.007205584327854087,0.007205584327854087,2014-08-10T01:36:47Z,ls8,qucy0x3r2str,0.15170930809297023,0.5842215846620051,0.24965793858931645
0.24563172379284465,0.6042556917688267,0.09997748254897543,0.12443582687015262,0.006254691018263698,0.00725544158118589,2014-08-18T01:34:23Z,ls7,qucy0x3r2str,0.1259896890508636,0.6118011880341322,0.24869899031555462
0.2546295879306462,0.5808646701193425,0.0,0.13863093897770773,0.006530060797117767,0.005629362756136005,2014-08-26T01:36:49Z,ls8,qucy0x3r2str,0.14058281942705858,0.5890430637859025,0.25821469323378493
0.23383458646616542,0.6192706766917294,0.10155370412069353,0.12324812030075187,0.006015037593984963,0.005263157894736842,2014-09-03T01:34:23Z,ls7,qucy0x3r2str,0.12480942450848154,0.6271155826495892,0.23679679735320744
0.2512767394730916,0.5902814681378068,0.0,0.1336793514974105,0.008106282368835848,0.003152443143436163,2014-09-11T01:36:53Z,ls8,qucy0x3r2str,0.1355303547712968,0.5984548540631466,0.2547560656532846
0.21456240676280458,0.6431427150671307,0.09434811979283941,0.12004972650422677,0.006215813028344107,0.0037294878170064643,2014-09-19T01:34:27Z,ls7,qucy0x3r2str,0.12155991459437844,0.6512332496884486,0.21726153487182245
0.2125827516325152,0.6358185093447422,0.0,0.12925917586129249,0.006304886286872326,0.003152443143436163,2014-09-27T01:36:51Z,ls8,qucy0x3r2str,0.13096237142142425,0.6441964311050329,0.21538386804323434
0.21686052366565964,0.6567925478348439,0.10560684530511144,0.10732880161127897,0.005035246727089627,0.0017623363544813696,2014-10-05T01:34:39Z,ls7,qucy0x3r2str,0.1086658460131749,0.6649745156394417,0.21956205526581235
0.23524774774774776,0.6139617117117117,0.00022517451024539614,0.13134684684684686,0.0045045045045045045,0.0013513513513513514,2014-10-13T01:36:58Z,ls8,qucy0x3r2str,0.13316695615009452,0.6224695476449743,0.2385076403490753
0.20844768015794668,0.6731589338598224,0.0875928844854762,0.10097482724580456,0.0029615004935834156,0.0019743336623889436,2014-10-21T01:34:48Z,ls7,qucy0x3r2str,0.10225761247371136,0.681710751772685,0.21109580159763122
0.21290700292726863,0.6338504841251971,0.0,0.1337288898896645,0.005404188245890566,0.001125872551227201,2014-10-29T01:36:55Z,ls8,qucy0x3r2str,0.13549972262000665,0.6422439074487452,0.21572630913413035
0.206259900990099,0.6699579207920793,0.0902949786084215,0.10581930693069307,0.0034653465346534654,0.0022277227722772275,2014-11-06T01:34:58Z,ls7,qucy0x3r2str,0.10714143814524618,0.6783285320274793,0.2088369605203438
,,1.0,,,,2014-11-14T01:36:58Z,ls8,qucy0x3r2str,,,
0.1259869848156182,0.7655965292841649,0.8961945507768521,0.09587852494577007,0.0,0.0,2014-11-22T01:35:01Z,ls7,qucy0x3r2str,0.09709590967004965,0.7753174289354597,0.12758666139449057
,,1.0,,,,2014-11-30T01:36:56Z,ls8,qucy0x3r2str,,,
0.24364231738035264,0.5974987405541562,0.10605719432560234,0.14061964735516372,0.00327455919395466,0.0017632241813602015,2014-12-08T01:35:08Z,ls7,qucy0x3r2str,0.142510527544687,0.6055331692632926,0.2469185198167054
0.20136258064516133,0.6030838709677419,0.1274487727989192,0.18159741935483872,0.0,0.00025806451612903227,2014-12-16T01:36:51Z,ls8,qucy0x3r2str,0.18412016021812683,0.6114618772779937,0.2041598979877503
0.13827835051546392,0.6262731958762887,0.563161450123846,0.22418556701030926,0.0,0.0,2014-12-24T01:35:17Z,ls7,qucy0x3r2str,0.22673930610223392,0.6334071892187786,0.13985350467898758
0.2178657129672358,0.5034610059990771,0.02409367259626205,0.2632279649284725,0.0,0.0011536686663590216,2015-01-01T01:36:46Z,ls8,qucy0x3r2str,0.26704894240422156,0.5107691701007262,0.22102821882869328
0.0978323881537492,0.5066351606805293,0.28529610448097276,0.37205734089476994,0.001890359168241966,0.007561436672967864,2015-01-17T01:36:46Z,ls8,qucy0x3r2str,0.37740024319264037,0.5139106579403658,0.0992373030257841
,,1.0,,,,2015-01-25T01:35:21Z,ls7,qucy0x3r2str,,,
0.06307138031974781,0.4159085791488404,0.0,0.44133528484575546,0.008331456879081288,0.05719432560234181,2015-02-02T01:36:42Z,ls8,qucy0x3r2str,0.44812519135965795,0.4223072979182621,0.06404172824065685
0.11696205630354957,0.39657527539779686,0.08016212564737668,0.41758384332925336,0.0024479804161566705,0.05458996328029376,2015-02-10T01:35:26Z,ls7,qucy0x3r2str,0.4228941733302881,0.40161844365311905,0.1184494393201423
0.13161224949335734,0.4410177887863094,0.0,0.37845079936951137,0.0058545372663814455,0.028822337311416348,2015-02-18T01:36:33Z,ls8,qucy0x3r2str,0.38411804128963484,0.44762196165182794,0.13358312248073936
0.11434554973821989,0.616937172774869,0.9139833370862418,0.25780104712041885,0.0,0.0,2015-02-26T01:35:35Z,ls7,qucy0x3r2str,0.2606463224201361,0.6237461292115501,0.1156075483683138
,,1.0,,,,2015-03-06T01:36:28Z,ls8,qucy0x3r2str,,,
0.11441917943648049,0.4668190805734058,0.0889439315469489,0.38845773603559064,0.004448838358872961,0.014087988136431043,2015-03-14T01:35:41Z,ls7,qucy0x3r2str,0.39317163723140713,0.4724838899413503,0.11580764633193845
0.1309434811979284,0.4585453726638144,0.0,0.36484350371537944,0.006530060797117767,0.024994370637243864,2015-03-22T01:36:18Z,ls8,qucy0x3r2str,0.37025048652369213,0.4653410177049791,0.13288406433696695
0.15587714863498486,0.5000783619817998,0.10920963746903856,0.32252780586450963,0.004802831142568251,0.004802831142568251,2015-03-30T01:35:48Z,ls7,qucy0x3r2str,0.32645391832791215,0.5061657871710544,0.1577746322158968
0.19098626435487503,0.5030240936725963,0.0,0.28140058545372665,0.006079711776626886,0.0047286647151542445,2015-04-07T01:36:07Z,ls8,qucy0x3r2str,0.2853762343363547,0.5101308563423324,0.19368453282953185
0.16544128553770088,0.5638145859085291,0.0891691060571943,0.2462076637824475,0.008158220024721878,0.004697156983930779,2015-04-15T01:35:58Z,ls7,qucy0x3r2str,0.24915597832688655,0.5705662146696462,0.16742242999481455
,,1.0,,,,2015-04-23T01:36:06Z,ls8,qucy0x3r2str,,,
0.19954682023034553,0.5797771657486229,0.10065300607971173,0.19745618427641462,0.005758637956935403,0.005508262393590386,2015-05-01T01:36:03Z,ls7,qucy0x3r2str,0.19987246984501453,0.586871940742558,0.20198868906190165
0.2260063176895307,0.5838808664259928,0.0020265705922090094,0.17094990974729243,0.002256317689530686,0.0036101083032490976,2015-05-09T01:35:50Z,ls8,qucy0x3r2str,0.1732673507320035,0.5917961057615644,0.22907011751365222
0.21963609172482554,0.6106580259222333,0.09659986489529382,0.14778165503489535,0.00448654037886341,0.005483549351944167,2015-05-17T01:36:12Z,ls7,qucy0x3r2str,0.14958785685125642,0.6181215479360839,0.22232050548185212
0.23525332132402618,0.5866336410718306,0.0,0.15705471740598964,0.004953839225399685,0.0029272686331907227,2015-05-25T01:35:49Z,ls8,qucy0x3r2str,0.15916877935971882,0.5945301237872251,0.23841998899446562
0.2868627450980392,0.5703921568627451,0.9885160999774826,0.13078431372549018,0.0,0.0,2015-06-02T01:36:16Z,ls7,qucy0x3r2str,0.13236753324072234,0.5772970827545149,0.29033538400476283
,,1.0,,,,2015-06-10T01:35:59Z,ls8,qucy0x3r2str,,,
0.2154913728432108,0.6600250062515629,0.09952713352848452,0.1063390847711928,0.006501625406351588,0.00025006251562890725,2015-06-18T01:36:21Z,ls7,qucy0x3r2str,0.10757297824777097,0.6676835313493159,0.2179918024809327
0.253433911281243,0.5942400360279216,0.0,0.13150191398333708,0.006304886286872326,0.0013510470614726414,2015-06-26T01:36:04Z,ls8,qucy0x3r2str,0.13327038507919164,0.6022315267665898,0.2568421548058737
0.21972986493246624,0.6658654327163582,0.09975230803873003,0.0952576288144072,0.006003001500750375,0.0017508754377188595,2015-07-04T01:36:25Z,ls7,qucy0x3r2str,0.09636410345835171,0.6735998601501466,0.22228215945303226
0.25107858590407567,0.6050574195001126,0.0,0.12313893267282144,0.0058545372663814455,0.0015762215717180816,2015-07-12T01:36:16Z,ls8,qucy0x3r2str,0.12481062489004197,0.6132714729858395,0.25448714328601907
0.2468390804597701,0.6499650174912543,0.09885160999774822,0.08465017491254373,0.00624687656171914,0.0007496251874062968,2015-07-20T01:36:30Z,ls7,qucy0x3r2str,0.08564629258829384,0.6576134558224354,0.2497437498401454
0.24122269759063272,0.6192321549200631,0.0,0.11973654582301284,0.006079711776626886,0.0006755235307363207,2015-07-28T01:36:21Z,ls8,qucy0x3r2str,0.12133109664424771,0.6274785690317775,0.2444350990166116
0.24756946182728412,0.6449511889862328,0.10042783156946633,0.08796996245306635,0.006758448060075094,0.000750938673341677,2015-08-05T01:36:33Z,ls7,qucy0x3r2str,0.08904660667092362,0.6528445988395412,0.2505994077561185
0.2507948660211664,0.6146115739698266,0.0,0.1145732943030849,0.006079711776626886,0.0006755235307363207,2015-08-13T01:36:26Z,ls8,qucy0x3r2str,0.11612416130431757,0.6229309717356271,0.25418963165269215
0.22838114242953356,0.6588426041406835,0.09727538842603012,0.09344225492641557,0.006734846595160888,0.0004988775255674732,2015-08-21T01:36:36Z,ls7,qucy0x3r2str,0.09459522333953131,0.6669719532492567,0.23119909929048366
0.24348119792839448,0.614370637243864,0.0,0.12275388426030173,0.005179013735645125,0.0009006980409817609,2015-08-29T01:36:33Z,ls8,qucy0x3r2str,0.12442062452495065,0.6227125018185193,0.24678716187990302
0.2546261216350947,0.6165852442671983,0.09659986489529382,0.11099950149551346,0.00448654037886341,0.0007477567298105683,2015-09-06T01:36:37Z,ls7,qucy0x3r2str,0.11241832155482608,0.624466572570982,0.25788080876551794
0.26221121369061023,0.6023373114163477,0.0,0.11873902274262554,0.0024769196126998424,0.00045034902049088043,2015-09-14T01:36:40Z,ls8,qucy0x3r2str,0.12040368250847212,0.6107817693933717,0.2658872794649655
0.24708879544892406,0.6481399950531783,0.0896194550776852,0.09174870145931241,0.0004946821667078902,0.0,2015-09-22T01:36:42Z,ls7,qucy0x3r2str,0.09291327893470033,0.6563669151853581,0.25022512371323374
0.2709299707273137,0.599801846430984,0.0,0.11479621706822787,0.00045034902049088043,0.00022517451024544022,2015-09-30T01:36:45Z,ls8,qucy0x3r2str,0.11640325342180013,0.6081984939579793,0.2747227290894842
0.2063491271820449,0.6837406483790525,0.09705021391578472,0.0976134663341646,0.0,0.0,2015-10-08T01:36:48Z,ls7,qucy0x3r2str,0.0988287394368153,0.6922531175123526,0.20891814305083203
0.23296104480972757,0.6178518351722585,0.0,0.13613375365908578,0.0,0.0,2015-10-16T01:36:45Z,ls8,qucy0x3r2str,0.13793426008948148,0.6260235499186636,0.23604218999185497
0.16486550902281238,0.7305447735784814,0.3386624634091421,0.09180115764385427,0.0,0.0,2015-10-24T01:37:06Z,ls7,qucy0x3r2str,0.09299037055431394,0.7400084154181498,0.16700121402753637
0.264122945282594,0.6004503490204909,0.0,0.12172258500337763,0.0,0.0,2015-11-01T01:36:51Z,ls8,qucy0x3r2str,0.1234138634838156,0.6087933262407138,0.26779281027547064
0.1633996518279035,0.7135041034568516,0.09457329430308492,0.11022631186272072,0.000994777418552599,0.0002486943546381497,2015-11-09T01:37:21Z,ls7,qucy0x3r2str,0.11152456218194531,0.7219077859753645,0.16532418006949942
0.22578248142310292,0.5978338212114388,0.0,0.1621639270434587,0.00022517451024544022,0.00022517451024544022,2015-11-17T01:36:52Z,ls8,qucy0x3r2str,0.16442903985881496,0.6061843901361574,0.22893622098453667
0.21363387297633873,0.6427521793275218,0.09592434136455752,0.13076214196762143,0.0,0.0,2015-11-25T01:37:36Z,ls7,qucy0x3r2str,0.13246455063834084,0.651120250290155,0.21641519907150428
0.11494032875478495,0.6875118216617878,0.0,0.1802161675298356,0.004953839225399685,0.0009006980409817609,2015-12-03T01:36:53Z,ls8,qucy0x3r2str,0.18232101512689514,0.6955416650748948,0.1162827825318285
0.16450985915492958,0.6154535211267605,0.20063048862868726,0.20467605633802818,0.0014084507042253522,0.0016901408450704226,2015-12-11T01:37:51Z,ls7,qucy0x3r2str,0.2072249406747252,0.6231179244186349,0.16655854335734413
0.20011078453538325,0.52699073027357,0.004053141184417908,0.2571422111688899,0.0,0.0018087271082975356,2015-12-19T01:36:53Z,ls8,qucy0x3r2str,0.2607861287872099,0.5344586243933493,0.20294651971114325
0.020265486725663716,0.7287610619469026,0.9745552803422652,0.24318584070796462,0.0,0.0,2015-12-27T01:38:04Z,ls7,qucy0x3r2str,0.24509454156261148,0.7344809133071708,0.020424545130217624
0.17648277414996622,0.42836523305561813,0.0,0.34687908128799816,0.004278315694663364,0.029497860842152668,2016-01-04T01:36:50Z,ls8,qucy0x3r2str,0.35216275364399924,0.43489010486905794,0.17917096495012683
0.10514720812182743,0.49479526226734344,0.33460932222472417,0.3489847715736041,0.012521150592216581,0.027411167512690356,2016-01-12T01:38:20Z,ls7,qucy0x3r2str,0.3530818653370499,0.5006041764330736,0.10638164012496948
0.12735955056179774,0.5840168539325843,0.8396757487052465,0.2785674157303371,0.0,0.0,2016-01-20T01:36:50Z,ls8,qucy0x3r2str,0.2813971965268714,0.5899494920833097,0.12865331138981895
0.06447987616099071,0.597907120743034,0.27268633190722813,0.32356346749226,0.00030959752321981426,0.005263157894736842,2016-01-28T01:38:31Z,ls7,qucy0x3r2str,0.32634532772674263,0.6030476703112538,0.06503424654404676
0.14250806823420933,0.33565698478561545,0.023192974555280355,0.422139234670355,0.006224066390041493,0.07883817427385892,2016-02-05T01:36:46Z,ls8,qucy0x3r2str,0.42900065097775436,0.341112725735397,0.14482438262294825
,,1.0,,,,2016-02-13T01:38:37Z,ls7,qucy0x3r2str,,,
,,1.0,,,,2016-02-21T01:36:38Z,ls8,qucy0x3r2str,,,
0.12445620355775727,0.36393830218419276,0.0,0.41999324476469263,0.005629362756136005,0.07138031974780455,2016-03-08T01:36:37Z,ls8,qucy0x3r2str,0.4267447443180038,0.36978870410198084,0.12645686907607478
0.07590625779107456,0.45206930939915235,0.09682503940553933,0.40034405385190724,0.005235602094240838,0.055347793567688854,2016-03-16T01:38:51Z,ls7,qucy0x3r2str,0.40512970221861394,0.45747327314320874,0.07681362897624781
0.09404863769421302,0.4079058770547174,0.0,0.40223823463183966,0.005404188245890566,0.07633415897320424,2016-03-24T01:36:29Z,ls8,qucy0x3r2str,0.4084969121878716,0.4142527410221185,0.09551199957091502
0.10905255179383527,0.4711647296614452,0.10875928844854765,0.3530722587165235,0.005053057099545225,0.050530570995452245,2016-04-01T01:38:55Z,ls7,qucy0x3r2str,0.3572816443822794,0.4767820332311346,0.1103526942915885
0.13145913082639044,0.4795609097050214,0.0,0.3068408016212565,0.00923215492006305,0.0598964197252871,2016-04-09T01:36:22Z,ls8,qucy0x3r2str,0.3111902384813072,0.4863586363642194,0.13332255050912314
0.1357345360824742,0.5277912371134021,0.126322900247692,0.2730489690721649,0.014175257731958763,0.03788659793814433,2016-04-17T01:39:02Z,ls7,qucy0x3r2str,0.27636185492965504,0.5341948947836059,0.13738139461663612
0.18187345192524207,0.5097928394505742,0.0,0.2617428507092997,0.005179013735645125,0.027921639270434586,2016-04-25T01:36:15Z,ls8,qucy0x3r2str,0.26544636532188337,0.5170061223546891,0.1844468593173479
0.21553307818480041,0.47837069436850743,0.5881558207610899,0.19840896664844176,0.019682886823400764,0.07599781301257517,2016-05-03T01:39:07Z,ls7,qucy0x3r2str,0.20107866892755244,0.48480743638974,0.21843319484673163
0.19711326277865343,0.5589281693312317,0.0,0.22203782931772126,0.0,0.00923215492006305,2016-05-11T01:36:17Z,ls8,qucy0x3r2str,0.22491831731331338,0.5661791224102816,0.19967040535634206
0.17459130826390454,0.5662891240711552,0.0,0.23067327178563388,0.007881107858590407,0.007205584327854087,2016-05-27T01:36:23Z,ls8,qucy0x3r2str,0.23384520503082795,0.5740760310028884,0.17699207177983908
0.16384843982169392,0.6273476968796435,0.09074532762891241,0.19055473006438833,0.0009905894006934125,0.005200594353640416,2016-06-04T01:39:16Z,ls7,qucy0x3r2str,0.1928951398221608,0.6350528358221252,0.1658608406013802
0.20927944156721462,0.5727223598288674,0.0,0.19327403737896867,0.005404188245890566,0.006079711776626886,2016-06-12T01:36:26Z,ls8,qucy0x3r2str,0.1958979091461194,0.580497589501461,0.21212060132990213
0.19900049603174605,0.6241641865079365,0.09209637469038501,0.15621279761904766,0.005952380952380952,0.003720238095238095,2016-06-20T01:39:18Z,ls7,qucy0x3r2str,0.1579593301576047,0.6311426356347267,0.20122541516004963
0.22207385723936052,0.600168880882684,0.0,0.15600090069804098,0.005179013735645125,0.003827966674172484,2016-06-28T01:36:34Z,ls8,qucy0x3r2str,0.1580340495012127,0.6079908398355329,0.2249681302534368
0.19970536828963797,0.6570636704119851,0.09817608646701192,0.1237752808988764,0.00599250936329588,0.0027465667915106116,2016-07-06T01:39:18Z,ls7,qucy0x3r2str,0.12512805065558616,0.6642448769914492,0.2018879961981581
0.2036095473992344,0.6387390227426256,0.0,0.13627336185543798,0.005179013735645125,0.0036027921639270434,2016-07-14T01:36:41Z,ls8,qucy0x3r2str,0.13802739467187244,0.6469605063236673,0.20623029310488802
0.22940242057488655,0.6396848209783157,0.10695789236658415,0.11126575895108422,0.006303580433686334,0.002017145738779627,2016-07-22T01:39:20Z,ls7,qucy0x3r2str,0.11255124121793127,0.6470752661744912,0.2320527664351116
0.25960819635217297,0.6023598288673722,0.0,0.1166966899346994,0.0047286647151542445,0.003152443143436163,2016-07-30T01:36:45Z,ls8,qucy0x3r2str,0.11830097574973496,0.6106407606533545,0.26317715573832023
0.21365829145728643,0.6795326633165829,0.10380544922314794,0.08773115577889447,0.005025125628140704,0.003015075376884422,2016-08-07T01:39:22Z,ls7,qucy0x3r2str,0.08871833830209894,0.6871790092836116,0.21606245140926442
0.17049313217743753,0.6934969601441117,0.0,0.11559333483449677,0.005404188245890566,0.003152443143436163,2016-08-15T01:36:48Z,ls8,qucy0x3r2str,0.11699283807809735,0.7018932162650933,0.17255731426748255
0.2165713581464136,0.6688464382548682,0.086467011934249,0.09606605866403747,0.003697313285679073,0.0032043381809218636,2016-08-23T01:39:24Z,ls7,qucy0x3r2str,0.0972028665749362,0.6767613036376946,0.21913417832076812
0.17332581227436825,0.6940997292418772,0.0020265705922090094,0.10921028880866426,0.008122743682310469,0.0029332129963898917,2016-08-31T01:36:55Z,ls8,qucy0x3r2str,0.11058662935886414,0.7028472347531213,0.17551017920931417
0.1972863568215892,0.6934357821089455,0.09885160999774822,0.08685407296351826,0.0074962518740629685,0.0037481259370314842,2016-09-08T01:39:27Z,ls7,qucy0x3r2str,0.08784732270264291,0.7013658064149871,0.19954249307127556
0.22765818509344743,0.6490722810177887,0.0,0.09948885386174286,0.007430758838099527,0.003152443143436163,2016-09-16T01:36:59Z,ls8,qucy0x3r2str,0.10083384052380483,0.65784706861255,0.23073588888210936
0.1858976857490865,0.7083629719853837,0.07565863544246787,0.08192448233861145,0.008526187576126675,0.00389768574908648,2016-09-24T01:39:29Z,ls7,qucy0x3r2str,0.08288044923706361,0.7166287740261988,0.1880669034115243
,,1.0,,,,2016-10-02T01:37:00Z,ls8,qucy0x3r2str,,,
0.3766691248770895,0.5529105211406096,0.08399009232154919,0.04346116027531957,0.011307767944936086,0.002704031465093412,2016-10-10T01:39:30Z,ls7,qucy0x3r2str,0.044039459535790804,0.5602676129314598,0.38168112812272
0.3760481873451925,0.534890790362531,0.0,0.05935600090069804,0.009006980409817608,0.005179013735645125,2016-10-18T01:37:05Z,ls8,qucy0x3r2str,0.06030534869235568,0.5434459049744169,0.38206275218776464
0.3095451192525203,0.585402016228178,0.08421526683179459,0.07861814605360216,0.009343496434718466,0.0034423407917383822,2016-10-26T01:39:27Z,ls7,qucy0x3r2str,0.07972033176121487,0.5936090494372089,0.3138847815751193
0.3184733168205359,0.5611438865120468,0.0,0.09415221796892594,0.0069804098176086465,0.004278315694663364,2016-11-03T01:37:05Z,ls8,qucy0x3r2str,0.09559982266234875,0.5697715592458793,0.32336989257949994
0.32968918257464513,0.5594762604013706,0.07993695113713128,0.08830151737640725,0.003671071953010279,0.004894762604013705,2016-11-11T01:39:19Z,ls7,qucy0x3r2str,0.08956327399123815,0.5674707195383876,0.3344001719133504
0.3258950686782256,0.5421594235532537,0.0,0.10603017338437289,0.006304886286872326,0.004278315694663364,2016-11-19T01:37:05Z,ls8,qucy0x3r2str,0.10769909264199543,0.5506930350129792,0.3310246703634896
0.27414089347079035,0.5670790378006872,0.0826390452600766,0.13282277859597447,0.008836524300441826,0.0039273441335297005,2016-12-13T01:39:12Z,ls7,qucy0x3r2str,0.1346218649311433,0.5747601310487909,0.27785413558609434
,,1.0,,,,2016-12-29T01:39:05Z,ls7,qucy0x3r2str,,,
,,1.0,,,,2017-01-06T01:36:57Z,ls8,qucy0x3r2str,,,
0.14801267010793054,0.43331534490849366,0.04030623733393379,0.28063585171281086,0.02017832003754106,0.10652275926794932,2017-01-22T01:36:52Z,ls8,qucy0x3r2str,0.28432628775837976,0.4390135568731748,0.14995907606295508
0.1057554874936192,0.4741755997958142,0.11776626885836528,0.33377488514548237,0.012761613067891782,0.0630423685553854,2017-01-30T01:38:45Z,ls7,qucy0x3r2str,0.33760687703896525,0.4796194996677681,0.1069696416699894
,,1.0,,,,2017-02-23T01:36:39Z,ls8,qucy0x3r2str,,,
0.11062731538651517,0.3511410224746851,0.08826840801621261,0.4559249197332675,0.007409236848604593,0.0632254877747592,2017-03-03T01:38:50Z,ls7,qucy0x3r2str,0.46172376779760843,0.35560713816689005,0.11203436941213771
,,1.0,,,,2017-03-19T01:38:56Z,ls7,qucy0x3r2str,,,
0.08725150602409638,0.3748995983935743,0.10290475118216613,0.45073544176706826,0.006024096385542169,0.0695281124497992,2017-04-04T01:39:00Z,ls7,qucy0x3r2str,0.45644377746900217,0.37964751161238136,0.08835650208327524
0.0945945945945946,0.5635135135135134,0.9916685431209187,0.3302702702702703,0.0,0.0,2017-04-12T01:36:14Z,ls8,qucy0x3r2str,0.3341536778780422,0.5701394585726005,0.09570686354935741
0.07046540880503144,0.4952893081761006,0.28394505741950016,0.3568427672955975,0.006603773584905661,0.06069182389937107,2017-04-20T01:39:07Z,ls7,qucy0x3r2str,0.36075192674454204,0.500715128891738,0.0712373468794432
0.12929936305732484,0.5269381255686988,0.5050664264805225,0.3235987261146497,0.00045495905368516835,0.005914467697907188,2017-04-28T01:36:03Z,ls8,qucy0x3r2str,0.3281544230500329,0.5343564811123465,0.13111966908602832
0.11260815514669319,0.5269045251118847,0.09434811979283941,0.3144132272501244,0.009199403281949278,0.025857782197911485,2017-05-06T01:39:12Z,ls7,qucy0x3r2str,0.3180443911177949,0.5329897546998127,0.11390866870253168
0.18046539667229325,0.52865927176272,0.06620130601215946,0.26906920665541356,0.0009645526886906198,0.006993006993006993,2017-05-14T01:36:10Z,ls8,qucy0x3r2str,0.27287849493053773,0.536143649445672,0.18302029594209257
0.1334487021013597,0.561451174289246,0.0891691060571943,0.27063288009888753,0.007663782447466007,0.01557478368355995,2017-05-22T01:39:15Z,ls7,qucy0x3r2str,0.27378020915477463,0.5679805789708086,0.1350006457433908
0.19393830218419275,0.5450439090294978,0.0,0.23998874127448772,0.004503490204908804,0.0029272686331907227,2017-05-30T01:36:20Z,ls8,qucy0x3r2str,0.24332227857097163,0.5526147816851159,0.19663218090581303
0.1785204460966543,0.5769467162329616,0.09142085115964871,0.22187856257744734,0.0037174721189591076,0.007187112763320942,2017-06-07T01:39:20Z,ls7,qucy0x3r2str,0.22454599571623632,0.5838827932127197,0.18066662618876386
0.19558207610898448,0.5609479846881333,0.0,0.21602341814906553,0.006530060797117767,0.007881107858590407,2017-06-15T01:36:27Z,ls8,qucy0x3r2str,0.2189188284712498,0.5684664963337259,0.19820350653931595
0.17588076545632975,0.6171614327772327,0.08218869623958569,0.18932041216879292,0.002944062806673209,0.0024533856722276743,2017-06-23T01:39:23Z,ls7,qucy0x3r2str,0.1916792872654064,0.6248510776374528,0.17807218661823995
0.19834496734969603,0.5745147489304211,0.0,0.20362530961495157,0.005629362756136005,0.004953839225399685,2017-07-01T01:36:31Z,ls8,qucy0x3r2str,0.20632195731836386,0.5821231541979653,0.2009716865021352
0.17088163064833004,0.6748673870333989,0.08308939428056739,0.14145628683693517,0.0,0.0002455795677799607,2017-07-09T01:39:24Z,ls7,qucy0x3r2str,0.14325444506409687,0.6834461386136388,0.17305383675448432
0.2549390243902439,0.6213414634146341,0.9261427606394956,0.10990853658536584,0.0,0.0,2017-07-17T01:36:35Z,ls8,qucy0x3r2str,0.11144773858472191,0.6300429715274988,0.25850928988777944
0.19341136308217508,0.622016581321629,0.07655933348344968,0.16329919531821507,0.0043891733723482075,0.0053645452328700315,2017-07-25T01:39:24Z,ls7,qucy0x3r2str,0.16522114730010548,0.6293374134843974,0.1956877206102789
0.2074870524656609,0.5906957892366583,0.0,0.1773496960144112,0.004953839225399685,0.006530060797117767,2017-08-02T01:36:43Z,ls8,qucy0x3r2str,0.17971007942665282,0.5985574804260353,0.2102485401247943
0.1778493827160494,0.6481135802469136,0.0880432335059671,0.14795061728395062,0.005925925925925926,0.008641975308641974,2017-08-10T01:39:21Z,ls7,qucy0x3r2str,0.14970043570683303,0.6557788479129468,0.17995281514565215
0.1970434586804774,0.6039022742625535,0.0,0.17086241837424004,0.004953839225399685,0.01035802747129025,2017-08-18T01:36:48Z,ls8,qucy0x3r2str,0.17312696500082295,0.6119061692734015,0.1996549990290856
0.1853366358928169,0.6168543120918711,0.0,0.165530285971628,0.0058545372663814455,0.013735645124971853,2017-09-03T01:36:51Z,ls8,qucy0x3r2str,0.16770068877653332,0.6249423929003076,0.18776673593180573
0.19717222361494108,0.6270017548257708,0.10177887863093893,0.14847831536725994,0.005264477312609677,0.009776886437703684,2017-09-11T01:39:20Z,ls7,qucy0x3r2str,0.15035691577329485,0.6349348038254634,0.1996669166509284
0.19532988065750959,0.6120671020040531,0.0,0.16222472416122496,0.008106282368835848,0.00923215492006305,2017-09-19T01:36:53Z,ls8,qucy0x3r2str,0.1644063863596873,0.6202984222683893,0.19795675408302474
0.1440979125248509,0.7014662027833002,0.09389777077234862,0.12958996023856859,0.005715705765407555,0.00720675944333996,2017-09-27T01:39:20Z,ls7,qucy0x3r2str,0.1311744899535666,0.7100432101404346,0.14585983469725122
0.10123450905624405,0.7441229742612012,0.5275838775050664,0.14328408007626312,0.0,0.0,2017-10-05T01:37:00Z,ls8,qucy0x3r2str,0.14493026126113095,0.7526721531986288,0.10239758554024019
0.13469243860928762,0.6728956965718453,0.07385723936050437,0.16663505956722588,0.008266472161439338,0.005835156819839533,2017-10-13T01:39:22Z,ls7,qucy0x3r2str,0.16863202874611327,0.6809597376574958,0.13630660461511196
0.16006615776081426,0.6104936386768447,0.55753208736771,0.21302798982188295,0.0005089058524173028,0.002544529262086514,2017-10-21T01:37:03Z,ls8,qucy0x3r2str,0.21592126869024383,0.618785170440015,0.16224012575523744
0.21711237553342816,0.5778781412991939,0.05021391578473322,0.18140350877192982,0.00734945471787577,0.003793266951161688,2017-10-29T01:39:23Z,ls7,qucy0x3r2str,0.18371904708535036,0.5852545089655374,0.2198837222800749
0.1451205226402343,0.6526582563640458,0.0004503490204909033,0.1758526695201622,0.007884658706915973,0.006082451002478036,2017-11-06T01:37:02Z,ls8,qucy0x3r2str,0.1780925587963188,0.6609713643391127,0.1469689671551743
0.22323459149546107,0.5941662685140946,0.05741950011258723,0.16259197324414715,0.005255613951266125,0.0019111323459149545,2017-11-14T01:39:21Z,ls7,qucy0x3r2str,0.16472234525021037,0.6019513710633376,0.2261595373892708
0.13920374707259955,0.6688992974238878,0.8077009682503941,0.1792271662763466,0.0,0.0,2017-11-22T01:36:57Z,ls8,qucy0x3r2str,0.1815270760691667,0.6774828624967386,0.14099006143409473
0.06236917221693625,0.5840176022835395,0.05336635892816932,0.32793054234062796,0.0035680304471931495,0.011893434823977164,2017-11-30T01:39:15Z,ls7,qucy0x3r2str,0.33137074551403656,0.5901443241020133,0.06302346511277972
,,1.0,,,,2017-12-08T01:36:53Z,ls8,qucy0x3r2str,,,
0.12675041876046902,0.4897128499641062,0.058995721684305336,0.3685690356544628,0.0,0.002632208662359416,2017-12-16T01:39:06Z,ls7,qucy0x3r2str,0.37318459852732355,0.4958454878962199,0.12833770491409707
0.1456248592659311,0.4768498086016663,0.0,0.3510312992569241,0.002702094122945283,0.009457329430308489,2017-12-24T01:36:56Z,ls8,qucy0x3r2str,0.3562001392072162,0.483871291717864,0.14776914552166606
0.12826623857742653,0.4813139046678192,0.08826840801621261,0.36879476413929363,0.0004939491232403062,0.008891084218325513,2018-01-01T01:38:55Z,ls7,qucy0x3r2str,0.37340860872882253,0.4873354314649781,0.12987092646463352
0.03192535837864558,0.46105783489866536,0.0889439315469489,0.4599826989619378,0.0,0.036826495304003955,2018-01-17T01:38:41Z,ls7,qucy0x3r2str,0.4649097642074516,0.46599641637059386,0.03226732411795052
,,1.0,,,,2018-01-25T01:36:42Z,ls8,qucy0x3r2str,,,
0.08368421052631579,0.16444444444444445,0.9614951587480297,0.1643859649122807,0.011695906432748537,0.5730994152046783,2018-02-02T01:38:25Z,ls7,qucy0x3r2str,0.1654579459706823,0.16551680685505468,0.08422992553683614
0.06985155195681511,0.3832064777327936,0.16572843954064398,0.4002294197031039,0.042105263157894736,0.09176788124156546,2018-02-10T01:36:35Z,ls8,qucy0x3r2str,0.4062516670706801,0.38897258109290245,0.07090260743695721
0.05143861410996736,0.38552598543811195,0.10312992569241164,0.4730504644740146,0.0005021340697966357,0.07833291488827517,2018-03-06T01:38:04Z,ls7,qucy0x3r2str,0.4788464775754388,0.390249611838148,0.052068861628341484
0.09193199729790587,0.3675298356226076,0.0,0.4398198603918036,0.002026570592208962,0.08444044134204008,2018-03-14T01:36:19Z,ls8,qucy0x3r2str,0.44678987047370666,0.37335423531526296,0.09338888227678126
0.09099142280524722,0.4823864783047426,0.10740824138707494,0.40018920282542886,0.003279515640766902,0.010847628657921292,2018-03-22T01:37:51Z,ls7,qucy0x3r2str,0.40524753826985144,0.48848377579275976,0.0921415416387006
0.09092484138604197,0.4907540263543192,0.07723485701418598,0.3329404587603709,0.022693997071742314,0.04978038067349927,2018-03-30T01:36:13Z,ls8,qucy0x3r2str,0.33763861886341906,0.49767911138487586,0.09220789200646339
0.07320570570570571,0.555623123123123,0.10020265705922093,0.3356206206206206,0.01026026026026026,0.015265265265265265,2018-04-07T01:37:37Z,ls7,qucy0x3r2str,0.3391092483787233,0.5613985794904542,0.07396664660529693
0.08690159873902274,0.5595181265480746,0.0,0.3235014636343166,0.005404188245890566,0.012159423553253772,2018-04-15T01:36:04Z,ls8,qucy0x3r2str,0.3276757051405536,0.5667377655601845,0.08802291750011755
0.11864817150063053,0.5746910466582597,0.10718306687682955,0.28301134930643124,0.005296343001261034,0.007566204287515763,2018-04-23T01:37:21Z,ls7,qucy0x3r2str,0.28613810628285374,0.5810403299779214,0.11995901645044804
0.1550078811078586,0.5647174059896419,0.0,0.25756136005404184,0.005404188245890566,0.0047286647151542445,2018-05-01T01:35:55Z,ls8,qucy0x3r2str,0.26087691815626907,0.5719869489463372,0.157003279936349
0.14255229083665338,0.6210059760956176,0.09569916685431212,0.22171065737051793,0.00149402390438247,0.0022410358565737054,2018-05-09T01:37:03Z,ls7,qucy0x3r2str,0.22418504163409236,0.6279366641963195,0.14414323440863167
0.18202657059220895,0.5816122494933572,0.0,0.21861067327178563,0.003152443143436163,0.002026570592208962,2018-05-17T01:35:44Z,ls8,qucy0x3r2str,0.221408600424731,0.5890561161673324,0.18435626967229138
0.16406565656565658,0.6351919191919192,0.10830893942805675,0.1844368686868687,0.002777777777777778,0.0025252525252525255,2018-05-25T01:36:49Z,ls7,qucy0x3r2str,0.18649977685584795,0.6422964781030515,0.16590071473807033
0.17937176311641523,0.6123913532988066,0.0,0.18953388876379196,0.003377617653681603,0.0029272686331907227,2018-06-02T01:35:32Z,ls8,qucy0x3r2str,0.19192853759221418,0.6201285566363083,0.1816380194846052
0.15175610985134794,0.6789241622574956,0.10628236883584774,0.14993197278911566,0.003779289493575208,0.004787100025195263,2018-06-10T01:36:33Z,ls7,qucy0x3r2str,0.1515865194242546,0.6864163046423467,0.15343078641462832
0.19204233280792612,0.6148322449898672,0.0,0.17093672596262102,0.0047286647151542445,0.004953839225399685,2018-06-18T01:35:40Z,ls8,qucy0x3r2str,0.17312300419200344,0.6226959404267249,0.19449855144071773
0.18068659741575882,0.6574436280719534,0.11123620806124745,0.14088168229034712,0.005067139599695972,0.004813782619711173,2018-06-26T01:36:15Z,ls7,qucy0x3r2str,0.14248002525534048,0.6649025140017996,0.18273653852345279
0.185976131501914,0.6279711776626886,0.0,0.16056068453051117,0.004278315694663364,0.008781805899572169,2018-07-04T01:35:50Z,ls8,qucy0x3r2str,0.16260897139122518,0.6359822615458616,0.1883486454686778
0.17681634712411706,0.6733728557013118,0.10740824138707494,0.1250782038345106,0.005549949545913219,0.007820383451059535,2018-07-12T01:35:55Z,ls7,qucy0x3r2str,0.12653541557511483,0.6812179222360889,0.17887632919182345
0.19822112136906103,0.6258207610898446,0.0,0.14485476244089168,0.008556631389326727,0.01013285296104481,2018-07-20T01:35:57Z,ls8,qucy0x3r2str,0.1467106965159082,0.6338390136884319,0.20076080544528838
0.15690863579474343,0.6907784730913642,0.10042783156946633,0.1198322903629537,0.010012515644555695,0.011264080100125156,2018-07-28T01:35:39Z,ls7,qucy0x3r2str,0.12121996443148393,0.6987777808848179,0.1587256589390172
0.18346318396757486,0.6350213915784734,0.0,0.14798919162350824,0.007430758838099527,0.013735645124971853,2018-08-05T01:36:05Z,ls8,qucy0x3r2str,0.14988176351197668,0.6431424146146356,0.18580941791031633
0.1677180877279448,0.6942212912764909,0.0862418374240036,0.10613602759980287,0.009117792015771316,0.011335633316904879,2018-08-13T01:35:21Z,ls7,qucy0x3r2str,0.10739368191251418,0.70244743673053,0.16970545602427942
0.16814231029047513,0.6656181040306238,0.0,0.13190047286647152,0.006304886286872326,0.015762215717180814,2018-08-21T01:36:13Z,ls8,qucy0x3r2str,0.13357671765397824,0.6740770492724727,0.17027913106949594
0.10532677264698462,0.7658768609639163,0.10763341589732045,0.08925056775170327,0.01690638405248549,0.012112036336109008,2018-08-29T01:35:02Z,ls7,qucy0x3r2str,0.09022882833332128,0.7742715094499484,0.10648124182813581
0.1663319072281018,0.657874352623283,0.0,0.13921639270434588,0.008556631389326727,0.015987390227426256,2018-09-06T01:36:20Z,ls8,qucy0x3r2str,0.14095523101118754,0.6660913240819487,0.16840942329011094
0.13676846057571967,0.7130162703379224,0.10042783156946633,0.11424280350438049,0.014518147684605758,0.009762202753441803,2018-09-14T01:34:41Z,ls7,qucy0x3r2str,0.11562838634848976,0.7216640195303967,0.13842724368306603
0.154172483674848,0.67481648277415,0.0,0.14077460031524433,0.007205584327854087,0.01103355100202657,2018-09-22T01:36:24Z,ls8,qucy0x3r2str,0.1425161741126577,0.6831648829957122,0.15607980756174938
0.10107704004054739,0.7820299036999493,0.11146138257149296,0.09568677141409022,0.005828687278256462,0.004308160162189559,2018-09-30T01:34:19Z,ls7,qucy0x3r2str,0.09676891845922565,0.7908740870388786,0.10222014706144962
0.1102566989416798,0.7262756136005404,0.0,0.1385971628011709,0.0058545372663814455,0.007205584327854087,2018-10-08T01:36:32Z,ls8,qucy0x3r2str,0.1402757997384933,0.7350719918742813,0.11159208679298996
0.16985564957690394,0.6760975609756098,0.09524881783382122,0.13329268292682928,0.004977600796416127,0.003982080637132902,2018-10-16T01:33:55Z,ls7,qucy0x3r2str,0.13489811275186975,0.6842407475721554,0.1719014582424259
0.21168880882684077,0.6137108759288448,0.0,0.15285971628011713,0.006079711776626886,0.002702094122945283,2018-10-24T01:36:38Z,ls8,qucy0x3r2str,0.15488461624948513,0.6218405726475791,0.21449300520336365
0.11277535780958309,0.7579869321717485,0.27628912407115513,0.09825762289981332,0.008711885500933417,0.011512134411947728,2018-11-01T01:33:35Z,ls7,qucy0x3r2str,0.0993482770559981,0.7664005450142839,0.11402715801683684
0.0518051575931232,0.8426647564469915,0.9214140959243413,0.09309455587392551,0.0,0.0028653295128939827,2018-11-09T01:36:41Z,ls8,qucy0x3r2str,0.09399670818814507,0.8508307759634219,0.052307186335539005
0.16253266331658295,0.6760251256281407,0.10380544922314794,0.1430628140703518,0.0005025125628140704,0.005778894472361809,2018-11-17T01:33:13Z,ls7,qucy0x3r2str,0.14482599271746838,0.684356801991194,0.16453579825616177
0.12943481197928397,0.6614433686106732,0.0,0.1881670794866021,0.004953839225399685,0.003827966674172484,2018-11-25T01:36:41Z,ls8,qucy0x3r2str,0.1905066500227746,0.6696674076974806,0.13104413638017268
0.11300542406311638,0.6979585798816568,0.0866921864444945,0.17178747534516764,0.002465483234714004,0.004191321499013806,2018-12-03T01:32:48Z,ls7,qucy0x3r2str,0.17363893442255482,0.7054809079545603,0.11422335288915714
0.14886962395856793,0.6226683179464084,0.0,0.20920288223373115,0.0013510470614726414,0.004953839225399685,2018-12-11T01:36:37Z,ls8,qucy0x3r2str,0.21196617570490797,0.6308929431490746,0.15083599485914498
0.15486459124272337,0.6539812705644141,0.11033551002026576,0.1739534295115161,0.0007593014426727411,0.005062009617818274,2018-12-19T01:32:22Z,ls7,qucy0x3r2str,0.1759675592116577,0.6615534299870767,0.1566576997407746
0.14151125401929263,0.5840514469453376,0.9299707273136681,0.25234726688102893,0.0,0.00964630225080386,2018-12-27T01:36:37Z,ls8,qucy0x3r2str,0.25555834083897316,0.5914833974259822,0.14331195948424072
0.09163476694438191,0.6237446521053817,0.0,0.26684755685656386,0.0018013960819635217,0.0036027921639270434,2019-01-12T01:36:36Z,ls8,qucy0x3r2str,0.27020787347187064,0.6315992472265395,0.09278869105569945
0.08288247213779129,0.5611626139817628,0.11101103355100206,0.3369528875379939,0.002786220871327254,0.005825734549138805,2019-01-20T01:31:22Z,ls7,qucy0x3r2str,0.34052166595843725,0.5671060710679167,0.08376030755318002
0.09731837606837607,0.5225747863247863,0.5784733168205359,0.3705181623931624,0.0,0.0,2019-02-05T01:30:52Z,ls7,qucy0x3r2str,0.3741053369650226,0.5276340983252878,0.09826056470968961
0.1256617126680821,0.3837673979712196,0.0454852510695789,0.44548714319414956,0.00377447511205473,0.026185421089879687,2019-02-13T01:36:30Z,ls8,qucy0x3r2str,0.452542715541762,0.3898454603404873,0.12765192791581628
0.0775367738718524,0.40844427823485413,0.09682503940553933,0.43922712540513587,0.009972575417601595,0.05385190725504862,2019-02-21T01:30:24Z,ls7,qucy0x3r2str,0.4444336867581293,0.4132859423100119,0.07845588825920861
0.11947892938496583,0.35171412300683375,0.20918712001801398,0.4604441913439635,0.0008542141230068337,0.05239179954441914,2019-03-01T01:36:26Z,ls8,qucy0x3r2str,0.4679153571518405,0.3574210351133504,0.12141759406738309
0.12844083291010666,0.4028186896901981,0.11326277865345646,0.43100812595226,0.0,0.025393600812595226,2019-03-09T01:29:54Z,ls7,qucy0x3r2str,0.43653476066320984,0.4079838631953207,0.13008777532887425
0.10212009481169344,0.43099025546484065,0.14501238459806354,0.4370977087174085,0.0002633658151171978,0.015011851461680274,2019-03-17T01:36:20Z,ls8,qucy0x3r2str,0.4436377767175886,0.437438940786084,0.10364806521952988
0.23089932550587058,0.41588808393704724,0.09862643548750283,0.3421833624781414,0.0,0.0,2019-03-25T01:29:22Z,ls7,qucy0x3r2str,0.3459994695429228,0.42052616290084244,0.23347436755623474
0.18015987390227428,0.4616482774149967,0.0,0.3315289349245666,0.0,0.012159423553253772,2019-04-02T01:36:17Z,ls8,qucy0x3r2str,0.3364689775144239,0.46852720082626165,0.18284439810606076
,,1.0,,,,2019-04-10T01:28:49Z,ls7,qucy0x3r2str,,,
0.17814005854537265,0.5469083539743301,0.0,0.2552623283044359,0.0009006980409817609,0.005404188245890566,2019-04-18T01:36:11Z,ls8,qucy0x3r2str,0.25874747443643265,0.5543753999229869,0.1805722393537081
,,1.0,,,,2019-04-26T01:28:13Z,ls7,qucy0x3r2str,,,
0.18464662689307024,0.5884121156493803,0.018689484350371544,0.20093391463974303,0.002065167508031207,0.011243689765947683,2019-05-04T01:36:11Z,ls8,qucy0x3r2str,0.20355360216151472,0.5960835726047166,0.18705396795978999
0.23158906882591093,0.5637246963562753,0.11011033551002025,0.18948380566801618,0.0,0.003289473684210526,2019-05-12T01:27:37Z,ls7,qucy0x3r2str,0.19177596418382592,0.5705439934395796,0.23439056869238403
0.19011483900022516,0.6163116415221797,0.0,0.17812654807475792,0.001125872551227201,0.0018013960819635217,2019-05-20T01:36:22Z,ls8,qucy0x3r2str,0.18039162813901474,0.6241487395161036,0.19253236371169086
0.24442882698696652,0.5990851009455661,0.11889214140959248,0.1420981344237158,0.001277791975466394,0.001277791975466394,2019-05-28T01:27:00Z,ls7,qucy0x3r2str,0.14380403418875276,0.6062771667463231,0.2473632151139913
0.2653704120693538,0.5665841026795766,0.0,0.1521369061022292,0.002251745102454402,0.00022517451024544022,2019-06-05T01:36:30Z,ls8,qucy0x3r2str,0.15421339115468452,0.5743172914916482,0.26899239774096756
0.2290381717729784,0.627101958814666,0.10335510020265704,0.12889502762430938,0.0022601707684580612,0.0010045203415369162,2019-06-13T01:26:26Z,ls7,qucy0x3r2str,0.130426030078672,0.6345506141722588,0.23175866463907427
0.26368160324251294,0.5780117090745327,0.0,0.14122269759063272,0.003152443143436163,0.00045034902049088043,2019-06-21T01:36:36Z,ls8,qucy0x3r2str,0.14315963942392318,0.5859394365470919,0.26729813186505785
0.25185942173479564,0.6303688933200399,0.09659986489529382,0.10388833499501496,0.0007477567298105683,0.0002492522432701894,2019-06-29T01:25:51Z,ls7,qucy0x3r2str,0.10524592337790865,0.6386064060932487,0.25515066155576194
0.26934023868498086,0.5834406665165505,0.0,0.12981986039180365,0.003152443143436163,0.0006755235307363207,2019-07-07T01:36:40Z,ls8,qucy0x3r2str,0.13161287760089174,0.5914989031560658,0.27306025256887
0.27604309252217996,0.59706463878327,0.11168655708173836,0.11108998732572876,0.002788339670468948,0.0005069708491761723,2019-07-15T01:25:13Z,ls7,qucy0x3r2str,0.11250169475688458,0.6046520065356785,0.2795509881877918
0.2535510020265706,0.6007115514523756,0.0,0.12781130376041436,0.004053141184417924,0.0006755235307363207,2019-07-23T01:36:44Z,ls8,qucy0x3r2str,0.1295288801554164,0.6087841393270265,0.2569583158024029
0.26054019781891957,0.6246107025107787,0.11213690610222926,0.09849353284301293,0.00380420999239158,0.000253613999492772,2019-07-31T01:24:35Z,ls7,qucy0x3r2str,0.09972492103269343,0.6324197252965257,0.2637975296788966
0.24919162350821888,0.6215559558657959,0.0,0.11203557757261878,0.003827966674172484,0.0,2019-08-08T01:36:50Z,ls8,qucy0x3r2str,0.11356188628842112,0.6300236791850415,0.2525864678523648
0.24520759493670885,0.6617974683544303,0.11056068453051116,0.07606075949367089,0.004556962025316456,0.0005063291139240507,2019-08-16T01:23:55Z,ls7,qucy0x3r2str,0.07697922150290017,0.6697889193540516,0.24816856800380777
0.24620580950236434,0.620965998648953,0.0,0.11418374240036029,0.004953839225399685,0.00045034902049088043,2019-08-24T01:36:55Z,ls8,qucy0x3r2str,0.11572428759175607,0.6293439530155626,0.2495275711467907
0.24886380550731826,0.6537013148102208,0.09232154920063051,0.08137186802282313,0.0034730836020838503,0.00024807740014884643,2019-09-01T01:23:15Z,ls7,qucy0x3r2str,0.08239254257287304,0.6619009089890568,0.2519853874358374
0.21572618779554154,0.6560234181490655,0.0,0.11067552353073633,0.004503490204908804,0.0,2019-09-09T01:36:59Z,ls8,qucy0x3r2str,0.11214808547642886,0.6647519526093627,0.2185964717092997
0.21591165896250641,0.7101027221366205,0.12317045710425578,0.061219825372367746,0.0,0.0,2019-09-17T01:22:32Z,ls7,qucy0x3r2str,0.062011450749032984,0.7192849654942786,0.21870358375668847
0.2384733168205359,0.6259130826390452,0.0,0.11824138707498313,0.0036027921639270434,0.00045034902049088043,2019-09-25T01:37:04Z,ls8,qucy0x3r2str,0.11984409524448604,0.6343970495118982,0.2417057140591978
0.2395031847133758,0.6513019108280255,0.11619004728664717,0.09163566878980893,0.005095541401273885,0.0,2019-10-03T01:21:51Z,ls7,qucy0x3r2str,0.09279820092534488,0.6595646256777452,0.24254163199563614
0.2557442017563612,0.6154222022067102,0.0,0.11101778878630938,0.0036027921639270434,0.0006755235307363207,2019-10-11T01:37:08Z,ls8,qucy0x3r2str,0.11254795226211177,0.6239045957610186,0.2592691362822061
0.19885606060606062,0.7006287878787878,0.10830893942805675,0.07991919191919192,0.00101010101010101,0.0073232323232323236,2019-10-19T01:21:11Z,ls7,qucy0x3r2str,0.08091981999635593,0.7094010091686348,0.20134583750167598
0.23316820535915334,0.6382931772123396,0.0,0.11393379869398784,0.0009006980409817609,0.00045034902049088043,2019-10-27T01:37:08Z,ls8,qucy0x3r2str,0.11546623216072523,0.6468783541972437,0.23630436658055848
0.2644952044422009,0.6140282685512367,0.10785859040756585,0.1081145885916204,0.0002523977788995457,0.0,2019-11-04T01:20:29Z,ls7,qucy0x3r2str,0.10955111597453313,0.6221869123859569,0.2680095738606104
0.25788786309389783,0.620594460707048,0.0,0.10777077234857015,0.0,0.0,2019-11-12T01:37:06Z,ls8,qucy0x3r2str,0.10927293690567244,0.6292446260802065,0.2614824370141212
0.23334766118836914,0.6678659924146649,0.10943481197928395,0.08577243994943111,0.0,0.0,2019-11-20T01:19:45Z,ls7,qucy0x3r2str,0.08690339257031458,0.6766721403447649,0.23642446708492057
0.21025124437070394,0.6762123726001422,0.049988741274487714,0.10069447736430434,0.0,0.0,2019-11-28T01:37:04Z,ls8,qucy0x3r2str,0.1020044083537824,0.6850091960757008,0.21298639557051682
0.23681772151898736,0.6817189873417722,0.11056068453051116,0.06949113924050633,0.0,0.0,2019-12-06T01:18:58Z,ls7,qucy0x3r2str,0.07033317873990125,0.6899795270465907,0.23968729421350807
,,1.0,,,,2019-12-14T01:37:03Z,ls8,qucy0x3r2str,,,
0.20521617293835062,0.7177622097678141,0.4375140734068903,0.06412730184147318,0.0,0.0,2019-12-22T01:18:10Z,ls7,qucy0x3r2str,0.0649649807972293,0.7271381585617591,0.2078968606410116
,,1.0,,,,2019-12-30T01:36:59Z,ls8,qucy0x3r2str,,,
0.2309322224724161,0.6818959693762666,0.0,0.0736883584778203,0.0,0.0,2020-01-15T01:36:55Z,ls8,qucy0x3r2str,0.07469551164998904,0.6912159447812432,0.2340885435687678
0.23457812898292124,0.6797629365281672,0.11664039630713807,0.07245220494519501,0.0,0.0,2020-01-23T01:16:32Z,ls7,qucy0x3r2str,0.07342186769442989,0.6888605312578303,0.23771760104773987
0.2808468158347676,0.6279655765920826,0.3458680477369962,0.07718072289156627,0.0,0.0,2020-01-31T01:36:50Z,ls8,qucy0x3r2str,0.07827714178982025,0.6368863705395017,0.2848364876706781
0.14252455534908415,0.7342739580568092,0.15176761990542675,0.10925139368197505,0.002123705866737457,0.0002654632333421821,2020-02-08T01:15:44Z,ls7,qucy0x3r2str,0.11053230961699907,0.7428829394331566,0.1441955818497646
0.1751629367883785,0.6306046329014527,0.4264805224048638,0.18032587357675697,0.0,0.00039261876717707107,2020-02-16T01:36:46Z,ls8,qucy0x3r2str,0.18279715323677653,0.6392467671215325,0.1775634608745139
0.16492815729770607,0.551913284597933,0.10673271785633864,0.261565414671036,0.0025207965717166624,0.007058230400806655,2020-02-24T01:14:54Z,ls7,qucy0x3r2str,0.2647772455498618,0.5586903737331125,0.16695335374450246
0.1557330969865789,0.40542415801468723,0.11078585904075655,0.30581666244618894,0.11800455811597872,0.004051658647758926,2020-03-11T01:14:02Z,ls7,qucy0x3r2str,0.3096861764828889,0.4105540108412353,0.1577035959121381
,,1.0,,,,2020-03-19T01:36:34Z,ls8,qucy0x3r2str,,,
0.17838422391857506,0.42070737913486006,0.11506417473541997,0.2864376590330789,0.044783715012722644,0.05826972010178117,2020-03-27T01:13:09Z,ls7,qucy0x3r2str,0.2901307560612974,0.42613164205083764,0.18068416677336105
0.23335735194775956,0.42359153343841477,0.0,0.22963972078360728,0.05133978833596037,0.048862868723260525,2020-04-04T01:36:25Z,ls8,qucy0x3r2str,0.23306098133544345,0.42990236241216295,0.23683399919317286
0.15910604508196724,0.4818340163934426,0.12091871200180138,0.25798411885245903,0.021260245901639344,0.06864754098360656,2020-04-12T01:12:14Z,ls7,qucy0x3r2str,0.2611892557938072,0.48782021435171297,0.16108274296923392
0.23562485926593107,0.4341004278315695,0.0,0.23263454176987167,0.01103355100202657,0.07295654131952263,2020-04-20T01:36:19Z,ls8,qucy0x3r2str,0.23615362554083666,0.44066710429727773,0.23918917784033647
0.23412229299363058,0.4843515923566879,0.11619004728664717,0.1987388535031847,0.0045859872611464965,0.06624203821656051,2020-04-28T01:11:18Z,ls7,qucy0x3r2str,0.2013301441437406,0.49066689369756084,0.23717493668099165
0.2953051114613826,0.43159198378743524,0.0,0.1850078811078586,0.004053141184417924,0.06980409817608647,2020-05-06T01:36:10Z,ls8,qucy0x3r2str,0.18789645214336181,0.4383305297134704,0.29991577878266334
0.2733019827147941,0.48341637010676164,0.11416347669443816,0.18572445348246058,0.007625826131164209,0.037366548042704624,2020-05-14T01:10:19Z,ls7,qucy0x3r2str,0.1882005657974372,0.48986136539326386,0.27694569463543
0.19679735234215887,0.5953054989816701,0.11551452375591087,0.14666496945010185,0.008146639511201629,0.0420061099796334,2020-05-30T01:09:21Z,ls7,qucy0x3r2str,0.1483959237794727,0.6023313527668247,0.1991199739628675
0.32666066201306015,0.45918036478270663,0.0,0.14011709074532763,0.005404188245890566,0.05359153343841477,2020-06-07T01:36:19Z,ls8,qucy0x3r2str,0.14239389380443562,0.46664171909472124,0.33196866541653774
0.3012653163290822,0.5024181045261314,0.09952713352848452,0.1504351087771943,0.005501375343835959,0.02725681420355089,2020-06-15T01:08:25Z,ls7,qucy0x3r2str,0.1525042460136987,0.5093285393097341,0.30540902512918033
0.33002927268633186,0.47514523755910837,0.0,0.13258500337761767,0.005179013735645125,0.04188245890565188,2020-06-23T01:36:28Z,ls8,qucy0x3r2str,0.13473108620394275,0.48283616042639166,0.3353712807283685
0.3210375939849624,0.511155388471178,0.10155370412069353,0.13465413533834586,0.003258145363408521,0.016791979949874688,2020-07-01T01:07:28Z,ls7,qucy0x3r2str,0.1364789744131073,0.5180825899552861,0.3253883103183235
0.33684305336635895,0.48795091195676654,0.0,0.13032199954965099,0.003377617653681603,0.026120243188471066,2020-07-09T01:36:35Z,ls8,qucy0x3r2str,0.13242138545879234,0.49581142109915755,0.3422693325998974
0.31805269761606025,0.5191041405269762,0.10267957667192074,0.12707904642409032,0.0012547051442910915,0.021580928481806774,2020-07-17T01:06:30Z,ls7,qucy0x3r2str,0.12878292320985604,0.5260642926474687,0.3223171505165775
0.35081738347219094,0.481877955415447,0.0,0.12931997297905878,0.0009006980409817609,0.021616752983562262,2020-07-25T01:36:40Z,ls8,qucy0x3r2str,0.13139917344530108,0.48962556660412176,0.35645780892603324
0.339177873636133,0.5173915249936564,0.11258725512272005,0.1169525501141842,0.0,0.013702106064450647,2020-08-02T01:05:31Z,ls7,qucy0x3r2str,0.11848736848392061,0.524181475414839,0.3436290500367896
0.31704796217068226,0.5183359603692863,0.0,0.1299459581175411,0.00045034902049088043,0.01913983337086242,2020-08-10T01:36:43Z,ls8,qucy0x3r2str,0.13197591377801737,0.5264331650228414,0.32200073880778773
0.30618093035209454,0.5612259059367772,0.12384598063499208,0.11236700077101003,0.0,0.007710100231303007,2020-08-18T01:04:30Z,ls7,qucy0x3r2str,0.1138024263507252,0.5683952529501604,0.31009222046781126
0.3239157847331682,0.520956991668543,0.0,0.13090745327628914,0.00022517451024544022,0.008781805899572169,2020-08-26T01:36:51Z,ls8,qucy0x3r2str,0.13294835093342672,0.5290789119806109,0.3289657566761449
0.3250951052498098,0.5307963479584074,0.11213690610222926,0.12160537661678925,0.0,0.009383717981232564,2020-09-03T01:03:27Z,ls7,qucy0x3r2str,0.12323750050338424,0.5379204194634882,0.3294583620518949
0.33380319747804543,0.5142895744201756,0.0,0.12862868723260526,0.00045034902049088043,0.007655933348344968,2020-09-11T01:36:58Z,ls8,qucy0x3r2str,0.13062678779137551,0.5222784788249948,0.3389884510147939
0.2978149961350168,0.5762045864467921,0.1260977257374465,0.10744911105385212,0.0,0.0059263076526668386,2020-09-19T01:02:24Z,ls7,qucy0x3r2str,0.10882907957978342,0.5836047797661702,0.30163983300137953
0.32679801846430984,0.527457779779329,0.0,0.12518351722585006,0.00045034902049088043,0.004953839225399685,2020-09-27T01:37:03Z,ls8,qucy0x3r2str,0.12712069034496243,0.5356200127561495,0.3318551086529974
0.30621401273885346,0.5387337579617834,0.11619004728664717,0.13862929936305732,0.0005095541401273885,0.0025477707006369425,2020-10-05T01:01:22Z,ls7,qucy0x3r2str,0.1405131013815796,0.5460544884664992,0.3103750853111569
0.3226367935149741,0.5263611799144338,0.0,0.13122945282594012,0.0009006980409817609,0.003827966674172484,2020-10-13T01:37:05Z,ls8,qucy0x3r2str,0.13324347926248456,0.534439437566887,0.3275884184554741
0.32355836124710124,0.5393223396031951,0.1260977257374465,0.12135016748260759,0.001030662200463798,0.0012883277505797476,2020-10-21T01:00:20Z,ls7,qucy0x3r2str,0.12300849481456007,0.5466925228921857,0.3279799923422106
0.24834257975034674,0.6017984281091078,0.025895068678225663,0.1340268146093389,0.0004623208506703652,0.001155802126675913,2020-10-29T01:37:04Z,ls8,qucy0x3r2str,0.13596252558367092,0.6104900307934067,0.2519293206455763
0.2517054683270168,0.6535896047644829,0.584102679576672,0.08154845695722794,0.0,0.0,2020-11-06T00:59:16Z,ls7,qucy0x3r2str,0.0826356504087343,0.6623031766061338,0.255061172985132
0.32570689655172413,0.4899655172413794,0.0857914884035127,0.16105665024630544,0.003940886699507389,0.0041871921182266006,2020-11-30T01:37:06Z,ls8,qucy0x3r2str,0.16355361479500088,0.49756176691355347,0.33075653947371164
0.27875928844854764,0.4705832019815357,0.0,0.22443368610673273,0.0069804098176086465,0.004278315694663364,2020-12-16T01:37:05Z,ls8,qucy0x3r2str,0.22788280734937436,0.47781517569520066,0.28304329144315293
0.19863544246791262,0.3991713578022968,0.0,0.2676694438189597,0.05786984913307813,0.06349921188921415,2021-01-01T01:37:02Z,ls8,qucy0x3r2str,0.27173785111317594,0.40523851152950163,0.20165457633503012
0.2174803747784249,0.3621195239301089,0.11078585904075655,0.3068118511015447,0.013674347936186377,0.08837680425424158,2021-01-09T00:54:40Z,ls7,qucy0x3r2str,0.31080516278127246,0.3668326929917856,0.22031099203651391
0.21524370143630797,0.39952437014363085,0.0436838549876154,0.3252342830233106,0.0004709206498704968,0.045443842712502944,2021-01-17T01:36:54Z,ls8,qucy0x3r2str,0.3301068623513546,0.40550994512335137,0.21846842916292056
0.28351628151260505,0.40467699579831934,0.14253546498536362,0.30077993697478994,0.0,0.0,2021-01-25T00:53:32Z,ls7,qucy0x3r2str,0.3041335524865839,0.40918903561063297,0.286677411902783
0.04890697674418605,0.4915116279069767,0.5158748029723035,0.35768372093023254,0.01953488372093023,0.07069767441860465,2021-02-02T01:36:52Z,ls8,qucy0x3r2str,0.36232954143078683,0.4978956891979193,0.04954221123175891
,,1.0,,,,2021-02-18T01:36:48Z,ls8,qucy0x3r2str,,,
0.08922413793103448,0.34474137931034476,0.11191173159198375,0.45012170385395545,0.016227180527383367,0.08823529411764706,2021-02-26T00:51:09Z,ls7,qucy0x3r2str,0.45595147985344053,0.3492063162416795,0.09037972925984955
0.13920339761248854,0.30864784205693296,0.019139833370862447,0.432926997245179,0.013544536271808998,0.0911386593204775,2021-03-06T01:36:41Z,ls8,qucy0x3r2str,0.4400731074750235,0.31374253819641473,0.1415011587362753
0.06811500701262273,0.3829284712482468,0.19725287097500566,0.41896774193548386,0.02833099579242637,0.08863955119214587,2021-03-22T01:36:33Z,ls8,qucy0x3r2str,0.4252368790242757,0.3886583421694941,0.06913423182165805
0.08699112801013942,0.3706717363751585,0.11168655708173836,0.43211153358681875,0.022053231939163497,0.07680608365019011,2021-03-30T00:48:36Z,ls7,qucy0x3r2str,0.4376314760299076,0.37540682556170896,0.08810238281902978
0.11275613600540418,0.38115739698266154,0.0,0.3969511371312768,0.018239135329880658,0.07746003152443143,2021-04-07T01:36:29Z,ls8,qucy0x3r2str,0.402938017485702,0.38690607362944157,0.11445674203054426
0.10793068035943516,0.44675994865211816,0.12294528259401039,0.3505519897304236,0.005134788189987163,0.07856225930680359,2021-04-15T00:47:16Z,ls7,qucy0x3r2str,0.3548350647059155,0.4522185009130694,0.10924938688422427
0.14055618104030623,0.4296464760189147,0.0,0.32509795091195676,0.02094122945282594,0.07092997072731366,2021-04-23T01:36:22Z,ls8,qucy0x3r2str,0.32975607227005876,0.435802606565917,0.1425701209838847
0.14371254443880144,0.49287201625190447,0.11326277865345646,0.2774428643981716,0.01574403250380904,0.059167089893346875,2021-05-01T00:45:55Z,ls7,qucy0x3r2str,0.28080044534775944,0.4988366954875447,0.14545173676753986
0.17049988741274485,0.4549268182841702,0.0,0.2680860166629138,0.03355100202657059,0.060346768745777976,2021-05-09T01:36:15Z,ls8,qucy0x3r2str,0.27186332241747674,0.4613366926595669,0.1729022141506078
0.17110621761658032,0.4887538860103627,0.1308263904526008,0.24893782383419688,0.02616580310880829,0.0538860103626943,2021-05-17T00:44:35Z,ls7,qucy0x3r2str,0.2519921015163323,0.49475052429982036,0.1732055607123447
0.1600360279216393,0.5041454627336185,0.0,0.24290475118216623,0.029497860842152668,0.050889439315469485,2021-05-25T01:36:26Z,ls8,qucy0x3r2str,0.24625915787972974,0.511107487595255,0.16224605436739298
0.13893038617886178,0.5913541666666667,0.11371312767394726,0.191260162601626,0.013211382113821139,0.05386178861788618,2021-06-02T00:43:12Z,ls7,qucy0x3r2str,0.19362244074580134,0.5986580558006176,0.14064633272187374
0.17803197478045485,0.5170231929745552,0.0,0.22628462058095022,0.02251745102454402,0.043233505967124525,2021-06-10T01:36:33Z,ls8,qucy0x3r2str,0.22945518352906333,0.5242674085767987,0.18052645090246947
,,1.0,,,,2021-06-18T00:41:55Z,ls7,qucy0x3r2str,,,
0.20088043233505967,0.49725737446521046,0.0,0.22194550776852062,0.023418149065525782,0.0436838549876154,2021-06-26T01:36:38Z,ls8,qucy0x3r2str,0.22503670714178614,0.5041830459949161,0.20367824281015648
0.26104453870625666,0.5791516436903501,0.15064174735419955,0.14640243902439024,0.0,0.0,2021-07-04T00:40:35Z,ls7,qucy0x3r2str,0.1483910841204369,0.5870185008531621,0.264590415026401
0.18933573519477595,0.5357734744426931,0.0,0.209678000450349,0.016212564737671697,0.03602792163927043,2021-07-12T01:36:39Z,ls8,qucy0x3r2str,0.21258776070075783,0.5432085527809469,0.19196320014135312
0.20655386205114956,0.5493283389305089,0.1283494708399009,0.18077499354172047,0.018599845001291655,0.03306639111340739,2021-07-20T00:39:13Z,ls7,qucy0x3r2str,0.18302857336081854,0.5561763837536263,0.20912880677085613
0.1934721909479847,0.5480792614276064,0.0,0.20520153118666967,0.018013960819635216,0.0218419274938077,2021-07-28T01:36:46Z,ls8,qucy0x3r2str,0.2081039566800473,0.5558314414993621,0.19620871350714741
0.18405715743812198,0.6183286552692013,0.11754109434811977,0.1486629242153611,0.024496044909415666,0.012503189589180914,2021-08-05T00:37:49Z,ls7,qucy0x3r2str,0.15053120230652098,0.6260993209269163,0.18637024226796603
0.1874915559558658,0.5605043909029498,0.0,0.19712001801396084,0.0207160549425805,0.02094122945282594,2021-08-13T01:36:53Z,ls8,qucy0x3r2str,0.19987868196571507,0.5683485625581818,0.19011547108069662
0.20878220140515222,0.5874889409315639,0.1346543571267732,0.15703616965912048,0.020036429872495445,0.014311735623211034,2021-08-21T00:36:24Z,ls7,qucy0x3r2str,0.15906965509094873,0.5950964252795187,0.21148575413382606
0.2241851460753256,0.6280253431890179,0.3602792163927043,0.13422738472368886,0.0,0.0,2021-08-29T01:36:57Z,ls8,qucy0x3r2str,0.13607282147534142,0.6366598036731883,0.22726737485147033
0.22118431372549022,0.5759398692810457,0.13870749831119122,0.16672156862745102,0.012026143790849673,0.011241830065359478,2021-09-06T00:35:01Z,ls7,qucy0x3r2str,0.1689505766366644,0.5836399802626154,0.2241414692445111
0.21768070254447197,0.5499234406665165,0.0,0.18509344742175185,0.016212564737671697,0.017563611799144337,2021-09-14T01:37:02Z,ls8,qucy0x3r2str,0.18772137163383396,0.557731156956041,0.220771294873309
0.22658542976939205,0.5756525157232705,0.14073406890340012,0.1676493710691824,0.01310272536687631,0.0041928721174004195,2021-09-22T00:33:36Z,ls7,qucy0x3r2str,0.16986486184054805,0.5832597785955662,0.22957976207960903
0.21580950236433233,0.5527583877505067,0.0,0.1903400135104706,0.017113262778653455,0.01058320198153569,2021-09-30T01:37:06Z,ls8,qucy0x3r2str,0.19299900160812397,0.560480242692089,0.21882429093959788
0.2251748251748252,0.5493395493395493,0.1306012159423553,0.18547526547526544,0.015022015022015021,0.012432012432012432,2021-10-08T00:32:11Z,ls7,qucy0x3r2str,0.1879012178160705,0.5565247207002816,0.2281200340296204
0.244692636793515,0.5391060571943256,0.0,0.18127448772798918,0.013285296104480973,0.007881107858590407,2021-10-16T01:37:10Z,ls8,qucy0x3r2str,0.1838591746763377,0.5467928553051369,0.24818156605545397
0.19736582836401348,0.6204874254602023,0.1315019139833371,0.1549520352605652,0.009852216748768473,0.00466683951257454,2021-10-24T00:30:44Z,ls7,qucy0x3r2str,0.1569710605567023,0.6285723777219294,0.1999375054600252
0.10728272532188843,0.645917381974249,0.16054942580499887,0.204718347639485,0.018508583690987124,0.011802575107296138,2021-11-01T01:37:10Z,ls8,qucy0x3r2str,0.2072338164824308,0.6538540670257259,0.1086009576935602
0.16660621761658032,0.5790958549222799,0.1308263904526008,0.2267720207253886,0.011917098445595855,0.003626943005181347,2021-11-09T00:29:14Z,ls7,qucy0x3r2str,0.22956608158680697,0.5862309020858245,0.16865897487659146
0.19955865795991895,0.5425782481423104,0.0,0.23103355100202658,0.008781805899572169,0.004278315694663364,2021-11-17T01:37:05Z,ls8,qucy0x3r2str,0.23430245243168607,0.5502552058974157,0.2023822200766627
0.23812804097311135,0.5023918053777209,0.12069353749155598,0.23665300896286812,0.007426376440460947,0.002560819462227913,2021-11-25T00:27:41Z,ls7,qucy0x3r2str,0.23976260466852772,0.5089931809841737,0.24125701844460976
,,1.0,,,,2021-12-03T01:37:07Z,ls8,qucy0x3r2str,,,
0.11494258049988743,0.6004661112362081,0.0,0.23805224048637696,0.004503490204908804,0.09052015311866697,2021-12-11T00:26:11Z,ls7,qucy0x3r2str,0.225947012628887,0.5699317248243685,0.10909761922316866
0.23321841687457473,0.5209616693127693,0.00720558432785412,0.23111816738489455,0.0,0.0,2021-12-19T01:37:05Z,ls8,qucy0x3r2str,0.2345667076410278,0.5287349971686256,0.23669829519034663
,,1.0,,,,2021-12-27T01:37:02Z,ls9,qucy0x3r2str,,,
0.09975197294250282,0.5704960541149943,0.001351047061472599,0.3102119503945885,0.002480270574971815,0.004058624577226606,2022-01-04T01:37:00Z,ls8,qucy0x3r2str,0.3143254330246846,0.5780609645130476,0.10107470731006947
0.1814366133753659,0.5502409367259626,0.0,0.22036928619680252,0.00045034902049088043,0.09975230803873002,2022-01-12T00:23:03Z,ls7,qucy0x3r2str,0.2082751505762535,0.5200430419667144,0.1714791503978113
0.07843278540869175,0.5144742175185768,0.0,0.36036478270659766,0.012384598063499211,0.02094122945282594,2022-01-20T01:36:56Z,ls8,qucy0x3r2str,0.3654312792689286,0.5217073933991068,0.07953549981563955
,,1.0,,,,2022-02-05T01:36:53Z,ls8,qucy0x3r2str,,,
0.09083314568790812,0.33805224048637694,0.0,0.4662553478946183,0.002251745102454402,0.1578473316820536,2022-02-13T00:19:53Z,ls7,qucy0x3r2str,0.43748237818513386,0.317190781374628,0.08522776365573019
0.1437041206935375,0.31980409817608646,0.0,0.48587930646250843,0.002026570592208962,0.03287547849583427,2022-02-21T01:36:46Z,ls8,qucy0x3r2str,0.49391961716944066,0.3250962031916443,0.14608213055087166
,,1.0,,,,2022-03-01T00:18:20Z,ls7,qucy0x3r2str,,,
,,1.0,,,,2022-03-09T01:36:44Z,ls8,qucy0x3r2str,,,
0.05290724863600936,0.3559106261366589,0.1333033100653006,0.5243543777604572,0.00883346323720447,0.04572616263964666,2022-03-17T00:16:44Z,ls7,qucy0x3r2str,0.5312478995568503,0.3605896710019271,0.053602803564371436
,,1.0,,,,2022-03-25T01:36:33Z,ls8,qucy0x3r2str,,,
0.10777977932897996,0.4095991893717631,0.0,0.41184417923891015,0.010808376491781131,0.11213690610222923,2022-04-02T00:15:13Z,ls7,qucy0x3r2str,0.38872243017039243,0.38660347848706883,0.10172880874852835
0.11520153118666969,0.47072281017788786,0.0,0.3564444944832245,0.011709074532762891,0.032425129475343394,2022-04-10T01:36:33Z,ls8,qucy0x3r2str,0.3615496263091301,0.4774646789305611,0.11685149075220257
0.14695113713127675,0.5306530060797118,0.0,0.27601666291375815,0.018239135329880658,0.015311866696689935,2022-04-26T01:36:31Z,ls8,qucy0x3r2str,0.2797296635976251,0.5377913974857611,0.14892793689004324
0.1475951362305787,0.5906845305111461,0.0,0.21590857914884032,0.02116640396307138,0.012159423553253772,2022-05-12T01:36:39Z,ls8,qucy0x3r2str,0.21873382739695615,0.5984138687412185,0.14952647634550023
0.16653231254222023,0.6049245665390678,0.0,0.1889101553704121,0.02139157847331682,0.0058545372663814455,2022-05-28T01:36:40Z,ls8,qucy0x3r2str,0.19134672559611632,0.6127269061472062,0.16868025251697924
0.22091646025669892,0.5626773249268183,0.0,0.17673271785633865,0.019365007881107857,0.0069804098176086465,2022-06-13T01:36:54Z,ls8,qucy0x3r2str,0.17918553745906815,0.5704865522692835,0.22398249257293204
0.2018171582976807,0.5895293852735871,0.0,0.17145462733618555,0.016212564737671697,0.008106282368835848,2022-06-29T01:36:59Z,ls8,qucy0x3r2str,0.173748281081363,0.5974158815637899,0.2045169902483396
0.22001576221571717,0.6063161450123846,0.0,0.14073406890340012,0.012159423553253772,0.007881107858590407,2022-07-15T01:36:58Z,ls8,qucy0x3r2str,0.14261041829484378,0.6143999085145778,0.22294914177873426
0.20663589281693315,0.6287345192524206,0.0,0.1333978833596037,0.011483900022517451,0.0069804098176086465,2022-07-31T01:37:10Z,ls8,qucy0x3r2str,0.13515593370162762,0.6370206097718201,0.20935914668642625
0.22532087367709971,0.6084935825264579,0.0,0.13757036703445172,0.01103355100202657,0.004503490204908804,2022-08-16T01:37:16Z,ls8,qucy0x3r2str,0.1394225309404493,0.6166859707193629,0.22835445713325236
0.1795564062148165,0.6687998198603917,0.0,0.12766043683854988,0.007205584327854087,0.004278315694663364,2022-09-01T01:37:16Z,ls8,qucy0x3r2str,0.12929533064356682,0.6773648593461098,0.18185590998780582
0.1985476244089169,0.6436523305561811,0.0,0.13678901148390002,0.007205584327854087,0.0013510470614726414,2022-09-17T01:37:23Z,ls8,qucy0x3r2str,0.1385292000035908,0.651840681244262,0.20107348736282052
0.1268115289349246,0.7077009682503941,0.0,0.14088718757036706,0.011934249043008332,0.0018013960819635217,2022-10-03T01:37:22Z,ls8,qucy0x3r2str,0.14245648561394533,0.7155838266143536,0.12822404264672932
0.20679265091863516,0.6306246719160105,0.5710425579824363,0.14614173228346455,0.0015748031496062992,0.002099737532808399,2022-10-19T01:37:18Z,ls8,qucy0x3r2str,0.14803862339034182,0.6388100568381941,0.2094767790890491
0.18192749380770099,0.6209930195901824,0.0,0.17654582301283497,0.004278315694663364,0.0029272686331907227,2022-11-04T01:37:23Z,ls8,qucy0x3r2str,0.1789481686932508,0.6294431764544001,0.184403070524495
,,1.0,,,,2022-11-20T01:37:16Z,ls8,qucy0x3r2str,,,
0.15491555955865796,0.4900720558432785,0.0,0.3048119792839451,0.01013285296104481,0.026345417698716504,2022-12-06T01:37:18Z,ls8,qucy0x3r2str,0.30921571987027235,0.49715232285775657,0.15715368661220974
,,1.0,,,,2022-12-22T01:37:08Z,ls8,qucy0x3r2str,,,
0.026426480522404865,0.40630488628687234,0.0,0.37495834271560463,0.1175410943481198,0.06304886286872326,2023-01-23T01:37:05Z,ls8,qucy0x3r2str,0.3803993390323493,0.412200750274726,0.026809953476081713
0.08842806841046279,0.3754300804828974,0.10470614726412975,0.4254275653923541,0.02112676056338028,0.07595573440643863,2023-02-08T01:37:06Z,ls8,qucy0x3r2str,0.4319489110692209,0.38118501864743526,0.08978357531352493
0.07119117315919839,0.35869398784057643,0.0,0.44633641071830665,0.02004053141184418,0.08984462958793064,2023-03-12T01:36:43Z,ls8,qucy0x3r2str,0.45341346890999573,0.36438139797337615,0.0723199721168533
0.0632988065750957,0.4308399009232155,0.0,0.40888988966449,0.005179013735645125,0.07858590407565863,2023-03-28T01:36:34Z,ls8,qucy0x3r2str,0.414869764744925,0.43714078742667445,0.06422453001709687
0.11081738347219094,0.5230015762215717,0.0,0.3201711326277865,0.004503490204908804,0.028597162801170906,2023-04-29T01:36:14Z,ls8,qucy0x3r2str,0.3245036416581219,0.5300787572068226,0.1123169481289758
0.1327268633190723,0.545654131952263,0.0,0.26296104480972754,0.008781805899572169,0.03737896870074307,2023-05-15T01:36:01Z,ls8,qucy0x3r2str,0.2664520956378438,0.5528981947015396,0.13448893506030146
0.15741049313217742,0.5600788110785859,0.0,0.22672145913082642,0.01058320198153569,0.03265030398558883,2023-05-31T01:36:03Z,ls8,qucy0x3r2str,0.22973630887974011,0.5675265113069873,0.15950367384614805
0.11479396532312544,0.6228236883584778,0.0,0.21306912857464536,0.007881107858590407,0.029497860842152668,2023-06-16T01:36:13Z,ls8,qucy0x3r2str,0.2157438476211769,0.6306421761564406,0.11623500752163933
0.31444444444444447,0.5277777777777778,0.997973429407791,0.14777777777777779,0.0,0.0,2023-07-02T01:36:22Z,ls8,qucy0x3r2str,0.14927048260381595,0.5331088664421998,0.31762065095398434
0.16976581850934472,0.6042715604593559,0.0,0.17788335960369286,0.008106282368835848,0.026795766719207387,2023-07-18T01:36:27Z,ls8,qucy0x3r2str,0.1803457566354963,0.6126363479256673,0.1721158463507933
0.13530511146138258,0.6213825714929071,0.0,0.19550551677550101,0.0069804098176086465,0.028146813780680027,2023-08-03T01:36:36Z,ls8,qucy0x3r2str,0.19810890355713515,0.6296570140745967,0.1371068587699794
0.13127673947309165,0.6287930646250846,0.0,0.1943346093222247,0.01013285296104481,0.022967800045034903,2023-08-19T01:36:42Z,ls8,qucy0x3r2str,0.19687881175923444,0.637025138433108,0.13299539680157782
0.13756361179914436,0.6315829768070254,0.0,0.18470389551902727,0.01058320198153569,0.02319297455528034,2023-09-04T01:36:43Z,ls8,qucy0x3r2str,0.187099872681424,0.6397758651288219,0.13934808565293813
0.10702094122945283,0.6716707948660212,0.0,0.1784102679576672,0.003152443143436163,0.028146813780680027,2023-09-20T01:36:49Z,ls8,qucy0x3r2str,0.18057235112984246,0.6798105064389336,0.10831788550710764
0.04241935483870968,0.794516129032258,0.9860391803647827,0.1517741935483871,0.0,0.0,2023-10-06T01:36:51Z,ls8,qucy0x3r2str,0.15350734094616642,0.803588907014682,0.04290375203915172
0.12474667867597387,0.6803287547849584,0.0,0.15485701418599415,0.003377617653681603,0.025219545147489305,2023-10-22T01:36:55Z,ls8,qucy0x3r2str,0.15670742593310408,0.6884581141579782,0.12623729710774684
,,1.0,,,,2023-11-07T01:36:55Z,ls8,qucy0x3r2str,,,
0.1359379950214981,0.6289002036659878,0.004953839225399714,0.21455985517085316,0.0013577732518669382,0.006562570717356868,2023-11-23T01:37:00Z,ls8,qucy0x3r2str,0.21733805420313965,0.6370434322109471,0.13769816961668954
0.09652901785714287,0.7411662946428572,0.5964872776401711,0.15047433035714283,0.0,0.0,2023-12-09T01:36:52Z,ls8,qucy0x3r2str,0.15227580754461256,0.7500395301558618,0.09768466229952565
0.11848682729115065,0.6163904526007655,0.0,0.24354199504616075,0.0036027921639270434,0.005179013735645125,2023-12-25T01:36:57Z,ls8,qucy0x3r2str,0.24672782180476663,0.6244535925831431,0.1200367797125181
0.11747129024994372,0.5916865570817385,0.0,0.2694911056068453,0.0013510470614726414,0.006755235307363206,2024-01-02T01:37:01Z,ls9,qucy0x3r2str,0.2731383238149716,0.5996942795616053,0.11906111425458726
0.0926072985999541,0.5702937801239385,0.01891465886061694,0.3186343814551297,0.0,0.005278861602019738,2024-01-10T01:36:52Z,ls8,qucy0x3r2str,0.3229148283608357,0.5779549503822355,0.093851359654909
0.04693181818181818,0.47981643356643366,0.7424003602792164,0.24501748251748254,0.16433566433566432,0.055944055944055944,2024-01-26T01:36:45Z,ls8,qucy0x3r2str,0.2475428637508148,0.48476187421141553,0.04741554175804939
0.10156271110110336,0.43072731366809275,0.0,0.3807295654131952,0.04345868047736996,0.02994820986264355,2024-02-03T01:37:03Z,ls9,qucy0x3r2str,0.3863897289271018,0.4371307749349404,0.1030726057979442
0.09046385949110562,0.4172258500337762,0.0,0.41463409142085117,0.013735645124971853,0.04976356676424229,2024-02-11T01:36:51Z,ls8,qucy0x3r2str,0.42100740867260084,0.4236390050611018,0.0918543743770833
,,1.0,,,,2024-02-19T01:36:55Z,ls9,qucy0x3r2str,,,
0.06928571428571428,0.3794914104882459,0.0038279666741725116,0.43482368896925855,0.011754068716094032,0.09086799276672694,2024-02-27T01:36:46Z,ls8,qucy0x3r2str,0.4416034702057933,0.38540844953079045,0.07036601878059522
,,1.0,,,,2024-03-06T01:36:56Z,ls9,qucy0x3r2str,,,
0.03421645997745209,0.40851465614430665,0.20108083764917817,0.386902480270575,0.07750845546786922,0.08117249154453213,2024-03-14T01:36:35Z,ls8,qucy0x3r2str,0.39235203313278105,0.41426861825922373,0.03469840159559391
0.054334609322224725,0.4067237108759289,0.0,0.41866921864444945,0.016662913758162576,0.09052015311866697,2024-03-30T01:36:21Z,ls8,qucy0x3r2str,0.4248985637928167,0.41277531978874593,0.05514304954160773
0.0651655032650304,0.42562260752082864,0.0,0.40773024093672594,0.009682503940553928,0.07858590407565863,2024-04-07T01:36:44Z,ls9,qucy0x3r2str,0.4137261536801067,0.4318816380269841,0.06612380027669662
0.09047061472641298,0.4496284620580951,0.0,0.3739067777527584,0.004953839225399685,0.06800270209412294,2024-04-15T01:36:17Z,ls8,qucy0x3r2str,0.37924027592523124,0.4560420729455242,0.09176110980972191
0.10499437063724387,0.47212789912181946,0.0,0.3447083990092321,0.008556631389326727,0.05674397658185094,2024-04-23T01:36:24Z,ls9,qucy0x3r2str,0.3495205159659789,0.47871878775594434,0.10646008830689921
0.0957734744426931,0.5140103580274713,0.0,0.3120445845530286,0.00990767845079937,0.05606845305111462,2024-05-01T01:36:05Z,ls8,qucy0x3r2str,0.31617281982831824,0.5208105263268595,0.09704052234290812
0.12948209862643548,0.5078360729565413,0.0,0.29944607070479623,0.009006980409817608,0.041432109885161,2024-05-09T01:36:21Z,ls9,qucy0x3r2str,0.3035366535891864,0.514773367352232,0.13125088876360302
0.11184643098401262,0.5456293627561359,0.0,0.281902724611574,0.01058320198153569,0.03760414321098852,2024-05-17T01:35:52Z,ls8,qucy0x3r2str,0.2856341458401746,0.5528516164251679,0.11332689254213343
0.11639270434586807,0.5602589506867823,0.0,0.2594213015086692,0.0184643098401261,0.033100653006079714,2024-05-25T01:36:10Z,ls9,qucy0x3r2str,0.2628473026760277,0.5676579106330679,0.11792982384469851
0.11414095924341365,0.5664332357577123,0.0,0.25862868723260524,0.01125872551227201,0.03760414321098852,2024-06-02T01:35:49Z,ls8,qucy0x3r2str,0.2619150263415307,0.5736307810694262,0.11559132386578261
0.15328754784958343,0.5608489079036252,0.0,0.22620806124746676,0.012384598063499211,0.035127223598288675,2024-06-10T01:36:04Z,ls9,qucy0x3r2str,0.2291293247184038,0.5680917418607292,0.15526711175907923
0.167408241387075,0.5661495158748031,0.0,0.20997748254897544,0.013510470614726412,0.03062373339337987,2024-06-18T01:35:55Z,ls8,qucy0x3r2str,0.21272156569084363,0.5735482203617308,0.1695960099393193
0.168171582976807,0.5776694438189597,0.0,0.19863093897770773,0.015086692186444494,0.028146813780680027,2024-06-26T01:35:48Z,ls9,qucy0x3r2str,0.20121658871740417,0.5851891728940395,0.17036073242143163
0.15046160774600317,0.6021841927493808,0.0,0.19467462283269532,0.013735645124971853,0.027020941229452825,2024-07-04T01:36:03Z,ls8,qucy0x3r2str,0.19712480081465206,0.6097632928328311,0.15235531999809213
0.14761089844629588,0.6092028822337311,0.0,0.1911258725512272,0.013060121594235533,0.027020941229452825,2024-07-12T01:36:09Z,ls9,qucy0x3r2str,0.19354116458878848,0.616901488660363,0.1494762839271603
0.16893492456653908,0.5996464760189146,0.0,0.17908579148840353,0.016662913758162576,0.023418149065525782,2024-07-20T01:36:19Z,ls8,qucy0x3r2str,0.18140106998188568,0.6073988977944236,0.1711189694000024
0.2954947368421053,0.5530315789473684,0.8930421076334158,0.13812631578947368,0.0,0.0,2024-07-28T01:36:11Z,ls9,qucy0x3r2str,0.1399948790167712,0.5605129518200828,0.299492169163146
0.10130601215942356,0.6746003152443143,0.0,0.17883809952713353,0.014411168655708174,0.019590182391353298,2024-08-05T01:36:19Z,ls8,qucy0x3r2str,0.18094618586030325,0.6825522880547988,0.1025001750378364
0.16863994595811754,0.6113848232380095,0.0,0.17233956316145013,0.019365007881107857,0.015987390227426256,2024-08-13T01:36:20Z,ls9,qucy0x3r2str,0.1745623399221299,0.6192702556482834,0.1708150063210525
0.13876379193875255,0.645609097050214,0.0,0.1688606169781581,0.02094122945282594,0.014185994145462734,2024-08-21T01:36:30Z,ls8,qucy0x3r2str,0.17092245636426517,0.6534921800813469,0.14045813995609926
0.1512497185318622,0.6365323125422202,0.0,0.1663454176987165,0.018239135329880658,0.015762215717180814,2024-08-29T01:36:32Z,ls9,qucy0x3r2str,0.1684150780518384,0.6444520118581082,0.15313155904299194
0.13340013510470616,0.6553951812654807,0.0,0.1666021166403963,0.022292276514298583,0.01058320198153569,2024-09-06T01:36:39Z,ls8,qucy0x3r2str,0.1686470852550843,0.6634398724310709,0.1350375638180105
0.13827516325151992,0.6517563611799144,0.0,0.1671763116415222,0.017563611799144337,0.013510470614726412,2024-09-14T01:36:35Z,ls9,qucy0x3r2str,0.16922287412571985,0.6597351238678256,0.13996791959258384
0.07800513898621819,0.6926348983882271,0.03602792163927049,0.18628124270030366,0.013081055828077552,0.018453632328895117,2024-09-22T01:36:40Z,ls8,qucy0x3r2str,0.1885284877227978,0.7009906528659491,0.07894617125428056
0.1135464985363657,0.6734316595361405,0.0,0.1717608646701194,0.015987390227426256,0.013735645124971853,2024-09-30T01:36:39Z,ls9,qucy0x3r2str,0.1738279202828587,0.6815360708309602,0.11491297353378298
0.12289799594685881,0.6828687232605268,0.0,0.15412069353749155,0.012159423553253772,0.016212564737671697,2024-10-08T01:36:37Z,ls8,qucy0x3r2str,0.156005778424409,0.6912210442916665,0.12440118899299903
0.13195901823913533,0.670193650078811,0.0,0.15882233731141637,0.015762215717180814,0.011483900022517451,2024-10-16T01:36:47Z,ls9,qucy0x3r2str,0.1607690570742764,0.6784083587000143,0.13357646848601107
0.14248367484800722,0.6704120693537492,0.0,0.14970502139157849,0.013285296104480973,0.012159423553253772,2024-10-24T01:36:49Z,ls8,qucy0x3r2str,0.1515642042950031,0.6787379000173166,0.14425317602994575
0.16923665841026794,0.6478068002702094,0.0,0.14616978158072508,0.01125872551227201,0.012834947083990092,2024-11-01T01:36:50Z,ls9,qucy0x3r2str,0.14809598618180217,0.6563435061870913,0.17146683503484433
0.10603692861968027,0.6714411168655708,0.0,0.18498311191173158,0.013510470614726412,0.011934249043008332,2024-11-09T01:36:46Z,ls8,qucy0x3r2str,0.18730757818350516,0.6798783315578004,0.10736937060095975
0.04000000000000001,0.7246000000000001,0.988741274487728,0.17240000000000003,0.02,0.04,2024-11-17T01:36:52Z,ls9,qucy0x3r2str,0.17295197438633939,0.7269199573105657,0.04012806830309498
0.07248620170597089,0.5602609131961866,0.10245440216167534,0.2846788760662318,0.028600100351229302,0.04189663823381837,2024-11-25T01:36:56Z,ls8,qucy0x3r2str,0.28842647403110566,0.5676363556143446,0.07344043176950231
0.06617184995190767,0.5638922731644759,0.297680702544472,0.3115998717537672,0.008977236293683874,0.037512023084321895,2024-12-03T01:36:58Z,ls9,qucy0x3r2str,0.31552000088377913,0.5709864048590085,0.06700433487920647
0.10574320576816419,0.4981447587354409,0.18802071605494253,0.35120077648363834,0.003882418191902385,0.027731558513588463,2024-12-11T01:36:44Z,ls8,qucy0x3r2str,0.3560903911037485,0.5050802100736516,0.10721542211710904
0.04111011033551002,0.4322134654357127,0.0,0.4051564962846206,0.050889439315469485,0.05786984913307813,2024-12-19T01:36:54Z,ls9,qucy0x3r2str,0.4110417248206453,0.43849171851510915,0.04170726821569789
0.060839900923215506,0.4144539518126548,0.0,0.4136793514974105,0.02251745102454402,0.07520828642197704,2024-12-27T01:36:47Z,ls8,qucy0x3r2str,0.41986893421365723,0.42065512430901963,0.0617502040308021
0.07512497185318621,0.3811078585904076,0.0,0.4217631164152218,0.01778878630938978,0.09052015311866697,2025-01-04T01:36:50Z,ls9,qucy0x3r2str,0.4283418413626143,0.3870524366707908,0.07629678253853821
0.09229077253218884,0.3925804721030043,0.16054942580499887,0.4502789699570815,0.0045600858369098714,0.04640557939914163,2025-01-12T01:36:50Z,ls8,qucy0x3r2str,0.45696423531029257,0.398409091256032,0.09366100819762384
0.04135780229678001,0.4089957216843053,0.0,0.41719657734744425,0.03737896870074307,0.08196352172934024,2025-01-20T01:36:57Z,ls9,qucy0x3r2str,0.42349980507784085,0.4151750465266257,0.041982657965450136
0.09632038834951456,0.4124401294498382,0.3042107633415897,0.4721974110032362,0.0,0.004207119741100324,2025-01-28T01:36:47Z,ls8,qucy0x3r2str,0.47933841620269396,0.41867742986749373,0.09777703418871203
0.029792839450574194,0.38034451700067556,0.0,0.4408961945507768,0.05809502364332358,0.07768520603467688,2025-02-05T01:36:52Z,ls9,qucy0x3r2str,0.4477275984500035,0.386237711472756,0.030254460399240034
,,1.0,,,,2025-02-13T01:36:44Z,ls8,qucy0x3r2str,,,
0.039227651429858144,0.3912226975906328,0.0,0.44063724386399455,0.014411168655708174,0.10110335510020266,2025-02-21T01:36:55Z,ls9,qucy0x3r2str,0.4474145260172601,0.39723995247150207,0.039830997755327086
0.07138482323800946,0.37521504165728436,0.0,0.4501891465886062,0.015086692186444494,0.07408241387074983,2025-03-01T01:36:35Z,ls8,qucy0x3r2str,0.4572381882246229,0.3810901420926107,0.07250256362557204
0.06949560909705021,0.389236658410268,0.0,0.46056743976581854,0.014636343165953613,0.05156496284620581,2025-03-09T01:36:49Z,ls9,qucy0x3r2str,0.4678314050837208,0.3953756108047012,0.07059167809941856
0.05835911861228317,0.46200656352555086,0.039405539292951985,0.43698781059540553,0.010782934833567745,0.017580872011251757,2025-03-17T01:36:29Z,ls8,qucy0x3r2str,0.44350720602682026,0.4688992122596842,0.05922977486867603
,,1.0,,,,2025-03-25T01:36:37Z,ls9,qucy0x3r2str,,,
0.07150191398333708,0.44306912857464537,0.0,0.435877054717406,0.015311866696689935,0.02004053141184418,2025-04-02T01:36:24Z,ls8,qucy0x3r2str,0.44238897080019324,0.44968849280344686,0.07257013828782595
0.1332991101984942,0.4553388090349076,0.3420400810628237,0.36948323066392885,0.014715947980835045,0.012662559890485968,2025-04-10T01:36:37Z,ls9,qucy0x3r2str,0.37507504261166147,0.46222997155953016,0.1353164779574874
0.3672138836772983,0.4692776735459662,0.7599639720783607,0.14821763602251406,0.0,0.0,2025-04-26T01:36:28Z,ls9,qucy0x3r2str,0.1505191959607507,0.47656473278079453,0.37291607125845483
,,1.0,,,,2025-05-04T01:36:09Z,ls8,qucy0x3r2str,,,
0.3727516325151993,0.44458230128349474,0.0,0.14385498761540197,0.015762215717180814,0.006755235307363206,2025-05-12T01:36:20Z,ls9,qucy0x3r2str,0.14629355046067596,0.4521186536863381,0.3790703448284418
0.3758725512272011,0.44375816257599643,0.0,0.1396352172934024,0.017338437288898896,0.007205584327854087,2025-05-20T01:36:11Z,ls8,qucy0x3r2str,0.14199191599141311,0.4512477078658286,0.38221635452600516
0.31444719657734743,0.5128687232605269,0.0,0.1362823688358478,0.015537041206935375,0.005404188245890566,2025-06-05T01:36:12Z,ls8,qucy0x3r2str,0.13846895542262738,0.5210974609955673,0.3194923541289794
0.3227268633190723,0.4954109434811979,0.0,0.14217968925917587,0.0184643098401261,0.005404188245890566,2025-06-13T01:36:17Z,ls9,qucy0x3r2str,0.14452102995906635,0.5035691115795208,0.32804136037539616
0.34172483674848003,0.4797613150191398,0.0,0.13730691285746452,0.02094122945282594,0.004278315694663364,2025-06-21T01:36:27Z,ls8,qucy0x3r2str,0.13959643629872331,0.48776109270029505,0.34742292585349227
0.3351880207160549,0.4824904300833146,0.0,0.14340013510470617,0.01778878630938978,0.005404188245890566,2025-06-29T01:36:27Z,ls9,qucy0x3r2str,0.1457469362801718,0.49038658100146876,0.3406735081630791
0.3407047962170683,0.48448322449898673,0.0,0.13606845305111465,0.016888088268408017,0.006079711776626886,2025-07-07T01:36:31Z,ls8,qucy0x3r2str,0.13830154974977074,0.49243435398508834,0.34629629622010594
0.3283787435262328,0.49102679576671915,0.0,0.14211438865120468,0.015311866696689935,0.007655933348344968,2025-07-15T01:36:31Z,ls9,qucy0x3r2str,0.1444071305792069,0.4989485673277257,0.33367650204803256
0.2997950911956766,0.5169894167980185,0.0,0.14448097275388425,0.017338437288898896,0.006530060797117767,2025-07-23T01:36:37Z,ls8,qucy0x3r2str,0.14671537858881703,0.5249846852923672,0.30443143803279893
0.3279824363882009,0.49264129700517906,0.0,0.13950011258725512,0.02026570592208962,0.004278315694663364,2025-07-31T01:36:38Z,ls9,qucy0x3r2str,0.14172777749248672,0.5005082421126232,0.33321995877813704
0.3288538617428507,0.49760639495609094,0.0,0.1328056743976582,0.02206710200405314,0.003377617653681603,2025-08-08T01:36:44Z,ls8,qucy0x3r2str,0.13492240998874783,0.5055375407549028,0.33409532959861454
0.33276289124071157,0.4839540643999099,0.0,0.14315919837874355,0.017113262778653455,0.007655933348344968,2025-08-16T01:36:50Z,ls9,qucy0x3r2str,0.14544924314673616,0.4916956310311765,0.3380859296950889
0.33484575546048184,0.49614501238459807,0.0,0.12675298356226078,0.017563611799144337,0.009457329430308489,2025-08-24T01:36:48Z,ls8,qucy0x3r2str,0.12876930646798254,0.5040374384633837,0.340172313839181
0.3369533888763792,0.48832920513397887,0.0,0.13368160324251296,0.02026570592208962,0.005404188245890566,2025-09-01T01:36:54Z,ls9,qucy0x3r2str,0.13582364285152335,0.4961539205343166,0.3423525424461798
0.30285070929970725,0.518477820310741,0.0,0.13770997523080386,0.01913983337086242,0.007205584327854087,2025-09-09T01:36:52Z,ls8,qucy0x3r2str,0.13980872273138062,0.5263796010470884,0.3074662585228145
0.35251970276964645,0.47370637243863983,0.0,0.1299954965097951,0.018239135329880658,0.01013285296104481,2025-09-17T01:36:58Z,ls9,qucy0x3r2str,0.13208995649199262,0.4813386294554044,0.35819942576167757
0.34395856789011486,0.47886286872326045,0.0,0.13566764242287774,0.016888088268408017,0.009457329430308489,2025-09-25T01:36:59Z,ls8,qucy0x3r2str,0.13781421677528652,0.4864395814453568,0.34940078408064007
,,1.0,,,,2025-10-03T01:37:00Z,ls9,qucy0x3r2str,,,
0.3310793172690763,0.5390587349397591,0.10290475118216613,0.11552208835341365,0.0,0.0,2025-10-11T01:37:01Z,ls8,qucy0x3r2str,0.11720275944963801,0.5469012215836023,0.3358960189667598
0.37862418374240037,0.44650529160099073,0.0,0.13308038730015762,0.013285296104480973,0.012159423553253772,2025-10-27T01:37:00Z,ls8,qucy0x3r2str,0.13535051058184341,0.45412190647883244,0.3850828632815895
,,1.0,,,,2025-11-04T01:37:05Z,ls9,qucy0x3r2str,,,
,,1.0,,,,2025-11-12T01:37:00Z,ls8,qucy0x3r2str,,,
0.27045977011494254,0.45444170771756975,0.45147489304210764,0.2516707717569786,0.0,0.008620689655172414,2025-11-20T01:37:03Z,ls9,qucy0x3r2str,0.25548667417414694,0.4613320796063487,0.274560556564332
0.3240456563094483,0.48470830691185796,0.28979959468588157,0.1766011414077362,0.0,0.0,2025-11-28T01:37:02Z,ls8,qucy0x3r2str,0.1792258857523465,0.4919123112416782,0.32886180300597523
0.33452825940103575,0.3788606169781581,0.0,0.2472753884260302,0.00990767845079937,0.013735645124971853,2025-12-06T01:37:06Z,ls9,qucy0x3r2str,0.251314621819621,0.3850492897181156,0.3399927648864924
0.2886219319972979,0.4155640621481648,0.0,0.2629250168880883,0.005629362756136005,0.012159423553253772,2025-12-14T01:37:01Z,ls8,qucy0x3r2str,0.2670302550596379,0.42205256396836627,0.2931283946626061
,,1.0,,,,2025-12-22T01:37:09Z,ls9,qucy0x3r2str,,,
,,1.0,,,,2026-01-07T01:37:04Z,ls9,qucy0x3r2str,,,
0.2206382978723404,0.26170212765957446,0.9788335960369287,0.5031914893617022,0.0,0.0,2026-02-08T01:36:59Z,ls9,qucy0x3r2str,0.5105785837651123,0.2655440414507772,0.22387737478411052
,,1.0,,,,2026-02-16T01:36:46Z,ls8,qucy0x3r2str,,,
,,1.0,,,,2026-02-24T01:36:53Z,ls9,qucy0x3r2str,,,
0.1330421076334159,0.3269691510920964,0.0,0.41342265255573074,0.04435937851835172,0.06822787660436838,2026-03-12T01:36:47Z,ls9,qucy0x3r2str,0.4200392567318054,0.33220211410752265,0.13517137403795182
